frame,time_ns,protein_ca_rmsd_nm,ligand_rmsd_nm
0,0.0,0.00033999543,0.0
1,0.001,0.04153375,0.1595362
2,0.002,0.048802074,0.15560761
3,0.003,0.055022564,0.17821242
4,0.004,0.03702205,3.831551
5,0.005,0.038196184,0.33177105
6,0.006,0.03820526,3.8941195
7,0.007,0.039121643,3.8496718
8,0.008,0.060081143,0.4429461
9,0.009,0.047936942,0.38089007
10,0.01,0.045667093,0.34606743
11,0.011,0.050242305,3.8650453
12,0.012,0.0494293,3.868491
13,0.013,0.042552434,3.8377893
14,0.014,0.0438159,3.9436285
15,0.015,0.04403039,3.906692
16,0.016,0.0480754,3.8071532
17,0.017,0.05679043,3.8298361
18,0.018,0.04802849,3.8430839
19,0.019,0.05541091,3.683506
20,0.02,0.053980097,3.558934
21,0.021,0.055931054,3.476276
22,0.022,0.06170706,3.6300082
23,0.023,0.06872955,3.5122614
24,0.024,0.06579505,3.5685637
25,0.025,0.07207742,3.6518762
26,0.026,0.0662555,3.6288111
27,0.027,0.0679302,3.4816945
28,0.028,0.064505115,3.4553638
29,0.029,0.07234157,3.4628904
30,0.03,0.07327276,3.5018654
31,0.031,0.058285173,5.378469
32,0.032,0.055720884,3.5681515
33,0.033,0.06294141,3.4662218
34,0.034,0.059629224,3.4332292
35,0.035,0.056344945,3.4701922
36,0.036,0.063106485,3.4107823
37,0.037,0.06453557,3.5625648
38,0.038,0.0637208,3.6225266
39,0.039,0.06789956,3.638926
40,0.04,0.06637404,3.6154528
41,0.041,0.070753366,3.643791
42,0.042,0.06307625,3.6492383
43,0.043,0.063064344,3.737331
44,0.044,0.07023848,3.7494102
45,0.045,0.06523307,3.722191
46,0.046,0.05354901,3.5061076
47,0.047,0.052976042,3.4412246
48,0.048,0.059401978,3.4207292
49,0.049,0.052930202,3.4534338
50,0.05,0.055223882,3.6810303
51,0.051,0.06962688,3.7011547
52,0.052,0.06129732,3.5637543
53,0.053,0.058826085,3.4627328
54,0.054,0.054936357,3.3883753
55,0.055,0.06343444,3.367978
56,0.056,0.052712448,3.34192
57,0.057,0.049704492,3.250873
58,0.058,0.04549337,3.228156
59,0.059,0.058189895,3.1890764
60,0.06,0.054493748,3.1577446
61,0.061,0.04572022,3.209215
62,0.062,0.0589576,3.184443
63,0.063,0.0520193,3.1338365
64,0.064,0.050902892,3.1602528
65,0.065,0.052364815,3.1509075
66,0.066,0.046820715,3.1914115
67,0.067,0.048653807,3.240451
68,0.068,0.050007075,3.2557201
69,0.069,0.05401221,3.320321
70,0.07,0.050824482,3.3292587
71,0.071,0.053026207,3.2901797
72,0.072,0.043632157,3.145507
73,0.073,0.068372905,2.9662127
74,0.074,0.060159978,3.0651462
75,0.075,0.06251757,3.126788
76,0.076,0.062194075,2.9680922
77,0.077,0.06344355,2.9423144
78,0.078,0.06585475,3.036561
79,0.079,0.05097097,2.8564737
80,0.08,0.049184307,3.027044
81,0.081,0.056264877,3.0355356
82,0.082,0.05789414,3.0628822
83,0.083,0.06756933,2.9059603
84,0.084,0.05088131,2.993757
85,0.085,0.059494343,3.0579512
86,0.086,0.055444278,3.0482275
87,0.087,0.055140086,3.0325503
88,0.088,0.050039425,2.830962
89,0.089,0.05203374,2.7791097
90,0.09,0.045097798,2.7451835
91,0.091,0.05284605,2.7019734
92,0.092,0.04618059,2.6609147
93,0.093,0.062317554,2.6562693
94,0.094,0.044657335,2.5259182
95,0.095,0.06229065,2.4375381
96,0.096,0.063067086,2.2296047
97,0.097,0.057251636,2.2246618
98,0.098,0.05695101,2.20845
99,0.099,0.056930706,2.211096
100,0.1,0.060653698,2.1661663
101,0.101,0.051767584,2.2919452
102,0.102,0.06683742,2.29896
103,0.103,0.059492398,3.848441
104,0.104,0.05398545,3.9142632
105,0.105,0.047594503,3.8619053
106,0.106,0.04021443,3.8098707
107,0.107,0.05143491,3.8246617
108,0.108,0.055396304,3.9595885
109,0.109,0.06101947,4.014448
110,0.11,0.050295196,3.9216597
111,0.111,0.058315907,3.8691323
112,0.112,0.061252985,2.277918
113,0.113,0.05732125,2.112253
114,0.114,0.05792209,2.1488404
115,0.115,0.057159692,2.1441169
116,0.116,0.046367947,3.8747232
117,0.117,0.045469224,3.9832048
118,0.118,0.050509635,4.030907
119,0.119,0.038970653,4.0042357
120,0.12,0.048564628,4.090612
121,0.121,0.05940295,4.181908
122,0.122,0.056233022,4.2392964
123,0.123,0.056777198,4.1762037
124,0.124,0.051969275,4.2059903
125,0.125,0.05080856,4.0933995
126,0.126,0.051066134,4.2776318
127,0.127,0.06232961,4.2011456
128,0.128,0.053921174,4.2198696
129,0.129,0.05932506,4.1796484
130,0.13,0.052144703,4.244733
131,0.131,0.049906418,4.2628365
132,0.132,0.048837595,4.1908517
133,0.133,0.059694134,4.2373276
134,0.134,0.050351474,4.2133613
135,0.135,0.06110655,4.218853
136,0.136,0.053804208,4.1778197
137,0.137,0.05433867,4.161669
138,0.138,0.050731145,4.125123
139,0.139,0.050670724,4.2572412
140,0.14,0.057279896,4.156771
141,0.141,0.053186197,4.311605
142,0.142,0.06162458,4.333549
143,0.143,0.056215547,4.331215
144,0.144,0.058305994,4.3535194
145,0.145,0.05608482,4.309794
146,0.146,0.054596532,4.1684155
147,0.147,0.05397153,4.1260967
148,0.148,0.055842113,4.1732173
149,0.149,0.06391914,4.0210166
150,0.15,0.06736716,4.171553
151,0.151,0.06686855,4.2153273
152,0.152,0.07764039,4.2153525
153,0.153,0.06464296,4.1568055
154,0.154,0.075616695,4.1414576
155,0.155,0.079792514,4.181877
156,0.156,0.07703804,4.3229723
157,0.157,0.07506049,4.1890683
158,0.158,0.066488884,4.163806
159,0.159,0.064217746,4.2410426
160,0.16,0.072851904,4.219367
161,0.161,0.07819599,4.246839
162,0.162,0.0692231,4.22305
163,0.163,0.073564045,4.173722
164,0.164,0.06364003,4.163015
165,0.165,0.06783313,4.0603695
166,0.166,0.080594696,4.053034
167,0.167,0.0747588,4.027798
168,0.168,0.08150606,4.093327
169,0.169,0.08994341,4.1360154
170,0.17,0.08456938,4.194471
171,0.171,0.07560905,4.3482685
172,0.172,0.08435381,4.3216267
173,0.173,0.06599153,4.4166293
174,0.174,0.08142944,4.4788594
175,0.175,0.08374385,4.4715557
176,0.176,0.07495492,4.276283
177,0.177,0.07737044,4.318243
178,0.178,0.0689797,4.288631
179,0.179,0.06974714,4.299334
180,0.18,0.07216478,4.566826
181,0.181,0.06517722,4.5628815
182,0.182,0.07534792,4.5910416
183,0.183,0.087102555,4.514726
184,0.184,0.07261907,4.5239673
185,0.185,0.07389877,4.593034
186,0.186,0.07399335,4.522513
187,0.187,0.063821405,4.498656
188,0.188,0.06264963,4.4203205
189,0.189,0.06521091,4.5039945
190,0.19,0.07174951,4.5402956
191,0.191,0.06502896,4.6067967
192,0.192,0.058671627,4.567437
193,0.193,0.053289335,4.6506996
194,0.194,0.05717789,4.3397737
195,0.195,0.056112636,4.344638
196,0.196,0.05870708,4.6901374
197,0.197,0.06404561,4.69338
198,0.198,0.06206663,4.366077
199,0.199,0.05573229,4.341012
200,0.2,0.054960553,4.386087
201,0.201,0.06876234,4.3710327
202,0.202,0.06469479,4.3684654
203,0.203,0.066592254,4.3357186
204,0.204,0.08064058,4.6235113
205,0.205,0.07027057,4.5544524
206,0.206,0.08247045,4.632687
207,0.207,0.072747104,4.7594213
208,0.208,0.07608684,4.171629
209,0.209,0.07117526,4.8147364
210,0.21,0.067740194,4.81013
211,0.211,0.06117178,4.6487226
212,0.212,0.059799578,4.594935
213,0.213,0.06962356,4.561096
214,0.214,0.07314012,4.596633
215,0.215,0.07935525,4.270617
216,0.216,0.07490555,4.2644615
217,0.217,0.067993134,4.296449
218,0.218,0.0681943,4.34094
219,0.219,0.055064566,4.726122
220,0.22,0.06297538,4.782758
221,0.221,0.059358176,4.7230763
222,0.222,0.056866713,4.6944814
223,0.223,0.06644192,4.2839684
224,0.224,0.07054967,4.668535
225,0.225,0.054076377,4.2829604
226,0.226,0.05348313,4.2806234
227,0.227,0.05694086,4.3149714
228,0.228,0.062234953,4.315507
229,0.229,0.06201632,4.3060036
230,0.23,0.064765334,4.248941
231,0.231,0.06595999,4.2393203
232,0.232,0.06152884,4.3246174
233,0.233,0.06400679,4.311348
234,0.234,0.06994987,4.268861
235,0.235,0.0700275,4.3338146
236,0.236,0.083219044,4.3764925
237,0.237,0.074417844,4.3799634
238,0.238,0.07030017,4.3828735
239,0.239,0.07214315,4.3160105
240,0.24,0.07131074,4.326538
241,0.241,0.06489728,4.2722335
242,0.242,0.079640254,4.27199
243,0.243,0.08302713,4.3259826
244,0.244,0.06651322,4.313119
245,0.245,0.065203816,4.2779
246,0.246,0.0648251,4.3211484
247,0.247,0.05936694,4.3494263
248,0.248,0.063583694,4.3625526
249,0.249,0.075089745,4.343268
250,0.25,0.06214759,4.3376412
251,0.251,0.06431398,4.3343873
252,0.252,0.055163145,4.303643
253,0.253,0.059426297,4.2840466
254,0.254,0.05617646,4.32657
255,0.255,0.05832978,4.3291492
256,0.256,0.05710405,4.3455896
257,0.257,0.05407317,4.272525
258,0.258,0.06406185,4.3442154
259,0.259,0.057936057,4.4021325
260,0.26,0.06218664,4.3207498
261,0.261,0.06146869,4.3156157
262,0.262,0.050144427,4.3876705
263,0.263,0.0635746,4.3704677
264,0.264,0.053709593,4.361728
265,0.265,0.06517456,4.38272
266,0.266,0.05728696,4.396004
267,0.267,0.06117084,4.3861923
268,0.268,0.058156114,4.4004755
269,0.269,0.060463767,4.3348055
270,0.27,0.06127374,4.33504
271,0.271,0.053339202,4.3741784
272,0.272,0.065103576,4.3572803
273,0.273,0.06371264,4.3702884
274,0.274,0.058299053,4.3301353
275,0.275,0.04966145,4.3144655
276,0.276,0.059133798,4.348061
277,0.277,0.06119823,4.3548183
278,0.278,0.056943905,4.333579
279,0.279,0.059108377,4.3761015
280,0.28,0.049144335,4.2819114
281,0.281,0.053432312,4.3311815
282,0.282,0.057905123,4.383641
283,0.283,0.058661774,4.392102
284,0.284,0.06685126,4.419012
285,0.285,0.059209008,4.380211
286,0.286,0.07127264,4.380977
287,0.287,0.06883207,4.384815
288,0.288,0.07047179,4.387686
289,0.289,0.06392999,4.3173723
290,0.29,0.06632787,4.389212
291,0.291,0.059152365,4.3229117
292,0.292,0.05223109,4.375527
293,0.293,0.06357369,4.33536
294,0.294,0.07069126,4.308671
295,0.295,0.066320024,4.351533
296,0.296,0.07479281,4.371323
297,0.297,0.064263634,4.3277965
298,0.298,0.06628254,4.348549
299,0.299,0.06206942,4.3571997
300,0.3,0.059557457,4.2735353
301,0.301,0.068024576,4.2570534
302,0.302,0.06602392,4.2661104
303,0.303,0.056201153,4.305734
304,0.304,0.054220475,4.2651014
305,0.305,0.058387224,4.247111
306,0.306,0.058223657,4.288083
307,0.307,0.063862145,4.2770624
308,0.308,0.07023272,4.358891
309,0.309,0.0738072,4.3685136
310,0.31,0.068837106,4.3909826
311,0.311,0.061791304,4.4243627
312,0.312,0.06746147,4.350217
313,0.313,0.05390938,4.384599
314,0.314,0.052218914,4.325174
315,0.315,0.041076176,4.3084264
316,0.316,0.054556288,4.3152432
317,0.317,0.06051632,4.32021
318,0.318,0.072836034,4.3828487
319,0.319,0.073662184,4.3507433
320,0.32,0.080158204,4.3538117
321,0.321,0.062420417,4.39556
322,0.322,0.06540119,4.4266953
323,0.323,0.07484766,4.4190187
324,0.324,0.06873459,4.4103284
325,0.325,0.07345869,4.421711
326,0.326,0.062060107,4.336155
327,0.327,0.06303042,4.359877
328,0.328,0.06304784,4.3540683
329,0.329,0.062337026,4.36831
330,0.33,0.07615442,4.35648
331,0.331,0.07590279,4.3047123
332,0.332,0.071206115,4.3498836
333,0.333,0.061636772,4.332459
334,0.334,0.07207742,4.2590733
335,0.335,0.07739882,4.2956624
336,0.336,0.0798642,4.3121457
337,0.337,0.06767959,4.301187
338,0.338,0.06481708,4.336873
339,0.339,0.05994535,4.326413
340,0.34,0.058982104,4.2972536
341,0.341,0.06216526,4.270554
342,0.342,0.058067597,4.29168
343,0.343,0.05985851,4.3081694
344,0.344,0.05855428,4.317601
345,0.345,0.06716179,4.2942767
346,0.346,0.06295243,4.3917966
347,0.347,0.068977185,4.2949433
348,0.348,0.06273814,4.3032756
349,0.349,0.071841285,4.308332
350,0.35,0.08184997,4.33037
351,0.351,0.08082171,4.316817
352,0.352,0.084082045,4.298417
353,0.353,0.07247327,4.301404
354,0.354,0.07098417,4.257857
355,0.355,0.07384322,4.2668257
356,0.356,0.062344447,4.2909174
357,0.357,0.06588897,4.4803567
358,0.358,0.05834266,4.3101463
359,0.359,0.061203897,4.2900414
360,0.36,0.07668386,4.2662797
361,0.361,0.06462328,4.262924
362,0.362,0.07870949,4.5836973
363,0.363,0.070374124,4.5688205
364,0.364,0.06471266,4.2617674
365,0.365,0.061093308,4.2385693
366,0.366,0.0606556,4.2535386
367,0.367,0.06023391,4.280482
368,0.368,0.06572297,4.3266325
369,0.369,0.045989957,4.3100476
370,0.37,0.041360833,4.2490463
371,0.371,0.055097096,4.267971
372,0.372,0.0451951,4.286327
373,0.373,0.059627287,4.2545376
374,0.374,0.064199746,4.181322
375,0.375,0.0584367,4.214748
376,0.376,0.06797783,4.2010674
377,0.377,0.056594685,4.234355
378,0.378,0.055293962,4.23241
379,0.379,0.054093476,4.2113824
380,0.38,0.04198083,4.212248
381,0.381,0.052929107,4.1956816
382,0.382,0.04857296,4.2320013
383,0.383,0.06612103,4.1911106
384,0.384,0.05421728,4.220103
385,0.385,0.059200224,4.173947
386,0.386,0.05426523,4.1898317
387,0.387,0.06659659,4.210037
388,0.388,0.0692039,4.219958
389,0.389,0.05659775,4.16951
390,0.39,0.053142708,4.2152843
391,0.391,0.05247287,4.2367992
392,0.392,0.053901874,4.2622457
393,0.393,0.04819188,4.2536864
394,0.394,0.043487526,4.2648697
395,0.395,0.052809946,4.362104
396,0.396,0.046036433,4.2952943
397,0.397,0.05807257,4.2731476
398,0.398,0.054300368,4.343071
399,0.399,0.0479996,4.3483667
400,0.4,0.04936729,4.3636856
401,0.401,0.060793616,4.37775
402,0.402,0.059610806,4.38573
403,0.403,0.055310685,4.383001
404,0.404,0.06330401,4.3894334
405,0.405,0.06544183,4.3854017
406,0.406,0.053765524,4.4182367
407,0.407,0.056599792,4.3448462
408,0.408,0.04747169,4.411498
409,0.409,0.059105445,4.372768
410,0.41,0.061027046,4.4099603
411,0.411,0.06188664,4.432059
412,0.412,0.057738192,4.3993673
413,0.413,0.053999364,4.4174137
414,0.414,0.06157391,4.414785
415,0.415,0.05683113,4.4139733
416,0.416,0.058005847,4.4306083
417,0.417,0.059528336,4.4725356
418,0.418,0.06462508,4.5583725
419,0.419,0.051861282,4.49206
420,0.42,0.046641372,4.498305
421,0.421,0.05200819,4.526779
422,0.422,0.06279155,4.529758
423,0.423,0.06870768,4.522936
424,0.424,0.06246485,4.5184674
425,0.425,0.05950794,4.526506
426,0.426,0.06218478,4.5079217
427,0.427,0.064071774,4.520669
428,0.428,0.06059077,4.486428
429,0.429,0.055959985,4.537131
430,0.43,0.053717125,4.4811997
431,0.431,0.04918783,4.427287
432,0.432,0.06204148,4.4981985
433,0.433,0.070584886,4.5574427
434,0.434,0.076016165,4.5656996
435,0.435,0.067780286,4.5553346
436,0.436,0.069207236,4.5424013
437,0.437,0.053186197,4.550315
438,0.438,0.054067824,4.569799
439,0.439,0.04910551,4.529841
440,0.44,0.05224326,4.6343718
441,0.441,0.05545887,4.5923066
442,0.442,0.06220987,4.4892664
443,0.443,0.056715067,4.448621
444,0.444,0.05439183,4.4744005
445,0.445,0.057382725,4.4799027
446,0.446,0.056922585,4.4063754
447,0.447,0.055506792,4.401764
448,0.448,0.050200872,4.387817
449,0.449,0.048419215,4.42095
450,0.45,0.05272451,4.4342794
451,0.451,0.052297443,4.415181
452,0.452,0.04354995,4.4289255
453,0.453,0.058235567,4.4879837
454,0.454,0.054401394,4.460503
455,0.455,0.05853552,4.5309153
456,0.456,0.0497475,4.556332
457,0.457,0.05852071,4.5132046
458,0.458,0.04221697,4.462696
459,0.459,0.058695264,4.569157
460,0.46,0.063764326,4.503581
461,0.461,0.06179224,4.492195
462,0.462,0.070671625,4.5186787
463,0.463,0.06385672,4.4896173
464,0.464,0.05864699,4.449631
465,0.465,0.05350798,4.4744425
466,0.466,0.053735413,4.4867334
467,0.467,0.05288541,4.4124494
468,0.468,0.038276296,4.4222174
469,0.469,0.05073912,4.4114428
470,0.47,0.053721428,4.4068193
471,0.471,0.052703675,4.4068117
472,0.472,0.056920554,4.4636526
473,0.473,0.05686366,4.471781
474,0.474,0.046409063,4.4632735
475,0.475,0.054866876,4.4529347
476,0.476,0.039025493,4.4228034
477,0.477,0.04967076,4.4810004
478,0.478,0.048949897,4.4970565
479,0.479,0.050123677,4.479844
480,0.48,0.049741693,4.4871173
481,0.481,0.047039937,4.545884
482,0.482,0.0678919,4.5765114
483,0.483,0.06615598,4.547834
484,0.484,0.04986123,4.486843
485,0.485,0.04416801,4.487562
486,0.486,0.039785277,4.551273
487,0.487,0.052285284,4.5753717
488,0.488,0.054545693,4.5252995
489,0.489,0.0554547,4.594952
490,0.49,0.05666511,4.595673
491,0.491,0.051713962,4.569825
492,0.492,0.058180958,4.6065702
493,0.493,0.060725126,4.654457
494,0.494,0.046663675,4.662599
495,0.495,0.050838128,4.6954823
496,0.496,0.05773919,4.707999
497,0.497,0.055248994,4.687236
498,0.498,0.052203417,4.685351
499,0.499,0.060589816,4.6910543
500,0.5,0.056120876,4.672251
501,0.501,0.060116727,4.700024
502,0.502,0.060371928,4.597905
503,0.503,0.055518243,4.5811496
504,0.504,0.048403695,4.5996265
505,0.505,0.06351366,4.567483
506,0.506,0.055745773,4.484642
507,0.507,0.06936406,4.4581566
508,0.508,0.063762516,4.430891
509,0.509,0.056726277,4.452419
510,0.51,0.057168793,4.527622
511,0.511,0.06986306,4.575297
512,0.512,0.06010519,4.6320214
513,0.513,0.08532869,4.586198
514,0.514,0.07267795,4.5702624
515,0.515,0.06891599,4.5337286
516,0.516,0.07062663,4.520011
517,0.517,0.080758035,4.4834394
518,0.518,0.07527425,4.4216056
519,0.519,0.073190674,4.446313
520,0.52,0.077551015,4.437374
521,0.521,0.052368127,4.443226
522,0.522,0.0571425,4.438689
523,0.523,0.05534933,4.4761004
524,0.524,0.069503084,4.4634886
525,0.525,0.06632961,4.381404
526,0.526,0.06437506,4.440079
527,0.527,0.07442018,4.431652
528,0.528,0.07141199,4.404294
529,0.529,0.06713339,4.4869924
530,0.53,0.056129117,4.515547
531,0.531,0.06334143,4.575564
532,0.532,0.065099135,4.4948573
533,0.533,0.0698192,4.5341167
534,0.534,0.06169301,4.491197
535,0.535,0.061133977,4.5873814
536,0.536,0.062486127,4.570501
537,0.537,0.058025774,4.593504
538,0.538,0.06281363,4.5460873
539,0.539,0.06850802,4.5624323
540,0.54,0.06419704,4.5469217
541,0.541,0.05626077,4.509491
542,0.542,0.06553979,4.5340967
543,0.543,0.069861405,4.557946
544,0.544,0.08389761,4.5795093
545,0.545,0.08911707,4.5792775
546,0.546,0.08022956,4.58768
547,0.547,0.0745203,4.566709
548,0.548,0.07268113,4.5438404
549,0.549,0.0741307,4.54034
550,0.55,0.07190642,4.533315
551,0.551,0.06325834,4.469232
552,0.552,0.05894485,4.509515
553,0.553,0.07292724,4.513423
554,0.554,0.069490604,4.492522
555,0.555,0.07133101,4.458293
556,0.556,0.06008403,4.4423895
557,0.557,0.062409304,4.4216394
558,0.558,0.061922118,4.469937
559,0.559,0.0633688,4.499779
560,0.56,0.06095313,4.4625244
561,0.561,0.05649963,4.4710584
562,0.562,0.05602914,4.480959
563,0.563,0.059892293,4.4976106
564,0.564,0.05418102,4.503665
565,0.565,0.06737231,4.4899426
566,0.566,0.06606768,4.423555
567,0.567,0.063674524,4.4487996
568,0.568,0.051591996,4.42475
569,0.569,0.061212398,4.4135857
570,0.57,0.065201156,4.3943076
571,0.571,0.05266199,4.386236
572,0.572,0.049917996,4.3783903
573,0.573,0.055334713,4.33568
574,0.574,0.051450644,4.321406
575,0.575,0.051598717,4.336842
576,0.576,0.0684084,4.3142533
577,0.577,0.06128223,4.359454
578,0.578,0.05228639,4.3113475
579,0.579,0.056649808,4.259015
580,0.58,0.06598277,4.322241
581,0.581,0.062824674,4.281206
582,0.582,0.060130186,4.2683787
583,0.583,0.05939906,4.300411
584,0.584,0.057639003,4.294172
585,0.585,0.060948387,4.3014116
586,0.586,0.057164747,4.2600875
587,0.587,0.06494892,4.2373676
588,0.588,0.06203682,4.2947855
589,0.589,0.05779422,4.306664
590,0.59,0.049425792,4.306831
591,0.591,0.058382273,4.3228145
592,0.592,0.056273095,4.2711077
593,0.593,0.051479843,4.245852
594,0.594,0.06017919,4.2431693
595,0.595,0.060667034,4.1958947
596,0.596,0.055847287,4.1988225
597,0.597,0.06341165,4.2671475
598,0.598,0.06033937,4.2801347
599,0.599,0.05410416,4.3198366
600,0.6,0.05694289,4.377659
601,0.601,0.06319892,4.3129454
602,0.602,0.06039203,4.285723
603,0.603,0.06424204,4.283376
604,0.604,0.053564116,4.2196064
605,0.605,0.054151144,4.2695556
606,0.606,0.050731145,4.285422
607,0.607,0.05231291,4.3457656
608,0.608,0.058238547,4.22428
609,0.609,0.066940255,4.25928
610,0.61,0.0638368,4.290219
611,0.611,0.05391903,4.3362966
612,0.612,0.052950945,4.335333
613,0.613,0.05837336,4.2880416
614,0.614,0.06457228,4.2657013
615,0.615,0.061865155,4.328477
616,0.616,0.07605645,4.3014994
617,0.617,0.07317725,4.3139124
618,0.618,0.07069289,4.274414
619,0.619,0.07006133,4.2599916
620,0.62,0.07089618,4.265977
621,0.621,0.06521977,4.264109
622,0.622,0.068034776,4.1837506
623,0.623,0.07001842,4.203425
624,0.624,0.06002821,4.1703897
625,0.625,0.062463,4.1701665
626,0.626,0.05565342,4.21302
627,0.627,0.068529114,4.22764
628,0.628,0.06885642,4.236859
629,0.629,0.054770928,4.152625
630,0.63,0.07782554,4.157593
631,0.631,0.06808573,4.1943626
632,0.632,0.066543624,4.207222
633,0.633,0.0677692,4.2062335
634,0.634,0.06558299,4.236519
635,0.635,0.076860026,4.234343
636,0.636,0.0796729,4.2361546
637,0.637,0.06665124,4.243104
638,0.638,0.0776471,4.231039
639,0.639,0.07509359,4.2206373
640,0.64,0.06959782,4.3008733
641,0.641,0.07857499,4.2767363
642,0.642,0.0655874,4.3232775
643,0.643,0.06951472,4.3786054
644,0.644,0.07084398,4.3391066
645,0.645,0.05244643,4.3406553
646,0.646,0.055997152,4.2629514
647,0.647,0.05125593,4.32116
648,0.648,0.06085728,4.261577
649,0.649,0.055568192,4.3388777
650,0.65,0.055547386,4.279145
651,0.651,0.049377825,4.2652855
652,0.652,0.048236232,4.2894745
653,0.653,0.05498999,4.3425674
654,0.654,0.061726727,4.266637
655,0.655,0.050628502,4.266389
656,0.656,0.057295028,4.2873926
657,0.657,0.053556565,4.286356
658,0.658,0.059642795,4.2629857
659,0.659,0.057733186,4.2354603
660,0.66,0.04549718,4.2187166
661,0.661,0.05126044,4.277519
662,0.662,0.051774282,4.2798963
663,0.663,0.05218127,4.275603
664,0.664,0.05322856,4.2807646
665,0.665,0.06316324,4.289678
666,0.666,0.05334137,4.254746
667,0.667,0.06482956,4.3163657
668,0.668,0.05722538,4.3656077
669,0.669,0.05040425,4.276363
670,0.67,0.06082213,4.322776
671,0.671,0.067799896,4.354366
672,0.672,0.05481418,4.3527455
673,0.673,0.05758884,4.3663783
674,0.674,0.044069756,4.3538823
675,0.675,0.045141354,4.3860226
676,0.676,0.052247684,4.432589
677,0.677,0.05836643,4.447699
678,0.678,0.064979166,4.4173
679,0.679,0.062240522,4.426674
680,0.68,0.063136704,4.372899
681,0.681,0.056453574,4.43673
682,0.682,0.061822165,4.2944517
683,0.683,0.06194265,4.296349
684,0.684,0.07596825,4.371483
685,0.685,0.08601817,4.3489633
686,0.686,0.073136166,4.3507156
687,0.687,0.07351217,4.369872
688,0.688,0.06595035,4.3522243
689,0.689,0.061716426,4.372595
690,0.69,0.06492221,4.297198
691,0.691,0.08372176,4.301113
692,0.692,0.080274925,4.3178635
693,0.693,0.07006876,4.3292837
694,0.694,0.063774295,4.2888074
695,0.695,0.06085063,4.3144217
696,0.696,0.06595298,4.3257647
697,0.697,0.05959723,4.3330193
698,0.698,0.053269807,4.3012733
699,0.699,0.048729777,4.3234973
700,0.7,0.05193145,4.2898703
701,0.701,0.05967961,4.2907662
702,0.702,0.06010423,4.2628665
703,0.703,0.065656096,4.275176
704,0.704,0.05531277,4.3129044
705,0.705,0.06854261,4.332015
706,0.706,0.06491865,4.3163795
707,0.707,0.06967584,4.2855816
708,0.708,0.06861088,4.296189
709,0.709,0.06570978,4.257948
710,0.71,0.06887572,4.3041587
711,0.711,0.070851326,4.2728543
712,0.712,0.07776833,4.3306375
713,0.713,0.06722888,4.3618345
714,0.714,0.07774678,4.3953733
715,0.715,0.07136746,4.339433
716,0.716,0.06968745,4.3394394
717,0.717,0.05351014,4.2887516
718,0.718,0.058035735,4.2542067
719,0.719,0.06510002,4.2994223
720,0.72,0.06916546,4.304422
721,0.721,0.061253928,4.2215543
722,0.722,0.05616926,4.2554326
723,0.723,0.063984215,4.322296
724,0.724,0.061352924,4.31895
725,0.725,0.05464415,4.3111258
726,0.726,0.058630235,4.3333583
727,0.727,0.052161325,4.35821
728,0.728,0.06468408,4.3579893
729,0.729,0.060025323,4.3048034
730,0.73,0.047532525,4.3307753
731,0.731,0.04579096,4.3095164
732,0.732,0.05139557,4.2737856
733,0.733,0.055406738,4.276119
734,0.734,0.062374104,4.274193
735,0.735,0.06677687,4.2648015
736,0.736,0.07521664,4.2536917
737,0.737,0.06681148,4.1961083
738,0.738,0.07236793,4.2564764
739,0.739,0.07564344,4.2636795
740,0.74,0.06320715,4.2366614
741,0.741,0.06560502,4.2664165
742,0.742,0.051959265,4.342064
743,0.743,0.05214027,4.334525
744,0.744,0.06408891,4.241313
745,0.745,0.05944769,4.2448626
746,0.746,0.06766421,4.2494173
747,0.747,0.07096218,4.2664213
748,0.748,0.061922118,4.2746105
749,0.749,0.06567194,4.301173
750,0.75,0.07816494,4.3332305
751,0.751,0.057540648,4.3273063
752,0.752,0.05979088,4.355761
753,0.753,0.05952639,4.321943
754,0.754,0.05365253,4.386806
755,0.755,0.054679044,4.3487616
756,0.756,0.062046137,4.3954735
757,0.757,0.060158055,4.4716935
758,0.758,0.054525558,4.371628
759,0.759,0.0625453,4.37413
760,0.76,0.072470084,4.412195
761,0.761,0.06832216,4.3955564
762,0.762,0.078724176,4.3935986
763,0.763,0.07962356,4.3872643
764,0.764,0.07090352,4.374923
765,0.765,0.06500851,4.3902783
766,0.766,0.07073621,4.359524
767,0.767,0.07516206,4.306308
768,0.768,0.08430378,4.405256
769,0.769,0.08680344,4.3750944
770,0.77,0.081126496,4.36402
771,0.771,0.06907683,4.3727903
772,0.772,0.07063973,4.431139
773,0.773,0.067948066,4.425834
774,0.774,0.08721065,4.418199
775,0.775,0.08855494,4.3199425
776,0.776,0.08463633,4.366174
777,0.777,0.082214944,4.3026924
778,0.778,0.067279585,4.279193
779,0.779,0.08812311,4.3085723
780,0.78,0.074971884,4.3345757
781,0.781,0.09038508,4.326319
782,0.782,0.08604974,4.311274
783,0.783,0.08269022,4.2974567
784,0.784,0.08440382,4.2709455
785,0.785,0.07652918,4.2979093
786,0.786,0.08284943,4.2532444
787,0.787,0.07958798,4.2743516
788,0.788,0.093123995,4.3202767
789,0.789,0.093171775,4.309815
790,0.79,0.094276264,4.318815
791,0.791,0.10043456,4.3418446
792,0.792,0.098094426,4.375586
793,0.793,0.08659077,4.351701
794,0.794,0.07610355,4.389662
795,0.795,0.09095053,4.3322144
796,0.796,0.08430995,4.3603497
797,0.797,0.09378391,4.3899455
798,0.798,0.0975461,4.3525853
799,0.799,0.087323904,4.328233
800,0.8,0.10538981,4.3147316
801,0.801,0.08830003,4.3266687
802,0.802,0.09952462,4.3032765
803,0.803,0.10487577,4.333115
804,0.804,0.10372424,4.3610444
805,0.805,0.102079056,4.358906
806,0.806,0.09309979,4.299636
807,0.807,0.07948334,4.3180127
808,0.808,0.07814571,4.320028
809,0.809,0.08528736,4.373586
810,0.81,0.06535523,4.375218
811,0.811,0.06812901,4.3256636
812,0.812,0.07618022,4.36867
813,0.813,0.07700878,4.3755574
814,0.814,0.06938739,4.3928156
815,0.815,0.06764969,4.399804
816,0.816,0.08070506,4.3550634
817,0.817,0.06738174,4.314508
818,0.818,0.05985368,4.344432
819,0.819,0.06305792,4.3226776
820,0.82,0.06024926,4.3724637
821,0.821,0.061098985,4.370751
822,0.822,0.054560527,4.297341
823,0.823,0.052569713,4.341142
824,0.824,0.05654973,4.325241
825,0.825,0.042307235,4.266002
826,0.826,0.047909204,4.294521
827,0.827,0.04744855,4.3529015
828,0.828,0.043140583,4.366526
829,0.829,0.043234266,4.400014
830,0.83,0.052360397,4.3753924
831,0.831,0.053085037,4.357333
832,0.832,0.04408418,4.3182125
833,0.833,0.04949824,4.3925524
834,0.834,0.05034803,4.33085
835,0.835,0.060919933,4.380051
836,0.836,0.06571769,4.3800564
837,0.837,0.06773423,4.3590684
838,0.838,0.06299373,4.389016
839,0.839,0.07174709,4.3627744
840,0.84,0.059506968,4.4103975
841,0.841,0.05352094,4.3646474
842,0.842,0.057280906,4.397588
843,0.843,0.06191185,4.3076224
844,0.844,0.057892144,4.318541
845,0.845,0.0546579,4.2806673
846,0.846,0.06272524,4.329864
847,0.847,0.065259635,4.3270054
848,0.848,0.07348228,4.317305
849,0.849,0.060015693,4.3121085
850,0.85,0.06449705,4.3803654
851,0.851,0.06671365,4.3180437
852,0.852,0.06830355,4.3181963
853,0.853,0.07337366,4.3294396
854,0.854,0.07691565,4.339362
855,0.855,0.070710875,4.332325
856,0.856,0.07609216,4.322092
857,0.857,0.0688581,4.3219185
858,0.858,0.07264772,4.350678
859,0.859,0.07015696,4.3191915
860,0.86,0.060766038,4.2921696
861,0.861,0.0682917,4.338953
862,0.862,0.05579034,4.343487
863,0.863,0.05422154,4.3410263
864,0.864,0.059448663,4.344754
865,0.865,0.058448564,4.3715878
866,0.866,0.052672964,4.3168073
867,0.867,0.06581261,4.3128004
868,0.868,0.0631605,4.3220286
869,0.869,0.048587237,4.288913
870,0.87,0.057332344,4.2786694
871,0.871,0.05209369,4.2810807
872,0.872,0.06517456,4.2835107
873,0.873,0.06344355,4.3100777
874,0.874,0.06653581,4.311191
875,0.875,0.079964004,4.2747183
876,0.876,0.080308765,4.298246
877,0.877,0.07026892,4.3227882
878,0.878,0.056202177,4.352196
879,0.879,0.07091574,4.3910995
880,0.88,0.055394217,4.3690453
881,0.881,0.07321358,4.379659
882,0.882,0.06965012,4.3831935
883,0.883,0.060424563,4.398433
884,0.884,0.05979765,4.295104
885,0.885,0.060445603,4.3751283
886,0.886,0.05951474,4.3758907
887,0.887,0.07416578,4.3307753
888,0.888,0.06902912,4.343357
889,0.889,0.07182036,4.331384
890,0.89,0.06450153,4.33323
891,0.891,0.06808827,4.347433
892,0.892,0.06670239,4.2746024
893,0.893,0.07673057,4.2903323
894,0.894,0.06095597,4.298646
895,0.895,0.06355641,4.3086696
896,0.896,0.057673085,4.353079
897,0.897,0.06313579,4.3017025
898,0.898,0.053700984,4.37304
899,0.899,0.055934153,4.358183
900,0.9,0.051204033,4.346371
901,0.901,0.05596721,4.34029
902,0.902,0.056046676,4.3198657
903,0.903,0.052784767,4.383305
904,0.904,0.058951713,4.385321
905,0.905,0.06004554,4.389567
906,0.906,0.05350582,4.359701
907,0.907,0.05632648,4.3443294
908,0.908,0.05792209,4.355589
909,0.909,0.06025118,4.358886
910,0.91,0.064432494,4.4246182
911,0.911,0.059891332,4.355584
912,0.912,0.07394724,4.386178
913,0.913,0.075831935,4.3815045
914,0.914,0.061590806,4.3162913
915,0.915,0.06733197,4.3039637
916,0.916,0.06634355,4.301357
917,0.917,0.069694914,4.2667613
918,0.918,0.071815535,4.270585
919,0.919,0.05678738,4.2388067
920,0.92,0.06125959,4.260453
921,0.921,0.07175112,4.252487
922,0.922,0.08418029,4.275493
923,0.923,0.08930431,4.2266364
924,0.924,0.06525344,4.252483
925,0.925,0.05892818,4.311329
926,0.926,0.052807756,4.317969
927,0.927,0.057839207,4.3064213
928,0.928,0.06216526,4.324851
929,0.929,0.05392653,4.2946587
930,0.93,0.043349084,4.309096
931,0.931,0.04779083,4.3519917
932,0.932,0.054077446,4.3734913
933,0.933,0.04868231,4.357796
934,0.934,0.053294756,4.383742
935,0.935,0.043538004,4.378667
936,0.936,0.057464257,4.328892
937,0.937,0.057519548,4.295534
938,0.938,0.059503082,4.3273115
939,0.939,0.05096417,4.29509
940,0.94,0.054490566,4.299981
941,0.941,0.06875478,4.327014
942,0.942,0.06690571,4.2523937
943,0.943,0.070342086,4.305169
944,0.944,0.07348858,4.2973027
945,0.945,0.07285032,4.358072
946,0.946,0.06526141,4.377371
947,0.947,0.07205256,4.378562
948,0.948,0.06416462,4.3166165
949,0.949,0.059324086,4.331292
950,0.95,0.07060371,4.3359437
951,0.951,0.06487412,4.360168
952,0.952,0.06872198,4.36965
953,0.953,0.056105427,4.3704867
954,0.954,0.07137961,4.335714
955,0.955,0.06698341,4.340958
956,0.956,0.07140066,4.3664203
957,0.957,0.06892102,4.3214984
958,0.958,0.072592005,4.326353
959,0.959,0.06163771,4.3839297
960,0.96,0.07074601,4.3879204
961,0.961,0.051236756,4.3509884
962,0.962,0.059370834,4.382583
963,0.963,0.07634317,4.386109
964,0.964,0.07034784,4.3869953
965,0.965,0.050778974,4.3939457
966,0.966,0.05198818,4.41819
967,0.967,0.056970287,4.37302
968,0.968,0.062207084,4.376594
969,0.969,0.064640276,4.423387
970,0.97,0.05755069,4.3775287
971,0.971,0.07391519,4.405582
972,0.972,0.05630082,4.401988
973,0.973,0.052274227,4.3594933
974,0.974,0.056295685,4.3330007
975,0.975,0.05960596,4.352508
976,0.976,0.052601587,4.320322
977,0.977,0.047160193,4.292447
978,0.978,0.05835752,4.3155255
979,0.979,0.05057139,4.3350654
980,0.98,0.054285463,4.325357
981,0.981,0.06997549,4.286877
982,0.982,0.07181473,4.2861085
983,0.983,0.0693774,4.2378206
984,0.984,0.06848608,4.234722
985,0.985,0.05904772,4.215473
986,0.986,0.055476587,4.2280045
987,0.987,0.06451139,4.23502
988,0.988,0.06261272,4.238138
989,0.989,0.06275103,4.2504015
990,0.99,0.07191526,4.227915
991,0.991,0.060991045,4.225539
992,0.992,0.04581115,4.275899
993,0.993,0.049825285,4.2492933
994,0.994,0.044399027,4.292949
995,0.995,0.054288656,4.2604823
996,0.996,0.059161156,4.321047
997,0.997,0.05984499,4.329795
998,0.998,0.0759477,4.248511
999,0.999,0.075081274,4.251679
1000,1.0,0.07468532,4.2424135
1001,1.001,0.09009814,4.264253
1002,1.002,0.08801942,4.306379
1003,1.003,0.10445941,4.2840843
1004,1.004,0.09134937,4.330018
1005,1.005,0.084431894,4.3616643
1006,1.006,0.08086246,4.331749
1007,1.007,0.08493151,4.2779427
1008,1.008,0.07579992,4.243392
1009,1.009,0.07298428,4.242296
1010,1.01,0.05854046,4.302662
1011,1.011,0.06654189,4.2607875
1012,1.012,0.067689836,4.252669
1013,1.013,0.075519554,4.2807746
1014,1.014,0.07343665,4.255276
1015,1.015,0.07050459,4.2819605
1016,1.016,0.07250118,4.2363496
1017,1.017,0.07980338,4.256491
1018,1.018,0.08617257,4.161617
1019,1.019,0.08593616,4.202364
1020,1.02,0.081911385,4.2020273
1021,1.021,0.07332875,4.27251
1022,1.022,0.08558165,4.320332
1023,1.023,0.07765007,4.2652287
1024,1.024,0.07631591,4.2588544
1025,1.025,0.10173138,4.261229
1026,1.026,0.07383539,4.2505236
1027,1.027,0.06942154,4.21305
1028,1.028,0.0662206,4.2499924
1029,1.029,0.066239804,4.295151
1030,1.03,0.072773315,4.233503
1031,1.031,0.06850634,4.279747
1032,1.032,0.065789774,4.316297
1033,1.033,0.06708085,4.3279476
1034,1.034,0.07398554,4.294746
1035,1.035,0.06937406,4.293643
1036,1.036,0.075698435,4.33877
1037,1.037,0.07961775,4.3069696
1038,1.038,0.07876381,4.31983
1039,1.039,0.0787161,4.3062544
1040,1.04,0.083575964,4.2915506
1041,1.041,0.066263355,4.3080626
1042,1.042,0.06539412,4.231595
1043,1.043,0.062049862,4.2537575
1044,1.044,0.07065854,4.2095675
1045,1.045,0.068757296,4.2205563
1046,1.046,0.07342642,4.215673
1047,1.047,0.08615782,4.2717957
1048,1.048,0.07673585,4.320511
1049,1.049,0.07344137,4.311234
1050,1.05,0.07529268,4.322647
1051,1.051,0.08180901,4.2813063
1052,1.052,0.06998374,4.286464
1053,1.053,0.068469204,4.316607
1054,1.054,0.08208126,4.2973456
1055,1.055,0.077624016,4.3306026
1056,1.056,0.08346524,4.3140326
1057,1.057,0.061457407,4.3120294
1058,1.058,0.069744654,4.3541207
1059,1.059,0.06470284,4.3425565
1060,1.06,0.07871684,4.374259
1061,1.061,0.06680715,4.336042
1062,1.062,0.06752998,4.306233
1063,1.063,0.059406843,4.281036
1064,1.064,0.06613239,4.2998605
1065,1.065,0.06871273,4.2855325
1066,1.066,0.06787658,4.289228
1067,1.067,0.0678638,4.3134084
1068,1.068,0.058925238,4.300819
1069,1.069,0.05758884,4.2867126
1070,1.07,0.07227602,4.2985106
1071,1.071,0.07930425,4.251616
1072,1.072,0.0743277,4.2707033
1073,1.073,0.072547406,4.2643857
1074,1.074,0.077815145,4.3044543
1075,1.075,0.069193035,4.319028
1076,1.076,0.06964182,4.2907853
1077,1.077,0.07074356,4.3030195
1078,1.078,0.0680679,4.2585874
1079,1.079,0.06495603,4.287596
1080,1.08,0.07547516,4.219742
1081,1.081,0.07382913,4.2263126
1082,1.082,0.087006286,4.2203913
1083,1.083,0.07848741,4.2472453
1084,1.084,0.10169672,4.2894154
1085,1.085,0.08014594,4.2548738
1086,1.086,0.07272406,4.2817855
1087,1.087,0.06834077,4.3398657
1088,1.088,0.07228642,4.3464737
1089,1.089,0.0613501,4.3686852
1090,1.09,0.05909664,4.37878
1091,1.091,0.050545096,4.3060393
1092,1.092,0.06091234,4.3044195
1093,1.093,0.061175562,4.257821
1094,1.094,0.066871144,4.327893
1095,1.095,0.070796646,4.225037
1096,1.096,0.06778711,4.3176656
1097,1.097,0.06405463,4.3059435
1098,1.098,0.06651756,4.2384963
1099,1.099,0.07169874,4.2921968
1100,1.1,0.0687699,4.2884912
1101,1.101,0.07748092,4.285192
1102,1.102,0.058079537,4.336771
1103,1.103,0.07271929,4.3509593
1104,1.104,0.06881947,4.253204
1105,1.105,0.07677801,4.2892966
1106,1.106,0.09308861,4.2374463
1107,1.107,0.07716248,4.2852836
1108,1.108,0.08629925,4.248227
1109,1.109,0.08054592,4.26196
1110,1.11,0.07972004,4.243813
1111,1.111,0.084045604,4.258602
1112,1.112,0.09022763,4.3218303
1113,1.113,0.09033967,4.284844
1114,1.114,0.07473019,4.3257685
1115,1.115,0.07754058,4.4055243
1116,1.116,0.086550705,4.346423
1117,1.117,0.08359118,4.331754
1118,1.118,0.07266602,4.3102136
1119,1.119,0.0724645,4.341362
1120,1.12,0.06601167,4.3111086
1121,1.121,0.07694645,4.314833
1122,1.122,0.073883906,4.307499
1123,1.123,0.079958946,4.2743864
1124,1.124,0.08241015,4.3361573
1125,1.125,0.07937928,4.31724
1126,1.126,0.066668585,4.3378105
1127,1.127,0.07252749,4.311319
1128,1.128,0.06862941,4.432117
1129,1.129,0.058566123,4.3988595
1130,1.13,0.05181892,4.422132
1131,1.131,0.05139332,4.3704314
1132,1.132,0.06166677,4.3800006
1133,1.133,0.05503412,4.3251038
1134,1.134,0.05187577,4.286162
1135,1.135,0.056181606,4.3215795
1136,1.136,0.063008405,4.3605137
1137,1.137,0.05721225,4.331312
1138,1.138,0.052653205,4.3326354
1139,1.139,0.06288996,4.3655634
1140,1.14,0.0695621,4.2935123
1141,1.141,0.05138657,4.3187556
1142,1.142,0.0610564,4.35244
1143,1.143,0.064194344,4.2732
1144,1.144,0.07350902,4.280414
1145,1.145,0.06345266,4.3471856
1146,1.146,0.06552216,4.352881
1147,1.147,0.06333413,4.3391747
1148,1.148,0.05878579,4.3491726
1149,1.149,0.063660905,4.3520355
1150,1.15,0.055487003,4.344386
1151,1.151,0.064458504,4.359824
1152,1.152,0.047836762,4.366974
1153,1.153,0.054099884,4.3064866
1154,1.154,0.06100905,4.2927547
1155,1.155,0.059048697,4.3349524
1156,1.156,0.06996144,4.2684126
1157,1.157,0.07295972,4.320386
1158,1.158,0.054392893,4.432604
1159,1.159,0.062353715,4.4336257
1160,1.16,0.059476852,4.4026594
1161,1.161,0.07108182,4.362603
1162,1.162,0.05759988,4.369703
1163,1.163,0.051402315,4.4237733
1164,1.164,0.05621349,4.4241815
1165,1.165,0.06913872,4.348081
1166,1.166,0.069877125,4.2889504
1167,1.167,0.06726584,4.3022676
1168,1.168,0.07772596,4.3044677
1169,1.169,0.07221922,4.342698
1170,1.17,0.062785104,4.2940288
1171,1.171,0.05357059,4.315156
1172,1.172,0.05690837,4.2642055
1173,1.173,0.063174225,4.2981353
1174,1.174,0.06220801,4.322334
1175,1.175,0.063922755,4.2857103
1176,1.176,0.059348438,4.287756
1177,1.177,0.060674656,4.242059
1178,1.178,0.061363287,4.183498
1179,1.179,0.064225845,4.218443
1180,1.18,0.07047917,4.2698307
1181,1.181,0.0788093,4.249639
1182,1.182,0.07201565,4.234808
1183,1.183,0.0654118,4.2424574
1184,1.184,0.05912011,4.249485
1185,1.185,0.06712563,4.23875
1186,1.186,0.05888697,4.232153
1187,1.187,0.058951713,4.2752194
1188,1.188,0.06025406,4.304389
1189,1.189,0.06152696,4.2499456
1190,1.19,0.051017445,4.3180137
1191,1.191,0.06581612,4.2412696
1192,1.192,0.06837882,4.219149
1193,1.193,0.05767108,4.2153187
1194,1.194,0.06480281,4.2256985
1195,1.195,0.05565134,4.237037
1196,1.196,0.073904246,4.256186
1197,1.197,0.06315226,4.2623706
1198,1.198,0.06871946,4.2809734
1199,1.199,0.060455162,4.3455567
1200,1.2,0.06793701,4.322377
1201,1.201,0.05514952,4.323188
1202,1.202,0.057639003,4.3433447
1203,1.203,0.056764983,4.359186
1204,1.204,0.061429184,4.3296657
1205,1.205,0.051071793,4.3653584
1206,1.206,0.04886244,4.315403
1207,1.207,0.04709765,4.333803
1208,1.208,0.055754066,4.2908187
1209,1.209,0.064233944,4.3501506
1210,1.21,0.068992265,4.3356094
1211,1.211,0.06955462,4.3495526
1212,1.212,0.074981906,4.3518243
1213,1.213,0.08033611,4.320378
1214,1.214,0.08177438,4.2883186
1215,1.215,0.06915878,4.277941
1216,1.216,0.07564344,4.294962
1217,1.217,0.071491264,4.2988634
1218,1.218,0.06819939,4.3302927
1219,1.219,0.07754728,4.3358307
1220,1.22,0.065402076,4.358938
1221,1.221,0.07179541,4.3300467
1222,1.222,0.06970155,4.3073645
1223,1.223,0.06272616,4.345071
1224,1.224,0.07958726,4.3463535
1225,1.225,0.07847931,4.237668
1226,1.226,0.059651516,4.249805
1227,1.227,0.08143157,4.3012753
1228,1.228,0.07652465,4.3063574
1229,1.229,0.080374226,4.3610773
1230,1.23,0.08660345,4.3479757
1231,1.231,0.09173326,4.3128753
1232,1.232,0.0847387,4.3174067
1233,1.233,0.091951005,4.2907844
1234,1.234,0.09800129,4.343543
1235,1.235,0.090927005,4.3316226
1236,1.236,0.08497097,4.343887
1237,1.237,0.091024846,4.4002094
1238,1.238,0.08397474,4.3483934
1239,1.239,0.07131237,4.338052
1240,1.24,0.06810185,4.308161
1241,1.241,0.06443698,4.338997
1242,1.242,0.068882436,4.348958
1243,1.243,0.06869759,4.3897285
1244,1.244,0.052477278,4.3323445
1245,1.245,0.056611024,4.3319054
1246,1.246,0.08043533,4.348391
1247,1.247,0.08373556,4.330494
1248,1.248,0.07978889,4.2786036
1249,1.249,0.081159264,4.313133
1250,1.25,0.08158331,4.256403
1251,1.251,0.08241225,4.331635
1252,1.252,0.08264407,4.2919607
1253,1.253,0.09305259,4.3764486
1254,1.254,0.08784326,4.3508487
1255,1.255,0.08410885,4.3355703
1256,1.256,0.08429693,4.334133
1257,1.257,0.09912135,4.308689
1258,1.258,0.07236952,4.3132615
1259,1.259,0.08130797,4.336206
1260,1.26,0.076637864,4.355897
1261,1.261,0.08652666,4.3506403
1262,1.262,0.07803691,4.384903
1263,1.263,0.090393394,4.3137827
1264,1.264,0.08237648,4.3584366
1265,1.265,0.093985826,4.377204
1266,1.266,0.09284366,4.352151
1267,1.267,0.09221275,4.3127017
1268,1.268,0.085176826,4.3419156
1269,1.269,0.08873554,4.335917
1270,1.27,0.08079095,4.317901
1271,1.271,0.07377822,4.356853
1272,1.272,0.08038286,4.3674455
1273,1.273,0.072989024,4.387367
1274,1.274,0.075178206,4.3543525
1275,1.275,0.07849919,4.420913
1276,1.276,0.07332953,4.4208922
1277,1.277,0.08336893,4.3874025
1278,1.278,0.07500194,4.4015756
1279,1.279,0.075168215,4.3852487
1280,1.28,0.08845045,4.3661127
1281,1.281,0.08458167,4.3540497
1282,1.282,0.08063198,4.3603263
1283,1.283,0.08473188,4.3890543
1284,1.284,0.08180688,4.4294677
1285,1.285,0.090404265,4.4076815
1286,1.286,0.1021368,4.375212
1287,1.287,0.10775548,4.3266916
1288,1.288,0.1123411,4.3211403
1289,1.289,0.104445025,4.346078
1290,1.29,0.09157561,4.371163
1291,1.291,0.08665482,4.2710614
1292,1.292,0.08445995,4.331964
1293,1.293,0.08394238,4.3364444
1294,1.294,0.087985925,4.3631377
1295,1.295,0.08265176,4.3281426
1296,1.296,0.09080361,4.3643208
1297,1.297,0.10661391,4.326393
1298,1.298,0.1098122,4.2753463
1299,1.299,0.09103754,4.29652
1300,1.3,0.080527976,4.3280487
1301,1.301,0.08941168,4.3061957
1302,1.302,0.08509468,4.272136
1303,1.303,0.081016,4.3057857
1304,1.304,0.08591194,4.332457
1305,1.305,0.08677547,4.361726
1306,1.306,0.08208548,4.343072
1307,1.307,0.07275187,4.371279
1308,1.308,0.08647589,4.368288
1309,1.309,0.077521935,4.3534217
1310,1.31,0.08111225,4.3615484
1311,1.311,0.07557388,4.398555
1312,1.312,0.073693566,4.382241
1313,1.313,0.08617459,4.400529
1314,1.314,0.08944788,4.3490243
1315,1.315,0.08579547,4.4067035
1316,1.316,0.09391693,4.351521
1317,1.317,0.09336079,4.3072515
1318,1.318,0.08708331,4.3334856
1319,1.319,0.081331424,4.379724
1320,1.32,0.08572538,4.3235855
1321,1.321,0.085271776,4.412782
1322,1.322,0.09620128,4.369091
1323,1.323,0.08802271,4.3958664
1324,1.324,0.08640902,4.4077163
1325,1.325,0.08103953,4.320251
1326,1.326,0.08144363,4.2933264
1327,1.327,0.079175144,4.327401
1328,1.328,0.0743378,4.3398347
1329,1.329,0.066608734,4.372109
1330,1.33,0.062118754,4.3155913
1331,1.331,0.069141224,4.3547025
1332,1.332,0.06982996,4.35966
1333,1.333,0.07864484,4.369962
1334,1.334,0.08684737,4.34319
1335,1.335,0.0772613,4.3611035
1336,1.336,0.08933602,4.3482065
1337,1.337,0.08169022,4.4028025
1338,1.338,0.08619739,4.3599157
1339,1.339,0.08661613,4.337068
1340,1.34,0.09690168,4.3300953
1341,1.341,0.10223182,4.2531276
1342,1.342,0.09409093,4.325403
1343,1.343,0.09550846,4.315863
1344,1.344,0.09618686,4.318519
1345,1.345,0.09555928,4.3229556
1346,1.346,0.09245125,4.317377
1347,1.347,0.09292206,4.3213196
1348,1.348,0.09550846,4.342681
1349,1.349,0.07014049,4.3368344
1350,1.35,0.09613156,4.3494687
1351,1.351,0.09907644,4.3170877
1352,1.352,0.082256414,4.27379
1353,1.353,0.09064625,4.2644014
1354,1.354,0.10077753,4.241253
1355,1.355,0.10571015,4.2126765
1356,1.356,0.100615665,4.220314
1357,1.357,0.09553448,4.286692
1358,1.358,0.099203534,4.301533
1359,1.359,0.091348745,4.264569
1360,1.36,0.09676798,4.3201933
1361,1.361,0.10540077,4.308543
1362,1.362,0.098243386,4.3282537
1363,1.363,0.10220751,4.267468
1364,1.364,0.107064016,4.3241744
1365,1.365,0.10868373,4.3164454
1366,1.366,0.11811159,4.319395
1367,1.367,0.10045239,4.260618
1368,1.368,0.09422536,4.2932587
1369,1.369,0.08618599,4.2894125
1370,1.37,0.09139429,4.3107557
1371,1.371,0.08139536,4.3200026
1372,1.372,0.08680476,4.330536
1373,1.373,0.097323656,4.291779
1374,1.374,0.08514425,4.357527
1375,1.375,0.0792131,4.2856607
1376,1.376,0.09368586,4.334096
1377,1.377,0.09887322,4.3269305
1378,1.378,0.107037015,4.288794
1379,1.379,0.09289282,4.2769513
1380,1.38,0.09301656,4.305136
1381,1.381,0.102273084,4.2938933
1382,1.382,0.087954395,4.2544346
1383,1.383,0.08250548,4.286511
1384,1.384,0.090684496,4.319644
1385,1.385,0.09014048,4.319128
1386,1.386,0.09767933,4.2915945
1387,1.387,0.09664307,4.3206
1388,1.388,0.08452562,4.2707763
1389,1.389,0.08577795,4.3181543
1390,1.39,0.096483245,4.31067
1391,1.391,0.09727732,4.33262
1392,1.392,0.08885077,4.351202
1393,1.393,0.09422781,4.33161
1394,1.394,0.08559853,4.274283
1395,1.395,0.08761465,4.3133464
1396,1.396,0.098642044,4.3036466
1397,1.397,0.092834316,4.3216596
1398,1.398,0.08700296,4.337034
1399,1.399,0.08178286,4.299819
1400,1.4,0.07877115,4.3377533
1401,1.401,0.069160454,4.3320813
1402,1.402,0.06740747,4.3011436
1403,1.403,0.071724534,4.311534
1404,1.404,0.07926707,4.275555
1405,1.405,0.07750628,4.229711
1406,1.406,0.074601695,4.279793
1407,1.407,0.0796671,4.2765975
1408,1.408,0.090367176,4.236918
1409,1.409,0.08404973,4.2690244
1410,1.41,0.07383382,4.2714357
1411,1.411,0.09957049,4.245685
1412,1.412,0.110413216,4.2138643
1413,1.413,0.104234524,4.2527547
1414,1.414,0.10612488,4.250265
1415,1.415,0.08814869,4.2398524
1416,1.416,0.095839515,4.2076297
1417,1.417,0.09443492,4.204123
1418,1.418,0.09588595,4.2318563
1419,1.419,0.08578132,4.241015
1420,1.42,0.090157144,4.230567
1421,1.421,0.07566178,4.301899
1422,1.422,0.08632603,4.264076
1423,1.423,0.08493832,4.2893047
1424,1.424,0.07306817,4.2569833
1425,1.425,0.06911447,4.2917924
1426,1.426,0.0718823,4.3031626
1427,1.427,0.078243285,4.3137293
1428,1.428,0.0783636,4.3403945
1429,1.429,0.07921966,4.412935
1430,1.43,0.071608394,4.3334904
1431,1.431,0.08611957,4.312066
1432,1.432,0.07549277,4.290551
1433,1.433,0.08279848,4.312531
1434,1.434,0.07257131,4.28133
1435,1.435,0.075805254,4.2973375
1436,1.436,0.072545014,4.277451
1437,1.437,0.08781036,4.2913065
1438,1.438,0.07680661,4.308492
1439,1.439,0.07041354,4.2714286
1440,1.44,0.074204735,4.2956834
1441,1.441,0.075959116,4.319621
1442,1.442,0.070199795,4.3318644
1443,1.443,0.06644192,4.3006263
1444,1.444,0.063788794,4.2933774
1445,1.445,0.065044954,4.3176007
1446,1.446,0.074318364,4.290422
1447,1.447,0.06526318,4.3077855
1448,1.448,0.070535734,4.342354
1449,1.449,0.060617477,4.3417006
1450,1.45,0.06321081,4.3646226
1451,1.451,0.058082525,4.2748814
1452,1.452,0.060424563,4.3264575
1453,1.453,0.058241524,4.310696
1454,1.454,0.060687993,4.2855353
1455,1.455,0.0771475,4.3652134
1456,1.456,0.068150215,4.3289886
1457,1.457,0.071911246,4.3773527
1458,1.458,0.06538263,4.3282495
1459,1.459,0.07005061,4.387296
1460,1.46,0.066108786,4.3173513
1461,1.461,0.055153713,4.3618817
1462,1.462,0.056397237,4.2967978
1463,1.463,0.06378698,4.257172
1464,1.464,0.0566294,4.316539
1465,1.465,0.048948713,4.3350673
1466,1.466,0.055136945,4.324169
1467,1.467,0.060085956,4.3380795
1468,1.468,0.04890146,4.3649793
1469,1.469,0.058240533,4.3703227
1470,1.47,0.059989683,4.4070683
1471,1.471,0.06706964,4.347997
1472,1.472,0.073919885,4.3669214
1473,1.473,0.07005226,4.318308
1474,1.474,0.062384296,4.335259
1475,1.475,0.06098157,4.3455815
1476,1.476,0.067490585,4.3584785
1477,1.477,0.06593545,4.351263
1478,1.478,0.06427712,4.334325
1479,1.479,0.07122559,4.308329
1480,1.48,0.06615161,4.3043365
1481,1.481,0.066008165,4.344599
1482,1.482,0.0664106,4.3207407
1483,1.483,0.066502795,4.301591
1484,1.484,0.0765692,4.2672844
1485,1.485,0.07705154,4.2964735
1486,1.486,0.08005719,4.3084965
1487,1.487,0.07361902,4.3345356
1488,1.488,0.06239634,4.339679
1489,1.489,0.07709804,4.3527546
1490,1.49,0.072146356,4.330121
1491,1.491,0.06853923,4.329276
1492,1.492,0.07293516,4.323454
1493,1.493,0.07795688,4.3915625
1494,1.494,0.07002007,4.317527
1495,1.495,0.0707599,4.3147206
1496,1.496,0.07952841,4.3472233
1497,1.497,0.08061191,4.306457
1498,1.498,0.08652466,4.363514
1499,1.499,0.08160811,4.3337455
1500,1.5,0.07513745,4.364149
1501,1.501,0.07987071,4.3328686
1502,1.502,0.086356156,4.3104486
1503,1.503,0.0821052,4.3269367
1504,1.504,0.07655335,4.30176
1505,1.505,0.07171647,4.3061023
1506,1.506,0.0714298,4.2991457
1507,1.507,0.07717821,4.2977424
1508,1.508,0.084338054,4.2255673
1509,1.509,0.0782455,4.2514205
1510,1.51,0.0941996,4.2506742
1511,1.511,0.088794805,4.2373257
1512,1.512,0.09406144,4.294048
1513,1.513,0.08185279,4.3327775
1514,1.514,0.08521075,4.332841
1515,1.515,0.0964443,4.3158045
1516,1.516,0.10085722,4.303046
1517,1.517,0.096753046,4.262123
1518,1.518,0.096719585,4.250294
1519,1.519,0.09558166,4.194144
1520,1.52,0.105565704,4.306463
1521,1.521,0.10135514,4.29959
1522,1.522,0.10055821,4.243574
1523,1.523,0.10057085,4.2349873
1524,1.524,0.097899795,4.265052
1525,1.525,0.09801721,4.326395
1526,1.526,0.08912875,4.3692355
1527,1.527,0.09887439,4.3172555
1528,1.528,0.10270282,4.3019824
1529,1.529,0.10011177,4.2823324
1530,1.53,0.09207287,4.3223443
1531,1.531,0.09607202,4.324469
1532,1.532,0.09539462,4.2733393
1533,1.533,0.087681256,4.254538
1534,1.534,0.10481458,4.2993007
1535,1.535,0.09460735,4.301055
1536,1.536,0.07984392,4.3255777
1537,1.537,0.08484163,4.338826
1538,1.538,0.078757204,4.324077
1539,1.539,0.071626954,4.292063
1540,1.54,0.0740722,4.275807
1541,1.541,0.07853305,4.313645
1542,1.542,0.06723318,4.3678946
1543,1.543,0.07585099,4.287336
1544,1.544,0.07712053,4.27836
1545,1.545,0.08281105,4.3004403
1546,1.546,0.079494976,4.2697325
1547,1.547,0.07726877,4.2945037
1548,1.548,0.078884065,4.298635
1549,1.549,0.072979525,4.3174806
1550,1.55,0.06472159,4.3131657
1551,1.551,0.060975883,4.316394
1552,1.552,0.061556075,4.358978
1553,1.553,0.056310058,4.3194275
1554,1.554,0.0682917,4.2811456
1555,1.555,0.06332135,4.27566
1556,1.556,0.072480455,4.3009872
1557,1.557,0.07003988,4.3251195
1558,1.558,0.07542383,4.290397
1559,1.559,0.080581784,4.321888
1560,1.56,0.0764506,4.3375406
1561,1.561,0.07934068,4.36494
1562,1.562,0.06872618,4.280088
1563,1.563,0.07107206,4.34955
1564,1.564,0.06811289,4.3073
1565,1.565,0.06263026,4.284158
1566,1.566,0.073088735,4.2654276
1567,1.567,0.07008608,4.2643123
1568,1.568,0.06590651,4.292727
1569,1.569,0.06178382,4.3632903
1570,1.57,0.07603289,4.3145146
1571,1.571,0.061871693,4.2999187
1572,1.572,0.053927604,4.332909
1573,1.573,0.057393804,4.331981
1574,1.574,0.05622891,4.3857956
1575,1.575,0.050244607,4.401071
1576,1.576,0.05658243,4.3025165
1577,1.577,0.044595167,4.3250227
1578,1.578,0.05906436,4.334056
1579,1.579,0.05546825,4.305796
1580,1.58,0.0554745,4.3451753
1581,1.581,0.050304387,4.342896
1582,1.582,0.056185722,4.312404
1583,1.583,0.061826836,4.3384213
1584,1.584,0.07099313,4.2879734
1585,1.585,0.060577415,4.233968
1586,1.586,0.06628952,4.347248
1587,1.587,0.05788316,4.3273177
1588,1.588,0.07301199,4.303161
1589,1.589,0.05563784,4.2726626
1590,1.59,0.06722286,4.304394
1591,1.591,0.06588809,4.300985
1592,1.592,0.057068612,4.216975
1593,1.593,0.061207674,4.230198
1594,1.594,0.060839232,4.237969
1595,1.595,0.05970091,4.253159
1596,1.596,0.063240975,4.211772
1597,1.597,0.060317334,4.2462826
1598,1.598,0.07918537,4.31209
1599,1.599,0.07405035,4.291992
1600,1.6,0.0700836,4.28933
1601,1.601,0.077775024,4.282349
1602,1.602,0.06997218,4.261647
1603,1.603,0.068732075,4.3339434
1604,1.604,0.076293945,4.2529736
1605,1.605,0.08175105,4.283472
1606,1.606,0.08880066,4.296536
1607,1.607,0.08547623,4.2486215
1608,1.608,0.08781562,4.2842016
1609,1.609,0.10002628,4.261269
1610,1.61,0.11254619,4.2518
1611,1.611,0.11523939,4.2204027
1612,1.612,0.10727219,4.266592
1613,1.613,0.098620355,4.251175
1614,1.614,0.09806201,4.256135
1615,1.615,0.10358149,4.235802
1616,1.616,0.09157119,4.249908
1617,1.617,0.07951605,4.2488565
1618,1.618,0.068791755,4.2490034
1619,1.619,0.07453425,4.2904844
1620,1.62,0.08281035,4.2931027
1621,1.621,0.070597984,4.2985854
1622,1.622,0.07708605,4.3370385
1623,1.623,0.077072546,4.2887225
1624,1.624,0.08458373,4.2136025
1625,1.625,0.08240594,4.3084006
1626,1.626,0.08113149,4.3141384
1627,1.627,0.08201222,4.309653
1628,1.628,0.07656694,4.3449035
1629,1.629,0.081719935,4.3820243
1630,1.63,0.08568424,4.3986797
1631,1.631,0.079995796,4.426133
1632,1.632,0.06662175,4.385465
1633,1.633,0.085640386,4.4176464
1634,1.634,0.08062122,4.3310394
1635,1.635,0.091665186,4.3128133
1636,1.636,0.084186465,4.294164
1637,1.637,0.082214944,4.260655
1638,1.638,0.08189515,4.2515593
1639,1.639,0.08726365,4.250614
1640,1.64,0.081098,4.3056955
1641,1.641,0.086376235,4.2679405
1642,1.642,0.07490092,4.277955
1643,1.643,0.08044467,4.282086
1644,1.644,0.06967418,4.299021
1645,1.645,0.079441875,4.3118563
1646,1.646,0.0754246,4.344717
1647,1.647,0.08122547,4.371078
1648,1.648,0.094107516,4.353315
1649,1.649,0.10346145,4.313364
1650,1.65,0.09008147,4.3409348
1651,1.651,0.088013515,4.3371487
1652,1.652,0.088965826,4.3520856
1653,1.653,0.105266884,4.3464303
1654,1.654,0.08770762,4.333935
1655,1.655,0.0908087,4.3586364
1656,1.656,0.10318231,4.290328
1657,1.657,0.10685434,4.3237243
1658,1.658,0.10077294,4.242593
1659,1.659,0.09954378,4.314832
1660,1.66,0.09181828,4.3171988
1661,1.661,0.09096069,4.317756
1662,1.662,0.07525812,4.3621755
1663,1.663,0.0763144,4.341258
1664,1.664,0.0908157,4.302523
1665,1.665,0.08499409,4.3462944
1666,1.666,0.08361399,4.457226
1667,1.667,0.0881913,4.408072
1668,1.668,0.08724775,4.3254843
1669,1.669,0.085967086,4.3568544
1670,1.67,0.0815819,4.359864
1671,1.671,0.08884426,4.3583183
1672,1.672,0.06883459,4.4063616
1673,1.673,0.08038358,4.36521
1674,1.674,0.07287094,4.3683143
1675,1.675,0.07258245,4.314908
1676,1.676,0.07989024,4.285815
1677,1.677,0.07674413,4.31002
1678,1.678,0.07819525,4.3474727
1679,1.679,0.07176159,4.3376865
1680,1.68,0.083144695,4.356333
1681,1.681,0.084917895,4.333822
1682,1.682,0.07708454,4.33345
1683,1.683,0.07772596,4.282281
1684,1.684,0.08568357,4.289386
1685,1.685,0.0729518,4.3220115
1686,1.686,0.082984656,4.3288198
1687,1.687,0.08320932,4.339343
1688,1.688,0.084388755,4.3623247
1689,1.689,0.09709831,4.3064365
1690,1.69,0.10080334,4.360834
1691,1.691,0.08636285,4.333304
1692,1.692,0.093716085,4.289543
1693,1.693,0.08659277,4.298218
1694,1.694,0.0685114,4.322384
1695,1.695,0.07600324,4.3603387
1696,1.696,0.057071652,4.3339586
1697,1.697,0.058086503,4.2997613
1698,1.698,0.06243153,4.3472366
1699,1.699,0.06016286,4.351772
1700,1.7,0.07144193,4.349688
1701,1.701,0.08035697,4.31818
1702,1.702,0.069723934,4.328891
1703,1.703,0.091675274,4.3391123
1704,1.704,0.08729345,4.281442
1705,1.705,0.08204252,4.2899003
1706,1.706,0.07603441,4.318254
1707,1.707,0.07995533,4.2983274
1708,1.708,0.08531311,4.3382006
1709,1.709,0.07338705,4.329655
1710,1.71,0.07700352,4.2944727
1711,1.711,0.08485866,4.29251
1712,1.712,0.079878666,4.3480535
1713,1.713,0.07603593,4.3087697
1714,1.714,0.07514745,4.244415
1715,1.715,0.07870875,4.264519
1716,1.716,0.059668954,4.3057785
1717,1.717,0.063032255,4.2952857
1718,1.718,0.05638596,4.332829
1719,1.719,0.060524914,4.3012147
1720,1.72,0.07263101,4.297522
1721,1.721,0.06979933,4.2931504
1722,1.722,0.07056605,4.284823
1723,1.723,0.06650714,4.3303647
1724,1.724,0.06755479,4.3140297
1725,1.725,0.058767103,4.2925153
1726,1.726,0.06674916,4.327385
1727,1.727,0.07641052,4.2721753
1728,1.728,0.07663938,4.2976174
1729,1.729,0.064445056,4.331215
1730,1.73,0.065420635,4.326436
1731,1.731,0.06437237,4.340936
1732,1.732,0.0675813,4.3021235
1733,1.733,0.066420175,4.30885
1734,1.734,0.061697695,4.279145
1735,1.735,0.05574681,4.295854
1736,1.736,0.05739884,4.3883176
1737,1.737,0.060898107,4.4133806
1738,1.738,0.073264085,4.385152
1739,1.739,0.08172206,4.3879867
1740,1.74,0.06910443,4.3946915
1741,1.741,0.073341355,4.3895006
1742,1.742,0.06432566,4.413466
1743,1.743,0.070981726,4.36762
1744,1.744,0.06944401,4.379125
1745,1.745,0.056856547,4.3842297
1746,1.746,0.058500953,4.347219
1747,1.747,0.05194035,4.318121
1748,1.748,0.059915453,4.318653
1749,1.749,0.05501731,4.35576
1750,1.75,0.061763234,4.375414
1751,1.751,0.065264955,4.3199625
1752,1.752,0.053726807,4.328805
1753,1.753,0.06717384,4.3066025
1754,1.754,0.066267714,4.2747297
1755,1.755,0.059650548,4.3356786
1756,1.756,0.059134774,4.3420005
1757,1.757,0.06000991,4.338563
1758,1.758,0.047112375,4.3836265
1759,1.759,0.051343814,4.3404956
1760,1.76,0.05379024,4.377774
1761,1.761,0.057117205,4.3441124
1762,1.762,0.062123407,4.369644
1763,1.763,0.07004401,4.3419633
1764,1.764,0.069384895,4.3509717
1765,1.765,0.07067817,4.3791327
1766,1.766,0.089965254,4.3935833
1767,1.767,0.07154379,4.380669
1768,1.768,0.064494364,4.3520017
1769,1.769,0.057554707,4.365822
1770,1.77,0.072399065,4.3492475
1771,1.771,0.0744784,4.420278
1772,1.772,0.07372258,4.4462256
1773,1.773,0.07791461,4.418573
1774,1.774,0.07494875,4.3772225
1775,1.775,0.07560141,4.4102983
1776,1.776,0.07625833,4.4127617
1777,1.777,0.07283921,4.4177017
1778,1.778,0.087384775,4.3808303
1779,1.779,0.07374296,4.3824716
1780,1.78,0.071797825,4.3152704
1781,1.781,0.08364509,4.351933
1782,1.782,0.07447763,4.385038
1783,1.783,0.0777148,4.375379
1784,1.784,0.08039148,4.353505
1785,1.785,0.07198194,4.323757
1786,1.786,0.073252246,4.288583
1787,1.787,0.071904816,4.298811
1788,1.788,0.055508874,4.2755404
1789,1.789,0.07346813,4.238814
1790,1.79,0.07406829,4.2159286
1791,1.791,0.07703204,4.2062535
1792,1.792,0.07949788,4.2189045
1793,1.793,0.07788271,4.1974006
1794,1.794,0.06316141,4.2648664
1795,1.795,0.07517667,4.270591
1796,1.796,0.073541254,4.3424196
1797,1.797,0.07273121,4.2567954
1798,1.798,0.065448016,4.2339206
1799,1.799,0.060480017,4.2275953
1800,1.8,0.072053365,4.2068496
1801,1.801,0.06123411,4.327866
1802,1.802,0.07597738,4.3574166
1803,1.803,0.07715649,4.331854
1804,1.804,0.052251004,4.3299136
1805,1.805,0.07205497,4.334495
1806,1.806,0.056117788,4.2902684
1807,1.807,0.05923536,4.340094
1808,1.808,0.065543324,4.34058
1809,1.809,0.0556638,4.334247
1810,1.81,0.049143158,4.3378515
1811,1.811,0.05003365,4.3171196
1812,1.812,0.060677513,4.334747
1813,1.813,0.055240624,4.3444233
1814,1.814,0.052565314,4.337536
1815,1.815,0.048637174,4.3828726
1816,1.816,0.04729726,4.34741
1817,1.817,0.046715666,4.344418
1818,1.818,0.05569806,4.355796
1819,1.819,0.057013895,4.3668256
1820,1.82,0.0618259,4.3933964
1821,1.821,0.075188205,4.3822527
1822,1.822,0.052933477,4.372268
1823,1.823,0.0577492,4.3888264
1824,1.824,0.05669672,4.3814883
1825,1.825,0.06437685,4.404565
1826,1.826,0.063426234,4.3709664
1827,1.827,0.0455048,4.3988676
1828,1.828,0.063297614,4.371842
1829,1.829,0.062033094,4.43364
1830,1.83,0.07615442,4.4537997
1831,1.831,0.064790316,4.4036894
1832,1.832,0.07312827,4.412963
1833,1.833,0.06629737,4.3891716
1834,1.834,0.06609567,4.404004
1835,1.835,0.06314952,4.3726206
1836,1.836,0.073668465,4.338166
1837,1.837,0.064805485,4.3073196
1838,1.838,0.057401862,4.297119
1839,1.839,0.078701414,4.3202925
1840,1.84,0.062653325,4.2994967
1841,1.841,0.0711509,4.3252444
1842,1.842,0.073135376,4.3741965
1843,1.843,0.06545773,4.3602333
1844,1.844,0.060658462,4.317147
1845,1.845,0.0755777,4.3568788
1846,1.846,0.06202471,4.27619
1847,1.847,0.066008165,4.2736115
1848,1.848,0.07268113,4.344517
1849,1.849,0.061918385,4.2772045
1850,1.85,0.081134334,4.314617
1851,1.851,0.06029625,4.332872
1852,1.852,0.07607393,4.3351097
1853,1.853,0.07369043,4.316052
1854,1.854,0.06512133,4.318563
1855,1.855,0.060077295,4.3276043
1856,1.856,0.058161084,4.357164
1857,1.857,0.06039777,4.2956743
1858,1.858,0.052373644,4.285616
1859,1.859,0.053348955,4.3336782
1860,1.86,0.042544283,4.316154
1861,1.861,0.04676513,4.318155
1862,1.862,0.04552766,4.348089
1863,1.863,0.048161883,4.316658
1864,1.864,0.049710307,4.3424854
1865,1.865,0.04749725,4.3322163
1866,1.866,0.048897915,4.3312783
1867,1.867,0.054401394,4.3446555
1868,1.868,0.055864878,4.307494
1869,1.869,0.051479843,4.3596005
1870,1.87,0.05842087,4.3627768
1871,1.871,0.060209915,4.317967
1872,1.872,0.052760676,4.318248
1873,1.873,0.050748233,4.3292685
1874,1.874,0.06431128,4.297385
1875,1.875,0.05638596,4.313035
1876,1.876,0.06119162,4.3216805
1877,1.877,0.06604143,4.309335
1878,1.878,0.05187243,4.3543477
1879,1.879,0.04857296,4.3262453
1880,1.88,0.06809082,4.328615
1881,1.881,0.06964016,4.29935
1882,1.882,0.057624962,4.297681
1883,1.883,0.06528798,4.2829156
1884,1.884,0.07372336,4.3187666
1885,1.885,0.077145256,4.3161244
1886,1.886,0.075432256,4.309082
1887,1.887,0.07092063,4.3137283
1888,1.888,0.06392095,4.295224
1889,1.889,0.07173178,4.253473
1890,1.89,0.0639336,4.2567825
1891,1.891,0.054335482,4.2379193
1892,1.892,0.06302767,4.285002
1893,1.893,0.070498034,4.3025403
1894,1.894,0.060217593,4.269942
1895,1.895,0.062967114,4.2512016
1896,1.896,0.0718268,4.2265396
1897,1.897,0.059827603,4.232831
1898,1.898,0.05445343,4.2265043
1899,1.899,0.05160992,4.199943
1900,1.9,0.057628974,4.225567
1901,1.901,0.060372885,4.252973
1902,1.902,0.060929418,4.2501454
1903,1.903,0.066614814,4.271804
1904,1.904,0.06403297,4.322145
1905,1.905,0.07083501,4.3495173
1906,1.906,0.06264318,4.3364058
1907,1.907,0.066829644,4.3292828
1908,1.908,0.06602655,4.3274984
1909,1.909,0.060566917,4.195962
1910,1.91,0.054637805,4.2208614
1911,1.911,0.05957104,4.269133
1912,1.912,0.07051033,4.220074
1913,1.913,0.060199354,4.219717
1914,1.914,0.06418174,4.2210116
1915,1.915,0.06830862,4.2784815
1916,1.916,0.06457407,4.304936
1917,1.917,0.06632961,4.2517824
1918,1.918,0.074725546,4.235779
1919,1.919,0.07544605,4.261904
1920,1.92,0.07697199,4.2371264
1921,1.921,0.07517283,4.263777
1922,1.922,0.069969706,4.271912
1923,1.923,0.080357686,4.260959
1924,1.924,0.09072209,4.2982216
1925,1.925,0.074583866,4.3551626
1926,1.926,0.077826284,4.341059
1927,1.927,0.08703086,4.4004016
1928,1.928,0.074679896,4.342403
1929,1.929,0.08950214,4.3526325
1930,1.93,0.09521693,4.406683
1931,1.931,0.08140317,4.328187
1932,1.932,0.089132644,4.384548
1933,1.933,0.101730816,4.4125295
1934,1.934,0.10000028,4.3301377
1935,1.935,0.1086566,4.3207045
1936,1.936,0.095368564,4.3115597
1937,1.937,0.086253695,4.2909093
1938,1.938,0.09203771,4.277448
1939,1.939,0.096592814,4.298474
1940,1.94,0.10814848,4.3328905
1941,1.941,0.09586846,4.379421
1942,1.942,0.09176539,4.393578
1943,1.943,0.08570245,4.396057
1944,1.944,0.0840683,4.3545637
1945,1.945,0.084441476,4.335072
1946,1.946,0.091134,4.4038963
1947,1.947,0.091791205,4.3762693
1948,1.948,0.07852864,4.3562665
1949,1.949,0.08223322,4.367928
1950,1.95,0.09220774,4.3115444
1951,1.951,0.079779476,4.311939
1952,1.952,0.07512899,4.2800426
1953,1.953,0.08399263,4.2437334
1954,1.954,0.09496955,4.230148
1955,1.955,0.09624874,4.2536554
1956,1.956,0.0944961,4.3000474
1957,1.957,0.09792104,4.2948384
1958,1.958,0.09555807,4.264281
1959,1.959,0.0933744,4.2868843
1960,1.96,0.09570916,4.3529677
1961,1.961,0.0972476,4.3040504
1962,1.962,0.09309606,4.304815
1963,1.963,0.0994055,4.309134
1964,1.964,0.09457436,4.324486
1965,1.965,0.090137914,4.3239594
1966,1.966,0.09018214,4.334446
1967,1.967,0.08774517,4.325217
1968,1.968,0.0927041,4.3984914
1969,1.969,0.08986562,4.3737316
1970,1.97,0.0957303,4.364608
1971,1.971,0.081562765,4.3754525
1972,1.972,0.073395714,4.3544073
1973,1.973,0.07760391,4.378636
1974,1.974,0.08345624,4.4236073
1975,1.975,0.0923374,4.39935
1976,1.976,0.07852128,4.3735294
1977,1.977,0.09647067,4.3602414
1978,1.978,0.08189515,4.4106536
1979,1.979,0.08118775,4.369602
1980,1.98,0.09045667,4.418728
1981,1.981,0.097419225,4.4206705
1982,1.982,0.080616206,4.387924
1983,1.983,0.09244375,4.376395
1984,1.984,0.07044062,4.4303036
1985,1.985,0.08311063,4.4148107
1986,1.986,0.08063628,4.3986845
1987,1.987,0.081356294,4.385431
1988,1.988,0.08800629,4.3761277
1989,1.989,0.08397749,4.3900576
1990,1.99,0.091118775,4.4238715
1991,1.991,0.08930561,4.4036345
1992,1.992,0.098098546,4.400544
1993,1.993,0.099399686,4.400669
1994,1.994,0.09968767,4.372618
1995,1.995,0.091026746,4.381642
1996,1.996,0.09304949,4.411116
1997,1.997,0.08157481,4.3930182
1998,1.998,0.0828271,4.4384956
1999,1.999,0.066293,4.441498
2000,2.0,0.07400037,4.4183245
2001,2.001,0.074288025,4.3732944
2002,2.002,0.056920554,4.3778434
2003,2.003,0.065101795,4.359132
2004,2.004,0.07806357,4.4174895
2005,2.005,0.07454201,4.4071403
2006,2.006,0.079884455,4.4041057
2007,2.007,0.0786757,4.4067554
2008,2.008,0.06914039,4.4779496
2009,2.009,0.093999974,4.3771887
2010,2.01,0.09209672,4.3606405
2011,2.011,0.07401053,4.3942084
2012,2.012,0.07053,4.391936
2013,2.013,0.071889535,4.3619556
2014,2.014,0.0806076,4.3529716
2015,2.015,0.08553031,4.292233
2016,2.016,0.09754196,4.3233733
2017,2.017,0.090100065,4.339281
2018,2.018,0.08143085,4.3349566
2019,2.019,0.072759815,4.31309
2020,2.02,0.07729271,4.3490114
2021,2.021,0.06742719,4.3055983
2022,2.022,0.076923914,4.352261
2023,2.023,0.087301396,4.3604403
2024,2.024,0.07990471,4.3653936
2025,2.025,0.07343744,4.399655
2026,2.026,0.07835401,4.379309
2027,2.027,0.07149935,4.394884
2028,2.028,0.06959616,4.365007
2029,2.029,0.07046441,4.3746505
2030,2.03,0.07697574,4.33401
2031,2.031,0.07017838,4.382224
2032,2.032,0.064558856,4.3952255
2033,2.033,0.07376725,4.360128
2034,2.034,0.08823847,4.3261967
2035,2.035,0.07651332,4.395158
2036,2.036,0.08308002,4.3589864
2037,2.037,0.08327528,4.325679
2038,2.038,0.08775703,4.334919
2039,2.039,0.08372452,4.36078
2040,2.04,0.08098674,4.3990808
2041,2.041,0.087730676,4.332064
2042,2.042,0.09726366,4.383941
2043,2.043,0.08041449,4.4099455
2044,2.044,0.088491604,4.4465866
2045,2.045,0.08608668,4.396714
2046,2.046,0.07767984,4.360883
2047,2.047,0.06968911,4.3639164
2048,2.048,0.06406906,4.3874288
2049,2.049,0.077443615,4.3883624
2050,2.05,0.08859736,4.3802342
2051,2.051,0.07675015,4.4410424
2052,2.052,0.09105849,4.428371
2053,2.053,0.08085675,4.373506
2054,2.054,0.080450416,4.3811436
2055,2.055,0.079594515,4.312339
2056,2.056,0.08170579,4.346111
2057,2.057,0.06167802,4.355863
2058,2.058,0.06692989,4.3100924
2059,2.059,0.06462596,4.3156366
2060,2.06,0.0583595,4.2864227
2061,2.061,0.059387382,4.3124228
2062,2.062,0.06458392,4.353253
2063,2.063,0.07223042,4.3176436
2064,2.064,0.06784591,4.3233137
2065,2.065,0.06715491,4.310771
2066,2.066,0.076822415,4.3101325
2067,2.067,0.08048849,4.3388963
2068,2.068,0.077727444,4.295814
2069,2.069,0.09489345,4.351077
2070,2.07,0.08002542,4.357856
2071,2.071,0.05917288,4.2795997
2072,2.072,0.08077736,4.2644696
2073,2.073,0.09590101,4.268805
2074,2.074,0.07754058,4.258744
2075,2.075,0.090243004,4.3044124
2076,2.076,0.08094248,4.328172
2077,2.077,0.08389417,4.263018
2078,2.078,0.07002998,4.293234
2079,2.079,0.068141736,4.329555
2080,2.08,0.07267397,4.3093944
2081,2.081,0.07506587,4.2948055
2082,2.082,0.0616152,4.2729135
2083,2.083,0.06408981,4.2975173
2084,2.084,0.06506361,4.277192
2085,2.085,0.06397609,4.2813964
2086,2.086,0.057948027,4.246041
2087,2.087,0.06152696,4.2733555
2088,2.088,0.052683935,4.30409
2089,2.089,0.061174616,4.3226686
2090,2.09,0.05652213,4.2781086
2091,2.091,0.052118093,4.3549848
2092,2.092,0.054290786,4.3329067
2093,2.093,0.05262136,4.3391666
2094,2.094,0.059924133,4.3427205
2095,2.095,0.04850985,4.3058047
2096,2.096,0.055560913,4.2597694
2097,2.097,0.058765136,4.326642
2098,2.098,0.060583137,4.3339143
2099,2.099,0.06312206,4.3166566
2100,2.1,0.058479212,4.294579
2101,2.101,0.060781255,4.3445992
2102,2.102,0.061091416,4.293253
2103,2.103,0.0585049,4.3090734
2104,2.104,0.05646893,4.386987
2105,2.105,0.063480884,4.3827477
2106,2.106,0.057757206,4.3882647
2107,2.107,0.05156174,4.3817277
2108,2.108,0.054995246,4.3561335
2109,2.109,0.05853157,4.370102
2110,2.11,0.05360295,4.32625
2111,2.111,0.060612705,4.342952
2112,2.112,0.06535699,4.399619
2113,2.113,0.06265609,4.3896995
2114,2.114,0.0631788,4.3862023
2115,2.115,0.061643336,4.3450418
2116,2.116,0.064828664,4.32951
2117,2.117,0.054540396,4.2685947
2118,2.118,0.063909195,4.226615
2119,2.119,0.057272833,4.234118
2120,2.12,0.062577635,4.3393865
2121,2.121,0.06562264,4.3632154
2122,2.122,0.0730832,4.3119373
2123,2.123,0.08024612,4.3442945
2124,2.124,0.068429515,4.321224
2125,2.125,0.07658732,4.3315825
2126,2.126,0.07921747,4.3536263
2127,2.127,0.06893612,4.3087893
2128,2.128,0.07451564,4.3923793
2129,2.129,0.09505533,4.3721247
2130,2.13,0.09491172,4.322906
2131,2.131,0.08686467,4.309946
2132,2.132,0.087603435,4.3516827
2133,2.133,0.08652132,4.4170346
2134,2.134,0.09130317,4.39294
2135,2.135,0.09082652,4.3564887
2136,2.136,0.07850655,4.3193226
2137,2.137,0.08099887,4.298141
2138,2.138,0.07940695,4.331961
2139,2.139,0.0649587,4.340833
2140,2.14,0.06982996,4.321647
2141,2.141,0.070963,4.3264694
2142,2.142,0.06922978,4.288249
2143,2.143,0.07173903,4.3594437
2144,2.144,0.06795487,4.3071094
2145,2.145,0.0777386,4.367707
2146,2.146,0.07223443,4.365443
2147,2.147,0.06650019,4.3529763
2148,2.148,0.06607731,4.352699
2149,2.149,0.08137547,4.293447
2150,2.15,0.06833062,4.3054123
2151,2.151,0.0614066,4.300267
2152,2.152,0.06687979,4.3507967
2153,2.153,0.07091901,4.3307276
2154,2.154,0.07084317,4.3122993
2155,2.155,0.075699195,4.2871366
2156,2.156,0.0908227,4.312374
2157,2.157,0.08087104,4.28041
2158,2.158,0.08329263,4.2839665
2159,2.159,0.08289546,4.30911
2160,2.16,0.07699826,4.347799
2161,2.161,0.07736297,4.3829017
2162,2.162,0.08204252,4.3922133
2163,2.163,0.07140956,4.4219527
2164,2.164,0.07260554,4.4179597
2165,2.165,0.07048655,4.4023576
2166,2.166,0.07054721,4.3998923
2167,2.167,0.06572825,4.381209
2168,2.168,0.07463035,4.4090285
2169,2.169,0.084695034,4.437809
2170,2.17,0.06880268,4.398112
2171,2.171,0.0771505,4.3991823
2172,2.172,0.076822415,4.421729
2173,2.173,0.07606937,4.4537153
2174,2.174,0.074659,4.4789486
2175,2.175,0.071695514,4.4826555
2176,2.176,0.058127288,4.4351797
2177,2.177,0.06636446,4.4144588
2178,2.178,0.071626954,4.4353366
2179,2.179,0.06857717,4.429146
2180,2.18,0.07585556,4.424393
2181,2.181,0.07304602,4.3965564
2182,2.182,0.08015532,4.343316
2183,2.183,0.075982705,4.4483895
2184,2.184,0.07773191,4.4010596
2185,2.185,0.07547745,4.4368057
2186,2.186,0.072231226,4.4178953
2187,2.187,0.07886062,4.4837756
2188,2.188,0.06989863,4.420519
2189,2.189,0.06337245,4.4648833
2190,2.19,0.063960716,4.4499907
2191,2.191,0.07236473,4.456641
2192,2.192,0.06531187,4.4853244
2193,2.193,0.07103871,4.4389105
2194,2.194,0.05813822,4.450959
2195,2.195,0.060354695,4.42857
2196,2.196,0.05836049,4.4133987
2197,2.197,0.05625974,4.4440584
2198,2.198,0.05405927,4.4543552
2199,2.199,0.04784039,4.4267926
2200,2.2,0.070842355,4.461715
2201,2.201,0.06423754,4.4274793
2202,2.202,0.067790516,4.4345427
2203,2.203,0.078019135,4.4433837
2204,2.204,0.081582606,4.4487624
2205,2.205,0.08287802,4.4482727
2206,2.206,0.0825419,4.4361615
2207,2.207,0.07803099,4.4970646
2208,2.208,0.072635785,4.4410477
2209,2.209,0.081149295,4.439498
2210,2.21,0.08074658,4.459726
2211,2.211,0.074755706,4.450347
2212,2.212,0.06608255,4.4270186
2213,2.213,0.06817311,4.429905
2214,2.214,0.058131263,4.3916826
2215,2.215,0.06139342,4.447134
2216,2.216,0.06194918,4.3477054
2217,2.217,0.06770349,4.397923
2218,2.218,0.059014432,4.4350824
2219,2.219,0.07112652,4.345412
2220,2.22,0.06394445,4.414362
2221,2.221,0.054951087,4.3778563
2222,2.222,0.07715424,4.39223
2223,2.223,0.07947461,4.4135184
2224,2.224,0.07103464,4.4050083
2225,2.225,0.07427636,4.3851576
2226,2.226,0.08083816,4.387744
2227,2.227,0.08014666,4.340216
2228,2.228,0.06717384,4.35151
2229,2.229,0.07651786,4.375986
2230,2.23,0.07468532,4.3925395
2231,2.231,0.08917672,4.373252
2232,2.232,0.07467758,4.350535
2233,2.233,0.07708229,4.3761773
2234,2.234,0.079919174,4.372193
2235,2.235,0.08001964,4.3820586
2236,2.236,0.08137619,4.383467
2237,2.237,0.090350546,4.3430815
2238,2.238,0.078894325,4.350864
2239,2.239,0.09687126,4.3750505
2240,2.24,0.08418921,4.400446
2241,2.241,0.08112793,4.3510675
2242,2.242,0.08162864,4.39821
2243,2.243,0.094823375,4.392434
2244,2.244,0.08481847,4.4055157
2245,2.245,0.0971715,4.396135
2246,2.246,0.0836292,4.40378
2247,2.247,0.08040874,4.424565
2248,2.248,0.084661596,4.430227
2249,2.249,0.07341225,4.456505
2250,2.25,0.08276567,4.4557433
2251,2.251,0.08045329,4.4876738
2252,2.252,0.079522595,4.4277906
2253,2.253,0.08577257,4.448509
2254,2.254,0.07247966,4.4239335
2255,2.255,0.0768179,4.4400063
2256,2.256,0.074461326,4.4103513
2257,2.257,0.07857867,4.459351
2258,2.258,0.07173098,4.464489
2259,2.259,0.08081885,4.4537916
2260,2.26,0.0745296,4.4049144
2261,2.261,0.07024671,4.459901
2262,2.262,0.06251757,4.4807763
2263,2.263,0.07223683,4.5083876
2264,2.264,0.06172111,4.46521
2265,2.265,0.06052014,4.4611974
2266,2.266,0.061584238,4.469364
2267,2.267,0.062288795,4.5488396
2268,2.268,0.06551951,4.5230255
2269,2.269,0.06070323,4.4693065
2270,2.27,0.066577494,4.4944954
2271,2.271,0.06670845,4.4678473
2272,2.272,0.067030855,4.474481
2273,2.273,0.072337575,4.51754
2274,2.274,0.06659659,4.51646
2275,2.275,0.055200852,4.530106
2276,2.276,0.062176418,4.518748
2277,2.277,0.059132818,4.585736
2278,2.278,0.06436878,4.5743537
2279,2.279,0.05365791,4.5785055
2280,2.28,0.05113852,4.5683904
2281,2.281,0.06097209,4.5179653
2282,2.282,0.06367816,4.584972
2283,2.283,0.0682553,4.566594
2284,2.284,0.06629213,4.5489526
2285,2.285,0.07264692,4.528051
2286,2.286,0.07689611,4.5668874
2287,2.287,0.0698887,4.553713
2288,2.288,0.077824056,4.511777
2289,2.289,0.07638707,4.536321
2290,2.29,0.08306263,4.538083
2291,2.291,0.093566716,4.524643
2292,2.292,0.09164942,4.5153875
2293,2.293,0.08932955,4.5548096
2294,2.294,0.076965235,4.4982176
2295,2.295,0.08323918,4.524075
2296,2.296,0.08484027,4.5207353
2297,2.297,0.08804569,4.499049
2298,2.298,0.08043604,4.55415
2299,2.299,0.0895454,4.552677
2300,2.3,0.08435381,4.531533
2301,2.301,0.08416243,4.5074806
2302,2.302,0.0735499,4.5018263
2303,2.303,0.069913514,4.439211
2304,2.304,0.0734815,4.4596596
2305,2.305,0.06757019,4.4777956
2306,2.306,0.075882986,4.452763
2307,2.307,0.06791488,4.504829
2308,2.308,0.06273261,4.5206876
2309,2.309,0.084276356,4.483918
2310,2.31,0.072060585,4.4469023
2311,2.311,0.071949005,4.490865
2312,2.312,0.064812616,4.4800296
2313,2.313,0.06586616,4.479132
2314,2.314,0.0624963,4.470796
2315,2.315,0.06572737,4.4731236
2316,2.316,0.065686025,4.4584537
2317,2.317,0.0628256,4.429757
2318,2.318,0.06668679,4.4658766
2319,2.319,0.071266964,4.4888563
2320,2.32,0.06912534,4.4668665
2321,2.321,0.078697,4.5092025
2322,2.322,0.061286002,4.499845
2323,2.323,0.06651235,4.466452
2324,2.324,0.07065118,4.4934196
2325,2.325,0.06749145,4.5011373
2326,2.326,0.0592617,4.501251
2327,2.327,0.0655733,4.521062
2328,2.328,0.055571314,4.544255
2329,2.329,0.04727526,4.5416837
2330,2.33,0.05470018,4.5013075
2331,2.331,0.060358524,4.5334015
2332,2.332,0.065844215,4.500246
2333,2.333,0.06905842,4.4931517
2334,2.334,0.06546656,4.467427
2335,2.335,0.055352464,4.4028893
2336,2.336,0.056038424,4.419364
2337,2.337,0.061242603,4.435015
2338,2.338,0.053058896,4.3907394
2339,2.339,0.07173017,4.427466
2340,2.34,0.07756964,4.384399
2341,2.341,0.076486126,4.3742237
2342,2.342,0.077065796,4.379148
2343,2.343,0.06633397,4.3511643
2344,2.344,0.07954149,4.2944975
2345,2.345,0.068078086,4.3193774
2346,2.346,0.06837121,4.29106
2347,2.347,0.056730352,4.348273
2348,2.348,0.0654383,4.306477
2349,2.349,0.048094634,4.33773
2350,2.35,0.058256406,4.3720098
2351,2.351,0.061816555,4.385589
2352,2.352,0.06718244,4.362643
2353,2.353,0.06188851,4.329994
2354,2.354,0.06886901,4.358377
2355,2.355,0.056584474,4.345252
2356,2.356,0.05954678,4.3679757
2357,2.357,0.06302217,4.4424787
2358,2.358,0.058192875,4.3569074
2359,2.359,0.054911103,4.313595
2360,2.36,0.054613467,4.362289
2361,2.361,0.050190512,4.367675
2362,2.362,0.05138657,4.391351
2363,2.363,0.055741623,4.3327837
2364,2.364,0.054118045,4.351384
2365,2.365,0.05115095,4.3104324
2366,2.366,0.053344622,4.299597
2367,2.367,0.05198151,4.299953
2368,2.368,0.062607184,4.256684
2369,2.369,0.068300165,4.2608914
2370,2.37,0.0679302,4.317987
2371,2.371,0.0715341,4.3203487
2372,2.372,0.06944152,4.264295
2373,2.373,0.07406752,4.2452283
2374,2.374,0.07191847,4.2206144
2375,2.375,0.07080563,4.1959267
2376,2.376,0.078029506,4.2411046
2377,2.377,0.07684649,4.2192645
2378,2.378,0.06240838,4.2035093
2379,2.379,0.06480637,4.201987
2380,2.38,0.047565345,4.136673
2381,2.381,0.06537202,4.197021
2382,2.382,0.06936823,4.1471066
2383,2.383,0.048521765,4.1826982
2384,2.384,0.055117022,4.178648
2385,2.385,0.05286464,4.1734133
2386,2.386,0.052953128,4.192738
2387,2.387,0.0575527,4.183696
2388,2.388,0.05072887,4.167663
2389,2.389,0.06542417,4.172745
2390,2.39,0.057487383,4.2377954
2391,2.391,0.05688094,4.1987667
2392,2.392,0.05273876,4.1764035
2393,2.393,0.04730826,4.170718
2394,2.394,0.047853675,4.217771
2395,2.395,0.057198104,4.2132797
2396,2.396,0.06037863,4.162615
2397,2.397,0.0692064,4.2067156
2398,2.398,0.06358733,4.2246313
2399,2.399,0.063865766,4.202054
2400,2.4,0.061498772,4.225858
2401,2.401,0.055096045,4.216857
2402,2.402,0.06253328,4.2363286
2403,2.403,0.05759988,4.2357984
2404,2.404,0.05332078,4.2714686
2405,2.405,0.055828657,4.2396803
2406,2.406,0.050691254,4.2372756
2407,2.407,0.052593898,4.2414656
2408,2.408,0.054957397,4.210209
2409,2.409,0.05615691,4.2240076
2410,2.41,0.056956083,4.230094
2411,2.411,0.050609093,4.282978
2412,2.412,0.05302185,4.2570844
2413,2.413,0.060595542,4.246243
2414,2.414,0.0569642,4.278876
2415,2.415,0.060503904,4.301312
2416,2.416,0.057106074,4.2540126
2417,2.417,0.049529757,4.309881
2418,2.418,0.05254112,4.2704644
2419,2.419,0.053690217,4.3434005
2420,2.42,0.055744737,4.3389363
2421,2.421,0.048158284,4.341101
2422,2.422,0.05777722,4.333664
2423,2.423,0.05308939,4.3023376
2424,2.424,0.05634597,4.2821045
2425,2.425,0.055893842,4.2919574
2426,2.426,0.06951306,4.3100457
2427,2.427,0.07375002,4.3724995
2428,2.428,0.09161157,4.3848724
2429,2.429,0.07934724,4.2897215
2430,2.43,0.07475107,4.319952
2431,2.431,0.09059395,4.284316
2432,2.432,0.106097095,4.333428
2433,2.433,0.08942332,4.288631
2434,2.434,0.08368862,4.292993
2435,2.435,0.08324127,4.259235
2436,2.436,0.07831416,4.2294927
2437,2.437,0.071407944,4.304353
2438,2.438,0.084894754,4.25921
2439,2.439,0.078713164,4.270526
2440,2.44,0.08415969,4.289273
2441,2.441,0.08248516,4.284126
2442,2.442,0.08198403,4.281307
2443,2.443,0.07477658,4.3304715
2444,2.444,0.06973139,4.280945
2445,2.445,0.071838066,4.3500395
2446,2.446,0.09030127,4.3081503
2447,2.447,0.08463155,4.3164773
2448,2.448,0.081425175,4.2671523
2449,2.449,0.0801892,4.2606726
2450,2.45,0.08253139,4.201267
2451,2.451,0.098665476,4.2162313
2452,2.452,0.091050245,4.2455244
2453,2.453,0.08694847,4.243027
2454,2.454,0.07915616,4.2214785
2455,2.455,0.082686715,4.252747
2456,2.456,0.08830657,4.2299395
2457,2.457,0.08772475,4.2420673
2458,2.458,0.07851539,4.2388406
2459,2.459,0.07905606,4.2325325
2460,2.46,0.07820412,4.2082124
2461,2.461,0.08267623,4.233984
2462,2.462,0.085032165,4.2828526
2463,2.463,0.08578941,4.281277
2464,2.464,0.09263986,4.2725797
2465,2.465,0.08857256,4.2767496
2466,2.466,0.08691722,4.284891
2467,2.467,0.077925734,4.228135
2468,2.468,0.075381674,4.265578
2469,2.469,0.08541467,4.281401
2470,2.47,0.088031895,4.296603
2471,2.471,0.087297425,4.285259
2472,2.472,0.08394652,4.2718296
2473,2.473,0.07989241,4.271904
2474,2.474,0.0901847,4.219159
2475,2.475,0.08563769,4.242578
2476,2.476,0.0870116,4.276839
2477,2.477,0.085449174,4.290976
2478,2.478,0.07390737,4.259086
2479,2.479,0.09491963,4.2914124
2480,2.48,0.0932003,4.285649
2481,2.481,0.0933874,4.30441
2482,2.482,0.0888397,4.3643756
2483,2.483,0.08071867,4.3386164
2484,2.484,0.09714294,4.3491545
2485,2.485,0.09640294,4.284793
2486,2.486,0.08810475,4.326575
2487,2.487,0.073268026,4.3881044
2488,2.488,0.08233788,4.3849444
2489,2.489,0.07805024,4.350588
2490,2.49,0.07955311,4.3023834
2491,2.491,0.076810375,4.333865
2492,2.492,0.07954004,4.3502874
2493,2.493,0.088790245,4.361841
2494,2.494,0.08726762,4.3417325
2495,2.495,0.08657207,4.282077
2496,2.496,0.08302365,4.3554525
2497,2.497,0.09557561,4.358904
2498,2.498,0.07877775,4.3778605
2499,2.499,0.075551696,4.292194
2500,2.5,0.07566636,4.268806
2501,2.501,0.08821882,4.347341
2502,2.502,0.08570785,4.31644
2503,2.503,0.080285005,4.2787056
2504,2.504,0.080106266,4.3169436
2505,2.505,0.083983,4.354868
2506,2.506,0.09425848,4.3349023
2507,2.507,0.082243055,4.303513
2508,2.508,0.08117208,4.2861605
2509,2.509,0.081130065,4.294901
2510,2.51,0.08955444,4.3098598
2511,2.511,0.09094162,4.291151
2512,2.512,0.09282311,4.2482586
2513,2.513,0.08496417,4.293749
2514,2.514,0.08633541,4.2365723
2515,2.515,0.09725296,4.264065
2516,2.516,0.0865467,4.2894073
2517,2.517,0.09429527,4.2848783
2518,2.518,0.0944857,4.243114
2519,2.519,0.090736106,4.2526684
2520,2.52,0.09755203,4.2929254
2521,2.521,0.088954784,4.260263
2522,2.522,0.10283667,4.2407293
2523,2.523,0.107552,4.230408
2524,2.524,0.088948935,4.241322
2525,2.525,0.094395734,4.284548
2526,2.526,0.09277702,4.263499
2527,2.527,0.09609849,4.2638702
2528,2.528,0.11220055,4.2498703
2529,2.529,0.0926461,4.291778
2530,2.53,0.09389108,4.2829714
2531,2.531,0.09225098,4.289837
2532,2.532,0.08805356,4.3600802
2533,2.533,0.09266357,4.353531
2534,2.534,0.08835957,4.366866
2535,2.535,0.09253374,4.3794866
2536,2.536,0.09265109,4.3501925
2537,2.537,0.092103,4.39714
2538,2.538,0.07956837,4.3511724
2539,2.539,0.08753545,4.3998094
2540,2.54,0.07905094,4.3773856
2541,2.541,0.07550808,4.3892794
2542,2.542,0.094382875,4.3770456
2543,2.543,0.09218266,4.358835
2544,2.544,0.08411022,4.371491
2545,2.545,0.09191957,4.399885
2546,2.546,0.084915176,4.413783
2547,2.547,0.08844391,4.409423
2548,2.548,0.098627396,4.3918242
2549,2.549,0.09362785,4.4144816
2550,2.55,0.08945757,4.399255
2551,2.551,0.09708283,4.418026
2552,2.552,0.09072209,4.407918
2553,2.553,0.08006802,4.364727
2554,2.554,0.08822865,4.3794713
2555,2.555,0.09434061,4.367041
2556,2.556,0.08637356,4.3784437
2557,2.557,0.08844849,4.329344
2558,2.558,0.080140896,4.385691
2559,2.559,0.08907101,4.345342
2560,2.56,0.08842169,4.358902
2561,2.561,0.0902302,4.409927
2562,2.562,0.08840796,4.397543
2563,2.563,0.07981786,4.361501
2564,2.564,0.09422475,4.382394
2565,2.565,0.09093972,4.3463454
2566,2.566,0.09306625,4.358818
2567,2.567,0.09302526,4.3416686
2568,2.568,0.077870086,4.33546
2569,2.569,0.09773198,4.3578367
2570,2.57,0.101589814,4.341834
2571,2.571,0.08786169,4.3796663
2572,2.572,0.08588099,4.3560615
2573,2.573,0.090076976,4.353897
2574,2.574,0.0806893,4.3734107
2575,2.575,0.07958435,4.3786683
2576,2.576,0.081428014,4.340863
2577,2.577,0.08230137,4.3742757
2578,2.578,0.08019785,4.394948
2579,2.579,0.07411588,4.402408
2580,2.58,0.09308489,4.391684
2581,2.581,0.08573752,4.4042506
2582,2.582,0.09376973,4.3949738
2583,2.583,0.09422168,4.425709
2584,2.584,0.08567682,4.372589
2585,2.585,0.07903486,4.4505825
2586,2.586,0.0859227,4.456472
2587,2.587,0.076987006,4.4498506
2588,2.588,0.08607191,4.466921
2589,2.589,0.07603137,4.488267
2590,2.59,0.09088632,4.5007586
2591,2.591,0.088229306,4.4854803
2592,2.592,0.09402334,4.492708
2593,2.593,0.08733648,4.533337
2594,2.594,0.08412946,4.520487
2595,2.595,0.08855102,4.486145
2596,2.596,0.08746411,4.4491076
2597,2.597,0.077790625,4.508723
2598,2.598,0.07760465,4.4857316
2599,2.599,0.07421252,4.482953
2600,2.6,0.07798505,4.478176
2601,2.601,0.076116465,4.4643455
2602,2.602,0.09654074,4.454384
2603,2.603,0.08376731,4.4565897
2604,2.604,0.09500363,4.457184
2605,2.605,0.089228556,4.484002
2606,2.606,0.0948703,4.447567
2607,2.607,0.092441246,4.4626746
2608,2.608,0.09448448,4.4787517
2609,2.609,0.09550059,4.460668
2610,2.61,0.10660686,4.438062
2611,2.611,0.10503382,4.425219
2612,2.612,0.10419293,4.4326243
2613,2.613,0.10885749,4.433251
2614,2.614,0.10290129,4.39689
2615,2.615,0.07882323,4.4605217
2616,2.616,0.09890127,4.4596496
2617,2.617,0.10204338,4.4082193
2618,2.618,0.08576313,4.3925047
2619,2.619,0.099500805,4.4095683
2620,2.62,0.09750403,4.4396143
2621,2.621,0.1079725,4.4271545
2622,2.622,0.09811799,4.4537554
2623,2.623,0.09831925,4.404725
2624,2.624,0.10047944,4.4275107
2625,2.625,0.094602466,4.492573
2626,2.626,0.09940084,4.4687433
2627,2.627,0.09245625,4.4226093
2628,2.628,0.07659109,4.412045
2629,2.629,0.08493763,4.4595265
2630,2.63,0.085032165,4.456436
2631,2.631,0.0816074,4.4177303
2632,2.632,0.07894632,4.4117475
2633,2.633,0.0903806,4.4402423
2634,2.634,0.082254305,4.449001
2635,2.635,0.077070296,4.433473
2636,2.636,0.0669463,4.469535
2637,2.637,0.07111514,4.490618
2638,2.638,0.06794296,4.5085235
2639,2.639,0.06811374,4.4589825
2640,2.64,0.07338548,4.4482265
2641,2.641,0.06718502,4.5195045
2642,2.642,0.06707998,4.4595413
2643,2.643,0.07551114,4.539312
2644,2.644,0.074870825,4.486497
2645,2.645,0.059222676,4.472577
2646,2.646,0.07062827,4.464737
2647,2.647,0.078402676,4.4014163
2648,2.648,0.07732336,4.4378934
2649,2.649,0.07404176,4.4210196
2650,2.65,0.07173823,4.4798555
2651,2.651,0.06568866,4.407241
2652,2.652,0.068503805,4.449352
2653,2.653,0.057722174,4.415749
2654,2.654,0.07150985,4.3912797
2655,2.655,0.0747789,4.484818
2656,2.656,0.075664066,4.4608564
2657,2.657,0.074412405,4.459803
2658,2.658,0.07856764,4.4785476
2659,2.659,0.076696664,4.458889
2660,2.66,0.08062194,4.458637
2661,2.661,0.0721912,4.449085
2662,2.662,0.08929072,4.438253
2663,2.663,0.07105254,4.434958
2664,2.664,0.085272454,4.405095
2665,2.665,0.06652973,4.4146748
2666,2.666,0.08803124,4.4132133
2667,2.667,0.07259679,4.417138
2668,2.668,0.06823243,4.360226
2669,2.669,0.076259844,4.335215
2670,2.67,0.077401064,4.3720202
2671,2.671,0.07353025,4.3518047
2672,2.672,0.07079338,4.3593116
2673,2.673,0.08183514,4.3926034
2674,2.674,0.068876565,4.3577514
2675,2.675,0.069004,4.325784
2676,2.676,0.077568896,4.3228326
2677,2.677,0.07159709,4.371443
2678,2.678,0.07106961,4.3003163
2679,2.679,0.06445491,4.3011556
2680,2.68,0.07423432,4.3197494
2681,2.681,0.05980151,4.2828064
2682,2.682,0.074115105,4.3398337
2683,2.683,0.067433186,4.319484
2684,2.684,0.08303479,4.303789
2685,2.685,0.0794004,4.320687
2686,2.686,0.07804802,4.3670807
2687,2.687,0.078406364,4.330001
2688,2.688,0.08412396,4.3463454
2689,2.689,0.072060585,4.257027
2690,2.69,0.07140066,4.357269
2691,2.691,0.06639407,4.373397
2692,2.692,0.074300475,4.4215045
2693,2.693,0.07089699,4.382817
2694,2.694,0.057910115,4.343048
2695,2.695,0.06753168,4.335501
2696,2.696,0.061484672,4.2916427
2697,2.697,0.067448616,4.32446
2698,2.698,0.069160454,4.2862253
2699,2.699,0.060458988,4.3345623
2700,2.7,0.068869844,4.3212066
2701,2.701,0.07037002,4.3279405
2702,2.702,0.07581898,4.316662
2703,2.703,0.0641412,4.333183
2704,2.704,0.08248236,4.30142
2705,2.705,0.08076162,4.2600346
2706,2.706,0.06277866,4.306659
2707,2.707,0.072890766,4.3290887
2708,2.708,0.06829593,4.313879
2709,2.709,0.0683636,4.3199477
2710,2.71,0.07269703,4.3188524
2711,2.711,0.09058565,4.3043036
2712,2.712,0.07413304,4.3492928
2713,2.713,0.07427169,4.3134108
2714,2.714,0.070750915,4.295468
2715,2.715,0.06495425,4.3006263
2716,2.716,0.07342799,4.294914
2717,2.717,0.06316141,4.3259354
2718,2.718,0.0740199,4.3029923
2719,2.719,0.07608684,4.2587805
2720,2.72,0.06579241,4.2845726
2721,2.721,0.0696775,4.316932
2722,2.722,0.060174387,4.281707
2723,2.723,0.0671833,4.3086157
2724,2.724,0.06586704,4.3399334
2725,2.725,0.059813112,4.41113
2726,2.726,0.06802628,4.417125
2727,2.727,0.06820617,4.409989
2728,2.728,0.06405283,4.4071674
2729,2.729,0.06535699,4.5300746
2730,2.73,0.059498228,4.4225097
2731,2.731,0.05982277,4.527612
2732,2.732,0.061037466,4.47346
2733,2.733,0.06670759,4.407767
2734,2.734,0.05357383,4.5204225
2735,2.735,0.0568118,4.6761937
2736,2.736,0.070981726,4.430521
2737,2.737,0.0585829,4.39513
2738,2.738,0.06116517,4.41052
2739,2.739,0.05496686,4.396416
2740,2.74,0.06905842,4.38236
2741,2.741,0.056780253,4.3463273
2742,2.742,0.0634317,4.311325
2743,2.743,0.06095692,4.3102202
2744,2.744,0.06674656,4.3099103
2745,2.745,0.07346262,4.328854
2746,2.746,0.06909189,4.322874
2747,2.747,0.06748545,4.3746142
2748,2.748,0.059008554,4.4207664
2749,2.749,0.062238667,4.365554
2750,2.75,0.060747962,4.318924
2751,2.751,0.0672899,4.3186197
2752,2.752,0.05997716,4.34699
2753,2.753,0.05885261,4.3459935
2754,2.754,0.06294141,4.3189178
2755,2.755,0.068984725,4.3191333
2756,2.756,0.072768554,4.266061
2757,2.757,0.08281733,4.281618
2758,2.758,0.07399882,4.3212256
2759,2.759,0.06598189,4.304083
2760,2.76,0.0573656,4.2774334
2761,2.761,0.06569834,4.3388734
2762,2.762,0.050927866,4.350911
2763,2.763,0.050154798,4.3836184
2764,2.764,0.05198818,4.363127
2765,2.765,0.054769874,4.334076
2766,2.766,0.056299794,4.3541594
2767,2.767,0.062148523,4.3445
2768,2.768,0.05723043,4.3766093
2769,2.769,0.05269929,4.3924055
2770,2.77,0.056337763,4.362129
2771,2.771,0.0555349,4.3190494
2772,2.772,0.052005965,4.3889494
2773,2.773,0.053359788,4.4114637
2774,2.774,0.05187577,4.4351377
2775,2.775,0.054725535,4.409177
2776,2.776,0.05896054,4.4402885
2777,2.777,0.055397347,4.385487
2778,2.778,0.06107533,4.4013786
2779,2.779,0.07476499,4.3631454
2780,2.78,0.0643957,4.372182
2781,2.781,0.060022436,4.3724422
2782,2.782,0.059750266,4.3487577
2783,2.783,0.059205104,4.333667
2784,2.784,0.06634878,4.345552
2785,2.785,0.06131146,4.3496127
2786,2.786,0.058183935,4.3866405
2787,2.787,0.05941657,4.4233756
2788,2.788,0.062591486,4.3815336
2789,2.789,0.054356754,4.4135556
2790,2.79,0.055956885,4.4508157
2791,2.791,0.07067899,4.469275
2792,2.792,0.052613676,4.462571
2793,2.793,0.05781522,4.436285
2794,2.794,0.055882465,4.443254
2795,2.795,0.061188787,4.42558
2796,2.796,0.05576547,4.409054
2797,2.797,0.056775164,4.396923
2798,2.798,0.058844753,4.426164
2799,2.799,0.060426474,4.401461
2800,2.8,0.05883493,4.382705
2801,2.801,0.06258964,4.3962216
2802,2.802,0.06919972,4.3914094
2803,2.803,0.066400155,4.4109273
2804,2.804,0.060345117,4.4003696
2805,2.805,0.05770515,4.384775
2806,2.806,0.06844725,4.359597
2807,2.807,0.052462958,4.3719845
2808,2.808,0.05988168,4.3386235
2809,2.809,0.067766644,4.3835216
2810,2.81,0.07184691,4.3917503
2811,2.811,0.054598648,4.338821
2812,2.812,0.059436023,4.3666162
2813,2.813,0.059872992,4.3399653
2814,2.814,0.05813524,4.3782215
2815,2.815,0.0636491,4.366708
2816,2.816,0.05750347,4.3221974
2817,2.817,0.05834662,4.3279724
2818,2.818,0.0602742,4.3395214
2819,2.819,0.05528037,4.3239307
2820,2.82,0.05592589,4.294971
2821,2.821,0.050796043,4.2945385
2822,2.822,0.06079932,4.318191
2823,2.823,0.060999576,4.306446
2824,2.824,0.064543635,4.3441877
2825,2.825,0.06706275,4.343302
2826,2.826,0.062092695,4.3578835
2827,2.827,0.07191526,4.3422
2828,2.828,0.058076553,4.3811846
2829,2.829,0.062381517,4.348371
2830,2.83,0.0696775,4.3619356
2831,2.831,0.067402326,4.4017873
2832,2.832,0.085825786,4.4006977
2833,2.833,0.077043295,4.3938937
2834,2.834,0.07532184,4.4183536
2835,2.835,0.08476394,4.438263
2836,2.836,0.069936655,4.476669
2837,2.837,0.06470194,4.4589806
2838,2.838,0.0823891,4.4232235
2839,2.839,0.07419383,4.605044
2840,2.84,0.07160113,4.447351
2841,2.841,0.06317514,4.51527
2842,2.842,0.06487234,4.5869737
2843,2.843,0.061992083,4.439305
2844,2.844,0.069017395,4.429058
2845,2.845,0.059976194,4.461774
2846,2.846,0.056686528,4.461859
2847,2.847,0.057382725,4.414655
2848,2.848,0.07103545,4.4327736
2849,2.849,0.059364993,4.443504
2850,2.85,0.059005614,4.447757
2851,2.851,0.05703214,4.4204226
2852,2.852,0.06651322,4.384926
2853,2.853,0.056007475,4.382315
2854,2.854,0.060202233,4.3455057
2855,2.855,0.05709494,4.3830667
2856,2.856,0.063585505,4.3750844
2857,2.857,0.06637317,4.3528957
2858,2.858,0.07556623,4.373372
2859,2.859,0.065562725,4.337421
2860,2.86,0.069194704,4.323567
2861,2.861,0.06547009,4.3233504
2862,2.862,0.06682618,4.3780775
2863,2.863,0.0684084,4.341525
2864,2.864,0.063220866,4.3525267
2865,2.865,0.07148722,4.3431177
2866,2.866,0.0718622,4.328356
2867,2.867,0.07055049,4.3335857
2868,2.868,0.06707137,4.314864
2869,2.869,0.070829295,4.2626557
2870,2.87,0.062706806,4.280112
2871,2.871,0.06506983,4.303645
2872,2.872,0.074295804,4.2805157
2873,2.873,0.06727701,4.2628264
2874,2.874,0.071515515,4.24527
2875,2.875,0.06419074,4.2702274
2876,2.876,0.061903447,4.2909465
2877,2.877,0.06413128,4.37043
2878,2.878,0.06621798,4.366496
2879,2.879,0.063905574,4.303458
2880,2.88,0.052698195,4.3545494
2881,2.881,0.07176642,4.333118
2882,2.882,0.06471445,4.4216566
2883,2.883,0.06218478,4.361374
2884,2.884,0.06285963,4.4224725
2885,2.885,0.05848712,4.3909545
2886,2.886,0.062378734,4.4140115
2887,2.887,0.067162655,4.40811
2888,2.888,0.06940072,4.3774695
2889,2.889,0.07267397,4.327435
2890,2.89,0.07789235,4.2769012
2891,2.891,0.07713701,4.3216634
2892,2.892,0.07330904,4.3128195
2893,2.893,0.07509975,4.331039
2894,2.894,0.08144931,4.3374767
2895,2.895,0.076908134,4.341393
2896,2.896,0.0700341,4.369542
2897,2.897,0.07982004,4.3773074
2898,2.898,0.07607545,4.3497953
2899,2.899,0.08124681,4.3722796
2900,2.9,0.091205,4.381646
2901,2.901,0.08346524,4.3837633
2902,2.902,0.0925075,4.363792
2903,2.903,0.084026344,4.4020805
2904,2.904,0.0835483,4.3359156
2905,2.905,0.07872124,4.32832
2906,2.906,0.06759927,4.304963
2907,2.907,0.070186615,4.30565
2908,2.908,0.07585937,4.2572885
2909,2.909,0.07422965,4.284948
2910,2.91,0.0763568,4.306605
2911,2.911,0.06310557,4.3487573
2912,2.912,0.079522595,4.3541274
2913,2.913,0.0635955,4.3568077
2914,2.914,0.06808148,4.3219604
2915,2.915,0.059640855,4.340443
2916,2.916,0.059969448,4.3856964
2917,2.917,0.06642627,4.3367453
2918,2.918,0.061172727,4.374437
2919,2.919,0.0714484,4.3732624
2920,2.92,0.06371717,4.387029
2921,2.921,0.068974674,4.411107
2922,2.922,0.07693669,4.3707585
2923,2.923,0.073063426,4.3559937
2924,2.924,0.0708603,4.3978987
2925,2.925,0.0754154,4.416229
2926,2.926,0.08078523,4.388559
2927,2.927,0.07144031,4.3874397
2928,2.928,0.05666817,4.3597174
2929,2.929,0.06697478,4.4252133
2930,2.93,0.0494024,4.40278
2931,2.931,0.049481895,4.3573627
2932,2.932,0.05939614,4.4091473
2933,2.933,0.063461766,4.354308
2934,2.934,0.051598717,4.3739543
2935,2.935,0.063523665,4.3591175
2936,2.936,0.06413038,4.386072
2937,2.937,0.057822216,4.352481
2938,2.938,0.064732306,4.3489976
2939,2.939,0.06503873,4.3852453
2940,2.94,0.06662349,4.3903303
2941,2.941,0.06257856,4.373643
2942,2.942,0.077996165,4.3157926
2943,2.943,0.057822216,4.2988153
2944,2.944,0.06126242,4.327574
2945,2.945,0.06091139,4.3876123
2946,2.946,0.0631248,4.3645244
2947,2.947,0.056319296,4.348643
2948,2.948,0.058395144,4.336776
2949,2.949,0.063069835,4.3349876
2950,2.95,0.0617286,4.3423347
2951,2.951,0.05389008,4.3418975
2952,2.952,0.059726078,4.3197775
2953,2.953,0.058314912,4.25263
2954,2.954,0.056707934,4.3184633
2955,2.955,0.046580616,4.286002
2956,2.956,0.049258284,4.3601174
2957,2.957,0.059928957,4.2836337
2958,2.958,0.060166705,4.259167
2959,2.959,0.051211935,4.2543116
2960,2.96,0.05781322,4.2486176
2961,2.961,0.060283788,4.192618
2962,2.962,0.07395194,4.23605
2963,2.963,0.063826844,4.2291474
2964,2.964,0.06579856,4.2609944
2965,2.965,0.06949726,4.2209663
2966,2.966,0.061720174,4.2188115
2967,2.967,0.07631742,4.234705
2968,2.968,0.06748888,4.236429
2969,2.969,0.064343624,4.218062
2970,2.97,0.07958362,4.218029
2971,2.971,0.07398554,4.18034
2972,2.972,0.078561015,4.2057185
2973,2.973,0.06699808,4.1689706
2974,2.974,0.07150985,4.2113
2975,2.975,0.07049394,4.2051964
2976,2.976,0.07426001,4.2302284
2977,2.977,0.07985985,4.2613306
2978,2.978,0.07845648,4.2732553
2979,2.979,0.073236465,4.2337213
2980,2.98,0.07324041,4.2365484
2981,2.981,0.074755706,4.197982
2982,2.982,0.06733712,4.214675
2983,2.983,0.06924147,4.194274
2984,2.984,0.06385943,4.2194567
2985,2.985,0.057824217,4.312264
2986,2.986,0.050445512,4.2824492
2987,2.987,0.06251849,4.277161
2988,2.988,0.06994409,4.265328
2989,2.989,0.07143303,4.257831
2990,2.99,0.061098985,4.20017
2991,2.991,0.06669112,4.229669
2992,2.992,0.07330904,4.238684
2993,2.993,0.065981016,4.2875776
2994,2.994,0.06462149,4.230718
2995,2.995,0.06517456,4.276308
2996,2.996,0.056761928,4.2434335
2997,2.997,0.06669979,4.249205
2998,2.998,0.065313645,4.263025
2999,2.999,0.061253928,4.227274
3000,3.0,0.07057588,4.2553806
3001,3.001,0.0628725,4.263013
3002,3.002,0.05564511,4.2307467
3003,3.003,0.063332304,4.2269835
3004,3.004,0.055355597,4.27055
3005,3.005,0.055415083,4.256087
3006,3.006,0.07046031,4.2793646
3007,3.007,0.05986527,4.3221207
3008,3.008,0.059875887,4.3282127
3009,3.009,0.06839065,4.705287
3010,3.01,0.0653393,4.8390045
3011,3.011,0.064343624,4.8052683
3012,3.012,0.062232167,4.817895
3013,3.013,0.060591724,4.3800073
3014,3.014,0.059033036,4.356871
3015,3.015,0.06572825,4.36416
3016,3.016,0.069105275,4.3795385
3017,3.017,0.055910382,4.355333
3018,3.018,0.071233705,4.3921432
3019,3.019,0.068789236,4.3556647
3020,3.02,0.057464257,4.3818088
3021,3.021,0.04720307,4.3372455
3022,3.022,0.0645499,4.74985
3023,3.023,0.0703314,4.7731724
3024,3.024,0.06633223,4.8029623
3025,3.025,0.06104125,4.7079377
3026,3.026,0.0742569,4.4152493
3027,3.027,0.06272616,4.618096
3028,3.028,0.05318076,4.6569185
3029,3.029,0.056030173,4.3955574
3030,3.03,0.057733186,4.348679
3031,3.031,0.063503645,4.4167094
3032,3.032,0.072395876,4.4161024
3033,3.033,0.07011576,4.420012
3034,3.034,0.067153186,4.4057817
3035,3.035,0.0802137,4.391002
3036,3.036,0.07215597,4.4188633
3037,3.037,0.06259979,4.3446608
3038,3.038,0.065975755,4.4373956
3039,3.039,0.0670662,4.4144616
3040,3.04,0.06474302,4.460024
3041,3.041,0.057444137,4.462634
3042,3.042,0.053501498,4.4134135
3043,3.043,0.06468854,4.41233
3044,3.044,0.057851195,4.4538674
3045,3.045,0.05948171,4.4634457
3046,3.046,0.057213258,4.444694
3047,3.047,0.06336971,4.4467077
3048,3.048,0.06071751,4.428871
3049,3.049,0.0758266,4.4044905
3050,3.05,0.062471326,4.4819994
3051,3.051,0.075254284,4.471318
3052,3.052,0.072478056,4.4491634
3053,3.053,0.072480455,4.475071
3054,3.054,0.07837319,4.4191685
3055,3.055,0.07967726,4.4313655
3056,3.056,0.0937056,4.4500456
3057,3.057,0.07629546,4.4728565
3058,3.058,0.07255299,4.4624248
3059,3.059,0.073698275,4.3979845
3060,3.06,0.07098661,4.450598
3061,3.061,0.07626288,4.3559823
3062,3.062,0.0858931,4.365539
3063,3.063,0.07158417,4.2337914
3064,3.064,0.07986347,4.2962832
3065,3.065,0.066852994,4.2572308
3066,3.066,0.068757296,4.265291
3067,3.067,0.067610376,4.284853
3068,3.068,0.065494806,4.272885
3069,3.069,0.07101348,4.2990546
3070,3.07,0.07145326,4.287422
3071,3.071,0.074448906,4.3466496
3072,3.072,0.06645932,4.31352
3073,3.073,0.074507885,4.3233104
3074,3.074,0.064573176,4.3050838
3075,3.075,0.07758007,4.2875743
3076,3.076,0.072909005,4.290086
3077,3.077,0.0728749,4.2427807
3078,3.078,0.06482599,4.2393713
3079,3.079,0.07260634,4.2744236
3080,3.08,0.07034127,4.323842
3081,3.081,0.07784113,4.32743
3082,3.082,0.0717479,4.3246584
3083,3.083,0.05854342,4.3702846
3084,3.084,0.0605526,4.3496227
3085,3.085,0.061312404,4.3155484
3086,3.086,0.06846498,4.308007
3087,3.087,0.075704545,4.3149776
3088,3.088,0.06839488,4.2797723
3089,3.089,0.07531186,4.287267
3090,3.09,0.06701102,4.319006
3091,3.091,0.076567695,4.2957654
3092,3.092,0.08099887,4.3210897
3093,3.093,0.08608265,4.3311677
3094,3.094,0.08466091,4.3566055
3095,3.095,0.074510984,4.331624
3096,3.096,0.07356797,4.2519307
3097,3.097,0.07096626,4.295526
3098,3.098,0.07467061,4.255884
3099,3.099,0.086336076,4.229485
3100,3.1,0.09763139,4.240556
3101,3.101,0.09124365,4.260999
3102,3.102,0.07327197,4.24907
3103,3.103,0.07329011,4.1844244
3104,3.104,0.07085622,4.212133
3105,3.105,0.079225495,4.214984
3106,3.106,0.07413849,4.2653513
3107,3.107,0.07827799,4.2790346
3108,3.108,0.067065336,4.3386917
3109,3.109,0.076345444,4.360492
3110,3.11,0.072671585,4.3241076
3111,3.111,0.060387246,4.312027
3112,3.112,0.05557027,4.261063
3113,3.113,0.055703245,4.2948103
3114,3.114,0.058565136,4.2444263
3115,3.115,0.06466888,4.28849
3116,3.116,0.065558314,4.2598267
3117,3.117,0.05919046,4.285425
3118,3.118,0.056554843,4.254226
3119,3.119,0.0617286,4.2493777
3120,3.12,0.064357996,4.2897067
3121,3.121,0.05900072,4.29266
3122,3.122,0.05909762,4.30585
3123,3.123,0.06775896,4.3555417
3124,3.124,0.077163234,4.31815
3125,3.125,0.08194172,4.3587394
3126,3.126,0.077907935,4.3779817
3127,3.127,0.07437045,4.35319
3128,3.128,0.08426744,4.384207
3129,3.129,0.08346247,4.391215
3130,3.13,0.07866248,4.4505157
3131,3.131,0.07387217,4.445122
3132,3.132,0.074462876,4.441223
3133,3.133,0.059313368,4.6939697
3134,3.134,0.06138589,4.6342874
3135,3.135,0.05327957,4.8114934
3136,3.136,0.060304876,4.4530406
3137,3.137,0.055206086,4.468511
3138,3.138,0.07107043,4.4881344
3139,3.139,0.070335515,4.4785247
3140,3.14,0.06666512,4.480464
3141,3.141,0.06537644,4.486697
3142,3.142,0.07960323,4.449027
3143,3.143,0.07302465,4.467487
3144,3.144,0.06777773,4.4217033
3145,3.145,0.061150044,4.3886385
3146,3.146,0.06864035,4.3501296
3147,3.147,0.06746917,4.3396015
3148,3.148,0.06519938,4.3703246
3149,3.149,0.063795134,4.3382883
3150,3.15,0.06804242,4.338707
3151,3.151,0.06582929,4.3258176
3152,3.152,0.06797018,4.3610277
3153,3.153,0.071283996,4.359739
3154,3.154,0.07302228,4.3701587
3155,3.155,0.08167466,5.1991014
3156,3.156,0.07940986,5.2523427
3157,3.157,0.09298983,4.4712067
3158,3.158,0.0941683,4.4458914
3159,3.159,0.09423579,4.4541597
3160,3.16,0.08610749,4.4604115
3161,3.161,0.097595274,4.425298
3162,3.162,0.09216196,4.49224
3163,3.163,0.07929113,4.473509
3164,3.164,0.08161448,4.5081244
3165,3.165,0.08349363,4.4856515
3166,3.166,0.07974904,4.47579
3167,3.167,0.0736355,4.4573593
3168,3.168,0.07000934,5.404798
3169,3.169,0.0673826,5.4450555
3170,3.17,0.06662349,5.3711195
3171,3.171,0.06606156,5.2595506
3172,3.172,0.06297813,5.358396
3173,3.173,0.057304107,5.2761216
3174,3.174,0.062246095,5.3357773
3175,3.175,0.059699945,5.443954
3176,3.176,0.062228452,5.3825126
3177,3.177,0.053504735,5.389964
3178,3.178,0.06351548,5.286802
3179,3.179,0.055433854,5.3659883
3180,3.18,0.055223882,5.3696365
3181,3.181,0.062706806,5.278416
3182,3.182,0.07118095,5.339418
3183,3.183,0.056852482,5.278356
3184,3.184,0.057494424,5.286201
3185,3.185,0.062252596,5.1635323
3186,3.186,0.061514746,5.1295547
3187,3.187,0.061854877,5.02895
3188,3.188,0.05514952,5.0520144
3189,3.189,0.05817897,5.083041
3190,3.19,0.05037672,5.007521
3191,3.191,0.064126775,5.1091557
3192,3.192,0.059547752,5.0833235
3193,3.193,0.05617646,5.243567
3194,3.194,0.04874401,5.293103
3195,3.195,0.045894343,5.3370433
3196,3.196,0.04957525,5.4058833
3197,3.197,0.055487003,5.3298974
3198,3.198,0.050048664,5.2838264
3199,3.199,0.055235393,5.3023887
3200,3.2,0.05211255,5.4079247
3201,3.201,0.059880715,5.2667027
3202,3.202,0.05584936,5.2503576
3203,3.203,0.066412345,5.2875433
3204,3.204,0.06278142,5.4042435
3205,3.205,0.053577065,5.347635
3206,3.206,0.049788147,5.288738
3207,3.207,0.06719535,5.2379346
3208,3.208,0.07631818,5.312229
3209,3.209,0.06766507,5.3872433
3210,3.21,0.07133911,5.389353
3211,3.211,0.06526141,5.3248553
3212,3.212,0.063816875,5.3030834
3213,3.213,0.069160454,5.330456
3214,3.214,0.07056851,5.235832
3215,3.215,0.061555136,5.1713915
3216,3.216,0.05967186,5.149617
3217,3.217,0.042962022,5.2734857
3218,3.218,0.05909273,5.144581
3219,3.219,0.058751367,5.113062
3220,3.22,0.06479924,5.2797537
3221,3.221,0.06782717,5.298469
3222,3.222,0.06606243,5.3657665
3223,3.223,0.06054019,5.429677
3224,3.224,0.06796933,5.4173937
3225,3.225,0.060979676,5.3611207
3226,3.226,0.055922788,5.3840623
3227,3.227,0.06905256,5.3821335
3228,3.228,0.075597584,5.465464
3229,3.229,0.06583017,5.491678
3230,3.23,0.061879165,5.436215
3231,3.231,0.06694716,5.3561783
3232,3.232,0.07274949,5.434183
3233,3.233,0.06396253,5.455028
3234,3.234,0.07079991,5.551015
3235,3.235,0.06200234,5.5360227
3236,3.236,0.06782887,5.693968
3237,3.237,0.06909523,5.645299
3238,3.238,0.07165681,5.528835
3239,3.239,0.07518513,5.619713
3240,3.24,0.07667782,5.690191
3241,3.241,0.05909273,5.5292425
3242,3.242,0.05765304,5.524738
3243,3.243,0.06325925,5.56133
3244,3.244,0.066706724,5.6146526
3245,3.245,0.07229521,5.6351805
3246,3.246,0.08223603,4.570687
3247,3.247,0.07610659,4.5778775
3248,3.248,0.07111514,5.723936
3249,3.249,0.07645438,5.7543135
3250,3.25,0.07465668,5.7853007
3251,3.251,0.07896755,5.687661
3252,3.252,0.07258325,5.687491
3253,3.253,0.08454887,5.7150173
3254,3.254,0.08775439,5.659346
3255,3.255,0.10040866,5.7313395
3256,3.256,0.0865901,5.7449865
3257,3.257,0.08420706,5.7012978
3258,3.258,0.08114716,4.6217537
3259,3.259,0.082958184,4.6625214
3260,3.26,0.10314197,5.844384
3261,3.261,0.09573995,4.6679373
3262,3.262,0.10510149,4.6614003
3263,3.263,0.09734028,5.8285284
3264,3.264,0.099700436,4.6933517
3265,3.265,0.11453759,4.616842
3266,3.266,0.11011443,4.6587806
3267,3.267,0.111743726,4.6109157
3268,3.268,0.080825284,4.6265893
3269,3.269,0.07814867,4.596658
3270,3.27,0.08791364,4.6575556
3271,3.271,0.06784932,4.6438694
3272,3.272,0.07486387,4.687905
3273,3.273,0.07092226,4.7113605
3274,3.274,0.07929259,4.6129184
3275,3.275,0.08044323,4.6010284
3276,3.276,0.068317086,4.6371017
3277,3.277,0.07062172,4.620327
3278,3.278,0.06692558,4.6103063
3279,3.279,0.05767108,4.6471524
3280,3.28,0.051211935,6.1153216
3281,3.281,0.04909374,4.6267853
3282,3.282,0.04452642,4.6690626
3283,3.283,0.067398034,4.6583986
3284,3.284,0.05106274,6.0285807
3285,3.285,0.05715767,4.654407
3286,3.286,0.0562248,6.063426
3287,3.287,0.052297443,4.637877
3288,3.288,0.055900045,4.64731
3289,3.289,0.056622252,6.1105275
3290,3.29,0.065456845,4.656972
3291,3.291,0.05089494,4.6348915
3292,3.292,0.05470969,4.6457286
3293,3.293,0.06613938,4.6143184
3294,3.294,0.066775136,4.619897
3295,3.295,0.060443692,4.6296287
3296,3.296,0.05963989,4.6306167
3297,3.297,0.065175444,4.5857973
3298,3.298,0.062775895,4.605994
3299,3.299,0.062268376,4.6327057
3300,3.3,0.056245357,4.621666
3301,3.301,0.05790712,4.6470685
3302,3.302,0.05967767,4.608222
3303,3.303,0.054543573,4.6561866
3304,3.304,0.06697996,4.6492004
3305,3.305,0.062226593,4.63311
3306,3.306,0.07864631,4.626947
3307,3.307,0.070975214,4.667278
3308,3.308,0.07426079,4.7137933
3309,3.309,0.07119719,4.649227
3310,3.31,0.07213353,4.6561327
3311,3.311,0.08025188,4.6301136
3312,3.312,0.06842107,4.5801477
3313,3.313,0.063103735,4.614386
3314,3.314,0.07181795,4.5676703
3315,3.315,0.057638,4.5824
3316,3.316,0.07334451,4.5670834
3317,3.317,0.06722372,4.6089363
3318,3.318,0.066949755,4.6444297
3319,3.319,0.05987685,4.63381
3320,3.32,0.06533045,4.644223
3321,3.321,0.06857043,4.6416855
3322,3.322,0.05848811,4.6264515
3323,3.323,0.05487109,4.6931534
3324,3.324,0.070342086,4.661994
3325,3.325,0.06147715,4.59986
3326,3.326,0.064587496,4.5983243
3327,3.327,0.06298088,4.617685
3328,3.328,0.06034799,4.6256022
3329,3.329,0.05957686,4.653093
3330,3.33,0.059952095,4.6069293
3331,3.331,0.060664177,4.6763783
3332,3.332,0.058987003,4.607007
3333,3.333,0.051396694,4.6743164
3334,3.334,0.04366791,4.6208253
3335,3.335,0.04653592,4.5884666
3336,3.336,0.051436037,4.64158
3337,3.337,0.061858613,4.6356816
3338,3.338,0.07175515,4.6491575
3339,3.339,0.057905123,4.652794
3340,3.34,0.055357687,4.6215963
3341,3.341,0.057022005,4.664072
3342,3.342,0.06444237,4.6581883
3343,3.343,0.07389564,4.6046476
3344,3.344,0.06541975,4.620654
3345,3.345,0.0740199,4.628977
3346,3.346,0.07682392,4.6352105
3347,3.347,0.08267274,4.6059628
3348,3.348,0.07849257,4.622733
3349,3.349,0.097106054,4.602015
3350,3.35,0.098385654,4.6554418
3351,3.351,0.07773339,4.6003942
3352,3.352,0.074346356,4.620953
3353,3.353,0.06330766,4.5978727
3354,3.354,0.06800844,4.5815835
3355,3.355,0.064302295,4.656126
3356,3.356,0.06739289,4.635554
3357,3.357,0.07399178,4.6292553
3358,3.358,0.07187587,4.594757
3359,3.359,0.061027993,4.60341
3360,3.36,0.055622254,4.6366596
3361,3.361,0.061798785,4.6144266
3362,3.362,0.060957868,4.6322393
3363,3.363,0.054303557,4.631404
3364,3.364,0.068245135,4.557409
3365,3.365,0.06445134,4.5379324
3366,3.366,0.06561031,4.568309
3367,3.367,0.057007816,4.563074
3368,3.368,0.053700984,4.5564656
3369,3.369,0.056587536,4.516203
3370,3.37,0.05202041,4.5606437
3371,3.371,0.059527364,4.587301
3372,3.372,0.055650305,4.596347
3373,3.373,0.059352335,4.616588
3374,3.374,0.068905085,4.557669
3375,3.375,0.06920222,4.59275
3376,3.376,0.0785794,4.5757446
3377,3.377,0.06350729,4.580517
3378,3.378,0.062257238,4.5852757
3379,3.379,0.069614425,4.532206
3380,3.38,0.08230628,4.5773745
3381,3.381,0.063387945,4.5790462
3382,3.382,0.060043614,4.556188
3383,3.383,0.058708064,4.554791
3384,3.384,0.059408788,4.6164117
3385,3.385,0.06819684,4.6199775
3386,3.386,0.059104465,4.5347657
3387,3.387,0.057543658,4.566879
3388,3.388,0.058265336,4.557839
3389,3.389,0.06611228,4.5543437
3390,3.39,0.06568778,4.5828958
3391,3.391,0.06753596,4.623946
3392,3.392,0.07046851,4.570771
3393,3.393,0.05247067,4.594826
3394,3.394,0.05387077,4.5852256
3395,3.395,0.0477509,4.542233
3396,3.396,0.058301035,4.5641365
3397,3.397,0.05924902,4.604639
3398,3.398,0.05498999,4.6177864
3399,3.399,0.0536956,4.622907
3400,3.4,0.058562174,4.5982575
3401,3.401,0.054714974,4.5648108
3402,3.402,0.060158055,4.5712624
3403,3.403,0.057326294,4.54165
3404,3.404,0.07192329,4.5357637
3405,3.405,0.06533753,4.5512223
3406,3.406,0.065310106,4.54996
3407,3.407,0.063863054,4.498619
3408,3.408,0.0672624,4.5304165
3409,3.409,0.06387663,4.5562925
3410,3.41,0.06293131,4.5715904
3411,3.411,0.05651497,4.5790715
3412,3.412,0.048715543,4.608282
3413,3.413,0.055215508,4.5818877
3414,3.414,0.07153814,4.5541058
3415,3.415,0.07421252,4.547737
3416,3.416,0.06394084,4.582122
3417,3.417,0.056784324,4.604181
3418,3.418,0.057982925,4.5677457
3419,3.419,0.047901966,4.596634
3420,3.42,0.07166891,4.591377
3421,3.421,0.064402886,4.599433
3422,3.422,0.053799912,4.54823
3423,3.423,0.05717688,4.5548387
3424,3.424,0.06213085,4.539159
3425,3.425,0.056109548,4.5544934
3426,3.426,0.05681282,4.6115775
3427,3.427,0.06403117,4.5866785
3428,3.428,0.064294204,4.6123476
3429,3.429,0.055769615,4.5377584
3430,3.43,0.055769615,4.583191
3431,3.431,0.05200374,4.5752063
3432,3.432,0.05672118,4.556073
3433,3.433,0.05113513,4.5334067
3434,3.434,0.06327935,4.53439
3435,3.435,0.055581715,4.5434203
3436,3.436,0.051731844,4.596076
3437,3.437,0.052307386,4.5581117
3438,3.438,0.048977047,4.468775
3439,3.439,0.049467873,4.4820113
3440,3.44,0.05155501,4.4895134
3441,3.441,0.05484475,4.59153
3442,3.442,0.05166812,4.571101
3443,3.443,0.05444281,4.539421
3444,3.444,0.056127056,4.590558
3445,3.445,0.06709808,4.64569
3446,3.446,0.06886649,4.642589
3447,3.447,0.06407448,4.597478
3448,3.448,0.062635794,4.6253247
3449,3.449,0.059695102,4.572516
3450,3.45,0.04870249,4.5722656
3451,3.451,0.05898406,4.5686936
3452,3.452,0.06753767,4.55363
3453,3.453,0.06415831,4.5249653
3454,3.454,0.052683935,4.54415
3455,3.455,0.057115182,4.5598106
3456,3.456,0.058606572,4.5551934
3457,3.457,0.059831467,4.5776367
3458,3.458,0.054240726,4.5636873
3459,3.459,0.066754356,4.572487
3460,3.46,0.05317098,4.5832934
3461,3.461,0.06764029,4.691751
3462,3.462,0.069055066,4.5991845
3463,3.463,0.062757485,4.611025
3464,3.464,0.057914108,4.625399
3465,3.465,0.06731137,4.6306796
3466,3.466,0.06860582,4.6118674
3467,3.467,0.059976194,4.630694
3468,3.468,0.061028942,4.578878
3469,3.469,0.07308241,4.5726633
3470,3.47,0.0677163,4.6202707
3471,3.471,0.065201156,4.6120296
3472,3.472,0.060371928,4.6305194
3473,3.473,0.069075994,4.617594
3474,3.474,0.07384087,4.605559
3475,3.475,0.078505084,4.6148744
3476,3.476,0.08115428,4.596765
3477,3.477,0.088423,4.573556
3478,3.478,0.086923204,4.625027
3479,3.479,0.07877922,4.625348
3480,3.48,0.07559452,4.557502
3481,3.481,0.06950974,4.6016893
3482,3.482,0.065012954,4.5863533
3483,3.483,0.07489089,4.6021314
3484,3.484,0.083723135,4.647224
3485,3.485,0.086407684,4.5829268
3486,3.486,0.079103574,4.582935
3487,3.487,0.07273121,4.566949
3488,3.488,0.066184804,4.5924354
3489,3.489,0.06921224,4.5655107
3490,3.49,0.07430514,4.610745
3491,3.491,0.06711444,4.553096
3492,3.492,0.07435413,4.5667024
3493,3.493,0.0647198,4.575903
3494,3.494,0.073807985,4.5586314
3495,3.495,0.07409873,4.5156326
3496,3.496,0.074294254,4.54944
3497,3.497,0.07257051,4.5177417
3498,3.498,0.07312036,4.560015
3499,3.499,0.07096788,4.6360736
3500,3.5,0.0691337,4.5497255
3501,3.501,0.07292327,4.6230264
3502,3.502,0.07267238,4.586644
3503,3.503,0.07050705,4.573297
3504,3.504,0.07603061,4.5512943
3505,3.505,0.08139465,4.549505
3506,3.506,0.069943264,4.5783343
3507,3.507,0.06349272,4.536505
3508,3.508,0.06626684,4.539901
3509,3.509,0.078944854,4.512548
3510,3.51,0.08693052,4.5546303
3511,3.511,0.08049207,4.51484
3512,3.512,0.075143605,4.5324445
3513,3.513,0.0838087,4.5213094
3514,3.514,0.090896495,4.494133
3515,3.515,0.08434011,4.4645286
3516,3.516,0.08896778,4.4320316
3517,3.517,0.089715,4.418622
3518,3.518,0.08202279,4.393654
3519,3.519,0.074186035,4.3671145
3520,3.52,0.071046025,4.3583517
3521,3.521,0.07220321,4.3258867
3522,3.522,0.08224868,4.3002057
3523,3.523,0.07249879,4.300899
3524,3.524,0.07132858,4.394615
3525,3.525,0.07655939,4.4472795
3526,3.526,0.084092356,4.4099493
3527,3.527,0.08872708,4.4124703
3528,3.528,0.07077052,4.3541884
3529,3.529,0.05656506,4.3992376
3530,3.53,0.073235676,4.3605084
3531,3.531,0.06732511,4.3624063
3532,3.532,0.07502968,4.3337603
3533,3.533,0.06741433,4.218067
3534,3.534,0.08680743,4.2914968
3535,3.535,0.08795242,4.3337927
3536,3.536,0.094356544,4.3769474
3537,3.537,0.10351954,4.3705764
3538,3.538,0.101943076,4.4004483
3539,3.539,0.08978004,4.348752
3540,3.54,0.09761304,4.389934
3541,3.541,0.07934068,4.388905
3542,3.542,0.07505741,4.4148617
3543,3.543,0.07837097,4.315492
3544,3.544,0.0826007,4.344962
3545,3.545,0.08547555,4.346278
3546,3.546,0.08031452,4.3821197
3547,3.547,0.09607984,4.447082
3548,3.548,0.08424617,4.511805
3549,3.549,0.07943533,4.4392242
3550,3.55,0.07063481,4.395699
3551,3.551,0.08076734,4.39787
3552,3.552,0.0670843,4.3945055
3553,3.553,0.06758472,4.3503923
3554,3.554,0.067656524,4.384955
3555,3.555,0.06548421,4.3091
3556,3.556,0.072874114,4.3265
3557,3.557,0.061000522,4.3590746
3558,3.558,0.06803308,4.3492846
3559,3.559,0.06131429,4.323803
3560,3.56,0.061672397,4.275294
3561,3.561,0.0700143,4.265955
3562,3.562,0.08273005,4.254307
3563,3.563,0.09100008,4.268407
3564,3.564,0.077766106,4.2360096
3565,3.565,0.075019665,4.2618265
3566,3.566,0.07241982,4.236441
3567,3.567,0.053751543,4.2735004
3568,3.568,0.056899227,4.201676
3569,3.569,0.066642575,4.231833
3570,3.57,0.07392379,4.2951894
3571,3.571,0.06487234,4.258226
3572,3.572,0.066136755,4.2539744
3573,3.573,0.067234896,4.2502494
3574,3.574,0.0643598,4.265089
3575,3.575,0.06832216,4.255906
3576,3.576,0.06039586,4.2537117
3577,3.577,0.06732167,4.205847
3578,3.578,0.067373164,4.271022
3579,3.579,0.053868625,4.2157083
3580,3.58,0.061180282,4.2223926
3581,3.581,0.0653508,4.246668
3582,3.582,0.0749688,4.3106723
3583,3.583,0.06305517,4.2381935
3584,3.584,0.05862235,4.236562
3585,3.585,0.07891337,4.2262764
3586,3.586,0.08001097,4.2568974
3587,3.587,0.07080155,4.3560777
3588,3.588,0.06867824,4.312701
3589,3.589,0.060974933,4.2708917
3590,3.59,0.06256008,4.2332625
3591,3.591,0.06272893,4.2421165
3592,3.592,0.067941256,4.26662
3593,3.593,0.067512855,4.2755437
3594,3.594,0.08189233,4.2862763
3595,3.595,0.06989532,4.3268523
3596,3.596,0.07229841,4.2980046
3597,3.597,0.06387663,4.2671695
3598,3.598,0.07328144,4.2509394
3599,3.599,0.07196266,4.2765164
3600,3.6,0.06868412,4.19551
3601,3.601,0.07044144,4.1994753
3602,3.602,0.076813385,4.236538
3603,3.603,0.064470164,4.2349896
3604,3.604,0.06222102,4.2036905
3605,3.605,0.0661979,4.1177325
3606,3.606,0.07763965,4.0900364
3607,3.607,0.07174387,4.080989
3608,3.608,0.05948171,4.034236
3609,3.609,0.06492666,4.0005927
3610,3.61,0.063180625,7.0006776
3611,3.611,0.056329556,6.9379635
3612,3.612,0.06407448,6.9018207
3613,3.613,0.06211131,7.020765
3614,3.614,0.05984499,3.9205227
3615,3.615,0.056763966,3.9233184
3616,3.616,0.06389653,3.9316697
3617,3.617,0.06034895,3.920076
3618,3.618,0.06826377,3.9407468
3619,3.619,0.06294325,3.8674703
3620,3.62,0.07256095,3.8732862
3621,3.621,0.07576941,3.8739142
3622,3.622,0.067955725,3.8465655
3623,3.623,0.07486233,3.9271028
3624,3.624,0.06921642,3.9474938
3625,3.625,0.06397609,3.9320152
3626,3.626,0.08315721,3.9312203
3627,3.627,0.075862415,3.8833807
3628,3.628,0.08216783,3.868033
3629,3.629,0.08239963,3.9137022
3630,3.63,0.07678479,3.9253936
3631,3.631,0.07032647,3.927832
3632,3.632,0.067172974,3.9835052
3633,3.633,0.071674556,3.968072
3634,3.634,0.07208224,3.952955
3635,3.635,0.07440619,3.9543917
3636,3.636,0.07302307,3.9589725
3637,3.637,0.08153371,4.1026206
3638,3.638,0.077026784,4.04892
3639,3.639,0.06332409,4.0746784
3640,3.64,0.062448192,4.060013
3641,3.641,0.060628917,4.0691667
3642,3.642,0.07241264,4.1229396
3643,3.643,0.06807384,4.0531936
3644,3.644,0.07129129,4.0906773
3645,3.645,0.0678919,4.15089
3646,3.646,0.06836445,4.189208
3647,3.647,0.06851815,4.1950827
3648,3.648,0.06311564,4.135739
3649,3.649,0.06421505,4.1679378
3650,3.65,0.06212713,4.1687565
3651,3.651,0.05606936,4.1884065
3652,3.652,0.058572043,4.1541414
3653,3.653,0.06337518,4.1713643
3654,3.654,0.058701172,4.2056804
3655,3.655,0.056212462,4.1563044
3656,3.656,0.06284308,4.1396413
3657,3.657,0.049800914,4.130114
3658,3.658,0.05001632,4.1449203
3659,3.659,0.05211144,4.1854777
3660,3.66,0.050769866,4.1568804
3661,3.661,0.05392439,4.146119
3662,3.662,0.049425792,4.275688
3663,3.663,0.05690532,4.205322
3664,3.664,0.06557065,4.253957
3665,3.665,0.073394924,4.2202373
3666,3.666,0.06986306,4.203042
3667,3.667,0.064937346,4.2258635
3668,3.668,0.07650048,4.27184
3669,3.669,0.08099031,4.2259045
3670,3.67,0.07227922,4.2607303
3671,3.671,0.07609216,4.2997017
3672,3.672,0.058688372,7.0923204
3673,3.673,0.059148457,7.089267
3674,3.674,0.06392728,4.3234944
3675,3.675,0.07312589,4.3946843
3676,3.676,0.07835696,4.2906647
3677,3.677,0.07362766,4.3181624
3678,3.678,0.061292604,4.3028927
3679,3.679,0.05786219,4.2819366
3680,3.68,0.059342593,4.304276
3681,3.681,0.065686904,4.314588
3682,3.682,0.05426949,4.377712
3683,3.683,0.05445661,4.281645
3684,3.684,0.05986623,4.30911
3685,3.685,0.058460433,4.306247
3686,3.686,0.062101074,4.312567
3687,3.687,0.061981827,4.3253784
3688,3.688,0.055566113,4.277659
3689,3.689,0.07273518,4.249769
3690,3.69,0.07470698,4.2350054
3691,3.691,0.06800758,4.2684298
3692,3.692,0.06626423,4.194271
3693,3.693,0.06356914,4.2756696
3694,3.694,0.06839741,4.321546
3695,3.695,0.06208711,4.2836742
3696,3.696,0.05934357,4.268283
3697,3.697,0.06756848,4.2692842
3698,3.698,0.07810132,4.231623
3699,3.699,0.06659051,4.288647
3700,3.7,0.07079991,4.1700053
3701,3.701,0.06761123,4.2564697
3702,3.702,0.06922728,4.2481318
3703,3.703,0.061450824,4.241971
3704,3.704,0.058113363,4.2036777
3705,3.705,0.06695666,4.2282763
3706,3.706,0.065804705,4.2413526
3707,3.707,0.066339195,4.175763
3708,3.708,0.051653575,4.164918
3709,3.709,0.057213258,4.1493483
3710,3.71,0.05470441,4.1664577
3711,3.711,0.053150322,4.145732
3712,3.712,0.062526815,4.178347
3713,3.713,0.0522886,4.145158
3714,3.714,0.0523107,4.1672435
3715,3.715,0.06655231,4.1804495
3716,3.716,0.06446568,4.192581
3717,3.717,0.066147245,4.2306595
3718,3.718,0.07035277,4.2128325
3719,3.719,0.067134246,4.1775327
3720,3.72,0.06467067,4.182003
3721,3.721,0.07344767,4.128743
3722,3.722,0.057942044,4.133729
3723,3.723,0.06886397,4.0996842
3724,3.724,0.07276696,4.0853724
3725,3.725,0.06972725,4.0563517
3726,3.726,0.07805765,4.031061
3727,3.727,0.07889945,4.0180454
3728,3.728,0.07120043,3.9642189
3729,3.729,0.073916756,3.9825368
3730,3.73,0.07013719,4.0051804
3731,3.731,0.06848861,3.9816616
3732,3.732,0.06301024,3.9283857
3733,3.733,0.06954797,3.9827156
3734,3.734,0.0584545,3.9916563
3735,3.735,0.054802578,3.9721081
3736,3.736,0.064788535,3.9825835
3737,3.737,0.05904674,3.9459069
3738,3.738,0.053436637,3.9821594
3739,3.739,0.055389002,3.9859056
3740,3.74,0.06808488,4.059218
3741,3.741,0.055807944,3.9532993
3742,3.742,0.054209817,3.9730244
3743,3.743,0.05275191,4.015095
3744,3.744,0.04550734,4.01155
3745,3.745,0.053553328,4.0358295
3746,3.746,0.05834266,3.996884
3747,3.747,0.061858613,4.0097446
3748,3.748,0.067307934,4.047825
3749,3.749,0.07344452,4.108852
3750,3.75,0.069349065,4.17244
3751,3.751,0.062075008,4.1889806
3752,3.752,0.06297538,4.152613
3753,3.753,0.0611869,4.1486626
3754,3.754,0.06836445,4.1877766
3755,3.755,0.06160019,4.173804
3756,3.756,0.04403958,4.2171645
3757,3.757,0.06079837,4.2081304
3758,3.758,0.048902642,4.201905
3759,3.759,0.063071676,4.1377716
3760,3.76,0.06301116,4.128736
3761,3.761,0.06724264,4.142759
3762,3.762,0.06473498,4.0799737
3763,3.763,0.06836445,4.0763407
3764,3.764,0.075745,4.084645
3765,3.765,0.07206379,4.118985
3766,3.766,0.07292486,4.1249723
3767,3.767,0.07547975,4.086513
3768,3.768,0.06554773,4.1755557
3769,3.769,0.064507805,7.0719795
3770,3.77,0.067174695,4.1339803
3771,3.771,0.073157504,4.1965766
3772,3.772,0.06484382,7.081814
3773,3.773,0.063315876,7.1115274
3774,3.774,0.06597313,7.1833653
3775,3.775,0.06194918,4.1422114
3776,3.776,0.05350798,4.1729007
3777,3.777,0.05997716,4.1706624
3778,3.778,0.062989146,4.1952915
3779,3.779,0.0649925,4.208557
3780,3.78,0.0750135,4.253046
3781,3.781,0.066775136,4.2212195
3782,3.782,0.07615366,4.2609825
3783,3.783,0.07436968,4.2641077
3784,3.784,0.07006546,7.27211
3785,3.785,0.07437745,7.3017645
3786,3.786,0.084005706,7.3194385
3787,3.787,0.070559494,7.3230977
3788,3.788,0.072383106,4.229712
3789,3.789,0.059709623,4.2114067
3790,3.79,0.07183726,4.2087383
3791,3.791,0.06794552,4.2138896
3792,3.792,0.058246486,4.255331
3793,3.793,0.07094915,4.281054
3794,3.794,0.0538128,4.2740307
3795,3.795,0.062359273,4.247901
3796,3.796,0.07881589,4.2762947
3797,3.797,0.09268602,7.198734
3798,3.798,0.07507743,7.1184077
3799,3.799,0.071565606,7.1814775
3800,3.8,0.07465513,7.1608453
3801,3.801,0.072562546,7.1649475
3802,3.802,0.08032531,7.162757
3803,3.803,0.07856838,7.1572113
3804,3.804,0.08426401,7.171389
3805,3.805,0.078972675,7.2416897
3806,3.806,0.061613325,4.3209662
3807,3.807,0.054450244,7.158324
3808,3.808,0.0634317,7.1967773
3809,3.809,0.051187098,4.412731
3810,3.81,0.06384586,4.38132
3811,3.811,0.06564642,4.3215632
3812,3.812,0.069143735,4.2876654
3813,3.813,0.06222938,4.2986636
3814,3.814,0.06559005,4.3092723
3815,3.815,0.066786386,7.179356
3816,3.816,0.06343261,4.3125052
3817,3.817,0.06537202,4.353718
3818,3.818,0.0663662,7.3314815
3819,3.819,0.06081928,7.2434793
3820,3.82,0.068732075,7.1972055
3821,3.821,0.061694883,7.143997
3822,3.822,0.07251075,7.124873
3823,3.823,0.07679608,7.1983943
3824,3.824,0.06812222,7.285196
3825,3.825,0.069816716,7.3421545
3826,3.826,0.06639842,7.3139033
3827,3.827,0.05698753,7.2911086
3828,3.828,0.058880102,7.319109
3829,3.829,0.0538128,7.334322
3830,3.83,0.048857708,7.425099
3831,3.831,0.058995817,7.4662147
3832,3.832,0.05570117,7.548959
3833,3.833,0.061879165,7.511427
3834,3.834,0.060591724,7.4848914
3835,3.835,0.056025013,7.4719462
3836,3.836,0.058770057,7.4958487
3837,3.837,0.05053709,7.5380898
3838,3.838,0.054315265,7.46362
3839,3.839,0.05183676,7.4625945
3840,3.84,0.048243422,7.4754252
3841,3.841,0.067212544,7.440999
3842,3.842,0.07328144,7.4683137
3843,3.843,0.054982632,4.4119473
3844,3.844,0.06338977,4.324248
3845,3.845,0.06395349,4.382007
3846,3.846,0.06997466,7.4900184
3847,3.847,0.061017577,4.3763723
3848,3.848,0.06400499,7.3887253
3849,3.849,0.057318226,7.3323774
3850,3.85,0.05853256,7.397852
3851,3.851,0.051329177,7.348264
3852,3.852,0.059353307,7.351273
3853,3.853,0.06773251,4.283706
3854,3.854,0.07251553,4.3383203
3855,3.855,0.062115032,4.3119693
3856,3.856,0.0613793,4.3471456
3857,3.857,0.06910025,7.346001
3858,3.858,0.06634007,7.3358126
3859,3.859,0.08086746,7.36302
3860,3.86,0.08054089,7.3678727
3861,3.861,0.08113647,4.421917
3862,3.862,0.07553639,4.3429165
3863,3.863,0.09979894,4.394766
3864,3.864,0.09793816,7.3781633
3865,3.865,0.08240454,7.3161426
3866,3.866,0.08683805,7.297962
3867,3.867,0.08434011,7.2904406
3868,3.868,0.09048223,7.3294272
3869,3.869,0.09491294,7.4360027
3870,3.87,0.085346304,7.410408
3871,3.871,0.07499346,7.3934073
3872,3.872,0.090196244,7.404584
3873,3.873,0.0929289,7.3921657
3874,3.874,0.087127104,7.3665304
3875,3.875,0.09359883,7.334919
3876,3.876,0.09259181,7.37968
3877,3.877,0.086403,7.359344
3878,3.878,0.07874253,7.353408
3879,3.879,0.07961485,7.3378754
3880,3.88,0.10342234,7.374205
3881,3.881,0.093745686,7.3966928
3882,3.882,0.09451261,7.3659105
3883,3.883,0.098730475,7.387552
3884,3.884,0.08919875,7.415496
3885,3.885,0.09123858,7.441708
3886,3.886,0.10220129,7.4103794
3887,3.887,0.104127444,7.4640684
3888,3.888,0.10886386,7.499148
3889,3.889,0.099898495,7.415148
3890,3.89,0.10050417,7.3978777
3891,3.891,0.08830788,7.3812194
3892,3.892,0.092690386,7.3219175
3893,3.893,0.08956282,7.3417068
3894,3.894,0.09269163,7.374146
3895,3.895,0.07960614,7.3105927
3896,3.896,0.085730776,7.368813
3897,3.897,0.08594893,7.268099
3898,3.898,0.07607621,7.3512397
3899,3.899,0.079132065,7.384102
3900,3.9,0.08288012,7.398215
3901,3.901,0.08732721,7.3260913
3902,3.902,0.08957057,7.30001
3903,3.903,0.08956927,7.3519974
3904,3.904,0.091845974,7.2391033
3905,3.905,0.080903195,7.349083
3906,3.906,0.07410652,7.299295
3907,3.907,0.077433914,7.331461
3908,3.908,0.0821235,7.2824693
3909,3.909,0.07803247,7.2589855
3910,3.91,0.07154622,7.2849455
3911,3.911,0.073152766,7.339398
3912,3.912,0.08133498,7.4011383
3913,3.913,0.06853333,7.44679
3914,3.914,0.07153491,7.3791413
3915,3.915,0.07254342,7.3616204
3916,3.916,0.08152378,7.3010125
3917,3.917,0.07158822,7.271346
3918,3.918,0.0793589,7.2642336
3919,3.919,0.07353733,7.281073
3920,3.92,0.06925232,7.369734
3921,3.921,0.066842616,7.396488
3922,3.922,0.06931155,7.3239045
3923,3.923,0.07712577,4.3175235
3924,3.924,0.066899665,4.3981347
3925,3.925,0.07060535,4.368988
3926,3.926,0.06782376,7.4398
3927,3.927,0.070098445,7.438558
3928,3.928,0.08168244,7.439924
3929,3.929,0.07759125,7.290783
3930,3.93,0.079205066,7.342495
3931,3.931,0.0822536,7.3365564
3932,3.932,0.065751106,7.3158674
3933,3.933,0.06886817,7.3924637
3934,3.934,0.06375526,7.423825
3935,3.935,0.062548995,7.433929
3936,3.936,0.07113059,7.4974036
3937,3.937,0.07632348,7.4550624
3938,3.938,0.09020714,4.3262777
3939,3.939,0.0872557,7.551342
3940,3.94,0.08646185,7.5743546
3941,3.941,0.08234069,7.464757
3942,3.942,0.0669083,7.433322
3943,3.943,0.0700209,7.3963857
3944,3.944,0.0707795,7.383126
3945,3.945,0.07355304,7.307683
3946,3.946,0.062302712,7.2169194
3947,3.947,0.06395349,7.1389947
3948,3.948,0.06271418,7.1781363
3949,3.949,0.0670593,7.244134
3950,3.95,0.0659854,7.2603855
3951,3.951,0.056639604,7.2601104
3952,3.952,0.059823737,7.28431
3953,3.953,0.072916135,7.37114
3954,3.954,0.069430694,7.3609433
3955,3.955,0.063821405,7.2530975
3956,3.956,0.0651923,7.4070354
3957,3.957,0.062607184,7.367531
3958,3.958,0.064132184,7.360318
3959,3.959,0.06025214,7.3102803
3960,3.96,0.0723847,7.342528
3961,3.961,0.07927947,7.3070726
3962,3.962,0.08416174,7.2983036
3963,3.963,0.0864839,7.275407
3964,3.964,0.08040442,7.3694363
3965,3.965,0.077070296,7.444319
3966,3.966,0.078524955,7.52916
3967,3.967,0.07722313,7.551654
3968,3.968,0.08457074,7.467769
3969,3.969,0.08312593,7.4334583
3970,3.97,0.08187751,7.542169
3971,3.971,0.0777148,7.4855556
3972,3.972,0.07817233,7.461188
3973,3.973,0.08242768,7.483315
3974,3.974,0.086499274,7.44227
3975,3.975,0.07096055,7.453147
3976,3.976,0.06550363,7.3721113
3977,3.977,0.06515061,7.4279556
3978,3.978,0.06562968,7.4447374
3979,3.979,0.06383771,7.4969954
3980,3.98,0.066395804,7.492629
3981,3.981,0.06477872,7.508606
3982,3.982,0.066108786,7.4529867
3983,3.983,0.067965075,7.3670707
3984,3.984,0.06970818,7.227383
3985,3.985,0.06341256,7.205425
3986,3.986,0.06892689,7.2326097
3987,3.987,0.06031542,7.197961
3988,3.988,0.06440109,7.350932
3989,3.989,0.060444646,7.3285275
3990,3.99,0.06931572,7.233266
3991,3.991,0.07266204,7.2290893
3992,3.992,0.06453916,7.237096
3993,3.993,0.06926901,7.2165275
3994,3.994,0.06613064,7.193659
3995,3.995,0.054204483,7.204327
3996,3.996,0.051394444,7.1932735
3997,3.997,0.05637366,7.2356844
3998,3.998,0.049995515,7.2620773
3999,3.999,0.051484335,7.2617774
4000,4.0,0.063352376,7.2501235
4001,4.001,0.07036427,7.30064
4002,4.002,0.07637874,7.330832
4003,4.003,0.07241823,7.287596
4004,4.004,0.064732306,7.1937346
4005,4.005,0.06839065,7.19188
4006,4.006,0.07115415,7.120333
4007,4.007,0.07338784,7.1930027
4008,4.008,0.08443737,7.198076
4009,4.009,0.08297978,7.131625
4010,4.01,0.08016109,7.122068
4011,4.011,0.082255006,7.124883
4012,4.012,0.086550705,7.182554
4013,4.013,0.078694806,7.192064
4014,4.014,0.08615245,7.1921587
4015,4.015,0.0831857,7.236424
4016,4.016,0.062734455,7.289238
4017,4.017,0.07119556,7.2954955
4018,4.018,0.06919554,7.3591337
4019,4.019,0.059795715,7.3012176
4020,4.02,0.06721513,7.2894635
4021,4.021,0.060518228,7.2744584
4022,4.022,0.06521889,7.3479886
4023,4.023,0.069026604,7.4001317
4024,4.024,0.054126587,7.3262615
4025,4.025,0.045029823,7.3285723
4026,4.026,0.05444706,7.330281
4027,4.027,0.05621349,7.3517523
4028,4.028,0.058027767,7.334135
4029,4.029,0.05240233,7.306409
4030,4.03,0.05596618,7.3788185
4031,4.031,0.06472874,7.3346596
4032,4.032,0.065377325,7.3073735
4033,4.033,0.06498273,7.3799376
4034,4.034,0.05978508,7.3546453
4035,4.035,0.06635662,7.2846136
4036,4.036,0.068297625,7.2526484
4037,4.037,0.064792104,7.144046
4038,4.038,0.05652213,7.074625
4039,4.039,0.057013895,7.048124
4040,4.04,0.05891641,7.0117717
4041,4.041,0.06712219,7.0038004
4042,4.042,0.071808286,7.0283685
4043,4.043,0.06578187,6.999699
4044,4.044,0.064745694,7.0299277
4045,4.045,0.06837628,7.1097603
4046,4.046,0.062476877,6.9948134
4047,4.047,0.07721415,7.008207
4048,4.048,0.069208905,7.011669
4049,4.049,0.06821888,7.099825
4050,4.05,0.07426079,7.029634
4051,4.051,0.06853586,6.9703293
4052,4.052,0.07710179,6.923414
4053,4.053,0.07622952,7.0061345
4054,4.054,0.066538416,7.0542645
4055,4.055,0.06948728,7.039866
4056,4.056,0.066997215,6.9000325
4057,4.057,0.07903559,7.0246964
4058,4.058,0.06925065,7.0302463
4059,4.059,0.067748725,7.129372
4060,4.06,0.056686528,7.0751667
4061,4.061,0.06700757,7.032707
4062,4.062,0.057775214,7.1205497
4063,4.063,0.06381416,7.04895
4064,4.064,0.05606317,7.031147
4065,4.065,0.058824122,7.0177774
4066,4.066,0.057436086,7.0269694
4067,4.067,0.07011494,6.9922047
4068,4.068,0.07185254,7.078192
4069,4.069,0.07417279,7.0091357
4070,4.07,0.07002998,7.0454764
4071,4.071,0.06701964,7.0763555
4072,4.072,0.07017838,7.004315
4073,4.073,0.067771755,6.9960566
4074,4.074,0.055738516,7.0815735
4075,4.075,0.06402304,7.1277595
4076,4.076,0.06397879,7.121552
4077,4.077,0.061606757,7.1584997
4078,4.078,0.058129277,7.175474
4079,4.079,0.05543281,7.1607347
4080,4.08,0.06805601,7.124759
4081,4.081,0.06379876,7.162893
4082,4.082,0.05874153,7.0844293
4083,4.083,0.05455311,7.16891
4084,4.084,0.062122475,7.088272
4085,4.085,0.06070418,7.117996
4086,4.086,0.06725295,7.0671654
4087,4.087,0.07404488,7.0383673
4088,4.088,0.07458619,6.9723573
4089,4.089,0.056446407,7.009319
4090,4.09,0.06427802,6.9229164
4091,4.091,0.06465637,6.827668
4092,4.092,0.063823216,6.845418
4093,4.093,0.06766678,6.911493
4094,4.094,0.058476247,6.8622527
4095,4.095,0.06407628,6.8673024
4096,4.096,0.051925883,6.8047714
4097,4.097,0.055130653,6.7956243
4098,4.098,0.0659924,6.7885704
4099,4.099,0.059085883,6.773005
4100,4.1,0.06431847,6.822501
4101,4.101,0.054050718,6.8458776
4102,4.102,0.06623195,6.8570876
4103,4.103,0.06755393,6.7077684
4104,4.104,0.05666613,6.7228656
4105,4.105,0.06411957,6.722923
4106,4.106,0.050972104,6.668403
4107,4.107,0.05440458,6.7126164
4108,4.108,0.0567945,6.828714
4109,4.109,0.07176079,6.8943467
4110,4.11,0.06989532,6.958785
4111,4.111,0.06830524,6.971228
4112,4.112,0.06522155,6.8612666
4113,4.113,0.06420154,6.9283905
4114,4.114,0.06979354,7.005193
4115,4.115,0.0677547,7.0501537
4116,4.116,0.07078522,4.455252
4117,4.117,0.06288996,4.495532
4118,4.118,0.06593019,4.4833145
4119,4.119,0.068080634,7.049268
4120,4.12,0.060557373,6.919888
4121,4.121,0.066435836,6.894201
4122,4.122,0.06612977,6.9039207
4123,4.123,0.06366454,6.9434395
4124,4.124,0.05335654,6.9084396
4125,4.125,0.046755243,6.7929034
4126,4.126,0.050199725,6.8450665
4127,4.127,0.04741565,6.7908154
4128,4.128,0.05998294,6.7300262
4129,4.129,0.06926484,6.6790323
4130,4.13,0.060198396,6.6913314
4131,4.131,0.05048331,6.784718
4132,4.132,0.046976,6.7429547
4133,4.133,0.04808742,6.743683
4134,4.134,0.058579937,6.763608
4135,4.135,0.05767008,6.7397203
4136,4.136,0.06447195,6.715992
4137,4.137,0.067270994,6.670908
4138,4.138,0.06323549,6.6259823
4139,4.139,0.069017395,6.6541495
4140,4.14,0.062790625,6.6697836
4141,4.141,0.060548786,6.7156363
4142,4.142,0.06339889,6.619946
4143,4.143,0.053213358,6.4800625
4144,4.144,0.058897767,6.5150876
4145,4.145,0.059356228,6.580771
4146,4.146,0.061774466,6.5326138
4147,4.147,0.059364993,6.572252
4148,4.148,0.061045986,6.501446
4149,4.149,0.0605526,6.5144596
4150,4.15,0.05275191,6.5150228
4151,4.151,0.06691003,6.488206
4152,4.152,0.06278419,6.482127
4153,4.153,0.0747093,6.3591137
4154,4.154,0.07466055,6.274611
4155,4.155,0.07257369,6.3057413
4156,4.156,0.072255224,6.3785114
4157,4.157,0.06959201,6.412316
4158,4.158,0.067580454,6.389555
4159,4.159,0.06819515,6.3629384
4160,4.16,0.06378245,6.3845053
4161,4.161,0.066935934,6.2755647
4162,4.162,0.07765975,6.307014
4163,4.163,0.076409765,6.3171515
4164,4.164,0.06415291,6.3206153
4165,4.165,0.07319305,6.2085047
4166,4.166,0.06945234,6.2747774
4167,4.167,0.06302858,6.1501026
4168,4.168,0.05531382,6.05921
4169,4.169,0.057287965,6.0722327
4170,4.17,0.05803673,6.1341386
4171,4.171,0.06635488,6.165788
4172,4.172,0.057863183,6.057876
4173,4.173,0.059326034,6.065082
4174,4.174,0.059497256,6.0911126
4175,4.175,0.07873152,6.053516
4176,4.176,0.071710825,5.919664
4177,4.177,0.071875066,5.989295
4178,4.178,0.07383382,6.0176034
4179,4.179,0.06993169,6.004138
4180,4.18,0.06339981,6.0083675
4181,4.181,0.062814556,5.924855
4182,4.182,0.070710875,5.881789
4183,4.183,0.068588965,5.8896933
4184,4.184,0.07796726,5.855881
4185,4.185,0.06392728,5.7921042
4186,4.186,0.05419062,5.905355
4187,4.187,0.060473327,5.812559
4188,4.188,0.05418422,5.816334
4189,4.189,0.05866867,5.862503
4190,4.19,0.05819685,5.863332
4191,4.191,0.069401555,5.934752
4192,4.192,0.06907265,5.988506
4193,4.193,0.083780415,6.0591135
4194,4.194,0.07439532,6.127085
4195,4.195,0.058577966,6.1118608
4196,4.196,0.07037577,6.0794215
4197,4.197,0.064429805,6.0668035
4198,4.198,0.058542434,6.1391535
4199,4.199,0.057774216,6.1569552
4200,4.2,0.07001182,6.2575135
4201,4.201,0.06689707,6.2424994
4202,4.202,0.07528269,6.3727956
4203,4.203,0.07668762,6.271803
4204,4.204,0.07191687,6.366313
4205,4.205,0.059050657,6.3701615
4206,4.206,0.06574407,6.3288913
4207,4.207,0.07834958,6.3327446
4208,4.208,0.07636361,6.3951693
4209,4.209,0.07618098,6.4333863
4210,4.21,0.07994376,6.3549533
4211,4.211,0.068594866,6.3289313
4212,4.212,0.070668355,6.2862897
4213,4.213,0.07389877,6.260742
4214,4.214,0.06394355,6.270017
4215,4.215,0.062531434,6.352209
4216,4.216,0.0673045,6.3934827
4217,4.217,0.06790297,6.351954
4218,4.218,0.0577492,6.4606223
4219,4.219,0.060724173,6.5424895
4220,4.22,0.059834365,6.574809
4221,4.221,0.06109236,6.5015483
4222,4.222,0.058936026,6.5082774
4223,4.223,0.061150044,6.488986
4224,4.224,0.07184691,6.5187297
4225,4.225,0.068569586,6.5288854
4226,4.226,0.07464584,6.5437436
4227,4.227,0.06297629,6.5433526
4228,4.228,0.052844957,6.5700474
4229,4.229,0.056613065,6.6404824
4230,4.23,0.05442264,6.7026114
4231,4.231,0.0487926,6.7212853
4232,4.232,0.061631147,6.670217
4233,4.233,0.063558236,6.6111584
4234,4.234,0.052459653,6.6228924
4235,4.235,0.04969519,6.6338267
4236,4.236,0.06457855,6.6543894
4237,4.237,0.06193985,6.696115
4238,4.238,0.0648661,6.602637
4239,4.239,0.055910382,6.5720363
4240,4.24,0.048040524,6.6957026
4241,4.241,0.06682272,6.737587
4242,4.242,0.060340326,6.7471304
4243,4.243,0.055339932,6.691945
4244,4.244,0.055700134,6.618564
4245,4.245,0.054610293,6.6095815
4246,4.246,0.061921187,6.5902977
4247,4.247,0.06012538,6.5875926
4248,4.248,0.057913106,6.6339974
4249,4.249,0.062190358,6.632434
4250,4.25,0.06543123,6.752884
4251,4.251,0.06728045,6.659632
4252,4.252,0.06794552,6.6504817
4253,4.253,0.06959283,6.6202917
4254,4.254,0.09208856,6.707747
4255,4.255,0.10079531,6.626052
4256,4.256,0.0922046,6.6058855
4257,4.257,0.07774603,6.5810447
4258,4.258,0.08009761,6.534999
4259,4.259,0.097808234,6.499555
4260,4.26,0.08952539,6.535966
4261,4.261,0.095890164,6.4593616
4262,4.262,0.086000696,6.5044518
4263,4.263,0.08111866,6.4981694
4264,4.264,0.07766272,6.5313244
4265,4.265,0.07437822,6.4948006
4266,4.266,0.08102598,6.4763174
4267,4.267,0.0747619,6.5311713
4268,4.268,0.07873298,6.5104194
4269,4.269,0.07574881,6.4852943
4270,4.27,0.07790571,6.5647025
4271,4.271,0.08724378,6.5369244
4272,4.272,0.074995,6.4511576
4273,4.273,0.08711781,6.501538
4274,4.274,0.0929687,6.4782066
4275,4.275,0.08664148,6.43511
4276,4.276,0.09330815,6.4919515
4277,4.277,0.098098546,6.5275183
4278,4.278,0.0838673,6.4970813
4279,4.279,0.08341121,6.47352
4280,4.28,0.08639631,6.494738
4281,4.281,0.09685574,6.5367694
4282,4.282,0.10107018,6.625718
4283,4.283,0.10408803,6.630663
4284,4.284,0.09693328,6.693603
4285,4.285,0.09420818,6.6567745
4286,4.286,0.09338802,6.561046
4287,4.287,0.09875448,6.471921
4288,4.288,0.077102534,6.528128
4289,4.289,0.08167961,6.5505266
4290,4.29,0.089079455,6.528077
4291,4.291,0.088712744,6.5369153
4292,4.292,0.08464111,6.523818
4293,4.293,0.09368524,6.4862986
4294,4.294,0.09152573,6.544605
4295,4.295,0.083301656,6.5724025
4296,4.296,0.07074765,6.6356025
4297,4.297,0.08238139,6.6597095
4298,4.298,0.07536403,6.6651826
4299,4.299,0.080008805,6.8035393
4300,4.3,0.08439423,6.9136686
4301,4.301,0.08208831,6.925587
4302,4.302,0.06986555,6.906506
4303,4.303,0.06517101,6.947219
4304,4.304,0.06832893,6.8468046
4305,4.305,0.0775197,6.867791
4306,4.306,0.0688581,6.881714
4307,4.307,0.076464206,6.878481
4308,4.308,0.07038316,6.872454
4309,4.309,0.0573273,6.97664
4310,4.31,0.080591105,6.9729624
4311,4.311,0.07071333,6.891279
4312,4.312,0.06951639,6.7750363
4313,4.313,0.06936657,6.7814445
4314,4.314,0.06451318,6.86332
4315,4.315,0.06728388,6.821878
4316,4.316,0.06813749,6.86703
4317,4.317,0.054682218,6.8845706
4318,4.318,0.061985556,6.9355283
4319,4.319,0.06733283,6.8731327
4320,4.32,0.06553627,6.956579
4321,4.321,0.07654353,6.929289
4322,4.322,0.065377325,6.8395123
4323,4.323,0.07365042,6.791926
4324,4.324,0.07043897,6.770463
4325,4.325,0.06109993,6.789098
4326,4.326,0.060321167,6.766968
4327,4.327,0.061302032,6.802408
4328,4.328,0.053577065,6.7426357
4329,4.329,0.05939906,6.7087045
4330,4.33,0.063776106,6.6903253
4331,4.331,0.07185093,6.7466245
4332,4.332,0.08614373,6.663381
4333,4.333,0.06972808,6.589946
4334,4.334,0.07062827,6.593733
4335,4.335,0.07285508,6.586962
4336,4.336,0.059183624,6.5453157
4337,4.337,0.06464475,6.5327334
4338,4.338,0.061891306,6.5297937
4339,4.339,0.07108019,6.4619803
4340,4.34,0.07684197,6.430017
4341,4.341,0.06932322,6.4995503
4342,4.342,0.07368572,6.5151024
4343,4.343,0.07769323,6.499884
4344,4.344,0.08328847,6.3950677
4345,4.345,0.07662881,6.375948
4346,4.346,0.07302307,6.3736024
4347,4.347,0.071680196,6.4472156
4348,4.348,0.07169471,6.3854785
4349,4.349,0.069253154,6.262303
4350,4.35,0.07862499,6.2348523
4351,4.351,0.085533686,6.2382307
4352,4.352,0.08616453,6.2801566
4353,4.353,0.080968894,6.27926
4354,4.354,0.07313301,6.327725
4355,4.355,0.069927566,6.349622
4356,4.356,0.07520281,6.365911
4357,4.357,0.06755051,6.485891
4358,4.358,0.07140147,6.5017004
4359,4.359,0.062736295,6.468668
4360,4.36,0.06734141,6.4592633
4361,4.361,0.057089876,6.390717
4362,4.362,0.06952968,6.4328103
4363,4.363,0.05242328,6.364113
4364,4.364,0.06366817,6.361486
4365,4.365,0.054361004,6.3303633
4366,4.366,0.061903447,6.3178806
4367,4.367,0.07233837,6.302397
4368,4.368,0.06326291,6.2823586
4369,4.369,0.06588371,6.293543
4370,4.37,0.07109645,6.297005
4371,4.371,0.07519205,6.303195
4372,4.372,0.06805261,6.3766255
4373,4.373,0.07679758,6.369376
4374,4.374,0.06930988,6.291175
4375,4.375,0.076335594,6.3006506
4376,4.376,0.07901584,6.3550963
4377,4.377,0.0883249,6.3687725
4378,4.378,0.0893703,6.40477
4379,4.379,0.0907896,6.379393
4380,4.38,0.077083796,6.346918
4381,4.381,0.0879511,6.340963
4382,4.382,0.08554315,6.349965
4383,4.383,0.07639463,6.3240213
4384,4.384,0.077232115,6.3546243
4385,4.385,0.08306541,6.416814
4386,4.386,0.09449365,6.3437204
4387,4.387,0.11207169,6.309377
4388,4.388,0.09170806,6.3245444
4389,4.389,0.08103953,6.230475
4390,4.39,0.071955435,6.267597
4391,4.391,0.07453348,6.2732906
4392,4.392,0.07641657,6.2610445
4393,4.393,0.07329878,6.300467
4394,4.394,0.070676535,6.312375
4395,4.395,0.0788826,6.3493204
4396,4.396,0.073246725,6.364144
4397,4.397,0.05815711,6.410871
4398,4.398,0.061362345,6.4653597
4399,4.399,0.06156077,6.4440937
4400,4.4,0.06457407,6.4387083
4401,4.401,0.055142183,6.4391704
4402,4.402,0.06582666,6.449873
4403,4.403,0.056448456,6.3892875
4404,4.404,0.0549332,6.4609222
4405,4.405,0.05483948,6.415605
4406,4.406,0.05385253,6.5283847
4407,4.407,0.05155389,6.5136337
4408,4.408,0.05837237,6.4565406
4409,4.409,0.05681587,6.4190817
4410,4.41,0.072067,6.4857845
4411,4.411,0.062455595,6.4134965
4412,4.412,0.060016654,6.3982453
4413,4.413,0.072091855,6.3527703
4414,4.414,0.063405275,6.2707415
4415,4.415,0.056599792,6.247944
4416,4.416,0.058134247,6.2593927
4417,4.417,0.067251235,6.31518
4418,4.418,0.077436894,6.3479385
4419,4.419,0.074179806,6.2894073
4420,4.42,0.083432,6.344318
4421,4.421,0.0792729,6.392953
4422,4.422,0.08163927,6.3935637
4423,4.423,0.063903764,6.458108
4424,4.424,0.07066754,6.481185
4425,4.425,0.06887824,6.511815
4426,4.426,0.0691805,6.4339666
4427,4.427,0.07307054,6.453345
4428,4.428,0.0821432,6.5302434
4429,4.429,0.06534107,6.5126257
4430,4.43,0.06093416,6.5894194
4431,4.431,0.060647026,6.6198516
4432,4.432,0.06073464,6.5774217
4433,4.433,0.05871003,6.539109
4434,4.434,0.05693477,6.4992213
4435,4.435,0.056008507,6.4139194
4436,4.436,0.055175714,6.4076247
4437,4.437,0.055773757,6.406326
4438,4.438,0.06154293,6.4810457
4439,4.439,0.06707654,6.47199
4440,4.44,0.061620828,6.4257884
4441,4.441,0.067522265,6.419639
4442,4.442,0.06023391,6.4369555
4443,4.443,0.07251234,6.4457917
4444,4.444,0.05846142,6.5172033
4445,4.445,0.07053082,6.475741
4446,4.446,0.06462508,6.557701
4447,4.447,0.06755906,6.5290523
4448,4.448,0.07733756,6.597715
4449,4.449,0.076947205,6.6051483
4450,4.45,0.0891495,6.578208
4451,4.451,0.074594714,6.5485244
4452,4.452,0.084633596,6.608769
4453,4.453,0.07355933,6.561176
4454,4.454,0.07964388,6.513784
4455,4.455,0.08497982,6.5006037
4456,4.456,0.08202279,6.4877143
4457,4.457,0.07509667,6.5007815
4458,4.458,0.06856621,6.456586
4459,4.459,0.061305802,6.5132704
4460,4.46,0.06606331,6.570162
4461,4.461,0.07485306,6.4816093
4462,4.462,0.07433547,6.3731046
4463,4.463,0.06468675,6.340642
4464,4.464,0.06934823,6.3586946
4465,4.465,0.055954818,6.3638487
4466,4.466,0.059181668,6.414176
4467,4.467,0.06384948,6.3414087
4468,4.468,0.07300011,6.296576
4469,4.469,0.06357096,6.302254
4470,4.47,0.066492364,6.3604774
4471,4.471,0.06925566,6.319527
4472,4.472,0.0714484,6.3410254
4473,4.473,0.060384374,6.3710794
4474,4.474,0.07062745,6.3276043
4475,4.475,0.06878419,6.2084126
4476,4.476,0.06760183,6.2253127
4477,4.477,0.058099438,6.2798696
4478,4.478,0.0649845,6.312295
4479,4.479,0.06786295,6.214774
4480,4.48,0.06402575,6.1952057
4481,4.481,0.0665471,6.2110248
4482,4.482,0.066926435,6.2154975
4483,4.483,0.06861593,6.277189
4484,4.484,0.062353715,6.321415
4485,4.485,0.06012442,6.27518
4486,4.486,0.06461434,6.262962
4487,4.487,0.076937445,6.2756643
4488,4.488,0.07047343,6.3023763
4489,4.489,0.07748912,6.30491
4490,4.49,0.07561899,6.2241373
4491,4.491,0.056407485,6.139969
4492,4.492,0.06836867,6.1310244
4493,4.493,0.073271185,6.077869
4494,4.494,0.0848137,6.069732
4495,4.495,0.07275663,6.0013742
4496,4.496,0.09524303,5.9371276
4497,4.497,0.108670965,5.886964
4498,4.498,0.10693221,5.869603
4499,4.499,0.11015747,5.965572
4500,4.5,0.09234992,5.9451613
4501,4.501,0.10034704,5.8555746
4502,4.502,0.0965587,5.81322
4503,4.503,0.08156702,5.817595
4504,4.504,0.092465624,5.8840914
4505,4.505,0.095330976,5.8806195
4506,4.506,0.08965635,5.9257975
4507,4.507,0.07358761,5.984042
4508,4.508,0.06411957,5.8651605
4509,4.509,0.06464832,5.965449
4510,4.51,0.061017577,5.998083
4511,4.511,0.066779464,6.111494
4512,4.512,0.076839715,6.0710278
4513,4.513,0.070147075,6.0541887
4514,4.514,0.06905173,6.109529
4515,4.515,0.068062805,5.99993
4516,4.516,0.06320075,5.9106736
4517,4.517,0.0671661,5.9268985
4518,4.518,0.067134246,5.9757156
4519,4.519,0.07558688,5.957144
4520,4.52,0.07586623,5.9420137
4521,4.521,0.07776313,5.921517
4522,4.522,0.07648461,5.935131
4523,4.523,0.07582355,5.8773785
4524,4.524,0.07110377,5.73926
4525,4.525,0.06281824,5.773919
4526,4.526,0.057598878,5.7775455
4527,4.527,0.0631248,5.7729506
4528,4.528,0.06101189,5.8008804
4529,4.529,0.0744978,5.849478
4530,4.53,0.07506587,5.946843
4531,4.531,0.06739718,5.996232
4532,4.532,0.08702289,6.039237
4533,4.533,0.07937928,6.045999
4534,4.534,0.061713617,6.1430507
4535,4.535,0.06430409,6.0963216
4536,4.536,0.06941488,6.022123
4537,4.537,0.05370206,6.08921
4538,4.538,0.056467906,6.0522013
4539,4.539,0.05861545,6.038581
4540,4.54,0.04075551,5.929793
4541,4.541,0.049533263,5.8777633
4542,4.542,0.050917648,5.873903
4543,4.543,0.06765055,5.900603
4544,4.544,0.055945523,5.916796
4545,4.545,0.0584367,5.8315954
4546,4.546,0.05886341,5.926881
4547,4.547,0.053910453,5.895358
4548,4.548,0.055611864,5.86502
4549,4.549,0.07100371,5.879933
4550,4.55,0.06504229,5.923215
4551,4.551,0.070867635,5.950061
4552,4.552,0.08064703,5.974737
4553,4.553,0.08064416,6.0014014
4554,4.554,0.07552874,5.9754558
4555,4.555,0.07113059,6.0097666
4556,4.556,0.06776579,6.0186596
4557,4.557,0.06605718,6.1760926
4558,4.558,0.076801345,6.172993
4559,4.559,0.074593164,6.2156343
4560,4.56,0.06537379,6.157548
4561,4.561,0.07144274,6.233857
4562,4.562,0.069919296,6.2269535
4563,4.563,0.06755137,6.2924657
4564,4.564,0.08276078,6.2947636
4565,4.565,0.061332196,6.2675896
4566,4.566,0.06271234,6.267238
4567,4.567,0.06238059,6.26423
4568,4.568,0.054233264,6.2128434
4569,4.569,0.057249617,6.199022
4570,4.57,0.068547666,6.286233
4571,4.571,0.07037084,6.3516235
4572,4.572,0.061274685,6.318835
4573,4.573,0.06927902,6.307617
4574,4.574,0.06812561,6.200731
4575,4.575,0.059110332,6.233045
4576,4.576,0.060593635,6.1944084
4577,4.577,0.05827724,6.3294487
4578,4.578,0.05998583,6.2504964
4579,4.579,0.0666417,6.223512
4580,4.58,0.05640236,6.1910734
4581,4.581,0.06953966,6.2245345
4582,4.582,0.06554244,6.3327937
4583,4.583,0.06671712,6.268042
4584,4.584,0.063768856,6.268953
4585,4.585,0.0578492,6.350485
4586,4.586,0.066083424,6.322251
4587,4.587,0.06949892,6.346223
4588,4.588,0.07186542,6.2267833
4589,4.589,0.08510147,6.2261724
4590,4.59,0.06735257,6.212419
4591,4.591,0.070064634,6.168519
4592,4.592,0.0659223,6.181048
4593,4.593,0.06431577,6.1073036
4594,4.594,0.06590476,6.083784
4595,4.595,0.067465745,6.1079373
4596,4.596,0.059386406,6.1323524
4597,4.597,0.05817599,6.2603054
4598,4.598,0.051939238,6.172567
4599,4.599,0.06607731,6.154013
4600,4.6,0.061832447,6.1726437
4601,4.601,0.055828657,6.2007637
4602,4.602,0.06772142,6.2759633
4603,4.603,0.07922258,6.2881947
4604,4.604,0.08028573,6.2194915
4605,4.605,0.072861426,6.209714
4606,4.606,0.06925566,6.2248106
4607,4.607,0.068540074,6.2271347
4608,4.608,0.075375535,6.210295
4609,4.609,0.0630735,6.261447
4610,4.61,0.068361916,6.275099
4611,4.611,0.06652799,6.205541
4612,4.612,0.06985065,6.1380205
4613,4.613,0.06999613,6.1101446
4614,4.614,0.07501658,6.066469
4615,4.615,0.07542153,6.050775
4616,4.616,0.06507693,6.0428224
4617,4.617,0.06999696,5.967839
4618,4.618,0.06318428,5.7917295
4619,4.619,0.066252016,5.7287393
4620,4.62,0.07412524,5.7614336
4621,4.621,0.07606101,5.650957
4622,4.622,0.0698978,5.7087984
4623,4.623,0.06259795,5.684053
4624,4.624,0.06995979,5.5888753
4625,4.625,0.06579944,5.5863085
4626,4.626,0.06316233,5.5555468
4627,4.627,0.07569004,5.4389496
4628,4.628,0.073253825,5.3287077
4629,4.629,0.068919346,5.20618
4630,4.63,0.067482024,5.282462
4631,4.631,0.06483401,5.337588
4632,4.632,0.07028619,5.4501905
4633,4.633,0.06890844,5.405134
4634,4.634,0.06481351,5.3704405
4635,4.635,0.069660075,5.333998
4636,4.636,0.06219129,5.4386473
4637,4.637,0.06737059,5.4216833
4638,4.638,0.06689707,5.496142
4639,4.639,0.07123533,5.4238653
4640,4.64,0.06948811,5.449693
4641,4.641,0.06775129,5.3862667
4642,4.642,0.05612603,5.344386
4643,4.643,0.06096925,5.271408
4644,4.644,0.05745017,5.3159027
4645,4.645,0.06486075,5.289139
4646,4.646,0.06073464,5.2090373
4647,4.647,0.06972891,5.219621
4648,4.648,0.071572065,5.236667
4649,4.649,0.079088956,5.092575
4650,4.65,0.08361192,5.122305
4651,4.651,0.08047915,5.1784973
4652,4.652,0.07758976,5.194449
4653,4.653,0.08506003,5.1737533
4654,4.654,0.086637475,5.178638
4655,4.655,0.10773295,5.2179704
4656,4.656,0.094844095,5.2821045
4657,4.657,0.07804876,5.387504
4658,4.658,0.07861324,5.3672624
4659,4.659,0.07967581,5.2732344
4660,4.66,0.070963,5.2970896
4661,4.661,0.06845738,5.333288
4662,4.662,0.0716439,5.316495
4663,4.663,0.05919632,5.3611794
4664,4.664,0.063205324,5.323959
4665,4.665,0.07332402,5.423024
4666,4.666,0.07783297,5.4247713
4667,4.667,0.07040369,5.4604383
4668,4.668,0.0738072,5.434885
4669,4.669,0.085131355,5.3913975
4670,4.67,0.07638404,5.424503
4671,4.671,0.06772569,5.38673
4672,4.672,0.07196266,5.438509
4673,4.673,0.065763414,5.452087
4674,4.674,0.07801173,5.430894
4675,4.675,0.0630405,5.4477596
4676,4.676,0.057080764,5.406708
4677,4.677,0.05147086,5.4770474
4678,4.678,0.06546744,5.371941
4679,4.679,0.057213258,5.429478
4680,4.68,0.056686528,5.3408895
4681,4.681,0.062616415,5.3756638
4682,4.682,0.060309667,5.35324
4683,4.683,0.05839217,5.2529984
4684,4.684,0.051707257,5.2632446
4685,4.685,0.04558095,5.249559
4686,4.686,0.053417165,5.2761683
4687,4.687,0.06176511,5.4038544
4688,4.688,0.057228412,5.3102746
4689,4.689,0.059623413,5.323781
4690,4.69,0.06667812,5.3612456
4691,4.691,0.05119839,5.3669114
4692,4.692,0.06305884,5.399268
4693,4.693,0.059618562,5.2944813
4694,4.694,0.056717105,5.2909203
4695,4.695,0.077778,5.2920313
4696,4.696,0.06532514,5.285342
4697,4.697,0.07253067,5.3301806
4698,4.698,0.07572134,5.376442
4699,4.699,0.07974614,5.453629
4700,4.7,0.08344931,5.4279246
4701,4.701,0.08363335,5.3725348
4702,4.702,0.07306896,5.352596
4703,4.703,0.06766848,5.451353
4704,4.704,0.056130145,5.346994
4705,4.705,0.06602042,5.4467154
4706,4.706,0.07048655,5.517313
4707,4.707,0.0823456,5.5783744
4708,4.708,0.07254342,5.5435777
4709,4.709,0.067780286,5.493425
4710,4.71,0.059781212,5.494442
4711,4.711,0.064424425,5.4877315
4712,4.712,0.056236107,5.4457865
4713,4.713,0.06241301,5.485263
4714,4.714,0.058063615,5.4171467
4715,4.715,0.073548324,5.3674893
4716,4.716,0.067063615,5.30507
4717,4.717,0.067385174,5.3044004
4718,4.718,0.071025684,5.329233
4719,4.719,0.067992285,5.4096975
4720,4.72,0.072202414,5.3646564
4721,4.721,0.07251553,5.3568387
4722,4.722,0.061971568,5.434953
4723,4.723,0.06143389,5.493626
4724,4.724,0.068972155,5.533005
4725,4.725,0.078230724,5.5518155
4726,4.726,0.08011276,5.6909595
4727,4.727,0.075794585,5.7126727
4728,4.728,0.06606243,5.7522388
4729,4.729,0.061767913,5.7205563
4730,4.73,0.06991599,5.6496964
4731,4.731,0.06841853,5.536868
4732,4.732,0.069681644,5.536088
4733,4.733,0.06495248,5.597651
4734,4.734,0.07061108,5.5726514
4735,4.735,0.06549922,5.574554
4736,4.736,0.05957007,5.483106
4737,4.737,0.06513109,5.4759126
4738,4.738,0.06335694,5.5475984
4739,4.739,0.06316233,5.456206
4740,4.74,0.0646358,5.4695907
4741,4.741,0.072489224,5.457314
4742,4.742,0.07248524,5.4504724
4743,4.743,0.066875465,5.644489
4744,4.744,0.067130804,5.6151915
4745,4.745,0.072622254,5.6530046
4746,4.746,0.07237831,5.6108623
4747,4.747,0.069590345,5.6453776
4748,4.748,0.07426079,5.5533376
4749,4.749,0.07639463,5.503576
4750,4.75,0.07399725,5.502108
4751,4.751,0.06796848,5.4542594
4752,4.752,0.062750116,5.4502945
4753,4.753,0.061883837,5.331267
4754,4.754,0.063560046,5.2549562
4755,4.755,0.0615664,5.169698
4756,4.756,0.053222045,5.2293925
4757,4.757,0.052360397,5.316313
4758,4.758,0.062313844,5.374057
4759,4.759,0.07111108,5.3249464
4760,4.76,0.06476712,5.1904025
4761,4.761,0.07312036,5.153318
4762,4.762,0.06815954,5.2579107
4763,4.763,0.07017509,5.2930913
4764,4.764,0.06825276,5.302734
4765,4.765,0.07709279,5.309755
4766,4.766,0.07872564,5.287492
4767,4.767,0.088923596,5.262087
4768,4.768,0.07387217,5.2413397
4769,4.769,0.08023604,5.1479373
4770,4.77,0.06766934,5.1770434
4771,4.771,0.0677547,5.254753
4772,4.772,0.0654224,5.218319
4773,4.773,0.074270904,5.09275
4774,4.774,0.07269624,5.0270877
4775,4.775,0.07095811,5.0579348
4776,4.776,0.063214466,5.0789423
4777,4.777,0.06835853,5.102121
4778,4.778,0.05945547,5.1123323
4779,4.779,0.05212253,5.1557055
4780,4.78,0.058339685,5.0662036
4781,4.781,0.06982831,5.080501
4782,4.782,0.06560238,4.9519243
4783,4.783,0.066742234,4.8351693
4784,4.784,0.05665287,4.7337384
4785,4.785,0.05590108,4.646949
4786,4.786,0.048620533,4.6569734
4787,4.787,0.053172067,4.657697
4788,4.788,0.059339672,4.6361675
4789,4.789,0.062388003,4.6406713
4790,4.79,0.058498975,4.6063595
4791,4.791,0.053940464,4.6632495
4792,4.792,0.054388642,4.562754
4793,4.793,0.04967425,4.5673
4794,4.794,0.059148457,4.5512195
4795,4.795,0.06253513,4.6290245
4796,4.796,0.07747123,4.596278
4797,4.797,0.07054967,4.552395
4798,4.798,0.06546126,4.4784317
4799,4.799,0.06790127,4.466263
4800,4.8,0.07603213,4.4070463
4801,4.801,0.07511283,4.4416294
4802,4.802,0.0693624,4.391034
4803,4.803,0.074641965,4.4044127
4804,4.804,0.0724964,4.513016
4805,4.805,0.0589625,4.571803
4806,4.806,0.06504229,4.629559
4807,4.807,0.06483936,4.590713
4808,4.808,0.06752655,4.6468925
4809,4.809,0.06634878,4.788269
4810,4.81,0.06218943,4.8114624
4811,4.811,0.06967335,4.7398286
4812,4.812,0.08230277,4.7638607
4813,4.813,0.08939358,4.6638217
4814,4.814,0.06875645,4.7247314
4815,4.815,0.07846237,4.7564287
4816,4.816,0.07993509,4.73665
4817,4.817,0.078974135,4.760104
4818,4.818,0.071157396,4.7247896
4819,4.819,0.083571814,4.692717
4820,4.82,0.074334696,4.6952686
4821,4.821,0.072884426,4.6423035
4822,4.822,0.06873964,4.6859694
4823,4.823,0.075007334,4.65653
4824,4.824,0.067303635,4.5961895
4825,4.825,0.061465867,4.526114
4826,4.826,0.07410418,4.5270314
4827,4.827,0.07674036,4.5522876
4828,4.828,0.06802628,4.504899
4829,4.829,0.06629213,4.6318274
4830,4.83,0.080996014,4.5648775
4831,4.831,0.08237437,4.6881948
4832,4.832,0.06935573,4.7011213
4833,4.833,0.078389406,4.5446224
4834,4.834,0.06508581,4.5702844
4835,4.835,0.07309981,4.5658355
4836,4.836,0.08503557,4.444603
4837,4.837,0.06584685,4.49995
4838,4.838,0.069871336,4.4031863
4839,4.839,0.06887488,4.3695707
4840,4.84,0.07500965,4.374636
4841,4.841,0.07546673,4.367278
4842,4.842,0.07642489,4.4040217
4843,4.843,0.069258995,4.407872
4844,4.844,0.070001915,4.4211373
4845,4.845,0.066213615,4.3471656
4846,4.846,0.068811916,4.3410215
4847,4.847,0.068003334,4.4488626
4848,4.848,0.059789915,4.5557446
4849,4.849,0.06943652,4.5381866
4850,4.85,0.06765055,4.5053577
4851,4.851,0.07994883,4.512309
4852,4.852,0.08402015,4.5731945
4853,4.853,0.0702829,4.5834637
4854,4.854,0.08746742,4.5542536
4855,4.855,0.0833405,4.619404
4856,4.856,0.09489527,4.672761
4857,4.857,0.09405284,4.796957
4858,4.858,0.08094605,4.8291574
4859,4.859,0.07914813,4.815974
4860,4.86,0.070798285,4.697732
4861,4.861,0.070963815,4.6124105
4862,4.862,0.076731324,4.568718
4863,4.863,0.070301816,4.6291156
4864,4.864,0.078301616,4.69022
4865,4.865,0.06759242,4.7033854
4866,4.866,0.072242424,4.7196875
4867,4.867,0.07931154,4.850283
4868,4.868,0.07495878,4.8685045
4869,4.869,0.06613938,4.787957
4870,4.87,0.061753877,4.796482
4871,4.871,0.071540564,4.847909
4872,4.872,0.059688326,4.7876296
4873,4.873,0.06088102,4.7277656
4874,4.874,0.061091416,4.9023566
4875,4.875,0.07260634,4.893498
4876,4.876,0.06301208,4.7873716
4877,4.877,0.061959445,4.7644234
4878,4.878,0.051982623,4.712408
4879,4.879,0.06581876,4.7291894
4880,4.88,0.06836107,4.653567
4881,4.881,0.057863183,4.711289
4882,4.882,0.056726277,4.856226
4883,4.883,0.05234494,4.949291
4884,4.884,0.05120742,4.8900223
4885,4.885,0.057273842,4.9183664
4886,4.886,0.055123314,4.9260564
4887,4.887,0.060202233,5.012732
4888,4.888,0.058431752,5.0741563
4889,4.889,0.05574992,5.042163
4890,4.89,0.060073446,5.102781
4891,4.891,0.048060972,4.9886227
4892,4.892,0.05792209,5.031688
4893,4.893,0.0470006,5.0576715
4894,4.894,0.06366,5.2029405
4895,4.895,0.0528373,5.242458
4896,4.896,0.05479203,5.2457166
4897,4.897,0.057092916,5.0558023
4898,4.898,0.055067714,5.0584455
4899,4.899,0.059586562,5.2112956
4900,4.9,0.050322767,5.3061852
4901,4.901,0.055523448,5.340631
4902,4.902,0.04981948,5.3878717
4903,4.903,0.057773218,5.4488897
4904,4.904,0.060077295,5.4586487
4905,4.905,0.050555386,5.38625
4906,4.906,0.05665185,5.3926444
4907,4.907,0.06665731,5.3996997
4908,4.908,0.06929737,5.409698
4909,4.909,0.07417045,5.5116763
4910,4.91,0.07908238,5.457782
4911,4.911,0.06616646,5.4413223
4912,4.912,0.06266347,5.5678754
4913,4.913,0.07010257,5.546941
4914,4.914,0.07079011,5.5410295
4915,4.915,0.058669657,5.430425
4916,4.916,0.04554162,5.4045863
4917,4.917,0.06856453,5.5091133
4918,4.918,0.050703794,5.52275
4919,4.919,0.053681605,5.472439
4920,4.92,0.058909543,5.375557
4921,4.921,0.055344112,5.382734
4922,4.922,0.05561082,5.329696
4923,4.923,0.05075962,5.2136035
4924,4.924,0.050106373,5.2699122
4925,4.925,0.041786253,5.2022605
4926,4.926,0.051234502,5.067477
4927,4.927,0.048040524,5.0329785
4928,4.928,0.04320618,5.08759
4929,4.929,0.0484025,5.1646333
4930,4.93,0.04993189,5.059125
4931,4.931,0.042070225,5.107172
4932,4.932,0.053821392,5.1170683
4933,4.933,0.058111373,5.0833755
4934,4.934,0.061196342,5.175341
4935,4.935,0.07149935,5.172166
4936,4.936,0.06472517,5.105309
4937,4.937,0.063671805,5.136489
4938,4.938,0.065342836,5.1549
4939,4.939,0.06120012,5.2229753
4940,4.94,0.060917087,5.12798
4941,4.941,0.051938124,5.0202265
4942,4.942,0.046042714,5.096594
4943,4.943,0.05257741,5.0411115
4944,4.944,0.064919546,5.021594
4945,4.945,0.06551068,4.925737
4946,4.946,0.064348124,4.931804
4947,4.947,0.07164632,4.933894
4948,4.948,0.06592756,4.9628477
4949,4.949,0.057249617,4.974514
4950,4.95,0.07354597,4.931692
4951,4.951,0.07668386,4.9171076
4952,4.952,0.07454356,4.9955506
4953,4.953,0.058642067,4.9390182
4954,4.954,0.0503859,4.8834834
4955,4.955,0.060531598,4.8929477
4956,4.956,0.05833077,4.8950353
4957,4.957,0.053949036,4.9632783
4958,4.958,0.060133073,5.0234666
4959,4.959,0.06202098,4.9816895
4960,4.96,0.057383735,4.9786983
4961,4.961,0.059610806,4.935842
4962,4.962,0.056689583,4.9883595
4963,4.963,0.055777904,4.952311
4964,4.964,0.068012685,5.0361614
4965,4.965,0.06556007,4.992934
4966,4.966,0.05580484,5.031396
4967,4.967,0.05783721,5.0057173
4968,4.968,0.05765003,4.9029155
4969,4.969,0.06689016,5.0546017
4970,4.97,0.06485897,5.0737453
4971,4.971,0.06276209,5.096831
4972,4.972,0.064907074,5.160746
4973,4.973,0.06411236,5.1609707
4974,4.974,0.0623361,5.144393
4975,4.975,0.06375254,5.231216
4976,4.976,0.06934823,5.3274884
4977,4.977,0.06595385,5.3014407
4978,4.978,0.06670065,5.315138
4979,4.979,0.061963174,5.36502
4980,4.98,0.06512222,5.3866954
4981,4.981,0.053042557,5.230528
4982,4.982,0.052232195,5.2648344
4983,4.983,0.060423605,5.232935
4984,4.984,0.063804194,5.31671
4985,4.985,0.071116775,5.3122983
4986,4.986,0.06337153,5.2940784
4987,4.987,0.06266716,5.271546
4988,4.988,0.05763399,5.2841816
4989,4.989,0.061614264,5.1476665
4990,4.99,0.056436166,5.0995007
4991,4.991,0.063131206,5.172805
4992,4.992,0.054600768,5.280799
4993,4.993,0.049867027,5.198526
4994,4.994,0.058836892,5.1273646
4995,4.995,0.0600542,5.2234764
4996,4.996,0.06182123,5.2977095
4997,4.997,0.051103473,5.298611
4998,4.998,0.053318612,5.2532086
4999,4.999,0.057252645,5.334158
5000,5.0,0.056286443,5.387769
5001,5.001,0.06343899,5.334269
5002,5.002,0.057341415,5.4256353
5003,5.003,0.06032883,5.4000697
5004,5.004,0.062445413,5.3613925
5005,5.005,0.04981484,5.3180213
5006,5.006,0.048583668,5.3405933
5007,5.007,0.050365247,5.388056
5008,5.008,0.04903248,5.5192957
5009,5.009,0.059246093,5.5852776
5010,5.01,0.059335776,5.622677
5011,5.011,0.051924773,5.6253934
5012,5.012,0.06973802,5.6085567
5013,5.013,0.06845823,5.6526794
5014,5.014,0.07264534,5.776065
5015,5.015,0.07270021,5.7926435
5016,5.016,0.07093448,5.772416
5017,5.017,0.061742645,5.7279396
5018,5.018,0.07037084,5.7616625
5019,5.019,0.0726143,5.7277617
5020,5.02,0.06321721,5.767791
5021,5.021,0.06555655,5.838053
5022,5.022,0.056997675,5.825256
5023,5.023,0.055130653,5.8586383
5024,5.024,0.056821972,5.8984103
5025,5.025,0.054093476,5.928485
5026,5.026,0.044239923,5.9869576
5027,5.027,0.059324086,6.050872
5028,5.028,0.06430769,5.951025
5029,5.029,0.053922243,5.838215
5030,5.03,0.060433168,5.898023
5031,5.031,0.06265056,5.825258
5032,5.032,0.054158613,5.800451
5033,5.033,0.052926924,5.8361635
5034,5.034,0.055443235,5.958599
5035,5.035,0.049136102,6.0408
5036,5.036,0.05927145,5.9994245
5037,5.037,0.059163112,6.0004997
5038,5.038,0.06146963,5.961258
5039,5.039,0.05769012,5.886881
5040,5.04,0.06860835,5.9269233
5041,5.041,0.0636491,5.965052
5042,5.042,0.07499193,5.986132
5043,5.043,0.06058123,5.958119
5044,5.044,0.05565861,5.928944
5045,5.045,0.06317605,5.937457
5046,5.046,0.07188632,5.969492
5047,5.047,0.07380251,5.95745
5048,5.048,0.07350902,5.915806
5049,5.049,0.071858175,6.019613
5050,5.05,0.063397065,6.0548573
5051,5.051,0.07995822,6.022492
5052,5.052,0.0728979,6.016457
5053,5.053,0.075611345,6.060138
5054,5.054,0.0653508,6.132712
5055,5.055,0.05801382,6.0541253
5056,5.056,0.058390193,6.0578146
5057,5.057,0.06678899,6.05469
5058,5.058,0.072194405,6.1189346
5059,5.059,0.05897818,6.088207
5060,5.06,0.06314036,6.070456
5061,5.061,0.06147433,6.1431017
5062,5.062,0.060114805,6.120767
5063,5.063,0.061869826,6.0880466
5064,5.064,0.057046328,6.121547
5065,5.065,0.059397113,6.0514994
5066,5.066,0.058172014,6.0563393
5067,5.067,0.05947102,6.0589633
5068,5.068,0.08051146,6.1243167
5069,5.069,0.07486079,6.169247
5070,5.07,0.083689995,6.1728773
5071,5.071,0.07849625,6.195716
5072,5.072,0.06055642,6.2794657
5073,5.073,0.06259888,6.22363
5074,5.074,0.057229422,6.1274753
5075,5.075,0.07043324,6.1690044
5076,5.076,0.06651322,6.1627383
5077,5.077,0.066556655,6.194808
5078,5.078,0.06363639,6.158769
5079,5.079,0.069958135,6.1166034
5080,5.08,0.07274313,6.1615806
5081,5.081,0.06617345,6.17037
5082,5.082,0.07186703,6.1304007
5083,5.083,0.07407298,6.1567016
5084,5.084,0.06199395,6.0947747
5085,5.085,0.064461194,6.1014686
5086,5.086,0.059467133,6.185803
5087,5.087,0.05601676,6.168036
5088,5.088,0.048910916,6.05887
5089,5.089,0.06406997,6.078605
5090,5.09,0.063032255,6.0835423
5091,5.091,0.06957705,6.176043
5092,5.092,0.064036585,6.0793953
5093,5.093,0.07337523,6.10341
5094,5.094,0.070109166,6.1050897
5095,5.095,0.070976034,6.1137114
5096,5.096,0.0636836,6.1497207
5097,5.097,0.071230456,6.132798
5098,5.098,0.0829554,6.179737
5099,5.099,0.07800802,6.2927427
5100,5.1,0.07988662,6.302197
5101,5.101,0.07944042,6.303747
5102,5.102,0.086145744,6.2183504
5103,5.103,0.061242603,6.191139
5104,5.104,0.061617076,6.1022553
5105,5.105,0.0547287,6.075409
5106,5.106,0.0584545,6.071748
5107,5.107,0.059312392,6.0496783
5108,5.108,0.06251294,6.0372605
5109,5.109,0.058844753,6.0537753
5110,5.11,0.050538234,6.0750737
5111,5.111,0.049240682,6.135728
5112,5.112,0.052043736,6.1380105
5113,5.113,0.06344355,6.279378
5114,5.114,0.064441465,6.3195806
5115,5.115,0.0614066,6.2647657
5116,5.116,0.064091615,6.306147
5117,5.117,0.08022307,6.4060235
5118,5.118,0.07214956,6.376868
5119,5.119,0.070831746,6.4009967
5120,5.12,0.07489166,6.4453287
5121,5.121,0.07894852,6.5823417
5122,5.122,0.07721116,4.472148
5123,5.123,0.093038306,4.505098
5124,5.124,0.0754897,4.4483633
5125,5.125,0.079475336,4.4920506
5126,5.126,0.0853375,4.4853325
5127,5.127,0.08447022,4.4854145
5128,5.128,0.085327335,4.422791
5129,5.129,0.08543159,4.4180317
5130,5.13,0.08294425,4.3734603
5131,5.131,0.089911275,4.357892
5132,5.132,0.08216431,4.3283787
5133,5.133,0.08458578,4.3496027
5134,5.134,0.084673196,4.39895
5135,5.135,0.07606101,4.436386
5136,5.136,0.07303415,4.433373
5137,5.137,0.08640099,4.393328
5138,5.138,0.07938583,4.378497
5139,5.139,0.07983741,4.3451734
5140,5.14,0.07439843,4.330137
5141,5.141,0.07906045,6.432366
5142,5.142,0.07627576,6.477406
5143,5.143,0.081525914,6.541683
5144,5.144,0.07312352,6.5744815
5145,5.145,0.08282361,6.6175323
5146,5.146,0.068743005,4.3730335
5147,5.147,0.078138314,6.727779
5148,5.148,0.07590126,6.6997995
5149,5.149,0.0834022,6.706891
5150,5.15,0.09744651,6.686444
5151,5.151,0.07968669,6.7714233
5152,5.152,0.08666149,6.6698847
5153,5.153,0.08018488,6.7472324
5154,5.154,0.07346813,6.7876368
5155,5.155,0.07244217,6.7717433
5156,5.156,0.08117707,4.374518
5157,5.157,0.07945934,6.8788
5158,5.158,0.07935962,6.9145727
5159,5.159,0.07842995,4.3622108
5160,5.16,0.075557046,4.4287157
5161,5.161,0.07376647,4.432109
5162,5.162,0.077866375,4.3733387
5163,5.163,0.07552109,4.367474
5164,5.164,0.074432604,4.3821983
5165,5.165,0.075129755,4.372543
5166,5.166,0.07087987,4.3525476
5167,5.167,0.08390519,4.319742
5168,5.168,0.07837171,4.329238
5169,5.169,0.073244356,4.3400764
5170,5.17,0.083330095,4.411892
5171,5.171,0.084032536,4.3718596
5172,5.172,0.082583204,4.353518
5173,5.173,0.09087614,4.3940353
5174,5.174,0.07719768,4.425318
5175,5.175,0.083519235,4.411568
5176,5.176,0.07561822,4.4071054
5177,5.177,0.07776313,4.364048
5178,5.178,0.082909405,4.3970714
5179,5.179,0.085800186,4.3602195
5180,5.18,0.081021704,4.362508
5181,5.181,0.07281778,4.332206
5182,5.182,0.072873324,4.3464456
5183,5.183,0.06980761,4.3699427
5184,5.184,0.07597814,4.379614
5185,5.185,0.07675316,4.3897853
5186,5.186,0.07439221,4.385011
5187,5.187,0.078613974,4.387134
5188,5.188,0.080649175,4.3579965
5189,5.189,0.07842774,4.3455625
5190,5.19,0.072044544,4.343955
5191,5.191,0.081957236,4.2917104
5192,5.192,0.08364164,4.268398
5193,5.193,0.08760937,4.206191
5194,5.194,0.07135369,4.2722597
5195,5.195,0.07651936,4.262093
5196,5.196,0.07608152,4.2725315
5197,5.197,0.081009574,4.269018
5198,5.198,0.075686984,4.3271666
5199,5.199,0.075178206,4.2699237
5200,5.2,0.081848554,4.308145
5201,5.201,0.0797186,4.3030963
5202,5.202,0.073743746,4.2622824
5203,5.203,0.07405113,4.2975845
5204,5.204,0.072004415,4.27577
5205,5.205,0.07573508,4.265129
5206,5.206,0.07104847,4.339201
5207,5.207,0.078876,4.3117714
5208,5.208,0.088620186,4.362861
5209,5.209,0.06812137,4.38309
5210,5.21,0.07459394,4.3457713
5211,5.211,0.068890825,4.361202
5212,5.212,0.077649325,4.391131
5213,5.213,0.06776408,4.396922
5214,5.214,0.082946345,4.3628774
5215,5.215,0.08848703,4.377017
5216,5.216,0.09160022,4.331316
5217,5.217,0.09251187,4.2702427
5218,5.218,0.091235414,4.3185706
5219,5.219,0.08333703,4.3153744
5220,5.22,0.077374175,4.3164396
5221,5.221,0.07788196,4.3785653
5222,5.222,0.099744484,4.3994184
5223,5.223,0.10152949,4.371474
5224,5.224,0.0932685,4.322375
5225,5.225,0.09881006,6.5573893
5226,5.226,0.08483142,6.6531467
5227,5.227,0.08085817,6.5568137
5228,5.228,0.08633407,4.3019423
5229,5.229,0.093921855,4.2973194
5230,5.23,0.09667356,6.682977
5231,5.231,0.100970626,4.2776113
5232,5.232,0.09629737,4.2757754
5233,5.233,0.096602984,4.3149548
5234,5.234,0.090773046,4.3070254
5235,5.235,0.09610691,4.334439
5236,5.236,0.09418119,4.3143206
5237,5.237,0.090982296,6.713504
5238,5.238,0.07488317,4.2960587
5239,5.239,0.08025476,4.2932496
5240,5.24,0.09294321,4.332752
5241,5.241,0.09043111,4.316452
5242,5.242,0.092283554,4.310235
5243,5.243,0.086800106,4.282985
5244,5.244,0.08507566,4.341159
5245,5.245,0.09522725,4.3151956
5246,5.246,0.097232744,4.3037047
5247,5.247,0.086093396,4.3105507
5248,5.248,0.09340659,4.313694
5249,5.249,0.086532004,4.3253407
5250,5.25,0.08389761,4.330638
5251,5.251,0.08595095,4.3548036
5252,5.252,0.09070298,4.369567
5253,5.253,0.08912745,4.3891463
5254,5.254,0.081659794,4.3989143
5255,5.255,0.07466906,4.4062314
5256,5.256,0.092100486,4.406134
5257,5.257,0.10461146,4.4022217
5258,5.258,0.09109847,4.4085503
5259,5.259,0.09258307,4.4389663
5260,5.26,0.088639095,4.4495935
5261,5.261,0.08172489,4.4828587
5262,5.262,0.0752612,4.473187
5263,5.263,0.073904246,4.449236
5264,5.264,0.06652451,4.45575
5265,5.265,0.06626423,4.442642
5266,5.266,0.062541604,4.4305334
5267,5.267,0.06565962,4.454384
5268,5.268,0.07189035,4.438035
5269,5.269,0.07482062,4.4056206
5270,5.27,0.07721789,4.443792
5271,5.271,0.07274392,4.4579725
5272,5.272,0.07912695,4.40798
5273,5.273,0.07613924,4.393711
5274,5.274,0.06821294,4.4416733
5275,5.275,0.07989965,4.467026
5276,5.276,0.07510514,4.4340253
5277,5.277,0.07914375,4.449236
5278,5.278,0.083248906,4.429746
5279,5.279,0.08252229,4.4358206
5280,5.28,0.07181231,4.467325
5281,5.281,0.07399413,4.4448705
5282,5.282,0.0784071,4.39757
5283,5.283,0.08415762,4.328912
5284,5.284,0.08537135,4.3272333
5285,5.285,0.08317806,4.4078407
5286,5.286,0.09387261,4.353528
5287,5.287,0.100177564,4.295538
5288,5.288,0.11154493,4.2801495
5289,5.289,0.097453624,4.303568
5290,5.29,0.09778519,4.2751822
5291,5.291,0.10000028,4.2350426
5292,5.292,0.09238621,4.25254
5293,5.293,0.09749039,4.2701235
5294,5.294,0.09586846,4.2565036
5295,5.295,0.09511672,4.2884827
5296,5.296,0.094110586,4.33124
5297,5.297,0.08908853,4.2904286
5298,5.298,0.09440614,4.270831
5299,5.299,0.09359883,4.300297
5300,5.3,0.085998684,4.348596
5301,5.301,0.0756465,4.3510184
5302,5.302,0.09163429,4.303958
5303,5.303,0.07857132,4.350864
5304,5.304,0.08169305,4.3448706
5305,5.305,0.08116781,4.3784127
5306,5.306,0.0774854,4.34952
5307,5.307,0.093329206,4.3351145
5308,5.308,0.1022386,4.311993
5309,5.309,0.096674755,4.356885
5310,5.31,0.09513069,4.3258705
5311,5.311,0.08650328,4.357194
5312,5.312,0.08872708,4.4052863
5313,5.313,0.09548425,4.392228
5314,5.314,0.10867522,4.3560224
5315,5.315,0.1080517,4.347764
5316,5.316,0.09399321,4.3911543
5317,5.317,0.102970354,4.391345
5318,5.318,0.09693507,4.4021573
5319,5.319,0.09518779,4.456905
5320,5.32,0.09303272,4.4344597
5321,5.321,0.10440683,4.437624
5322,5.322,0.07931591,4.4197774
5323,5.323,0.08165696,4.465782
5324,5.324,0.08005791,4.509075
5325,5.325,0.092695996,4.44145
5326,5.326,0.08250058,4.444638
5327,5.327,0.07279793,4.457907
5328,5.328,0.075036615,4.4013777
5329,5.329,0.089312725,4.3811474
5330,5.33,0.0904554,4.380757
5331,5.331,0.09685097,4.4234786
5332,5.332,0.0937463,4.4394555
5333,5.333,0.08746742,4.4277205
5334,5.334,0.08658743,4.3654194
5335,5.335,0.08148974,4.3762937
5336,5.336,0.08239332,4.3933473
5337,5.337,0.08742842,4.3953204
5338,5.338,0.08182031,4.419579
5339,5.339,0.06710066,4.3872437
5340,5.34,0.08228522,4.4297657
5341,5.341,0.072989024,4.4217634
5342,5.342,0.07446443,4.4073524
5343,5.343,0.079599604,4.39115
5344,5.344,0.071635835,4.3406477
5345,5.345,0.079013646,4.3813844
5346,5.346,0.08272376,4.4147863
5347,5.347,0.08468753,4.4166355
5348,5.348,0.07906337,4.3860545
5349,5.349,0.09520115,4.453263
5350,5.35,0.08328708,4.415274
5351,5.351,0.091199294,4.457332
5352,5.352,0.086887956,4.4327307
5353,5.353,0.08270209,4.4162307
5354,5.354,0.10307975,4.394826
5355,5.355,0.103298195,4.339123
5356,5.356,0.10020294,4.3195457
5357,5.357,0.100193135,4.3539724
5358,5.358,0.09311282,4.3305836
5359,5.359,0.10093456,4.2888913
5360,5.36,0.087930076,4.3154683
5361,5.361,0.09202955,4.310292
5362,5.362,0.0954455,4.3362317
5363,5.363,0.106570534,4.3865347
5364,5.364,0.09960125,4.3247643
5365,5.365,0.09777159,4.3257685
5366,5.366,0.10014005,4.3397326
5367,5.367,0.0928922,4.3645105
5368,5.368,0.10661771,4.356575
5369,5.369,0.098379195,4.379023
5370,5.37,0.11245782,4.412877
5371,5.371,0.104794174,4.437165
5372,5.372,0.09975897,4.3821363
5373,5.373,0.10537061,4.3884764
5374,5.374,0.101400174,4.4043274
5375,5.375,0.11214284,4.336229
5376,5.376,0.09740438,4.3152895
5377,5.377,0.10553723,4.345552
5378,5.378,0.10165181,4.3002305
5379,5.379,0.10482671,4.2801905
5380,5.38,0.115461364,4.3379817
5381,5.381,0.10472963,4.37252
5382,5.382,0.09196798,4.344618
5383,5.383,0.094507106,4.3437743
5384,5.384,0.080537304,4.3639226
5385,5.385,0.08425235,4.401421
5386,5.386,0.093825184,4.3923693
5387,5.387,0.09296497,4.3517575
5388,5.388,0.09350183,4.3903513
5389,5.389,0.081958644,4.406452
5390,5.39,0.08841254,4.3641143
5391,5.391,0.070398755,4.409034
5392,5.392,0.07671023,4.418747
5393,5.393,0.071418464,4.3701334
5394,5.394,0.07071742,4.408146
5395,5.395,0.067674465,4.3702087
5396,5.396,0.066565335,4.373993
5397,5.397,0.06654623,4.349244
5398,5.398,0.06280075,4.310845
5399,5.399,0.06766763,4.333206
5400,5.4,0.072667606,4.429126
5401,5.401,0.08134635,4.3982677
5402,5.402,0.087658174,4.3899856
5403,5.403,0.08099031,4.4015775
5404,5.404,0.080799535,4.3630157
5405,5.405,0.06437865,4.3759766
5406,5.406,0.07251314,4.3960814
5407,5.407,0.07186943,4.357034
5408,5.408,0.07436812,4.2962384
5409,5.409,0.070710056,4.3109426
5410,5.41,0.06727873,4.3412933
5411,5.411,0.078364335,4.386637
5412,5.412,0.07465977,4.388229
5413,5.413,0.068241745,4.3996797
5414,5.414,0.054477833,4.4118996
5415,5.415,0.06439122,4.4100175
5416,5.416,0.06404741,4.37849
5417,5.417,0.057332344,4.394474
5418,5.418,0.075578466,4.4520264
5419,5.419,0.07547133,4.3983912
5420,5.42,0.06941654,4.401929
5421,5.421,0.049387187,4.4219027
5422,5.422,0.04574044,4.425797
5423,5.423,0.04657069,4.4427605
5424,5.424,0.05108424,4.378258
5425,5.425,0.06068609,4.378781
5426,5.426,0.060568828,4.3485546
5427,5.427,0.06307534,4.402408
5428,5.428,0.06520205,4.3660555
5429,5.429,0.05903989,4.407626
5430,5.43,0.05765103,4.420606
5431,5.431,0.07184772,4.43264
5432,5.432,0.066008165,4.429949
5433,5.433,0.05417782,4.432732
5434,5.434,0.06540561,4.443664
5435,5.435,0.07262305,4.4250703
5436,5.436,0.069518045,4.431825
5437,5.437,0.0543525,4.425897
5438,5.438,0.052156895,4.400838
5439,5.439,0.053612653,4.4632645
5440,5.44,0.058703143,4.4045753
5441,5.441,0.06664604,4.422151
5442,5.442,0.058806434,4.3951883
5443,5.443,0.05786718,4.41593
5444,5.444,0.056593664,4.3788676
5445,5.445,0.057998873,4.3606405
5446,5.446,0.054105226,4.438502
5447,5.447,0.06318886,4.4323716
5448,5.448,0.055757176,4.372924
5449,5.449,0.05588557,4.3962407
5450,5.45,0.057629976,4.3829446
5451,5.451,0.06611403,4.3729067
5452,5.452,0.05906338,4.4110475
5453,5.453,0.0643598,4.3645425
5454,5.454,0.0630029,4.3695517
5455,5.455,0.046721853,4.3749614
5456,5.456,0.057356533,4.4063144
5457,5.457,0.0573656,4.3860273
5458,5.458,0.055290826,4.3221583
5459,5.459,0.061347272,4.335409
5460,5.46,0.066107914,4.348944
5461,5.461,0.05597444,4.432148
5462,5.462,0.058183935,4.380036
5463,5.463,0.067780286,4.439376
5464,5.464,0.053426903,4.4208865
5465,5.465,0.05466953,4.383397
5466,5.466,0.05891445,4.410826
5467,5.467,0.05222777,4.408005
5468,5.468,0.05854441,4.3945565
5469,5.469,0.05738172,4.4248147
5470,5.47,0.062395412,4.4352155
5471,5.471,0.058286164,4.407197
5472,5.472,0.056319296,4.370197
5473,5.473,0.0477509,4.3473115
5474,5.474,0.064951584,4.3284554
5475,5.475,0.060085956,4.3127255
5476,5.476,0.0705218,4.366268
5477,5.477,0.06825022,4.3250113
5478,5.478,0.06555919,4.3150616
5479,5.479,0.067571044,4.337658
5480,5.48,0.06400679,4.4197965
5481,5.481,0.06081358,4.3872194
5482,5.482,0.065585636,4.363034
5483,5.483,0.062696666,4.337572
5484,5.484,0.06327022,4.271485
5485,5.485,0.07099476,4.3035893
5486,5.486,0.06627731,4.294441
5487,5.487,0.065314524,4.319665
5488,5.488,0.07293754,4.3125978
5489,5.489,0.06989201,4.257628
5490,5.49,0.07293278,4.2542214
5491,5.491,0.06279983,4.2450266
5492,5.492,0.06795997,4.227956
5493,5.493,0.07793389,4.280676
5494,5.494,0.08238209,4.302049
5495,5.495,0.07215597,4.3664756
5496,5.496,0.069664225,4.3619003
5497,5.497,0.081847146,4.387753
5498,5.498,0.08728153,4.4410872
5499,5.499,0.07070515,4.423307
5500,5.5,0.07792796,4.440607
5501,5.501,0.07634771,4.4294934
5502,5.502,0.07274075,4.451844
5503,5.503,0.08124041,4.400225
5504,5.504,0.07520511,4.37462
5505,5.505,0.077813655,4.407418
5506,5.506,0.08066208,4.4368415
5507,5.507,0.07576865,4.3781705
5508,5.508,0.07653825,4.4170566
5509,5.509,0.08490224,4.383241
5510,5.51,0.083205156,4.402959
5511,5.511,0.079758465,4.4294167
5512,5.512,0.072624646,4.38549
5513,5.513,0.070483275,4.3587523
5514,5.514,0.07697049,4.4293814
5515,5.515,0.0681553,4.3460946
5516,5.516,0.077766106,4.3606496
5517,5.517,0.07656165,4.3995423
5518,5.518,0.07354597,4.4030213
5519,5.519,0.07596368,4.438586
5520,5.52,0.08038574,4.4138765
5521,5.521,0.066238925,4.395273
5522,5.522,0.07664465,4.359915
5523,5.523,0.080215864,4.4017625
5524,5.524,0.08118703,4.3281116
5525,5.525,0.07532184,4.397346
5526,5.526,0.0792853,4.371476
5527,5.527,0.08192479,4.36151
5528,5.528,0.06880604,4.392153
5529,5.529,0.06396976,4.3294506
5530,5.53,0.08149826,4.392488
5531,5.531,0.0779895,4.3887663
5532,5.532,0.079243004,4.4074965
5533,5.533,0.06734399,4.3843637
5534,5.534,0.07844763,4.399425
5535,5.535,0.073556185,4.4208593
5536,5.536,0.0740441,4.420688
5537,5.537,0.080224514,4.4308124
5538,5.538,0.079276554,4.398753
5539,5.539,0.0910788,4.4556146
5540,5.54,0.074965715,4.448392
5541,5.541,0.08570852,4.4348073
5542,5.542,0.070335515,4.3516116
5543,5.543,0.0677837,4.415514
5544,5.544,0.0706888,4.398636
5545,5.545,0.07247407,4.374916
5546,5.546,0.06492311,4.4075956
5547,5.547,0.074034736,4.434285
5548,5.548,0.0674169,4.3947244
5549,5.549,0.06909356,4.4538283
5550,5.55,0.072544225,4.444559
5551,5.551,0.07536403,4.495867
5552,5.552,0.06604143,4.4182987
5553,5.553,0.062124338,4.35236
5554,5.554,0.06808318,4.3740273
5555,5.555,0.05958462,4.403286
5556,5.556,0.057480346,4.424753
5557,5.557,0.067805864,4.400993
5558,5.558,0.052166864,4.456614
5559,5.559,0.05374294,4.5082893
5560,5.56,0.057947032,4.490713
5561,5.561,0.058022786,4.475945
5562,5.562,0.06908353,4.482219
5563,5.563,0.05852071,4.4957643
5564,5.564,0.065586515,4.445193
5565,5.565,0.055491168,4.468539
5566,5.566,0.06110466,4.5216613
5567,5.567,0.06506006,4.4292574
5568,5.568,0.057215277,4.422535
5569,5.569,0.070181675,4.3873863
5570,5.57,0.05244643,4.4661784
5571,5.571,0.053004403,4.407616
5572,5.572,0.050211236,4.4079256
5573,5.573,0.05666307,4.4075894
5574,5.574,0.0466612,4.456096
5575,5.575,0.051726256,4.43736
5576,5.576,0.05478359,4.4885707
5577,5.577,0.0578492,4.5125284
5578,5.578,0.06762491,4.5504923
5579,5.579,0.06300932,4.5284038
5580,5.58,0.058693293,4.5672107
5581,5.581,0.051211935,4.5277314
5582,5.582,0.070398755,4.49408
5583,5.583,0.06434632,4.4933753
5584,5.584,0.06816547,4.4392443
5585,5.585,0.063425325,4.477719
5586,5.586,0.076717764,4.4179487
5587,5.587,0.066514954,4.409131
5588,5.588,0.08460901,4.4342623
5589,5.589,0.067307934,4.4052405
5590,5.59,0.065178104,4.423639
5591,5.591,0.05723144,4.327286
5592,5.592,0.052803382,4.3062677
5593,5.593,0.06644192,4.2571325
5594,5.594,0.06576429,4.306591
5595,5.595,0.05591245,4.2825465
5596,5.596,0.05727586,4.251434
5597,5.597,0.065939836,4.2769785
5598,5.598,0.07024177,4.324363
5599,5.599,0.062223807,4.347965
5600,5.6,0.058787756,4.318798
5601,5.601,0.061607696,4.3192477
5602,5.602,0.068061106,4.3706784
5603,5.603,0.06919972,4.407726
5604,5.604,0.055694945,4.366818
5605,5.605,0.044290848,4.3036675
5606,5.606,0.04947605,4.285454
5607,5.607,0.052058175,4.2624435
5608,5.608,0.05273876,4.226307
5609,5.609,0.04624188,4.3405724
5610,5.61,0.0494889,4.328415
5611,5.611,0.055112828,4.3992167
5612,5.612,0.044438064,4.4218645
5613,5.613,0.04999089,4.426003
5614,5.614,0.05345394,4.45552
5615,5.615,0.0502354,4.46051
5616,5.616,0.050277956,4.4194374
5617,5.617,0.042924337,4.4356694
5618,5.618,0.046640135,4.4374275
5619,5.619,0.053074148,4.4246826
5620,5.62,0.050990246,4.4352193
5621,5.621,0.055007853,4.4462237
5622,5.622,0.051488824,4.4695964
5623,5.623,0.050384752,4.4232097
5624,5.624,0.0466327,4.3898306
5625,5.625,0.0532101,4.3739862
5626,5.626,0.062543444,4.3335133
5627,5.627,0.057647023,4.3365407
5628,5.628,0.053450696,4.342219
5629,5.629,0.062319405,4.3003917
5630,5.63,0.0539908,4.2811403
5631,5.631,0.05721932,4.302622
5632,5.632,0.049975857,4.313249
5633,5.633,0.05781622,4.330703
5634,5.634,0.05420555,4.3517904
5635,5.635,0.061203897,4.3488755
5636,5.636,0.06494802,4.3931694
5637,5.637,0.05855033,4.3399396
5638,5.638,0.06598977,4.3614545
5639,5.639,0.066468015,4.3597574
5640,5.64,0.076452866,4.38158
5641,5.641,0.06337153,4.3480163
5642,5.642,0.06401311,4.377127
5643,5.643,0.07587918,4.3439574
5644,5.644,0.0738753,4.3826637
5645,5.645,0.08647655,4.404616
5646,5.646,0.08294007,4.385949
5647,5.647,0.08310645,4.4031754
5648,5.648,0.080051415,4.363162
5649,5.649,0.07975484,4.392625
5650,5.65,0.07900194,4.4244723
5651,5.651,0.06336971,4.4452825
5652,5.652,0.07064872,4.3882895
5653,5.653,0.06951888,4.358227
5654,5.654,0.06544183,4.371645
5655,5.655,0.06053924,4.368323
5656,5.656,0.06285687,4.3751698
5657,5.657,0.04923481,4.3933015
5658,5.658,0.07094671,4.3837585
5659,5.659,0.063797854,4.3858676
5660,5.66,0.060933214,4.364725
5661,5.661,0.07662052,4.371972
5662,5.662,0.06780756,4.396726
5663,5.663,0.07239269,4.3572536
5664,5.664,0.06078696,4.322013
5665,5.665,0.07145406,4.2524924
5666,5.666,0.05957104,4.2684164
5667,5.667,0.056264877,4.2472796
5668,5.668,0.07737716,4.2592397
5669,5.669,0.07092226,4.3179555
5670,5.67,0.066973925,4.3055067
5671,5.671,0.07816568,4.2774568
5672,5.672,0.060869627,4.2638445
5673,5.673,0.067795634,4.2848725
5674,5.674,0.064624175,4.2884655
5675,5.675,0.06463938,4.228829
5676,5.676,0.062772214,4.146129
5677,5.677,0.06448719,4.1422195
5678,5.678,0.052867923,4.1495905
5679,5.679,0.063214466,4.206831
5680,5.68,0.06909022,4.2079153
5681,5.681,0.07164551,4.2340026
5682,5.682,0.07170116,4.2101755
5683,5.683,0.0642951,4.1894207
5684,5.684,0.07687581,4.1851506
5685,5.685,0.078658074,4.213133
5686,5.686,0.06883291,4.21732
5687,5.687,0.07680285,4.2558928
5688,5.688,0.077910155,4.1965923
5689,5.689,0.07462493,4.222148
5690,5.69,0.07831269,4.258741
5691,5.691,0.06940072,4.271821
5692,5.692,0.06633397,4.2197137
5693,5.693,0.072544225,4.186644
5694,5.694,0.07450711,4.1886854
5695,5.695,0.07559911,4.2208157
5696,5.696,0.05902716,4.2649612
5697,5.697,0.069294035,4.247202
5698,5.698,0.07877922,4.1990137
5699,5.699,0.07982438,4.2133393
5700,5.7,0.06735686,4.2338195
5701,5.701,0.061652713,4.222582
5702,5.702,0.06142354,4.231349
5703,5.703,0.06517101,4.275451
5704,5.704,0.057943042,4.2439194
5705,5.705,0.055085555,4.2223606
5706,5.706,0.06917132,4.2841725
5707,5.707,0.06787828,4.225209
5708,5.708,0.07702829,6.854667
5709,5.709,0.07714975,6.86461
5710,5.71,0.076967485,6.880986
5711,5.711,0.08051649,6.8618574
5712,5.712,0.081224754,6.870201
5713,5.713,0.07069289,6.8569903
5714,5.714,0.075248905,6.7786865
5715,5.715,0.08430104,6.7880483
5716,5.716,0.078711696,6.788931
5717,5.717,0.09821985,6.7861814
5718,5.718,0.08205943,6.8977375
5719,5.719,0.07092553,4.247989
5720,5.72,0.06983079,4.2597694
5721,5.721,0.07574881,4.2878466
5722,5.722,0.059925098,4.29162
5723,5.723,0.06569219,4.2879915
5724,5.724,0.07719094,4.298231
5725,5.725,0.07480286,4.331399
5726,5.726,0.06360096,4.318428
5727,5.727,0.06832554,4.289347
5728,5.728,0.06277866,4.3290586
5729,5.729,0.065377325,4.3582706
5730,5.73,0.06810864,4.3075023
5731,5.731,0.05440564,4.3074636
5732,5.732,0.061120737,4.282306
5733,5.733,0.048627667,4.3384967
5734,5.734,0.05551616,4.2909493
5735,5.735,0.060688943,4.3302374
5736,5.736,0.07479049,4.2722983
5737,5.737,0.06846414,4.319085
5738,5.738,0.054558408,4.300262
5739,5.739,0.06425014,4.299347
5740,5.74,0.05619395,4.283413
5741,5.741,0.051243525,4.2952175
5742,5.742,0.06099768,4.2998514
5743,5.743,0.061361402,4.330218
5744,5.744,0.061009996,4.347289
5745,5.745,0.056779236,4.293724
5746,5.746,0.06686769,4.3018875
5747,5.747,0.06426543,4.300073
5748,5.748,0.060355652,4.3310814
5749,5.749,0.06041308,4.302602
5750,5.75,0.06957373,4.3761725
5751,5.751,0.06984072,4.350321
5752,5.752,0.051314533,4.2832165
5753,5.753,0.061323714,4.239663
5754,5.754,0.058738574,4.209922
5755,5.755,0.0711062,4.2306247
5756,5.756,0.058648963,4.215758
5757,5.757,0.06372806,4.2051177
5758,5.758,0.058518734,4.236509
5759,5.759,0.05203596,4.2409625
5760,5.76,0.0490089,4.2186847
5761,5.761,0.051793255,7.058489
5762,5.762,0.055087652,4.2132115
5763,5.763,0.057570774,4.230222
5764,5.764,0.048023675,4.186742
5765,5.765,0.04780534,4.1695333
5766,5.766,0.052148025,4.252773
5767,5.767,0.05114417,4.198674
5768,5.768,0.061295435,4.195091
5769,5.769,0.06338065,4.1865463
5770,5.77,0.06884802,4.1522236
5771,5.771,0.07064791,4.129562
5772,5.772,0.059761874,4.130385
5773,5.773,0.07148722,4.206688
5774,5.774,0.07165358,4.199639
5775,5.775,0.06901321,4.2003293
5776,5.776,0.072236024,4.20898
5777,5.777,0.067965075,4.233773
5778,5.778,0.06801948,4.2354107
5779,5.779,0.060723223,4.240989
5780,5.78,0.062432457,4.2595983
5781,5.781,0.055142183,4.2286263
5782,5.782,0.06255546,4.279075
5783,5.783,0.067706056,4.3213334
5784,5.784,0.06588546,4.3082395
5785,5.785,0.059936672,4.3178535
5786,5.786,0.054945827,4.3859835
5787,5.787,0.056897193,4.3612547
5788,5.788,0.054536156,4.3855567
5789,5.789,0.05488689,4.3648376
5790,5.79,0.05367299,4.3315105
5791,5.791,0.05016517,4.3171616
5792,5.792,0.053593244,4.342709
5793,5.793,0.062214516,4.3643584
5794,5.794,0.05916018,4.330513
5795,5.795,0.05788216,4.2873764
5796,5.796,0.0624778,4.323501
5797,5.797,0.063044176,4.291488
5798,5.798,0.05867458,4.3099804
5799,5.799,0.0691036,4.3446484
5800,5.8,0.063689955,4.3499413
5801,5.801,0.08230277,4.3215876
5802,5.802,0.067671046,4.280974
5803,5.803,0.07365277,4.2574244
5804,5.804,0.061978098,4.2744446
5805,5.805,0.073235676,4.2689
5806,5.806,0.064979166,4.2664833
5807,5.807,0.06670499,4.2746377
5808,5.808,0.06133691,4.2654366
5809,5.809,0.06727529,4.321151
5810,5.81,0.06919805,4.2292767
5811,5.811,0.08341883,4.2995043
5812,5.812,0.071056604,4.257497
5813,5.813,0.08931532,4.2240868
5814,5.814,0.068673186,4.2333302
5815,5.815,0.083868675,4.2619386
5816,5.816,0.07941714,4.2559056
5817,5.817,0.08179628,4.2739587
5818,5.818,0.07242142,4.227054
5819,5.819,0.07192972,4.2246475
5820,5.82,0.07063973,4.3022704
5821,5.821,0.06511955,4.2531166
5822,5.822,0.07329721,4.2317653
5823,5.823,0.053606186,4.2775984
5824,5.824,0.06322636,4.243708
5825,5.825,0.06084398,4.267006
5826,5.826,0.05924219,4.2406588
5827,5.827,0.056911416,4.2574735
5828,5.828,0.06548686,4.2734694
5829,5.829,0.051301017,4.2869368
5830,5.83,0.06047906,4.246104
5831,5.831,0.055764433,4.2432323
5832,5.832,0.07187024,4.213138
5833,5.833,0.062122475,4.172607
5834,5.834,0.06733369,4.231029
5835,5.835,0.0626939,4.222936
5836,5.836,0.056661032,4.252854
5837,5.837,0.06564553,4.2612615
5838,5.838,0.06625899,4.2767305
5839,5.839,0.06371627,4.2424397
5840,5.84,0.055946555,4.228249
5841,5.841,0.053178586,4.241918
5842,5.842,0.0542631,4.255692
5843,5.843,0.062611796,4.185493
5844,5.844,0.08193608,4.150212
5845,5.845,0.06403749,4.210978
5846,5.846,0.07249002,4.2575197
5847,5.847,0.06640103,4.2571425
5848,5.848,0.06983575,4.2617736
5849,5.849,0.07114765,4.2814474
5850,5.85,0.0603748,4.2982125
5851,5.851,0.07051934,4.26115
5852,5.852,0.058324825,4.220697
5853,5.853,0.06368814,4.259551
5854,5.854,0.08152166,4.2328773
5855,5.855,0.07304998,4.2909784
5856,5.856,0.07065118,4.294575
5857,5.857,0.07034373,4.2921033
5858,5.858,0.061408482,4.3049827
5859,5.859,0.05829509,4.3060803
5860,5.86,0.05458806,4.2592564
5861,5.861,0.06162927,4.307297
5862,5.862,0.06367725,4.3020434
5863,5.863,0.06395801,4.2347164
5864,5.864,0.053268723,4.277145
5865,5.865,0.061563585,4.2574773
5866,5.866,0.051484335,4.27401
5867,5.867,0.06648019,4.2346106
5868,5.868,0.052143592,4.242689
5869,5.869,0.060119614,4.2203355
5870,5.87,0.059440885,4.2329235
5871,5.871,0.055795517,4.189644
5872,5.872,0.058065604,4.157757
5873,5.873,0.057005785,4.206688
5874,5.874,0.05615485,4.2037907
5875,5.875,0.05532322,4.281007
5876,5.876,0.060839232,4.185373
5877,5.877,0.06484382,4.2298717
5878,5.878,0.06828747,4.255444
5879,5.879,0.078648515,4.2703285
5880,5.88,0.075281925,4.2657547
5881,5.881,0.081454985,4.2575636
5882,5.882,0.077921286,4.3074126
5883,5.883,0.06519496,4.3433056
5884,5.884,0.06770349,4.3476257
5885,5.885,0.069744654,4.298848
5886,5.886,0.06617433,4.3811674
5887,5.887,0.06278787,4.367411
5888,5.888,0.06481886,4.394434
5889,5.889,0.08191279,4.4105244
5890,5.89,0.057635993,4.3585057
5891,5.891,0.052290812,4.419575
5892,5.892,0.054960553,4.448051
5893,5.893,0.061871693,4.4094443
5894,5.894,0.05571777,4.395488
5895,5.895,0.061030835,4.4045987
5896,5.896,0.05584625,4.3931904
5897,5.897,0.066844344,4.384348
5898,5.898,0.059719305,4.3501873
5899,5.899,0.072840005,4.3407187
5900,5.9,0.07220001,4.365
5901,5.901,0.0643589,4.355648
5902,5.902,0.06387572,4.375438
5903,5.903,0.07617491,4.4391804
5904,5.904,0.07789161,4.3864274
5905,5.905,0.07243578,4.3699403
5906,5.906,0.077074796,4.358752
5907,5.907,0.082536995,4.3721943
5908,5.908,0.06871273,4.3995333
5909,5.909,0.06344901,4.369769
5910,5.91,0.06451676,4.369551
5911,5.911,0.060621288,4.329477
5912,5.912,0.07838351,4.3468037
5913,5.913,0.058610518,4.3334765
5914,5.914,0.05779222,4.3641663
5915,5.915,0.05335004,4.3224373
5916,5.916,0.05859375,4.353906
5917,5.917,0.059564248,4.358266
5918,5.918,0.07377901,4.3408127
5919,5.919,0.071849324,4.3781505
5920,5.92,0.07154945,4.320759
5921,5.921,0.06632613,4.3256397
5922,5.922,0.051617753,4.359304
5923,5.923,0.052642226,4.3875303
5924,5.924,0.054564763,4.388284
5925,5.925,0.05586798,4.363072
5926,5.926,0.063734405,4.4112024
5927,5.927,0.050873358,4.3542824
5928,5.928,0.060055166,4.3309674
5929,5.929,0.054452363,4.3061023
5930,5.93,0.04972193,4.3116107
5931,5.931,0.05441945,4.2737417
5932,5.932,0.0735216,4.2661343
5933,5.933,0.06360641,4.227594
5934,5.934,0.07516129,4.219741
5935,5.935,0.05777722,4.273135
5936,5.936,0.060647026,4.275115
5937,5.937,0.0623361,4.312272
5938,5.938,0.06438673,4.257194
5939,5.939,0.058382273,4.324716
5940,5.94,0.06764286,4.3268557
5941,5.941,0.06501385,4.373148
5942,5.942,0.064486295,4.3935075
5943,5.943,0.050666165,4.412701
5944,5.944,0.05325787,4.402699
5945,5.945,0.050015163,4.426335
5946,5.946,0.051890254,4.442659
5947,5.947,0.058648963,4.415109
5948,5.948,0.064523034,4.3985114
5949,5.949,0.08453109,4.3786936
5950,5.95,0.07807246,4.338458
5951,5.951,0.06522686,4.4048123
5952,5.952,0.062280443,4.41931
5953,5.953,0.059837263,4.4289684
5954,5.954,0.080840304,4.4066443
5955,5.955,0.09564513,4.366444
5956,5.956,0.07794798,4.3720903
5957,5.957,0.07585404,4.2969036
5958,5.958,0.07079011,4.2904234
5959,5.959,0.063687235,4.338019
5960,5.96,0.05568664,4.353403
5961,5.961,0.05918655,4.4203715
5962,5.962,0.070780315,4.3994775
5963,5.963,0.06257486,4.4040194
5964,5.964,0.066940255,4.4287853
5965,5.965,0.0736818,4.367185
5966,5.966,0.07993002,4.339558
5967,5.967,0.070314966,4.400136
5968,5.968,0.06726498,4.388906
5969,5.969,0.061593622,4.313461
5970,5.97,0.068932764,4.3597307
5971,5.971,0.052776005,4.405919
5972,5.972,0.05902814,4.4016366
5973,5.973,0.048709612,4.3880334
5974,5.974,0.050703794,4.368073
5975,5.975,0.04764912,4.420337
5976,5.976,0.05468327,4.372959
5977,5.977,0.052355982,4.3950067
5978,5.978,0.059512798,4.3777027
5979,5.979,0.05248829,4.3802843
5980,5.98,0.04900536,4.4158506
5981,5.981,0.06484204,4.3637514
5982,5.982,0.062584095,4.4133782
5983,5.983,0.05293457,4.378447
5984,5.984,0.05615691,4.36022
5985,5.985,0.04746682,4.3852925
5986,5.986,0.057944037,4.414064
5987,5.987,0.057535626,4.4129047
5988,5.988,0.06276393,4.4308023
5989,5.989,0.0583694,4.494231
5990,5.99,0.06433644,4.419402
5991,5.991,0.053956535,4.417467
5992,5.992,0.06865298,4.4629464
5993,5.993,0.074186035,4.3800645
5994,5.994,0.074618734,4.4094663
5995,5.995,0.08086175,4.3563166
5996,5.996,0.07893461,4.4071207
5997,5.997,0.07745406,4.4158964
5998,5.998,0.076020725,4.4356084
5999,5.999,0.0629561,4.4135737
6000,6.0,0.065817006,4.388969
6001,6.001,0.07990254,4.393914
6002,6.002,0.07969394,4.443961
6003,6.003,0.08286617,4.40523
6004,6.004,0.070841536,4.4560504
6005,6.005,0.073608026,4.4799504
6006,6.006,0.07159225,4.500556
6007,6.007,0.057595868,4.437514
6008,6.008,0.07514668,4.439717
6009,6.009,0.081259616,4.4751496
6010,6.01,0.06683742,4.4201355
6011,6.011,0.062668085,4.3582745
6012,6.012,0.07514437,4.406281
6013,6.013,0.083090454,4.4184065
6014,6.014,0.08054592,4.397884
6015,6.015,0.08230699,4.40043
6016,6.016,0.07540697,4.4012933
6017,6.017,0.08429213,4.3044767
6018,6.018,0.0928505,4.307996
6019,6.019,0.08933796,4.3306727
6020,6.02,0.094059594,4.2509294
6021,6.021,0.084174104,4.259051
6022,6.022,0.085110985,4.231077
6023,6.023,0.09281564,4.254409
6024,6.024,0.10569648,4.279451
6025,6.025,0.09935199,4.2592626
6026,6.026,0.08950989,4.274443
6027,6.027,0.07569309,4.2430744
6028,6.028,0.07005061,4.2951674
6029,6.029,0.08127598,4.2373495
6030,6.03,0.07559988,4.269204
6031,6.031,0.081176355,4.3241897
6032,6.032,0.08609474,4.260905
6033,6.033,0.07891044,4.3408637
6034,6.034,0.092631124,4.2546043
6035,6.035,0.0964503,4.2875943
6036,6.036,0.08805947,4.3123517
6037,6.037,0.0955744,4.30565
6038,6.038,0.09261116,4.2703757
6039,6.039,0.08685003,4.3094463
6040,6.04,0.08472506,4.333924
6041,6.041,0.09201007,4.2977552
6042,6.042,0.07807171,4.2710977
6043,6.043,0.08178427,4.336626
6044,6.044,0.08431269,4.274734
6045,6.045,0.07166649,4.3559217
6046,6.046,0.08102099,4.323799
6047,6.047,0.07758901,4.2541347
6048,6.048,0.06939905,4.193398
6049,6.049,0.0662991,4.213743
6050,6.05,0.074334696,4.2472043
6051,6.051,0.07542306,4.293301
6052,6.052,0.071416035,4.2796063
6053,6.053,0.074995,4.273535
6054,6.054,0.0715753,4.299953
6055,6.055,0.07201806,4.3201604
6056,6.056,0.06860077,4.287111
6057,6.057,0.063024,4.354978
6058,6.058,0.06942237,4.2873774
6059,6.059,0.067234896,4.278726
6060,6.06,0.05994342,4.2817693
6061,6.061,0.06586441,4.4090757
6062,6.062,0.059232432,4.393229
6063,6.063,0.052217808,4.3406625
6064,6.064,0.054793086,4.3219585
6065,6.065,0.051302142,4.3020115
6066,6.066,0.051696077,4.299841
6067,6.067,0.045140073,4.2648487
6068,6.068,0.04992147,4.2317553
6069,6.069,0.05125593,4.227878
6070,6.07,0.05606317,4.2307663
6071,6.071,0.05638699,4.2124205
6072,6.072,0.0533056,4.208079
6073,6.073,0.05031358,4.223089
6074,6.074,0.060891464,4.2250557
6075,6.075,0.054323778,4.203318
6076,6.076,0.04952159,4.2197995
6077,6.077,0.05967961,4.262937
6078,6.078,0.060730834,4.315807
6079,6.079,0.06942903,4.4034967
6080,6.08,0.06278326,4.3204136
6081,6.081,0.062259093,4.257079
6082,6.082,0.059130862,4.2451806
6083,6.083,0.05801681,4.229212
6084,6.084,0.056212462,4.229408
6085,6.085,0.047587216,4.2527175
6086,6.086,0.051121563,4.250466
6087,6.087,0.046045225,4.2192574
6088,6.088,0.05640851,4.291562
6089,6.089,0.059125975,4.232202
6090,6.09,0.05893799,4.256394
6091,6.091,0.053118777,4.2419944
6092,6.092,0.05254442,4.2772236
6093,6.093,0.06300382,4.224554
6094,6.094,0.06181749,4.275558
6095,6.095,0.05031932,4.2162075
6096,6.096,0.048856527,4.22686
6097,6.097,0.055021513,4.24107
6098,6.098,0.05811734,4.172416
6099,6.099,0.057827216,4.208586
6100,6.1,0.057470288,4.231168
6101,6.101,0.049994357,4.212626
6102,6.102,0.050400812,4.2609386
6103,6.103,0.049666103,4.2451363
6104,6.104,0.057250626,4.312564
6105,6.105,0.053024027,4.225026
6106,6.106,0.0632967,4.263252
6107,6.107,0.05745319,4.2072344
6108,6.108,0.05185794,4.216825
6109,6.109,0.052439816,4.2095213
6110,6.11,0.06761807,4.2008576
6111,6.111,0.071859784,4.2335515
6112,6.112,0.057205178,4.2526565
6113,6.113,0.061451763,4.1904206
6114,6.114,0.054357816,4.255945
6115,6.115,0.054912154,4.259102
6116,6.116,0.059698973,4.2107735
6117,6.117,0.06094649,4.2343802
6118,6.118,0.066580966,4.2429895
6119,6.119,0.06839995,4.2674923
6120,6.12,0.057877168,4.223547
6121,6.121,0.071554296,4.192198
6122,6.122,0.071672134,4.1799693
6123,6.123,0.06704723,4.16238
6124,6.124,0.0632492,4.1771693
6125,6.125,0.06681321,4.194055
6126,6.126,0.0721888,4.200295
6127,6.127,0.06984651,4.179849
6128,6.128,0.07597585,4.2191377
6129,6.129,0.06381416,4.269307
6130,6.13,0.08703883,4.196161
6131,6.131,0.06785784,4.234739
6132,6.132,0.060873423,4.238402
6133,6.133,0.055573393,4.2635727
6134,6.134,0.04373404,4.23443
6135,6.135,0.05242769,4.234659
6136,6.136,0.05398652,4.2628
6137,6.137,0.06946482,4.2619185
6138,6.138,0.056793485,4.255072
6139,6.139,0.07252829,4.195351
6140,6.14,0.06716954,4.2953486
6141,6.141,0.054421574,4.2799735
6142,6.142,0.06400589,4.2587986
6143,6.143,0.058185924,4.275693
6144,6.144,0.060614612,4.2732954
6145,6.145,0.06683916,4.273779
6146,6.146,0.06440648,4.261245
6147,6.147,0.065628804,4.176077
6148,6.148,0.056418754,4.147711
6149,6.149,0.06893192,4.1816106
6150,6.15,0.06159456,4.1986737
6151,6.151,0.052537818,4.1780562
6152,6.152,0.06872955,4.176912
6153,6.153,0.07196829,4.151471
6154,6.154,0.05695101,4.1645846
6155,6.155,0.060964506,4.1747856
6156,6.156,0.05936986,4.181405
6157,6.157,0.057570774,4.1983986
6158,6.158,0.0665306,4.2216325
6159,6.159,0.050169777,4.210099
6160,6.16,0.059844024,4.201432
6161,6.161,0.05786718,4.164027
6162,6.162,0.051485457,4.148064
6163,6.163,0.05865586,4.179207
6164,6.164,0.048519384,4.11943
6165,6.165,0.05229965,4.1459584
6166,6.166,0.055720884,4.1956425
6167,6.167,0.057101015,4.1722145
6168,6.168,0.05480047,4.2106867
6169,6.169,0.044268657,4.1488967
6170,6.17,0.050208934,4.192391
6171,6.171,0.054379076,4.2215276
6172,6.172,0.05823656,4.217
6173,6.173,0.059032056,4.2104216
6174,6.174,0.06115477,4.214151
6175,6.175,0.070381515,4.203997
6176,6.176,0.074883945,4.1993113
6177,6.177,0.06119729,4.1832666
6178,6.178,0.06550275,4.2036147
6179,6.179,0.06812476,4.202364
6180,6.18,0.064127676,4.2264752
6181,6.181,0.07070515,4.2149577
6182,6.182,0.05187911,4.2234764
6183,6.183,0.057681102,4.2283425
6184,6.184,0.061247323,4.221441
6185,6.185,0.060370013,4.2685003
6186,6.186,0.06753682,4.255473
6187,6.187,0.06349454,4.2723517
6188,6.188,0.07475185,4.2269998
6189,6.189,0.07094182,4.216382
6190,6.19,0.05521446,4.2087445
6191,6.191,0.060843036,4.179627
6192,6.192,0.05914552,4.1625524
6193,6.193,0.05428227,4.150042
6194,6.194,0.057172835,4.1754107
6195,6.195,0.04999089,4.1662955
6196,6.196,0.05614044,4.1503
6197,6.197,0.054489505,4.1634994
6198,6.198,0.04415885,4.1779547
6199,6.199,0.05694695,4.141454
6200,6.2,0.05401328,4.208671
6201,6.201,0.04987977,4.1901627
6202,6.202,0.06389924,4.223653
6203,6.203,0.05268942,4.2124577
6204,6.204,0.058526635,4.1833534
6205,6.205,0.059969448,4.234959
6206,6.206,0.051025372,4.2242074
6207,6.207,0.061135866,4.2081823
6208,6.208,0.061048828,4.2453423
6209,6.209,0.05507401,4.2189064
6210,6.21,0.049917996,4.245944
6211,6.211,0.05639211,4.2591343
6212,6.212,0.044937313,4.19027
6213,6.213,0.050489035,4.2327485
6214,6.214,0.04981136,4.2169533
6215,6.215,0.056546666,4.2444634
6216,6.216,0.06189411,4.2426567
6217,6.217,0.059933778,4.2759547
6218,6.218,0.055502627,4.2831063
6219,6.219,0.05934454,4.238743
6220,6.22,0.06039203,4.246739
6221,6.221,0.06656013,4.2107205
6222,6.222,0.06337883,4.168648
6223,6.223,0.060617477,4.216014
6224,6.224,0.05602192,4.270499
6225,6.225,0.0655442,4.264026
6226,6.226,0.07048983,4.241404
6227,6.227,0.057042275,4.247494
6228,6.228,0.055668995,4.306527
6229,6.229,0.05392653,4.2559752
6230,6.23,0.051814456,4.2342186
6231,6.231,0.059898086,4.268329
6232,6.232,0.0552019,4.224371
6233,6.233,0.06714113,4.240888
6234,6.234,0.061680827,4.150826
6235,6.235,0.066447146,4.1889224
6236,6.236,0.066404514,4.1985993
6237,6.237,0.066353135,4.194835
6238,6.238,0.06631829,4.2085285
6239,6.239,0.054667417,4.22477
6240,6.24,0.052448634,4.272648
6241,6.241,0.058113363,4.241677
6242,6.242,0.05798193,4.2363133
6243,6.243,0.06705413,4.233689
6244,6.244,0.06670325,4.232531
6245,6.245,0.06671365,4.233635
6246,6.246,0.07185335,4.1800847
6247,6.247,0.069214754,4.1416516
6248,6.248,0.059556484,4.147837
6249,6.249,0.07689386,4.174967
6250,6.25,0.06450064,4.173506
6251,6.251,0.062115964,4.20648
6252,6.252,0.0681748,4.1853294
6253,6.253,0.06680456,4.1902313
6254,6.254,0.059425328,4.212337
6255,6.255,0.0633843,4.22833
6256,6.256,0.05907512,4.215504
6257,6.257,0.06404109,4.2052298
6258,6.258,0.07133101,4.2253556
6259,6.259,0.070101745,4.232907
6260,6.26,0.06529948,4.190768
6261,6.261,0.07466984,4.1507635
6262,6.262,0.074866965,4.1707244
6263,6.263,0.06962688,4.1894126
6264,6.264,0.062214516,4.1882763
6265,6.265,0.07051934,4.177038
6266,6.266,0.081706494,4.196054
6267,6.267,0.0787484,4.1659884
6268,6.268,0.08636084,4.1745124
6269,6.269,0.072204016,4.1801505
6270,6.27,0.064184435,4.1632953
6271,6.271,0.06367725,4.128367
6272,6.272,0.066245034,4.150997
6273,6.273,0.07189517,4.160449
6274,6.274,0.061362345,4.1719956
6275,6.275,0.072657265,4.1414375
6276,6.276,0.07010999,4.1883373
6277,6.277,0.07560064,4.1565356
6278,6.278,0.08265526,4.164559
6279,6.279,0.08109372,4.203056
6280,6.28,0.07418214,4.1480265
6281,6.281,0.07784188,4.0993223
6282,6.282,0.072910585,4.1614056
6283,6.283,0.0759614,4.1462975
6284,6.284,0.0825405,4.1345863
6285,6.285,0.086448476,4.140836
6286,6.286,0.077993944,4.165894
6287,6.287,0.077132516,4.1569495
6288,6.288,0.060693707,4.1797185
6289,6.289,0.069376566,4.1535287
6290,6.29,0.07193214,4.198432
6291,6.291,0.075359434,4.222581
6292,6.292,0.07151713,4.213793
6293,6.293,0.07142494,4.1771135
6294,6.294,0.08157765,4.2075486
6295,6.295,0.075089745,4.189373
6296,6.296,0.06392095,4.2324586
6297,6.297,0.07883936,4.194932
6298,6.298,0.069210574,4.1677437
6299,6.299,0.081719935,4.2092686
6300,6.3,0.08721661,4.1929946
6301,6.301,0.07732485,4.17753
6302,6.302,0.07097196,4.0980244
6303,6.303,0.081283085,4.127113
6304,6.304,0.07953641,4.1390314
6305,6.305,0.07423121,4.1342154
6306,6.306,0.06758986,4.1707807
6307,6.307,0.062790625,4.169041
6308,6.308,0.06864877,4.183166
6309,6.309,0.066935934,4.146437
6310,6.31,0.062112242,4.1555886
6311,6.311,0.07567858,4.175482
6312,6.312,0.0699821,4.2001824
6313,6.313,0.07242302,4.172588
6314,6.314,0.0737508,4.182969
6315,6.315,0.06528974,4.171468
6316,6.316,0.06366272,4.1669717
6317,6.317,0.057979938,4.1591225
6318,6.318,0.063634574,4.1687326
6319,6.319,0.07064054,4.1502323
6320,6.32,0.06450153,4.186308
6321,6.321,0.07415252,4.170266
6322,6.322,0.06675349,4.1681867
6323,6.323,0.06961775,4.1319895
6324,6.324,0.06727014,4.1133
6325,6.325,0.07320884,4.1258745
6326,6.326,0.06702137,4.176997
6327,6.327,0.06345357,4.1785955
6328,6.328,0.078238845,4.1268725
6329,6.329,0.06642627,4.1514654
6330,6.33,0.08959573,4.133491
6331,6.331,0.08076877,4.1339407
6332,6.332,0.08302226,4.1233873
6333,6.333,0.07682091,4.1277733
6334,6.334,0.07753461,4.1067815
6335,6.335,0.06975211,4.1288037
6336,6.336,0.06475373,4.0985284
6337,6.337,0.06719276,4.171272
6338,6.338,0.051962603,4.1507525
6339,6.339,0.06174639,4.121185
6340,6.34,0.049464367,4.1545696
6341,6.341,0.050534803,4.132374
6342,6.342,0.048786677,4.151074
6343,6.343,0.06120201,4.1751246
6344,6.344,0.047636986,4.1746855
6345,6.345,0.046602942,4.179685
6346,6.346,0.051625594,4.146938
6347,6.347,0.059211936,4.1887016
6348,6.348,0.06440199,4.1831193
6349,6.349,0.066893615,4.1578026
6350,6.35,0.062427826,7.729888
6351,6.351,0.057804223,7.714595
6352,6.352,0.048776016,7.7208686
6353,6.353,0.053594325,4.194879
6354,6.354,0.052519113,4.1831665
6355,6.355,0.06652104,4.1958385
6356,6.356,0.057007816,4.1952915
6357,6.357,0.06845992,4.1302633
6358,6.358,0.066221476,4.1672673
6359,6.359,0.07299932,4.103525
6360,6.36,0.08571999,4.1258817
6361,6.361,0.06701102,4.077209
6362,6.362,0.07241344,4.0968356
6363,6.363,0.06680023,4.1023984
6364,6.364,0.06555919,4.161284
6365,6.365,0.06070418,4.156498
6366,6.366,0.075043544,4.1119676
6367,6.367,0.06810016,4.149524
6368,6.368,0.064580336,4.1116533
6369,6.369,0.061801594,4.0972815
6370,6.37,0.05831095,4.134723
6371,6.371,0.054882675,4.099202
6372,6.372,0.054935306,4.1522217
6373,6.373,0.057145532,4.1352262
6374,6.374,0.053816024,4.1368656
6375,6.375,0.059299722,4.1377325
6376,6.376,0.062247027,4.128925
6377,6.377,0.054028258,4.120331
6378,6.378,0.073005654,4.1630673
6379,6.379,0.049590405,4.148993
6380,6.38,0.064915985,4.208896
6381,6.381,0.05874448,4.1829195
6382,6.382,0.061331253,4.1344204
6383,6.383,0.06236669,4.233074
6384,6.384,0.06749401,4.184738
6385,6.385,0.06291753,4.152245
6386,6.386,0.06613064,4.132525
6387,6.387,0.06711358,4.1810226
6388,6.388,0.059323113,4.1193757
6389,6.389,0.060994837,4.13509
6390,6.39,0.05751754,4.172248
6391,6.391,0.062337026,4.1683
6392,6.392,0.068315394,4.15964
6393,6.393,0.07230241,4.1317816
6394,6.394,0.07732112,4.151294
6395,6.395,0.093542,4.1206174
6396,6.396,0.08052941,4.175058
6397,6.397,0.07997051,4.215532
6398,6.398,0.060890514,4.2663565
6399,6.399,0.058759235,4.246648
6400,6.4,0.06124449,4.221956
6401,6.401,0.052774914,4.220281
6402,6.402,0.0691429,4.2109904
6403,6.403,0.076293185,4.161684
6404,6.404,0.07839531,4.140561
6405,6.405,0.07026563,4.1578283
6406,6.406,0.0709353,4.13981
6407,6.407,0.0663453,4.1553044
6408,6.408,0.077873796,4.2171664
6409,6.409,0.062622875,4.1653185
6410,6.41,0.062659785,4.252928
6411,6.411,0.05263564,4.1550803
6412,6.412,0.057185978,4.192687
6413,6.413,0.049309887,4.167832
6414,6.414,0.055299185,4.168257
6415,6.415,0.057603896,4.2351747
6416,6.416,0.04607032,4.2011337
6417,6.417,0.052873388,4.1752543
6418,6.418,0.060284745,7.564471
6419,6.419,0.06523749,7.5423045
6420,6.42,0.06127374,7.4462924
6421,6.421,0.056728315,7.407192
6422,6.422,0.060789812,7.39145
6423,6.423,0.059509885,7.363997
6424,6.424,0.056580387,7.3113346
6425,6.425,0.05432165,7.35182
6426,6.426,0.061250154,7.366973
6427,6.427,0.055240624,7.4418883
6428,6.428,0.059536103,4.116256
6429,6.429,0.062503695,4.166083
6430,6.43,0.060128264,7.4367485
6431,6.431,0.05607451,7.460752
6432,6.432,0.060891464,7.4478827
6433,6.433,0.058134247,7.481961
6434,6.434,0.06805771,7.43915
6435,6.435,0.05787517,7.4929686
6436,6.436,0.07150905,7.4725966
6437,6.437,0.07046523,7.4390697
6438,6.438,0.070158616,7.380886
6439,6.439,0.0674349,7.430271
6440,6.44,0.06257117,7.430234
6441,6.441,0.0731891,7.418733
6442,6.442,0.0621885,4.130428
6443,6.443,0.08141453,7.4969516
6444,6.444,0.07026398,7.4234886
6445,6.445,0.061784755,7.4161797
6446,6.446,0.06661568,7.3949194
6447,6.447,0.05930557,7.364536
6448,6.448,0.06820278,7.3445663
6449,6.449,0.061627395,7.357539
6450,6.45,0.07054147,7.331883
6451,6.451,0.06892857,7.3360066
6452,6.452,0.056918524,7.345538
6453,6.453,0.058628265,7.3171644
6454,6.454,0.06931655,7.3340893
6455,6.455,0.07389486,7.408044
6456,6.456,0.06801693,7.388768
6457,6.457,0.06986802,7.3946047
6458,6.458,0.058767103,7.4786887
6459,6.459,0.07024753,7.4668026
6460,6.46,0.07552032,7.5103526
6461,6.461,0.069977134,7.4851584
6462,6.462,0.07491018,4.140228
6463,6.463,0.08629255,7.560277
6464,6.464,0.07969539,7.5397353
6465,6.465,0.071258046,7.5882754
6466,6.466,0.07664993,7.5846057
6467,6.467,0.06489105,4.169467
6468,6.468,0.071329385,4.1930966
6469,6.469,0.071975514,4.135979
6470,6.47,0.07304681,4.160158
6471,6.471,0.06608605,7.60616
6472,6.472,0.052889783,4.1627116
6473,6.473,0.050526798,4.1671605
6474,6.474,0.06914875,4.1581116
6475,6.475,0.06825615,7.4824467
6476,6.476,0.061737027,4.2007866
6477,6.477,0.06676821,4.17731
6478,6.478,0.06721341,4.241049
6479,6.479,0.074638866,7.396329
6480,6.48,0.07709429,7.379789
6481,6.481,0.07670948,7.413124
6482,6.482,0.088488996,7.325028
6483,6.483,0.079228416,7.304462
6484,6.484,0.072296806,4.24023
6485,6.485,0.0780843,4.306991
6486,6.486,0.07434947,4.2094636
6487,6.487,0.070141315,4.2007766
6488,6.488,0.081553556,4.219272
6489,6.489,0.072908215,7.2109985
6490,6.49,0.06111979,7.263597
6491,6.491,0.07696598,7.2773323
6492,6.492,0.075711414,4.22421
6493,6.493,0.06578362,4.2465854
6494,6.494,0.058811344,7.249879
6495,6.495,0.06330218,7.268631
6496,6.496,0.066162094,4.1885104
6497,6.497,0.047918852,4.2151093
6498,6.498,0.049805555,4.1901655
6499,6.499,0.056750726,7.348334
6500,6.5,0.062788785,7.328235
6501,6.501,0.07633939,4.244316
6502,6.502,0.075188205,4.2579565
6503,6.503,0.064583026,4.266507
6504,6.504,0.06850971,4.253998
6505,6.505,0.07086438,4.276447
6506,6.506,0.06821294,4.3106437
6507,6.507,0.06819769,4.305904
6508,6.508,0.060899053,4.2613225
6509,6.509,0.059117176,4.2844386
6510,6.51,0.06282008,4.228031
6511,6.511,0.06245652,4.2518253
6512,6.512,0.06149689,4.223079
6513,6.513,0.05808551,4.2329087
6514,6.514,0.062108517,4.2084045
6515,6.515,0.07302386,4.2232237
6516,6.516,0.07534485,4.1978154
6517,6.517,0.09285361,4.249123
6518,6.518,0.091116875,4.324142
6519,6.519,0.08970146,4.319105
6520,6.52,0.07505741,4.251664
6521,6.521,0.06744947,4.24926
6522,6.522,0.06042839,4.262979
6523,6.523,0.0674109,4.2408433
6524,6.524,0.06577044,4.3014727
6525,6.525,0.06496849,4.324269
6526,6.526,0.06628603,4.2156363
6527,6.527,0.05648735,4.241704
6528,6.528,0.05572296,4.263074
6529,6.529,0.06081833,4.240173
6530,6.53,0.05674767,4.319684
6531,6.531,0.06103178,4.2678175
6532,6.532,0.061745454,4.221918
6533,6.533,0.067027405,4.167166
6534,6.534,0.06910025,4.1969366
6535,6.535,0.0643957,4.16183
6536,6.536,0.06874889,4.1568956
6537,6.537,0.07207983,4.1564665
6538,6.538,0.07688408,4.1560745
6539,6.539,0.07189758,4.142936
6540,6.54,0.06749915,4.180281
6541,6.541,0.07436968,4.184779
6542,6.542,0.07516975,4.2396636
6543,6.543,0.071953826,4.210771
6544,6.544,0.075319536,4.248094
6545,6.545,0.06407989,4.2227783
6546,6.546,0.07162131,4.2197075
6547,6.547,0.081593946,4.1912675
6548,6.548,0.07833704,4.236303
6549,6.549,0.07924738,4.271983
6550,6.55,0.07895511,7.472382
6551,6.551,0.07086519,4.2353806
6552,6.552,0.073248304,7.3454304
6553,6.553,0.061932385,7.4046483
6554,6.554,0.059498228,4.21583
6555,6.555,0.055380654,7.363913
6556,6.556,0.064198844,7.331654
6557,6.557,0.066045806,7.324478
6558,6.558,0.067346565,7.3217773
6559,6.559,0.059989683,4.2407155
6560,6.56,0.049309887,4.277519
6561,6.561,0.05765103,4.3032064
6562,6.562,0.052579608,4.264452
6563,6.563,0.058801517,4.2528224
6564,6.564,0.06181188,4.307586
6565,6.565,0.059121087,4.252012
6566,6.566,0.07217279,4.2538724
6567,6.567,0.07471317,4.2864647
6568,6.568,0.08179487,7.3048162
6569,6.569,0.07811538,7.300357
6570,6.57,0.08568154,7.3478174
6571,6.571,0.07169471,7.320091
6572,6.572,0.07956329,7.391327
6573,6.573,0.069936655,7.355929
6574,6.574,0.0771872,7.3049493
6575,6.575,0.077115275,7.3620276
6576,6.576,0.06859402,7.3268495
6577,6.577,0.067981236,7.367286
6578,6.578,0.05178098,7.379491
6579,6.579,0.06524104,7.3800635
6580,6.58,0.06512932,7.3705835
6581,6.581,0.05300113,7.3185687
6582,6.582,0.057710156,7.349151
6583,6.583,0.06718502,7.331978
6584,6.584,0.055324268,7.312654
6585,6.585,0.063797854,7.3758535
6586,6.586,0.055864878,7.3068795
6587,6.587,0.06451945,7.3520184
6588,6.588,0.06208246,7.291533
6589,6.589,0.064450435,7.323701
6590,6.59,0.060666084,7.236481
6591,6.591,0.06448002,7.287891
6592,6.592,0.05651906,7.3532066
6593,6.593,0.07297398,7.369892
6594,6.594,0.06575374,7.347941
6595,6.595,0.058456477,7.358724
6596,6.596,0.05289634,7.410388
6597,6.597,0.061736092,7.355678
6598,6.598,0.061572034,7.4297047
6599,6.599,0.07081297,7.490018
6600,6.6,0.07403083,7.445873
6601,6.601,0.071993984,7.435241
6602,6.602,0.062488902,7.3890285
6603,6.603,0.06254715,7.3774233
6604,6.604,0.061018523,7.394134
6605,6.605,0.07257051,7.3899813
6606,6.606,0.0665054,7.444133
6607,6.607,0.0806033,7.454875
6608,6.608,0.07896023,7.479776
6609,6.609,0.06844134,7.4567666
6610,6.61,0.065108016,7.545746
6611,6.611,0.06988622,7.5194874
6612,6.612,0.059308495,7.454781
6613,6.613,0.058673594,7.5011687
6614,6.614,0.06744176,7.439211
6615,6.615,0.05526364,7.4352584
6616,6.616,0.0569368,7.4747143
6617,6.617,0.060982518,7.5148873
6618,6.618,0.06293406,7.4852014
6619,6.619,0.074675255,7.4886656
6620,6.62,0.070397116,7.48126
6621,6.621,0.07179702,7.4629164
6622,6.622,0.05930265,7.4354544
6623,6.623,0.06352185,7.4326816
6624,6.624,0.056768037,7.460286
6625,6.625,0.052812133,7.4067774
6626,6.626,0.07314961,7.3977585
6627,6.627,0.07675693,7.4496384
6628,6.628,0.08088605,7.450856
6629,6.629,0.08928878,7.475861
6630,6.63,0.077463016,7.555997
6631,6.631,0.076249234,7.4829073
6632,6.632,0.07579,7.4631295
6633,6.633,0.07513283,7.424553
6634,6.634,0.07055376,7.428139
6635,6.635,0.08402222,7.4492545
6636,6.636,0.07277173,7.3874893
6637,6.637,0.06869002,7.4064455
6638,6.638,0.06665905,7.4456124
6639,6.639,0.07070188,7.4171596
6640,6.64,0.062812716,7.419378
6641,6.641,0.05433761,7.416934
6642,6.642,0.07140713,7.4950542
6643,6.643,0.07323331,7.4590034
6644,6.644,0.074181356,7.4939075
6645,6.645,0.0880122,7.4197326
6646,6.646,0.09366242,7.400111
6647,6.647,0.092446245,7.3049088
6648,6.648,0.08619739,7.301336
6649,6.649,0.058074564,7.263326
6650,6.65,0.059111312,7.2340417
6651,6.651,0.058595724,7.244724
6652,6.652,0.06610267,7.2430663
6653,6.653,0.062584095,7.1916738
6654,6.654,0.07994376,7.197937
6655,6.655,0.069039166,7.2077913
6656,6.656,0.06352639,7.15348
6657,6.657,0.06137647,7.1517386
6658,6.658,0.057992894,7.157539
6659,6.659,0.06338977,7.1532207
6660,6.66,0.067092046,7.2446356
6661,6.661,0.08413633,7.338723
6662,6.662,0.072550595,7.221376
6663,6.663,0.07961049,7.1275344
6664,6.664,0.08633675,7.1459737
6665,6.665,0.09724166,7.1477323
6666,6.666,0.102010526,7.1282644
6667,6.667,0.09175342,7.154208
6668,6.668,0.08478234,7.0698214
6669,6.669,0.08428321,7.170859
6670,6.67,0.084650666,7.1508794
6671,6.671,0.090440065,7.140173
6672,6.672,0.0901847,7.1328177
6673,6.673,0.08113149,7.095147
6674,6.674,0.08077951,7.059799
6675,6.675,0.080174066,7.0641212
6676,6.676,0.08191068,7.1539044
6677,6.677,0.08370243,7.2023807
6678,6.678,0.08750309,7.2482486
6679,6.679,0.095382504,7.2541904
6680,6.68,0.08370933,7.2637515
6681,6.681,0.0825601,7.2326455
6682,6.682,0.08481029,7.207519
6683,6.683,0.09082652,7.2172394
6684,6.684,0.07715125,7.155903
6685,6.685,0.071783334,7.247248
6686,6.686,0.07161566,7.2014565
6687,6.687,0.06959117,7.1542583
6688,6.688,0.068899214,7.1673656
6689,6.689,0.07517206,7.1602616
6690,6.69,0.0740199,7.2141633
6691,6.691,0.07631364,7.1614156
6692,6.692,0.07454356,7.1324615
6693,6.693,0.08082028,7.1355343
6694,6.694,0.07037166,7.1094685
6695,6.695,0.07704404,7.086775
6696,6.696,0.07608608,7.1061015
6697,6.697,0.07822924,7.1208677
6698,6.698,0.077374175,7.077178
6699,6.699,0.07576331,7.083306
6700,6.7,0.0850512,7.0589194
6701,6.701,0.07832597,7.0589914
6702,6.702,0.08125819,7.173746
6703,6.703,0.0837045,7.2131557
6704,6.704,0.074621834,7.2050643
6705,6.705,0.08406211,7.344523
6706,6.706,0.083835594,7.278961
6707,6.707,0.074836075,7.3182163
6708,6.708,0.081548594,7.402874
6709,6.709,0.08634612,7.4234424
6710,6.71,0.069066785,7.45919
6711,6.711,0.08265875,7.4404144
6712,6.712,0.08585473,7.4613714
6713,6.713,0.095149525,7.4198937
6714,6.714,0.09086787,7.475956
6715,6.715,0.08662814,7.4224515
6716,6.716,0.08524669,7.4681273
6717,6.717,0.09277951,7.4698114
6718,6.718,0.08459056,7.503736
6719,6.719,0.086015485,7.433755
6720,6.72,0.085290074,7.3900924
6721,6.721,0.08981351,7.4034038
6722,6.722,0.08263638,7.3634644
6723,6.723,0.080023974,7.4179707
6724,6.724,0.08029005,7.353818
6725,6.725,0.079644606,7.3781643
6726,6.726,0.07889286,7.362669
6727,6.727,0.09322201,7.4271708
6728,6.728,0.0802346,7.3782954
6729,6.729,0.081178494,7.4141273
6730,6.73,0.07174628,7.4160433
6731,6.731,0.070735395,7.4136534
6732,6.732,0.074058935,7.4827933
6733,6.733,0.08533411,7.4799895
6734,6.734,0.086885296,7.5306034
6735,6.735,0.08546879,7.600242
6736,6.736,0.08934249,7.6487775
6737,6.737,0.08649994,7.6194744
6738,6.738,0.08839946,7.5890675
6739,6.739,0.09037485,7.737178
6740,6.74,0.09754433,7.757645
6741,6.741,0.09252312,7.761948
6742,6.742,0.09122211,7.774517
6743,6.743,0.08790838,7.7879004
6744,6.744,0.09228856,7.754008
6745,6.745,0.075119756,7.714288
6746,6.746,0.07871977,7.7229376
6747,6.747,0.073320076,7.680586
6748,6.748,0.086991005,7.686165
6749,6.749,0.086660825,7.6261916
6750,6.75,0.09444042,4.285231
6751,6.751,0.09799421,7.6153755
6752,6.752,0.088712744,7.588185
6753,6.753,0.079248115,7.5331783
6754,6.754,0.08137547,7.5491586
6755,6.755,0.0754943,7.533145
6756,6.756,0.07368729,7.5187283
6757,6.757,0.07750031,7.497258
6758,6.758,0.07728299,7.507288
6759,6.759,0.08181889,7.5519733
6760,6.76,0.07924738,7.549866
6761,6.761,0.07778617,7.562362
6762,6.762,0.08204534,7.522102
6763,6.763,0.07426157,7.5356345
6764,6.764,0.068811074,7.494801
6765,6.765,0.06390286,7.543615
6766,6.766,0.073314555,7.575359
6767,6.767,0.07087335,7.4995217
6768,6.768,0.069376566,7.5290327
6769,6.769,0.07534869,7.5650144
6770,6.77,0.07817086,7.672093
6771,6.771,0.08839881,7.6076417
6772,6.772,0.068497896,7.548416
6773,6.773,0.07857279,7.538942
6774,6.774,0.07309823,7.5676184
6775,6.775,0.06529683,7.5310836
6776,6.776,0.068295084,7.5270705
6777,6.777,0.07858529,7.540275
6778,6.778,0.077621035,7.522339
6779,6.779,0.08022523,7.562281
6780,6.78,0.07625757,7.436826
6781,6.781,0.07756964,7.4319987
6782,6.782,0.08685336,7.4648595
6783,6.783,0.07524967,7.4794316
6784,6.784,0.07845869,7.5724473
6785,6.785,0.075692326,7.6205883
6786,6.786,0.06751371,7.567306
6787,6.787,0.07357347,7.5741634
6788,6.788,0.07216798,7.4966364
6789,6.789,0.07583956,7.562411
6790,6.79,0.061702378,7.5967417
6791,6.791,0.074421726,7.5862336
6792,6.792,0.070029154,7.4870744
6793,6.793,0.06346632,7.5037107
6794,6.794,0.07304998,7.492979
6795,6.795,0.06467424,7.492406
6796,6.796,0.07393005,7.5168486
6797,6.797,0.081295885,7.5301914
6798,6.798,0.08583925,7.6154084
6799,6.799,0.08882539,7.639706
6800,6.8,0.09533765,7.6476555
6801,6.801,0.08944271,7.615718
6802,6.802,0.10173422,7.649856
6803,6.803,0.10174728,7.623125
6804,6.804,0.10453297,7.58496
6805,6.805,0.10886014,7.542941
6806,6.806,0.1031655,7.5916657
6807,6.807,0.10843562,7.5716023
6808,6.808,0.116980165,7.6186223
6809,6.809,0.11674573,7.635913
6810,6.81,0.10797625,7.6488967
6811,6.811,0.11934711,7.656568
6812,6.812,0.113532,7.6623135
6813,6.813,0.10440295,7.701088
6814,6.814,0.0996726,7.7455664
6815,6.815,0.09961054,7.7424736
6816,6.816,0.09228606,7.700853
6817,6.817,0.09917673,7.6779065
6818,6.818,0.09496164,7.6792464
6819,6.819,0.080428146,7.6166697
6820,6.82,0.081870444,7.6344876
6821,6.821,0.07556623,7.641
6822,6.822,0.08946533,7.6597705
6823,6.823,0.08571999,7.6736603
6824,6.824,0.08487365,7.679376
6825,6.825,0.08853927,7.668333
6826,6.826,0.08041952,7.7004976
6827,6.827,0.08253069,7.645687
6828,6.828,0.07952841,7.6808414
6829,6.829,0.07305868,7.686718
6830,6.83,0.07663259,7.7097206
6831,6.831,0.07346734,7.7379003
6832,6.832,0.06424924,7.6617517
6833,6.833,0.071128145,7.6032133
6834,6.834,0.06184927,7.626019
6835,6.835,0.057055447,7.606761
6836,6.836,0.053845014,7.5900173
6837,6.837,0.049458526,7.6421504
6838,6.838,0.054725535,7.6264343
6839,6.839,0.05311225,7.537096
6840,6.84,0.058671627,7.5630794
6841,6.841,0.057648025,7.607141
6842,6.842,0.051702786,7.5971713
6843,6.843,0.060016654,7.570609
6844,6.844,0.050701514,7.668403
6845,6.845,0.053245932,7.689928
6846,6.846,0.047138132,7.675531
6847,6.847,0.05281104,7.7672725
6848,6.848,0.053252444,7.8042173
6849,6.849,0.053119864,7.808873
6850,6.85,0.06103652,7.775865
6851,6.851,0.07008938,7.790827
6852,6.852,0.07311641,7.7814302
6853,6.853,0.07550502,7.806336
6854,6.854,0.071510665,7.826287
6855,6.855,0.05699362,7.8246694
6856,6.856,0.07108425,7.8161187
6857,6.857,0.07866762,7.8688984
6858,6.858,0.067399755,7.817911
6859,6.859,0.08402841,7.875077
6860,6.86,0.07457302,7.8420815
6861,6.861,0.063948065,7.8568316
6862,6.862,0.06870768,7.843209
6863,6.863,0.069977134,7.8170166
6864,6.864,0.067123055,7.761953
6865,6.865,0.05865882,7.79475
6866,6.866,0.061696757,7.816909
6867,6.867,0.05653849,7.8189087
6868,6.868,0.05044895,7.7945123
6869,6.869,0.059936672,7.743641
6870,6.87,0.06260626,7.747967
6871,6.871,0.06408981,7.842366
6872,6.872,0.07350745,7.8450484
6873,6.873,0.066213615,7.8275986
6874,6.874,0.05788116,7.814994
6875,6.875,0.05095623,7.865864
6876,6.876,0.06645236,7.8663983
6877,6.877,0.06622235,7.8639097
6878,6.878,0.05475932,7.838319
6879,6.879,0.050495904,7.8628073
6880,6.88,0.04909727,7.825141
6881,6.881,0.057182945,7.873075
6882,6.882,0.058235567,7.911307
6883,6.883,0.04820147,7.8854523
6884,6.884,0.05489531,7.9255095
6885,6.885,0.05786818,7.912973
6886,6.886,0.0647073,7.948275
6887,6.887,0.06409342,7.9390464
6888,6.888,0.04783314,7.915981
6889,6.889,0.059410732,7.9230237
6890,6.89,0.06603705,7.8821497
6891,6.891,0.061845534,7.879584
6892,6.892,0.059614684,7.816468
6893,6.893,0.06213457,7.7219987
6894,6.894,0.0629065,7.72649
6895,6.895,0.06737831,7.6839952
6896,6.896,0.060051315,7.663137
6897,6.897,0.057995886,7.6186185
6898,6.898,0.060210876,7.585405
6899,6.899,0.06779648,7.61415
6900,6.9,0.05470652,7.511366
6901,6.901,0.05562537,7.5680027
6902,6.902,0.06152602,7.5738897
6903,6.903,0.058742512,7.5013466
6904,6.904,0.083852135,7.5342507
6905,6.905,0.083276674,7.478513
6906,6.906,0.062678225,7.5164266
6907,6.907,0.05649656,7.505662
6908,6.908,0.0574723,7.5061603
6909,6.909,0.0494632,7.4555845
6910,6.91,0.05878972,7.44837
6911,6.911,0.050810836,7.4419565
6912,6.912,0.057880163,7.4492254
6913,6.913,0.06534196,7.52819
6914,6.914,0.06580909,7.4872484
6915,6.915,0.06631654,7.54701
6916,6.916,0.06494802,7.5086417
6917,6.917,0.06507249,7.503062
6918,6.918,0.064819746,7.4830465
6919,6.919,0.053995084,7.438914
6920,6.92,0.055070862,7.4137735
6921,6.921,0.05464944,7.3998065
6922,6.922,0.059774444,7.4315853
6923,6.923,0.06991764,7.4459805
6924,6.924,0.059848852,7.44916
6925,6.925,0.043270346,7.433672
6926,6.926,0.04487038,7.488277
6927,6.927,0.044710368,7.414033
6928,6.928,0.049087852,7.425224
6929,6.929,0.042790826,7.401956
6930,6.93,0.051896933,7.3528214
6931,6.931,0.048922732,7.3818345
6932,6.932,0.055195615,7.4411187
6933,6.933,0.05266199,7.382682
6934,6.934,0.046664916,7.3799424
6935,6.935,0.048776016,7.344331
6936,6.936,0.050957363,7.3636217
6937,6.937,0.04233455,7.358638
6938,6.938,0.053288247,7.2848997
6939,6.939,0.059547752,7.2234836
6940,6.94,0.047411993,7.198462
6941,6.941,0.055755105,7.1626854
6942,6.942,0.057130363,7.144455
6943,6.943,0.043391727,7.170728
6944,6.944,0.06108006,7.228461
6945,6.945,0.052359294,7.21842
6946,6.946,0.049618367,7.1667557
6947,6.947,0.05398759,7.190602
6948,6.948,0.054731872,7.168743
6949,6.949,0.048339173,7.241175
6950,6.95,0.052780386,7.2030764
6951,6.951,0.0548595,7.30985
6952,6.952,0.055674188,7.252581
6953,6.953,0.057439104,7.208803
6954,6.954,0.060399685,7.1505075
6955,6.955,0.06903582,7.2027597
6956,6.956,0.07027221,7.139807
6957,6.957,0.05413513,7.1718216
6958,6.958,0.05707975,7.1328154
6959,6.959,0.051626712,7.2159853
6960,6.96,0.055678338,7.172537
6961,6.961,0.056920554,7.122925
6962,6.962,0.059433106,7.1483564
6963,6.963,0.057250626,7.1799
6964,6.964,0.055356644,7.1788697
6965,6.965,0.058515772,7.156581
6966,6.966,0.062953345,7.164942
6967,6.967,0.06026461,7.186825
6968,6.968,0.054198086,7.156728
6969,6.969,0.05568249,7.165796
6970,6.97,0.045119584,7.136432
6971,6.971,0.04449266,7.1155314
6972,6.972,0.04275299,7.148224
6973,6.973,0.049675412,7.052788
6974,6.974,0.04540944,7.01545
6975,6.975,0.050139815,7.0683017
6976,6.976,0.053033836,7.0788236
6977,6.977,0.056013666,7.118395
6978,6.978,0.06230364,7.1048813
6979,6.979,0.052852612,7.1526456
6980,6.98,0.055269916,7.059837
6981,6.981,0.049556594,7.0382953
6982,6.982,0.05371928,7.0231256
6983,6.983,0.04616056,6.9848475
6984,6.984,0.05496581,7.014297
6985,6.985,0.05023425,7.023885
6986,6.986,0.06153917,7.0792933
6987,6.987,0.055941388,7.046992
6988,6.988,0.053261127,7.053635
6989,6.989,0.051450644,7.094557
6990,6.99,0.04504651,7.1585174
6991,6.991,0.049574085,7.1187835
6992,6.992,0.04559109,7.0342264
6993,6.993,0.048938084,6.966349
6994,6.994,0.0450157,7.019243
6995,6.995,0.05035721,7.0194726
6996,6.996,0.058608543,7.0701246
6997,6.997,0.05322313,7.0516953
6998,6.998,0.050957363,7.0831566
6999,6.999,0.055561952,7.106183
7000,7.0,0.058292113,7.110112
7001,7.001,0.06290834,7.075801
7002,7.002,0.062045205,7.0624313
7003,7.003,0.059506968,7.0904694
7004,7.004,0.05325136,7.053861
7005,7.005,0.061380237,7.1150675
7006,7.006,0.06327022,7.0911365
7007,7.007,0.055785157,7.0388684
7008,7.008,0.05790013,7.0567117
7009,7.009,0.05226538,7.0605607
7010,7.01,0.047813803,6.978963
7011,7.011,0.06111128,7.0335608
7012,7.012,0.05417035,7.0358624
7013,7.013,0.04533173,6.9132066
7014,7.014,0.047660034,6.9850864
7015,7.015,0.058219686,7.0673447
7016,7.016,0.060163822,7.05955
7017,7.017,0.0625453,7.0149283
7018,7.018,0.06333322,6.993242
7019,7.019,0.063982405,6.966502
7020,7.02,0.068628564,7.0027757
7021,7.021,0.064011306,6.9709105
7022,7.022,0.07472323,6.9333005
7023,7.023,0.06916797,6.9699
7024,7.024,0.07725007,6.9709983
7025,7.025,0.07403317,7.007645
7026,7.026,0.07770514,6.940198
7027,7.027,0.06740575,6.8670354
7028,7.028,0.06075177,6.806803
7029,7.029,0.070309214,6.8166585
7030,7.03,0.06133691,6.73387
7031,7.031,0.055781014,6.68035
7032,7.032,0.06635662,6.6955996
7033,7.033,0.06754538,6.750979
7034,7.034,0.06957207,6.763293
7035,7.035,0.07009185,6.7509456
7036,7.036,0.05477832,6.8149533
7037,7.037,0.07295338,6.803195
7038,7.038,0.057901133,6.7513614
7039,7.039,0.064203344,6.7991395
7040,7.04,0.067735076,6.8423114
7041,7.041,0.058279224,6.777292
7042,7.042,0.057358548,6.8128867
7043,7.043,0.05266089,6.8818316
7044,7.044,0.054230068,4.183642
7045,7.045,0.04774969,4.273614
7046,7.046,0.046614103,4.4299827
7047,7.047,0.04918783,4.447592
7048,7.048,0.047491167,4.3671556
7049,7.049,0.05209591,4.42939
7050,7.05,0.04724346,4.4535584
7051,7.051,0.046732984,4.335979
7052,7.052,0.052790243,4.3377843
7053,7.053,0.0494632,4.2779975
7054,7.054,0.053190544,4.2688875
7055,7.055,0.06163771,4.176125
7056,7.056,0.049936518,6.859449
7057,7.057,0.053013127,6.8275595
7058,7.058,0.05234715,6.8119
7059,7.059,0.052361503,6.830421
7060,7.06,0.056467906,4.28794
7061,7.061,0.053713895,4.289988
7062,7.062,0.048247013,4.238734
7063,7.063,0.043877855,4.242337
7064,7.064,0.054098815,4.304505
7065,7.065,0.06341712,4.3398757
7066,7.066,0.06320441,4.248875
7067,7.067,0.06302858,4.1950927
7068,7.068,0.059437968,4.1457562
7069,7.069,0.06602305,4.16566
7070,7.07,0.057734188,4.2237816
7071,7.071,0.07068635,4.2451553
7072,7.072,0.06181562,4.242034
7073,7.073,0.06474481,4.2333727
7074,7.074,0.06888747,4.1253753
7075,7.075,0.06363094,4.105529
7076,7.076,0.06376161,4.267193
7077,7.077,0.07544145,4.2281265
7078,7.078,0.056461766,4.2130065
7079,7.079,0.061180282,4.2427278
7080,7.08,0.06633397,4.1415615
7081,7.081,0.07097196,4.0684686
7082,7.082,0.065685146,3.977172
7083,7.083,0.06725725,4.077536
7084,7.084,0.071635835,3.9792182
7085,7.085,0.07005143,3.983679
7086,7.086,0.069232285,4.066186
7087,7.087,0.07179461,4.1197305
7088,7.088,0.066474974,4.207947
7089,7.089,0.053804208,4.2512093
7090,7.09,0.056833163,4.2927113
7091,7.091,0.060282826,4.2441688
7092,7.092,0.055123314,4.2506347
7093,7.093,0.057740193,4.197971
7094,7.094,0.059299722,4.2070823
7095,7.095,0.052777104,4.207485
7096,7.096,0.049553093,4.193617
7097,7.097,0.059565216,4.189911
7098,7.098,0.060499128,4.1838756
7099,7.099,0.049376655,4.28476
7100,7.1,0.06849284,4.258793
7101,7.101,0.051190484,4.245205
7102,7.102,0.04955076,4.1932926
7103,7.103,0.044263434,4.2391853
7104,7.104,0.053423658,4.2337966
7105,7.105,0.04697969,4.2755394
7106,7.106,0.060595542,4.3175483
7107,7.107,0.060026284,4.377255
7108,7.108,0.056719143,4.4046693
7109,7.109,0.06549215,4.3695126
7110,7.11,0.07123533,4.374819
7111,7.111,0.06754196,4.390388
7112,7.112,0.06506894,4.3438697
7113,7.113,0.07231839,4.2938013
7114,7.114,0.07330904,4.2717695
7115,7.115,0.072694644,4.201088
7116,7.116,0.063220866,4.2300506
7117,7.117,0.060570735,4.1859446
7118,7.118,0.051038966,4.1820483
7119,7.119,0.05857303,4.2001143
7120,7.12,0.051126085,4.2145104
7121,7.121,0.06529063,4.316309
7122,7.122,0.0628348,4.4437675
7123,7.123,0.06246022,4.5171986
7124,7.124,0.06626597,4.6070385
7125,7.125,0.07651861,4.657284
7126,7.126,0.070175916,4.7103014
7127,7.127,0.071075305,4.662731
7128,7.128,0.06368542,4.7106485
7129,7.129,0.064331055,4.751825
7130,7.13,0.06876318,4.6834264
7131,7.131,0.061865155,4.73262
7132,7.132,0.064624175,4.6678724
7133,7.133,0.06672665,4.6493945
7134,7.134,0.05586074,4.7339892
7135,7.135,0.058679506,4.651198
7136,7.136,0.04984848,4.587724
7137,7.137,0.054526616,4.612088
7138,7.138,0.051760882,4.663144
7139,7.139,0.04257552,4.6159973
7140,7.14,0.051594235,4.6774817
7141,7.141,0.050252657,4.6280375
7142,7.142,0.054559465,4.6572566
7143,7.143,0.060137875,4.620239
7144,7.144,0.07966492,4.6082034
7145,7.145,0.061375532,4.8300405
7146,7.146,0.054894257,4.758692
7147,7.147,0.060699422,4.692738
7148,7.148,0.05511912,4.7009325
7149,7.149,0.065868795,4.7053647
7150,7.15,0.07451952,4.5763707
7151,7.151,0.06722974,4.5762362
7152,7.152,0.068392344,4.6699567
7153,7.153,0.07220721,4.7059593
7154,7.154,0.065239266,4.669492
7155,7.155,0.0689227,4.6797576
7156,7.156,0.06490084,4.6510024
7157,7.157,0.06403027,4.5939693
7158,7.158,0.06241116,4.6222334
7159,7.159,0.06113303,4.5222096
7160,7.16,0.0740917,4.55641
7161,7.161,0.072674766,4.5948687
7162,7.162,0.08054806,4.624652
7163,7.163,0.075606756,4.5921097
7164,7.164,0.08311063,4.6207256
7165,7.165,0.08850728,4.543837
7166,7.166,0.10743479,4.5202584
7167,7.167,0.09526062,4.5267496
7168,7.168,0.091878064,4.4670615
7169,7.169,0.10026753,4.5499735
7170,7.17,0.084744155,4.614686
7171,7.171,0.08086889,4.619298
7172,7.172,0.081055224,4.622548
7173,7.173,0.10144748,4.6865587
7174,7.174,0.08911772,4.587969
7175,7.175,0.07264136,4.7188106
7176,7.176,0.05832086,4.6807547
7177,7.177,0.058917392,4.6328993
7178,7.178,0.057902128,4.596271
7179,7.179,0.057171825,4.601246
7180,7.18,0.05345178,4.5041666
7181,7.181,0.068700954,4.3939567
7182,7.182,0.075365566,4.444414
7183,7.183,0.059209008,4.4255347
7184,7.184,0.05847328,4.458699
7185,7.185,0.06569746,4.4939466
7186,7.186,0.06707998,4.421952
7187,7.187,0.060999576,4.326805
7188,7.188,0.0640844,4.4666004
7189,7.189,0.06554685,4.535651
7190,7.19,0.060507722,4.5323253
7191,7.191,0.06793956,4.479878
7192,7.192,0.068567894,4.4680047
7193,7.193,0.06383499,4.4776754
7194,7.194,0.054893207,4.459381
7195,7.195,0.04143762,4.409387
7196,7.196,0.05701491,4.3375187
7197,7.197,0.052183483,4.395417
7198,7.198,0.054159682,4.364124
7199,7.199,0.054342926,4.316017
7200,7.2,0.05284605,4.281287
7201,7.201,0.053721428,4.298587
7202,7.202,0.05331319,4.3235893
7203,7.203,0.050811972,4.408675
7204,7.204,0.051722903,4.2538915
7205,7.205,0.040674593,4.260627
7206,7.206,0.054950036,4.116963
7207,7.207,0.058240533,4.012985
7208,7.208,0.06176885,3.9829147
7209,7.209,0.05897132,3.9794462
7210,7.21,0.052522413,3.9809933
7211,7.211,0.049138457,3.9877264
7212,7.212,0.056625318,3.965735
7213,7.213,0.05533889,3.9070995
7214,7.214,0.05046613,3.8803036
7215,7.215,0.06095408,3.7324274
7216,7.216,0.053803135,3.9139013
7217,7.217,0.06722201,3.9138622
7218,7.218,0.06853839,3.947119
7219,7.219,0.061375532,3.911002
7220,7.22,0.07292644,4.046569
7221,7.221,0.064199746,4.1309633
7222,7.222,0.072915345,4.1004663
7223,7.223,0.08819327,4.1941795
7224,7.224,0.07471781,4.0380607
7225,7.225,0.070560314,4.027202
7226,7.226,0.07603517,4.025695
7227,7.227,0.05971253,4.020312
7228,7.228,0.062038682,4.0400033
7229,7.229,0.06970072,4.266698
7230,7.23,0.057089876,4.2780986
7231,7.231,0.063523665,4.3293614
7232,7.232,0.070677355,4.343155
7233,7.233,0.08055309,4.393087
7234,7.234,0.07590279,4.2302465
7235,7.235,0.09798182,4.2632914
7236,7.236,0.09641733,4.1599894
7237,7.237,0.08790443,4.157983
7238,7.238,0.0753602,4.1234026
7239,7.239,0.0782839,4.1387906
7240,7.24,0.068022884,4.112536
7241,7.241,0.06727529,4.01553
7242,7.242,0.08299789,4.0618715
7243,7.243,0.078619115,4.0055847
7244,7.244,0.08066208,4.0037932
7245,7.245,0.068614244,4.0009494
7246,7.246,0.060899053,4.0096745
7247,7.247,0.07070433,3.9924376
7248,7.248,0.072437376,4.0873647
7249,7.249,0.068298474,3.9892976
7250,7.25,0.055723995,3.9740696
7251,7.251,0.06286974,4.0448446
7252,7.252,0.061664898,3.953079
7253,7.253,0.08367342,3.926255
7254,7.254,0.06610092,3.8664522
7255,7.255,0.06644192,3.8525426
7256,7.256,0.079728745,3.8705738
7257,7.257,0.085910596,3.8826978
7258,7.258,0.09223531,3.9683983
7259,7.259,0.08512931,6.7071443
7260,7.26,0.08338695,6.7352986
7261,7.261,0.08000808,6.6716814
7262,7.262,0.072303206,3.8590405
7263,7.263,0.07687581,6.7635827
7264,7.264,0.07545907,6.8149233
7265,7.265,0.076747894,6.678469
7266,7.266,0.073241994,6.573077
7267,7.267,0.06026269,6.513251
7268,7.268,0.06301391,6.557683
7269,7.269,0.060541146,6.513059
7270,7.27,0.06859739,6.5428996
7271,7.271,0.073264085,6.6069517
7272,7.272,0.07684724,6.6544523
7273,7.273,0.07724109,6.5355406
7274,7.274,0.07492716,6.594485
7275,7.275,0.070829295,6.650626
7276,7.276,0.07167133,6.647369
7277,7.277,0.069288194,6.621378
7278,7.278,0.056215547,6.496731
7279,7.279,0.0492665,6.582998
7280,7.28,0.05891641,6.526592
7281,7.281,0.056233022,6.4423485
7282,7.282,0.055473458,6.3930902
7283,7.283,0.047607858,6.442909
7284,7.284,0.060788862,6.4455023
7285,7.285,0.06548068,6.427227
7286,7.286,0.058335725,6.3376017
7287,7.287,0.070064634,6.393665
7288,7.288,0.06366636,6.3390446
7289,7.289,0.056459717,6.290635
7290,7.29,0.045603767,6.1660547
7291,7.291,0.051939238,6.2878127
7292,7.292,0.054878462,6.3276463
7293,7.293,0.053881496,6.2771025
7294,7.294,0.051828954,6.236867
7295,7.295,0.059846923,6.105522
7296,7.296,0.066600926,6.204365
7297,7.297,0.07019238,6.1763887
7298,7.298,0.08821162,6.221353
7299,7.299,0.078080595,6.0927844
7300,7.3,0.075492,6.143831
7301,7.301,0.07384322,6.2426186
7302,7.302,0.07637269,6.220694
7303,7.303,0.064390324,6.253527
7304,7.304,0.0605526,6.2863193
7305,7.305,0.058941912,6.2508903
7306,7.306,0.07419149,6.3388844
7307,7.307,0.06510269,6.259867
7308,7.308,0.074626476,6.310583
7309,7.309,0.07663183,6.331037
7310,7.31,0.07480131,6.319233
7311,7.311,0.067034304,6.347487
7312,7.312,0.067983784,6.2198787
7313,7.313,0.073702976,6.2601013
7314,7.314,0.06717212,6.236485
7315,7.315,0.06350638,6.3182797
7316,7.316,0.069197215,6.3007994
7317,7.317,0.05575614,6.306338
7318,7.318,0.06778967,6.273827
7319,7.319,0.07400194,6.407524
7320,7.32,0.06502807,6.368787
7321,7.321,0.071267776,6.3509164
7322,7.322,0.06781694,6.3936934
7323,7.323,0.065298595,6.3887815
7324,7.324,0.06172579,6.338516
7325,7.325,0.071266964,6.4291024
7326,7.326,0.054538276,6.362705
7327,7.327,0.049968917,6.3831825
7328,7.328,0.05364714,6.336484
7329,7.329,0.05938057,6.2630925
7330,7.33,0.073135376,6.286598
7331,7.331,0.063611865,6.213774
7332,7.332,0.070867635,6.238313
7333,7.333,0.07004236,6.232189
7334,7.334,0.057114173,6.1295395
7335,7.335,0.06660787,6.1589613
7336,7.336,0.06502184,6.136267
7337,7.337,0.0800023,6.1376
7338,7.338,0.076696664,6.162795
7339,7.339,0.08895023,6.1243234
7340,7.34,0.0836748,6.096952
7341,7.341,0.06172392,6.0742035
7342,7.342,0.08819982,6.1517963
7343,7.343,0.0756572,6.2766967
7344,7.344,0.07836286,6.191993
7345,7.345,0.06966339,6.11986
7346,7.346,0.073625304,6.2408
7347,7.347,0.06448271,6.2384276
7348,7.348,0.06790637,6.1918235
7349,7.349,0.074594714,6.2230864
7350,7.35,0.06736887,4.7318993
7351,7.351,0.07288125,6.2432847
7352,7.352,0.06106776,4.7736855
7353,7.353,0.050868813,6.3110647
7354,7.354,0.058616433,6.327709
7355,7.355,0.06163396,5.0364804
7356,7.356,0.061999545,5.1337223
7357,7.357,0.06524547,6.3660336
7358,7.358,0.062853195,6.331171
7359,7.359,0.069757916,6.3078094
7360,7.36,0.058950737,4.985609
7361,7.361,0.06305334,5.0336075
7362,7.362,0.07609596,5.1097584
7363,7.363,0.06880688,5.1471024
7364,7.364,0.071302645,5.2701416
7365,7.365,0.06839572,5.342416
7366,7.366,0.06913036,5.399157
7367,7.367,0.07182519,5.542679
7368,7.368,0.06638884,5.5224047
7369,7.369,0.06367543,5.596302
7370,7.37,0.06727873,6.5991926
7371,7.371,0.08288082,5.6070623
7372,7.372,0.07701403,5.6091666
7373,7.373,0.083036184,5.5918846
7374,7.374,0.07194499,5.5937686
7375,7.375,0.077415995,5.6427345
7376,7.376,0.07743914,5.5073066
7377,7.377,0.06802968,5.4490695
7378,7.378,0.0703388,5.5017247
7379,7.379,0.05569079,5.449111
7380,7.38,0.0624963,5.4236555
7381,7.381,0.067398034,5.4276876
7382,7.382,0.05632032,5.2203507
7383,7.383,0.06947147,5.1197267
7384,7.384,0.07557999,5.102084
7385,7.385,0.07355776,5.255881
7386,7.386,0.08101385,6.403991
7387,7.387,0.06787487,5.2732306
7388,7.388,0.07606329,5.3207183
7389,7.389,0.07861103,5.221188
7390,7.39,0.07161566,5.2073994
7391,7.391,0.06415111,5.2659793
7392,7.392,0.051353943,5.2330384
7393,7.393,0.057095952,5.2078815
7394,7.394,0.05683113,5.1666555
7395,7.395,0.069036655,5.4102397
7396,7.396,0.078769684,5.4397326
7397,7.397,0.059155293,5.3329935
7398,7.398,0.060970195,5.263856
7399,7.399,0.066325255,5.335771
7400,7.4,0.06835515,5.2256756
7401,7.401,0.05541091,5.1952357
7402,7.402,0.055367082,5.2745504
7403,7.403,0.06413489,5.277887
7404,7.404,0.054592296,5.1289945
7405,7.405,0.051941466,5.1177273
7406,7.406,0.05251361,5.178315
7407,7.407,0.0572375,5.143258
7408,7.408,0.050282553,5.154071
7409,7.409,0.06812985,5.2772408
7410,7.41,0.07999147,5.2907176
7411,7.411,0.06069085,5.1728396
7412,7.412,0.05656404,5.0767546
7413,7.413,0.064594656,5.0506444
7414,7.414,0.06601342,4.9307523
7415,7.415,0.05853552,4.982875
7416,7.416,0.05601676,4.9353666
7417,7.417,0.05392439,4.9058547
7418,7.418,0.060463767,4.926155
7419,7.419,0.060629867,4.8556514
7420,7.42,0.060874373,4.830486
7421,7.421,0.058941912,4.783858
7422,7.422,0.050076373,4.921644
7423,7.423,0.05114078,4.83958
7424,7.424,0.05553802,4.775019
7425,7.425,0.06962439,4.748962
7426,7.426,0.052922554,4.8357277
7427,7.427,0.05398652,4.772893
7428,7.428,0.050955094,4.6604767
7429,7.429,0.058037728,4.7396927
7430,7.43,0.055918653,4.625876
7431,7.431,0.06986968,4.731799
7432,7.432,0.058111373,4.6290817
7433,7.433,0.067232326,4.6076274
7434,7.434,0.053430147,4.6257796
7435,7.435,0.058294095,4.6481752
7436,7.436,0.06381416,4.6888013
7437,7.437,0.05691446,4.691329
7438,7.438,0.05662736,4.647857
7439,7.439,0.07283841,4.695115
7440,7.44,0.067617215,4.735857
7441,7.441,0.06547715,4.6963325
7442,7.442,0.07247407,4.6307173
7443,7.443,0.068022035,4.65111
7444,7.444,0.058948774,4.6090617
7445,7.445,0.06567282,4.5334716
7446,7.446,0.0678016,4.5907745
7447,7.447,0.06929904,4.6767755
7448,7.448,0.073244356,4.700029
7449,7.449,0.0707942,4.608255
7450,7.45,0.064907074,4.71334
7451,7.451,0.06305059,4.7277865
7452,7.452,0.053879354,4.6923513
7453,7.453,0.06297446,4.7884774
7454,7.454,0.06675956,4.808607
7455,7.455,0.06936657,4.8024473
7456,7.456,0.064862534,4.778398
7457,7.457,0.06034416,4.926218
7458,7.458,0.062775895,4.923149
7459,7.459,0.062217303,4.9189315
7460,7.46,0.059608866,4.871741
7461,7.461,0.07487391,4.8294687
7462,7.462,0.058663744,4.863885
7463,7.463,0.0702829,4.7592874
7464,7.464,0.05817897,4.8498383
7465,7.465,0.054437503,4.8635736
7466,7.466,0.06294417,4.7249336
7467,7.467,0.05621349,4.766373
7468,7.468,0.058642067,4.803296
7469,7.469,0.054518133,4.733585
7470,7.47,0.047321696,4.686207
7471,7.471,0.05213916,4.672794
7472,7.472,0.05677618,4.7433567
7473,7.473,0.06055833,4.730355
7474,7.474,0.060924675,4.765961
7475,7.475,0.049026582,4.728011
7476,7.476,0.05960402,4.809576
7477,7.477,0.0463218,4.8772154
7478,7.478,0.053539295,4.901972
7479,7.479,0.048877813,4.797629
7480,7.48,0.05621349,4.797284
7481,7.481,0.054912154,4.74566
7482,7.482,0.062310133,4.6345077
7483,7.483,0.06781353,4.8360887
7484,7.484,0.07071742,4.8349895
7485,7.485,0.054730814,4.861815
7486,7.486,0.051301017,4.9206038
7487,7.487,0.057527587,4.8426523
7488,7.488,0.04191883,4.829436
7489,7.489,0.04465604,4.7669463
7490,7.49,0.047881447,4.6793876
7491,7.491,0.05653031,4.6674647
7492,7.492,0.058424827,4.5369754
7493,7.493,0.06253328,4.6363683
7494,7.494,0.06162458,4.702756
7495,7.495,0.050482165,4.5839906
7496,7.496,0.05005675,4.5358024
7497,7.497,0.046772547,4.5079656
7498,7.498,0.046530955,4.572978
7499,7.499,0.050832443,4.4175596
7500,7.5,0.04728626,4.4546633
7501,7.501,0.049551927,4.5045195
7502,7.502,0.048206266,4.499352
7503,7.503,0.04572654,4.366475
7504,7.504,0.049553093,4.4293537
7505,7.505,0.05157967,4.4688096
7506,7.506,0.054330163,4.3306327
7507,7.507,0.06234259,4.235323
7508,7.508,0.06437596,4.2461433
7509,7.509,0.070969515,4.3305573
7510,7.51,0.06029625,4.3034325
7511,7.511,0.052645523,4.2661896
7512,7.512,0.06280075,4.180973
7513,7.513,0.055275142,4.128849
7514,7.514,0.05435356,4.0793233
7515,7.515,0.047558058,4.11559
7516,7.516,0.048544392,4.1390896
7517,7.517,0.057169802,4.0365596
7518,7.518,0.060542103,3.965354
7519,7.519,0.07324988,4.047189
7520,7.52,0.069989525,4.101637
7521,7.521,0.0740761,4.253716
7522,7.522,0.07890385,4.2815123
7523,7.523,0.08931014,4.3349915
7524,7.524,0.07015779,4.4218707
7525,7.525,0.070988245,4.3945456
7526,7.526,0.060153253,4.428005
7527,7.527,0.061429184,4.4343295
7528,7.528,0.05757479,4.4738007
7529,7.529,0.05878579,4.4354796
7530,7.53,0.07341382,4.433001
7531,7.531,0.07539011,4.380134
7532,7.532,0.07220081,4.405379
7533,7.533,0.07845426,4.4314466
7534,7.534,0.068822,4.4534864
7535,7.535,0.078021355,4.4214344
7536,7.536,0.07860221,4.520167
7537,7.537,0.08551071,4.509741
7538,7.538,0.08530227,4.4352655
7539,7.539,0.07924228,4.392673
7540,7.54,0.08406211,4.499647
7541,7.541,0.08229645,4.4283123
7542,7.542,0.07376961,4.3891253
7543,7.543,0.08289058,4.273072
7544,7.544,0.06632264,4.129804
7545,7.545,0.06039203,4.111427
7546,7.546,0.06281363,4.0980616
7547,7.547,0.058074564,4.0969777
7548,7.548,0.04887072,4.164605
7549,7.549,0.058709048,4.161819
7550,7.55,0.04779083,4.2323446
7551,7.551,0.046672344,4.20788
7552,7.552,0.060582187,4.1850176
7553,7.553,0.061557014,4.3070135
7554,7.554,0.06378698,4.2717915
7555,7.555,0.06819176,4.3012853
7556,7.556,0.062425047,4.3084607
7557,7.557,0.06736716,4.262458
7558,7.558,0.06266439,4.2668386
7559,7.559,0.05515057,4.335228
7560,7.56,0.053703133,4.4946365
7561,7.561,0.05698449,4.401932
7562,7.562,0.05703822,4.355557
7563,7.563,0.06740832,4.42573
7564,7.564,0.07083256,4.567811
7565,7.565,0.06419614,4.564185
7566,7.566,0.07500194,4.608312
7567,7.567,0.062467624,4.6283584
7568,7.568,0.072710544,4.6849914
7569,7.569,0.06695061,4.6263247
7570,7.57,0.05455099,4.5809546
7571,7.571,0.061223727,4.4381256
7572,7.572,0.073909715,4.2534704
7573,7.573,0.0831718,4.237383
7574,7.574,0.0621448,4.324672
7575,7.575,0.06103557,4.444917
7576,7.576,0.057853196,4.4560933
7577,7.577,0.050800595,4.3637342
7578,7.578,0.051284112,4.4279613
7579,7.579,0.05149668,4.439596
7580,7.58,0.06410334,4.458987
7581,7.581,0.052497096,4.495851
7582,7.582,0.060617477,4.500885
7583,7.583,0.063426234,4.6266866
7584,7.584,0.05728696,4.5556483
7585,7.585,0.060069602,4.546801
7586,7.586,0.06489283,4.6029277
7587,7.587,0.079312995,4.6511083
7588,7.588,0.060200315,4.5043416
7589,7.589,0.06729419,4.4135513
7590,7.59,0.062099215,4.4273205
7591,7.591,0.067058444,4.380891
7592,7.592,0.053875063,4.4250793
7593,7.593,0.05186797,4.3556995
7594,7.594,0.045679748,4.2692695
7595,7.595,0.05545887,4.2408285
7596,7.596,0.046749063,4.1711445
7597,7.597,0.045534007,4.2123933
7598,7.598,0.06221916,4.146022
7599,7.599,0.052876666,4.0858893
7600,7.6,0.048828125,4.10629
7601,7.601,0.051476475,4.03794
7602,7.602,0.05559731,4.0762253
7603,7.603,0.053506896,4.063267
7604,7.604,0.0661586,4.121259
7605,7.605,0.054513894,4.2154603
7606,7.606,0.068302706,4.151473
7607,7.607,0.060312543,4.1352377
7608,7.608,0.06001184,4.1625853
7609,7.609,0.055779975,4.144362
7610,7.61,0.050211236,4.249593
7611,7.611,0.06895037,4.2411227
7612,7.612,0.06272616,4.306936
7613,7.613,0.06610616,4.4153852
7614,7.614,0.06025214,4.3550763
7615,7.615,0.055748884,4.195039
7616,7.616,0.053041466,4.1978645
7617,7.617,0.047994785,4.2746134
7618,7.618,0.056844346,4.2505193
7619,7.619,0.061707996,4.3552155
7620,7.62,0.0596457,4.261153
7621,7.621,0.052407842,4.214566
7622,7.622,0.05842384,4.241284
7623,7.623,0.06642191,4.253062
7624,7.624,0.058409985,4.236066
7625,7.625,0.06336059,4.2123685
7626,7.626,0.07284635,4.129035
7627,7.627,0.05343988,4.1132946
7628,7.628,0.058126293,4.2008057
7629,7.629,0.065448895,4.2738013
7630,7.63,0.069578715,4.306273
7631,7.631,0.063806914,4.350165
7632,7.632,0.067232326,4.3131676
7633,7.633,0.07162615,4.2641373
7634,7.634,0.06150723,4.271083
7635,7.635,0.07489629,4.1588373
7636,7.636,0.070158616,4.266417
7637,7.637,0.072439775,4.2285233
7638,7.638,0.06803817,4.361584
7639,7.639,0.06799653,4.3316135
7640,7.64,0.07660769,4.444063
7641,7.641,0.06951888,4.574901
7642,7.642,0.06430769,4.614963
7643,7.643,0.07186381,4.727181
7644,7.644,0.06849452,4.689623
7645,7.645,0.073410675,4.690696
7646,7.646,0.08016974,4.777902
7647,7.647,0.091266446,4.8455043
7648,7.648,0.08284245,4.9192915
7649,7.649,0.07200602,4.905471
7650,7.65,0.074937955,4.792915
7651,7.651,0.08225008,4.6702776
7652,7.652,0.0836292,4.8279314
7653,7.653,0.07675166,4.8462067
7654,7.654,0.07507127,4.9089394
7655,7.655,0.07503969,4.8441906
7656,7.656,0.07094019,4.873962
7657,7.657,0.06498717,4.878068
7658,7.658,0.0630735,4.8239713
7659,7.659,0.06757618,4.8022165
7660,7.66,0.06264502,4.831819
7661,7.661,0.070447184,4.8149257
7662,7.662,0.05940295,4.783661
7663,7.663,0.053992942,4.6633296
7664,7.664,0.05788316,4.6681633
7665,7.665,0.063387945,4.688415
7666,7.666,0.05086768,4.6924605
7667,7.667,0.053854674,4.656012
7668,7.668,0.0473278,4.6822925
7669,7.669,0.056376737,4.7680163
7670,7.67,0.055850394,4.7980614
7671,7.671,0.06507427,4.7156076
7672,7.672,0.070323184,4.7526574
7673,7.673,0.061498772,4.7973013
7674,7.674,0.06293958,4.8965716
7675,7.675,0.06627557,4.9591923
7676,7.676,0.06498095,4.847945
7677,7.677,0.06700843,4.796247
7678,7.678,0.06689534,4.8526607
7679,7.679,0.06899478,4.8912
7680,7.68,0.055571314,4.931087
7681,7.681,0.049492404,5.1013484
7682,7.682,0.04670082,5.0864
7683,7.683,0.054577474,5.127952
7684,7.684,0.04512471,5.1240187
7685,7.685,0.063174225,5.0649743
7686,7.686,0.061977163,5.1570644
7687,7.687,0.04947839,5.246013
7688,7.688,0.054605,5.240777
7689,7.689,0.048688248,5.282385
7690,7.69,0.053448536,5.2557483
7691,7.691,0.050913107,5.305597
7692,7.692,0.05510024,5.215954
7693,7.693,0.078524224,5.124793
7694,7.694,0.059610806,5.0946665
7695,7.695,0.06983162,5.1863756
7696,7.696,0.05698652,5.0902343
7697,7.697,0.056420803,5.064808
7698,7.698,0.044596463,5.099276
7699,7.699,0.05178433,5.114556
7700,7.7,0.051845677,5.1946325
7701,7.701,0.044805925,5.2614837
7702,7.702,0.058409985,5.123552
7703,7.703,0.046274364,4.974908
7704,7.704,0.05634392,5.0603557
7705,7.705,0.046203114,5.142576
7706,7.706,0.050993647,5.1889462
7707,7.707,0.060909495,5.2759247
7708,7.708,0.05362559,5.2849402
7709,7.709,0.06595123,5.2493744
7710,7.71,0.05962535,5.2004766
7711,7.711,0.0712264,5.2567
7712,7.712,0.053839646,5.201597
7713,7.713,0.070190735,5.069396
7714,7.714,0.070356876,5.066361
7715,7.715,0.066379264,5.045028
7716,7.716,0.07228642,5.129689
7717,7.717,0.070593074,5.066792
7718,7.718,0.07570683,5.1319394
7719,7.719,0.06674656,5.1184406
7720,7.72,0.079603955,5.047201
7721,7.721,0.073424846,5.074659
7722,7.722,0.075061254,5.136432
7723,7.723,0.08117564,5.2047973
7724,7.724,0.087386765,5.2944665
7725,7.725,0.08096176,5.291145
7726,7.726,0.087701686,5.3678575
7727,7.727,0.08522567,5.3616085
7728,7.728,0.073938645,5.2960343
7729,7.729,0.068101004,5.267903
7730,7.73,0.06560326,5.283093
7731,7.731,0.07011164,5.2293878
7732,7.732,0.077515975,5.3833556
7733,7.733,0.0769442,5.410383
7734,7.734,0.08304523,5.45426
7735,7.735,0.08098816,5.390967
7736,7.736,0.08396373,5.3452907
7737,7.737,0.08983924,5.406571
7738,7.738,0.097290985,5.470949
7739,7.739,0.08770762,5.455466
7740,7.74,0.08218541,5.4923053
7741,7.741,0.07640674,5.5229497
7742,7.742,0.0793181,4.246445
7743,7.743,0.06964763,5.4408116
7744,7.744,0.07626894,5.3508177
7745,7.745,0.0793487,4.2859416
7746,7.746,0.09069151,4.2956
7747,7.747,0.09183338,4.2734146
7748,7.748,0.092341155,4.3513484
7749,7.749,0.093365744,5.5032196
7750,7.75,0.10156876,4.3228083
7751,7.751,0.092413105,5.3559422
7752,7.752,0.091377206,5.4329925
7753,7.753,0.10465289,4.318441
7754,7.754,0.119095504,5.2670627
7755,7.755,0.111545965,5.2596717
7756,7.756,0.1021085,5.2051473
7757,7.757,0.102808006,5.2825584
7758,7.758,0.11442854,5.235132
7759,7.759,0.081767306,5.20404
7760,7.76,0.08976523,5.164529
7761,7.761,0.10787074,5.1671524
7762,7.762,0.10485152,5.1694684
7763,7.763,0.08866973,5.094797
7764,7.764,0.07955021,5.0730395
7765,7.765,0.087741874,5.0207844
7766,7.766,0.076464206,4.9679914
7767,7.767,0.07428725,4.85434
7768,7.768,0.07107775,5.0392723
7769,7.769,0.071989164,4.927406
7770,7.77,0.07732336,5.0249147
7771,7.771,0.07158822,5.0823307
7772,7.772,0.07134721,4.2373676
7773,7.773,0.07966565,5.1272388
7774,7.774,0.097757995,5.174181
7775,7.775,0.08920977,5.2254596
7776,7.776,0.080662794,5.140128
7777,7.777,0.08361814,5.0834208
7778,7.778,0.07972077,5.1062827
7779,7.779,0.08263218,5.0239425
7780,7.78,0.07965985,4.9057975
7781,7.781,0.07933995,5.0126195
7782,7.782,0.07931081,4.9449368
7783,7.783,0.079697564,4.9202614
7784,7.784,0.07676371,4.8043237
7785,7.785,0.062661625,4.8424234
7786,7.786,0.052438714,4.7808933
7787,7.787,0.05667633,4.7709446
7788,7.788,0.05961178,4.755772
7789,7.789,0.051229987,4.7221766
7790,7.79,0.058764156,4.701724
7791,7.791,0.05778722,4.6933613
7792,7.792,0.047550764,4.5656543
7793,7.793,0.049795114,4.729196
7794,7.794,0.046185598,4.741845
7795,7.795,0.05501626,4.7260323
7796,7.796,0.05150005,4.0862684
7797,7.797,0.054542515,4.104202
7798,7.798,0.059286077,4.1151786
7799,7.799,0.075232774,4.1590705
7800,7.8,0.061865155,4.2050776
7801,7.801,0.06789956,4.158014
7802,7.802,0.064110555,4.195259
7803,7.803,0.060169585,4.252805
7804,7.804,0.061953846,4.22877
7805,7.805,0.053700984,4.2060666
7806,7.806,0.056359306,4.176965
7807,7.807,0.06885726,4.1288395
7808,7.808,0.07051033,4.1578126
7809,7.809,0.06575726,4.147796
7810,7.81,0.064573176,4.142628
7811,7.811,0.060538284,4.7088313
7812,7.812,0.06287434,4.4926953
7813,7.813,0.062001407,4.1268263
7814,7.814,0.066155106,4.113772
7815,7.815,0.06501029,4.0907226
7816,7.816,0.06321538,4.132595
7817,7.817,0.066449754,4.309901
7818,7.818,0.06670845,4.2067504
7819,7.819,0.06541622,4.222056
7820,7.82,0.06944734,4.156901
7821,7.821,0.076328024,4.170777
7822,7.822,0.07893461,4.126981
7823,7.823,0.07546597,4.303325
7824,7.824,0.070210494,4.075794
7825,7.825,0.073231734,4.07671
7826,7.826,0.07627045,4.115633
7827,7.827,0.07000439,4.1514435
7828,7.828,0.07525582,4.2804623
7829,7.829,0.071061485,4.3666573
7830,7.83,0.08785248,4.409023
7831,7.831,0.08417205,4.3201017
7832,7.832,0.094561525,4.299598
7833,7.833,0.09101913,4.20491
7834,7.834,0.09927342,4.112137
7835,7.835,0.09908752,4.059229
7836,7.836,0.092411235,4.1184278
7837,7.837,0.09602267,4.267709
7838,7.838,0.10002166,4.292769
7839,7.839,0.11151642,4.2021894
7840,7.84,0.10880544,4.2952304
7841,7.841,0.10316046,4.322599
7842,7.842,0.09891997,4.349426
7843,7.843,0.10120277,4.2637405
7844,7.844,0.092517495,4.292051
7845,7.845,0.09519325,4.2582526
7846,7.846,0.09292455,4.2559047
7847,7.847,0.07919704,4.2941995
7848,7.848,0.08095247,4.2841945
7849,7.849,0.07287015,4.375048
7850,7.85,0.075652614,4.4429007
7851,7.851,0.06947646,4.457561
7852,7.852,0.06556536,4.444213
7853,7.853,0.07868819,4.474848
7854,7.854,0.08442915,4.4572496
7855,7.855,0.08208971,4.5616145
7856,7.856,0.09308427,4.587448
7857,7.857,0.072689876,4.6012597
7858,7.858,0.07766794,4.606256
7859,7.859,0.079499334,4.6058764
7860,7.86,0.0906437,4.7510505
7861,7.861,0.08442573,4.8231335
7862,7.862,0.102170184,4.724334
7863,7.863,0.0843216,4.645018
7864,7.864,0.090279505,4.6998487
7865,7.865,0.10678184,4.6653814
7866,7.866,0.08776427,4.6879673
7867,7.867,0.09076477,4.685926
7868,7.868,0.084849805,4.7539763
7869,7.869,0.09028911,4.7325697
7870,7.87,0.08703949,4.782266
7871,7.871,0.08852883,4.8325925
7872,7.872,0.08521685,4.2086935
7873,7.873,0.079674356,4.854833
7874,7.874,0.07020226,4.7966466
7875,7.875,0.0801856,4.690626
7876,7.876,0.06729934,4.639602
7877,7.877,0.06737231,4.6489286
7878,7.878,0.071856566,4.5722427
7879,7.879,0.0745327,4.5035276
7880,7.88,0.07316303,4.5282745
7881,7.881,0.077293456,4.503014
7882,7.882,0.061750133,4.5075445
7883,7.883,0.0689076,4.5227075
7884,7.884,0.06929904,4.452851
7885,7.885,0.08239121,4.3801575
7886,7.886,0.08267414,4.425253
7887,7.887,0.07941786,4.339707
7888,7.888,0.08436478,4.419244
7889,7.889,0.08087818,4.354886
7890,7.89,0.075796105,4.361123
7891,7.891,0.06961609,4.4069576
7892,7.892,0.088764206,4.4295416
7893,7.893,0.09361612,4.4484987
7894,7.894,0.083322465,4.407613
7895,7.895,0.08002614,4.5078936
7896,7.896,0.076111145,4.5607243
7897,7.897,0.08966473,4.472138
7898,7.898,0.069690764,4.4971023
7899,7.899,0.06682272,4.594441
7900,7.9,0.06383861,4.6833296
7901,7.901,0.057390783,4.7613893
7902,7.902,0.05525004,4.7850437
7903,7.903,0.0597164,4.995155
7904,7.904,0.068279006,4.9516826
7905,7.905,0.08541873,4.895237
7906,7.906,0.07287094,4.8788295
7907,7.907,0.08194595,4.8853474
7908,7.908,0.08129944,4.8827934
7909,7.909,0.08003336,4.915469
7910,7.91,0.08901714,4.8808823
7911,7.911,0.09238746,4.838365
7912,7.912,0.090157144,4.819642
7913,7.913,0.084723696,4.7995315
7914,7.914,0.08036991,4.843473
7915,7.915,0.08186339,4.875897
7916,7.916,0.06159925,4.7825313
7917,7.917,0.07684498,4.696302
7918,7.918,0.07101592,4.6115966
7919,7.919,0.067344844,4.546734
7920,7.92,0.06808913,4.5411897
7921,7.921,0.07725456,4.5569935
7922,7.922,0.07614076,4.6138296
7923,7.923,0.06737145,4.5105286
7924,7.924,0.08301947,4.4881353
7925,7.925,0.07385887,4.5357647
7926,7.926,0.07316303,4.5827837
7927,7.927,0.06686596,4.5597396
7928,7.928,0.06758472,4.4737816
7929,7.929,0.0754583,4.435566
7930,7.93,0.08014378,4.421291
7931,7.931,0.07576712,4.3219743
7932,7.932,0.075036615,4.409326
7933,7.933,0.0639101,4.456277
7934,7.934,0.069260664,4.5668325
7935,7.935,0.072131135,4.4541783
7936,7.936,0.067095496,4.3664804
7937,7.937,0.06710755,4.3490367
7938,7.938,0.05994728,4.266854
7939,7.939,0.051053684,4.3244495
7940,7.94,0.054536156,4.2886477
7941,7.941,0.043867316,4.3448453
7942,7.942,0.045383975,4.3773985
7943,7.943,0.05556923,4.3799853
7944,7.944,0.057946034,5.8932376
7945,7.945,0.061780076,5.9169636
7946,7.946,0.05889384,5.8403015
7947,7.947,0.06569746,5.883335
7948,7.948,0.073064215,5.828373
7949,7.949,0.08983153,5.980837
7950,7.95,0.0901674,4.6925406
7951,7.951,0.08326626,4.642791
7952,7.952,0.08620812,6.0834904
7953,7.953,0.0894537,6.1809363
7954,7.954,0.09694938,6.2000127
7955,7.955,0.09989561,6.165247
7956,7.956,0.08962733,6.1418023
7957,7.957,0.0858406,6.1378217
7958,7.958,0.09517989,6.053095
7959,7.959,0.104903325,6.0748234
7960,7.96,0.09107817,6.1774206
7961,7.961,0.09701494,4.7646565
7962,7.962,0.10364285,6.201189
7963,7.963,0.09749098,6.199326
7964,7.964,0.09383319,6.3441744
7965,7.965,0.091099106,6.36454
7966,7.966,0.08484436,6.352086
7967,7.967,0.079468064,4.2458086
7968,7.968,0.08002614,4.86036
7969,7.969,0.07443182,4.321167
7970,7.97,0.07916857,4.30454
7971,7.971,0.068343304,4.331641
7972,7.972,0.07144274,4.340638
7973,7.973,0.07493641,4.428443
7974,7.974,0.06623805,4.373527
7975,7.975,0.06048384,4.3445325
7976,7.976,0.06916797,4.368154
7977,7.977,0.0721832,4.4187098
7978,7.978,0.06862772,4.4101806
7979,7.979,0.06441096,4.4105964
7980,7.98,0.07463035,4.440629
7981,7.981,0.07418058,4.4889307
7982,7.982,0.074755706,4.4465365
7983,7.983,0.07613317,4.411589
7984,7.984,0.073190674,4.444395
7985,7.985,0.0755119,4.3874016
7986,7.986,0.08528872,4.4404263
7987,7.987,0.06714974,4.466767
7988,7.988,0.07678479,4.506511
7989,7.989,0.08105665,4.484915
7990,7.99,0.06326565,4.4612765
7991,7.991,0.07621663,4.4374585
7992,7.992,0.07388469,4.428105
7993,7.993,0.07132777,4.4522004
7994,7.994,0.08737817,4.4464207
7995,7.995,0.07663636,4.5348806
7996,7.996,0.07932101,4.5141244
7997,7.997,0.07217759,4.4868636
7998,7.998,0.078763075,4.5132937
7999,7.999,0.072795555,4.463781
8000,8.0,0.073432714,4.3953857
8001,8.001,0.06394174,4.348726
8002,8.002,0.072292015,4.417296
8003,8.003,0.07438289,4.433342
8004,8.004,0.08109657,4.420929
8005,8.005,0.07921602,4.4217906
8006,8.006,0.07691265,4.369125
8007,8.007,0.06295426,4.3890796
8008,8.008,0.08562554,4.3361382
8009,8.009,0.08183302,4.393757
8010,8.01,0.075882226,4.3397737
8011,8.011,0.070795834,4.36583
8012,8.012,0.07372336,4.3297496
8013,8.013,0.07412368,4.40586
8014,8.014,0.06884131,4.390004
8015,8.015,0.065597095,4.325057
8016,8.016,0.06821972,4.3445525
8017,8.017,0.0708709,4.3548155
8018,8.018,0.075796865,4.3684497
8019,8.019,0.06331679,4.3717446
8020,8.02,0.07724109,4.348861
8021,8.021,0.06913788,4.4096136
8022,8.022,0.07134235,4.365468
8023,8.023,0.07853379,4.3915315
8024,8.024,0.07353182,4.3877826
8025,8.025,0.07189275,4.400286
8026,8.026,0.06450691,4.4022455
8027,8.027,0.06912618,4.4021087
8028,8.028,0.06922561,4.3876605
8029,8.029,0.064259134,4.3876696
8030,8.03,0.06888328,4.3161345
8031,8.031,0.06920222,4.3297343
8032,8.032,0.065002285,4.3467765
8033,8.033,0.08630126,4.4049873
8034,8.034,0.07065936,4.371145
8035,8.035,0.076842725,4.3876104
8036,8.036,0.06860161,4.3574777
8037,8.037,0.07747421,4.4020295
8038,8.038,0.08050069,4.3519673
8039,8.039,0.06875982,4.33654
8040,8.04,0.063396156,4.3313894
8041,8.041,0.081926905,4.342064
8042,8.042,0.090864055,5.213912
8043,8.043,0.087737925,4.3754573
8044,8.044,0.08543632,4.3534803
8045,8.045,0.08085389,4.415741
8046,8.046,0.09267168,4.3684506
8047,8.047,0.096996464,4.374937
8048,8.048,0.07704029,4.317466
8049,8.049,0.07803469,4.35569
8050,8.05,0.0824396,4.36695
8051,8.051,0.07271293,4.403087
8052,8.052,0.07557388,4.3762784
8053,8.053,0.07889213,4.3303113
8054,8.054,0.08239963,4.3280263
8055,8.055,0.072263226,4.3478236
8056,8.056,0.07822333,4.350877
8057,8.057,0.07549659,4.8044024
8058,8.058,0.074403085,4.3768477
8059,8.059,0.07201806,4.530906
8060,8.06,0.08440245,4.625435
8061,8.061,0.08492675,4.7842183
8062,8.062,0.07946734,4.4195166
8063,8.063,0.07745854,4.877297
8064,8.064,0.077515975,4.4818406
8065,8.065,0.074774265,4.523844
8066,8.066,0.079942316,4.5426254
8067,8.067,0.080533,5.2371154
8068,8.068,0.07495646,4.5310807
8069,8.069,0.079670005,4.536429
8070,8.07,0.06733197,4.504794
8071,8.071,0.07129373,4.4798226
8072,8.072,0.06964514,4.572755
8073,8.073,0.07107287,4.5137854
8074,8.074,0.0680645,5.103356
8075,8.075,0.07286301,5.0543633
8076,8.076,0.07752119,5.061947
8077,8.077,0.070064634,5.0623083
8078,8.078,0.061347272,4.998559
8079,8.079,0.074031614,5.02123
8080,8.08,0.06974383,4.993337
8081,8.081,0.066178694,5.001213
8082,8.082,0.06389924,5.1250873
8083,8.083,0.071089946,5.092802
8084,8.084,0.06496226,5.2217436
8085,8.085,0.06309183,5.215812
8086,8.086,0.058127288,5.2941422
8087,8.087,0.065179884,5.296449
8088,8.088,0.07174306,5.287253
8089,8.089,0.068404175,5.2869344
8090,8.09,0.066142,5.351655
8091,8.091,0.070381515,5.3782663
8092,8.092,0.07671852,4.356943
8093,8.093,0.06912116,5.3297296
8094,8.094,0.066105284,5.3114877
8095,8.095,0.06297629,5.3169365
8096,8.096,0.06310465,5.303633
8097,8.097,0.068778306,5.3376455
8098,8.098,0.0694515,5.288396
8099,8.099,0.07607545,5.269975
8100,8.1,0.06325834,5.07288
8101,8.101,0.07080481,5.1754656
8102,8.102,0.071983546,5.311507
8103,8.103,0.07625227,5.2524953
8104,8.104,0.06787658,5.3043184
8105,8.105,0.074841484,5.1915555
8106,8.106,0.072470084,5.253117
8107,8.107,0.07319305,5.1928463
8108,8.108,0.07852349,5.1334176
8109,8.109,0.08728484,5.0682774
8110,8.11,0.078418896,5.176109
8111,8.111,0.07681414,4.310879
8112,8.112,0.07054475,5.3912206
8113,8.113,0.0727614,4.324504
8114,8.114,0.06526407,5.2727866
8115,8.115,0.06421865,4.319412
8116,8.116,0.07155511,5.087539
8117,8.117,0.07538014,4.2237473
8118,8.118,0.083195426,4.2169776
8119,8.119,0.07025246,5.031919
8120,8.12,0.08062122,4.1923676
8121,8.121,0.06543477,4.2459855
8122,8.122,0.06975709,4.2589154
8123,8.123,0.07066181,4.31454
8124,8.124,0.070534915,4.340694
8125,8.125,0.07169309,4.319173
8126,8.126,0.06801098,4.333107
8127,8.127,0.07455906,4.3606105
8128,8.128,0.066614814,4.3555937
8129,8.129,0.07574805,4.295599
8130,8.13,0.06304601,4.2887053
8131,8.131,0.0774563,4.286074
8132,8.132,0.07010339,4.2628694
8133,8.133,0.08094605,4.2551427
8134,8.134,0.08146705,4.3109183
8135,8.135,0.078993164,4.358156
8136,8.136,0.09297181,4.3483768
8137,8.137,0.09323069,4.3441334
8138,8.138,0.08394445,4.39603
8139,8.139,0.07810206,4.3769755
8140,8.14,0.08708331,4.4524083
8141,8.141,0.09168788,4.4144626
8142,8.142,0.08347701,4.412765
8143,8.143,0.08773397,4.413458
8144,8.144,0.087147005,4.4301524
8145,8.145,0.08915598,4.430166
8146,8.146,0.078453526,4.4179697
8147,8.147,0.091116875,4.414035
8148,8.148,0.078905314,4.4071984
8149,8.149,0.07715649,4.3944273
8150,8.15,0.07933777,4.387536
8151,8.151,0.06810016,4.404744
8152,8.152,0.07453038,4.4186435
8153,8.153,0.0893606,4.4245706
8154,8.154,0.08427841,4.4069023
8155,8.155,0.08341121,4.4559665
8156,8.156,0.07463654,4.443558
8157,8.157,0.08196006,4.458469
8158,8.158,0.07241184,4.421695
8159,8.159,0.06862772,4.411988
8160,8.16,0.075616695,4.428636
8161,8.161,0.08658409,4.432179
8162,8.162,0.0852711,4.436499
8163,8.163,0.075108215,4.4083037
8164,8.164,0.07800506,4.403782
8165,8.165,0.07065854,4.421545
8166,8.166,0.07366768,4.480967
8167,8.167,0.07503738,4.4743843
8168,8.168,0.07576255,4.4397264
8169,8.169,0.074762665,4.4578924
8170,8.17,0.08635281,4.432492
8171,8.171,0.06842698,4.4450984
8172,8.172,0.07265408,4.0738354
8173,8.173,0.08411503,4.2095504
8174,8.174,0.070482455,4.458111
8175,8.175,0.070406966,4.0740438
8176,8.176,0.07730542,4.004438
8177,8.177,0.06934073,3.917058
8178,8.178,0.077638164,3.8913703
8179,8.179,0.06855441,3.8811343
8180,8.18,0.071790576,3.9029677
8181,8.181,0.073894076,3.7825212
8182,8.182,0.07283762,3.8978398
8183,8.183,0.07400819,3.8438215
8184,8.184,0.07309744,3.749367
8185,8.185,0.06600729,3.872482
8186,8.186,0.06978856,3.900615
8187,8.187,0.0671265,3.949522
8188,8.188,0.06901824,3.9807377
8189,8.189,0.0671876,4.103905
8190,8.19,0.08769114,4.0873413
8191,8.191,0.079927854,4.0509524
8192,8.192,0.09395631,3.978818
8193,8.193,0.0916986,3.951717
8194,8.194,0.08204886,3.893173
8195,8.195,0.084312014,3.9448407
8196,8.196,0.08002759,3.978035
8197,8.197,0.0888423,3.9719183
8198,8.198,0.08362021,3.919139
8199,8.199,0.08386454,4.0118747
8200,8.2,0.079241544,4.0594916
8201,8.201,0.070245884,4.4444895
8202,8.202,0.0777215,4.4848166
8203,8.203,0.074755706,4.451692
8204,8.204,0.073117994,4.4199834
8205,8.205,0.0792853,4.449282
8206,8.206,0.07685476,4.437245
8207,8.207,0.08043102,4.410512
8208,8.208,0.084032536,3.9480014
8209,8.209,0.077480175,3.9024005
8210,8.21,0.078957304,4.4073
8211,8.211,0.07409561,4.408385
8212,8.212,0.080589674,3.7611806
8213,8.213,0.0847578,3.9489677
8214,8.214,0.083008334,4.3957734
8215,8.215,0.087025546,3.9463112
8216,8.216,0.08608265,4.001749
8217,8.217,0.070039056,4.008014
8218,8.218,0.08738875,4.1571965
8219,8.219,0.08429967,4.0930176
8220,8.22,0.07482681,4.0694785
8221,8.221,0.07494489,4.385131
8222,8.222,0.075132065,4.256918
8223,8.223,0.08345347,4.224859
8224,8.224,0.07907946,4.370419
8225,8.225,0.07682317,4.3839326
8226,8.226,0.065360524,4.396814
8227,8.227,0.06962273,4.409847
8228,8.228,0.07440619,4.409728
8229,8.229,0.086012796,4.46591
8230,8.23,0.08480552,4.429897
8231,8.231,0.082034774,4.4303327
8232,8.232,0.078167155,4.446759
8233,8.233,0.08657608,4.4507327
8234,8.234,0.0854884,4.4064603
8235,8.235,0.08642239,4.490951
8236,8.236,0.080803834,4.437392
8237,8.237,0.07639766,4.308404
8238,8.238,0.077117525,4.4381886
8239,8.239,0.07771108,4.4806137
8240,8.24,0.07257449,4.498089
8241,8.241,0.07168181,4.4574265
8242,8.242,0.06469033,4.424875
8243,8.243,0.063961625,4.4160843
8244,8.244,0.071863,4.433485
8245,8.245,0.071056604,4.428776
8246,8.246,0.05424712,4.4019356
8247,8.247,0.056294657,4.373139
8248,8.248,0.06225074,4.4183764
8249,8.249,0.05703721,4.3752737
8250,8.25,0.05570532,4.397555
8251,8.251,0.065496564,4.3568773
8252,8.252,0.0655442,4.391268
8253,8.253,0.06946482,4.5607405
8254,8.254,0.05512751,4.414602
8255,8.255,0.048341565,4.4038787
8256,8.256,0.056679387,4.3954463
8257,8.257,0.059880715,4.35464
8258,8.258,0.05638699,4.391459
8259,8.259,0.06917633,4.4712806
8260,8.26,0.068251066,4.4637694
8261,8.261,0.06621885,4.4367294
8262,8.262,0.063903764,4.4642363
8263,8.263,0.06859908,4.476449
8264,8.264,0.07281858,4.437972
8265,8.265,0.06148561,4.4188404
8266,8.266,0.06794211,4.426232
8267,8.267,0.06616734,4.409863
8268,8.268,0.06565082,4.4592795
8269,8.269,0.0696468,4.4256177
8270,8.27,0.06543565,4.419749
8271,8.271,0.055777904,4.4157815
8272,8.272,0.072146356,4.4880123
8273,8.273,0.06181375,4.4279356
8274,8.274,0.04486136,4.502051
8275,8.275,0.05263564,4.4366093
8276,8.276,0.042583663,4.4344583
8277,8.277,0.04242865,4.3769255
8278,8.278,0.047351,4.3998165
8279,8.279,0.048545584,4.406647
8280,8.28,0.04964166,4.4009724
8281,8.281,0.053957604,4.391565
8282,8.282,0.05631314,4.447694
8283,8.283,0.04926063,4.4483633
8284,8.284,0.044894848,4.380744
8285,8.285,0.061954778,4.3796263
8286,8.286,0.067612946,4.453678
8287,8.287,0.05621349,4.5072126
8288,8.288,0.05139107,4.443283
8289,8.289,0.05595172,4.4013367
8290,8.29,0.060524914,4.4779673
8291,8.291,0.059209008,4.499489
8292,8.292,0.059746396,4.538929
8293,8.293,0.06278971,4.5080876
8294,8.294,0.057738192,4.5677733
8295,8.295,0.07459704,4.5496182
8296,8.296,0.0720309,4.6430163
8297,8.297,0.072344765,4.5804133
8298,8.298,0.065871425,4.5814457
8299,8.299,0.057718165,4.558965
8300,8.3,0.069655925,4.5212517
8301,8.301,0.07881663,4.618112
8302,8.302,0.061834317,4.6154237
8303,8.303,0.070126474,4.623568
8304,8.304,0.07077542,4.593058
8305,8.305,0.056209378,4.5516925
8306,8.306,0.06175762,4.469927
8307,8.307,0.057270814,4.506753
8308,8.308,0.06120012,4.4389286
8309,8.309,0.07098661,4.5126247
8310,8.31,0.050610233,4.522544
8311,8.311,0.05752658,4.542999
8312,8.312,0.050563388,4.562267
8313,8.313,0.053975813,4.5303016
8314,8.314,0.05578723,4.5871615
8315,8.315,0.052883226,4.6623025
8316,8.316,0.06258964,4.6399198
8317,8.317,0.07298349,4.617742
8318,8.318,0.06664604,4.6063714
8319,8.319,0.057963986,4.628794
8320,8.32,0.066972196,4.639261
8321,8.321,0.064964935,4.641235
8322,8.322,0.06610092,4.6268973
8323,8.323,0.05941171,4.6514454
8324,8.324,0.07083909,3.9784257
8325,8.325,0.062322192,4.6335425
8326,8.326,0.07967581,4.5777555
8327,8.327,0.07762029,4.6258125
8328,8.328,0.06912534,4.5859613
8329,8.329,0.092832446,4.53364
8330,8.33,0.08593077,4.4585958
8331,8.331,0.07964606,4.4143624
8332,8.332,0.07415564,4.4300356
8333,8.333,0.0775279,4.4302397
8334,8.334,0.08937612,4.405424
8335,8.335,0.08614239,4.444928
8336,8.336,0.08699698,4.444923
8337,8.337,0.08741388,4.4947357
8338,8.338,0.08058824,4.4315825
8339,8.339,0.07927218,4.4952645
8340,8.34,0.06838727,4.495533
8341,8.341,0.06621624,4.5128946
8342,8.342,0.07414083,4.4920163
8343,8.343,0.070322365,4.439806
8344,8.344,0.08217064,4.387429
8345,8.345,0.064051025,4.419749
8346,8.346,0.06749915,4.4484444
8347,8.347,0.06378336,4.4514737
8348,8.348,0.07330588,4.4181876
8349,8.349,0.07778988,4.407124
8350,8.35,0.07496263,4.3893414
8351,8.351,0.07703804,4.3790293
8352,8.352,0.07288919,4.3880997
8353,8.353,0.06681321,4.373102
8354,8.354,0.065840706,4.380144
8355,8.355,0.07487777,4.3661623
8356,8.356,0.07679006,4.4277215
8357,8.357,0.067860395,4.39276
8358,8.358,0.073256195,3.9407032
8359,8.359,0.070643,4.4038453
8360,8.36,0.07511668,4.3853703
8361,8.361,0.07028043,4.39279
8362,8.362,0.08339458,4.356781
8363,8.363,0.09097848,4.386158
8364,8.364,0.0981863,4.400062
8365,8.365,0.0870999,4.414103
8366,8.366,0.088390306,4.384136
8367,8.367,0.115044124,4.4018703
8368,8.368,0.11220004,4.4466
8369,8.369,0.12031323,4.4336596
8370,8.37,0.13369821,4.4554253
8371,8.371,0.13371766,4.451728
8372,8.372,0.13132057,3.9577618
8373,8.373,0.10209831,4.460629
8374,8.374,0.09860395,4.469379
8375,8.375,0.09855352,4.4387774
8376,8.376,0.10421012,4.0481286
8377,8.377,0.12326886,4.4778533
8378,8.378,0.10651194,3.9195976
8379,8.379,0.107026756,3.9686372
8380,8.38,0.11141064,4.451737
8381,8.381,0.10566694,4.4137526
8382,8.382,0.108598605,4.404566
8383,8.383,0.114016645,3.7326052
8384,8.384,0.10494795,3.7958157
8385,8.385,0.10839404,3.8855038
8386,8.386,0.09522725,3.9602787
8387,8.387,0.09688438,3.999424
8388,8.388,0.10120448,3.9603136
8389,8.389,0.09506019,4.5111094
8390,8.39,0.093389876,4.472751
8391,8.391,0.099957496,3.9516819
8392,8.392,0.091420844,4.5384865
8393,8.393,0.10661716,4.4905157
8394,8.394,0.1144346,3.9617026
8395,8.395,0.121295005,3.8798432
8396,8.396,0.12889683,3.9524198
8397,8.397,0.13392238,4.0343213
8398,8.398,0.12220554,4.5103602
8399,8.399,0.11479063,3.8840282
8400,8.4,0.109591976,3.7368586
8401,8.401,0.1036172,3.7539835
8402,8.402,0.091052145,3.7286885
8403,8.403,0.096502416,3.7287295
8404,8.404,0.10804688,3.7179759
8405,8.405,0.09533522,3.5751147
8406,8.406,0.09305632,3.5953703
8407,8.407,0.089172184,3.6836436
8408,8.408,0.100620836,3.725988
8409,8.409,0.09827456,3.6758893
8410,8.41,0.09561128,3.6556716
8411,8.411,0.09923033,3.7464426
8412,8.412,0.1211534,3.7371948
8413,8.413,0.11013753,3.7875428
8414,8.414,0.10830282,4.433182
8415,8.415,0.10207509,4.488882
8416,8.416,0.11254876,4.462942
8417,8.417,0.10693546,4.4380546
8418,8.418,0.107925385,4.4609766
8419,8.419,0.11469492,4.48016
8420,8.42,0.11675712,4.4087315
8421,8.421,0.09918722,4.422304
8422,8.422,0.10532123,4.5123153
8423,8.423,0.10225896,4.4301143
8424,8.424,0.112550296,4.42654
8425,8.425,0.099502556,4.434886
8426,8.426,0.08995947,4.44636
8427,8.427,0.09077241,4.4141655
8428,8.428,0.09254998,4.492664
8429,8.429,0.09551754,4.4473014
8430,8.43,0.10649241,4.4521666
8431,8.431,0.10146799,4.377501
8432,8.432,0.08161023,4.382735
8433,8.433,0.09584374,4.4385886
8434,8.434,0.084169984,4.4187307
8435,8.435,0.06983824,4.438662
8436,8.436,0.06943153,4.453048
8437,8.437,0.0798765,4.4338326
8438,8.438,0.06879596,4.490022
8439,8.439,0.069586195,4.4511404
8440,8.44,0.074100286,4.4704137
8441,8.441,0.06511955,4.4610057
8442,8.442,0.08062194,4.4560523
8443,8.443,0.07752939,4.450078
8444,8.444,0.06670759,4.5111785
8445,8.445,0.066309564,4.4903975
8446,8.446,0.056870777,4.555474
8447,8.447,0.05136857,4.4834642
8448,8.448,0.064418145,4.426911
8449,8.449,0.06351366,4.4735565
8450,8.45,0.05933188,4.4095297
8451,8.451,0.06327113,4.40985
8452,8.452,0.060749866,4.3965425
8453,8.453,0.068808556,4.368229
8454,8.454,0.058335725,4.3969855
8455,8.455,0.050059058,4.342104
8456,8.456,0.066206634,4.3724585
8457,8.457,0.055528656,4.3656173
8458,8.458,0.06306067,4.3758025
8459,8.459,0.07717597,4.4095798
8460,8.46,0.06398963,4.3885627
8461,8.461,0.051661406,4.3955135
8462,8.462,0.07396834,4.4167113
8463,8.463,0.05913575,4.4031906
8464,8.464,0.06510269,4.3949
8465,8.465,0.057950024,4.369616
8466,8.466,0.06975046,4.352447
8467,8.467,0.057742193,4.399429
8468,8.468,0.062344447,4.3881474
8469,8.469,0.078845955,4.37558
8470,8.47,0.068011835,4.3735085
8471,8.471,0.05095623,4.3586087
8472,8.472,0.0660178,4.3595853
8473,8.473,0.06444595,4.2884083
8474,8.474,0.06616646,4.3607974
8475,8.475,0.0719016,4.358638
8476,8.476,0.07035359,4.367756
8477,8.477,0.08179063,4.3853793
8478,8.478,0.067004114,4.4216995
8479,8.479,0.061554197,4.4146075
8480,8.48,0.080496386,4.392976
8481,8.481,0.072747104,4.3939605
8482,8.482,0.07683521,4.376337
8483,8.483,0.085763805,4.3662724
8484,8.484,0.082727954,4.3334966
8485,8.485,0.07024342,4.331832
8486,8.486,0.07335554,4.2735395
8487,8.487,0.081030264,4.2595344
8488,8.488,0.076469496,4.2787085
8489,8.489,0.08351785,4.292629
8490,8.49,0.07305472,4.314736
8491,8.491,0.09338555,4.3001685
8492,8.492,0.08752291,4.3289466
8493,8.493,0.07404488,4.317482
8494,8.494,0.0972381,4.359256
8495,8.495,0.091260746,4.3411613
8496,8.496,0.08909113,4.35088
8497,8.497,0.08840469,4.3630495
8498,8.498,0.09358339,4.3497033
8499,8.499,0.08721728,4.3639045
8500,8.5,0.082751006,4.3925347
8501,8.501,0.10137909,4.352041
8502,8.502,0.092869796,4.430533
8503,8.503,0.107258186,4.39957
8504,8.504,0.09769945,4.3986025
8505,8.505,0.10928672,4.411849
8506,8.506,0.10994319,4.354741
8507,8.507,0.08587964,4.3024507
8508,8.508,0.1004685,4.3556376
8509,8.509,0.094115496,4.316825
8510,8.51,0.08906972,4.3724427
8511,8.511,0.09131963,4.3893604
8512,8.512,0.08799841,4.3762703
8513,8.513,0.08098674,4.2944417
8514,8.514,0.07037823,4.370173
8515,8.515,0.073157504,4.4092326
8516,8.516,0.06771118,4.409597
8517,8.517,0.07631515,4.405886
8518,8.518,0.075627394,4.428007
8519,8.519,0.075805254,4.3710732
8520,8.52,0.07445978,4.376523
8521,8.521,0.06124166,4.4248333
8522,8.522,0.07083338,4.4209833
8523,8.523,0.069118656,4.3839145
8524,8.524,0.066300854,4.401811
8525,8.525,0.066922985,4.4463377
8526,8.526,0.06444237,4.4920607
8527,8.527,0.06580998,4.4099727
8528,8.528,0.062122475,4.394973
8529,8.529,0.06558211,4.466749
8530,8.53,0.06967003,4.4261446
8531,8.531,0.063312225,4.4485297
8532,8.532,0.066850394,4.4496994
8533,8.533,0.06919053,4.4319797
8534,8.534,0.06491331,4.457056
8535,8.535,0.06617433,4.449134
8536,8.536,0.0793589,4.3911157
8537,8.537,0.06564377,4.4887943
8538,8.538,0.07043897,4.459418
8539,8.539,0.070310034,4.444098
8540,8.54,0.07830604,4.451369
8541,8.541,0.07025905,4.4094133
8542,8.542,0.06655492,4.3847623
8543,8.543,0.07129859,4.372506
8544,8.544,0.08079167,4.382261
8545,8.545,0.07316303,4.424983
8546,8.546,0.08779522,4.3927684
8547,8.547,0.078604415,4.3868623
8548,8.548,0.080306605,4.358836
8549,8.549,0.077206664,4.400838
8550,8.55,0.075047396,4.4124184
8551,8.551,0.08265036,4.4015074
8552,8.552,0.070868455,4.367451
8553,8.553,0.07460711,4.3850603
8554,8.554,0.075895175,4.4327793
8555,8.555,0.085060716,4.541964
8556,8.556,0.0664628,4.469841
8557,8.557,0.08159252,4.4538617
8558,8.558,0.08287105,4.442325
8559,8.559,0.07661599,4.514936
8560,8.56,0.096886165,4.52796
8561,8.561,0.07883276,4.5111904
8562,8.562,0.075860135,4.5259237
8563,8.563,0.078992434,4.53065
8564,8.564,0.076246955,4.4952645
8565,8.565,0.06498539,4.47861
8566,8.566,0.06301116,4.508925
8567,8.567,0.06075938,4.478989
8568,8.568,0.06928069,4.509033
8569,8.569,0.06627557,4.532298
8570,8.57,0.072763786,4.4593606
8571,8.571,0.06140001,4.499778
8572,8.572,0.05767609,4.516383
8573,8.573,0.063788794,4.5142417
8574,8.574,0.07168181,4.5431495
8575,8.575,0.049046624,4.507676
8576,8.576,0.07283206,4.5325994
8577,8.577,0.067363724,4.455366
8578,8.578,0.07670496,4.4402194
8579,8.579,0.07210709,4.465289
8580,8.58,0.08079524,4.4781747
8581,8.581,0.06541798,4.422271
8582,8.582,0.065014735,4.457268
8583,8.583,0.07479822,4.447158
8584,8.584,0.06008788,4.470997
8585,8.585,0.06704034,4.5509415
8586,8.586,0.06912618,4.5382233
8587,8.587,0.08405936,4.4907885
8588,8.588,0.066008165,4.5099845
8589,8.589,0.073175676,4.505119
8590,8.59,0.06790212,4.483898
8591,8.591,0.069557115,4.5455866
8592,8.592,0.07002337,4.490336
8593,8.593,0.07227123,4.46759
8594,8.594,0.088385075,4.5086427
8595,8.595,0.07303415,4.526597
8596,8.596,0.084159,4.5664477
8597,8.597,0.07608456,4.5213275
8598,8.598,0.068849705,4.558757
8599,8.599,0.07030099,4.4926662
8600,8.6,0.079939425,4.4869018
8601,8.601,0.09018342,4.438214
8602,8.602,0.069905244,4.445738
8603,8.603,0.06227209,4.4546247
8604,8.604,0.07488085,4.523199
8605,8.605,0.078209296,4.4881415
8606,8.606,0.07667406,4.488125
8607,8.607,0.07295576,4.494072
8608,8.608,0.078929484,4.4185596
8609,8.609,0.06968496,4.466492
8610,8.61,0.060868677,4.4284515
8611,8.611,0.07201967,4.520985
8612,8.612,0.07585099,4.477564
8613,8.613,0.063934505,4.455533
8614,8.614,0.06699981,4.468886
8615,8.615,0.064213246,4.518326
8616,8.616,0.06729591,4.5117106
8617,8.617,0.07172695,4.463767
8618,8.618,0.070167676,4.478661
8619,8.619,0.06967418,4.4952126
8620,8.62,0.069743,4.5504727
8621,8.621,0.06287066,4.5475845
8622,8.622,0.056459717,4.528443
8623,8.623,0.06262749,4.553084
8624,8.624,0.06756762,4.5317345
8625,8.625,0.061688326,4.539443
8626,8.626,0.06584773,4.469502
8627,8.627,0.074845344,4.5348053
8628,8.628,0.05517048,4.514162
8629,8.629,0.0666018,4.5194283
8630,8.63,0.054626167,4.489607
8631,8.631,0.048838776,4.5280867
8632,8.632,0.05461135,4.55176
8633,8.633,0.058545396,4.507559
8634,8.634,0.071608394,4.5329666
8635,8.635,0.06890425,4.5166726
8636,8.636,0.07747794,4.5316176
8637,8.637,0.07468841,4.4946404
8638,8.638,0.06505739,4.4832377
8639,8.639,0.06341621,4.4079804
8640,8.64,0.069314055,4.4237065
8641,8.641,0.07076725,4.399957
8642,8.642,0.060058054,4.4352765
8643,8.643,0.07025246,4.4335046
8644,8.644,0.062463924,4.4314823
8645,8.645,0.06874049,4.46342
8646,8.646,0.054389704,4.452724
8647,8.647,0.058574017,4.4743977
8648,8.648,0.06492488,4.5424805
8649,8.649,0.063201666,4.5577245
8650,8.65,0.062716946,4.522149
8651,8.651,0.06870516,4.5056896
8652,8.652,0.055194568,4.436028
8653,8.653,0.070592254,4.499629
8654,8.654,0.07583651,4.4934077
8655,8.655,0.06761123,4.468918
8656,8.656,0.061497834,4.4379044
8657,8.657,0.07004153,4.445804
8658,8.658,0.06942403,4.426618
8659,8.659,0.06586353,4.5013647
8660,8.66,0.06536406,4.500446
8661,8.661,0.07216638,4.5912232
8662,8.662,0.07409638,4.557308
8663,8.663,0.06898389,4.554491
8664,8.664,0.064566016,4.571318
8665,8.665,0.07314012,4.5722437
8666,8.666,0.07728598,4.530109
8667,8.667,0.067157485,4.49028
8668,8.668,0.076343924,4.442915
8669,8.669,0.06313487,4.537059
8670,8.67,0.0754246,4.535264
8671,8.671,0.067867205,4.5689
8672,8.672,0.0652437,4.56814
8673,8.673,0.06155232,4.489217
8674,8.674,0.07970627,4.517597
8675,8.675,0.06817056,4.461471
8676,8.676,0.0756824,4.485767
8677,8.677,0.0799105,4.5002284
8678,8.678,0.0880273,4.440255
8679,8.679,0.063461766,4.4829545
8680,8.68,0.0637199,4.532289
8681,8.681,0.06755308,4.478157
8682,8.682,0.05397474,4.555931
8683,8.683,0.06252774,4.5382056
8684,8.684,0.06446926,4.5434504
8685,8.685,0.05783621,4.544875
8686,8.686,0.061784755,4.533112
8687,8.687,0.05963795,4.540232
8688,8.688,0.05815512,4.5968165
8689,8.689,0.053911526,4.5432053
8690,8.69,0.052560914,4.5174737
8691,8.691,0.0647573,4.478882
8692,8.692,0.06782291,4.472025
8693,8.693,0.07648839,4.5217304
8694,8.694,0.07802284,4.4522543
8695,8.695,0.07062254,4.4326596
8696,8.696,0.08743899,4.448476
8697,8.697,0.07865072,4.453965
8698,8.698,0.08412396,4.431118
8699,8.699,0.08307724,4.4308186
8700,8.7,0.07789235,4.4470506
8701,8.701,0.06554067,4.4375815
8702,8.702,0.063062504,4.4749756
8703,8.703,0.06837121,4.4805913
8704,8.704,0.07589822,4.4563837
8705,8.705,0.08188245,4.4152484
8706,8.706,0.08695113,4.4273653
8707,8.707,0.060676564,4.490523
8708,8.708,0.0708603,4.5051155
8709,8.709,0.064543635,4.4295316
8710,8.71,0.057946034,4.4334373
8711,8.711,0.074682996,4.403456
8712,8.712,0.070878245,4.454537
8713,8.713,0.06530479,4.5115414
8714,8.714,0.06946648,4.5341234
8715,8.715,0.0668867,4.560977
8716,8.716,0.07506049,4.6044025
8717,8.717,0.07897633,4.633437
8718,8.718,0.08283827,4.6296053
8719,8.719,0.08252999,4.634002
8720,8.72,0.080290765,4.6632724
8721,8.721,0.070322365,4.6169033
8722,8.722,0.07489089,4.673379
8723,8.723,0.06573528,4.651873
8724,8.724,0.06759841,4.634407
8725,8.725,0.06813749,4.61807
8726,8.726,0.075165905,4.6006107
8727,8.727,0.07626666,4.641967
8728,8.728,0.07775719,4.694479
8729,8.729,0.07146377,4.698967
8730,8.73,0.06781694,4.7191696
8731,8.731,0.079182446,4.639502
8732,8.732,0.07039383,4.670487
8733,8.733,0.07241344,4.658289
8734,8.734,0.07221922,4.641931
8735,8.735,0.082993016,4.692735
8736,8.736,0.083761096,4.6838517
8737,8.737,0.07627576,4.6948857
8738,8.738,0.0752658,4.6755414
8739,8.739,0.09138354,4.7165737
8740,8.74,0.0783754,4.6974244
8741,8.741,0.08718745,4.689467
8742,8.742,0.10976377,4.671906
8743,8.743,0.09875916,4.608303
8744,8.744,0.0957816,4.6035924
8745,8.745,0.09493547,4.663807
8746,8.746,0.099325225,4.6325593
8747,8.747,0.10476163,4.6412096
8748,8.748,0.089157924,4.5354705
8749,8.749,0.088690594,4.5090785
8750,8.75,0.08279988,4.4761252
8751,8.751,0.09279384,4.4606214
8752,8.752,0.10223918,4.492546
8753,8.753,0.095113076,4.5748777
8754,8.754,0.10173024,4.553902
8755,8.755,0.100457,4.517482
8756,8.756,0.103469275,4.5378127
8757,8.757,0.11052362,4.531232
8758,8.758,0.10042592,4.554176
8759,8.759,0.09789035,4.5471396
8760,8.76,0.10454071,4.482544
8761,8.761,0.10754932,4.5064077
8762,8.762,0.101608016,4.4804025
8763,8.763,0.10726249,4.497071
8764,8.764,0.09664904,4.4859643
8765,8.765,0.09997195,4.4496727
8766,8.766,0.069916815,4.3969436
8767,8.767,0.092229046,4.472939
8768,8.768,0.08107661,4.4805174
8769,8.769,0.084045604,4.4701138
8770,8.77,0.07798653,4.470669
8771,8.771,0.08032315,4.504297
8772,8.772,0.078345895,4.511909
8773,8.773,0.0880575,4.5410466
8774,8.774,0.08165767,4.538283
8775,8.775,0.08565928,4.548235
8776,8.776,0.072566524,4.5757103
8777,8.777,0.065597974,4.594321
8778,8.778,0.076764464,4.6028595
8779,8.779,0.076879576,4.5442767
8780,8.78,0.09038956,4.5380697
8781,8.781,0.089449175,4.4658923
8782,8.782,0.10089619,4.5228715
8783,8.783,0.094386555,4.441209
8784,8.784,0.09380424,4.475835
8785,8.785,0.10636152,4.460236
8786,8.786,0.08477757,4.571402
8787,8.787,0.09875506,4.4815354
8788,8.788,0.09306005,4.4849257
8789,8.789,0.10887979,4.527199
8790,8.79,0.113018185,4.5330744
8791,8.791,0.101561934,4.5295773
8792,8.792,0.08672083,4.539924
8793,8.793,0.08338487,4.5268517
8794,8.794,0.080455445,4.4517317
8795,8.795,0.093263544,4.5249434
8796,8.796,0.08537474,4.417554
8797,8.797,0.08529211,4.466387
8798,8.798,0.086371556,4.459228
8799,8.799,0.07439221,4.4589696
8800,8.8,0.06963435,4.473381
8801,8.801,0.07924884,4.4232283
8802,8.802,0.082514584,4.4426208
8803,8.803,0.09027503,4.4561853
8804,8.804,0.1032607,4.448239
8805,8.805,0.08671883,4.48416
8806,8.806,0.08184644,4.416265
8807,8.807,0.08247115,4.4091444
8808,8.808,0.09041193,4.4626446
8809,8.809,0.06652973,4.422378
8810,8.81,0.0801445,4.4138064
8811,8.811,0.072042935,4.435968
8812,8.812,0.07757486,4.4229736
8813,8.813,0.09084306,4.404647
8814,8.814,0.08958282,4.4001713
8815,8.815,0.08146066,4.4124494
8816,8.816,0.08314748,4.4328775
8817,8.817,0.071305886,4.3878317
8818,8.818,0.07507358,4.358665
8819,8.819,0.0627538,4.358571
8820,8.82,0.06690226,4.3787026
8821,8.821,0.0828857,4.4256916
8822,8.822,0.077671655,4.3758893
8823,8.823,0.06822989,4.4058394
8824,8.824,0.06715663,4.323238
8825,8.825,0.0625379,4.4084716
8826,8.826,0.06927068,4.377356
8827,8.827,0.06903079,4.346509
8828,8.828,0.061017577,4.3038325
8829,8.829,0.058496013,4.2825294
8830,8.83,0.069521375,4.3045907
8831,8.831,0.08110655,4.3214154
8832,8.832,0.07088069,4.2844296
8833,8.833,0.08793796,4.257871
8834,8.834,0.09359327,4.275613
8835,8.835,0.08526703,4.278013
8836,8.836,0.080174066,4.309478
8837,8.837,0.07533565,4.2824683
8838,8.838,0.08728749,4.292328
8839,8.839,0.079751216,4.2376795
8840,8.84,0.071094014,4.2331347
8841,8.841,0.08750639,4.230074
8842,8.842,0.07246849,4.212667
8843,8.843,0.09262239,4.2505364
8844,8.844,0.09062775,4.2198877
8845,8.845,0.092737764,4.1989355
8846,8.846,0.085535035,4.1671433
8847,8.847,0.091237314,4.1396856
8848,8.848,0.07374453,4.1545343
8849,8.849,0.07493564,4.183963
8850,8.85,0.06748117,4.152452
8851,8.851,0.07371003,4.1829767
8852,8.852,0.084740065,4.200578
8853,8.853,0.08576582,4.1949515
8854,8.854,0.0906201,4.207502
8855,8.855,0.09179625,4.2106957
8856,8.856,0.08889304,4.213704
8857,8.857,0.08017623,4.1848016
8858,8.858,0.073264875,4.2265515
8859,8.859,0.07185174,4.1710715
8860,8.86,0.07556011,4.243518
8861,8.861,0.06821972,4.255095
8862,8.862,0.06327752,4.2806897
8863,8.863,0.064461194,4.272455
8864,8.864,0.07449702,4.24348
8865,8.865,0.07057096,4.220518
8866,8.866,0.08613367,4.240915
8867,8.867,0.079779476,4.2846146
8868,8.868,0.09215507,4.2386484
8869,8.869,0.09416768,4.23744
8870,8.87,0.08155568,4.2049365
8871,8.871,0.075911924,4.193522
8872,8.872,0.084544085,4.227456
8873,8.873,0.087631136,4.2362285
8874,8.874,0.082841754,4.2471185
8875,8.875,0.07796726,4.2165713
8876,8.876,0.062034026,4.2296443
8877,8.877,0.09261428,4.2501245
8878,8.878,0.07171647,4.1888237
8879,8.879,0.06618131,4.193239
8880,8.88,0.07616732,4.1996865
8881,8.881,0.089870766,4.2366548
8882,8.882,0.08587358,4.1950397
8883,8.883,0.082641974,4.186929
8884,8.884,0.08052869,4.1734977
8885,8.885,0.08765224,4.111175
8886,8.886,0.08564579,4.121252
8887,8.887,0.07344137,4.1176667
8888,8.888,0.07115252,4.1112432
8889,8.889,0.08637356,4.09424
8890,8.89,0.08624096,4.1099863
8891,8.891,0.07531033,4.0854316
8892,8.892,0.07607773,4.1324406
8893,8.893,0.07457302,4.138433
8894,8.894,0.07123695,4.0934486
8895,8.895,0.07232958,4.0945168
8896,8.896,0.065209135,4.085097
8897,8.897,0.062728,4.0734744
8898,8.898,0.07215276,4.093466
8899,8.899,0.06561031,4.0821824
8900,8.9,0.07342327,4.1487355
8901,8.901,0.07312352,4.153826
8902,8.902,0.075924106,4.120915
8903,8.903,0.08700695,4.1164784
8904,8.904,0.08725173,4.1225615
8905,8.905,0.09274213,4.1441717
8906,8.906,0.082617484,4.1951733
8907,8.907,0.07830604,4.236961
8908,8.908,0.07420161,4.2030683
8909,8.909,0.08275589,4.240201
8910,8.91,0.08019064,4.253697
8911,8.911,0.07663711,4.1737537
8912,8.912,0.0830334,4.2200346
8913,8.913,0.081817485,4.2727118
8914,8.914,0.082352616,4.252951
8915,8.915,0.08567952,4.2578115
8916,8.916,0.06944235,4.2592716
8917,8.917,0.06534196,4.2083454
8918,8.918,0.06413399,4.2653875
8919,8.919,0.070094325,4.2209473
8920,8.92,0.06932239,4.211387
8921,8.921,0.06424564,4.227354
8922,8.922,0.06893612,4.2686744
8923,8.923,0.08039436,4.3053637
8924,8.924,0.08234069,4.247491
8925,8.925,0.078894325,4.2699947
8926,8.926,0.080199294,4.3114514
8927,8.927,0.080845304,4.285406
8928,8.928,0.061984625,4.262926
8929,8.929,0.06482599,4.2659874
8930,8.93,0.068637826,4.270565
8931,8.931,0.055631604,4.2632017
8932,8.932,0.059147477,4.3417883
8933,8.933,0.07099231,4.3521285
8934,8.934,0.07604961,4.3488917
8935,8.935,0.076189324,4.3142176
8936,8.936,0.06715835,4.3113103
8937,8.937,0.077902734,4.3303747
8938,8.938,0.09196735,4.3351645
8939,8.939,0.08741718,4.2802753
8940,8.94,0.08942332,4.3724165
8941,8.941,0.081016704,4.390493
8942,8.942,0.09483008,4.409205
8943,8.943,0.085975155,4.3922887
8944,8.944,0.064816184,4.373903
8945,8.945,0.08824568,4.3931623
8946,8.946,0.07894852,4.3611856
8947,8.947,0.09993321,4.383062
8948,8.948,0.07965985,4.4175615
8949,8.949,0.08310298,4.4217324
8950,8.95,0.07620222,4.478148
8951,8.951,0.08442505,4.453432
8952,8.952,0.074927926,4.4517436
8953,8.953,0.0703051,4.4373097
8954,8.954,0.07464429,4.3972344
8955,8.955,0.07698626,4.4413
8956,8.956,0.07404176,4.32494
8957,8.957,0.07113059,4.3573546
8958,8.958,0.06431937,4.424884
8959,8.959,0.07734279,4.4087257
8960,8.96,0.051618874,4.369404
8961,8.961,0.05916995,4.402928
8962,8.962,0.06380963,4.3673115
8963,8.963,0.05665899,4.375168
8964,8.964,0.06324281,4.426278
8965,8.965,0.05438333,4.4210415
8966,8.966,0.0567222,4.395899
8967,8.967,0.06391643,4.397485
8968,8.968,0.05962632,4.4067307
8969,8.969,0.06226002,4.475234
8970,8.97,0.065080486,4.5335264
8971,8.971,0.059847888,4.4798136
8972,8.972,0.05996752,4.535186
8973,8.973,0.06960695,4.480921
8974,8.974,0.06759584,4.3797345
8975,8.975,0.06662262,4.2980194
8976,8.976,0.06130863,4.3521566
8977,8.977,0.064533785,4.423095
8978,8.978,0.07126535,4.4459534
8979,8.979,0.079290405,4.349686
8980,8.98,0.07711453,4.4048367
8981,8.981,0.08945951,4.4537544
8982,8.982,0.073962875,4.410855
8983,8.983,0.08509604,4.348792
8984,8.984,0.085013814,4.3831763
8985,8.985,0.07308082,4.3881454
8986,8.986,0.06451587,4.3774395
8987,8.987,0.062543444,4.3617163
8988,8.988,0.06512222,4.4035745
8989,8.989,0.06178101,4.451339
8990,8.99,0.068497054,4.40154
8991,8.991,0.06422044,4.4591637
8992,8.992,0.06578099,4.470288
8993,8.993,0.059814077,4.459154
8994,8.994,0.06202657,4.423388
8995,8.995,0.07205256,4.3426166
8996,8.996,0.06264871,4.3468103
8997,8.997,0.07457224,4.3663206
8998,8.998,0.07103708,4.4037466
8999,8.999,0.07522663,4.4244714
9000,9.0,0.06874721,4.441063
9001,9.001,0.06342441,4.474143
9002,9.002,0.07437667,4.4016104
9003,9.003,0.06999531,4.404184
9004,9.004,0.06684175,4.4404473
9005,9.005,0.05723043,4.390736
9006,9.006,0.063826844,4.3836155
9007,9.007,0.060805973,4.336032
9008,9.008,0.069911025,4.3490047
9009,9.009,0.063174225,4.349288
9010,9.01,0.075270414,4.363747
9011,9.011,0.07415798,4.3064938
9012,9.012,0.08355176,4.3479934
9013,9.013,0.08107376,4.3702765
9014,9.014,0.07885695,4.402666
9015,9.015,0.07880196,4.509277
9016,9.016,0.094278716,4.455665
9017,9.017,0.092566215,4.4195867
9018,9.018,0.09046562,4.455374
9019,9.019,0.087772176,4.4887233
9020,9.02,0.07603213,4.4405155
9021,9.021,0.088180155,4.512052
9022,9.022,0.09021674,4.4987392
9023,9.023,0.08773266,4.49397
9024,9.024,0.08502061,4.4276304
9025,9.025,0.08287175,4.4649653
9026,9.026,0.09166329,4.5001035
9027,9.027,0.087587595,4.483208
9028,9.028,0.087488554,4.4424458
9029,9.029,0.08549178,4.471341
9030,9.03,0.096168235,4.4939094
9031,9.031,0.083293326,4.491499
9032,9.032,0.09141515,4.4622474
9033,9.033,0.09787794,4.4963055
9034,9.034,0.09242187,4.5036116
9035,9.035,0.08835106,4.477208
9036,9.036,0.08661212,4.5191402
9037,9.037,0.08797541,4.4928346
9038,9.038,0.07521664,4.545079
9039,9.039,0.08474552,4.5262723
9040,9.04,0.07993002,4.596558
9041,9.041,0.081893034,4.5312734
9042,9.042,0.084643155,4.5032835
9043,9.043,0.08752488,4.541519
9044,9.044,0.095952824,4.5727873
9045,9.045,0.08353377,4.5348186
9046,9.046,0.087222576,4.5276666
9047,9.047,0.06661308,4.561706
9048,9.048,0.07520742,4.545822
9049,9.049,0.08860323,4.526867
9050,9.05,0.08970275,4.501727
9051,9.051,0.0877208,4.510957
9052,9.052,0.08840665,4.5307813
9053,9.053,0.08191491,4.579553
9054,9.054,0.100315936,4.600608
9055,9.055,0.09994015,4.595602
9056,9.056,0.092716575,4.588187
9057,9.057,0.1060039,4.605267
9058,9.058,0.0907068,4.561492
9059,9.059,0.08497029,4.5366435
9060,9.06,0.08705543,4.495257
9061,9.061,0.07990037,4.530662
9062,9.062,0.07992424,4.544608
9063,9.063,0.08287175,4.530786
9064,9.064,0.0845222,4.517431
9065,9.065,0.092445,4.579786
9066,9.066,0.10329596,4.518415
9067,9.067,0.09123415,4.4787726
9068,9.068,0.09916799,4.534037
9069,9.069,0.091312036,4.521782
9070,9.07,0.09465499,4.479049
9071,9.071,0.08588368,4.4918327
9072,9.072,0.07379232,4.5199747
9073,9.073,0.06447554,4.527033
9074,9.074,0.06668592,4.5076027
9075,9.075,0.087075345,4.4408464
9076,9.076,0.084345594,4.3959546
9077,9.077,0.0779287,4.37681
9078,9.078,0.09398337,4.370744
9079,9.079,0.088924244,4.453907
9080,9.08,0.08840796,4.4570966
9081,9.081,0.09077814,4.4588723
9082,9.082,0.08313774,4.4513407
9083,9.083,0.083429225,4.472539
9084,9.084,0.08839162,4.426629
9085,9.085,0.090901576,4.437789
9086,9.086,0.07421018,4.4239473
9087,9.087,0.08512456,4.4452252
9088,9.088,0.08941492,4.4764514
9089,9.089,0.08918774,4.474373
9090,9.09,0.087327875,4.4954133
9091,9.091,0.08340428,4.58946
9092,9.092,0.08553639,4.533002
9093,9.093,0.09691898,4.5584526
9094,9.094,0.09735097,4.5140133
9095,9.095,0.08809228,4.5018916
9096,9.096,0.088031895,4.5584126
9097,9.097,0.092430614,4.530699
9098,9.098,0.09081697,4.5142155
9099,9.099,0.07670269,4.540207
9100,9.1,0.09482825,4.4883757
9101,9.101,0.09972362,4.4807415
9102,9.102,0.08762389,4.4757833
9103,9.103,0.08322738,4.6059923
9104,9.104,0.0814124,4.564538
9105,9.105,0.084499635,4.569846
9106,9.106,0.08096461,4.598737
9107,9.107,0.084187835,4.6800075
9108,9.108,0.083407745,4.638266
9109,9.109,0.093169294,4.588413
9110,9.11,0.080906056,4.708196
9111,9.111,0.073364206,4.7450113
9112,9.112,0.07385418,4.710248
9113,9.113,0.07472632,4.7212334
9114,9.114,0.084894754,4.6710744
9115,9.115,0.072371125,4.6573787
9116,9.116,0.075934,4.6829967
9117,9.117,0.0692615,4.6626034
9118,9.118,0.07548894,4.7070932
9119,9.119,0.07951678,4.6946425
9120,9.12,0.07101267,4.6890264
9121,9.121,0.073226996,4.6991987
9122,9.122,0.07415876,4.6835365
9123,9.123,0.08425097,4.7215695
9124,9.124,0.084577575,4.7140813
9125,9.125,0.08248236,4.7261157
9126,9.126,0.07721715,4.7482038
9127,9.127,0.07260634,4.7717366
9128,9.128,0.07711603,4.727055
9129,9.129,0.07950806,4.756718
9130,9.13,0.0706119,4.789138
9131,9.131,0.07335711,4.7565966
9132,9.132,0.08190856,4.7736583
9133,9.133,0.07821669,4.759429
9134,9.134,0.07244296,4.752868
9135,9.135,0.07801543,4.747996
9136,9.136,0.06154199,4.720309
9137,9.137,0.07169471,4.7623906
9138,9.138,0.07561822,3.222833
9139,9.139,0.0825391,4.742385
9140,9.14,0.06892522,3.2636044
9141,9.141,0.08175812,3.1749585
9142,9.142,0.06859655,3.0904436
9143,9.143,0.06108006,3.0998807
9144,9.144,0.06804412,3.0089583
9145,9.145,0.07030757,3.0202725
9146,9.146,0.08051649,2.9221277
9147,9.147,0.06692731,2.9932852
9148,9.148,0.06638623,4.7149444
9149,9.149,0.059350386,4.764923
9150,9.15,0.062722474,4.741793
9151,9.151,0.06899646,4.7418613
9152,9.152,0.06933072,4.722615
9153,9.153,0.067561634,4.7413716
9154,9.154,0.076810375,4.7395997
9155,9.155,0.07263499,4.749563
9156,9.156,0.08057461,4.7450557
9157,9.157,0.07780697,4.7706094
9158,9.158,0.07226243,4.8010764
9159,9.159,0.074080005,4.773779
9160,9.16,0.069118656,4.7858443
9161,9.161,0.081291616,4.8564744
9162,9.162,0.078519806,4.8324237
9163,9.163,0.0646805,4.861512
9164,9.164,0.07047261,4.850964
9165,9.165,0.08141737,4.817244
9166,9.166,0.08203618,4.819474
9167,9.167,0.084457904,4.8347497
9168,9.168,0.07467216,4.814007
9169,9.169,0.08046191,4.7928596
9170,9.17,0.09113209,4.778553
9171,9.171,0.08898726,4.8020024
9172,9.172,0.088130325,4.739114
9173,9.173,0.09692196,4.8253183
9174,9.174,0.08816246,4.76304
9175,9.175,0.08586147,4.7383375
9176,9.176,0.094409816,4.758312
9177,9.177,0.083538614,4.7784843
9178,9.178,0.07347993,4.7808533
9179,9.179,0.07587537,4.7200146
9180,9.18,0.08031668,4.7662015
9181,9.181,0.074635,4.7307253
9182,9.182,0.07584489,4.7067733
9183,9.183,0.08773002,4.7270803
9184,9.184,0.07263101,4.736449
9185,9.185,0.07462725,4.7550936
9186,9.186,0.074213296,4.723414
9187,9.187,0.07701553,4.7606373
9188,9.188,0.07571371,4.7493443
9189,9.189,0.08773529,4.7752175
9190,9.19,0.078463845,4.7565427
9191,9.191,0.08506139,4.708905
9192,9.192,0.086854026,4.741939
9193,9.193,0.084963486,4.738596
9194,9.194,0.085018575,4.6753964
9195,9.195,0.083517164,4.727617
9196,9.196,0.0825517,4.7610006
9197,9.197,0.08637222,4.732373
9198,9.198,0.07666576,4.7879143
9199,9.199,0.080532275,4.664323
9200,9.2,0.07276299,4.6541204
9201,9.201,0.08469572,4.680373
9202,9.202,0.07501042,4.7098117
9203,9.203,0.076188564,4.7619777
9204,9.204,0.068706,4.6834393
9205,9.205,0.08496689,4.7260795
9206,9.206,0.07989748,4.691556
9207,9.207,0.07316777,4.7348633
9208,9.208,0.0675719,4.7221355
9209,9.209,0.08439902,4.7013645
9210,9.21,0.08640969,4.697433
9211,9.211,0.08379491,4.7411933
9212,9.212,0.08178356,4.6879864
9213,9.213,0.105909534,4.7329545
9214,9.214,0.103859,4.703091
9215,9.215,0.09305943,4.729916
9216,9.216,0.08282989,4.7856493
9217,9.217,0.09315751,4.7737465
9218,9.218,0.08455434,4.734871
9219,9.219,0.09213688,4.6989
9220,9.22,0.079590164,4.6438394
9221,9.221,0.07870582,4.6378083
9222,9.222,0.07667632,4.7059374
9223,9.223,0.08004058,4.7095475
9224,9.224,0.08696509,4.6861506
9225,9.225,0.086572744,4.6862555
9226,9.226,0.09523999,4.672876
9227,9.227,0.09787794,4.6356783
9228,9.228,0.09480265,4.6485376
9229,9.229,0.09769648,4.620424
9230,9.23,0.08783471,4.668755
9231,9.231,0.09468186,4.5883
9232,9.232,0.097614214,4.572374
9233,9.233,0.09464645,4.5510855
9234,9.234,0.08537271,4.543621
9235,9.235,0.08113505,4.530164
9236,9.236,0.083144695,4.592628
9237,9.237,0.079012185,4.547473
9238,9.238,0.087664776,4.557508
9239,9.239,0.100018196,4.5160885
9240,9.24,0.089335375,4.526768
9241,9.241,0.09501093,4.5300293
9242,9.242,0.08387281,4.5374436
9243,9.243,0.09010584,4.5357027
9244,9.244,0.09360007,4.5926485
9245,9.245,0.08941621,4.627808
9246,9.246,0.093459785,4.6278224
9247,9.247,0.099567,4.6318417
9248,9.248,0.09337131,4.661132
9249,9.249,0.10564725,4.621723
9250,9.25,0.09554658,4.558596
9251,9.251,0.0870003,4.575292
9252,9.252,0.087861024,4.5811453
9253,9.253,0.0886743,4.6440177
9254,9.254,0.094034396,4.6018085
9255,9.255,0.103028715,4.6316056
9256,9.256,0.10680511,4.665395
9257,9.257,0.09470505,4.71116
9258,9.258,0.091087684,4.6792955
9259,9.259,0.0942499,4.649042
9260,9.26,0.094387166,4.654245
9261,9.261,0.09513738,4.6541414
9262,9.262,0.09422107,4.647684
9263,9.263,0.08478779,4.6521287
9264,9.264,0.09803136,4.668751
9265,9.265,0.09448448,4.6450267
9266,9.266,0.08986562,4.7138457
9267,9.267,0.08163856,4.704572
9268,9.268,0.07142251,4.679299
9269,9.269,0.07927144,4.6953244
9270,9.27,0.08511166,4.672767
9271,9.271,0.07292486,4.6465807
9272,9.272,0.0754062,4.6825466
9273,9.273,0.07508358,4.7112813
9274,9.274,0.07260395,4.6955695
9275,9.275,0.07813536,4.7543755
9276,9.276,0.06665211,4.7222958
9277,9.277,0.06819939,4.738616
9278,9.278,0.080904625,4.75966
9279,9.279,0.0729312,4.6963134
9280,9.28,0.07814127,4.685856
9281,9.281,0.07525505,4.705489
9282,9.282,0.057437092,4.7231154
9283,9.283,0.05766607,4.7163653
9284,9.284,0.07817086,4.7590575
9285,9.285,0.071650356,4.740929
9286,9.286,0.08809294,4.7245016
9287,9.287,0.07963372,4.792109
9288,9.288,0.0781849,4.805097
9289,9.289,0.07691791,4.693549
9290,9.29,0.08878829,4.759872
9291,9.291,0.09123097,4.7691765
9292,9.292,0.08349501,4.840902
9293,9.293,0.08647589,4.8463516
9294,9.294,0.09772133,4.8343296
9295,9.295,0.08457348,4.820958
9296,9.296,0.09994304,4.779339
9297,9.297,0.09289282,4.7492423
9298,9.298,0.090210974,4.789343
9299,9.299,0.08505391,4.7478633
9300,9.3,0.088940494,4.731932
9301,9.301,0.08266854,4.734177
9302,9.302,0.08475166,4.63441
9303,9.303,0.09886328,4.708905
9304,9.304,0.09854473,4.698114
9305,9.305,0.09008531,4.6523995
9306,9.306,0.09390893,4.679179
9307,9.307,0.09360748,4.6444674
9308,9.308,0.08541805,4.631575
9309,9.309,0.08412121,4.6272926
9310,9.31,0.08027781,4.612211
9311,9.311,0.07596901,4.6304526
9312,9.312,0.07635301,4.623167
9313,9.313,0.06470462,4.6184487
9314,9.314,0.07777428,4.6007223
9315,9.315,0.06859571,4.6237535
9316,9.316,0.07698851,4.6006174
9317,9.317,0.07490169,4.6069417
9318,9.318,0.08013441,4.6230326
9319,9.319,0.083659604,4.6127324
9320,9.32,0.0907896,4.514775
9321,9.321,0.09577496,4.480749
9322,9.322,0.09729218,4.5403156
9323,9.323,0.093924925,4.511514
9324,9.324,0.08683073,4.545581
9325,9.325,0.08356006,4.5179186
9326,9.326,0.088635184,4.5220485
9327,9.327,0.08280616,4.5433917
9328,9.328,0.08362021,4.585781
9329,9.329,0.08880912,4.573727
9330,9.33,0.08160528,4.5691037
9331,9.331,0.08904051,4.5426745
9332,9.332,0.087178834,4.5859313
9333,9.333,0.08063485,4.580145
9334,9.334,0.078315645,4.472389
9335,9.335,0.07580831,4.487949
9336,9.336,0.085083134,4.475307
9337,9.337,0.08241436,4.4047093
9338,9.338,0.07718421,4.434278
9339,9.339,0.0890048,4.4567275
9340,9.34,0.06756848,4.484761
9341,9.341,0.07722463,4.477616
9342,9.342,0.08548299,4.480099
9343,9.343,0.08153229,4.481437
9344,9.344,0.08893074,4.4619913
9345,9.345,0.10370696,4.4340105
9346,9.346,0.09241874,4.483904
9347,9.347,0.09292952,4.4414887
9348,9.348,0.09510761,4.4656963
9349,9.349,0.09655032,4.452172
9350,9.35,0.0982969,4.4554687
9351,9.351,0.104493156,4.504139
9352,9.352,0.11197986,4.5523667
9353,9.353,0.1142162,4.515749
9354,9.354,0.11190396,4.467838
9355,9.355,0.11252924,4.443362
9356,9.356,0.11133799,4.5096016
9357,9.357,0.11270579,4.484401
9358,9.358,0.11131151,4.4490848
9359,9.359,0.111084364,4.526027
9360,9.36,0.09928856,4.4479985
9361,9.361,0.106091104,4.4599004
9362,9.362,0.1056664,4.4441056
9363,9.363,0.09741981,4.437868
9364,9.364,0.11799163,4.4776206
9365,9.365,0.11374511,4.4252396
9366,9.366,0.10588551,4.449995
9367,9.367,0.10097177,4.4681344
9368,9.368,0.107025675,4.3829327
9369,9.369,0.11189724,4.413236
9370,9.37,0.10411191,4.4099207
9371,9.371,0.096114725,4.4063697
9372,9.372,0.10355024,4.452401
9373,9.373,0.1006082,4.4139175
9374,9.374,0.087880105,4.413049
9375,9.375,0.08981737,4.443991
9376,9.376,0.094954945,4.5254817
9377,9.377,0.07641203,4.4778333
9378,9.378,0.084497586,4.527503
9379,9.379,0.09043303,4.505664
9380,9.38,0.084995456,4.463572
9381,9.381,0.091118775,4.5478196
9382,9.382,0.08995883,4.552582
9383,9.383,0.09387876,4.458656
9384,9.384,0.10025888,4.444926
9385,9.385,0.102392256,4.4259233
9386,9.386,0.09566326,4.428261
9387,9.387,0.09773789,4.459759
9388,9.388,0.092351794,4.4225025
9389,9.389,0.09010456,4.3792133
9390,9.39,0.09435164,4.408078
9391,9.391,0.07970627,4.4345202
9392,9.392,0.076929174,4.3807626
9393,9.393,0.07884815,4.4145584
9394,9.394,0.08237507,4.436247
9395,9.395,0.07885182,4.3882394
9396,9.396,0.07934724,4.3972664
9397,9.397,0.08220721,4.42034
9398,9.398,0.09391877,4.36604
9399,9.399,0.08365062,4.396126
9400,9.4,0.081159264,4.410102
9401,9.401,0.0821622,4.3604136
9402,9.402,0.09658683,4.385882
9403,9.403,0.09766868,4.3718576
9404,9.404,0.10282543,4.3594933
9405,9.405,0.10661066,4.380143
9406,9.406,0.12229347,4.3913655
9407,9.407,0.10966737,4.3736477
9408,9.408,0.09369449,4.3933077
9409,9.409,0.08981094,4.391173
9410,9.41,0.0870003,4.365831
9411,9.411,0.10260541,4.386758
9412,9.412,0.080932476,4.4011736
9413,9.413,0.0822058,4.417866
9414,9.414,0.09199814,4.3575616
9415,9.415,0.0733185,4.345992
9416,9.416,0.07532337,4.356603
9417,9.417,0.07656694,4.4046483
9418,9.418,0.07995316,4.3547916
9419,9.419,0.08022595,4.368599
9420,9.42,0.075924106,4.3448663
9421,9.421,0.08617123,4.3847876
9422,9.422,0.07447219,4.3596244
9423,9.423,0.08403666,4.371655
9424,9.424,0.07202448,4.4197087
9425,9.425,0.078770414,4.3829594
9426,9.426,0.0777148,4.366954
9427,9.427,0.07717222,4.3317804
9428,9.428,0.08856538,4.3500624
9429,9.429,0.085457295,4.3548017
9430,9.43,0.08655605,4.3872
9431,9.431,0.08288778,4.4311886
9432,9.432,0.087876156,4.371291
9433,9.433,0.097588755,4.4228196
9434,9.434,0.07697574,4.4107695
9435,9.435,0.06980264,4.3920493
9436,9.436,0.075129755,4.457541
9437,9.437,0.072182395,4.3987875
9438,9.438,0.06528709,4.4183707
9439,9.439,0.07747272,4.405559
9440,9.44,0.06922561,4.3540683
9441,9.441,0.08148974,4.3523364
9442,9.442,0.08226765,4.3500056
9443,9.443,0.07287649,4.3501186
9444,9.444,0.079782374,4.383047
9445,9.445,0.0776791,4.375488
9446,9.446,0.08643243,4.35579
9447,9.447,0.087127104,4.4039903
9448,9.448,0.08213687,4.3739843
9449,9.449,0.09779642,4.3700323
9450,9.45,0.1057965,4.4051957
9451,9.451,0.092552476,4.411748
9452,9.452,0.094968945,4.379144
9453,9.453,0.09695296,4.3721876
9454,9.454,0.09719648,4.3742137
9455,9.455,0.08888849,4.350514
9456,9.456,0.09529642,4.4201846
9457,9.457,0.09716436,4.426288
9458,9.458,0.09143539,4.468565
9459,9.459,0.09444042,4.430838
9460,9.46,0.097130455,4.5088634
9461,9.461,0.104773216,4.43208
9462,9.462,0.10325567,4.42167
9463,9.463,0.09445756,4.411864
9464,9.464,0.09957339,4.416906
9465,9.465,0.07882323,4.447486
9466,9.466,0.07942951,4.438466
9467,9.467,0.082449414,4.433495
9468,9.468,0.080000855,4.496842
9469,9.469,0.08666749,4.4205055
9470,9.47,0.09283307,4.4689755
9471,9.471,0.096285954,4.443169
9472,9.472,0.08985661,4.4962945
9473,9.473,0.08385765,4.449456
9474,9.474,0.076396905,4.493683
9475,9.475,0.07281778,4.4219785
9476,9.476,0.073998034,4.442443
9477,9.477,0.06858981,4.473158
9478,9.478,0.05997523,4.4701524
9479,9.479,0.06893192,4.4945507
9480,9.48,0.07220081,4.473965
9481,9.481,0.0769427,4.5000515
9482,9.482,0.09314075,4.4802623
9483,9.483,0.08701625,4.500588
9484,9.484,0.079398945,4.4315476
9485,9.485,0.07896096,4.433871
9486,9.486,0.073852606,4.3981743
9487,9.487,0.06612539,4.391722
9488,9.488,0.077417485,4.4043818
9489,9.489,0.07989603,4.416557
9490,9.49,0.070869274,4.4740825
9491,9.491,0.077307664,4.459982
9492,9.492,0.06868244,4.4995017
9493,9.493,0.07199157,4.444326
9494,9.494,0.06281731,4.4071693
9495,9.495,0.07540314,4.4709554
9496,9.496,0.07766868,4.4410367
9497,9.497,0.063035004,4.4140306
9498,9.498,0.0856667,4.4281797
9499,9.499,0.074593164,4.4332914
9500,9.5,0.07294467,4.414526
9501,9.501,0.07579992,4.420716
9502,9.502,0.06907348,4.4149427
9503,9.503,0.07256812,4.387841
9504,9.504,0.085345626,4.422044
9505,9.505,0.08674415,4.431007
9506,9.506,0.06665211,4.3912067
9507,9.507,0.075464435,4.369972
9508,9.508,0.074263126,4.429634
9509,9.509,0.07532337,4.392298
9510,9.51,0.07193535,4.353596
9511,9.511,0.074947976,4.342371
9512,9.512,0.063480884,4.391538
9513,9.513,0.08051864,4.4240985
9514,9.514,0.0733043,4.3894863
9515,9.515,0.07892289,4.378321
9516,9.516,0.0875196,4.3587456
9517,9.517,0.07558994,4.337748
9518,9.518,0.08146846,4.425267
9519,9.519,0.08809425,4.3435817
9520,9.52,0.08709393,4.3450336
9521,9.521,0.087182805,4.314593
9522,9.522,0.085015856,4.31938
9523,9.523,0.07121179,4.3015323
9524,9.524,0.07461951,4.3153615
9525,9.525,0.06885642,4.3284926
9526,9.526,0.074208625,4.345558
9527,9.527,0.0738393,4.3505497
9528,9.528,0.07581745,4.3105316
9529,9.529,0.07868672,4.370926
9530,9.53,0.080361284,4.3447275
9531,9.531,0.097876765,4.4171925
9532,9.532,0.08208901,4.3609347
9533,9.533,0.089880414,4.374765
9534,9.534,0.08752488,4.3887267
9535,9.535,0.0858379,4.3828907
9536,9.536,0.091260746,4.3773627
9537,9.537,0.074328475,4.3642426
9538,9.538,0.07984465,4.4173384
9539,9.539,0.08348532,4.4103675
9540,9.54,0.07374688,4.41253
9541,9.541,0.08313079,4.3710084
9542,9.542,0.07194339,4.386948
9543,9.543,0.07558688,4.407006
9544,9.544,0.053534977,4.387116
9545,9.545,0.06093416,4.349701
9546,9.546,0.06355914,4.350365
9547,9.547,0.057096966,4.4040527
9548,9.548,0.08009545,4.374848
9549,9.549,0.07007948,4.357723
9550,9.55,0.06264318,4.4016957
9551,9.551,0.07342563,4.367926
9552,9.552,0.073897205,4.3716855
9553,9.553,0.056409534,4.3569627
9554,9.554,0.06048575,4.406195
9555,9.555,0.071332626,4.4246097
9556,9.556,0.06610616,4.48884
9557,9.557,0.06008788,4.4084835
9558,9.558,0.063825026,4.400999
9559,9.559,0.060380545,4.3963847
9560,9.56,0.060223352,4.38112
9561,9.561,0.06425823,4.4193482
9562,9.562,0.07989097,4.3722653
9563,9.563,0.06546038,4.3969607
9564,9.564,0.069080174,4.483783
9565,9.565,0.06679504,4.46544
9566,9.566,0.07901584,4.5060043
9567,9.567,0.07127751,4.4582825
9568,9.568,0.06581085,4.441212
9569,9.569,0.09511915,4.4880757
9570,9.57,0.077470474,4.489389
9571,9.571,0.07553639,4.4699535
9572,9.572,0.06557594,4.4615216
9573,9.573,0.066754356,4.4352407
9574,9.574,0.06317605,4.4530773
9575,9.575,0.07491558,4.4263363
9576,9.576,0.062676385,4.452678
9577,9.577,0.07131237,4.403433
9578,9.578,0.0772942,4.4300094
9579,9.579,0.073883906,4.4529853
9580,9.58,0.06634181,4.3978667
9581,9.581,0.074878536,4.4037366
9582,9.582,0.07468609,4.406371
9583,9.583,0.07053819,4.3950534
9584,9.584,0.07674413,4.37915
9585,9.585,0.05266967,4.4304996
9586,9.586,0.05779222,4.3830647
9587,9.587,0.06616908,4.4074006
9588,9.588,0.067366295,4.473404
9589,9.589,0.075340256,4.4558043
9590,9.59,0.074620284,4.444462
9591,9.591,0.072035715,4.4062314
9592,9.592,0.057335366,4.3752084
9593,9.593,0.06302767,4.379274
9594,9.594,0.059134774,4.3582277
9595,9.595,0.06421415,4.414519
9596,9.596,0.06303592,4.4254756
9597,9.597,0.066962704,4.4336567
9598,9.598,0.06369358,4.4591656
9599,9.599,0.06459287,4.423246
9600,9.6,0.063815065,4.456955
9601,9.601,0.066225834,4.495171
9602,9.602,0.061756685,4.478213
9603,9.603,0.072563335,4.419703
9604,9.604,0.06938906,4.4591775
9605,9.605,0.060914237,4.43699
9606,9.606,0.053245932,4.465997
9607,9.607,0.06920055,4.4470363
9608,9.608,0.06905005,4.4979224
9609,9.609,0.059754133,4.425184
9610,9.61,0.07164713,4.411626
9611,9.611,0.07302624,4.4071174
9612,9.612,0.07173339,4.4710617
9613,9.613,0.06756334,4.3974524
9614,9.614,0.08128238,4.4780617
9615,9.615,0.09390954,4.476044
9616,9.616,0.076696664,4.4145746
9617,9.617,0.07884009,4.432049
9618,9.618,0.09410629,4.471476
9619,9.619,0.09274026,4.4500422
9620,9.62,0.10441292,4.5071635
9621,9.621,0.100469075,4.492976
9622,9.622,0.09998005,4.46411
9623,9.623,0.10481072,4.4909396
9624,9.624,0.09363649,4.4659896
9625,9.625,0.087941244,4.477882
9626,9.626,0.07554022,4.5151916
9627,9.627,0.08260279,4.4745684
9628,9.628,0.08010122,4.44757
9629,9.629,0.08333703,4.434242
9630,9.63,0.095806345,4.43645
9631,9.631,0.083028525,4.458173
9632,9.632,0.08204956,4.426747
9633,9.633,0.090898395,4.477679
9634,9.634,0.09095815,4.4189596
9635,9.635,0.08363127,4.4365535
9636,9.636,0.09420021,4.4769626
9637,9.637,0.096610166,4.4073553
9638,9.638,0.091312036,4.39381
9639,9.639,0.08979806,4.371572
9640,9.64,0.091451816,4.385183
9641,9.641,0.09877788,4.3522673
9642,9.642,0.1015938,4.3881817
9643,9.643,0.111557364,4.345481
9644,9.644,0.10140987,4.3886447
9645,9.645,0.11621927,4.364994
9646,9.646,0.103691354,4.31975
9647,9.647,0.10321871,4.3534307
9648,9.648,0.11054348,4.3804255
9649,9.649,0.13543686,4.3898134
9650,9.65,0.12118011,4.4169154
9651,9.651,0.10256879,4.356535
9652,9.652,0.1089371,4.382836
9653,9.653,0.10285016,4.4038
9654,9.654,0.112363726,4.4381866
9655,9.655,0.098997064,4.3754015
9656,9.656,0.096783504,4.4026976
9657,9.657,0.09098547,4.4106746
9658,9.658,0.09058183,4.4172997
9659,9.659,0.101053596,4.4331303
9660,9.66,0.097572766,4.443158
9661,9.661,0.091284186,4.461843
9662,9.662,0.09301531,4.454241
9663,9.663,0.087797195,4.4326634
9664,9.664,0.11048491,4.5056567
9665,9.665,0.091711834,4.461994
9666,9.666,0.10544628,4.4883785
9667,9.667,0.108832,4.456393
9668,9.668,0.093097925,4.481275
9669,9.669,0.087873526,4.4656043
9670,9.67,0.08350471,4.4833226
9671,9.671,0.076744884,4.4106135
9672,9.672,0.074601695,4.4584703
9673,9.673,0.07284238,4.4518437
9674,9.674,0.0649925,4.4261847
9675,9.675,0.07895584,4.431488
9676,9.676,0.077415995,4.419192
9677,9.677,0.07995316,4.443859
9678,9.678,0.07285428,4.443038
9679,9.679,0.068470046,4.4554973
9680,9.68,0.07724857,4.4185224
9681,9.681,0.077910155,4.392188
9682,9.682,0.080965325,4.3861704
9683,9.683,0.08282361,4.414691
9684,9.684,0.06265424,4.433081
9685,9.685,0.06753767,4.488291
9686,9.686,0.09216949,4.53088
9687,9.687,0.10364341,4.510402
9688,9.688,0.06970403,4.509367
9689,9.689,0.064374164,4.547429
9690,9.69,0.08120341,4.5118504
9691,9.691,0.0600051,4.5458736
9692,9.692,0.06599065,4.4559045
9693,9.693,0.05055196,4.4771705
9694,9.694,0.059445746,4.4505215
9695,9.695,0.05282527,4.410322
9696,9.696,0.05043062,4.414595
9697,9.697,0.065203816,4.434373
9698,9.698,0.06186889,4.493899
9699,9.699,0.07585785,4.548202
9700,9.7,0.0872769,4.5370584
9701,9.701,0.085913956,4.547362
9702,9.702,0.074699245,4.5718036
9703,9.703,0.079743244,4.5036182
9704,9.704,0.0693699,4.514605
9705,9.705,0.08625705,4.478558
9706,9.706,0.08858757,4.471021
9707,9.707,0.09540129,4.5014997
9708,9.708,0.10500741,4.5188437
9709,9.709,0.10177966,4.526795
9710,9.71,0.10077065,4.589903
9711,9.711,0.12745929,4.5711684
9712,9.712,0.107085064,4.5650578
9713,9.713,0.10676018,4.542831
9714,9.714,0.094356544,4.572443
9715,9.715,0.11140753,4.5707283
9716,9.716,0.11268169,4.5153356
9717,9.717,0.09410936,4.5243587
9718,9.718,0.09265297,4.5068564
9719,9.719,0.087122455,4.4964056
9720,9.72,0.10176262,4.465725
9721,9.721,0.085987926,4.457433
9722,9.722,0.08810081,4.45984
9723,9.723,0.11200102,4.492794
9724,9.724,0.11297931,4.4947257
9725,9.725,0.10802174,4.493356
9726,9.726,0.09090094,4.5103955
9727,9.727,0.09378822,4.5285196
9728,9.728,0.084449686,4.4996276
9729,9.729,0.09643112,4.5036387
9730,9.73,0.09836391,4.4681764
9731,9.731,0.10335805,4.4921317
9732,9.732,0.10042074,4.56352
9733,9.733,0.0892713,4.5902023
9734,9.734,0.08411022,4.5777907
9735,9.735,0.07366533,4.6512055
9736,9.736,0.09123288,4.5381365
9737,9.737,0.0886743,4.5147676
9738,9.738,0.08793533,4.455167
9739,9.739,0.09051289,4.4471087
9740,9.74,0.0825937,4.440303
9741,9.741,0.08602153,4.482929
9742,9.742,0.08049136,4.457207
9743,9.743,0.095223606,4.4945917
9744,9.744,0.09529096,4.473124
9745,9.745,0.089656994,4.493682
9746,9.746,0.08628652,4.4964886
9747,9.747,0.10327973,4.4542212
9748,9.748,0.083251685,4.4322824
9749,9.749,0.08360984,4.4391103
9750,9.75,0.082748905,4.4069824
9751,9.751,0.09960125,4.397421
9752,9.752,0.08109444,4.4053354
9753,9.753,0.09401657,4.4212623
9754,9.754,0.07745033,4.436108
9755,9.755,0.061650835,4.42505
9756,9.756,0.084353134,4.394355
9757,9.757,0.08644045,4.412987
9758,9.758,0.08655872,4.3963885
9759,9.759,0.07850655,4.4064627
9760,9.76,0.0956693,4.4179482
9761,9.761,0.09343876,4.4293413
9762,9.762,0.10220355,4.4547296
9763,9.763,0.09359266,4.409133
9764,9.764,0.10398859,4.4203954
9765,9.765,0.10738959,4.3894925
9766,9.766,0.097125694,4.39608
9767,9.767,0.08869842,4.3608074
9768,9.768,0.099447936,4.3980527
9769,9.769,0.10533166,4.3672366
9770,9.77,0.09068641,4.4466434
9771,9.771,0.087832734,4.4157825
9772,9.772,0.10336979,4.4050455
9773,9.773,0.09440492,4.430709
9774,9.774,0.081194155,4.4257193
9775,9.775,0.080375664,4.4264026
9776,9.776,0.07264215,4.4227366
9777,9.777,0.08240735,4.42103
9778,9.778,0.09049117,4.4419894
9779,9.779,0.089076854,4.3590083
9780,9.78,0.067574464,4.392347
9781,9.781,0.06852152,4.428134
9782,9.782,0.064953364,4.4107084
9783,9.783,0.07246211,4.425158
9784,9.784,0.07378998,4.4046965
9785,9.785,0.07650426,4.45438
9786,9.786,0.07497497,4.449816
9787,9.787,0.08391759,4.428752
9788,9.788,0.06820278,4.421798
9789,9.789,0.0794557,4.4438243
9790,9.79,0.071709216,4.5068445
9791,9.791,0.06711186,4.4560366
9792,9.792,0.06865635,4.436359
9793,9.793,0.081045955,4.4043674
9794,9.794,0.07383226,4.420211
9795,9.795,0.073088735,4.422724
9796,9.796,0.07735401,4.4360747
9797,9.797,0.08459944,4.457113
9798,9.798,0.075136684,4.4283733
9799,9.799,0.08723517,4.5213947
9800,9.8,0.086188674,4.493068
9801,9.801,0.07094182,4.5456123
9802,9.802,0.081896566,4.4961715
9803,9.803,0.086933844,4.508837
9804,9.804,0.08343477,4.5011897
9805,9.805,0.08614507,4.499385
9806,9.806,0.0823891,4.4824505
9807,9.807,0.08750639,4.466736
9808,9.808,0.09847725,4.459398
9809,9.809,0.0812774,4.4886484
9810,9.81,0.08001097,4.462364
9811,9.811,0.071191505,4.5111
9812,9.812,0.0816074,4.456762
9813,9.813,0.08592741,4.4320836
9814,9.814,0.07252271,4.409596
9815,9.815,0.070447184,4.443515
9816,9.816,0.077329345,4.3865666
9817,9.817,0.060366184,4.4188113
9818,9.818,0.06346723,4.412656
9819,9.819,0.066903114,4.4485393
9820,9.82,0.055227023,4.452008
9821,9.821,0.06260441,4.406718
9822,9.822,0.05989905,4.445504
9823,9.823,0.06710239,4.3961473
9824,9.824,0.06384042,4.430388
9825,9.825,0.070021726,4.374697
9826,9.826,0.068012685,4.373583
9827,9.827,0.06409523,4.366263
9828,9.828,0.06742376,4.386462
9829,9.829,0.05925975,4.377786
9830,9.83,0.07773265,4.457604
9831,9.831,0.06788254,4.505836
9832,9.832,0.08079024,4.40267
9833,9.833,0.07664616,4.42935
9834,9.834,0.08318362,4.3954225
9835,9.835,0.075387806,4.4881787
9836,9.836,0.0678033,4.403231
9837,9.837,0.067603536,4.400435
9838,9.838,0.07277967,4.3791533
9839,9.839,0.07884815,4.3923545
9840,9.84,0.07438134,4.408471
9841,9.841,0.07309902,4.3864202
9842,9.842,0.07171728,4.3717537
9843,9.843,0.07102162,4.3876696
9844,9.844,0.07271929,4.3729877
9845,9.845,0.06828747,4.4040756
9846,9.846,0.068242595,4.370372
9847,9.847,0.06964016,4.3991756
9848,9.848,0.07453736,4.420181
9849,9.849,0.080749445,4.4544487
9850,9.85,0.07989458,4.483898
9851,9.851,0.07973164,4.466693
9852,9.852,0.07232559,4.4644966
9853,9.853,0.07814349,4.419914
9854,9.854,0.070908405,4.427419
9855,9.855,0.08343061,4.3920383
9856,9.856,0.08484572,4.4693894
9857,9.857,0.08119558,4.4754786
9858,9.858,0.08249637,4.4444146
9859,9.859,0.06846667,4.45344
9860,9.86,0.0761916,4.395755
9861,9.861,0.07626515,4.401323
9862,9.862,0.06669719,4.3673806
9863,9.863,0.08027349,4.4022613
9864,9.864,0.06704982,4.3793592
9865,9.865,0.08986048,4.3970594
9866,9.866,0.09005066,4.3810554
9867,9.867,0.08701957,4.3923035
9868,9.868,0.09115302,4.3926916
9869,9.869,0.09262114,4.4044385
9870,9.87,0.08527381,4.420383
9871,9.871,0.083883144,4.423802
9872,9.872,0.08460764,4.4416366
9873,9.873,0.07083582,4.439491
9874,9.874,0.08952539,4.3889413
9875,9.875,0.06819515,4.413192
9876,9.876,0.07396522,4.4615293
9877,9.877,0.07028701,4.4410205
9878,9.878,0.07722463,4.3909025
9879,9.879,0.07112896,4.4178696
9880,9.88,0.068930246,4.4315434
9881,9.881,0.07185898,4.453083
9882,9.882,0.07547975,4.4168034
9883,9.883,0.073972255,4.4132633
9884,9.884,0.06776152,4.3985066
9885,9.885,0.07376334,4.4589176
9886,9.886,0.08022019,4.3906364
9887,9.887,0.06799994,4.437497
9888,9.888,0.06295426,4.449924
9889,9.889,0.060646072,4.4363008
9890,9.89,0.06216526,4.422861
9891,9.891,0.05408706,4.4307637
9892,9.892,0.062959775,4.3931813
9893,9.893,0.055397347,4.4039426
9894,9.894,0.079104304,4.416305
9895,9.895,0.06956792,4.4129963
9896,9.896,0.063012995,4.351396
9897,9.897,0.07053737,4.396864
9898,9.898,0.07707404,4.442287
9899,9.899,0.06543035,4.4059668
9900,9.9,0.0735216,4.415034
9901,9.901,0.07052508,4.4337826
9902,9.902,0.0825776,4.466928
9903,9.903,0.07430981,4.4560986
9904,9.904,0.08425441,4.467964
9905,9.905,0.07428647,4.4651113
9906,9.906,0.08011492,4.4793243
9907,9.907,0.08086532,4.464047
9908,9.908,0.078928016,4.4549794
9909,9.909,0.08552625,4.454938
9910,9.91,0.077056795,4.4439564
9911,9.911,0.09123605,4.4472256
9912,9.912,0.09274898,4.4233356
9913,9.913,0.079709165,4.356294
9914,9.914,0.08158615,4.3402896
9915,9.915,0.08903142,4.320449
9916,9.916,0.08756978,4.284953
9917,9.917,0.08125606,4.318685
9918,9.918,0.07522125,4.354588
9919,9.919,0.08277196,4.4111505
9920,9.92,0.099026255,4.3303976
9921,9.921,0.108211525,4.3366213
9922,9.922,0.10236629,4.372288
9923,9.923,0.10680782,4.401973
9924,9.924,0.10481845,4.3742332
9925,9.925,0.10419182,4.341952
9926,9.926,0.08044036,4.3422375
9927,9.927,0.10269156,4.329758
9928,9.928,0.10147482,4.3413916
9929,9.929,0.09438226,4.4020576
9930,9.93,0.083661675,4.3833823
9931,9.931,0.09554416,4.377091
9932,9.932,0.09777159,4.3963375
9933,9.933,0.09451078,4.3903756
9934,9.934,0.09267417,4.3994083
9935,9.935,0.098683044,4.391569
9936,9.936,0.09554597,4.3911505
9937,9.937,0.09593897,4.433784
9938,9.938,0.098151565,4.471848
9939,9.939,0.08343685,4.421391
9940,9.94,0.095476985,4.4670835
9941,9.941,0.0978868,4.4244375
9942,9.942,0.094491206,4.4369864
9943,9.943,0.09117965,4.444142
9944,9.944,0.09130571,4.4197245
9945,9.945,0.086528,4.378508
9946,9.946,0.07758082,4.3647747
9947,9.947,0.073648065,4.408602
9948,9.948,0.07677801,4.406691
9949,9.949,0.080649175,4.4431453
9950,9.95,0.07636437,4.371082
9951,9.951,0.078789495,4.353015
9952,9.952,0.07345239,4.3931255
9953,9.953,0.07471626,4.3575315
9954,9.954,0.07299853,4.352538
9955,9.955,0.078004315,4.422519
9956,9.956,0.08287314,4.3330593
9957,9.957,0.07233198,4.373956
9958,9.958,0.0709972,4.4130797
9959,9.959,0.08011709,4.5164785
9960,9.96,0.07411822,4.449111
9961,9.961,0.063659094,4.478604
9962,9.962,0.06402575,4.4926505
9963,9.963,0.06555126,4.4473505
9964,9.964,0.063536406,4.43519
9965,9.965,0.064064555,4.393268
9966,9.966,0.06828408,4.388724
9967,9.967,0.057842206,4.4252567
9968,9.968,0.06761465,4.456033
9969,9.969,0.07311167,4.443638
9970,9.97,0.061858613,4.404549
9971,9.971,0.07463732,4.36937
9972,9.972,0.08263568,4.317197
9973,9.973,0.07213434,4.4193163
9974,9.974,0.08023172,4.4029703
9975,9.975,0.06910193,4.382916
9976,9.976,0.08037854,4.3775992
9977,9.977,0.07276061,4.390339
9978,9.978,0.083667204,4.377752
9979,9.979,0.08511913,4.366139
9980,9.98,0.07241184,4.337719
9981,9.981,0.08649192,4.330404
9982,9.982,0.078724176,4.3642926
9983,9.983,0.07662354,4.3444843
9984,9.984,0.07663183,4.343336
9985,9.985,0.07616429,4.3667636
9986,9.986,0.07645816,4.3861337
9987,9.987,0.100676544,4.410359
9988,9.988,0.09478253,4.3775516
9989,9.989,0.106022984,4.3597283
9990,9.99,0.08376524,4.374742
9991,9.991,0.09566507,4.423933
9992,9.992,0.09023404,4.391842
9993,9.993,0.094411656,4.3624578
9994,9.994,0.10532727,4.355345
9995,9.995,0.10987271,4.3877144
9996,9.996,0.11032105,4.401682
9997,9.997,0.11062972,4.4249835
9998,9.998,0.10250171,4.4476066
9999,9.999,0.10733629,4.3742476
10000,10.0,0.11818742,4.4029107
10001,10.001,0.104746185,4.35141
10002,10.002,0.09313517,4.3907037
10003,10.003,0.09546488,4.3875513
10004,10.004,0.098467276,4.330919
10005,10.005,0.08318987,4.37119
10006,10.006,0.08757704,4.374672
10007,10.007,0.107420266,4.309077
10008,10.008,0.09541764,4.334022
10009,10.009,0.09719054,4.368581
10010,10.01,0.09387938,4.3972597
10011,10.011,0.08931661,4.4004855
10012,10.012,0.08277474,4.347243
10013,10.013,0.08070649,4.3207593
10014,10.014,0.09133988,4.349279
10015,10.015,0.08221775,4.3304205
10016,10.016,0.09346845,4.3148017
10017,10.017,0.09745303,4.290609
10018,10.018,0.09443369,4.335005
10019,10.019,0.09196798,4.3473763
10020,10.02,0.108693294,4.3773503
10021,10.021,0.110891685,4.4065766
10022,10.022,0.10005979,4.3703723
10023,10.023,0.09985568,4.36305
10024,10.024,0.093883075,4.408959
10025,10.025,0.08023316,4.398018
10026,10.026,0.07234876,4.3205714
10027,10.027,0.07607697,4.3425646
10028,10.028,0.086109504,4.3848515
10029,10.029,0.0658372,4.390361
10030,10.03,0.08050859,4.3697467
10031,10.031,0.087178834,4.4270844
10032,10.032,0.08240314,4.3708735
10033,10.033,0.08012142,4.38918
10034,10.034,0.09095116,4.362988
10035,10.035,0.090787694,4.387021
10036,10.036,0.08794256,4.370621
10037,10.037,0.09457619,4.3973656
10038,10.038,0.08544241,4.4174194
10039,10.039,0.08628251,4.4702997
10040,10.04,0.0935488,4.443008
10041,10.041,0.09393109,4.469043
10042,10.042,0.10108447,4.4220753
10043,10.043,0.09334531,4.4435134
10044,10.044,0.094691016,4.435401
10045,10.045,0.09513191,4.5014186
10046,10.046,0.09127025,4.512035
10047,10.047,0.085924044,4.4860663
10048,10.048,0.09769235,4.5018263
10049,10.049,0.08278801,4.4317164
10050,10.05,0.08752291,4.456107
10051,10.051,0.08725372,4.4289064
10052,10.052,0.08139039,4.4143367
10053,10.053,0.07693519,4.4072576
10054,10.054,0.085217535,4.4149566
10055,10.055,0.09484714,4.4294305
10056,10.056,0.085128635,4.4060607
10057,10.057,0.07990471,4.4024987
10058,10.058,0.085619465,4.394104
10059,10.059,0.078290544,4.4021125
10060,10.06,0.078173816,4.3571086
10061,10.061,0.0824438,4.361474
10062,10.062,0.07172614,4.383902
10063,10.063,0.07408547,4.347752
10064,10.064,0.07768951,4.3303943
10065,10.065,0.09292455,4.3261094
10066,10.066,0.0841535,4.363192
10067,10.067,0.08733052,4.347388
10068,10.068,0.095418856,4.3536563
10069,10.069,0.0944753,4.376683
10070,10.07,0.11081713,4.360678
10071,10.071,0.11624314,4.334986
10072,10.072,0.09974217,4.430643
10073,10.073,0.102178104,4.3721285
10074,10.074,0.10895143,4.3643484
10075,10.075,0.10980063,4.4025407
10076,10.076,0.103387125,4.344044
10077,10.077,0.0997439,4.3697977
10078,10.078,0.09854648,4.316865
10079,10.079,0.10638869,4.4131722
10080,10.08,0.09589739,4.403844
10081,10.081,0.10267299,4.4196196
10082,10.082,0.097492166,4.3899674
10083,10.083,0.099951714,4.37197
10084,10.084,0.09235743,4.4258804
10085,10.085,0.09205654,4.3740206
10086,10.086,0.093254864,4.402107
10087,10.087,0.086224206,4.3528905
10088,10.088,0.08837069,4.341162
10089,10.089,0.080960326,4.3755555
10090,10.09,0.09385044,4.4745
10091,10.091,0.09023276,4.473308
10092,10.092,0.09059012,4.39205
10093,10.093,0.099093355,4.370508
10094,10.094,0.08328014,4.35037
10095,10.095,0.07681188,4.348703
10096,10.096,0.078844495,4.3467255
10097,10.097,0.072578475,4.3782477
10098,10.098,0.083891414,4.3839064
10099,10.099,0.09496407,4.410208
10100,10.1,0.10938028,4.393086
10101,10.101,0.09203771,4.3853617
10102,10.102,0.08479461,4.344018
10103,10.103,0.068022035,4.3450055
10104,10.104,0.0751136,4.3954163
10105,10.105,0.09085515,4.370447
10106,10.106,0.079740345,4.383781
10107,10.107,0.10235726,4.455044
10108,10.108,0.08605579,4.355412
10109,10.109,0.0979712,4.3691635
10110,10.11,0.092861705,4.4172997
10111,10.111,0.08658008,4.407057
10112,10.112,0.08132858,4.4369564
10113,10.113,0.08526228,4.4346495
10114,10.114,0.09601907,4.32822
10115,10.115,0.10591335,4.3913713
10116,10.116,0.0893522,4.352751
10117,10.117,0.08936577,4.4060187
10118,10.118,0.09584555,4.391831
10119,10.119,0.095555045,4.4344625
10120,10.12,0.09593958,4.4797835
10121,10.121,0.09054673,4.445426
10122,10.122,0.0907068,4.3966565
10123,10.123,0.099453166,4.4003296
10124,10.124,0.099709705,4.3936415
10125,10.125,0.10275458,4.4134855
10126,10.126,0.091958545,4.3907576
10127,10.127,0.09171877,4.401133
10128,10.128,0.102703944,4.367026
10129,10.129,0.0917572,4.3553743
10130,10.13,0.09584374,4.3898687
10131,10.131,0.08667083,4.3685527
10132,10.132,0.09185793,4.347662
10133,10.133,0.09560887,4.380031
10134,10.134,0.070199795,4.3188696
10135,10.135,0.09222967,4.3402843
10136,10.136,0.103747085,4.381982
10137,10.137,0.097715415,4.3976884
10138,10.138,0.091587596,4.4314933
10139,10.139,0.10119934,4.4018803
10140,10.14,0.09212308,4.374875
10141,10.141,0.07711603,4.369463
10142,10.142,0.07550119,4.3425145
10143,10.143,0.078325234,4.3710084
10144,10.144,0.07121099,4.3520846
10145,10.145,0.072303206,4.324686
10146,10.146,0.0714306,4.370467
10147,10.147,0.08014883,4.3324623
10148,10.148,0.0738119,4.3650217
10149,10.149,0.081666164,4.3703856
10150,10.15,0.08070649,4.362212
10151,10.151,0.09161725,4.399041
10152,10.152,0.08177155,4.3318944
10153,10.153,0.09736818,4.3728876
10154,10.154,0.098974295,4.4182
10155,10.155,0.09505837,4.3987894
10156,10.156,0.080455445,4.4181237
10157,10.157,0.08493832,4.395415
10158,10.158,0.08512388,4.433666
10159,10.159,0.094522394,4.4061847
10160,10.16,0.08063986,4.4161406
10161,10.161,0.07836802,4.393821
10162,10.162,0.0693474,4.411601
10163,10.163,0.06189878,4.3854527
10164,10.164,0.06395891,4.3874073
10165,10.165,0.0726127,4.4171333
10166,10.166,0.06973802,4.400322
10167,10.167,0.07557999,4.409262
10168,10.168,0.07062418,4.3811812
10169,10.169,0.067042924,4.383206
10170,10.17,0.062197793,4.40924
10171,10.171,0.066943705,4.403409
10172,10.172,0.07128562,4.4022427
10173,10.173,0.06511512,4.4071326
10174,10.174,0.07041682,4.3887167
10175,10.175,0.07667707,4.4346166
10176,10.176,0.07676672,4.3695254
10177,10.177,0.06822141,4.345824
10178,10.178,0.06968828,4.352506
10179,10.179,0.093017176,4.3809266
10180,10.18,0.087805755,4.3895574
10181,10.181,0.08417205,4.4425488
10182,10.182,0.06622235,4.524136
10183,10.183,0.08345901,4.512669
10184,10.184,0.08609876,4.5066805
10185,10.185,0.106489696,4.447875
10186,10.186,0.0768698,4.449985
10187,10.187,0.090610534,4.4546037
10188,10.188,0.0823105,4.420923
10189,10.189,0.08583656,4.499571
10190,10.19,0.08915468,4.4622426
10191,10.191,0.07700653,4.460062
10192,10.192,0.06302583,4.4783087
10193,10.193,0.06801693,4.494267
10194,10.194,0.07653825,4.4961433
10195,10.195,0.07499963,4.534139
10196,10.196,0.086504616,4.4980044
10197,10.197,0.084067605,4.5154376
10198,10.198,0.084095106,4.548606
10199,10.199,0.083173886,4.5907807
10200,10.2,0.079107955,4.106218
10201,10.201,0.07717446,4.209602
10202,10.202,0.0767878,4.5851784
10203,10.203,0.07994304,4.5318995
10204,10.204,0.082240246,4.500216
10205,10.205,0.09194786,4.2810607
10206,10.206,0.083716236,4.2918105
10207,10.207,0.097788736,4.197321
10208,10.208,0.081450015,4.2281885
10209,10.209,0.09200379,4.159808
10210,10.21,0.090383165,4.1702037
10211,10.211,0.0941683,4.26111
10212,10.212,0.09555203,4.2845635
10213,10.213,0.08166687,4.355798
10214,10.214,0.08985533,4.2770214
10215,10.215,0.103924096,4.111016
10216,10.216,0.0774048,4.2303653
10217,10.217,0.0942922,4.3050923
10218,10.218,0.10385566,4.244901
10219,10.219,0.08041233,4.211193
10220,10.22,0.082853615,4.186014
10221,10.221,0.08864692,4.681114
10222,10.222,0.08690259,4.657673
10223,10.223,0.08505256,4.6486344
10224,10.224,0.084370255,4.6359057
10225,10.225,0.08480143,4.6320715
10226,10.226,0.09088759,4.6507983
10227,10.227,0.079724394,4.6277733
10228,10.228,0.07766719,4.6794696
10229,10.229,0.075664066,4.6605387
10230,10.23,0.09910444,4.714734
10231,10.231,0.10185459,4.6969104
10232,10.232,0.08682541,4.644724
10233,10.233,0.08452973,4.640558
10234,10.234,0.09219645,4.5877004
10235,10.235,0.08564511,4.552942
10236,10.236,0.07660694,4.547233
10237,10.237,0.07565567,4.525152
10238,10.238,0.08039364,4.562678
10239,10.239,0.08844849,4.512717
10240,10.24,0.09482215,4.5045815
10241,10.241,0.09600763,4.524934
10242,10.242,0.09410199,4.5281363
10243,10.243,0.094125934,4.487725
10244,10.244,0.09260554,4.5468397
10245,10.245,0.08279081,4.520805
10246,10.246,0.09282622,4.4793096
10247,10.247,0.073446885,4.462427
10248,10.248,0.08951118,4.415534
10249,10.249,0.0884511,4.406636
10250,10.25,0.08529278,4.429068
10251,10.251,0.094711155,4.4351354
10252,10.252,0.07748614,4.452534
10253,10.253,0.095537506,4.4533916
10254,10.254,0.077226125,4.4770665
10255,10.255,0.07954658,4.4244423
10256,10.256,0.0699887,4.4509163
10257,10.257,0.08663014,4.4676013
10258,10.258,0.0876318,4.444773
10259,10.259,0.088519685,4.461023
10260,10.26,0.09702268,4.3974977
10261,10.261,0.081715696,4.454234
10262,10.262,0.07696298,4.449266
10263,10.263,0.08481574,4.4618263
10264,10.264,0.08203618,4.3971734
10265,10.265,0.07616732,4.415908
10266,10.266,0.063205324,4.465047
10267,10.267,0.069268174,4.4556994
10268,10.268,0.07306896,4.4311876
10269,10.269,0.056081727,4.453133
10270,10.27,0.053821392,4.415743
10271,10.271,0.06354186,4.4548883
10272,10.272,0.06833062,4.471477
10273,10.273,0.06304876,4.482564
10274,10.274,0.061927717,4.4663734
10275,10.275,0.04810545,4.399422
10276,10.276,0.050356068,4.3825407
10277,10.277,0.05682604,4.41735
10278,10.278,0.06875898,4.421823
10279,10.279,0.06471802,4.418373
10280,10.28,0.05197595,4.42651
10281,10.281,0.050949425,4.4123273
10282,10.282,0.051598717,4.4151316
10283,10.283,0.05755973,4.4505577
10284,10.284,0.054935306,4.4134364
10285,10.285,0.059149433,4.382688
10286,10.286,0.06052778,4.365914
10287,10.287,0.059260726,4.3453603
10288,10.288,0.059272427,4.3480897
10289,10.289,0.04559743,4.3621054
10290,10.29,0.061403774,4.404645
10291,10.291,0.06456244,4.389003
10292,10.292,0.05561082,4.3885727
10293,10.293,0.05713441,4.3234487
10294,10.294,0.050872225,4.3576627
10295,10.295,0.052757386,4.4174156
10296,10.296,0.05126833,4.404217
10297,10.297,0.05216908,4.4489417
10298,10.298,0.056808747,4.3813047
10299,10.299,0.052719027,4.334408
10300,10.3,0.05568872,4.4390683
10301,10.301,0.05986913,4.4461145
10302,10.302,0.05572918,4.406977
10303,10.303,0.06027132,4.401572
10304,10.304,0.07127913,4.392928
10305,10.305,0.07095567,4.408242
10306,10.306,0.075831935,4.392203
10307,10.307,0.06704982,4.379901
10308,10.308,0.06214759,4.409401
10309,10.309,0.058963478,4.451551
10310,10.31,0.056761928,4.3685584
10311,10.311,0.05467693,4.3797326
10312,10.312,0.06140942,4.366457
10313,10.313,0.060255017,4.3790536
10314,10.314,0.06568251,4.3719454
10315,10.315,0.05552449,4.3844886
10316,10.316,0.06205918,4.415911
10317,10.317,0.059554543,4.417876
10318,10.318,0.051574066,4.4105473
10319,10.319,0.058206778,4.355486
10320,10.32,0.060995784,4.3599353
10321,10.321,0.066645175,4.3494153
10322,10.322,0.056705896,4.3581495
10323,10.323,0.055489086,4.319074
10324,10.324,0.05270258,4.3192697
10325,10.325,0.06671279,4.296862
10326,10.326,0.076012366,4.3572497
10327,10.327,0.07739957,4.37288
10328,10.328,0.08297769,4.3650312
10329,10.329,0.096066006,4.36986
10330,10.33,0.07296131,4.4062953
10331,10.331,0.0848246,4.381092
10332,10.332,0.082179084,4.3664794
10333,10.333,0.07343822,4.375655
10334,10.334,0.076679334,4.424517
10335,10.335,0.08312245,4.4428663
10336,10.336,0.09352965,4.4530325
10337,10.337,0.088573866,4.378658
10338,10.338,0.090625845,4.428432
10339,10.339,0.07472091,4.4215975
10340,10.34,0.08150819,4.426762
10341,10.341,0.07885036,4.4037275
10342,10.342,0.07875867,4.3936067
10343,10.343,0.07806727,4.4413557
10344,10.344,0.065433,4.4123397
10345,10.345,0.066127144,4.3984942
10346,10.346,0.0697115,4.4202538
10347,10.347,0.062352788,4.4038463
10348,10.348,0.08665416,4.4109225
10349,10.349,0.07224563,4.42464
10350,10.35,0.07791609,4.4228516
10351,10.351,0.07119069,4.4263277
10352,10.352,0.07490169,4.4070096
10353,10.353,0.06550539,4.4023604
10354,10.354,0.059763808,4.455683
10355,10.355,0.05636033,4.3938637
10356,10.356,0.06526318,4.466095
10357,10.357,0.051664762,4.426565
10358,10.358,0.05272122,4.4877086
10359,10.359,0.05058282,4.4483113
10360,10.36,0.05517362,4.465213
10361,10.361,0.05967767,4.44862
10362,10.362,0.068299316,4.400029
10363,10.363,0.06727529,4.44828
10364,10.364,0.069866374,4.4285226
10365,10.365,0.07214876,4.409479
10366,10.366,0.07374688,4.408578
10367,10.367,0.063763425,4.4315205
10368,10.368,0.07496417,4.41213
10369,10.369,0.071444355,4.3978353
10370,10.37,0.07308241,4.3837376
10371,10.371,0.07781143,4.4486117
10372,10.372,0.06694543,4.3804216
10373,10.373,0.07457844,4.4097633
10374,10.374,0.071405515,4.3769884
10375,10.375,0.06890425,4.4164624
10376,10.376,0.06659919,4.408933
10377,10.377,0.081668995,4.4362206
10378,10.378,0.08318848,4.3987837
10379,10.379,0.06959367,4.3871207
10380,10.38,0.07407532,4.38732
10381,10.381,0.066192664,4.399694
10382,10.382,0.09072528,4.44219
10383,10.383,0.085273124,4.389331
10384,10.384,0.07237991,4.4023023
10385,10.385,0.073405944,4.4133077
10386,10.386,0.07172292,4.427054
10387,10.387,0.061891306,4.4149075
10388,10.388,0.0719699,4.3841505
10389,10.389,0.065563604,4.3959656
10390,10.39,0.07618326,4.41991
10391,10.391,0.06392547,4.4330964
10392,10.392,0.07433936,4.4524584
10393,10.393,0.06169301,4.422938
10394,10.394,0.07954004,4.4333825
10395,10.395,0.06355733,4.4120946
10396,10.396,0.0711249,4.396488
10397,10.397,0.066059805,4.4006248
10398,10.398,0.06384495,4.4024315
10399,10.399,0.06581876,4.390253
10400,10.4,0.07230081,4.3913083
10401,10.401,0.06375617,4.356517
10402,10.402,0.06394445,4.319305
10403,10.403,0.06713166,4.332616
10404,10.404,0.07576178,4.3473964
10405,10.405,0.08590858,4.3712096
10406,10.406,0.0754943,4.411544
10407,10.407,0.066128895,4.4084597
10408,10.408,0.07281143,4.4052176
10409,10.409,0.0629065,4.4317913
10410,10.41,0.068236664,4.4542327
10411,10.411,0.056904305,4.4277196
10412,10.412,0.062088042,4.4581184
10413,10.413,0.071973905,4.3925014
10414,10.414,0.05945547,4.395699
10415,10.415,0.05197595,4.395091
10416,10.416,0.051002715,4.3745522
10417,10.417,0.052272014,4.427371
10418,10.418,0.058485143,4.3811445
10419,10.419,0.047264256,4.381891
10420,10.42,0.05350366,4.401726
10421,10.421,0.061367054,4.387932
10422,10.422,0.058172014,4.428659
10423,10.423,0.06856453,4.4439774
10424,10.424,0.060340326,4.3796105
10425,10.425,0.05991256,4.345457
10426,10.426,0.062914774,4.3834167
10427,10.427,0.063777015,4.4113245
10428,10.428,0.056485303,4.384784
10429,10.429,0.061767913,4.37436
10430,10.43,0.059618562,4.388942
10431,10.431,0.057375677,4.3768616
10432,10.432,0.06666165,4.4259977
10433,10.433,0.05989712,4.441776
10434,10.434,0.04767701,4.385113
10435,10.435,0.05002672,4.4064574
10436,10.436,0.060400642,4.3983927
10437,10.437,0.04863955,4.370654
10438,10.438,0.049321607,4.4113007
10439,10.439,0.064570494,4.3805923
10440,10.44,0.05667021,4.4051113
10441,10.441,0.04407238,4.3963647
10442,10.442,0.053866476,4.3760624
10443,10.443,0.054836318,4.431567
10444,10.444,0.057017952,4.428735
10445,10.445,0.05580173,4.499429
10446,10.446,0.054934252,4.4632993
10447,10.447,0.05807257,4.440705
10448,10.448,0.056744613,4.439898
10449,10.449,0.072730415,4.450201
10450,10.45,0.062955186,4.4631147
10451,10.451,0.070829295,4.464169
10452,10.452,0.067993134,4.4368153
10453,10.453,0.06982251,4.416612
10454,10.454,0.06466263,4.355179
10455,10.455,0.07710628,4.391288
10456,10.456,0.06929237,4.419115
10457,10.457,0.058159098,4.4372406
10458,10.458,0.057262737,4.405759
10459,10.459,0.071296155,4.399357
10460,10.46,0.0640808,4.3866825
10461,10.461,0.058757268,4.397742
10462,10.462,0.066274695,4.357931
10463,10.463,0.06275287,4.3800764
10464,10.464,0.057889152,4.3786726
10465,10.465,0.05745822,4.459083
10466,10.466,0.059764773,4.4224067
10467,10.467,0.06317697,4.512231
10468,10.468,0.059251945,4.5058494
10469,10.469,0.06556184,4.453358
10470,10.47,0.06628777,4.47103
10471,10.471,0.06355914,4.495704
10472,10.472,0.06366636,4.517904
10473,10.473,0.061780076,4.509436
10474,10.474,0.060966402,4.4450617
10475,10.475,0.058897767,4.436501
10476,10.476,0.0716552,4.4364934
10477,10.477,0.079648964,4.4553013
10478,10.478,0.066704124,4.500337
10479,10.479,0.07448306,4.4294214
10480,10.48,0.07621284,4.4971004
10481,10.481,0.06761978,4.456763
10482,10.482,0.06837713,4.4304814
10483,10.483,0.07444813,4.4185452
10484,10.484,0.07415175,4.3991647
10485,10.485,0.070105866,4.4090595
10486,10.486,0.063729875,4.383202
10487,10.487,0.05704126,4.3892183
10488,10.488,0.07408156,4.41879
10489,10.489,0.06779734,4.454877
10490,10.49,0.09376048,4.4282484
10491,10.491,0.07076725,4.4416356
10492,10.492,0.07090596,4.418626
10493,10.493,0.0858581,4.411729
10494,10.494,0.07257768,4.443424
10495,10.495,0.08264477,4.453428
10496,10.496,0.072996154,4.457659
10497,10.497,0.079243734,4.4489822
10498,10.498,0.08360984,4.4485483
10499,10.499,0.08799578,4.4360514
10500,10.5,0.08355729,4.4356956
10501,10.501,0.08390864,4.4728813
10502,10.502,0.08753941,4.495922
10503,10.503,0.09056013,4.4975114
10504,10.504,0.078379825,4.491009
10505,10.505,0.10453352,4.486177
10506,10.506,0.09977345,4.4836974
10507,10.507,0.08248446,4.4780016
10508,10.508,0.086146414,4.4562917
10509,10.509,0.08161873,4.449748
10510,10.51,0.07389877,4.4540358
10511,10.511,0.06727186,4.432073
10512,10.512,0.079172224,4.4158254
10513,10.513,0.082493566,4.3918076
10514,10.514,0.06558387,4.4157267
10515,10.515,0.08635148,4.3718424
10516,10.516,0.08654403,4.3941355
10517,10.517,0.08111438,4.4055266
10518,10.518,0.08566535,4.4577913
10519,10.519,0.074897066,4.4342566
10520,10.52,0.06695838,4.459381
10521,10.521,0.066268586,4.40821
10522,10.522,0.07525735,4.437557
10523,10.523,0.06706275,4.4152446
10524,10.524,0.08583521,4.403255
10525,10.525,0.09211303,4.4151907
10526,10.526,0.07728149,4.4391
10527,10.527,0.09067685,4.4108067
10528,10.528,0.083796285,4.431351
10529,10.529,0.07821594,4.435942
10530,10.53,0.086929195,4.435728
10531,10.531,0.07390894,4.4347043
10532,10.532,0.073253036,4.431608
10533,10.533,0.064659946,4.455845
10534,10.534,0.062223807,4.438677
10535,10.535,0.058439665,4.397887
10536,10.536,0.05872972,4.4463634
10537,10.537,0.06528886,4.434405
10538,10.538,0.07133101,4.4313006
10539,10.539,0.074535035,4.4235554
10540,10.54,0.07359075,4.433188
10541,10.541,0.07773711,4.4505124
10542,10.542,0.059220724,4.426396
10543,10.543,0.06696874,4.449308
10544,10.544,0.06595298,4.5137835
10545,10.545,0.061620828,4.4141064
10546,10.546,0.056730352,4.4246173
10547,10.547,0.06967086,4.409796
10548,10.548,0.067981236,4.404418
10549,10.549,0.075925626,4.4373145
10550,10.55,0.06649149,4.426972
10551,10.551,0.05897818,4.4122906
10552,10.552,0.06527647,4.448602
10553,10.553,0.07299378,4.4409766
10554,10.554,0.07437589,4.3949714
10555,10.555,0.0749688,4.375273
10556,10.556,0.07826101,4.451839
10557,10.557,0.069266506,4.4354315
10558,10.558,0.07261589,4.416843
10559,10.559,0.07623786,4.3924103
10560,10.56,0.058887955,4.435203
10561,10.561,0.060729884,4.4329214
10562,10.562,0.069174655,4.4009175
10563,10.563,0.071878284,4.369378
10564,10.564,0.09062839,4.2871194
10565,10.565,0.07599715,4.3590784
10566,10.566,0.071180135,4.405245
10567,10.567,0.069910206,4.384379
10568,10.568,0.06591616,4.3738832
10569,10.569,0.076721534,4.403144
10570,10.57,0.06463849,4.3930473
10571,10.571,0.06729505,4.3935866
10572,10.572,0.06796338,4.4257846
10573,10.573,0.06042743,4.3722796
10574,10.574,0.060278993,4.3496275
10575,10.575,0.06600729,4.39405
10576,10.576,0.06392909,4.379093
10577,10.577,0.07276458,4.391962
10578,10.578,0.07778171,4.4133105
10579,10.579,0.06887237,4.4058657
10580,10.58,0.06703172,4.426924
10581,10.581,0.06392095,4.435131
10582,10.582,0.073556185,4.435186
10583,10.583,0.06352822,4.4624414
10584,10.584,0.073520035,4.464904
10585,10.585,0.069178835,4.4909153
10586,10.586,0.06646628,4.4858713
10587,10.587,0.067606956,4.455434
10588,10.588,0.06644802,4.497039
10589,10.589,0.07561287,4.4652915
10590,10.59,0.07424211,4.4520473
10591,10.591,0.06629213,4.48112
10592,10.592,0.06302217,4.535103
10593,10.593,0.066673785,4.4768624
10594,10.594,0.059860438,4.492512
10595,10.595,0.0593046,4.4881725
10596,10.596,0.059289,4.507595
10597,10.597,0.055835903,4.4870086
10598,10.598,0.0712994,4.4927697
10599,10.599,0.06451676,4.532438
10600,10.6,0.067810975,4.518063
10601,10.601,0.060553554,4.5000725
10602,10.602,0.06052778,4.5097804
10603,10.603,0.06374347,4.470748
10604,10.604,0.06748374,4.4817414
10605,10.605,0.07277808,4.473651
10606,10.606,0.059763808,4.486338
10607,10.607,0.070072055,4.5065837
10608,10.608,0.06898808,4.5774465
10609,10.609,0.07064218,4.520648
10610,10.61,0.08320446,4.565218
10611,10.611,0.09060862,4.5463014
10612,10.612,0.07670646,4.5486374
10613,10.613,0.07169148,4.5796747
10614,10.614,0.083479784,4.551928
10615,10.615,0.075483575,4.4997582
10616,10.616,0.08097246,4.5479245
10617,10.617,0.0820242,4.4570155
10618,10.618,0.07650577,4.5082054
10619,10.619,0.07626969,4.615843
10620,10.62,0.09425848,4.5719724
10621,10.621,0.08929072,4.549024
10622,10.622,0.071909636,4.587125
10623,10.623,0.083186395,4.5799727
10624,10.624,0.077214904,4.5532374
10625,10.625,0.081285216,4.54142
10626,10.626,0.090595864,4.5348105
10627,10.627,0.09173137,4.5570464
10628,10.628,0.085366614,4.5609703
10629,10.629,0.10747782,4.568679
10630,10.63,0.10138593,4.5444713
10631,10.631,0.09909744,4.562573
10632,10.632,0.097181015,4.553384
10633,10.633,0.082873836,4.561189
10634,10.634,0.09126582,4.5643044
10635,10.635,0.086882636,4.571295
10636,10.636,0.0884511,4.55718
10637,10.637,0.088282354,4.5787745
10638,10.638,0.09904902,4.5620446
10639,10.639,0.07424445,4.543023
10640,10.64,0.0859449,4.4948134
10641,10.641,0.08244661,4.407655
10642,10.642,0.079105765,4.413289
10643,10.643,0.08800629,4.394048
10644,10.644,0.07924082,4.422872
10645,10.645,0.08083816,4.346139
10646,10.646,0.07991845,4.3636785
10647,10.647,0.06471891,4.3246775
10648,10.648,0.079106495,4.344696
10649,10.649,0.08656273,4.381228
10650,10.65,0.083205156,4.4343867
10651,10.651,0.072268024,4.37815
10652,10.652,0.07591802,4.3344264
10653,10.653,0.084273614,4.30205
10654,10.654,0.0892713,4.3719177
10655,10.655,0.08998453,4.3961387
10656,10.656,0.085886374,4.3797336
10657,10.657,0.091954775,4.3606067
10658,10.658,0.08115286,4.3602157
10659,10.659,0.0796642,4.3803205
10660,10.66,0.07867644,4.334795
10661,10.661,0.07360567,4.338488
10662,10.662,0.07311325,4.3526754
10663,10.663,0.08038286,4.3184066
10664,10.664,0.07952841,4.298947
10665,10.665,0.075036615,4.3333406
10666,10.666,0.070314966,4.3276453
10667,10.667,0.06946565,4.312793
10668,10.668,0.07418682,4.3708673
10669,10.669,0.07634771,4.370278
10670,10.67,0.0818888,4.4006457
10671,10.671,0.08542415,4.301861
10672,10.672,0.08757572,4.298112
10673,10.673,0.082257815,4.288005
10674,10.674,0.08519854,4.2738085
10675,10.675,0.07758082,4.3100066
10676,10.676,0.07930644,4.35147
10677,10.677,0.080738,4.330016
10678,10.678,0.09282186,4.3899574
10679,10.679,0.09035374,4.4020877
10680,10.68,0.087668724,4.396018
10681,10.681,0.08464589,4.343753
10682,10.682,0.08611957,4.384473
10683,10.683,0.07336578,4.337449
10684,10.684,0.080783084,4.3182454
10685,10.685,0.0856667,4.399742
10686,10.686,0.081259616,4.414937
10687,10.687,0.07734354,4.45407
10688,10.688,0.082704894,4.463427
10689,10.689,0.08856342,4.4462237
10690,10.69,0.07334372,4.49055
10691,10.691,0.07111108,4.5128126
10692,10.692,0.08391759,4.4766545
10693,10.693,0.077621035,4.3916373
10694,10.694,0.07895291,4.3252325
10695,10.695,0.06938406,4.3402867
10696,10.696,0.06857043,4.3298483
10697,10.697,0.07222562,4.355026
10698,10.698,0.06563233,4.325406
10699,10.699,0.07118907,4.3610334
10700,10.7,0.057723172,4.3771167
10701,10.701,0.055430725,4.3424315
10702,10.702,0.061269023,4.2681847
10703,10.703,0.062218234,4.319567
10704,10.704,0.05628028,4.2987638
10705,10.705,0.06781353,4.2952256
10706,10.706,0.064034775,4.244529
10707,10.707,0.063634574,4.2285895
10708,10.708,0.063971564,4.159143
10709,10.709,0.052714642,4.161131
10710,10.71,0.048062176,4.1453304
10711,10.711,0.048863623,4.1672564
10712,10.712,0.059533186,4.1618147
10713,10.713,0.05549742,4.157503
10714,10.714,0.06367271,4.2500725
10715,10.715,0.04939421,4.2553706
10716,10.716,0.055766504,4.251106
10717,10.717,0.060442735,4.2791142
10718,10.718,0.054069962,4.379168
10719,10.719,0.05062394,4.305111
10720,10.72,0.054149006,4.3122883
10721,10.721,0.063426234,4.2965198
10722,10.722,0.046371687,4.29694
10723,10.723,0.049829923,4.3408
10724,10.724,0.047592074,4.375804
10725,10.725,0.04952159,4.333035
10726,10.726,0.05680773,4.359487
10727,10.727,0.0505062,4.354638
10728,10.728,0.055995088,4.3309855
10729,10.729,0.07155268,4.2623215
10730,10.73,0.06571769,4.2304983
10731,10.731,0.07176562,4.2710485
10732,10.732,0.08017262,4.110236
10733,10.733,0.0753579,4.1349206
10734,10.734,0.07607241,4.124411
10735,10.735,0.077961326,4.1220126
10736,10.736,0.07752418,4.158654
10737,10.737,0.07087416,4.075893
10738,10.738,0.0724653,4.0771728
10739,10.739,0.078790955,4.0216913
10740,10.74,0.08403666,4.037624
10741,10.741,0.083803184,3.9759052
10742,10.742,0.08910216,4.035928
10743,10.743,0.07733009,4.012047
10744,10.744,0.07502121,4.044009
10745,10.745,0.07986926,4.096448
10746,10.746,0.078906775,4.08341
10747,10.747,0.074834526,4.1071763
10748,10.748,0.072319195,4.085539
10749,10.749,0.07722688,4.0685062
10750,10.75,0.07234397,4.095512
10751,10.751,0.07618098,4.1007733
10752,10.752,0.07570302,4.1134315
10753,10.753,0.07183485,4.1981025
10754,10.754,0.07147024,4.2122707
10755,10.755,0.08270349,4.218175
10756,10.756,0.07703279,4.136846
10757,10.757,0.079225495,4.108494
10758,10.758,0.07772224,4.1562505
10759,10.759,0.07045621,4.088732
10760,10.76,0.077017784,4.126018
10761,10.761,0.087282196,4.146996
10762,10.762,0.08914496,4.0984855
10763,10.763,0.0869817,4.1200647
10764,10.764,0.06986555,4.051789
10765,10.765,0.08262728,4.103548
10766,10.766,0.07261907,4.1595955
10767,10.767,0.072474875,4.0903697
10768,10.768,0.06421144,4.1287847
10769,10.769,0.07992134,4.177333
10770,10.77,0.08347216,4.199233
10771,10.771,0.078845955,4.1586165
10772,10.772,0.07512745,4.1474824
10773,10.773,0.0775838,4.171197
10774,10.774,0.093516044,4.1886034
10775,10.775,0.07434947,4.1694574
10776,10.776,0.07345711,4.106485
10777,10.777,0.082949825,4.1164775
10778,10.778,0.07834811,4.182886
10779,10.779,0.07489861,4.1525035
10780,10.78,0.07214155,4.1547594
10781,10.781,0.08147485,4.1236606
10782,10.782,0.06643758,4.1550884
10783,10.783,0.06406275,4.1105537
10784,10.784,0.065310106,4.1494493
10785,10.785,0.06216061,4.105546
10786,10.786,0.06820278,4.1580796
10787,10.787,0.058303017,4.1318245
10788,10.788,0.063247375,4.180884
10789,10.789,0.05796199,4.188336
10790,10.79,0.060497217,4.102164
10791,10.791,0.056608982,4.170349
10792,10.792,0.05641568,4.0857263
10793,10.793,0.07935161,4.1362576
10794,10.794,0.069137044,4.062004
10795,10.795,0.07656392,4.073265
10796,10.796,0.060918033,4.1082025
10797,10.797,0.052823078,4.1286664
10798,10.798,0.066325255,4.1666126
10799,10.799,0.059970412,4.1476965
10800,10.8,0.05535038,4.1347756
10801,10.801,0.056893133,4.1462116
10802,10.802,0.060868677,4.151806
10803,10.803,0.059508912,4.1813655
10804,10.804,0.056720164,4.14264
10805,10.805,0.05040998,4.187571
10806,10.806,0.064570494,4.165172
10807,10.807,0.054091338,4.094996
10808,10.808,0.06853755,4.152634
10809,10.809,0.07142251,4.099582
10810,10.81,0.0862041,4.163706
10811,10.811,0.073991,4.0850706
10812,10.812,0.078305304,4.1207957
10813,10.813,0.07686453,4.1479197
10814,10.814,0.08156064,4.143983
10815,10.815,0.07636663,4.1081796
10816,10.816,0.075862415,4.123457
10817,10.817,0.061514746,4.135422
10818,10.818,0.07295418,4.199082
10819,10.819,0.069128685,4.1081533
10820,10.82,0.067085154,4.1921105
10821,10.821,0.07222082,4.158765
10822,10.822,0.07662731,4.1221104
10823,10.823,0.07253147,4.1285014
10824,10.824,0.08124752,4.136941
10825,10.825,0.08968664,4.1476936
10826,10.826,0.08825289,4.1481442
10827,10.827,0.079462975,4.122591
10828,10.828,0.0703848,4.068842
10829,10.829,0.07752343,4.092656
10830,10.83,0.07309902,4.1369553
10831,10.831,0.072602354,4.1024384
10832,10.832,0.08132929,4.0790625
10833,10.833,0.08665882,4.0294676
10834,10.834,0.0734697,4.056658
10835,10.835,0.074632674,4.080112
10836,10.836,0.074428715,4.096268
10837,10.837,0.073494084,4.0593753
10838,10.838,0.06692126,4.102017
10839,10.839,0.060683228,4.127243
10840,10.84,0.06890593,4.0817823
10841,10.841,0.06664084,4.1140494
10842,10.842,0.06781524,4.096591
10843,10.843,0.0702903,4.188105
10844,10.844,0.06585036,4.1855927
10845,10.845,0.077130266,4.1922107
10846,10.846,0.081347056,4.185651
10847,10.847,0.06572385,4.1903086
10848,10.848,0.06615248,4.1909447
10849,10.849,0.05903989,4.2597656
10850,10.85,0.06375708,4.191043
10851,10.851,0.06819684,4.191257
10852,10.852,0.07478972,4.19314
10853,10.853,0.06855609,4.1612167
10854,10.854,0.07471163,4.1704354
10855,10.855,0.092791975,4.17781
10856,10.856,0.089572504,4.167463
10857,10.857,0.08196217,4.1428924
10858,10.858,0.08068572,4.12202
10859,10.859,0.083375864,4.066653
10860,10.86,0.09083033,4.1173525
10861,10.861,0.08706273,4.077574
10862,10.862,0.08585541,4.100016
10863,10.863,0.0797831,4.1383247
10864,10.864,0.07173017,4.153555
10865,10.865,0.07186943,4.1675653
10866,10.866,0.060763184,4.127976
10867,10.867,0.06088577,4.101718
10868,10.868,0.06215224,4.1648707
10869,10.869,0.0653623,4.1930556
10870,10.87,0.06741347,4.1838317
10871,10.871,0.0657001,4.2237444
10872,10.872,0.050401956,4.21291
10873,10.873,0.06273906,4.1577134
10874,10.874,0.05302185,4.1231294
10875,10.875,0.055708434,4.142044
10876,10.876,0.05103104,4.0929933
10877,10.877,0.04366923,4.190485
10878,10.878,0.052443124,4.164694
10879,10.879,0.04572022,4.146001
10880,10.88,0.0406106,4.15486
10881,10.881,0.05596308,4.135306
10882,10.882,0.05929485,4.126502
10883,10.883,0.06668506,4.0894723
10884,10.884,0.064869665,4.0843143
10885,10.885,0.064973824,4.1228094
10886,10.886,0.0556129,4.1325555
10887,10.887,0.057702143,4.1420884
10888,10.888,0.07050951,4.1503415
10889,10.889,0.065409146,4.164679
10890,10.89,0.06913203,4.1972575
10891,10.891,0.06836783,4.0524764
10892,10.892,0.06803308,4.04069
10893,10.893,0.07258086,4.093999
10894,10.894,0.06784932,4.0763965
10895,10.895,0.062616415,4.141926
10896,10.896,0.065314524,4.1750836
10897,10.897,0.059583653,4.1104293
10898,10.898,0.062049862,4.106051
10899,10.899,0.06857127,4.190833
10900,10.9,0.065820515,4.1364536
10901,10.901,0.0648037,4.1528893
10902,10.902,0.059433106,4.2005224
10903,10.903,0.06700584,4.1880403
10904,10.904,0.06600203,4.1413765
10905,10.905,0.07316935,4.125154
10906,10.906,0.067518845,4.131512
10907,10.907,0.07390816,4.1060038
10908,10.908,0.07338626,4.04747
10909,10.909,0.07046851,4.040287
10910,10.91,0.06563409,4.072518
10911,10.911,0.068276465,4.043506
10912,10.912,0.066671185,4.0341806
10913,10.913,0.07274869,4.0175953
10914,10.914,0.064601816,4.029201
10915,10.915,0.07808652,4.0412455
10916,10.916,0.06622496,3.978883
10917,10.917,0.07317409,3.9763706
10918,10.918,0.0641412,3.9841545
10919,10.919,0.060738448,3.9588308
10920,10.92,0.07462261,4.0474744
10921,10.921,0.07133101,4.0479956
10922,10.922,0.08042958,4.0651116
10923,10.923,0.07629015,4.0688043
10924,10.924,0.07470311,4.0515733
10925,10.925,0.08377973,3.9993906
10926,10.926,0.07607697,4.0663056
10927,10.927,0.07080236,4.0868177
10928,10.928,0.08191914,4.076835
10929,10.929,0.07588755,4.1047964
10930,10.93,0.075686984,4.066621
10931,10.931,0.07556929,4.089293
10932,10.932,0.07191446,4.0099716
10933,10.933,0.075873084,4.0033913
10934,10.934,0.07737791,4.1015716
10935,10.935,0.09008083,4.011811
10936,10.936,0.08340151,4.1068296
10937,10.937,0.0833405,4.157176
10938,10.938,0.084292814,4.1924834
10939,10.939,0.079172224,4.2326565
10940,10.94,0.072206415,4.1700997
10941,10.941,0.08204323,4.1875243
10942,10.942,0.0782455,4.1916347
10943,10.943,0.07713851,4.1624513
10944,10.944,0.07427713,4.1686954
10945,10.945,0.07097196,4.194566
10946,10.946,0.06552568,4.1848435
10947,10.947,0.07395819,4.282441
10948,10.948,0.07981931,4.226382
10949,10.949,0.07866762,4.2002406
10950,10.95,0.07947316,4.227662
10951,10.951,0.08042958,4.1696086
10952,10.952,0.076873556,4.227714
10953,10.953,0.077655286,4.2870326
10954,10.954,0.060666084,4.1866493
10955,10.955,0.06336789,4.2319
10956,10.956,0.07033223,4.2269063
10957,10.957,0.05952445,4.2504764
10958,10.958,0.06988126,4.235296
10959,10.959,0.063922755,4.218846
10960,10.96,0.06804497,4.2050066
10961,10.961,0.066142,4.2369347
10962,10.962,0.08116069,4.2379637
10963,10.963,0.07163099,4.1881585
10964,10.964,0.074087024,4.159591
10965,10.965,0.06989449,4.216336
10966,10.966,0.0861766,4.236027
10967,10.967,0.07855587,4.284969
10968,10.968,0.0799575,4.310976
10969,10.969,0.08672816,4.338327
10970,10.97,0.07827578,4.2716627
10971,10.971,0.07638101,4.27196
10972,10.972,0.08316208,4.267028
10973,10.973,0.08098959,4.2731433
10974,10.974,0.0753694,4.2622476
10975,10.975,0.07558076,4.273029
10976,10.976,0.078695536,4.292527
10977,10.977,0.08389279,4.2726016
10978,10.978,0.0874694,4.2237477
10979,10.979,0.08447706,4.2653866
10980,10.98,0.07529191,4.218203
10981,10.981,0.08681741,4.2475457
10982,10.982,0.078405626,4.206229
10983,10.983,0.088432804,4.2049136
10984,10.984,0.07723511,4.278422
10985,10.985,0.08046838,4.2404194
10986,10.986,0.076428674,4.2450814
10987,10.987,0.07715949,4.252494
10988,10.988,0.091843456,4.1894493
10989,10.989,0.0721143,4.213342
10990,10.99,0.08511641,4.222302
10991,10.991,0.069756255,4.1738024
10992,10.992,0.07149692,4.2614303
10993,10.993,0.06370538,4.1588902
10994,10.994,0.07568851,4.165042
10995,10.995,0.078116864,4.224871
10996,10.996,0.06203123,4.2317543
10997,10.997,0.06611403,4.2384267
10998,10.998,0.056409534,4.204241
10999,10.999,0.06264871,4.203554
11000,11.0,0.06384857,4.1148605
11001,11.001,0.05934162,4.1527195
11002,11.002,0.06957373,4.1769
11003,11.003,0.06995566,4.1119137
11004,11.004,0.060390115,4.1105604
11005,11.005,0.056726277,4.1482224
11006,11.006,0.05864995,4.1180906
11007,11.007,0.06157391,4.0819993
11008,11.008,0.06586178,4.0522747
11009,11.009,0.054775152,4.053713
11010,11.01,0.064573176,4.029535
11011,11.011,0.07503738,4.030088
11012,11.012,0.084233135,4.065492
11013,11.013,0.06860077,4.080924
11014,11.014,0.074462876,4.0058846
11015,11.015,0.06512665,3.980225
11016,11.016,0.068760656,3.975531
11017,11.017,0.06591353,4.013431
11018,11.018,0.06830186,4.0271816
11019,11.019,0.06716437,4.0035467
11020,11.02,0.067674465,4.0848255
11021,11.021,0.066730976,3.9956298
11022,11.022,0.059361096,3.9913094
11023,11.023,0.06596349,4.105072
11024,11.024,0.08786037,4.0002303
11025,11.025,0.08084745,3.9866588
11026,11.026,0.076714,4.005774
11027,11.027,0.05814319,4.060869
11028,11.028,0.057861187,4.046283
11029,11.029,0.059202176,4.052752
11030,11.03,0.056201153,3.9954698
11031,11.031,0.05821472,4.047621
11032,11.032,0.060350865,4.0783167
11033,11.033,0.060189754,4.0915203
11034,11.034,0.06472159,4.0788827
11035,11.035,0.05274862,4.0354266
11036,11.036,0.056180578,4.0599556
11037,11.037,0.058917392,4.016374
11038,11.038,0.060724173,3.947589
11039,11.039,0.062243313,4.013291
11040,11.04,0.055084504,4.0201497
11041,11.041,0.056661032,4.0513945
11042,11.042,0.06676734,4.11297
11043,11.043,0.07956184,4.073604
11044,11.044,0.06413399,4.074495
11045,11.045,0.086978376,4.078877
11046,11.046,0.07615973,4.0098734
11047,11.047,0.068299316,3.9792538
11048,11.048,0.06060794,3.957731
11049,11.049,0.060311586,4.040644
11050,11.05,0.064755514,4.0393305
11051,11.051,0.060782205,4.017441
11052,11.052,0.054320585,3.9550407
11053,11.053,0.071705185,3.9696786
11054,11.054,0.055614978,4.0427666
11055,11.055,0.06726069,4.0451894
11056,11.056,0.072395876,4.0027065
11057,11.057,0.06837882,4.095338
11058,11.058,0.06303042,4.053509
11059,11.059,0.06621885,4.0946865
11060,11.06,0.075943135,4.104256
11061,11.061,0.059124023,4.0954776
11062,11.062,0.06733283,4.0386186
11063,11.063,0.077647835,4.1504216
11064,11.064,0.07498884,4.220626
11065,11.065,0.067249514,4.175075
11066,11.066,0.057598878,4.193252
11067,11.067,0.06925649,4.221749
11068,11.068,0.07014049,4.2524943
11069,11.069,0.07797838,4.2883286
11070,11.07,0.07640598,4.276675
11071,11.071,0.07788271,4.3107467
11072,11.072,0.08163431,4.329569
11073,11.073,0.06875645,4.313913
11074,11.074,0.06904252,4.411663
11075,11.075,0.058575004,4.4826207
11076,11.076,0.062916614,4.4792843
11077,11.077,0.07647177,4.424419
11078,11.078,0.07688032,4.4339547
11079,11.079,0.07074928,4.470755
11080,11.08,0.071476705,4.4314876
11081,11.081,0.07968596,4.448389
11082,11.082,0.08580288,4.4075465
11083,11.083,0.073042065,4.4031253
11084,11.084,0.06391643,4.395142
11085,11.085,0.07165681,4.3613844
11086,11.086,0.06483669,4.3445926
11087,11.087,0.05713441,4.28051
11088,11.088,0.05656506,4.293787
11089,11.089,0.057497438,4.3201447
11090,11.09,0.05865192,4.3401413
11091,11.091,0.055824514,4.392717
11092,11.092,0.06883543,4.338184
11093,11.093,0.06976371,4.417247
11094,11.094,0.0757717,4.3772326
11095,11.095,0.059480738,4.370262
11096,11.096,0.07293754,4.4105153
11097,11.097,0.059317265,4.3766527
11098,11.098,0.064208746,4.3208327
11099,11.099,0.063788794,4.3988495
11100,11.1,0.048525337,4.427148
11101,11.101,0.053016398,4.4002385
11102,11.102,0.04911728,4.3901324
11103,11.103,0.04767095,4.3494864
11104,11.104,0.051811107,4.2740297
11105,11.105,0.052037075,4.3117456
11106,11.106,0.056796536,4.3035345
11107,11.107,0.05575096,4.2539363
11108,11.108,0.056727298,4.3140173
11109,11.109,0.052670766,4.3652663
11110,11.11,0.05570532,4.3606586
11111,11.111,0.05738172,4.424237
11112,11.112,0.061720174,4.388296
11113,11.113,0.05261477,4.3793573
11114,11.114,0.058866356,4.34003
11115,11.115,0.05943019,4.3702106
11116,11.116,0.060735594,4.327191
11117,11.117,0.058068592,4.3183937
11118,11.118,0.05606111,4.416244
11119,11.119,0.05469384,4.357741
11120,11.12,0.052732185,4.3508196
11121,11.121,0.0569571,4.328612
11122,11.122,0.057162724,4.3529563
11123,11.123,0.062368542,4.4235415
11124,11.124,0.05714857,4.31276
11125,11.125,0.056249466,4.36384
11126,11.126,0.056743596,4.310969
11127,11.127,0.05510968,4.2967205
11128,11.128,0.053292587,4.3238077
11129,11.129,0.053641755,4.325015
11130,11.13,0.052831832,4.332933
11131,11.131,0.056845363,4.2744164
11132,11.132,0.052873388,4.271285
11133,11.133,0.06254715,4.295194
11134,11.134,0.05943116,4.3320303
11135,11.135,0.063689955,4.32801
11136,11.136,0.05696217,4.271459
11137,11.137,0.051625594,4.296076
11138,11.138,0.06080027,4.2968936
11139,11.139,0.051302142,4.2658224
11140,11.14,0.061899714,4.36682
11141,11.141,0.06371899,4.3132215
11142,11.142,0.068438806,4.3183236
11143,11.143,0.058786772,4.3238516
11144,11.144,0.05190473,4.2896843
11145,11.145,0.055748884,4.3650684
11146,11.146,0.06410695,4.354171
11147,11.147,0.05596928,4.3562503
11148,11.148,0.06250462,4.3549547
11149,11.149,0.062387075,4.2902102
11150,11.15,0.0544842,4.343356
11151,11.151,0.07025658,4.3376837
11152,11.152,0.06267915,4.318588
11153,11.153,0.076819405,4.278779
11154,11.154,0.06958785,4.3393645
11155,11.155,0.07027632,4.340707
11156,11.156,0.068619296,4.3015113
11157,11.157,0.06627905,4.328365
11158,11.158,0.064233944,4.323665
11159,11.159,0.06154575,4.3094172
11160,11.16,0.063992344,4.340866
11161,11.161,0.061212398,4.306207
11162,11.162,0.0639318,4.3192496
11163,11.163,0.07032072,4.2855997
11164,11.164,0.055911418,4.3011026
11165,11.165,0.059243165,4.253831
11166,11.166,0.062775895,4.327062
11167,11.167,0.06569658,4.3298664
11168,11.168,0.0713148,4.358647
11169,11.169,0.062288795,4.3371215
11170,11.17,0.059628256,4.2821236
11171,11.171,0.053106803,4.274625
11172,11.172,0.047718212,4.326137
11173,11.173,0.050938077,4.3169346
11174,11.174,0.0707215,4.257906
11175,11.175,0.058677536,4.1931067
11176,11.176,0.06187543,4.239605
11177,11.177,0.053662222,4.2382293
11178,11.178,0.07127508,4.177016
11179,11.179,0.081470594,4.2425585
11180,11.18,0.0751136,4.2577815
11181,11.181,0.051302142,4.259345
11182,11.182,0.06064226,4.259365
11183,11.183,0.05733738,4.2679105
11184,11.184,0.05115547,4.2588596
11185,11.185,0.06685472,4.3258653
11186,11.186,0.065585636,4.301608
11187,11.187,0.072656475,4.29424
11188,11.188,0.06969989,4.283924
11189,11.189,0.07158822,4.307866
11190,11.19,0.07129534,4.3331776
11191,11.191,0.05805565,4.3242083
11192,11.192,0.056451526,4.3549843
11193,11.193,0.054736093,4.335514
11194,11.194,0.052869014,4.3406997
11195,11.195,0.06158799,4.317703
11196,11.196,0.0564249,4.335194
11197,11.197,0.059661202,4.339448
11198,11.198,0.05621863,4.2786617
11199,11.199,0.061744515,4.3090463
11200,11.2,0.057712156,4.297016
11201,11.201,0.0648563,4.299197
11202,11.202,0.057364594,4.3546543
11203,11.203,0.060955025,4.3224344
11204,11.204,0.060843036,4.2986455
11205,11.205,0.061107498,4.282213
11206,11.206,0.05657732,4.206103
11207,11.207,0.064726055,4.2264495
11208,11.208,0.06005324,4.254284
11209,11.209,0.062116895,4.2184453
11210,11.21,0.057353508,4.271639
11211,11.211,0.050784662,4.206966
11212,11.212,0.058465373,4.2554507
11213,11.213,0.062116895,4.25108
11214,11.214,0.053040378,4.19076
11215,11.215,0.064441465,4.1828113
11216,11.216,0.06804497,4.1716037
11217,11.217,0.055918653,4.156263
11218,11.218,0.053744018,4.2052937
11219,11.219,0.0618446,4.189378
11220,11.22,0.06047428,4.191364
11221,11.221,0.06064798,4.193759
11222,11.222,0.06271879,4.164348
11223,11.223,0.07868085,4.204125
11224,11.224,0.064755514,4.192847
11225,11.225,0.06424924,4.1874523
11226,11.226,0.06048575,4.1513515
11227,11.227,0.071697935,4.2037945
11228,11.228,0.066930756,4.1869226
11229,11.229,0.072608724,4.147268
11230,11.23,0.06661394,4.172079
11231,11.231,0.07410886,4.1885867
11232,11.232,0.06826207,4.185446
11233,11.233,0.06634617,4.1579294
11234,11.234,0.05652315,4.1209726
11235,11.235,0.063602775,4.1083326
11236,11.236,0.05898308,4.119214
11237,11.237,0.060692754,4.1624813
11238,11.238,0.059338696,4.152028
11239,11.239,0.060964506,4.116068
11240,11.24,0.054230068,4.104434
11241,11.241,0.0517687,4.1111827
11242,11.242,0.052767247,4.103806
11243,11.243,0.058534537,4.1148863
11244,11.244,0.0618474,4.0799417
11245,11.245,0.065478034,4.107848
11246,11.246,0.067982934,4.1188374
11247,11.247,0.07555246,4.1078253
11248,11.248,0.061473392,4.128562
11249,11.249,0.065259635,4.1188364
11250,11.25,0.06213922,4.1479363
11251,11.251,0.065071605,4.0986843
11252,11.252,0.064170025,4.095343
11253,11.253,0.060425516,4.107999
11254,11.254,0.06462596,4.170517
11255,11.255,0.07039301,4.1765976
11256,11.256,0.0768021,4.1284785
11257,11.257,0.0855803,4.127968
11258,11.258,0.09664725,4.157333
11259,11.259,0.08052151,4.1654778
11260,11.26,0.07784707,4.150396
11261,11.261,0.07899902,4.164856
11262,11.262,0.072450146,4.1939006
11263,11.263,0.06891012,4.1773686
11264,11.264,0.059183624,4.1216083
11265,11.265,0.05769212,4.132365
11266,11.266,0.065640256,4.183461
11267,11.267,0.067239195,4.1699324
11268,11.268,0.06924898,4.172181
11269,11.269,0.0726525,4.163138
11270,11.27,0.056767017,4.1748514
11271,11.271,0.060076334,4.1843743
11272,11.272,0.068345,4.1984897
11273,11.273,0.05866867,4.183462
11274,11.274,0.04698215,4.164264
11275,11.275,0.062181063,4.1731796
11276,11.276,0.057549685,4.1950254
11277,11.277,0.070121534,4.2363195
11278,11.278,0.07011576,4.2099376
11279,11.279,0.07023601,4.1592875
11280,11.28,0.065329574,4.179015
11281,11.281,0.063904665,4.2404437
11282,11.282,0.072709754,4.1908574
11283,11.283,0.07016685,4.1747236
11284,11.284,0.0681324,4.1798882
11285,11.285,0.07353182,4.155435
11286,11.286,0.07474643,4.1117024
11287,11.287,0.080459036,4.123415
11288,11.288,0.076845735,4.1194386
11289,11.289,0.07470311,4.1611376
11290,11.29,0.07147833,4.1977572
11291,11.291,0.08407723,4.199445
11292,11.292,0.074263126,4.136114
11293,11.293,0.06902242,4.172826
11294,11.294,0.06285043,4.130684
11295,11.295,0.061363287,4.1178365
11296,11.296,0.07128805,4.0955715
11297,11.297,0.060809776,4.1464233
11298,11.298,0.06756933,4.133032
11299,11.299,0.068455696,4.1256957
11300,11.3,0.05081652,4.09655
11301,11.301,0.059585594,4.095142
11302,11.302,0.060268443,4.126612
11303,11.303,0.06150911,4.0956025
11304,11.304,0.0646367,4.1375523
11305,11.305,0.056172345,4.137682
11306,11.306,0.057087854,4.1262374
11307,11.307,0.057788223,4.083537
11308,11.308,0.06399144,4.0772343
11309,11.309,0.08079882,4.093581
11310,11.31,0.067652255,4.1084146
11311,11.311,0.06591002,4.07219
11312,11.312,0.07173259,4.1075215
11313,11.313,0.06811289,4.057603
11314,11.314,0.074087024,4.096987
11315,11.315,0.095510274,4.1089835
11316,11.316,0.07911307,4.066574
11317,11.317,0.08662547,4.0828266
11318,11.318,0.09284615,4.080438
11319,11.319,0.08534698,4.045982
11320,11.32,0.09909686,4.0580163
11321,11.321,0.09625354,4.111702
11322,11.322,0.099473506,4.064421
11323,11.323,0.10047023,4.0927477
11324,11.324,0.09947176,4.063138
11325,11.325,0.09799067,4.069257
11326,11.326,0.09112766,4.07813
11327,11.327,0.09156298,4.0609646
11328,11.328,0.096908234,4.0836453
11329,11.329,0.10385789,4.0992804
11330,11.33,0.106963016,4.1188483
11331,11.331,0.10070467,4.0966635
11332,11.332,0.09289842,4.0536866
11333,11.333,0.09443736,4.080404
11334,11.334,0.08197063,4.081317
11335,11.335,0.076865286,4.0874357
11336,11.336,0.08296446,4.13708
11337,11.337,0.08996911,4.0894403
11338,11.338,0.09381964,4.0728126
11339,11.339,0.09772074,4.0866337
11340,11.34,0.09311965,4.098749
11341,11.341,0.09686767,4.075432
11342,11.342,0.07128237,4.170336
11343,11.343,0.07403864,4.0815516
11344,11.344,0.08354553,4.08951
11345,11.345,0.092720315,4.064946
11346,11.346,0.07713701,4.033961
11347,11.347,0.07965767,4.0930796
11348,11.348,0.07643019,4.0963
11349,11.349,0.07459704,4.1323266
11350,11.35,0.075043544,4.097594
11351,11.351,0.07257369,4.075177
11352,11.352,0.06976371,4.114232
11353,11.353,0.06986058,4.100033
11354,11.354,0.068610035,4.0694513
11355,11.355,0.08263008,4.054002
11356,11.356,0.07998207,4.084718
11357,11.357,0.085037604,4.1125593
11358,11.358,0.08272935,4.0931606
11359,11.359,0.08037854,4.1258163
11360,11.36,0.086473875,4.128689
11361,11.361,0.073230155,4.1205287
11362,11.362,0.08396992,4.125292
11363,11.363,0.076795325,4.114527
11364,11.364,0.09554295,4.137243
11365,11.365,0.07319462,4.1223154
11366,11.366,0.085613385,4.154621
11367,11.367,0.08801614,4.1482925
11368,11.368,0.08568492,4.1588116
11369,11.369,0.09246751,4.114599
11370,11.37,0.09679127,4.084679
11371,11.371,0.10193174,4.103914
11372,11.372,0.10708453,4.092521
11373,11.373,0.11076965,4.054178
11374,11.374,0.10487743,4.064001
11375,11.375,0.09863266,4.107971
11376,11.376,0.09325982,4.0969267
11377,11.377,0.0994084,4.137938
11378,11.378,0.08674682,4.056735
11379,11.379,0.090636045,4.092625
11380,11.38,0.081276685,4.080527
11381,11.381,0.084104724,4.0630302
11382,11.382,0.08636887,4.064513
11383,11.383,0.09816157,4.060532
11384,11.384,0.10641422,4.0508757
11385,11.385,0.09589077,4.069232
11386,11.386,0.09171435,4.0835013
11387,11.387,0.1037482,4.0929875
11388,11.388,0.09615681,4.0523605
11389,11.389,0.101615414,4.0676894
11390,11.39,0.10372424,4.0503893
11391,11.391,0.104837194,4.058433
11392,11.392,0.128738,4.056455
11393,11.393,0.10693654,4.0614643
11394,11.394,0.11866571,4.0483875
11395,11.395,0.109134294,4.0683413
11396,11.396,0.12027479,4.108668
11397,11.397,0.12282779,4.0745587
11398,11.398,0.1093898,4.0616255
11399,11.399,0.122207426,4.0586944
11400,11.4,0.13151276,4.108964
11401,11.401,0.12953335,4.090817
11402,11.402,0.1315343,4.0946097
11403,11.403,0.12495746,4.058326
11404,11.404,0.13356888,4.103309
11405,11.405,0.13657112,4.142217
11406,11.406,0.12449637,4.132409
11407,11.407,0.11556744,4.08479
11408,11.408,0.12549607,4.0528007
11409,11.409,0.13203777,4.0630727
11410,11.41,0.12532602,4.060719
11411,11.411,0.12962478,4.1024985
11412,11.412,0.12186595,4.084054
11413,11.413,0.10432155,4.07366
11414,11.414,0.12633426,4.066563
11415,11.415,0.11225463,4.0710588
11416,11.416,0.11911685,4.101886
11417,11.417,0.10720482,4.076232
11418,11.418,0.118541926,4.089159
11419,11.419,0.11348159,4.099241
11420,11.42,0.11040223,4.134363
11421,11.421,0.10189091,4.107095
11422,11.422,0.08852818,4.0817313
11423,11.423,0.095359474,4.055733
11424,11.424,0.09564634,4.0853004
11425,11.425,0.102511294,4.074841
11426,11.426,0.119408116,4.0604167
11427,11.427,0.111564614,4.0924454
11428,11.428,0.11645923,4.065547
11429,11.429,0.12072327,4.0703354
11430,11.43,0.1181654,4.0917797
11431,11.431,0.108807564,4.065393
11432,11.432,0.1092354,4.0556335
11433,11.433,0.09349318,4.062293
11434,11.434,0.1156954,4.0770626
11435,11.435,0.11488274,4.0592575
11436,11.436,0.11856143,4.0883827
11437,11.437,0.11653266,4.066674
11438,11.438,0.13346411,4.096931
11439,11.439,0.122663446,4.0626674
11440,11.44,0.13684636,4.0961156
11441,11.441,0.12541914,4.0704308
11442,11.442,0.115007944,4.0562716
11443,11.443,0.11309231,4.07068
11444,11.444,0.102392256,4.067526
11445,11.445,0.106891125,4.0565305
11446,11.446,0.10477874,4.0942287
11447,11.447,0.09433019,4.0798984
11448,11.448,0.108004086,4.080014
11449,11.449,0.09810385,4.1274877
11450,11.45,0.117814176,4.14298
11451,11.451,0.11593146,4.1161304
11452,11.452,0.112584695,4.120472
11453,11.453,0.10449924,4.1115403
11454,11.454,0.11983091,4.1144314
11455,11.455,0.09843674,4.1019096
11456,11.456,0.10751868,4.0871763
11457,11.457,0.11322205,4.109083
11458,11.458,0.10629847,4.0941477
11459,11.459,0.11980437,4.080793
11460,11.46,0.11894155,4.088984
11461,11.461,0.11137484,4.086479
11462,11.462,0.12698044,4.0667763
11463,11.463,0.12364292,4.071622
11464,11.464,0.12936993,4.093098
11465,11.465,0.111801125,4.0960126
11466,11.466,0.1015255,4.0586405
11467,11.467,0.11027179,4.11839
11468,11.468,0.09658444,4.039973
11469,11.469,0.097848415,4.064633
11470,11.47,0.09953856,4.0633917
11471,11.471,0.10341228,4.069631
11472,11.472,0.09923325,4.0875716
11473,11.473,0.0917931,4.074923
11474,11.474,0.09647606,4.106406
11475,11.475,0.09639335,4.116955
11476,11.476,0.091131456,4.1633515
11477,11.477,0.0862108,4.1189876
11478,11.478,0.08447364,4.117456
11479,11.479,0.08408135,4.1114902
11480,11.48,0.09433632,4.112679
11481,11.481,0.08696509,4.12166
11482,11.482,0.09005002,4.1091175
11483,11.483,0.09252374,4.151455
11484,11.484,0.08170013,4.101874
11485,11.485,0.07992641,4.0809755
11486,11.486,0.06702827,4.0823107
11487,11.487,0.07476344,4.0996304
11488,11.488,0.06591616,4.0939693
11489,11.489,0.07667707,4.1018224
11490,11.49,0.07302149,4.078775
11491,11.491,0.07046605,4.0915623
11492,11.492,0.07840858,4.0596986
11493,11.493,0.072026886,4.083476
11494,11.494,0.07355776,4.0932627
11495,11.495,0.098536514,4.0675564
11496,11.496,0.08461379,4.0589437
11497,11.497,0.08813229,4.089698
11498,11.498,0.07248205,4.0805006
11499,11.499,0.08705476,4.080168
11500,11.5,0.09436572,4.084386
11501,11.501,0.08721264,4.065198
11502,11.502,0.095880516,4.096234
11503,11.503,0.10842283,4.080586
11504,11.504,0.12259464,4.0726957
11505,11.505,0.099345595,4.0386057
11506,11.506,0.11940085,4.1126633
11507,11.507,0.11093337,4.0957417
11508,11.508,0.11128139,4.106156
11509,11.509,0.11371513,4.108652
11510,11.51,0.097945236,4.1320124
11511,11.511,0.09596427,4.088723
11512,11.512,0.10354521,4.0889244
11513,11.513,0.08817754,4.075253
11514,11.514,0.101558514,4.063861
11515,11.515,0.10153176,4.091917
11516,11.516,0.088546455,4.106408
11517,11.517,0.08608332,4.1312814
11518,11.518,0.08950214,4.1624923
11519,11.519,0.08887288,4.148225
11520,11.52,0.08923439,4.162339
11521,11.521,0.093832575,4.14437
11522,11.522,0.08188739,4.1272216
11523,11.523,0.081465624,4.082028
11524,11.524,0.09382149,4.08188
11525,11.525,0.09231361,4.098854
11526,11.526,0.09332054,4.11462
11527,11.527,0.095873885,4.158894
11528,11.528,0.10780107,4.111223
11529,11.529,0.09112575,4.089186
11530,11.53,0.108705,4.070698
11531,11.531,0.11088334,4.0786066
11532,11.532,0.10140417,4.102866
11533,11.533,0.09890302,4.1062493
11534,11.534,0.10144406,4.0398946
11535,11.535,0.09721075,4.067812
11536,11.536,0.10150444,4.0592914
11537,11.537,0.10011408,4.100085
11538,11.538,0.0993229,4.07717
11539,11.539,0.08994791,4.0638895
11540,11.54,0.09551572,4.0762844
11541,11.541,0.09338493,4.053126
11542,11.542,0.10690302,4.054464
11543,11.543,0.09185793,4.0844517
11544,11.544,0.0816973,4.0519533
11545,11.545,0.08210027,4.1034994
11546,11.546,0.080201454,4.094227
11547,11.547,0.08540452,4.0779085
11548,11.548,0.09197301,4.1230135
11549,11.549,0.08579278,4.134397
11550,11.55,0.07522894,4.1209583
11551,11.551,0.076913394,4.1339426
11552,11.552,0.06832893,4.141132
11553,11.553,0.08414526,4.094994
11554,11.554,0.07838351,4.0982018
11555,11.555,0.08906323,4.1152506
11556,11.556,0.08468343,4.1465635
11557,11.557,0.07927874,4.1207094
11558,11.558,0.08144789,4.1114006
11559,11.559,0.07016026,4.106172
11560,11.56,0.08236314,4.0852294
11561,11.561,0.08342299,4.1457243
11562,11.562,0.084014654,4.1049557
11563,11.563,0.08273284,4.0874424
11564,11.564,0.08516597,4.142111
11565,11.565,0.08951183,4.1786323
11566,11.566,0.10186197,4.131125
11567,11.567,0.09208543,4.1737013
11568,11.568,0.10663289,4.180051
11569,11.569,0.08895349,4.1170416
11570,11.57,0.10508444,4.10832
11571,11.571,0.099648826,4.083067
11572,11.572,0.10227196,4.0694537
11573,11.573,0.07864705,4.0886397
11574,11.574,0.0895454,4.0863414
11575,11.575,0.093599446,4.0655828
11576,11.576,0.10397914,4.123859
11577,11.577,0.10791307,4.1235723
11578,11.578,0.09121134,4.0920663
11579,11.579,0.10273433,4.0904036
11580,11.58,0.09506505,4.1336694
11581,11.581,0.09878198,4.136924
11582,11.582,0.09155667,4.156494
11583,11.583,0.08815656,4.1433973
11584,11.584,0.09516229,4.1372366
11585,11.585,0.088772014,4.1526637
11586,11.586,0.074082345,4.1803226
11587,11.587,0.09453585,4.1709642
11588,11.588,0.082918465,4.1266837
11589,11.589,0.08918709,4.1129827
11590,11.59,0.09113082,4.082712
11591,11.591,0.101675116,4.0930243
11592,11.592,0.09086087,4.1124735
11593,11.593,0.08189586,4.1091766
11594,11.594,0.08525754,4.112687
11595,11.595,0.07402459,4.1033483
11596,11.596,0.0821235,4.095927
11597,11.597,0.07872638,4.1016917
11598,11.598,0.085715264,4.107889
11599,11.599,0.078196734,4.1232514
11600,11.6,0.07811094,4.1220765
11601,11.601,0.073542826,4.095602
11602,11.602,0.08504169,4.154765
11603,11.603,0.08050213,4.110384
11604,11.604,0.08070721,4.139677
11605,11.605,0.0882352,4.1214843
11606,11.606,0.09508755,4.0988007
11607,11.607,0.08080454,4.098816
11608,11.608,0.0871145,4.120634
11609,11.609,0.07613848,4.103789
11610,11.61,0.068361916,4.081752
11611,11.611,0.072368726,4.1213903
11612,11.612,0.073706895,4.1046934
11613,11.613,0.07225362,4.1455154
11614,11.614,0.08307515,4.126145
11615,11.615,0.07806949,4.1236863
11616,11.616,0.08040155,4.1346283
11617,11.617,0.08454477,4.1282845
11618,11.618,0.081271,4.107182
11619,11.619,0.080481306,4.115229
11620,11.62,0.08133924,4.126027
11621,11.621,0.07419694,4.0975146
11622,11.622,0.07702829,4.1416473
11623,11.623,0.083309285,4.1031294
11624,11.624,0.08948535,4.0761266
11625,11.625,0.09468247,4.1044292
11626,11.626,0.08452973,4.062201
11627,11.627,0.0916223,4.1285334
11628,11.628,0.094986595,4.117382
11629,11.629,0.084682755,4.127514
11630,11.63,0.09010392,4.086739
11631,11.631,0.0808167,4.1239405
11632,11.632,0.085672095,4.1050706
11633,11.633,0.09215695,4.1299386
11634,11.634,0.09817393,4.0988436
11635,11.635,0.089704685,4.127521
11636,11.636,0.08422765,4.111848
11637,11.637,0.08902233,4.0976377
11638,11.638,0.08824044,4.1199083
11639,11.639,0.0837749,4.098374
11640,11.64,0.092529364,4.10359
11641,11.641,0.08955314,4.146548
11642,11.642,0.09829808,4.1241426
11643,11.643,0.09581841,4.0972853
11644,11.644,0.09180758,4.124532
11645,11.645,0.0886241,4.0913234
11646,11.646,0.09615621,4.116382
11647,11.647,0.09233928,4.107875
11648,11.648,0.086569406,4.1842327
11649,11.649,0.080525815,4.172605
11650,11.65,0.083375864,4.2026687
11651,11.651,0.080023974,4.1462317
11652,11.652,0.07331771,4.1330805
11653,11.653,0.07399335,4.1345873
11654,11.654,0.0874304,4.144213
11655,11.655,0.08632001,4.085148
11656,11.656,0.09938224,4.150446
11657,11.657,0.087182805,4.091024
11658,11.658,0.079174414,4.092269
11659,11.659,0.07285904,4.108153
11660,11.66,0.08517479,4.125925
11661,11.661,0.08247255,4.119504
11662,11.662,0.08527449,4.144234
11663,11.663,0.07416578,4.0869055
11664,11.664,0.07892142,4.162036
11665,11.665,0.074880086,4.16722
11666,11.666,0.06913036,4.1695848
11667,11.667,0.077902734,4.1647005
11668,11.668,0.07893387,4.2001314
11669,11.669,0.07210789,4.2373376
11670,11.67,0.07759199,4.2612777
11671,11.671,0.08660011,4.3018646
11672,11.672,0.102981016,4.2465878
11673,11.673,0.08612427,4.233291
11674,11.674,0.10272083,4.1879826
11675,11.675,0.08568492,4.1799827
11676,11.676,0.09876033,4.1934996
11677,11.677,0.105069585,4.203019
11678,11.678,0.0954346,4.239807
11679,11.679,0.08573819,4.1454606
11680,11.68,0.086147085,4.1979103
11681,11.681,0.08819261,4.180402
11682,11.682,0.09349936,4.1530485
11683,11.683,0.08430447,4.2533755
11684,11.684,0.095537506,4.2052298
11685,11.685,0.10231942,4.137241
11686,11.686,0.10485097,4.215295
11687,11.687,0.093958154,4.2147603
11688,11.688,0.092399344,4.239382
11689,11.689,0.104304925,4.1871877
11690,11.69,0.101281546,4.1502
11691,11.691,0.093892924,4.1569
11692,11.692,0.10293947,4.169821
11693,11.693,0.096685514,4.1542063
11694,11.694,0.106607944,4.1099644
11695,11.695,0.1008979,4.112047
11696,11.696,0.1193413,4.097396
11697,11.697,0.115017995,4.132787
11698,11.698,0.10731205,4.1348014
11699,11.699,0.12793544,4.1380143
11700,11.7,0.1415247,4.148088
11701,11.701,0.14014494,4.1333036
11702,11.702,0.12442021,4.1382585
11703,11.703,0.10097005,4.1659408
11704,11.704,0.101089045,4.18184
11705,11.705,0.10380835,4.148054
11706,11.706,0.10310105,4.102123
11707,11.707,0.10402527,4.1288247
11708,11.708,0.11633161,4.147739
11709,11.709,0.11211294,4.1009426
11710,11.71,0.116943106,4.1711683
11711,11.711,0.111958176,4.201118
11712,11.712,0.10078843,4.196181
11713,11.713,0.11023877,4.282676
11714,11.714,0.109916896,4.249162
11715,11.715,0.11138158,4.223336
11716,11.716,0.10549889,4.252895
11717,11.717,0.097729616,4.2840495
11718,11.718,0.11274322,4.188786
11719,11.719,0.11709128,4.2637916
11720,11.72,0.11379337,4.2657604
11721,11.721,0.10842709,4.2161145
11722,11.722,0.10177512,4.2301707
11723,11.723,0.100389086,4.232453
11724,11.724,0.10661716,4.224461
11725,11.725,0.11204642,4.2806487
11726,11.726,0.10085607,4.242012
11727,11.727,0.10653745,4.2499924
11728,11.728,0.117776394,4.2888155
11729,11.729,0.0965599,4.2535243
11730,11.73,0.109831676,4.271477
11731,11.731,0.120915584,4.2454224
11732,11.732,0.11604856,4.2223015
11733,11.733,0.112240724,4.194722
11734,11.734,0.11688477,4.2439456
11735,11.735,0.10207396,4.247806
11736,11.736,0.10660686,4.2810802
11737,11.737,0.10502337,4.273136
11738,11.738,0.10071156,4.1889267
11739,11.739,0.10863479,4.267786
11740,11.74,0.10390574,4.271245
11741,11.741,0.10220808,4.2196198
11742,11.742,0.09618626,4.161487
11743,11.743,0.10382227,4.1988177
11744,11.744,0.09200819,4.188379
11745,11.745,0.08998068,4.1851087
11746,11.746,0.089002855,4.1840215
11747,11.747,0.08526567,4.1264815
11748,11.748,0.10639575,4.1516795
11749,11.749,0.11867739,4.1433372
11750,11.75,0.11594791,4.1570415
11751,11.751,0.11312093,4.1482277
11752,11.752,0.109522335,4.1745663
11753,11.753,0.10561333,4.18637
11754,11.754,0.109267145,4.185833
11755,11.755,0.09688199,4.196208
11756,11.756,0.09456274,4.1797967
11757,11.757,0.085991286,4.2177405
11758,11.758,0.08853405,4.160819
11759,11.759,0.090099424,4.218382
11760,11.76,0.10593245,4.2502685
11761,11.761,0.09741566,4.2292747
11762,11.762,0.10340165,4.200235
11763,11.763,0.10153291,4.227303
11764,11.764,0.09607563,4.191277
11765,11.765,0.106371306,4.191231
11766,11.766,0.11520227,4.164362
11767,11.767,0.10050992,4.179871
11768,11.768,0.105573915,4.1853204
11769,11.769,0.105275124,4.1694074
11770,11.77,0.09406697,4.2270207
11771,11.771,0.09752121,4.205284
11772,11.772,0.09166329,4.1462393
11773,11.773,0.10328197,4.12952
11774,11.774,0.107779086,4.177541
11775,11.775,0.09028207,4.1971884
11776,11.776,0.10295351,4.2175717
11777,11.777,0.096816346,4.215127
11778,11.778,0.09114731,4.2028146
11779,11.779,0.099640705,4.285687
11780,11.78,0.09062839,4.1982822
11781,11.781,0.09579005,4.2032604
11782,11.782,0.09992858,4.232198
11783,11.783,0.09822103,4.310564
11784,11.784,0.09266731,4.2050433
11785,11.785,0.093119025,4.238588
11786,11.786,0.09234178,4.2183514
11787,11.787,0.09395385,4.199442
11788,11.788,0.091918945,4.193037
11789,11.789,0.09315254,4.239117
11790,11.79,0.10845001,4.179486
11791,11.791,0.102402985,4.171269
11792,11.792,0.10792592,4.1780024
11793,11.793,0.10626801,4.20168
11794,11.794,0.10592535,4.2063704
11795,11.795,0.098697685,4.1917324
11796,11.796,0.10163589,4.2010508
11797,11.797,0.098109744,4.1487937
11798,11.798,0.09421432,4.2025404
11799,11.799,0.08534359,4.262723
11800,11.8,0.08987784,4.2163696
11801,11.801,0.094471015,4.240294
11802,11.802,0.09349998,4.263776
11803,11.803,0.090629034,4.2626524
11804,11.804,0.09033135,4.2462325
11805,11.805,0.094721526,4.2585745
11806,11.806,0.09913126,4.2587776
11807,11.807,0.11120761,4.2975388
11808,11.808,0.10046275,4.279632
11809,11.809,0.102834426,4.249444
11810,11.81,0.09941771,4.21333
11811,11.811,0.09661794,4.234444
11812,11.812,0.09402087,4.2455916
11813,11.813,0.09032239,4.199606
11814,11.814,0.08790312,4.23852
11815,11.815,0.09419223,4.234661
11816,11.816,0.09004296,4.208538
11817,11.817,0.089691155,4.2504396
11818,11.818,0.09106674,4.1861086
11819,11.819,0.09893458,4.2486925
11820,11.82,0.10549505,4.241935
11821,11.821,0.10214415,4.2601857
11822,11.822,0.09764619,4.2240243
11823,11.823,0.08834845,4.244983
11824,11.824,0.091687255,4.257392
11825,11.825,0.096683726,4.2069907
11826,11.826,0.0938295,4.2180476
11827,11.827,0.09052693,4.2459264
11828,11.828,0.09709593,4.1624703
11829,11.829,0.0881559,4.190333
11830,11.83,0.091626085,4.2140665
11831,11.831,0.09888783,4.2110114
11832,11.832,0.08855364,4.197387
11833,11.833,0.089625396,4.210211
11834,11.834,0.10208076,4.229681
11835,11.835,0.10353126,4.2242684
11836,11.836,0.1074208,4.2187037
11837,11.837,0.099107355,4.237567
11838,11.838,0.08969244,4.204417
11839,11.839,0.08268462,4.191852
11840,11.84,0.10019487,4.173254
11841,11.841,0.0905965,4.1365275
11842,11.842,0.09334098,4.114992
11843,11.843,0.09269163,4.1138096
11844,11.844,0.084604904,4.126289
11845,11.845,0.08369069,4.1232004
11846,11.846,0.082167126,4.1467404
11847,11.847,0.0932561,4.147982
11848,11.848,0.092633,4.153466
11849,11.849,0.098767936,4.168993
11850,11.85,0.08830395,4.149206
11851,11.851,0.09447836,4.149449
11852,11.852,0.089513116,4.123281
11853,11.853,0.08860127,4.1067295
11854,11.854,0.0886241,4.1714034
11855,11.855,0.095530845,4.213925
11856,11.856,0.10104044,4.187707
11857,11.857,0.093145095,4.1650105
11858,11.858,0.09354262,4.148522
11859,11.859,0.08688929,4.2132483
11860,11.86,0.089754924,4.162065
11861,11.861,0.08738941,4.220989
11862,11.862,0.08594019,4.183405
11863,11.863,0.09857464,4.2347116
11864,11.864,0.09109403,4.200403
11865,11.865,0.091592014,4.213436
11866,11.866,0.08872382,4.177695
11867,11.867,0.090126365,4.2087545
11868,11.868,0.09022635,4.1728907
11869,11.869,0.09554476,4.245117
11870,11.87,0.09478497,4.2304864
11871,11.871,0.09042728,4.2376623
11872,11.872,0.094498545,4.2153444
11873,11.873,0.09161347,4.2284837
11874,11.874,0.09564392,4.2043056
11875,11.875,0.09090984,4.206002
11876,11.876,0.09643172,4.2229347
11877,11.877,0.09816098,4.2153797
11878,11.878,0.09682709,4.1944942
11879,11.879,0.100526586,4.2278123
11880,11.88,0.09889367,4.1988945
11881,11.881,0.085215494,4.256449
11882,11.882,0.088068,4.2567782
11883,11.883,0.099519394,4.1594176
11884,11.884,0.09901225,4.1000133
11885,11.885,0.09799126,4.1488175
11886,11.886,0.10501786,4.1407366
11887,11.887,0.09902042,4.15194
11888,11.888,0.093734585,4.1563487
11889,11.889,0.10377716,4.1091475
11890,11.89,0.09475996,4.15038
11891,11.891,0.10555092,4.167392
11892,11.892,0.09470078,4.1635714
11893,11.893,0.09931592,4.181521
11894,11.894,0.10860552,4.1695056
11895,11.895,0.10010715,4.1575384
11896,11.896,0.089493744,4.1476226
11897,11.897,0.101821676,4.194962
11898,11.898,0.103112265,4.145817
11899,11.899,0.11132968,4.1526766
11900,11.9,0.10737828,4.1529016
11901,11.901,0.10115707,4.168841
11902,11.902,0.10451085,4.1583986
11903,11.903,0.104033045,4.1321015
11904,11.904,0.11295475,4.1464353
11905,11.905,0.114103295,4.1156063
11906,11.906,0.12685293,4.110715
11907,11.907,0.11968418,4.0918097
11908,11.908,0.11391826,4.1280155
11909,11.909,0.1164761,4.173276
11910,11.91,0.12006894,4.155491
11911,11.911,0.11599426,4.126687
11912,11.912,0.11298136,4.1440067
11913,11.913,0.11745649,4.0996156
11914,11.914,0.11861699,4.1508083
11915,11.915,0.11806215,4.129278
11916,11.916,0.11804747,4.1228666
11917,11.917,0.11811208,4.168161
11918,11.918,0.110535644,4.129025
11919,11.919,0.10246223,4.140207
11920,11.92,0.107996054,4.1605387
11921,11.921,0.110627115,4.1565385
11922,11.922,0.1141595,4.157002
11923,11.923,0.1079286,4.198014
11924,11.924,0.11400701,4.126042
11925,11.925,0.113877155,4.1566467
11926,11.926,0.10942308,4.150869
11927,11.927,0.088094905,4.1695333
11928,11.928,0.105369516,4.1126885
11929,11.929,0.09603833,4.1722317
11930,11.93,0.09325052,4.174891
11931,11.931,0.09838859,4.2032027
11932,11.932,0.09589378,4.187611
11933,11.933,0.090024985,4.174911
11934,11.934,0.09353273,4.165273
11935,11.935,0.09603291,4.15449
11936,11.936,0.102306426,4.2123294
11937,11.937,0.09596066,4.2939043
11938,11.938,0.10290129,4.161046
11939,11.939,0.120198846,4.149303
11940,11.94,0.108053304,4.1236057
11941,11.941,0.0974981,4.147032
11942,11.942,0.096836045,4.1607623
11943,11.943,0.10605351,4.1848845
11944,11.944,0.09860336,4.1756563
11945,11.945,0.10715521,4.203809
11946,11.946,0.10071098,4.215454
11947,11.947,0.104914896,4.196371
11948,11.948,0.10912582,4.2043686
11949,11.949,0.1024171,4.1941867
11950,11.95,0.11746682,4.138
11951,11.951,0.11534667,4.1138372
11952,11.952,0.122459725,4.109724
11953,11.953,0.11908337,4.1805077
11954,11.954,0.11115354,4.152251
11955,11.955,0.11939989,4.1995926
11956,11.956,0.11451135,4.1567917
11957,11.957,0.11166508,4.1757007
11958,11.958,0.10530861,4.207228
11959,11.959,0.08681475,4.226335
11960,11.96,0.09873399,4.132003
11961,11.961,0.092439994,4.1619186
11962,11.962,0.083234325,4.204076
11963,11.963,0.091364555,4.1661596
11964,11.964,0.087325886,4.175965
11965,11.965,0.10367129,4.1884894
11966,11.966,0.09886269,4.1294503
11967,11.967,0.09034543,4.2035484
11968,11.968,0.08974913,4.1566243
11969,11.969,0.08552693,4.16953
11970,11.97,0.09219645,4.148545
11971,11.971,0.08342368,4.1673656
11972,11.972,0.08468753,4.1355224
11973,11.973,0.082083374,4.17552
11974,11.974,0.08613568,4.171238
11975,11.975,0.08502333,4.1558075
11976,11.976,0.09610811,4.1596637
11977,11.977,0.09535886,4.183624
11978,11.978,0.08287942,4.1604943
11979,11.979,0.08959573,4.1962576
11980,11.98,0.08944658,4.2174544
11981,11.981,0.08020218,4.2470183
11982,11.982,0.07700202,4.206702
11983,11.983,0.069625214,4.193503
11984,11.984,0.071071245,4.201263
11985,11.985,0.08659144,4.2602243
11986,11.986,0.097789325,4.2190046
11987,11.987,0.09766395,4.2632027
11988,11.988,0.10389795,4.178612
11989,11.989,0.090512246,4.200409
11990,11.99,0.08923892,4.179381
11991,11.991,0.09168977,4.2438426
11992,11.992,0.08502197,4.269103
11993,11.993,0.08751828,4.2386565
11994,11.994,0.097130455,4.2296233
11995,11.995,0.09190951,4.2503166
11996,11.996,0.08473188,4.2666764
11997,11.997,0.09601726,4.301566
11998,11.998,0.09473251,4.285885
11999,11.999,0.098243974,4.32824
12000,12.0,0.10544628,4.327243
12001,12.001,0.098467864,4.28212
12002,12.002,0.10107818,4.2777066
12003,12.003,0.09368586,4.286073
12004,12.004,0.09722324,4.270717
12005,12.005,0.09013342,4.265104
12006,12.006,0.091862336,4.296849
12007,12.007,0.08770102,4.2935214
12008,12.008,0.091669604,4.2871203
12009,12.009,0.08995626,4.346742
12010,12.01,0.09077687,4.35847
12011,12.011,0.07627121,4.289201
12012,12.012,0.09420757,4.324135
12013,12.013,0.081770845,4.2835464
12014,12.014,0.08784195,4.3212595
12015,12.015,0.083008334,4.335174
12016,12.016,0.08142872,4.3523006
12017,12.017,0.090448365,4.2921743
12018,12.018,0.09727078,4.2881703
12019,12.019,0.10398525,4.349971
12020,12.02,0.09763139,4.275559
12021,12.021,0.10086696,4.2540975
12022,12.022,0.07848152,4.2526145
12023,12.023,0.07817307,4.275825
12024,12.024,0.081170656,4.3158894
12025,12.025,0.081232585,4.269472
12026,12.026,0.077157244,4.2902403
12027,12.027,0.09752477,4.277892
12028,12.028,0.08187609,4.2568555
12029,12.029,0.07710554,4.260771
12030,12.03,0.06721943,4.258071
12031,12.031,0.081942424,4.231976
12032,12.032,0.09156298,4.256162
12033,12.033,0.08803387,4.230986
12034,12.034,0.0958552,4.2938223
12035,12.035,0.08928943,4.2706604
12036,12.036,0.112243816,4.2584257
12037,12.037,0.10157104,4.256046
12038,12.038,0.09545034,4.2274017
12039,12.039,0.08613903,4.2357135
12040,12.04,0.085319206,4.229169
12041,12.041,0.09250063,4.217067
12042,12.042,0.08251248,4.2791004
12043,12.043,0.08760542,4.2955
12044,12.044,0.077981345,4.2893376
12045,12.045,0.07013307,4.225034
12046,12.046,0.078944124,4.202427
12047,12.047,0.07810798,4.238481
12048,12.048,0.08587291,4.2348485
12049,12.049,0.07957781,4.2348223
12050,12.05,0.08096746,4.279731
12051,12.051,0.085338175,4.285697
12052,12.052,0.10038333,4.260161
12053,12.053,0.086606786,4.297772
12054,12.054,0.085140176,4.327056
12055,12.055,0.09622051,4.2986097
12056,12.056,0.0907119,4.2937036
12057,12.057,0.09768229,4.334174
12058,12.058,0.0942922,4.32329
12059,12.059,0.10134316,4.283659
12060,12.06,0.10285747,4.301852
12061,12.061,0.09648505,4.3221664
12062,12.062,0.0945823,4.350721
12063,12.063,0.10364954,4.397042
12064,12.064,0.10164157,4.278768
12065,12.065,0.09766335,4.274586
12066,12.066,0.08896323,4.3909154
12067,12.067,0.09634957,4.351847
12068,12.068,0.08444695,4.4202256
12069,12.069,0.087827474,4.4040575
12070,12.07,0.086473875,4.3759947
12071,12.071,0.092735276,4.297055
12072,12.072,0.084917895,4.3591604
12073,12.073,0.0778879,4.3786016
12074,12.074,0.087970816,4.3644857
12075,12.075,0.0863093,4.352307
12076,12.076,0.08189092,4.349047
12077,12.077,0.08718215,4.3641624
12078,12.078,0.084238626,4.344979
12079,12.079,0.08542888,4.3478684
12080,12.08,0.080253325,4.38427
12081,12.081,0.07467913,4.391541
12082,12.082,0.07019815,4.3938313
12083,12.083,0.074673705,4.390597
12084,12.084,0.0809796,4.356332
12085,12.085,0.08268043,4.369619
12086,12.086,0.08046838,4.365243
12087,12.087,0.09487639,4.377725
12088,12.088,0.091099106,4.3984957
12089,12.089,0.08240173,4.380852
12090,12.09,0.090569064,4.345786
12091,12.091,0.07839383,4.361577
12092,12.092,0.08027205,4.4023147
12093,12.093,0.0827922,4.359109
12094,12.094,0.08639029,4.3568916
12095,12.095,0.08545932,4.343973
12096,12.096,0.08571392,4.332543
12097,12.097,0.0707795,4.298063
12098,12.098,0.07328538,4.2984896
12099,12.099,0.08531447,4.350374
12100,12.1,0.0716318,4.3128653
12101,12.101,0.06496849,4.3402057
12102,12.102,0.07961122,4.33762
12103,12.103,0.07489475,4.3172927
12104,12.104,0.07364649,4.392746
12105,12.105,0.07519973,4.448803
12106,12.106,0.07391754,4.398752
12107,12.107,0.057386756,4.4380426
12108,12.108,0.06980099,4.485332
12109,12.109,0.06482243,4.5229325
12110,12.11,0.0657388,4.538024
12111,12.111,0.07587689,4.5305715
12112,12.112,0.08228802,4.5633903
12113,12.113,0.07537477,4.482244
12114,12.114,0.08159607,4.4622555
12115,12.115,0.082988136,4.503477
12116,12.116,0.08364233,4.5016327
12117,12.117,0.094114885,4.4843082
12118,12.118,0.07763444,4.507554
12119,12.119,0.069174655,4.5081463
12120,12.12,0.06969824,4.554922
12121,12.121,0.07307845,4.52506
12122,12.122,0.08628251,4.502042
12123,12.123,0.08303688,4.5388618
12124,12.124,0.10446439,4.535359
12125,12.125,0.102266304,4.6229777
12126,12.126,0.10713795,4.5838637
12127,12.127,0.0947807,4.5308375
12128,12.128,0.10320976,4.545896
12129,12.129,0.083048016,4.52762
12130,12.13,0.08839816,4.4523497
12131,12.131,0.09979836,4.415245
12132,12.132,0.10678076,4.3938785
12133,12.133,0.1037443,4.37698
12134,12.134,0.1071428,4.3328505
12135,12.135,0.09720005,4.380125
12136,12.136,0.11828958,4.378998
12137,12.137,0.10682189,4.3368363
12138,12.138,0.11377001,4.3005943
12139,12.139,0.109694764,4.3248067
12140,12.14,0.12666826,4.3096976
12141,12.141,0.10368021,4.326437
12142,12.142,0.11112754,4.297213
12143,12.143,0.09938398,4.2821913
12144,12.144,0.10751008,4.271667
12145,12.145,0.10053062,4.3030357
12146,12.146,0.09966796,4.297914
12147,12.147,0.10248705,4.303009
12148,12.148,0.107899144,4.28048
12149,12.149,0.109215826,4.354284
12150,12.15,0.10686409,4.305711
12151,12.151,0.11424554,4.292506
12152,12.152,0.10208982,4.3151226
12153,12.153,0.10106732,4.289974
12154,12.154,0.104124114,4.3033094
12155,12.155,0.10075287,4.30636
12156,12.156,0.099674925,4.2418118
12157,12.157,0.09365131,4.2963543
12158,12.158,0.096947,4.330373
12159,12.159,0.091405034,4.3229985
12160,12.16,0.08076591,4.327773
12161,12.161,0.08439492,4.3693914
12162,12.162,0.08125535,4.262108
12163,12.163,0.08734707,4.2596354
12164,12.164,0.08935155,4.2806644
12165,12.165,0.08108089,4.234445
12166,12.166,0.09169734,4.2529755
12167,12.167,0.078281686,4.2581844
12168,12.168,0.09335088,4.2710485
12169,12.169,0.08595162,4.178999
12170,12.17,0.07342012,4.2354918
12171,12.171,0.08198896,4.267317
12172,12.172,0.07822555,4.318822
12173,12.173,0.08923309,4.298493
12174,12.174,0.10553778,4.293149
12175,12.175,0.097329,4.3541093
12176,12.176,0.097292766,4.3568373
12177,12.177,0.095846154,4.313982
12178,12.178,0.077850044,4.312015
12179,12.179,0.09110609,4.3597474
12180,12.18,0.0942689,4.3839784
12181,12.181,0.10170922,4.3485785
12182,12.182,0.11528352,4.293581
12183,12.183,0.1102676,4.274746
12184,12.184,0.11211346,4.3741865
12185,12.185,0.12004824,4.365367
12186,12.186,0.12699728,4.3373575
12187,12.187,0.1317911,4.2544756
12188,12.188,0.15045403,4.248011
12189,12.189,0.13263047,4.316572
12190,12.19,0.12545739,4.3115797
12191,12.191,0.119463764,4.279351
12192,12.192,0.11655845,4.3221445
12193,12.193,0.121083245,4.2896295
12194,12.194,0.14005747,4.2298408
12195,12.195,0.12909712,4.304639
12196,12.196,0.12961988,4.3119583
12197,12.197,0.10329987,4.3118896
12198,12.198,0.11005353,4.3351846
12199,12.199,0.09490197,4.3025575
12200,12.2,0.079334855,4.209453
12201,12.201,0.08891709,4.2369227
12202,12.202,0.10144349,4.257167
12203,12.203,0.09600883,4.2864537
12204,12.204,0.09145624,4.2425046
12205,12.205,0.09156677,4.3067527
12206,12.206,0.09152131,4.3179374
12207,12.207,0.09636876,4.2008104
12208,12.208,0.11813459,4.260923
12209,12.209,0.11505818,4.2620363
12210,12.21,0.11291585,4.260861
12211,12.211,0.11689268,4.208091
12212,12.212,0.10667353,4.176221
12213,12.213,0.12372237,4.193804
12214,12.214,0.12410904,4.2353215
12215,12.215,0.14096285,4.222102
12216,12.216,0.13543943,4.2253547
12217,12.217,0.13690253,4.1893625
12218,12.218,0.11998515,4.173771
12219,12.219,0.11171734,4.204409
12220,12.22,0.119770594,4.230691
12221,12.221,0.09594018,4.22408
12222,12.222,0.1077941,4.248571
12223,12.223,0.097695895,4.2175446
12224,12.224,0.10731906,4.2345605
12225,12.225,0.12491304,4.2529354
12226,12.226,0.119086765,4.2744384
12227,12.227,0.1174048,4.252973
12228,12.228,0.11297215,4.284726
12229,12.229,0.10222561,4.2476387
12230,12.23,0.10845747,4.2464423
12231,12.231,0.09059139,4.229505
12232,12.232,0.09153458,4.2601504
12233,12.233,0.10232619,4.313352
12234,12.234,0.09402703,4.266429
12235,12.235,0.09712628,4.2923226
12236,12.236,0.10178363,4.266098
12237,12.237,0.08590858,4.2748337
12238,12.238,0.09989503,4.245646
12239,12.239,0.09344247,4.2828593
12240,12.24,0.09103945,4.2534175
12241,12.241,0.08425372,4.276608
12242,12.242,0.0894175,4.2480617
12243,12.243,0.09068067,4.259273
12244,12.244,0.09063477,4.268798
12245,12.245,0.10386791,4.317512
12246,12.246,0.103494406,4.2835283
12247,12.247,0.10394745,4.2277923
12248,12.248,0.12176394,4.2673154
12249,12.249,0.1095065,4.2747216
12250,12.25,0.11415748,4.2757835
12251,12.251,0.10357033,4.2458224
12252,12.252,0.09605036,4.2592964
12253,12.253,0.10022025,4.2355595
12254,12.254,0.107073195,4.2471037
12255,12.255,0.09482033,4.258529
12256,12.256,0.10601753,4.2637973
12257,12.257,0.10251524,4.2252116
12258,12.258,0.10059901,4.2485023
12259,12.259,0.10752997,4.2582784
12260,12.26,0.0885014,4.198031
12261,12.261,0.097615995,4.2603045
12262,12.262,0.08604638,4.1792173
12263,12.263,0.08525008,4.21329
12264,12.264,0.09107753,4.2667356
12265,12.265,0.08392654,4.2192626
12266,12.266,0.08509264,4.2456403
12267,12.267,0.057171825,4.209088
12268,12.268,0.070751734,4.202329
12269,12.269,0.07368102,4.2431464
12270,12.27,0.06921308,4.1964707
12271,12.271,0.0763848,4.244357
12272,12.272,0.08099031,4.259712
12273,12.273,0.072622254,4.243405
12274,12.274,0.06485897,4.2211137
12275,12.275,0.07650728,4.261418
12276,12.276,0.08189021,4.269688
12277,12.277,0.10445443,4.256557
12278,12.278,0.08994534,4.2670665
12279,12.279,0.079326116,4.275949
12280,12.28,0.08482664,4.2392044
12281,12.281,0.0822058,4.270079
12282,12.282,0.082452916,4.2787437
12283,12.283,0.08338002,4.2297344
12284,12.284,0.09787617,4.247161
12285,12.285,0.09691599,4.2642217
12286,12.286,0.105720535,4.2510557
12287,12.287,0.121783875,4.214719
12288,12.288,0.10677805,4.157296
12289,12.289,0.09146319,4.14081
12290,12.29,0.103290364,4.180009
12291,12.291,0.1105759,4.166638
12292,12.292,0.10765782,4.2603498
12293,12.293,0.107606806,4.2522006
12294,12.294,0.09687245,4.19709
12295,12.295,0.108549625,4.1966653
12296,12.296,0.110430494,4.2491794
12297,12.297,0.0948118,4.259001
12298,12.298,0.1073912,4.2177815
12299,12.299,0.09261927,4.25742
12300,12.3,0.088320315,4.2514973
12301,12.301,0.088829294,4.261932
12302,12.302,0.08566805,4.301565
12303,12.303,0.08911902,4.2677765
12304,12.304,0.09464339,4.253962
12305,12.305,0.09989503,4.2418084
12306,12.306,0.09166329,4.193411
12307,12.307,0.094277486,4.1956587
12308,12.308,0.087374195,4.2310977
12309,12.309,0.07998207,4.2291017
12310,12.31,0.089790985,4.218614
12311,12.311,0.08082171,4.242077
12312,12.312,0.082191736,4.232873
12313,12.313,0.07610887,4.237393
12314,12.314,0.071801044,4.2384543
12315,12.315,0.08194595,4.235518
12316,12.316,0.07997051,4.2558904
12317,12.317,0.08699499,4.2650213
12318,12.318,0.0807201,4.263954
12319,12.319,0.08550868,4.247253
12320,12.32,0.089326315,4.2389565
12321,12.321,0.09963084,4.246265
12322,12.322,0.10163475,4.308104
12323,12.323,0.10446107,4.353323
12324,12.324,0.110644355,4.288891
12325,12.325,0.09117838,4.3008924
12326,12.326,0.0996436,4.237442
12327,12.327,0.08797279,4.239346
12328,12.328,0.09845671,4.221674
12329,12.329,0.10683217,4.2450614
12330,12.33,0.10428054,4.2102814
12331,12.331,0.09450956,4.2163515
12332,12.332,0.09822161,4.228008
12333,12.333,0.10097177,4.232554
12334,12.334,0.0916469,4.202185
12335,12.335,0.10014467,4.2444277
12336,12.336,0.094567634,4.2302117
12337,12.337,0.09702149,4.2849274
12338,12.338,0.0949452,4.239363
12339,12.339,0.098346286,4.219111
12340,12.34,0.0994491,4.311081
12341,12.341,0.08934767,4.259372
12342,12.342,0.08735236,4.2312727
12343,12.343,0.09302775,4.2392187
12344,12.344,0.089975536,4.2990165
12345,12.345,0.09005323,4.273452
12346,12.346,0.08464179,4.280405
12347,12.347,0.08785248,4.285904
12348,12.348,0.09573935,4.3146143
12349,12.349,0.102261215,4.3506346
12350,12.35,0.08300973,4.338186
12351,12.351,0.08175388,4.3474927
12352,12.352,0.087125115,4.2722797
12353,12.353,0.0772134,4.299612
12354,12.354,0.09036461,4.2869234
12355,12.355,0.080564566,4.335906
12356,12.356,0.08509807,4.3623185
12357,12.357,0.08510759,4.3102593
12358,12.358,0.0825762,4.3166676
12359,12.359,0.079397485,4.305637
12360,12.36,0.08422834,4.309993
12361,12.361,0.08186762,4.30313
12362,12.362,0.08958476,4.3080354
12363,12.363,0.0825881,4.385002
12364,12.364,0.07183404,4.315113
12365,12.365,0.06492311,4.332927
12366,12.366,0.07541387,4.350115
12367,12.367,0.07693594,4.292846
12368,12.368,0.07626818,4.297695
12369,12.369,0.07908384,4.3069167
12370,12.37,0.07816494,4.29743
12371,12.371,0.08746213,4.290613
12372,12.372,0.08664682,4.348185
12373,12.373,0.09014112,4.3195553
12374,12.374,0.07933777,4.242503
12375,12.375,0.07369435,4.2538714
12376,12.376,0.093924314,4.341589
12377,12.377,0.07737866,4.3019266
12378,12.378,0.06797698,4.3119636
12379,12.379,0.09082652,4.362182
12380,12.38,0.093194105,4.298462
12381,12.381,0.07780028,4.3010297
12382,12.382,0.09314696,4.260447
12383,12.383,0.0986016,4.288194
12384,12.384,0.08347632,4.3279314
12385,12.385,0.09100897,4.3524985
12386,12.386,0.08368378,4.3340044
12387,12.387,0.09283183,4.3587046
12388,12.388,0.100660466,4.4110966
12389,12.389,0.093934156,4.4025745
12390,12.39,0.09934443,4.393541
12391,12.391,0.09332363,4.4258404
12392,12.392,0.08343269,4.4158773
12393,12.393,0.083852135,4.406958
12394,12.394,0.090278864,4.361085
12395,12.395,0.07705154,4.4082117
12396,12.396,0.08701957,4.404338
12397,12.397,0.09653775,4.4309936
12398,12.398,0.08191068,4.4433393
12399,12.399,0.09319845,4.3729467
12400,12.4,0.08264896,4.4131904
12401,12.401,0.0693499,4.391547
12402,12.402,0.07389251,4.4652634
12403,12.403,0.08613702,4.4284997
12404,12.404,0.08454818,4.4295473
12405,12.405,0.08267204,4.465032
12406,12.406,0.08661279,4.437314
12407,12.407,0.096137576,4.4014626
12408,12.408,0.09400674,4.3737335
12409,12.409,0.086270444,4.294321
12410,12.41,0.08999609,4.274322
12411,12.411,0.106621504,4.274753
12412,12.412,0.097966485,4.1953535
12413,12.413,0.10019025,4.2030597
12414,12.414,0.083620906,4.2374053
12415,12.415,0.1016717,4.2922173
12416,12.416,0.10938081,4.3119683
12417,12.417,0.11586064,4.2738757
12418,12.418,0.11517417,4.296975
12419,12.419,0.09802723,4.3111463
12420,12.42,0.10321815,4.2405744
12421,12.421,0.10545341,4.251802
12422,12.422,0.100343585,4.216405
12423,12.423,0.10018564,4.229184
12424,12.424,0.09913476,4.2189655
12425,12.425,0.106663235,4.1787076
12426,12.426,0.10174728,4.1562557
12427,12.427,0.09864966,4.1915417
12428,12.428,0.10642834,4.171297
12429,12.429,0.10367575,4.2265477
12430,12.43,0.10292094,4.1631393
12431,12.431,0.093519755,4.1818333
12432,12.432,0.0905697,4.1643767
12433,12.433,0.08774715,4.133193
12434,12.434,0.08862931,4.187535
12435,12.435,0.09211618,4.158423
12436,12.436,0.09127151,4.1394634
12437,12.437,0.09141515,4.137243
12438,12.438,0.093914464,4.1343865
12439,12.439,0.094481416,4.0799527
12440,12.44,0.115791775,4.068297
12441,12.441,0.10550766,4.0751195
12442,12.442,0.096363366,4.090498
12443,12.443,0.10547971,4.09435
12444,12.444,0.092057176,4.0887094
12445,12.445,0.0901565,4.1273355
12446,12.446,0.09191077,4.07077
12447,12.447,0.0915131,4.1040096
12448,12.448,0.10863,4.067809
12449,12.449,0.0998441,4.0668964
12450,12.45,0.09074184,4.1265726
12451,12.451,0.09115556,4.074892
12452,12.452,0.08674016,4.0630603
12453,12.453,0.07587537,4.0884933
12454,12.454,0.07645967,4.1273837
12455,12.455,0.090150736,4.124581
12456,12.456,0.07790571,4.1310196
12457,12.457,0.0825391,4.1807566
12458,12.458,0.097807646,4.1977906
12459,12.459,0.099663325,4.163373
12460,12.46,0.08735302,4.178186
12461,12.461,0.0954134,4.185612
12462,12.462,0.113493815,4.1181684
12463,12.463,0.10690734,4.15374
12464,12.464,0.09496164,4.117344
12465,12.465,0.09222153,4.1486125
12466,12.466,0.0955139,4.1277237
12467,12.467,0.09102611,4.1379323
12468,12.468,0.10203489,4.1285505
12469,12.469,0.10699003,4.1501327
12470,12.47,0.10162565,4.1762896
12471,12.471,0.102176405,4.175229
12472,12.472,0.09920703,4.1201715
12473,12.473,0.101888634,4.13402
12474,12.474,0.103696376,4.185029
12475,12.475,0.11292353,4.139582
12476,12.476,0.1051823,4.129061
12477,12.477,0.09533462,4.114255
12478,12.478,0.102457725,4.122006
12479,12.479,0.10417517,4.1073103
12480,12.48,0.09614779,4.1401825
12481,12.481,0.10032458,4.161579
12482,12.482,0.1078193,4.1543093
12483,12.483,0.10554216,4.1541123
12484,12.484,0.10253723,4.1405315
12485,12.485,0.096757226,4.1427226
12486,12.486,0.108763464,4.143267
12487,12.487,0.10578776,4.187372
12488,12.488,0.10376157,4.1567082
12489,12.489,0.10681918,4.1677
12490,12.49,0.099411316,4.208902
12491,12.491,0.087204024,4.185742
12492,12.492,0.08875704,4.1773205
12493,12.493,0.08405385,4.183083
12494,12.494,0.09499085,4.1988125
12495,12.495,0.10125187,4.175955
12496,12.496,0.09667416,4.1743774
12497,12.497,0.10072705,4.1888
12498,12.498,0.10211303,4.2217617
12499,12.499,0.0946269,4.223569
12500,12.5,0.100613944,4.2189445
12501,12.501,0.11069501,4.224141
12502,12.502,0.11015642,4.2104683
12503,12.503,0.11353149,4.18331
12504,12.504,0.12222918,4.202122
12505,12.505,0.11370445,4.21061
12506,12.506,0.12079937,4.2312603
12507,12.507,0.11174062,4.178858
12508,12.508,0.11911054,4.1985936
12509,12.509,0.13065825,4.162124
12510,12.51,0.12568615,4.206115
12511,12.511,0.13370858,4.1662498
12512,12.512,0.12312717,4.187208
12513,12.513,0.1154148,4.168137
12514,12.514,0.10826546,4.1692443
12515,12.515,0.10544409,4.1903987
12516,12.516,0.10134088,4.214366
12517,12.517,0.10028424,4.238464
12518,12.518,0.0901315,4.230639
12519,12.519,0.102244824,4.2052846
12520,12.52,0.10891322,4.2123265
12521,12.521,0.11367649,4.2734175
12522,12.522,0.12084051,4.2868037
12523,12.523,0.111834206,4.353979
12524,12.524,0.100159094,4.3825216
12525,12.525,0.09841208,4.442812
12526,12.526,0.107257105,4.461373
12527,12.527,0.103470385,4.54023
12528,12.528,0.09348019,4.5777125
12529,12.529,0.09758994,4.5785637
12530,12.53,0.09791927,4.5296216
12531,12.531,0.10189204,4.5377016
12532,12.532,0.10447158,4.6177535
12533,12.533,0.10365958,4.5675426
12534,12.534,0.11453153,4.591087
12535,12.535,0.118233375,4.6209784
12536,12.536,0.11414584,4.674735
12537,12.537,0.11419393,4.6226025
12538,12.538,0.10643975,4.6120195
12539,12.539,0.09598535,4.677097
12540,12.54,0.11006981,4.717261
12541,12.541,0.110184744,4.6633234
12542,12.542,0.07869407,4.6436605
12543,12.543,0.10320303,4.608193
12544,12.544,0.09704651,4.6118407
12545,12.545,0.09784192,4.640796
12546,12.546,0.09228731,4.582415
12547,12.547,0.0916305,4.552796
12548,12.548,0.10184551,4.6361732
12549,12.549,0.10329708,4.6429563
12550,12.55,0.11237042,4.5817223
12551,12.551,0.109419905,4.6139026
12552,12.552,0.0934975,4.6217294
12553,12.553,0.09257183,4.5871906
12554,12.554,0.09058757,4.585613
12555,12.555,0.098094426,4.6080456
12556,12.556,0.10382394,4.6539392
12557,12.557,0.09699468,4.62948
12558,12.558,0.1024769,4.651661
12559,12.559,0.096203685,4.6226926
12560,12.56,0.10166204,4.658607
12561,12.561,0.09924314,4.669536
12562,12.562,0.100974634,4.651356
12563,12.563,0.10776514,4.637018
12564,12.564,0.11092712,4.6013317
12565,12.565,0.108053304,4.608934
12566,12.566,0.090969585,4.621509
12567,12.567,0.11571688,4.583354
12568,12.568,0.093934156,4.584757
12569,12.569,0.10205245,4.6169553
12570,12.57,0.09610751,4.5620794
12571,12.571,0.08954669,4.5760603
12572,12.572,0.084238626,4.5964713
12573,12.573,0.08882279,4.5755625
12574,12.574,0.08850728,4.536363
12575,12.575,0.10411912,4.6152663
12576,12.576,0.09594801,4.6340055
12577,12.577,0.101375096,4.61164
12578,12.578,0.08673949,4.606331
12579,12.579,0.075602174,4.601615
12580,12.58,0.08575976,4.592489
12581,12.581,0.078974135,4.6312943
12582,12.582,0.088052906,4.6210465
12583,12.583,0.076017685,4.598172
12584,12.584,0.07764337,4.6017537
12585,12.585,0.074483834,4.632048
12586,12.586,0.07990109,4.6515775
12587,12.587,0.078173816,4.6457567
12588,12.588,0.08273144,4.6526775
12589,12.589,0.07296685,4.596874
12590,12.59,0.07877188,4.611286
12591,12.591,0.08883515,4.626367
12592,12.592,0.097827144,4.6468706
12593,12.593,0.09473373,4.595451
12594,12.594,0.09007441,4.6174183
12595,12.595,0.08924993,4.6235538
12596,12.596,0.10166147,4.66934
12597,12.597,0.09716674,4.64448
12598,12.598,0.096485645,4.601656
12599,12.599,0.08808244,4.575012
12600,12.6,0.07748838,4.5274186
12601,12.601,0.07220001,4.574418
12602,12.602,0.06644802,4.6123905
12603,12.603,0.079645336,4.589618
12604,12.604,0.07799468,4.618586
12605,12.605,0.06704379,4.6188126
12606,12.606,0.072025284,4.6491957
12607,12.607,0.078820296,4.610621
12608,12.608,0.07643926,4.6158686
12609,12.609,0.08260279,4.5771875
12610,12.61,0.08843672,4.535926
12611,12.611,0.08229645,4.5259447
12612,12.612,0.0991709,4.5275764
12613,12.613,0.087355666,4.515734
12614,12.614,0.093734585,4.51239
12615,12.615,0.10433318,4.5190334
12616,12.616,0.09295564,4.458283
12617,12.617,0.093865834,4.495509
12618,12.618,0.09141009,4.4733753
12619,12.619,0.084845036,4.4497375
12620,12.62,0.07835917,4.400345
12621,12.621,0.076026045,4.412006
12622,12.622,0.08240735,4.4094625
12623,12.623,0.071953826,4.485238
12624,12.624,0.07599335,4.4149685
12625,12.625,0.083279446,4.4441934
12626,12.626,0.08587223,4.4133315
12627,12.627,0.0741611,4.427609
12628,12.628,0.0892182,4.4290633
12629,12.629,0.07596368,4.4234724
12630,12.63,0.08482256,4.464881
12631,12.631,0.081533,4.4446225
12632,12.632,0.07713701,4.43642
12633,12.633,0.081888095,4.4762683
12634,12.634,0.07975194,4.411918
12635,12.635,0.092348665,4.4848046
12636,12.636,0.086893946,4.477117
12637,12.637,0.09954321,4.457727
12638,12.638,0.08313427,4.4289145
12639,12.639,0.09688975,4.4684315
12640,12.64,0.08653936,4.4610443
12641,12.641,0.08844979,4.439144
12642,12.642,0.09033199,4.4421444
12643,12.643,0.09241811,4.5169888
12644,12.644,0.08185986,4.5239177
12645,12.645,0.08347909,4.5742717
12646,12.646,0.07272088,4.5586104
12647,12.647,0.063804194,4.5272965
12648,12.648,0.067744456,4.580152
12649,12.649,0.084058665,4.522913
12650,12.65,0.07436812,4.5210233
12651,12.651,0.0726342,4.510187
12652,12.652,0.06919637,4.6119003
12653,12.653,0.07391206,4.564385
12654,12.654,0.08745287,4.623664
12655,12.655,0.07236553,4.6245923
12656,12.656,0.081452146,4.6074834
12657,12.657,0.08319195,4.5903935
12658,12.658,0.06814767,4.5741887
12659,12.659,0.07354597,4.586754
12660,12.66,0.07466984,4.578933
12661,12.661,0.080545194,4.554088
12662,12.662,0.07724633,4.599371
12663,12.663,0.07820634,4.612811
12664,12.664,0.07501119,4.5769224
12665,12.665,0.07128156,4.596675
12666,12.666,0.076275,4.600706
12667,12.667,0.090486705,4.573117
12668,12.668,0.084547505,4.6057816
12669,12.669,0.09354324,4.5992765
12670,12.67,0.09921751,4.6473293
12671,12.671,0.09711617,4.6148953
12672,12.672,0.09407619,4.5614038
12673,12.673,0.106830545,4.5144086
12674,12.674,0.09231486,4.5133934
12675,12.675,0.092495,4.5479217
12676,12.676,0.08116567,4.5637593
12677,12.677,0.08163643,4.599094
12678,12.678,0.07283206,4.581452
12679,12.679,0.07258405,4.615578
12680,12.68,0.07749062,4.605715
12681,12.681,0.073493294,4.5676575
12682,12.682,0.0757839,4.5734262
12683,12.683,0.07135369,4.5100913
12684,12.684,0.0729819,4.5403047
12685,12.685,0.08678878,4.5907216
12686,12.686,0.06865803,4.613576
12687,12.687,0.070556216,4.647238
12688,12.688,0.07549583,4.6259346
12689,12.689,0.071389325,4.62549
12690,12.69,0.060901903,4.5787063
12691,12.691,0.0723144,4.61335
12692,12.692,0.08005574,4.632052
12693,12.693,0.075134374,4.6108856
12694,12.694,0.077555485,4.657539
12695,12.695,0.077379405,4.5987573
12696,12.696,0.086748816,4.6230865
12697,12.697,0.09773316,4.663046
12698,12.698,0.087497145,4.60581
12699,12.699,0.08759354,4.609603
12700,12.7,0.07817899,4.6428943
12701,12.701,0.07935525,4.604964
12702,12.702,0.07942951,4.60741
12703,12.703,0.09093654,4.631676
12704,12.704,0.09183779,4.648267
12705,12.705,0.077181205,4.6640434
12706,12.706,0.08359326,4.5973377
12707,12.707,0.08174398,4.6192155
12708,12.708,0.08459808,4.6126027
12709,12.709,0.07972802,4.6478505
12710,12.71,0.083630584,4.67798
12711,12.711,0.070674084,4.6730127
12712,12.712,0.073239625,4.6593313
12713,12.713,0.071584985,4.629708
12714,12.714,0.07330036,4.6720977
12715,12.715,0.059426297,4.6948566
12716,12.716,0.07251314,4.7484965
12717,12.717,0.07523662,4.7815638
12718,12.718,0.075365566,4.7514358
12719,12.719,0.07659109,4.7749653
12720,12.72,0.080018915,4.803992
12721,12.721,0.06946232,4.710782
12722,12.722,0.07905094,4.671984
12723,12.723,0.08148478,4.7174706
12724,12.724,0.07408547,4.647311
12725,12.725,0.07180265,4.6280656
12726,12.726,0.07124344,4.6624036
12727,12.727,0.08806078,4.6923285
12728,12.728,0.07757337,4.6171255
12729,12.729,0.06882871,4.6006746
12730,12.73,0.07412524,4.639986
12731,12.731,0.082944945,4.6337786
12732,12.732,0.07922404,4.674105
12733,12.733,0.06334143,4.662897
12734,12.734,0.07563504,4.6762753
12735,12.735,0.062661625,4.625991
12736,12.736,0.0683822,4.6351275
12737,12.737,0.06832132,4.627054
12738,12.738,0.08411709,4.612746
12739,12.739,0.09601606,4.649524
12740,12.74,0.0825398,4.6975956
12741,12.741,0.09284552,4.719984
12742,12.742,0.07478586,4.775641
12743,12.743,0.07888553,4.761736
12744,12.744,0.077265784,4.7328286
12745,12.745,0.08450511,4.691063
12746,12.746,0.08160811,4.735612
12747,12.747,0.07900487,4.671177
12748,12.748,0.095257595,4.6896567
12749,12.749,0.085534364,4.695599
12750,12.75,0.076464206,4.7439013
12751,12.751,0.08147769,4.7430377
12752,12.752,0.09106865,4.670888
12753,12.753,0.10031536,4.6925497
12754,12.754,0.111397155,4.6484623
12755,12.755,0.11208613,4.676002
12756,12.756,0.11587511,4.7087827
12757,12.757,0.11276885,4.657825
12758,12.758,0.11368666,4.5901227
12759,12.759,0.09681455,4.535516
12760,12.76,0.08162723,4.546371
12761,12.761,0.08848115,4.561451
12762,12.762,0.09111814,4.508959
12763,12.763,0.107233934,4.5356693
12764,12.764,0.087037496,4.533354
12765,12.765,0.08330998,4.544897
12766,12.766,0.071531676,4.5172
12767,12.767,0.072212815,4.4769125
12768,12.768,0.0693674,4.4701934
12769,12.769,0.076310605,4.4510136
12770,12.77,0.07969177,4.4489746
12771,12.771,0.06864709,4.4885325
12772,12.772,0.067090325,4.612821
12773,12.773,0.076368146,4.6127815
12774,12.774,0.068444714,4.5090175
12775,12.775,0.057229422,4.53861
12776,12.776,0.06968662,4.502595
12777,12.777,0.06859065,4.5188866
12778,12.778,0.06865298,4.4863553
12779,12.779,0.082359634,4.518637
12780,12.78,0.06965759,4.621338
12781,12.781,0.08243259,4.6312084
12782,12.782,0.08985404,4.5911226
12783,12.783,0.07733158,4.686014
12784,12.784,0.085987255,4.625541
12785,12.785,0.07906849,4.659082
12786,12.786,0.07453038,4.58638
12787,12.787,0.08150677,4.577389
12788,12.788,0.0825622,4.545369
12789,12.789,0.093952,4.5672083
12790,12.79,0.09069215,4.527989
12791,12.791,0.09923965,4.5211973
12792,12.792,0.104190156,4.5733285
12793,12.793,0.1008085,4.5586944
12794,12.794,0.09638616,4.554643
12795,12.795,0.094370626,4.465725
12796,12.796,0.078073196,4.526676
12797,12.797,0.07386826,4.5469546
12798,12.798,0.082721666,4.5617995
12799,12.799,0.07065527,4.5549607
12800,12.8,0.081326455,4.5409527
12801,12.801,0.068905085,4.5710263
12802,12.802,0.07762029,4.595381
12803,12.803,0.07113546,4.5606093
12804,12.804,0.08987784,4.6096487
12805,12.805,0.07758752,4.5828633
12806,12.806,0.08431269,4.6033535
12807,12.807,0.07437822,4.571665
12808,12.808,0.08451537,4.576859
12809,12.809,0.0842791,4.5643306
12810,12.81,0.090819515,4.60735
12811,12.811,0.08502333,4.517525
12812,12.812,0.08290173,4.5709424
12813,12.813,0.07963009,4.6091228
12814,12.814,0.08306471,4.6007867
12815,12.815,0.089767806,4.558456
12816,12.816,0.09086787,4.6151395
12817,12.817,0.082609795,4.6227183
12818,12.818,0.08002325,4.510455
12819,12.819,0.086602114,4.533733
12820,12.82,0.07796355,4.4376554
12821,12.821,0.078209296,4.446696
12822,12.822,0.08762916,4.399139
12823,12.823,0.08415282,4.4054747
12824,12.824,0.08625101,4.3908715
12825,12.825,0.08352201,4.342806
12826,12.826,0.08792678,4.3311696
12827,12.827,0.09661854,4.311202
12828,12.828,0.08068572,4.3469176
12829,12.829,0.085457295,4.3440332
12830,12.83,0.08213828,4.3490596
12831,12.831,0.08530972,4.3448286
12832,12.832,0.09416523,4.3125873
12833,12.833,0.09195164,4.3356895
12834,12.834,0.08270908,4.3701057
12835,12.835,0.08087032,4.38154
12836,12.836,0.09695117,4.372548
12837,12.837,0.09680918,4.3638153
12838,12.838,0.10171092,4.402961
12839,12.839,0.09490989,4.3605475
12840,12.84,0.091310136,4.3704457
12841,12.841,0.08774912,4.380862
12842,12.842,0.094251126,4.418597
12843,12.843,0.09003911,4.409274
12844,12.844,0.08301809,4.4425535
12845,12.845,0.081763774,4.445254
12846,12.846,0.08615312,4.4087167
12847,12.847,0.07024753,4.4996724
12848,12.848,0.0738072,4.4692535
12849,12.849,0.06970403,4.411478
12850,12.85,0.069113635,4.4618077
12851,12.851,0.06885474,4.4552097
12852,12.852,0.065496564,4.403025
12853,12.853,0.069331564,4.415704
12854,12.854,0.07162292,4.413506
12855,12.855,0.081025265,4.403277
12856,12.856,0.07575415,4.400337
12857,12.857,0.07246849,4.404791
12858,12.858,0.08507974,4.41681
12859,12.859,0.093494415,4.4354253
12860,12.86,0.09276892,4.458386
12861,12.861,0.093924925,4.4278755
12862,12.862,0.07943824,4.489265
12863,12.863,0.06702827,4.45312
12864,12.864,0.07721415,4.501039
12865,12.865,0.083028525,4.453544
12866,12.866,0.07395584,4.4764657
12867,12.867,0.08093677,4.5325165
12868,12.868,0.077083796,4.546955
12869,12.869,0.080338985,4.5484557
12870,12.87,0.07456992,4.546547
12871,12.871,0.073511384,4.615211
12872,12.872,0.06681148,4.664004
12873,12.873,0.077353254,4.579697
12874,12.874,0.07291772,4.550624
12875,12.875,0.07093448,4.6102743
12876,12.876,0.07372729,4.5364146
12877,12.877,0.06514352,4.6449504
12878,12.878,0.06866308,4.6385064
12879,12.879,0.06117178,4.579045
12880,12.88,0.060755573,4.618507
12881,12.881,0.059868164,4.585461
12882,12.882,0.06464922,4.585121
12883,12.883,0.064308584,4.6034026
12884,12.884,0.067911476,4.6029058
12885,12.885,0.0705259,4.6151743
12886,12.886,0.064907074,4.631785
12887,12.887,0.08267414,4.6302514
12888,12.888,0.07998135,4.6102705
12889,12.889,0.06479924,4.6688704
12890,12.89,0.07532337,4.6137347
12891,12.891,0.0688623,4.621191
12892,12.892,0.08185844,4.5749717
12893,12.893,0.084204316,4.614872
12894,12.894,0.08148549,4.5862193
12895,12.895,0.085234486,4.614689
12896,12.896,0.08041593,4.61036
12897,12.897,0.077478684,4.6590385
12898,12.898,0.08563161,4.599132
12899,12.899,0.069536336,4.555154
12900,12.9,0.063117474,4.5461583
12901,12.901,0.06409523,4.559487
12902,12.902,0.082318924,4.587595
12903,12.903,0.075943135,4.613416
12904,12.904,0.07965259,4.647049
12905,12.905,0.06446837,4.6715093
12906,12.906,0.064049214,4.665273
12907,12.907,0.06184086,4.650839
12908,12.908,0.0762462,4.668991
12909,12.909,0.062429678,4.6501236
12910,12.91,0.062440787,4.6503763
12911,12.911,0.06591791,4.624495
12912,12.912,0.060814526,4.643446
12913,12.913,0.058471307,4.5970316
12914,12.914,0.060928468,4.613929
12915,12.915,0.062375955,4.547997
12916,12.916,0.055420294,4.534625
12917,12.917,0.06601955,4.5543537
12918,12.918,0.065080486,4.6127424
12919,12.919,0.06789701,4.5971136
12920,12.92,0.06657055,4.56943
12921,12.921,0.07585785,4.5999985
12922,12.922,0.06757532,4.546352
12923,12.923,0.06942487,4.5555925
12924,12.924,0.06908687,4.5357356
12925,12.925,0.068490304,4.574557
12926,12.926,0.07159548,4.5682135
12927,12.927,0.0774145,4.5990205
12928,12.928,0.07320726,4.6565986
12929,12.929,0.08243469,4.6379642
12930,12.93,0.07146539,4.6861863
12931,12.931,0.07621739,4.7346115
12932,12.932,0.07663108,4.7796426
12933,12.933,0.07852201,4.744389
12934,12.934,0.07417045,4.816816
12935,12.935,0.07495261,4.8117757
12936,12.936,0.08075589,4.793153
12937,12.937,0.075722866,4.7893686
12938,12.938,0.06752313,4.8313704
12939,12.939,0.06995318,4.8091054
12940,12.94,0.07291852,4.781317
12941,12.941,0.08439902,4.7907476
12942,12.942,0.080501415,4.814499
12943,12.943,0.06891096,4.8310575
12944,12.944,0.06632874,4.770054
12945,12.945,0.07555935,4.7489257
12946,12.946,0.08210097,4.6927443
12947,12.947,0.06596525,4.6507006
12948,12.948,0.06748888,4.65218
12949,12.949,0.06672058,4.6312695
12950,12.95,0.080287166,4.6594553
12951,12.951,0.074039415,4.6716857
12952,12.952,0.07688258,4.643718
12953,12.953,0.07649368,4.6394677
12954,12.954,0.0853524,4.698532
12955,12.955,0.078608826,4.65367
12956,12.956,0.08196217,4.670096
12957,12.957,0.08399676,4.665903
12958,12.958,0.084985934,4.6969113
12959,12.959,0.08757506,4.611944
12960,12.96,0.08560258,4.6506133
12961,12.961,0.076614484,4.617611
12962,12.962,0.08158898,4.661077
12963,12.963,0.08828693,4.671036
12964,12.964,0.08053371,4.654913
12965,12.965,0.07828316,4.6078043
12966,12.966,0.073359475,4.6244535
12967,12.967,0.07531877,4.634932
12968,12.968,0.065574184,4.650709
12969,12.969,0.07664465,4.6557994
12970,12.97,0.08771684,4.6484523
12971,12.971,0.080003746,4.6023917
12972,12.972,0.078249194,4.5684566
12973,12.973,0.08162581,4.633582
12974,12.974,0.08253069,4.605816
12975,12.975,0.08226906,4.6466475
12976,12.976,0.0726684,4.6388125
12977,12.977,0.07825288,4.681691
12978,12.978,0.08205309,4.6074657
12979,12.979,0.08075303,4.6538434
12980,12.98,0.07788196,4.6099486
12981,12.981,0.07042256,4.6446705
12982,12.982,0.073155135,4.6506696
12983,12.983,0.075795345,4.65593
12984,12.984,0.07894193,4.706633
12985,12.985,0.083216965,4.650332
12986,12.986,0.086891286,4.670428
12987,12.987,0.08405936,4.700832
12988,12.988,0.092568085,4.67535
12989,12.989,0.087793246,4.6946793
12990,12.99,0.084300354,4.6227674
12991,12.991,0.098527715,4.5998244
12992,12.992,0.08793204,4.6536736
12993,12.993,0.1023821,4.6690702
12994,12.994,0.08956218,4.685304
12995,12.995,0.09335459,4.6442122
12996,12.996,0.093817174,4.6248274
12997,12.997,0.09409646,4.647646
12998,12.998,0.09759646,4.6147895
12999,12.999,0.102927126,4.667189
13000,13.0,0.090057075,4.6054096
13001,13.001,0.0827936,4.6482935
13002,13.002,0.087697074,4.673568
13003,13.003,0.08427293,4.690367
13004,13.004,0.07497111,4.732115
13005,13.005,0.082917765,4.70403
13006,13.006,0.09028207,4.7073746
13007,13.007,0.094072506,4.6337447
13008,13.008,0.08218259,4.548224
13009,13.009,0.07411121,4.552568
13010,13.01,0.075359434,4.6152654
13011,13.011,0.07708679,4.5999846
13012,13.012,0.08372935,4.627104
13013,13.013,0.079448424,4.619272
13014,13.014,0.0824424,4.621042
13015,13.015,0.08229645,4.63967
13016,13.016,0.0755341,4.611207
13017,13.017,0.08669483,4.5957527
13018,13.018,0.07565643,4.61789
13019,13.019,0.07753909,4.5928693
13020,13.02,0.080147386,4.6519346
13021,13.021,0.084849805,4.7229004
13022,13.022,0.08884296,4.7081914
13023,13.023,0.08232805,4.7112665
13024,13.024,0.077619545,4.687123
13025,13.025,0.07511899,4.7374306
13026,13.026,0.07413772,4.7877274
13027,13.027,0.092455,4.719356
13028,13.028,0.081007436,4.8063984
13029,13.029,0.08840012,4.7351003
13030,13.03,0.08715894,4.7332087
13031,13.031,0.080304444,4.6899967
13032,13.032,0.06753853,4.700122
13033,13.033,0.07901584,4.682516
13034,13.034,0.07416656,4.642805
13035,13.035,0.09743405,4.6598988
13036,13.036,0.085122526,4.6822157
13037,13.037,0.086188674,4.681274
13038,13.038,0.07952914,4.6911345
13039,13.039,0.081551425,4.689709
13040,13.04,0.08799578,4.635392
13041,13.041,0.087495826,4.6199117
13042,13.042,0.08742644,4.642522
13043,13.043,0.08655672,4.638461
13044,13.044,0.07304681,4.612279
13045,13.045,0.07013637,4.625313
13046,13.046,0.072815396,4.653802
13047,13.047,0.08659878,4.635443
13048,13.048,0.083070286,4.657655
13049,13.049,0.099706225,4.673268
13050,13.05,0.094745934,4.623087
13051,13.051,0.091310136,4.6457834
13052,13.052,0.08887353,4.64091
13053,13.053,0.08189092,4.6280866
13054,13.054,0.08106663,4.5728393
13055,13.055,0.08676081,4.639876
13056,13.056,0.08569773,4.673644
13057,13.057,0.09021739,4.6642404
13058,13.058,0.089358665,4.6509314
13059,13.059,0.09201573,4.5798683
13060,13.06,0.08834256,4.6166325
13061,13.061,0.08673616,4.667006
13062,13.062,0.07856322,4.676179
13063,13.063,0.068079785,4.6102057
13064,13.064,0.07672756,4.610192
13065,13.065,0.07295576,4.614693
13066,13.066,0.078238845,4.6389146
13067,13.067,0.07988662,4.7100863
13068,13.068,0.07397069,4.6736293
13069,13.069,0.07506049,4.558443
13070,13.07,0.08754206,4.6185
13071,13.071,0.07053819,4.6304865
13072,13.072,0.08693518,4.6454053
13073,13.073,0.0792182,4.689641
13074,13.074,0.07508051,4.6814394
13075,13.075,0.074243665,4.6593585
13076,13.076,0.082492866,4.696352
13077,13.077,0.08106663,4.720707
13078,13.078,0.08133498,4.6342206
13079,13.079,0.08341675,4.605882
13080,13.08,0.07530726,4.620502
13081,13.081,0.08111225,4.6134353
13082,13.082,0.08753876,4.6589994
13083,13.083,0.08704148,4.5654526
13084,13.084,0.09096514,4.6001277
13085,13.085,0.09121641,4.5634255
13086,13.086,0.07713177,4.5913396
13087,13.087,0.09292952,4.6344123
13088,13.088,0.08197063,4.681547
13089,13.089,0.06823328,4.6018825
13090,13.09,0.083385564,4.5812445
13091,13.091,0.07963444,4.5949955
13092,13.092,0.07739882,4.6040497
13093,13.093,0.082962364,4.6991177
13094,13.094,0.0825538,4.681969
13095,13.095,0.07626439,4.781982
13096,13.096,0.08120412,4.7839093
13097,13.097,0.07723885,4.7825685
13098,13.098,0.08174045,4.7881274
13099,13.099,0.07414707,4.759368
13100,13.1,0.07626212,4.738179
13101,13.101,0.07352553,4.7334485
13102,13.102,0.084476374,4.7796726
13103,13.103,0.07480904,4.802642
13104,13.104,0.09328895,4.776062
13105,13.105,0.08766345,4.7057943
13106,13.106,0.07633333,4.6808457
13107,13.107,0.07545447,4.6970344
13108,13.108,0.07308162,4.6433296
13109,13.109,0.07561899,4.654369
13110,13.11,0.084496215,4.7047954
13111,13.111,0.0892156,4.7027006
13112,13.112,0.0823091,4.7811294
13113,13.113,0.08061979,4.717474
13114,13.114,0.08935155,4.6492443
13115,13.115,0.076845735,4.6929927
13116,13.116,0.06972311,4.6824784
13117,13.117,0.07647856,4.6393294
13118,13.118,0.07973019,4.71796
13119,13.119,0.08184573,4.669121
13120,13.12,0.07614076,4.7140245
13121,13.121,0.083689995,4.6358633
13122,13.122,0.079244465,4.608281
13123,13.123,0.086642146,4.5376344
13124,13.124,0.08164564,4.606388
13125,13.125,0.09270285,4.62795
13126,13.126,0.08098959,4.590575
13127,13.127,0.076433964,4.567388
13128,13.128,0.07650577,4.590563
13129,13.129,0.08770564,4.560028
13130,13.13,0.079631545,4.611298
13131,13.131,0.08875183,4.604155
13132,13.132,0.07869113,4.5951805
13133,13.133,0.08012719,4.591743
13134,13.134,0.08495533,4.6017165
13135,13.135,0.09369511,4.5314217
13136,13.136,0.07359782,4.5294886
13137,13.137,0.080642015,4.5626283
13138,13.138,0.08136837,4.54678
13139,13.139,0.084163114,4.541815
13140,13.14,0.086320676,4.5446963
13141,13.141,0.088971026,4.5337133
13142,13.142,0.08814541,4.4885845
13143,13.143,0.08407105,4.5432982
13144,13.144,0.08590387,4.48136
13145,13.145,0.09873341,4.453675
13146,13.146,0.09286046,4.4804115
13147,13.147,0.09941364,4.4847665
13148,13.148,0.093456075,4.453636
13149,13.149,0.093332924,4.5021887
13150,13.15,0.08778534,4.5089135
13151,13.151,0.1094743,4.4939547
13152,13.152,0.10729697,4.5047483
13153,13.153,0.094341226,4.49044
13154,13.154,0.09500849,4.549261
13155,13.155,0.10108276,4.5337987
13156,13.156,0.11103129,4.508831
13157,13.157,0.09794701,4.576606
13158,13.158,0.09496103,4.5545745
13159,13.159,0.099555396,4.5313845
13160,13.16,0.10349999,4.5458107
13161,13.161,0.09761008,4.5491433
13162,13.162,0.097813554,4.5387645
13163,13.163,0.09796943,4.5921235
13164,13.164,0.11238996,4.6475306
13165,13.165,0.1198772,4.6270566
13166,13.166,0.110431544,4.5738373
13167,13.167,0.10894082,4.5803623
13168,13.168,0.12031852,4.5556736
13169,13.169,0.104852624,4.5071816
13170,13.17,0.09646228,4.543264
13171,13.171,0.09937933,4.5749474
13172,13.172,0.09589077,4.5515842
13173,13.173,0.106313154,4.497659
13174,13.174,0.10586914,4.498215
13175,13.175,0.09810798,4.4719396
13176,13.176,0.10632837,4.5170436
13177,13.177,0.10098665,4.499978
13178,13.178,0.10396469,4.4806886
13179,13.179,0.108342305,4.5336323
13180,13.18,0.11572287,4.5342994
13181,13.181,0.111534044,4.4929347
13182,13.182,0.11262063,4.4872594
13183,13.183,0.10598209,4.5418797
13184,13.184,0.09886328,4.501479
13185,13.185,0.10140075,4.5313835
13186,13.186,0.104527995,4.5866117
13187,13.187,0.110328905,4.49979
13188,13.188,0.12580657,4.5338793
13189,13.189,0.1102094,4.4877133
13190,13.19,0.11585965,4.547367
13191,13.191,0.10204565,4.5218463
13192,13.192,0.111471325,4.572639
13193,13.193,0.09692792,4.581275
13194,13.194,0.0993101,4.5427766
13195,13.195,0.09970565,4.5724683
13196,13.196,0.10119477,4.61044
13197,13.197,0.10667299,4.600857
13198,13.198,0.10531355,4.511141
13199,13.199,0.09874453,4.589241
13200,13.2,0.10712716,4.5454707
13201,13.201,0.09546125,4.535397
13202,13.202,0.09887146,4.5626764
13203,13.203,0.095012754,4.583456
13204,13.204,0.10290129,4.5991435
13205,13.205,0.10312572,4.589798
13206,13.206,0.10168194,4.5681534
13207,13.207,0.097575724,4.572418
13208,13.208,0.09624573,4.5168552
13209,13.209,0.10705592,4.4470944
13210,13.21,0.09677216,4.4611297
13211,13.211,0.08817951,4.466176
13212,13.212,0.086744815,4.470262
13213,13.213,0.09433387,4.525675
13214,13.214,0.10268987,4.5615287
13215,13.215,0.105665304,4.5312204
13216,13.216,0.1109865,4.5492473
13217,13.217,0.09124428,4.518758
13218,13.218,0.09372534,4.5374393
13219,13.219,0.092260376,4.5126157
13220,13.22,0.09239372,4.5890822
13221,13.221,0.10240919,4.612944
13222,13.222,0.098769695,4.6695824
13223,13.223,0.09587931,4.615434
13224,13.224,0.0968975,4.6016784
13225,13.225,0.10811534,4.6388164
13226,13.226,0.10131464,4.6477222
13227,13.227,0.10798,4.5412445
13228,13.228,0.09168536,4.57264
13229,13.229,0.11715642,4.575473
13230,13.23,0.113733426,4.6416183
13231,13.231,0.10759176,4.6202655
13232,13.232,0.09890186,4.6046453
13233,13.233,0.09102294,4.607725
13234,13.234,0.09671899,4.5766983
13235,13.235,0.09889251,4.557079
13236,13.236,0.087530166,4.606334
13237,13.237,0.09045795,4.644829
13238,13.238,0.08891904,4.6220737
13239,13.239,0.0974382,4.6549635
13240,13.24,0.09972941,4.598828
13241,13.241,0.10635935,4.594408
13242,13.242,0.10419293,4.5776334
13243,13.243,0.10680132,4.6221585
13244,13.244,0.09837273,4.6193624
13245,13.245,0.0961526,4.5238276
13246,13.246,0.09840151,4.589209
13247,13.247,0.10409081,4.6018925
13248,13.248,0.101571605,4.6670327
13249,13.249,0.09432529,4.6257315
13250,13.25,0.0930588,4.6554284
13251,13.251,0.09822573,4.5843973
13252,13.252,0.094524845,4.6239796
13253,13.253,0.09613457,4.520203
13254,13.254,0.10282543,4.522857
13255,13.255,0.11042944,4.52739
13256,13.256,0.10543586,4.5070853
13257,13.257,0.10398525,4.534056
13258,13.258,0.1046932,4.474238
13259,13.259,0.09643771,4.4530373
13260,13.26,0.09681515,4.466774
13261,13.261,0.0840064,4.53337
13262,13.262,0.091414526,4.580755
13263,13.263,0.07892069,4.498097
13264,13.264,0.08244591,4.435843
13265,13.265,0.08089962,4.4129343
13266,13.266,0.08702887,4.4206657
13267,13.267,0.09044134,4.372519
13268,13.268,0.08423382,4.3945932
13269,13.269,0.06980015,4.4032154
13270,13.27,0.08526567,4.4161854
13271,13.271,0.078107245,4.3970428
13272,13.272,0.075108215,4.446405
13273,13.273,0.08003553,4.462171
13274,13.274,0.09149289,4.517976
13275,13.275,0.07046687,4.525091
13276,13.276,0.07927144,4.5475025
13277,13.277,0.09387199,4.532223
13278,13.278,0.08246904,4.5540843
13279,13.279,0.08076591,4.6350074
13280,13.28,0.08604638,4.5948176
13281,13.281,0.09521754,4.5967317
13282,13.282,0.0932654,4.6011276
13283,13.283,0.09094099,4.565982
13284,13.284,0.07293358,4.6292224
13285,13.285,0.081593946,4.6034727
13286,13.286,0.07748092,4.6467156
13287,13.287,0.08756978,4.627712
13288,13.288,0.089193575,4.6065106
13289,13.289,0.089520216,4.6034513
13290,13.29,0.09365933,4.5858774
13291,13.291,0.090458594,4.6380696
13292,13.292,0.07935015,4.726412
13293,13.293,0.08726564,4.7499456
13294,13.294,0.088376574,4.7250953
13295,13.295,0.07658581,4.7564273
13296,13.296,0.07504278,4.807145
13297,13.297,0.086330056,4.7982283
13298,13.298,0.09097086,4.7485995
13299,13.299,0.08716955,4.739631
13300,13.3,0.09394216,4.727419
13301,13.301,0.0883033,4.702521
13302,13.302,0.08979034,4.620145
13303,13.303,0.08835826,4.60895
13304,13.304,0.08012503,4.6379714
13305,13.305,0.08774583,4.651521
13306,13.306,0.07424211,4.622311
13307,13.307,0.07380564,4.6553864
13308,13.308,0.078735925,4.655593
13309,13.309,0.071133025,4.691694
13310,13.31,0.08106092,4.65242
13311,13.311,0.078798294,4.647774
13312,13.312,0.078958035,4.640287
13313,13.313,0.072304,4.699826
13314,13.314,0.06860919,4.7005687
13315,13.315,0.06325925,4.7129517
13316,13.316,0.06754708,4.6669464
13317,13.317,0.08503285,4.6359005
13318,13.318,0.09024045,4.623571
13319,13.319,0.08279151,4.568586
13320,13.32,0.07780103,4.6421967
13321,13.321,0.087120466,4.606983
13322,13.322,0.088639095,4.582164
13323,13.323,0.09147962,4.6611605
13324,13.324,0.09084115,4.6417656
13325,13.325,0.09661615,4.599171
13326,13.326,0.094633006,4.573167
13327,13.327,0.097569205,4.616087
13328,13.328,0.09583891,4.5614495
13329,13.329,0.092198335,4.60437
13330,13.33,0.09573392,4.5872397
13331,13.331,0.10960252,4.5450754
13332,13.332,0.097732574,4.574065
13333,13.333,0.10292993,4.5656567
13334,13.334,0.09085706,4.5714803
13335,13.335,0.09140251,4.554103
13336,13.336,0.09337378,4.594865
13337,13.337,0.100565106,4.526843
13338,13.338,0.11537523,4.566651
13339,13.339,0.11162521,4.561302
13340,13.34,0.10508444,4.531289
13341,13.341,0.10112278,4.5345407
13342,13.342,0.10986219,4.579883
13343,13.343,0.09770654,4.5663137
13344,13.344,0.09133988,4.562501
13345,13.345,0.09330815,4.563973
13346,13.346,0.09425357,4.561546
13347,13.347,0.09758046,4.5467153
13348,13.348,0.09649343,4.5728774
13349,13.349,0.100275025,4.583729
13350,13.35,0.09580755,4.579615
13351,13.351,0.105884425,4.559386
13352,13.352,0.095117934,4.5607324
13353,13.353,0.090949886,4.6336427
13354,13.354,0.07509128,4.57293
13355,13.355,0.0701001,4.6043086
13356,13.356,0.08144931,4.5475755
13357,13.357,0.08245082,4.4813347
13358,13.358,0.09491294,4.513769
13359,13.359,0.09368648,4.532977
13360,13.36,0.086845376,4.499655
13361,13.361,0.092774525,4.5370064
13362,13.362,0.08661746,4.6007295
13363,13.363,0.090738654,4.588533
13364,13.364,0.09206031,4.5234833
13365,13.365,0.09850484,4.5543303
13366,13.366,0.1014452,4.571338
13367,13.367,0.09270161,4.534685
13368,13.368,0.09398214,4.5569725
13369,13.369,0.104864754,4.6207356
13370,13.37,0.08784129,4.623948
13371,13.371,0.113452554,4.654754
13372,13.372,0.0970602,4.5695586
13373,13.373,0.11096828,4.625258
13374,13.374,0.10393577,4.654987
13375,13.375,0.09349009,4.6959987
13376,13.376,0.09667595,4.6111145
13377,13.377,0.103293724,4.6133637
13378,13.378,0.10838764,4.648261
13379,13.379,0.10798856,4.545983
13380,13.38,0.09657426,4.5917597
13381,13.381,0.104270004,4.51532
13382,13.382,0.10607094,4.5879173
13383,13.383,0.09175594,4.5857615
13384,13.384,0.0954673,4.5480924
13385,13.385,0.094601244,4.5290427
13386,13.386,0.1122572,4.5408688
13387,13.387,0.121540636,4.5326004
13388,13.388,0.1291741,4.571152
13389,13.389,0.1168274,4.545912
13390,13.39,0.12033965,4.553431
13391,13.391,0.13173802,4.567598
13392,13.392,0.123811565,4.605728
13393,13.393,0.11372428,4.631597
13394,13.394,0.12117963,4.6101713
13395,13.395,0.11252205,4.5633254
13396,13.396,0.108700745,4.581743
13397,13.397,0.12092562,4.6193547
13398,13.398,0.115365215,4.6260667
13399,13.399,0.11153923,4.6105337
13400,13.4,0.107213445,4.5695086
13401,13.401,0.09917848,4.6559067
13402,13.402,0.11395224,4.6668935
13403,13.403,0.13665532,4.674185
13404,13.404,0.1413964,4.6309447
13405,13.405,0.12740396,4.619236
13406,13.406,0.124321684,4.555448
13407,13.407,0.11349738,4.6012692
13408,13.408,0.09837096,4.553555
13409,13.409,0.09385105,4.6329336
13410,13.41,0.087797195,4.611857
13411,13.411,0.096641265,4.633278
13412,13.412,0.09359574,4.588713
13413,13.413,0.10099181,4.624365
13414,13.414,0.08865344,4.6334143
13415,13.415,0.0957816,4.6038747
13416,13.416,0.08571459,4.621194
13417,13.417,0.09840798,4.626524
13418,13.418,0.098408565,4.5819235
13419,13.419,0.08466842,4.6298456
13420,13.42,0.08533546,4.6347623
13421,13.421,0.102924876,4.6169214
13422,13.422,0.10420347,4.614374
13423,13.423,0.10103129,4.5980034
13424,13.424,0.11587411,4.575743
13425,13.425,0.10495621,4.6235433
13426,13.426,0.12480194,4.6220694
13427,13.427,0.1264463,4.679849
13428,13.428,0.118667655,4.614627
13429,13.429,0.10288893,4.6781297
13430,13.43,0.09616162,4.6057262
13431,13.431,0.10263808,4.6224046
13432,13.432,0.116479576,4.541184
13433,13.433,0.11593146,4.5767684
13434,13.434,0.102817,4.555476
13435,13.435,0.11032629,4.6320305
13436,13.436,0.10446439,4.57065
13437,13.437,0.093073085,4.560951
13438,13.438,0.09689273,4.5760546
13439,13.439,0.08453246,4.5148168
13440,13.44,0.088566035,4.51637
13441,13.441,0.09159896,4.4983134
13442,13.442,0.088581696,4.517267
13443,13.443,0.09010649,4.5065618
13444,13.444,0.09853065,4.5333133
13445,13.445,0.090301916,4.523974
13446,13.446,0.10519768,4.5256906
13447,13.447,0.08828169,4.5769224
13448,13.448,0.101454884,4.5766683
13449,13.449,0.10162963,4.6400986
13450,13.45,0.084318176,4.6222453
13451,13.451,0.094368175,4.616244
13452,13.452,0.09864907,4.6199994
13453,13.453,0.10067941,4.589943
13454,13.454,0.101886936,4.681804
13455,13.455,0.095724866,4.6534443
13456,13.456,0.10949384,4.6952662
13457,13.457,0.10666703,4.644613
13458,13.458,0.10856986,4.7032905
13459,13.459,0.096477255,4.6852303
13460,13.46,0.10258457,4.7278633
13461,13.461,0.10644898,4.711365
13462,13.462,0.101163924,4.69825
13463,13.463,0.101583555,4.647182
13464,13.464,0.09556654,4.6215386
13465,13.465,0.103520095,4.6060677
13466,13.466,0.10939296,4.6350193
13467,13.467,0.10582764,4.638463
13468,13.468,0.11381521,4.6686263
13469,13.469,0.10166943,4.6826363
13470,13.47,0.11220364,4.702676
13471,13.471,0.09648026,4.734976
13472,13.472,0.10417351,4.7260585
13473,13.473,0.09566809,4.8434405
13474,13.474,0.11083955,4.8133845
13475,13.475,0.107184336,4.852174
13476,13.476,0.10064726,4.802546
13477,13.477,0.08942332,4.8071065
13478,13.478,0.099519975,4.7951436
13479,13.479,0.093817174,4.7891355
13480,13.48,0.09665921,4.7306905
13481,13.481,0.0891268,4.775792
13482,13.482,0.09404116,4.787929
13483,13.483,0.098745696,4.7440457
13484,13.484,0.093807936,4.7878146
13485,13.485,0.09129621,4.781566
13486,13.486,0.083999515,4.7434597
13487,13.487,0.08996268,4.6946964
13488,13.488,0.08431338,4.7136126
13489,13.489,0.08728352,4.751197
13490,13.49,0.09419898,4.6727047
13491,13.491,0.087339126,4.736711
13492,13.492,0.09515196,4.739835
13493,13.493,0.09151184,4.7677164
13494,13.494,0.094078034,4.8158946
13495,13.495,0.09824161,4.774102
13496,13.496,0.09191957,4.7888956
13497,13.497,0.080589674,4.7452936
13498,13.498,0.08700894,4.6971197
13499,13.499,0.07755176,4.698231
13500,13.5,0.089507304,4.664522
13501,13.501,0.0946727,4.7063613
13502,13.502,0.079789616,4.7572827
13503,13.503,0.08564983,4.70622
13504,13.504,0.08157269,4.75414
13505,13.505,0.08529956,4.7504563
13506,13.506,0.09198117,4.755623
13507,13.507,0.09579005,4.7527223
13508,13.508,0.09500302,4.7004476
13509,13.509,0.095915474,4.7401953
13510,13.51,0.10241315,4.747984
13511,13.511,0.09137847,4.683921
13512,13.512,0.08985597,4.701981
13513,13.513,0.100778684,4.6619854
13514,13.514,0.09812035,4.7190433
13515,13.515,0.09601064,4.7046194
13516,13.516,0.095522985,4.741488
13517,13.517,0.0931879,4.683455
13518,13.518,0.09265795,4.711182
13519,13.519,0.09228418,4.6767974
13520,13.52,0.0860437,4.7122416
13521,13.521,0.08276846,4.7259665
13522,13.522,0.09088695,4.649314
13523,13.523,0.09825456,4.685191
13524,13.524,0.09715961,4.702368
13525,13.525,0.09376911,4.7496214
13526,13.526,0.08355798,4.7123694
13527,13.527,0.10076262,4.664113
13528,13.528,0.09418732,4.7517247
13529,13.529,0.07772447,4.7147417
13530,13.53,0.08247325,4.72067
13531,13.531,0.081180625,4.7286863
13532,13.532,0.087425776,4.7335544
13533,13.533,0.09033199,4.785244
13534,13.534,0.08761795,4.7901316
13535,13.535,0.07922696,4.774031
13536,13.536,0.07581822,4.6669116
13537,13.537,0.07554175,4.648997
13538,13.538,0.06701533,4.647725
13539,13.539,0.08302017,4.6457577
13540,13.54,0.09089713,4.617181
13541,13.541,0.08665416,4.5404496
13542,13.542,0.09339483,4.5320024
13543,13.543,0.10789057,4.52714
13544,13.544,0.08001025,4.508785
13545,13.545,0.080616206,4.525012
13546,13.546,0.09248688,4.561483
13547,13.547,0.081149295,4.5518456
13548,13.548,0.08903986,4.5390205
13549,13.549,0.08960153,4.5410695
13550,13.55,0.07694645,4.509286
13551,13.551,0.08841385,4.5215216
13552,13.552,0.089687936,4.541701
13553,13.553,0.08808835,4.531809
13554,13.554,0.096500024,4.550965
13555,13.555,0.08741652,4.4965396
13556,13.556,0.09013022,4.4726543
13557,13.557,0.08739139,4.522745
13558,13.558,0.08438054,4.4962616
13559,13.559,0.091283545,4.5420423
13560,13.56,0.08541805,4.520505
13561,13.561,0.09205529,4.577381
13562,13.562,0.07703054,4.476853
13563,13.563,0.08654937,4.4781933
13564,13.564,0.08394858,4.4884834
13565,13.565,0.08337239,4.462537
13566,13.566,0.08267274,4.4136615
13567,13.567,0.082490765,4.400633
13568,13.568,0.077754214,4.434623
13569,13.569,0.07590584,4.4146924
13570,13.57,0.08564579,4.4217553
13571,13.571,0.08096961,4.4275618
13572,13.572,0.07937273,4.322371
13573,13.573,0.08583925,4.3901143
13574,13.574,0.086084664,4.406723
13575,13.575,0.087543376,4.3616233
13576,13.576,0.08856147,4.367837
13577,13.577,0.07991484,4.322565
13578,13.578,0.08154151,4.322248
13579,13.579,0.08336754,4.315917
13580,13.58,0.084283896,4.4166083
13581,13.581,0.07960686,4.373748
13582,13.582,0.072686695,4.4213753
13583,13.583,0.07967146,4.3527637
13584,13.584,0.08041952,4.4022937
13585,13.585,0.08171781,4.4259243
13586,13.586,0.08510419,4.427791
13587,13.587,0.10073967,4.4007773
13588,13.588,0.09852302,4.377045
13589,13.589,0.09019047,4.3837934
13590,13.59,0.09169544,4.411094
13591,13.591,0.08778534,4.369062
13592,13.592,0.095186576,4.349957
13593,13.593,0.08044252,4.344654
13594,13.594,0.1046319,4.327499
13595,13.595,0.10994529,4.303265
13596,13.596,0.11356763,4.336617
13597,13.597,0.101327196,4.312196
13598,13.598,0.10660578,4.2937756
13599,13.599,0.09821749,4.340351
13600,13.6,0.10465897,4.4149117
13601,13.601,0.09629857,4.41482
13602,13.602,0.109922156,4.4367404
13603,13.603,0.099415965,4.4838037
13604,13.604,0.098222196,4.443444
13605,13.605,0.11318733,4.480288
13606,13.606,0.09742041,4.445766
13607,13.607,0.1004639,4.4739428
13608,13.608,0.104549006,4.516721
13609,13.609,0.0897839,4.5922437
13610,13.61,0.080970325,4.4875956
13611,13.611,0.079881564,4.439099
13612,13.612,0.083228074,4.4074216
13613,13.613,0.091308236,4.5119762
13614,13.614,0.0847987,4.492569
13615,13.615,0.08765356,4.5412836
13616,13.616,0.08410747,4.4350014
13617,13.617,0.07887454,4.517827
13618,13.618,0.08260489,4.460616
13619,13.619,0.089220785,4.5050726
13620,13.62,0.07691716,4.508498
13621,13.621,0.08971113,4.499319
13622,13.622,0.07779211,4.4908543
13623,13.623,0.08614172,4.4757676
13624,13.624,0.09158507,4.511264
13625,13.625,0.08728749,4.5315943
13626,13.626,0.081313655,4.5492554
13627,13.627,0.07509359,4.4866624
13628,13.628,0.07443105,4.4085565
13629,13.629,0.064907074,4.4164925
13630,13.63,0.061780076,4.4276805
13631,13.631,0.07438755,4.46381
13632,13.632,0.068992265,4.460195
13633,13.633,0.07516514,4.5054746
13634,13.634,0.06776408,4.464032
13635,13.635,0.07511514,4.515365
13636,13.636,0.07121829,4.5594783
13637,13.637,0.0769119,4.556496
13638,13.638,0.06452124,4.5327115
13639,13.639,0.07439843,4.5804687
13640,13.64,0.07348858,4.630503
13641,13.641,0.072399065,4.6281743
13642,13.642,0.091619775,4.6115527
13643,13.643,0.078804165,4.613887
13644,13.644,0.08791364,4.6363387
13645,13.645,0.07431681,4.6675773
13646,13.646,0.09231987,4.582976
13647,13.647,0.082291536,4.58499
13648,13.648,0.088033214,4.625337
13649,13.649,0.09990371,4.613497
13650,13.65,0.09610691,4.667203
13651,13.651,0.08796753,4.6423793
13652,13.652,0.082971424,4.6916566
13653,13.653,0.08112223,4.739958
13654,13.654,0.08654002,4.746453
13655,13.655,0.092023894,4.805135
13656,13.656,0.09950778,4.810594
13657,13.657,0.09430385,4.7410727
13658,13.658,0.11222424,4.7913957
13659,13.659,0.12183512,4.79168
13660,13.66,0.10624571,4.761569
13661,13.661,0.09673631,4.734641
13662,13.662,0.08925835,4.7445936
13663,13.663,0.106860295,4.7216244
13664,13.664,0.10729267,4.6808786
13665,13.665,0.12782516,4.6857057
13666,13.666,0.106663235,4.678047
13667,13.667,0.11453658,4.6742125
13668,13.668,0.109079726,4.680385
13669,13.669,0.11635645,4.624188
13670,13.67,0.12071801,4.6268725
13671,13.671,0.112800114,4.6038
13672,13.672,0.10714819,4.623109
13673,13.673,0.098981306,4.634587
13674,13.674,0.08359326,4.625896
13675,13.675,0.09284366,4.661334
13676,13.676,0.10023928,4.6204414
13677,13.677,0.08612561,4.6401067
13678,13.678,0.09071317,4.6677794
13679,13.679,0.09369449,4.629761
13680,13.68,0.08920459,4.6252413
13681,13.681,0.0910623,4.7108016
13682,13.682,0.08629791,4.69912
13683,13.683,0.09902334,4.6756825
13684,13.684,0.10109134,4.7136827
13685,13.685,0.086818084,4.703873
13686,13.686,0.08975042,4.722066
13687,13.687,0.090898395,4.7620726
13688,13.688,0.095185965,4.659615
13689,13.689,0.08571999,4.7062807
13690,13.69,0.08926159,4.6331325
13691,13.691,0.089769736,4.538144
13692,13.692,0.08009328,4.629735
13693,13.693,0.0796671,4.62044
13694,13.694,0.06772569,4.613712
13695,13.695,0.07506896,4.5869613
13696,13.696,0.07298111,4.6411257
13697,13.697,0.06618306,4.6672106
13698,13.698,0.06136046,4.6220374
13699,13.699,0.06691866,4.6430383
13700,13.7,0.064384036,4.6067038
13701,13.701,0.07841005,4.6580586
13702,13.702,0.07548588,4.710665
13703,13.703,0.079622105,4.6626587
13704,13.704,0.07804654,4.658693
13705,13.705,0.083553135,4.6851635
13706,13.706,0.080940336,4.605774
13707,13.707,0.08833078,4.508526
13708,13.708,0.080690734,4.5393186
13709,13.709,0.09064498,4.579528
13710,13.71,0.09193277,4.619559
13711,13.711,0.091233514,4.578333
13712,13.712,0.08686401,4.6291723
13713,13.713,0.10208415,4.6484056
13714,13.714,0.10254061,4.6327863
13715,13.715,0.10253329,4.6084995
13716,13.716,0.121926166,4.679921
13717,13.717,0.124643914,4.659279
13718,13.718,0.100443766,4.643707
13719,13.719,0.11535569,4.699205
13720,13.72,0.12573995,4.6443243
13721,13.721,0.1127996,4.613433
13722,13.722,0.11877233,4.573495
13723,13.723,0.10998576,4.5833554
13724,13.724,0.10468823,4.5745006
13725,13.725,0.1086667,4.5784826
13726,13.726,0.12668012,4.604798
13727,13.727,0.12019259,4.5719595
13728,13.728,0.11372885,4.5950265
13729,13.729,0.111352004,4.6019835
13730,13.73,0.10919465,4.644151
13731,13.731,0.121595785,4.6533
13732,13.732,0.119525194,4.610889
13733,13.733,0.13114396,4.5656962
13734,13.734,0.114329495,4.6162357
13735,13.735,0.1162496,4.6542926
13736,13.736,0.1251197,4.686277
13737,13.737,0.12465087,4.656748
13738,13.738,0.11981257,4.6392794
13739,13.739,0.11309998,4.74402
13740,13.74,0.112963445,4.699183
13741,13.741,0.11245885,4.6944017
13742,13.742,0.11688032,4.7117615
13743,13.743,0.123307765,4.685318
13744,13.744,0.12020942,4.7174616
13745,13.745,0.11420354,4.699052
13746,13.746,0.098800704,4.706216
13747,13.747,0.10826599,4.6585217
13748,13.748,0.103213675,4.6657634
13749,13.749,0.08416655,4.6704426
13750,13.75,0.08855689,4.6650105
13751,13.751,0.085742906,4.630147
13752,13.752,0.09479046,4.6013055
13753,13.753,0.08191068,4.6426296
13754,13.754,0.07439532,4.6257987
13755,13.755,0.07026481,4.6371837
13756,13.756,0.07533258,4.605102
13757,13.757,0.100070186,4.644378
13758,13.758,0.11178872,4.545821
13759,13.759,0.087439656,4.6424456
13760,13.76,0.0953425,4.6593304
13761,13.761,0.08824306,4.662938
13762,13.762,0.074713945,4.6790185
13763,13.763,0.09496347,4.634777
13764,13.764,0.09459758,4.635613
13765,13.765,0.0752005,4.5951185
13766,13.766,0.08814017,4.5675364
13767,13.767,0.09076413,4.6112304
13768,13.768,0.07606785,4.5910707
13769,13.769,0.08208901,4.624261
13770,13.77,0.08226695,4.5539427
13771,13.771,0.060108077,4.6117225
13772,13.772,0.07153975,4.5897875
13773,13.773,0.0702072,4.6258235
13774,13.774,0.068896696,4.6107717
13775,13.775,0.06975046,4.64406
13776,13.776,0.07682091,4.6013355
13777,13.777,0.072579265,4.6462836
13778,13.778,0.06045421,4.679817
13779,13.779,0.05836346,4.7351665
13780,13.78,0.0653897,4.7140965
13781,13.781,0.0636373,4.690662
13782,13.782,0.047628492,4.6920457
13783,13.783,0.049737044,4.647086
13784,13.784,0.055519283,4.6945915
13785,13.785,0.053204667,4.6754885
13786,13.786,0.060346074,4.739589
13787,13.787,0.054711804,4.715003
13788,13.788,0.054275878,4.688593
13789,13.789,0.051468614,4.7035675
13790,13.79,0.050274506,4.7482033
13791,13.791,0.05990291,4.685929
13792,13.792,0.065752864,4.704577
13793,13.793,0.07227042,4.7164392
13794,13.794,0.07623786,4.697187
13795,13.795,0.07423355,4.608269
13796,13.796,0.071625344,4.6175337
13797,13.797,0.06624416,4.576672
13798,13.798,0.06898557,4.6307707
13799,13.799,0.069089375,4.639224
13800,13.8,0.06964265,4.740341
13801,13.801,0.07356011,4.6561284
13802,13.802,0.072150365,4.655188
13803,13.803,0.07153329,4.5816855
13804,13.804,0.07440775,4.660424
13805,13.805,0.08578267,4.574881
13806,13.806,0.07569538,4.6125855
13807,13.807,0.07740554,4.6226015
13808,13.808,0.063120216,4.6329274
13809,13.809,0.06310923,4.634612
13810,13.81,0.07374296,4.5863094
13811,13.811,0.072204016,4.6245165
13812,13.812,0.06186609,4.632072
13813,13.813,0.06959865,4.6311765
13814,13.814,0.068461604,4.6559243
13815,13.815,0.06717728,4.7248154
13816,13.816,0.065840706,4.7698097
13817,13.817,0.071437076,4.7447453
13818,13.818,0.07042092,4.710822
13819,13.819,0.08100315,4.74916
13820,13.82,0.07990471,4.731046
13821,13.821,0.08152378,4.7009144
13822,13.822,0.083276674,4.665605
13823,13.823,0.08895023,4.6749883
13824,13.824,0.08739602,4.60445
13825,13.825,0.082609795,4.5579667
13826,13.826,0.07948334,4.523071
13827,13.827,0.07797912,4.547738
13828,13.828,0.07955094,4.583571
13829,13.829,0.07753014,4.5972023
13830,13.83,0.07758901,4.5536337
13831,13.831,0.07795243,4.587132
13832,13.832,0.075862415,4.6422744
13833,13.833,0.078379825,4.6077704
13834,13.834,0.07880856,4.5516706
13835,13.835,0.082497075,4.593827
13836,13.836,0.07824402,4.539836
13837,13.837,0.086053774,4.549515
13838,13.838,0.08814738,4.578166
13839,13.839,0.07905314,4.5493646
13840,13.84,0.07518513,4.5344276
13841,13.841,0.08738875,4.5720687
13842,13.842,0.099077605,4.6333623
13843,13.843,0.08124468,4.6098824
13844,13.844,0.080402985,4.5437074
13845,13.845,0.07974614,4.556567
13846,13.846,0.08553031,4.4897294
13847,13.847,0.07436501,4.5082784
13848,13.848,0.070470154,4.5205917
13849,13.849,0.085170045,4.4950953
13850,13.85,0.093019046,4.454862
13851,13.851,0.082356125,4.484321
13852,13.852,0.0705767,4.458162
13853,13.853,0.072597586,4.5259914
13854,13.854,0.07296923,4.4858975
13855,13.855,0.07578009,4.4276595
13856,13.856,0.07302782,4.470463
13857,13.857,0.07620525,4.4465475
13858,13.858,0.07556164,4.494959
13859,13.859,0.07119962,4.4719005
13860,13.86,0.0699474,4.464632
13861,13.861,0.064065464,4.506481
13862,13.862,0.06967833,4.476746
13863,13.863,0.074351795,4.496549
13864,13.864,0.074267015,4.4887867
13865,13.865,0.080413766,4.444733
13866,13.866,0.070190735,4.4497805
13867,13.867,0.07127832,4.457826
13868,13.868,0.08533885,4.452006
13869,13.869,0.085327335,4.465554
13870,13.87,0.092569955,4.4452214
13871,13.871,0.08972852,4.444526
13872,13.872,0.09268353,4.4576755
13873,13.873,0.08974527,4.483583
13874,13.874,0.08245362,4.4980736
13875,13.875,0.07340044,4.5356874
13876,13.876,0.06339069,4.600262
13877,13.877,0.06929153,4.627981
13878,13.878,0.07092878,4.550273
13879,13.879,0.076540515,4.5533934
13880,13.88,0.08195582,4.5758886
13881,13.881,0.089112535,4.5678506
13882,13.882,0.08134137,4.5728474
13883,13.883,0.0792678,4.5602365
13884,13.884,0.087941244,4.568744
13885,13.885,0.07988373,4.593338
13886,13.886,0.08911189,4.5193624
13887,13.887,0.08307724,4.541741
13888,13.888,0.08338141,4.5188985
13889,13.889,0.088783085,4.5208907
13890,13.89,0.07455054,4.5639577
13891,13.891,0.083748676,4.5418544
13892,13.892,0.08208971,4.531391
13893,13.893,0.07686754,4.5309405
13894,13.894,0.08849291,4.564521
13895,13.895,0.08276567,4.5000305
13896,13.896,0.094843484,4.518929
13897,13.897,0.09205215,4.5109544
13898,13.898,0.08346039,4.503199
13899,13.899,0.085977845,4.5532885
13900,13.9,0.07848078,4.466228
13901,13.901,0.08349778,4.4736433
13902,13.902,0.09951533,4.4360948
13903,13.903,0.11024453,4.490039
13904,13.904,0.11456988,4.5158544
13905,13.905,0.09568923,4.518924
13906,13.906,0.09827103,4.4534445
13907,13.907,0.08946985,4.4258466
13908,13.908,0.09629616,4.4986353
13909,13.909,0.08681741,4.5028105
13910,13.91,0.082516685,4.53046
13911,13.911,0.08190785,4.4580503
13912,13.912,0.08889043,4.4808416
13913,13.913,0.08810016,4.3941345
13914,13.914,0.076839715,4.3572607
13915,13.915,0.0881736,4.3885665
13916,13.916,0.08143795,4.3546085
13917,13.917,0.10141329,4.362693
13918,13.918,0.10755415,4.395152
13919,13.919,0.09866958,4.3883085
13920,13.92,0.1071784,4.392649
13921,13.921,0.11632366,4.407077
13922,13.922,0.103782736,4.448004
13923,13.923,0.11868616,4.47089
13924,13.924,0.11221807,4.464916
13925,13.925,0.110819735,4.4673014
13926,13.926,0.09461163,4.417043
13927,13.927,0.09173956,4.4105835
13928,13.928,0.09420083,4.392516
13929,13.929,0.0973575,4.361365
13930,13.93,0.10284229,4.339352
13931,13.931,0.08758166,4.265234
13932,13.932,0.10098837,4.3365493
13933,13.933,0.105744585,4.29143
13934,13.934,0.12239363,4.246706
13935,13.935,0.11741416,4.2778654
13936,13.936,0.110996924,4.223395
13937,13.937,0.10948011,4.224387
13938,13.938,0.087089285,4.3007145
13939,13.939,0.08904635,4.27428
13940,13.94,0.087873526,4.2134805
13941,13.941,0.08752753,4.2677608
13942,13.942,0.0764022,4.257673
13943,13.943,0.07737193,4.2480493
13944,13.944,0.078179725,4.107331
13945,13.945,0.09417751,4.100056
13946,13.946,0.08646251,4.1758804
13947,13.947,0.077649325,4.1031
13948,13.948,0.07353025,4.125771
13949,13.949,0.070981726,4.1027985
13950,13.95,0.076274246,4.179459
13951,13.951,0.08542211,4.155049
13952,13.952,0.08773463,4.1232033
13953,13.953,0.08320446,4.122869
13954,13.954,0.080594696,4.1287947
13955,13.955,0.080848165,4.073278
13956,13.956,0.08765752,4.0648685
13957,13.957,0.08675415,4.0589476
13958,13.958,0.06923896,4.110138
13959,13.959,0.07649443,4.147987
13960,13.96,0.069564596,4.137096
13961,13.961,0.06551068,4.0784383
13962,13.962,0.07609216,4.0946035
13963,13.963,0.0695247,4.1091
13964,13.964,0.06479656,4.120496
13965,13.965,0.07882763,4.1583147
13966,13.966,0.0819255,4.0988293
13967,13.967,0.08472165,4.1064124
13968,13.968,0.085574895,4.089441
13969,13.969,0.08139394,4.086772
13970,13.97,0.07647101,4.1343184
13971,13.971,0.086244985,4.097589
13972,13.972,0.079017304,4.1450186
13973,13.973,0.09470933,4.1351085
13974,13.974,0.09102167,4.1068254
13975,13.975,0.06770862,4.087521
13976,13.976,0.07086193,4.0921974
13977,13.977,0.08286756,4.0608053
13978,13.978,0.089132644,4.102771
13979,13.979,0.0892454,4.1122932
13980,13.98,0.088023365,4.0997863
13981,13.981,0.073090315,4.1437206
13982,13.982,0.069075994,4.153402
13983,13.983,0.080406584,4.124657
13984,13.984,0.076831445,4.1517816
13985,13.985,0.0777386,4.1721873
13986,13.986,0.080512896,4.1623206
13987,13.987,0.085161895,4.1585927
13988,13.988,0.081958644,4.1649847
13989,13.989,0.0647073,4.182538
13990,13.99,0.06392999,4.1866264
13991,13.991,0.08621817,4.160843
13992,13.992,0.08246974,4.154181
13993,13.993,0.073688075,4.2070956
13994,13.994,0.07827799,4.1377997
13995,13.995,0.0925481,4.146224
13996,13.996,0.08294913,4.1372013
13997,13.997,0.089345075,4.14781
13998,13.998,0.08572808,4.1819167
13999,13.999,0.0851775,4.2262874
14000,14.0,0.0978171,4.17984
14001,14.001,0.0915011,4.1714234
14002,14.002,0.09873633,4.173455
14003,14.003,0.09716139,4.1523075
14004,14.004,0.095735125,4.1386886
14005,14.005,0.09053779,4.2003484
14006,14.006,0.08496757,4.1426854
14007,14.007,0.0788181,4.1551743
14008,14.008,0.08936513,4.189235
14009,14.009,0.08402841,4.1864023
14010,14.01,0.088169016,4.1241465
14011,14.011,0.08509061,4.146576
14012,14.012,0.09131267,4.1708536
14013,14.013,0.09140819,4.1670785
14014,14.014,0.092914596,4.171028
14015,14.015,0.098379776,4.144691
14016,14.016,0.09196483,4.1431093
14017,14.017,0.09579186,4.130235
14018,14.018,0.10239791,4.100066
14019,14.019,0.09687066,4.1050487
14020,14.02,0.0899826,4.128877
14021,14.021,0.08820637,4.1512003
14022,14.022,0.09558952,4.161184
14023,14.023,0.09593415,4.2267966
14024,14.024,0.12861133,4.1877933
14025,14.025,0.110829644,4.155226
14026,14.026,0.11861017,4.1597967
14027,14.027,0.110463984,4.1410565
14028,14.028,0.0982016,4.1543813
14029,14.029,0.09617484,4.164224
14030,14.03,0.10130266,4.1296372
14031,14.031,0.105927534,4.118234
14032,14.032,0.112917386,4.1311836
14033,14.033,0.11014959,4.138374
14034,14.034,0.10275345,4.139237
14035,14.035,0.109087676,4.139558
14036,14.036,0.10184665,4.1479754
14037,14.037,0.10178988,4.1691546
14038,14.038,0.10690139,4.148891
14039,14.039,0.10463024,4.1479664
14040,14.04,0.10239508,4.1562915
14041,14.041,0.10073738,4.1653323
14042,14.042,0.10864915,4.156336
14043,14.043,0.099375255,4.134224
14044,14.044,0.099783294,4.146268
14045,14.045,0.111081764,4.2068977
14046,14.046,0.10860233,4.132135
14047,14.047,0.09428852,4.1459584
14048,14.048,0.09938049,4.143073
14049,14.049,0.09147899,4.151731
14050,14.05,0.08866192,4.145983
14051,14.051,0.09033071,4.11711
14052,14.052,0.08870167,4.1563897
14053,14.053,0.0885001,4.124897
14054,14.054,0.08185986,4.174371
14055,14.055,0.08184503,4.1448445
14056,14.056,0.09334531,4.1475596
14057,14.057,0.08180476,4.166005
14058,14.058,0.0873517,4.1343174
14059,14.059,0.07178253,4.1575375
14060,14.06,0.08940199,4.113613
14061,14.061,0.0884145,4.152925
14062,14.062,0.10615319,4.2172227
14063,14.063,0.09687722,4.1812625
14064,14.064,0.098403275,4.19526
14065,14.065,0.09788621,4.169127
14066,14.066,0.10773028,4.219681
14067,14.067,0.103634484,4.154249
14068,14.068,0.10632565,4.17312
14069,14.069,0.110446714,4.145821
14070,14.07,0.1148772,4.140894
14071,14.071,0.11292814,4.145923
14072,14.072,0.14586675,4.1597934
14073,14.073,0.13442208,4.167577
14074,14.074,0.13104564,4.141503
14075,14.075,0.12272375,4.174513
14076,14.076,0.12266015,4.146878
14077,14.077,0.13323961,4.13154
14078,14.078,0.1441368,4.177617
14079,14.079,0.12905279,4.143229
14080,14.08,0.12724598,4.173301
14081,14.081,0.12514003,4.144332
14082,14.082,0.1329843,4.140708
14083,14.083,0.12896855,4.1514454
14084,14.084,0.12037615,4.1401305
14085,14.085,0.11884578,4.153042
14086,14.086,0.12778582,4.1472754
14087,14.087,0.12778175,4.1585107
14088,14.088,0.123343855,4.1710887
14089,14.089,0.12416072,4.1486125
14090,14.09,0.116598606,4.143695
14091,14.091,0.11331645,4.1544523
14092,14.092,0.11528051,4.09802
14093,14.093,0.12006557,4.1190567
14094,14.094,0.12668788,4.102571
14095,14.095,0.12191053,4.1258383
14096,14.096,0.12115817,4.1441665
14097,14.097,0.122441314,4.11828
14098,14.098,0.1290165,4.1293974
14099,14.099,0.12084338,4.1475077
14100,14.1,0.13712947,4.1713977
14101,14.101,0.14049053,4.1610227
14102,14.102,0.13497175,4.152741
14103,14.103,0.13661344,4.126949
14104,14.104,0.13147847,4.131577
14105,14.105,0.13064012,4.1493587
14106,14.106,0.13121358,4.1699915
14107,14.107,0.12766635,4.1704206
14108,14.108,0.1300908,4.1173434
14109,14.109,0.12784822,4.1030097
14110,14.11,0.1353327,4.095192
14111,14.111,0.12807542,4.0981584
14112,14.112,0.13838524,4.1093206
14113,14.113,0.13483937,4.08492
14114,14.114,0.14623559,4.0974536
14115,14.115,0.1305268,4.063532
14116,14.116,0.11756322,4.0283785
14117,14.117,0.110511065,4.045383
14118,14.118,0.12106606,4.0633416
14119,14.119,0.11997022,4.0181956
14120,14.12,0.1167086,4.085759
14121,14.121,0.13475361,4.077896
14122,14.122,0.12588924,4.0660105
14123,14.123,0.13044618,4.0618367
14124,14.124,0.12125259,4.0820723
14125,14.125,0.12363685,4.10503
14126,14.126,0.12513448,4.0666957
14127,14.127,0.124945424,4.0875835
14128,14.128,0.12310605,4.117611
14129,14.129,0.1238153,4.065853
14130,14.13,0.1309596,4.070667
14131,14.131,0.13650721,4.0679116
14132,14.132,0.12890714,4.0591173
14133,14.133,0.124085754,4.0397677
14134,14.134,0.12270114,4.058998
14135,14.135,0.12073907,4.1203084
14136,14.136,0.118634045,4.0554295
14137,14.137,0.11865012,4.078558
14138,14.138,0.13299689,4.0839906
14139,14.139,0.12217242,4.047253
14140,14.14,0.12570408,4.080674
14141,14.141,0.12826076,4.073691
14142,14.142,0.12885512,4.075285
14143,14.143,0.12718783,4.068627
14144,14.144,0.12673669,4.0967197
14145,14.145,0.121387415,4.0907087
14146,14.146,0.14055511,4.1184034
14147,14.147,0.13430637,4.093219
14148,14.148,0.1368869,4.100849
14149,14.149,0.14339828,4.1346684
14150,14.15,0.14138046,4.1172643
14151,14.151,0.12932792,4.1469774
14152,14.152,0.13764106,4.101668
14153,14.153,0.12820037,4.1314516
14154,14.154,0.12289224,4.135225
14155,14.155,0.1412017,4.1114216
14156,14.156,0.13006014,4.1473
14157,14.157,0.13720742,4.139616
14158,14.158,0.13335277,4.1462345
14159,14.159,0.13814195,4.1470256
14160,14.16,0.124331914,4.115969
14161,14.161,0.114012584,4.1173496
14162,14.162,0.13317756,4.110139
14163,14.163,0.13185512,4.1067286
14164,14.164,0.12703732,4.1123147
14165,14.165,0.12828736,4.0980334
14166,14.166,0.12635851,4.107207
14167,14.167,0.13580082,4.109872
14168,14.168,0.1269003,4.1247063
14169,14.169,0.115114935,4.094594
14170,14.17,0.109917425,4.0777426
14171,14.171,0.10323439,4.032009
14172,14.172,0.12876897,4.0751343
14173,14.173,0.12011466,4.066544
14174,14.174,0.11880834,4.058925
14175,14.175,0.11423441,4.0326247
14176,14.176,0.10823449,4.0979147
14177,14.177,0.108698614,4.092061
14178,14.178,0.113322064,4.0797296
14179,14.179,0.11891385,4.0775423
14180,14.18,0.113628685,4.0748477
14181,14.181,0.12173498,4.0720906
14182,14.182,0.11262268,4.068086
14183,14.183,0.10965103,4.041846
14184,14.184,0.10154827,4.077978
14185,14.185,0.09596488,4.090516
14186,14.186,0.08677813,4.104128
14187,14.187,0.086147085,4.108377
14188,14.188,0.08676347,4.131011
14189,14.189,0.08090105,4.1677465
14190,14.19,0.09564513,4.132932
14191,14.191,0.072004415,4.0957303
14192,14.192,0.08289197,4.1085773
14193,14.193,0.077379405,4.121485
14194,14.194,0.0666391,4.08065
14195,14.195,0.07363158,4.153112
14196,14.196,0.077145256,4.0942144
14197,14.197,0.07643245,4.088319
14198,14.198,0.08071007,4.0922303
14199,14.199,0.07782777,4.1197085
14200,14.2,0.06723318,4.079499
14201,14.201,0.07670873,4.0963635
14202,14.202,0.06927735,4.1042466
14203,14.203,0.07584032,4.1176085
14204,14.204,0.0768322,4.0832486
14205,14.205,0.07018497,4.115973
14206,14.206,0.06800673,4.112656
14207,14.207,0.072246425,4.123667
14208,14.208,0.06454901,4.1239576
14209,14.209,0.07595379,4.130271
14210,14.21,0.07239827,4.181633
14211,14.211,0.080361284,4.185621
14212,14.212,0.089733675,4.2344985
14213,14.213,0.08222549,4.264763
14214,14.214,0.08096176,4.258469
14215,14.215,0.07593781,4.227218
14216,14.216,0.07883716,4.1946235
14217,14.217,0.06710152,4.151749
14218,14.218,0.07430903,4.1545253
14219,14.219,0.07768877,4.1391387
14220,14.22,0.08925965,4.1189284
14221,14.221,0.070245884,4.084278
14222,14.222,0.07410809,4.0970197
14223,14.223,0.06712478,4.1413827
14224,14.224,0.08145924,4.1852
14225,14.225,0.081358425,4.057133
14226,14.226,0.07519743,4.0949965
14227,14.227,0.08163785,4.098524
14228,14.228,0.0788115,4.144479
14229,14.229,0.083938256,4.099343
14230,14.23,0.087150976,4.0638137
14231,14.231,0.076923914,4.118461
14232,14.232,0.07692242,4.129361
14233,14.233,0.08129518,4.1236596
14234,14.234,0.084716186,4.097796
14235,14.235,0.08696376,4.086538
14236,14.236,0.09181828,4.142489
14237,14.237,0.095407344,4.1031723
14238,14.238,0.10113535,4.1003923
14239,14.239,0.097104855,4.06657
14240,14.24,0.10038217,4.127646
14241,14.241,0.09100199,4.073007
14242,14.242,0.08364924,4.1155205
14243,14.243,0.10183984,4.1061335
14244,14.244,0.09396553,4.1210933
14245,14.245,0.09348205,4.1063123
14246,14.246,0.09529399,4.146152
14247,14.247,0.0679302,4.1354585
14248,14.248,0.09175279,4.1451654
14249,14.249,0.078804165,4.0971456
14250,14.25,0.093365744,4.1374655
14251,14.251,0.102372505,4.1693816
14252,14.252,0.10079187,4.1432257
14253,14.253,0.1093047,4.0888762
14254,14.254,0.12915441,4.107553
14255,14.255,0.12488296,4.1020145
14256,14.256,0.13342297,4.1150637
14257,14.257,0.13568969,4.1193705
14258,14.258,0.13351998,4.133205
14259,14.259,0.118597984,4.110541
14260,14.26,0.12313656,4.1113405
14261,14.261,0.12024451,4.092613
14262,14.262,0.13025951,4.09858
14263,14.263,0.11984971,4.1437097
14264,14.264,0.12210002,4.1725216
14265,14.265,0.12566453,4.1475244
14266,14.266,0.11919301,4.161434
14267,14.267,0.119433284,4.1070113
14268,14.268,0.12651028,4.1490436
14269,14.269,0.13167483,4.0987825
14270,14.27,0.1170182,4.1198077
14271,14.271,0.1318652,4.156096
14272,14.272,0.12287766,4.1363606
14273,14.273,0.13215066,4.103006
14274,14.274,0.10731098,4.16292
14275,14.275,0.1253394,4.1839824
14276,14.276,0.12262056,4.140362
14277,14.277,0.12758122,4.1911836
14278,14.278,0.13038325,4.15577
14279,14.279,0.12720555,4.137804
14280,14.28,0.13758183,4.193437
14281,14.281,0.13048916,4.154971
14282,14.282,0.12352273,4.205102
14283,14.283,0.13119066,4.16788
14284,14.284,0.112199,4.159672
14285,14.285,0.09893458,4.1338563
14286,14.286,0.10033725,4.1048737
14287,14.287,0.11110205,4.147076
14288,14.288,0.107545555,4.123985
14289,14.289,0.10538158,4.136069
14290,14.29,0.0950608,4.123285
14291,14.291,0.08939811,4.1122108
14292,14.292,0.09093273,4.09588
14293,14.293,0.08912356,4.0874767
14294,14.294,0.099486284,4.1114044
14295,14.295,0.10132034,4.090171
14296,14.296,0.0838218,4.0805573
14297,14.297,0.083912775,4.126686
14298,14.298,0.08818212,4.1335344
14299,14.299,0.078107245,4.075623
14300,14.3,0.08594961,4.1262593
14301,14.301,0.0812838,4.113499
14302,14.302,0.06861088,4.08927
14303,14.303,0.07738015,4.067979
14304,14.304,0.07126859,4.064815
14305,14.305,0.07464739,4.0405903
14306,14.306,0.0825636,4.0406156
14307,14.307,0.096064806,4.023754
14308,14.308,0.10008059,4.058671
14309,14.309,0.09981515,4.055963
14310,14.31,0.083785936,4.0671062
14311,14.311,0.10273545,4.0412726
14312,14.312,0.09257308,4.0463214
14313,14.313,0.10371811,4.11477
14314,14.314,0.094588414,4.073133
14315,14.315,0.09397845,4.112066
14316,14.316,0.0959727,4.1000357
14317,14.317,0.083474934,4.040812
14318,14.318,0.08383352,4.0847125
14319,14.319,0.07799691,4.081959
14320,14.32,0.06545331,4.0423865
14321,14.321,0.083654076,4.060014
14322,14.322,0.08386661,4.0458193
14323,14.323,0.09711021,4.090171
14324,14.324,0.0930265,4.007185
14325,14.325,0.10251581,4.0538635
14326,14.326,0.107266806,4.0784154
14327,14.327,0.103213675,4.052281
14328,14.328,0.11014225,4.037889
14329,14.329,0.112392016,4.06573
14330,14.33,0.09642093,4.033072
14331,14.331,0.08303757,4.027329
14332,14.332,0.09250812,4.042321
14333,14.333,0.08983281,4.0591183
14334,14.334,0.09707033,4.080982
14335,14.335,0.111424655,4.060143
14336,14.336,0.10515097,4.091636
14337,14.337,0.11211449,4.044522
14338,14.338,0.11152368,4.1411133
14339,14.339,0.10447434,4.087413
14340,14.34,0.103121236,4.093837
14341,14.341,0.10644735,4.0787764
14342,14.342,0.10408636,4.044643
14343,14.343,0.10749879,4.0664783
14344,14.344,0.08975428,4.0576158
14345,14.345,0.09203331,4.1452365
14346,14.346,0.09585399,4.167058
14347,14.347,0.09782478,4.1259947
14348,14.348,0.10792967,4.1338663
14349,14.349,0.10086296,4.151762
14350,14.35,0.09464827,4.1155624
14351,14.351,0.096976206,4.1004558
14352,14.352,0.0849594,4.155855
14353,14.353,0.102768645,4.143794
14354,14.354,0.09372534,4.1490397
14355,14.355,0.09608526,4.1285906
14356,14.356,0.10517076,4.11535
14357,14.357,0.10995948,4.1478043
14358,14.358,0.09127342,4.0931077
14359,14.359,0.08528872,4.1118975
14360,14.36,0.10074656,4.1551814
14361,14.361,0.104845464,4.1171365
14362,14.362,0.10741596,4.1088343
14363,14.363,0.10900446,4.1400614
14364,14.364,0.101245016,4.1479955
14365,14.365,0.108047955,4.0968504
14366,14.366,0.0873153,4.0826874
14367,14.367,0.08118276,4.102506
14368,14.368,0.094508335,4.132377
14369,14.369,0.0983263,4.097106
14370,14.37,0.10089733,4.129059
14371,14.371,0.09874102,4.0874968
14372,14.372,0.11940085,4.0838084
14373,14.373,0.10364341,4.1070333
14374,14.374,0.10185459,4.101239
14375,14.375,0.077955395,4.1185308
14376,14.376,0.081953004,4.11202
14377,14.377,0.08947437,4.126954
14378,14.378,0.087256365,4.121923
14379,14.379,0.08880847,4.123889
14380,14.38,0.09334531,4.166413
14381,14.381,0.08224798,4.1825004
14382,14.382,0.1039519,4.111855
14383,14.383,0.09728445,4.1008296
14384,14.384,0.086059146,4.09444
14385,14.385,0.10630825,4.1363206
14386,14.386,0.113639876,4.11358
14387,14.387,0.096734524,4.0615325
14388,14.388,0.0974382,4.1026654
14389,14.389,0.099312425,4.075717
14390,14.39,0.0923568,4.0546417
14391,14.391,0.09008019,4.063913
14392,14.392,0.09111116,4.091674
14393,14.393,0.09919596,4.0746565
14394,14.394,0.107425645,4.1023874
14395,14.395,0.10166147,4.0639105
14396,14.396,0.093436904,4.107489
14397,14.397,0.10071156,4.096544
14398,14.398,0.09793816,4.081838
14399,14.399,0.099501975,4.07906
14400,14.4,0.09571279,4.0979924
14401,14.401,0.114013605,4.1206985
14402,14.402,0.10921953,4.1567802
14403,14.403,0.09682112,4.1311755
14404,14.404,0.0967638,4.1398263
14405,14.405,0.10200089,4.1115627
14406,14.406,0.10531958,4.1307425
14407,14.407,0.10794948,4.082541
14408,14.408,0.11029433,4.0959973
14409,14.409,0.0911638,4.107488
14410,14.41,0.089112535,4.10485
14411,14.411,0.09112448,4.1669436
14412,14.412,0.10623211,4.164403
14413,14.413,0.10088473,4.156531
14414,14.414,0.11000153,4.1209598
14415,14.415,0.09941713,4.0865693
14416,14.416,0.100375265,4.1143966
14417,14.417,0.09705902,4.085402
14418,14.418,0.11125334,4.146971
14419,14.419,0.10050417,4.1005836
14420,14.42,0.10905323,4.1060047
14421,14.421,0.09364699,4.114375
14422,14.422,0.10135799,4.1467705
14423,14.423,0.104239516,4.1024637
14424,14.424,0.10298607,4.1272273
14425,14.425,0.09233552,4.0805984
14426,14.426,0.10051107,4.0539856
14427,14.427,0.093065016,4.056504
14428,14.428,0.097130455,4.079052
14429,14.429,0.09293761,4.087072
14430,14.43,0.10171661,4.08889
14431,14.431,0.10483278,4.0874624
14432,14.432,0.08700761,4.0825467
14433,14.433,0.10088759,4.1003904
14434,14.434,0.087264314,4.0756063
14435,14.435,0.09267417,4.112811
14436,14.436,0.09694879,4.091712
14437,14.437,0.09324247,4.088029
14438,14.438,0.10238774,4.1117454
14439,14.439,0.10512843,4.1189346
14440,14.44,0.117186025,4.0866785
14441,14.441,0.09680739,4.1177187
14442,14.442,0.109441034,4.1567225
14443,14.443,0.103877366,4.094662
14444,14.444,0.10114507,4.12858
14445,14.445,0.10340557,4.114056
14446,14.446,0.09437491,4.1199737
14447,14.447,0.091866106,4.103897
14448,14.448,0.101453744,4.132711
14449,14.449,0.113490246,4.0942082
14450,14.45,0.10900764,4.0916843
14451,14.451,0.10941568,4.0953326
14452,14.452,0.11009554,4.1021094
14453,14.453,0.10381781,4.118465
14454,14.454,0.1019238,4.103064
14455,14.455,0.10520537,4.111566
14456,14.456,0.09898189,4.100961
14457,14.457,0.11841021,4.094449
14458,14.458,0.11900326,4.1237993
14459,14.459,0.11606001,4.137571
14460,14.46,0.12093518,4.141509
14461,14.461,0.12354425,4.107245
14462,14.462,0.13464463,4.1263266
14463,14.463,0.13567181,4.1106625
14464,14.464,0.15014407,4.049282
14465,14.465,0.12753771,4.122879
14466,14.466,0.13501972,4.1265984
14467,14.467,0.13222544,4.170274
14468,14.468,0.14160676,4.06532
14469,14.469,0.14893119,4.1142564
14470,14.47,0.1448181,4.078068
14471,14.471,0.13456905,4.1032104
14472,14.472,0.12705688,4.128994
14473,14.473,0.13069718,4.120586
14474,14.474,0.12741213,4.1096964
14475,14.475,0.12800501,4.1390243
14476,14.476,0.11756715,4.125655
14477,14.477,0.12887576,4.1230593
14478,14.478,0.12695768,4.158628
14479,14.479,0.12731682,4.1241126
14480,14.48,0.12598655,4.111177
14481,14.481,0.118355036,4.071987
14482,14.482,0.117193915,4.09202
14483,14.483,0.13899869,4.113313
14484,14.484,0.1446288,4.1468678
14485,14.485,0.14894515,4.1349792
14486,14.486,0.15303534,4.150939
14487,14.487,0.15265757,4.1288195
14488,14.488,0.16207479,4.154741
14489,14.489,0.15387338,4.114986
14490,14.49,0.1583167,4.113283
14491,14.491,0.15313803,4.139985
14492,14.492,0.13491908,4.132401
14493,14.493,0.14033411,4.156596
14494,14.494,0.14661059,4.2174563
14495,14.495,0.1419948,4.198547
14496,14.496,0.13628729,4.197223
14497,14.497,0.13430637,4.1078844
14498,14.498,0.14584772,4.1301107
14499,14.499,0.13224599,4.144018
14500,14.5,0.13472101,4.1187873
14501,14.501,0.12820803,4.127126
14502,14.502,0.12031948,4.184967
14503,14.503,0.12133931,4.181286
14504,14.504,0.12723917,4.217229
14505,14.505,0.11181508,4.2012486
14506,14.506,0.11412963,4.1322365
14507,14.507,0.11938197,4.1273036
14508,14.508,0.12571327,4.1103897
14509,14.509,0.11832573,4.077816
14510,14.51,0.12907293,4.101437
14511,14.511,0.12702914,4.1402025
14512,14.512,0.12446201,4.1282225
14513,14.513,0.12320976,4.14537
14514,14.514,0.12285743,4.1235595
14515,14.515,0.12958466,4.1131973
14516,14.516,0.12654455,4.074131
14517,14.517,0.13285427,4.1035366
14518,14.518,0.13522333,4.136956
14519,14.519,0.12527852,4.082314
14520,14.52,0.11691789,4.0935583
14521,14.521,0.13161512,4.0904436
14522,14.522,0.13161117,4.0728464
14523,14.523,0.1461929,4.065707
14524,14.524,0.1315255,4.06968
14525,14.525,0.13935831,4.1342626
14526,14.526,0.13381357,4.1283298
14527,14.527,0.11698906,4.099505
14528,14.528,0.12511832,4.087485
14529,14.529,0.12861717,4.0831404
14530,14.53,0.14156881,4.068816
14531,14.531,0.13426979,4.0837955
14532,14.532,0.13277377,4.085778
14533,14.533,0.12446526,4.1069884
14534,14.534,0.12410531,4.134645
14535,14.535,0.11989793,4.1073627
14536,14.536,0.124375604,4.0794964
14537,14.537,0.11229529,4.109813
14538,14.538,0.12354986,4.077526
14539,14.539,0.12649612,4.0861235
14540,14.54,0.11374511,4.1165953
14541,14.541,0.1064392,4.093651
14542,14.542,0.10148337,4.0919437
14543,14.543,0.10305732,4.057163
14544,14.544,0.10024216,4.098272
14545,14.545,0.10842709,4.0589876
14546,14.546,0.09698872,4.1231227
14547,14.547,0.100771226,4.0883594
14548,14.548,0.11127568,4.11587
14549,14.549,0.11262371,4.088034
14550,14.55,0.111206055,4.09715
14551,14.551,0.11187503,4.0937257
14552,14.552,0.09626915,4.079552
14553,14.553,0.11282163,4.1162887
14554,14.554,0.11658869,4.092879
14555,14.555,0.12284896,4.0628424
14556,14.556,0.11113586,4.102618
14557,14.557,0.10871882,4.0880346
14558,14.558,0.102381535,4.105728
14559,14.559,0.11257854,4.0757275
14560,14.56,0.119454086,4.115669
14561,14.561,0.113141365,4.12173
14562,14.562,0.09335707,4.1001515
14563,14.563,0.098767936,4.1006894
14564,14.564,0.11141687,4.0807652
14565,14.565,0.09475874,4.112697
14566,14.566,0.09512401,4.1083217
14567,14.567,0.10439354,4.086292
14568,14.568,0.115445346,4.120246
14569,14.569,0.11103389,4.0703926
14570,14.57,0.094244994,4.053376
14571,14.571,0.100141786,4.167457
14572,14.572,0.09994882,4.128056
14573,14.573,0.10202809,4.1277046
14574,14.574,0.08779653,4.141799
14575,14.575,0.088651486,4.10472
14576,14.576,0.08914042,4.1079698
14577,14.577,0.1013135,4.1036925
14578,14.578,0.090251334,4.11143
14579,14.579,0.088388346,4.085966
14580,14.58,0.0865674,4.131593
14581,14.581,0.098726965,4.113443
14582,14.582,0.1004075,4.122776
14583,14.583,0.09898656,4.11906
14584,14.584,0.0995821,4.112986
14585,14.585,0.107159525,4.133541
14586,14.586,0.0988048,4.0705094
14587,14.587,0.109354384,4.0952168
14588,14.588,0.11066943,4.063462
14589,14.589,0.10110563,4.091062
14590,14.59,0.10114278,4.115219
14591,14.591,0.100424774,4.1150255
14592,14.592,0.094056524,4.097042
14593,14.593,0.10265103,4.0789547
14594,14.594,0.11415799,4.09356
14595,14.595,0.10959777,4.089533
14596,14.596,0.10922958,4.111548
14597,14.597,0.109471135,4.111599
14598,14.598,0.10800462,4.08159
14599,14.599,0.10772276,4.071007
14600,14.6,0.10131236,4.107432
14601,14.601,0.100325726,4.1231933
14602,14.602,0.102488175,4.1032624
14603,14.603,0.121768214,4.159167
14604,14.604,0.11155011,4.1392994
14605,14.605,0.10437195,4.160376
14606,14.606,0.10137909,4.136061
14607,14.607,0.09991181,4.1165676
14608,14.608,0.10324503,4.084952
14609,14.609,0.08250688,4.1030107
14610,14.61,0.09954843,4.114312
14611,14.611,0.09343443,4.104766
14612,14.612,0.09049373,4.129516
14613,14.613,0.09076859,4.1091456
14614,14.614,0.09355683,4.1078773
14615,14.615,0.091564246,4.1242685
14616,14.616,0.10225839,4.195878
14617,14.617,0.0999442,4.176706
14618,14.618,0.09303085,4.133496
14619,14.619,0.10187956,4.1721873
14620,14.62,0.09368956,4.1971655
14621,14.621,0.08999352,4.145062
14622,14.622,0.09439145,4.113936
14623,14.623,0.09602087,4.1220994
14624,14.624,0.09834863,4.087459
14625,14.625,0.09622591,4.091757
14626,14.626,0.09716496,4.108478
14627,14.627,0.096121944,4.076603
14628,14.628,0.10855389,4.0934963
14629,14.629,0.095724866,4.10014
14630,14.63,0.093933545,4.1291604
14631,14.631,0.09694044,4.1088457
14632,14.632,0.10757135,4.104756
14633,14.633,0.11192306,4.1327567
14634,14.634,0.10610145,4.103887
14635,14.635,0.100018196,4.1438313
14636,14.636,0.10567843,4.116021
14637,14.637,0.09192586,4.109738
14638,14.638,0.08979999,4.0953584
14639,14.639,0.090343505,4.135959
14640,14.64,0.08739073,4.113194
14641,14.641,0.08518158,4.1080213
14642,14.642,0.087947816,4.1264796
14643,14.643,0.100243315,4.1442847
14644,14.644,0.121856935,4.1657734
14645,14.645,0.103511155,4.132967
14646,14.646,0.11970108,4.1092987
14647,14.647,0.110448286,4.104223
14648,14.648,0.114045024,4.178249
14649,14.649,0.12813859,4.1957164
14650,14.65,0.11614663,4.2232723
14651,14.651,0.104616985,4.19775
14652,14.652,0.11131618,4.2013946
14653,14.653,0.11254516,4.218258
14654,14.654,0.10490167,4.1363177
14655,14.655,0.11745156,4.1373057
14656,14.656,0.11539978,4.185926
14657,14.657,0.119785555,4.141854
14658,14.658,0.11689021,4.1276164
14659,14.659,0.12119681,4.1338143
14660,14.66,0.11126113,4.152915
14661,14.661,0.108731575,4.1702
14662,14.662,0.11067882,4.150307
14663,14.663,0.12399676,4.1474905
14664,14.664,0.11975322,4.1484823
14665,14.665,0.11003672,4.154285
14666,14.666,0.11869493,4.179672
14667,14.667,0.11669968,4.181594
14668,14.668,0.11406783,4.157199
14669,14.669,0.1329382,4.2051187
14670,14.67,0.1293677,4.1721725
14671,14.671,0.13247176,4.190123
14672,14.672,0.13400349,4.221789
14673,14.673,0.1238923,4.198653
14674,14.674,0.107623994,4.236606
14675,14.675,0.11607246,4.243931
14676,14.676,0.10822274,4.2220516
14677,14.677,0.11291022,4.160639
14678,14.678,0.105616614,4.183986
14679,14.679,0.09991007,4.14466
14680,14.68,0.08592741,4.1527905
14681,14.681,0.08942914,4.149612
14682,14.682,0.08499682,4.1004395
14683,14.683,0.08071007,4.161554
14684,14.684,0.079594515,4.1763754
14685,14.685,0.07535483,4.1796565
14686,14.686,0.07908165,4.1425714
14687,14.687,0.087586276,4.1175675
14688,14.688,0.08177367,4.133096
14689,14.689,0.08480483,4.165059
14690,14.69,0.07253466,4.1319017
14691,14.691,0.068885796,4.14111
14692,14.692,0.06903582,4.14299
14693,14.693,0.070205554,4.1562724
14694,14.694,0.073542826,4.155281
14695,14.695,0.07384948,4.139086
14696,14.696,0.07642716,4.12948
14697,14.697,0.069936655,4.073559
14698,14.698,0.072244026,4.104539
14699,14.699,0.07733308,4.0833173
14700,14.7,0.07839531,4.1460156
14701,14.701,0.08658343,4.147992
14702,14.702,0.10399248,4.103434
14703,14.703,0.08115784,4.1154265
14704,14.704,0.07998352,4.07987
14705,14.705,0.07760838,4.133812
14706,14.706,0.08317459,4.1347613
14707,14.707,0.07826101,4.0962815
14708,14.708,0.075078964,4.1317215
14709,14.709,0.08373902,4.1184607
14710,14.71,0.08921171,4.127235
14711,14.711,0.075819746,4.100426
14712,14.712,0.07503584,4.1017838
14713,14.713,0.08868734,4.114755
14714,14.714,0.09836803,4.137079
14715,14.715,0.098796606,4.095537
14716,14.716,0.09160274,4.1200767
14717,14.717,0.0986016,4.1321692
14718,14.718,0.09685037,4.1460733
14719,14.719,0.095132515,4.1089487
14720,14.72,0.1060148,4.1227465
14721,14.721,0.09333974,4.109642
14722,14.722,0.09342267,4.139343
14723,14.723,0.09554295,4.135174
14724,14.724,0.09715961,4.116845
14725,14.725,0.09808382,4.163896
14726,14.726,0.09475874,4.2210956
14727,14.727,0.09685216,4.110658
14728,14.728,0.07990905,4.157563
14729,14.729,0.07454123,4.116519
14730,14.73,0.08475507,4.117173
14731,14.731,0.07987794,4.135552
14732,14.732,0.09183276,4.142783
14733,14.733,0.08698037,4.146347
14734,14.734,0.09062648,4.163062
14735,14.735,0.0925787,4.123116
14736,14.736,0.08524669,4.13031
14737,14.737,0.0868274,4.1255865
14738,14.738,0.084288694,4.1466823
14739,14.739,0.0958558,4.0829134
14740,14.74,0.086526,4.082364
14741,14.741,0.0884145,4.098065
14742,14.742,0.08953571,4.0843406
14743,14.743,0.09679724,4.143273
14744,14.744,0.07993798,4.1942353
14745,14.745,0.08667883,4.1674137
14746,14.746,0.0938412,4.1136675
14747,14.747,0.09132216,4.13502
14748,14.748,0.08811787,4.1183844
14749,14.749,0.0877399,4.1521807
14750,14.75,0.08905868,4.0963078
14751,14.751,0.08806144,4.0900936
14752,14.752,0.08546541,4.1056533
14753,14.753,0.080243245,4.0974245
14754,14.754,0.09457619,4.1506376
14755,14.755,0.07273995,4.110341
14756,14.756,0.083936185,4.0884986
14757,14.757,0.07733308,4.1120796
14758,14.758,0.08082099,4.116722
14759,14.759,0.08777151,4.122408
14760,14.76,0.087049454,4.1259804
14761,14.761,0.07106718,4.1207376
14762,14.762,0.07167294,4.1425085
14763,14.763,0.07649368,4.1072464
14764,14.764,0.07128805,4.1472826
14765,14.765,0.06486075,4.106372
14766,14.766,0.07042421,4.128603
14767,14.767,0.07680285,4.1669064
14768,14.768,0.085963055,4.172295
14769,14.769,0.08418097,4.188544
14770,14.77,0.08053945,4.0820932
14771,14.771,0.074807495,4.102436
14772,14.772,0.07152844,4.1257987
14773,14.773,0.06801948,4.097448
14774,14.774,0.070075355,4.0926476
14775,14.775,0.06985396,4.138086
14776,14.776,0.07706279,4.109879
14777,14.777,0.07730841,4.080927
14778,14.778,0.082129836,4.152442
14779,14.779,0.0815989,4.1278553
14780,14.78,0.091285445,4.093198
14781,14.781,0.08093748,4.0983634
14782,14.782,0.08184008,4.074412
14783,14.783,0.08246133,4.1090784
14784,14.784,0.08780312,4.0923996
14785,14.785,0.09902334,4.099651
14786,14.786,0.091317736,4.0820994
14787,14.787,0.0875645,4.0962048
14788,14.788,0.0777557,4.0835843
14789,14.789,0.08544647,4.103555
14790,14.79,0.08901389,4.0645533
14791,14.791,0.09376357,4.089851
14792,14.792,0.0928922,4.0606213
14793,14.793,0.09702149,4.0756125
14794,14.794,0.09710664,4.1184134
14795,14.795,0.09054226,4.1115527
14796,14.796,0.07601008,4.083592
14797,14.797,0.09465805,4.122685
14798,14.798,0.08721463,4.096944
14799,14.799,0.09086087,4.08349
14800,14.8,0.08237297,4.046022
14801,14.801,0.09825162,4.051755
14802,14.802,0.088048965,4.0811486
14803,14.803,0.093290806,4.070814
14804,14.804,0.07573202,4.1010847
14805,14.805,0.07625681,4.06999
14806,14.806,0.08359809,4.066131
14807,14.807,0.07919485,4.081025
14808,14.808,0.06663043,4.062117
14809,14.809,0.080016024,4.082045
14810,14.81,0.07662806,4.0653176
14811,14.811,0.07664993,4.0719314
14812,14.812,0.06477605,4.0809174
14813,14.813,0.06804667,4.068625
14814,14.814,0.08546947,4.1022162
14815,14.815,0.07889139,4.087442
14816,14.816,0.082712576,4.0487947
14817,14.817,0.07606101,4.0648665
14818,14.818,0.07471163,4.09038
14819,14.819,0.07140956,4.091901
14820,14.82,0.08565118,4.0776043
14821,14.821,0.088902794,4.0965304
14822,14.822,0.09291086,4.1143603
14823,14.823,0.0834119,4.1382895
14824,14.824,0.09275459,4.0654306
14825,14.825,0.08972466,4.0942245
14826,14.826,0.07952478,4.116175
14827,14.827,0.07666275,4.131801
14828,14.828,0.08583521,4.114991
14829,14.829,0.08780246,4.133357
14830,14.83,0.087953076,4.0808625
14831,14.831,0.08061764,4.1273165
14832,14.832,0.07974976,4.1043205
14833,14.833,0.08852687,4.0679083
14834,14.834,0.08162723,4.114671
14835,14.835,0.082783826,4.1113777
14836,14.836,0.084729835,4.1198683
14837,14.837,0.09255747,4.148941
14838,14.838,0.08135985,4.1463237
14839,14.839,0.08091391,4.0691905
14840,14.84,0.079303525,4.096526
14841,14.841,0.08695844,4.1037145
14842,14.842,0.08580692,4.103906
14843,14.843,0.0843216,4.054655
14844,14.844,0.083625056,4.0829945
14845,14.845,0.08747799,4.066462
14846,14.846,0.08132361,4.0776124
14847,14.847,0.08084387,4.052448
14848,14.848,0.085981205,4.087477
14849,14.849,0.086145744,4.1015296
14850,14.85,0.080081016,4.1110682
14851,14.851,0.08770828,4.074366
14852,14.852,0.07986274,4.060405
14853,14.853,0.0761825,4.1013303
14854,14.854,0.08556071,4.0872927
14855,14.855,0.08604974,4.059732
14856,14.856,0.087472044,4.0802426
14857,14.857,0.093053214,4.092583
14858,14.858,0.09057353,4.088324
14859,14.859,0.09674826,4.09132
14860,14.86,0.09201259,4.0978227
14861,14.861,0.09490137,4.052449
14862,14.862,0.087997094,4.106725
14863,14.863,0.09099627,4.101315
14864,14.864,0.09202955,4.088434
14865,14.865,0.08927389,4.08473
14866,14.866,0.07879976,4.0257363
14867,14.867,0.084825285,4.0822077
14868,14.868,0.07357347,4.132804
14869,14.869,0.08735831,4.1398926
14870,14.87,0.07964243,4.1561413
14871,14.871,0.08519176,4.1754937
14872,14.872,0.07751373,4.1095834
14873,14.873,0.08652733,4.106203
14874,14.874,0.07831416,4.160971
14875,14.875,0.07253386,4.1316614
14876,14.876,0.08367342,4.171395
14877,14.877,0.079017304,4.129996
14878,14.878,0.067487165,4.1054373
14879,14.879,0.07722762,4.081895
14880,14.88,0.08189374,4.1050506
14881,14.881,0.08175388,4.0706205
14882,14.882,0.084496215,4.1443453
14883,14.883,0.072289616,4.0579267
14884,14.884,0.07091819,4.078793
14885,14.885,0.08478643,4.0770454
14886,14.886,0.08335923,4.0932765
14887,14.887,0.08655405,4.0643177
14888,14.888,0.09696787,4.0626535
14889,14.889,0.100853205,4.0985494
14890,14.89,0.099852204,4.053129
14891,14.891,0.09849896,4.130037
14892,14.892,0.09441288,4.110701
14893,14.893,0.083941005,4.096491
14894,14.894,0.09042408,4.104876
14895,14.895,0.09156298,4.099722
14896,14.896,0.09935781,4.125673
14897,14.897,0.07264295,4.130486
14898,14.898,0.086887956,4.1936536
14899,14.899,0.083719,4.196238
14900,14.9,0.094506495,4.164917
14901,14.901,0.09646827,4.172185
14902,14.902,0.10527457,4.1704226
14903,14.903,0.10032227,4.1806703
14904,14.904,0.11139612,4.165069
14905,14.905,0.1257528,4.1341496
14906,14.906,0.12877347,4.165267
14907,14.907,0.1279142,4.2006154
14908,14.908,0.12252767,4.139603
14909,14.909,0.11479768,4.1403265
14910,14.91,0.113161795,4.138665
14911,14.911,0.109021425,4.1002007
14912,14.912,0.116756625,4.079983
14913,14.913,0.11342759,4.109776
14914,14.914,0.11856484,4.153881
14915,14.915,0.13157515,6.037943
14916,14.916,0.13570802,4.0922637
14917,14.917,0.13468026,4.1241593
14918,14.918,0.13835433,4.120742
14919,14.919,0.13562195,4.109385
14920,14.92,0.12228355,4.131061
14921,14.921,0.12084434,4.1533656
14922,14.922,0.12922063,4.1940045
14923,14.923,0.13699368,4.1350217
14924,14.924,0.14730358,4.167253
14925,14.925,0.13413067,4.139848
14926,14.926,0.13125849,4.1073914
14927,14.927,0.12704551,4.1381717
14928,14.928,0.12905502,4.1248665
14929,14.929,0.12523283,4.1272235
14930,14.93,0.124004215,4.114639
14931,14.931,0.11660455,4.1286607
14932,14.932,0.11754994,4.122354
14933,14.933,0.11519976,4.104156
14934,14.934,0.11975708,4.1050143
14935,14.935,0.11705673,4.1384773
14936,14.936,0.10204338,4.158618
14937,14.937,0.097255334,4.16937
14938,14.938,0.11072947,4.153107
14939,14.939,0.10440019,4.144046
14940,14.94,0.1016046,4.1162515
14941,14.941,0.1063425,4.1339607
14942,14.942,0.107335754,4.115634
14943,14.943,0.1120521,4.0823264
14944,14.944,0.12568155,4.1138678
14945,14.945,0.1190989,4.077055
14946,14.946,0.111234635,4.102544
14947,14.947,0.11753814,4.110216
14948,14.948,0.12983552,4.0923495
14949,14.949,0.114805736,4.0989733
14950,14.95,0.10717301,4.122837
14951,14.951,0.114032865,4.118323
14952,14.952,0.110859886,4.114775
14953,14.953,0.12607643,4.090538
14954,14.954,0.120887384,4.077666
14955,14.955,0.11311582,4.097279
14956,14.956,0.11996395,4.0993924
14957,14.957,0.12414768,4.0969014
14958,14.958,0.12981415,4.103675
14959,14.959,0.11790196,4.096762
14960,14.96,0.12360131,4.073253
14961,14.961,0.13533911,4.080015
14962,14.962,0.12662262,4.0826955
14963,14.963,0.11694854,4.0878496
14964,14.964,0.11393297,4.0820575
14965,14.965,0.11093129,5.757491
14966,14.966,0.122129366,4.0798144
14967,14.967,0.11488324,4.107894
14968,14.968,0.1175937,5.781314
14969,14.969,0.13151848,5.931799
14970,14.97,0.13162303,5.894623
14971,14.971,0.1302218,5.9348826
14972,14.972,0.1257096,5.9800897
14973,14.973,0.1361426,4.119814
14974,14.974,0.13606572,4.1039386
14975,14.975,0.12497827,4.11606
14976,14.976,0.123885766,6.0137424
14977,14.977,0.1355286,4.129334
14978,14.978,0.13405955,4.2099237
14979,14.979,0.13277942,4.203809
14980,14.98,0.11859896,4.1593223
14981,14.981,0.12121016,4.1223187
14982,14.982,0.11177527,4.147796
14983,14.983,0.106783465,4.1972904
14984,14.984,0.103526235,4.118811
14985,14.985,0.09983252,4.1178317
14986,14.986,0.10535909,4.0647526
14987,14.987,0.11013018,4.0927978
14988,14.988,0.110774346,4.104378
14989,14.989,0.13109061,4.097992
14990,14.99,0.12025509,4.1338186
14991,14.991,0.12054456,5.9359207
14992,14.992,0.11397912,5.9158874
14993,14.993,0.11496773,5.9733944
14994,14.994,0.110569626,6.0388355
14995,14.995,0.110823385,6.0497055
14996,14.996,0.10685759,6.071894
14997,14.997,0.10365847,6.084175
14998,14.998,0.09393109,4.115927
14999,14.999,0.11812334,5.9995155
15000,15.0,0.10849477,5.961163
15001,15.001,0.11343065,5.960478
15002,15.002,0.118928924,5.818674
15003,15.003,0.122827314,5.805804
15004,15.004,0.121536836,5.85688
15005,15.005,0.11804257,5.863279
15006,15.006,0.10657487,5.9148273
15007,15.007,0.101559654,4.156001
15008,15.008,0.11081139,6.084689
15009,15.009,0.11818057,6.0776668
15010,15.01,0.11971074,6.1937823
15011,15.011,0.13097063,6.2354116
15012,15.012,0.120095894,6.0701675
15013,15.013,0.121586755,6.130614
15014,15.014,0.122249514,6.1785297
15015,15.015,0.113710046,6.097091
15016,15.016,0.12064617,6.157324
15017,15.017,0.112206735,6.011977
15018,15.018,0.105521895,6.115706
15019,15.019,0.12129071,6.204139
15020,15.02,0.111988634,6.216206
15021,15.021,0.0866975,6.2164774
15022,15.022,0.099887505,6.235735
15023,15.023,0.0971007,6.305669
15024,15.024,0.09119296,4.0713234
15025,15.025,0.10337091,4.0807533
15026,15.026,0.11180009,4.0810304
15027,15.027,0.09900933,6.249629
15028,15.028,0.10218262,4.087133
15029,15.029,0.102576114,6.255955
15030,15.03,0.10111878,6.306463
15031,15.031,0.09378883,6.2556453
15032,15.032,0.09740854,6.2120333
15033,15.033,0.09666519,6.266659
15034,15.034,0.1100299,6.234989
15035,15.035,0.09638616,6.2637453
15036,15.036,0.107423484,6.2571287
15037,15.037,0.102474645,6.3267546
15038,15.038,0.109432586,6.3711042
15039,15.039,0.105705224,6.3373694
15040,15.04,0.105007954,6.39865
15041,15.041,0.102097176,6.302652
15042,15.042,0.09675125,6.331662
15043,15.043,0.09365131,6.308881
15044,15.044,0.10107247,6.3636327
15045,15.045,0.0959721,6.378459
15046,15.046,0.10513283,6.336146
15047,15.047,0.102701694,6.3693724
15048,15.048,0.103764355,6.3690076
15049,15.049,0.112750396,6.4193454
15050,15.05,0.10702028,6.4246945
15051,15.051,0.10848678,4.120059
15052,15.052,0.109261855,4.1153283
15053,15.053,0.11003199,4.0713406
15054,15.054,0.109471135,6.335709
15055,15.055,0.09956643,6.3271847
15056,15.056,0.1170898,6.3308473
15057,15.057,0.12687479,6.3565516
15058,15.058,0.11455475,6.4091563
15059,15.059,0.105826,6.394381
15060,15.06,0.10670387,6.396548
15061,15.061,0.104541264,6.3925147
15062,15.062,0.11737477,6.3492384
15063,15.063,0.11187606,6.334137
15064,15.064,0.11351775,6.2949915
15065,15.065,0.11331339,6.236626
15066,15.066,0.11586712,6.3182626
15067,15.067,0.11409772,6.3440695
15068,15.068,0.11341077,6.280916
15069,15.069,0.11318784,6.272241
15070,15.07,0.109826416,4.0919895
15071,15.071,0.11961269,6.214049
15072,15.072,0.10644246,6.3081117
15073,15.073,0.09938049,6.2325163
15074,15.074,0.108901545,4.11146
15075,15.075,0.09850073,4.084577
15076,15.076,0.111182146,6.423616
15077,15.077,0.11203249,6.4309106
15078,15.078,0.10749825,6.38566
15079,15.079,0.104127444,4.09377
15080,15.08,0.10877197,4.086872
15081,15.081,0.11933839,4.132063
15082,15.082,0.10294452,4.1125855
15083,15.083,0.10435145,4.089916
15084,15.084,0.11392688,4.061016
15085,15.085,0.1056839,4.0682817
15086,15.086,0.11777836,4.1144066
15087,15.087,0.12351992,4.116836
15088,15.088,0.12015411,6.388328
15089,15.089,0.12219087,4.063643
15090,15.09,0.10975903,4.0947547
15091,15.091,0.10806774,4.076262
15092,15.092,0.10673203,4.080693
15093,15.093,0.10884846,4.0681987
15094,15.094,0.10988692,4.0898333
15095,15.095,0.107675,4.0762115
15096,15.096,0.11108124,4.1222267
15097,15.097,0.11133955,4.120907
15098,15.098,0.10559253,4.0859656
15099,15.099,0.109719,4.0582056
15100,15.1,0.10149248,4.1571336
15101,15.101,0.11585166,4.087308
15102,15.102,0.110672034,4.0705767
15103,15.103,0.104815684,4.0798283
15104,15.104,0.106285416,4.061883
15105,15.105,0.11196179,4.0874834
15106,15.106,0.120367505,4.145223
15107,15.107,0.10826385,4.109337
15108,15.108,0.12038047,4.0874195
15109,15.109,0.1121516,4.04475
15110,15.11,0.11510389,4.094771
15111,15.111,0.11056701,4.071993
15112,15.112,0.119901784,4.090454
15113,15.113,0.13381833,4.0574846
15114,15.114,0.13331246,4.101687
15115,15.115,0.13286428,4.046512
15116,15.116,0.13279466,4.0567365
15117,15.117,0.12243801,4.069233
15118,15.118,0.11523839,4.092615
15119,15.119,0.13395,4.0804377
15120,15.12,0.11895322,4.084867
15121,15.121,0.11461074,4.092556
15122,15.122,0.1181703,4.09537
15123,15.123,0.10918195,4.117412
15124,15.124,0.10855868,4.1214085
15125,15.125,0.10707481,4.0997596
15126,15.126,0.114410356,4.104129
15127,15.127,0.101569325,4.084567
15128,15.128,0.10795645,4.079634
15129,15.129,0.11683927,4.095357
15130,15.13,0.11241413,4.139243
15131,15.131,0.120299295,4.1566157
15132,15.132,0.09888725,4.186128
15133,15.133,0.100832574,4.1214056
15134,15.134,0.099602416,4.1348076
15135,15.135,0.11238533,4.134851
15136,15.136,0.11183628,4.1226816
15137,15.137,0.10799873,4.1504383
15138,15.138,0.09472946,4.108884
15139,15.139,0.09889017,6.3745394
15140,15.14,0.09446796,4.142754
15141,15.141,0.10283049,4.0988264
15142,15.142,0.11166508,4.0943713
15143,15.143,0.115901545,4.0911255
15144,15.144,0.11125438,6.4209056
15145,15.145,0.11980823,6.3522816
15146,15.146,0.13689324,6.3973107
15147,15.147,0.13834263,6.4127874
15148,15.148,0.13305598,4.043266
15149,15.149,0.14034152,4.1252265
15150,15.15,0.15496744,4.171206
15151,15.151,0.14789957,4.1798406
15152,15.152,0.14695866,6.4395185
15153,15.153,0.14077,4.1389556
15154,15.154,0.14351472,4.1236625
15155,15.155,0.12588282,4.094527
15156,15.156,0.14184044,6.414407
15157,15.157,0.1395672,6.393664
15158,15.158,0.15196882,6.4036107
15159,15.159,0.14806634,6.384301
15160,15.16,0.13174637,4.077925
15161,15.161,0.14552122,4.085264
15162,15.162,0.1603748,4.0892878
15163,15.163,0.14226118,4.1205406
15164,15.164,0.13655251,4.133174
15165,15.165,0.13545437,4.178483
15166,15.166,0.1394715,4.1560955
15167,15.167,0.14055182,4.145218
15168,15.168,0.14008966,4.1557236
15169,15.169,0.14371072,4.1603155
15170,15.17,0.12122589,4.1355624
15171,15.171,0.11336591,4.1591024
15172,15.172,0.13354377,4.1704736
15173,15.173,0.13982536,4.1248984
15174,15.174,0.12286308,4.084515
15175,15.175,0.11923761,4.1166687
15176,15.176,0.12463974,4.088787
15177,15.177,0.13485008,4.0794888
15178,15.178,0.13433047,4.116332
15179,15.179,0.13849755,4.1085258
15180,15.18,0.13331462,4.080872
15181,15.181,0.12576614,4.0847826
15182,15.182,0.13464335,4.0863585
15183,15.183,0.14454125,4.065932
15184,15.184,0.159217,4.10064
15185,15.185,0.1523115,4.05685
15186,15.186,0.14516014,4.1002464
15187,15.187,0.15614343,4.065819
15188,15.188,0.14377466,4.0636964
15189,15.189,0.14841647,4.075945
15190,15.19,0.13956636,4.095359
15191,15.191,0.12457388,6.12159
15192,15.192,0.12404988,4.097707
15193,15.193,0.13004725,4.093621
15194,15.194,0.12626196,6.0695963
15195,15.195,0.1348488,4.1225886
15196,15.196,0.119531,4.105418
15197,15.197,0.13992743,4.0946407
15198,15.198,0.13025597,4.118352
15199,15.199,0.12786087,4.1245933
15200,15.2,0.1367103,4.1296473
15201,15.201,0.128995,4.1129136
15202,15.202,0.14422621,4.089071
15203,15.203,0.14333458,4.0384836
15204,15.204,0.14035676,4.0641317
15205,15.205,0.14271346,4.105132
15206,15.206,0.12911771,4.1139674
15207,15.207,0.12743208,4.0818634
15208,15.208,0.14033493,4.1063395
15209,15.209,0.13844997,4.1181183
15210,15.21,0.13867271,4.0720363
15211,15.211,0.1335507,4.0804486
15212,15.212,0.11888226,4.1310997
15213,15.213,0.10781608,4.1024036
15214,15.214,0.108294815,4.0929356
15215,15.215,0.09808558,4.1448483
15216,15.216,0.10466007,4.105376
15217,15.217,0.10637837,4.150813
15218,15.218,0.10185573,4.119062
15219,15.219,0.10950703,4.1269894
15220,15.22,0.11578828,4.119752
15221,15.221,0.10401082,4.0961585
15222,15.222,0.11229786,4.1069016
15223,15.223,0.11456332,4.102366
15224,15.224,0.1065906,4.0999374
15225,15.225,0.10675802,4.128167
15226,15.226,0.11282931,4.084752
15227,15.227,0.1154979,4.078419
15228,15.228,0.127665,4.1176023
15229,15.229,0.11366887,4.122266
15230,15.23,0.115559936,4.107727
15231,15.231,0.10906224,4.1227427
15232,15.232,0.118355036,6.3111763
15233,15.233,0.10551477,4.105221
15234,15.234,0.11632515,4.1208706
15235,15.235,0.10302759,4.102268
15236,15.236,0.10452413,4.132538
15237,15.237,0.11461881,4.118941
15238,15.238,0.12127118,4.1266856
15239,15.239,0.12239363,4.1470833
15240,15.24,0.121212065,4.1258225
15241,15.241,0.13965248,4.1481586
15242,15.242,0.14074825,4.139203
15243,15.243,0.13059764,4.181664
15244,15.244,0.1303571,4.2220716
15245,15.245,0.15114814,4.1541963
15246,15.246,0.1355789,4.143211
15247,15.247,0.124426246,4.151081
15248,15.248,0.14137882,4.135418
15249,15.249,0.15374862,4.1090317
15250,15.25,0.14402369,4.101041
15251,15.251,0.1529798,4.0889673
15252,15.252,0.1520692,4.1075616
15253,15.253,0.15815964,4.1183233
15254,15.254,0.15205741,4.125278
15255,15.255,0.13529126,4.1496015
15256,15.256,0.12578912,6.3114266
15257,15.257,0.1395411,6.407257
15258,15.258,0.13128006,6.4028563
15259,15.259,0.13361257,4.1574206
15260,15.26,0.1291911,4.1428246
15261,15.261,0.14188078,4.116906
15262,15.262,0.1390307,4.1787233
15263,15.263,0.12846158,4.119445
15264,15.264,0.14135225,4.099793
15265,15.265,0.12656464,4.1021986
15266,15.266,0.12156441,6.3507304
15267,15.267,0.12566224,6.401941
15268,15.268,0.13500729,4.1057935
15269,15.269,0.12772611,4.119807
15270,15.27,0.12774193,4.1125884
15271,15.271,0.12672208,4.1381774
15272,15.272,0.12150877,4.1326976
15273,15.273,0.12868053,6.6376023
15274,15.274,0.122362934,6.6234713
15275,15.275,0.1306357,6.566906
15276,15.276,0.12361067,6.541235
15277,15.277,0.13400997,6.5590262
15278,15.278,0.13561727,4.083957
15279,15.279,0.12637588,4.1234493
15280,15.28,0.13498889,4.1080856
15281,15.281,0.123306826,6.5362997
15282,15.282,0.117288075,6.54868
15283,15.283,0.12162525,6.468814
15284,15.284,0.122494645,6.4824543
15285,15.285,0.108539514,6.4452705
15286,15.286,0.11202218,6.452578
15287,15.287,0.12888741,6.5014586
15288,15.288,0.13631442,6.533147
15289,15.289,0.13070028,6.423053
15290,15.29,0.13433519,6.450448
15291,15.291,0.14002736,6.4632487
15292,15.292,0.14238788,6.503398
15293,15.293,0.14527833,6.5336633
15294,15.294,0.13619183,6.5753207
15295,15.295,0.14302254,4.1174903
15296,15.296,0.13728449,4.148109
15297,15.297,0.124830194,4.0812445
15298,15.298,0.1261163,6.423173
15299,15.299,0.12611677,4.1238365
15300,15.3,0.13653685,4.1045403
15301,15.301,0.13557251,6.3274865
15302,15.302,0.14349458,6.272484
15303,15.303,0.15252613,6.3314795
15304,15.304,0.14489152,6.3675456
15305,15.305,0.13584466,6.3815017
15306,15.306,0.15796803,6.399085
15307,15.307,0.14522144,6.3990912
15308,15.308,0.13932969,6.4895186
15309,15.309,0.14484882,6.48973
15310,15.31,0.13390468,6.462407
15311,15.311,0.15782198,6.5892696
15312,15.312,0.15226558,6.5574965
15313,15.313,0.14756389,4.0763702
15314,15.314,0.14266242,6.5309706
15315,15.315,0.14155819,6.43279
15316,15.316,0.15023835,6.4670005
15317,15.317,0.13928862,6.520085
15318,15.318,0.12848274,6.5470047
15319,15.319,0.13528016,4.09446
15320,15.32,0.14589171,6.5278807
15321,15.321,0.14382972,6.434359
15322,15.322,0.14794333,6.5283113
15323,15.323,0.14270738,6.535556
15324,15.324,0.13737288,6.5066996
15325,15.325,0.12976116,6.57552
15326,15.326,0.12716192,6.6338506
15327,15.327,0.13647969,6.6130276
15328,15.328,0.12946193,6.639724
15329,15.329,0.13630255,6.7615213
15330,15.33,0.13297907,6.8028064
15331,15.331,0.13854845,6.8163247
15332,15.332,0.14434157,6.7853374
15333,15.333,0.13639241,6.7243237
15334,15.334,0.1319226,6.7169
15335,15.335,0.14452524,6.5690026
15336,15.336,0.12917052,6.688398
15337,15.337,0.121538736,6.62925
15338,15.338,0.12686796,6.6099434
15339,15.339,0.13585444,6.5282526
15340,15.34,0.14433037,6.536982
15341,15.341,0.14773378,6.6343484
15342,15.342,0.13831882,6.595042
15343,15.343,0.13963012,6.657921
15344,15.344,0.13443498,6.616525
15345,15.345,0.13404274,6.6420383
15346,15.346,0.12378588,6.6378903
15347,15.347,0.14612924,6.6468515
15348,15.348,0.15337111,6.6644406
15349,15.349,0.14139722,6.7116327
15350,15.35,0.14324988,6.70367
15351,15.351,0.14897582,6.619268
15352,15.352,0.15055732,6.5704837
15353,15.353,0.15398264,6.541906
15354,15.354,0.14917201,6.526038
15355,15.355,0.14274505,6.554509
15356,15.356,0.13799082,6.603299
15357,15.357,0.15977144,6.5703516
15358,15.358,0.15832438,6.578478
15359,15.359,0.16135103,6.63217
15360,15.36,0.1771523,6.671202
15361,15.361,0.15447246,6.7182546
15362,15.362,0.1516349,6.702366
15363,15.363,0.15106514,6.7204723
15364,15.364,0.15024567,6.699647
15365,15.365,0.15383393,6.640337
15366,15.366,0.14985816,4.097245
15367,15.367,0.14105386,6.682557
15368,15.368,0.15313426,6.6645784
15369,15.369,0.13547441,6.627898
15370,15.37,0.13534722,6.591787
15371,15.371,0.13877562,6.5999236
15372,15.372,0.14124098,4.134891
15373,15.373,0.14251041,6.5797715
15374,15.374,0.14285918,6.5547433
15375,15.375,0.1395237,4.1214867
15376,15.376,0.1408242,4.104136
15377,15.377,0.13027062,6.4830937
15378,15.378,0.15077676,6.580784
15379,15.379,0.13518955,6.576529
15380,15.38,0.13468626,6.555398
15381,15.381,0.12816565,4.179335
15382,15.382,0.14627984,6.6211333
15383,15.383,0.12659386,4.1094475
15384,15.384,0.1326871,6.554097
15385,15.385,0.12260595,6.5389237
15386,15.386,0.14066364,6.5659323
15387,15.387,0.12262198,6.526412
15388,15.388,0.11862917,6.562216
15389,15.389,0.12066006,4.0948653
15390,15.39,0.122151606,6.5427146
15391,15.391,0.12612318,4.104035
15392,15.392,0.11975419,4.1389513
15393,15.393,0.114667706,4.0844
15394,15.394,0.111795954,6.402964
15395,15.395,0.12681875,4.0693135
15396,15.396,0.13479993,4.0801063
15397,15.397,0.1184268,4.088217
15398,15.398,0.10815168,4.098175
15399,15.399,0.113755785,6.4998636
15400,15.4,0.13139184,6.548953
15401,15.401,0.12881878,4.104246
15402,15.402,0.12634845,4.0561132
15403,15.403,0.118084185,4.080206
15404,15.404,0.11195353,4.118636
15405,15.405,0.11982608,4.0825753
15406,15.406,0.12979455,4.1025825
15407,15.407,0.10977325,4.0786705
15408,15.408,0.12598746,4.1470084
15409,15.409,0.11822164,4.1362233
15410,15.41,0.123668164,4.120618
15411,15.411,0.115480386,4.14662
15412,15.412,0.120379984,4.1229596
15413,15.413,0.113113776,4.1331787
15414,15.414,0.108280934,4.089867
15415,15.415,0.12833375,4.114525
15416,15.416,0.118664734,4.1150756
15417,15.417,0.11742499,4.109595
15418,15.418,0.120882116,4.1112776
15419,15.419,0.110564396,4.1288176
15420,15.42,0.1160107,4.123072
15421,15.421,0.10994266,4.121645
15422,15.422,0.12533893,4.0842705
15423,15.423,0.12114147,4.1396685
15424,15.424,0.1256788,4.118179
15425,15.425,0.12486954,4.133269
15426,15.426,0.12379616,4.152967
15427,15.427,0.108060256,4.1195626
15428,15.428,0.10646961,6.221271
15429,15.429,0.1136292,4.123294
15430,15.43,0.112049,4.1085157
15431,15.431,0.11513603,4.1049404
15432,15.432,0.1135264,4.1566234
15433,15.433,0.11445278,6.1358943
15434,15.434,0.109913215,4.156969
15435,15.435,0.10663397,4.134477
15436,15.436,0.10851608,4.101184
15437,15.437,0.11226801,4.1410522
15438,15.438,0.11019786,4.1492023
15439,15.439,0.11497577,4.0840344
15440,15.44,0.12322524,4.1022334
15441,15.441,0.12114338,4.1454644
15442,15.442,0.13691181,4.2042174
15443,15.443,0.13534637,4.127425
15444,15.444,0.13386929,4.142922
15445,15.445,0.13003214,4.15775
15446,15.446,0.13791205,4.173972
15447,15.447,0.12902501,4.2117777
15448,15.448,0.13439456,4.1673117
15449,15.449,0.13115585,6.282986
15450,15.45,0.13054053,6.38098
15451,15.451,0.1346515,4.1313505
15452,15.452,0.12721282,6.617751
15453,15.453,0.12120634,6.5574927
15454,15.454,0.121811874,6.5402246
15455,15.455,0.12806323,6.602885
15456,15.456,0.12731954,6.5703816
15457,15.457,0.12642619,6.575078
15458,15.458,0.12046542,6.6153793
15459,15.459,0.12184983,4.0759997
15460,15.46,0.115725875,6.56133
15461,15.461,0.11704735,6.5367827
15462,15.462,0.12256776,6.5002046
15463,15.463,0.12170364,4.1057806
15464,15.464,0.11430371,6.380643
15465,15.465,0.10109019,6.43816
15466,15.466,0.09207224,4.0751014
15467,15.467,0.0899826,4.0802593
15468,15.468,0.09211241,4.118538
15469,15.469,0.099276334,6.4740334
15470,15.47,0.099175565,6.4156227
15471,15.471,0.09809737,4.092792
15472,15.472,0.104364194,4.1011662
15473,15.473,0.09725831,4.089485
15474,15.474,0.1001741,4.086383
15475,15.475,0.08225079,6.4225283
15476,15.476,0.08411159,6.5401416
15477,15.477,0.09474837,4.1058645
15478,15.478,0.090584375,4.1050725
15479,15.479,0.09782597,6.523948
15480,15.48,0.092690386,6.5120926
15481,15.481,0.085600555,6.569521
15482,15.482,0.10298046,6.4990025
15483,15.483,0.106493495,6.514915
15484,15.484,0.10015621,6.413301
15485,15.485,0.09877262,6.4384484
15486,15.486,0.08607057,6.5230923
15487,15.487,0.09387815,6.5354824
15488,15.488,0.08678279,6.5639334
15489,15.489,0.09808912,6.571566
15490,15.49,0.10419182,6.7095885
15491,15.491,0.09507843,6.660525
15492,15.492,0.096643664,6.6126423
15493,15.493,0.089102805,6.5973186
15494,15.494,0.09452301,6.5327864
15495,15.495,0.096472465,6.5345645
15496,15.496,0.09818453,6.5797086
15497,15.497,0.103370346,6.585129
15498,15.498,0.11446844,6.6422987
15499,15.499,0.094086014,6.641985
15500,15.5,0.09983368,6.5314856
15501,15.501,0.11682838,6.5956445
15502,15.502,0.107802145,6.59206
15503,15.503,0.110036194,6.6300726
15504,15.504,0.10476384,6.565717
15505,15.505,0.096446104,6.6555076
15506,15.506,0.092914596,6.6786027
15507,15.507,0.09219018,4.0653973
15508,15.508,0.09626435,6.703483
15509,15.509,0.09789211,6.6948547
15510,15.51,0.11263705,6.6639233
15511,15.511,0.10314085,6.62362
15512,15.512,0.09741329,6.725747
15513,15.513,0.11247632,6.6906447
15514,15.514,0.11788725,6.6793256
15515,15.515,0.097747944,6.7043443
15516,15.516,0.087689824,6.6489882
15517,15.517,0.091070555,6.715199
15518,15.518,0.07947461,6.631204
15519,15.519,0.0883792,6.6514516
15520,15.52,0.09239809,6.6151004
15521,15.521,0.09173704,6.6192684
15522,15.522,0.0873517,6.7327614
15523,15.523,0.08072153,6.746226
15524,15.524,0.07176079,4.100788
15525,15.525,0.07746227,6.6465826
15526,15.526,0.080893904,4.117386
15527,15.527,0.08298118,4.1031647
15528,15.528,0.076427914,6.470719
15529,15.529,0.082106605,6.459536
15530,15.53,0.07756219,6.4820356
15531,15.531,0.08793993,6.545387
15532,15.532,0.08277474,4.098077
15533,15.533,0.08158048,4.0759163
15534,15.534,0.077759415,4.0837755
15535,15.535,0.08045258,6.6619177
15536,15.536,0.07396366,6.6156774
15537,15.537,0.082047455,6.539437
15538,15.538,0.085657254,6.529994
15539,15.539,0.0834507,6.4217315
15540,15.54,0.085732125,6.42872
15541,15.541,0.07860294,6.483905
15542,15.542,0.080551654,6.539896
15543,15.543,0.081249654,6.5162835
15544,15.544,0.078775555,6.564593
15545,15.545,0.083186395,6.5488963
15546,15.546,0.08616788,6.5633144
15547,15.547,0.08232594,4.124909
15548,15.548,0.07792054,4.1554337
15549,15.549,0.08224868,4.166908
15550,15.55,0.081132196,4.1623197
15551,15.551,0.08671683,6.54141
15552,15.552,0.08381422,4.198293
15553,15.553,0.091851,4.170403
15554,15.554,0.08694581,4.124704
15555,15.555,0.09781946,4.160654
15556,15.556,0.09813507,4.1252623
15557,15.557,0.084490746,4.131243
15558,15.558,0.0803771,4.134886
15559,15.559,0.09299232,4.1542826
15560,15.56,0.08067855,4.16138
15561,15.561,0.07529191,4.2296553
15562,15.562,0.07884742,4.2697015
15563,15.563,0.080428146,4.2253604
15564,15.564,0.07842774,4.225255
15565,15.565,0.07938001,4.2195334
15566,15.566,0.08123614,4.250034
15567,15.567,0.07664842,4.1991916
15568,15.568,0.08440108,4.2063966
15569,15.569,0.09147267,4.108507
15570,15.57,0.09209672,4.204488
15571,15.571,0.07876528,4.126869
15572,15.572,0.08079095,6.561962
15573,15.573,0.08616788,4.1844788
15574,15.574,0.07870509,4.1823883
15575,15.575,0.085562736,4.2022557
15576,15.576,0.0805251,4.1579905
15577,15.577,0.10030211,6.5571556
15578,15.578,0.10385789,6.4490266
15579,15.579,0.10047023,6.390327
15580,15.58,0.10032861,6.440701
15581,15.581,0.10005286,4.1922054
15582,15.582,0.11154182,4.192892
15583,15.583,0.11091826,4.2174296
15584,15.584,0.11836236,4.2073827
15585,15.585,0.12224337,4.302119
15586,15.586,0.12154111,4.1971636
15587,15.587,0.115412794,4.1797676
15588,15.588,0.11727526,4.142528
15589,15.589,0.108334295,6.6337676
15590,15.59,0.11528452,4.1387267
15591,15.591,0.10316214,4.1720405
15592,15.592,0.10443008,4.114115
15593,15.593,0.106749356,6.7013607
15594,15.594,0.104477115,4.1158466
15595,15.595,0.096780516,4.091798
15596,15.596,0.09605216,4.1127734
15597,15.597,0.09351295,4.105278
15598,15.598,0.090307035,4.0717125
15599,15.599,0.10091795,4.1159763
15600,15.6,0.08850336,4.1168766
15601,15.601,0.11422075,4.156865
15602,15.602,0.1078611,4.1449966
15603,15.603,0.10697544,4.1562037
15604,15.604,0.11727772,4.136945
15605,15.605,0.11737083,4.1596665
15606,15.606,0.122303404,4.1799126
15607,15.607,0.121595316,4.207074
15608,15.608,0.11667789,4.238214
15609,15.609,0.115893565,4.211925
15610,15.61,0.123221956,4.124161
15611,15.611,0.122884244,4.154848
15612,15.612,0.11788284,4.188987
15613,15.613,0.11108697,6.875467
15614,15.614,0.115083806,4.155047
15615,15.615,0.11512247,4.194804
15616,15.616,0.1076605,4.1731844
15617,15.617,0.11761483,4.196721
15618,15.618,0.11304988,4.149865
15619,15.619,0.11873096,4.1308827
15620,15.62,0.116913944,4.1738415
15621,15.621,0.11897071,4.245266
15622,15.622,0.107661575,4.150552
15623,15.623,0.112802155,4.205678
15624,15.624,0.12370835,4.274634
15625,15.625,0.124407664,4.2904444
15626,15.626,0.12150972,4.293086
15627,15.627,0.11325777,4.2291536
15628,15.628,0.12414443,4.301
15629,15.629,0.12569949,4.261791
15630,15.63,0.123668164,7.4702168
15631,15.631,0.115197755,7.3648186
15632,15.632,0.11704043,7.4088774
15633,15.633,0.118222624,7.416318
15634,15.634,0.11166766,7.4112587
15635,15.635,0.12170696,4.144073
15636,15.636,0.11842339,7.437688
15637,15.637,0.11330064,7.384853
15638,15.638,0.11675217,4.142646
15639,15.639,0.12170269,4.1228814
15640,15.64,0.105909534,4.129102
15641,15.641,0.10867468,4.128172
15642,15.642,0.10372201,4.156727
15643,15.643,0.1007173,4.173637
15644,15.644,0.081730545,4.1556993
15645,15.645,0.09172129,4.170506
15646,15.646,0.09085006,4.1403766
15647,15.647,0.09297367,4.1635833
15648,15.648,0.101185635,7.292929
15649,15.649,0.09386891,7.2856693
15650,15.65,0.093068115,7.25507
15651,15.651,0.090060286,7.2777505
15652,15.652,0.09525152,7.206335
15653,15.653,0.09723691,7.3013906
15654,15.654,0.10945266,4.157072
15655,15.655,0.09776923,4.1449165
15656,15.656,0.09552419,7.4232936
15657,15.657,0.09708224,7.4109483
15658,15.658,0.10366515,7.439748
15659,15.659,0.10811266,7.435417
15660,15.66,0.08950924,7.365359
15661,15.661,0.10349217,7.406931
15662,15.662,0.09795763,7.356432
15663,15.663,0.100101374,7.366947
15664,15.664,0.09976245,4.113692
15665,15.665,0.10505804,4.103925
15666,15.666,0.0989667,4.1060033
15667,15.667,0.09426461,4.1315684
15668,15.668,0.08458441,4.1561403
15669,15.669,0.10272026,4.146686
15670,15.67,0.112534374,4.1536713
15671,15.671,0.110535644,4.1268454
15672,15.672,0.09490258,4.1223626
15673,15.673,0.098488994,4.155053
15674,15.674,0.10596845,4.1608515
15675,15.675,0.10059556,4.183444
15676,15.676,0.107242554,4.1251354
15677,15.677,0.10193854,4.143444
15678,15.678,0.10931421,4.1179047
15679,15.679,0.104656205,4.0958023
15680,15.68,0.108047955,4.132747
15681,15.681,0.111146785,4.0893693
15682,15.682,0.1036501,4.089519
15683,15.683,0.09637535,4.119492
15684,15.684,0.095284894,4.0951214
15685,15.685,0.105846204,4.0689874
15686,15.686,0.09171561,4.1527963
15687,15.687,0.090260945,4.127171
15688,15.688,0.104397416,4.149063
15689,15.689,0.10547039,4.076172
15690,15.69,0.109439455,4.121468
15691,15.691,0.1078,4.1202855
15692,15.692,0.11099224,4.1411934
15693,15.693,0.110058255,4.1327763
15694,15.694,0.1060039,4.1029005
15695,15.695,0.11146147,7.4884887
15696,15.696,0.10593845,7.4815464
15697,15.697,0.11442551,7.421628
15698,15.698,0.10773618,7.3898478
15699,15.699,0.10998629,7.348339
15700,15.7,0.11975516,7.3835897
15701,15.701,0.121174864,7.377211
15702,15.702,0.10956349,7.323045
15703,15.703,0.11243675,7.321052
15704,15.704,0.118281275,4.0991526
15705,15.705,0.10527238,4.0921946
15706,15.706,0.1091327,4.0739226
15707,15.707,0.12256022,4.103417
15708,15.708,0.10882615,4.0484324
15709,15.709,0.10609655,4.076789
15710,15.71,0.11112338,4.0941286
15711,15.711,0.115108915,4.1471734
15712,15.712,0.10919571,4.1251917
15713,15.713,0.12117105,4.14771
15714,15.714,0.10876081,4.111881
15715,15.715,0.12263518,4.116119
15716,15.716,0.12018201,4.127065
15717,15.717,0.11825097,4.1381063
15718,15.718,0.11187554,4.1021156
15719,15.719,0.1044334,4.1152554
15720,15.72,0.119679354,4.1044073
15721,15.721,0.11758927,4.068757
15722,15.722,0.116947055,4.090275
15723,15.723,0.105021164,4.1196656
15724,15.724,0.10966684,4.1080165
15725,15.725,0.11728659,4.115553
15726,15.726,0.12137218,4.132397
15727,15.727,0.12155253,4.1418524
15728,15.728,0.12971929,4.139189
15729,15.729,0.111455254,4.1429143
15730,15.73,0.11962429,4.126468
15731,15.731,0.12037375,4.122918
15732,15.732,0.12988316,4.142781
15733,15.733,0.12195366,4.108215
15734,15.734,0.12795036,4.117272
15735,15.735,0.1172723,4.1198335
15736,15.736,0.11983573,4.151415
15737,15.737,0.12825221,4.172992
15738,15.738,0.13052724,4.15925
15739,15.739,0.13979891,4.157049
15740,15.74,0.13752636,4.160238
15741,15.741,0.13109899,4.1520205
15742,15.742,0.12791151,4.145866
15743,15.743,0.13633393,4.1225376
15744,15.744,0.14562008,4.108568
15745,15.745,0.1354821,4.1639977
15746,15.746,0.13065737,4.1710963
15747,15.747,0.1327006,4.2199583
15748,15.748,0.14691737,4.1999326
15749,15.749,0.14893235,4.170793
15750,15.75,0.13723312,4.1615186
15751,15.751,0.14754352,4.1230364
15752,15.752,0.145774,4.125511
15753,15.753,0.14624982,4.1401353
15754,15.754,0.1517656,4.1484838
15755,15.755,0.15302022,4.1335883
15756,15.756,0.15173702,4.135337
15757,15.757,0.13800883,4.1511316
15758,15.758,0.14183271,4.170204
15759,15.759,0.14835921,4.159706
15760,15.76,0.14196305,4.2174344
15761,15.761,0.13207191,4.123599
15762,15.762,0.12862751,4.1079316
15763,15.763,0.1346721,4.1555424
15764,15.764,0.12822472,4.141074
15765,15.765,0.14477459,4.1482153
15766,15.766,0.1384483,4.1283593
15767,15.767,0.13695276,4.134198
15768,15.768,0.1261076,4.0859547
15769,15.769,0.11347038,4.071276
15770,15.77,0.12384891,4.100083
15771,15.771,0.115529925,4.1319118
15772,15.772,0.12286684,4.1351585
15773,15.773,0.12100016,4.138811
15774,15.774,0.13558401,4.142694
15775,15.775,0.12970012,4.133894
15776,15.776,0.11739398,4.1563005
15777,15.777,0.11803816,4.1488028
15778,15.778,0.1063175,4.125681
15779,15.779,0.12675264,4.1594276
15780,15.78,0.1293467,4.104368
15781,15.781,0.13853969,4.1536245
15782,15.782,0.13052636,4.1846867
15783,15.783,0.13876146,4.152168
15784,15.784,0.1270446,4.1092668
15785,15.785,0.12470789,4.1196084
15786,15.786,0.13174856,4.1067624
15787,15.787,0.14867483,4.1623135
15788,15.788,0.14564429,4.115065
15789,15.789,0.14177401,4.114836
15790,15.79,0.13646868,4.1211276
15791,15.791,0.13867772,4.1224833
15792,15.792,0.13360393,4.171301
15793,15.793,0.13821597,4.1372933
15794,15.794,0.12470001,4.136205
15795,15.795,0.12680872,4.1625013
15796,15.796,0.14325029,4.15179
15797,15.797,0.13926621,4.141488
15798,15.798,0.11657679,4.1254253
15799,15.799,0.12597048,4.0954127
15800,15.8,0.12358167,4.0941987
15801,15.801,0.12862751,4.135004
15802,15.802,0.119086765,4.113612
15803,15.803,0.13450891,4.103
15804,15.804,0.12022433,4.124853
15805,15.805,0.11742499,4.129121
15806,15.806,0.1237518,4.119671
15807,15.807,0.11571638,4.116399
15808,15.808,0.11224433,4.1251717
15809,15.809,0.10207962,4.127977
15810,15.81,0.11988684,4.12271
15811,15.811,0.13100196,4.1286798
15812,15.812,0.12516451,4.117423
15813,15.813,0.13002057,4.106702
15814,15.814,0.12277366,4.1180964
15815,15.815,0.12951595,4.1568356
15816,15.816,0.12937216,4.1436586
15817,15.817,0.13141252,4.1057405
15818,15.818,0.1276025,4.135806
15819,15.819,0.12482046,4.1400113
15820,15.82,0.12281179,4.118106
15821,15.821,0.11730926,4.134536
15822,15.822,0.12325385,4.1168766
15823,15.823,0.13111618,4.136834
15824,15.824,0.13090663,4.131132
15825,15.825,0.13057196,4.1282406
15826,15.826,0.12538642,4.1246014
15827,15.827,0.11941296,4.119454
15828,15.828,0.12552924,4.1437035
15829,15.829,0.1168729,4.1356688
15830,15.83,0.121111885,4.1262007
15831,15.831,0.11709474,4.1005692
15832,15.832,0.11814829,4.116151
15833,15.833,0.1339858,4.1153626
15834,15.834,0.12673303,4.11115
15835,15.835,0.12722872,4.1573296
15836,15.836,0.1384128,4.1036687
15837,15.837,0.1351391,4.108497
15838,15.838,0.13604788,4.0693636
15839,15.839,0.1366071,4.0567646
15840,15.84,0.14383093,4.0822616
15841,15.841,0.13922594,4.134091
15842,15.842,0.13557847,4.057331
15843,15.843,0.14396548,4.1076093
15844,15.844,0.14215103,4.104058
15845,15.845,0.13886264,4.0496607
15846,15.846,0.1412639,4.078117
15847,15.847,0.13530023,4.0901675
15848,15.848,0.13340521,4.018299
15849,15.849,0.1283414,4.072005
15850,15.85,0.13213624,4.0379925
15851,15.851,0.13278683,4.0789957
15852,15.852,0.13960528,4.074824
15853,15.853,0.15261781,4.0728273
15854,15.854,0.13708648,4.108755
15855,15.855,0.13694389,4.1400647
15856,15.856,0.13493322,4.0942593
15857,15.857,0.13572462,4.064582
15858,15.858,0.13935085,4.069406
15859,15.859,0.14477737,4.111122
15860,15.86,0.13250926,4.0989256
15861,15.861,0.13941967,4.082265
15862,15.862,0.13321488,4.108525
15863,15.863,0.12993075,4.0967827
15864,15.864,0.13270496,4.10427
15865,15.865,0.14751767,4.101662
15866,15.866,0.13818294,4.0735574
15867,15.867,0.13693587,4.08098
15868,15.868,0.14355901,4.1125894
15869,15.869,0.13513994,4.1156235
15870,15.87,0.13582295,4.0634727
15871,15.871,0.14571531,4.0501738
15872,15.872,0.13737078,4.0634313
15873,15.873,0.1380846,4.0805774
15874,15.874,0.14323212,4.0778775
15875,15.875,0.15137435,4.101881
15876,15.876,0.14897427,4.0620217
15877,15.877,0.15307611,4.0777044
15878,15.878,0.149419,4.0645084
15879,15.879,0.14383815,4.055413
15880,15.88,0.15560427,4.060394
15881,15.881,0.13947481,4.1074924
15882,15.882,0.13621984,4.0756416
15883,15.883,0.13330813,4.077514
15884,15.884,0.14452565,4.092269
15885,15.885,0.13330205,4.1061277
15886,15.886,0.13094813,4.0838027
15887,15.887,0.1428353,4.0832887
15888,15.888,0.1463549,4.1282043
15889,15.889,0.13302861,4.077492
15890,15.89,0.13389605,4.0767636
15891,15.891,0.14445245,4.09989
15892,15.892,0.13256639,4.1056094
15893,15.893,0.12923941,4.093831
15894,15.894,0.12786585,4.079604
15895,15.895,0.13579486,4.0931134
15896,15.896,0.13382179,4.1067452
15897,15.897,0.13151233,4.0881534
15898,15.898,0.12350962,4.0761876
15899,15.899,0.1268962,4.0571003
15900,15.9,0.12602645,4.1080284
15901,15.901,0.12029882,4.10339
15902,15.902,0.12219939,4.0963497
15903,15.903,0.13327561,4.1260643
15904,15.904,0.115550935,4.0952706
15905,15.905,0.124013536,4.116396
15906,15.906,0.1184268,4.1374903
15907,15.907,0.10453242,4.0819087
15908,15.908,0.11393551,4.1076155
15909,15.909,0.11398115,4.1156387
15910,15.91,0.11126321,4.089576
15911,15.911,0.11841558,4.172804
15912,15.912,0.114788115,4.185704
15913,15.913,0.122734584,4.1469936
15914,15.914,0.114394695,4.1290393
15915,15.915,0.117148034,4.160252
15916,15.916,0.11359715,4.143616
15917,15.917,0.115551434,4.1554184
15918,15.918,0.10541613,4.146481
15919,15.919,0.10010946,4.147141
15920,15.92,0.08791561,4.1543083
15921,15.921,0.10259527,4.1335416
15922,15.922,0.09420818,4.0896993
15923,15.923,0.10375154,4.106096
15924,15.924,0.09857757,4.1030717
15925,15.925,0.11313677,4.096043
15926,15.926,0.110315286,4.073307
15927,15.927,0.118791796,4.091317
15928,15.928,0.12440627,4.095908
15929,15.929,0.119711705,4.1041026
15930,15.93,0.112312794,4.078748
15931,15.931,0.13769186,4.105784
15932,15.932,0.12985243,4.0648403
15933,15.933,0.120727584,4.057931
15934,15.934,0.12565534,4.05979
15935,15.935,0.12090698,4.0523643
15936,15.936,0.10548409,4.0621514
15937,15.937,0.11199121,4.0516477
15938,15.938,0.11183834,4.093083
15939,15.939,0.13018273,4.0847898
15940,15.94,0.11806705,4.074134
15941,15.941,0.12241818,4.0755906
15942,15.942,0.10651574,4.042074
15943,15.943,0.10287826,4.0800085
15944,15.944,0.09562035,4.0351157
15945,15.945,0.09448692,4.0848303
15946,15.946,0.115445845,4.120461
15947,15.947,0.1067277,4.121978
15948,15.948,0.11040013,4.123553
15949,15.949,0.10095746,4.048861
15950,15.95,0.10273545,4.071065
15951,15.951,0.10093799,4.062884
15952,15.952,0.09913418,4.0592475
15953,15.953,0.1006105,4.08104
15954,15.954,0.10732714,4.110329
15955,15.955,0.11513803,4.1016293
15956,15.956,0.11563294,4.0950193
15957,15.957,0.10747405,4.067208
15958,15.958,0.10153689,4.0751863
15959,15.959,0.096788876,4.1040974
15960,15.96,0.11332716,4.0926523
15961,15.961,0.11253027,4.0776105
15962,15.962,0.10772223,4.06904
15963,15.963,0.10153746,4.0889688
15964,15.964,0.105536684,4.0804687
15965,15.965,0.10721722,4.1449976
15966,15.966,0.10215717,4.118465
15967,15.967,0.104727976,7.4327674
15968,15.968,0.108570926,7.3794518
15969,15.969,0.10916395,7.367045
15970,15.97,0.10387069,7.4082427
15971,15.971,0.119266205,4.1248136
15972,15.972,0.11055342,4.0761085
15973,15.973,0.10153233,7.3761625
15974,15.974,0.102327324,4.1182137
15975,15.975,0.104237296,4.152058
15976,15.976,0.09663648,4.1451306
15977,15.977,0.09625654,7.3695936
15978,15.978,0.09494825,7.362214
15979,15.979,0.093448654,7.37112
15980,15.98,0.09966796,7.364401
15981,15.981,0.092604294,4.1976867
15982,15.982,0.088459596,4.1910534
15983,15.983,0.08560393,7.3042097
15984,15.984,0.099325225,4.115064
15985,15.985,0.09870413,7.277868
15986,15.986,0.092033945,4.1040483
15987,15.987,0.08957767,7.3336725
15988,15.988,0.08103454,4.1284523
15989,15.989,0.07899609,4.1506414
15990,15.99,0.073626086,4.1635084
15991,15.991,0.08895868,4.1421094
15992,15.992,0.09311096,4.1447487
15993,15.993,0.09344309,4.0499268
15994,15.994,0.08809556,4.0954475
15995,15.995,0.09264048,4.04572
15996,15.996,0.096296765,4.080664
15997,15.997,0.087142356,4.138596
15998,15.998,0.096886165,4.0743136
15999,15.999,0.091326594,4.098062
16000,16.0,0.08609675,4.0531864
16001,16.001,0.081295885,4.065915
16002,16.002,0.08703285,4.0763764
16003,16.003,0.08896908,4.102682
16004,16.004,0.080785945,4.072631
16005,16.005,0.08951634,4.0842013
16006,16.006,0.10567241,4.1245503
16007,16.007,0.10711313,4.069626
16008,16.008,0.1118864,4.1132298
16009,16.009,0.0998823,4.076662
16010,16.01,0.11058531,4.102099
16011,16.011,0.09616042,4.151131
16012,16.012,0.10056223,4.1773653
16013,16.013,0.0990496,4.168801
16014,16.014,0.08878373,4.1297855
16015,16.015,0.09358216,4.103651
16016,16.016,0.09346597,4.105576
16017,16.017,0.09130571,4.095036
16018,16.018,0.083979554,4.1241965
16019,16.019,0.097926944,4.091189
16020,16.02,0.087005615,4.0921645
16021,16.021,0.09476484,4.0665
16022,16.022,0.09940317,4.118977
16023,16.023,0.09817393,4.0738487
16024,16.024,0.08848638,4.1009197
16025,16.025,0.0853937,4.0708113
16026,16.026,0.08575302,4.142735
16027,16.027,0.096591614,4.0891347
16028,16.028,0.099363625,4.104508
16029,16.029,0.105415575,4.0903497
16030,16.03,0.10404749,4.1113887
16031,16.031,0.08723384,4.0929084
16032,16.032,0.09544853,4.0757127
16033,16.033,0.08995883,4.152604
16034,16.034,0.08942526,7.4379907
16035,16.035,0.10247408,4.0877986
16036,16.036,0.10379276,7.5349355
16037,16.037,0.11368768,4.0853586
16038,16.038,0.09999797,4.0793185
16039,16.039,0.09338431,4.0918145
16040,16.04,0.090757124,4.0600514
16041,16.041,0.09175657,4.062539
16042,16.042,0.09721729,4.111436
16043,16.043,0.09818453,7.4936457
16044,16.044,0.08509604,7.510419
16045,16.045,0.09442818,7.493905
16046,16.046,0.10532891,7.4922357
16047,16.047,0.10486641,7.559168
16048,16.048,0.09476789,4.1808057
16049,16.049,0.088708185,4.14309
16050,16.05,0.09008083,4.1414976
16051,16.051,0.08695977,4.1360264
16052,16.052,0.08687798,4.1232696
16053,16.053,0.09049309,4.090847
16054,16.054,0.09543703,4.144913
16055,16.055,0.09525577,4.20309
16056,16.056,0.10491545,4.1752467
16057,16.057,0.11209129,7.427899
16058,16.058,0.102624,4.115416
16059,16.059,0.09936072,7.413483
16060,16.06,0.10070582,7.429268
16061,16.061,0.11446793,7.3682323
16062,16.062,0.103085354,7.376062
16063,16.063,0.10140132,7.4364967
16064,16.064,0.10166375,7.4613323
16065,16.065,0.09823397,4.1570525
16066,16.066,0.09981747,7.5150495
16067,16.067,0.101631336,7.5100813
16068,16.068,0.097209565,7.4407644
16069,16.069,0.103170544,7.5458956
16070,16.07,0.11137276,7.5692806
16071,16.071,0.11421013,7.5132146
16072,16.072,0.10938874,7.484275
16073,16.073,0.11462032,7.4455175
16074,16.074,0.118510716,7.5496526
16075,16.075,0.13763686,7.499278
16076,16.076,0.12596865,7.4393997
16077,16.077,0.11239099,7.421581
16078,16.078,0.12556192,7.490119
16079,16.079,0.11684669,7.432032
16080,16.08,0.111136906,7.360893
16081,16.081,0.09605939,7.3454604
16082,16.082,0.110260785,7.402358
16083,16.083,0.104435615,7.3673997
16084,16.084,0.0922585,7.3663964
16085,16.085,0.10358539,7.3931403
16086,16.086,0.10761218,7.3752294
16087,16.087,0.10240863,7.383355
16088,16.088,0.10441901,7.322286
16089,16.089,0.10153347,7.365952
16090,16.09,0.102020726,4.097407
16091,16.091,0.09502675,4.0847673
16092,16.092,0.10381002,7.438289
16093,16.093,0.09095434,4.1026855
16094,16.094,0.1084191,7.4986205
16095,16.095,0.12558402,7.4374204
16096,16.096,0.12375553,4.0757623
16097,16.097,0.11656985,7.399514
16098,16.098,0.10401971,4.100184
16099,16.099,0.105519705,4.1652017
16100,16.1,0.09365439,4.1391554
16101,16.101,0.10454403,4.200505
16102,16.102,0.09767696,4.087688
16103,16.103,0.09590945,4.1480303
16104,16.104,0.09934734,4.087658
16105,16.105,0.11030114,4.1100693
16106,16.106,0.09683127,7.697964
16107,16.107,0.10104787,7.6420245
16108,16.108,0.099091604,7.6517086
16109,16.109,0.09490441,4.0901847
16110,16.11,0.08946468,4.0918174
16111,16.111,0.09399382,4.0852275
16112,16.112,0.10370864,4.1207075
16113,16.113,0.08464248,4.0860963
16114,16.114,0.07995967,4.1179175
16115,16.115,0.08867821,4.084186
16116,16.116,0.08415556,7.711353
16117,16.117,0.0882555,4.1156483
16118,16.118,0.08853535,7.640633
16119,16.119,0.094395734,7.6323786
16120,16.12,0.09605397,7.635242
16121,16.121,0.10738743,7.6553884
16122,16.122,0.109289885,4.0965447
16123,16.123,0.092893444,7.7118435
16124,16.124,0.09928158,7.7551403
16125,16.125,0.10506134,7.7594943
16126,16.126,0.11519976,7.7626786
16127,16.127,0.11338019,7.7875986
16128,16.128,0.11768754,7.794691
16129,16.129,0.10940248,7.749978
16130,16.13,0.11776315,7.6982484
16131,16.131,0.12727278,7.7403245
16132,16.132,0.12741666,7.734926
16133,16.133,0.119266696,7.7580485
16134,16.134,0.12214498,7.7350183
16135,16.135,0.119286075,7.747529
16136,16.136,0.12028248,7.768494
16137,16.137,0.1170982,7.7326465
16138,16.138,0.12417375,7.776961
16139,16.139,0.11146977,7.749841
16140,16.14,0.09530976,7.7969065
16141,16.141,0.09687722,7.858252
16142,16.142,0.08228381,7.8424025
16143,16.143,0.093005374,7.7638545
16144,16.144,0.09950313,7.857899
16145,16.145,0.09748031,7.8774767
16146,16.146,0.08417617,7.8191085
16147,16.147,0.08175741,7.877515
16148,16.148,0.08595499,7.93208
16149,16.149,0.09353767,7.883996
16150,16.15,0.098248675,7.8985524
16151,16.151,0.09675424,7.9030843
16152,16.152,0.0954782,7.8622913
16153,16.153,0.100846335,7.9103866
16154,16.154,0.09129811,7.97541
16155,16.155,0.09377158,7.909348
16156,16.156,0.09786259,4.044403
16157,16.157,0.10958934,7.8415427
16158,16.158,0.101439506,7.800227
16159,16.159,0.100405775,7.8608675
16160,16.16,0.09047904,7.8596897
16161,16.161,0.10780053,7.8132515
16162,16.162,0.099597186,7.743218
16163,16.163,0.094018415,7.7603803
16164,16.164,0.09556049,7.8019185
16165,16.165,0.09427565,7.825167
16166,16.166,0.099247806,7.812194
16167,16.167,0.10627291,7.7630157
16168,16.168,0.10401471,7.7355275
16169,16.169,0.100524865,7.7696977
16170,16.17,0.10003495,7.81294
16171,16.171,0.105369516,7.8190284
16172,16.172,0.100292884,7.8181696
16173,16.173,0.10857731,7.8259892
16174,16.174,0.11049119,7.840523
16175,16.175,0.10038736,7.8385253
16176,16.176,0.106967874,7.822403
16177,16.177,0.10370919,7.8340116
16178,16.178,0.102244824,7.8088007
16179,16.179,0.098967284,7.835533
16180,16.18,0.10162508,7.856788
16181,16.181,0.093944,7.8238554
16182,16.182,0.09837214,7.8683696
16183,16.183,0.103667386,7.7944503
16184,16.184,0.10560895,7.7559147
16185,16.185,0.103765465,7.777391
16186,16.186,0.10388182,7.776416
16187,16.187,0.09555142,7.7346272
16188,16.188,0.08434765,4.099964
16189,16.189,0.08233016,7.7410946
16190,16.19,0.09550846,4.1122265
16191,16.191,0.09370375,4.0503125
16192,16.192,0.09001279,7.8019304
16193,16.193,0.09604495,7.804988
16194,16.194,0.09884983,7.7364464
16195,16.195,0.0880168,7.73185
16196,16.196,0.085788734,7.7159977
16197,16.197,0.08930237,4.0549107
16198,16.198,0.09418487,4.049053
16199,16.199,0.08753413,7.758431
16200,16.2,0.08799513,7.726615
16201,16.201,0.08953184,7.7127857
16202,16.202,0.08921301,7.723278
16203,16.203,0.08673016,7.6393533
16204,16.204,0.10183586,7.6956434
16205,16.205,0.10324895,7.7385507
16206,16.206,0.09395323,7.6706934
16207,16.207,0.08870884,7.709874
16208,16.208,0.08770037,7.666773
16209,16.209,0.0902161,7.711734
16210,16.21,0.08865344,7.7483897
16211,16.211,0.09887555,7.701117
16212,16.212,0.08849357,7.6349554
16213,16.213,0.091648795,7.656479
16214,16.214,0.08619873,7.6971025
16215,16.215,0.092645474,7.695
16216,16.216,0.08887288,4.0856576
16217,16.217,0.092819996,7.701213
16218,16.218,0.103541866,7.7007666
16219,16.219,0.09422966,7.6719174
16220,16.22,0.08165413,7.6667485
16221,16.221,0.08624029,7.6387963
16222,16.222,0.07995244,7.710598
16223,16.223,0.08665149,7.72687
16224,16.224,0.07643775,7.741063
16225,16.225,0.08290731,4.083134
16226,16.226,0.08340705,4.0706806
16227,16.227,0.082122795,7.7266755
16228,16.228,0.0734634,7.6487503
16229,16.229,0.079517506,4.075902
16230,16.23,0.07543072,4.0935664
16231,16.231,0.07224323,4.0813556
16232,16.232,0.077243336,4.0640564
16233,16.233,0.0853402,4.0635
16234,16.234,0.074657455,4.084115
16235,16.235,0.078990966,4.125966
16236,16.236,0.08066566,4.086831
16237,16.237,0.08247465,4.0434628
16238,16.238,0.08241015,4.0260396
16239,16.239,0.081478395,4.0436754
16240,16.24,0.08439286,4.037533
16241,16.241,0.08030588,4.056225
16242,16.242,0.08762587,4.0521445
16243,16.243,0.07767984,4.068892
16244,16.244,0.07766719,4.0187397
16245,16.245,0.07828316,4.0374565
16246,16.246,0.07918683,4.0875754
16247,16.247,0.09225411,4.0330076
16248,16.248,0.08728352,4.082445
16249,16.249,0.08128024,4.0879846
16250,16.25,0.083646476,4.070136
16251,16.251,0.08441614,4.0457916
16252,16.252,0.073263295,4.077126
16253,16.253,0.091529526,4.017755
16254,16.254,0.086201414,4.0643945
16255,16.255,0.08409441,4.0253096
16256,16.256,0.09501823,4.0939126
16257,16.257,0.09588654,4.1459427
16258,16.258,0.08858626,4.1257834
16259,16.259,0.09871701,4.1114073
16260,16.26,0.0959462,4.135509
16261,16.261,0.101380795,4.0871925
16262,16.262,0.09262114,4.1246486
16263,16.263,0.09467026,4.05168
16264,16.264,0.09719886,4.0730853
16265,16.265,0.08863127,4.0613046
16266,16.266,0.096485645,4.1033134
16267,16.267,0.08219737,4.042587
16268,16.268,0.07882469,4.111115
16269,16.269,0.08530769,4.075633
16270,16.27,0.0913095,4.056938
16271,16.271,0.10013717,4.045307
16272,16.272,0.09242124,4.0150743
16273,16.273,0.08777547,4.061597
16274,16.274,0.09546488,4.0883336
16275,16.275,0.08667816,4.1030693
16276,16.276,0.090647526,4.1141415
16277,16.277,0.092384964,4.119045
16278,16.278,0.095382504,4.1362014
16279,16.279,0.09093273,4.180566
16280,16.28,0.089605406,4.2005377
16281,16.281,0.09527701,4.1515822
16282,16.282,0.08809753,4.1554217
16283,16.283,0.09362353,4.1978507
16284,16.284,0.10466007,4.1786656
16285,16.285,0.09977345,4.1575437
16286,16.286,0.1110802,4.169603
16287,16.287,0.11043939,4.1623716
16288,16.288,0.10587241,4.1812434
16289,16.289,0.09788385,4.132076
16290,16.29,0.104795285,4.157126
16291,16.291,0.11055133,4.139358
16292,16.292,0.108777285,4.163426
16293,16.293,0.110407464,4.1333895
16294,16.294,0.12111952,4.104555
16295,16.295,0.1075923,4.089315
16296,16.296,0.09471787,4.158445
16297,16.297,0.09863208,4.081108
16298,16.298,0.09763376,4.091499
16299,16.299,0.092725925,4.09008
16300,16.3,0.094000585,4.0914598
16301,16.301,0.09844027,4.0453115
16302,16.302,0.09003333,4.076969
16303,16.303,0.10216282,4.1151524
16304,16.304,0.10462085,4.0892425
16305,16.305,0.09958848,4.103452
16306,16.306,0.10463079,4.080661
16307,16.307,0.10007712,4.0905433
16308,16.308,0.108728915,4.1119456
16309,16.309,0.1088304,4.0913296
16310,16.31,0.107499324,4.1161785
16311,16.311,0.10668816,4.10116
16312,16.312,0.11814535,4.129973
16313,16.313,0.12515388,4.1028857
16314,16.314,0.12710965,4.119349
16315,16.315,0.13627753,4.1516323
16316,16.316,0.1451235,4.187108
16317,16.317,0.124513544,4.1790996
16318,16.318,0.11866035,4.142447
16319,16.319,0.11715889,4.1755514
16320,16.32,0.108332165,4.2027464
16321,16.321,0.10072705,4.1920133
16322,16.322,0.10049151,4.1737037
16323,16.323,0.10746599,4.213162
16324,16.324,0.11680662,4.175698
16325,16.325,0.11163764,4.255544
16326,16.326,0.12238513,4.185101
16327,16.327,0.13086335,4.2330313
16328,16.328,0.12347639,4.2148943
16329,16.329,0.13612093,4.223019
16330,16.33,0.13256116,4.1933403
16331,16.331,0.13825361,4.2214427
16332,16.332,0.11770129,4.1769047
16333,16.333,0.13685566,4.2715993
16334,16.334,0.13154484,4.2486677
16335,16.335,0.1295436,4.2301183
16336,16.336,0.12886095,4.218722
16337,16.337,0.12984309,4.211097
16338,16.338,0.13403498,4.189291
16339,16.339,0.136392,4.1873703
16340,16.34,0.12841164,4.188004
16341,16.341,0.11678237,4.1784897
16342,16.342,0.124972254,4.1558113
16343,16.343,0.13315238,4.1499515
16344,16.344,0.118018575,4.130755
16345,16.345,0.13045771,4.1616344
16346,16.346,0.13452438,4.162933
16347,16.347,0.1373918,4.145605
16348,16.348,0.12978521,4.128882
16349,16.349,0.12982261,4.1319075
16350,16.35,0.124063864,4.1606045
16351,16.351,0.12837562,4.1566753
16352,16.352,0.12466849,4.1284685
16353,16.353,0.13407551,4.20463
16354,16.354,0.14534953,4.1488485
16355,16.355,0.12116819,4.146842
16356,16.356,0.13112499,4.1454735
16357,16.357,0.12596314,4.1525884
16358,16.358,0.134615,4.1419806
16359,16.359,0.123317145,4.1582456
16360,16.36,0.12188872,4.1453733
16361,16.361,0.12580796,4.205781
16362,16.362,0.11702512,4.1883264
16363,16.363,0.10955505,4.2067046
16364,16.364,0.11420102,4.1668916
16365,16.365,0.11476596,4.1240735
16366,16.366,0.11482033,4.168781
16367,16.367,0.1251705,4.2036486
16368,16.368,0.10633543,4.1109924
16369,16.369,0.11176182,4.117667
16370,16.37,0.107735105,4.166103
16371,16.371,0.10438468,4.1121683
16372,16.372,0.12400235,4.121776
16373,16.373,0.1206931,4.1362886
16374,16.374,0.111267366,4.0905037
16375,16.375,0.112853386,4.141666
16376,16.376,0.12683333,4.0718594
16377,16.377,0.1213636,4.119023
16378,16.378,0.14017917,4.126554
16379,16.379,0.124447614,4.080887
16380,16.38,0.13540486,4.100684
16381,16.381,0.116328135,4.1001034
16382,16.382,0.12192949,4.0925364
16383,16.383,0.12738445,4.0682797
16384,16.384,0.12491766,4.064592
16385,16.385,0.13094768,4.0858274
16386,16.386,0.13331637,4.0748816
16387,16.387,0.13841072,4.1250505
16388,16.388,0.12338649,4.101737
16389,16.389,0.11851218,4.1244435
16390,16.39,0.13068214,4.111304
16391,16.391,0.13413756,4.109482
16392,16.392,0.12377281,4.1395864
16393,16.393,0.11826857,4.1403575
16394,16.394,0.11367141,4.14413
16395,16.395,0.112345725,4.136588
16396,16.396,0.12057093,4.1331244
16397,16.397,0.12447222,4.1362205
16398,16.398,0.11931466,4.1712284
16399,16.399,0.12250267,4.1114573
16400,16.4,0.1207697,4.1218076
16401,16.401,0.12085391,4.1547446
16402,16.402,0.108342834,4.159946
16403,16.403,0.11849608,4.138638
16404,16.404,0.1090898,4.1583853
16405,16.405,0.113939054,4.1410317
16406,16.406,0.121295005,4.141659
16407,16.407,0.13034157,4.180119
16408,16.408,0.12819631,4.138821
16409,16.409,0.120786935,4.161325
16410,16.41,0.13438295,4.152796
16411,16.411,0.13609843,4.09524
16412,16.412,0.14702001,4.1103086
16413,16.413,0.1332691,4.136925
16414,16.414,0.12614197,4.0959144
16415,16.415,0.14168756,4.1049156
16416,16.416,0.13521007,4.0909724
16417,16.417,0.12518851,4.074828
16418,16.418,0.12921928,4.0843663
16419,16.419,0.12614517,4.121833
16420,16.42,0.13826992,4.1036015
16421,16.421,0.14050493,4.105327
16422,16.422,0.14460282,4.1535897
16423,16.423,0.14103664,4.18148
16424,16.424,0.12812279,4.127674
16425,16.425,0.12173403,4.1201687
16426,16.426,0.12669882,4.1217012
16427,16.427,0.11640661,4.163995
16428,16.428,0.109054826,4.179769
16429,16.429,0.111038044,4.1543303
16430,16.43,0.10510699,4.1194577
16431,16.431,0.1047666,4.141743
16432,16.432,0.09978272,4.120455
16433,16.433,0.10498649,4.1151023
16434,16.434,0.11677048,4.0976305
16435,16.435,0.124796845,4.0967007
16436,16.436,0.11863502,4.084042
16437,16.437,0.12072567,4.0937953
16438,16.438,0.11191171,4.126169
16439,16.439,0.09454869,4.100351
16440,16.44,0.11012021,4.1002097
16441,16.441,0.1082425,4.1107826
16442,16.442,0.10775602,4.082197
16443,16.443,0.1098927,4.083105
16444,16.444,0.10602244,4.073511
16445,16.445,0.096635886,4.0451703
16446,16.446,0.106675155,4.0661745
16447,16.447,0.1005697,4.155631
16448,16.448,0.11657233,4.1503296
16449,16.449,0.110703364,4.108882
16450,16.45,0.12617633,4.1271734
16451,16.451,0.11886086,4.115938
16452,16.452,0.12813137,4.1037126
16453,16.453,0.13581444,4.138647
16454,16.454,0.11927348,4.0899863
16455,16.455,0.11779455,4.117899
16456,16.456,0.114753366,4.1289897
16457,16.457,0.09942294,4.1177573
16458,16.458,0.09537038,4.104028
16459,16.459,0.1128708,4.147596
16460,16.46,0.11024872,4.1411467
16461,16.461,0.11648652,4.132387
16462,16.462,0.12343894,4.101821
16463,16.463,0.12165661,4.0866704
16464,16.464,0.11325267,4.135072
16465,16.465,0.10241484,4.155483
16466,16.466,0.11543984,4.131187
16467,16.467,0.12421192,4.0848927
16468,16.468,0.12327777,4.110785
16469,16.469,0.12006027,4.1291013
16470,16.47,0.12117296,4.146784
16471,16.471,0.09882761,4.1569505
16472,16.472,0.10466228,4.180618
16473,16.473,0.09806142,4.2211213
16474,16.474,0.105045386,4.1913943
16475,16.475,0.11142984,4.1990404
16476,16.476,0.10916606,4.176629
16477,16.477,0.117353596,4.167857
16478,16.478,0.12427193,4.172572
16479,16.479,0.112089224,4.140096
16480,16.48,0.121659465,4.142224
16481,16.481,0.11398572,4.1088295
16482,16.482,0.11385735,4.1128817
16483,16.483,0.10199863,4.127463
16484,16.484,0.10734652,4.1635566
16485,16.485,0.11887253,4.1450615
16486,16.486,0.10567788,4.1169496
16487,16.487,0.11291688,4.11998
16488,16.488,0.100121,4.1303325
16489,16.489,0.109755345,4.1155996
16490,16.49,0.10064956,4.157189
16491,16.491,0.09736047,4.154536
16492,16.492,0.108995445,4.13255
16493,16.493,0.101816565,4.1264906
16494,16.494,0.10420735,4.1345873
16495,16.495,0.10714819,4.1220407
16496,16.496,0.11805677,4.13188
16497,16.497,0.118263684,4.0929346
16498,16.498,0.1247547,4.1311073
16499,16.499,0.1228532,4.123816
16500,16.5,0.108684786,4.119282
16501,16.501,0.11304273,4.1572595
16502,16.502,0.118375055,4.153807
16503,16.503,0.11283136,4.16422
16504,16.504,0.11007874,4.149647
16505,16.505,0.11833013,4.131679
16506,16.506,0.115767814,4.1867056
16507,16.507,0.11463091,4.1229663
16508,16.508,0.12465273,4.1140866
16509,16.509,0.11638078,4.1427684
16510,16.51,0.10814794,4.1236973
16511,16.511,0.10481734,4.1045313
16512,16.512,0.09816922,4.1186657
16513,16.513,0.10870872,4.1428533
16514,16.514,0.09791455,4.1132383
16515,16.515,0.10963785,4.1099057
16516,16.516,0.11009711,4.0954685
16517,16.517,0.11425718,4.087409
16518,16.518,0.11301869,4.0908847
16519,16.519,0.118014656,4.0986753
16520,16.52,0.117201805,4.0995517
16521,16.521,0.111022435,4.1408396
16522,16.522,0.10981168,4.115385
16523,16.523,0.11791961,4.142341
16524,16.524,0.11271041,4.143973
16525,16.525,0.11895322,4.135446
16526,16.526,0.1231666,4.1118073
16527,16.527,0.11733488,4.077725
16528,16.528,0.12562038,4.0993176
16529,16.529,0.11319805,4.103693
16530,16.53,0.11843803,4.130996
16531,16.531,0.12086538,4.1084228
16532,16.532,0.110266544,4.109726
16533,16.533,0.11602615,4.152077
16534,16.534,0.11947103,4.0663366
16535,16.535,0.11177993,4.1650195
16536,16.536,0.110388614,4.1553316
16537,16.537,0.11781958,4.146984
16538,16.538,0.13039434,4.108166
16539,16.539,0.13254894,4.1496253
16540,16.54,0.12468889,4.120244
16541,16.541,0.12822291,4.107643
16542,16.542,0.13428399,4.121271
16543,16.543,0.12678273,4.1463118
16544,16.544,0.12360833,4.1735883
16545,16.545,0.11718701,4.136966
16546,16.546,0.123857304,4.1709614
16547,16.547,0.119874306,4.2174587
16548,16.548,0.12464345,4.270752
16549,16.549,0.09604916,4.2083263
16550,16.55,0.11039175,4.2143316
16551,16.551,0.11145629,4.195897
16552,16.552,0.105768636,4.2130613
16553,16.553,0.12278355,4.2159414
16554,16.554,0.13745783,4.19689
16555,16.555,0.117188975,4.205493
16556,16.556,0.11770522,4.1829095
16557,16.557,0.11159363,4.169357
16558,16.558,0.11167284,4.1719193
16559,16.559,0.12060065,4.150858
16560,16.56,0.11042944,4.1312575
16561,16.561,0.109585114,4.071183
16562,16.562,0.10637294,4.0483003
16563,16.563,0.105222404,4.0154686
16564,16.564,0.109277196,4.057066
16565,16.565,0.098642044,4.075054
16566,16.566,0.09833394,4.042889
16567,16.567,0.09178554,4.1040454
16568,16.568,0.10258739,4.090957
16569,16.569,0.10179045,4.1078954
16570,16.57,0.11038756,4.072947
16571,16.571,0.10267524,4.0280056
16572,16.572,0.10638163,4.065539
16573,16.573,0.11458804,4.062443
16574,16.574,0.104772665,4.049133
16575,16.575,0.106696285,4.0618153
16576,16.576,0.10584348,4.014354
16577,16.577,0.11190189,4.0395823
16578,16.578,0.10129753,4.062084
16579,16.579,0.0944343,4.014464
16580,16.58,0.10408581,4.0464034
16581,16.581,0.1156904,4.0323377
16582,16.582,0.10706563,4.0020857
16583,16.583,0.11285953,4.0658183
16584,16.584,0.11640313,4.120101
16585,16.585,0.119147904,4.1074834
16586,16.586,0.11406428,4.1498513
16587,16.587,0.116566874,4.12533
16588,16.588,0.10433318,4.114306
16589,16.589,0.11075765,4.163855
16590,16.59,0.12332839,4.0701804
16591,16.591,0.11172045,4.0996885
16592,16.592,0.10000721,4.108553
16593,16.593,0.10592863,4.0839887
16594,16.594,0.1065076,4.078595
16595,16.595,0.10467995,4.0615177
16596,16.596,0.10742941,4.045142
16597,16.597,0.10843882,4.0477176
16598,16.598,0.106032796,4.025571
16599,16.599,0.117032036,4.023252
16600,16.6,0.11800339,4.054627
16601,16.601,0.12438397,4.0618997
16602,16.602,0.118955165,4.0370865
16603,16.603,0.12038191,4.0778584
16604,16.604,0.12882641,4.0657806
16605,16.605,0.12156583,4.0141025
16606,16.606,0.117886275,4.0157104
16607,16.607,0.12950434,4.0323663
16608,16.608,0.11775824,4.0650086
16609,16.609,0.12263847,4.0003123
16610,16.61,0.122471996,4.0115533
16611,16.611,0.116959415,3.983556
16612,16.612,0.106440835,3.9965618
16613,16.613,0.101282686,4.050301
16614,16.614,0.10885695,3.9970272
16615,16.615,0.10642454,4.024584
16616,16.616,0.094601244,4.08945
16617,16.617,0.11180371,4.060128
16618,16.618,0.113270536,4.0254097
16619,16.619,0.1211429,4.0754266
16620,16.62,0.11020101,4.0390263
16621,16.621,0.116568856,4.086509
16622,16.622,0.12185599,4.0687475
16623,16.623,0.12250644,4.0541635
16624,16.624,0.109017715,4.050582
16625,16.625,0.10400526,4.0690665
16626,16.626,0.10941727,4.0554276
16627,16.627,0.11044148,4.0767775
16628,16.628,0.10678887,4.0667706
16629,16.629,0.10945371,4.085381
16630,16.63,0.103713654,4.051633
16631,16.631,0.09611413,4.0266123
16632,16.632,0.10722639,4.042824
16633,16.633,0.104035266,4.070068
16634,16.634,0.11483594,4.0589724
16635,16.635,0.10000201,4.1355553
16636,16.636,0.10094143,4.099467
16637,16.637,0.105883874,4.122199
16638,16.638,0.10574295,4.043035
16639,16.639,0.0909003,4.06311
16640,16.64,0.103877366,4.046016
16641,16.641,0.08843345,4.065476
16642,16.642,0.0879511,4.046316
16643,16.643,0.09335769,4.0311966
16644,16.644,0.100141205,4.0754557
16645,16.645,0.0965078,4.0477943
16646,16.646,0.09774677,4.126082
16647,16.647,0.10241597,4.07903
16648,16.648,0.11381115,4.0514145
16649,16.649,0.10442454,4.086537
16650,16.65,0.10136084,4.050313
16651,16.651,0.10758639,4.1091585
16652,16.652,0.09948977,4.0940604
16653,16.653,0.09863325,4.085724
16654,16.654,0.10832523,4.0848584
16655,16.655,0.11525393,4.1051474
16656,16.656,0.1033161,4.094088
16657,16.657,0.120680176,4.1271257
16658,16.658,0.11378728,4.061023
16659,16.659,0.11525745,4.0822506
16660,16.66,0.11918476,4.088597
16661,16.661,0.12110807,4.077039
16662,16.662,0.11971702,4.0648437
16663,16.663,0.1111941,4.096069
16664,16.664,0.11404858,4.0983496
16665,16.665,0.11210366,4.1197515
16666,16.666,0.120166615,4.136513
16667,16.667,0.11380556,4.133935
16668,16.668,0.11288872,4.100511
16669,16.669,0.11257597,4.1840253
16670,16.67,0.11815611,4.1517205
16671,16.671,0.1154108,4.117863
16672,16.672,0.1156954,4.126167
16673,16.673,0.114080496,4.143899
16674,16.674,0.11338529,4.144982
16675,16.675,0.12230198,4.11879
16676,16.676,0.12069071,4.138158
16677,16.677,0.11623966,4.149709
16678,16.678,0.10567624,4.1210847
16679,16.679,0.09510639,4.165191
16680,16.68,0.099629104,4.1405797
16681,16.681,0.09909627,4.1684275
16682,16.682,0.09658085,4.1320157
16683,16.683,0.09575505,4.1229734
16684,16.684,0.08532801,4.1343484
16685,16.685,0.0890509,4.143808
16686,16.686,0.097747356,4.112855
16687,16.687,0.10354521,4.1038203
16688,16.688,0.10276695,4.07967
16689,16.689,0.09676738,4.153952
16690,16.69,0.09228668,4.121552
16691,16.691,0.09495251,4.141769
16692,16.692,0.09633937,4.1356125
16693,16.693,0.09445633,4.1130166
16694,16.694,0.10138251,4.129252
16695,16.695,0.105227895,4.1764436
16696,16.696,0.09709712,4.2065353
16697,16.697,0.10325119,4.144342
16698,16.698,0.09225662,4.1114492
16699,16.699,0.093153164,4.1294594
16700,16.7,0.10502777,4.137962
16701,16.701,0.10767715,4.149043
16702,16.702,0.10577902,4.120848
16703,16.703,0.10584893,4.11491
16704,16.704,0.09633457,4.118175
16705,16.705,0.087125115,4.13038
16706,16.706,0.08376938,4.1066422
16707,16.707,0.08361123,4.1030254
16708,16.708,0.08931014,4.118472
16709,16.709,0.09903093,4.1587124
16710,16.71,0.094054066,4.151156
16711,16.711,0.093436904,4.0687776
16712,16.712,0.10050129,4.1114917
16713,16.713,0.09744058,4.084327
16714,16.714,0.086533345,4.082108
16715,16.715,0.09263924,4.211992
16716,16.716,0.112130985,4.1366324
16717,16.717,0.10246392,4.1121945
16718,16.718,0.10351842,4.1052175
16719,16.719,0.10014294,4.150609
16720,16.72,0.10446107,4.1826553
16721,16.721,0.098829366,4.142972
16722,16.722,0.099363044,4.161306
16723,16.723,0.087444946,4.161424
16724,16.724,0.09160527,4.1777387
16725,16.725,0.07888626,4.185649
16726,16.726,0.09238558,4.2172074
16727,16.727,0.0910477,4.2545815
16728,16.728,0.09670524,4.251095
16729,16.729,0.08411572,4.2291107
16730,16.73,0.08806472,4.2486525
16731,16.731,0.093590185,4.317452
16732,16.732,0.07682317,4.242835
16733,16.733,0.093944,4.2139187
16734,16.734,0.09993494,4.304472
16735,16.735,0.09356425,4.24752
16736,16.736,0.08963894,4.2371707
16737,16.737,0.0835649,4.275591
16738,16.738,0.086127624,4.2284355
16739,16.739,0.07819895,4.2121015
16740,16.74,0.079174414,4.16961
16741,16.741,0.0746977,4.154924
16742,16.742,0.084301725,4.1980906
16743,16.743,0.09404915,4.1449165
16744,16.744,0.08921431,4.13076
16745,16.745,0.08361399,4.1715727
16746,16.746,0.104206234,4.1495237
16747,16.747,0.09027567,4.1021533
16748,16.748,0.08014017,4.0942473
16749,16.749,0.08693052,4.1251426
16750,16.75,0.08847658,4.126755
16751,16.751,0.10281756,4.141577
16752,16.752,0.082813144,4.0902786
16753,16.753,0.09073356,4.158396
16754,16.754,0.0829958,4.140376
16755,16.755,0.072431,4.086718
16756,16.756,0.07113465,4.0912967
16757,16.757,0.08462062,4.1248918
16758,16.758,0.08337656,4.136563
16759,16.759,0.07467758,4.1230025
16760,16.76,0.06632787,4.175189
16761,16.761,0.071260475,4.1812243
16762,16.762,0.07612102,4.1606984
16763,16.763,0.07420941,4.1719785
16764,16.764,0.07982293,4.107164
16765,16.765,0.07605721,4.135823
16766,16.766,0.07438677,4.1080103
16767,16.767,0.0749873,4.147563
16768,16.768,0.0632227,4.1296506
16769,16.769,0.07010422,4.1697917
16770,16.77,0.074058935,4.1262355
16771,16.771,0.07523585,4.1325474
16772,16.772,0.08712578,4.185846
16773,16.773,0.089897774,4.1834273
16774,16.774,0.08444832,4.1491127
16775,16.775,0.090841785,4.171321
16776,16.776,0.079111606,4.1548867
16777,16.777,0.08767466,4.162233
16778,16.778,0.08422696,4.1241527
16779,16.779,0.08904376,4.124375
16780,16.78,0.09278138,4.1458983
16781,16.781,0.07738165,4.2106166
16782,16.782,0.083301656,4.1472955
16783,16.783,0.08033826,4.2154803
16784,16.784,0.09428791,4.250229
16785,16.785,0.09371424,4.2650046
16786,16.786,0.10409081,4.2891355
16787,16.787,0.11067569,4.2758975
16788,16.788,0.114673756,4.2830906
16789,16.789,0.1017024,4.2119675
16790,16.79,0.10758478,4.1684666
16791,16.791,0.10451528,4.128188
16792,16.792,0.09371485,4.188965
16793,16.793,0.086931184,4.2122507
16794,16.794,0.09264111,4.198146
16795,16.795,0.09250812,4.1583743
16796,16.796,0.07819378,4.1928453
16797,16.797,0.07770662,4.19289
16798,16.798,0.09130001,4.1622057
16799,16.799,0.08369069,4.158888
16800,16.8,0.08691922,4.1556497
16801,16.801,0.0863749,4.1432915
16802,16.802,0.08055452,4.191538
16803,16.803,0.08594355,4.214929
16804,16.804,0.08725902,4.1852994
16805,16.805,0.09522968,4.183985
16806,16.806,0.109206825,4.2111325
16807,16.807,0.10155681,4.1759725
16808,16.808,0.117168754,4.174842
16809,16.809,0.113902524,4.236681
16810,16.81,0.12600811,4.1961803
16811,16.811,0.12110234,4.1741967
16812,16.812,0.12033004,4.218849
16813,16.813,0.11203455,4.21956
16814,16.814,0.10456394,4.165903
16815,16.815,0.104582176,4.193213
16816,16.816,0.103051715,4.1682
16817,16.817,0.09989561,4.213786
16818,16.818,0.10830975,4.1754804
16819,16.819,0.102528214,4.244756
16820,16.82,0.104871914,4.2182
16821,16.821,0.09759468,4.186925
16822,16.822,0.09588112,4.203956
16823,16.823,0.08531447,4.2310185
16824,16.824,0.09814744,4.1792793
16825,16.825,0.091195494,4.2197294
16826,16.826,0.09361242,4.2151523
16827,16.827,0.105515316,4.216004
16828,16.828,0.09354386,4.1919875
16829,16.829,0.09599198,4.1909733
16830,16.83,0.08636285,4.1714373
16831,16.831,0.089500204,4.150392
16832,16.832,0.08411022,4.1277523
16833,16.833,0.097590536,4.133264
16834,16.834,0.090414494,4.1638203
16835,16.835,0.087120466,4.205257
16836,16.836,0.09477643,4.1735353
16837,16.837,0.0940135,4.1975093
16838,16.838,0.09689869,4.19713
16839,16.839,0.095837705,4.1998568
16840,16.84,0.10273995,4.2064586
16841,16.841,0.10198332,4.211877
16842,16.842,0.08773858,4.169208
16843,16.843,0.08923439,4.2052503
16844,16.844,0.094443485,4.162688
16845,16.845,0.08218611,4.1876183
16846,16.846,0.091475196,4.1737347
16847,16.847,0.08032315,4.168433
16848,16.848,0.08703152,4.1851206
16849,16.849,0.08095819,4.176959
16850,16.85,0.09453524,4.1794353
16851,16.851,0.09538613,4.2062097
16852,16.852,0.08643978,4.1761985
16853,16.853,0.09828808,4.175903
16854,16.854,0.09122464,4.2184496
16855,16.855,0.0877287,4.200254
16856,16.856,0.09208041,4.244194
16857,16.857,0.084802106,4.1842685
16858,16.858,0.09100643,4.1712985
16859,16.859,0.08385145,4.217488
16860,16.86,0.09513677,4.2177024
16861,16.861,0.09370745,4.2617106
16862,16.862,0.08517411,4.297647
16863,16.863,0.08910216,4.2802825
16864,16.864,0.08225079,4.3837047
16865,16.865,0.08021947,4.3561263
16866,16.866,0.07849551,4.3202796
16867,16.867,0.08906517,4.326049
16868,16.868,0.081962876,4.3062887
16869,16.869,0.087505735,4.313162
16870,16.87,0.09569165,4.331583
16871,16.871,0.08635148,4.3316374
16872,16.872,0.08303688,4.388068
16873,16.873,0.07805469,4.3281198
16874,16.874,0.0676326,4.292394
16875,16.875,0.079828724,4.2973704
16876,16.876,0.0810759,4.2455626
16877,16.877,0.07775347,4.273534
16878,16.878,0.082544,4.288354
16879,16.879,0.08115072,4.2989297
16880,16.88,0.07455674,4.3033886
16881,16.881,0.079468794,4.3176866
16882,16.882,0.07881589,4.34811
16883,16.883,0.081574105,4.327694
16884,16.884,0.08572403,4.3576736
16885,16.885,0.07896609,4.4316936
16886,16.886,0.086059146,4.3979015
16887,16.887,0.085695036,4.4127393
16888,16.888,0.081347056,4.39214
16889,16.889,0.07922039,4.4068336
16890,16.89,0.084174104,4.376079
16891,16.891,0.07792722,4.4020615
16892,16.892,0.0825426,4.4423113
16893,16.893,0.077024534,4.493208
16894,16.894,0.081069484,4.470473
16895,16.895,0.079995796,4.4647293
16896,16.896,0.08728352,4.487187
16897,16.897,0.08553098,4.514562
16898,16.898,0.08218752,4.482231
16899,16.899,0.076274246,4.4774427
16900,16.9,0.07333347,4.4291086
16901,16.901,0.080016024,4.465335
16902,16.902,0.07857867,4.447726
16903,16.903,0.081947364,4.4578648
16904,16.904,0.08428184,4.4321465
16905,16.905,0.07767984,4.424148
16906,16.906,0.08383077,4.382029
16907,16.907,0.091622934,4.4541698
16908,16.908,0.09937701,4.4733396
16909,16.909,0.082570605,4.5007935
16910,16.91,0.09467758,4.43865
16911,16.911,0.09731059,4.5058417
16912,16.912,0.09232112,4.494934
16913,16.913,0.08811262,4.445849
16914,16.914,0.08874206,4.5184
16915,16.915,0.084104724,4.5721006
16916,16.916,0.084665686,4.5242157
16917,16.917,0.0761916,4.504965
16918,16.918,0.085399784,4.448613
16919,16.919,0.084097855,4.4661
16920,16.92,0.08651063,4.410477
16921,16.921,0.08260629,4.422451
16922,16.922,0.085920684,4.443305
16923,16.923,0.08872057,4.4189367
16924,16.924,0.08862149,4.399282
16925,16.925,0.07916419,4.420522
16926,16.926,0.0817567,4.4567842
16927,16.927,0.08716955,4.4113483
16928,16.928,0.07907069,4.4118595
16929,16.929,0.09298548,4.440506
16930,16.93,0.090610534,4.4061513
16931,16.931,0.094656825,4.4717274
16932,16.932,0.1073099,4.382499
16933,16.933,0.11127256,4.37149
16934,16.934,0.10403082,4.408861
16935,16.935,0.108215794,4.4345307
16936,16.936,0.105179,4.3903813
16937,16.937,0.10459654,4.4119163
16938,16.938,0.10206151,4.421697
16939,16.939,0.10116678,4.4612546
16940,16.94,0.10114563,4.4107924
16941,16.941,0.10069491,4.3886003
16942,16.942,0.09267168,4.3939304
16943,16.943,0.098106205,4.457237
16944,16.944,0.110420026,4.3715196
16945,16.945,0.099632,4.3891973
16946,16.946,0.09222842,4.4055066
16947,16.947,0.093090475,4.4107018
16948,16.948,0.104967766,4.4567246
16949,16.949,0.10446384,4.489647
16950,16.95,0.10594336,4.4918647
16951,16.951,0.103851765,4.457654
16952,16.952,0.10358372,4.4901557
16953,16.953,0.09524789,4.516344
16954,16.954,0.09687364,4.5215697
16955,16.955,0.10027329,4.4864416
16956,16.956,0.10140759,4.5463305
16957,16.957,0.09242124,4.4363685
16958,16.958,0.09822103,4.4624753
16959,16.959,0.08477825,4.452679
16960,16.96,0.09586786,4.430692
16961,16.961,0.090005726,4.4350243
16962,16.962,0.08617459,4.4483933
16963,16.963,0.08444079,4.4672737
16964,16.964,0.095703125,4.4878664
16965,16.965,0.09121513,4.4304724
16966,16.966,0.09966101,4.4298363
16967,16.967,0.097062,4.4654474
16968,16.968,0.08975428,4.484366
16969,16.969,0.086448476,4.457691
16970,16.97,0.084423676,4.477031
16971,16.971,0.074375115,4.4713683
16972,16.972,0.08032675,4.4179783
16973,16.973,0.07670646,4.3757973
16974,16.974,0.08752621,4.380319
16975,16.975,0.08977489,4.368407
16976,16.976,0.072595194,4.4356823
16977,16.977,0.08193325,4.388818
16978,16.978,0.07272644,4.330335
16979,16.979,0.07680962,4.3415384
16980,16.98,0.085206,4.3295603
16981,16.981,0.06877243,4.314347
16982,16.982,0.081843615,4.328607
16983,16.983,0.09072783,4.336193
16984,16.984,0.098766185,4.333157
16985,16.985,0.086175255,4.3596215
16986,16.986,0.08429693,4.38079
16987,16.987,0.07635149,4.394522
16988,16.988,0.07845206,4.3678527
16989,16.989,0.0781139,4.3810573
16990,16.99,0.07465203,4.365739
16991,16.991,0.080300845,4.492381
16992,16.992,0.081692345,4.4181557
16993,16.993,0.07875354,4.459822
16994,16.994,0.07274472,4.410315
16995,16.995,0.07251075,4.413485
16996,16.996,0.07906118,4.4029403
16997,16.997,0.07787677,4.3950453
16998,16.998,0.087970816,4.419341
16999,16.999,0.087270275,4.4186306
17000,17.0,0.08224587,4.4401493
17001,17.001,0.08303409,4.4843974
17002,17.002,0.08554179,4.5128016
17003,17.003,0.09193215,4.4900384
17004,17.004,0.091026746,4.528341
17005,17.005,0.08089462,4.5023527
17006,17.006,0.08216361,4.4311123
17007,17.007,0.07666954,4.444881
17008,17.008,0.07792796,4.445357
17009,17.009,0.09008275,4.511413
17010,17.01,0.09178239,4.50675
17011,17.011,0.09355251,4.5180974
17012,17.012,0.088542536,4.510479
17013,17.013,0.08858365,4.505217
17014,17.014,0.09845553,4.553328
17015,17.015,0.09493181,4.5085335
17016,17.016,0.09769235,4.55944
17017,17.017,0.11311837,4.5964346
17018,17.018,0.0873292,4.5536804
17019,17.019,0.09279322,4.5376015
17020,17.02,0.09834217,4.589005
17021,17.021,0.09917906,4.5707254
17022,17.022,0.09223218,4.5380754
17023,17.023,0.08874727,4.563269
17024,17.024,0.08812508,4.521128
17025,17.025,0.08102955,4.5941367
17026,17.026,0.090147525,4.5211053
17027,17.027,0.089281656,4.5319204
17028,17.028,0.101569325,4.5557
17029,17.029,0.0899614,4.5776334
17030,17.03,0.09228856,4.610096
17031,17.031,0.098235145,4.576724
17032,17.032,0.09699945,4.543396
17033,17.033,0.09650301,4.5588417
17034,17.034,0.09577618,4.554353
17035,17.035,0.09275334,4.5016055
17036,17.036,0.10154714,4.4931626
17037,17.037,0.092388086,4.49528
17038,17.038,0.10000548,4.534953
17039,17.039,0.094264,4.5402813
17040,17.04,0.09365748,4.5638227
17041,17.041,0.091598324,4.586426
17042,17.042,0.09412225,4.521908
17043,17.043,0.097979456,4.546041
17044,17.044,0.10262569,4.5570283
17045,17.045,0.10240243,4.510935
17046,17.046,0.09624453,4.500251
17047,17.047,0.09113209,4.4777355
17048,17.048,0.09150679,4.5348096
17049,17.049,0.10537554,4.5123515
17050,17.05,0.10452689,4.4980392
17051,17.051,0.09079215,4.5359178
17052,17.052,0.09717507,4.453847
17053,17.053,0.08922273,4.4400396
17054,17.054,0.10789379,4.4600735
17055,17.055,0.0919114,4.4484167
17056,17.056,0.09808087,4.4753957
17057,17.057,0.09790097,4.454164
17058,17.058,0.102135666,4.464035
17059,17.059,0.09715782,4.457843
17060,17.06,0.101087905,4.4549828
17061,17.061,0.10909881,4.459203
17062,17.062,0.096048556,4.5128164
17063,17.063,0.10036317,4.504352
17064,17.064,0.09590402,4.4886823
17065,17.065,0.09935548,4.5158753
17066,17.066,0.10779732,4.513292
17067,17.067,0.10194478,4.5583434
17068,17.068,0.10245659,4.5139856
17069,17.069,0.10053407,4.580868
17070,17.07,0.09178365,4.561095
17071,17.071,0.09272405,4.5407476
17072,17.072,0.081917025,4.5145946
17073,17.073,0.08460559,4.52669
17074,17.074,0.08650662,4.521679
17075,17.075,0.07679608,4.4824667
17076,17.076,0.081105836,4.5203915
17077,17.077,0.07158256,4.6036882
17078,17.078,0.08583453,4.5410657
17079,17.079,0.07276061,4.487983
17080,17.08,0.089588635,4.4836483
17081,17.081,0.094775215,4.5174303
17082,17.082,0.08926677,4.5554996
17083,17.083,0.08720733,4.5362554
17084,17.084,0.091296844,4.509966
17085,17.085,0.0899357,4.529866
17086,17.086,0.0928754,4.517534
17087,17.087,0.08452836,4.518414
17088,17.088,0.092897795,4.5077715
17089,17.089,0.09121513,4.5275483
17090,17.09,0.089439474,4.5116124
17091,17.091,0.08920718,4.5003977
17092,17.092,0.07660392,4.531366
17093,17.093,0.074139275,4.542606
17094,17.094,0.08160457,4.5619855
17095,17.095,0.079499334,4.563901
17096,17.096,0.07450245,4.5107465
17097,17.097,0.07069616,4.496509
17098,17.098,0.07759274,4.5128603
17099,17.099,0.086065866,4.512668
17100,17.1,0.07793389,4.493674
17101,17.101,0.08223322,4.5666356
17102,17.102,0.0770553,4.5508146
17103,17.103,0.07396366,4.589302
17104,17.104,0.07922258,4.540084
17105,17.105,0.08248236,4.5766697
17106,17.106,0.08961508,4.5568147
17107,17.107,0.09010392,4.5291142
17108,17.108,0.078993164,4.5279527
17109,17.109,0.080591105,4.507123
17110,17.11,0.08453793,4.5286183
17111,17.111,0.08163218,4.5354233
17112,17.112,0.080556676,4.5739517
17113,17.113,0.08082099,4.5927906
17114,17.114,0.07906191,4.5886683
17115,17.115,0.08779061,4.5802746
17116,17.116,0.090274386,4.520426
17117,17.117,0.0932561,4.492256
17118,17.118,0.10283667,4.4686995
17119,17.119,0.09230046,4.5204887
17120,17.12,0.091498576,4.4688816
17121,17.121,0.09503952,4.4964695
17122,17.122,0.10259527,4.506751
17123,17.123,0.11472969,4.4404078
17124,17.124,0.10198049,4.4474797
17125,17.125,0.09841326,4.482155
17126,17.126,0.09572185,4.518401
17127,17.127,0.09723096,4.48972
17128,17.128,0.09905718,4.545586
17129,17.129,0.10074082,4.551691
17130,17.13,0.09344989,4.586334
17131,17.131,0.09069342,4.5156083
17132,17.132,0.09439145,4.562424
17133,17.133,0.08706937,4.4895372
17134,17.134,0.09153963,4.508947
17135,17.135,0.087649606,4.521124
17136,17.136,0.087226555,4.487574
17137,17.137,0.08897687,4.501575
17138,17.138,0.086915225,4.518841
17139,17.139,0.08912745,4.475331
17140,17.14,0.09442634,4.463172
17141,17.141,0.102958,4.4929514
17142,17.142,0.09967724,4.455443
17143,17.143,0.09540553,4.4902725
17144,17.144,0.09466171,4.4898906
17145,17.145,0.09619828,4.4854655
17146,17.146,0.08819982,4.4750285
17147,17.147,0.08113077,4.5428743
17148,17.148,0.08345416,4.511894
17149,17.149,0.07913718,4.536201
17150,17.15,0.08465476,4.5550942
17151,17.151,0.077769816,4.5253754
17152,17.152,0.08641704,4.589304
17153,17.153,0.08950472,4.5459166
17154,17.154,0.085018575,4.5626407
17155,17.155,0.0874694,4.5879583
17156,17.156,0.08781562,4.5912924
17157,17.157,0.083265565,4.5779476
17158,17.158,0.08283896,4.5804367
17159,17.159,0.088250265,4.590136
17160,17.16,0.097037576,4.5529675
17161,17.161,0.10235613,4.4809427
17162,17.162,0.106388144,4.4645276
17163,17.163,0.099501975,4.479022
17164,17.164,0.10181543,4.408913
17165,17.165,0.10945107,4.445534
17166,17.166,0.09641853,4.410384
17167,17.167,0.07855881,4.4402003
17168,17.168,0.08218541,4.397888
17169,17.169,0.09926178,4.4240093
17170,17.17,0.08706937,4.385558
17171,17.171,0.08379697,4.3473496
17172,17.172,0.09623012,4.390812
17173,17.173,0.087005615,4.4489865
17174,17.174,0.09907235,4.4122295
17175,17.175,0.08517207,4.3952394
17176,17.176,0.08162015,4.396666
17177,17.177,0.08563094,4.4046354
17178,17.178,0.07132777,4.424975
17179,17.179,0.084507845,4.396824
17180,17.18,0.079134986,4.375412
17181,17.181,0.09492694,4.436695
17182,17.182,0.090701066,4.3877983
17183,17.183,0.075218946,4.429874
17184,17.184,0.0895383,4.398809
17185,17.185,0.0916305,4.41314
17186,17.186,0.085969105,4.408166
17187,17.187,0.0834507,4.4238734
17188,17.188,0.085865505,4.3894496
17189,17.189,0.09208793,4.4383507
17190,17.19,0.08034977,4.428287
17191,17.191,0.08681409,4.4310026
17192,17.192,0.08460354,4.4526496
17193,17.193,0.08006441,4.4099097
17194,17.194,0.08050715,4.380627
17195,17.195,0.07741898,4.361846
17196,17.196,0.08332039,4.4479804
17197,17.197,0.07328854,4.474451
17198,17.198,0.079481885,4.4510007
17199,17.199,0.07313696,4.397184
17200,17.2,0.07827504,4.41569
17201,17.201,0.073087156,4.3599153
17202,17.202,0.0765035,4.3622284
17203,17.203,0.07873959,4.3596067
17204,17.204,0.07808948,4.3529882
17205,17.205,0.0872716,7.9625006
17206,17.206,0.08553233,7.999691
17207,17.207,0.08914561,7.989611
17208,17.208,0.08495533,7.9921494
17209,17.209,0.07905021,4.3853035
17210,17.21,0.08608601,7.9927115
17211,17.211,0.08400296,7.952148
17212,17.212,0.0864712,7.9365444
17213,17.213,0.08505188,4.412389
17214,17.214,0.086065866,4.4038925
17215,17.215,0.08153938,4.40846
17216,17.216,0.07372493,4.422623
17217,17.217,0.08705808,7.7966323
17218,17.218,0.07830974,7.8750434
17219,17.219,0.071710825,4.394474
17220,17.22,0.075353295,4.3806076
17221,17.221,0.065975755,4.3555474
17222,17.222,0.06947896,7.7815475
17223,17.223,0.07301436,4.351785
17224,17.224,0.064142995,7.7644067
17225,17.225,0.07551114,7.746158
17226,17.226,0.07145811,7.782272
17227,17.227,0.070146255,7.7620993
17228,17.228,0.07134883,7.741435
17229,17.229,0.0774757,7.6547213
17230,17.23,0.0614066,7.6763535
17231,17.231,0.04906901,7.619329
17232,17.232,0.055533856,7.6472225
17233,17.233,0.0681358,7.6682653
17234,17.234,0.06726498,7.6640787
17235,17.235,0.07354361,7.6805196
17236,17.236,0.07575873,7.640875
17237,17.237,0.07754356,7.679895
17238,17.238,0.082021385,7.693885
17239,17.239,0.06682013,7.750138
17240,17.24,0.07652692,7.738816
17241,17.241,0.084996134,7.7752795
17242,17.242,0.09029871,7.7470326
17243,17.243,0.07924082,4.4018745
17244,17.244,0.08798527,4.406142
17245,17.245,0.08941233,7.7994013
17246,17.246,0.08325932,7.78918
17247,17.247,0.08070076,7.8210907
17248,17.248,0.08728683,7.8205404
17249,17.249,0.089588635,7.8031445
17250,17.25,0.08652198,7.9096727
17251,17.251,0.07799543,7.942002
17252,17.252,0.086161844,4.413051
17253,17.253,0.0782189,4.4989157
17254,17.254,0.07685626,4.4191794
17255,17.255,0.08035265,4.4569755
17256,17.256,0.08539437,7.9979115
17257,17.257,0.08378525,4.4435463
17258,17.258,0.080891766,4.389426
17259,17.259,0.08313636,7.9169264
17260,17.26,0.08188033,7.903714
17261,17.261,0.0780843,7.8338885
17262,17.262,0.07397616,7.85208
17263,17.263,0.07069861,4.421852
17264,17.264,0.08264407,7.8300076
17265,17.265,0.07502121,7.8230453
17266,17.266,0.08142376,7.861924
17267,17.267,0.08111225,7.895717
17268,17.268,0.08432367,7.8993464
17269,17.269,0.08399676,4.4796357
17270,17.27,0.07786192,4.4478416
17271,17.271,0.07738762,4.4812317
17272,17.272,0.08993506,4.455885
17273,17.273,0.08092034,4.4534874
17274,17.274,0.080036975,4.4431105
17275,17.275,0.067933604,4.461208
17276,17.276,0.07714151,7.906352
17277,17.277,0.0784469,4.4871283
17278,17.278,0.080016024,7.7950974
17279,17.279,0.078884065,4.4300056
17280,17.28,0.08738147,4.4356217
17281,17.281,0.083659604,4.4632015
17282,17.282,0.084348336,4.447584
17283,17.283,0.08360846,4.4239326
17284,17.284,0.08859605,7.712139
17285,17.285,0.082670644,7.6994023
17286,17.286,0.07922185,7.67929
17287,17.287,0.08137121,7.7186255
17288,17.288,0.08345624,4.41486
17289,17.289,0.074707754,4.408227
17290,17.29,0.083894856,4.4461684
17291,17.291,0.08766807,4.4012904
17292,17.292,0.104444474,4.409467
17293,17.293,0.09070489,4.4346347
17294,17.294,0.08961895,4.3928785
17295,17.295,0.082958885,4.3971405
17296,17.296,0.07562052,4.441482
17297,17.297,0.07918902,4.4239435
17298,17.298,0.08283896,4.435354
17299,17.299,0.084040105,4.389933
17300,17.3,0.08516868,7.6898623
17301,17.301,0.09330195,7.721887
17302,17.302,0.07504816,7.6619
17303,17.303,0.07591573,4.396975
17304,17.304,0.07483762,4.407477
17305,17.305,0.0825909,4.3995633
17306,17.306,0.08289546,4.4384756
17307,17.307,0.07287094,4.412376
17308,17.308,0.07436035,4.405697
17309,17.309,0.08987205,4.402975
17310,17.31,0.08320307,4.3812833
17311,17.311,0.092861086,4.3675504
17312,17.312,0.08288151,4.383233
17313,17.313,0.08409304,4.435047
17314,17.314,0.08382456,4.406352
17315,17.315,0.085889064,4.4016953
17316,17.316,0.09139429,4.3971252
17317,17.317,0.087951764,4.376533
17318,17.318,0.09133672,4.410446
17319,17.319,0.101592086,4.3973985
17320,17.32,0.10473846,4.415034
17321,17.321,0.09871936,4.4065084
17322,17.322,0.09981052,4.3970127
17323,17.323,0.08952732,4.3950863
17324,17.324,0.10306853,4.460643
17325,17.325,0.100473106,4.4605675
17326,17.326,0.10131521,4.422594
17327,17.327,0.10311787,4.391895
17328,17.328,0.10773564,4.42377
17329,17.329,0.09869008,4.4488916
17330,17.33,0.09744828,4.4316435
17331,17.331,0.105759345,4.405842
17332,17.332,0.09187114,4.460215
17333,17.333,0.09966564,4.4028378
17334,17.334,0.10244192,4.3939915
17335,17.335,0.10077352,4.4388714
17336,17.336,0.10287713,4.4421997
17337,17.337,0.10240976,4.4341373
17338,17.338,0.10311675,4.3577247
17339,17.339,0.099935524,4.4152794
17340,17.34,0.09747913,4.416293
17341,17.341,0.096658014,4.406929
17342,17.342,0.106814854,4.390699
17343,17.343,0.10899015,4.402456
17344,17.344,0.11115771,4.422955
17345,17.345,0.12155537,4.390117
17346,17.346,0.12330074,4.445805
17347,17.347,0.12573259,4.428742
17348,17.348,0.12298345,4.45908
17349,17.349,0.112407446,4.4582176
17350,17.35,0.108650744,4.4760747
17351,17.351,0.11056492,4.566325
17352,17.352,0.109829575,4.499421
17353,17.353,0.11262781,4.4922385
17354,17.354,0.10493363,4.492519
17355,17.355,0.10216169,4.4788227
17356,17.356,0.1001891,4.4393167
17357,17.357,0.09706973,4.450169
17358,17.358,0.10005344,4.412416
17359,17.359,0.091074355,4.429009
17360,17.36,0.10077467,4.3901086
17361,17.361,0.08936125,4.4240065
17362,17.362,0.08976266,4.461264
17363,17.363,0.08830526,4.4513054
17364,17.364,0.09308116,4.3982844
17365,17.365,0.09286295,4.438056
17366,17.366,0.09404669,4.3945866
17367,17.367,0.093415864,4.416448
17368,17.368,0.10221373,4.381442
17369,17.369,0.10305619,4.4061456
17370,17.37,0.105527915,4.4129477
17371,17.371,0.0978809,4.3636904
17372,17.372,0.106476665,4.41332
17373,17.373,0.104567245,4.3117576
17374,17.374,0.111524716,4.3528843
17375,17.375,0.101404734,4.416927
17376,17.376,0.09961518,4.393758
17377,17.377,0.09108451,4.4459414
17378,17.378,0.103387125,4.4018493
17379,17.379,0.11150243,4.398238
17380,17.38,0.10897052,4.4462147
17381,17.381,0.112395614,4.4560556
17382,17.382,0.11137691,4.464938
17383,17.383,0.112266466,4.4214053
17384,17.384,0.1258594,4.422664
17385,17.385,0.11036505,4.457187
17386,17.386,0.11038024,4.457142
17387,17.387,0.11105835,4.451188
17388,17.388,0.10478976,4.451913
17389,17.389,0.0937987,4.4581366
17390,17.39,0.1106245,4.4562025
17391,17.391,0.121003985,4.453131
17392,17.392,0.10355191,4.399339
17393,17.393,0.110969834,4.3537
17394,17.394,0.100933984,4.3288374
17395,17.395,0.10298046,4.391462
17396,17.396,0.12682012,4.423518
17397,17.397,0.11859019,4.42974
17398,17.398,0.10416186,4.507621
17399,17.399,0.09409031,4.4290247
17400,17.4,0.1027152,4.3707137
17401,17.401,0.094546236,4.3618546
17402,17.402,0.11128658,4.3702574
17403,17.403,0.10404915,4.3760943
17404,17.404,0.10069663,4.4275184
17405,17.405,0.10212944,4.4125094
17406,17.406,0.11110778,4.4282546
17407,17.407,0.10678834,4.3918333
17408,17.408,0.08842953,4.344567
17409,17.409,0.089899704,4.320339
17410,17.41,0.09784428,4.306001
17411,17.411,0.0957472,4.3266473
17412,17.412,0.10724471,4.3480043
17413,17.413,0.10142868,4.338583
17414,17.414,0.10026234,4.3564796
17415,17.415,0.10714011,4.3195963
17416,17.416,0.09125568,4.386729
17417,17.417,0.082515985,4.3884726
17418,17.418,0.09001728,4.3401313
17419,17.419,0.0921237,4.3707027
17420,17.42,0.10278833,4.384966
17421,17.421,0.098835215,4.318215
17422,17.422,0.08285012,4.2930017
17423,17.423,0.086717494,4.3269076
17424,17.424,0.10546272,4.3336325
17425,17.425,0.114635445,4.304924
17426,17.426,0.10709586,4.2898006
17427,17.427,0.09152384,4.308661
17428,17.428,0.08492334,4.3385816
17429,17.429,0.09133672,4.3176794
17430,17.43,0.09389723,4.3382807
17431,17.431,0.08584262,4.3520193
17432,17.432,0.09366673,4.426884
17433,17.433,0.08080454,4.3680577
17434,17.434,0.08529414,4.426171
17435,17.435,0.09829632,4.4254727
17436,17.436,0.1135885,4.4237423
17437,17.437,0.103180625,4.4169765
17438,17.438,0.097768046,4.382164
17439,17.439,0.10364285,4.4367824
17440,17.44,0.11126581,4.487559
17441,17.441,0.10850596,4.4831686
17442,17.442,0.10442067,4.429559
17443,17.443,0.09017061,4.4819155
17444,17.444,0.09845025,4.3980026
17445,17.445,0.08880391,4.4164734
17446,17.446,0.0901238,4.404403
17447,17.447,0.08748262,4.4509273
17448,17.448,0.09886971,4.387383
17449,17.449,0.09711379,4.416372
17450,17.45,0.08399125,4.453509
17451,17.451,0.099237315,4.39703
17452,17.452,0.10844948,4.4004493
17453,17.453,0.101973124,4.4027834
17454,17.454,0.114113934,4.424843
17455,17.455,0.117543064,4.394581
17456,17.456,0.092550606,4.3834105
17457,17.457,0.099633746,4.4813614
17458,17.458,0.09693567,4.4676185
17459,17.459,0.10318231,4.42778
17460,17.46,0.09994246,4.419043
17461,17.461,0.09107119,4.4369307
17462,17.462,0.08528533,4.4237714
17463,17.463,0.09845789,4.430681
17464,17.464,0.10039023,4.4239492
17465,17.465,0.101858,4.441977
17466,17.466,0.09074503,4.427746
17467,17.467,0.09741329,4.391248
17468,17.468,0.098469034,4.44342
17469,17.469,0.102004856,4.433047
17470,17.47,0.09829338,4.4389563
17471,17.471,0.11566842,4.445066
17472,17.472,0.10956402,4.418968
17473,17.473,0.10410191,4.5022616
17474,17.474,0.114430055,4.428944
17475,17.475,0.106343046,4.4390316
17476,17.476,0.12204794,4.4397044
17477,17.477,0.09930253,4.376355
17478,17.478,0.09249876,4.424393
17479,17.479,0.08370726,4.429656
17480,17.48,0.09071891,4.4899116
17481,17.481,0.08756978,4.453514
17482,17.482,0.07156399,4.5374637
17483,17.483,0.07417824,4.5255055
17484,17.484,0.08247045,4.487257
17485,17.485,0.09929147,4.5288925
17486,17.486,0.092796326,4.4972315
17487,17.487,0.0917049,4.4900875
17488,17.488,0.08723185,4.4478283
17489,17.489,0.08363611,4.524399
17490,17.49,0.07292803,4.531598
17491,17.491,0.0792328,4.5103674
17492,17.492,0.077243336,4.513111
17493,17.493,0.08001748,4.4930058
17494,17.494,0.08579547,4.4378734
17495,17.495,0.068061106,4.497555
17496,17.496,0.07886868,4.4807806
17497,17.497,0.09170994,4.459923
17498,17.498,0.08784984,4.486256
17499,17.499,0.10424229,4.436236
17500,17.5,0.08698236,4.5095706
17501,17.501,0.099026255,4.506984
17502,17.502,0.10022716,4.442176
17503,17.503,0.093915075,4.428895
17504,17.504,0.102005996,4.4316936
17505,17.505,0.09911785,4.4276614
17506,17.506,0.0839534,4.4205213
17507,17.507,0.09181891,4.4387145
17508,17.508,0.09867192,4.442126
17509,17.509,0.104048595,4.4163737
17510,17.51,0.08354138,4.4384527
17511,17.511,0.086564735,4.4147124
17512,17.512,0.07799839,4.3889956
17513,17.513,0.08075732,4.388823
17514,17.514,0.081678905,4.371362
17515,17.515,0.081752464,4.4002957
17516,17.516,0.07506049,4.3707533
17517,17.517,0.08501925,4.3916717
17518,17.518,0.08653869,4.363851
17519,17.519,0.08557827,4.3955646
17520,17.52,0.07874473,4.414248
17521,17.521,0.083999515,4.398038
17522,17.522,0.08272935,4.426469
17523,17.523,0.07874106,4.3975368
17524,17.524,0.08924216,4.3987565
17525,17.525,0.08201645,4.423067
17526,17.526,0.08682274,4.470473
17527,17.527,0.08128878,4.4553814
17528,17.528,0.09231549,4.3757854
17529,17.529,0.090187274,4.3764577
17530,17.53,0.08322668,4.366378
17531,17.531,0.07982438,4.3701906
17532,17.532,0.076926924,4.4168086
17533,17.533,0.08708795,4.39867
17534,17.534,0.08211013,4.3756537
17535,17.535,0.0740878,4.4319997
17536,17.536,0.08842627,4.47954
17537,17.537,0.09371794,4.4644027
17538,17.538,0.083054975,4.437668
17539,17.539,0.08713506,4.435052
17540,17.54,0.08684071,4.4130163
17541,17.541,0.080620505,4.4026237
17542,17.542,0.09006093,4.4463887
17543,17.543,0.09688855,4.3929625
17544,17.544,0.08921301,4.382049
17545,17.545,0.09100389,4.3876495
17546,17.546,0.08790838,4.388986
17547,17.547,0.09045476,4.407995
17548,17.548,0.094242536,4.420015
17549,17.549,0.098243974,4.439813
17550,17.55,0.09792458,4.408357
17551,17.551,0.090448365,4.4284964
17552,17.552,0.084938996,4.3585773
17553,17.553,0.08047987,4.356681
17554,17.554,0.093373165,4.370208
17555,17.555,0.09698455,4.319602
17556,17.556,0.094892226,4.3767295
17557,17.557,0.072729625,4.4463706
17558,17.558,0.08173549,4.421509
17559,17.559,0.07253944,4.3641596
17560,17.56,0.085412644,4.350111
17561,17.561,0.079456426,4.3378897
17562,17.562,0.07922988,4.362078
17563,17.563,0.07304998,4.367576
17564,17.564,0.07704404,4.3541126
17565,17.565,0.08312453,4.359614
17566,17.566,0.0754246,4.3879614
17567,17.567,0.06928069,4.3931203
17568,17.568,0.077384636,4.392131
17569,17.569,0.07137637,4.4039097
17570,17.57,0.06649149,4.4077644
17571,17.571,0.07115577,4.410043
17572,17.572,0.07794428,4.4884825
17573,17.573,0.0772598,4.399432
17574,17.574,0.07184048,4.4014993
17575,17.575,0.065101795,4.397901
17576,17.576,0.062987305,4.4073334
17577,17.577,0.076868296,4.3986797
17578,17.578,0.069113635,4.37591
17579,17.579,0.06796167,4.355012
17580,17.58,0.07104277,4.3549194
17581,17.581,0.07497882,4.4021487
17582,17.582,0.071558334,4.4252257
17583,17.583,0.078596324,4.4290695
17584,17.584,0.07502275,4.4058895
17585,17.585,0.075203575,4.415108
17586,17.586,0.077358484,4.432303
17587,17.587,0.08789194,4.4536366
17588,17.588,0.07653221,4.417858
17589,17.589,0.076029085,4.4962263
17590,17.59,0.08014306,4.427237
17591,17.591,0.0843312,4.4114
17592,17.592,0.08151953,4.427117
17593,17.593,0.07520819,4.439032
17594,17.594,0.076188564,4.429996
17595,17.595,0.07712952,4.4376636
17596,17.596,0.094420835,4.432704
17597,17.597,0.09036398,4.4495134
17598,17.598,0.08495056,4.4029336
17599,17.599,0.08511166,4.402475
17600,17.6,0.08374799,4.3861523
17601,17.601,0.08825616,4.3838663
17602,17.602,0.08045832,4.4217005
17603,17.603,0.07969539,4.436316
17604,17.604,0.08288012,4.386879
17605,17.605,0.081374764,4.373687
17606,17.606,0.08853535,4.35341
17607,17.607,0.09160274,4.3476176
17608,17.608,0.09563002,4.3572183
17609,17.609,0.094589025,4.38394
17610,17.61,0.08493015,4.375653
17611,17.611,0.0858581,4.4205236
17612,17.612,0.08874988,4.4494724
17613,17.613,0.07527655,4.4151444
17614,17.614,0.08299092,4.4359937
17615,17.615,0.07854189,4.3843045
17616,17.616,0.088488996,4.38365
17617,17.617,0.061219007,4.4258275
17618,17.618,0.07182358,4.418607
17619,17.619,0.07482603,4.421033
17620,17.62,0.083474934,4.423409
17621,17.621,0.078569844,4.436193
17622,17.622,0.08144576,4.434313
17623,17.623,0.08432709,4.42108
17624,17.624,0.07954004,4.4247074
17625,17.625,0.07374845,4.3582196
17626,17.626,0.07995388,4.387286
17627,17.627,0.08980256,4.375792
17628,17.628,0.086161844,4.3758245
17629,17.629,0.08771553,4.4097614
17630,17.63,0.09785905,4.3887343
17631,17.631,0.078943394,4.371911
17632,17.632,0.08532801,4.3802123
17633,17.633,0.08844653,4.3448267
17634,17.634,0.07110133,4.387666
17635,17.635,0.08346316,4.324628
17636,17.636,0.08015244,4.3325057
17637,17.637,0.08581366,4.306823
17638,17.638,0.09518475,4.3351717
17639,17.639,0.0990601,4.363763
17640,17.64,0.09684261,4.3634872
17641,17.641,0.090752035,4.336024
17642,17.642,0.09917673,4.3711667
17643,17.643,0.10444945,4.4197946
17644,17.644,0.1036501,4.3621073
17645,17.645,0.09832277,4.3864927
17646,17.646,0.0993677,4.359053
17647,17.647,0.1008618,4.351217
17648,17.648,0.10209378,4.3826103
17649,17.649,0.12592871,4.34944
17650,17.65,0.12038623,4.3770595
17651,17.651,0.101829626,4.3859167
17652,17.652,0.09628836,4.3756843
17653,17.653,0.0954455,4.386182
17654,17.654,0.086349465,4.36967
17655,17.655,0.088768765,4.3440475
17656,17.656,0.0887629,4.368798
17657,17.657,0.092725925,4.3550086
17658,17.658,0.09844966,4.392896
17659,17.659,0.089885555,4.427734
17660,17.66,0.104054704,4.4386935
17661,17.661,0.089870125,4.4326153
17662,17.662,0.085754365,4.3983316
17663,17.663,0.09680142,4.4062495
17664,17.664,0.091141604,4.466647
17665,17.665,0.0883805,4.420421
17666,17.666,0.090763494,4.4270396
17667,17.667,0.09004039,4.461637
17668,17.668,0.09366673,4.4401984
17669,17.669,0.08313774,4.43391
17670,17.67,0.09374322,4.4692855
17671,17.671,0.08682274,4.425497
17672,17.672,0.08894309,4.458034
17673,17.673,0.07534485,4.4551973
17674,17.674,0.07965042,4.413108
17675,17.675,0.07686754,4.4082236
17676,17.676,0.06926984,4.4567304
17677,17.677,0.07120043,4.479695
17678,17.678,0.073320076,4.4412723
17679,17.679,0.07227522,4.3960323
17680,17.68,0.07178575,4.371208
17681,17.681,0.06513109,4.3869066
17682,17.682,0.072125524,4.4284472
17683,17.683,0.09055056,4.471384
17684,17.684,0.09628236,4.4904065
17685,17.685,0.09468247,4.4546504
17686,17.686,0.09268976,4.4326453
17687,17.687,0.08304592,4.4533825
17688,17.688,0.090258375,4.5069675
17689,17.689,0.08993056,4.5096393
17690,17.69,0.07063318,4.5597334
17691,17.691,0.07580297,4.5214496
17692,17.692,0.07008608,4.5317316
17693,17.693,0.08589983,4.5481763
17694,17.694,0.07537093,4.540183
17695,17.695,0.06859824,4.465652
17696,17.696,0.07545754,4.501682
17697,17.697,0.083348826,4.5069942
17698,17.698,0.09726009,4.4744005
17699,17.699,0.10132662,4.458104
17700,17.7,0.09810562,4.471262
17701,17.701,0.09848312,4.43121
17702,17.702,0.093047,4.4841022
17703,17.703,0.09232613,4.4791036
17704,17.704,0.09461652,4.465713
17705,17.705,0.094055906,4.4071436
17706,17.706,0.08949827,4.409206
17707,17.707,0.07764561,4.3982615
17708,17.708,0.060166705,4.401236
17709,17.709,0.07321989,4.400134
17710,17.71,0.07955675,4.3668747
17711,17.711,0.08161094,4.46115
17712,17.712,0.08182454,4.43336
17713,17.713,0.08250688,4.432607
17714,17.714,0.08741784,4.435664
17715,17.715,0.08935284,4.417631
17716,17.716,0.08464794,4.404788
17717,17.717,0.08429898,4.39641
17718,17.718,0.0822297,4.437753
17719,17.719,0.07524737,4.4024806
17720,17.72,0.085486375,4.408638
17721,17.721,0.07763295,4.393546
17722,17.722,0.076346956,4.4469676
17723,17.723,0.074654356,4.388715
17724,17.724,0.074219525,4.404056
17725,17.725,0.07097847,4.3888364
17726,17.726,0.07508666,4.4032903
17727,17.727,0.07125561,4.4075246
17728,17.728,0.07954294,4.462541
17729,17.729,0.08050428,4.4171157
17730,17.73,0.085399106,4.442057
17731,17.731,0.094989635,4.448252
17732,17.732,0.08051074,4.432638
17733,17.733,0.092411235,4.4324937
17734,17.734,0.10763205,4.4620357
17735,17.735,0.09928274,4.437714
17736,17.736,0.104318775,4.413906
17737,17.737,0.096941635,4.401446
17738,17.738,0.10073967,4.4800253
17739,17.739,0.0938104,4.4603434
17740,17.74,0.106288135,4.421238
17741,17.741,0.10251412,4.4191337
17742,17.742,0.09295502,4.42382
17743,17.743,0.09190889,4.410537
17744,17.744,0.09020137,4.445146
17745,17.745,0.084903605,4.39845
17746,17.746,0.09588715,4.412007
17747,17.747,0.08981415,4.387337
17748,17.748,0.10339495,4.4175982
17749,17.749,0.099596605,4.4631143
17750,17.75,0.09487152,4.399959
17751,17.751,0.090059645,4.4430723
17752,17.752,0.09534492,4.434065
17753,17.753,0.087431066,4.4508157
17754,17.754,0.087895885,4.4122124
17755,17.755,0.07505741,4.432261
17756,17.756,0.0965593,4.410828
17757,17.757,0.10360994,4.399696
17758,17.758,0.09614659,4.411842
17759,17.759,0.08680876,4.4343414
17760,17.76,0.080514334,4.411215
17761,17.761,0.076453626,4.441283
17762,17.762,0.096091874,4.4363694
17763,17.763,0.10653365,4.4751825
17764,17.764,0.10040693,4.4409003
17765,17.765,0.08770695,4.426444
17766,17.766,0.09814979,4.430044
17767,17.767,0.10655969,4.413072
17768,17.768,0.10133917,4.4076505
17769,17.769,0.097210154,4.4309096
17770,17.77,0.09658743,4.426518
17771,17.771,0.110763386,4.440354
17772,17.772,0.10886014,4.4803734
17773,17.773,0.10406582,4.4112134
17774,17.774,0.1002289,4.4349446
17775,17.775,0.09393908,4.451427
17776,17.776,0.093155645,4.4484205
17777,17.777,0.09618446,4.463842
17778,17.778,0.09322201,4.434293
17779,17.779,0.08893399,4.445373
17780,17.78,0.08788668,4.4315934
17781,17.781,0.09822397,4.393546
17782,17.782,0.10667082,4.4175863
17783,17.783,0.10948275,4.432397
17784,17.784,0.090243004,4.433783
17785,17.785,0.09727019,4.397274
17786,17.786,0.07773934,4.3753204
17787,17.787,0.07368965,4.381062
17788,17.788,0.07395819,4.4016237
17789,17.789,0.06317605,4.403935
17790,17.79,0.06487947,4.3756557
17791,17.791,0.076017685,4.418444
17792,17.792,0.076652944,4.489822
17793,17.793,0.087397344,4.4034405
17794,17.794,0.08703285,4.376572
17795,17.795,0.08535916,4.401879
17796,17.796,0.08203125,4.420886
17797,17.797,0.08365891,4.408448
17798,17.798,0.08383077,4.3995705
17799,17.799,0.09332425,4.4055934
17800,17.8,0.10444613,4.3976817
17801,17.801,0.10968528,4.407544
17802,17.802,0.09590884,4.474543
17803,17.803,0.08041593,4.424791
17804,17.804,0.07678554,4.378839
17805,17.805,0.075786956,4.40127
17806,17.806,0.07563809,4.3853936
17807,17.807,0.08618465,4.4020405
17808,17.808,0.075606756,4.3856273
17809,17.809,0.075105906,4.3968844
17810,17.81,0.06351183,4.3573565
17811,17.811,0.068837106,4.364042
17812,17.812,0.07441474,4.487518
17813,17.813,0.068791755,4.4839783
17814,17.814,0.07249082,4.4263196
17815,17.815,0.07554022,4.3807445
17816,17.816,0.075641915,4.42429
17817,17.817,0.0688774,4.36005
17818,17.818,0.07725157,4.3723063
17819,17.819,0.07072068,4.385508
17820,17.82,0.0741572,4.399418
17821,17.821,0.07522894,4.38966
17822,17.822,0.0688581,4.3667183
17823,17.823,0.059371807,4.4276013
17824,17.824,0.06745119,4.4180555
17825,17.825,0.06885054,4.457049
17826,17.826,0.06610354,4.398554
17827,17.827,0.06558211,4.3724756
17828,17.828,0.07420395,4.3812876
17829,17.829,0.07044964,4.3930607
17830,17.83,0.07023848,4.3984327
17831,17.831,0.07263022,4.352775
17832,17.832,0.07897706,4.379085
17833,17.833,0.07174226,4.3855815
17834,17.834,0.07447607,4.3629103
17835,17.835,0.08649727,4.3965487
17836,17.836,0.08737817,4.3681793
17837,17.837,0.08880326,4.3814025
17838,17.838,0.08615849,4.406027
17839,17.839,0.09151815,4.3821692
17840,17.84,0.08734773,4.3513317
17841,17.841,0.084472954,4.3403277
17842,17.842,0.08714037,4.354231
17843,17.843,0.09042089,4.3794656
17844,17.844,0.09094607,4.394386
17845,17.845,0.09311406,4.3726954
17846,17.846,0.0865467,4.364217
17847,17.847,0.081974864,4.3640122
17848,17.848,0.0861444,4.3846364
17849,17.849,0.08554382,4.360981
17850,17.85,0.08380456,4.333926
17851,17.851,0.08326626,4.371947
17852,17.852,0.08720071,4.3903155
17853,17.853,0.091090225,4.369679
17854,17.854,0.08320654,4.355636
17855,17.855,0.091726325,4.3838906
17856,17.856,0.09298735,4.3442287
17857,17.857,0.091281645,4.406712
17858,17.858,0.097573355,4.388272
17859,17.859,0.08868538,4.3779407
17860,17.86,0.07790125,4.40612
17861,17.861,0.08040586,4.390726
17862,17.862,0.08483277,4.3497815
17863,17.863,0.089150146,4.418014
17864,17.864,0.09908985,4.436647
17865,17.865,0.089898415,4.3806357
17866,17.866,0.09240435,4.3900604
17867,17.867,0.09640834,4.401183
17868,17.868,0.08675948,4.4016795
17869,17.869,0.08318779,4.403184
17870,17.87,0.09281937,4.331554
17871,17.871,0.11325931,4.361809
17872,17.872,0.10284904,4.3891273
17873,17.873,0.089011945,4.3843303
17874,17.874,0.10394245,4.3707547
17875,17.875,0.10699381,4.374095
17876,17.876,0.09975027,4.3397074
17877,17.877,0.099079356,4.3316607
17878,17.878,0.09624273,4.354606
17879,17.879,0.0936223,4.3636265
17880,17.88,0.08839816,4.3852873
17881,17.881,0.0934004,4.4217944
17882,17.882,0.10081767,4.4604435
17883,17.883,0.091065474,4.4318337
17884,17.884,0.09142211,4.419693
17885,17.885,0.102925435,4.378882
17886,17.886,0.0861813,4.397832
17887,17.887,0.07759125,4.3696303
17888,17.888,0.08128806,4.3557076
17889,17.889,0.092113666,4.3434715
17890,17.89,0.090778776,4.3513117
17891,17.891,0.086279824,4.3549566
17892,17.892,0.0863749,4.376506
17893,17.893,0.0985934,4.4021683
17894,17.894,0.07476962,4.3935575
17895,17.895,0.06922561,4.444866
17896,17.896,0.07976354,4.463716
17897,17.897,0.07646798,4.4851027
17898,17.898,0.0740878,4.497703
17899,17.899,0.066214494,4.497892
17900,17.9,0.073316135,4.4771767
17901,17.901,0.0806893,4.5442986
17902,17.902,0.06836867,4.5353656
17903,17.903,0.07998496,4.519813
17904,17.904,0.082898244,4.452757
17905,17.905,0.08555058,4.486448
17906,17.906,0.07784707,4.462255
17907,17.907,0.08340844,4.445012
17908,17.908,0.07214235,4.423279
17909,17.909,0.073651984,4.425158
17910,17.91,0.075728975,4.408086
17911,17.911,0.08560596,4.4201875
17912,17.912,0.08751696,4.411329
17913,17.913,0.09112956,4.371166
17914,17.914,0.084412724,4.47548
17915,17.915,0.09339112,4.4382005
17916,17.916,0.0876008,4.3916297
17917,17.917,0.09200253,4.368198
17918,17.918,0.09769708,4.3582106
17919,17.919,0.0961526,4.3521748
17920,17.92,0.07873886,4.356981
17921,17.921,0.08744825,4.356179
17922,17.922,0.08998902,4.4304996
17923,17.923,0.08772013,4.37022
17924,17.924,0.09110101,4.3802443
17925,17.925,0.102876574,4.328098
17926,17.926,0.10026349,4.3354297
17927,17.927,0.1025964,4.3838964
17928,17.928,0.09849838,4.402408
17929,17.929,0.08924605,4.3864536
17930,17.93,0.08549651,4.3933907
17931,17.931,0.098619774,4.397326
17932,17.932,0.10874221,4.4324684
17933,17.933,0.122517765,4.4052134
17934,17.934,0.11630527,4.446339
17935,17.935,0.11745009,4.399879
17936,17.936,0.10384843,4.3701105
17937,17.937,0.11182025,4.3538904
17938,17.938,0.106334895,4.374503
17939,17.939,0.114059724,4.4120235
17940,17.94,0.10120905,4.3549447
17941,17.941,0.10849477,4.4089904
17942,17.942,0.105062984,4.4420776
17943,17.943,0.10828841,4.4110584
17944,17.944,0.10225331,4.4193945
17945,17.945,0.09474044,4.3946986
17946,17.946,0.09341154,4.423425
17947,17.947,0.089493096,4.4367123
17948,17.948,0.104270004,4.376944
17949,17.949,0.091761604,4.441377
17950,17.95,0.086244315,4.4381194
17951,17.951,0.08786037,4.474534
17952,17.952,0.090674296,4.4124565
17953,17.953,0.09713759,4.4083996
17954,17.954,0.09552843,4.407963
17955,17.955,0.0944545,4.451677
17956,17.956,0.09817806,4.4811015
17957,17.957,0.09648205,4.4253955
17958,17.958,0.08625638,4.427398
17959,17.959,0.08894244,4.432458
17960,17.96,0.08785248,4.388707
17961,17.961,0.093050726,4.4718614
17962,17.962,0.09636396,4.3787885
17963,17.963,0.10505858,4.405206
17964,17.964,0.11403084,4.390499
17965,17.965,0.10248536,4.3530827
17966,17.966,0.11166611,4.36679
17967,17.967,0.1007804,4.417449
17968,17.968,0.10691004,4.3845963
17969,17.969,0.11012283,4.441566
17970,17.97,0.110914096,4.447033
17971,17.971,0.12925684,4.4656024
17972,17.972,0.10842336,4.4423866
17973,17.973,0.09430507,4.4384956
17974,17.974,0.11779063,4.4963803
17975,17.975,0.110091336,4.4061623
17976,17.976,0.111804225,4.4724364
17977,17.977,0.11741564,4.489926
17978,17.978,0.12752593,4.432235
17979,17.979,0.100741394,4.3800483
17980,17.98,0.11094744,4.4123855
17981,17.981,0.11562744,4.3522725
17982,17.982,0.122161545,4.3957877
17983,17.983,0.123239316,4.378287
17984,17.984,0.1110292,4.335297
17985,17.985,0.117106095,4.313692
17986,17.986,0.12150401,4.432694
17987,17.987,0.108439885,4.403562
17988,17.988,0.081170656,4.3872366
17989,17.989,0.08908075,4.405379
17990,17.99,0.07060535,4.386505
17991,17.991,0.084169984,4.4350867
17992,17.992,0.07948043,4.4140043
17993,17.993,0.074904785,4.4519973
17994,17.994,0.07576636,4.475988
17995,17.995,0.07801765,4.4314775
17996,17.996,0.07752939,4.457987
17997,17.997,0.09035758,4.48553
17998,17.998,0.0715341,4.4828286
17999,17.999,0.07995533,4.4823785
18000,18.0,0.074324585,4.507314
18001,18.001,0.071681,4.504758
18002,18.002,0.07000604,4.5052447
18003,18.003,0.090041034,4.55092
18004,18.004,0.093801774,4.5864873
18005,18.005,0.07428958,4.5322657
18006,18.006,0.07206219,4.556702
18007,18.007,0.07469151,4.55132
18008,18.008,0.08126318,4.471919
18009,18.009,0.07320489,4.502606
18010,18.01,0.08562148,4.566363
18011,18.011,0.07920288,4.5707126
18012,18.012,0.076526165,4.5959334
18013,18.013,0.067143716,4.592917
18014,18.014,0.06486343,4.629454
18015,18.015,0.06853249,4.61813
18016,18.016,0.060648933,4.6519027
18017,18.017,0.050908566,4.626413
18018,18.018,0.05844659,4.587439
18019,18.019,0.06541003,4.634542
18020,18.02,0.06023583,4.577245
18021,18.021,0.05705038,4.6188827
18022,18.022,0.06777858,4.59937
18023,18.023,0.07754132,4.555931
18024,18.024,0.07340437,4.5851173
18025,18.025,0.06693335,4.6018534
18026,18.026,0.06978276,4.6014686
18027,18.027,0.0754177,4.657046
18028,18.028,0.06655318,4.6402473
18029,18.029,0.078768946,4.579231
18030,18.03,0.0664515,4.5986547
18031,18.031,0.063686326,4.624858
18032,18.032,0.069230616,4.587495
18033,18.033,0.059429217,4.60593
18034,18.034,0.0520504,4.5293236
18035,18.035,0.05979765,4.5672
18036,18.036,0.06422315,4.6035767
18037,18.037,0.05790013,4.5786123
18038,18.038,0.06022623,4.5472603
18039,18.039,0.06508315,4.554591
18040,18.04,0.065283544,4.519648
18041,18.041,0.059619535,4.566698
18042,18.042,0.060756527,4.580035
18043,18.043,0.05382354,4.5716944
18044,18.044,0.056698762,4.5835915
18045,18.045,0.0684329,4.5753837
18046,18.046,0.057623956,4.6037116
18047,18.047,0.052091468,4.577861
18048,18.048,0.05672322,4.571532
18049,18.049,0.055167336,4.6597486
18050,18.05,0.075510375,4.6409507
18051,18.051,0.06068704,4.683317
18052,18.052,0.053959746,4.6999497
18053,18.053,0.052778196,4.593333
18054,18.054,0.06326656,4.530221
18055,18.055,0.06164896,4.4936004
18056,18.056,0.063026756,4.4871526
18057,18.057,0.06914039,4.514302
18058,18.058,0.07380564,4.4390655
18059,18.059,0.0753924,4.3872757
18060,18.06,0.07174628,4.3804984
18061,18.061,0.0918252,4.460415
18062,18.062,0.08042024,4.4268785
18063,18.063,0.0942873,4.434
18064,18.064,0.083486706,4.4498677
18065,18.065,0.11597981,4.4750752
18066,18.066,0.10794091,4.5098424
18067,18.067,0.09184157,4.541695
18068,18.068,0.08497913,4.5756626
18069,18.069,0.08101956,4.540145
18070,18.07,0.078956574,4.4990892
18071,18.071,0.0671876,4.4678993
18072,18.072,0.07003823,3.2343087
18073,18.073,0.06101284,4.554145
18074,18.074,0.057418976,4.525932
18075,18.075,0.059499197,4.543639
18076,18.076,0.07509821,4.5319815
18077,18.077,0.07503738,4.5472713
18078,18.078,0.06873628,4.553571
18079,18.079,0.072856665,4.5068545
18080,18.08,0.06564289,3.186715
18081,18.081,0.068676546,3.253435
18082,18.082,0.06523307,3.3049567
18083,18.083,0.062503695,3.2432086
18084,18.084,0.0647332,3.2522833
18085,18.085,0.048315253,3.1710868
18086,18.086,0.053981166,3.2188742
18087,18.087,0.066668585,3.1286428
18088,18.088,0.06937073,3.0912924
18089,18.089,0.061140593,4.5259714
18090,18.09,0.050491326,4.5373983
18091,18.091,0.056520086,4.528303
18092,18.092,0.061077222,4.5130806
18093,18.093,0.049098447,4.509497
18094,18.094,0.050401956,4.489164
18095,18.095,0.06257209,4.5332055
18096,18.096,0.061495952,2.870262
18097,18.097,0.056258712,2.8398674
18098,18.098,0.055299185,2.9457464
18099,18.099,0.06369903,4.5992737
18100,18.1,0.062420417,4.642362
18101,18.101,0.07569462,4.5967593
18102,18.102,0.07979179,4.5110884
18103,18.103,0.074304365,4.457797
18104,18.104,0.07004896,4.5223002
18105,18.105,0.06279339,4.521164
18106,18.106,0.079313725,4.5401015
18107,18.107,0.057951022,4.5257587
18108,18.108,0.062080596,4.557481
18109,18.109,0.0509653,4.577073
18110,18.11,0.055364996,4.4933953
18111,18.111,0.06074035,4.482963
18112,18.112,0.05116338,4.4944687
18113,18.113,0.06061557,4.5038996
18114,18.114,0.05863615,4.5015187
18115,18.115,0.05160992,4.5066075
18116,18.116,0.064755514,4.4917245
18117,18.117,0.049513422,4.4774823
18118,18.118,0.05468116,4.562993
18119,18.119,0.0653163,4.5499516
18120,18.12,0.052027076,4.5649776
18121,18.121,0.06719104,4.495235
18122,18.122,0.06820362,4.492585
18123,18.123,0.07171728,4.4771967
18124,18.124,0.06860666,4.5181184
18125,18.125,0.06415111,4.5000157
18126,18.126,0.078690395,4.4970164
18127,18.127,0.06056978,2.9127507
18128,18.128,0.05632135,4.5659575
18129,18.129,0.062548995,4.5564384
18130,18.13,0.06364184,4.545639
18131,18.131,0.062914774,4.550412
18132,18.132,0.059140638,4.5623527
18133,18.133,0.06181375,4.532999
18134,18.134,0.06935573,4.505208
18135,18.135,0.07051115,3.1019037
18136,18.136,0.059044786,3.3126888
18137,18.137,0.06479121,3.3153243
18138,18.138,0.06241301,3.2528563
18139,18.139,0.05686366,3.224718
18140,18.14,0.05593312,3.3219666
18141,18.141,0.06870768,3.355902
18142,18.142,0.062190358,4.5140557
18143,18.143,0.06550098,4.496338
18144,18.144,0.06599416,4.5060644
18145,18.145,0.052725606,4.5974793
18146,18.146,0.058828052,4.5477743
18147,18.147,0.06028858,4.5980473
18148,18.148,0.06063845,4.531678
18149,18.149,0.06411777,4.559465
18150,18.15,0.05936694,4.4998426
18151,18.151,0.053905092,4.4702196
18152,18.152,0.06010038,4.5174704
18153,18.153,0.054374825,4.4919405
18154,18.154,0.055275142,4.529654
18155,18.155,0.07053819,4.5510116
18156,18.156,0.05280119,4.515717
18157,18.157,0.05734746,4.473698
18158,18.158,0.060787912,4.4544
18159,18.159,0.055194568,4.527575
18160,18.16,0.058766123,4.516862
18161,18.161,0.06110466,4.4713254
18162,18.162,0.060055166,4.4958982
18163,18.163,0.054215144,3.6328936
18164,18.164,0.06078601,4.4676085
18165,18.165,0.06856031,4.472176
18166,18.166,0.06036331,3.4191396
18167,18.167,0.06088197,3.4023042
18168,18.168,0.07281937,3.3453786
18169,18.169,0.07736222,3.3278651
18170,18.17,0.06814004,3.3826106
18171,18.171,0.05813524,3.5165107
18172,18.172,0.059469078,3.4878416
18173,18.173,0.068921864,3.4536917
18174,18.174,0.06763773,3.4205205
18175,18.175,0.061789434,3.412855
18176,18.176,0.06598977,3.4365396
18177,18.177,0.05959917,3.2827652
18178,18.178,0.057866182,3.4030707
18179,18.179,0.05967283,3.430179
18180,18.18,0.061389655,3.5568223
18181,18.181,0.052296337,3.6758854
18182,18.182,0.052940026,3.6525908
18183,18.183,0.05057139,3.5267794
18184,18.184,0.05896446,3.5822246
18185,18.185,0.05752658,3.5944488
18186,18.186,0.05356951,3.7054396
18187,18.187,0.0573152,3.6896713
18188,18.188,0.06039586,3.71694
18189,18.189,0.053966172,3.6974018
18190,18.19,0.054602884,3.8148925
18191,18.191,0.051816687,3.901566
18192,18.192,0.061306745,3.9025235
18193,18.193,0.059312392,3.8254962
18194,18.194,0.067501724,3.8686552
18195,18.195,0.068568744,3.8352177
18196,18.196,0.06631392,3.9219468
18197,18.197,0.07181795,3.947918
18198,18.198,0.08182454,3.962192
18199,18.199,0.07139094,3.9254057
18200,18.2,0.07925905,3.8836782
18201,18.201,0.08111795,3.9444115
18202,18.202,0.0736967,3.954502
18203,18.203,0.07418058,3.906658
18204,18.204,0.064316675,3.9988663
18205,18.205,0.07382208,3.9927893
18206,18.206,0.06743233,3.88585
18207,18.207,0.06661394,3.966085
18208,18.208,0.06980015,3.9330904
18209,18.209,0.06965261,3.9504523
18210,18.21,0.065523036,3.9414759
18211,18.211,0.061383065,4.015807
18212,18.212,0.058071576,3.9256344
18213,18.213,0.053128567,3.8279107
18214,18.214,0.058268312,3.852303
18215,18.215,0.06341074,3.783981
18216,18.216,0.061576728,3.8184078
18217,18.217,0.06424924,3.8294241
18218,18.218,0.059199248,3.8396788
18219,18.219,0.06464296,3.8619838
18220,18.22,0.061616138,3.9545047
18221,18.221,0.06334964,3.998737
18222,18.222,0.05804171,4.114097
18223,18.223,0.06595123,4.160053
18224,18.224,0.07116633,4.1825247
18225,18.225,0.062078733,4.1527376
18226,18.226,0.07024424,4.154228
18227,18.227,0.063122965,4.559942
18228,18.228,0.072144754,4.500909
18229,18.229,0.07120855,4.2736816
18230,18.23,0.07379859,4.2286
18231,18.231,0.07622876,4.4505067
18232,18.232,0.07720067,4.426051
18233,18.233,0.06962439,4.415518
18234,18.234,0.07641128,4.2338486
18235,18.235,0.070886396,4.2291403
18236,18.236,0.08062266,4.2050986
18237,18.237,0.080446824,4.131398
18238,18.238,0.072050154,4.2040544
18239,18.239,0.07091982,4.1034603
18240,18.24,0.07389799,4.0871387
18241,18.241,0.07311325,4.0677886
18242,18.242,0.077853754,4.0255404
18243,18.243,0.071774475,4.182551
18244,18.244,0.06834923,4.271005
18245,18.245,0.072342366,4.3706026
18246,18.246,0.066508,4.2695475
18247,18.247,0.067375734,4.187859
18248,18.248,0.07176481,4.248845
18249,18.249,0.07025494,4.185868
18250,18.25,0.064390324,4.1807547
18251,18.251,0.072386295,4.1390224
18252,18.252,0.072335176,4.162875
18253,18.253,0.07164229,4.1008415
18254,18.254,0.07547975,4.060052
18255,18.255,0.07225123,3.9138532
18256,18.256,0.069490604,4.0513105
18257,18.257,0.07989386,3.9265454
18258,18.258,0.08456732,4.0516334
18259,18.259,0.07698175,4.070728
18260,18.26,0.07641657,4.0610137
18261,18.261,0.07722313,4.01647
18262,18.262,0.068874046,3.915803
18263,18.263,0.07530342,4.062457
18264,18.264,0.07111108,4.0472417
18265,18.265,0.07809466,3.9627092
18266,18.266,0.06689448,7.0106444
18267,18.267,0.072621465,3.910739
18268,18.268,0.0646805,3.8434105
18269,18.269,0.058341667,3.7460783
18270,18.27,0.06582929,6.837262
18271,18.271,0.069681644,6.817387
18272,18.272,0.067404896,6.842172
18273,18.273,0.07336657,6.751842
18274,18.274,0.07216077,6.803821
18275,18.275,0.060300082,6.7601557
18276,18.276,0.06552657,6.807205
18277,18.277,0.06345357,6.7627964
18278,18.278,0.062216375,6.8385663
18279,18.279,0.06352913,6.8053956
18280,18.28,0.06383952,6.831461
18281,18.281,0.055496376,6.8612547
18282,18.282,0.064072676,3.7751393
18283,18.283,0.052994587,3.702065
18284,18.284,0.06008499,6.7953615
18285,18.285,0.06443698,6.782749
18286,18.286,0.06968828,6.726487
18287,18.287,0.058924258,6.734305
18288,18.288,0.057382725,6.722629
18289,18.289,0.05650065,6.656704
18290,18.29,0.06196504,6.708965
18291,18.291,0.06465905,6.7290206
18292,18.292,0.065742314,6.7417374
18293,18.293,0.0690944,6.7291045
18294,18.294,0.076261364,6.748131
18295,18.295,0.06488481,6.7247477
18296,18.296,0.05952251,6.7466216
18297,18.297,0.06425014,6.7725325
18298,18.298,0.060113844,6.7422194
18299,18.299,0.063763425,6.7939115
18300,18.3,0.06582227,6.751166
18301,18.301,0.062335175,6.756795
18302,18.302,0.061402835,6.842737
18303,18.303,0.06861088,6.8211594
18304,18.304,0.06088102,6.847015
18305,18.305,0.05637776,6.8190684
18306,18.306,0.05362882,6.7779884
18307,18.307,0.055113874,6.8436456
18308,18.308,0.05151127,6.8248935
18309,18.309,0.057519548,6.806414
18310,18.31,0.05740589,6.7867584
18311,18.311,0.058871266,6.796622
18312,18.312,0.05178433,6.9122605
18313,18.313,0.055889707,6.778236
18314,18.314,0.05992317,6.818423
18315,18.315,0.05747331,6.8621616
18316,18.316,0.06619616,6.914107
18317,18.317,0.06730278,6.936761
18318,18.318,0.05715767,6.9302335
18319,18.319,0.05129313,6.9002304
18320,18.32,0.056432072,6.887906
18321,18.321,0.058258392,6.8972974
18322,18.322,0.058464386,6.9214015
18323,18.323,0.06015037,3.8834054
18324,18.324,0.062395412,3.9222536
18325,18.325,0.05227312,3.9345286
18326,18.326,0.056209378,3.9965196
18327,18.327,0.04626562,4.088094
18328,18.328,0.051465243,4.168921
18329,18.329,0.046091646,4.042844
18330,18.33,0.05822068,4.0928264
18331,18.331,0.06095313,4.06964
18332,18.332,0.052626852,7.0652294
18333,18.333,0.04828294,7.0669365
18334,18.334,0.049472548,4.082595
18335,18.335,0.05091538,7.062174
18336,18.336,0.060491484,7.012697
18337,18.337,0.060186874,7.0350666
18338,18.338,0.06641843,7.009066
18339,18.339,0.06717986,7.0370646
18340,18.34,0.054329097,4.0582633
18341,18.341,0.05694999,4.172744
18342,18.342,0.057773218,4.206819
18343,18.343,0.06463044,4.1636214
18344,18.344,0.06830101,4.213831
18345,18.345,0.074615635,4.2212234
18346,18.346,0.07445279,4.2272243
18347,18.347,0.06339069,4.119476
18348,18.348,0.07005061,4.130315
18349,18.349,0.06720481,4.190384
18350,18.35,0.07192972,4.3417034
18351,18.351,0.059872024,4.318566
18352,18.352,0.06632874,4.274097
18353,18.353,0.05112948,4.399869
18354,18.354,0.05675378,4.275823
18355,18.355,0.048877813,4.2743115
18356,18.356,0.056681428,4.18656
18357,18.357,0.06701102,4.1231055
18358,18.358,0.073493294,4.130238
18359,18.359,0.07057014,4.0242157
18360,18.36,0.07292644,4.06041
18361,18.361,0.07209667,4.1789985
18362,18.362,0.06929487,4.2243047
18363,18.363,0.06276209,4.3493752
18364,18.364,0.08126673,4.381989
18365,18.365,0.07590279,4.359449
18366,18.366,0.06761636,4.2784147
18367,18.367,0.07571828,4.4053135
18368,18.368,0.06726498,4.32564
18369,18.369,0.07441008,4.2988634
18370,18.37,0.070750915,4.2919693
18371,18.371,0.07455596,4.326753
18372,18.372,0.07229761,4.3312907
18373,18.373,0.089394234,4.4018817
18374,18.374,0.08290104,4.4127088
18375,18.375,0.080768056,4.281728
18376,18.376,0.053991873,4.3311152
18377,18.377,0.061838057,4.367087
18378,18.378,0.045155436,4.4062195
18379,18.379,0.045890566,4.417587
18380,18.38,0.060081143,4.3294435
18381,18.381,0.06441276,4.337515
18382,18.382,0.052643325,4.324011
18383,18.383,0.06126808,4.4033127
18384,18.384,0.05156398,4.4000387
18385,18.385,0.06697306,4.38096
18386,18.386,0.056848414,4.346555
18387,18.387,0.05660592,4.3638177
18388,18.388,0.06042169,4.3533745
18389,18.389,0.06483045,4.354093
18390,18.39,0.04849317,4.1822295
18391,18.391,0.06466888,4.1691685
18392,18.392,0.056110576,4.1939764
18393,18.393,0.058826085,4.2306633
18394,18.394,0.06133691,4.2779603
18395,18.395,0.073972255,4.2211776
18396,18.396,0.07807468,4.244237
18397,18.397,0.08853535,4.2932143
18398,18.398,0.08761069,4.282346
18399,18.399,0.087902464,4.2602186
18400,18.4,0.08049423,4.230592
18401,18.401,0.0825419,4.1796465
18402,18.402,0.09193906,4.1396465
18403,18.403,0.09242812,4.0607233
18404,18.404,0.10244531,4.098681
18405,18.405,0.10340613,4.0610113
18406,18.406,0.10802709,4.078142
18407,18.407,0.08913783,4.0605454
18408,18.408,0.082936585,4.0635223
18409,18.409,0.10029462,3.9886873
18410,18.41,0.10389962,3.9728103
18411,18.411,0.08319751,3.983958
18412,18.412,0.08661146,3.9600525
18413,18.413,0.08464384,3.9976912
18414,18.414,0.094431855,3.9594598
18415,18.415,0.09775918,3.9654744
18416,18.416,0.08772541,7.0439253
18417,18.417,0.09195792,7.038192
18418,18.418,0.087880105,7.0529475
18419,18.419,0.08233928,7.097823
18420,18.42,0.08776295,4.1985893
18421,18.421,0.079390936,4.1906567
18422,18.422,0.07388156,4.167548
18423,18.423,0.08024828,4.1273293
18424,18.424,0.07539394,4.1464095
18425,18.425,0.08361399,4.202017
18426,18.426,0.07582431,4.180207
18427,18.427,0.07574195,4.345887
18428,18.428,0.06939239,4.391699
18429,18.429,0.068510555,4.3683414
18430,18.43,0.07646118,4.3833046
18431,18.431,0.065845974,4.445629
18432,18.432,0.0654118,4.585034
18433,18.433,0.07078195,4.498102
18434,18.434,0.07437822,4.514329
18435,18.435,0.081383996,4.391368
18436,18.436,0.07195624,4.5554023
18437,18.437,0.068673186,4.501054
18438,18.438,0.06415021,4.483607
18439,18.439,0.07766272,4.4969015
18440,18.44,0.07843069,4.494478
18441,18.441,0.07421174,4.4354467
18442,18.442,0.07374061,4.4001317
18443,18.443,0.07387061,4.3412313
18444,18.444,0.0746381,4.3034754
18445,18.445,0.06621798,4.3543706
18446,18.446,0.07398944,4.4504566
18447,18.447,0.07817011,4.3743916
18448,18.448,0.088129014,4.389169
18449,18.449,0.08435039,4.298365
18450,18.45,0.075296514,4.260879
18451,18.451,0.08088533,4.3210263
18452,18.452,0.07430358,4.317316
18453,18.453,0.07245892,4.283059
18454,18.454,0.07202127,4.159873
18455,18.455,0.087310664,4.237968
18456,18.456,0.075076655,4.2141953
18457,18.457,0.06759755,4.169188
18458,18.458,0.06868244,4.170492
18459,18.459,0.054201286,4.2889504
18460,18.46,0.066454105,4.2925615
18461,18.461,0.0648251,4.281928
18462,18.462,0.07314644,4.262592
18463,18.463,0.068547666,4.384866
18464,18.464,0.07898438,4.4627814
18465,18.465,0.07613468,4.419052
18466,18.466,0.07248205,4.423579
18467,18.467,0.053907238,4.4943805
18468,18.468,0.07661147,4.4444075
18469,18.469,0.06886397,4.467438
18470,18.47,0.064217746,4.4632354
18471,18.471,0.06221359,4.4767714
18472,18.472,0.06591002,4.6407394
18473,18.473,0.059428245,4.6432095
18474,18.474,0.069528855,4.6699767
18475,18.475,0.06661568,4.7294807
18476,18.476,0.06213271,4.7128806
18477,18.477,0.06580998,4.622404
18478,18.478,0.0710688,4.6106677
18479,18.479,0.07159629,4.6183095
18480,18.48,0.06524458,4.5724206
18481,18.481,0.0706839,4.5935025
18482,18.482,0.06953551,4.5669193
18483,18.483,0.057375677,4.4161453
18484,18.484,0.052682836,4.3911376
18485,18.485,0.05237806,4.428798
18486,18.486,0.053248104,4.388144
18487,18.487,0.062873416,4.4017677
18488,18.488,0.060122497,4.500711
18489,18.489,0.05833176,4.5490093
18490,18.49,0.059539013,4.411171
18491,18.491,0.058801517,4.557323
18492,18.492,0.04959973,4.6252007
18493,18.493,0.0529935,4.5505548
18494,18.494,0.060412128,4.5155287
18495,18.495,0.06738174,4.590178
18496,18.496,0.06139248,4.608525
18497,18.497,0.069834925,4.462372
18498,18.498,0.054747712,4.5710025
18499,18.499,0.06440827,4.484017
18500,18.5,0.06724264,4.4257126
18501,18.501,0.07180587,4.4284787
18502,18.502,0.07126291,4.3412495
18503,18.503,0.07015614,4.415926
18504,18.504,0.0776724,4.422765
18505,18.505,0.06452393,4.405787
18506,18.506,0.07036837,4.4016747
18507,18.507,0.06820956,4.389406
18508,18.508,0.061981827,4.416399
18509,18.509,0.07037577,4.4734817
18510,18.51,0.06673271,4.354974
18511,18.511,0.06623805,4.435838
18512,18.512,0.06387663,4.506759
18513,18.513,0.07722463,4.4642777
18514,18.514,0.06331496,4.5784764
18515,18.515,0.06132937,4.6543317
18516,18.516,0.05782322,4.7320833
18517,18.517,0.063691765,4.6810126
18518,18.518,0.066941984,4.584369
18519,18.519,0.059860438,4.586814
18520,18.52,0.06650714,4.629105
18521,18.521,0.058830015,4.66281
18522,18.522,0.064977385,4.5472803
18523,18.523,0.06774787,4.48227
18524,18.524,0.07328854,4.481772
18525,18.525,0.06396885,4.5147643
18526,18.526,0.057519548,4.3930335
18527,18.527,0.0653216,4.504285
18528,18.528,0.06776152,4.4563885
18529,18.529,0.076319695,4.4690065
18530,18.53,0.06180814,4.561729
18531,18.531,0.071883105,4.511864
18532,18.532,0.055566113,4.568556
18533,18.533,0.06667812,4.579223
18534,18.534,0.057039235,4.5266404
18535,18.535,0.06711616,4.4847107
18536,18.536,0.07062172,4.515039
18537,18.537,0.08054448,4.542472
18538,18.538,0.07881077,4.368384
18539,18.539,0.06911698,4.4253197
18540,18.54,0.07731738,4.274109
18541,18.541,0.07573432,4.2665606
18542,18.542,0.06714458,4.3350954
18543,18.543,0.06302308,4.4379597
18544,18.544,0.06189878,4.3484426
18545,18.545,0.065336645,4.377048
18546,18.546,0.063530035,4.4893622
18547,18.547,0.060285706,4.4656405
18548,18.548,0.060555466,4.531975
18549,18.549,0.056980435,4.517921
18550,18.55,0.06765055,4.502295
18551,18.551,0.06384857,4.4540486
18552,18.552,0.05481207,4.458745
18553,18.553,0.04852772,4.4189596
18554,18.554,0.057342425,4.3478403
18555,18.555,0.057812218,4.377309
18556,18.556,0.05254882,4.4720006
18557,18.557,0.06389472,4.3848534
18558,18.558,0.049103156,4.355558
18559,18.559,0.06036714,4.407373
18560,18.56,0.059041847,4.4214096
18561,18.561,0.052593898,4.5089674
18562,18.562,0.050849494,4.2980638
18563,18.563,0.057873175,4.30943
18564,18.564,0.043069515,4.3947997
18565,18.565,0.054725535,4.3967004
18566,18.566,0.057253655,4.347405
18567,18.567,0.06269574,4.4492726
18568,18.568,0.059155293,4.4477315
18569,18.569,0.056314163,4.41454
18570,18.57,0.06150629,4.386689
18571,18.571,0.0550929,4.404773
18572,18.572,0.052937843,4.46472
18573,18.573,0.063799664,4.432215
18574,18.574,0.055412997,4.4023385
18575,18.575,0.051984843,4.4541907
18576,18.576,0.06042743,4.559636
18577,18.577,0.06489639,4.6478834
18578,18.578,0.06402124,4.62173
18579,18.579,0.062668085,4.6577125
18580,18.58,0.061457407,4.613449
18581,18.581,0.04958574,4.6126976
18582,18.582,0.05395225,4.5729547
18583,18.583,0.05437057,4.4979544
18584,18.584,0.055844184,4.45678
18585,18.585,0.055057216,4.4586096
18586,18.586,0.056574255,4.4021583
18587,18.587,0.06795317,4.3709145
18588,18.588,0.063971564,4.3121076
18589,18.589,0.059066314,4.3150296
18590,18.59,0.06175481,4.358263
18591,18.591,0.07314249,4.3759036
18592,18.592,0.07661071,4.4279003
18593,18.593,0.07068308,4.3671265
18594,18.594,0.083271116,4.4114556
18595,18.595,0.068154454,4.294449
18596,18.596,0.05857599,4.3632646
18597,18.597,0.059610806,4.440409
18598,18.598,0.055025715,4.3658957
18599,18.599,0.065678984,4.5489035
18600,18.6,0.06737231,4.494408
18601,18.601,0.06154293,4.5995746
18602,18.602,0.05804868,4.546891
18603,18.603,0.0724972,4.599997
18604,18.604,0.06951722,4.6886373
18605,18.605,0.071662456,4.7794623
18606,18.606,0.062128987,4.748722
18607,18.607,0.059552602,4.8762145
18608,18.608,0.05946033,4.822333
18609,18.609,0.06659138,4.88894
18610,18.61,0.06103178,4.9518495
18611,18.611,0.06596349,4.952075
18612,18.612,0.06746404,4.949683
18613,18.613,0.06581349,4.8898306
18614,18.614,0.07046523,4.92393
18615,18.615,0.08164139,4.933988
18616,18.616,0.07122154,4.960013
18617,18.617,0.061465867,4.8729215
18618,18.618,0.06764286,4.917686
18619,18.619,0.07162292,4.938123
18620,18.62,0.07624544,4.8926797
18621,18.621,0.076939695,4.894559
18622,18.622,0.083043836,5.0078716
18623,18.623,0.078512445,5.03566
18624,18.624,0.08323918,5.0761595
18625,18.625,0.08492334,5.05401
18626,18.626,0.06970321,4.985786
18627,18.627,0.06717125,5.0086155
18628,18.628,0.06944651,5.0177464
18629,18.629,0.07674639,5.1547494
18630,18.63,0.07136746,5.2315693
18631,18.631,0.07844837,5.1382966
18632,18.632,0.07186863,5.2700005
18633,18.633,0.067354284,5.2297764
18634,18.634,0.07509436,5.2030234
18635,18.635,0.069690764,5.186758
18636,18.636,0.0740441,5.291313
18637,18.637,0.07511283,5.2858486
18638,18.638,0.06926317,5.247742
18639,18.639,0.06463222,5.230325
18640,18.64,0.06231106,5.213595
18641,18.641,0.0695621,5.1586094
18642,18.642,0.061984625,5.0177093
18643,18.643,0.05455099,5.0082097
18644,18.644,0.06387572,4.8906274
18645,18.645,0.05839712,4.8582544
18646,18.646,0.05440458,4.86955
18647,18.647,0.05498999,5.0059853
18648,18.648,0.06503074,4.9690533
18649,18.649,0.057923086,5.160241
18650,18.65,0.058811344,5.08694
18651,18.651,0.05467376,4.964257
18652,18.652,0.05074026,4.997008
18653,18.653,0.055467207,4.9272647
18654,18.654,0.051136263,5.0188866
18655,18.655,0.05063992,5.0635214
18656,18.656,0.05428653,5.099874
18657,18.657,0.05917874,5.030499
18658,18.658,0.06497205,5.0500464
18659,18.659,0.05501626,5.0507197
18660,18.66,0.060137875,5.019855
18661,18.661,0.053527415,5.2049103
18662,18.662,0.05575821,5.1705985
18663,18.663,0.06181562,5.166663
18664,18.664,0.0582316,5.1821537
18665,18.665,0.046611626,5.135654
18666,18.666,0.05713643,5.103469
18667,18.667,0.07210549,5.1090794
18668,18.668,0.054569002,5.1876807
18669,18.669,0.056196008,5.301563
18670,18.67,0.058691327,5.248704
18671,18.671,0.062109448,5.2900276
18672,18.672,0.06251757,5.252083
18673,18.673,0.0625379,5.287317
18674,18.674,0.056641646,5.319395
18675,18.675,0.049583413,5.3720717
18676,18.676,0.058100432,5.311891
18677,18.677,0.05381495,5.4014864
18678,18.678,0.05840207,5.400895
18679,18.679,0.057170812,5.3191037
18680,18.68,0.06215317,5.3431
18681,18.681,0.04580484,5.349094
18682,18.682,0.05918655,5.341739
18683,18.683,0.049690537,5.3209286
18684,18.684,0.050655894,5.216969
18685,18.685,0.05744313,5.2402177
18686,18.686,0.06470105,5.231045
18687,18.687,0.051270586,5.292144
18688,18.688,0.0494024,5.247702
18689,18.689,0.04894045,5.1656046
18690,18.69,0.059995465,5.225284
18691,18.691,0.058697235,5.3007774
18692,18.692,0.062181063,5.2099595
18693,18.693,0.059857544,5.3428435
18694,18.694,0.05831095,5.399213
18695,18.695,0.06197903,5.4083
18696,18.696,0.056504745,5.3199735
18697,18.697,0.06610179,5.3200397
18698,18.698,0.06907181,5.394712
18699,18.699,0.071055785,5.4405146
18700,18.7,0.06983327,5.513791
18701,18.701,0.07720067,5.470823
18702,18.702,0.07603289,5.4138365
18703,18.703,0.06785103,5.448948
18704,18.704,0.0765843,5.4490657
18705,18.705,0.06880435,5.4365425
18706,18.706,0.06045803,5.48789
18707,18.707,0.073697485,5.482284
18708,18.708,0.07338784,5.5376387
18709,18.709,0.06480637,5.588691
18710,18.71,0.07152602,5.606264
18711,18.711,0.07124668,5.696277
18712,18.712,0.07359232,5.8025637
18713,18.713,0.06886397,5.7769203
18714,18.714,0.07254661,5.7175508
18715,18.715,0.074504,5.6297364
18716,18.716,0.074052684,5.653908
18717,18.717,0.064155616,5.746906
18718,18.718,0.070209675,5.777931
18719,18.719,0.06480281,5.789321
18720,18.72,0.07132777,5.8401713
18721,18.721,0.077757925,5.892471
18722,18.722,0.071815535,5.896288
18723,18.723,0.07168503,5.984296
18724,18.724,0.06542328,6.004894
18725,18.725,0.060069602,5.8631806
18726,18.726,0.06690484,5.770503
18727,18.727,0.06557594,5.807857
18728,18.728,0.063949876,5.7228284
18729,18.729,0.06581437,5.7163243
18730,18.73,0.07061763,5.7179546
18731,18.731,0.05074026,5.766728
18732,18.732,0.068074696,5.7462225
18733,18.733,0.056445383,5.720562
18734,18.734,0.06913203,5.788792
18735,18.735,0.0653676,5.7661433
18736,18.736,0.059495315,5.7482033
18737,18.737,0.05188468,5.7658415
18738,18.738,0.055575475,5.7936573
18739,18.739,0.061580483,5.719616
18740,18.74,0.058584873,5.684762
18741,18.741,0.06455438,5.6663566
18742,18.742,0.06474302,5.7395105
18743,18.743,0.06750515,5.6700788
18744,18.744,0.07391128,5.64677
18745,18.745,0.06370085,5.591946
18746,18.746,0.069463156,5.536912
18747,18.747,0.0532557,5.598481
18748,18.748,0.05925292,5.6752887
18749,18.749,0.05836445,5.665434
18750,18.75,0.06544183,5.588571
18751,18.751,0.058338698,5.661419
18752,18.752,0.066301726,5.5627847
18753,18.753,0.063352376,5.524664
18754,18.754,0.05580277,5.4426465
18755,18.755,0.069284864,5.438969
18756,18.756,0.048089825,5.41247
18757,18.757,0.054934252,5.412574
18758,18.758,0.051896933,5.420162
18759,18.759,0.055704284,5.3725047
18760,18.76,0.0657344,5.3210196
18761,18.761,0.058750384,5.378083
18762,18.762,0.06695925,5.452348
18763,18.763,0.066751756,5.4953237
18764,18.764,0.07609823,5.5690947
18765,18.765,0.07274075,5.5533514
18766,18.766,0.07926926,5.4809756
18767,18.767,0.06679331,5.566275
18768,18.768,0.068578854,5.5883183
18769,18.769,0.068345845,5.6473136
18770,18.77,0.0624019,5.6053314
18771,18.771,0.06394355,5.520069
18772,18.772,0.06207687,5.535671
18773,18.773,0.05308939,5.528833
18774,18.774,0.058301035,5.6198277
18775,18.775,0.05419702,5.754668
18776,18.776,0.064126775,5.5821567
18777,18.777,0.060840182,5.51545
18778,18.778,0.057824217,5.4549227
18779,18.779,0.056180578,5.4750776
18780,18.78,0.05955066,5.4815955
18781,18.781,0.08291568,5.5255766
18782,18.782,0.0761916,5.502924
18783,18.783,0.067596704,5.503968
18784,18.784,0.054636747,5.443646
18785,18.785,0.058341667,5.5031753
18786,18.786,0.055604585,5.3944077
18787,18.787,0.059123043,5.5285487
18788,18.788,0.057548683,5.4019527
18789,18.789,0.0628256,5.2692685
18790,18.79,0.06396614,5.386727
18791,18.791,0.057330325,5.273077
18792,18.792,0.060564056,5.3094273
18793,18.793,0.06621274,5.4430676
18794,18.794,0.05865192,5.4824157
18795,18.795,0.06626684,5.4720984
18796,18.796,0.061961308,5.469693
18797,18.797,0.06550275,5.4670544
18798,18.798,0.06508493,5.521862
18799,18.799,0.05999739,5.483392
18800,18.8,0.06055451,5.4175653
18801,18.801,0.06839657,5.4874
18802,18.802,0.057368625,5.508377
18803,18.803,0.06618131,5.3861084
18804,18.804,0.06214108,5.4139233
18805,18.805,0.06555655,5.478347
18806,18.806,0.06888076,5.429677
18807,18.807,0.061058294,5.345371
18808,18.808,0.06421055,5.3022027
18809,18.809,0.06635052,5.4597015
18810,18.81,0.062757485,5.3898234
18811,18.811,0.06989863,5.3381367
18812,18.812,0.06465369,5.3679852
18813,18.813,0.06491776,5.3340116
18814,18.814,0.052884318,5.2652245
18815,18.815,0.06394265,5.2482567
18816,18.816,0.06757276,5.150351
18817,18.817,0.066932485,5.236
18818,18.818,0.06857717,5.278243
18819,18.819,0.060089804,5.2904162
18820,18.82,0.07024177,5.342106
18821,18.821,0.06882283,5.2220697
18822,18.822,0.07602985,5.2055
18823,18.823,0.07638858,5.1780033
18824,18.824,0.07167052,5.1147423
18825,18.825,0.061665837,5.0991035
18826,18.826,0.06450422,5.107729
18827,18.827,0.06253328,4.924606
18828,18.828,0.066457585,4.830265
18829,18.829,0.07142737,4.8992968
18830,18.83,0.06047428,4.8758783
18831,18.831,0.06257671,4.932013
18832,18.832,0.060082108,4.7676
18833,18.833,0.06321081,4.7369246
18834,18.834,0.063781545,4.8605103
18835,18.835,0.07737492,4.858604
18836,18.836,0.060215674,4.8232403
18837,18.837,0.05510234,4.8029447
18838,18.838,0.06417543,4.826438
18839,18.839,0.054545693,4.8597894
18840,18.84,0.07577628,4.9509554
18841,18.841,0.06413128,4.938576
18842,18.842,0.06004939,4.832148
18843,18.843,0.069694914,4.7361403
18844,18.844,0.06374619,4.7668223
18845,18.845,0.06256008,4.822047
18846,18.846,0.06796848,4.82133
18847,18.847,0.07912549,4.690478
18848,18.848,0.069198884,4.604657
18849,18.849,0.07725606,4.6824923
18850,18.85,0.07130183,4.6939054
18851,18.851,0.06915376,4.7036533
18852,18.852,0.06476712,4.6640925
18853,18.853,0.063143104,4.557745
18854,18.854,0.06247225,7.3755517
18855,18.855,0.06453647,4.6430464
18856,18.856,0.0633177,4.62286
18857,18.857,0.06303775,4.6124177
18858,18.858,0.06907265,4.590874
18859,18.859,0.058201816,7.3438787
18860,18.86,0.07192329,7.3276534
18861,18.861,0.06467067,7.3150177
18862,18.862,0.06627818,7.3137417
18863,18.863,0.08119344,7.3394804
18864,18.864,0.086173914,7.334713
18865,18.865,0.096843205,7.284969
18866,18.866,0.10020352,4.354965
18867,18.867,0.09325115,4.458948
18868,18.868,0.083066806,4.462848
18869,18.869,0.083832145,4.5601525
18870,18.87,0.0839947,4.7428584
18871,18.871,0.08066781,4.6947885
18872,18.872,0.07535099,4.7780194
18873,18.873,0.074528046,4.7144966
18874,18.874,0.07500426,4.632559
18875,18.875,0.06896126,4.6408453
18876,18.876,0.07806505,4.661967
18877,18.877,0.07635301,4.636574
18878,18.878,0.07430981,4.7642922
18879,18.879,0.07011329,4.873366
18880,18.88,0.069468975,4.981589
18881,18.881,0.07928457,4.998098
18882,18.882,0.07989386,5.0549564
18883,18.883,0.08758166,5.0801587
18884,18.884,0.08704348,5.1008196
18885,18.885,0.085430235,5.06002
18886,18.886,0.0864839,5.0652075
18887,18.887,0.083952025,5.0413823
18888,18.888,0.08981673,4.8309255
18889,18.889,0.09133166,4.750321
18890,18.89,0.084325716,4.72401
18891,18.891,0.085218884,4.6947126
18892,18.892,0.0841535,4.677022
18893,18.893,0.07896023,4.7720423
18894,18.894,0.083375864,4.7502646
18895,18.895,0.09370005,4.6413913
18896,18.896,0.09612976,4.6025505
18897,18.897,0.10408137,4.514224
18898,18.898,0.08742446,4.4793954
18899,18.899,0.080212265,4.511687
18900,18.9,0.08129091,4.4151425
18901,18.901,0.083039664,4.396885
18902,18.902,0.08349501,4.267589
18903,18.903,0.076208286,4.311553
18904,18.904,0.08193325,4.242599
18905,18.905,0.068818636,4.2385287
18906,18.906,0.090222515,4.3780456
18907,18.907,0.09076541,4.492009
18908,18.908,0.09160968,4.558966
18909,18.909,0.10268987,4.5568957
18910,18.91,0.0961508,4.490477
18911,18.911,0.09370252,4.488389
18912,18.912,0.09012059,4.5832186
18913,18.913,0.09589077,4.5021434
18914,18.914,0.09551754,4.6341543
18915,18.915,0.09556049,4.6906075
18916,18.916,0.095917284,4.646116
18917,18.917,0.08164139,4.6299396
18918,18.918,0.08455776,4.544731
18919,18.919,0.08823978,4.5578823
18920,18.92,0.09633457,4.674952
18921,18.921,0.08620946,4.591831
18922,18.922,0.097586386,4.5109777
18923,18.923,0.08341675,4.5752316
18924,18.924,0.07965477,4.5301495
18925,18.925,0.088671036,4.588438
18926,18.926,0.084431894,4.5840735
18927,18.927,0.08323224,4.552416
18928,18.928,0.081974156,4.589518
18929,18.929,0.091026746,4.4495125
18930,18.93,0.08230066,4.466207
18931,18.931,0.09165069,4.43834
18932,18.932,0.09122971,4.456335
18933,18.933,0.1041552,4.368036
18934,18.934,0.11564144,4.3075476
18935,18.935,0.10249833,4.436795
18936,18.936,0.09905893,4.4487576
18937,18.937,0.09811563,4.4421897
18938,18.938,0.112509206,4.390339
18939,18.939,0.100771226,4.232059
18940,18.94,0.10659927,4.278997
18941,18.941,0.10569101,4.3178496
18942,18.942,0.09086596,4.3655887
18943,18.943,0.0896441,4.462479
18944,18.944,0.08867821,4.451341
18945,18.945,0.08493151,4.512059
18946,18.946,0.08616922,4.498618
18947,18.947,0.10473239,4.4635367
18948,18.948,0.10049669,4.590788
18949,18.949,0.09215256,4.5760107
18950,18.95,0.08039004,7.3825836
18951,18.951,0.07393005,7.357827
18952,18.952,0.08480483,7.3328586
18953,18.953,0.07578314,7.309745
18954,18.954,0.086303934,7.3401003
18955,18.955,0.06808658,7.345753
18956,18.956,0.06523838,7.310463
18957,18.957,0.07151148,7.257193
18958,18.958,0.07955021,7.2746634
18959,18.959,0.076813385,7.241261
18960,18.96,0.0708709,7.2414145
18961,18.961,0.074998856,7.2822604
18962,18.962,0.07047507,7.2371545
18963,18.963,0.07801024,7.27511
18964,18.964,0.08561879,7.2489667
18965,18.965,0.07221442,7.131267
18966,18.966,0.077045545,7.2340827
18967,18.967,0.07263022,7.1666307
18968,18.968,0.06935573,7.2282643
18969,18.969,0.07643548,7.2803826
18970,18.97,0.08736163,7.2717047
18971,18.971,0.07743242,7.1853275
18972,18.972,0.07229041,7.2564754
18973,18.973,0.07373983,4.3496246
18974,18.974,0.08646652,4.3515816
18975,18.975,0.08146492,4.3253193
18976,18.976,0.07525812,4.2244787
18977,18.977,0.08364716,4.3740773
18978,18.978,0.085995324,4.3373203
18979,18.979,0.09074312,4.376027
18980,18.98,0.0883249,4.3516393
18981,18.981,0.09253686,4.375432
18982,18.982,0.0885967,4.2689023
18983,18.983,0.074193045,4.2908244
18984,18.984,0.08553233,4.3420215
18985,18.985,0.08251949,4.213352
18986,18.986,0.09494642,4.293322
18987,18.987,0.09085452,4.320718
18988,18.988,0.08760145,4.2603645
18989,18.989,0.08184432,4.196129
18990,18.99,0.08331761,4.152808
18991,18.991,0.076319695,4.076705
18992,18.992,0.08212913,4.0556593
18993,18.993,0.070012644,7.152246
18994,18.994,0.0855526,7.128693
18995,18.995,0.06977697,7.1600885
18996,18.996,0.084770754,7.1283884
18997,18.997,0.07253785,7.1822977
18998,18.998,0.061091416,7.1746507
18999,18.999,0.060224313,7.1425014
19000,19.0,0.07502891,7.210066
19001,19.001,0.07026563,7.2777867
19002,19.002,0.073487006,4.183856
19003,19.003,0.0831857,7.260757
19004,19.004,0.08758826,7.322848
19005,19.005,0.075565465,4.42732
19006,19.006,0.07148156,4.480254
19007,19.007,0.079622835,4.545484
19008,19.008,0.070380695,4.499326
19009,19.009,0.064064555,4.5138826
19010,19.01,0.05447465,4.6045575
19011,19.011,0.06446837,4.6958647
19012,19.012,0.08607459,4.5630455
19013,19.013,0.08492879,4.5380077
19014,19.014,0.07819082,4.55528
19015,19.015,0.07114765,4.6813173
19016,19.016,0.08762587,4.6728244
19017,19.017,0.080333225,4.727631
19018,19.018,0.07397147,4.7383227
19019,19.019,0.08881953,4.630415
19020,19.02,0.08614306,4.517517
19021,19.021,0.092214,4.632502
19022,19.022,0.08787681,4.5021806
19023,19.023,0.091927744,4.352162
19024,19.024,0.08548502,4.2464986
19025,19.025,0.087272264,4.1997256
19026,19.026,0.07294625,4.13416
19027,19.027,0.07855955,4.052661
19028,19.028,0.079818584,4.066282
19029,19.029,0.08240875,4.1667824
19030,19.03,0.07549583,4.1511955
19031,19.031,0.08400433,4.121018
19032,19.032,0.08316277,4.143624
19033,19.033,0.079644606,4.226561
19034,19.034,0.08822406,4.1656437
19035,19.035,0.08130726,4.2019176
19036,19.036,0.072963685,4.2825127
19037,19.037,0.07357425,4.1456695
19038,19.038,0.067430615,4.242414
19039,19.039,0.06510269,4.201079
19040,19.04,0.077280745,4.2943773
19041,19.041,0.07958072,4.1436043
19042,19.042,0.08428527,4.0639987
19043,19.043,0.08827056,4.112859
19044,19.044,0.082917765,4.278123
19045,19.045,0.073568754,4.4072895
19046,19.046,0.07280826,4.416613
19047,19.047,0.07101999,4.3761225
19048,19.048,0.06894785,4.326593
19049,19.049,0.07269862,4.4201646
19050,19.05,0.074396096,4.449539
19051,19.051,0.07580907,4.511292
19052,19.052,0.06708688,4.484618
19053,19.053,0.07254661,4.39574
19054,19.054,0.06868244,4.428756
19055,19.055,0.07672982,4.4118896
19056,19.056,0.07621587,4.442752
19057,19.057,0.07547745,4.3778086
19058,19.058,0.084718235,4.3664227
19059,19.059,0.07752939,4.3252835
19060,19.06,0.07630758,4.221309
19061,19.061,0.08062911,4.3330765
19062,19.062,0.084996134,4.4319015
19063,19.063,0.085208036,4.3728504
19064,19.064,0.09251687,4.330038
19065,19.065,0.07757411,4.396096
19066,19.066,0.08543768,4.5532727
19067,19.067,0.07197953,4.4905677
19068,19.068,0.08360846,4.412286
19069,19.069,0.09403993,4.3743463
19070,19.07,0.08564241,4.3449345
19071,19.071,0.08788668,4.327185
19072,19.072,0.09732009,4.2580504
19073,19.073,0.09902042,4.1949
19074,19.074,0.08423657,4.186224
19075,19.075,0.08497301,4.179041
19076,19.076,0.08730934,4.124577
19077,19.077,0.084874325,4.123539
19078,19.078,0.08717751,4.1124396
19079,19.079,0.08208971,4.207347
19080,19.08,0.08170862,4.236415
19081,19.081,0.07182117,4.2334733
19082,19.082,0.085322596,4.2959905
19083,19.083,0.07884009,4.3143296
19084,19.084,0.07356247,4.409053
19085,19.085,0.08346524,4.4212546
19086,19.086,0.077570386,4.358576
19087,19.087,0.06989615,4.3849435
19088,19.088,0.065543324,4.479933
19089,19.089,0.06297629,4.440761
19090,19.09,0.06764029,4.498532
19091,19.091,0.071542986,4.4706807
19092,19.092,0.066416696,4.4834604
19093,19.093,0.06588283,4.5020494
19094,19.094,0.06896629,4.504243
19095,19.095,0.06006671,4.3643293
19096,19.096,0.06777346,4.3098
19097,19.097,0.06712563,4.3492684
19098,19.098,0.056885004,4.463753
19099,19.099,0.06123222,4.57293
19100,19.1,0.069601975,4.6299257
19101,19.101,0.077670164,4.4559455
19102,19.102,0.076396905,4.4442167
19103,19.103,0.08896973,4.4638934
19104,19.104,0.08783734,4.5837097
19105,19.105,0.078490354,4.7319217
19106,19.106,0.068161234,4.7261987
19107,19.107,0.07730168,4.7486115
19108,19.108,0.06237503,4.780155
19109,19.109,0.060772695,4.803167
19110,19.11,0.07647932,4.7871976
19111,19.111,0.07532107,4.803358
19112,19.112,0.06330675,4.8735185
19113,19.113,0.07062336,4.8707323
19114,19.114,0.07698025,4.921223
19115,19.115,0.07416266,5.020279
19116,19.116,0.073663756,5.0098085
19117,19.117,0.0674983,5.0252533
19118,19.118,0.06883039,4.956449
19119,19.119,0.06192585,5.010824
19120,19.12,0.059125,4.872142
19121,19.121,0.052566417,4.8974442
19122,19.122,0.056286443,4.842097
19123,19.123,0.07107043,4.728069
19124,19.124,0.068421915,4.7539034
19125,19.125,0.06058123,4.7265573
19126,19.126,0.051964827,4.695869
19127,19.127,0.06897132,4.6387935
19128,19.128,0.07548817,4.5382338
19129,19.129,0.0895596,4.5605893
19130,19.13,0.09340844,4.4985075
19131,19.131,0.08853079,4.6193624
19132,19.132,0.08631934,4.6155925
19133,19.133,0.074042544,4.6307654
19134,19.134,0.07061435,4.6970334
19135,19.135,0.07444037,4.639444
19136,19.136,0.06463312,4.6580873
19137,19.137,0.063797854,4.69468
19138,19.138,0.06256747,4.6873894
19139,19.139,0.06609567,4.6472807
19140,19.14,0.0612794,4.5967307
19141,19.141,0.07790571,4.7021155
19142,19.142,0.07748689,4.7688937
19143,19.143,0.06084873,4.7611356
19144,19.144,0.07144759,4.7467422
19145,19.145,0.066812344,4.6641574
19146,19.146,0.06411686,4.61651
19147,19.147,0.06685991,4.5838003
19148,19.148,0.07672304,4.510031
19149,19.149,0.08185915,4.4592333
19150,19.15,0.07773637,4.4267964
19151,19.151,0.07508666,4.439887
19152,19.152,0.06767019,4.4065337
19153,19.153,0.077436894,4.44312
19154,19.154,0.07338941,4.400822
19155,19.155,0.085884355,4.372436
19156,19.156,0.077024534,4.3740287
19157,19.157,0.07566178,4.3025956
19158,19.158,0.08420362,4.246842
19159,19.159,0.08228522,4.2120676
19160,19.16,0.07753983,4.2163777
19161,19.161,0.075072035,4.235856
19162,19.162,0.08545391,4.2393117
19163,19.163,0.08793796,4.363633
19164,19.164,0.09094861,7.2638354
19165,19.165,0.0892007,4.3097057
19166,19.166,0.090394035,4.217241
19167,19.167,0.0895996,4.2890368
19168,19.168,0.06941238,7.188795
19169,19.169,0.06599065,7.1787353
19170,19.17,0.054534037,7.231363
19171,19.171,0.06276024,7.259122
19172,19.172,0.056913447,7.3288035
19173,19.173,0.05621452,7.346513
19174,19.174,0.07341146,7.3431883
19175,19.175,0.08037063,7.3544345
19176,19.176,0.067054994,7.288397
19177,19.177,0.06839065,7.2746105
19178,19.178,0.06244171,7.352076
19179,19.179,0.05804171,7.273993
19180,19.18,0.060033023,7.267274
19181,19.181,0.050203174,7.271856
19182,19.182,0.048634797,7.2817025
19183,19.183,0.06023391,8.435138
19184,19.184,0.054319523,8.422477
19185,19.185,0.06025598,8.373661
19186,19.186,0.055618096,8.324824
19187,19.187,0.05863615,8.342663
19188,19.188,0.057734188,8.372717
19189,19.189,0.052404534,8.379108
19190,19.19,0.057806224,8.378088
19191,19.191,0.05107632,8.366602
19192,19.192,0.052428793,8.313571
19193,19.193,0.050605666,8.284888
19194,19.194,0.045645572,8.335896
19195,19.195,0.050872225,8.306896
19196,19.196,0.048532486,8.341161
19197,19.197,0.056480188,7.1562004
19198,19.198,0.05348637,7.10618
19199,19.199,0.054425824,7.1452913
19200,19.2,0.05000014,7.197811
19201,19.201,0.060951233,7.207288
19202,19.202,0.066370554,7.190732
19203,19.203,0.06338977,7.240973
19204,19.204,0.05881233,7.212105
19205,19.205,0.06918385,7.2158837
19206,19.206,0.0610952,7.254947
19207,19.207,0.06712047,7.208137
19208,19.208,0.06781524,7.213489
19209,19.209,0.071783334,7.2385287
19210,19.21,0.064773366,7.3214006
19211,19.211,0.07896462,7.2673545
19212,19.212,0.07368023,7.363974
19213,19.213,0.07488471,7.361399
19214,19.214,0.08069933,7.387113
19215,19.215,0.06425284,7.304046
19216,19.216,0.064065464,7.3610783
19217,19.217,0.07364257,7.4212613
19218,19.218,0.065628804,7.332558
19219,19.219,0.06662262,7.368636
19220,19.22,0.067307934,7.2919517
19221,19.221,0.05827426,7.235452
19222,19.222,0.06299006,7.219719
19223,19.223,0.06282284,7.212545
19224,19.224,0.05824847,7.12855
19225,19.225,0.05741696,7.1861644
19226,19.226,0.0539726,7.209803
19227,19.227,0.052872293,7.1524997
19228,19.228,0.06600291,7.1640506
19229,19.229,0.058924258,7.127409
19230,19.23,0.06233239,7.1194057
19231,19.231,0.052340526,7.157785
19232,19.232,0.05118145,7.1135426
19233,19.233,0.054188486,7.0341454
19234,19.234,0.052560914,7.0486603
19235,19.235,0.05344529,7.0505986
19236,19.236,0.051103473,7.153555
19237,19.237,0.05684333,7.1026573
19238,19.238,0.052340526,7.134998
19239,19.239,0.059766706,7.042791
19240,19.24,0.0504352,7.0660124
19241,19.241,0.05878874,7.05458
19242,19.242,0.04984152,7.0887733
19243,19.243,0.04946203,7.093788
19244,19.244,0.0684236,7.081428
19245,19.245,0.06578538,7.2123904
19246,19.246,0.057721168,7.245582
19247,19.247,0.055209227,7.217849
19248,19.248,0.06676994,7.181194
19249,19.249,0.06851899,7.2088075
19250,19.25,0.06433285,7.2004952
19251,19.251,0.066819265,7.236544
19252,19.252,0.06724607,7.3182893
19253,19.253,0.062022846,7.3546596
19254,19.254,0.056608982,7.3776646
19255,19.255,0.07750628,7.354396
19256,19.256,0.068402484,7.394923
19257,19.257,0.081259616,7.479406
19258,19.258,0.067610376,7.489048
19259,19.259,0.07164551,7.494516
19260,19.26,0.064238444,7.5505147
19261,19.261,0.06832132,7.5926566
19262,19.262,0.061167058,7.4664483
19263,19.263,0.059480738,7.441387
19264,19.264,0.0557354,7.4486895
19265,19.265,0.06763346,7.432642
19266,19.266,0.072434984,7.3741765
19267,19.267,0.06107533,7.34821
19268,19.268,0.05050506,7.3805933
19269,19.269,0.0738753,7.439194
19270,19.27,0.06959283,7.464526
19271,19.271,0.06131146,7.471876
19272,19.272,0.056703858,7.4796934
19273,19.273,0.057007816,7.4763994
19274,19.274,0.057331335,7.601402
19275,19.275,0.059020307,7.530822
19276,19.276,0.07751299,7.451561
19277,19.277,0.07940986,7.4319973
19278,19.278,0.07610507,7.336529
19279,19.279,0.08567682,7.328822
19280,19.28,0.06539235,4.443232
19281,19.281,0.055147424,4.464246
19282,19.282,0.058107395,4.4842706
19283,19.283,0.058841806,7.315151
19284,19.284,0.055254225,7.3492274
19285,19.285,0.063889295,7.3983054
19286,19.286,0.072909795,7.4531975
19287,19.287,0.065149724,7.4439244
19288,19.288,0.06608255,7.4682636
19289,19.289,0.06777261,7.5111766
19290,19.29,0.06260349,7.5843763
19291,19.291,0.067212544,7.470762
19292,19.292,0.063950785,4.415109
19293,19.293,0.064695686,7.482813
19294,19.294,0.059683483,7.446489
19295,19.295,0.055140086,7.495311
19296,19.296,0.06535523,7.4498577
19297,19.297,0.06692989,7.4674783
19298,19.298,0.075428426,7.4516606
19299,19.299,0.066117525,7.4441514
19300,19.3,0.061719235,7.4207687
19301,19.301,0.06328026,7.4849916
19302,19.302,0.06183151,7.4108133
19303,19.303,0.058305994,7.4168625
19304,19.304,0.06113492,7.389568
19305,19.305,0.060238708,7.3125715
19306,19.306,0.06047237,7.269913
19307,19.307,0.05413086,7.2207994
19308,19.308,0.056506786,7.221659
19309,19.309,0.063498184,4.366218
19310,19.31,0.06790212,4.4290147
19311,19.311,0.07402302,4.4213743
19312,19.312,0.078169376,7.4416127
19313,19.313,0.061295435,7.378322
19314,19.314,0.07224082,7.3763556
19315,19.315,0.053380366,7.3973775
19316,19.316,0.06684348,7.3868237
19317,19.317,0.07550042,7.444882
19318,19.318,0.06943652,7.4313903
19319,19.319,0.062093627,7.467573
19320,19.32,0.075173594,7.485475
19321,19.321,0.073760204,7.5005236
19322,19.322,0.07530419,7.5074635
19323,19.323,0.07185496,7.464811
19324,19.324,0.06568074,7.4683433
19325,19.325,0.07477503,7.469456
19326,19.326,0.068257,7.465956
19327,19.327,0.06345903,7.4854245
19328,19.328,0.07499963,7.428049
19329,19.329,0.060304876,7.463227
19330,19.33,0.07291138,7.5376716
19331,19.331,0.06896797,7.5034547
19332,19.332,0.068370365,7.5304627
19333,19.333,0.063689046,7.629524
19334,19.334,0.06702568,7.641112
19335,19.335,0.059315316,7.583496
19336,19.336,0.056594685,7.545289
19337,19.337,0.0723088,7.537733
19338,19.338,0.06588458,7.525403
19339,19.339,0.054979477,7.446971
19340,19.34,0.06858981,7.430232
19341,19.341,0.06517899,7.3813324
19342,19.342,0.066740505,7.4328895
19343,19.343,0.06467156,7.3386593
19344,19.344,0.06814004,7.4257054
19345,19.345,0.059633102,7.3672576
19346,19.346,0.057977945,7.406944
19347,19.347,0.06432117,7.3646226
19348,19.348,0.06292671,7.4217677
19349,19.349,0.06788764,7.4126763
19350,19.35,0.08726299,7.3768635
19351,19.351,0.073707685,7.4294367
19352,19.352,0.070071235,7.427405
19353,19.353,0.06768386,7.42508
19354,19.354,0.071710825,7.425427
19355,19.355,0.0674229,7.4038568
19356,19.356,0.07608988,7.421671
19357,19.357,0.07388234,7.397343
19358,19.358,0.058696248,7.4312186
19359,19.359,0.062099215,7.4857793
19360,19.36,0.069453165,7.422013
19361,19.361,0.06790722,7.4526777
19362,19.362,0.073819734,7.5269976
19363,19.363,0.06461792,7.45891
19364,19.364,0.06991516,7.557191
19365,19.365,0.056767017,7.5869794
19366,19.366,0.05391903,7.587566
19367,19.367,0.06796763,7.4958653
19368,19.368,0.07087906,7.4503837
19369,19.369,0.07897121,7.504639
19370,19.37,0.06509292,7.545772
19371,19.371,0.0817461,7.55095
19372,19.372,0.07578543,7.523137
19373,19.373,0.06797528,7.550838
19374,19.374,0.071680196,7.529216
19375,19.375,0.06883879,7.5076985
19376,19.376,0.054707576,7.500039
19377,19.377,0.07121748,7.4849997
19378,19.378,0.06856621,7.4839206
19379,19.379,0.066642575,7.4699445
19380,19.38,0.06113776,7.4759526
19381,19.381,0.070533276,7.5253215
19382,19.382,0.07635755,7.4571924
19383,19.383,0.06744176,7.45971
19384,19.384,0.061501592,7.4543858
19385,19.385,0.06786806,7.494229
19386,19.386,0.06963186,7.4053597
19387,19.387,0.06090665,7.400921
19388,19.388,0.073474415,7.347841
19389,19.389,0.056083787,7.441589
19390,19.39,0.07328538,7.433443
19391,19.391,0.06564377,7.4640856
19392,19.392,0.07460091,7.4736834
19393,19.393,0.06868328,7.467534
19394,19.394,0.05640031,7.4102945
19395,19.395,0.063731685,7.3872123
19396,19.396,0.073063426,7.4069076
19397,19.397,0.06601867,7.404074
19398,19.398,0.06265148,7.469441
19399,19.399,0.06842614,7.4306197
19400,19.4,0.06799909,7.384627
19401,19.401,0.0712921,7.3745494
19402,19.402,0.070808075,7.4653034
19403,19.403,0.07103057,7.4677553
19404,19.404,0.06637404,7.518935
19405,19.405,0.06858728,7.505903
19406,19.406,0.066650376,7.4417434
19407,19.407,0.06770776,7.4314256
19408,19.408,0.06858307,7.3870025
19409,19.409,0.06843796,7.344719
19410,19.41,0.0659337,7.323526
19411,19.411,0.06789871,7.288977
19412,19.412,0.07232239,7.322416
19413,19.413,0.07366925,7.4006357
19414,19.414,0.06304876,7.3742795
19415,19.415,0.079313725,7.4290886
19416,19.416,0.075647265,7.3806534
19417,19.417,0.06616472,7.426773
19418,19.418,0.070379876,7.4802513
19419,19.419,0.06709119,7.53388
19420,19.42,0.0693424,7.4269643
19421,19.421,0.08491858,7.4909477
19422,19.422,0.08628585,7.507935
19423,19.423,0.07120449,7.4184217
19424,19.424,0.068150215,7.3957877
19425,19.425,0.07821669,7.4304476
19426,19.426,0.07277887,7.4342732
19427,19.427,0.0765692,7.421096
19428,19.428,0.06397699,7.455231
19429,19.429,0.0753203,7.502825
19430,19.43,0.07996473,7.5222783
19431,19.431,0.0657045,7.624969
19432,19.432,0.067328535,7.6176257
19433,19.433,0.064878576,7.653258
19434,19.434,0.06678985,7.713803
19435,19.435,0.080888905,7.6860275
19436,19.436,0.062356494,7.7444835
19437,19.437,0.06545508,7.732255
19438,19.438,0.06804327,7.632216
19439,19.439,0.06515593,7.639758
19440,19.44,0.068528265,7.6430373
19441,19.441,0.07783965,7.659698
19442,19.442,0.070733756,7.5646057
19443,19.443,0.064740345,7.5558314
19444,19.444,0.07920799,7.545029
19445,19.445,0.08773661,7.425337
19446,19.446,0.07951605,7.4407597
19447,19.447,0.07306896,7.471841
19448,19.448,0.07082277,7.4478307
19449,19.449,0.06776152,7.4325776
19450,19.45,0.056366485,7.401544
19451,19.451,0.06767703,7.345422
19452,19.452,0.068768226,7.3825274
19453,19.453,0.061536353,7.43002
19454,19.454,0.05289634,7.386231
19455,19.455,0.055865914,7.437491
19456,19.456,0.058129277,7.3704343
19457,19.457,0.049235985,7.305887
19458,19.458,0.05118145,7.2991877
19459,19.459,0.05534829,7.2630243
19460,19.46,0.065838076,7.3387384
19461,19.461,0.066658184,7.275473
19462,19.462,0.06745547,7.2131424
19463,19.463,0.06511866,7.2060857
19464,19.464,0.07665446,7.235579
19465,19.465,0.060228154,7.2056746
19466,19.466,0.06731738,7.172907
19467,19.467,0.0629717,7.129885
19468,19.468,0.06668766,7.1740108
19469,19.469,0.06861171,7.1261435
19470,19.47,0.06648454,7.191546
19471,19.471,0.060228154,7.171763
19472,19.472,0.06558299,7.150337
19473,19.473,0.062331464,7.1518974
19474,19.474,0.065591805,7.08698
19475,19.475,0.058387224,7.1177664
19476,19.476,0.056515995,7.1663933
19477,19.477,0.0677291,7.1303835
19478,19.478,0.0662014,7.1196322
19479,19.479,0.050596528,7.122198
19480,19.48,0.05960208,7.1292787
19481,19.481,0.05783521,7.169867
19482,19.482,0.06732424,7.2144427
19483,19.483,0.080113485,3.9826043
19484,19.484,0.06641322,7.26638
19485,19.485,0.07245094,7.157671
19486,19.486,0.08040371,7.191333
19487,19.487,0.08298605,7.174691
19488,19.488,0.081462786,7.2311873
19489,19.489,0.064302295,7.242158
19490,19.49,0.055123314,7.2398825
19491,19.491,0.06146963,7.1592
19492,19.492,0.06967169,7.1442018
19493,19.493,0.06562088,7.1974955
19494,19.494,0.071647935,7.244669
19495,19.495,0.07327592,4.003205
19496,19.496,0.06279523,7.2097116
19497,19.497,0.06803902,7.1836486
19498,19.498,0.06591002,4.046315
19499,19.499,0.06460003,4.101084
19500,19.5,0.06299098,4.0101213
19501,19.501,0.061065868,3.9812925
19502,19.502,0.06771716,4.015728
19503,19.503,0.058726765,4.039785
19504,19.504,0.07074765,4.04008
19505,19.505,0.07655788,4.0722575
19506,19.506,0.08088533,3.9292786
19507,19.507,0.078993894,3.941021
19508,19.508,0.07727027,4.0144486
19509,19.509,0.07747644,7.1289024
19510,19.51,0.07768802,3.9247925
19511,19.511,0.06689707,7.12268
19512,19.512,0.06481886,7.1433787
19513,19.513,0.062724315,7.206377
19514,19.514,0.06756848,7.1669793
19515,19.515,0.0683247,4.0412607
19516,19.516,0.07096055,4.105159
19517,19.517,0.067589,7.2881823
19518,19.518,0.060888615,7.316487
19519,19.519,0.062254455,7.3013387
19520,19.52,0.058339685,4.2014356
19521,19.521,0.079275824,4.2141657
19522,19.522,0.05820976,7.3773136
19523,19.523,0.061378356,4.3181024
19524,19.524,0.062289722,4.3627315
19525,19.525,0.062193148,4.3810644
19526,19.526,0.057863183,4.412624
19527,19.527,0.063708104,4.4454627
19528,19.528,0.07311404,4.4437904
19529,19.529,0.06803308,4.5094967
19530,19.53,0.06122467,4.499662
19531,19.531,0.066783786,4.5754952
19532,19.532,0.06171549,4.573564
19533,19.533,0.07146458,4.634775
19534,19.534,0.06782547,4.62708
19535,19.535,0.062409304,4.7202225
19536,19.536,0.06739375,4.6599693
19537,19.537,0.06959533,4.650635
19538,19.538,0.07060944,4.631091
19539,19.539,0.071329385,4.661812
19540,19.54,0.07015614,4.5866365
19541,19.541,0.059783146,7.5158005
19542,19.542,0.06129166,4.566765
19543,19.543,0.06318703,7.5625587
19544,19.544,0.059231456,7.5602283
19545,19.545,0.0653791,7.492339
19546,19.546,0.059176788,7.503724
19547,19.547,0.05464415,7.5242367
19548,19.548,0.0731251,7.5375056
19549,19.549,0.06591529,7.450572
19550,19.55,0.05965733,4.2513914
19551,19.551,0.053825688,7.346291
19552,19.552,0.051237885,7.34033
19553,19.553,0.05047644,7.358581
19554,19.554,0.051908072,4.284498
19555,19.555,0.05543594,4.39078
19556,19.556,0.04769519,4.4891396
19557,19.557,0.04641778,7.47784
19558,19.558,0.045937143,4.4220376
19559,19.559,0.061295435,4.3420243
19560,19.56,0.06330309,4.3297524
19561,19.561,0.050794907,4.3250346
19562,19.562,0.056904305,4.3580136
19563,19.563,0.06431128,4.213252
19564,19.564,0.061514746,4.3755255
19565,19.565,0.060492437,4.344443
19566,19.566,0.056965217,4.3176975
19567,19.567,0.068654664,4.3019586
19568,19.568,0.06846414,4.4294453
19569,19.569,0.066215366,4.4380794
19570,19.57,0.07421719,4.3297024
19571,19.571,0.07455054,7.3616753
19572,19.572,0.06766934,4.3442683
19573,19.573,0.069964744,7.3795905
19574,19.574,0.07328538,7.422869
19575,19.575,0.06715404,7.3276577
19576,19.576,0.08416037,7.2924137
19577,19.577,0.08372659,4.231565
19578,19.578,0.081600316,4.2865295
19579,19.579,0.09051416,4.1708255
19580,19.58,0.07926416,4.1979403
19581,19.581,0.08619739,4.1655903
19582,19.582,0.088829294,4.1052446
19583,19.583,0.086820744,4.1451116
19584,19.584,0.07807246,7.191093
19585,19.585,0.079127684,7.171298
19586,19.586,0.071180135,7.1315293
19587,19.587,0.06815615,7.1329603
19588,19.588,0.07172211,7.126051
19589,19.589,0.06635401,7.1449947
19590,19.59,0.064945355,7.123443
19591,19.591,0.070094325,7.0901284
19592,19.592,0.064290605,7.1335154
19593,19.593,0.06930071,7.1734457
19594,19.594,0.069762886,7.1582003
19595,19.595,0.068861455,7.158837
19596,19.596,0.07020226,3.9162364
19597,19.597,0.06541798,3.8691978
19598,19.598,0.07088069,3.8040657
19599,19.599,0.06609042,3.996718
19600,19.6,0.068361916,4.067851
19601,19.601,0.07355854,4.0963593
19602,19.602,0.07027057,4.0622754
19603,19.603,0.070901066,4.0887685
19604,19.604,0.07234397,4.134565
19605,19.605,0.064377755,4.194001
19606,19.606,0.06273814,4.1768007
19607,19.607,0.06416552,4.359919
19608,19.608,0.06398783,4.306888
19609,19.609,0.063315876,4.405068
19610,19.61,0.06596962,4.385701
19611,19.611,0.064207844,4.289743
19612,19.612,0.055502627,4.4067283
19613,19.613,0.07406284,4.43043
19614,19.614,0.06094175,4.46023
19615,19.615,0.053306688,4.485005
19616,19.616,0.05571466,7.4390717
19617,19.617,0.0506148,4.448381
19618,19.618,0.05597857,7.369762
19619,19.619,0.051716197,4.2605433
19620,19.62,0.06531896,4.250107
19621,19.621,0.05838821,7.294422
19622,19.622,0.05115547,4.223467
19623,19.623,0.05697536,7.320899
19624,19.624,0.054626167,4.1503096
19625,19.625,0.05374294,7.3152223
19626,19.626,0.051779862,7.2991815
19627,19.627,0.058864392,7.292078
19628,19.628,0.06179224,7.3309
19629,19.629,0.0558866,7.349738
19630,19.63,0.059134774,7.4171243
19631,19.631,0.065574184,7.4456897
19632,19.632,0.060434125,7.461153
19633,19.633,0.070176736,7.532536
19634,19.634,0.07364492,7.566343
19635,19.635,0.06868581,7.422163
19636,19.636,0.08092677,7.412608
19637,19.637,0.061933316,7.3627167
19638,19.638,0.07358526,7.3271937
19639,19.639,0.08017839,7.3610077
19640,19.64,0.067179,4.5010448
19641,19.641,0.067226306,4.443732
19642,19.642,0.07070679,4.4166636
19643,19.643,0.06720997,4.3911395
19644,19.644,0.056304924,4.3279877
19645,19.645,0.063100986,4.519142
19646,19.646,0.064020336,4.5897613
19647,19.647,0.06769154,4.678167
19648,19.648,0.080133684,4.77007
19649,19.649,0.062835716,4.635361
19650,19.65,0.06987961,4.7053347
19651,19.651,0.06715232,4.7456636
19652,19.652,0.063106485,4.7818675
19653,19.653,0.06339069,4.763651
19654,19.654,0.055778943,4.7829065
19655,19.655,0.054891102,4.873404
19656,19.656,0.05593519,4.872165
19657,19.657,0.057483364,4.8384514
19658,19.658,0.049764924,4.8600307
19659,19.659,0.06203682,4.965291
19660,19.66,0.06667205,4.8847184
19661,19.661,0.073582895,4.9387426
19662,19.662,0.07387139,4.8946443
19663,19.663,0.06572649,4.886579
19664,19.664,0.07264454,4.998606
19665,19.665,0.06110466,4.915966
19666,19.666,0.08392448,5.088158
19667,19.667,0.0807702,4.965037
19668,19.668,0.076626554,4.926499
19669,19.669,0.08147698,5.0107145
19670,19.67,0.078002095,5.025507
19671,19.671,0.075749576,5.1361732
19672,19.672,0.08247745,5.08146
19673,19.673,0.07899902,5.0550504
19674,19.674,0.08873815,5.083374
19675,19.675,0.10087155,5.1161904
19676,19.676,0.09622832,5.2305737
19677,19.677,0.08413633,5.1591105
19678,19.678,0.09115112,5.26164
19679,19.679,0.10367073,5.15589
19680,19.68,0.1078075,5.2936373
19681,19.681,0.095120974,5.260583
19682,19.682,0.09961054,5.305977
19683,19.683,0.090168685,7.9279337
19684,19.684,0.08164139,7.925564
19685,19.685,0.08282361,7.9222703
19686,19.686,0.08638828,7.8634834
19687,19.687,0.08497913,7.743882
19688,19.688,0.08345831,7.7012095
19689,19.689,0.09584856,7.684028
19690,19.69,0.08621482,7.715012
19691,19.691,0.09460308,7.7153745
19692,19.692,0.09664307,7.7076154
19693,19.693,0.08755658,7.7392864
19694,19.694,0.07776313,7.690864
19695,19.695,0.075831935,7.6193066
19696,19.696,0.08705742,7.649776
19697,19.697,0.089491166,7.557184
19698,19.698,0.081475556,7.57676
19699,19.699,0.092535615,7.612297
19700,19.7,0.08803124,7.578818
19701,19.701,0.07703504,7.547691
19702,19.702,0.071547836,7.535683
19703,19.703,0.08281454,4.461706
19704,19.704,0.07284635,4.475236
19705,19.705,0.0730563,7.4770164
19706,19.706,0.07647932,7.4610906
19707,19.707,0.07852864,7.497809
19708,19.708,0.07823737,4.4502335
19709,19.709,0.07885109,4.4913154
19710,19.71,0.08531582,4.493896
19711,19.711,0.06904168,4.472884
19712,19.712,0.079575635,4.4702973
19713,19.713,0.071403086,4.444403
19714,19.714,0.08645984,7.625892
19715,19.715,0.0815734,7.60549
19716,19.716,0.07287808,7.607944
19717,19.717,0.0858756,7.650228
19718,19.718,0.087851815,7.5714884
19719,19.719,0.0907584,7.557164
19720,19.72,0.0869591,7.563275
19721,19.721,0.08445585,7.5463033
19722,19.722,0.09189882,7.5465846
19723,19.723,0.083739705,7.6328444
19724,19.724,0.091780506,7.6719418
19725,19.725,0.08692786,7.5665665
19726,19.726,0.08000953,7.529361
19727,19.727,0.08652666,7.520831
19728,19.728,0.082825705,7.4686127
19729,19.729,0.08977875,7.5014997
19730,19.73,0.08134563,7.458751
19731,19.731,0.08777283,7.4243126
19732,19.732,0.08371831,4.45718
19733,19.733,0.09818748,4.450239
19734,19.734,0.07900194,4.467501
19735,19.735,0.08067139,4.461847
19736,19.736,0.091284186,4.424187
19737,19.737,0.09688975,4.4262714
19738,19.738,0.092631124,4.4214725
19739,19.739,0.09354015,4.3915286
19740,19.74,0.08921107,4.4205155
19741,19.741,0.095107,4.429233
19742,19.742,0.09494825,4.4315042
19743,19.743,0.08098103,7.333623
19744,19.744,0.09043623,7.324655
19745,19.745,0.1089615,7.278888
19746,19.746,0.11728265,7.3021417
19747,19.747,0.100945435,7.2767506
19748,19.748,0.10389461,7.30939
19749,19.749,0.10366961,7.354463
19750,19.75,0.10116335,7.3353643
19751,19.751,0.09500728,7.2474375
19752,19.752,0.10160347,7.3151546
19753,19.753,0.08703285,7.350935
19754,19.754,0.09174964,4.446752
19755,19.755,0.09105341,4.397115
19756,19.756,0.10071959,4.4299555
19757,19.757,0.103817254,4.3759465
19758,19.758,0.09657067,4.4010754
19759,19.759,0.09996386,7.380169
19760,19.76,0.11190912,7.3102427
19761,19.761,0.09750165,7.3494606
19762,19.762,0.09400366,7.3786197
19763,19.763,0.10681648,4.5129867
19764,19.764,0.09365562,7.4249854
19765,19.765,0.10412245,7.477249
19766,19.766,0.09919654,7.4840527
19767,19.767,0.09901983,4.5526013
19768,19.768,0.07988301,4.549193
19769,19.769,0.08512524,7.337361
19770,19.77,0.08771091,7.3666925
19771,19.771,0.08465408,7.301654
19772,19.772,0.08965184,7.2666116
19773,19.773,0.078354746,7.333568
19774,19.774,0.08675881,7.3213596
19775,19.775,0.087272264,7.29177
19776,19.776,0.08421941,4.498243
19777,19.777,0.08414045,4.498686
19778,19.778,0.08323641,4.534248
19779,19.779,0.08794519,4.5889716
19780,19.78,0.093050726,4.5694385
19781,19.781,0.09032431,4.6378984
19782,19.782,0.086190015,4.664472
19783,19.783,0.09876384,4.680369
19784,19.784,0.097278506,4.712778
19785,19.785,0.08908205,4.7550297
19786,19.786,0.08521685,4.6998076
19787,19.787,0.08782089,4.657756
19788,19.788,0.084927425,4.7221494
19789,19.789,0.09536251,4.697168
19790,19.79,0.09715782,4.680673
19791,19.791,0.09460308,4.696906
19792,19.792,0.08768191,4.7039914
19793,19.793,0.08891189,4.691598
19794,19.794,0.09745837,4.6445003
19795,19.795,0.09463728,4.6758604
19796,19.796,0.09155604,4.713784
19797,19.797,0.08967569,4.5959635
19798,19.798,0.090059645,4.677792
19799,19.799,0.08307446,4.604152
19800,19.8,0.076337114,4.6358376
19801,19.801,0.07897853,4.688396
19802,19.802,0.08298396,4.6868515
19803,19.803,0.07455906,4.625557
19804,19.804,0.09039148,4.657537
19805,19.805,0.08481574,4.619112
19806,19.806,0.08319404,4.6443243
19807,19.807,0.08203689,4.6362348
19808,19.808,0.0817878,4.6330023
19809,19.809,0.09420083,4.651794
19810,19.81,0.07743615,4.587531
19811,19.811,0.07763742,4.5889006
19812,19.812,0.083981626,4.5786204
19813,19.813,0.08445859,4.579897
19814,19.814,0.09237245,4.5512424
19815,19.815,0.08186692,4.6131983
19816,19.816,0.078940466,4.639867
19817,19.817,0.08485866,4.685107
19818,19.818,0.08338834,4.6632724
19819,19.819,0.0870023,4.6080346
19820,19.82,0.08466432,4.600855
19821,19.821,0.08657541,4.5529113
19822,19.822,0.09120057,4.5737386
19823,19.823,0.0883177,4.5492496
19824,19.824,0.09770595,4.5585375
19825,19.825,0.08514425,4.580268
19826,19.826,0.082795694,4.537498
19827,19.827,0.07982438,4.55039
19828,19.828,0.08842627,4.5077224
19829,19.829,0.08265036,4.471388
19830,19.83,0.088643655,4.453682
19831,19.831,0.08869385,4.4632845
19832,19.832,0.08750837,4.481481
19833,19.833,0.08872708,0.911505
19834,19.834,0.08410541,4.498247
19835,19.835,0.08808506,4.535259
19836,19.836,0.08304523,4.5223937
19837,19.837,0.086263075,0.90186024
19838,19.838,0.084544085,4.522698
19839,19.839,0.09024685,4.5148053
19840,19.84,0.09584676,4.558829
19841,19.841,0.093228206,0.8929068
19842,19.842,0.099381655,0.930929
19843,19.843,0.10237476,0.89653456
19844,19.844,0.098271616,0.87831295
19845,19.845,0.102454334,0.9086687
19846,19.846,0.10730828,0.9160869
19847,19.847,0.108446285,0.91928077
19848,19.848,0.10123931,0.92904276
19849,19.849,0.09994362,0.93576896
19850,19.85,0.09901867,0.9291933
19851,19.851,0.09539522,0.9783506
19852,19.852,0.087661475,1.0147913
19853,19.853,0.09330815,4.5699186
19854,19.854,0.07760838,1.0809772
19855,19.855,0.08401947,4.5820427
19856,19.856,0.0762553,0.9708779
19857,19.857,0.08802862,1.0385523
19858,19.858,0.08627848,1.0099188
19859,19.859,0.08897687,4.621868
19860,19.86,0.085607305,4.57374
19861,19.861,0.08172064,4.558368
19862,19.862,0.07716998,4.610397
19863,19.863,0.085766494,4.571489
19864,19.864,0.07013472,4.5650344
19865,19.865,0.06288904,4.5735927
19866,19.866,0.07130751,4.603378
19867,19.867,0.06527381,4.59247
19868,19.868,0.086923875,4.564475
19869,19.869,0.07931008,4.5592127
19870,19.87,0.07550042,4.506869
19871,19.871,0.07894193,4.4646688
19872,19.872,0.08466296,4.433611
19873,19.873,0.08850728,4.438633
19874,19.874,0.07735251,4.433586
19875,19.875,0.08237718,4.439557
19876,19.876,0.08295192,4.463231
19877,19.877,0.08230769,4.457466
19878,19.878,0.08998068,4.438868
19879,19.879,0.087842606,4.4344826
19880,19.88,0.084444895,4.3963304
19881,19.881,0.08718877,4.4043913
19882,19.882,0.07952405,4.3959904
19883,19.883,0.0752612,4.412128
19884,19.884,0.09823691,4.454501
19885,19.885,0.08927518,4.4714746
19886,19.886,0.07871463,4.4619346
19887,19.887,0.07648688,4.433268
19888,19.888,0.08885206,4.428251
19889,19.889,0.09927109,1.0847371
19890,19.89,0.09055503,4.5084014
19891,19.891,0.08390864,4.487732
19892,19.892,0.08718877,1.158727
19893,19.893,0.06988374,4.466701
19894,19.894,0.07360489,1.1600207
19895,19.895,0.06696529,1.1475737
19896,19.896,0.062097352,1.0818074
19897,19.897,0.072231226,4.4589562
19898,19.898,0.071627766,4.456992
19899,19.899,0.07403552,4.4901786
19900,19.9,0.06823582,4.473322
19901,19.901,0.07096788,4.4673624
19902,19.902,0.070001915,4.5234957
19903,19.903,0.078915566,4.500242
19904,19.904,0.07472787,4.4632716
19905,19.905,0.07897633,4.503016
19906,19.906,0.061989285,4.5121417
19907,19.907,0.07192329,4.50221
19908,19.908,0.0745296,4.495408
19909,19.909,0.06738431,4.5285206
19910,19.91,0.06886313,4.51132
19911,19.911,0.06777432,4.4909015
19912,19.912,0.0723144,4.4926786
19913,19.913,0.0692907,4.5647244
19914,19.914,0.06869338,4.5461144
19915,19.915,0.07193053,4.5477247
19916,19.916,0.07869407,4.490608
19917,19.917,0.08178003,4.5125318
19918,19.918,0.059306547,4.5508847
19919,19.919,0.072549,4.55188
19920,19.92,0.076016925,4.51477
19921,19.921,0.07618022,4.5556846
19922,19.922,0.06894785,4.544469
19923,19.923,0.06144518,4.4811625
19924,19.924,0.06570626,4.4523625
19925,19.925,0.06324281,4.512799
19926,19.926,0.068123065,4.5154185
19927,19.927,0.06543919,4.4562345
19928,19.928,0.064599134,4.4811997
19929,19.929,0.07439143,4.479835
19930,19.93,0.06915962,4.518892
19931,19.931,0.068815276,4.4675345
19932,19.932,0.06634965,4.4215403
19933,19.933,0.07015614,4.401091
19934,19.934,0.07511591,4.440394
19935,19.935,0.06423665,4.483519
19936,19.936,0.07223843,4.4423146
19937,19.937,0.0824431,4.4097757
19938,19.938,0.08077092,4.4020305
19939,19.939,0.07908092,4.369464
19940,19.94,0.08494444,4.372854
19941,19.941,0.07758007,4.364743
19942,19.942,0.08004347,4.41506
19943,19.943,0.06957041,4.3961687
19944,19.944,0.08045258,4.394678
19945,19.945,0.08237156,4.4134116
19946,19.946,0.08310645,4.3775463
19947,19.947,0.09307619,4.4053555
19948,19.948,0.0940301,4.352975
19949,19.949,0.10521636,4.412371
19950,19.95,0.09951765,4.3213773
19951,19.951,0.08650596,4.325657
19952,19.952,0.08197063,4.2792826
19953,19.953,0.07754505,4.3534207
19954,19.954,0.08378663,4.33665
19955,19.955,0.07919704,4.345198
19956,19.956,0.074940264,4.387139
19957,19.957,0.075275786,4.361333
19958,19.958,0.075229704,4.40035
19959,19.959,0.08273214,4.356107
19960,19.96,0.07201084,4.383041
19961,19.961,0.06421505,1.5142939
19962,19.962,0.084533826,1.5081326
19963,19.963,0.065871425,1.55754
19964,19.964,0.06768386,1.4707106
19965,19.965,0.05747431,1.5277228
19966,19.966,0.05550471,1.4239624
19967,19.967,0.0611954,1.5422095
19968,19.968,0.053095922,1.6333268
19969,19.969,0.06992921,1.5091062
19970,19.97,0.050658178,1.5480994
19971,19.971,0.05404109,1.5875207
19972,19.972,0.06513198,1.6059061
19973,19.973,0.05512541,1.6067877
19974,19.974,0.05379669,1.6831781
19975,19.975,0.05834464,1.6222724
19976,19.976,0.060726076,1.5579232
19977,19.977,0.05522074,1.5457529
19978,19.978,0.060070563,1.4614699
19979,19.979,0.07614228,1.6100602
19980,19.98,0.073541254,1.6105878
19981,19.981,0.06475909,1.5839707
19982,19.982,0.0700275,1.6170896
19983,19.983,0.06330766,1.6405576
19984,19.984,0.08295192,1.5213025
19985,19.985,0.078309,1.4177895
19986,19.986,0.06977366,1.4180522
19987,19.987,0.073883906,1.5110716
19988,19.988,0.06696615,1.5314902
19989,19.989,0.061501592,1.5275058
19990,19.99,0.066186555,1.5773361
19991,19.991,0.06324372,1.6016724
19992,19.992,0.07424911,1.628437
19993,19.993,0.07845132,1.6760521
19994,19.994,0.065662265,1.6124066
19995,19.995,0.07420785,1.6120704
19996,19.996,0.07582431,1.6789211
19997,19.997,0.06841009,1.7146605
19998,19.998,0.066107035,1.6814418
19999,19.999,0.057626966,1.6204579
