frame,time_ns,protein_ca_rmsd_nm,ligand_rmsd_nm
0,0.0,0.0,0.0
1,0.001,0.062381517,6.846872
2,0.002,0.0540582,6.775411
3,0.003,0.05899484,6.7590857
4,0.004,0.05348205,6.8119497
5,0.005,0.052253213,6.789937
6,0.006,0.053287163,6.797452
7,0.007,0.04388444,6.842675
8,0.008,0.04417848,6.837974
9,0.009,0.049574085,6.847831
10,0.01,0.056594685,6.8622723
11,0.011,0.056065235,6.805191
12,0.012,0.05154492,6.850147
13,0.013,0.06391914,6.818232
14,0.014,0.075002715,6.7887826
15,0.015,0.09249876,6.795632
16,0.016,0.092636116,6.781044
17,0.017,0.08396717,6.790018
18,0.018,0.099325225,6.7950935
19,0.019,0.1034972,6.762428
20,0.02,0.09889367,6.8023705
21,0.021,0.1078745,6.740859
22,0.022,0.10009271,6.724566
23,0.023,0.09465072,6.7011967
24,0.024,0.09952288,0.17920023
25,0.025,0.09559375,6.73097
26,0.026,0.11344236,6.6881523
27,0.027,0.12606634,6.7071047
28,0.028,0.124572024,6.6493134
29,0.029,0.114751354,6.6928115
30,0.03,0.11849608,6.671627
31,0.031,0.11317507,6.710809
32,0.032,0.096546724,6.8586144
33,0.033,0.08801614,6.670069
34,0.034,0.08494716,6.726651
35,0.035,0.07776016,6.772246
36,0.036,0.075002715,6.7648735
37,0.037,0.065843344,6.7120857
38,0.038,0.07295259,6.761624
39,0.039,0.08114146,6.716
40,0.04,0.0769442,6.737159
41,0.041,0.05680264,6.7897854
42,0.042,0.05899092,6.8424363
43,0.043,0.06276577,6.806019
44,0.044,0.06045803,6.818686
45,0.045,0.078080595,6.7445555
46,0.046,0.084005706,6.76993
47,0.047,0.06583281,6.7605386
48,0.048,0.07086275,6.772446
49,0.049,0.064445056,6.7942457
50,0.05,0.08635348,6.8198514
51,0.051,0.08458441,6.8045387
52,0.052,0.10010195,6.769565
53,0.053,0.07713926,6.821708
54,0.054,0.07641959,6.862216
55,0.055,0.09133419,0.22687632
56,0.056,0.09887263,6.7671223
57,0.057,0.07845869,6.8044724
58,0.058,0.09873458,6.762661
59,0.059,0.10164214,6.7457004
60,0.06,0.095433995,6.7320213
61,0.061,0.091364555,6.7426615
62,0.062,0.1143032,6.781672
63,0.063,0.105295435,0.2365159
64,0.064,0.13500687,0.24536887
65,0.065,0.13036507,0.21099164
66,0.066,0.09515499,6.737337
67,0.067,0.085088566,0.28752705
68,0.068,0.09382641,0.23311612
69,0.069,0.08458441,0.26897025
70,0.07,0.06953551,0.31905577
71,0.071,0.07388782,0.2912966
72,0.072,0.094538294,0.3325698
73,0.073,0.0750551,0.3452902
74,0.074,0.0540197,0.29909804
75,0.075,0.049349725,0.2947657
76,0.076,0.056635525,0.29391572
77,0.077,0.070315786,0.250054
78,0.078,0.062392633,0.27663094
79,0.079,0.07755474,0.2663123
80,0.08,0.06111601,0.43584982
81,0.081,0.06953218,0.3570744
82,0.082,0.07091819,0.38555735
83,0.083,0.063973375,0.3736283
84,0.084,0.06273998,0.3847179
85,0.085,0.07162212,0.39148596
86,0.086,0.05707064,0.3308675
87,0.087,0.057679098,0.37282038
88,0.088,0.06633659,0.34175974
89,0.089,0.0688774,0.27844802
90,0.09,0.062418565,0.26734972
91,0.091,0.079124756,0.2988066
92,0.092,0.08111866,0.32549253
93,0.093,0.06333048,6.805236
94,0.094,0.068463296,0.2717653
95,0.095,0.09067621,0.32816485
96,0.096,0.07823146,6.7700915
97,0.097,0.08979227,6.7954483
98,0.098,0.08565456,6.7590146
99,0.099,0.09079342,6.7462544
100,0.1,0.08325376,6.713698
101,0.101,0.0930644,6.7986703
102,0.102,0.07856764,6.8444376
103,0.103,0.084960766,6.8344197
104,0.104,0.081839375,6.8028216
105,0.105,0.08061549,6.840427
106,0.106,0.08035121,6.8231764
107,0.107,0.09496773,6.816263
108,0.108,0.09482399,6.805678
109,0.109,0.09910152,6.7976065
110,0.11,0.10451085,6.7964377
111,0.111,0.10670441,6.8005958
112,0.112,0.10544902,6.8213725
113,0.113,0.11028647,6.785363
114,0.114,0.10268987,6.7875338
115,0.115,0.077001266,6.7049856
116,0.116,0.1038295,6.7520146
117,0.117,0.09089776,6.7616286
118,0.118,0.097369365,6.7760115
119,0.119,0.076246955,6.752824
120,0.12,0.060725126,6.6774874
121,0.121,0.074588515,6.7336125
122,0.122,0.06813495,6.7132845
123,0.123,0.06624939,6.669544
124,0.124,0.098975465,6.682676
125,0.125,0.085186325,6.723914
126,0.126,0.06392637,6.7074423
127,0.127,0.0648563,6.708599
128,0.128,0.06560414,6.7221804
129,0.129,0.065307446,6.834782
130,0.13,0.08363888,6.758151
131,0.131,0.08422834,6.7732997
132,0.132,0.10575552,6.761447
133,0.133,0.12961453,6.7831964
134,0.134,0.1265386,6.766981
135,0.135,0.12095238,6.7803745
136,0.136,0.11890316,6.699326
137,0.137,0.08775307,6.677717
138,0.138,0.08016109,6.662591
139,0.139,0.083727285,6.6191406
140,0.14,0.08820506,6.684184
141,0.141,0.1003119,6.6336474
142,0.142,0.093362026,6.632107
143,0.143,0.096225314,6.651398
144,0.144,0.08810016,6.6621604
145,0.145,0.09861743,6.651226
146,0.146,0.086711496,6.696958
147,0.147,0.082579,6.7272153
148,0.148,0.08898272,6.7586727
149,0.149,0.084565274,6.728319
150,0.15,0.104943536,6.73955
151,0.151,0.10901507,6.7207685
152,0.152,0.11434365,6.7155385
153,0.153,0.13694516,6.7354355
154,0.154,0.14227904,6.748093
155,0.155,0.1569763,6.7776484
156,0.156,0.15147015,6.825634
157,0.157,0.13428226,6.7897334
158,0.158,0.15195018,6.8327146
159,0.159,0.15867554,6.7904005
160,0.16,0.16905124,6.8519597
161,0.161,0.18031172,6.825523
162,0.162,0.19203451,0.4993411
163,0.163,0.22441965,6.793841
164,0.164,0.22798157,6.782464
165,0.165,0.21787633,6.8230133
166,0.166,0.22858821,0.52303976
167,0.167,0.23619089,6.7026367
168,0.168,0.24227722,6.6951084
169,0.169,0.25968796,6.677722
170,0.17,0.25165358,6.5905037
171,0.171,0.26539773,6.6693954
172,0.172,0.26144564,6.638762
173,0.173,0.25373593,6.66492
174,0.174,0.2508208,6.619107
175,0.175,0.27567318,6.614032
176,0.176,0.2721977,6.6476088
177,0.177,0.24745314,6.727393
178,0.178,0.2640502,6.6902704
179,0.179,0.25433838,6.593565
180,0.18,0.2404073,6.628282
181,0.181,0.2628998,6.642539
182,0.182,0.29461345,6.6051774
183,0.183,0.30754536,6.5419364
184,0.184,0.3165633,6.5686007
185,0.185,0.31668815,6.5697923
186,0.186,0.28337348,6.594812
187,0.187,0.28807706,6.6378026
188,0.188,0.27980858,6.583207
189,0.189,0.26690918,6.603535
190,0.19,0.25498477,6.602176
191,0.191,0.2717897,6.6804852
192,0.192,0.26504818,6.6678896
193,0.193,0.29326612,6.73001
194,0.194,0.28466856,6.705736
195,0.195,0.2789637,6.7427115
196,0.196,0.2839676,6.648007
197,0.197,0.26412195,6.610224
198,0.198,0.2709753,6.64606
199,0.199,0.2587095,6.6476827
200,0.2,0.2556024,6.649199
201,0.201,0.25496212,6.6701264
202,0.202,0.24314784,6.7543583
203,0.203,0.24056016,6.747309
204,0.204,0.2545592,6.715786
205,0.205,0.2613811,6.680971
206,0.206,0.24259858,6.687752
207,0.207,0.25215468,6.64848
208,0.208,0.262971,6.593219
209,0.209,0.24211971,6.6323423
210,0.21,0.26190597,6.6561885
211,0.211,0.25083,6.685916
212,0.212,0.22940396,6.748988
213,0.213,0.2520428,6.70785
214,0.214,0.24307175,6.817864
215,0.215,0.22440934,6.8197384
216,0.216,0.20121984,6.8161836
217,0.217,0.20485902,6.8294454
218,0.218,0.19198756,6.829837
219,0.219,0.17518443,6.78045
220,0.22,0.17014724,6.8373404
221,0.221,0.18464224,6.780373
222,0.222,0.162633,6.8111467
223,0.223,0.17465046,6.7896996
224,0.224,0.15648066,6.7806683
225,0.225,0.1579951,6.7948127
226,0.226,0.14910573,6.777797
227,0.227,0.15910041,6.8011546
228,0.228,0.16542375,6.7802753
229,0.229,0.15757605,6.7836905
230,0.23,0.16914831,6.841386
231,0.231,0.15327422,6.787767
232,0.232,0.15908879,6.813017
233,0.233,0.15688643,6.8048196
234,0.234,0.1707549,6.8194613
235,0.235,0.17776138,6.8397927
236,0.236,0.19021156,6.7877836
237,0.237,0.17302394,6.767141
238,0.238,0.1925635,6.8097653
239,0.239,0.16888842,6.7297335
240,0.24,0.16314113,6.782254
241,0.241,0.15602641,6.756867
242,0.242,0.13346888,6.745985
243,0.243,0.13783365,6.7062087
244,0.244,0.12715828,6.6883364
245,0.245,0.13532843,6.6935472
246,0.246,0.15281348,6.658078
247,0.247,0.16369994,6.742863
248,0.248,0.15917161,6.687109
249,0.249,0.16282053,6.6939354
250,0.25,0.16078153,6.637678
251,0.251,0.17474574,6.6727533
252,0.252,0.18542442,6.8742433
253,0.253,0.19668786,6.8262587
254,0.254,0.18407919,6.818055
255,0.255,0.17696624,6.7272043
256,0.256,0.14877199,6.643205
257,0.257,0.14923592,6.750711
258,0.258,0.14468794,6.733208
259,0.259,0.12223391,6.742026
260,0.26,0.11035981,6.7272553
261,0.261,0.114013605,6.7190175
262,0.262,0.10940036,6.686898
263,0.263,0.09211303,6.731239
264,0.264,0.081797,6.7640786
265,0.265,0.07522125,6.754993
266,0.266,0.09163744,6.812555
267,0.267,0.11082808,6.849524
268,0.268,0.10341004,6.832605
269,0.269,0.09426155,6.873224
270,0.27,0.088948935,6.7421885
271,0.271,0.09980125,6.751374
272,0.272,0.12373218,6.8841214
273,0.273,0.119411506,6.77967
274,0.274,0.11015852,6.734114
275,0.275,0.11596785,6.761935
276,0.276,0.13735814,6.6846924
277,0.277,0.15108196,6.660503
278,0.278,0.15901902,6.6873612
279,0.279,0.14415325,6.6866894
280,0.28,0.14832844,6.7158184
281,0.281,0.12368359,6.7229743
282,0.282,0.121158645,6.768608
283,0.283,0.10656999,6.7721686
284,0.284,0.10004651,6.7524056
285,0.285,0.12213363,6.7509727
286,0.286,0.12189488,6.777704
287,0.287,0.1081784,6.751137
288,0.288,0.10525151,6.7420382
289,0.289,0.0959197,6.7407684
290,0.29,0.11636787,6.7522755
291,0.291,0.13225253,6.7230387
292,0.292,0.09326292,6.816771
293,0.293,0.08938453,6.794746
294,0.294,0.07937564,6.812938
295,0.295,0.103036,6.775441
296,0.296,0.09197237,6.814251
297,0.297,0.12898514,6.7411213
298,0.298,0.13395129,6.7632966
299,0.299,0.12893315,6.8091455
300,0.3,0.11437599,6.8240433
301,0.301,0.09774853,6.797308
302,0.302,0.12220932,6.773763
303,0.303,0.12870522,6.802914
304,0.304,0.12980703,6.846498
305,0.305,0.14080738,6.770041
306,0.306,0.14955935,6.7539434
307,0.307,0.13239406,6.7726736
308,0.308,0.13433391,6.7532616
309,0.309,0.13203384,6.7195425
310,0.31,0.14729613,6.7338543
311,0.311,0.13463819,6.747398
312,0.312,0.13888969,6.7935658
313,0.313,0.121839866,6.7711334
314,0.314,0.12757578,6.761362
315,0.315,0.10854324,6.801979
316,0.316,0.11201495,6.806921
317,0.317,0.12289224,6.779393
318,0.318,0.12452376,6.7722626
319,0.319,0.109267145,6.7615914
320,0.32,0.10144406,6.7905087
321,0.321,0.10218206,6.7463317
322,0.322,0.09442573,6.777811
323,0.323,0.07051279,6.805908
324,0.324,0.064470164,6.8454757
325,0.325,0.07316145,6.8480654
326,0.326,0.07155106,6.8169966
327,0.327,0.07083664,6.8190837
328,0.328,0.07352396,6.8196487
329,0.329,0.06619004,6.856069
330,0.33,0.0715446,6.8298965
331,0.331,0.064459406,6.8097706
332,0.332,0.08105308,6.8169436
333,0.333,0.0824361,6.7715425
334,0.334,0.07282254,6.8241854
335,0.335,0.076962225,6.8103156
336,0.336,0.06652799,6.806906
337,0.337,0.081737615,6.768794
338,0.338,0.07281937,6.8061156
339,0.339,0.08001097,6.81798
340,0.34,0.08089891,6.7487097
341,0.341,0.081870444,6.7280664
342,0.342,0.07266682,6.754068
343,0.343,0.07632575,6.7086143
344,0.344,0.08635348,6.73021
345,0.345,0.08296446,6.718594
346,0.346,0.08671683,6.6952033
347,0.347,0.0669368,6.7081037
348,0.348,0.092576206,6.7141156
349,0.349,0.10390296,6.6856055
350,0.35,0.11963975,6.666853
351,0.351,0.10004651,6.6338935
352,0.352,0.109478526,6.7290535
353,0.353,0.1229825,6.717837
354,0.354,0.12948783,6.6942086
355,0.355,0.124759324,6.713277
356,0.356,0.13839108,6.7259865
357,0.357,0.10732875,6.7008286
358,0.358,0.114206076,6.7362266
359,0.359,0.10299112,6.7649956
360,0.36,0.11870077,6.7440376
361,0.361,0.1119241,6.7577443
362,0.362,0.12420401,6.730122
363,0.363,0.11921773,6.75572
364,0.364,0.15151747,6.7790747
365,0.365,0.1383092,6.7938538
366,0.366,0.11891872,6.7806764
367,0.367,0.1498111,6.814415
368,0.368,0.13118361,6.8222
369,0.369,0.12945747,6.8116274
370,0.37,0.1653245,6.840131
371,0.371,0.13256334,6.820201
372,0.372,0.121760145,6.899058
373,0.373,0.118644275,6.8525143
374,0.374,0.1069857,6.821005
375,0.375,0.089348316,6.8286
376,0.376,0.09997484,6.8372846
377,0.377,0.07945716,6.848591
378,0.378,0.07439299,6.83477
379,0.379,0.08912551,6.8657
380,0.38,0.08326209,6.8319874
381,0.381,0.06826377,6.7980456
382,0.382,0.06432656,6.798701
383,0.383,0.08403873,6.8023577
384,0.384,0.09635497,6.7697554
385,0.385,0.10987482,6.7859497
386,0.386,0.14448966,6.781022
387,0.387,0.14606197,6.777195
388,0.388,0.14484124,6.7956343
389,0.389,0.13318796,6.7843847
390,0.39,0.12797746,6.7701864
391,0.391,0.13292907,6.7971125
392,0.392,0.13794264,6.7712307
393,0.393,0.1338857,6.7929277
394,0.394,0.12234923,6.781939
395,0.395,0.12156251,6.833748
396,0.396,0.10921423,6.789027
397,0.397,0.12317411,6.790488
398,0.398,0.11730187,6.732017
399,0.399,0.13359873,6.7680182
400,0.4,0.13468798,6.7088175
401,0.401,0.1082788,6.7881417
402,0.402,0.11143347,6.7857366
403,0.403,0.11009554,6.7733917
404,0.404,0.0871795,6.8317246
405,0.405,0.10466339,6.8052163
406,0.406,0.11253797,6.7292547
407,0.407,0.13138261,6.768294
408,0.408,0.11539627,6.757241
409,0.409,0.116629824,6.7571588
410,0.41,0.104661174,6.795455
411,0.411,0.11525594,6.766204
412,0.412,0.10941727,6.755525
413,0.413,0.09452607,6.7419806
414,0.414,0.056340843,6.7015
415,0.415,0.07440542,6.7074366
416,0.416,0.09548244,6.725561
417,0.417,0.092828095,6.7509193
418,0.418,0.08724577,6.7827473
419,0.419,0.09443798,6.807166
420,0.42,0.08771091,6.7985587
421,0.421,0.07924738,6.7989726
422,0.422,0.0998082,6.8017936
423,0.423,0.10699651,6.843833
424,0.424,0.08696442,6.806494
425,0.425,0.092333645,6.8868933
426,0.426,0.10186481,6.874257
427,0.427,0.10573147,6.8863444
428,0.428,0.093816556,6.892587
429,0.429,0.09609789,6.924554
430,0.43,0.09211052,6.8947763
431,0.431,0.0969148,6.9101057
432,0.432,0.08865474,6.897402
433,0.433,0.083531,6.841012
434,0.434,0.07114927,6.821878
435,0.435,0.07610431,6.864108
436,0.436,0.08540317,6.858229
437,0.437,0.06815869,6.8191133
438,0.438,0.08072153,6.8927326
439,0.439,0.08754998,6.8219976
440,0.44,0.08842496,6.862893
441,0.441,0.07756666,6.7692013
442,0.442,0.058562174,6.8336673
443,0.443,0.053533897,6.8203883
444,0.444,0.061229393,6.8355217
445,0.445,0.059788946,6.7846856
446,0.446,0.048765346,6.755758
447,0.447,0.053538214,6.7870445
448,0.448,0.042936455,6.806021
449,0.449,0.055676263,6.8289776
450,0.45,0.051964827,6.8108506
451,0.451,0.075812116,6.794556
452,0.452,0.062953345,6.778743
453,0.453,0.06175949,6.8708344
454,0.454,0.07600704,6.815936
455,0.455,0.08062696,6.8493385
456,0.456,0.10799017,6.824333
457,0.457,0.10683866,6.738707
458,0.458,0.11002622,6.8741193
459,0.459,0.101039864,6.828899
460,0.46,0.10667407,6.80321
461,0.461,0.10461256,6.841524
462,0.462,0.100344166,6.8538914
463,0.463,0.14584813,6.7661576
464,0.464,0.17310008,6.784283
465,0.465,0.16561373,6.7773056
466,0.466,0.1641104,6.768901
467,0.467,0.1629426,6.749685
468,0.468,0.16677944,6.6867886
469,0.469,0.18748397,6.7386417
470,0.47,0.19307788,6.70887
471,0.471,0.1832282,6.817531
472,0.472,0.16021253,6.8975163
473,0.473,0.14694098,6.780848
474,0.474,0.12250219,6.8680334
475,0.475,0.14208718,6.7997913
476,0.476,0.15649986,6.68441
477,0.477,0.1526303,6.7813015
478,0.478,0.12231332,6.8138423
479,0.479,0.119867556,6.8083053
480,0.48,0.11868129,6.791556
481,0.481,0.12217337,6.8224115
482,0.482,0.1275794,6.8700995
483,0.483,0.10406082,6.7445474
484,0.484,0.111595176,6.803548
485,0.485,0.110187896,6.770728
486,0.486,0.07921237,6.824163
487,0.487,0.11380658,6.738872
488,0.488,0.11728216,6.7659855
489,0.489,0.11510339,6.802498
490,0.49,0.121377885,6.776733
491,0.491,0.095588915,6.8085403
492,0.492,0.09601606,6.75884
493,0.493,0.112039715,6.7138667
494,0.494,0.11175459,6.747364
495,0.495,0.117001906,6.7522273
496,0.496,0.10487081,6.793545
497,0.497,0.09860101,6.7709665
498,0.498,0.10133689,6.762435
499,0.499,0.10280463,6.751471
500,0.5,0.10663289,6.7392297
501,0.501,0.095477596,6.871821
502,0.502,0.08185915,6.748108
503,0.503,0.08385696,6.689096
504,0.504,0.07975339,6.730009
505,0.505,0.10127527,6.732812
506,0.506,0.09134937,6.730158
507,0.507,0.091859184,6.737831
508,0.508,0.1112258,6.728879
509,0.509,0.0957991,6.7184787
510,0.51,0.117011786,6.6681356
511,0.511,0.12191194,6.657902
512,0.512,0.119405694,6.622907
513,0.513,0.09282311,6.8032193
514,0.514,0.10268087,6.843565
515,0.515,0.09725058,6.834147
516,0.516,0.1086284,6.8506594
517,0.517,0.10934329,6.8385253
518,0.518,0.10023351,6.83392
519,0.519,0.09443553,6.8548307
520,0.52,0.10184438,6.881442
521,0.521,0.10724687,6.79755
522,0.522,0.096477255,6.8076596
523,0.523,0.1066654,6.832811
524,0.524,0.09431794,6.825262
525,0.525,0.09050522,6.852137
526,0.526,0.07412524,6.800365
527,0.527,0.08718745,6.760931
528,0.528,0.09242124,6.781805
529,0.529,0.11168008,6.786021
530,0.53,0.099805884,6.8021126
531,0.531,0.09560584,6.7587237
532,0.532,0.092118055,6.790663
533,0.533,0.11923907,6.749534
534,0.534,0.11249893,6.8022194
535,0.535,0.10744931,6.8370757
536,0.536,0.10587132,6.805812
537,0.537,0.09799657,6.830354
538,0.538,0.09373027,6.7986593
539,0.539,0.09206282,6.7754555
540,0.54,0.09174334,6.8181386
541,0.541,0.09528853,6.761837
542,0.542,0.07438366,6.801746
543,0.543,0.074134596,6.8475194
544,0.544,0.056295685,6.792621
545,0.545,0.0659486,6.8001037
546,0.546,0.058352567,6.8224945
547,0.547,0.0685308,6.8208175
548,0.548,0.054416265,6.8181067
549,0.549,0.06656968,6.82629
550,0.55,0.062835716,6.783525
551,0.551,0.06943236,6.816684
552,0.552,0.05764301,6.8240085
553,0.553,0.054885834,6.859372
554,0.554,0.07985189,6.876356
555,0.555,0.08109015,6.85309
556,0.556,0.08031092,6.8788548
557,0.557,0.06333048,6.869929
558,0.558,0.0750705,6.8145976
559,0.559,0.06088102,6.8329573
560,0.56,0.09260117,6.855447
561,0.561,0.09362662,6.8229394
562,0.562,0.10951864,6.7963524
563,0.563,0.11111974,6.810759
564,0.564,0.113790326,6.8131933
565,0.565,0.11925651,6.8423095
566,0.566,0.16630468,6.8124714
567,0.567,0.16195777,6.764082
568,0.568,0.15149915,6.775859
569,0.569,0.15398453,6.7263746
570,0.57,0.15133731,6.791476
571,0.571,0.16743109,6.814916
572,0.572,0.14612843,6.7681885
573,0.573,0.10546656,6.810169
574,0.574,0.09626614,6.7679505
575,0.575,0.104499795,6.7613916
576,0.576,0.10894718,6.792062
577,0.577,0.0816697,6.799745
578,0.578,0.08445037,6.822842
579,0.579,0.06938906,6.808126
580,0.58,0.081459954,6.7743487
581,0.581,0.07110377,6.830674
582,0.582,0.05846735,6.8336535
583,0.583,0.06364366,6.8549433
584,0.584,0.07818121,6.8656673
585,0.585,0.10132092,6.895806
586,0.586,0.09735275,6.9291177
587,0.587,0.11008083,0.43768698
588,0.588,0.11675464,0.4710873
589,0.589,0.107376136,0.51606935
590,0.59,0.105310805,0.4853511
591,0.591,0.09386337,0.55365956
592,0.592,0.09212558,0.5000378
593,0.593,0.090671115,0.46416086
594,0.594,0.071227215,0.5195942
595,0.595,0.07683595,0.48712918
596,0.596,0.062047068,0.506886
597,0.597,0.09661615,6.9212193
598,0.598,0.07518744,0.47608498
599,0.599,0.08585137,0.41796687
600,0.6,0.07158014,0.44266826
601,0.601,0.097722515,6.934105
602,0.602,0.10625713,6.8938665
603,0.603,0.10550601,0.3989722
604,0.604,0.11732749,0.4633034
605,0.605,0.09448448,0.4767921
606,0.606,0.12052922,0.48568943
607,0.607,0.12254937,0.51829475
608,0.608,0.11474127,0.588027
609,0.609,0.11014802,0.5775286
610,0.61,0.09947874,0.50123626
611,0.611,0.1152419,0.49432653
612,0.612,0.11009763,0.54297775
613,0.613,0.10582108,0.55036414
614,0.614,0.083486706,6.9497137
615,0.615,0.10022198,6.9698744
616,0.616,0.10270338,6.9176393
617,0.617,0.108487844,6.9180813
618,0.618,0.10559362,6.9880366
619,0.619,0.11212634,6.928285
620,0.62,0.09512583,6.9274163
621,0.621,0.101921536,6.9066873
622,0.622,0.075985745,6.9697924
623,0.623,0.08681009,6.922175
624,0.624,0.087536775,6.914939
625,0.625,0.078743994,6.916097
626,0.626,0.08303409,6.8507385
627,0.627,0.099420615,6.8581166
628,0.628,0.09800836,6.8583117
629,0.629,0.093359545,6.884632
630,0.63,0.086988345,6.942687
631,0.631,0.06918217,6.8724346
632,0.632,0.089348316,6.837115
633,0.633,0.1092227,6.830338
634,0.634,0.104034156,6.842108
635,0.635,0.10633543,6.831235
636,0.636,0.09494825,6.870089
637,0.637,0.09987767,6.881339
638,0.638,0.10915706,6.8866796
639,0.639,0.10233128,6.9062314
640,0.64,0.09561551,6.8378916
641,0.641,0.106998675,6.9289746
642,0.642,0.117926955,6.9378057
643,0.643,0.13226128,6.936708
644,0.644,0.13130516,6.9578424
645,0.645,0.14854804,6.97677
646,0.646,0.12643808,6.979424
647,0.647,0.12619464,6.960217
648,0.648,0.13579743,6.95813
649,0.649,0.12444576,6.998105
650,0.65,0.11098026,0.5218427
651,0.651,0.12228497,6.969969
652,0.652,0.13662232,6.9464397
653,0.653,0.12571558,6.9540815
654,0.654,0.12533617,6.9466305
655,0.655,0.121528275,6.948779
656,0.656,0.11200257,6.945227
657,0.657,0.113105595,6.956997
658,0.658,0.11351775,6.926951
659,0.659,0.091394916,6.938571
660,0.66,0.10610908,6.9709344
661,0.661,0.100215055,6.9568977
662,0.662,0.06779137,7.0094895
663,0.663,0.078364335,0.47578973
664,0.664,0.073394924,6.9412184
665,0.665,0.086377576,6.933216
666,0.666,0.076458916,0.44652
667,0.667,0.07703429,0.4282093
668,0.668,0.08067282,6.938252
669,0.669,0.07232559,6.873868
670,0.67,0.08277474,6.908647
671,0.671,0.09287042,6.933797
672,0.672,0.08582444,6.9508853
673,0.673,0.092120565,6.930879
674,0.674,0.08585137,6.936351
675,0.675,0.09737174,6.9694405
676,0.676,0.096479654,6.965224
677,0.677,0.079180256,6.9518824
678,0.678,0.07889066,6.9280844
679,0.679,0.07267318,6.910659
680,0.68,0.09038764,6.8894057
681,0.681,0.10713902,6.9588723
682,0.682,0.108987495,6.9370427
683,0.683,0.1209218,6.970448
684,0.684,0.08451879,6.962469
685,0.685,0.09944852,6.9596133
686,0.686,0.10552135,6.986236
687,0.687,0.102392256,0.43378943
688,0.688,0.12592322,0.39404556
689,0.689,0.12478712,0.34085867
690,0.69,0.1492762,6.9058356
691,0.691,0.12386663,0.3888216
692,0.692,0.12318161,6.920667
693,0.693,0.12709099,6.900817
694,0.694,0.11566043,0.3750699
695,0.695,0.12545417,6.9985585
696,0.696,0.102820374,6.9286613
697,0.697,0.0906966,6.9638224
698,0.698,0.09549454,6.965086
699,0.699,0.09298486,6.913906
700,0.7,0.10286084,6.981003
701,0.701,0.11131099,7.0172634
702,0.702,0.115582444,7.019355
703,0.703,0.117343254,0.5026018
704,0.704,0.12583323,7.06559
705,0.705,0.10879853,0.5134467
706,0.706,0.11318529,7.0349007
707,0.707,0.11372123,7.089661
708,0.708,0.10963469,7.081712
709,0.709,0.10468105,7.0747
710,0.71,0.1456181,7.088887
711,0.711,0.13446636,7.079665
712,0.712,0.13739349,7.0770626
713,0.713,0.12674855,7.1456194
714,0.714,0.12401027,7.055236
715,0.715,0.100325726,7.0565705
716,0.716,0.104506426,7.02185
717,0.717,0.109910585,6.989207
718,0.718,0.11776413,7.0028925
719,0.719,0.11989456,7.0405684
720,0.72,0.119940825,7.0673943
721,0.721,0.10257273,6.997468
722,0.722,0.111227885,7.0222974
723,0.723,0.13304903,7.0333443
724,0.724,0.12836526,7.0286565
725,0.725,0.14519835,6.995543
726,0.726,0.16894181,6.976328
727,0.727,0.16874327,6.968887
728,0.728,0.17418785,7.0468435
729,0.729,0.19154751,7.0599437
730,0.73,0.19864464,7.0054655
731,0.731,0.1754798,7.07064
732,0.732,0.17460014,7.096059
733,0.733,0.16718927,7.038139
734,0.734,0.15348977,7.0575304
735,0.735,0.16838391,7.095744
736,0.736,0.15907572,7.0703382
737,0.737,0.15674932,7.0530925
738,0.738,0.15984848,7.0317235
739,0.739,0.16996779,7.0328355
740,0.74,0.17331499,7.0576935
741,0.741,0.18910226,7.02887
742,0.742,0.16786273,7.0591946
743,0.743,0.17096327,7.0894184
744,0.744,0.17486344,7.061384
745,0.745,0.1846723,7.0595326
746,0.746,0.18342745,7.0414796
747,0.747,0.19127335,7.050234
748,0.748,0.16089652,7.0284986
749,0.749,0.14675991,7.013186
750,0.75,0.131321,7.0801597
751,0.751,0.13722342,7.0746617
752,0.752,0.14540838,7.0332503
753,0.753,0.15787068,6.96943
754,0.754,0.14483327,7.035602
755,0.755,0.14851068,7.018117
756,0.756,0.14303103,6.9873066
757,0.757,0.15067284,6.924952
758,0.758,0.13852967,6.9444313
759,0.759,0.14010122,6.9725676
760,0.76,0.1519365,7.0380607
761,0.761,0.16274668,7.070574
762,0.762,0.1748079,7.0274415
763,0.763,0.17946477,6.996587
764,0.764,0.1729678,7.0104823
765,0.765,0.16051097,6.9661794
766,0.766,0.16290571,6.92704
767,0.767,0.16236837,6.95011
768,0.768,0.14878908,6.918691
769,0.769,0.13998565,6.930266
770,0.77,0.12694721,6.939232
771,0.771,0.12690167,6.9466033
772,0.772,0.11557444,6.962155
773,0.773,0.11918476,7.05342
774,0.774,0.1068776,6.9559193
775,0.775,0.11641753,6.9820404
776,0.776,0.11170286,6.9201975
777,0.777,0.119854055,6.9204836
778,0.778,0.10870287,6.87015
779,0.779,0.1329656,6.865786
780,0.78,0.12608285,6.859672
781,0.781,0.13782527,6.855088
782,0.782,0.15940964,6.8375983
783,0.783,0.16854173,6.8311834
784,0.784,0.15023951,6.837412
785,0.785,0.14373243,6.9350033
786,0.786,0.121750645,6.9454856
787,0.787,0.13481836,6.9497504
788,0.788,0.1485496,6.8445597
789,0.789,0.14282884,6.8650656
790,0.79,0.16641031,6.8783374
791,0.791,0.146963,6.934105
792,0.792,0.1538283,6.9087143
793,0.793,0.14954853,6.8383565
794,0.794,0.14145117,6.8705606
795,0.795,0.14854026,6.8667536
796,0.796,0.1384629,6.8301773
797,0.797,0.16478944,6.8363905
798,0.798,0.15818669,6.8259344
799,0.799,0.14973702,6.8780375
800,0.8,0.17760652,6.8647194
801,0.801,0.17816539,6.8237066
802,0.802,0.17838067,6.810549
803,0.803,0.18689854,6.805902
804,0.804,0.20062956,6.804089
805,0.805,0.15955171,6.8016853
806,0.806,0.15959662,6.906085
807,0.807,0.1348698,6.892933
808,0.808,0.12542284,6.8827834
809,0.809,0.13107078,6.6156635
810,0.81,0.13240105,6.635155
811,0.811,0.1492514,6.6003346
812,0.812,0.14185919,6.613896
813,0.813,0.123080224,6.618167
814,0.814,0.10490167,6.6416874
815,0.815,0.12098297,6.6290665
816,0.816,0.12783647,6.58422
817,0.817,0.12512386,6.595702
818,0.818,0.12044095,6.9969583
819,0.819,0.10442676,7.001603
820,0.82,0.08385972,6.964019
821,0.821,0.08792153,7.008954
822,0.822,0.08135772,6.9971995
823,0.823,0.08413771,6.9633713
824,0.824,0.08482187,6.962895
825,0.825,0.0820707,6.9322023
826,0.826,0.0879741,6.887414
827,0.827,0.103805006,6.9082427
828,0.828,0.10186027,6.949814
829,0.829,0.091306336,6.9046955
830,0.83,0.10465234,6.9213037
831,0.831,0.12603883,6.899933
832,0.832,0.13070337,6.9083734
833,0.833,0.15751882,6.8634353
834,0.834,0.15058996,6.8610597
835,0.835,0.1558485,6.892892
836,0.836,0.15402055,6.9077673
837,0.837,0.14899871,6.900938
838,0.838,0.13097195,6.895953
839,0.839,0.15298736,6.8506594
840,0.84,0.1258222,6.9029937
841,0.841,0.13822393,6.859706
842,0.842,0.14593053,6.852557
843,0.843,0.1519091,6.8545794
844,0.844,0.14596856,6.831162
845,0.845,0.1507342,6.8028865
846,0.846,0.14231642,6.80884
847,0.847,0.15827143,6.746067
848,0.848,0.16191351,6.8083653
849,0.849,0.17638654,6.814049
850,0.85,0.1970789,6.8225317
851,0.851,0.1838819,6.800776
852,0.852,0.18396108,6.809318
853,0.853,0.17557201,6.820473
854,0.854,0.18438412,6.870829
855,0.855,0.1971305,6.849002
856,0.856,0.20618416,6.7974224
857,0.857,0.19248906,6.809847
858,0.858,0.2040879,6.82846
859,0.859,0.19487403,6.822416
860,0.86,0.1939703,6.831152
861,0.861,0.16866788,6.8054643
862,0.862,0.16114636,6.8013535
863,0.863,0.15212658,6.8380733
864,0.864,0.16459009,6.822916
865,0.865,0.16008984,6.8582144
866,0.866,0.16192779,6.8044972
867,0.867,0.15656337,6.772745
868,0.868,0.16878846,6.752227
869,0.869,0.15668294,6.7780924
870,0.87,0.17610057,6.7114697
871,0.871,0.16076283,6.780614
872,0.872,0.1630901,6.8491683
873,0.873,0.14884967,6.84824
874,0.874,0.1345609,6.8438106
875,0.875,0.13155846,6.8088775
876,0.876,0.11358086,6.832866
877,0.877,0.12718374,6.873672
878,0.878,0.15307498,6.8763704
879,0.879,0.15442531,6.8342586
880,0.88,0.13307336,6.870894
881,0.881,0.14125982,6.8593926
882,0.882,0.11488626,6.8555756
883,0.883,0.10825317,6.8911486
884,0.884,0.13118714,6.933038
885,0.885,0.1256015,6.89265
886,0.886,0.12495746,6.8638644
887,0.887,0.13211611,6.9347563
888,0.888,0.13214236,6.9283
889,0.889,0.1386848,6.9152217
890,0.89,0.13685058,6.880667
891,0.891,0.12863694,6.875577
892,0.892,0.12209008,6.874353
893,0.893,0.13609163,6.8930597
894,0.894,0.1468308,6.9222455
895,0.895,0.13074051,6.9083004
896,0.896,0.1105231,6.8748584
897,0.897,0.10900446,6.8417697
898,0.898,0.08186197,6.852223
899,0.899,0.10126157,6.8377175
900,0.9,0.10636804,6.8403673
901,0.901,0.10233354,6.847707
902,0.902,0.10388738,6.8335476
903,0.903,0.1097169,6.861488
904,0.904,0.12512755,6.825786
905,0.905,0.1220825,6.859759
906,0.906,0.09656827,6.88598
907,0.907,0.107442856,6.873481
908,0.908,0.117616795,6.8641233
909,0.909,0.105733655,6.823627
910,0.91,0.10783591,6.841598
911,0.911,0.10750739,6.8442883
912,0.912,0.10495676,6.7991056
913,0.913,0.113166906,6.7979336
914,0.914,0.098495446,6.8218484
915,0.915,0.0904081,6.885073
916,0.916,0.10449537,6.8811975
917,0.917,0.100852065,6.8926563
918,0.918,0.08975364,6.825576
919,0.919,0.08239682,6.874574
920,0.92,0.09076541,6.919404
921,0.921,0.07801839,6.934602
922,0.922,0.08064703,6.927147
923,0.923,0.09300475,6.9025397
924,0.924,0.09827926,6.9334574
925,0.925,0.10128897,6.9361143
926,0.926,0.078820296,6.9613657
927,0.927,0.10209604,6.9433517
928,0.928,0.103608824,6.9310017
929,0.929,0.08985147,6.9392157
930,0.93,0.08182525,6.886867
931,0.931,0.09305943,6.8694754
932,0.932,0.08350886,6.8763328
933,0.933,0.09466538,6.6612964
934,0.934,0.09435225,6.9673038
935,0.935,0.09462385,6.9261928
936,0.936,0.09137468,6.961144
937,0.937,0.08396992,6.925793
938,0.938,0.08019857,6.6995354
939,0.939,0.08674349,6.6551085
940,0.94,0.078006536,6.615198
941,0.941,0.07861176,6.66564
942,0.942,0.08836219,6.6826863
943,0.943,0.108139925,6.6693134
944,0.944,0.10959461,6.6671777
945,0.945,0.101491906,6.735963
946,0.946,0.09173578,6.7088766
947,0.947,0.10716923,6.8739142
948,0.948,0.09095624,6.7048097
949,0.949,0.096234925,6.910881
950,0.95,0.087301396,6.8621573
951,0.951,0.08745222,6.838135
952,0.952,0.08237437,6.8530235
953,0.953,0.08429967,6.805652
954,0.954,0.094755694,6.7931356
955,0.955,0.108280934,6.8843045
956,0.956,0.1131812,6.8400254
957,0.957,0.10010195,6.8012896
958,0.958,0.12350775,6.746794
959,0.959,0.13560832,6.7691083
960,0.96,0.11628638,6.8573174
961,0.961,0.11139612,6.813261
962,0.962,0.11047707,6.7890973
963,0.963,0.0952764,6.755382
964,0.964,0.09558407,6.806153
965,0.965,0.09595825,6.715208
966,0.966,0.11026341,6.737376
967,0.967,0.12561439,6.79899
968,0.968,0.13841781,6.8384886
969,0.969,0.12393941,6.830731
970,0.97,0.10770935,6.764088
971,0.971,0.10725549,6.7477884
972,0.972,0.10853259,6.849034
973,0.973,0.12748332,6.862076
974,0.974,0.12024115,6.815413
975,0.975,0.10758048,6.7910457
976,0.976,0.12002946,6.7503448
977,0.977,0.12029882,6.794809
978,0.978,0.13383216,6.778729
979,0.979,0.16589546,6.827512
980,0.98,0.16008405,6.8170457
981,0.981,0.16210474,0.33946365
982,0.982,0.17252481,0.3406566
983,0.983,0.17751408,0.41429153
984,0.984,0.18336315,6.7624717
985,0.985,0.17662753,6.7869487
986,0.986,0.19753587,6.7755995
987,0.987,0.20308743,6.8128753
988,0.988,0.19492504,0.39539948
989,0.989,0.1988982,6.7404103
990,0.99,0.19219819,6.742016
991,0.991,0.20705135,6.673459
992,0.992,0.19078319,6.7340927
993,0.993,0.17844675,6.7169228
994,0.994,0.15697777,6.697246
995,0.995,0.14790855,6.7518945
996,0.996,0.16308019,6.772496
997,0.997,0.14823021,6.7318597
998,0.998,0.15113857,6.711727
999,0.999,0.13417377,6.7639284
1000,1.0,0.14117631,6.753745
1001,1.001,0.11488626,6.7870555
1002,1.002,0.13254416,6.777707
1003,1.003,0.14161126,6.798911
1004,1.004,0.16329977,6.807274
1005,1.005,0.1579673,6.823498
1006,1.006,0.1462502,6.806401
1007,1.007,0.16116787,6.799093
1008,1.008,0.16371547,6.7487354
1009,1.009,0.18943329,6.7836018
1010,1.01,0.19675839,6.7489
1011,1.011,0.20813608,6.7733016
1012,1.012,0.20506093,6.759436
1013,1.013,0.20062035,6.745819
1014,1.014,0.20369443,6.739744
1015,1.015,0.21477164,6.773021
1016,1.016,0.204277,6.79579
1017,1.017,0.19473162,6.82359
1018,1.018,0.18123893,6.823873
1019,1.019,0.18117514,6.8517737
1020,1.02,0.18755424,6.806768
1021,1.021,0.18755795,6.809506
1022,1.022,0.19452137,6.727304
1023,1.023,0.1806371,6.7278204
1024,1.024,0.1898965,6.7019687
1025,1.025,0.17927143,6.6994357
1026,1.026,0.17221767,6.739334
1027,1.027,0.14909488,6.742385
1028,1.028,0.16273957,6.722782
1029,1.029,0.16152038,6.6704006
1030,1.03,0.16990112,6.7763033
1031,1.031,0.16781865,6.6851993
1032,1.032,0.17045134,6.6519794
1033,1.033,0.15293144,6.663436
1034,1.034,0.15536712,6.6294184
1035,1.035,0.1641104,6.642731
1036,1.036,0.17015947,6.681591
1037,1.037,0.16678777,6.6956778
1038,1.038,0.17557201,6.6850195
1039,1.039,0.17902365,6.687877
1040,1.04,0.18261774,6.682111
1041,1.041,0.18554533,6.6418633
1042,1.042,0.19358253,0.38616598
1043,1.043,0.19464612,0.33724323
1044,1.044,0.17941067,0.34655473
1045,1.045,0.175701,0.37929964
1046,1.046,0.17733426,0.36279002
1047,1.047,0.1886653,0.31076503
1048,1.048,0.18065502,0.3454022
1049,1.049,0.18259369,0.27197134
1050,1.05,0.17602046,0.3349699
1051,1.051,0.18157539,0.32021165
1052,1.052,0.18096446,0.296462
1053,1.053,0.16243243,0.31528834
1054,1.054,0.16681133,0.33153567
1055,1.055,0.14764103,6.7094436
1056,1.056,0.15502897,0.32920244
1057,1.057,0.13576847,6.737549
1058,1.058,0.1404457,0.33355314
1059,1.059,0.1265459,0.36353514
1060,1.06,0.13996914,0.34970918
1061,1.061,0.12938243,0.41871515
1062,1.062,0.13347408,0.41188684
1063,1.063,0.12683424,0.38165373
1064,1.064,0.14782256,0.36503807
1065,1.065,0.14670478,0.3970334
1066,1.066,0.15146253,0.36078408
1067,1.067,0.1640484,0.37985802
1068,1.068,0.16468558,0.368984
1069,1.069,0.17356825,0.40163413
1070,1.07,0.1673427,0.40209922
1071,1.071,0.16797288,0.39823657
1072,1.072,0.15415259,6.7654686
1073,1.073,0.14272682,6.7649307
1074,1.074,0.14744359,6.803705
1075,1.075,0.14832065,6.817325
1076,1.076,0.14757995,6.778771
1077,1.077,0.14732437,6.7619586
1078,1.078,0.15386286,6.7779465
1079,1.079,0.16226725,6.7411137
1080,1.08,0.17440538,6.7889543
1081,1.081,0.14464478,0.4277256
1082,1.082,0.14951296,6.73734
1083,1.083,0.1571897,6.733594
1084,1.084,0.18006538,6.731131
1085,1.085,0.16216463,6.7254868
1086,1.086,0.14372762,6.736062
1087,1.087,0.12841389,6.731872
1088,1.088,0.11140027,6.7588344
1089,1.089,0.11788578,6.712886
1090,1.09,0.11796421,6.706854
1091,1.091,0.108568795,6.7046547
1092,1.092,0.12636125,6.6549296
1093,1.093,0.13079001,6.6662784
1094,1.094,0.16316096,6.664976
1095,1.095,0.15490066,6.6275153
1096,1.096,0.15023798,6.6516104
1097,1.097,0.14950523,0.47209087
1098,1.098,0.14142339,0.44899046
1099,1.099,0.14293563,6.696098
1100,1.1,0.13343251,6.7116466
1101,1.101,0.11785832,6.7079234
1102,1.102,0.10416075,6.7172074
1103,1.103,0.1079452,0.4464554
1104,1.104,0.11245577,6.649027
1105,1.105,0.109592505,6.6709623
1106,1.106,0.124477334,0.45180863
1107,1.107,0.12854885,6.66454
1108,1.108,0.13947274,6.6643605
1109,1.109,0.13969302,6.679095
1110,1.11,0.13801134,6.717601
1111,1.111,0.13955559,6.679517
1112,1.112,0.13308552,6.673762
1113,1.113,0.12860279,6.642778
1114,1.114,0.12623128,6.6838813
1115,1.115,0.113262884,6.742485
1116,1.116,0.11979424,6.6996317
1117,1.117,0.1066112,6.730207
1118,1.118,0.11303812,6.692694
1119,1.119,0.10938134,6.7322974
1120,1.12,0.12738536,6.7156677
1121,1.121,0.11490839,6.6734204
1122,1.122,0.11599576,6.731686
1123,1.123,0.10985167,6.738616
1124,1.124,0.09344618,6.786074
1125,1.125,0.10008578,6.7485366
1126,1.126,0.091377206,6.74676
1127,1.127,0.107810184,6.7830296
1128,1.128,0.093703136,6.769427
1129,1.129,0.10758693,6.820202
1130,1.13,0.09742396,6.7616982
1131,1.131,0.08994919,6.7721014
1132,1.132,0.096472465,6.8291516
1133,1.133,0.11241053,6.857723
1134,1.134,0.12704188,6.8238773
1135,1.135,0.120536886,6.872385
1136,1.136,0.12240402,6.9048104
1137,1.137,0.119720876,6.827434
1138,1.138,0.120025605,6.8403225
1139,1.139,0.1264326,6.812483
1140,1.14,0.118464865,6.8306904
1141,1.141,0.11147703,6.8290453
1142,1.142,0.13407551,6.84146
1143,1.143,0.12751596,6.8520827
1144,1.144,0.13893296,6.8486986
1145,1.145,0.14505498,6.845154
1146,1.146,0.15896958,6.8752112
1147,1.147,0.1784895,6.88449
1148,1.148,0.16667129,6.862838
1149,1.149,0.15041022,6.8447647
1150,1.15,0.12864053,6.8161473
1151,1.151,0.11997937,6.833036
1152,1.152,0.116863504,6.8614783
1153,1.153,0.12559783,6.8478236
1154,1.154,0.11382892,6.7794614
1155,1.155,0.12303325,6.768023
1156,1.156,0.13610862,6.7553687
1157,1.157,0.118988685,6.7667584
1158,1.158,0.12675583,6.7527275
1159,1.159,0.11183317,6.8314557
1160,1.16,0.088943735,6.787415
1161,1.161,0.10005806,6.779713
1162,1.162,0.08571931,6.835174
1163,1.163,0.09525941,6.814913
1164,1.164,0.1130013,6.789661
1165,1.165,0.11650686,6.7666016
1166,1.166,0.13208987,6.7850757
1167,1.167,0.13154264,6.7972007
1168,1.168,0.12774058,6.8433366
1169,1.169,0.122267954,6.851619
1170,1.17,0.10693383,6.7738547
1171,1.171,0.11664767,6.8037705
1172,1.172,0.08857126,6.804374
1173,1.173,0.09494338,6.8096604
1174,1.174,0.0915011,6.799922
1175,1.175,0.08307863,6.7988443
1176,1.176,0.09597993,6.83813
1177,1.177,0.101053596,6.8174477
1178,1.178,0.10095288,6.7585564
1179,1.179,0.09651799,6.7529583
1180,1.18,0.109398246,6.786461
1181,1.181,0.0973575,6.8088446
1182,1.182,0.080054305,6.7770915
1183,1.183,0.07800358,6.78906
1184,1.184,0.08122974,6.8314943
1185,1.185,0.07975339,6.783339
1186,1.186,0.087375514,6.8050203
1187,1.187,0.068246834,6.8897357
1188,1.188,0.07814571,6.8675437
1189,1.189,0.088152625,6.8555555
1190,1.19,0.07433703,6.901783
1191,1.191,0.07659487,6.804277
1192,1.192,0.071305074,6.838924
1193,1.193,0.08177155,6.8536024
1194,1.194,0.10536567,6.892434
1195,1.195,0.094357155,6.861891
1196,1.196,0.079956055,6.864782
1197,1.197,0.08759486,6.806667
1198,1.198,0.0762136,6.8209276
1199,1.199,0.077876024,6.806444
1200,1.2,0.08350332,6.8090186
1201,1.201,0.08062409,6.8088717
1202,1.202,0.08985404,6.794021
1203,1.203,0.08497165,6.786574
1204,1.204,0.08645516,6.701776
1205,1.205,0.08851903,6.7358108
1206,1.206,0.09044645,6.723622
1207,1.207,0.09637656,6.7494454
1208,1.208,0.104238406,6.7237444
1209,1.209,0.11280062,6.7747016
1210,1.21,0.112266466,6.7559905
1211,1.211,0.111928225,6.746363
1212,1.212,0.12130358,6.795554
1213,1.213,0.10460151,6.7965207
1214,1.214,0.10819763,6.7905164
1215,1.215,0.10896416,6.817926
1216,1.216,0.11002412,6.81989
1217,1.217,0.113767974,6.786363
1218,1.218,0.122555025,6.7725134
1219,1.219,0.10651791,6.7673297
1220,1.22,0.1038718,6.707251
1221,1.221,0.10853685,6.7333546
1222,1.222,0.10594336,6.7297096
1223,1.223,0.11220879,6.744901
1224,1.224,0.11544034,6.693461
1225,1.225,0.120801285,6.6841335
1226,1.226,0.13072637,6.678932
1227,1.227,0.13422371,6.6874704
1228,1.228,0.13420132,6.692287
1229,1.229,0.13034025,6.6870184
1230,1.23,0.12223958,6.6722646
1231,1.231,0.14662597,6.672113
1232,1.232,0.13446808,6.665461
1233,1.233,0.1470888,6.607142
1234,1.234,0.13427538,6.65352
1235,1.235,0.12698363,6.6684694
1236,1.236,0.1284283,6.64604
1237,1.237,0.13344982,6.679294
1238,1.238,0.1218133,6.723738
1239,1.239,0.13762383,6.67649
1240,1.24,0.13563219,6.6369395
1241,1.241,0.15025951,6.6737475
1242,1.242,0.13010235,6.6487026
1243,1.243,0.1306326,6.6553116
1244,1.244,0.13223855,6.6378846
1245,1.245,0.12508875,6.635808
1246,1.246,0.13346888,6.6704607
1247,1.247,0.12593606,6.6336093
1248,1.248,0.11716777,6.584231
1249,1.249,0.12852007,6.5464544
1250,1.25,0.13176566,6.552452
1251,1.251,0.14506453,6.5387983
1252,1.252,0.12657149,6.5738273
1253,1.253,0.13675256,6.579765
1254,1.254,0.120487005,6.600811
1255,1.255,0.11733931,6.592525
1256,1.256,0.09669269,6.5809736
1257,1.257,0.10755254,6.6345696
1258,1.258,0.10607857,6.606763
1259,1.259,0.11931853,6.586614
1260,1.26,0.11748109,6.5442677
1261,1.261,0.12138361,6.5741124
1262,1.262,0.118728034,6.630826
1263,1.263,0.11505116,6.5283933
1264,1.264,0.109780096,6.5264964
1265,1.265,0.10779088,6.533032
1266,1.266,0.10295744,6.5124197
1267,1.267,0.11086771,6.4691095
1268,1.268,0.11819328,6.551227
1269,1.269,0.13106018,6.4580708
1270,1.27,0.11947344,6.4584193
1271,1.271,0.13170248,6.515761
1272,1.272,0.1410977,6.4460473
1273,1.273,0.13166912,6.498168
1274,1.274,0.1397526,6.5384064
1275,1.275,0.16301921,6.5292573
1276,1.276,0.16525036,6.489569
1277,1.277,0.17746069,6.4811563
1278,1.278,0.20457895,6.4629273
1279,1.279,0.20252201,6.434409
1280,1.28,0.2222759,6.433492
1281,1.281,0.23058408,6.436589
1282,1.282,0.24245082,6.5286183
1283,1.283,0.26130766,6.447437
1284,1.284,0.2742522,6.46456
1285,1.285,0.26891208,6.470982
1286,1.286,0.26308617,6.4921207
1287,1.287,0.24438837,6.5516787
1288,1.288,0.27047998,6.529112
1289,1.289,0.26221827,6.50874
1290,1.29,0.24350224,6.462539
1291,1.291,0.23958655,6.4272223
1292,1.292,0.24645048,6.4185247
1293,1.293,0.24884506,6.420853
1294,1.294,0.23955856,6.443648
1295,1.295,0.23514807,6.3350964
1296,1.296,0.27244306,6.36164
1297,1.297,0.27789006,6.3699155
1298,1.298,0.2470127,6.4551015
1299,1.299,0.23907651,6.4380283
1300,1.3,0.25573534,6.4706697
1301,1.301,0.26833287,6.444026
1302,1.302,0.2712226,6.4621143
1303,1.303,0.24896395,6.5468493
1304,1.304,0.25004992,6.537602
1305,1.305,0.2620136,6.449507
1306,1.306,0.23967434,6.5071297
1307,1.307,0.24715118,6.4914308
1308,1.308,0.2422486,6.5434384
1309,1.309,0.25206757,6.5721793
1310,1.31,0.2456264,6.585066
1311,1.311,0.25976986,6.575868
1312,1.312,0.23948714,6.638457
1313,1.313,0.23043364,6.6622453
1314,1.314,0.22949767,6.6380544
1315,1.315,0.25579226,6.62837
1316,1.316,0.25816557,6.6344337
1317,1.317,0.2517427,6.6334634
1318,1.318,0.25340587,6.6200085
1319,1.319,0.2890985,6.620529
1320,1.32,0.2771211,6.598412
1321,1.321,0.27320912,6.593165
1322,1.322,0.25027266,6.674348
1323,1.323,0.23435132,6.673394
1324,1.324,0.22700901,6.658953
1325,1.325,0.20904051,6.6979837
1326,1.326,0.2241702,6.654824
1327,1.327,0.22821571,6.7293377
1328,1.328,0.20920967,6.7280765
1329,1.329,0.20165598,6.711834
1330,1.33,0.2131107,6.7448993
1331,1.331,0.21105912,6.722862
1332,1.332,0.21663979,6.736155
1333,1.333,0.21152744,6.721849
1334,1.334,0.18825433,6.56784
1335,1.335,0.19728057,6.729253
1336,1.336,0.18202302,6.6303167
1337,1.337,0.19163199,6.7281976
1338,1.338,0.18634479,6.764245
1339,1.339,0.17940292,6.7800546
1340,1.34,0.18459466,6.7681
1341,1.341,0.17976083,6.7451143
1342,1.342,0.18616109,6.7509995
1343,1.343,0.18556027,6.779615
1344,1.344,0.17413343,6.7462354
1345,1.345,0.17546926,6.821582
1346,1.346,0.17088482,6.757057
1347,1.347,0.1811445,6.734553
1348,1.348,0.16980721,6.734698
1349,1.349,0.17619112,6.81456
1350,1.35,0.18055646,6.728051
1351,1.351,0.16004795,6.7528386
1352,1.352,0.1578985,6.734962
1353,1.353,0.16543774,6.673223
1354,1.354,0.16666573,6.667582
1355,1.355,0.15879497,6.6556377
1356,1.356,0.15805216,6.6523943
1357,1.357,0.14718936,6.6965313
1358,1.358,0.13788229,6.6826806
1359,1.359,0.14781943,6.6805034
1360,1.36,0.15229973,6.6387997
1361,1.361,0.16431034,6.5882254
1362,1.362,0.14496729,6.6363306
1363,1.363,0.14387873,6.5863743
1364,1.364,0.14587824,6.5773525
1365,1.365,0.14526044,6.6673865
1366,1.366,0.13899618,6.64408
1367,1.367,0.14278513,6.621334
1368,1.368,0.14397511,6.6854854
1369,1.369,0.15161814,6.637679
1370,1.37,0.16299793,6.652078
1371,1.371,0.13514037,6.6653914
1372,1.372,0.14079095,6.6777034
1373,1.373,0.1440618,6.68688
1374,1.374,0.1603539,6.862662
1375,1.375,0.15073113,6.7473454
1376,1.376,0.15300097,6.764276
1377,1.377,0.14209205,6.8979316
1378,1.378,0.15035488,6.9547615
1379,1.379,0.1416896,6.7705016
1380,1.38,0.13675764,6.77379
1381,1.381,0.14479813,6.7727838
1382,1.382,0.14600655,6.758367
1383,1.383,0.13823563,6.7097807
1384,1.384,0.1462012,6.693837
1385,1.385,0.1565678,6.731075
1386,1.386,0.16308443,6.7769723
1387,1.387,0.16924943,6.8330407
1388,1.388,0.18496875,6.831067
1389,1.389,0.17450744,6.834196
1390,1.39,0.18966748,6.873861
1391,1.391,0.19753002,6.849251
1392,1.392,0.19021764,6.832733
1393,1.393,0.16953468,6.8373523
1394,1.394,0.16660886,6.811947
1395,1.395,0.17716208,6.8362894
1396,1.396,0.18296683,6.7840285
1397,1.397,0.19055644,6.8089995
1398,1.398,0.18159066,6.7232323
1399,1.399,0.18577568,6.735676
1400,1.4,0.19893655,6.7219176
1401,1.401,0.18835501,6.705901
1402,1.402,0.17615044,6.728125
1403,1.403,0.17406172,6.760699
1404,1.404,0.19493927,6.81177
1405,1.405,0.18792984,6.8375735
1406,1.406,0.17472589,6.969197
1407,1.407,0.1935276,6.876687
1408,1.408,0.1855503,6.8173594
1409,1.409,0.17969136,6.961769
1410,1.41,0.1814875,6.9642615
1411,1.411,0.18714578,6.957008
1412,1.412,0.19212599,6.9192543
1413,1.413,0.20885463,6.9591103
1414,1.414,0.19374967,6.874374
1415,1.415,0.19223066,6.8537908
1416,1.416,0.1953835,6.8805623
1417,1.417,0.18532714,6.914843
1418,1.418,0.18907292,6.9315686
1419,1.419,0.199105,6.9404073
1420,1.42,0.18863098,6.90677
1421,1.421,0.18064478,6.9484987
1422,1.422,0.19510168,6.952046
1423,1.423,0.21174482,6.895702
1424,1.424,0.21118397,6.981755
1425,1.425,0.20043589,6.9387903
1426,1.426,0.20014846,6.9883513
1427,1.427,0.20009647,7.008631
1428,1.428,0.197229,6.9891105
1429,1.429,0.20205228,6.9570794
1430,1.43,0.2121724,6.914332
1431,1.431,0.22599237,6.9580593
1432,1.432,0.228753,6.93475
1433,1.433,0.22737536,6.968009
1434,1.434,0.2255172,6.980352
1435,1.435,0.21832155,7.0585694
1436,1.436,0.22006924,7.0736136
1437,1.437,0.21612693,7.085194
1438,1.438,0.21088597,7.091042
1439,1.439,0.19995894,7.1379337
1440,1.44,0.19967894,7.057753
1441,1.441,0.21805876,7.0835066
1442,1.442,0.21364053,7.0334134
1443,1.443,0.21163234,7.0387373
1444,1.444,0.19644322,7.05709
1445,1.445,0.18448566,7.0660925
1446,1.446,0.19043143,7.0741105
1447,1.447,0.20863643,7.082134
1448,1.448,0.20433696,7.137158
1449,1.449,0.20616622,7.0533113
1450,1.45,0.20449758,6.968437
1451,1.451,0.21586256,7.0152464
1452,1.452,0.2270304,7.074278
1453,1.453,0.2322455,7.0665135
1454,1.454,0.24311931,7.0647464
1455,1.455,0.25418746,7.0972595
1456,1.456,0.2236281,7.067235
1457,1.457,0.21449804,7.060909
1458,1.458,0.22295924,7.0354667
1459,1.459,0.22341089,7.060557
1460,1.46,0.23983538,7.0782633
1461,1.461,0.22933541,7.0860176
1462,1.462,0.23002896,7.010408
1463,1.463,0.22951983,7.0006785
1464,1.464,0.20874943,7.0268035
1465,1.465,0.21913542,6.990065
1466,1.466,0.21192709,7.0166106
1467,1.467,0.22051632,7.073995
1468,1.468,0.2190225,7.087031
1469,1.469,0.20822936,7.0518723
1470,1.47,0.21346189,7.0954742
1471,1.471,0.221799,7.102798
1472,1.472,0.20357636,7.082729
1473,1.473,0.21917868,7.0789423
1474,1.474,0.21067429,7.07318
1475,1.475,0.2113864,7.0341334
1476,1.476,0.22427744,7.04115
1477,1.477,0.24309364,7.00117
1478,1.478,0.23095676,7.014606
1479,1.479,0.23325965,7.0369453
1480,1.48,0.2309898,7.0053253
1481,1.481,0.20936652,6.9862056
1482,1.482,0.19543557,7.02353
1483,1.483,0.19579604,6.989997
1484,1.484,0.16557881,6.9378085
1485,1.485,0.173363,6.965097
1486,1.486,0.1856263,6.961816
1487,1.487,0.19336146,7.00506
1488,1.488,0.1864651,6.983144
1489,1.489,0.1770015,6.949561
1490,1.49,0.19050911,7.00373
1491,1.491,0.20376706,7.00034
1492,1.492,0.19764937,7.007921
1493,1.493,0.17338033,7.006032
1494,1.494,0.16330685,6.999213
1495,1.495,0.16798526,6.994438
1496,1.496,0.17366812,6.993995
1497,1.497,0.17308405,7.034613
1498,1.498,0.1670537,6.9685736
1499,1.499,0.15841013,6.979185
1500,1.5,0.14957017,6.987655
1501,1.501,0.15710437,6.960634
1502,1.502,0.16623378,6.973814
1503,1.503,0.17062894,6.9921613
1504,1.504,0.16454092,7.003471
1505,1.505,0.14903904,7.026269
1506,1.506,0.13258949,6.9995475
1507,1.507,0.15384632,6.9908166
1508,1.508,0.13514209,6.9470234
1509,1.509,0.14359082,7.011635
1510,1.51,0.159656,6.970797
1511,1.511,0.16706477,6.9348674
1512,1.512,0.14155737,6.955811
1513,1.513,0.15115388,6.948888
1514,1.514,0.14401203,6.9429383
1515,1.515,0.1523741,6.9666605
1516,1.516,0.14447846,7.0525937
1517,1.517,0.15325461,7.081007
1518,1.518,0.1407384,7.018193
1519,1.519,0.13740696,7.0199466
1520,1.52,0.13329382,7.0161686
1521,1.521,0.13582806,7.054031
1522,1.522,0.15005474,7.035033
1523,1.523,0.14254041,7.039123
1524,1.524,0.13662402,6.9837427
1525,1.525,0.12811106,6.983888
1526,1.526,0.12780392,7.0575724
1527,1.527,0.13893795,7.0254674
1528,1.528,0.13443886,7.0065374
1529,1.529,0.13134037,6.9513497
1530,1.53,0.13326259,7.009286
1531,1.531,0.12647647,6.9793406
1532,1.532,0.13265051,7.000919
1533,1.533,0.13144594,7.04579
1534,1.534,0.12706007,7.011474
1535,1.535,0.12722191,7.0171056
1536,1.536,0.11193236,7.0740204
1537,1.537,0.12948069,7.1021304
1538,1.538,0.13379242,7.0844264
1539,1.539,0.12914814,7.133645
1540,1.54,0.12763557,7.141102
1541,1.541,0.1178289,0.8912313
1542,1.542,0.12431006,0.8871453
1543,1.543,0.119390205,0.8115882
1544,1.544,0.10940882,0.8045665
1545,1.545,0.116031624,0.80610603
1546,1.546,0.122747295,0.8278121
1547,1.547,0.11316895,0.80024725
1548,1.548,0.12284332,0.86390054
1549,1.549,0.11967839,0.87511176
1550,1.55,0.11901588,0.8930372
1551,1.551,0.111657314,0.8498423
1552,1.552,0.118099354,0.9057974
1553,1.553,0.13101432,0.8432976
1554,1.554,0.11738265,0.8466474
1555,1.555,0.13406171,0.8251522
1556,1.556,0.12834366,0.83598924
1557,1.557,0.14061677,0.8739043
1558,1.558,0.13375093,0.84535587
1559,1.559,0.13993776,0.8356971
1560,1.56,0.15033488,0.85923696
1561,1.561,0.16861853,0.8676349
1562,1.562,0.1666699,0.79182166
1563,1.563,0.15002546,0.84781724
1564,1.564,0.1429146,0.8227294
1565,1.565,0.14564033,0.8621086
1566,1.566,0.149318,0.8417632
1567,1.567,0.1470652,0.78809005
1568,1.568,0.1379041,0.79539216
1569,1.569,0.1426847,0.78679484
1570,1.57,0.1521904,0.86537385
1571,1.571,0.14615533,0.77951497
1572,1.572,0.14251284,0.7348714
1573,1.573,0.1406365,0.7682209
1574,1.574,0.15464224,0.75346845
1575,1.575,0.14968142,0.75081635
1576,1.576,0.17310676,0.77043295
1577,1.577,0.17634328,0.7941805
1578,1.578,0.18657169,0.7700878
1579,1.579,0.18069085,0.7516647
1580,1.58,0.16953333,0.7710447
1581,1.581,0.16384393,0.7803921
1582,1.582,0.15406407,0.7846156
1583,1.583,0.15320633,0.8350476
1584,1.584,0.15958647,0.7827979
1585,1.585,0.1522071,0.75950265
1586,1.586,0.15339333,0.7031656
1587,1.587,0.16197775,0.7340567
1588,1.588,0.16676974,0.68901724
1589,1.589,0.17146559,0.6420512
1590,1.59,0.1624922,0.610862
1591,1.591,0.16377336,0.6006961
1592,1.592,0.18225531,0.63099897
1593,1.593,0.1873384,0.6562364
1594,1.594,0.18885759,0.65823233
1595,1.595,0.184975,0.69324297
1596,1.596,0.1771412,0.63342977
1597,1.597,0.18082899,0.67426
1598,1.598,0.1824645,0.73035747
1599,1.599,0.16112196,0.6753043
1600,1.6,0.17695054,0.6086316
1601,1.601,0.17591536,0.6045167
1602,1.602,0.16226867,0.6884275
1603,1.603,0.15728527,0.6358306
1604,1.604,0.16922621,0.68877363
1605,1.605,0.14103541,0.7107632
1606,1.606,0.1435248,0.6734106
1607,1.607,0.14048848,0.69555813
1608,1.608,0.13394439,0.68247867
1609,1.609,0.13401169,0.66563255
1610,1.61,0.116471134,0.6557293
1611,1.611,0.12403264,0.6784762
1612,1.612,0.12887755,0.6357589
1613,1.613,0.12536752,0.67023087
1614,1.614,0.13556057,0.6575128
1615,1.615,0.1300099,0.6696496
1616,1.616,0.13222632,0.67519957
1617,1.617,0.12292609,0.6286738
1618,1.618,0.12901919,0.638876
1619,1.619,0.14284016,0.656111
1620,1.62,0.14307629,0.62280744
1621,1.621,0.13132629,0.6496736
1622,1.622,0.12891163,0.71141523
1623,1.623,0.13365929,0.67542046
1624,1.624,0.1388564,0.74574476
1625,1.625,0.14721605,0.7106297
1626,1.626,0.13473432,0.63970476
1627,1.627,0.14015402,0.63029593
1628,1.628,0.13251798,0.6526674
1629,1.629,0.12913561,0.6236421
1630,1.63,0.12579647,0.5999728
1631,1.631,0.12758847,0.6766475
1632,1.632,0.1296181,0.6667836
1633,1.633,0.12803525,0.6169663
1634,1.634,0.13451621,0.72480154
1635,1.635,0.13554181,0.72219753
1636,1.636,0.13101079,0.647261
1637,1.637,0.14305851,0.7246763
1638,1.638,0.14102721,0.7368133
1639,1.639,0.1435248,0.7466416
1640,1.64,0.13430464,0.7553973
1641,1.641,0.12797926,0.7822802
1642,1.642,0.13735814,0.74634534
1643,1.643,0.15367341,0.7182005
1644,1.644,0.1561153,0.7008892
1645,1.645,0.16917565,0.68926156
1646,1.646,0.17545082,0.69846773
1647,1.647,0.17948538,0.75361115
1648,1.648,0.16801417,0.790073
1649,1.649,0.16122955,0.802161
1650,1.65,0.15436392,0.7685935
1651,1.651,0.14726788,0.76305413
1652,1.652,0.15128689,0.7246157
1653,1.653,0.14473586,0.7419017
1654,1.654,0.16061176,0.6496463
1655,1.655,0.15915999,0.67306894
1656,1.656,0.16845667,0.7048585
1657,1.657,0.17527415,0.70647216
1658,1.658,0.18565743,0.7006736
1659,1.659,0.17966177,0.74621546
1660,1.66,0.176727,0.75950044
1661,1.661,0.1772195,0.6939437
1662,1.662,0.16547267,0.6589771
1663,1.663,0.16830564,0.6790089
1664,1.664,0.15203689,0.61556864
1665,1.665,0.15717499,0.66043407
1666,1.666,0.16609742,0.66492146
1667,1.667,0.15786336,0.6778068
1668,1.668,0.15469605,0.71305877
1669,1.669,0.15809897,0.7169591
1670,1.67,0.15121351,0.7436146
1671,1.671,0.14038311,0.7548709
1672,1.672,0.15963283,0.7178251
1673,1.673,0.16260883,0.73399925
1674,1.674,0.16712841,0.7292091
1675,1.675,0.17936426,0.7134484
1676,1.676,0.17952016,0.7948907
1677,1.677,0.18821503,0.77521044
1678,1.678,0.18934418,0.78003204
1679,1.679,0.17998318,0.7579646
1680,1.68,0.2143568,0.7679623
1681,1.681,0.21319313,0.79557544
1682,1.682,0.23241566,0.7882333
1683,1.683,0.21453792,0.75971705
1684,1.684,0.21581328,0.74632627
1685,1.685,0.22299345,0.76872903
1686,1.686,0.22108175,0.8098797
1687,1.687,0.21136452,0.8010567
1688,1.688,0.20061228,0.7873431
1689,1.689,0.21267523,0.7767447
1690,1.69,0.21591824,0.789356
1691,1.691,0.20415246,0.7447592
1692,1.692,0.18912427,0.7714229
1693,1.693,0.20077932,0.79840904
1694,1.694,0.19773357,0.7626117
1695,1.695,0.2078849,0.74987376
1696,1.696,0.19339374,0.70921487
1697,1.697,0.18043606,0.73378915
1698,1.698,0.1952829,0.74946517
1699,1.699,0.20446138,0.6847954
1700,1.7,0.20470661,0.7029417
1701,1.701,0.2034548,0.70454186
1702,1.702,0.19915491,0.7177592
1703,1.703,0.20539664,0.77955234
1704,1.704,0.22763957,0.73831856
1705,1.705,0.20776586,0.7191093
1706,1.706,0.21566862,0.67888874
1707,1.707,0.22827445,0.6494986
1708,1.708,0.20600581,0.69054234
1709,1.709,0.19966389,0.7025533
1710,1.71,0.2030066,0.7215203
1711,1.711,0.19076622,0.71837837
1712,1.712,0.1908486,0.7155709
1713,1.713,0.18919638,0.7094263
1714,1.714,0.19813654,0.7206217
1715,1.715,0.19128181,0.67577857
1716,1.716,0.18840042,0.6981146
1717,1.717,0.1975745,0.6906688
1718,1.718,0.21699274,0.71484
1719,1.719,0.21884932,0.72045296
1720,1.72,0.23030317,0.7566596
1721,1.721,0.2385363,0.79160035
1722,1.722,0.22114657,0.6884868
1723,1.723,0.21691921,0.75601894
1724,1.724,0.20441502,0.7655489
1725,1.725,0.20732696,0.7689717
1726,1.726,0.20929031,0.7846462
1727,1.727,0.21469736,0.82578284
1728,1.728,0.20922734,0.7967227
1729,1.729,0.22284411,0.79323554
1730,1.73,0.21147497,0.7580336
1731,1.731,0.21043931,0.8050402
1732,1.732,0.20195614,0.76553047
1733,1.733,0.20377727,0.7978342
1734,1.734,0.22065152,0.80959576
1735,1.735,0.23344988,0.82347506
1736,1.736,0.23134884,0.82693803
1737,1.737,0.227941,0.7820987
1738,1.738,0.20965675,0.77503145
1739,1.739,0.21596535,0.8451285
1740,1.74,0.2404573,0.8011865
1741,1.741,0.23720475,0.8253382
1742,1.742,0.20079774,0.8684958
1743,1.743,0.19475655,0.83694685
1744,1.744,0.18222359,0.826858
1745,1.745,0.18758877,0.8555268
1746,1.746,0.2100071,0.8808936
1747,1.747,0.2013749,0.8354735
1748,1.748,0.2143417,0.8247461
1749,1.749,0.21685418,0.8028723
1750,1.75,0.2091135,0.86432225
1751,1.751,0.20846793,0.8357895
1752,1.752,0.20029396,0.821336
1753,1.753,0.20949127,0.8508095
1754,1.754,0.20189774,0.8187113
1755,1.755,0.19712465,0.857547
1756,1.756,0.19264515,0.8675077
1757,1.757,0.19866441,0.8835496
1758,1.758,0.17867205,0.89089555
1759,1.759,0.18026684,0.9022014
1760,1.76,0.18693441,0.88763
1761,1.761,0.18326226,0.9318623
1762,1.762,0.16826716,0.873545
1763,1.763,0.1596589,0.8260722
1764,1.764,0.15904228,0.835755
1765,1.765,0.15223597,0.8511698
1766,1.766,0.15237258,0.8413493
1767,1.767,0.15620264,0.8299336
1768,1.768,0.14827855,0.80484855
1769,1.769,0.15333907,0.8265226
1770,1.77,0.15299039,0.8443445
1771,1.771,0.14488912,0.8232272
1772,1.772,0.15391093,0.8511712
1773,1.773,0.15314293,0.8785621
1774,1.774,0.17201349,0.88774645
1775,1.775,0.16187067,0.8560749
1776,1.776,0.17107953,0.9345825
1777,1.777,0.17425023,0.89788145
1778,1.778,0.19530658,0.9240297
1779,1.779,0.18577693,0.9427054
1780,1.78,0.17849597,0.9926253
1781,1.781,0.18482122,0.9813812
1782,1.782,0.19303358,0.95099854
1783,1.783,0.18443803,0.98224735
1784,1.784,0.16627689,1.0136966
1785,1.785,0.17132261,0.98347205
1786,1.786,0.16590662,0.98017645
1787,1.787,0.16395114,1.0423719
1788,1.788,0.15866534,1.0430787
1789,1.789,0.16270974,0.9970744
1790,1.79,0.17809401,0.9812181
1791,1.791,0.17151009,0.99783635
1792,1.792,0.19257912,0.9878519
1793,1.793,0.1890827,1.0383114
1794,1.794,0.18952237,1.0241342
1795,1.795,0.18922326,0.9728842
1796,1.796,0.192879,0.99683154
1797,1.797,0.19070682,1.0026593
1798,1.798,0.19742349,1.0240823
1799,1.799,0.19829284,1.0230477
1800,1.8,0.18372844,1.0148736
1801,1.801,0.19824153,1.0171019
1802,1.802,0.2019195,1.044798
1803,1.803,0.17209277,1.0382922
1804,1.804,0.1652042,1.0491624
1805,1.805,0.16645336,1.0458035
1806,1.806,0.17071833,0.96250606
1807,1.807,0.17196107,1.0026312
1808,1.808,0.15634911,1.0322583
1809,1.809,0.17804596,0.9970513
1810,1.81,0.16355723,0.9810828
1811,1.811,0.15851957,0.9408315
1812,1.812,0.15632989,0.98164946
1813,1.813,0.15170199,1.0286286
1814,1.814,0.1572397,1.0601999
1815,1.815,0.16576163,1.020613
1816,1.816,0.14100263,1.0404058
1817,1.817,0.1418266,1.0309664
1818,1.818,0.14723647,1.0422212
1819,1.819,0.1521828,0.99158686
1820,1.82,0.13363853,1.0148207
1821,1.821,0.14803356,1.0047147
1822,1.822,0.13529938,1.0090685
1823,1.823,0.1443584,0.97073674
1824,1.824,0.14503106,0.9865769
1825,1.825,0.13518314,0.99332124
1826,1.826,0.1440618,0.91498977
1827,1.827,0.13954897,0.87329316
1828,1.828,0.13974267,0.87260216
1829,1.829,0.13945615,0.86231995
1830,1.83,0.13187616,0.88525385
1831,1.831,0.13570206,0.84370774
1832,1.832,0.14398314,0.86242133
1833,1.833,0.15398002,0.86971164
1834,1.834,0.16197632,0.8589016
1835,1.835,0.16142444,0.8337468
1836,1.836,0.15906845,0.8488544
1837,1.837,0.16702187,0.818117
1838,1.838,0.15551437,0.75594866
1839,1.839,0.14958872,0.7481554
1840,1.84,0.17063841,0.7337852
1841,1.841,0.188027,0.7395076
1842,1.842,0.18769717,0.7619339
1843,1.843,0.16044326,0.759946
1844,1.844,0.15777692,0.78102607
1845,1.845,0.160931,0.7321716
1846,1.846,0.16603477,0.71946037
1847,1.847,0.16520838,0.6677036
1848,1.848,0.15273932,0.6535881
1849,1.849,0.14907317,0.6577974
1850,1.85,0.14791168,0.6474144
1851,1.851,0.14527953,0.6589193
1852,1.852,0.14201394,0.68690395
1853,1.853,0.15600419,0.66538185
1854,1.854,0.15694536,0.68348193
1855,1.855,0.15516461,0.66811436
1856,1.856,0.16823831,0.72900784
1857,1.857,0.16549502,0.6700264
1858,1.858,0.18152826,0.6644441
1859,1.859,0.16332667,0.628416
1860,1.86,0.1735043,0.64278024
1861,1.861,0.18169121,0.6936799
1862,1.862,0.16916199,0.67030895
1863,1.863,0.15401155,0.7215606
1864,1.864,0.17239746,0.7237524
1865,1.865,0.16437645,0.7096633
1866,1.866,0.15954301,0.7013662
1867,1.867,0.15341896,0.75549334
1868,1.868,0.15305836,0.6999265
1869,1.869,0.160931,0.7306713
1870,1.87,0.14990984,0.73926336
1871,1.871,0.1661517,0.73956805
1872,1.872,0.14893663,0.787711
1873,1.873,0.15593897,0.76991075
1874,1.874,0.13565604,0.77039087
1875,1.875,0.13817206,0.7673902
1876,1.876,0.13322441,0.7349434
1877,1.877,0.13708521,0.7526312
1878,1.878,0.12682512,0.7576412
1879,1.879,0.13551621,0.764107
1880,1.88,0.13883142,0.757028
1881,1.881,0.13892464,0.7471709
1882,1.882,0.14251122,0.70242494
1883,1.883,0.15201712,0.68858564
1884,1.884,0.15110493,0.7065165
1885,1.885,0.15610048,0.72741127
1886,1.886,0.16112052,0.65798664
1887,1.887,0.14960572,0.69454515
1888,1.888,0.16027169,0.7245531
1889,1.889,0.1486585,0.7433
1890,1.89,0.16028611,0.80866116
1891,1.891,0.15243933,0.72148687
1892,1.892,0.16343139,0.77728945
1893,1.893,0.15265,0.72658056
1894,1.894,0.16064055,0.7622713
1895,1.895,0.15875128,0.76602066
1896,1.896,0.14755018,0.78160137
1897,1.897,0.15198974,0.8069895
1898,1.898,0.15853122,0.82826686
1899,1.899,0.1557847,0.8412545
1900,1.9,0.16753048,0.84566975
1901,1.901,0.16342431,0.8165568
1902,1.902,0.16193351,0.8065997
1903,1.903,0.15921953,0.779057
1904,1.904,0.15466616,0.8089406
1905,1.905,0.15886338,0.8152965
1906,1.906,0.15485886,0.82591736
1907,1.907,0.16021398,0.7999366
1908,1.908,0.16222022,0.8112853
1909,1.909,0.17733946,0.7959704
1910,1.91,0.1676312,0.7513127
1911,1.911,0.15621449,0.7607866
1912,1.912,0.16590662,0.7751687
1913,1.913,0.157347,0.79536587
1914,1.914,0.15116765,0.8602692
1915,1.915,0.15353043,0.83206624
1916,1.916,0.15168369,0.8774475
1917,1.917,0.14274788,0.8649753
1918,1.918,0.12996723,0.8725038
1919,1.919,0.14089273,0.9108091
1920,1.92,0.15190454,0.87997866
1921,1.921,0.15634172,0.8839688
1922,1.922,0.15611677,0.84667665
1923,1.923,0.15499765,0.8810085
1924,1.924,0.153705,0.904286
1925,1.925,0.1579351,0.83978283
1926,1.926,0.14979413,0.7465062
1927,1.927,0.17257707,0.8090786
1928,1.928,0.1561227,0.87135756
1929,1.929,0.15930809,0.84597504
1930,1.93,0.14970921,0.8243733
1931,1.931,0.14792731,0.8097055
1932,1.932,0.15331343,0.7802332
1933,1.933,0.14939694,0.77662075
1934,1.934,0.1633861,0.7303486
1935,1.935,0.1755641,0.70844054
1936,1.936,0.15738814,0.71060544
1937,1.937,0.159821,0.6971479
1938,1.938,0.16096692,0.6562058
1939,1.939,0.16308868,0.69024515
1940,1.94,0.17586277,0.71044624
1941,1.941,0.15463476,0.7488572
1942,1.942,0.13581274,0.70593697
1943,1.943,0.13340478,0.7206554
1944,1.944,0.13366967,0.6977858
1945,1.945,0.14457443,0.72607297
1946,1.946,0.1397774,0.6710334
1947,1.947,0.14668271,0.6935317
1948,1.948,0.14404736,0.7614725
1949,1.949,0.14936444,0.69694906
1950,1.95,0.15267119,0.7407939
1951,1.951,0.14841102,0.7799874
1952,1.952,0.15718676,0.7926269
1953,1.953,0.16460274,0.8226612
1954,1.954,0.1688939,0.8731421
1955,1.955,0.16475014,0.878742
1956,1.956,0.17067228,6.5373507
1957,1.957,0.18428756,6.525668
1958,1.958,0.1870259,0.85895354
1959,1.959,0.16652697,0.8795671
1960,1.96,0.17395143,0.8819496
1961,1.961,0.18564747,6.5058923
1962,1.962,0.19241337,0.8675753
1963,1.963,0.19055402,0.7931422
1964,1.964,0.18234155,0.80205476
1965,1.965,0.16450158,0.77093685
1966,1.966,0.17173235,0.8300382
1967,1.967,0.16402163,0.7757916
1968,1.968,0.17857367,0.73691803
1969,1.969,0.17163001,0.73882943
1970,1.97,0.197578,0.7131109
1971,1.971,0.18820274,0.6870271
1972,1.972,0.18431264,0.6845656
1973,1.973,0.19614643,0.6846421
1974,1.974,0.19114396,0.6750058
1975,1.975,0.17622918,0.6428572
1976,1.976,0.17372535,0.6441043
1977,1.977,0.16193922,0.68394834
1978,1.978,0.15298131,0.6767574
1979,1.979,0.15575501,0.66687673
1980,1.98,0.14556569,0.7038541
1981,1.981,0.13702448,0.7257046
1982,1.982,0.15438937,0.68631876
1983,1.983,0.15265907,0.6954739
1984,1.984,0.15377268,0.6716143
1985,1.985,0.16118796,0.5669891
1986,1.986,0.14501034,0.64672214
1987,1.987,0.14494017,0.610649
1988,1.988,0.15475433,0.647219
1989,1.989,0.16317514,0.6969497
1990,1.99,0.17344166,0.71334547
1991,1.991,0.16253772,0.7325954
1992,1.992,0.16794397,0.77793103
1993,1.993,0.15804778,0.8014535
1994,1.994,0.1688186,0.7728557
1995,1.995,0.15917742,0.695476
1996,1.996,0.15882699,0.7063708
1997,1.997,0.16862951,0.6966244
1998,1.998,0.16297524,0.6666214
1999,1.999,0.15949373,0.6465095
2000,2.0,0.17088076,0.6290529
2001,2.001,0.16782004,0.6012198
2002,2.002,0.18422104,0.66465
2003,2.003,0.18597843,0.71555436
2004,2.004,0.18397366,0.67914706
2005,2.005,0.18824327,0.6511276
2006,2.006,0.18136644,0.6843311
2007,2.007,0.19318683,0.5863005
2008,2.008,0.20292117,0.622676
2009,2.009,0.19400606,0.63775766
2010,2.01,0.18844458,0.6338355
2011,2.011,0.1903695,0.6078615
2012,2.012,0.19920947,0.6417721
2013,2.013,0.20684244,0.71454847
2014,2.014,0.21758857,0.71753705
2015,2.015,0.21703003,0.66495824
2016,2.016,0.21042503,0.65782213
2017,2.017,0.20792381,0.6620601
2018,2.018,0.21575007,0.660361
2019,2.019,0.19330406,0.65924317
2020,2.02,0.20358771,0.7083083
2021,2.021,0.19854218,0.72498184
2022,2.022,0.19019698,0.6649583
2023,2.023,0.1792624,0.66947615
2024,2.024,0.17726515,0.7216029
2025,2.025,0.19926633,0.6977397
2026,2.026,0.19288382,0.7374408
2027,2.027,0.18652584,0.6645166
2028,2.028,0.18993424,0.6840087
2029,2.029,0.19344275,0.6644184
2030,2.03,0.20526828,0.6506941
2031,2.031,0.22669716,0.6881838
2032,2.032,0.22001356,0.66754615
2033,2.033,0.21991266,0.63482517
2034,2.034,0.20577112,6.4753046
2035,2.035,0.19529356,6.443017
2036,2.036,0.18300852,6.457173
2037,2.037,0.19267994,6.4489784
2038,2.038,0.19225831,6.462793
2039,2.039,0.20113826,6.443204
2040,2.04,0.18689607,6.5141644
2041,2.041,0.18972233,6.534245
2042,2.042,0.17100383,0.67736006
2043,2.043,0.17600733,0.7026847
2044,2.044,0.17490047,0.75512546
2045,2.045,0.17275381,6.51392
2046,2.046,0.1664992,0.69453233
2047,2.047,0.1692631,0.6938986
2048,2.048,0.16633527,0.7038107
2049,2.049,0.15148084,0.72374064
2050,2.05,0.14174506,0.71092665
2051,2.051,0.14423501,0.70686245
2052,2.052,0.15374412,0.6645287
2053,2.053,0.15586928,0.6385184
2054,2.054,0.1722029,0.6928707
2055,2.055,0.16608767,0.6502464
2056,2.056,0.16826029,0.65812767
2057,2.057,0.16953333,0.66301244
2058,2.058,0.18467104,6.5487275
2059,2.059,0.16816959,0.6997152
2060,2.06,0.17227136,0.7084792
2061,2.061,0.17397536,6.489621
2062,2.062,0.17541128,6.441712
2063,2.063,0.17875354,6.4598923
2064,2.064,0.18244675,6.4153895
2065,2.065,0.1889763,6.510801
2066,2.066,0.17476955,6.476851
2067,2.067,0.17808752,0.7307689
2068,2.068,0.17251141,0.782968
2069,2.069,0.17748803,0.81391954
2070,2.07,0.17168254,0.7753628
2071,2.071,0.17443588,0.75471854
2072,2.072,0.17697537,6.59371
2073,2.073,0.17894743,6.5385146
2074,2.074,0.16208762,0.6960756
2075,2.075,0.17811477,0.7398198
2076,2.076,0.1748661,0.7404295
2077,2.077,0.17347099,0.69348687
2078,2.078,0.17620818,0.643471
2079,2.079,0.18735197,0.67326814
2080,2.08,0.18088523,0.684293
2081,2.081,0.17830288,0.6975666
2082,2.082,0.17293839,0.7239517
2083,2.083,0.1722029,0.7660376
2084,2.084,0.17291835,0.76111704
2085,2.085,0.17858273,0.81369346
2086,2.086,0.16958514,0.8317723
2087,2.087,0.17859438,0.8056369
2088,2.088,0.162022,0.8236975
2089,2.089,0.18281513,0.8633784
2090,2.09,0.18277086,0.81672585
2091,2.091,0.16907449,0.8646241
2092,2.092,0.15893322,0.82934165
2093,2.093,0.17324294,0.8209424
2094,2.094,0.17253955,6.5794992
2095,2.095,0.18625048,6.5992274
2096,2.096,0.17892031,0.7376934
2097,2.097,0.17398998,0.7352574
2098,2.098,0.17886345,0.7306862
2099,2.099,0.17699236,0.7247548
2100,2.1,0.18041298,0.7629682
2101,2.101,0.16732197,0.76745754
2102,2.102,0.17079957,0.7603712
2103,2.103,0.17893066,0.779641
2104,2.104,0.16256475,0.82970977
2105,2.105,0.15645258,0.83712757
2106,2.106,0.17631705,0.7368014
2107,2.107,0.18850592,0.75085807
2108,2.108,0.20510715,6.5870495
2109,2.109,0.214975,6.5669827
2110,2.11,0.185005,6.5413604
2111,2.111,0.17711902,6.571497
2112,2.112,0.15600567,6.6656427
2113,2.113,0.14146261,6.604592
2114,2.114,0.14299223,6.6732016
2115,2.115,0.16267848,6.6714625
2116,2.116,0.1520019,6.666439
2117,2.117,0.14659756,0.8251369
2118,2.118,0.13192698,6.747671
2119,2.119,0.13875979,0.7674281
2120,2.12,0.13449559,0.82541806
2121,2.121,0.11327105,0.83230156
2122,2.122,0.120965764,0.8015084
2123,2.123,0.12110902,0.8320222
2124,2.124,0.11848828,0.8272607
2125,2.125,0.113068804,0.8214849
2126,2.126,0.11029904,0.7836907
2127,2.127,0.122377574,0.79779685
2128,2.128,0.12120825,0.82306147
2129,2.129,0.11611528,0.8486439
2130,2.13,0.12544495,0.7927613
2131,2.131,0.12255314,0.8684606
2132,2.132,0.12753953,0.8042779
2133,2.133,0.121410266,0.8016695
2134,2.134,0.11758534,0.76239204
2135,2.135,0.126723,0.7752404
2136,2.136,0.12871599,0.83028406
2137,2.137,0.13147232,0.7858821
2138,2.138,0.12964663,0.78959656
2139,2.139,0.13252322,0.8074485
2140,2.14,0.13092253,0.8737396
2141,2.141,0.121133834,0.88568956
2142,2.142,0.1329569,0.8926946
2143,2.143,0.13376649,0.8497575
2144,2.144,0.12883808,0.8272362
2145,2.145,0.13702618,0.8113057
2146,2.146,0.14245605,0.8654461
2147,2.147,0.13290995,0.84034663
2148,2.148,0.15185887,0.8464261
2149,2.149,0.1548917,0.8532971
2150,2.15,0.15241505,0.8517296
2151,2.151,0.1487067,0.89332783
2152,2.152,0.12698181,0.92917097
2153,2.153,0.12560886,6.767342
2154,2.154,0.13522759,6.7712574
2155,2.155,0.12980346,6.7119246
2156,2.156,0.13405308,6.657831
2157,2.157,0.14770679,6.7150927
2158,2.158,0.15019333,6.620419
2159,2.159,0.1416537,6.6991367
2160,2.16,0.14732437,6.681424
2161,2.161,0.14718308,6.703508
2162,2.162,0.15821445,6.688957
2163,2.163,0.15176749,6.7068768
2164,2.164,0.15631214,6.7335835
2165,2.165,0.14946347,6.6894565
2166,2.166,0.15668441,6.652981
2167,2.167,0.16259746,6.6771693
2168,2.168,0.17632361,6.635498
2169,2.169,0.1686432,6.6647716
2170,2.17,0.17487931,6.6230087
2171,2.171,0.16386509,6.617681
2172,2.172,0.17509468,6.658627
2173,2.173,0.18800364,6.6293073
2174,2.174,0.19519527,6.6097555
2175,2.175,0.19405013,6.6150665
2176,2.176,0.17279395,6.6230736
2177,2.177,0.18507372,6.6795225
2178,2.178,0.20695195,6.606523
2179,2.179,0.21376602,6.6714783
2180,2.18,0.21575543,6.582006
2181,2.181,0.23295319,6.588132
2182,2.182,0.24234687,6.596086
2183,2.183,0.25357187,6.5850163
2184,2.184,0.23904556,6.704425
2185,2.185,0.22725229,6.705233
2186,2.186,0.21705666,6.7185006
2187,2.187,0.21109198,6.7307696
2188,2.188,0.21256974,6.7708454
2189,2.189,0.19087406,6.734528
2190,2.19,0.18631253,6.783869
2191,2.191,0.18656425,6.7437086
2192,2.192,0.19239657,6.8129125
2193,2.193,0.17351095,6.737661
2194,2.194,0.17419448,6.7075377
2195,2.195,0.16526715,6.7273097
2196,2.196,0.15195018,6.6923766
2197,2.197,0.16363214,6.691601
2198,2.198,0.16293977,6.717833
2199,2.199,0.15519442,6.7096357
2200,2.2,0.14718464,6.6773944
2201,2.201,0.16231853,6.7371564
2202,2.202,0.15496333,6.750025
2203,2.203,0.15892886,6.6588564
2204,2.204,0.17600733,6.694603
2205,2.205,0.17362419,6.7167115
2206,2.206,0.17140761,6.6914525
2207,2.207,0.17389694,6.7421017
2208,2.208,0.17116465,6.7274203
2209,2.209,0.17931527,6.733555
2210,2.21,0.1952154,6.719457
2211,2.211,0.20333318,6.6729097
2212,2.212,0.19605446,6.653806
2213,2.213,0.20832372,6.6498933
2214,2.214,0.21143015,6.6468053
2215,2.215,0.21027996,6.580587
2216,2.216,0.21549274,6.4910207
2217,2.217,0.23235597,6.5441465
2218,2.218,0.2312249,6.558822
2219,2.219,0.20730355,6.6005564
2220,2.22,0.21529093,6.6785173
2221,2.221,0.21019748,6.664298
2222,2.222,0.19923848,6.6102467
2223,2.223,0.20050046,6.68041
2224,2.224,0.19543438,6.6618094
2225,2.225,0.20147361,6.623682
2226,2.226,0.1950211,6.61947
2227,2.227,0.20962697,6.661708
2228,2.228,0.21200235,6.6230793
2229,2.229,0.22298828,6.6417055
2230,2.23,0.2081083,6.635633
2231,2.231,0.2063041,6.6375103
2232,2.232,0.20483306,6.657282
2233,2.233,0.20986836,6.5886855
2234,2.234,0.22036216,6.5563498
2235,2.235,0.2274211,6.5419135
2236,2.236,0.21541655,6.501252
2237,2.237,0.21263391,6.447626
2238,2.238,0.19660203,6.4702473
2239,2.239,0.21118286,6.4687877
2240,2.24,0.22252746,6.4422526
2241,2.241,0.22414854,6.45973
2242,2.242,0.2327139,6.505063
2243,2.243,0.23454362,6.500612
2244,2.244,0.23485194,6.5466695
2245,2.245,0.22207089,6.537868
2246,2.246,0.23963961,6.555766
2247,2.247,0.23907167,6.573565
2248,2.248,0.26507697,6.636715
2249,2.249,0.25794965,6.5807734
2250,2.25,0.24012536,6.5672884
2251,2.251,0.24635571,6.5893397
2252,2.252,0.22808093,6.6867337
2253,2.253,0.21546485,6.672972
2254,2.254,0.23843256,6.664667
2255,2.255,0.20973612,6.6219234
2256,2.256,0.2020763,6.588126
2257,2.257,0.21189108,6.6478863
2258,2.258,0.21891798,6.6237497
2259,2.259,0.21198927,6.636855
2260,2.26,0.20087026,6.6644793
2261,2.261,0.19594713,6.6109443
2262,2.262,0.20494251,6.609309
2263,2.263,0.21470812,6.565424
2264,2.264,0.22855584,6.578747
2265,2.265,0.21241634,6.641257
2266,2.266,0.21613121,6.622618
2267,2.267,0.20792603,6.597056
2268,2.268,0.209077,6.6619477
2269,2.269,0.20269544,6.6362267
2270,2.27,0.2153296,6.644043
2271,2.271,0.21470381,6.6175
2272,2.272,0.21691708,6.741212
2273,2.273,0.2237635,6.682152
2274,2.274,0.2384025,6.6366644
2275,2.275,0.23568134,6.67426
2276,2.276,0.2468807,6.650831
2277,2.277,0.24427861,6.661827
2278,2.278,0.23895462,6.7151284
2279,2.279,0.24989362,6.7331657
2280,2.28,0.23888399,6.748329
2281,2.281,0.23759721,6.7164288
2282,2.282,0.22207609,6.6969156
2283,2.283,0.22926383,6.67239
2284,2.284,0.21786572,6.6364117
2285,2.285,0.20128877,6.637582
2286,2.286,0.19921528,6.6517544
2287,2.287,0.19691812,6.650831
2288,2.288,0.19234008,6.629894
2289,2.289,0.20364109,6.655545
2290,2.29,0.21952648,6.640555
2291,2.291,0.20055005,6.7078424
2292,2.292,0.20272739,6.6356564
2293,2.293,0.20359452,6.6585593
2294,2.294,0.20829041,6.723378
2295,2.295,0.20916325,6.714297
2296,2.296,0.20307605,6.6022916
2297,2.297,0.22822787,6.590529
2298,2.298,0.21433738,6.5064144
2299,2.299,0.22176044,6.559152
2300,2.3,0.22777866,6.6088753
2301,2.301,0.22727773,6.554414
2302,2.302,0.2147275,6.595099
2303,2.303,0.20497862,6.5706053
2304,2.304,0.20518266,6.577314
2305,2.305,0.21153837,6.5810843
2306,2.306,0.21718976,6.6148653
2307,2.307,0.22162591,6.6713614
2308,2.308,0.20719758,6.6659036
2309,2.309,0.2035332,6.652875
2310,2.31,0.19915608,6.650683
2311,2.311,0.19865161,6.653744
2312,2.312,0.20307833,6.6045246
2313,2.313,0.21030524,6.6798096
2314,2.314,0.21584542,6.6966343
2315,2.315,0.21070391,6.71329
2316,2.316,0.20008723,6.724746
2317,2.317,0.20951223,6.7216077
2318,2.318,0.22383787,6.692356
2319,2.319,0.21506639,6.691182
2320,2.32,0.23119089,6.5940247
2321,2.321,0.22094157,6.6217957
2322,2.322,0.2137909,6.6208935
2323,2.323,0.20115665,6.5982814
2324,2.324,0.20335819,6.594628
2325,2.325,0.20769018,6.6144357
2326,2.326,0.19268593,6.6128116
2327,2.327,0.20996197,6.6336555
2328,2.328,0.21196526,6.61158
2329,2.329,0.21797074,6.6407886
2330,2.33,0.204649,6.5771737
2331,2.331,0.21644975,6.6009784
2332,2.332,0.23058107,6.593445
2333,2.333,0.2274892,0.753767
2334,2.334,0.22809005,6.550028
2335,2.335,0.24524112,6.523619
2336,2.336,0.22932634,6.5542207
2337,2.337,0.21121132,0.7519686
2338,2.338,0.23087266,0.6917353
2339,2.339,0.23186292,0.7586619
2340,2.34,0.24787508,6.5061364
2341,2.341,0.26091984,6.5378213
2342,2.342,0.25197583,6.4926324
2343,2.343,0.24034575,0.7492684
2344,2.344,0.2271546,6.5367074
2345,2.345,0.22368185,0.7446708
2346,2.346,0.234447,0.77609086
2347,2.347,0.22659822,0.7161641
2348,2.348,0.21876691,0.6944609
2349,2.349,0.19361836,6.5885115
2350,2.35,0.20309427,6.6389766
2351,2.351,0.19079167,6.653639
2352,2.352,0.18505622,6.5996685
2353,2.353,0.19374609,6.609514
2354,2.354,0.19053096,6.5989313
2355,2.355,0.18804052,0.7102416
2356,2.356,0.19451423,6.6166143
2357,2.357,0.19731572,6.621326
2358,2.358,0.19719617,0.7443437
2359,2.359,0.20876716,6.5590835
2360,2.36,0.20324674,6.580439
2361,2.361,0.19270633,6.610458
2362,2.362,0.19391307,0.7417173
2363,2.363,0.20015308,0.71213037
2364,2.364,0.18380643,0.7184129
2365,2.365,0.1845834,0.69690186
2366,2.366,0.18769471,0.682523
2367,2.367,0.19512539,0.6956361
2368,2.368,0.1849925,0.7165046
2369,2.369,0.20959719,0.718478
2370,2.37,0.20910685,0.74368423
2371,2.371,0.19612166,0.78374165
2372,2.372,0.20563962,0.7876546
2373,2.373,0.20844798,0.7831413
2374,2.374,0.21058209,0.76935565
2375,2.375,0.20064685,0.7767135
2376,2.376,0.2077514,0.75540507
2377,2.377,0.21358642,0.7301471
2378,2.378,0.21485989,0.80003625
2379,2.379,0.20483758,0.71517825
2380,2.38,0.22060542,0.8034952
2381,2.381,0.21386766,0.76854205
2382,2.382,0.21674754,0.7415568
2383,2.383,0.22997567,0.79346573
2384,2.384,0.24026492,0.8389794
2385,2.385,0.23247932,0.8489725
2386,2.386,0.21452391,0.9069558
2387,2.387,0.21710777,0.8692178
2388,2.388,0.22537363,0.899187
2389,2.389,0.19747618,0.8576064
2390,2.39,0.18232886,0.9037629
2391,2.391,0.16376206,0.88895345
2392,2.392,0.1462755,0.9293654
2393,2.393,0.15984268,0.90016216
2394,2.394,0.16905808,0.9116355
2395,2.395,0.17605855,0.9080823
2396,2.396,0.1770028,0.8827798
2397,2.397,0.18483748,0.95323277
2398,2.398,0.18617722,0.9211829
2399,2.399,0.1917984,0.92181695
2400,2.4,0.17976597,0.9090861
2401,2.401,0.18121852,0.896544
2402,2.402,0.17510523,0.869042
2403,2.403,0.18813394,0.8825773
2404,2.404,0.1750577,0.85631764
2405,2.405,0.20148623,0.8446566
2406,2.406,0.21449265,0.8435806
2407,2.407,0.21568255,0.7975879
2408,2.408,0.22797853,0.78681546
2409,2.409,0.23744634,0.7973364
2410,2.41,0.25371587,6.6482496
2411,2.411,0.25243053,6.6436677
2412,2.412,0.2501442,6.6622853
2413,2.413,0.23918769,6.582893
2414,2.414,0.25352353,6.6154723
2415,2.415,0.2581038,6.595177
2416,2.416,0.242344,6.5854907
2417,2.417,0.25014237,6.5513334
2418,2.418,0.24750265,6.563053
2419,2.419,0.24599227,6.6117334
2420,2.42,0.23891883,6.640116
2421,2.421,0.22614373,6.6483064
2422,2.422,0.22984697,6.642707
2423,2.423,0.23578627,6.65978
2424,2.424,0.22771877,6.676316
2425,2.425,0.20438449,6.678999
2426,2.426,0.19562003,6.688838
2427,2.427,0.20472468,6.6813293
2428,2.428,0.21390116,6.6774006
2429,2.429,0.21074452,6.6105824
2430,2.43,0.2198622,6.590322
2431,2.431,0.2142187,6.581613
2432,2.432,0.19790538,6.6413326
2433,2.433,0.18598713,6.56415
2434,2.434,0.17694533,6.574446
2435,2.435,0.19192493,6.6518416
2436,2.436,0.18479744,6.615433
2437,2.437,0.17144807,6.6427712
2438,2.438,0.17636555,6.6244383
2439,2.439,0.17930625,6.538677
2440,2.44,0.20156424,6.585546
2441,2.441,0.22233829,6.6002703
2442,2.442,0.21868975,6.57798
2443,2.443,0.21745996,6.5715647
2444,2.444,0.22249006,6.5887637
2445,2.445,0.21963072,6.634793
2446,2.446,0.20857549,6.604508
2447,2.447,0.2338437,6.590124
2448,2.448,0.2239979,6.6299453
2449,2.449,0.20423171,6.6465716
2450,2.45,0.19789837,6.606987
2451,2.451,0.19534919,6.5843678
2452,2.452,0.18758382,6.577582
2453,2.453,0.18893224,6.5586596
2454,2.454,0.17537041,6.5843835
2455,2.455,0.16117218,6.6296782
2456,2.456,0.14619488,6.6567388
2457,2.457,0.14389801,6.668628
2458,2.458,0.14792262,6.6321015
2459,2.459,0.16196063,6.6139503
2460,2.46,0.15238623,6.640296
2461,2.461,0.15083846,6.653113
2462,2.462,0.14416127,6.605439
2463,2.463,0.13757847,6.5874457
2464,2.464,0.14597489,6.558823
2465,2.465,0.14440642,6.647436
2466,2.466,0.126158,6.6530323
2467,2.467,0.11220055,6.68687
2468,2.468,0.10779946,6.679828
2469,2.469,0.122014314,6.6679754
2470,2.47,0.12519221,6.682269
2471,2.471,0.12955745,6.666601
2472,2.472,0.10997788,6.659129
2473,2.473,0.118242174,6.627702
2474,2.474,0.113536075,6.6162767
2475,2.475,0.12526605,6.6253076
2476,2.476,0.12286589,6.6394057
2477,2.477,0.1162506,6.628977
2478,2.478,0.107106656,6.6652656
2479,2.479,0.12123304,6.6571794
2480,2.48,0.12695995,6.633437
2481,2.481,0.12824635,6.6894746
2482,2.482,0.1330751,6.671196
2483,2.483,0.116964355,6.651716
2484,2.484,0.11778768,6.6612096
2485,2.485,0.12826978,6.6786447
2486,2.486,0.107373975,6.7306333
2487,2.487,0.11852145,6.6757083
2488,2.488,0.12063275,6.6632204
2489,2.489,0.11252154,6.650458
2490,2.49,0.11035352,6.654404
2491,2.491,0.11581224,6.65474
2492,2.492,0.12764825,6.6503196
2493,2.493,0.13007036,6.6615396
2494,2.494,0.13102667,6.6385508
2495,2.495,0.12737991,6.663007
2496,2.496,0.15398152,6.6474414
2497,2.497,0.14191134,6.6742387
2498,2.498,0.15313388,6.692119
2499,2.499,0.14792107,6.678688
2500,2.5,0.13412379,6.7079945
2501,2.501,0.13411343,6.7394896
2502,2.502,0.1436037,6.7335954
2503,2.503,0.14962581,6.7057724
2504,2.504,0.13331117,6.681967
2505,2.505,0.1294396,6.675432
2506,2.506,0.13531817,6.7195716
2507,2.507,0.13964833,6.6920676
2508,2.508,0.13512327,6.647428
2509,2.509,0.14634818,6.702863
2510,2.51,0.15568821,6.6772203
2511,2.511,0.14795858,6.7047
2512,2.512,0.14729927,6.6932545
2513,2.513,0.1442238,6.705788
2514,2.514,0.13259473,6.6814585
2515,2.515,0.13898288,6.735348
2516,2.516,0.14150673,6.7302403
2517,2.517,0.1356816,6.7015505
2518,2.518,0.1284625,6.696258
2519,2.519,0.13296038,6.697509
2520,2.52,0.15087217,6.7037535
2521,2.521,0.16191351,6.7454615
2522,2.522,0.14473586,6.760332
2523,2.523,0.13322268,6.6943755
2524,2.524,0.131934,6.63967
2525,2.525,0.14242198,6.6503143
2526,2.526,0.14650765,6.6868553
2527,2.527,0.15959518,6.635481
2528,2.528,0.1650824,6.7024226
2529,2.529,0.1695606,6.65339
2530,2.53,0.1643469,6.6731324
2531,2.531,0.1788699,6.6154265
2532,2.532,0.17769763,6.6387763
2533,2.533,0.16732058,6.6229954
2534,2.534,0.15665784,6.6503263
2535,2.535,0.1537411,6.6571126
2536,2.536,0.14977252,6.5962305
2537,2.537,0.14151,6.6439857
2538,2.538,0.13060604,6.654675
2539,2.539,0.12139122,6.651628
2540,2.54,0.14134979,6.666425
2541,2.541,0.13478407,6.6239953
2542,2.542,0.14319418,6.651286
2543,2.543,0.14193739,6.633979
2544,2.544,0.15004086,6.587194
2545,2.545,0.1578736,6.604504
2546,2.546,0.15536118,6.659198
2547,2.547,0.15708378,6.6248164
2548,2.548,0.14706364,6.587337
2549,2.549,0.14320871,6.6564636
2550,2.55,0.14360853,6.682009
2551,2.551,0.13702111,6.6630774
2552,2.552,0.14167002,6.6557837
2553,2.553,0.1642667,6.6549897
2554,2.554,0.14965206,6.6951375
2555,2.555,0.1307741,6.6575546
2556,2.556,0.1346279,6.6740103
2557,2.557,0.13217735,6.6656218
2558,2.558,0.13312025,6.6192183
2559,2.559,0.13022135,6.652002
2560,2.56,0.14092062,6.6835666
2561,2.561,0.13205835,6.6551642
2562,2.562,0.12628439,6.6603208
2563,2.563,0.12956814,6.719167
2564,2.564,0.13788565,6.70903
2565,2.565,0.14282721,6.636163
2566,2.566,0.14915533,0.6931124
2567,2.567,0.13475318,0.65359205
2568,2.568,0.13298994,6.6520467
2569,2.569,0.14247066,6.619368
2570,2.57,0.15183146,6.662307
2571,2.571,0.1485854,6.6571026
2572,2.572,0.1473024,6.642557
2573,2.573,0.1405658,6.5851035
2574,2.574,0.14490826,6.637997
2575,2.575,0.14360853,6.6498823
2576,2.576,0.13799794,6.645743
2577,2.577,0.1434007,6.6667237
2578,2.578,0.16331676,6.672182
2579,2.579,0.14739184,6.6769567
2580,2.58,0.14971848,6.6392074
2581,2.581,0.15226178,6.6543574
2582,2.582,0.1613915,0.7612076
2583,2.583,0.14474384,6.624636
2584,2.584,0.15809458,6.636994
2585,2.585,0.16384393,6.620959
2586,2.586,0.15097328,6.6105266
2587,2.587,0.16265574,6.567328
2588,2.588,0.16015191,6.5971155
2589,2.589,0.16562349,6.6034923
2590,2.59,0.15400404,6.5935807
2591,2.591,0.16886653,6.5989203
2592,2.592,0.16778834,6.5593414
2593,2.593,0.15933566,6.6276693
2594,2.594,0.17166907,6.64888
2595,2.595,0.17385839,6.620345
2596,2.596,0.17475499,6.5979857
2597,2.597,0.16991474,6.578232
2598,2.598,0.17548375,6.6269603
2599,2.599,0.16860208,6.6639104
2600,2.6,0.16474454,6.633822
2601,2.601,0.15754963,6.624038
2602,2.602,0.17854649,6.569682
2603,2.603,0.1787005,6.638432
2604,2.604,0.17106332,6.6082253
2605,2.605,0.16029333,6.6612024
2606,2.606,0.16180925,6.6799464
2607,2.607,0.14949286,6.660335
2608,2.608,0.14799294,6.693143
2609,2.609,0.14123198,0.6660326
2610,2.61,0.13933176,0.7537649
2611,2.611,0.13633095,0.7205294
2612,2.612,0.12561439,6.663203
2613,2.613,0.13233817,6.6655827
2614,2.614,0.13057771,0.7025208
2615,2.615,0.13628516,6.6897497
2616,2.616,0.13527545,6.6599216
2617,2.617,0.1310884,0.65648526
2618,2.618,0.12091989,0.6508567
2619,2.619,0.12985155,0.68011796
2620,2.62,0.13574293,0.58558947
2621,2.621,0.12581852,0.65727013
2622,2.622,0.14152633,0.57908237
2623,2.623,0.13633944,0.6261336
2624,2.624,0.13524127,6.6854753
2625,2.625,0.13638522,6.700644
2626,2.626,0.15054542,6.7267976
2627,2.627,0.13637844,6.6868916
2628,2.628,0.12398044,6.7047944
2629,2.629,0.13073343,6.733898
2630,2.63,0.13280554,6.7224345
2631,2.631,0.13287863,6.7460017
2632,2.632,0.13979726,6.6638336
2633,2.633,0.14150673,6.656019
2634,2.634,0.13715602,6.6556225
2635,2.635,0.15167607,6.654537
2636,2.636,0.16269696,6.667112
2637,2.637,0.16652419,6.648127
2638,2.638,0.1752979,6.636351
2639,2.639,0.18061791,6.6694384
2640,2.64,0.18357864,6.732966
2641,2.641,0.19476722,6.6991158
2642,2.642,0.21222687,6.667289
2643,2.643,0.20063649,6.722327
2644,2.644,0.18483873,6.732357
2645,2.645,0.17378522,6.7684317
2646,2.646,0.1709795,6.74122
2647,2.647,0.15318218,6.7484455
2648,2.648,0.16013026,6.8026133
2649,2.649,0.1668917,6.756582
2650,2.65,0.17710727,6.812403
2651,2.651,0.17286485,6.794034
2652,2.652,0.1815066,6.7570696
2653,2.653,0.17682508,6.6953254
2654,2.654,0.18594113,6.7488313
2655,2.655,0.1788363,6.7241926
2656,2.656,0.17012823,6.7413425
2657,2.657,0.17494409,6.710057
2658,2.658,0.17597711,6.6637387
2659,2.659,0.19232084,6.729863
2660,2.66,0.19590464,6.664339
2661,2.661,0.19062316,6.6289
2662,2.662,0.19776163,6.6740003
2663,2.663,0.21637176,6.708674
2664,2.664,0.20282088,6.742941
2665,2.665,0.19099149,6.6821756
2666,2.666,0.21363403,6.6564813
2667,2.667,0.23530631,6.6975527
2668,2.668,0.23011236,6.727761
2669,2.669,0.22589517,6.738222
2670,2.67,0.22951579,6.677448
2671,2.671,0.22744347,6.68828
2672,2.672,0.20995316,6.6919293
2673,2.673,0.19854684,6.687262
2674,2.674,0.18287835,6.641799
2675,2.675,0.1779966,6.64901
2676,2.676,0.18449944,6.613663
2677,2.677,0.16181925,6.638537
2678,2.678,0.1710525,6.628474
2679,2.679,0.15660915,6.6338778
2680,2.68,0.16661718,6.685408
2681,2.681,0.16410336,6.618012
2682,2.682,0.15981087,6.634984
2683,2.683,0.14508845,6.6609445
2684,2.684,0.14245443,6.608313
2685,2.685,0.15541027,6.7127066
2686,2.686,0.14021504,6.7196126
2687,2.687,0.14871915,6.7489057
2688,2.688,0.15754083,6.7565813
2689,2.689,0.15574166,6.7139993
2690,2.69,0.15387037,6.7212973
2691,2.691,0.14085662,6.7332053
2692,2.692,0.1559612,6.695541
2693,2.693,0.16555369,6.711199
2694,2.694,0.16858974,6.691666
2695,2.695,0.1701024,6.7106023
2696,2.696,0.17018664,6.672321
2697,2.697,0.16876245,6.6607404
2698,2.698,0.17579572,6.603138
2699,2.699,0.155105,6.7109365
2700,2.7,0.15193498,6.661144
2701,2.701,0.15904374,6.6943173
2702,2.702,0.16594982,6.625723
2703,2.703,0.15626332,6.6776557
2704,2.704,0.15214786,6.593671
2705,2.705,0.15342498,6.596973
2706,2.706,0.15166844,6.650569
2707,2.707,0.14380963,6.6923356
2708,2.708,0.1456562,6.677244
2709,2.709,0.14027108,6.6765842
2710,2.71,0.1337613,6.721948
2711,2.711,0.13227002,6.603773
2712,2.712,0.12742165,6.6035037
2713,2.713,0.13273066,6.6249247
2714,2.714,0.12722553,6.6200066
2715,2.715,0.12739624,6.631959
2716,2.716,0.12545969,6.633253
2717,2.717,0.12104219,6.7029433
2718,2.718,0.120435186,6.654047
2719,2.719,0.12600213,6.6607046
2720,2.72,0.13053168,6.653393
2721,2.721,0.1295521,6.6050415
2722,2.722,0.12494635,6.629875
2723,2.723,0.12179051,6.6590037
2724,2.724,0.1206615,6.668586
2725,2.725,0.12867828,6.689361
2726,2.726,0.13022667,6.6751757
2727,2.727,0.14450565,6.7316675
2728,2.728,0.13856639,6.692376
2729,2.729,0.14238138,6.7397566
2730,2.73,0.16322896,6.7295575
2731,2.731,0.14104524,6.685134
2732,2.732,0.1435586,6.701439
2733,2.733,0.1463624,6.747254
2734,2.734,0.15837365,6.745013
2735,2.735,0.16186354,6.7751794
2736,2.736,0.15432048,6.7547855
2737,2.737,0.15174921,6.74042
2738,2.738,0.1287591,6.7093205
2739,2.739,0.12445876,6.6690392
2740,2.74,0.11984634,6.622747
2741,2.741,0.113733426,6.6726365
2742,2.742,0.09665203,6.5901966
2743,2.743,0.114964716,6.612475
2744,2.744,0.12359383,6.629992
2745,2.745,0.12617266,6.588622
2746,2.746,0.12911233,6.6397276
2747,2.747,0.15913674,6.7770004
2748,2.748,0.1554772,6.783701
2749,2.749,0.14587666,6.7813025
2750,2.75,0.13478063,6.691404
2751,2.751,0.13277768,6.693632
2752,2.752,0.1376188,6.707225
2753,2.753,0.13583827,6.715076
2754,2.754,0.12595993,6.7010107
2755,2.755,0.1442254,6.7058306
2756,2.756,0.13158306,6.6697493
2757,2.757,0.13190246,6.6773734
2758,2.758,0.1333961,6.666657
2759,2.759,0.13319665,6.68943
2760,2.76,0.13115893,6.6788793
2761,2.761,0.12750326,6.6224566
2762,2.762,0.13710375,6.6668954
2763,2.763,0.12847869,6.6753936
2764,2.764,0.12766455,6.658963
2765,2.765,0.12389463,6.7080765
2766,2.766,0.13059543,6.670842
2767,2.767,0.1363106,6.6460676
2768,2.768,0.122726575,6.7193947
2769,2.769,0.12537305,6.682457
2770,2.77,0.113142386,6.7177944
2771,2.771,0.11881174,6.7025714
2772,2.772,0.12377888,6.7155952
2773,2.773,0.13227525,6.7326584
2774,2.774,0.11079887,6.6896896
2775,2.775,0.12846428,6.7040315
2776,2.776,0.13386324,6.67225
2777,2.777,0.13521391,6.6294208
2778,2.778,0.12664817,6.5852633
2779,2.779,0.11324042,6.665435
2780,2.78,0.10919942,6.6490016
2781,2.781,0.12030266,6.7014623
2782,2.782,0.12076683,6.635395
2783,2.783,0.10921423,6.6845293
2784,2.784,0.12510723,6.6832414
2785,2.785,0.122345455,6.6285253
2786,2.786,0.12303325,6.612378
2787,2.787,0.1314178,6.6410084
2788,2.788,0.1376339,6.67652
2789,2.789,0.13424438,6.714074
2790,2.79,0.13075995,6.7365584
2791,2.791,0.13493834,6.7026343
2792,2.792,0.12483713,6.7101846
2793,2.793,0.13762215,6.6530275
2794,2.794,0.12576339,6.6712112
2795,2.795,0.14947584,6.658052
2796,2.796,0.14007811,6.659591
2797,2.797,0.116756625,6.6785545
2798,2.798,0.1429518,6.70351
2799,2.799,0.1417679,6.68333
2800,2.8,0.1392222,6.6973357
2801,2.801,0.13741873,6.676557
2802,2.802,0.1502949,6.67986
2803,2.803,0.13681848,6.638447
2804,2.804,0.13599648,6.585992
2805,2.805,0.13549916,6.63091
2806,2.806,0.12944853,6.677252
2807,2.807,0.11995624,6.691716
2808,2.808,0.1259122,6.6659746
2809,2.809,0.12984087,6.6872582
2810,2.81,0.13736488,6.707144
2811,2.811,0.1472192,6.7171783
2812,2.812,0.1456181,6.692344
2813,2.813,0.14621384,6.737582
2814,2.814,0.13239056,6.702219
2815,2.815,0.12712556,6.768361
2816,2.816,0.14466076,6.7021112
2817,2.817,0.14841102,6.7290444
2818,2.818,0.15516014,6.7105865
2819,2.819,0.13895293,6.7254543
2820,2.82,0.14023812,6.7134695
2821,2.821,0.1519152,6.71149
2822,2.822,0.14485241,6.750773
2823,2.823,0.14508845,6.674044
2824,2.824,0.14473745,6.6797504
2825,2.825,0.15855019,6.6282125
2826,2.826,0.14665434,6.760405
2827,2.827,0.14526998,6.661604
2828,2.828,0.16365474,6.665277
2829,2.829,0.16405264,6.6418934
2830,2.83,0.15313086,6.6846404
2831,2.831,0.15394849,6.6853237
2832,2.832,0.14927928,6.638713
2833,2.833,0.14539248,6.5866976
2834,2.834,0.15520185,6.6198416
2835,2.835,0.1564969,6.5819583
2836,2.836,0.15511842,6.6032553
2837,2.837,0.14661019,6.55888
2838,2.838,0.15089056,6.5561957
2839,2.839,0.15123339,6.565786
2840,2.84,0.14495772,6.5301795
2841,2.841,0.14113702,6.5568557
2842,2.842,0.13759023,6.5624924
2843,2.843,0.15057307,6.570758
2844,2.844,0.14892575,6.586005
2845,2.845,0.14682135,6.654373
2846,2.846,0.15797462,6.6730914
2847,2.847,0.15841597,6.5581565
2848,2.848,0.1791179,6.5830936
2849,2.849,0.15941544,6.676497
2850,2.85,0.16326721,6.6415644
2851,2.851,0.16129406,6.6987534
2852,2.852,0.16092813,6.6672325
2853,2.853,0.15788679,6.63224
2854,2.854,0.15260153,6.6099606
2855,2.855,0.14556888,6.514796
2856,2.856,0.1498651,6.5031343
2857,2.857,0.15066823,6.533416
2858,2.858,0.15337373,6.542038
2859,2.859,0.16543214,6.5836606
2860,2.86,0.16042309,6.521276
2861,2.861,0.15388991,6.5194826
2862,2.862,0.13173231,6.562144
2863,2.863,0.13112721,6.514952
2864,2.864,0.14014247,6.563813
2865,2.865,0.15511395,6.4670696
2866,2.866,0.14386266,6.553255
2867,2.867,0.14065953,6.5393972
2868,2.868,0.14474703,6.582454
2869,2.869,0.13885473,6.5891094
2870,2.87,0.1362156,6.569401
2871,2.871,0.13795437,6.56256
2872,2.872,0.13531134,6.5716596
2873,2.873,0.13451965,6.567265
2874,2.874,0.12512016,6.576731
2875,2.875,0.13877478,6.502632
2876,2.876,0.13778669,6.516197
2877,2.877,0.14105836,6.4696035
2878,2.878,0.13143891,6.495439
2879,2.879,0.13602367,6.4830737
2880,2.88,0.13680497,6.4902196
2881,2.881,0.15403856,6.477748
2882,2.882,0.15694389,6.4401793
2883,2.883,0.15047477,6.4378195
2884,2.884,0.14759718,6.3778377
2885,2.885,0.1602515,6.365864
2886,2.886,0.15627812,6.3856487
2887,2.887,0.15144879,6.293923
2888,2.888,0.1353626,6.3447027
2889,2.889,0.15862599,6.3477273
2890,2.89,0.16199917,6.3820596
2891,2.891,0.1661183,6.3878474
2892,2.892,0.14625654,6.3316994
2893,2.893,0.15269846,6.353645
2894,2.894,0.1537411,6.374088
2895,2.895,0.14671738,6.355494
2896,2.896,0.14237164,6.338451
2897,2.897,0.14076468,6.362597
2898,2.898,0.13353816,6.334745
2899,2.899,0.13317062,6.3255568
2900,2.9,0.15503344,6.3289413
2901,2.901,0.15796438,6.4379926
2902,2.902,0.15276505,6.407048
2903,2.903,0.15977469,6.386171
2904,2.904,0.15527335,6.387294
2905,2.905,0.15772709,6.3938146
2906,2.906,0.1936709,6.431292
2907,2.907,0.20621331,6.460855
2908,2.908,0.19005227,6.3967595
2909,2.909,0.17400725,6.3896117
2910,2.91,0.16670597,6.4164124
2911,2.911,0.17231028,6.339601
2912,2.912,0.15594786,6.4028244
2913,2.913,0.14815064,6.4237537
2914,2.914,0.15072347,6.416087
2915,2.915,0.14915223,6.3602934
2916,2.916,0.15788239,6.3222413
2917,2.917,0.15134953,6.33563
2918,2.918,0.14486678,6.37343
2919,2.919,0.13921556,6.3030267
2920,2.92,0.12586813,6.3517385
2921,2.921,0.12215823,6.3690243
2922,2.922,0.12738898,6.3295817
2923,2.923,0.12538227,6.249606
2924,2.924,0.12702003,6.258172
2925,2.925,0.14559586,6.266058
2926,2.926,0.14882948,6.304146
2927,2.927,0.14995456,6.323966
2928,2.928,0.15881535,6.275661
2929,2.929,0.14365038,6.2610545
2930,2.93,0.14174506,6.255694
2931,2.931,0.15034412,6.319974
2932,2.932,0.14344583,6.3622575
2933,2.933,0.13910757,6.3676996
2934,2.934,0.13597097,6.3685026
2935,2.935,0.14397672,6.3717346
2936,2.936,0.13445604,6.402883
2937,2.937,0.13801134,6.396812
2938,2.938,0.13099137,6.359915
2939,2.939,0.14131872,6.4061375
2940,2.94,0.14640978,6.4349456
2941,2.941,0.13870646,6.3895
2942,2.942,0.15267725,6.412915
2943,2.943,0.14408426,6.395699
2944,2.944,0.14265877,6.4139233
2945,2.945,0.14827387,6.409008
2946,2.946,0.15179035,6.3926196
2947,2.947,0.15504687,6.382456
2948,2.948,0.14962581,6.3466325
2949,2.949,0.14847487,6.347649
2950,2.95,0.14498164,6.4268475
2951,2.951,0.14351512,6.3858237
2952,2.952,0.14457284,6.395741
2953,2.953,0.1568481,6.45325
2954,2.954,0.15788385,6.4221897
2955,2.955,0.15415409,6.5296607
2956,2.956,0.1490468,6.5321627
2957,2.957,0.15505432,6.5373106
2958,2.958,0.1460778,6.5580273
2959,2.959,0.15535223,6.5169444
2960,2.96,0.1696124,6.5487666
2961,2.961,0.17765208,6.5513587
2962,2.962,0.17768072,6.5556707
2963,2.963,0.1851624,6.550932
2964,2.964,0.1891096,6.534546
2965,2.965,0.18683545,6.5489616
2966,2.966,0.19000848,6.517126
2967,2.967,0.20089673,6.5107217
2968,2.968,0.17818485,6.5262036
2969,2.969,0.19753821,6.535469
2970,2.97,0.22462043,6.5567284
2971,2.971,0.21902145,6.5188465
2972,2.972,0.21675181,6.5929985
2973,2.973,0.20097958,6.5355387
2974,2.974,0.1758378,6.482753
2975,2.975,0.17352429,6.525418
2976,2.976,0.18410681,6.546869
2977,2.977,0.18817694,6.5632906
2978,2.978,0.1921621,6.5994873
2979,2.979,0.18618095,6.667511
2980,2.98,0.20298268,6.5816855
2981,2.981,0.22252019,6.5624094
2982,2.982,0.21438807,6.5376706
2983,2.983,0.19774878,6.5302315
2984,2.984,0.1852036,6.6168795
2985,2.985,0.17462,6.537118
2986,2.986,0.18073435,6.5660763
2987,2.987,0.17865135,6.6110506
2988,2.988,0.18595853,6.6036954
2989,2.989,0.20140016,6.6512847
2990,2.99,0.2176555,6.6373405
2991,2.991,0.22351745,6.6520147
2992,2.992,0.23044267,6.5760536
2993,2.993,0.21822938,6.556729
2994,2.994,0.22546695,6.5104175
2995,2.995,0.21718125,6.4575305
2996,2.996,0.20963247,6.5031776
2997,2.997,0.20435734,6.4226794
2998,2.998,0.19721493,6.410289
2999,2.999,0.19181769,6.39853
3000,3.0,0.1857259,6.437123
3001,3.001,0.18166576,6.4199414
3002,3.002,0.18899342,6.3872027
3003,3.003,0.18997319,6.3012
3004,3.004,0.20166057,6.2905784
3005,3.005,0.23673938,6.2419233
3006,3.006,0.2250143,6.277571
3007,3.007,0.24583809,6.273703
3008,3.008,0.24414323,6.33721
3009,3.009,0.23619479,6.3123546
3010,3.01,0.22766495,6.2850785
3011,3.011,0.22938985,6.3059373
3012,3.012,0.2302871,6.2594767
3013,3.013,0.23286088,6.2465577
3014,3.014,0.23983152,6.258939
3015,3.015,0.24052267,6.276994
3016,3.016,0.24116391,6.261965
3017,3.017,0.22240275,6.3299026
3018,3.018,0.21784024,6.3503084
3019,3.019,0.21050303,6.417782
3020,3.02,0.22461735,6.364091
3021,3.021,0.23341323,6.4061813
3022,3.022,0.23658307,6.451484
3023,3.023,0.21334164,6.485354
3024,3.024,0.21557854,6.466553
3025,3.025,0.21832155,6.51329
3026,3.026,0.21996732,6.474998
3027,3.027,0.20606078,6.423776
3028,3.028,0.20809498,6.4854054
3029,3.029,0.20612586,6.4715776
3030,3.03,0.21616223,6.4977503
3031,3.031,0.22674304,6.452731
3032,3.032,0.2313948,8.809168
3033,3.033,0.21465212,6.4193416
3034,3.034,0.20837475,6.3410487
3035,3.035,0.22166763,6.435341
3036,3.036,0.23273376,8.777393
3037,3.037,0.23201543,8.835378
3038,3.038,0.23774798,6.433031
3039,3.039,0.22889951,6.4115334
3040,3.04,0.21783176,6.420606
3041,3.041,0.20402671,6.4992023
3042,3.042,0.20385215,6.5071945
3043,3.043,0.21455516,6.5258393
3044,3.044,0.2280566,8.812094
3045,3.045,0.22644717,6.5659285
3046,3.046,0.20028241,8.847845
3047,3.047,0.19011551,6.5218635
3048,3.048,0.19291377,6.5414495
3049,3.049,0.18820643,6.565565
3050,3.05,0.17812905,6.57699
3051,3.051,0.181929,6.512028
3052,3.052,0.1809964,6.5227385
3053,3.053,0.18622689,6.4811487
3054,3.054,0.18330011,6.495188
3055,3.055,0.17795505,6.4955564
3056,3.056,0.18723841,6.450589
3057,3.057,0.17049338,6.432608
3058,3.058,0.16631302,6.4297333
3059,3.059,0.15431598,6.488677
3060,3.06,0.15747772,6.507655
3061,3.061,0.14164391,6.5375376
3062,3.062,0.13747928,6.598542
3063,3.063,0.1368793,8.760232
3064,3.064,0.14160636,6.5460906
3065,3.065,0.130866,6.5957065
3066,3.066,0.15246965,6.578491
3067,3.067,0.15191975,6.5665655
3068,3.068,0.15583366,6.5314336
3069,3.069,0.14081393,6.561356
3070,3.07,0.16195634,6.6022153
3071,3.071,0.15692769,6.5547147
3072,3.072,0.15289666,6.5558815
3073,3.073,0.15488872,6.5631022
3074,3.074,0.17060183,6.5158954
3075,3.075,0.15930228,6.5269365
3076,3.076,0.17579965,6.5208645
3077,3.077,0.17451538,6.526733
3078,3.078,0.18255824,6.5298967
3079,3.079,0.16693048,6.514466
3080,3.08,0.16451563,6.5300927
3081,3.081,0.17576416,7.1547427
3082,3.082,0.18082644,7.144571
3083,3.083,0.16808571,7.1791353
3084,3.084,0.17178889,7.185397
3085,3.085,0.16668655,7.138917
3086,3.086,0.1556793,7.1966877
3087,3.087,0.15798193,7.199187
3088,3.088,0.162196,7.205303
3089,3.089,0.1501102,7.165038
3090,3.09,0.14598122,7.2031207
3091,3.091,0.13505138,7.1542897
3092,3.092,0.13436833,7.126545
3093,3.093,0.12665366,7.1191006
3094,3.094,0.1325424,7.090602
3095,3.095,0.13978402,7.104026
3096,3.096,0.1520673,7.133384
3097,3.097,0.1552242,7.1535416
3098,3.098,0.16407236,7.143146
3099,3.099,0.13726555,7.1126
3100,3.1,0.13699749,7.074768
3101,3.101,0.1476786,7.1073956
3102,3.102,0.13577189,7.0776806
3103,3.103,0.14381123,6.4773774
3104,3.104,0.16766429,6.471828
3105,3.105,0.15445973,6.2591667
3106,3.106,0.14928083,7.0776
3107,3.107,0.15607086,6.2183576
3108,3.108,0.17407101,6.241756
3109,3.109,0.1801501,7.140377
3110,3.11,0.18734951,7.1210165
3111,3.111,0.19133013,7.080432
3112,3.112,0.17900944,7.071432
3113,3.113,0.1769022,6.4321313
3114,3.114,0.1682864,6.4687953
3115,3.115,0.17548771,8.718645
3116,3.116,0.18041298,8.726533
3117,3.117,0.18094146,8.787575
3118,3.118,0.1894455,8.737203
3119,3.119,0.17136848,8.722419
3120,3.12,0.16395678,8.786286
3121,3.121,0.15640824,8.778345
3122,3.122,0.1724779,8.802516
3123,3.123,0.17004666,8.763487
3124,3.124,0.17609926,8.746074
3125,3.125,0.1752702,8.82214
3126,3.126,0.19625483,8.8622875
3127,3.127,0.18335937,8.811607
3128,3.128,0.16922894,8.769307
3129,3.129,0.17122272,8.764033
3130,3.13,0.17078468,6.495198
3131,3.131,0.16920026,6.530055
3132,3.132,0.16671151,8.779702
3133,3.133,0.17190324,8.760599
3134,3.134,0.16414422,8.689782
3135,3.135,0.15863037,8.701969
3136,3.136,0.14063486,8.685378
3137,3.137,0.13994105,6.4180455
3138,3.138,0.15739107,8.716482
3139,3.139,0.13646317,8.68793
3140,3.14,0.14247228,8.728258
3141,3.141,0.13336317,8.729018
3142,3.142,0.14140867,8.74401
3143,3.143,0.14606513,8.756422
3144,3.144,0.15147626,8.71614
3145,3.145,0.1463624,8.71782
3146,3.146,0.15709555,8.71699
3147,3.147,0.15650871,8.727311
3148,3.148,0.15216002,8.796273
3149,3.149,0.14241385,8.757825
3150,3.15,0.13758855,8.811198
3151,3.151,0.14094687,8.818488
3152,3.152,0.14347163,8.806897
3153,3.153,0.14672999,8.780415
3154,3.154,0.14232129,8.828005
3155,3.155,0.14590994,6.463076
3156,3.156,0.13930854,8.713486
3157,3.157,0.13454543,8.741462
3158,3.158,0.13516432,8.765762
3159,3.159,0.14186734,8.822549
3160,3.16,0.13558444,6.5280857
3161,3.161,0.14153777,6.515365
3162,3.162,0.12864952,6.5135274
3163,3.163,0.13960859,8.751741
3164,3.164,0.14780067,8.780783
3165,3.165,0.141286,6.471943
3166,3.166,0.13834263,6.3949428
3167,3.167,0.15423205,6.4480557
3168,3.168,0.16478804,6.3451614
3169,3.169,0.17998447,6.388486
3170,3.17,0.17175256,6.3836994
3171,3.171,0.1663839,6.3660326
3172,3.172,0.17310542,6.3998303
3173,3.173,0.16377619,6.335169
3174,3.174,0.15509605,6.342824
3175,3.175,0.17605592,6.4256964
3176,3.176,0.17186828,6.410932
3177,3.177,0.18010774,6.3976445
3178,3.178,0.19562593,6.4668427
3179,3.179,0.19493097,6.39509
3180,3.18,0.2071719,6.4240403
3181,3.181,0.20692626,6.3825736
3182,3.182,0.21657361,6.4239664
3183,3.183,0.22573136,6.4364285
3184,3.184,0.20388956,6.425583
3185,3.185,0.20440485,6.3992505
3186,3.186,0.22648595,6.41387
3187,3.187,0.20579809,6.423114
3188,3.188,0.19688642,6.45058
3189,3.189,0.19903646,6.485116
3190,3.19,0.21548952,6.521949
3191,3.191,0.20993114,6.5142813
3192,3.192,0.20355591,6.5423374
3193,3.193,0.1883808,6.5512705
3194,3.194,0.1791037,6.566088
3195,3.195,0.18913038,6.4798756
3196,3.196,0.17755444,6.4871054
3197,3.197,0.1745114,6.4948583
3198,3.198,0.17850505,6.5193257
3199,3.199,0.18278478,6.497446
3200,3.2,0.16123098,6.4799657
3201,3.201,0.17899266,6.4162703
3202,3.202,0.17535064,6.465167
3203,3.203,0.16052537,6.5275517
3204,3.204,0.15013945,6.464787
3205,3.205,0.15602493,6.545334
3206,3.206,0.15771537,6.4976606
3207,3.207,0.13790576,6.4758387
3208,3.208,0.13751964,6.5983257
3209,3.209,0.13689958,6.5372863
3210,3.21,0.1376272,6.524468
3211,3.211,0.15672277,6.5457916
3212,3.212,0.15007938,6.5953245
3213,3.213,0.14189179,6.527409
3214,3.214,0.16827816,6.496844
3215,3.215,0.17017034,6.5111184
3216,3.216,0.16582996,6.475755
3217,3.217,0.15370801,6.4848976
3218,3.218,0.17391688,6.469439
3219,3.219,0.1653259,6.478953
3220,3.22,0.1621689,6.4448724
3221,3.221,0.14471509,6.549861
3222,3.222,0.14236677,6.5666356
3223,3.223,0.13674241,6.522756
3224,3.224,0.15856332,8.686067
3225,3.225,0.14985585,8.761912
3226,3.226,0.14534953,6.5403
3227,3.227,0.14521745,6.517777
3228,3.228,0.15679799,6.5825834
3229,3.229,0.16248651,6.534639
3230,3.23,0.14302617,6.655108
3231,3.231,0.14593053,6.5852675
3232,3.232,0.13549574,6.5599537
3233,3.233,0.15528078,6.5727406
3234,3.234,0.14018041,8.763767
3235,3.235,0.15968351,8.718726
3236,3.236,0.15577134,8.731324
3237,3.237,0.13668661,8.777274
3238,3.238,0.14696771,8.782265
3239,3.239,0.1351626,6.6098757
3240,3.24,0.13646995,6.492957
3241,3.241,0.13134213,6.558646
3242,3.242,0.13908596,6.5099096
3243,3.243,0.15386586,6.5186925
3244,3.244,0.13689113,8.738925
3245,3.245,0.13309768,8.762594
3246,3.246,0.1295396,8.760872
3247,3.247,0.14384016,8.71563
3248,3.248,0.13710882,6.492957
3249,3.249,0.14600182,6.5234327
3250,3.25,0.17888801,6.522707
3251,3.251,0.16127256,6.5727677
3252,3.252,0.15950967,8.758612
3253,3.253,0.15762739,8.733317
3254,3.254,0.14321518,8.7450075
3255,3.255,0.15195628,8.76122
3256,3.256,0.1475063,8.756336
3257,3.257,0.1515083,6.5455375
3258,3.258,0.12624228,8.724126
3259,3.259,0.11717171,8.663358
3260,3.26,0.115372226,6.507744
3261,3.261,0.112396136,6.4944773
3262,3.262,0.11641753,6.534595
3263,3.263,0.12817602,6.5752254
3264,3.264,0.12681966,6.585634
3265,3.265,0.13152859,6.577203
3266,3.266,0.12874833,6.592442
3267,3.267,0.123498395,6.6159
3268,3.268,0.13142835,6.575799
3269,3.269,0.10730506,6.574829
3270,3.27,0.111090615,6.5328646
3271,3.271,0.113250636,6.4892116
3272,3.272,0.120196916,6.4828544
3273,3.273,0.12459986,6.4530425
3274,3.274,0.12651485,6.4788737
3275,3.275,0.12479453,6.4473534
3276,3.276,0.12391889,6.481902
3277,3.277,0.13111486,6.5369296
3278,3.278,0.14236352,6.5208197
3279,3.279,0.16500956,6.557035
3280,3.28,0.16330402,6.567562
3281,3.281,0.16362366,6.5673985
3282,3.282,0.14622176,6.5950656
3283,3.283,0.1447646,6.5444345
3284,3.284,0.15532099,6.5759225
3285,3.285,0.1493892,6.613061
3286,3.286,0.14403452,6.5800385
3287,3.287,0.1447119,6.5889816
3288,3.288,0.14082707,6.630717
3289,3.289,0.15130216,6.6500907
3290,3.29,0.15366739,6.615013
3291,3.291,0.16411322,6.660218
3292,3.292,0.14323777,6.643538
3293,3.293,0.12787445,6.6362557
3294,3.294,0.132654,6.6052694
3295,3.295,0.14089437,6.6112423
3296,3.296,0.12899768,6.6132026
3297,3.297,0.12761383,6.59325
3298,3.298,0.13227351,6.5321455
3299,3.299,0.1341686,6.517168
3300,3.3,0.13644622,6.540128
3301,3.301,0.12997968,6.569129
3302,3.302,0.13811348,6.6023927
3303,3.303,0.14375816,6.577662
3304,3.304,0.16836195,6.56316
3305,3.305,0.16562629,6.5794325
3306,3.306,0.16734545,6.5242085
3307,3.307,0.16789578,6.517274
3308,3.308,0.150636,6.504543
3309,3.309,0.15989041,6.506488
3310,3.31,0.15655008,6.485235
3311,3.311,0.15443578,6.569244
3312,3.312,0.16995555,6.507806
3313,3.313,0.17528734,6.512088
3314,3.314,0.17186154,6.505674
3315,3.315,0.17287555,6.4277415
3316,3.316,0.16860482,6.5205717
3317,3.317,0.16506839,6.443002
3318,3.318,0.17148447,6.505477
3319,3.319,0.1697718,6.520367
3320,3.32,0.18167594,6.58865
3321,3.321,0.17953561,6.559863
3322,3.322,0.17339633,6.506754
3323,3.323,0.18144675,6.5585895
3324,3.324,0.20773692,6.588571
3325,3.325,0.19236892,6.524795
3326,3.326,0.1828733,6.52391
3327,3.327,0.2084513,6.5455627
3328,3.328,0.2014805,6.5116315
3329,3.329,0.20247862,6.5603695
3330,3.33,0.21394332,6.560783
3331,3.331,0.20741616,6.499413
3332,3.332,0.19585861,6.5331464
3333,3.333,0.20689496,6.5195947
3334,3.334,0.20588681,6.554192
3335,3.335,0.19936956,6.4947147
3336,3.336,0.19857945,6.5078917
3337,3.337,0.19660085,6.546849
3338,3.338,0.19866093,6.4951754
3339,3.339,0.2074808,6.455331
3340,3.34,0.1983558,6.46135
3341,3.341,0.20791936,6.531568
3342,3.342,0.22236532,6.5264134
3343,3.343,0.22866102,6.5304065
3344,3.344,0.224466,6.5525126
3345,3.345,0.23305936,6.5625696
3346,3.346,0.21470381,6.5213246
3347,3.347,0.21454115,6.532454
3348,3.348,0.19654676,6.482244
3349,3.349,0.1910726,6.4739585
3350,3.35,0.18666708,6.4210706
3351,3.351,0.1892257,6.4601483
3352,3.352,0.18993424,6.485056
3353,3.353,0.17870827,6.438534
3354,3.354,0.17564572,6.4449887
3355,3.355,0.18092485,6.410064
3356,3.356,0.16385521,6.3898716
3357,3.357,0.17398201,6.5441227
3358,3.358,0.17463192,6.4802456
3359,3.359,0.18162504,6.457118
3360,3.36,0.1874112,6.512505
3361,3.361,0.18421227,6.5444446
3362,3.362,0.18738036,6.5245905
3363,3.363,0.16815583,6.4666195
3364,3.364,0.16551457,6.5009117
3365,3.365,0.1725918,6.482209
3366,3.366,0.1906086,6.5221767
3367,3.367,0.17691527,6.4308105
3368,3.368,0.15802291,6.482829
3369,3.369,0.16277651,6.494676
3370,3.37,0.17617275,6.4771457
3371,3.371,0.17632098,6.49565
3372,3.372,0.19772772,6.568509
3373,3.373,0.19076258,6.5067515
3374,3.374,0.20394059,6.4794693
3375,3.375,0.20795049,6.5577135
3376,3.376,0.20526941,6.5483255
3377,3.377,0.212685,6.4863477
3378,3.378,0.19877844,6.4874086
3379,3.379,0.19371505,6.55559
3380,3.38,0.18209668,6.5841565
3381,3.381,0.1883636,6.628668
3382,3.382,0.19415495,6.628498
3383,3.383,0.19100845,6.59832
3384,3.384,0.2012704,6.638097
3385,3.385,0.20145066,6.6665273
3386,3.386,0.21566218,6.595272
3387,3.387,0.22419186,6.63373
3388,3.388,0.22870044,6.6898084
3389,3.389,0.24419247,6.6676497
3390,3.39,0.22767612,6.6324577
3391,3.391,0.220531,6.66263
3392,3.392,0.20785041,6.6232305
3393,3.393,0.21160392,6.5642633
3394,3.394,0.20679101,6.5772657
3395,3.395,0.18734828,6.6566935
3396,3.396,0.17779648,6.639442
3397,3.397,0.18265319,6.682129
3398,3.398,0.18435904,6.666683
3399,3.399,0.19306831,6.691302
3400,3.4,0.20008262,6.663121
3401,3.401,0.20224099,6.634927
3402,3.402,0.20191263,6.617579
3403,3.403,0.20043357,6.6328382
3404,3.404,0.18564248,6.6975956
3405,3.405,0.16716576,6.665935
3406,3.406,0.16131699,6.6461225
3407,3.407,0.1575555,6.658269
3408,3.408,0.1674297,6.6530232
3409,3.409,0.17645337,6.6822724
3410,3.41,0.16478944,6.692024
3411,3.411,0.17430595,6.6233435
3412,3.412,0.15877312,6.5839434
3413,3.413,0.1654517,6.5996313
3414,3.414,0.17485948,6.575074
3415,3.415,0.17383045,6.6038756
3416,3.416,0.19428352,6.5845795
3417,3.417,0.20122904,6.568164
3418,3.418,0.18885759,6.5623918
3419,3.419,0.19221984,6.622596
3420,3.42,0.16492127,6.596008
3421,3.421,0.1651986,6.51321
3422,3.422,0.16164199,6.563995
3423,3.423,0.17370805,6.5004025
3424,3.424,0.17586935,6.51629
3425,3.425,0.1521129,6.587881
3426,3.426,0.17129697,6.6215444
3427,3.427,0.18045014,6.5791683
3428,3.428,0.19392022,6.6227713
3429,3.429,0.20975816,6.649619
3430,3.43,0.24163224,6.662366
3431,3.431,0.23219074,6.645839
3432,3.432,0.21684672,6.664954
3433,3.433,0.22023097,0.9895916
3434,3.434,0.20857105,0.98975307
3435,3.435,0.1924314,1.0295707
3436,3.436,0.18627158,1.0068401
3437,3.437,0.19916536,0.97184455
3438,3.438,0.21438377,0.9606074
3439,3.439,0.21443875,0.970194
3440,3.44,0.22363637,0.99828434
3441,3.441,0.21926938,1.0226978
3442,3.442,0.20721208,0.9741548
3443,3.443,0.20470436,0.9376392
3444,3.444,0.19574054,0.9432517
3445,3.445,0.18755178,0.95986027
3446,3.446,0.17985854,0.9742736
3447,3.447,0.19939739,0.9422861
3448,3.448,0.20097727,0.93647665
3449,3.449,0.20726116,0.9155892
3450,3.45,0.21135797,0.8406625
3451,3.451,0.20683685,0.8341973
3452,3.452,0.23057607,0.83792305
3453,3.453,0.23507826,0.8960919
3454,3.454,0.24352883,6.65176
3455,3.455,0.23491691,6.628819
3456,3.456,0.2545147,6.654863
3457,3.457,0.2527664,6.683049
3458,3.458,0.2559531,6.7114263
3459,3.459,0.27039278,6.6574097
3460,3.46,0.261527,6.6656013
3461,3.461,0.2671265,6.7142477
3462,3.462,0.27757373,0.89628446
3463,3.463,0.28044328,0.9636813
3464,3.464,0.28756377,6.717571
3465,3.465,0.2742286,6.7190013
3466,3.466,0.27252454,0.912408
3467,3.467,0.27397472,0.9002909
3468,3.468,0.27214333,6.7215047
3469,3.469,0.27075678,6.686992
3470,3.47,0.29317623,6.7286215
3471,3.471,0.28422233,6.7198195
3472,3.472,0.29084218,6.7194595
3473,3.473,0.30844763,0.91108793
3474,3.474,0.31258506,6.328469
3475,3.475,0.32569858,6.240284
3476,3.476,0.3135134,9.235311
3477,3.477,0.32277152,9.206401
3478,3.478,0.32288468,9.178348
3479,3.479,0.31529513,9.173376
3480,3.48,0.34146714,6.3176317
3481,3.481,0.34823567,6.306454
3482,3.482,0.35595232,6.2473335
3483,3.483,0.35825127,6.239033
3484,3.484,0.34130326,6.2197046
3485,3.485,0.328691,6.2509427
3486,3.486,0.32344842,6.236842
3487,3.487,0.33757144,6.222014
3488,3.488,0.34363633,9.183585
3489,3.489,0.33792877,6.238365
3490,3.49,0.36197364,6.214793
3491,3.491,0.36641666,9.168611
3492,3.492,0.35395205,9.198155
3493,3.493,0.36755943,6.741927
3494,3.494,0.36398062,6.7425947
3495,3.495,0.35891214,6.766669
3496,3.496,0.3466333,6.792532
3497,3.497,0.3725059,6.7871146
3498,3.498,0.34587812,6.8433237
3499,3.499,0.3520915,6.348737
3500,3.5,0.35188326,9.28273
3501,3.501,0.34090063,9.250432
3502,3.502,0.36621532,6.73447
3503,3.503,0.38053796,9.217504
3504,3.504,0.37394798,0.87572646
3505,3.505,0.37375936,0.852705
3506,3.506,0.37485817,0.8319129
3507,3.507,0.37669775,0.8477134
3508,3.508,0.3664091,6.3468637
3509,3.509,0.37648165,6.370632
3510,3.51,0.36678115,0.8192951
3511,3.511,0.36472365,6.359679
3512,3.512,0.36077344,6.3551955
3513,3.513,0.36487386,6.384681
3514,3.514,0.36722842,6.3995237
3515,3.515,0.34252444,6.3998947
3516,3.516,0.33829254,0.85039485
3517,3.517,0.34214893,6.373341
3518,3.518,0.32948136,0.8309333
3519,3.519,0.33098444,6.4072456
3520,3.52,0.34701392,6.4365015
3521,3.521,0.36246637,0.8234255
3522,3.522,0.3558172,6.460256
3523,3.523,0.37289548,6.4635506
3524,3.524,0.36542028,6.39064
3525,3.525,0.37292957,6.388829
3526,3.526,0.37082824,6.4372554
3527,3.527,0.35653833,6.459821
3528,3.528,0.34819317,6.4328017
3529,3.529,0.34582934,6.42237
3530,3.53,0.32595545,0.82945234
3531,3.531,0.30441043,0.7746672
3532,3.532,0.29669738,0.73675406
3533,3.533,0.30126742,0.7235406
3534,3.534,0.3173926,0.6719174
3535,3.535,0.31667358,0.7374114
3536,3.536,0.29485032,0.70861197
3537,3.537,0.29313523,0.7156371
3538,3.538,0.29356474,0.6553366
3539,3.539,0.3021624,0.6963738
3540,3.54,0.29471937,6.454939
3541,3.541,0.2826677,0.75101656
3542,3.542,0.26095617,0.7401395
3543,3.543,0.24991305,0.70650935
3544,3.544,0.23880945,0.78731424
3545,3.545,0.25885153,0.8170379
3546,3.546,0.24651052,0.8036483
3547,3.547,0.2333102,0.7942611
3548,3.548,0.25265938,0.826917
3549,3.549,0.25275636,0.7407358
3550,3.55,0.23041257,0.75931734
3551,3.551,0.22765277,0.7079361
3552,3.552,0.26224998,0.7717173
3553,3.553,0.25721726,0.7658916
3554,3.554,0.26502115,0.74832237
3555,3.555,0.26759347,0.7794229
3556,3.556,0.24966408,0.7485218
3557,3.557,0.24963816,0.75130135
3558,3.558,0.24109392,0.77484125
3559,3.559,0.2337725,0.8083322
3560,3.56,0.23111588,0.8528019
3561,3.561,0.24504496,0.8297472
3562,3.562,0.24981312,0.8308469
3563,3.563,0.23835789,0.8050239
3564,3.564,0.2337369,0.7777935
3565,3.565,0.26093048,0.7640312
3566,3.566,0.28032863,0.777953
3567,3.567,0.28199214,0.77816284
3568,3.568,0.28846684,0.732167
3569,3.569,0.28847164,0.76449215
3570,3.57,0.29927865,0.8070868
3571,3.571,0.29897952,0.7880572
3572,3.572,0.3021096,0.75652266
3573,3.573,0.28881764,0.7595672
3574,3.574,0.28428903,0.78541213
3575,3.575,0.30841464,0.74434435
3576,3.576,0.30890226,0.84205276
3577,3.577,0.3160736,0.81942254
3578,3.578,0.32244906,0.827545
3579,3.579,0.33284006,0.83348423
3580,3.58,0.32758906,0.8912851
3581,3.581,0.31697494,0.88173115
3582,3.582,0.2991071,0.9114873
3583,3.583,0.31562492,0.8883315
3584,3.584,0.30182248,0.87218374
3585,3.585,0.2940935,0.8378338
3586,3.586,0.2835358,0.8109406
3587,3.587,0.26941973,0.8414521
3588,3.588,0.2857305,0.8321625
3589,3.589,0.27962512,0.80874324
3590,3.59,0.28006297,0.84082043
3591,3.591,0.280688,0.89673674
3592,3.592,0.27092066,0.8732844
3593,3.593,0.2894733,0.85416245
3594,3.594,0.2912727,0.8580944
3595,3.595,0.28396517,0.8152437
3596,3.596,0.28146446,0.79807615
3597,3.597,0.28273803,0.865412
3598,3.598,0.29310524,0.8060117
3599,3.599,0.28255072,0.84680367
3600,3.6,0.28655142,0.86880934
3601,3.601,0.28297997,0.9102935
3602,3.602,0.2837469,0.8760221
3603,3.603,0.289795,0.87852573
3604,3.604,0.28004315,0.9305425
3605,3.605,0.26037434,0.8735008
3606,3.606,0.25889707,0.8681409
3607,3.607,0.29583353,0.8977786
3608,3.608,0.29685396,0.9730726
3609,3.609,0.28991702,0.96944326
3610,3.61,0.28040782,0.92539173
3611,3.611,0.28676513,0.8910225
3612,3.612,0.2778518,0.9300606
3613,3.613,0.28670385,0.92806685
3614,3.614,0.29259446,0.9048488
3615,3.615,0.2822437,0.94471014
3616,3.616,0.28753322,0.94405794
3617,3.617,0.29244587,0.9560575
3618,3.618,0.270474,0.96937084
3619,3.619,0.276945,0.9344233
3620,3.62,0.277999,0.9363487
3621,3.621,0.27724788,0.9214146
3622,3.622,0.2909185,0.91461384
3623,3.623,0.29688045,0.9079104
3624,3.624,0.29864064,0.8868554
3625,3.625,0.3195595,0.90220946
3626,3.626,0.3076754,0.9075423
3627,3.627,0.29432216,0.89909154
3628,3.628,0.31763798,0.91650766
3629,3.629,0.30792174,0.904887
3630,3.63,0.32096288,0.88785285
3631,3.631,0.32892865,0.90298843
3632,3.632,0.3096565,0.9384593
3633,3.633,0.31110752,0.9287709
3634,3.634,0.2984052,0.8666591
3635,3.635,0.28462145,0.8853454
3636,3.636,0.28544798,0.9196441
3637,3.637,0.29910555,0.8956689
3638,3.638,0.31350306,0.95188195
3639,3.639,0.3246342,0.9069966
3640,3.64,0.31698152,0.9252504
3641,3.641,0.32456797,0.8944001
3642,3.642,0.3139916,0.83795434
3643,3.643,0.29109487,0.8074775
3644,3.644,0.2698673,0.7984161
3645,3.645,0.26266313,0.81719124
3646,3.646,0.27893305,0.8250604
3647,3.647,0.26986215,0.8306388
3648,3.648,0.27482653,0.84354615
3649,3.649,0.28512058,0.77061385
3650,3.65,0.28810835,0.8309073
3651,3.651,0.29474053,0.781102
3652,3.652,0.31081906,0.7926426
3653,3.653,0.3102644,0.8311329
3654,3.654,0.30375198,0.8646097
3655,3.655,0.31609628,0.8480773
3656,3.656,0.31347284,0.8212644
3657,3.657,0.31172147,0.8352916
3658,3.658,0.29230434,0.87581736
3659,3.659,0.28159502,0.9064839
3660,3.66,0.2771186,0.8589153
3661,3.661,0.27837053,6.3608146
3662,3.662,0.29000714,0.87941796
3663,3.663,0.30211344,0.84336954
3664,3.664,0.30358678,0.77951974
3665,3.665,0.30396122,0.8421798
3666,3.666,0.31983793,0.7950393
3667,3.667,0.33412609,6.3781857
3668,3.668,0.32595614,6.3658123
3669,3.669,0.3334258,6.348759
3670,3.67,0.32296988,6.3216066
3671,3.671,0.33349028,6.3480144
3672,3.672,0.33060703,6.390701
3673,3.673,0.33392328,6.3437047
3674,3.674,0.33495468,6.381465
3675,3.675,0.32505697,6.4024544
3676,3.676,0.32176432,6.4148254
3677,3.677,0.31983578,6.4056396
3678,3.678,0.3298229,0.8211536
3679,3.679,0.33185643,6.3900924
3680,3.68,0.3358019,6.3509464
3681,3.681,0.341913,6.3584676
3682,3.682,0.3295824,6.3682446
3683,3.683,0.31912804,6.3713536
3684,3.684,0.3001942,0.8102063
3685,3.685,0.31691512,0.79654735
3686,3.686,0.29259682,0.7651182
3687,3.687,0.28004977,0.7741309
3688,3.688,0.28837386,0.75824463
3689,3.689,0.29996616,0.7504457
3690,3.69,0.31246522,0.7766487
3691,3.691,0.32444045,0.79177856
3692,3.692,0.31437868,0.7654082
3693,3.693,0.30626246,0.7628153
3694,3.694,0.2889625,0.78582615
3695,3.695,0.29117587,0.8139561
3696,3.696,0.3105638,0.8410719
3697,3.697,0.32876486,6.3218093
3698,3.698,0.31669766,0.8944822
3699,3.699,0.31377435,0.88715416
3700,3.7,0.336245,0.93966854
3701,3.701,0.33473304,0.8903911
3702,3.702,0.33703408,0.85072654
3703,3.703,0.34926385,0.83721095
3704,3.704,0.34277138,0.7993018
3705,3.705,0.33383465,0.8353439
3706,3.706,0.3365611,0.8281015
3707,3.707,0.35938853,0.9329397
3708,3.708,0.37598145,6.323082
3709,3.709,0.35990086,6.3836555
3710,3.71,0.36778894,6.448957
3711,3.711,0.3346094,6.474854
3712,3.712,0.34069714,6.4918604
3713,3.713,0.3263545,0.80301535
3714,3.714,0.3330928,0.82354075
3715,3.715,0.34089792,0.8235055
3716,3.716,0.32846233,0.7519078
3717,3.717,0.32981658,0.7533729
3718,3.718,0.29278955,0.7575413
3719,3.719,0.31042606,0.7890607
3720,3.72,0.2890001,0.8048828
3721,3.721,0.28062457,0.8065468
3722,3.722,0.28118998,0.8527622
3723,3.723,0.28083128,0.76612115
3724,3.724,0.30140015,0.8134209
3725,3.725,0.32908535,0.8248395
3726,3.726,0.32241607,0.81750524
3727,3.727,0.31485116,0.844504
3728,3.728,0.31960872,0.815793
3729,3.729,0.3224942,0.83805114
3730,3.73,0.3123061,0.8532655
3731,3.731,0.3254969,0.85364175
3732,3.732,0.32289544,0.87092704
3733,3.733,0.32450384,0.87908465
3734,3.734,0.272784,0.7792998
3735,3.735,0.29077065,0.7674082
3736,3.736,0.27324805,0.78395605
3737,3.737,0.26532456,0.78748035
3738,3.738,0.26473746,0.8038401
3739,3.739,0.26753557,0.742599
3740,3.74,0.2736826,0.77604115
3741,3.741,0.27677047,0.8179647
3742,3.742,0.27962592,0.7242059
3743,3.743,0.29191256,0.7074899
3744,3.744,0.28714058,0.7663015
3745,3.745,0.27296868,0.81742245
3746,3.746,0.28229776,0.739113
3747,3.747,0.24798138,0.72282225
3748,3.748,0.25831956,0.79709274
3749,3.749,0.26471564,0.7956701
3750,3.75,0.26724246,0.7938596
3751,3.751,0.26567897,0.77307975
3752,3.752,0.2537824,0.7885811
3753,3.753,0.2701293,0.79519725
3754,3.754,0.26284352,0.80337745
3755,3.755,0.28116533,0.8447494
3756,3.756,0.26725802,0.8291687
3757,3.757,0.26284704,0.8418881
3758,3.758,0.26721996,0.8697231
3759,3.759,0.25526932,0.8222808
3760,3.76,0.26987585,0.78752196
3761,3.761,0.26259094,0.8775488
3762,3.762,0.26847327,0.8684211
3763,3.763,0.26115277,0.85396826
3764,3.764,0.2665122,0.82933694
3765,3.765,0.25187764,0.8701828
3766,3.766,0.25756848,0.92853904
3767,3.767,0.27940676,0.9035094
3768,3.768,0.27723536,0.93873113
3769,3.769,0.28336206,0.9703574
3770,3.77,0.31236163,0.9101575
3771,3.771,0.32269347,0.9362896
3772,3.772,0.29911637,0.9206169
3773,3.773,0.3196883,6.8773055
3774,3.774,0.3082572,6.9024086
3775,3.775,0.33533135,0.97066444
3776,3.776,0.33448985,0.9259915
3777,3.777,0.33044127,6.928981
3778,3.778,0.34109455,6.949334
3779,3.779,0.34111896,6.9222684
3780,3.78,0.33777413,6.925705
3781,3.781,0.3214106,6.9175954
3782,3.782,0.3268684,6.9049954
3783,3.783,0.31400487,6.9081492
3784,3.784,0.3296904,6.885515
3785,3.785,0.32820955,6.8829513
3786,3.786,0.32352918,6.879771
3787,3.787,0.31994924,6.872494
3788,3.788,0.3184594,6.883937
3789,3.789,0.32479513,6.8598804
3790,3.79,0.31283054,6.8341765
3791,3.791,0.3014431,6.8252835
3792,3.792,0.30460706,6.835019
3793,3.793,0.29681736,6.824622
3794,3.794,0.3076581,6.8522954
3795,3.795,0.32585895,6.914385
3796,3.796,0.2963598,6.9538803
3797,3.797,0.29291666,6.9227877
3798,3.798,0.33549124,6.9763484
3799,3.799,0.32166946,6.964341
3800,3.8,0.2892344,6.9601736
3801,3.801,0.29830834,6.9931555
3802,3.802,0.31377137,6.9739175
3803,3.803,0.30454254,6.918805
3804,3.804,0.31905052,7.006552
3805,3.805,0.31466168,6.996138
3806,3.806,0.28294647,6.9361696
3807,3.807,0.27668527,6.8964767
3808,3.808,0.28833777,6.9382744
3809,3.809,0.3022351,6.9691944
3810,3.81,0.30112693,6.876075
3811,3.811,0.30000085,6.869506
3812,3.812,0.27375945,6.901871
3813,3.813,0.29223552,6.912265
3814,3.814,0.3054794,6.9331083
3815,3.815,0.27041587,6.9638233
3816,3.816,0.28858382,7.037106
3817,3.817,0.27488372,7.020392
3818,3.818,0.29082152,7.016773
3819,3.819,0.27630982,7.037543
3820,3.82,0.27012587,7.011758
3821,3.821,0.27536187,7.000003
3822,3.822,0.28633025,7.034514
3823,3.823,0.2974064,6.9794602
3824,3.824,0.2882279,6.9750586
3825,3.825,0.30073127,7.037857
3826,3.826,0.3081904,6.9972453
3827,3.827,0.31616136,7.0124383
3828,3.828,0.32378134,6.9830923
3829,3.829,0.30301967,6.968148
3830,3.83,0.3062572,6.9854603
3831,3.831,0.3063938,7.0270667
3832,3.832,0.31239417,7.0267944
3833,3.833,0.32702965,7.103465
3834,3.834,0.30712485,6.9649425
3835,3.835,0.29294428,6.9599113
3836,3.836,0.30997515,7.000811
3837,3.837,0.3151103,6.9988837
3838,3.838,0.33903325,7.0048594
3839,3.839,0.3565114,7.0463815
3840,3.84,0.35513756,0.9720456
3841,3.841,0.34073785,7.0612464
3842,3.842,0.34812078,7.0378966
3843,3.843,0.34795138,7.0387306
3844,3.844,0.31591704,7.0449157
3845,3.845,0.29320854,7.053631
3846,3.846,0.29922688,7.03721
3847,3.847,0.30962887,7.074701
3848,3.848,0.33151418,7.0646706
3849,3.849,0.30772197,7.0492206
3850,3.85,0.32914016,7.0117383
3851,3.851,0.2979749,7.024985
3852,3.852,0.2924514,6.9963155
3853,3.853,0.2998937,6.9652257
3854,3.854,0.29600853,7.001203
3855,3.855,0.30164245,6.9582257
3856,3.856,0.3053636,6.9703155
3857,3.857,0.30185926,6.948461
3858,3.858,0.30528256,6.9214807
3859,3.859,0.3297556,6.933232
3860,3.86,0.28876722,6.907527
3861,3.861,0.29033458,6.8692837
3862,3.862,0.2776187,6.8619323
3863,3.863,0.29835096,6.914698
3864,3.864,0.3028907,6.908805
3865,3.865,0.3117682,6.913172
3866,3.866,0.3076476,6.8909945
3867,3.867,0.30467686,6.813031
3868,3.868,0.29094708,6.813627
3869,3.869,0.31025174,6.8230405
3870,3.87,0.31467858,6.7789865
3871,3.871,0.31962463,6.769563
3872,3.872,0.31078854,6.7944603
3873,3.873,0.31140462,6.7891083
3874,3.874,0.32248992,6.7853956
3875,3.875,0.33400702,6.8313646
3876,3.876,0.33091182,6.8045764
3877,3.877,0.30897933,6.732097
3878,3.878,0.32624823,6.813082
3879,3.879,0.3234713,6.8091474
3880,3.88,0.3103881,6.8016424
3881,3.881,0.30477172,6.8417954
3882,3.882,0.29036325,6.788934
3883,3.883,0.27900347,6.8518777
3884,3.884,0.27218837,6.838216
3885,3.885,0.2979167,6.851042
3886,3.886,0.3058334,6.8298616
3887,3.887,0.29604134,6.812719
3888,3.888,0.28954118,6.801705
3889,3.889,0.28828242,6.8146653
3890,3.89,0.309911,6.850585
3891,3.891,0.31383842,6.8492484
3892,3.892,0.32765964,6.877384
3893,3.893,0.33927318,6.8832445
3894,3.894,0.35574183,6.8694034
3895,3.895,0.3467453,6.932739
3896,3.896,0.34086877,6.981176
3897,3.897,0.33809018,6.9735165
3898,3.898,0.36626014,7.048542
3899,3.899,0.3780168,7.0710454
3900,3.9,0.3810516,6.990484
3901,3.901,0.36757135,6.9979734
3902,3.902,0.3704415,6.980819
3903,3.903,0.37132293,6.931475
3904,3.904,0.36418572,0.67363364
3905,3.905,0.37221783,0.66840166
3906,3.906,0.36654156,0.64435476
3907,3.907,0.36391264,0.6738161
3908,3.908,0.35463005,0.6978453
3909,3.909,0.3483724,0.7023774
3910,3.91,0.3524439,0.6083482
3911,3.911,0.36844775,0.66433936
3912,3.912,0.35128948,0.6628936
3913,3.913,0.35438746,0.62672395
3914,3.914,0.36517787,0.6637716
3915,3.915,0.36383575,0.6534597
3916,3.916,0.37690696,6.959461
3917,3.917,0.3558906,0.6399186
3918,3.918,0.35478127,0.61642593
3919,3.919,0.35215187,0.6488877
3920,3.92,0.3755292,0.640931
3921,3.921,0.36314568,0.62388384
3922,3.922,0.34951398,0.66187817
3923,3.923,0.35849255,0.6253732
3924,3.924,0.34854355,0.592918
3925,3.925,0.3835944,0.6575963
3926,3.926,0.38323623,0.664092
3927,3.927,0.3677745,0.6463826
3928,3.928,0.37162355,0.6413832
3929,3.929,0.3739251,0.658973
3930,3.93,0.36697525,0.6827382
3931,3.931,0.38329715,0.7123678
3932,3.932,0.3813118,0.72779405
3933,3.933,0.37916428,0.75939006
3934,3.934,0.36126718,0.7303347
3935,3.935,0.37004438,0.7185313
3936,3.936,0.3511552,0.71626353
3937,3.937,0.35098925,0.65924
3938,3.938,0.34894398,0.6784582
3939,3.939,0.31367117,0.63330024
3940,3.94,0.32889983,0.668576
3941,3.941,0.33689412,0.6535087
3942,3.942,0.3232754,0.62588143
3943,3.943,0.31744796,0.6309709
3944,3.944,0.31231278,0.67664737
3945,3.945,0.31528047,0.6570582
3946,3.946,0.33073708,6.857334
3947,3.947,0.33046296,0.66301006
3948,3.948,0.32271996,0.69541174
3949,3.949,0.31798425,0.7434553
3950,3.95,0.3344207,0.64143354
3951,3.951,0.31360924,0.70626765
3952,3.952,0.33678225,0.6987193
3953,3.953,0.31759286,0.6958317
3954,3.954,0.32326183,0.73438406
3955,3.955,0.31473368,0.7581093
3956,3.956,0.327118,0.8006262
3957,3.957,0.31081906,0.69619983
3958,3.958,0.30371088,0.67379004
3959,3.959,0.292434,0.6614044
3960,3.96,0.26555276,0.63856584
3961,3.961,0.30079123,0.680161
3962,3.962,0.31500462,0.6682207
3963,3.963,0.31519392,0.69560814
3964,3.964,0.29224184,0.7454083
3965,3.965,0.30420834,6.789069
3966,3.966,0.29905608,0.7797229
3967,3.967,0.28284106,6.780304
3968,3.968,0.27993912,0.8210121
3969,3.969,0.29682282,0.8537809
3970,3.97,0.30753258,0.8489558
3971,3.971,0.3133179,0.84530276
3972,3.972,0.3016976,0.80780476
3973,3.973,0.29858026,0.7641795
3974,3.974,0.2912735,0.78337145
3975,3.975,0.3224383,0.80156535
3976,3.976,0.31939018,0.8121422
3977,3.977,0.33568898,0.8244966
3978,3.978,0.32618234,0.8614569
3979,3.979,0.32562262,6.7845316
3980,3.98,0.3092142,0.8333286
3981,3.981,0.2761985,0.8246629
3982,3.982,0.27652395,0.85913974
3983,3.983,0.2716459,0.79183924
3984,3.984,0.2710512,0.7799351
3985,3.985,0.28237802,0.8296251
3986,3.986,0.2929064,0.8682141
3987,3.987,0.2900916,0.8428835
3988,3.988,0.29388982,0.88355505
3989,3.989,0.2571894,0.88103276
3990,3.99,0.25120485,0.87040913
3991,3.991,0.22815593,0.8734105
3992,3.992,0.2417059,0.84759665
3993,3.993,0.22707419,0.8343394
3994,3.994,0.24105652,0.8072112
3995,3.995,0.2404573,0.80638313
3996,3.996,0.23812304,0.80184567
3997,3.997,0.2261744,0.7943145
3998,3.998,0.21545947,0.76525253
3999,3.999,0.20761558,0.76152366
4000,4.0,0.21484268,0.8169397
4001,4.001,0.23127487,0.80488056
4002,4.002,0.23283705,0.7947803
4003,4.003,0.21902567,0.84295523
4004,4.004,0.24337308,0.836854
4005,4.005,0.24849176,0.81342614
4006,4.006,0.25186753,0.8144166
4007,4.007,0.23496218,0.7929395
4008,4.008,0.21930628,0.7847893
4009,4.009,0.20309198,0.83086455
4010,4.01,0.1849925,0.8016267
4011,4.011,0.2052649,0.8018646
4012,4.012,0.21600388,0.78998524
4013,4.013,0.20347753,0.8480278
4014,4.014,0.20561376,0.79519314
4015,4.015,0.21638565,0.7657715
4016,4.016,0.20639822,0.76367533
4017,4.017,0.21980119,0.7670995
4018,4.018,0.22691122,0.8082109
4019,4.019,0.22833927,0.8290903
4020,4.02,0.22457102,0.82044876
4021,4.021,0.22672571,0.84549904
4022,4.022,0.20876826,0.82095456
4023,4.023,0.1936482,0.8065525
4024,4.024,0.1835799,0.78660536
4025,4.025,0.17901333,0.75490487
4026,4.026,0.17010647,0.7663442
4027,4.027,0.15946764,0.74270886
4028,4.028,0.1510636,0.78195643
4029,4.029,0.15305836,0.7726438
4030,4.03,0.15368094,0.7735145
4031,4.031,0.15516312,0.71633035
4032,4.032,0.14738713,0.74918646
4033,4.033,0.16372395,0.7665475
4034,4.034,0.18294534,0.76571894
4035,4.035,0.17054762,0.75482076
4036,4.036,0.16250643,0.7418695
4037,4.037,0.15972549,0.7529968
4038,4.038,0.164774,0.76235074
4039,4.039,0.15527335,0.7614553
4040,4.04,0.14624073,0.75385696
4041,4.041,0.15368997,0.73820126
4042,4.042,0.14393657,0.72066593
4043,4.043,0.14225791,0.6984224
4044,4.044,0.13938485,0.7139983
4045,4.045,0.14781943,0.71607685
4046,4.046,0.14065623,0.6928206
4047,4.047,0.15059303,0.6988959
4048,4.048,0.15261212,0.6973581
4049,4.049,0.14463039,0.6896724
4050,4.05,0.15539241,0.690881
4051,4.051,0.14367774,0.72044677
4052,4.052,0.1490592,0.7282712
4053,4.053,0.14194718,0.71030635
4054,4.054,0.14712651,0.73330504
4055,4.055,0.1470322,0.7173414
4056,4.056,0.1399014,0.7104065
4057,4.057,0.1378236,0.699324
4058,4.058,0.13229449,0.6956128
4059,4.059,0.12936993,0.73023415
4060,4.06,0.13078648,0.7226281
4061,4.061,0.13970958,0.7171264
4062,4.062,0.15372607,0.7333247
4063,4.063,0.14912279,0.7447801
4064,4.064,0.1432636,0.72340614
4065,4.065,0.15058842,0.7636943
4066,4.066,0.16255906,0.7357219
4067,4.067,0.17030208,0.78682256
4068,4.068,0.18406537,0.8085307
4069,4.069,0.17943513,0.8197801
4070,4.07,0.18107302,0.8327682
4071,4.071,0.17765078,0.8232237
4072,4.072,0.17076708,0.8636858
4073,4.073,0.18177263,0.87781733
4074,4.074,0.17092136,0.8410961
4075,4.075,0.16031496,0.8363648
4076,4.076,0.1733043,0.83065355
4077,4.077,0.16736895,0.78747934
4078,4.078,0.1681572,0.8227352
4079,4.079,0.17620163,0.8616492
4080,4.08,0.1696928,0.8927809
4081,4.081,0.17162867,0.85424495
4082,4.082,0.15026106,0.8508621
4083,4.083,0.14446886,0.8724505
4084,4.084,0.12809663,0.83967215
4085,4.085,0.13405654,0.85339355
4086,4.086,0.120582916,0.8711384
4087,4.087,0.107604116,0.870279
4088,4.088,0.096472465,0.8736728
4089,4.089,0.10096433,0.8569376
4090,4.09,0.09790215,0.8470619
4091,4.091,0.108928084,0.7754953
4092,4.092,0.10319071,0.80854386
4093,4.093,0.09487761,0.825008
4094,4.094,0.103836186,0.83061504
4095,4.095,0.102710135,0.8360466
4096,4.096,0.08940781,0.81148785
4097,4.097,0.09859398,0.7817016
4098,4.098,0.0845434,0.7738683
4099,4.099,0.08696974,0.7820017
4100,4.1,0.08452699,0.8292903
4101,4.101,0.08358081,0.79046595
4102,4.102,0.09518415,0.7843498
4103,4.103,0.093998745,0.7321291
4104,4.104,0.10796662,0.75460935
4105,4.105,0.11189311,0.7953852
4106,4.106,0.10698354,0.7665332
4107,4.107,0.09726722,0.82073706
4108,4.108,0.098694764,0.81438917
4109,4.109,0.097897425,0.79747206
4110,4.11,0.09161473,0.7645515
4111,4.111,0.11684372,0.7893842
4112,4.112,0.114222266,0.75812113
4113,4.113,0.12139122,0.71698326
4114,4.114,0.12061358,0.77912974
4115,4.115,0.11707499,0.80484825
4116,4.116,0.10828947,0.8152665
4117,4.117,0.12252295,0.84129745
4118,4.118,0.119583696,0.8044561
4119,4.119,0.11194062,0.8137917
4120,4.12,0.12902278,0.8182363
4121,4.121,0.12901382,0.8385895
4122,4.122,0.108489975,0.81332254
4123,4.123,0.12077066,0.8140485
4124,4.124,0.119881056,0.7886139
4125,4.125,0.12540808,0.8092568
4126,4.126,0.13066268,0.8407212
4127,4.127,0.123870365,0.82676107
4128,4.128,0.11719539,0.8414895
4129,4.129,0.11873193,0.8538374
4130,4.13,0.13655293,0.847624
4131,4.131,0.11074043,0.8339342
4132,4.132,0.084611736,0.88113004
4133,4.133,0.08705211,0.82233685
4134,4.134,0.104331516,0.8428011
4135,4.135,0.09118725,0.8426159
4136,4.136,0.112214975,0.85494745
4137,4.137,0.09409953,0.8298986
4138,4.138,0.08425852,0.8331343
4139,4.139,0.095673524,0.7903022
4140,4.14,0.10626149,0.76907426
4141,4.141,0.10250284,0.7582158
4142,4.142,0.11442854,0.75910735
4143,4.143,0.10540077,0.81605995
4144,4.144,0.11311786,0.78937393
4145,4.145,0.114230365,0.81037337
4146,4.146,0.09654912,0.84079427
4147,4.147,0.0903595,0.79423004
4148,4.148,0.09207036,0.8116051
4149,4.149,0.08405523,0.84157705
4150,4.15,0.09071954,0.8796587
4151,4.151,0.08691922,0.8331008
4152,4.152,0.10076721,0.84184366
4153,4.153,0.10712392,0.8534588
4154,4.154,0.12452933,0.7997731
4155,4.155,0.12163856,0.83223236
4156,4.156,0.121976405,0.866579
4157,4.157,0.12281508,0.8931143
4158,4.158,0.10616789,0.8722122
4159,4.159,0.090221226,0.9217849
4160,4.16,0.11495466,0.8374844
4161,4.161,0.10871351,0.84207696
4162,4.162,0.10191926,0.83526325
4163,4.163,0.09798241,0.82886124
4164,4.164,0.09619407,0.8116976
4165,4.165,0.10445554,0.80253196
4166,4.166,0.09452362,0.82961005
4167,4.167,0.11392231,0.81988305
4168,4.168,0.110961504,0.78809184
4169,4.169,0.123855434,0.79981023
4170,4.17,0.11954115,0.82822156
4171,4.171,0.09986841,0.8020306
4172,4.172,0.12581667,0.78768694
4173,4.173,0.11166146,0.83041626
4174,4.174,0.120454386,0.8553869
4175,4.175,0.1076299,0.85439634
4176,4.176,0.112503044,0.835273
4177,4.177,0.12718374,0.8255067
4178,4.178,0.12186643,0.83074963
4179,4.179,0.124168634,0.7749796
4180,4.18,0.12229442,0.8186451
4181,4.181,0.12695631,0.76688766
4182,4.182,0.1293467,0.7320285
4183,4.183,0.1117339,0.7494969
4184,4.184,0.10949331,0.7432129
4185,4.185,0.10353963,0.7403458
4186,4.186,0.10429605,0.7567321
4187,4.187,0.10070295,0.7656066
4188,4.188,0.11316895,0.7535477
4189,4.189,0.097298115,0.7662065
4190,4.19,0.10350613,0.7927507
4191,4.191,0.104236186,0.7666544
4192,4.192,0.11456988,0.79354715
4193,4.193,0.11297879,0.7596089
4194,4.194,0.12124067,0.7781148
4195,4.195,0.12259841,0.7648331
4196,4.196,0.12376207,0.7657064
4197,4.197,0.13541895,0.7815005
4198,4.198,0.12001213,0.78270453
4199,4.199,0.12242668,0.7875767
4200,4.2,0.114414394,0.83467007
4201,4.201,0.12359196,0.8209435
4202,4.202,0.13253368,0.8779451
4203,4.203,0.12092944,0.85653806
4204,4.204,0.10935386,0.8452585
4205,4.205,0.11028017,0.81536305
4206,4.206,0.112418756,0.8629418
4207,4.207,0.1430375,0.77021766
4208,4.208,0.15664604,0.7821308
4209,4.209,0.13744733,0.7629545
4210,4.21,0.13723186,0.78240806
4211,4.211,0.15141825,0.8160288
4212,4.212,0.14896145,0.7310028
4213,4.213,0.15274236,0.7670977
4214,4.214,0.15855455,0.7685756
4215,4.215,0.15904519,0.7089808
4216,4.216,0.15386586,0.6806385
4217,4.217,0.14229693,0.6876495
4218,4.218,0.12535277,0.72672445
4219,4.219,0.12916605,0.70862824
4220,4.22,0.12962167,0.72067606
4221,4.221,0.12918752,0.7338723
4222,4.222,0.11609935,0.7008817
4223,4.223,0.102874324,0.7249478
4224,4.224,0.10016429,0.7598757
4225,4.225,0.10093456,0.7444692
4226,4.226,0.10250735,0.719327
4227,4.227,0.09449426,0.71483564
4228,4.228,0.10455951,0.756152
4229,4.229,0.09530551,0.808022
4230,4.23,0.09432039,0.7975816
4231,4.231,0.095745996,0.79799545
4232,4.232,0.10208925,0.8194609
4233,4.233,0.09168284,0.8134957
4234,4.234,0.09127342,0.8560532
4235,4.235,0.08461994,0.8408998
4236,4.236,0.08252019,0.8206068
4237,4.237,0.100760326,0.809705
4238,4.238,0.119188644,0.8257157
4239,4.239,0.118197195,0.86032915
4240,4.24,0.111367054,0.8651918
4241,4.241,0.11891288,0.8994623
4242,4.242,0.10704188,0.88558054
4243,4.243,0.10228382,0.89828104
4244,4.244,0.10735675,0.9277813
4245,4.245,0.1017149,0.9155737
4246,4.246,0.108492106,0.91860163
4247,4.247,0.09860571,0.875449
4248,4.248,0.10870925,0.9480085
4249,4.249,0.098208666,0.9301883
4250,4.25,0.09091048,0.9241536
4251,4.251,0.09595584,0.9225143
4252,4.252,0.1092481,0.9066408
4253,4.253,0.08407173,0.91060084
4254,4.254,0.09448448,0.8925366
4255,4.255,0.09194472,0.8820415
4256,4.256,0.121680364,0.8838004
4257,4.257,0.13597266,0.88939124
4258,4.258,0.1321861,0.91606736
4259,4.259,0.13315846,0.9536696
4260,4.26,0.12634113,0.91565835
4261,4.261,0.11670711,0.9129295
4262,4.262,0.13795437,0.95725214
4263,4.263,0.1544762,0.9424823
4264,4.264,0.14557046,0.9482918
4265,4.265,0.16204341,0.9738941
4266,4.266,0.15883136,0.9447595
4267,4.267,0.1569601,0.94618183
4268,4.268,0.15531652,0.9768303
4269,4.269,0.13272195,1.0296923
4270,4.27,0.15024567,0.9522359
4271,4.271,0.14111243,0.94919515
4272,4.272,0.14352962,0.9579017
4273,4.273,0.13806158,0.9629089
4274,4.274,0.14305851,0.9810588
4275,4.275,0.12457388,0.9765795
4276,4.276,0.107309364,0.97519463
4277,4.277,0.118435584,0.98813194
4278,4.278,0.11705722,0.9897342
4279,4.279,0.11990998,0.95939213
4280,4.28,0.12351524,0.95374763
4281,4.281,0.12830222,0.97338045
4282,4.282,0.11868324,0.9938084
4283,4.283,0.116089396,0.96429926
4284,4.284,0.1209065,0.98828185
4285,4.285,0.13123824,1.0238459
4286,4.286,0.11632217,1.0166705
4287,4.287,0.13571568,0.9828065
4288,4.288,0.13537796,0.9892662
4289,4.289,0.13296908,0.9700781
4290,4.29,0.113940574,1.037732
4291,4.291,0.10007654,1.0409224
4292,4.292,0.10305619,1.0480293
4293,4.293,0.114080496,1.0575726
4294,4.294,0.0929973,1.0638294
4295,4.295,0.10866245,1.0629065
4296,4.296,0.11480977,1.0518516
4297,4.297,0.11957016,1.0819533
4298,4.298,0.10960305,1.0234615
4299,4.299,0.12598929,1.0360671
4300,4.3,0.13604407,1.0600839
4301,4.301,0.15159526,1.08491
4302,4.302,0.14298737,1.1055219
4303,4.303,0.14350224,1.1257389
4304,4.304,0.124583155,1.1095943
4305,4.305,0.11873583,1.1028427
4306,4.306,0.11922743,1.0637647
4307,4.307,0.11888177,1.077438
4308,4.308,0.114262745,1.0543754
4309,4.309,0.119219676,1.1274414
4310,4.31,0.11079678,1.1555959
4311,4.311,0.11713817,1.2208993
4312,4.312,0.12966803,1.1748773
4313,4.313,0.14655814,1.1859493
4314,4.314,0.13230322,1.1831872
4315,4.315,0.13597436,1.1377641
4316,4.316,0.12981415,1.1615463
4317,4.317,0.10920365,1.1404283
4318,4.318,0.11537423,1.124296
4319,4.319,0.12440302,1.1040577
4320,4.32,0.120137274,1.2016968
4321,4.321,0.12747426,1.1784022
4322,4.322,0.10582982,1.2116593
4323,4.323,0.09925771,1.2260251
4324,4.324,0.09788562,1.2094464
4325,4.325,0.10134373,1.2002501
4326,4.326,0.104353674,1.2423134
4327,4.327,0.095016405,1.2020919
4328,4.328,0.093359545,1.2160057
4329,4.329,0.114270836,1.1954852
4330,4.33,0.097840734,1.1798295
4331,4.331,0.101097055,1.1633189
4332,4.332,0.116109304,1.1547416
4333,4.333,0.1074407,1.1989065
4334,4.334,0.113719195,1.1412221
4335,4.335,0.12303325,1.1490088
4336,4.336,0.12749784,1.1312267
4337,4.337,0.11481379,1.1642531
4338,4.338,0.12204083,1.166051
4339,4.339,0.09507722,1.2054029
4340,4.34,0.107203744,1.176471
4341,4.341,0.12414629,1.1833948
4342,4.342,0.10856028,1.144726
4343,4.343,0.09601846,1.1302676
4344,4.344,0.09791632,1.1703897
4345,4.345,0.08865996,1.2247708
4346,4.346,0.09362662,1.160542
4347,4.347,0.10443119,1.1879413
4348,4.348,0.1130463,1.1753833
4349,4.349,0.114129126,1.1554316
4350,4.35,0.10350613,1.1544015
4351,4.351,0.1061766,1.1583889
4352,4.352,0.10837484,1.151848
4353,4.353,0.11740431,1.1282308
4354,4.354,0.09935316,1.0961883
4355,4.355,0.104745075,1.1011305
4356,4.356,0.09711497,1.0985177
4357,4.357,0.11906249,1.1550548
4358,4.358,0.1263832,1.0982978
4359,4.359,0.143312,1.1581714
4360,4.36,0.14661965,1.135189
4361,4.361,0.15064214,1.2400181
4362,4.362,0.15796292,1.2554977
4363,4.363,0.1744478,1.3145245
4364,4.364,0.16542237,1.2803302
4365,4.365,0.16385663,1.2854067
4366,4.366,0.17521083,1.2747577
4367,4.367,0.17075218,1.2465868
4368,4.368,0.15264243,1.2750472
4369,4.369,0.16861853,1.2395467
4370,4.37,0.16475856,1.3056737
4371,4.371,0.14476141,1.246671
4372,4.372,0.127963,1.2865672
4373,4.373,0.16064343,1.2614499
4374,4.374,0.15310216,1.3233895
4375,4.375,0.1545884,1.3578362
4376,4.376,0.1550901,1.2981216
4377,4.377,0.18218298,1.2917511
4378,4.378,0.19283587,1.3319724
4379,4.379,0.18095808,1.3009363
4380,4.38,0.19953531,1.2919003
4381,4.381,0.1834829,1.2596478
4382,4.382,0.15110952,1.3185233
4383,4.383,0.17141974,1.2603171
4384,4.384,0.16498853,1.3010899
4385,4.385,0.20061228,1.2455058
4386,4.386,0.1784597,1.2824702
4387,4.387,0.17958325,1.2459964
4388,4.388,0.1727498,1.2766513
4389,4.389,0.1745114,1.2217476
4390,4.39,0.19181529,1.2620062
4391,4.391,0.19132651,1.2878767
4392,4.392,0.18325342,1.2710503
4393,4.393,0.20985073,1.3090174
4394,4.394,0.21655548,1.2814647
4395,4.395,0.22415267,1.3435303
4396,4.396,0.25010172,1.4101353
4397,4.397,0.24008588,1.4009616
4398,4.398,0.251558,1.3914589
4399,4.399,0.2482544,1.3794515
4400,4.4,0.24719048,1.4084077
4401,4.401,0.2497215,1.4090267
4402,4.402,0.25933605,1.4879287
4403,4.403,0.27370876,1.4919112
4404,4.404,0.2598784,1.5059041
4405,4.405,0.23157358,1.4629084
4406,4.406,0.2366163,1.4734312
4407,4.407,0.23561855,1.4840711
4408,4.408,0.21299241,1.5342532
4409,4.409,0.21951175,1.490192
4410,4.41,0.20758218,1.526438
4411,4.411,0.20044741,1.522963
4412,4.412,0.22339432,1.54584
4413,4.413,0.21459287,1.5328478
4414,4.414,0.22308986,1.559626
4415,4.415,0.23788798,1.5087317
4416,4.416,0.25596213,1.50916
4417,4.417,0.24905773,1.5279764
4418,4.418,0.25740954,1.5219632
4419,4.419,0.26722774,1.5658187
4420,4.42,0.2629921,1.4994878
4421,4.421,0.26918536,1.4593376
4422,4.422,0.29206932,1.4876951
4423,4.423,0.27137938,1.4543432
4424,4.424,0.27756208,1.4570827
4425,4.425,0.26698193,1.4470693
4426,4.426,0.27988872,1.421171
4427,4.427,0.28870636,1.3576032
4428,4.428,0.2913997,1.3389226
4429,4.429,0.2797689,1.3875966
4430,4.43,0.27138793,1.4658499
4431,4.431,0.28095555,1.4623024
4432,4.432,0.295932,1.4602088
4433,4.433,0.3031768,1.4650315
4434,4.434,0.32243112,1.4874712
4435,4.435,0.34960657,1.4961381
4436,4.436,0.3444736,1.4997089
4437,4.437,0.33853915,1.5555426
4438,4.438,0.33750296,1.5768857
4439,4.439,0.34517154,1.4835716
4440,4.44,0.3438253,1.4850699
4441,4.441,0.34493706,1.5071937
4442,4.442,0.32739422,1.4925207
4443,4.443,0.30572754,1.4701536
4444,4.444,0.3122291,1.4635941
4445,4.445,0.3286284,1.4999481
4446,4.446,0.3414055,1.5129827
4447,4.447,0.34579325,1.5446347
4448,4.448,0.33379033,1.5302563
4449,4.449,0.31889686,1.4977579
4450,4.45,0.32725933,1.4812994
4451,4.451,0.3275058,1.4723493
4452,4.452,0.33985803,1.4535375
4453,4.453,0.34740612,1.471835
4454,4.454,0.35282287,1.5403893
4455,4.455,0.3397723,1.6043749
4456,4.456,0.34517825,1.5801058
4457,4.457,0.34845665,1.5783352
4458,4.458,0.35412708,1.5930988
4459,4.459,0.3633786,1.5352058
4460,4.46,0.37720865,1.5220765
4461,4.461,0.37677568,1.5857344
4462,4.462,0.38207257,1.6117914
4463,4.463,0.37870666,1.5647112
4464,4.464,0.3891847,1.5478729
4465,4.465,0.38203564,1.5411842
4466,4.466,0.38648254,1.5621443
4467,4.467,0.39639032,1.5414188
4468,4.468,0.40616462,1.5681945
4469,4.469,0.38639638,1.5418186
4470,4.47,0.40060407,1.5508463
4471,4.471,0.3964335,1.604308
4472,4.472,0.3932617,1.6074643
4473,4.473,0.40387106,1.5928857
4474,4.474,0.3720967,1.5553353
4475,4.475,0.35673735,1.5685229
4476,4.476,0.36064267,1.5713351
4477,4.477,0.37905815,1.5550314
4478,4.478,0.38042435,1.5876789
4479,4.479,0.39309177,1.5647478
4480,4.48,0.39218557,1.5313466
4481,4.481,0.38084403,1.4997076
4482,4.482,0.39906833,1.5115509
4483,4.483,0.41662636,1.5120968
4484,4.484,0.39716065,1.5136771
4485,4.485,0.39161158,1.5128403
4486,4.486,0.3844174,1.536007
4487,4.487,0.39225098,1.5412189
4488,4.488,0.4020477,1.5538777
4489,4.489,0.3932082,1.5491576
4490,4.49,0.38208467,1.5159826
4491,4.491,0.3778449,1.5091016
4492,4.492,0.37341094,1.5912888
4493,4.493,0.37996888,1.569539
4494,4.494,0.37761724,1.57278
4495,4.495,0.38027906,1.5681359
4496,4.496,0.38914552,1.5513109
4497,4.497,0.37773538,1.5713729
4498,4.498,0.36291003,1.5472839
4499,4.499,0.3457217,1.521004
4500,4.5,0.34581864,1.5447015
4501,4.501,0.35083508,1.5820628
4502,4.502,0.35235274,1.5859706
4503,4.503,0.34129646,1.5902941
4504,4.504,0.33271015,1.5573919
4505,4.505,0.32175282,1.5714515
4506,4.506,0.31370875,1.5949868
4507,4.507,0.30782187,1.6051465
4508,4.508,0.29524526,1.6450213
4509,4.509,0.28520733,1.6320928
4510,4.51,0.29868865,1.6291673
4511,4.511,0.30064285,1.6445643
4512,4.512,0.3101556,1.6557708
4513,4.513,0.31207284,1.6169221
4514,4.514,0.32248777,1.6137328
4515,4.515,0.33392537,1.6122882
4516,4.516,0.304108,1.6334509
4517,4.517,0.31772313,1.6186793
4518,4.518,0.30576232,1.5524249
4519,4.519,0.2993775,1.5213377
4520,4.52,0.29741186,1.5558667
4521,4.521,0.31414768,1.5732652
4522,4.522,0.29284167,1.5912211
4523,4.523,0.30525455,1.6269047
4524,4.524,0.30263948,1.6103221
4525,4.525,0.28717923,1.5875608
4526,4.526,0.27102393,1.5959861
4527,4.527,0.25783223,1.6023746
4528,4.528,0.2595054,1.6770072
4529,4.529,0.2764261,1.6804153
4530,4.53,0.29317227,1.7031572
4531,4.531,0.2726687,1.694585
4532,4.532,0.2539991,1.6862183
4533,4.533,0.26322144,1.7111981
4534,4.534,0.2841288,1.7098289
4535,4.535,0.27397555,1.6919987
4536,4.536,0.27424884,1.6505659
4537,4.537,0.27785012,1.6936498
4538,4.538,0.26011494,1.6776826
4539,4.539,0.27220875,1.7090596
4540,4.54,0.25896227,1.6830654
4541,4.541,0.27155483,1.64665
4542,4.542,0.26969245,1.6425143
4543,4.543,0.25508812,1.607456
4544,4.544,0.23864579,1.5930043
4545,4.545,0.24037844,1.5758487
4546,4.546,0.23890916,1.583853
4547,4.547,0.24635665,1.6288244
4548,4.548,0.22784361,1.6265458
4549,4.549,0.21898979,1.6003909
4550,4.55,0.22879848,1.5903034
4551,4.551,0.20516689,1.5835912
4552,4.552,0.19933014,1.5656441
4553,4.553,0.19879356,1.5915791
4554,4.554,0.20360135,1.5940645
4555,4.555,0.20392698,1.5527341
4556,4.556,0.1914932,1.5596676
4557,4.557,0.20591488,1.5799687
4558,4.558,0.2086996,1.6036592
4559,4.559,0.21620929,1.6803718
4560,4.56,0.1882838,1.6642593
4561,4.561,0.15852831,1.6423694
4562,4.562,0.16466312,1.6462058
4563,4.563,0.15345663,1.6082214
4564,4.564,0.1400682,1.555775
4565,4.565,0.13163751,1.5543768
4566,4.566,0.14029251,1.5809737
4567,4.567,0.11691295,1.5715852
4568,4.568,0.13186564,1.6032658
4569,4.569,0.117656104,1.5785543
4570,4.57,0.10422066,1.5719479
4571,4.571,0.11086979,1.5688463
4572,4.572,0.14761597,1.5493525
4573,4.573,0.14327973,1.5432968
4574,4.574,0.14874557,1.5902079
4575,4.575,0.14512509,1.6145426
4576,4.576,0.12748332,1.5959693
4577,4.577,0.12257766,1.5725081
4578,4.578,0.117455505,1.6134504
4579,4.579,0.13344462,1.6010389
4580,4.58,0.14615849,1.6441876
4581,4.581,0.15470801,1.6317011
4582,4.582,0.16060744,1.6388584
4583,4.583,0.15751734,1.6541696
4584,4.584,0.16909637,1.6443521
4585,4.585,0.17985469,1.682341
4586,4.586,0.20219183,1.7219397
4587,4.587,0.21426725,1.7136903
4588,4.588,0.21022718,1.7280831
4589,4.589,0.20154475,1.7095517
4590,4.59,0.18690349,1.6775049
4591,4.591,0.181318,1.6765308
4592,4.592,0.19853753,1.6944958
4593,4.593,0.2014587,1.6409106
4594,4.594,0.1868268,1.650281
4595,4.595,0.19438344,1.6912239
4596,4.596,0.17366812,1.6720126
4597,4.597,0.1695265,1.6967359
4598,4.598,0.14577202,1.7204746
4599,4.599,0.13573782,1.7085757
4600,4.6,0.14537975,1.7339854
4601,4.601,0.14784758,1.6616044
4602,4.602,0.1476238,1.6405063
4603,4.603,0.14724275,1.6198791
4604,4.604,0.14078274,1.6752183
4605,4.605,0.1321651,1.6343919
4606,4.606,0.12924835,1.6508553
4607,4.607,0.120127656,1.6535227
4608,4.608,0.12230009,1.6359209
4609,4.609,0.12759753,1.6391536
4610,4.61,0.12436399,1.7026674
4611,4.611,0.1426296,1.668541
4612,4.612,0.14554028,1.6230886
4613,4.613,0.14376138,1.5980338
4614,4.614,0.11924101,1.636953
4615,4.615,0.12406619,1.6083205
4616,4.616,0.108000875,1.5924597
4617,4.617,0.09550907,1.5640676
4618,4.618,0.10465234,1.5690761
4619,4.619,0.11047288,1.5357766
4620,4.62,0.094667815,1.5510578
4621,4.621,0.08922921,1.5688233
4622,4.622,0.078972675,1.6103398
4623,4.623,0.090062216,1.5736775
4624,4.624,0.09864321,1.5669963
4625,4.625,0.106957614,1.5494279
4626,4.626,0.096400544,1.5051742
4627,4.627,0.09402579,1.503154
4628,4.628,0.08489816,1.5221542
4629,4.629,0.08050644,1.5322152
4630,4.63,0.08145144,1.5406758
4631,4.631,0.09487761,1.5790317
4632,4.632,0.10690139,1.5370209
4633,4.633,0.09288536,1.5291892
4634,4.634,0.10095288,1.5584223
4635,4.635,0.0861605,1.5355569
4636,4.636,0.09152637,1.5152314
4637,4.637,0.088215545,1.5160735
4638,4.638,0.10763849,1.5430789
4639,4.639,0.10246675,1.574853
4640,4.64,0.09633337,1.6224684
4641,4.641,0.104344815,1.6877337
4642,4.642,0.1065331,1.5749869
4643,4.643,0.107518144,1.6244857
4644,4.644,0.10933272,1.5835232
4645,4.645,0.112665266,1.5445615
4646,4.646,0.103762686,1.5886164
4647,4.647,0.12218094,1.5910114
4648,4.648,0.107932344,1.6075699
4649,4.649,0.11162211,1.577131
4650,4.65,0.10927561,1.6417576
4651,4.651,0.113930434,1.5939078
4652,4.652,0.13442853,1.6504883
4653,4.653,0.12992097,1.6138259
4654,4.654,0.11727822,1.6208385
4655,4.655,0.13133508,1.621442
4656,4.656,0.13357624,1.6086679
4657,4.657,0.14369544,1.6156801
4658,4.658,0.16062473,1.6322558
4659,4.659,0.16030775,1.6124206
4660,4.66,0.16104302,1.6257429
4661,4.661,0.16130553,1.6204606
4662,4.662,0.16887884,1.6325991
4663,4.663,0.16303055,1.6439986
4664,4.664,0.14709665,1.6331664
4665,4.665,0.1607312,1.5970987
4666,4.666,0.17411616,1.6773235
4667,4.667,0.1584043,1.69481
4668,4.668,0.13866645,1.6342604
4669,4.669,0.14829257,1.6465254
4670,4.67,0.16581044,1.6647588
4671,4.671,0.16027169,1.6529979
4672,4.672,0.14942634,1.6659602
4673,4.673,0.1448604,1.6748682
4674,4.674,0.15154035,1.6922811
4675,4.675,0.14114028,1.6363158
4676,4.676,0.13963012,1.6399795
4677,4.677,0.13365065,1.6577952
4678,4.678,0.14284988,1.6799963
4679,4.679,0.15380725,1.6800581
4680,4.68,0.14831129,1.6532327
4681,4.681,0.15321991,1.591125
4682,4.682,0.17945446,1.661221
4683,4.683,0.18545683,1.638435
4684,4.684,0.20982869,1.6148372
4685,4.685,0.20039897,1.5993435
4686,4.686,0.19200441,1.5972872
4687,4.687,0.19798714,1.5985926
4688,4.688,0.2148233,1.6135896
4689,4.689,0.20229013,1.639106
4690,4.69,0.20271142,1.6594496
4691,4.691,0.1890032,1.6282235
4692,4.692,0.20186225,1.6447177
4693,4.693,0.17779908,1.6539999
4694,4.694,0.17168523,1.6648606
4695,4.695,0.153965,1.6468751
4696,4.696,0.15339635,1.6830832
4697,4.697,0.14784603,1.7343452
4698,4.698,0.15291934,1.7349391
4699,4.699,0.16106167,1.7606148
4700,4.7,0.15763766,1.7503082
4701,4.701,0.14360853,1.7359445
4702,4.702,0.17388897,1.7541652
4703,4.703,0.1768839,1.7206544
4704,4.704,0.16776629,1.7517213
4705,4.705,0.16947058,1.7648158
4706,4.706,0.16429344,1.7415965
4707,4.707,0.17285416,1.7617382
4708,4.708,0.1780083,1.8076671
4709,4.709,0.14850602,1.7776172
4710,4.71,0.157394,1.7580873
4711,4.711,0.16240539,1.7862939
4712,4.712,0.16391164,1.7835186
4713,4.713,0.16449034,1.7518045
4714,4.714,0.17405774,1.7786052
4715,4.715,0.16385946,6.174684
4716,4.716,0.15535223,6.209192
4717,4.717,0.15235892,6.2263565
4718,4.718,0.15055925,6.242648
4719,4.719,0.15119669,6.202559
4720,4.72,0.1428596,6.161724
4721,4.721,0.1181522,6.258765
4722,4.722,0.11831646,6.224875
4723,4.723,0.13732617,6.2325687
4724,4.724,0.12638138,1.4602419
4725,4.725,0.123844236,1.4830396
4726,4.726,0.113733426,1.4155643
4727,4.727,0.10867522,1.4399678
4728,4.728,0.10844735,1.4211559
4729,4.729,0.10571179,1.415659
4730,4.73,0.12118727,1.4797416
4731,4.731,0.12561254,1.4682841
4732,4.732,0.11714212,1.4332837
4733,4.733,0.12824455,1.4279103
4734,4.734,0.13806996,1.4245323
4735,4.735,0.1246722,1.3926897
4736,4.736,0.11962042,1.4056158
4737,4.737,0.11804257,1.4095925
4738,4.738,0.11814437,1.4651856
4739,4.739,0.11071746,1.4860897
4740,4.74,0.10712823,1.4545821
4741,4.741,0.111013584,1.4414755
4742,4.742,0.115029044,1.4539702
4743,4.743,0.104936935,1.4534246
4744,4.744,0.117136195,1.445649
4745,4.745,0.1172309,1.4299657
4746,4.746,0.116520755,1.460131
4747,4.747,0.106274545,1.4704231
4748,4.748,0.11481983,1.4594439
4749,4.749,0.10733091,1.5057573
4750,4.75,0.12459614,1.4879007
4751,4.751,0.12159864,1.5064616
4752,4.752,0.12007953,1.5360047
4753,4.753,0.13023378,1.5539838
4754,4.754,0.11876698,1.4907101
4755,4.755,0.118599445,1.4238483
4756,4.756,0.13056001,1.4538757
4757,4.757,0.1296609,1.4933239
4758,4.758,0.13541724,1.5367458
4759,4.759,0.10599354,1.4354904
4760,4.76,0.11886427,1.5206075
4761,4.761,0.11301357,1.5144109
4762,4.762,0.11981354,1.4680265
4763,4.763,0.10637674,1.484051
4764,4.764,0.11697819,1.4664917
4765,4.765,0.1066654,1.4721419
4766,4.766,0.11189931,1.4650638
4767,4.767,0.10101012,1.4347798
4768,4.768,0.10034647,1.5080593
4769,4.769,0.11320571,1.4944074
4770,4.77,0.13191822,1.4800689
4771,4.771,0.11823435,1.5094984
4772,4.772,0.13493493,1.503922
4773,4.773,0.13151628,1.524342
4774,4.774,0.1497154,1.5217967
4775,4.775,0.14084184,1.5512098
4776,4.776,0.1392521,1.5271732
4777,4.777,0.13968144,1.5248052
4778,4.778,0.14307143,1.5070016
4779,4.779,0.14366165,1.4984518
4780,4.78,0.14622176,1.469213
4781,4.781,0.16516641,1.4255263
4782,4.782,0.1440955,1.4577614
4783,4.783,0.14203835,1.4845747
4784,4.784,0.1353216,1.4897895
4785,4.785,0.14622965,1.475614
4786,4.786,0.1194328,1.4612474
4787,4.787,0.13301428,1.4755056
4788,4.788,0.12932526,1.5383953
4789,4.789,0.12174495,1.4829886
4790,4.79,0.1073589,1.5144138
4791,4.791,0.1128539,1.4837404
4792,4.792,0.11025292,1.4944932
4793,4.793,0.13643944,1.5120782
4794,4.794,0.1558025,1.5244224
4795,4.795,0.1326296,1.5222934
4796,4.796,0.13759695,1.5066665
4797,4.797,0.14278837,1.4946074
4798,4.798,0.14568476,1.502008
4799,4.799,0.15269996,1.5380688
4800,4.8,0.12132073,1.5027275
4801,4.801,0.11498885,1.5803663
4802,4.802,0.10803084,1.4599109
4803,4.803,0.12322102,1.5278454
4804,4.804,0.118774764,1.5427829
4805,4.805,0.12997968,1.4757731
4806,4.806,0.1278021,1.5314363
4807,4.807,0.13621728,1.5275728
4808,4.808,0.12389836,1.5309217
4809,4.809,0.12152637,1.5306288
4810,4.81,0.104506426,1.5721586
4811,4.811,0.108325765,1.572238
4812,4.812,0.1039519,1.5521443
4813,4.813,0.10708291,1.5280246
4814,4.814,0.13863477,1.556658
4815,4.815,0.1268379,1.5797977
4816,4.816,0.11426882,1.5768493
4817,4.817,0.11971702,1.5794222
4818,4.818,0.118749455,1.6333232
4819,4.819,0.10185346,1.604409
4820,4.82,0.108511284,1.5726388
4821,4.821,0.1044666,1.620769
4822,4.822,0.11229529,1.5864482
4823,4.823,0.1083471,1.5860344
4824,4.824,0.10693383,1.6617389
4825,4.825,0.1151054,1.5722629
4826,4.826,0.1016899,1.5471159
4827,4.827,0.096105106,1.6058183
4828,4.828,0.09354015,1.6348877
4829,4.829,0.101907924,1.6512358
4830,4.83,0.0973385,1.7043424
4831,4.831,0.08166121,1.6739563
4832,4.832,0.094084784,1.706505
4833,4.833,0.08054089,1.6244112
4834,4.834,0.07742047,1.5575367
4835,4.835,0.083375864,1.579847
4836,4.836,0.08356697,1.5942607
4837,4.837,0.07649821,1.5834379
4838,4.838,0.087272264,1.5620562
4839,4.839,0.088766806,1.5650611
4840,4.84,0.076362096,1.5558523
4841,4.841,0.09895678,1.5569651
4842,4.842,0.09414866,1.5980219
4843,4.843,0.08941298,1.5887754
4844,4.844,0.10499419,1.6043872
4845,4.845,0.12202378,1.6141769
4846,4.846,0.1372605,1.6224085
4847,4.847,0.13316366,1.6169782
4848,4.848,0.10887925,1.6019775
4849,4.849,0.09952056,1.6020281
4850,4.85,0.09363156,1.5648648
4851,4.851,0.099262364,1.550018
4852,4.852,0.093747534,1.5839549
4853,4.853,0.110424735,1.5878199
4854,4.854,0.10745577,1.5810946
4855,4.855,0.11637384,1.5568575
4856,4.856,0.105115235,1.5997802
4857,4.857,0.09456274,1.5675043
4858,4.858,0.087240465,1.5806473
4859,4.859,0.10510424,1.578135
4860,4.86,0.09311158,1.5952626
4861,4.861,0.11147495,1.59083
4862,4.862,0.112603694,1.5429183
4863,4.863,0.101796694,1.5474994
4864,4.864,0.090149455,1.6091893
4865,4.865,0.07060453,1.6002076
4866,4.866,0.06939239,1.5480497
4867,4.867,0.078972675,1.5912001
4868,4.868,0.08106449,1.59075
4869,4.869,0.079136446,1.5946671
4870,4.87,0.086594105,1.5867316
4871,4.871,0.08267414,1.5885177
4872,4.872,0.08292543,1.6090964
4873,4.873,0.07525505,1.590423
4874,4.874,0.097433455,1.6091181
4875,4.875,0.09126835,1.5645672
4876,4.876,0.09269101,1.578915
4877,4.877,0.09652039,1.6179142
4878,4.878,0.108611375,1.6162968
4879,4.879,0.09612675,1.6379012
4880,4.88,0.10218885,1.5770569
4881,4.881,0.09310413,1.5493326
4882,4.882,0.106706575,1.5509033
4883,4.883,0.09352285,1.5694127
4884,4.884,0.10545998,1.5168316
4885,4.885,0.10861563,1.5583789
4886,4.886,0.09815686,1.6172975
4887,4.887,0.08986176,1.5580374
4888,4.888,0.11135045,1.566343
4889,4.889,0.113299616,1.5737783
4890,4.89,0.11643143,1.5359898
4891,4.891,0.12626791,1.5134284
4892,4.892,0.12184745,1.5481703
4893,4.893,0.10306293,1.4987645
4894,4.894,0.117439754,1.4568025
4895,4.895,0.13390122,1.4074537
4896,4.896,0.12741257,1.4212251
4897,4.897,0.12577258,1.4229057
4898,4.898,0.13517459,1.4836485
4899,4.899,0.1377548,1.439268
4900,4.9,0.16028468,1.4598231
4901,4.901,0.1597226,1.4264092
4902,4.902,0.156491,1.4061275
4903,4.903,0.16630329,1.4096926
4904,4.904,0.16481188,1.373431
4905,4.905,0.15668884,1.3506727
4906,4.906,0.16136715,1.3839326
4907,4.907,0.16584112,1.3876953
4908,4.908,0.16807608,1.4100877
4909,4.909,0.1487409,1.4965876
4910,4.91,0.14340715,1.5033658
4911,4.911,0.1623285,1.4851955
4912,4.912,0.1749388,1.44525
4913,4.913,0.16223162,1.5335926
4914,4.914,0.1463387,1.5322602
4915,4.915,0.14792107,1.5137082
4916,4.916,0.14449605,1.5223598
4917,4.917,0.124252394,1.5304502
4918,4.918,0.11780339,1.5308213
4919,4.919,0.13188317,1.5214885
4920,4.92,0.13961025,1.4962617
4921,4.921,0.15100084,1.469455
4922,4.922,0.12774964,1.4516027
4923,4.923,0.1302462,1.4099536
4924,4.924,0.12967873,1.3808793
4925,4.925,0.13791415,1.3799939
4926,4.926,0.17262931,1.3874604
4927,4.927,0.14319418,1.3828588
4928,4.928,0.15606049,1.3627102
4929,4.929,0.1544268,1.3661511
4930,4.93,0.16210331,1.3460519
4931,4.931,0.14706208,1.3157593
4932,4.932,0.13606785,1.3958703
4933,4.933,0.12294491,1.4510895
4934,4.934,0.12360505,1.4761863
4935,4.935,0.1250721,1.3908826
4936,4.936,0.13734637,1.4977247
4937,4.937,0.1437067,1.4284885
4938,4.938,0.14304881,1.3706156
4939,4.939,0.15573424,1.4027947
4940,4.94,0.13639368,1.3816828
4941,4.941,0.123130925,1.3952676
4942,4.942,0.11971702,1.4490569
4943,4.943,0.1222131,1.4696244
4944,4.944,0.116258554,1.4605833
4945,4.945,0.11809348,1.4849964
4946,4.946,0.11506321,1.5100968
4947,4.947,0.098356865,1.5257785
4948,4.948,0.09917148,1.4669611
4949,4.949,0.10683649,1.5112331
4950,4.95,0.12173545,1.4893445
4951,4.951,0.12626974,1.5280596
4952,4.952,0.105266884,1.473664
4953,4.953,0.10520537,1.5084823
4954,4.954,0.11490034,1.5605832
4955,4.955,0.10637239,1.5623611
4956,4.956,0.10623755,1.5716556
4957,4.957,0.09169797,1.5548402
4958,4.958,0.089058034,1.5485822
4959,4.959,0.10945318,1.6051267
4960,4.96,0.13011123,1.5364913
4961,4.961,0.13278116,1.4967062
4962,4.962,0.14484124,1.513474
4963,4.963,0.12076875,1.5027882
4964,4.964,0.13429087,1.517613
4965,4.965,0.119693846,1.5245835
4966,4.966,0.10323775,1.5180608
4967,4.967,0.110418454,1.4851439
4968,4.968,0.12658793,1.481365
4969,4.969,0.12545232,1.504148
4970,4.97,0.14347807,1.5470631
4971,4.971,0.13012011,1.5279713
4972,4.972,0.13418582,1.5013751
4973,4.973,0.11339548,1.5239632
4974,4.974,0.115714386,1.5134383
4975,4.975,0.14473905,1.5251862
4976,4.976,0.13744228,1.5024078
4977,4.977,0.15581882,1.5034955
4978,4.978,0.15888375,1.4911258
4979,4.979,0.16346392,1.5202578
4980,4.98,0.165102,1.5020394
4981,4.981,0.16450158,1.5097592
4982,4.982,0.16218317,1.5223798
4983,4.983,0.15568672,1.4846265
4984,4.984,0.16489463,1.462999
4985,4.985,0.1879003,1.4495354
4986,4.986,0.19323468,1.4774872
4987,4.987,0.20668143,1.5360916
4988,4.988,0.20069408,1.528218
4989,4.989,0.20117849,1.4929192
4990,4.99,0.20739944,1.5049483
4991,4.991,0.20660535,1.4876466
4992,4.992,0.19442387,1.4794868
4993,4.993,0.17976983,1.5375543
4994,4.994,0.17328297,1.5265995
4995,4.995,0.14955471,1.5157975
4996,4.996,0.16099563,1.4869103
4997,4.997,0.16862127,1.4891201
4998,4.998,0.18463098,1.4579444
4999,4.999,0.1753981,1.4243982
5000,5.0,0.17480527,1.4384823
5001,5.001,0.16606262,1.4486504
5002,5.002,0.17602572,1.4363909
5003,5.003,0.17788747,1.4266949
5004,5.004,0.17777047,1.4554237
5005,5.005,0.19459265,1.3998935
5006,5.006,0.1727083,1.4561034
5007,5.007,0.14603664,1.4996698
5008,5.008,0.13302122,1.4889146
5009,5.009,0.14005996,1.4773197
5010,5.01,0.14798826,1.4736601
5011,5.011,0.14749062,1.5017123
5012,5.012,0.14467354,1.5175495
5013,5.013,0.1521433,1.4994009
5014,5.014,0.15810774,1.4529715
5015,5.015,0.17459087,1.4778776
5016,5.016,0.15408958,1.4443536
5017,5.017,0.16431034,1.4451622
5018,5.018,0.16864869,1.480351
5019,5.019,0.17125513,1.4563036
5020,5.02,0.17206725,1.438799
5021,5.021,0.17616488,1.4618528
5022,5.022,0.16398357,1.4920434
5023,5.023,0.16561373,1.4855741
5024,5.024,0.18957725,1.4589555
5025,5.025,0.15394248,1.4817731
5026,5.026,0.168307,1.4787667
5027,5.027,0.18177772,1.4213614
5028,5.028,0.197778,1.3794653
5029,5.029,0.19372222,1.3799634
5030,5.03,0.1785918,1.3815355
5031,5.031,0.17009424,1.3778105
5032,5.032,0.18167849,1.4080026
5033,5.033,0.18892367,1.3812281
5034,5.034,0.21250883,1.3428221
5035,5.035,0.21291858,1.3119222
5036,5.036,0.21011828,1.3192163
5037,5.037,0.21613014,1.3240552
5038,5.038,0.21439886,1.3526841
5039,5.039,0.21830355,1.3661392
5040,5.04,0.20248547,1.3764616
5041,5.041,0.17680547,1.4150145
5042,5.042,0.16775528,1.3735465
5043,5.043,0.15426503,1.3371778
5044,5.044,0.1783975,1.3281022
5045,5.045,0.16622403,1.3472421
5046,5.046,0.15560947,1.4520448
5047,5.047,0.1647684,1.40287
5048,5.048,0.1755404,1.466276
5049,5.049,0.18576573,1.4417621
5050,5.05,0.15350632,1.4472363
5051,5.051,0.14089437,1.4594271
5052,5.052,0.13844787,1.4618342
5053,5.053,0.13237834,1.4157634
5054,5.054,0.14761597,1.4231926
5055,5.055,0.14303587,1.4950273
5056,5.056,0.13107958,1.454414
5057,5.057,0.1266281,1.4524242
5058,5.058,0.13547356,1.3920419
5059,5.059,0.12171456,1.4391607
5060,5.06,0.122935496,1.3927885
5061,5.061,0.12908548,1.410464
5062,5.062,0.13544284,1.4198054
5063,5.063,0.14663069,1.3931303
5064,5.064,0.14846398,1.3920336
5065,5.065,0.15157391,1.3595788
5066,5.066,0.15362677,1.4423786
5067,5.067,0.16969416,1.4363736
5068,5.068,0.17998318,1.4211754
5069,5.069,0.15981232,1.4593171
5070,5.07,0.13641064,1.4156272
5071,5.071,0.13383216,1.4300526
5072,5.072,0.1377548,1.4176484
5073,5.073,0.124332376,1.4349817
5074,5.074,0.10758263,1.5060465
5075,5.075,0.10806935,1.502331
5076,5.076,0.09956236,1.4121928
5077,5.077,0.09199751,1.4247712
5078,5.078,0.09284802,1.4553764
5079,5.079,0.09942992,1.4662412
5080,5.08,0.10228834,1.4460279
5081,5.081,0.116713054,1.4538317
5082,5.082,0.12212795,1.4404299
5083,5.083,0.13174461,1.4258355
5084,5.084,0.1364513,1.4337974
5085,5.085,0.124477334,1.425517
5086,5.086,0.1466496,1.4362857
5087,5.087,0.15366891,1.4131297
5088,5.088,0.14269118,1.4070445
5089,5.089,0.13390295,1.4304353
5090,5.09,0.15492752,1.4465946
5091,5.091,0.16474032,1.3863121
5092,5.092,0.15305988,1.3715641
5093,5.093,0.14471827,1.3772712
5094,5.094,0.1207898,1.3743795
5095,5.095,0.13532843,1.3571256
5096,5.096,0.14869271,1.4142072
5097,5.097,0.15019488,1.4195113
5098,5.098,0.13918734,1.4240881
5099,5.099,0.1361426,1.411645
5100,5.1,0.11143762,1.4307423
5101,5.101,0.11245577,1.4376435
5102,5.102,0.11607346,1.3837008
5103,5.103,0.11591401,1.3957789
5104,5.104,0.111248665,1.4434918
5105,5.105,0.10222278,1.4684418
5106,5.106,0.1081164,1.4682428
5107,5.107,0.094237015,1.4338225
5108,5.108,0.0968456,1.4374256
5109,5.109,0.08609608,1.4363163
5110,5.11,0.0792503,1.4989978
5111,5.111,0.079404764,1.5351368
5112,5.112,0.09801072,1.5001996
5113,5.113,0.10556735,1.5149475
5114,5.114,0.11357272,1.5348575
5115,5.115,0.09001856,1.5664103
5116,5.116,0.11011234,1.5769942
5117,5.117,0.11440429,1.5545691
5118,5.118,0.10419404,1.579534
5119,5.119,0.113273084,1.5347927
5120,5.12,0.10380055,1.5639806
5121,5.121,0.099613436,1.5816939
5122,5.122,0.11391826,1.5779003
5123,5.123,0.115916,1.513038
5124,5.124,0.12487787,1.50305
5125,5.125,0.12838148,1.491622
5126,5.126,0.14265716,1.4628731
5127,5.127,0.1312118,1.4797738
5128,5.128,0.116228715,1.4898282
5129,5.129,0.10880916,1.5301472
5130,5.13,0.11930497,1.555957
5131,5.131,0.1113276,1.4813004
5132,5.132,0.112726815,1.5365081
5133,5.133,0.13170776,1.549506
5134,5.134,0.11710856,1.5749559
5135,5.135,0.11859555,1.5784864
5136,5.136,0.11897897,1.6076834
5137,5.137,0.122596525,1.5904732
5138,5.138,0.11290305,1.5954118
5139,5.139,0.109404586,1.5175085
5140,5.14,0.10584074,1.5623603
5141,5.141,0.10447988,1.5289214
5142,5.142,0.11206241,1.5229481
5143,5.143,0.10738259,1.5048648
5144,5.144,0.09254623,1.5112525
5145,5.145,0.10191019,1.5076777
5146,5.146,0.09747379,1.5973728
5147,5.147,0.08902168,1.5852488
5148,5.148,0.08919551,1.5854368
5149,5.149,0.09012123,1.5998595
5150,5.15,0.09158192,1.546431
5151,5.151,0.11468485,1.5353501
5152,5.152,0.100801624,1.5359262
5153,5.153,0.093019664,1.5628604
5154,5.154,0.10950175,1.7298741
5155,5.155,0.08182807,1.631335
5156,5.156,0.07834958,1.6036699
5157,5.157,0.07885842,1.6216661
5158,5.158,0.092283554,1.634115
5159,5.159,0.08226484,1.6055713
5160,5.16,0.09383874,1.5990311
5161,5.161,0.08359187,1.6219108
5162,5.162,0.07874106,1.5889935
5163,5.163,0.0733382,1.5400444
5164,5.164,0.09325796,1.550533
5165,5.165,0.08693784,1.5686252
5166,5.166,0.07990978,1.5679159
5167,5.167,0.09799421,1.5966593
5168,5.168,0.09910152,1.5483043
5169,5.169,0.09977345,1.5335059
5170,5.17,0.09567836,1.5319722
5171,5.171,0.09441594,1.5940238
5172,5.172,0.089884914,1.5612669
5173,5.173,0.082847334,1.5793552
5174,5.174,0.08210168,1.5373316
5175,5.175,0.0800283,1.5617722
5176,5.176,0.070381515,1.612892
5177,5.177,0.064991616,1.6255977
5178,5.178,0.078535266,1.5697438
5179,5.179,0.098076746,1.5502571
5180,5.18,0.08995433,1.5449793
5181,5.181,0.08966602,1.5333062
5182,5.182,0.081709325,1.5412971
5183,5.183,0.091427796,1.5904087
5184,5.184,0.09392,1.5731943
5185,5.185,0.12232466,1.5715084
5186,5.186,0.11916536,1.5759759
5187,5.187,0.11914984,1.5464622
5188,5.188,0.12285273,1.5748669
5189,5.189,0.11867545,1.5785981
5190,5.19,0.13318971,1.5573648
5191,5.191,0.12326792,1.5675493
5192,5.192,0.13842282,1.4869392
5193,5.193,0.12921079,1.525786
5194,5.194,0.12860459,1.5515397
5195,5.195,0.13849963,1.5803628
5196,5.196,0.13595736,1.5473878
5197,5.197,0.12821029,1.5687313
5198,5.198,0.13572931,1.6075171
5199,5.199,0.1417157,1.6020647
5200,5.2,0.1218114,1.5869275
5201,5.201,0.117834784,1.6057848
5202,5.202,0.13075112,1.5968945
5203,5.203,0.1302817,1.545286
5204,5.204,0.12810566,1.576196
5205,5.205,0.13663079,1.6753979
5206,5.206,0.18256582,1.5931165
5207,5.207,0.18609649,1.6170315
5208,5.208,0.19767159,1.5917603
5209,5.209,0.16927539,1.6326857
5210,5.21,0.1831386,1.6050936
5211,5.211,0.1987319,1.6192899
5212,5.212,0.19063407,1.6168815
5213,5.213,0.16856231,1.6160325
5214,5.214,0.14520949,1.6197294
5215,5.215,0.14295341,1.5973252
5216,5.216,0.15498124,1.6095359
5217,5.217,0.15469456,1.6259414
5218,5.218,0.18603685,1.6124583
5219,5.219,0.16300644,1.6315199
5220,5.22,0.17399263,1.5818857
5221,5.221,0.17804725,1.5793651
5222,5.222,0.17163675,1.599391
5223,5.223,0.18022195,1.6405239
5224,5.224,0.16299793,1.6387243
5225,5.225,0.15544745,1.6059396
5226,5.226,0.1654573,1.6407104
5227,5.227,0.16811183,1.6519742
5228,5.228,0.15870322,1.6856089
5229,5.229,0.1460968,1.7173945
5230,5.23,0.16314113,1.7430421
5231,5.231,0.15136021,1.7498916
5232,5.232,0.14662597,1.6951768
5233,5.233,0.14058554,1.7355084
5234,5.234,0.1412549,1.7362521
5235,5.235,0.1428515,1.7072557
5236,5.236,0.12455161,1.6831516
5237,5.237,0.1368658,1.7100468
5238,5.238,0.1339392,1.6876425
5239,5.239,0.12491489,1.6169347
5240,5.24,0.122093864,1.6306494
5241,5.241,0.10525591,1.6492058
5242,5.242,0.109910585,1.6787567
5243,5.243,0.11981933,1.7056261
5244,5.244,0.11989456,1.6937376
5245,5.245,0.09977577,1.6804638
5246,5.246,0.12835987,1.6349922
5247,5.247,0.14650765,1.6212735
5248,5.248,0.14602397,1.604579
5249,5.249,0.12640515,1.6490906
5250,5.25,0.108551756,1.6061635
5251,5.251,0.10470976,1.6122341
5252,5.252,0.10902991,1.6516982
5253,5.253,0.101975955,1.6367753
5254,5.254,0.09429342,1.6675366
5255,5.255,0.111942686,1.6561178
5256,5.256,0.10400526,1.6334442
5257,5.257,0.10591717,1.6618863
5258,5.258,0.095242426,1.691921
5259,5.259,0.095526,1.774458
5260,5.26,0.07971279,1.6379378
5261,5.261,0.09234366,1.6135794
5262,5.262,0.109116815,1.6309222
5263,5.263,0.10682567,1.6296943
5264,5.264,0.10348603,1.571441
5265,5.265,0.116772465,1.6072072
5266,5.266,0.1275214,1.5586457
5267,5.267,0.10882403,1.5796493
5268,5.268,0.10332281,1.5799913
5269,5.269,0.11730778,1.5989889
5270,5.27,0.11586813,1.623615
5271,5.271,0.1261635,1.6395117
5272,5.272,0.1429146,1.7051213
5273,5.273,0.11865012,1.7223732
5274,5.274,0.10447103,1.6735404
5275,5.275,0.10402082,1.6776724
5276,5.276,0.10220242,1.6997012
5277,5.277,0.095016405,1.7051086
5278,5.278,0.108310826,1.7614372
5279,5.279,0.10579705,1.6863945
5280,5.28,0.109919,1.7145677
5281,5.281,0.10945107,1.7632252
5282,5.282,0.11542031,1.750812
5283,5.283,0.11343218,1.7125882
5284,5.284,0.10650272,1.6664741
5285,5.285,0.108698614,1.70329
5286,5.286,0.12408855,1.742092
5287,5.287,0.11563444,1.7587639
5288,5.288,0.116254576,1.774583
5289,5.289,0.12897618,1.7483774
5290,5.29,0.1470432,1.6798079
5291,5.291,0.13239755,1.6986041
5292,5.292,0.11645724,1.7093395
5293,5.293,0.11654059,1.7092321
5294,5.294,0.10645929,1.6671964
5295,5.295,0.10895779,1.7599627
5296,5.296,0.11619092,1.7340558
5297,5.297,0.1153602,1.692459
5298,5.298,0.12887934,1.7824926
5299,5.299,0.13533527,1.8162704
5300,5.3,0.13773634,1.9201229
5301,5.301,0.14472148,1.7915237
5302,5.302,0.14275436,1.8627973
5303,5.303,0.16480628,1.8450623
5304,5.304,0.15807557,1.8396242
5305,5.305,0.1443776,1.8154212
5306,5.306,0.17866816,1.8238614
5307,5.307,0.18995129,1.8092225
5308,5.308,0.19390234,1.7798281
5309,5.309,0.18643658,1.8036542
5310,5.31,0.18029763,1.8531808
5311,5.311,0.18125807,1.8296747
5312,5.312,0.18619585,1.825914
5313,5.313,0.1946283,1.8239617
5314,5.314,0.1930731,1.7759297
5315,5.315,0.18050395,1.8162858
5316,5.316,0.15060377,1.7957869
5317,5.317,0.1518406,1.8410738
5318,5.318,0.14819121,1.8191665
5319,5.319,0.13733795,1.776636
5320,5.32,0.14225791,1.7891443
5321,5.321,0.13429949,1.8247833
5322,5.322,0.14550056,1.7967232
5323,5.323,0.15821153,1.7389542
5324,5.324,0.15915999,1.782481
5325,5.325,0.15840138,1.7917675
5326,5.326,0.15564513,1.7610135
5327,5.327,0.15261364,1.7497296
5328,5.328,0.13376994,1.8091131
5329,5.329,0.14211646,1.8076009
5330,5.33,0.13898121,1.739982
5331,5.331,0.1487207,1.7573298
5332,5.332,0.16123384,1.7100841
5333,5.333,0.17129561,1.7661887
5334,5.334,0.15124714,1.6930609
5335,5.335,0.15516461,1.6943932
5336,5.336,0.16291423,1.688998
5337,5.337,0.15461233,1.7175611
5338,5.338,0.13088897,1.6631999
5339,5.339,0.13826072,1.5968407
5340,5.34,0.1372706,1.6083059
5341,5.341,0.14282884,1.6145594
5342,5.342,0.13470343,1.5777004
5343,5.343,0.11670117,1.5451674
5344,5.344,0.11624861,1.5174052
5345,5.345,0.14556251,1.4700092
5346,5.346,0.15056078,1.457558
5347,5.347,0.14116485,1.5035492
5348,5.348,0.13781354,1.4139541
5349,5.349,0.15201408,1.4513848
5350,5.35,0.154295,1.4022155
5351,5.351,0.1613299,1.4111034
5352,5.352,0.13489038,1.3888818
5353,5.353,0.13629533,1.4255433
5354,5.354,0.12640698,1.4864131
5355,5.355,0.13745406,1.4307892
5356,5.356,0.13757005,1.4789742
5357,5.357,0.1365123,1.446537
5358,5.358,0.11733734,1.4914944
5359,5.359,0.11298903,1.4773005
5360,5.36,0.14526202,1.4297526
5361,5.361,0.123294175,1.4964199
5362,5.362,0.14572126,1.4786056
5363,5.363,0.13893962,1.4398903
5364,5.364,0.13601857,1.499793
5365,5.365,0.15269239,1.4446764
5366,5.366,0.17513163,1.4424924
5367,5.367,0.17953303,1.4903568
5368,5.368,0.17422634,1.4906194
5369,5.369,0.19813071,1.5017627
5370,5.37,0.1936494,1.4939489
5371,5.371,0.18728039,1.4897105
5372,5.372,0.17654374,1.5132195
5373,5.373,0.16698448,1.4767126
5374,5.374,0.17297983,1.463004
5375,5.375,0.18852676,1.4594196
5376,5.376,0.16700526,1.4976064
5377,5.377,0.16500816,1.547958
5378,5.378,0.16121808,1.4774044
5379,5.379,0.15205209,1.519736
5380,5.38,0.16322047,1.5392672
5381,5.381,0.16940781,1.5382272
5382,5.382,0.18422858,1.5458987
5383,5.383,0.1811879,1.5744089
5384,5.384,0.17544818,1.5989802
5385,5.385,0.17680024,1.5907083
5386,5.386,0.16692494,1.5955492
5387,5.387,0.19090554,1.5499997
5388,5.388,0.19208749,6.5294375
5389,5.389,0.17211159,1.5755831
5390,5.39,0.16416815,6.6065116
5391,5.391,0.16572258,1.6218375
5392,5.392,0.12743798,6.6299453
5393,5.393,0.13427366,1.5457641
5394,5.394,0.12409227,1.5340613
5395,5.395,0.09998178,6.6466513
5396,5.396,0.101569325,1.4790776
5397,5.397,0.093478344,1.4696758
5398,5.398,0.088699065,1.4320302
5399,5.399,0.08595633,1.4249521
5400,5.4,0.081797,6.5845757
5401,5.401,0.10483112,6.5609207
5402,5.402,0.107317984,6.551695
5403,5.403,0.097388364,6.6404896
5404,5.404,0.10039945,6.620915
5405,5.405,0.099986404,6.624855
5406,5.406,0.09034415,1.3677702
5407,5.407,0.08978197,1.3803643
5408,5.408,0.10172399,1.3733897
5409,5.409,0.10910622,1.33312
5410,5.41,0.09607864,1.3535291
5411,5.411,0.1050008,1.3556446
5412,5.412,0.08294216,1.3492764
5413,5.413,0.0948971,1.2993964
5414,5.414,0.088821486,1.2967826
5415,5.415,0.12218851,1.3114475
5416,5.416,0.11525193,1.3389586
5417,5.417,0.12526236,1.3639393
5418,5.418,0.12987825,1.3847036
5419,5.419,0.12393941,6.6998243
5420,5.42,0.14981265,6.6289253
5421,5.421,0.15945458,6.585128
5422,5.422,0.17987911,1.3490947
5423,5.423,0.17307603,6.59425
5424,5.424,0.16839078,1.3113972
5425,5.425,0.16912098,1.2683318
5426,5.426,0.16482732,1.2423683
5427,5.427,0.1474483,1.237562
5428,5.428,0.14784603,1.2492033
5429,5.429,0.13795437,1.2196598
5430,5.43,0.14230016,1.2146379
5431,5.431,0.14187875,1.2261114
5432,5.432,0.13215111,1.2293321
5433,5.433,0.14357632,1.184851
5434,5.434,0.14813815,1.1524063
5435,5.435,0.12122351,1.1986574
5436,5.436,0.13154615,1.1435543
5437,5.437,0.13215461,1.1316632
5438,5.438,0.13905606,1.1157957
5439,5.439,0.14459841,1.072473
5440,5.44,0.16029188,1.1334327
5441,5.441,0.14859629,1.1149538
5442,5.442,0.16373384,1.1505115
5443,5.443,0.16094825,1.166669
5444,5.444,0.145305,1.1518629
5445,5.445,0.1419716,1.1269683
5446,5.446,0.13023733,1.1188779
5447,5.447,0.12428216,1.117712
5448,5.448,0.1253878,1.1201003
5449,5.449,0.13332157,1.1208612
5450,5.45,0.1145275,1.1313052
5451,5.451,0.11449116,1.1187497
5452,5.452,0.11302176,1.1530569
5453,5.453,0.11426882,1.1357465
5454,5.454,0.10823395,1.159682
5455,5.455,0.098248675,1.1468213
5456,5.456,0.09110355,1.1114628
5457,5.457,0.096366964,1.1091999
5458,5.458,0.086058475,1.1029596
5459,5.459,0.0961027,1.1189038
5460,5.46,0.094675146,1.1416144
5461,5.461,0.110648535,1.0950935
5462,5.462,0.119105205,1.1075833
5463,5.463,0.11201908,1.1175791
5464,5.464,0.10273714,1.1183385
5465,5.465,0.092411235,1.0878232
5466,5.466,0.08994148,1.1107516
5467,5.467,0.0823098,1.1354508
5468,5.468,0.10596518,1.0493624
5469,5.469,0.1148299,1.0471312
5470,5.47,0.09647486,1.0701823
5471,5.471,0.1012159,1.0709958
5472,5.472,0.094322845,1.0543864
5473,5.473,0.097710684,1.0755137
5474,5.474,0.106998675,1.0923629
5475,5.475,0.09444042,1.1191427
5476,5.476,0.11030952,1.0652977
5477,5.477,0.11947344,1.0849069
5478,5.478,0.10786164,1.1076994
5479,5.479,0.10288107,1.1259272
5480,5.48,0.10900022,1.0777161
5481,5.481,0.11813655,1.1221037
5482,5.482,0.109853774,1.1241575
5483,5.483,0.13449043,1.1275696
5484,5.484,0.12107657,1.0949067
5485,5.485,0.12570454,1.1198127
5486,5.486,0.14385141,1.0992485
5487,5.487,0.13835433,1.0792999
5488,5.488,0.13110957,1.1254323
5489,5.489,0.13213536,1.1243166
5490,5.49,0.117496826,1.1154627
5491,5.491,0.115276,1.1246463
5492,5.492,0.118579954,1.0906839
5493,5.493,0.12063275,1.0951298
5494,5.494,0.10650489,1.1478088
5495,5.495,0.11778572,1.1412363
5496,5.496,0.12363498,1.1242423
5497,5.497,0.11596785,1.0909426
5498,5.498,0.099636644,1.094424
5499,5.499,0.09822515,1.1319661
5500,5.5,0.094298325,1.100654
5501,5.501,0.09618927,1.1117793
5502,5.502,0.09114922,1.1920629
5503,5.503,0.08690592,1.1681367
5504,5.504,0.08098745,1.1381449
5505,5.505,0.06609217,1.1153524
5506,5.506,0.091528885,1.0874908
5507,5.507,0.09625173,1.1249932
5508,5.508,0.09030575,1.1403142
5509,5.509,0.090681314,1.1153461
5510,5.51,0.08970984,1.1131375
5511,5.511,0.08653802,1.1286526
5512,5.512,0.09731237,1.1163003
5513,5.513,0.08811328,1.1151133
5514,5.514,0.09251125,1.1402148
5515,5.515,0.10296193,1.1199982
5516,5.516,0.10074426,1.0924157
5517,5.517,0.101254724,1.1049181
5518,5.518,0.11273912,1.1012443
5519,5.519,0.11612723,1.103894
5520,5.52,0.11389187,1.0887066
5521,5.521,0.124469906,1.1192747
5522,5.522,0.13471544,1.0549961
5523,5.523,0.13436145,1.0776379
5524,5.524,0.12527159,1.0935826
5525,5.525,0.13649873,1.0445023
5526,5.526,0.120008275,1.0401951
5527,5.527,0.114270836,1.0482115
5528,5.528,0.11754798,1.0435803
5529,5.529,0.13451621,1.0263251
5530,5.53,0.12914635,1.0760902
5531,5.531,0.13229798,1.0757134
5532,5.532,0.14912434,1.058363
5533,5.533,0.14915533,1.0600079
5534,5.534,0.13905936,1.0087156
5535,5.535,0.14658338,0.99787927
5536,5.536,0.15269996,0.9573438
5537,5.537,0.14330232,0.940541
5538,5.538,0.15197453,0.9631087
5539,5.539,0.1231497,0.9509234
5540,5.54,0.13480636,0.98557085
5541,5.541,0.14531772,1.0109583
5542,5.542,0.14649029,1.0068791
5543,5.543,0.14525884,1.0487186
5544,5.544,0.13301775,1.0452636
5545,5.545,0.13176742,1.0413291
5546,5.546,0.13244818,1.0538449
5547,5.547,0.117078945,1.030994
5548,5.548,0.12529004,1.026031
5549,5.549,0.1183399,1.0345469
5550,5.55,0.12233789,1.0172294
5551,5.551,0.12404755,1.0451272
5552,5.552,0.13341865,1.0090282
5553,5.553,0.13850965,1.0099634
5554,5.554,0.13324872,1.0131003
5555,5.555,0.14966905,1.0145262
5556,5.556,0.14646661,1.0051212
5557,5.557,0.14125818,1.0302374
5558,5.558,0.13600327,1.0245373
5559,5.559,0.14096655,1.0491652
5560,5.56,0.14809133,1.0050848
5561,5.561,0.15679209,1.026089
5562,5.562,0.14787105,1.0418382
5563,5.563,0.14685442,1.0612465
5564,5.564,0.15226026,1.0447946
5565,5.565,0.15364935,1.0482851
5566,5.566,0.1391591,1.034895
5567,5.567,0.11619291,1.0697907
5568,5.568,0.15166998,1.0185555
5569,5.569,0.15724853,1.0226337
5570,5.57,0.14824893,1.0294327
5571,5.571,0.15684664,1.0195369
5572,5.572,0.16375218,1.0280942
5573,5.573,0.15053621,1.0453342
5574,5.574,0.1639737,1.004011
5575,5.575,0.16022263,1.0244288
5576,5.576,0.13457808,1.0422643
5577,5.577,0.14894128,1.0225118
5578,5.578,0.1465471,1.0273708
5579,5.579,0.14476301,1.0341444
5580,5.58,0.13648519,1.0126166
5581,5.581,0.13972116,1.0249106
5582,5.582,0.15668736,1.0283478
5583,5.583,0.16130266,1.0249313
5584,5.584,0.15544894,1.0236739
5585,5.585,0.13321747,1.022158
5586,5.586,0.13224728,1.0822756
5587,5.587,0.12198209,1.0593743
5588,5.588,0.1476332,1.0678087
5589,5.589,0.13918734,1.076024
5590,5.59,0.14446084,1.0695239
5591,5.591,0.16833173,1.0495552
5592,5.592,0.17470604,1.0347161
5593,5.593,0.1650782,1.0412476
5594,5.594,0.1647347,1.0310277
5595,5.595,0.17355493,1.0314792
5596,5.596,0.16286597,1.0490083
5597,5.597,0.15935597,1.0619658
5598,5.598,0.16848,1.0383712
5599,5.599,0.19247586,1.032238
5600,5.6,0.21016558,1.0287155
5601,5.601,0.21089584,1.0421658
5602,5.602,0.20721655,1.0676892
5603,5.603,0.20568909,1.0898765
5604,5.604,0.2057947,1.0802016
5605,5.605,0.19662556,1.0760155
5606,5.606,0.21275891,1.0759434
5607,5.607,0.21409887,1.096639
5608,5.608,0.20082767,1.0769008
5609,5.609,0.2470623,1.0153536
5610,5.61,0.24370629,1.0113446
5611,5.611,0.22912563,1.0141029
5612,5.612,0.22685008,1.0440168
5613,5.613,0.225844,1.0518429
5614,5.614,0.22096668,1.026958
5615,5.615,0.22866102,1.0374446
5616,5.616,0.23338154,1.0505011
5617,5.617,0.22579792,1.060535
5618,5.618,0.24780045,1.0416106
5619,5.619,0.23345186,1.0455434
5620,5.62,0.23506252,0.99960274
5621,5.621,0.23107286,1.0214902
5622,5.622,0.2143417,1.0302299
5623,5.623,0.22778475,1.0532829
5624,5.624,0.23526111,1.0680019
5625,5.625,0.22025092,1.0277059
5626,5.626,0.23184198,1.0412143
5627,5.627,0.22968395,1.0546834
5628,5.628,0.23747067,1.0484905
5629,5.629,0.24694811,1.0209492
5630,5.63,0.23010533,1.0396128
5631,5.631,0.22130333,1.0488524
5632,5.632,0.22053309,1.0555828
5633,5.633,0.22979465,1.0230068
5634,5.634,0.21916074,1.0168513
5635,5.635,0.2099047,1.0117717
5636,5.636,0.21166947,1.0084572
5637,5.637,0.23754562,0.99615055
5638,5.638,0.22096878,0.98345953
5639,5.639,0.24145707,0.98958445
5640,5.64,0.23201244,1.00591
5641,5.641,0.22079083,1.0250962
5642,5.642,0.21723552,1.0297217
5643,5.643,0.2099058,1.0135636
5644,5.644,0.22656046,1.0001167
5645,5.645,0.22468528,1.0159247
5646,5.646,0.2219324,1.0419873
5647,5.647,0.24096633,0.97814435
5648,5.648,0.22994553,0.995726
5649,5.649,0.2354399,1.0029393
5650,5.65,0.23287676,0.9840325
5651,5.651,0.21583685,0.98415136
5652,5.652,0.20221812,0.99684834
5653,5.653,0.20208545,0.9726213
5654,5.654,0.1913821,0.97591543
5655,5.655,0.17246316,0.98449785
5656,5.656,0.17968236,1.0045851
5657,5.657,0.16657555,1.0570279
5658,5.658,0.19314852,1.0324556
5659,5.659,0.19448094,1.0608444
5660,5.66,0.18535583,1.0137358
5661,5.661,0.18495627,1.0049388
5662,5.662,0.19426209,0.99040383
5663,5.663,0.19304436,1.0098155
5664,5.664,0.21357775,0.9734869
5665,5.665,0.21941905,1.0087683
5666,5.666,0.19459979,0.9885902
5667,5.667,0.17616619,1.0086753
5668,5.668,0.18261015,1.0056748
5669,5.669,0.17060997,0.979181
5670,5.67,0.19006322,1.016904
5671,5.671,0.20285736,1.0207049
5672,5.672,0.20732474,1.0391741
5673,5.673,0.20346957,1.04716
5674,5.674,0.21336114,1.0206144
5675,5.675,0.21703641,1.0335363
5676,5.676,0.20347638,6.4105816
5677,5.677,0.1925371,6.402487
5678,5.678,0.20590927,6.3753953
5679,5.679,0.19753939,1.0496742
5680,5.68,0.17768072,1.0498896
5681,5.681,0.15477972,1.0340815
5682,5.682,0.15520185,1.0651705
5683,5.683,0.1420644,1.0850238
5684,5.684,0.15047784,1.0807269
5685,5.685,0.15259697,1.0917988
5686,5.686,0.13728575,1.0772791
5687,5.687,0.13363507,1.0635595
5688,5.688,0.13199882,1.0855052
5689,5.689,0.10147141,1.0929283
5690,5.69,0.117376745,1.0557722
5691,5.691,0.11746534,1.050208
5692,5.692,0.11567642,1.0421479
5693,5.693,0.13272718,1.0383828
5694,5.694,0.13628685,1.0447809
5695,5.695,0.13151804,1.0454942
5696,5.696,0.1302959,1.0476807
5697,5.697,0.12178482,1.0565467
5698,5.698,0.13403584,6.439945
5699,5.699,0.13749273,6.484319
5700,5.7,0.14010122,6.3984313
5701,5.701,0.124224484,6.3865466
5702,5.702,0.12923047,6.3686657
5703,5.703,0.1252476,6.3913617
5704,5.704,0.13675764,6.3775043
5705,5.705,0.12499445,6.4465113
5706,5.706,0.12870522,6.4502344
5707,5.707,0.10828947,6.506551
5708,5.708,0.11352589,6.452311
5709,5.709,0.12745975,6.4188423
5710,5.71,0.1363106,6.3606176
5711,5.711,0.11903336,6.397766
5712,5.712,0.116516784,6.3803983
5713,5.713,0.11146873,6.3635845
5714,5.714,0.09887731,6.346082
5715,5.715,0.09752832,6.286919
5716,5.716,0.09575324,6.2593255
5717,5.717,0.08186197,6.294578
5718,5.718,0.08276916,6.312022
5719,5.719,0.0822817,6.347226
5720,5.72,0.08678878,6.3601427
5721,5.721,0.07752492,6.392209
5722,5.722,0.08646853,6.373729
5723,5.723,0.109994695,6.3033295
5724,5.724,0.11693866,6.3647985
5725,5.725,0.10750739,6.3964477
5726,5.726,0.108807035,6.3433475
5727,5.727,0.0922209,6.2971654
5728,5.728,0.0839534,6.2558994
5729,5.729,0.08614172,6.2584257
5730,5.73,0.067123055,6.28645
5731,5.731,0.0789756,6.3677163
5732,5.732,0.08626509,6.3505244
5733,5.733,0.08515918,6.3635154
5734,5.734,0.08543294,6.333267
5735,5.735,0.09620128,6.2904124
5736,5.736,0.093545094,6.345694
5737,5.737,0.09086978,6.335501
5738,5.738,0.09896612,6.358073
5739,5.739,0.10210284,6.3427167
5740,5.74,0.109579846,6.312691
5741,5.741,0.118624784,6.2895575
5742,5.742,0.12787625,6.259027
5743,5.743,0.146424,6.291383
5744,5.744,0.13168843,6.2881393
5745,5.745,0.12997077,6.3021483
5746,5.746,0.15092275,6.3167186
5747,5.747,0.17511712,6.2929416
5748,5.748,0.14320226,6.266277
5749,5.749,0.14313282,6.388133
5750,5.75,0.1400385,6.4332905
5751,5.751,0.120262295,6.351992
5752,5.752,0.11883314,6.406099
5753,5.753,0.12604067,6.4153275
5754,5.754,0.121423595,6.41919
5755,5.755,0.12700911,6.418859
5756,5.756,0.13865145,6.4058676
5757,5.757,0.15356356,6.364689
5758,5.758,0.1783988,6.3851924
5759,5.759,0.17373334,6.325375
5760,5.76,0.166724,6.323162
5761,5.761,0.17763777,6.3017416
5762,5.762,0.1911367,6.3134065
5763,5.763,0.17604278,6.3132668
5764,5.764,0.16526435,6.276929
5765,5.765,0.16976091,6.3185554
5766,5.766,0.19070198,6.393864
5767,5.767,0.18646014,6.3988504
5768,5.768,0.1841834,6.3293934
5769,5.769,0.18623309,6.27614
5770,5.77,0.18736061,6.3320274
5771,5.771,0.18924159,6.3956847
5772,5.772,0.17202155,6.3214927
5773,5.773,0.15793364,6.3058367
5774,5.774,0.16136427,6.2419376
5775,5.775,0.18250631,6.3001647
5776,5.776,0.17905077,6.339661
5777,5.777,0.15452558,6.383082
5778,5.778,0.186995,6.400228
5779,5.779,0.17133881,6.480119
5780,5.78,0.18081236,6.42954
5781,5.781,0.16036254,6.4364724
5782,5.782,0.14620593,6.3610353
5783,5.783,0.14189179,6.327823
5784,5.784,0.15226786,6.358993
5785,5.785,0.14118451,6.300763
5786,5.786,0.1232923,6.2880034
5787,5.787,0.1276899,6.269138
5788,5.788,0.123408504,6.3325696
5789,5.789,0.13353296,6.36189
5790,5.79,0.1260425,6.325699
5791,5.791,0.13100019,6.3077984
5792,5.792,0.1320776,6.3868065
5793,5.793,0.13698398,6.341284
5794,5.794,0.13515577,6.3336377
5795,5.795,0.12492785,6.3878655
5796,5.796,0.12261349,6.350558
5797,5.797,0.14351995,6.3831897
5798,5.798,0.15746304,6.3015027
5799,5.799,0.1358706,6.3650784
5800,5.8,0.14235702,6.3738685
5801,5.801,0.12084338,6.349429
5802,5.802,0.1372605,6.3208275
5803,5.803,0.14317158,6.3042116
5804,5.804,0.13232245,6.4226723
5805,5.805,0.14205788,6.394167
5806,5.806,0.15788093,6.393775
5807,5.807,0.13970461,6.3957634
5808,5.808,0.1613743,6.405219
5809,5.809,0.16530912,6.3081985
5810,5.81,0.18603435,6.3828855
5811,5.811,0.19608866,6.418054
5812,5.812,0.18899709,6.4056144
5813,5.813,0.15833569,6.3790007
5814,5.814,0.14965825,6.4530478
5815,5.815,0.14953306,6.447082
5816,5.816,0.14662439,6.4518805
5817,5.817,0.14784758,6.4666634
5818,5.818,0.15541027,6.501838
5819,5.819,0.17000996,6.443342
5820,5.82,0.1782549,6.504565
5821,5.821,0.1819379,6.469716
5822,5.822,0.16169633,6.4533186
5823,5.823,0.14698817,6.44921
5824,5.824,0.1325145,6.4603524
5825,5.825,0.10209378,6.4652133
5826,5.826,0.111837305,6.453728
5827,5.827,0.114013605,6.4589925
5828,5.828,0.1279377,6.481924
5829,5.829,0.1296074,6.472061
5830,5.83,0.13285427,6.47012
5831,5.831,0.14189993,6.383368
5832,5.832,0.145305,6.38771
5833,5.833,0.12741983,6.422317
5834,5.834,0.12733272,6.4138813
5835,5.835,0.13675764,6.416019
5836,5.836,0.14863361,6.3455033
5837,5.837,0.12979099,6.418548
5838,5.838,0.12658976,6.4286766
5839,5.839,0.12835085,6.358017
5840,5.84,0.12945569,6.451615
5841,5.841,0.12518112,6.5060043
5842,5.842,0.11745944,6.5368385
5843,5.843,0.10546218,6.528109
5844,5.844,0.11489431,6.5879345
5845,5.845,0.099415965,6.6324105
5846,5.846,0.111215405,6.5998993
5847,5.847,0.11907221,6.5752378
5848,5.848,0.1324377,6.6064205
5849,5.849,0.1297821,6.6999736
5850,5.85,0.1372605,6.631319
5851,5.851,0.12732545,6.6150746
5852,5.852,0.12022384,6.6487446
5853,5.853,0.12419098,6.624165
5854,5.854,0.13175163,6.608124
5855,5.855,0.13459697,6.569646
5856,5.856,0.121989675,6.6155305
5857,5.857,0.11730976,6.630729
5858,5.858,0.12953424,6.612031
5859,5.859,0.1037404,6.6015086
5860,5.86,0.110361904,6.553023
5861,5.861,0.13178496,6.547406
5862,5.862,0.12921794,6.625162
5863,5.863,0.135178,6.65335
5864,5.864,0.110932335,6.6453533
5865,5.865,0.11197779,6.597009
5866,5.866,0.12802261,6.6522975
5867,5.867,0.12291105,6.7029176
5868,5.868,0.13116598,6.686708
5869,5.869,0.12177723,6.5781107
5870,5.87,0.11519575,6.582502
5871,5.871,0.11567642,6.620132
5872,5.872,0.118310586,6.5891156
5873,5.873,0.099747956,6.5807343
5874,5.874,0.113260835,6.6180577
5875,5.875,0.11280268,6.608645
5876,5.876,0.11129645,6.571138
5877,5.877,0.107567586,6.5177083
5878,5.878,0.11125905,6.457967
5879,5.879,0.105536684,6.462267
5880,5.88,0.109104104,6.5423636
5881,5.881,0.10887925,6.605
5882,5.882,0.12056182,6.623947
5883,5.883,0.11899257,6.49659
5884,5.884,0.11273502,6.4951324
5885,5.885,0.12212795,6.436455
5886,5.886,0.11270425,6.4316015
5887,5.887,0.11323021,6.3944497
5888,5.888,0.12232466,6.389521
5889,5.889,0.115804255,6.336262
5890,5.89,0.113650054,6.3206234
5891,5.891,0.12586445,6.3387065
5892,5.892,0.14818965,6.3452706
5893,5.893,0.14986202,6.371186
5894,5.894,0.14753294,6.3916535
5895,5.895,0.13356932,6.3942623
5896,5.896,0.12632832,6.399974
5897,5.897,0.13389778,6.392279
5898,5.898,0.11558844,6.4283586
5899,5.899,0.12551865,6.43434
5900,5.9,0.14950833,6.3648252
5901,5.901,0.15257426,6.392604
5902,5.902,0.14220591,6.357965
5903,5.903,0.1441773,6.3182306
5904,5.904,0.1410059,6.3351293
5905,5.905,0.12792686,6.2079062
5906,5.906,0.13558955,6.1854053
5907,5.907,0.12478898,6.205941
5908,5.908,0.13497262,6.1669703
5909,5.909,0.1320321,6.199592
5910,5.91,0.12693992,6.2251
5911,5.911,0.12981415,6.1666017
5912,5.912,0.116031624,6.2081456
5913,5.913,0.110738344,6.247813
5914,5.914,0.112074785,6.2111216
5915,5.915,0.10900658,6.2234025
5916,5.916,0.107253335,6.2580924
5917,5.917,0.10777801,6.283897
5918,5.918,0.11846877,6.259585
5919,5.919,0.12557757,6.2626796
5920,5.92,0.13444573,6.298222
5921,5.921,0.13871147,6.356683
5922,5.922,0.14169939,6.3589087
5923,5.923,0.11775431,1.257475
5924,5.924,0.1113276,1.2640117
5925,5.925,0.10070524,1.2920829
5926,5.926,0.10068458,1.26998
5927,5.927,0.116109304,1.2114192
5928,5.928,0.101987295,1.2376574
5929,5.929,0.09295502,1.2533563
5930,5.93,0.08953959,1.2745328
5931,5.931,0.09994246,1.3262806
5932,5.932,0.113759845,1.3323882
5933,5.933,0.10226574,1.3458306
5934,5.934,0.10973586,1.3529896
5935,5.935,0.10188523,1.3256198
5936,5.936,0.08585945,6.4122148
5937,5.937,0.08234069,1.3242562
5938,5.938,0.08915922,1.2749137
5939,5.939,0.112655014,6.295924
5940,5.94,0.10775871,6.312369
5941,5.941,0.11150399,6.3450766
5942,5.942,0.12880936,6.327538
5943,5.943,0.117276244,6.3511386
5944,5.944,0.11593196,1.2745327
5945,5.945,0.123179734,1.2920028
5946,5.946,0.11916536,1.3064749
5947,5.947,0.10448209,6.368154
5948,5.948,0.10491049,6.38375
5949,5.949,0.10708074,6.3386683
5950,5.95,0.100918524,6.386258
5951,5.951,0.10581016,1.2537295
5952,5.952,0.112377614,1.2586902
5953,5.953,0.12284708,1.2727811
5954,5.954,0.11879617,6.348403
5955,5.955,0.12556101,6.3768682
5956,5.956,0.13167615,6.3869696
5957,5.957,0.14325875,6.3642354
5958,5.958,0.16994058,6.3386955
5959,5.959,0.15079553,1.2977254
5960,5.96,0.14015402,6.326936
5961,5.961,0.15679356,1.2882136
5962,5.962,0.14288387,6.2950144
5963,5.963,0.12866929,6.283676
5964,5.964,0.115969844,6.295598
5965,5.965,0.120093,6.297107
5966,5.966,0.12279249,6.305747
5967,5.967,0.15155102,6.3006344
5968,5.968,0.15250301,6.322207
5969,5.969,0.15767431,6.3244977
5970,5.97,0.1416341,6.3325806
5971,5.971,0.15618785,6.3847384
5972,5.972,0.16378324,6.3156614
5973,5.973,0.14963353,6.3794484
5974,5.974,0.16113918,6.417883
5975,5.975,0.16584112,6.417994
5976,5.976,0.14528748,6.466405
5977,5.977,0.14762223,6.487945
5978,5.978,0.16613917,6.484563
5979,5.979,0.16939554,6.4588475
5980,5.98,0.1882003,6.419668
5981,5.981,0.18451574,6.395219
5982,5.982,0.172321,6.4046917
5983,5.983,0.15241809,6.4216943
5984,5.984,0.15386736,6.4126315
5985,5.985,0.15010403,6.3815613
5986,5.986,0.14765826,6.339515
5987,5.987,0.14804761,6.2745585
5988,5.988,0.14120416,6.2657423
5989,5.989,0.14521427,6.2457957
5990,5.99,0.120252684,6.3065286
5991,5.991,0.11770718,6.4042587
5992,5.992,0.11971702,6.438823
5993,5.993,0.12460728,6.3789997
5994,5.994,0.10761916,6.318355
5995,5.995,0.11080722,6.3384604
5996,5.996,0.10441126,6.312331
5997,5.997,0.09438165,6.374096
5998,5.998,0.09540007,6.3704925
5999,5.999,0.12207114,6.3784757
6000,6.0,0.13258252,6.3750734
6001,6.001,0.11449317,6.3448086
6002,6.002,0.122328445,6.3694115
6003,6.003,0.11192203,6.308372
6004,6.004,0.11153716,6.313108
6005,6.005,0.10563522,6.3497696
6006,6.006,0.116079435,6.319196
6007,6.007,0.10507124,6.245087
6008,6.008,0.10900871,6.306651
6009,6.009,0.10269663,6.269826
6010,6.01,0.12419284,6.2212486
6011,6.011,0.12009493,6.13486
6012,6.012,0.10493473,6.1600575
6013,6.013,0.10400526,6.1469097
6014,6.014,0.09169797,6.210598
6015,6.015,0.10578394,6.184905
6016,6.016,0.10976957,6.1943154
6017,6.017,0.115227856,6.1887054
6018,6.018,0.13041118,6.199336
6019,6.019,0.13011123,6.2312536
6020,6.02,0.13600157,6.2582517
6021,6.021,0.1443824,6.264549
6022,6.022,0.12622395,6.205088
6023,6.023,0.10995054,6.2080135
6024,6.024,0.116262525,6.1453094
6025,6.025,0.113066755,6.145046
6026,6.026,0.11758534,6.1539235
6027,6.027,0.12463325,6.066346
6028,6.028,0.12873037,6.0523143
6029,6.029,0.13339958,6.036574
6030,6.03,0.14315382,6.072197
6031,6.031,0.13365756,6.1189394
6032,6.032,0.136392,6.120317
6033,6.033,0.1358553,6.1207294
6034,6.034,0.14557682,6.087121
6035,6.035,0.1488155,6.18121
6036,6.036,0.14107311,6.196117
6037,6.037,0.15893468,6.207475
6038,6.038,0.15786336,6.1743693
6039,6.039,0.14175649,6.1082964
6040,6.04,0.15420057,6.107728
6041,6.041,0.1398138,6.164772
6042,6.042,0.16667962,6.202931
6043,6.043,0.15953432,6.1993313
6044,6.044,0.17559306,6.235485
6045,6.045,0.18641922,6.260554
6046,6.046,0.1916525,6.2648163
6047,6.047,0.19818789,6.3858705
6048,6.048,0.18769471,6.3741107
6049,6.049,0.17263466,6.4012094
6050,6.05,0.16711459,6.4449477
6051,6.051,0.19101813,6.496385
6052,6.052,0.1887339,6.492989
6053,6.053,0.22231229,6.477548
6054,6.054,0.22369012,6.497562
6055,6.055,0.22418258,6.4829516
6056,6.056,0.22009026,6.4416947
6057,6.057,0.210458,6.3992724
6058,6.058,0.22591564,6.3608875
6059,6.059,0.20615277,6.3923516
6060,6.06,0.21032833,6.383403
6061,6.061,0.22376245,6.459429
6062,6.062,0.24193822,6.510619
6063,6.063,0.23964927,6.5251684
6064,6.064,0.21787101,6.490368
6065,6.065,0.23201044,6.45946
6066,6.066,0.2184454,6.4411693
6067,6.067,0.21244028,6.427961
6068,6.068,0.2135117,6.37894
6069,6.069,0.19902486,6.3869014
6070,6.07,0.1852323,6.276905
6071,6.071,0.18990989,6.310254
6072,6.072,0.19785397,6.2736254
6073,6.073,0.20831816,6.2758427
6074,6.074,0.20078278,6.2355533
6075,6.075,0.19653618,6.2330008
6076,6.076,0.17912306,6.22425
6077,6.077,0.19351684,6.1795826
6078,6.078,0.18756041,6.256616
6079,6.079,0.19130476,6.2384124
6080,6.08,0.18894815,6.290692
6081,6.081,0.189476,6.248694
6082,6.082,0.16314821,6.2410407
6083,6.083,0.13421854,6.2176733
6084,6.084,0.1414806,6.2244263
6085,6.085,0.14215223,6.2750597
6086,6.086,0.17253017,6.264958
6087,6.087,0.15726763,6.223617
6088,6.088,0.2025745,6.2571564
6089,6.089,0.1783703,6.260911
6090,6.09,0.15871634,6.2623568
6091,6.091,0.17303729,6.231184
6092,6.092,0.18000887,6.220071
6093,6.093,0.17061266,6.2112813
6094,6.094,0.16291991,6.214222
6095,6.095,0.15143505,6.233623
6096,6.096,0.15516163,6.2401996
6097,6.097,0.14903593,6.3235445
6098,6.098,0.14298415,6.294696
6099,6.099,0.12502404,6.367702
6100,6.1,0.14021173,6.322483
6101,6.101,0.1592355,6.2892795
6102,6.102,0.15350182,6.2838035
6103,6.103,0.15055157,6.3123426
6104,6.104,0.13521391,6.2884145
6105,6.105,0.117740564,6.2868056
6106,6.106,0.14994068,6.333377
6107,6.107,0.15830502,6.310531
6108,6.108,0.12783104,6.3139596
6109,6.109,0.13201809,6.2885885
6110,6.11,0.1256199,6.330345
6111,6.111,0.13339092,6.284255
6112,6.112,0.12915888,6.2872415
6113,6.113,0.12831303,6.283176
6114,6.114,0.1403403,6.3073163
6115,6.115,0.15048552,6.277475
6116,6.116,0.17145616,6.247284
6117,6.117,0.15346716,6.244486
6118,6.118,0.17162193,6.266756
6119,6.119,0.16116214,6.3198943
6120,6.12,0.1596198,6.2874146
6121,6.121,0.17394878,6.2727365
6122,6.122,0.18469733,6.26348
6123,6.123,0.18188453,6.3042083
6124,6.124,0.18818556,6.3342986
6125,6.125,0.19436085,6.33034
6126,6.126,0.2006457,6.3637595
6127,6.127,0.21935159,6.2552977
6128,6.128,0.23802496,6.2939706
6129,6.129,0.24178241,6.236863
6130,6.13,0.24317637,6.2445016
6131,6.131,0.23649314,6.301632
6132,6.132,0.22939086,6.291457
6133,6.133,0.22980873,6.2709637
6134,6.134,0.21262194,6.2645116
6135,6.135,0.20932898,6.2969303
6136,6.136,0.21276543,6.2265525
6137,6.137,0.21434924,6.3419952
6138,6.138,0.20343663,6.3190084
6139,6.139,0.21813509,6.3557835
6140,6.14,0.21361347,6.3429236
6141,6.141,0.22776851,6.404546
6142,6.142,0.23358849,6.3919353
6143,6.143,0.2338081,6.386528
6144,6.144,0.24545786,6.380064
6145,6.145,0.24593022,6.3403535
6146,6.146,0.24904566,6.3397307
6147,6.147,0.2614651,6.402989
6148,6.148,0.26281536,6.459751
6149,6.149,0.2516995,6.495208
6150,6.15,0.2458174,6.487768
6151,6.151,0.2413613,6.5252614
6152,6.152,0.24103637,6.5522227
6153,6.153,0.241593,6.518421
6154,6.154,0.22935255,6.5775375
6155,6.155,0.22606806,6.5285077
6156,6.156,0.21265565,6.5198765
6157,6.157,0.22277355,6.5558524
6158,6.158,0.22336017,6.514102
6159,6.159,0.2265135,6.5385494
6160,6.16,0.22643389,6.509746
6161,6.161,0.22959737,6.4567623
6162,6.162,0.2215654,6.4416423
6163,6.163,0.21028106,6.4308386
6164,6.164,0.1936518,6.4443207
6165,6.165,0.20379089,6.410085
6166,6.166,0.21025246,6.419328
6167,6.167,0.21313238,6.44608
6168,6.168,0.2299063,6.4276853
6169,6.169,0.23022987,6.4532127
6170,6.17,0.23726712,6.4126444
6171,6.171,0.26055542,6.4273815
6172,6.172,0.26541254,6.4082565
6173,6.173,0.27114585,6.3872004
6174,6.174,0.27293056,6.41158
6175,6.175,0.2833376,6.349712
6176,6.176,0.2730449,6.3446097
6177,6.177,0.26199773,6.3817534
6178,6.178,0.26114658,6.432756
6179,6.179,0.2534752,6.5327635
6180,6.18,0.26507348,6.452925
6181,6.181,0.24705388,6.4804215
6182,6.182,0.25017565,6.441468
6183,6.183,0.24333033,6.4117064
6184,6.184,0.26972932,6.4601417
6185,6.185,0.28659496,6.42346
6186,6.186,0.27880704,6.4553666
6187,6.187,0.2705193,6.4505787
6188,6.188,0.2816172,6.4275775
6189,6.189,0.28124753,6.4635253
6190,6.19,0.29070544,6.523783
6191,6.191,0.28410354,6.4434676
6192,6.192,0.27289414,6.340012
6193,6.193,0.27552804,6.376048
6194,6.194,0.27230555,6.382095
6195,6.195,0.25243142,6.419516
6196,6.196,0.25164255,6.4316306
6197,6.197,0.2587801,6.413299
6198,6.198,0.2466221,6.3880844
6199,6.199,0.23874459,6.461657
6200,6.2,0.24065144,6.4411235
6201,6.201,0.22524126,6.436927
6202,6.202,0.23409764,6.4365706
6203,6.203,0.21463704,6.4129496
6204,6.204,0.23426253,6.3425198
6205,6.205,0.23447855,6.350054
6206,6.206,0.2393191,6.2688146
6207,6.207,0.23412234,6.3153605
6208,6.208,0.22908224,6.2997417
6209,6.209,0.21024036,6.247677
6210,6.21,0.19921528,6.2811165
6211,6.211,0.19494046,6.287154
6212,6.212,0.2166654,6.235892
6213,6.213,0.21162796,6.2898026
6214,6.214,0.22540542,6.310818
6215,6.215,0.22047962,6.42415
6216,6.216,0.21799195,6.356986
6217,6.217,0.20398478,6.4042673
6218,6.218,0.21760769,6.4367566
6219,6.219,0.22130542,6.3734684
6220,6.22,0.22502561,6.368533
6221,6.221,0.21062928,6.400531
6222,6.222,0.21091229,6.343229
6223,6.223,0.224098,6.38754
6224,6.224,0.23534757,6.3771043
6225,6.225,0.22665533,6.425883
6226,6.226,0.21566218,6.4857745
6227,6.227,0.19980279,6.4369593
6228,6.228,0.19691224,6.4783573
6229,6.229,0.18815114,6.4187636
6230,6.23,0.17755315,6.4415927
6231,6.231,0.20163535,6.4676332
6232,6.232,0.19493097,6.5052185
6233,6.233,0.20080465,6.425552
6234,6.234,0.20397685,6.4328713
6235,6.235,0.20929474,6.4168663
6236,6.236,0.20040704,6.468611
6237,6.237,0.21205795,6.455599
6238,6.238,0.20473823,6.490595
6239,6.239,0.22013648,6.4753733
6240,6.24,0.20695083,6.4309516
6241,6.241,0.18833292,6.387468
6242,6.242,0.18824205,6.3899765
6243,6.243,0.17799792,6.425206
6244,6.244,0.18210682,6.484432
6245,6.245,0.19204174,6.420826
6246,6.246,0.18182732,6.3782916
6247,6.247,0.16966419,6.339496
6248,6.248,0.15703373,6.406249
6249,6.249,0.15766846,6.4660096
6250,6.25,0.14933968,6.447139
6251,6.251,0.14272359,6.5048184
6252,6.252,0.13390987,6.4193397
6253,6.253,0.124136984,6.4278536
6254,6.254,0.13664432,6.4835916
6255,6.255,0.14650923,6.490459
6256,6.256,0.15309915,6.5099134
6257,6.257,0.15158306,6.483321
6258,6.258,0.14217664,6.458807
6259,6.259,0.1380934,6.4263573
6260,6.26,0.134253,6.395656
6261,6.261,0.13971289,6.5113235
6262,6.262,0.1387298,6.5316076
6263,6.263,0.13729417,6.438393
6264,6.264,0.13576677,6.473131
6265,6.265,0.13602537,6.327035
6266,6.266,0.1454354,6.4479747
6267,6.267,0.14027108,6.4686313
6268,6.268,0.15484244,6.4392533
6269,6.269,0.17306535,6.4824
6270,6.27,0.168783,6.431264
6271,6.271,0.16442285,6.501468
6272,6.272,0.16844569,6.525409
6273,6.273,0.17453128,6.5306597
6274,6.274,0.17161115,6.476488
6275,6.275,0.16661441,6.5288925
6276,6.276,0.15870322,6.5642953
6277,6.277,0.15447322,6.491948
6278,6.278,0.1501764,6.5467563
6279,6.279,0.14286767,6.5720186
6280,6.28,0.133122,6.5869765
6281,6.281,0.13825904,6.5119004
6282,6.282,0.13651738,6.541195
6283,6.283,0.13488008,6.5802402
6284,6.284,0.13496748,6.5311556
6285,6.285,0.13232245,6.624062
6286,6.286,0.1322438,6.509495
6287,6.287,0.13533355,6.5317063
6288,6.288,0.13428916,6.545862
6289,6.289,0.12670475,6.5070634
6290,6.29,0.14684969,6.459189
6291,6.291,0.13085893,6.478845
6292,6.292,0.13097902,6.373175
6293,6.293,0.13113777,6.4859385
6294,6.294,0.13062552,6.4629683
6295,6.295,0.13515748,6.411579
6296,6.296,0.13269582,6.463861
6297,6.297,0.12888114,6.453996
6298,6.298,0.13927534,6.4562583
6299,6.299,0.15356958,6.3968787
6300,6.3,0.1517553,6.416787
6301,6.301,0.15686138,6.419506
6302,6.302,0.16594982,6.4515915
6303,6.303,0.16178638,6.3687134
6304,6.304,0.17782769,6.394011
6305,6.305,0.16769324,6.3869615
6306,6.306,0.15421857,6.3794403
6307,6.307,0.14044897,6.3917494
6308,6.308,0.1253841,6.48812
6309,6.309,0.13473774,6.511453
6310,6.31,0.13183758,6.5288243
6311,6.311,0.13084303,6.4862685
6312,6.312,0.13865812,6.4785666
6313,6.313,0.124012135,6.447925
6314,6.314,0.1391242,6.4570737
6315,6.315,0.1497293,6.4486084
6316,6.316,0.15745422,6.4013515
6317,6.317,0.13868646,6.406005
6318,6.318,0.12961988,6.4098053
6319,6.319,0.14863673,6.4192047
6320,6.32,0.14963971,6.443624
6321,6.321,0.14246255,6.373209
6322,6.322,0.142709,6.427279
6323,6.323,0.14743732,6.4166784
6324,6.324,0.14731497,6.368145
6325,6.325,0.14731653,6.4018483
6326,6.326,0.13980222,6.4403796
6327,6.327,0.16126108,6.41202
6328,6.328,0.1500193,6.379428
6329,6.329,0.17209412,6.3573318
6330,6.33,0.1550886,6.361821
6331,6.331,0.15362376,6.379974
6332,6.332,0.15295713,6.4512224
6333,6.333,0.14219777,6.486094
6334,6.334,0.13458666,6.462973
6335,6.335,0.15688643,6.460889
6336,6.336,0.15591376,6.4425383
6337,6.337,0.147511,6.422458
6338,6.338,0.13622747,6.467895
6339,6.339,0.15254849,6.4246745
6340,6.34,0.14799763,6.4288487
6341,6.341,0.15073113,6.401015
6342,6.342,0.15361774,6.4609933
6343,6.343,0.15142131,6.5109034
6344,6.344,0.14747809,6.5151544
6345,6.345,0.14623441,6.508578
6346,6.346,0.17000858,6.566283
6347,6.347,0.16041876,6.4987793
6348,6.348,0.16127256,6.4815598
6349,6.349,0.16522099,6.5500546
6350,6.35,0.16395819,6.503821
6351,6.351,0.18693566,6.5630074
6352,6.352,0.19769147,6.529432
6353,6.353,0.18172683,6.541235
6354,6.354,0.18637705,6.5826845
6355,6.355,0.18186419,6.574249
6356,6.356,0.19304077,6.5908103
6357,6.357,0.17110926,6.6012306
6358,6.358,0.17478013,6.611135
6359,6.359,0.17691396,6.6048803
6360,6.36,0.1785413,6.490273
6361,6.361,0.17174044,6.5878778
6362,6.362,0.17068718,6.599386
6363,6.363,0.14592262,6.591081
6364,6.364,0.16226155,6.700718
6365,6.365,0.18869348,6.6129394
6366,6.366,0.18184383,6.5750275
6367,6.367,0.17567863,6.5982795
6368,6.368,0.18039761,6.6453686
6369,6.369,0.17546135,6.5698195
6370,6.37,0.1789539,6.560998
6371,6.371,0.1812249,6.4973006
6372,6.372,0.17789137,6.5107565
6373,6.373,0.17604542,6.6743846
6374,6.374,0.17210889,6.6141725
6375,6.375,0.16368017,6.646785
6376,6.376,0.1641583,6.66937
6377,6.377,0.16215892,6.722567
6378,6.378,0.14866473,6.6727686
6379,6.379,0.16060744,6.655473
6380,6.38,0.17144537,6.6565123
6381,6.381,0.16085915,6.660102
6382,6.382,0.16151895,6.626865
6383,6.383,0.15677881,6.6549964
6384,6.384,0.15853122,6.602158
6385,6.385,0.14315543,6.591421
6386,6.386,0.14830972,6.6533804
6387,6.387,0.1754574,6.646275
6388,6.388,0.1586085,6.6696916
6389,6.389,0.17133881,1.0876441
6390,6.39,0.17255563,6.6866956
6391,6.391,0.16524617,6.6311045
6392,6.392,0.17472987,6.631498
6393,6.393,0.15900157,6.6386423
6394,6.394,0.16804993,6.6930084
6395,6.395,0.17647302,6.6891594
6396,6.396,0.16785447,6.671672
6397,6.397,0.17083476,6.652111
6398,6.398,0.16613917,6.6894917
6399,6.399,0.15356506,6.6628633
6400,6.4,0.15596269,6.6727796
6401,6.401,0.17325094,6.653383
6402,6.402,0.19151855,6.6277275
6403,6.403,0.19949476,6.5798225
6404,6.404,0.20899627,6.6583734
6405,6.405,0.22255863,6.6319833
6406,6.406,0.23914032,6.591463
6407,6.407,0.23952286,6.6234264
6408,6.408,0.24846478,6.6437955
6409,6.409,0.24987513,6.615691
6410,6.41,0.24210921,6.6619964
6411,6.411,0.23362906,6.643874
6412,6.412,0.21859987,6.6095743
6413,6.413,0.23252107,6.6117563
6414,6.414,0.24137951,6.6031237
6415,6.415,0.23317836,6.565714
6416,6.416,0.21578972,6.593047
6417,6.417,0.20915882,6.559313
6418,6.418,0.21585077,6.5993457
6419,6.419,0.21224865,6.492522
6420,6.42,0.21713972,6.467945
6421,6.421,0.21372709,6.4725327
6422,6.422,0.2124022,6.46441
6423,6.423,0.21410751,6.446475
6424,6.424,0.24361426,6.514715
6425,6.425,0.2293828,6.4757714
6426,6.426,0.22846882,6.4709754
6427,6.427,0.22247861,6.490809
6428,6.428,0.23158355,6.4964633
6429,6.429,0.2228659,6.458617
6430,6.43,0.21631512,6.4124274
6431,6.431,0.22659822,6.3945684
6432,6.432,0.23703413,6.4353466
6433,6.433,0.22834331,6.549795
6434,6.434,0.2323699,6.6046705
6435,6.435,0.23547131,6.5971947
6436,6.436,0.23050585,6.5773363
6437,6.437,0.24952976,6.589793
6438,6.438,0.25409648,6.604905
6439,6.439,0.24413471,6.586115
6440,6.44,0.24984367,6.542451
6441,6.441,0.25715163,6.541236
6442,6.442,0.25390533,6.514022
6443,6.443,0.24073021,6.5929375
6444,6.444,0.2551597,6.5852575
6445,6.445,0.26097655,6.524506
6446,6.446,0.28059408,6.5528135
6447,6.447,0.2862406,6.642346
6448,6.448,0.26955354,6.528437
6449,6.449,0.24802707,6.5639386
6450,6.45,0.21942642,6.5924935
6451,6.451,0.21739298,6.555301
6452,6.452,0.22583376,6.5637007
6453,6.453,0.20966996,6.555066
6454,6.454,0.18756904,6.6132517
6455,6.455,0.18787447,6.5774665
6456,6.456,0.1766197,6.585463
6457,6.457,0.17566942,6.55155
6458,6.458,0.19022858,6.556715
6459,6.459,0.19593297,6.542753
6460,6.46,0.20393832,6.5675936
6461,6.461,0.20201337,6.526114
6462,6.462,0.20936872,6.534255
6463,6.463,0.21386118,6.5804243
6464,6.464,0.1949713,6.6066165
6465,6.465,0.1884495,6.6451674
6466,6.466,0.21090353,6.613745
6467,6.467,0.21873626,6.5984178
6468,6.468,0.20234841,6.6431804
6469,6.469,0.1998375,6.6396646
6470,6.47,0.20980334,6.6231127
6471,6.471,0.19740944,6.6554604
6472,6.472,0.18660143,6.695322
6473,6.473,0.18963091,6.656366
6474,6.474,0.19736609,6.698853
6475,6.475,0.19065347,6.66001
6476,6.476,0.1896443,6.601878
6477,6.477,0.18103983,6.672891
6478,6.478,0.18756287,6.706617
6479,6.479,0.21472642,6.6384063
6480,6.48,0.20588905,6.669999
6481,6.481,0.20657961,6.6171646
6482,6.482,0.21567182,6.589372
6483,6.483,0.20871732,6.5855803
6484,6.484,0.19953996,6.574194
6485,6.485,0.17974025,6.610414
6486,6.486,0.17978397,6.636241
6487,6.487,0.17778867,6.593595
6488,6.488,0.17215456,6.5797997
6489,6.489,0.1775792,6.5469604
6490,6.49,0.19058555,6.5472226
6491,6.491,0.20540227,6.530346
6492,6.492,0.19917464,6.586281
6493,6.493,0.18051036,6.549928
6494,6.494,0.18944672,6.540424
6495,6.495,0.17830937,6.552924
6496,6.496,0.18427502,6.5043507
6497,6.497,0.19683357,6.348418
6498,6.498,0.20726228,6.42089
6499,6.499,0.22772689,6.4445834
6500,6.5,0.22215104,6.439303
6501,6.501,0.22209379,6.4633827
6502,6.502,0.20555641,6.4334164
6503,6.503,0.21985167,6.4802513
6504,6.504,0.21414421,6.5294895
6505,6.505,0.21104926,6.5034666
6506,6.506,0.1966185,6.559636
6507,6.507,0.17406836,6.593407
6508,6.508,0.17938359,6.571582
6509,6.509,0.17478013,6.5115795
6510,6.51,0.16548663,6.5238166
6511,6.511,0.168672,6.533749
6512,6.512,0.1649563,6.5362506
6513,6.513,0.15257274,6.51258
6514,6.514,0.16022263,6.5377736
6515,6.515,0.14045063,6.554121
6516,6.516,0.1521995,6.5744505
6517,6.517,0.15318067,6.506612
6518,6.518,0.15185279,6.546829
6519,6.519,0.14272682,6.4752107
6520,6.52,0.14643978,6.4098563
6521,6.521,0.15595083,6.422458
6522,6.522,0.15615824,6.3872657
6523,6.523,0.17700934,6.460938
6524,6.524,0.17719471,6.406022
6525,6.525,0.1916163,6.4476132
6526,6.526,0.19766107,6.4555235
6527,6.527,0.18924646,6.4737496
6528,6.528,0.1713523,6.4366584
6529,6.529,0.1602616,6.4028068
6530,6.53,0.16412167,6.4257298
6531,6.531,0.15923986,6.4519253
6532,6.532,0.17882079,6.390059
6533,6.533,0.1855341,6.4307747
6534,6.534,0.18282777,6.460023
6535,6.535,0.19057585,6.4406614
6536,6.536,0.19928257,6.3820376
6537,6.537,0.17309073,6.3995414
6538,6.538,0.15487678,6.4292955
6539,6.539,0.15141672,6.404221
6540,6.54,0.15255456,6.4365253
6541,6.541,0.13584849,6.4219203
6542,6.542,0.1503595,6.453236
6543,6.543,0.13740191,6.4587593
6544,6.544,0.14841413,6.5163255
6545,6.545,0.11568441,6.565928
6546,6.546,0.1295146,1.1148059
6547,6.547,0.13287863,1.0937052
6548,6.548,0.14040947,1.0999451
6549,6.549,0.15091048,1.0937566
6550,6.55,0.14949131,1.0928439
6551,6.551,0.14416608,1.097462
6552,6.552,0.1378521,1.0670586
6553,6.553,0.12837967,1.0766445
6554,6.554,0.1321721,1.0862439
6555,6.555,0.12392075,1.1294726
6556,6.556,0.12082616,1.1514933
6557,6.557,0.121436924,1.1353923
6558,6.558,0.1285956,1.1019628
6559,6.559,0.1126468,1.1383625
6560,6.56,0.10133689,1.1622235
6561,6.561,0.086735494,1.1702684
6562,6.562,0.08818671,1.1640108
6563,6.563,0.08896194,1.1492292
6564,6.564,0.08524059,1.1456355
6565,6.565,0.10538542,1.1611443
6566,6.566,0.09432775,1.1731781
6567,6.567,0.10631804,1.1559435
6568,6.568,0.11936309,1.1266347
6569,6.569,0.09343133,1.1063275
6570,6.57,0.08665549,1.0831821
6571,6.571,0.0822058,1.0744644
6572,6.572,0.076962225,1.0787234
6573,6.573,0.083303735,1.0813497
6574,6.574,0.09105786,1.048756
6575,6.575,0.09590523,1.0637
6576,6.576,0.08232945,1.0657198
6577,6.577,0.079121836,1.089857
6578,6.578,0.09808853,1.0461726
6579,6.579,0.078520544,1.0447677
6580,6.58,0.09073484,1.0492728
6581,6.581,0.08550868,1.0841018
6582,6.582,0.08062409,1.0510714
6583,6.583,0.08574898,1.0832169
6584,6.584,0.09096895,1.0480087
6585,6.585,0.086452484,1.0965556
6586,6.586,0.09550907,1.034999
6587,6.587,0.11033886,1.0808119
6588,6.588,0.10424949,1.1050298
6589,6.589,0.09733613,1.0653073
6590,6.59,0.12199347,1.0289207
6591,6.591,0.11359511,1.0813596
6592,6.592,0.10582327,1.0395098
6593,6.593,0.12095812,1.0495144
6594,6.594,0.13511984,1.0254811
6595,6.595,0.15163186,1.0255101
6596,6.596,0.14177117,1.0016546
6597,6.597,0.13154615,0.9743003
6598,6.598,0.13360046,0.99741685
6599,6.599,0.117228925,0.9954606
6600,6.6,0.119881056,0.9900413
6601,6.601,0.116340056,1.0039196
6602,6.602,0.09413883,1.0556602
6603,6.603,0.11310355,1.0484973
6604,6.604,0.11244343,1.0451483
6605,6.605,0.11703944,1.030358
6606,6.606,0.12846428,1.0233105
6607,6.607,0.119436674,0.9801361
6608,6.608,0.12148831,0.9943358
6609,6.609,0.12259275,1.0196453
6610,6.61,0.1371459,0.98022836
6611,6.611,0.14781632,0.977533
6612,6.612,0.14696142,0.99518704
6613,6.613,0.1468796,0.9580044
6614,6.614,0.15629143,0.98438877
6615,6.615,0.14710294,0.9941405
6616,6.616,0.15411809,0.996132
6617,6.617,0.1476739,1.031905
6618,6.618,0.1512074,1.0388397
6619,6.619,0.15198366,1.0308859
6620,6.62,0.14052632,1.0479861
6621,6.621,0.14454085,1.0283513
6622,6.622,0.12402891,1.0426892
6623,6.623,0.104978785,1.0534965
6624,6.624,0.1224399,1.0444809
6625,6.625,0.10513063,1.0902243
6626,6.626,0.102050744,1.0672543
6627,6.627,0.13517459,1.0063416
6628,6.628,0.13188142,1.035112
6629,6.629,0.11402982,1.0514325
6630,6.63,0.107158445,1.0508033
6631,6.631,0.11875724,1.0485692
6632,6.632,0.12088164,1.0508307
6633,6.633,0.106530935,1.033411
6634,6.634,0.11720723,1.0095488
6635,6.635,0.11060255,1.014071
6636,6.636,0.11669721,1.0052371
6637,6.637,0.11476948,1.0285605
6638,6.638,0.12955387,1.0270013
6639,6.639,0.13026395,1.0328585
6640,6.64,0.13053699,1.0502369
6641,6.641,0.12795578,1.0099499
6642,6.642,0.12776048,1.030357
6643,6.643,0.13993445,1.0115858
6644,6.644,0.13054408,0.9845747
6645,6.645,0.13489038,1.0174872
6646,6.646,0.1416488,1.0384412
6647,6.647,0.13232769,1.0631511
6648,6.648,0.12088164,1.0337871
6649,6.649,0.11261601,1.048378
6650,6.65,0.13104078,1.012211
6651,6.651,0.12046974,1.005503
6652,6.652,0.13294995,1.0214593
6653,6.653,0.13308725,0.9913692
6654,6.654,0.12835266,0.99924785
6655,6.655,0.13649873,0.9844176
6656,6.656,0.1506053,0.981279
6657,6.657,0.15687759,1.0043607
6658,6.658,0.15722059,1.0193115
6659,6.659,0.1565294,1.0136291
6660,6.66,0.14784758,1.0286392
6661,6.661,0.132422,0.9818408
6662,6.662,0.13701604,1.0213877
6663,6.663,0.12803707,1.0184201
6664,6.664,0.13945782,1.0376918
6665,6.665,0.13844286,1.0301472
6666,6.666,0.1328038,1.0186272
6667,6.667,0.11759321,1.0086019
6668,6.668,0.14289194,0.9883625
6669,6.669,0.14501671,0.99584144
6670,6.67,0.16227864,1.01776
6671,6.671,0.13787055,0.99893755
6672,6.672,0.13948765,1.0255378
6673,6.673,0.13545991,1.0588849
6674,6.674,0.13862143,1.0356078
6675,6.675,0.14656287,1.0042814
6676,6.676,0.13633434,1.0327125
6677,6.677,0.11976722,1.0245636
6678,6.678,0.11733537,1.0166641
6679,6.679,0.10286309,1.0191962
6680,6.68,0.09987767,0.9988023
6681,6.681,0.102750644,1.0207143
6682,6.682,0.10826385,1.05486
6683,6.683,0.08980256,1.0110339
6684,6.684,0.103891835,1.0771016
6685,6.685,0.10793663,1.0897228
6686,6.686,0.10567898,1.1188656
6687,6.687,0.08781891,1.0842041
6688,6.688,0.09404301,1.0978285
6689,6.689,0.089769095,1.1173095
6690,6.69,0.08780312,1.1129576
6691,6.691,0.08273005,1.1170352
6692,6.692,0.10218885,1.0859444
6693,6.693,0.105350316,1.080599
6694,6.694,0.09997947,1.0719951
6695,6.695,0.115412295,1.1079139
6696,6.696,0.11115511,1.1109794
6697,6.697,0.10853259,1.122117
6698,6.698,0.10532178,1.0963523
6699,6.699,0.10668057,1.0877146
6700,6.7,0.12198778,1.0978711
6701,6.701,0.10402082,1.0599993
6702,6.702,0.098849244,1.0961478
6703,6.703,0.10488845,1.1361376
6704,6.704,0.09557682,1.0867385
6705,6.705,0.09115175,1.0974083
6706,6.706,0.09969,1.115859
6707,6.707,0.10492371,1.129032
6708,6.708,0.11179182,1.1324277
6709,6.709,0.12576154,1.1338781
6710,6.71,0.116334096,1.1342598
6711,6.711,0.124077365,1.1457727
6712,6.712,0.13491265,1.1428297
6713,6.713,0.14001703,1.0726771
6714,6.714,0.14816937,1.094911
6715,6.715,0.13845623,1.1319801
6716,6.716,0.13801469,1.1110895
6717,6.717,0.13886473,1.1118515
6718,6.718,0.13942963,1.041736
6719,6.719,0.13270801,1.0679743
6720,6.72,0.11517166,1.0561464
6721,6.721,0.115271986,1.0710326
6722,6.722,0.12115674,1.0998019
6723,6.723,0.0966903,1.0882215
6724,6.724,0.09404792,1.1303332
6725,6.725,0.08359187,1.1095148
6726,6.726,0.075411566,1.1212094
6727,6.727,0.071172014,1.08254
6728,6.728,0.07571447,1.0979047
6729,6.729,0.08340913,1.125142
6730,6.73,0.08994148,1.0785068
6731,6.731,0.10150785,1.1062157
6732,6.732,0.08514561,1.0946318
6733,6.733,0.08834125,1.1174687
6734,6.734,0.093362026,1.1030085
6735,6.735,0.093902774,1.1107227
6736,6.736,0.077727444,1.0861536
6737,6.737,0.079078,1.1083534
6738,6.738,0.07682693,1.146697
6739,6.739,0.072971605,1.1595254
6740,6.74,0.057827216,1.1829518
6741,6.741,0.06735686,1.1617354
6742,6.742,0.083586335,1.1891757
6743,6.743,0.07461021,1.2192787
6744,6.744,0.08112151,6.490374
6745,6.745,0.1015033,1.1850895
6746,6.746,0.08211013,1.1816367
6747,6.747,0.09599198,1.2220305
6748,6.748,0.08070721,1.2344793
6749,6.749,0.08809228,1.220378
6750,6.75,0.09605458,1.1838536
6751,6.751,0.09016484,1.1290585
6752,6.752,0.09168032,1.1597086
6753,6.753,0.09924839,1.1558807
6754,6.754,0.08418715,1.2072225
6755,6.755,0.100597285,1.1936662
6756,6.756,0.0865674,1.213279
6757,6.757,0.095878705,1.2649802
6758,6.758,0.09736225,1.2354596
6759,6.759,0.10093226,1.1808132
6760,6.76,0.10110163,1.2021207
6761,6.761,0.094926335,1.2087716
6762,6.762,0.098415606,1.1804107
6763,6.763,0.11020048,1.186546
6764,6.764,0.10580579,1.2412692
6765,6.765,0.11097192,1.224963
6766,6.766,0.10144178,1.1770581
6767,6.767,0.10069147,1.2205081
6768,6.768,0.08086461,1.1794926
6769,6.769,0.09286295,1.1818846
6770,6.77,0.092416234,1.1861242
6771,6.771,0.09142274,1.1811441
6772,6.772,0.070322365,1.1557877
6773,6.773,0.07885256,1.1690748
6774,6.774,0.08607191,1.1889392
6775,6.775,0.08268532,1.1582766
6776,6.776,0.084477745,1.1709509
6777,6.777,0.101608016,1.1540501
6778,6.778,0.096783504,1.1508344
6779,6.779,0.09447714,1.119221
6780,6.78,0.091085784,1.1001328
6781,6.781,0.12036222,1.1177013
6782,6.782,0.116516784,1.1233145
6783,6.783,0.111814566,1.1548216
6784,6.784,0.106784545,1.1341072
6785,6.785,0.11382689,1.1350193
6786,6.786,0.116857566,1.1159177
6787,6.787,0.10860711,1.1324012
6788,6.788,0.11009763,1.1289859
6789,6.789,0.101350576,1.1283195
6790,6.79,0.11888955,1.1271415
6791,6.791,0.104568355,1.060741
6792,6.792,0.091816396,1.0951668
6793,6.793,0.10855602,1.1257463
6794,6.794,0.108568795,1.1159279
6795,6.795,0.114964716,1.1774452
6796,6.796,0.11803082,1.1671139
6797,6.797,0.13143364,1.1825024
6798,6.798,0.124390006,1.1463155
6799,6.799,0.102292866,1.1525471
6800,6.8,0.11696633,1.122045
6801,6.801,0.10675207,1.0893527
6802,6.802,0.11765414,1.0683192
6803,6.803,0.1033519,1.0997266
6804,6.804,0.098928735,1.1035616
6805,6.805,0.10502943,1.113294
6806,6.806,0.096546724,1.1476064
6807,6.807,0.09714592,1.1259181
6808,6.808,0.084990695,1.116212
6809,6.809,0.08571122,1.1343135
6810,6.81,0.08531379,1.166174
6811,6.811,0.08694847,1.1758456
6812,6.812,0.086868666,1.2026502
6813,6.813,0.10097807,1.1882694
6814,6.814,0.11040589,1.1840055
6815,6.815,0.121191084,1.1772423
6816,6.816,0.10797732,1.1766088
6817,6.817,0.12814535,1.1998383
6818,6.818,0.13148287,6.5568905
6819,6.819,0.13459869,6.4653873
6820,6.82,0.12859201,6.4521866
6821,6.821,0.13275678,6.490876
6822,6.822,0.1325145,6.5261607
6823,6.823,0.14260529,6.4837847
6824,6.824,0.12584792,6.4626665
6825,6.825,0.13236612,6.494382
6826,6.826,0.13289951,6.4080877
6827,6.827,0.14015236,6.3700457
6828,6.828,0.13580254,6.416903
6829,6.829,0.14444324,6.4715495
6830,6.83,0.16905399,6.5212555
6831,6.831,0.14236839,6.564361
6832,6.832,0.14201719,6.582759
6833,6.833,0.12671936,6.5401263
6834,6.834,0.139597,6.577547
6835,6.835,0.1402579,6.588015
6836,6.836,0.116252586,6.5011945
6837,6.837,0.12696177,6.482401
6838,6.838,0.11855461,6.520416
6839,6.839,0.131409,6.531814
6840,6.84,0.13485609,6.521535
6841,6.841,0.13511813,6.5842853
6842,6.842,0.12450705,1.1958696
6843,6.843,0.12768628,6.574206
6844,6.844,0.14057073,1.1761043
6845,6.845,0.15543704,1.1846533
6846,6.846,0.12238324,1.1816559
6847,6.847,0.12583506,1.2154416
6848,6.848,0.13768934,6.589051
6849,6.849,0.1503149,6.555697
6850,6.85,0.14615059,1.2308984
6851,6.851,0.14563079,1.2093925
6852,6.852,0.14363912,1.1897329
6853,6.853,0.15929502,1.1941133
6854,6.854,0.16071537,1.2490917
6855,6.855,0.14328618,1.2236794
6856,6.856,0.15794827,1.1860687
6857,6.857,0.1555441,1.2040062
6858,6.858,0.14287092,1.1878517
6859,6.859,0.1412107,1.1728272
6860,6.86,0.17160846,1.1681432
6861,6.861,0.170355,1.20315
6862,6.862,0.15307952,1.1666268
6863,6.863,0.14518243,1.1549505
6864,6.864,0.112919435,1.1526052
6865,6.865,0.11865986,1.1733114
6866,6.866,0.14067103,1.1679926
6867,6.867,0.14712022,1.1656989
6868,6.868,0.12686159,1.1948903
6869,6.869,0.148238,1.1978729
6870,6.87,0.14574188,1.1641464
6871,6.871,0.14608413,1.1782098
6872,6.872,0.12359383,1.1549298
6873,6.873,0.13890468,1.1394888
6874,6.874,0.14684811,1.1232092
6875,6.875,0.14424464,1.1213182
6876,6.876,0.14344423,1.1822304
6877,6.877,0.13873146,1.1778923
6878,6.878,0.11479365,1.2219992
6879,6.879,0.12622945,1.2037555
6880,6.88,0.12955745,1.2070901
6881,6.881,0.120785974,1.1957058
6882,6.882,0.12633564,1.1896281
6883,6.883,0.11093025,1.2011191
6884,6.884,0.12246822,1.234156
6885,6.885,0.121754445,1.2574428
6886,6.886,0.11800339,1.2502301
6887,6.887,0.11374359,1.2765205
6888,6.888,0.13750619,1.2591453
6889,6.889,0.12484639,1.2505193
6890,6.89,0.13407034,1.2474475
6891,6.891,0.14782412,1.222684
6892,6.892,0.13680159,1.3295133
6893,6.893,0.13775817,1.3006871
6894,6.894,0.13120475,1.2968528
6895,6.895,0.13131924,1.2661432
6896,6.896,0.11396087,1.2543663
6897,6.897,0.121204436,1.2481278
6898,6.898,0.09182898,1.2268198
6899,6.899,0.09875799,1.2167093
6900,6.9,0.113584936,1.2528152
6901,6.901,0.11732355,1.2690974
6902,6.902,0.12479268,1.2165014
6903,6.903,0.12063084,1.2333972
6904,6.904,0.1429324,1.2558507
6905,6.905,0.14812568,1.2673863
6906,6.906,0.13662909,1.2360755
6907,6.907,0.13326259,1.1678706
6908,6.908,0.15658109,1.1561918
6909,6.909,0.154304,1.1495072
6910,6.91,0.1455244,1.1379845
6911,6.911,0.15636241,1.1898601
6912,6.912,0.14909488,1.1647525
6913,6.913,0.13821055,1.1606517
6914,6.914,0.13846791,1.1432495
6915,6.915,0.15037026,1.1071128
6916,6.916,0.1311325,1.0956688
6917,6.917,0.12223013,1.0985111
6918,6.918,0.113105595,1.0941749
6919,6.919,0.12294302,1.071153
6920,6.92,0.12154159,1.0553842
6921,6.921,0.127708,1.0597576
6922,6.922,0.1378454,1.0412608
6923,6.923,0.13827576,1.0233294
6924,6.924,0.15363881,1.0202233
6925,6.925,0.14396709,1.0574758
6926,6.926,0.1383794,1.0738297
6927,6.927,0.15144421,1.0779042
6928,6.928,0.14634976,1.1309537
6929,6.929,0.13134564,1.1228292
6930,6.93,0.1381453,1.0949287
6931,6.931,0.1311078,1.0946476
6932,6.932,0.14024141,1.1095225
6933,6.933,0.15350482,1.1026579
6934,6.934,0.1488916,1.0861218
6935,6.935,0.15163644,1.077112
6936,6.936,0.15893322,1.0869099
6937,6.937,0.13426161,1.0654647
6938,6.938,0.143557,1.0602967
6939,6.939,0.1331411,1.0425156
6940,6.94,0.14518243,1.0207443
6941,6.941,0.13063437,1.0530049
6942,6.942,0.13495205,1.0724362
6943,6.943,0.13532501,1.076469
6944,6.944,0.12765369,1.0994126
6945,6.945,0.12806955,1.1539181
6946,6.946,0.13838774,1.1262774
6947,6.947,0.15314293,1.1267713
6948,6.948,0.1493242,1.1008463
6949,6.949,0.15818231,1.1148605
6950,6.95,0.1620277,1.0978236
6951,6.951,0.17863451,1.0992937
6952,6.952,0.1871112,1.1036893
6953,6.953,0.18755548,1.0574409
6954,6.954,0.19330049,1.0408701
6955,6.955,0.18074203,1.0463482
6956,6.956,0.17741768,1.0404946
6957,6.957,0.18912183,1.0147315
6958,6.958,0.20950781,1.0309709
6959,6.959,0.20596877,1.0464245
6960,6.96,0.21586685,1.1202704
6961,6.961,0.22454736,1.1356663
6962,6.962,0.21573614,1.1134405
6963,6.963,0.20209002,1.1161815
6964,6.964,0.20163879,1.1259322
6965,6.965,0.1927831,1.1090013
6966,6.966,0.17658696,1.0995457
6967,6.967,0.17590746,1.0845519
6968,6.968,0.16799214,1.0308883
6969,6.969,0.16400895,1.0946913
6970,6.97,0.16360529,1.0420884
6971,6.971,0.17463192,1.0877625
6972,6.972,0.17784719,1.0644873
6973,6.973,0.16558859,1.0367906
6974,6.974,0.15986004,1.0259608
6975,6.975,0.17009832,1.0322282
6976,6.976,0.14327973,1.0478551
6977,6.977,0.15308706,1.033839
6978,6.978,0.1650824,1.0417235
6979,6.979,0.15918614,1.0706774
6980,6.98,0.16576023,1.08613
6981,6.981,0.1741998,1.0530261
6982,6.982,0.1362156,1.1087093
6983,6.983,0.14514102,1.0974816
6984,6.984,0.14477418,1.0656352
6985,6.985,0.1451219,1.0655822
6986,6.986,0.13985513,1.0728188
6987,6.987,0.1495377,1.0966847
6988,6.988,0.14481251,1.1094743
6989,6.989,0.14796013,1.1095836
6990,6.99,0.13839443,1.0965762
6991,6.991,0.14081722,1.0576699
6992,6.992,0.13409619,1.0596998
6993,6.993,0.11667343,1.1093684
6994,6.994,0.12522359,1.0991918
6995,6.995,0.13197254,1.0913566
6996,6.996,0.14388517,1.081498
6997,6.997,0.13976914,1.0731292
6998,6.998,0.15416759,1.0633595
6999,6.999,0.14187549,1.0637605
7000,7.0,0.14659916,1.0411421
7001,7.001,0.15757899,1.0494395
7002,7.002,0.15070659,1.0071718
7003,7.003,0.13087837,1.0714679
7004,7.004,0.1214293,1.1017671
7005,7.005,0.1306963,1.112166
7006,7.006,0.13160063,1.1555039
7007,7.007,0.14640188,1.1585398
7008,7.008,0.15537754,1.1722444
7009,7.009,0.16243243,1.1436294
7010,7.01,0.17010103,1.1209476
7011,7.011,0.16113631,1.1149905
7012,7.012,0.17955878,1.0872738
7013,7.013,0.18625791,1.1620433
7014,7.014,0.176511,1.1592011
7015,7.015,0.1964503,1.1429543
7016,7.016,0.17904302,1.1223817
7017,7.017,0.18964918,1.0889854
7018,7.018,0.18199126,1.1173613
7019,7.019,0.16837978,1.117178
7020,7.02,0.22003037,1.1381965
7021,7.021,0.19298327,1.1157151
7022,7.022,0.20148623,1.0885253
7023,7.023,0.20119457,1.1125531
7024,7.024,0.18912183,1.1059638
7025,7.025,0.19974262,1.0973092
7026,7.026,0.1872878,1.1480346
7027,7.027,0.17330164,1.1257117
7028,7.028,0.18317394,1.1016742
7029,7.029,0.18598092,1.107124
7030,7.03,0.18074459,1.08706
7031,7.031,0.17415865,1.067227
7032,7.032,0.16346109,1.1098733
7033,7.033,0.15674637,1.109835
7034,7.034,0.16147456,1.1060823
7035,7.035,0.15301608,1.1199477
7036,7.036,0.15444776,1.1398822
7037,7.037,0.1527484,1.1189548
7038,7.038,0.15769339,1.0962316
7039,7.039,0.16077147,1.1053779
7040,7.04,0.17577468,1.0986606
7041,7.041,0.156213,1.1181065
7042,7.042,0.1694624,1.1146681
7043,7.043,0.18099128,1.1216729
7044,7.044,0.17057472,1.0839971
7045,7.045,0.21133499,1.0904683
7046,7.046,0.21417552,1.0558946
7047,7.047,0.21336006,1.0902847
7048,7.048,0.2179453,1.0850792
7049,7.049,0.20605293,1.0879196
7050,7.05,0.20099452,1.0673066
7051,7.051,0.20015424,1.0980127
7052,7.052,0.21317251,1.0861944
7053,7.053,0.19746095,1.0709766
7054,7.054,0.19015443,1.1052067
7055,7.055,0.19326939,1.0552922
7056,7.056,0.21565469,1.0857517
7057,7.057,0.19026017,1.0926551
7058,7.058,0.19997512,1.1385535
7059,7.059,0.19659498,1.1536069
7060,7.06,0.19871563,1.2205474
7061,7.061,0.18325469,6.5733933
7062,7.062,0.17571153,1.2100391
7063,7.063,0.15903357,6.5883436
7064,7.064,0.16182497,6.5843353
7065,7.065,0.16389048,6.6110196
7066,7.066,0.16299368,6.6135144
7067,7.067,0.16235271,6.6199913
7068,7.068,0.16379313,6.628394
7069,7.069,0.16828777,6.612995
7070,7.07,0.17075083,1.2477897
7071,7.071,0.17916694,1.2470003
7072,7.072,0.15825683,1.263257
7073,7.073,0.18390955,1.2575016
7074,7.074,0.173399,1.2581993
7075,7.075,0.16976772,1.2449092
7076,7.076,0.15492155,6.6055293
7077,7.077,0.18050908,1.2346116
7078,7.078,0.18214491,1.2675556
7079,7.079,0.19317964,1.2381561
7080,7.08,0.18763065,1.2343651
7081,7.081,0.17401257,1.1777174
7082,7.082,0.16898969,1.2046787
7083,7.083,0.15567335,1.2043661
7084,7.084,0.15703961,1.2554902
7085,7.085,0.1565678,1.2389841
7086,7.086,0.17662099,1.2368395
7087,7.087,0.17545213,1.2115064
7088,7.088,0.16776492,1.2127643
7089,7.089,0.16111909,1.1838502
7090,7.09,0.14329748,1.1804271
7091,7.091,0.13587911,1.1886331
7092,7.092,0.13770612,1.1446277
7093,7.093,0.13200757,1.1557139
7094,7.094,0.13810346,1.1656506
7095,7.095,0.12869444,1.1301831
7096,7.096,0.15694831,1.1192592
7097,7.097,0.16908407,1.1314955
7098,7.098,0.17561677,1.1581424
7099,7.099,0.17279129,1.1158265
7100,7.1,0.17149256,1.1366781
7101,7.101,0.18325469,1.1444135
7102,7.102,0.17691527,1.1358185
7103,7.103,0.16233419,1.189482
7104,7.104,0.13988984,1.1707675
7105,7.105,0.16592751,1.1598444
7106,7.106,0.16614752,1.1780964
7107,7.107,0.17056388,1.1339521
7108,7.108,0.1564644,1.1216166
7109,7.109,0.15617304,1.1263859
7110,7.11,0.14152144,1.1541396
7111,7.111,0.13638522,1.1663953
7112,7.112,0.12098105,1.1901315
7113,7.113,0.10670224,1.1408257
7114,7.114,0.11153923,1.1656555
7115,7.115,0.12655504,1.177213
7116,7.116,0.13968475,1.164798
7117,7.117,0.13844119,1.2214036
7118,7.118,0.13063082,1.2080548
7119,7.119,0.14510438,1.1612722
7120,7.12,0.15978338,1.1322834
7121,7.121,0.15408808,1.1270814
7122,7.122,0.16569886,1.1305473
7123,7.123,0.16470523,1.1042802
7124,7.124,0.15400705,1.1266931
7125,7.125,0.14929478,1.1503608
7126,7.126,0.1627694,1.135144
7127,7.127,0.16564025,1.1149722
7128,7.128,0.16890895,1.1449035
7129,7.129,0.1688186,1.1525372
7130,7.13,0.15704845,1.1074157
7131,7.131,0.14857294,1.1365268
7132,7.132,0.14964588,1.1157309
7133,7.133,0.16014615,1.1414002
7134,7.134,0.15348826,1.1049025
7135,7.135,0.15039024,1.1068915
7136,7.136,0.14205301,1.1240242
7137,7.137,0.16458026,1.0996842
7138,7.138,0.17230088,1.0635694
7139,7.139,0.16410618,1.0854837
7140,7.14,0.1818324,1.0710118
7141,7.141,0.16503337,1.0692383
7142,7.142,0.18257596,1.0547106
7143,7.143,0.18498626,1.0664197
7144,7.144,0.19131322,1.0550395
7145,7.145,0.17585225,1.0728554
7146,7.146,0.20057887,1.1112577
7147,7.147,0.18045527,1.147883
7148,7.148,0.15486035,1.1008698
7149,7.149,0.14759248,1.1254945
7150,7.15,0.1426458,1.0775971
7151,7.151,0.16370136,1.0827208
7152,7.152,0.15167454,1.0493957
7153,7.153,0.16746147,1.0632261
7154,7.154,0.17790698,1.0199745
7155,7.155,0.18102832,1.061477
7156,7.156,0.17097409,1.0477502
7157,7.157,0.17917469,1.0304189
7158,7.158,0.15542662,1.0872701
7159,7.159,0.13470514,1.0758936
7160,7.16,0.13959534,1.0843163
7161,7.161,0.14614742,1.0856895
7162,7.162,0.1430989,1.1252013
7163,7.163,0.14595905,1.1137046
7164,7.164,0.14623441,1.1649967
7165,7.165,0.13645978,1.1255486
7166,7.166,0.11466065,1.1359164
7167,7.167,0.12486862,1.1501653
7168,7.168,0.14977714,1.1149805
7169,7.169,0.1446176,1.1526384
7170,7.17,0.1581443,1.1572778
7171,7.171,0.15449715,1.1350704
7172,7.172,0.14800856,1.1937577
7173,7.173,0.14777094,1.1919457
7174,7.174,0.1531384,1.1751409
7175,7.175,0.15627219,1.2054626
7176,7.176,0.16359256,1.2434336
7177,7.177,0.16433425,1.2527757
7178,7.178,0.12520328,1.2383649
7179,7.179,0.11651083,1.302905
7180,7.18,0.13575146,6.741192
7181,7.181,0.13221057,1.3854125
7182,7.182,0.13697892,6.7020316
7183,7.183,0.15488723,6.7108502
7184,7.184,0.15993524,6.7566543
7185,7.185,0.16538462,1.3789899
7186,7.186,0.15926309,1.3843038
7187,7.187,0.1674449,1.3814838
7188,7.188,0.15792046,1.3526034
7189,7.189,0.16010861,1.3385627
7190,7.19,0.1574087,1.3371857
7191,7.191,0.173056,1.3215703
7192,7.192,0.17157747,1.2487707
7193,7.193,0.16798665,1.2479063
7194,7.194,0.15574166,1.3091272
7195,7.195,0.16385946,1.2656031
7196,7.196,0.1341255,1.229249
7197,7.197,0.122803785,1.1892469
7198,7.198,0.11582621,1.2357254
7199,7.199,0.1106548,1.1795785
7200,7.2,0.102480285,1.2076542
7201,7.201,0.092115544,1.2615855
7202,7.202,0.12222067,1.2498816
7203,7.203,0.11210779,1.2738862
7204,7.204,0.11661199,1.2853525
7205,7.205,0.12437514,1.2613395
7206,7.206,0.118122846,1.2609789
7207,7.207,0.12510353,1.2839105
7208,7.208,0.11578629,1.2826334
7209,7.209,0.12724371,1.2724692
7210,7.21,0.12146738,1.2651491
7211,7.211,0.13625462,1.2197919
7212,7.212,0.12228497,1.1563653
7213,7.213,0.12682696,1.2716334
7214,7.214,0.12469445,1.239041
7215,7.215,0.113068804,1.2256159
7216,7.216,0.12701093,1.2827318
7217,7.217,0.1380666,1.3220559
7218,7.218,0.12643076,1.3204763
7219,7.219,0.14104688,1.2517034
7220,7.22,0.15479018,1.3030974
7221,7.221,0.14584655,1.2742425
7222,7.222,0.15331645,1.2681925
7223,7.223,0.15241203,1.247791
7224,7.224,0.13842115,1.2096388
7225,7.225,0.14385302,1.2499466
7226,7.226,0.15518995,1.3036914
7227,7.227,0.14294857,1.2794942
7228,7.228,0.15029337,1.3095126
7229,7.229,0.15249391,1.3497952
7230,7.23,0.14825204,1.2985966
7231,7.231,0.124924146,1.2750995
7232,7.232,0.1353455,1.2727995
7233,7.233,0.13427366,1.2110815
7234,7.234,0.15743954,1.2371907
7235,7.235,0.14867872,1.2209907
7236,7.236,0.1538313,1.2321186
7237,7.237,0.15014715,1.2733446
7238,7.238,0.16062328,1.3016
7239,7.239,0.13652754,1.2717028
7240,7.24,0.12846969,1.2737755
7241,7.241,0.14864606,1.3242986
7242,7.242,0.15431897,1.3359914
7243,7.243,0.16637973,1.3097732
7244,7.244,0.14613003,1.2903711
7245,7.245,0.14452165,1.2402099
7246,7.246,0.11493857,1.3419212
7247,7.247,0.09605216,1.3275479
7248,7.248,0.100115806,1.3529898
7249,7.249,0.10951653,1.3499771
7250,7.25,0.11395072,1.3274854
7251,7.251,0.11901005,1.3686965
7252,7.252,0.12854706,1.3919606
7253,7.253,0.1165148,1.4031818
7254,7.254,0.11460418,1.367346
7255,7.255,0.13040054,1.3543893
7256,7.256,0.10184438,1.305512
7257,7.257,0.10610254,1.3266013
7258,7.258,0.085462704,1.277588
7259,7.259,0.09921577,1.2937698
7260,7.26,0.09147583,1.2761046
7261,7.261,0.09194472,1.2663296
7262,7.262,0.10686895,1.2387655
7263,7.263,0.10843456,1.1906796
7264,7.264,0.10488184,1.1489568
7265,7.265,0.095770136,1.1689943
7266,7.266,0.10022659,1.1858784
7267,7.267,0.09890536,1.1611699
7268,7.268,0.117648244,1.1604186
7269,7.269,0.12949854,1.2012006
7270,7.27,0.11430927,1.3058178
7271,7.271,0.11371513,1.2890487
7272,7.272,0.09395938,1.4026265
7273,7.273,0.113334306,1.3709592
7274,7.274,0.12318349,1.4153022
7275,7.275,0.11283751,1.3817292
7276,7.276,0.10210963,1.3610525
7277,7.277,0.12625326,1.3917154
7278,7.278,0.14257447,1.3521333
7279,7.279,0.12356764,1.4525877
7280,7.28,0.12923047,1.4290943
7281,7.281,0.11276168,1.434534
7282,7.282,0.10180124,1.4128945
7283,7.283,0.116970286,1.4337829
7284,7.284,0.10601753,1.4716396
7285,7.285,0.101648964,1.4749181
7286,7.286,0.108611375,1.4943159
7287,7.287,0.10091394,1.5124832
7288,7.288,0.10195782,1.4578848
7289,7.289,0.092972435,1.515296
7290,7.29,0.11014592,1.5329523
7291,7.291,0.11519976,1.4931011
7292,7.292,0.12185125,1.476989
7293,7.293,0.10447988,1.4950352
7294,7.294,0.116516784,1.4673089
7295,7.295,0.11032629,1.477768
7296,7.296,0.12193091,1.4586052
7297,7.297,0.11488425,1.4569951
7298,7.298,0.12072854,1.4197866
7299,7.299,0.14277217,1.4350815
7300,7.3,0.1395324,1.4435316
7301,7.301,0.1264326,1.446534
7302,7.302,0.13604066,1.4342631
7303,7.303,0.13324524,1.4735836
7304,7.304,0.14757995,1.4521501
7305,7.305,0.14337812,1.4422631
7306,7.306,0.14103705,1.4794387
7307,7.307,0.12949854,1.445243
7308,7.308,0.12561254,1.4802036
7309,7.309,0.11359511,1.5029409
7310,7.31,0.112182006,1.5375568
7311,7.311,0.11703747,1.4993027
7312,7.312,0.12100781,1.4950222
7313,7.313,0.11070493,1.4524004
7314,7.314,0.12797023,1.4565951
7315,7.315,0.12787987,1.46669
7316,7.316,0.13517971,1.508694
7317,7.317,0.12536936,1.4740561
7318,7.318,0.12273788,1.4870822
7319,7.319,0.1173137,1.4828373
7320,7.32,0.106689245,1.4676846
7321,7.321,0.08964023,1.4656651
7322,7.322,0.09184157,1.4544911
7323,7.323,0.08741255,1.4563376
7324,7.324,0.08813689,1.4798
7325,7.325,0.07932028,1.4789985
7326,7.326,0.08609071,1.5142764
7327,7.327,0.0815167,1.5013231
7328,7.328,0.081167094,1.5241611
7329,7.329,0.07442095,1.4912609
7330,7.33,0.081689514,1.4937577
7331,7.331,0.06875982,1.5090002
7332,7.332,0.0807158,1.506935
7333,7.333,0.079127684,1.5171688
7334,7.334,0.088826686,1.527914
7335,7.335,0.08881108,1.5053549
7336,7.336,0.089537,1.502546
7337,7.337,0.08794256,1.5122188
7338,7.338,0.08846939,1.546352
7339,7.339,0.09365624,1.512724
7340,7.34,0.12251918,1.4632264
7341,7.341,0.10899386,1.4577361
7342,7.342,0.122169584,1.487013
7343,7.343,0.13995098,1.455238
7344,7.344,0.1240606,1.4343332
7345,7.345,0.1036066,1.4476279
7346,7.346,0.14390765,1.438737
7347,7.347,0.1514793,1.4348121
7348,7.348,0.14491785,1.4241424
7349,7.349,0.14621858,1.4276454
7350,7.35,0.1684498,1.4424635
7351,7.351,0.15298887,1.4551036
7352,7.352,0.16876791,1.4200453
7353,7.353,0.16854997,1.4416337
7354,7.354,0.18529595,1.4324242
7355,7.355,0.18583666,1.4399716
7356,7.356,0.15639642,1.4177301
7357,7.357,0.15120892,1.4070084
7358,7.358,0.154711,1.4384599
7359,7.359,0.14648871,1.4243828
7360,7.36,0.14216688,1.4329945
7361,7.361,0.15121505,1.4077301
7362,7.362,0.14571333,1.4300153
7363,7.363,0.1172723,1.4432751
7364,7.364,0.098396815,1.4672866
7365,7.365,0.1119241,1.4692849
7366,7.366,0.109059595,1.500318
7367,7.367,0.12516636,1.4872783
7368,7.368,0.11694854,1.5174153
7369,7.369,0.11071746,1.5212765
7370,7.37,0.11374562,1.545859
7371,7.371,0.10365791,1.4766787
7372,7.372,0.110089235,1.528841
7373,7.373,0.105211966,1.5175765
7374,7.374,0.11689318,1.541789
7375,7.375,0.117720924,1.5915108
7376,7.376,0.11245988,1.5554395
7377,7.377,0.09583047,1.5131463
7378,7.378,0.087346405,1.514563
7379,7.379,0.09136709,1.5225922
7380,7.38,0.08851381,1.5024401
7381,7.381,0.09782419,1.4714587
7382,7.382,0.09071954,1.510252
7383,7.383,0.07336972,1.5564148
7384,7.384,0.08540046,1.5384218
7385,7.385,0.10319071,1.506171
7386,7.386,0.11995046,1.5068897
7387,7.387,0.089715,1.5629022
7388,7.388,0.07186381,1.5666893
7389,7.389,0.07760242,1.6112388
7390,7.39,0.059958845,1.6827444
7391,7.391,0.046488702,1.6093038
7392,7.392,0.05368914,6.8677154
7393,7.393,0.047923677,1.6420158
7394,7.394,0.055808984,1.6842576
7395,7.395,0.058920335,1.6762234
7396,7.396,0.048503894,1.6912763
7397,7.397,0.064225845,1.6868507
7398,7.398,0.07704629,1.6660688
7399,7.399,0.088712096,1.6436046
7400,7.4,0.096249335,1.6330966
7401,7.401,0.08031092,1.641051
7402,7.402,0.069668375,1.6695273
7403,7.403,0.0746319,6.93267
7404,7.404,0.07658581,6.868985
7405,7.405,0.08216642,6.9605308
7406,7.406,0.09094099,7.0095935
7407,7.407,0.092778265,1.6808453
7408,7.408,0.09350059,6.9844465
7409,7.409,0.09271595,7.0444765
7410,7.41,0.096601784,6.954367
7411,7.411,0.085286684,7.0131063
7412,7.412,0.0892577,1.7475967
7413,7.413,0.10577519,7.0302787
7414,7.414,0.10333624,7.049648
7415,7.415,0.12210712,7.014143
7416,7.416,0.11687933,7.009867
7417,7.417,0.11221703,6.9954123
7418,7.418,0.109505974,1.6383249
7419,7.419,0.10100554,1.6708117
7420,7.42,0.111528866,1.6281912
7421,7.421,0.11213872,1.6443434
7422,7.422,0.121229224,1.6823859
7423,7.423,0.104238406,1.6430353
7424,7.424,0.119463764,1.609401
7425,7.425,0.11182697,1.6190525
7426,7.426,0.10797732,1.5679486
7427,7.427,0.1057424,1.5434442
7428,7.428,0.10164214,1.5400027
7429,7.429,0.09633337,1.6025434
7430,7.43,0.09425909,1.5714058
7431,7.431,0.10888138,1.5878274
7432,7.432,0.102428384,1.5650173
7433,7.433,0.11143762,1.584757
7434,7.434,0.12105747,1.5759759
7435,7.435,0.12333354,1.5570617
7436,7.436,0.114497215,1.5589528
7437,7.437,0.12944676,1.5646701
7438,7.438,0.1067564,1.5968093
7439,7.439,0.114285,1.549219
7440,7.44,0.1261745,1.5664207
7441,7.441,0.13594717,1.5417573
7442,7.442,0.16538742,1.5303212
7443,7.443,0.16602781,1.5481676
7444,7.444,0.14932574,1.5752003
7445,7.445,0.15812528,1.5462769
7446,7.446,0.13757847,1.5789022
7447,7.447,0.122279294,1.5974967
7448,7.448,0.1175224,1.5645956
7449,7.449,0.12094856,1.5701789
7450,7.45,0.10825531,1.5506015
7451,7.451,0.1190489,1.5874722
7452,7.452,0.10900446,1.5896357
7453,7.453,0.1323766,1.5598418
7454,7.454,0.137215,1.5897794
7455,7.455,0.13679482,1.5840843
7456,7.456,0.13803814,1.5746182
7457,7.457,0.13177268,1.6078663
7458,7.458,0.15004395,1.6291027
7459,7.459,0.13177444,1.6144669
7460,7.46,0.14010617,1.6049417
7461,7.461,0.15356204,1.5908535
7462,7.462,0.16259603,1.5751563
7463,7.463,0.18954432,1.5563258
7464,7.464,0.18135114,1.5577651
7465,7.465,0.17481188,1.5298343
7466,7.466,0.17170139,1.51213
7467,7.467,0.16050376,1.5244285
7468,7.468,0.17045406,1.488173
7469,7.469,0.16137287,1.5239083
7470,7.47,0.17591272,1.5500039
7471,7.471,0.1729571,1.5880924
7472,7.472,0.20176373,1.5411215
7473,7.473,0.1883722,1.5221074
7474,7.474,0.18476741,1.4584619
7475,7.475,0.19111009,1.4683927
7476,7.476,0.18995005,1.489216
7477,7.477,0.18597843,1.4623559
7478,7.478,0.17009288,1.4945989
7479,7.479,0.17694794,1.5200815
7480,7.48,0.15673015,1.5168555
7481,7.481,0.17254625,1.5614387
7482,7.482,0.17612156,1.5035701
7483,7.483,0.16857739,1.4947792
7484,7.484,0.1728595,1.5051827
7485,7.485,0.18808232,1.5073208
7486,7.486,0.16210046,1.550575
7487,7.487,0.1805923,1.5287691
7488,7.488,0.17749844,1.5178474
7489,7.489,0.1808865,1.5089428
7490,7.49,0.1485496,1.5517688
7491,7.491,0.13300906,1.5694358
7492,7.492,0.12914278,1.5729591
7493,7.493,0.13674241,1.5877159
7494,7.494,0.14382409,1.6190397
7495,7.495,0.13022135,1.5924221
7496,7.496,0.12411091,1.5694294
7497,7.497,0.1268379,1.5444199
7498,7.498,0.14319903,1.5690521
7499,7.499,0.13738003,1.5959847
7500,7.5,0.1348338,1.5447474
7501,7.501,0.14286606,1.5558685
7502,7.502,0.14292431,1.55874
7503,7.503,0.14246579,1.6312402
7504,7.504,0.14163084,1.575892
7505,7.505,0.15263636,1.5882559
7506,7.506,0.17369075,1.5632105
7507,7.507,0.15154645,1.5758263
7508,7.508,0.1430391,1.5340289
7509,7.509,0.1308395,1.5855546
7510,7.51,0.12735087,1.560343
7511,7.511,0.1447007,1.6217501
7512,7.512,0.13110252,1.6387895
7513,7.513,0.13559297,1.6478415
7514,7.514,0.14784758,1.6331583
7515,7.515,0.13397372,1.651628
7516,7.516,0.13546674,1.6135433
7517,7.517,0.12151876,1.5893875
7518,7.518,0.117078945,1.543318
7519,7.519,0.13737498,1.5320967
7520,7.52,0.13656309,1.5698407
7521,7.521,0.14093538,1.5540606
7522,7.522,0.14007151,1.5387025
7523,7.523,0.13267317,1.5456443
7524,7.524,0.12911233,1.5630326
7525,7.525,0.121474996,1.6531613
7526,7.526,0.12360319,1.6033003
7527,7.527,0.13807164,1.588675
7528,7.528,0.1308713,1.5480772
7529,7.529,0.122311436,1.534581
7530,7.53,0.11299926,1.539784
7531,7.531,0.115754336,1.4932913
7532,7.532,0.13896126,1.5495253
7533,7.533,0.13082182,1.5603403
7534,7.534,0.12732908,1.6216514
7535,7.535,0.12752321,1.6501727
7536,7.536,0.13002591,1.6335058
7537,7.537,0.13240628,1.6315919
7538,7.538,0.14382409,1.6128863
7539,7.539,0.14466876,1.5806814
7540,7.54,0.16363497,1.573631
7541,7.541,0.15610048,1.5680594
7542,7.542,0.1395672,1.5729767
7543,7.543,0.12934133,1.5919638
7544,7.544,0.13596757,1.579103
7545,7.545,0.15581882,1.5952257
7546,7.546,0.14682764,1.585065
7547,7.547,0.14810225,1.547859
7548,7.548,0.136832,1.5360148
7549,7.549,0.13873646,1.5470246
7550,7.55,0.13344637,1.5096318
7551,7.551,0.14491785,1.606109
7552,7.552,0.13382351,1.6118882
7553,7.553,0.10760627,1.615467
7554,7.554,0.12909622,1.5702924
7555,7.555,0.13373537,1.5872072
7556,7.556,0.12891881,1.6010641
7557,7.557,0.12303701,1.625917
7558,7.558,0.11187864,1.5843686
7559,7.559,0.12758483,1.6143361
7560,7.56,0.14698344,1.5264156
7561,7.561,0.12989071,1.5970976
7562,7.562,0.1424382,6.8270645
7563,7.563,0.14525566,1.5947099
7564,7.564,0.13854803,6.8111763
7565,7.565,0.14128764,6.766969
7566,7.566,0.14075154,1.6198165
7567,7.567,0.13473432,1.6562848
7568,7.568,0.14464478,6.864555
7569,7.569,0.1482879,6.8931284
7570,7.57,0.14621858,6.849818
7571,7.571,0.16815034,6.844809
7572,7.572,0.16852391,6.8534646
7573,7.573,0.17418388,6.8496795
7574,7.574,0.17307737,6.849962
7575,7.575,0.15408958,6.8775535
7576,7.576,0.1532184,6.8736677
7577,7.577,0.16323605,6.908563
7578,7.578,0.15041944,6.8357534
7579,7.579,0.14546402,6.8404307
7580,7.58,0.13264528,6.805628
7581,7.581,0.13512327,6.7864327
7582,7.582,0.117740564,6.734374
7583,7.583,0.11561245,6.7422194
7584,7.584,0.11151642,6.717703
7585,7.585,0.09968072,6.7405047
7586,7.586,0.10178534,6.7529154
7587,7.587,0.0821833,6.779724
7588,7.588,0.07875281,6.696058
7589,7.589,0.092476256,6.6557584
7590,7.59,0.10075115,1.5700037
7591,7.591,0.10243064,1.5527697
7592,7.592,0.11849804,1.5603364
7593,7.593,0.087658174,1.5903212
7594,7.594,0.10089332,6.8450084
7595,7.595,0.118408255,6.8165855
7596,7.596,0.114753366,6.8570757
7597,7.597,0.12021615,6.8161693
7598,7.598,0.11429714,6.8306255
7599,7.599,0.120391026,6.8548865
7600,7.6,0.12324916,6.7997637
7601,7.601,0.12269266,6.7870064
7602,7.602,0.12751777,6.8181925
7603,7.603,0.11379439,1.6835164
7604,7.604,0.13685058,1.6333045
7605,7.605,0.12679048,1.6519934
7606,7.606,0.12136265,1.6537467
7607,7.607,0.12038911,1.6311557
7608,7.608,0.12933597,1.6932771
7609,7.609,0.1230013,1.6443616
7610,7.61,0.113666326,1.623748
7611,7.611,0.11234881,1.6204791
7612,7.612,0.100852065,1.5925283
7613,7.613,0.098975465,1.580055
7614,7.614,0.10205755,1.563721
7615,7.615,0.11318733,1.5565362
7616,7.616,0.11039752,1.5599421
7617,7.617,0.1046435,1.5549861
7618,7.618,0.11908579,1.604069
7619,7.619,0.108047955,1.58402
7620,7.62,0.115850165,1.5530034
7621,7.621,0.118578,1.6049412
7622,7.622,0.11144177,1.5936159
7623,7.623,0.10814848,1.6023791
7624,7.624,0.09204273,1.5987283
7625,7.625,0.09291522,6.835062
7626,7.626,0.097421594,6.7911153
7627,7.627,0.09238871,6.8023157
7628,7.628,0.09272841,6.803668
7629,7.629,0.086879306,6.8012786
7630,7.63,0.07858529,6.79045
7631,7.631,0.08655672,6.755008
7632,7.632,0.08785313,1.5977483
7633,7.633,0.099211104,6.755525
7634,7.634,0.11650686,6.678343
7635,7.635,0.116471134,6.723717
7636,7.636,0.10921423,6.665409
7637,7.637,0.097298115,1.5154511
7638,7.638,0.09568078,6.6126776
7639,7.639,0.0897253,6.6135297
7640,7.64,0.097611256,6.64162
7641,7.641,0.09386829,6.6311603
7642,7.642,0.101087905,6.6390915
7643,7.643,0.09634057,6.601752
7644,7.644,0.10582764,6.556797
7645,7.645,0.099350825,6.6196637
7646,7.646,0.09725296,6.5972977
7647,7.647,0.07907215,6.589614
7648,7.648,0.079825826,6.5973225
7649,7.649,0.07427169,6.634216
7650,7.65,0.09990313,6.655795
7651,7.651,0.10123189,6.6711864
7652,7.652,0.1281255,6.6364284
7653,7.653,0.12149973,6.637873
7654,7.654,0.14134325,1.5544267
7655,7.655,0.1323504,6.6285925
7656,7.656,0.14170265,6.617554
7657,7.657,0.1034905,6.6720657
7658,7.658,0.0818196,6.677357
7659,7.659,0.081649885,6.7309313
7660,7.66,0.092263505,6.7384586
7661,7.661,0.09130128,6.7057614
7662,7.662,0.07678479,6.705068
7663,7.663,0.087240465,6.7467246
7664,7.664,0.076301515,6.722494
7665,7.665,0.06698514,6.726323
7666,7.666,0.05008907,6.704451
7667,7.667,0.06763773,6.6397786
7668,7.668,0.059163112,6.6264706
7669,7.669,0.06925232,6.682008
7670,7.67,0.05737769,6.674145
7671,7.671,0.0648563,6.626745
7672,7.672,0.075193584,6.695713
7673,7.673,0.069794364,6.70213
7674,7.674,0.0818422,6.728023
7675,7.675,0.08340913,6.682522
7676,7.676,0.070015945,6.758682
7677,7.677,0.06441994,6.7549114
7678,7.678,0.045751814,6.687433
7679,7.679,0.048130672,6.6711392
7680,7.68,0.049532093,6.7499075
7681,7.681,0.04462108,6.794681
7682,7.682,0.06461344,1.5683303
7683,7.683,0.0624778,1.5724982
7684,7.684,0.06686077,6.7794147
7685,7.685,0.06669805,1.5604001
7686,7.686,0.0663331,6.8787413
7687,7.687,0.07082032,1.5386469
7688,7.688,0.077109285,1.5437998
7689,7.689,0.07630758,1.5439945
7690,7.69,0.07480826,1.5260731
7691,7.691,0.06370175,1.5198455
7692,7.692,0.06303775,1.5395256
7693,7.693,0.047579926,1.5660093
7694,7.694,0.054092404,1.594446
7695,7.695,0.085167326,1.5738661
7696,7.696,0.08428595,1.5330846
7697,7.697,0.081794165,1.5499688
7698,7.698,0.10568991,1.5637317
7699,7.699,0.07582431,1.577482
7700,7.7,0.06401672,6.9955425
7701,7.701,0.05401542,7.027233
7702,7.702,0.06912534,1.5555522
7703,7.703,0.074097164,1.5421352
7704,7.704,0.05763098,1.581602
7705,7.705,0.057578802,1.587915
7706,7.706,0.06711272,1.5927795
7707,7.707,0.07525505,1.6076492
7708,7.708,0.055788264,1.5823424
7709,7.709,0.05980441,1.599605
7710,7.71,0.06723318,1.6151513
7711,7.711,0.067507714,1.6746361
7712,7.712,0.049227767,1.6187372
7713,7.713,0.058912486,1.590778
7714,7.714,0.071741454,6.9529395
7715,7.715,0.09433019,1.607921
7716,7.716,0.07412836,1.6251975
7717,7.717,0.078829095,1.6082996
7718,7.718,0.07806579,1.5890526
7719,7.719,0.064423524,1.6093014
7720,7.72,0.07051279,1.6749632
7721,7.721,0.0792182,6.926906
7722,7.722,0.09756388,6.8903356
7723,7.723,0.08342299,6.861566
7724,7.724,0.06781183,1.5878866
7725,7.725,0.06918217,1.5396353
7726,7.726,0.08901389,1.563004
7727,7.727,0.08070435,1.5590676
7728,7.728,0.0873861,1.5897515
7729,7.729,0.095247276,1.5726581
7730,7.73,0.07683896,1.6011703
7731,7.731,0.091657616,1.5987387
7732,7.732,0.10347263,1.5822769
7733,7.733,0.1178799,1.5229329
7734,7.734,0.1297625,1.5146148
7735,7.735,0.13627838,1.5201746
7736,7.736,0.12112238,1.5658256
7737,7.737,0.11120917,1.5472955
7738,7.738,0.11900034,1.5612481
7739,7.739,0.099988714,1.5465603
7740,7.74,0.11431736,1.5033349
7741,7.741,0.09731712,1.552019
7742,7.742,0.10100325,1.5147555
7743,7.743,0.08189021,1.4953414
7744,7.744,0.08777942,1.5336905
7745,7.745,0.09466049,1.5387928
7746,7.746,0.07701928,1.5785772
7747,7.747,0.10122732,1.5409945
7748,7.748,0.089363836,1.5066955
7749,7.749,0.109398246,1.5167257
7750,7.75,0.11894399,1.5149623
7751,7.751,0.10751169,1.5295154
7752,7.752,0.12936993,1.541215
7753,7.753,0.11674474,6.7928066
7754,7.754,0.10575333,6.811363
7755,7.755,0.12484825,6.8061957
7756,7.756,0.12625876,6.7691593
7757,7.757,0.11914402,6.7555585
7758,7.758,0.11052728,6.8008595
7759,7.759,0.11715987,1.5390724
7760,7.76,0.113397524,1.5316234
7761,7.761,0.09283806,1.5575341
7762,7.762,0.08486547,6.9770637
7763,7.763,0.09010841,6.914729
7764,7.764,0.109916896,1.5514469
7765,7.765,0.10424284,6.9139557
7766,7.766,0.102457725,6.8710217
7767,7.767,0.10723824,6.879416
7768,7.768,0.10545779,6.8821573
7769,7.769,0.11404401,6.9395375
7770,7.77,0.124616556,6.9378276
7771,7.771,0.10657216,6.916794
7772,7.772,0.11097609,6.967988
7773,7.773,0.12936279,6.8916025
7774,7.774,0.13429087,6.956987
7775,7.775,0.16812284,6.9960675
7776,7.776,0.15170045,7.0017786
7777,7.777,0.14908402,7.04123
7778,7.778,0.13729586,6.9650536
7779,7.779,0.1578077,6.9922576
7780,7.78,0.14513624,6.965672
7781,7.781,0.12267005,7.067419
7782,7.782,0.12518851,7.0319533
7783,7.783,0.11372732,7.073351
7784,7.784,0.10690139,7.096059
7785,7.785,0.09159454,7.0521436
7786,7.786,0.10326238,7.0298705
7787,7.787,0.122604065,7.0144258
7788,7.788,0.13803479,7.0615716
7789,7.789,0.1314987,7.0499406
7790,7.79,0.13018762,7.0628934
7791,7.791,0.14941706,7.0780053
7792,7.792,0.15256819,7.0552187
7793,7.793,0.17941195,7.0298038
7794,7.794,0.1771412,7.1087112
7795,7.795,0.1871149,7.0749397
7796,7.796,0.19834296,7.050534
7797,7.797,0.1866485,7.049669
7798,7.798,0.17050152,7.0010567
7799,7.799,0.1831045,7.103147
7800,7.8,0.16714224,7.0720925
7801,7.801,0.17569442,7.0918827
7802,7.802,0.17449285,7.077793
7803,7.803,0.15521526,7.1029925
7804,7.804,0.14888693,7.0857954
7805,7.805,0.13656648,7.118231
7806,7.806,0.14368738,7.1042557
7807,7.807,0.13278987,7.1579013
7808,7.808,0.13868646,7.1036425
7809,7.809,0.13909927,7.130761
7810,7.81,0.1528044,7.1229568
7811,7.811,0.15144268,7.0834107
7812,7.812,0.15922098,7.088278
7813,7.813,0.1602486,7.1110687
7814,7.814,0.1688008,7.0950146
7815,7.815,0.16774976,7.044695
7816,7.816,0.15938643,7.0313077
7817,7.817,0.15117376,7.04547
7818,7.818,0.14835961,7.047831
7819,7.819,0.15891722,7.0183344
7820,7.82,0.14965361,6.9408293
7821,7.821,0.15259697,6.9518566
7822,7.822,0.13601688,6.94845
7823,7.823,0.13270453,6.95281
7824,7.824,0.12619099,6.9795003
7825,7.825,0.1321616,6.983931
7826,7.826,0.13637674,6.9943476
7827,7.827,0.13570717,7.0152464
7828,7.828,0.143557,7.0142694
7829,7.829,0.14483327,7.0523233
7830,7.83,0.13178496,7.0918775
7831,7.831,0.14452486,7.054247
7832,7.832,0.14736517,7.0263524
7833,7.833,0.1518132,7.0344853
7834,7.834,0.16425967,7.01405
7835,7.835,0.15135716,7.057597
7836,7.836,0.1754416,7.015747
7837,7.837,0.16067222,7.0393934
7838,7.838,0.15679356,7.0645742
7839,7.839,0.14626443,7.109015
7840,7.84,0.17130777,7.1239405
7841,7.841,0.12550575,7.101356
7842,7.842,0.12884167,7.108518
7843,7.843,0.13079885,7.05649
7844,7.844,0.12579095,7.073147
7845,7.845,0.13031186,7.1411724
7846,7.846,0.12454975,7.1646543
7847,7.847,0.10792806,7.240054
7848,7.848,0.107022434,7.193994
7849,7.849,0.110550284,7.1444063
7850,7.85,0.1142506,7.180346
7851,7.851,0.102813624,7.1677747
7852,7.852,0.103325054,7.111203
7853,7.853,0.0943645,7.025742
7854,7.854,0.09514771,7.0201197
7855,7.855,0.08079596,7.0317526
7856,7.856,0.090775594,6.9692082
7857,7.857,0.10563522,6.936596
7858,7.858,0.11493656,6.9426336
7859,7.859,0.1277424,6.9040766
7860,7.86,0.11446288,6.922849
7861,7.861,0.10452855,6.9245815
7862,7.862,0.121191084,6.9297905
7863,7.863,0.10769003,6.9612594
7864,7.864,0.11162004,7.029541
7865,7.865,0.13205485,6.957524
7866,7.866,0.12611218,6.9816847
7867,7.867,0.11981547,7.0030403
7868,7.868,0.11232412,6.9567003
7869,7.869,0.09883755,6.888516
7870,7.87,0.11805236,6.8720512
7871,7.871,0.09756388,6.8281612
7872,7.872,0.103945225,6.8827662
7873,7.873,0.082048155,6.8363695
7874,7.874,0.0720662,6.863205
7875,7.875,0.081709325,6.886104
7876,7.876,0.08747336,6.8958306
7877,7.877,0.08342299,6.911851
7878,7.878,0.088826686,6.907911
7879,7.879,0.09001343,6.937257
7880,7.88,0.09063031,6.9006777
7881,7.881,0.09755203,6.9246345
7882,7.882,0.09337193,6.9250546
7883,7.883,0.10844948,6.9211664
7884,7.884,0.09117204,6.9127336
7885,7.885,0.09708165,6.901565
7886,7.886,0.09672616,6.8673444
7887,7.887,0.100291155,6.808412
7888,7.888,0.10323999,6.863337
7889,7.889,0.12564015,6.892276
7890,7.89,0.13268536,6.858129
7891,7.891,0.13790745,6.8538957
7892,7.892,0.13989645,6.891131
7893,7.893,0.120271906,6.868922
7894,7.894,0.11123619,6.8394856
7895,7.895,0.109558746,6.8391733
7896,7.896,0.11361546,6.7519712
7897,7.897,0.10571835,6.8986673
7898,7.898,0.10251637,6.894298
7899,7.899,0.095191434,6.9055223
7900,7.9,0.09715068,6.910614
7901,7.901,0.09353521,1.544783
7902,7.902,0.09283307,6.793069
7903,7.903,0.11104482,6.769302
7904,7.904,0.11870077,6.815232
7905,7.905,0.11969191,1.4979041
7906,7.906,0.09272093,6.8164597
7907,7.907,0.098196894,6.8454194
7908,7.908,0.08820506,1.5272425
7909,7.909,0.085386924,1.55058
7910,7.91,0.07855881,1.5372983
7911,7.911,0.0828278,1.5361983
7912,7.912,0.089920916,1.5473373
7913,7.913,0.07391597,1.6167258
7914,7.914,0.077145256,1.5636437
7915,7.915,0.07019403,1.532476
7916,7.916,0.07113627,1.5838063
7917,7.917,0.085800186,1.6082419
7918,7.918,0.08202561,1.5951576
7919,7.919,0.08942332,1.5951188
7920,7.92,0.10146457,1.6432123
7921,7.921,0.10501401,1.6955129
7922,7.922,0.09598475,1.658599
7923,7.923,0.10126385,1.6657643
7924,7.924,0.10648752,1.628676
7925,7.925,0.11190344,1.6194172
7926,7.926,0.10974007,1.6437505
7927,7.927,0.11448106,1.6159737
7928,7.928,0.12514418,1.6236215
7929,7.929,0.11592997,1.6439879
7930,7.93,0.10804582,1.6521415
7931,7.931,0.11353403,1.677966
7932,7.932,0.10819763,1.6392882
7933,7.933,0.089415565,1.6461369
7934,7.934,0.10186027,1.61202
7935,7.935,0.09566145,1.652248
7936,7.936,0.11233441,1.6567762
7937,7.937,0.098248675,1.6482263
7938,7.938,0.10357982,1.6722052
7939,7.939,0.10754609,1.5846273
7940,7.94,0.13910426,1.6779549
7941,7.941,0.122146875,1.6650826
7942,7.942,0.13731943,1.6434003
7943,7.943,0.13698567,1.671989
7944,7.944,0.13984686,1.6497377
7945,7.945,0.13510616,1.6627312
7946,7.946,0.12662992,1.6311327
7947,7.947,0.12232655,1.6228102
7948,7.948,0.11846291,1.5639659
7949,7.949,0.12470372,1.5986989
7950,7.95,0.12965555,1.5874122
7951,7.951,0.12734179,1.6111385
7952,7.952,0.11438206,1.615023
7953,7.953,0.12051196,1.636096
7954,7.954,0.13145474,1.6102862
7955,7.955,0.105179,1.5868908
7956,7.956,0.10502502,1.5617228
7957,7.957,0.098664306,1.5958931
7958,7.958,0.11492248,1.6023011
7959,7.959,0.1061374,1.6733065
7960,7.96,0.11920416,1.6670167
7961,7.961,0.11747912,1.6436018
7962,7.962,0.124781564,1.6423852
7963,7.963,0.13194627,1.6585627
7964,7.964,0.11975949,1.6463399
7965,7.965,0.09911085,1.653959
7966,7.966,0.12105747,1.6648875
7967,7.967,0.10724687,1.693021
7968,7.968,0.12628987,1.6498905
7969,7.969,0.12106893,1.6631498
7970,7.97,0.12229442,1.6285532
7971,7.971,0.13382179,1.6030318
7972,7.972,0.13566798,1.6069393
7973,7.973,0.12990496,1.6330019
7974,7.974,0.12488342,1.5772295
7975,7.975,0.12420401,1.599018
7976,7.976,0.13247088,1.6140809
7977,7.977,0.13799794,1.5972356
7978,7.978,0.14107475,1.5914196
7979,7.979,0.13554692,1.5934129
7980,7.98,0.111084364,1.6026247
7981,7.981,0.119173124,1.6432633
7982,7.982,0.13619353,1.6584703
7983,7.983,0.13366447,1.6428615
7984,7.984,0.12503514,1.6557359
7985,7.985,0.12087208,1.6023152
7986,7.986,0.14344907,1.585082
7987,7.987,0.14013258,1.5754495
7988,7.988,0.13528913,1.5430714
7989,7.989,0.12490009,1.5694216
7990,7.99,0.12526052,1.5688654
7991,7.991,0.13167615,1.5248175
7992,7.992,0.11920804,1.5136144
7993,7.993,0.114827886,1.565243
7994,7.994,0.091483414,1.5931741
7995,7.995,0.107771575,1.5935045
7996,7.996,0.119242944,1.6021388
7997,7.997,0.11251126,1.5961639
7998,7.998,0.10895991,1.5993024
7999,7.999,0.10317951,1.5792863
8000,8.0,0.11521782,1.5833982
8001,8.001,0.11082808,1.5520527
8002,8.002,0.10704403,1.5494778
8003,8.003,0.08615782,1.5047001
8004,8.004,0.11303403,1.5749712
8005,8.005,0.110648535,5.8274984
8006,8.006,0.09527883,5.8744574
8007,8.007,0.08789786,1.5726618
8008,8.008,0.10217753,1.557138
8009,8.009,0.09268851,1.5708214
8010,8.01,0.11008083,1.5700781
8011,8.011,0.10214133,1.5418779
8012,8.012,0.13026041,1.5187016
8013,8.013,0.14901887,1.5053513
8014,8.014,0.123059556,1.5220406
8015,8.015,0.101078756,1.5282643
8016,8.016,0.11486815,1.5127045
8017,8.017,0.114458844,1.5236181
8018,8.018,0.12105556,5.9545856
8019,8.019,0.10563303,1.5060211
8020,8.02,0.08302017,5.9609528
8021,8.021,0.08743899,1.4890383
8022,8.022,0.0971483,5.940221
8023,8.023,0.11516162,5.9240956
8024,8.024,0.13618334,5.896326
8025,8.025,0.1388181,5.941038
8026,8.026,0.114519425,1.506076
8027,8.027,0.12656236,5.971326
8028,8.028,0.11188691,5.8858647
8029,8.029,0.11788774,5.920221
8030,8.03,0.12804067,6.012815
8031,8.031,0.11569241,5.998656
8032,8.032,0.13408412,5.900608
8033,8.033,0.12479268,5.885252
8034,8.034,0.110688224,5.902525
8035,8.035,0.112039715,5.9213634
8036,8.036,0.114169635,5.8886027
8037,8.037,0.10166716,5.95645
8038,8.038,0.11288667,5.943051
8039,8.039,0.12118917,5.962442
8040,8.04,0.13507535,5.9812436
8041,8.041,0.15203993,6.0089316
8042,8.042,0.14541633,5.9662633
8043,8.043,0.13757679,5.953009
8044,8.044,0.14108458,6.023442
8045,8.045,0.13673735,5.9747925
8046,8.046,0.14231317,5.993756
8047,8.047,0.13213362,6.001914
8048,8.048,0.13879478,5.972462
8049,8.049,0.15087985,5.955053
8050,8.05,0.14150019,5.9206347
8051,8.051,0.12368733,5.89656
8052,8.052,0.1385447,5.864324
8053,8.053,0.15045325,5.946274
8054,8.054,0.14164227,5.9007325
8055,8.055,0.14927308,5.925844
8056,8.056,0.15783261,5.9923344
8057,8.057,0.13716446,6.0215964
8058,8.058,0.11952568,6.016838
8059,8.059,0.1380331,6.0058274
8060,8.06,0.126158,5.975712
8061,8.061,0.12910339,6.0183463
8062,8.062,0.1362716,6.054612
8063,8.063,0.14993452,6.038623
8064,8.064,0.14710294,6.11953
8065,8.065,0.14868805,6.1134577
8066,8.066,0.17607956,6.0541997
8067,8.067,0.18607412,6.1115227
8068,8.068,0.20421474,6.107315
8069,8.069,0.21107446,6.0784936
8070,8.07,0.18335812,6.08645
8071,8.071,0.18008849,6.0728116
8072,8.072,0.19583501,6.0710664
8073,8.073,0.19690637,6.0838985
8074,8.074,0.18575452,6.1006947
8075,8.075,0.16033082,6.11207
8076,8.076,0.1741706,6.0565624
8077,8.077,0.17217337,6.0839553
8078,8.078,0.1655844,6.126065
8079,8.079,0.1745538,6.112055
8080,8.08,0.18240747,6.0848155
8081,8.081,0.19555265,6.093987
8082,8.082,0.1761465,6.0625095
8083,8.083,0.17244841,6.1074142
8084,8.084,0.17994079,6.06069
8085,8.085,0.16993922,6.0827446
8086,8.086,0.13766079,6.0833745
8087,8.087,0.1187806,6.132471
8088,8.088,0.12904428,6.148578
8089,8.089,0.11234469,6.109682
8090,8.09,0.10582327,6.141143
8091,8.091,0.113818765,6.104053
8092,8.092,0.12408482,6.0629888
8093,8.093,0.11270015,6.0200973
8094,8.094,0.11416761,6.0564666
8095,8.095,0.10570085,6.091396
8096,8.096,0.13482694,6.042322
8097,8.097,0.136453,5.988741
8098,8.098,0.13395129,5.98491
8099,8.099,0.135024,6.032495
8100,8.1,0.118099354,6.100549
8101,8.101,0.11562044,6.0594854
8102,8.102,0.121366456,6.0669446
8103,8.103,0.105429284,6.0796432
8104,8.104,0.10569648,6.0102854
8105,8.105,0.12547076,6.0356555
8106,8.106,0.12154159,5.9833937
8107,8.107,0.10611126,6.0024004
8108,8.108,0.10489065,6.049592
8109,8.109,0.124291465,6.000316
8110,8.11,0.10687544,5.971556
8111,8.111,0.09529581,6.0283113
8112,8.112,0.111169666,6.049325
8113,8.113,0.107923776,6.090664
8114,8.114,0.100381024,6.0974646
8115,8.115,0.1078595,6.029538
8116,8.116,0.06697824,6.092999
8117,8.117,0.062028434,6.041263
8118,8.118,0.061845534,6.0655694
8119,8.119,0.07864411,6.042672
8120,8.12,0.071405515,6.059336
8121,8.121,0.07150258,6.11084
8122,8.122,0.080517925,6.1538577
8123,8.123,0.06937906,6.1670747
8124,8.124,0.074582316,6.1743293
8125,8.125,0.091399975,6.1599693
8126,8.126,0.10097807,6.178868
8127,8.127,0.11785636,6.148821
8128,8.128,0.098335706,6.2259307
8129,8.129,0.1022273,6.1582994
8130,8.13,0.08760277,6.1771383
8131,8.131,0.08587022,6.1510015
8132,8.132,0.08760277,6.120557
8133,8.133,0.09604495,6.1298323
8134,8.134,0.10677372,6.121884
8135,8.135,0.11632416,6.225135
8136,8.136,0.11470097,6.2134666
8137,8.137,0.120112255,6.2244205
8138,8.138,0.11789167,6.20398
8139,8.139,0.1376087,6.27504
8140,8.14,0.16447347,6.2525363
8141,8.141,0.15983257,6.2492294
8142,8.142,0.17452201,6.2629237
8143,8.143,0.1729972,6.251189
8144,8.144,0.17664586,6.191793
8145,8.145,0.17728993,6.172866
8146,8.146,0.17415732,6.190648
8147,8.147,0.1675912,6.1914434
8148,8.148,0.17596792,6.2455964
8149,8.149,0.16328561,6.2249002
8150,8.15,0.15603976,6.1838126
8151,8.151,0.13917737,6.32872
8152,8.152,0.15666227,6.2499776
8153,8.153,0.17096327,6.197098
8154,8.154,0.16979086,6.159959
8155,8.155,0.15085839,6.1606855
8156,8.156,0.1372807,6.1082764
8157,8.157,0.12247577,6.1332035
8158,8.158,0.12988181,6.1176195
8159,8.159,0.14675047,6.18374
8160,8.16,0.12708372,6.11404
8161,8.161,0.12815256,6.1178203
8162,8.162,0.1534069,6.133766
8163,8.163,0.16859797,6.1196218
8164,8.164,0.15680389,6.1258526
8165,8.165,0.14562921,6.1003222
8166,8.166,0.1474671,6.1057158
8167,8.167,0.13696036,6.133629
8168,8.168,0.13970295,6.1794515
8169,8.169,0.14318612,6.1290817
8170,8.17,0.15971391,6.1288104
8171,8.171,0.13753814,6.1595335
8172,8.172,0.14213273,6.192353
8173,8.173,0.12834907,6.170018
8174,8.174,0.12571558,6.165063
8175,8.175,0.12110902,6.1271744
8176,8.176,0.12358822,6.2318096
8177,8.177,0.12957172,6.183486
8178,8.178,0.14638293,6.165811
8179,8.179,0.14317805,6.1649523
8180,8.18,0.099008165,6.1164308
8181,8.181,0.12026422,6.1429234
8182,8.182,0.12408855,6.143217
8183,8.183,0.124525614,6.144672
8184,8.184,0.12857942,6.143548
8185,8.185,0.11717171,6.128065
8186,8.186,0.122046515,6.1510572
8187,8.187,0.1185234,6.1884127
8188,8.188,0.111518495,6.1282578
8189,8.189,0.110284366,6.1215262
8190,8.19,0.11211604,6.09738
8191,8.191,0.110711195,6.1089315
8192,8.192,0.10473846,6.077734
8193,8.193,0.12150163,6.2188053
8194,8.194,0.13052636,6.214574
8195,8.195,0.12735812,6.181565
8196,8.196,0.121676564,6.1869016
8197,8.197,0.12141407,6.2052236
8198,8.198,0.12791963,6.23523
8199,8.199,0.12699819,6.2365937
8200,8.2,0.1313298,6.277335
8201,8.201,0.10414521,6.2004814
8202,8.202,0.09852126,6.2203264
8203,8.203,0.10699003,6.162056
8204,8.204,0.099108525,6.2404466
8205,8.205,0.09532735,6.188192
8206,8.206,0.09094861,6.2669263
8207,8.207,0.088377886,6.2357435
8208,8.208,0.08283896,6.2075753
8209,8.209,0.080466226,6.267171
8210,8.21,0.08845372,6.217828
8211,8.211,0.08363335,6.1535397
8212,8.212,0.10726411,6.1750064
8213,8.213,0.10696842,6.187985
8214,8.214,0.108077906,6.2652416
8215,8.215,0.12078406,6.165748
8216,8.216,0.12058483,6.2196746
8217,8.217,0.12586996,6.099561
8218,8.218,0.12913203,6.060419
8219,8.219,0.12330167,6.1057763
8220,8.22,0.09084433,6.1573515
8221,8.221,0.10090936,6.075172
8222,8.222,0.10702892,6.1362076
8223,8.223,0.10174445,6.1287284
8224,8.224,0.079244465,6.062156
8225,8.225,0.09186674,5.9789248
8226,8.226,0.07665823,6.0771327
8227,8.227,0.0871344,6.0631294
8228,8.228,0.09029807,5.9451227
8229,8.229,0.08821031,6.0453725
8230,8.23,0.08032819,6.0370116
8231,8.231,0.07743242,6.0150437
8232,8.232,0.11742006,5.9710608
8233,8.233,0.11705919,6.0110016
8234,8.234,0.10061797,5.9887204
8235,8.235,0.09259119,5.9763865
8236,8.236,0.1002681,5.9944844
8237,8.237,0.09713164,6.014108
8238,8.238,0.07740554,6.0677466
8239,8.239,0.07778691,6.0659165
8240,8.24,0.099392705,6.0963087
8241,8.241,0.10424727,6.1137757
8242,8.242,0.11001361,6.0602717
8243,8.243,0.08636419,6.0610614
8244,8.244,0.09082397,6.088999
8245,8.245,0.09818983,6.099418
8246,8.246,0.095167145,6.101818
8247,8.247,0.09702924,6.10531
8248,8.248,0.0899826,6.0999002
8249,8.249,0.07904875,6.0843596
8250,8.25,0.08846417,6.0833097
8251,8.251,0.10223409,6.0861254
8252,8.252,0.097471416,6.0972033
8253,8.253,0.12028152,6.1121693
8254,8.254,0.11357068,6.142373
8255,8.255,0.11633211,6.0531197
8256,8.256,0.1290389,6.121597
8257,8.257,0.117082894,6.1044397
8258,8.258,0.110715374,6.0815034
8259,8.259,0.10540955,6.1304345
8260,8.26,0.12613602,6.0623193
8261,8.261,0.1440971,5.984361
8262,8.262,0.12746337,5.9828334
8263,8.263,0.12572293,5.9935365
8264,8.264,0.12372097,5.9657283
8265,8.265,0.1171658,6.036718
8266,8.266,0.12870163,6.059973
8267,8.267,0.13465364,6.09312
8268,8.268,0.11451135,6.14377
8269,8.269,0.10596954,6.199469
8270,8.27,0.12045822,6.1848
8271,8.271,0.115197755,6.139689
8272,8.272,0.10984115,6.137048
8273,8.273,0.10460814,6.144337
8274,8.274,0.10228156,6.1576233
8275,8.275,0.092293575,6.1171427
8276,8.276,0.07337287,6.0924706
8277,8.277,0.0697115,6.1224704
8278,8.278,0.061081953,6.1624384
8279,8.279,0.05393832,6.157773
8280,8.28,0.06670152,6.0693936
8281,8.281,0.0717479,6.0751705
8282,8.282,0.061432946,6.1848865
8283,8.283,0.050612517,6.21047
8284,8.284,0.06292763,6.2841997
8285,8.285,0.07206299,6.215158
8286,8.286,0.07255219,6.1457553
8287,8.287,0.0740035,6.1993113
8288,8.288,0.067620635,6.2185183
8289,8.289,0.07854704,6.2130275
8290,8.29,0.09480447,6.150146
8291,8.291,0.08509944,6.236269
8292,8.292,0.11183524,6.198886
8293,8.293,0.09239872,6.2808275
8294,8.294,0.1227115,6.3525257
8295,8.295,0.105538875,6.2948446
8296,8.296,0.1139771,6.1971183
8297,8.297,0.09947409,6.1874776
8298,8.298,0.09129874,6.128266
8299,8.299,0.103747085,6.1551976
8300,8.3,0.110198386,6.142969
8301,8.301,0.10812923,6.1764216
8302,8.302,0.089789696,6.1344337
8303,8.303,0.10511304,6.143428
8304,8.304,0.09622051,6.150167
8305,8.305,0.10528226,6.1928797
8306,8.306,0.091116235,6.1627254
8307,8.307,0.09208543,6.1920824
8308,8.308,0.10076262,6.1436386
8309,8.309,0.08791101,6.123087
8310,8.31,0.06949227,6.0965166
8311,8.311,0.0624741,6.1009083
8312,8.312,0.06753511,6.153639
8313,8.313,0.07068962,6.066387
8314,8.314,0.07178011,6.0983825
8315,8.315,0.08214391,6.051456
8316,8.316,0.08110156,6.111887
8317,8.317,0.096812166,6.1420345
8318,8.318,0.076152906,6.138793
8319,8.319,0.08526228,6.0731907
8320,8.32,0.08912551,6.0997663
8321,8.321,0.0869272,6.107454
8322,8.322,0.088003,6.0127373
8323,8.323,0.089874625,6.0124826
8324,8.324,0.10001877,5.991073
8325,8.325,0.11275757,5.9614244
8326,8.326,0.105313,5.9938912
8327,8.327,0.10090248,5.8743825
8328,8.328,0.0881054,5.8930364
8329,8.329,0.07858529,5.8754125
8330,8.33,0.08237437,5.9635897
8331,8.331,0.071876675,5.9083176
8332,8.332,0.06727787,5.9139233
8333,8.333,0.057554707,5.93276
8334,8.334,0.07943679,5.908344
8335,8.335,0.08376041,5.9034057
8336,8.336,0.099066526,5.8882184
8337,8.337,0.10176262,5.899
8338,8.338,0.085921355,5.941058
8339,8.339,0.0838349,5.9438663
8340,8.34,0.08537339,5.948059
8341,8.341,0.10878366,5.952305
8342,8.342,0.11059837,5.937065
8343,8.343,0.10574021,5.914035
8344,8.344,0.12903711,5.963752
8345,8.345,0.12831303,5.866944
8346,8.346,0.105912805,5.8622828
8347,8.347,0.08660478,5.8727202
8348,8.348,0.09161725,5.895354
8349,8.349,0.10511964,5.86959
8350,8.35,0.11028017,5.8854594
8351,8.351,0.117288075,5.8201265
8352,8.352,0.11231382,5.7871985
8353,8.353,0.13146353,5.800471
8354,8.354,0.13810512,5.807752
8355,8.355,0.14670162,5.890214
8356,8.356,0.14959335,5.8584747
8357,8.357,0.14721763,5.870353
8358,8.358,0.14480133,5.8531632
8359,8.359,0.15958938,5.8461885
8360,8.36,0.15243326,5.800713
8361,8.361,0.14120579,5.8264914
8362,8.362,0.123872235,5.7927403
8363,8.363,0.09904085,5.7971277
8364,8.364,0.11050426,5.8329887
8365,8.365,0.12084147,5.923059
8366,8.366,0.108219,5.8563914
8367,8.367,0.135113,5.8650804
8368,8.368,0.12450705,5.8469586
8369,8.369,0.11700388,1.6263417
8370,8.37,0.1178799,1.6298019
8371,8.371,0.120690234,1.6379478
8372,8.372,0.109531306,1.6077837
8373,8.373,0.11189931,1.6103094
8374,8.374,0.102419354,1.6269352
8375,8.375,0.12234356,1.6527225
8376,8.376,0.124200284,1.6744938
8377,8.377,0.13593696,1.6345402
8378,8.378,0.13850631,1.6090118
8379,8.379,0.13722175,1.6162769
8380,8.38,0.12971438,1.6044474
8381,8.381,0.13856973,1.6630223
8382,8.382,0.13489038,1.6462194
8383,8.383,0.10789164,1.6838831
8384,8.384,0.09577255,5.8505607
8385,8.385,0.11990419,5.8227935
8386,8.386,0.13532671,5.835831
8387,8.387,0.12950747,1.7036645
8388,8.388,0.12048509,1.6776824
8389,8.389,0.14492741,1.6247907
8390,8.39,0.15737638,1.6013159
8391,8.391,0.16612525,1.5837538
8392,8.392,0.1671049,1.5719345
8393,8.393,0.13807164,1.5944943
8394,8.394,0.12430076,1.6428683
8395,8.395,0.122114696,1.5532135
8396,8.396,0.13213886,1.5851402
8397,8.397,0.12919827,1.6197711
8398,8.398,0.122105226,1.5903349
8399,8.399,0.12230576,1.6221857
8400,8.4,0.11762859,1.5853633
8401,8.401,0.120244995,1.5831349
8402,8.402,0.13698061,1.556755
8403,8.403,0.14537339,5.8273363
8404,8.404,0.15282103,1.5668377
8405,8.405,0.16842921,1.5863192
8406,8.406,0.16802931,1.5549873
8407,8.407,0.15789996,1.5650649
8408,8.408,0.16773874,1.5630367
8409,8.409,0.16705093,1.6016942
8410,8.41,0.16579649,1.5526142
8411,8.411,0.16457604,1.5817426
8412,8.412,0.15759072,1.6101656
8413,8.413,0.1415541,1.6040586
8414,8.414,0.13679652,1.6417938
8415,8.415,0.14445925,1.6678925
8416,8.416,0.12320226,1.675214
8417,8.417,0.12251163,1.657878
8418,8.418,0.14864762,1.6771754
8419,8.419,0.14988671,1.6763216
8420,8.42,0.13272369,1.6956842
8421,8.421,0.13722512,1.6332015
8422,8.422,0.113201626,1.6385463
8423,8.423,0.11767968,1.6934199
8424,8.424,0.107216686,1.6698519
8425,8.425,0.09737412,1.6419594
8426,8.426,0.09962272,1.6660048
8427,8.427,0.092115544,1.6906021
8428,8.428,0.10086811,1.6787268
8429,8.429,0.08678878,1.7007293
8430,8.43,0.07765007,1.7044888
8431,8.431,0.07618022,1.6812025
8432,8.432,0.09659461,1.6410555
8433,8.433,0.10801157,1.639959
8434,8.434,0.11024663,1.6224267
8435,8.435,0.119105205,1.6286347
8436,8.436,0.1253214,1.6054758
8437,8.437,0.09835451,1.6561319
8438,8.438,0.09968072,1.6243985
8439,8.439,0.116328135,1.6095511
8440,8.44,0.14191459,1.6234381
8441,8.441,0.12890625,1.6688904
8442,8.442,0.13017519,1.6341927
8443,8.443,0.14113864,1.6425294
8444,8.444,0.113262884,1.6466489
8445,8.445,0.10414965,1.6695559
8446,8.446,0.09962272,1.6849453
8447,8.447,0.11889149,1.7213665
8448,8.448,0.12319288,1.7387375
8449,8.449,0.13498461,1.7224582
8450,8.45,0.14657392,1.7248911
8451,8.451,0.1325424,1.724196
8452,8.452,0.1391242,1.7254214
8453,8.453,0.13685903,1.7146646
8454,8.454,0.16029622,1.6767715
8455,8.455,0.15237561,1.661758
8456,8.456,0.1406513,1.6658926
8457,8.457,0.13431326,1.6457165
8458,8.458,0.13597266,1.6494181
8459,8.459,0.14724746,1.692414
8460,8.46,0.13384424,1.7012036
8461,8.461,0.12682696,1.6639669
8462,8.462,0.12575787,1.650216
8463,8.463,0.12596543,1.6471887
8464,8.464,0.12184935,1.6298159
8465,8.465,0.12091415,1.609188
8466,8.466,0.10886651,1.6231229
8467,8.467,0.11670117,1.6327671
8468,8.468,0.116079435,1.6165683
8469,8.469,0.12881295,1.6445588
8470,8.47,0.1338667,1.6624771
8471,8.471,0.12251918,1.6712089
8472,8.472,0.13005081,1.6299381
8473,8.473,0.14161289,1.6571429
8474,8.474,0.16049513,1.668212
8475,8.475,0.15202624,1.6355262
8476,8.476,0.16039427,1.6230286
8477,8.477,0.16657971,1.6111482
8478,8.478,0.1768826,1.5855566
8479,8.479,0.1690704,1.5844147
8480,8.48,0.15532693,1.5851098
8481,8.481,0.17369208,1.5827861
8482,8.482,0.17687868,1.6069494
8483,8.483,0.15560651,1.5899446
8484,8.484,0.17769372,1.6080782
8485,8.485,0.17236125,1.5486175
8486,8.486,0.15868719,1.5816743
8487,8.487,0.16586481,1.5339956
8488,8.488,0.16502917,1.5746956
8489,8.489,0.15276355,1.6003498
8490,8.49,0.1467032,1.6087437
8491,8.491,0.12411836,1.6149225
8492,8.492,0.12409786,1.6410462
8493,8.493,0.12552233,1.65818
8494,8.494,0.1441324,1.6588192
8495,8.495,0.15024413,1.6304396
8496,8.496,0.13522246,1.6340357
8497,8.497,0.13178848,1.6074196
8498,8.498,0.12067491,1.6340464
8499,8.499,0.14423823,1.5883186
8500,8.5,0.16426389,1.6168238
8501,8.501,0.14384338,1.6008558
8502,8.502,0.115358196,1.652068
8503,8.503,0.12437514,1.6636893
8504,8.504,0.12307647,1.605374
8505,8.505,0.12091224,1.6713935
8506,8.506,0.12348529,1.6623858
8507,8.507,0.12403078,1.700837
8508,8.508,0.11576432,1.6930294
8509,8.509,0.10797304,1.7228907
8510,8.51,0.13093665,1.7203994
8511,8.511,0.12974645,1.7066605
8512,8.512,0.14269604,1.6183232
8513,8.513,0.16803342,1.6273727
8514,8.514,0.1601678,1.5983884
8515,8.515,0.17093758,1.6324621
8516,8.516,0.16205339,1.6505259
8517,8.517,0.17514616,1.6150469
8518,8.518,0.20155966,1.6188028
8519,8.519,0.1740657,1.6247326
8520,8.52,0.17145346,1.6010137
8521,8.521,0.15398152,1.6031563
8522,8.522,0.1303633,1.6359822
8523,8.523,0.13819884,1.6476676
8524,8.524,0.14332491,1.6363531
8525,8.525,0.17330298,1.6584486
8526,8.526,0.16176066,1.5921414
8527,8.527,0.15939368,1.6033216
8528,8.528,0.15256667,1.6307817
8529,8.529,0.14082378,1.624
8530,8.53,0.13162874,1.6561047
8531,8.531,0.12001598,1.6443903
8532,8.532,0.15237258,1.6600765
8533,8.533,0.15750708,1.6645366
8534,8.534,0.16501236,1.6898512
8535,8.535,0.15975155,1.6861154
8536,8.536,0.15827435,1.6681521
8537,8.537,0.1416749,1.6146584
8538,8.538,0.1440313,1.6304387
8539,8.539,0.12320038,1.7027857
8540,8.54,0.12988715,1.6986161
8541,8.541,0.119177006,1.6747661
8542,8.542,0.10455951,1.6713952
8543,8.543,0.08697505,1.6599891
8544,8.544,0.09856349,1.6433593
8545,8.545,0.09067621,1.6442401
8546,8.546,0.11447096,1.6330858
8547,8.547,0.109021425,1.6153278
8548,8.548,0.124451324,1.6103792
8549,8.549,0.12785818,1.600797
8550,8.55,0.1256972,1.6369976
8551,8.551,0.12667191,1.6312087
8552,8.552,0.10549944,1.6254429
8553,8.553,0.092185795,1.6251191
8554,8.554,0.11052937,1.6700985
8555,8.555,0.10794306,1.6649457
8556,8.556,0.100129664,1.7439784
8557,8.557,0.11235292,1.7439669
8558,8.558,0.10948486,1.8094466
8559,8.559,0.13201457,1.7867106
8560,8.56,0.13290125,1.7894844
8561,8.561,0.12824275,1.8551909
8562,8.562,0.120046794,1.8438094
8563,8.563,0.12924656,1.8300072
8564,8.564,0.108600736,1.7937791
8565,8.565,0.13877478,1.7556303
8566,8.566,0.1365343,1.7619276
8567,8.567,0.12920721,1.7334356
8568,8.568,0.12326229,1.7135644
8569,8.569,0.11836138,1.7289361
8570,8.57,0.12422262,1.7270147
8571,8.571,0.120287284,1.7297996
8572,8.572,0.120521545,1.7388139
8573,8.573,0.115828216,1.7879547
8574,8.574,0.108139925,1.6818581
8575,8.575,0.06471713,1.6557598
8576,8.576,0.07299061,1.7060003
8577,8.577,0.051795486,1.6582329
8578,8.578,0.06608168,1.661081
8579,8.579,0.0579909,1.6434906
8580,8.58,0.0431245,1.6092446
8581,8.581,0.051270586,1.6039257
8582,8.582,0.06297905,1.6136041
8583,8.583,0.06855441,1.6331998
8584,8.584,0.07182197,1.6502618
8585,8.585,0.07251713,1.5945288
8586,8.586,0.07474334,1.6476116
8587,8.587,0.07983162,1.6539203
8588,8.588,0.058090486,1.612643
8589,8.589,0.06667032,1.6074338
8590,8.59,0.060404472,1.5789675
8591,8.591,0.055121217,1.5787473
8592,8.592,0.045340657,1.6457592
8593,8.593,0.06138777,1.6435586
8594,8.594,0.059373755,1.6398284
8595,8.595,0.05957977,1.6383262
8596,8.596,0.067095496,1.667518
8597,8.597,0.0759005,1.6684084
8598,8.598,0.06356369,1.6903098
8599,8.599,0.074237436,1.7378398
8600,8.6,0.078805625,1.7159892
8601,8.601,0.07312669,1.7318345
8602,8.602,0.085705824,1.6932721
8603,8.603,0.06944568,1.7233826
8604,8.604,0.057401862,1.7255764
8605,8.605,0.06979767,1.6879044
8606,8.606,0.06997301,1.5841241
8607,8.607,0.08062122,1.5693113
8608,8.608,0.07840858,1.5754105
8609,8.609,0.11053983,1.6313068
8610,8.61,0.121398844,1.6563561
8611,8.611,0.13071574,1.6393616
8612,8.612,0.13841614,1.591178
8613,8.613,0.12344035,1.6296332
8614,8.614,0.116081424,1.6388786
8615,8.615,0.13650721,1.5863727
8616,8.616,0.14747182,1.6091691
8617,8.617,0.13413928,1.559769
8618,8.618,0.13528913,1.5919285
8619,8.619,0.13906436,1.6056142
8620,8.62,0.13406515,1.5917677
8621,8.621,0.13440274,1.600812
8622,8.622,0.1450486,1.5418429
8623,8.623,0.13045904,1.5444818
8624,8.624,0.13992618,1.498215
8625,8.625,0.13886139,1.4787668
8626,8.626,0.13365929,1.4922992
8627,8.627,0.12752503,1.4830621
8628,8.628,0.13604915,1.5736374
8629,8.629,0.14598913,1.5644623
8630,8.63,0.14670004,1.5573822
8631,8.631,0.12668103,1.6165199
8632,8.632,0.10620708,1.6059432
8633,8.633,0.117925,1.6464651
8634,8.634,0.11171734,1.6630831
8635,8.635,0.12459986,1.5963081
8636,8.636,0.10200996,1.6404978
8637,8.637,0.11931272,1.6364746
8638,8.638,0.14004014,1.6930987
8639,8.639,0.14502947,1.6183952
8640,8.64,0.14627233,1.6006359
8641,8.641,0.13208286,1.6456345
8642,8.642,0.13225603,1.6002651
8643,8.643,0.12336353,1.6000634
8644,8.644,0.13972612,1.5579138
8645,8.645,0.1429518,1.6033857
8646,8.646,0.1428871,1.5708555
8647,8.647,0.13425988,1.6002477
8648,8.648,0.13174109,1.6296327
8649,8.649,0.121036455,1.5877932
8650,8.65,0.13422199,1.6080117
8651,8.651,0.12415188,1.5903565
8652,8.652,0.13881643,1.5709342
8653,8.653,0.1320776,1.5680435
8654,8.654,0.11464855,1.5775429
8655,8.655,0.11300335,1.5512166
8656,8.656,0.10309881,1.5425301
8657,8.657,0.084740065,1.5341917
8658,8.658,0.082149535,1.5640279
8659,8.659,0.085670754,1.5866241
8660,8.66,0.091291144,1.5563446
8661,8.661,0.09506019,1.6006385
8662,8.662,0.102707885,1.5694455
8663,8.663,0.10260654,1.5818218
8664,8.664,0.11324247,1.5606658
8665,8.665,0.09760415,1.5613182
8666,8.666,0.10711528,1.5847682
8667,8.667,0.109533414,1.6187015
8668,8.668,0.119488925,1.6500884
8669,8.669,0.10935598,1.6191223
8670,8.67,0.09420266,1.5975654
8671,8.671,0.11256262,1.6025323
8672,8.672,0.093022145,1.630601
8673,8.673,0.095504224,1.5892773
8674,8.674,0.09451139,1.59024
8675,8.675,0.09786909,1.6128763
8676,8.676,0.081317924,1.5916462
8677,8.677,0.079261966,1.6461949
8678,8.678,0.09947176,1.6311327
8679,8.679,0.08739139,1.66811
8680,8.68,0.08800826,1.701225
8681,8.681,0.10461477,1.7013614
8682,8.682,0.095016405,1.6751826
8683,8.683,0.085775934,1.6533535
8684,8.684,0.079709895,1.6081439
8685,8.685,0.090584375,1.6260675
8686,8.686,0.103894055,1.5846654
8687,8.687,0.107634194,1.5889196
8688,8.688,0.10341004,1.5821935
8689,8.689,0.10452413,1.5864484
8690,8.69,0.12127118,1.599425
8691,8.691,0.08390382,1.6024343
8692,8.692,0.09627815,1.626359
8693,8.693,0.09605698,1.6158038
8694,8.694,0.106530935,1.6142142
8695,8.695,0.12673213,1.6295726
8696,8.696,0.12491304,1.5995234
8697,8.697,0.14982036,1.574003
8698,8.698,0.14801794,1.5727596
8699,8.699,0.14730084,1.5813812
8700,8.7,0.1297714,1.5612577
8701,8.701,0.11258316,1.5322257
8702,8.702,0.09529096,1.5500077
8703,8.703,0.1062245,1.6026914
8704,8.704,0.11355236,1.5667621
8705,8.705,0.11038076,1.5682234
8706,8.706,0.08880587,1.5803971
8707,8.707,0.09505046,1.6062677
8708,8.708,0.117185526,1.5971457
8709,8.709,0.12581667,1.6024386
8710,8.71,0.100251965,1.6424282
8711,8.711,0.14208554,1.6139015
8712,8.712,0.12490564,1.6408746
8713,8.713,0.114163555,1.6128335
8714,8.714,0.11159932,1.6255075
8715,8.715,0.107675,1.6454365
8716,8.716,0.12482232,1.6301025
8717,8.717,0.124838986,1.5917463
8718,8.718,0.13139668,1.5774008
8719,8.719,0.13551964,1.5737957
8720,8.72,0.12492044,1.5978345
8721,8.721,0.10136198,1.5723968
8722,8.722,0.10903203,1.563316
8723,8.723,0.11862868,1.5706915
8724,8.724,0.12555732,1.5768174
8725,8.725,0.12911054,1.5024419
8726,8.726,0.14848578,1.5275667
8727,8.727,0.13007747,1.5147141
8728,8.728,0.1321651,1.5807273
8729,8.729,0.11687142,1.5663328
8730,8.73,0.12543204,1.5634673
8731,8.731,0.12755041,1.6278481
8732,8.732,0.11574235,1.6520405
8733,8.733,0.12768084,1.6337752
8734,8.734,0.1512395,1.5649143
8735,8.735,0.1453368,1.5717018
8736,8.736,0.14182007,1.6053036
8737,8.737,0.1467426,1.6370476
8738,8.738,0.14235377,1.6185381
8739,8.739,0.13239406,1.6217076
8740,8.74,0.11134214,1.6785445
8741,8.741,0.13094547,1.6499884
8742,8.742,0.116075456,1.6410036
8743,8.743,0.11782497,1.6024375
8744,8.744,0.13320707,1.6881834
8745,8.745,0.11085102,1.6522379
8746,8.746,0.116518766,1.6880431
8747,8.747,0.10637456,1.685829
8748,8.748,0.123547055,1.7100631
8749,8.749,0.13325912,1.7194368
8750,8.75,0.13142835,1.6645505
8751,8.751,0.116041586,1.6769564
8752,8.752,0.118482426,1.6935843
8753,8.753,0.11320571,1.666487
8754,8.754,0.12360319,1.7080411
8755,8.755,0.11500694,1.6763493
8756,8.756,0.12697816,1.6355597
8757,8.757,0.12624593,1.6645015
8758,8.758,0.12637407,1.7078947
8759,8.759,0.13029945,1.7578633
8760,8.76,0.12766092,1.6866844
8761,8.761,0.12014305,1.6936647
8762,8.762,0.13042891,1.6879762
8763,8.763,0.108649686,1.6743932
8764,8.764,0.11965714,1.6677088
8765,8.765,0.13312373,1.7121514
8766,8.766,0.11809544,1.7256057
8767,8.767,0.11844339,1.7429718
8768,8.768,0.13403755,1.778913
8769,8.769,0.1285974,1.7761608
8770,8.77,0.1479992,1.7379698
8771,8.771,0.13366795,1.6867306
8772,8.772,0.14243333,1.6872835
8773,8.773,0.14842036,1.7129925
8774,8.774,0.1601245,1.6974547
8775,8.775,0.16167632,1.7469438
8776,8.776,0.17361087,1.7467653
8777,8.777,0.1630263,1.7826324
8778,8.778,0.17844935,1.6878821
8779,8.779,0.18062174,1.7524273
8780,8.78,0.19210553,1.796177
8781,8.781,0.20919088,1.7882138
8782,8.782,0.20033436,1.9086233
8783,8.783,0.18352951,1.8962818
8784,8.784,0.19028205,1.9143791
8785,8.785,0.21122885,1.8269109
8786,8.786,0.21917129,1.8250887
8787,8.787,0.20135997,1.7797507
8788,8.788,0.20860429,1.7756237
8789,8.789,0.21269153,1.7662791
8790,8.79,0.21567504,1.7965908
8791,8.791,0.22618155,1.8282944
8792,8.792,0.20768684,1.760291
8793,8.793,0.22355261,1.8112302
8794,8.794,0.2293082,1.8406181
8795,8.795,0.23942825,1.8596544
8796,8.796,0.22788115,1.7796296
8797,8.797,0.2389314,1.7502878
8798,8.798,0.23297304,1.7783147
8799,8.799,0.22053625,1.8026586
8800,8.8,0.22714747,1.8066709
8801,8.801,0.22890152,1.8309143
8802,8.802,0.2159343,1.876479
8803,8.803,0.22722991,1.8620718
8804,8.804,0.22674611,1.86426
8805,8.805,0.22083272,1.8026435
8806,8.806,0.21480393,1.8256786
8807,8.807,0.1973743,1.7897534
8808,8.808,0.1977207,1.79099
8809,8.809,0.19688758,1.8006787
8810,8.81,0.1997727,1.8553385
8811,8.811,0.2036581,1.8164746
8812,8.812,0.2103591,1.8434771
8813,8.813,0.2073437,1.8682195
8814,8.814,0.21247728,1.8272288
8815,8.815,0.20360135,1.8633966
8816,8.816,0.20384079,1.876441
8817,8.817,0.20111987,1.8344213
8818,8.818,0.2044478,1.8021047
8819,8.819,0.20551367,1.8069797
8820,8.82,0.2177723,1.8061674
8821,8.821,0.20498763,1.832233
8822,8.822,0.20393945,1.7821033
8823,8.823,0.20969093,1.8211014
8824,8.824,0.21391846,1.8737574
8825,8.825,0.21401355,1.8357326
8826,8.826,0.20833814,1.8733301
8827,8.827,0.20225699,1.8630159
8828,8.828,0.20382719,1.797595
8829,8.829,0.19043021,1.8369802
8830,8.83,0.20542815,1.910227
8831,8.831,0.20565198,1.8829932
8832,8.832,0.20058577,1.8295634
8833,8.833,0.19327895,1.8298805
8834,8.834,0.20585312,1.795246
8835,8.835,0.19851542,1.7990373
8836,8.836,0.19925356,1.7972248
8837,8.837,0.19539534,1.8820691
8838,8.838,0.20239525,1.8114885
8839,8.839,0.21197945,1.8042057
8840,8.84,0.20452356,1.7789482
8841,8.841,0.19837792,1.785293
8842,8.842,0.20286761,1.8245997
8843,8.843,0.19273393,1.8078971
8844,8.844,0.20067105,1.7678791
8845,8.845,0.20104168,1.722654
8846,8.846,0.20871511,1.7622446
8847,8.847,0.19833365,1.7279834
8848,8.848,0.19146301,1.7686318
8849,8.849,0.1995805,1.7690692
8850,8.85,0.1901143,1.8094747
8851,8.851,0.2003805,1.7855644
8852,8.852,0.2029166,1.8332539
8853,8.853,0.20085761,1.8787296
8854,8.854,0.19184421,1.808838
8855,8.855,0.17719993,1.7833574
8856,8.856,0.18948698,1.7406973
8857,8.857,0.18352951,1.69097
8858,8.858,0.18748027,1.7039051
8859,8.859,0.19933361,1.7402416
8860,8.86,0.19801165,1.6975682
8861,8.861,0.1902383,1.7185317
8862,8.862,0.19834995,1.682174
8863,8.863,0.20617296,1.7179139
8864,8.864,0.19612874,1.7185688
8865,8.865,0.20690726,1.7559261
8866,8.866,0.19874702,1.8602393
8867,8.867,0.20585985,1.852724
8868,8.868,0.20429397,1.807566
8869,8.869,0.19849327,1.7872185
8870,8.87,0.20537749,1.7081448
8871,8.871,0.19657263,1.7739834
8872,8.872,0.20438334,1.792892
8873,8.873,0.20626265,1.7890887
8874,8.874,0.21870983,1.8428001
8875,8.875,0.21844329,1.8933758
8876,8.876,0.20644079,1.9283735
8877,8.877,0.21017328,1.9521898
8878,8.878,0.21262412,1.9894971
8879,8.879,0.23747458,1.9485121
8880,8.88,0.22733164,1.9320344
8881,8.881,0.240589,1.9292203
8882,8.882,0.2258184,1.8923596
8883,8.883,0.22211774,1.9231485
8884,8.884,0.23235099,1.8935238
8885,8.885,0.22945032,1.9010864
8886,8.886,0.22206777,1.8403937
8887,8.887,0.21594608,1.7740955
8888,8.888,0.20987277,1.8382444
8889,8.889,0.21004564,1.8358448
8890,8.89,0.20037013,1.8436
8891,8.891,0.21694799,1.8620182
8892,8.892,0.22655536,1.9125466
8893,8.893,0.2597841,1.9045042
8894,8.894,0.2569241,1.9356923
8895,8.895,0.25442383,1.9217693
8896,8.896,0.2438988,1.8475378
8897,8.897,0.23602246,1.8807518
8898,8.898,0.23790255,1.8440467
8899,8.899,0.25974137,1.8171434
8900,8.9,0.25001478,1.8402867
8901,8.901,0.25409558,1.7998651
8902,8.902,0.2314937,1.8099521
8903,8.903,0.24408925,1.9031935
8904,8.904,0.24778274,1.9267011
8905,8.905,0.25313383,1.8606311
8906,8.906,0.24508552,1.8728687
8907,8.907,0.2359333,1.8735893
8908,8.908,0.2411198,1.8224548
8909,8.909,0.2517133,1.7634847
8910,8.91,0.25844127,1.779294
8911,8.911,0.2321758,1.7526712
8912,8.912,0.22610386,1.7964755
8913,8.913,0.2184126,1.8312919
8914,8.914,0.22698152,1.7915555
8915,8.915,0.21432444,1.8141749
8916,8.916,0.20627162,1.8394109
8917,8.917,0.21513624,1.7606208
8918,8.918,0.20923728,1.7803308
8919,8.919,0.21430719,1.752693
8920,8.92,0.22411141,1.7297927
8921,8.921,0.22268116,1.7322598
8922,8.922,0.21703748,1.8079944
8923,8.923,0.20197675,1.7919014
8924,8.924,0.20869848,1.750874
8925,8.925,0.20255968,1.7854632
8926,8.926,0.21032064,1.8455206
8927,8.927,0.22504307,1.8855149
8928,8.928,0.21928413,1.9080508
8929,8.929,0.22590744,1.8619498
8930,8.93,0.23361124,1.8387513
8931,8.931,0.20668143,1.8280174
8932,8.932,0.19758151,1.8540958
8933,8.933,0.22410625,1.9078288
8934,8.934,0.23415296,1.8733184
8935,8.935,0.22977453,1.8264173
8936,8.936,0.22298516,1.7967291
8937,8.937,0.23862544,1.8562827
8938,8.938,0.22615293,1.8297746
8939,8.939,0.22389363,1.8528663
8940,8.94,0.22173125,1.8935446
8941,8.941,0.20619425,1.8369807
8942,8.942,0.19815171,1.8193885
8943,8.943,0.19339494,1.7786717
8944,8.944,0.21202306,1.7032975
8945,8.945,0.21768099,1.743763
8946,8.946,0.19954805,1.7035998
8947,8.947,0.18309693,1.679264
8948,8.948,0.18952237,1.7506286
8949,8.949,0.1802848,1.7338746
8950,8.95,0.18689978,1.7369391
8951,8.951,0.19784579,1.7486413
8952,8.952,0.197229,1.8110955
8953,8.953,0.22101375,1.7387952
8954,8.954,0.20497298,1.7123895
8955,8.955,0.19973682,1.7460583
8956,8.956,0.18782155,1.6699133
8957,8.957,0.18696038,1.6928087
8958,8.958,0.18669434,1.727843
8959,8.959,0.18053469,1.7938293
8960,8.96,0.18158685,1.6582329
8961,8.961,0.17389694,1.7592106
8962,8.962,0.19207184,1.7896211
8963,8.963,0.18761833,1.8358119
8964,8.964,0.17458028,1.8015028
8965,8.965,0.1630334,1.7404487
8966,8.966,0.18089163,1.8071651
8967,8.967,0.18305399,1.8432392
8968,8.968,0.18719396,1.8462846
8969,8.969,0.18094146,1.8229071
8970,8.97,0.21257083,1.8703958
8971,8.971,0.20238954,1.8148609
8972,8.972,0.20830818,1.8616694
8973,8.973,0.20096347,1.8039665
8974,8.974,0.20742062,1.8029933
8975,8.975,0.20938198,1.8193225
8976,8.976,0.23792781,1.8138453
8977,8.977,0.224098,1.8792925
8978,8.978,0.24581364,1.8447055
8979,8.979,0.24517135,1.7805746
8980,8.98,0.24797487,1.8310046
8981,8.981,0.23877072,1.7689438
8982,8.982,0.23584314,1.8216071
8983,8.983,0.22991535,1.8054729
8984,8.984,0.22792275,1.8050569
8985,8.985,0.2185491,1.85897
8986,8.986,0.22877929,1.8225802
8987,8.987,0.22911857,1.8674737
8988,8.988,0.25085303,1.8981754
8989,8.989,0.2390475,1.8325603
8990,8.99,0.21226065,1.8608236
8991,8.991,0.2303102,1.8643875
8992,8.992,0.23395045,1.8663864
8993,8.993,0.21466397,1.8478816
8994,8.994,0.2127274,1.8575886
8995,8.995,0.20252429,1.8444138
8996,8.996,0.20700668,1.8085306
8997,8.997,0.21086843,1.7820852
8998,8.998,0.19667846,1.854678
8999,8.999,0.21026567,1.8514655
9000,9.0,0.2159161,1.7713263
9001,9.001,0.2227912,1.8364122
9002,9.002,0.20304759,1.8024402
9003,9.003,0.20567222,1.7659162
9004,9.004,0.20263842,1.8028183
9005,9.005,0.20294508,1.845155
9006,9.006,0.20936431,1.8523797
9007,9.007,0.21105365,1.9020039
9008,9.008,0.20515561,1.8522435
9009,9.009,0.20789267,1.8603582
9010,9.01,0.19684061,1.8769208
9011,9.011,0.20951664,1.8146287
9012,9.012,0.21277629,1.8198315
9013,9.013,0.19874237,1.8426948
9014,9.014,0.2023667,1.8370302
9015,9.015,0.17297047,1.8547046
9016,9.016,0.18016165,1.8853376
9017,9.017,0.19726884,1.8487921
9018,9.018,0.16928768,1.878169
9019,9.019,0.18232633,1.8260288
9020,9.02,0.17040385,1.8470107
9021,9.021,0.1838077,1.8134351
9022,9.022,0.20686145,1.7844396
9023,9.023,0.1965103,1.7332448
9024,9.024,0.19354671,1.7838559
9025,9.025,0.18358745,1.8033867
9026,9.026,0.19718796,1.7977469
9027,9.027,0.18981734,1.8668964
9028,9.028,0.19533026,1.8132278
9029,9.029,0.1813078,1.8386958
9030,9.03,0.1622473,1.8050989
9031,9.031,0.170298,1.7736752
9032,9.032,0.17226465,1.8244039
9033,9.033,0.16165629,1.7662009
9034,9.034,0.18500751,1.7608964
9035,9.035,0.20376365,1.8208643
9036,9.036,0.19556211,1.8080127
9037,9.037,0.1852011,1.7572492
9038,9.038,0.17573915,1.7238679
9039,9.039,0.1636279,1.6927288
9040,9.04,0.17283408,1.7043192
9041,9.041,0.15004703,1.6536379
9042,9.042,0.13850798,1.6425953
9043,9.043,0.14417088,1.626135
9044,9.044,0.14676937,1.6723133
9045,9.045,0.15393497,1.6487838
9046,9.046,0.14243658,1.6369394
9047,9.047,0.15528972,1.5869658
9048,9.048,0.1199678,1.6390877
9049,9.049,0.14644293,1.6656811
9050,9.05,0.15172027,1.6429625
9051,9.051,0.15674342,1.6274996
9052,9.052,0.1536057,1.6889179
9053,9.053,0.14272034,1.6442497
9054,9.054,0.15864202,1.6670876
9055,9.055,0.1660306,1.722534
9056,9.056,0.15458691,1.6746556
9057,9.057,0.1424382,1.652581
9058,9.058,0.143943,1.6764326
9059,9.059,0.14653131,1.7248456
9060,9.06,0.1616706,1.6818712
9061,9.061,0.16084622,1.6591169
9062,9.062,0.15239838,1.6828867
9063,9.063,0.15189996,1.6923938
9064,9.064,0.15210226,1.6427164
9065,9.065,0.160724,1.6740757
9066,9.066,0.14061184,1.6637332
9067,9.067,0.1608606,1.6758425
9068,9.068,0.14968759,1.6467211
9069,9.069,0.13236438,1.6270664
9070,9.07,0.12531218,1.584241
9071,9.071,0.10790664,1.517596
9072,9.072,0.115542434,1.5350722
9073,9.073,0.10489065,1.5251989
9074,9.074,0.11445076,1.5394149
9075,9.075,0.10404749,1.5230106
9076,9.076,0.08486003,1.4930466
9077,9.077,0.07527962,1.4959666
9078,9.078,0.050534803,1.5317453
9079,9.079,0.061044093,1.4832653
9080,9.08,0.06813834,1.5543545
9081,9.081,0.0852433,1.5933425
9082,9.082,0.06903163,1.4777344
9083,9.083,0.07644682,1.4712833
9084,9.084,0.08766345,1.5146197
9085,9.085,0.06299006,1.5256162
9086,9.086,0.06787658,1.5467395
9087,9.087,0.07929405,1.585875
9088,9.088,0.0874945,1.6105374
9089,9.089,0.07392223,1.5839072
9090,9.09,0.07332559,1.5831738
9091,9.091,0.08500157,1.5747879
9092,9.092,0.08664481,1.6018978
9093,9.093,0.07624999,1.6489187
9094,9.094,0.061432946,1.6118447
9095,9.095,0.049555425,1.5981758
9096,9.096,0.06357823,1.6017138
9097,9.097,0.08814476,1.6019688
9098,9.098,0.08797673,1.631613
9099,9.099,0.074783534,1.6767226
9100,9.1,0.06469926,1.6923615
9101,9.101,0.08262658,1.6545279
9102,9.102,0.084253035,1.6557546
9103,9.103,0.0713958,1.6940703
9104,9.104,0.07682994,1.7561872
9105,9.105,0.068243444,1.7785678
9106,9.106,0.087668724,1.7682796
9107,9.107,0.08457348,1.7560385
9108,9.108,0.075141296,1.7630528
9109,9.109,0.10495235,1.7889678
9110,9.11,0.11141894,1.8005245
9111,9.111,0.101637594,1.7973802
9112,9.112,0.10036029,1.7805632
9113,9.113,0.10955241,1.7620505
9114,9.114,0.13447152,1.7514383
9115,9.115,0.12569535,1.766086
9116,9.116,0.12815256,1.7411579
9117,9.117,0.1278021,1.7348789
9118,9.118,0.12127118,1.7514814
9119,9.119,0.124417886,1.7650583
9120,9.12,0.1124681,1.8019723
9121,9.121,0.114260726,1.7497486
9122,9.122,0.11577032,1.6827158
9123,9.123,0.13196729,1.6706595
9124,9.124,0.116863504,1.7412602
9125,9.125,0.11646717,1.6817513
9126,9.126,0.104782596,1.7075307
9127,9.127,0.09170806,1.7095201
9128,9.128,0.090146884,1.7879066
9129,9.129,0.08844587,1.7185934
9130,9.13,0.09026478,1.6743257
9131,9.131,0.08420088,1.6040801
9132,9.132,0.091859184,1.5969616
9133,9.133,0.114171654,1.6309057
9134,9.134,0.12004487,1.6540058
9135,9.135,0.09864556,1.6256895
9136,9.136,0.10447545,1.6407752
9137,9.137,0.09510153,1.6415372
9138,9.138,0.10297765,1.6480777
9139,9.139,0.09892172,1.722414
9140,9.14,0.09553569,1.6937112
9141,9.141,0.10775871,1.6823227
9142,9.142,0.09318356,1.7687016
9143,9.143,0.112655014,1.7499658
9144,9.144,0.11654852,1.7659662
9145,9.145,0.10241258,1.8120832
9146,9.146,0.10216169,1.7822151
9147,9.147,0.11663181,1.7758036
9148,9.148,0.12649657,1.7593716
9149,9.149,0.11799163,1.7279477
9150,9.15,0.111928225,1.7137828
9151,9.151,0.113183245,1.7389934
9152,9.152,0.10654396,1.7068359
9153,9.153,0.091458134,1.7326672
9154,9.154,0.10863905,1.7017999
9155,9.155,0.10204848,1.6711999
9156,9.156,0.10230868,1.6545637
9157,9.157,0.09918081,1.6837987
9158,9.158,0.10478039,1.6776173
9159,9.159,0.1012159,1.6145668
9160,9.16,0.09545822,1.6249352
9161,9.161,0.10163077,1.6796707
9162,9.162,0.11652472,1.6830683
9163,9.163,0.11637185,1.6944377
9164,9.164,0.11681403,1.6726737
9165,9.165,0.1104038,1.6834922
9166,9.166,0.118296914,1.7174343
9167,9.167,0.1128498,1.691292
9168,9.168,0.10259978,1.6834617
9169,9.169,0.10661771,1.6445683
9170,9.17,0.11730187,1.6583867
9171,9.171,0.11953341,1.6465337
9172,9.172,0.13109899,1.6725907
9173,9.173,0.135113,1.6496645
9174,9.174,0.14576726,1.6641947
9175,9.175,0.14821461,1.6341227
9176,9.176,0.14520471,7.038001
9177,9.177,0.14458244,7.026639
9178,9.178,0.15231188,7.0338707
9179,9.179,0.14851847,7.091246
9180,9.18,0.15112022,7.171938
9181,9.181,0.14737459,7.136614
9182,9.182,0.14615533,7.0709977
9183,9.183,0.13552986,7.066865
9184,9.184,0.1641259,7.0606513
9185,9.185,0.18048473,7.054559
9186,9.186,0.17688651,7.0329947
9187,9.187,0.17316417,7.100276
9188,9.188,0.15926018,7.050706
9189,9.189,0.15856476,7.0056987
9190,9.19,0.16870078,7.014763
9191,9.191,0.16113918,7.0899787
9192,9.192,0.16080742,7.0712047
9193,9.193,0.1533255,7.1780944
9194,9.194,0.15529567,7.2565603
9195,9.195,0.14597805,1.7947516
9196,9.196,0.17212903,7.1726136
9197,9.197,0.16594145,7.2334437
9198,9.198,0.17855036,1.8259628
9199,9.199,0.18165049,1.7940186
9200,9.2,0.1920923,1.7856375
9201,9.201,0.17919274,1.8235404
9202,9.202,0.19223788,1.8034596
9203,9.203,0.17486344,7.2635317
9204,9.204,0.17883243,1.8135779
9205,9.205,0.17715426,1.8106439
9206,9.206,0.1940549,1.8089584
9207,9.207,0.16703847,7.2130303
9208,9.208,0.15471399,7.1912565
9209,9.209,0.15879934,1.7474043
9210,9.21,0.16184068,7.2485332
9211,9.211,0.16534129,1.7546698
9212,9.212,0.15623817,1.806668
9213,9.213,0.13843785,1.8216541
9214,9.214,0.116075456,7.246711
9215,9.215,0.116011694,7.202361
9216,9.216,0.10910622,7.2776403
9217,9.217,0.09716496,1.784806
9218,9.218,0.10052601,7.230222
9219,9.219,0.089972325,7.207843
9220,9.22,0.09832395,7.22899
9221,9.221,0.1255831,7.2441273
9222,9.222,0.135012,7.227458
9223,9.223,0.14220104,7.121853
9224,9.224,0.15582477,7.174326
9225,9.225,0.15116611,7.133395
9226,9.226,0.16777043,7.1473694
9227,9.227,0.16549921,7.1265836
9228,9.228,0.1715613,7.095069
9229,9.229,0.15295109,7.099071
9230,9.23,0.14223029,6.986135
9231,9.231,0.13622747,7.0152836
9232,9.232,0.11604358,7.0479608
9233,9.233,0.105150424,7.1145253
9234,9.234,0.093915075,7.0812707
9235,9.235,0.09490197,7.090062
9236,9.236,0.08564106,7.0159464
9237,9.237,0.08243049,6.983167
9238,9.238,0.073253036,7.0225635
9239,9.239,0.082808256,6.9898205
9240,9.24,0.093545094,7.085459
9241,9.241,0.077795826,7.052661
9242,9.242,0.08564106,7.1436257
9243,9.243,0.08880587,7.091852
9244,9.244,0.093428865,7.1258864
9245,9.245,0.08151953,7.169237
9246,9.246,0.07991266,7.1961665
9247,9.247,0.07440542,7.1982765
9248,9.248,0.06693335,7.2173114
9249,9.249,0.061327484,7.1784043
9250,9.25,0.06268468,7.1771865
9251,9.251,0.07357111,7.161675
9252,9.252,0.071741454,7.129186
9253,9.253,0.07405035,7.1520805
9254,9.254,0.07869113,1.6024792
9255,9.255,0.062273946,1.5968558
9256,9.256,0.08093605,1.5677708
9257,9.257,0.080388606,1.5949404
9258,9.258,0.07236713,1.5870032
9259,9.259,0.06676042,6.9156747
9260,9.26,0.09445756,6.8958936
9261,9.261,0.100127354,6.8264894
9262,9.262,0.13376822,6.869865
9263,9.263,0.14082214,6.860959
9264,9.264,0.13236786,6.8461123
9265,9.265,0.14088616,6.845638
9266,9.266,0.13504626,6.876287
9267,9.267,0.14165044,6.8506184
9268,9.268,0.14592262,6.8288813
9269,9.269,0.15488423,6.8814006
9270,9.27,0.13217385,6.8720546
9271,9.271,0.14030734,6.7246037
9272,9.272,0.12835266,6.6156836
9273,9.273,0.125338,6.609461
9274,9.274,0.11549039,6.5479846
9275,9.275,0.13730091,6.6460996
9276,9.276,0.1161113,6.5773926
9277,9.277,0.13059719,6.637523
9278,9.278,0.11751257,6.6526465
9279,9.279,0.11925264,6.626062
9280,9.28,0.120837644,6.552635
9281,9.281,0.11333022,6.6692176
9282,9.282,0.113262884,6.629299
9283,9.283,0.113916226,6.5877986
9284,9.284,0.106953286,6.6098475
9285,9.285,0.13237485,6.643536
9286,9.286,0.12958242,6.6288896
9287,9.287,0.14394622,6.6683965
9288,9.288,0.13816872,6.702702
9289,9.289,0.13134389,6.572688
9290,9.29,0.12653495,6.584401
9291,9.291,0.13322963,6.560341
9292,9.292,0.123806894,6.638581
9293,9.293,0.10115193,6.556692
9294,9.294,0.09304203,6.550045
9295,9.295,0.09247876,6.6006875
9296,9.296,0.08085031,6.5662556
9297,9.297,0.08974849,6.6140213
9298,9.298,0.081494,6.53495
9299,9.299,0.0968814,6.607246
9300,9.3,0.12284896,6.632345
9301,9.301,0.121798106,6.6231275
9302,9.302,0.10225896,6.670647
9303,9.303,0.09482155,6.5611486
9304,9.304,0.10153291,6.477468
9305,9.305,0.11301562,6.4352803
9306,9.306,0.110187896,6.495109
9307,9.307,0.12586078,6.4719605
9308,9.308,0.12373591,6.569573
9309,9.309,0.11878255,6.607458
9310,9.31,0.12503698,6.58368
9311,9.311,0.104435615,6.545441
9312,9.312,0.09964593,6.549348
9313,9.313,0.12485195,6.5601554
9314,9.314,0.108658195,6.519764
9315,9.315,0.08464725,6.530756
9316,9.316,0.07786118,6.4595437
9317,9.317,0.10092768,6.4486685
9318,9.318,0.112336464,6.4622974
9319,9.319,0.0968456,6.509747
9320,9.32,0.105236135,6.5329013
9321,9.321,0.0868314,6.62775
9322,9.322,0.080661364,6.651701
9323,9.323,0.10185119,6.588479
9324,9.324,0.09726722,6.5091968
9325,9.325,0.10372479,6.5340686
9326,9.326,0.08570852,6.539373
9327,9.327,0.079177335,6.5234985
9328,9.328,0.08911772,6.6280646
9329,9.329,0.11791127,6.5780334
9330,9.33,0.11287029,6.5435877
9331,9.331,0.12530296,6.514748
9332,9.332,0.10693815,6.463206
9333,9.333,0.10365791,6.390902
9334,9.334,0.1004639,6.3767157
9335,9.335,0.09595102,6.4935546
9336,9.336,0.10453297,6.494672
9337,9.337,0.121533975,6.4362574
9338,9.338,0.12709099,6.405767
9339,9.339,0.10485538,6.3987617
9340,9.34,0.09577496,6.348981
9341,9.341,0.10134145,6.436386
9342,9.342,0.11405415,6.4584384
9343,9.343,0.13180426,6.435614
9344,9.344,0.118265636,6.4374304
9345,9.345,0.110215165,6.423754
9346,9.346,0.105427094,6.450732
9347,9.347,0.1151054,6.405828
9348,9.348,0.10924387,6.4281583
9349,9.349,0.10466559,6.4098086
9350,9.35,0.11292353,6.4339437
9351,9.351,0.123945005,6.396256
9352,9.352,0.1478429,6.464196
9353,9.353,0.12440674,6.542318
9354,9.354,0.15256667,6.5510936
9355,9.355,0.1386181,6.5631347
9356,9.356,0.1386748,6.58927
9357,9.357,0.1503887,6.590917
9358,9.358,0.11614913,6.521685
9359,9.359,0.11940763,6.409936
9360,9.36,0.10042938,6.5080137
9361,9.361,0.106217965,6.459249
9362,9.362,0.111611746,6.463183
9363,9.363,0.097613625,6.49233
9364,9.364,0.106530935,6.4170303
9365,9.365,0.09465072,6.4389553
9366,9.366,0.12639418,6.4176016
9367,9.367,0.11165317,6.343321
9368,9.368,0.12306143,6.375794
9369,9.369,0.11929722,6.354543
9370,9.37,0.11158689,6.3327074
9371,9.371,0.11409468,6.3213124
9372,9.372,0.112696044,6.240727
9373,9.373,0.10812068,6.2320385
9374,9.374,0.1282968,6.3054523
9375,9.375,0.13476862,6.4052286
9376,9.376,0.12179051,6.3584285
9377,9.377,0.13110428,6.412791
9378,9.378,0.111169666,6.416839
9379,9.379,0.10745147,6.3628616
9380,9.38,0.111013584,6.4045224
9381,9.381,0.09953682,6.413782
9382,9.382,0.097568616,6.467276
9383,9.383,0.09472397,6.4558163
9384,9.384,0.080175504,6.4206266
9385,9.385,0.08791101,6.377405
9386,9.386,0.07858529,6.4450827
9387,9.387,0.076143794,6.3229218
9388,9.388,0.045422167,6.292402
9389,9.389,0.06791403,6.307022
9390,9.39,0.069625214,6.4094033
9391,9.391,0.062273946,6.458368
9392,9.392,0.10139391,6.4578667
9393,9.393,0.09715068,6.436111
9394,9.394,0.1231422,6.473605
9395,9.395,0.12755221,6.474078
9396,9.396,0.12440302,6.479429
9397,9.397,0.12171266,6.5077033
9398,9.398,0.14215061,6.6198545
9399,9.399,0.1439976,6.649082
9400,9.4,0.14063157,6.7027264
9401,9.401,0.1330473,6.673683
9402,9.402,0.14599706,6.630957
9403,9.403,0.14702433,6.678387
9404,9.404,0.14048354,6.6756973
9405,9.405,0.14750944,1.4309026
9406,9.406,0.13197954,1.4197266
9407,9.407,0.13297255,1.4405127
9408,9.408,0.12446247,6.665122
9409,9.409,0.13526861,6.6671324
9410,9.41,0.15717646,6.628733
9411,9.411,0.13790911,6.6549253
9412,9.412,0.14540042,6.609307
9413,9.413,0.15488423,1.3985403
9414,9.414,0.15226026,6.642483
9415,9.415,0.12675583,6.5212965
9416,9.416,0.11006613,6.5226083
9417,9.417,0.112517424,6.598115
9418,9.418,0.10133461,1.4594079
9419,9.419,0.106174424,6.5182133
9420,9.42,0.12145025,6.489618
9421,9.421,0.13518314,6.4703298
9422,9.422,0.10950175,6.398412
9423,9.423,0.118696876,6.499352
9424,9.424,0.11187658,6.464013
9425,9.425,0.12488342,6.5198655
9426,9.426,0.11154544,6.5590177
9427,9.427,0.110715374,6.5602074
9428,9.428,0.12066916,6.601661
9429,9.429,0.144624,6.6297317
9430,9.43,0.16304757,6.694555
9431,9.431,0.16434972,6.5879145
9432,9.432,0.13723859,6.638025
9433,9.433,0.12132073,6.699426
9434,9.434,0.13168317,6.6982937
9435,9.435,0.11646915,6.6987987
9436,9.436,0.13595566,6.631534
9437,9.437,0.10927349,6.6384535
9438,9.438,0.093759865,6.6578093
9439,9.439,0.11291125,6.664078
9440,9.44,0.094384104,6.6728745
9441,9.441,0.10003957,6.6328387
9442,9.442,0.11488425,6.659901
9443,9.443,0.12491119,6.553588
9444,9.444,0.12360131,6.6157413
9445,9.445,0.12037951,6.5711985
9446,9.446,0.13304034,6.5857496
9447,9.447,0.112113975,6.5578675
9448,9.448,0.12941997,6.5251145
9449,9.449,0.13482866,6.5487537
9450,9.45,0.13581274,6.587145
9451,9.451,0.124714844,6.5833893
9452,9.452,0.11652274,6.6308236
9453,9.453,0.11740825,6.5460687
9454,9.454,0.10646581,6.532838
9455,9.455,0.10508224,6.5640264
9456,9.456,0.09142274,6.539014
9457,9.457,0.092188306,6.6252885
9458,9.458,0.091205,6.6897073
9459,9.459,0.0980178,6.652463
9460,9.46,0.06527558,6.7226305
9461,9.461,0.083746605,6.7287426
9462,9.462,0.10187388,6.7452116
9463,9.463,0.10501181,6.6708403
9464,9.464,0.09586665,6.70909
9465,9.465,0.102059804,6.641459
9466,9.466,0.099685356,6.597507
9467,9.467,0.12112238,6.6424465
9468,9.468,0.1474279,6.6588717
9469,9.469,0.15373659,6.704235
9470,9.47,0.15347771,6.6698337
9471,9.471,0.15650871,6.609249
9472,9.472,0.14881238,6.5915284
9473,9.473,0.13142307,6.645032
9474,9.474,0.1595691,6.7103834
9475,9.475,0.15097634,6.7501764
9476,9.476,0.16852115,6.775534
9477,9.477,0.15246965,6.826768
9478,9.478,0.16660053,6.764765
9479,9.479,0.14379354,6.7500615
9480,9.48,0.1489956,6.6440983
9481,9.481,0.12008723,6.680025
9482,9.482,0.1320321,6.7274337
9483,9.483,0.13634792,6.7133365
9484,9.484,0.12968229,6.637812
9485,9.485,0.12655687,6.679492
9486,9.486,0.14035842,6.6306105
9487,9.487,0.14694412,6.6647763
9488,9.488,0.14897077,6.689521
9489,9.489,0.1296609,6.71387
9490,9.49,0.1285992,6.734016
9491,9.491,0.12608835,6.6914415
9492,9.492,0.14327167,6.6463213
9493,9.493,0.13641402,6.746933
9494,9.494,0.13464335,6.7893386
9495,9.495,0.14489073,6.771375
9496,9.496,0.15386286,6.8078074
9497,9.497,0.15983546,6.760904
9498,9.498,0.14902508,6.7177362
9499,9.499,0.13102137,6.7916055
9500,9.5,0.13458495,6.6969223
9501,9.501,0.121946074,6.723211
9502,9.502,0.14914449,6.7888637
9503,9.503,0.1388514,6.740177
9504,9.504,0.13383216,6.7065954
9505,9.505,0.13715266,6.671364
9506,9.506,0.14261502,6.7000394
9507,9.507,0.15316558,6.719453
9508,9.508,0.1714184,6.77765
9509,9.509,0.16128403,6.6934724
9510,9.51,0.15586036,6.718014
9511,9.511,0.14670004,6.703706
9512,9.512,0.15158917,6.717076
9513,9.513,0.17428073,6.731249
9514,9.514,0.1754416,1.3470532
9515,9.515,0.1666255,1.38326
9516,9.516,0.17784329,1.4035212
9517,9.517,0.1829681,1.3700365
9518,9.518,0.17085776,1.3892597
9519,9.519,0.17256902,1.4101857
9520,9.52,0.16984941,1.3852324
9521,9.521,0.16622543,1.3922668
9522,9.522,0.16654085,1.4221585
9523,9.523,0.14802575,1.4840081
9524,9.524,0.13760704,1.449946
9525,9.525,0.14273654,1.455602
9526,9.526,0.16408364,1.4107515
9527,9.527,0.15671244,1.4508175
9528,9.528,0.15045172,1.4839146
9529,9.529,0.16318363,1.4608942
9530,9.53,0.15424855,1.4703089
9531,9.531,0.14699604,1.4170595
9532,9.532,0.15781794,1.4517571
9533,9.533,0.13564752,1.4666902
9534,9.534,0.14666064,1.4596814
9535,9.535,0.15495588,1.4281875
9536,9.536,0.16839902,1.4457841
9537,9.537,0.15539986,1.4365646
9538,9.538,0.16056281,1.4351733
9539,9.539,0.15647769,1.4230453
9540,9.54,0.16337053,1.3948455
9541,9.541,0.17974539,1.4640179
9542,9.542,0.18348163,1.4400924
9543,9.543,0.17549297,1.4244417
9544,9.544,0.19316527,1.3875787
9545,9.545,0.19484556,1.3907372
9546,9.546,0.19712934,1.4468318
9547,9.547,0.20696312,1.4937583
9548,9.548,0.18753822,1.4605585
9549,9.549,0.18276201,1.4796723
9550,9.55,0.19045207,1.5107684
9551,9.551,0.1815741,1.4956356
9552,9.552,0.17994979,1.4738901
9553,9.553,0.15068358,1.5268042
9554,9.554,0.15737197,1.4945507
9555,9.555,0.18880004,1.4759063
9556,9.556,0.1782562,1.448839
9557,9.557,0.17203365,1.3921329
9558,9.558,0.17673746,1.3867928
9559,9.559,0.17710465,1.426187
9560,9.56,0.17313881,1.4631343
9561,9.561,0.18421352,1.4701488
9562,9.562,0.16467996,1.438568
9563,9.563,0.1595546,1.4840267
9564,9.564,0.1787613,1.4570692
9565,9.565,0.18667576,1.4368958
9566,9.566,0.18228702,1.4589479
9567,9.567,0.18526475,1.4432408
9568,9.568,0.19334114,1.4197067
9569,9.569,0.16849783,1.4244218
9570,9.57,0.17730817,1.4714681
9571,9.571,0.15586036,1.5250578
9572,9.572,0.15856914,1.4808545
9573,9.573,0.18755424,1.4767458
9574,9.574,0.18505374,1.5006459
9575,9.575,0.16374089,1.4864469
9576,9.576,0.1687734,1.4648821
9577,9.577,0.1794828,1.425507
9578,9.578,0.19113186,1.467718
9579,9.579,0.19706951,1.4526459
9580,9.58,0.19668435,1.4824116
9581,9.581,0.20408224,1.477234
9582,9.582,0.2067899,1.4653196
9583,9.583,0.2186538,1.466968
9584,9.584,0.24155855,1.4566271
9585,9.585,0.21368273,1.4531147
9586,9.586,0.21318662,1.380027
9587,9.587,0.22211981,1.4068806
9588,9.588,0.22353089,1.4196079
9589,9.589,0.24182734,1.3755107
9590,9.59,0.251649,1.4017513
9591,9.591,0.22401957,1.3595158
9592,9.592,0.23635527,1.3756692
9593,9.593,0.23816478,1.3843087
9594,9.594,0.22456793,1.3581234
9595,9.595,0.23906296,1.3695785
9596,9.596,0.22476448,1.3458341
9597,9.597,0.21750568,1.3533728
9598,9.598,0.22762129,1.3350652
9599,9.599,0.2220032,1.4087236
9600,9.6,0.20861539,1.3863381
9601,9.601,0.2090958,1.4144045
9602,9.602,0.18834887,1.3938864
9603,9.603,0.17162327,1.4032631
9604,9.604,0.16924807,1.4139878
9605,9.605,0.15920065,1.4219272
9606,9.606,0.18570225,1.4581971
9607,9.607,0.17528075,1.4470555
9608,9.608,0.16945694,1.3990176
9609,9.609,0.1791179,1.4138248
9610,9.61,0.16862813,1.4006629
9611,9.611,0.17230356,1.3873783
9612,9.612,0.17771454,1.3683337
9613,9.613,0.17426614,1.3983513
9614,9.614,0.19685823,1.3867426
9615,9.615,0.17627114,1.3924165
9616,9.616,0.19456534,1.4208078
9617,9.617,0.21495672,1.4180814
9618,9.618,0.23454559,1.4089274
9619,9.619,0.22677772,1.3821378
9620,9.62,0.21954334,1.3892448
9621,9.621,0.22660536,1.3327624
9622,9.622,0.23518936,1.3740978
9623,9.623,0.23114188,1.4160323
9624,9.624,0.2227611,1.3823875
9625,9.625,0.20584975,1.3940597
9626,9.626,0.19661732,1.3597798
9627,9.627,0.16716991,1.3902197
9628,9.628,0.17835993,1.3600124
9629,9.629,0.16952105,1.3726465
9630,9.63,0.16413577,1.3785433
9631,9.631,0.16950469,1.4011221
9632,9.632,0.1657937,1.4235569
9633,9.633,0.14342327,1.4298369
9634,9.634,0.1368168,1.3744577
9635,9.635,0.1334429,1.4684082
9636,9.636,0.13290995,1.4133362
9637,9.637,0.13246913,1.4942164
9638,9.638,0.13716783,1.500804
9639,9.639,0.14861184,1.4791726
9640,9.64,0.14858851,1.4954748
9641,9.641,0.1469158,1.435278
9642,9.642,0.13028525,1.4592233
9643,9.643,0.13210036,1.5005139
9644,9.644,0.12369667,1.4707375
9645,9.645,0.10427167,1.4911057
9646,9.646,0.124181665,1.4534347
9647,9.647,0.14098622,1.4035008
9648,9.648,0.13101254,1.3431456
9649,9.649,0.1205484,1.437774
9650,9.65,0.12473338,1.3909906
9651,9.651,0.1018875,1.4323175
9652,9.652,0.089358665,6.6331725
9653,9.653,0.103515066,1.4307027
9654,9.654,0.10156023,1.4081562
9655,9.655,0.10552573,1.4187573
9656,9.656,0.11568641,1.46263
9657,9.657,0.11361343,1.453086
9658,9.658,0.09835451,1.4649186
9659,9.659,0.07376255,6.6648912
9660,9.66,0.0755341,6.6202245
9661,9.661,0.09085706,6.621966
9662,9.662,0.102229565,6.5788236
9663,9.663,0.11736492,6.496937
9664,9.664,0.12051962,6.5685296
9665,9.665,0.10953764,6.5509353
9666,9.666,0.11442046,6.602217
9667,9.667,0.10491931,6.5638638
9668,9.668,0.084477745,6.5282383
9669,9.669,0.10293498,6.4457397
9670,9.67,0.10293274,6.4700155
9671,9.671,0.09218329,6.530042
9672,9.672,0.08735964,6.482513
9673,9.673,0.083434075,6.4558086
9674,9.674,0.07969539,6.4633
9675,9.675,0.079098456,6.505959
9676,9.676,0.07597966,6.518717
9677,9.677,0.04060633,6.5741653
9678,9.678,0.049490068,6.532238
9679,9.679,0.06364729,6.5644927
9680,9.68,0.07530112,6.5341406
9681,9.681,0.079576366,6.5430613
9682,9.682,0.06469212,6.6382775
9683,9.683,0.06937573,6.7055826
9684,9.684,0.0696916,6.6774
9685,9.685,0.06973471,6.715073
9686,9.686,0.05978508,1.4975581
9687,9.687,0.062511094,1.5148016
9688,9.688,0.041806996,1.4933387
9689,9.689,0.0571516,1.4895557
9690,9.69,0.059699945,1.4590597
9691,9.691,0.07128237,1.471714
9692,9.692,0.09756388,1.4789284
9693,9.693,0.07769472,1.4840792
9694,9.694,0.074588515,1.4482567
9695,9.695,0.06608868,1.4667664
9696,9.696,0.07127589,1.4729244
9697,9.697,0.09195729,1.4940532
9698,9.698,0.08560866,1.5024998
9699,9.699,0.094609186,6.796719
9700,9.7,0.07774529,6.840342
9701,9.701,0.0950456,1.4783041
9702,9.702,0.091511205,6.9120626
9703,9.703,0.09490441,6.8755007
9704,9.704,0.09001599,6.831321
9705,9.705,0.108342834,6.8439374
9706,9.706,0.09542188,6.8206897
9707,9.707,0.08999287,6.7543883
9708,9.708,0.10279114,6.829939
9709,9.709,0.09455786,6.824849
9710,9.71,0.07803024,6.8110323
9711,9.711,0.09059714,6.8084116
9712,9.712,0.08452699,6.6812606
9713,9.713,0.09364637,6.708826
9714,9.714,0.10359767,6.684998
9715,9.715,0.10008809,6.703032
9716,9.716,0.10070983,6.70887
9717,9.717,0.10139847,6.7690077
9718,9.718,0.08984118,6.8012323
9719,9.719,0.09492146,6.747282
9720,9.72,0.08890474,6.792276
9721,9.721,0.099713184,6.671052
9722,9.722,0.12307458,6.676387
9723,9.723,0.10505363,6.7338424
9724,9.724,0.12118345,6.7893167
9725,9.725,0.13457292,6.7608857
9726,9.726,0.11591002,6.758062
9727,9.727,0.11904113,6.820387
9728,9.728,0.122027576,1.4286238
9729,9.729,0.11497276,6.753227
9730,9.73,0.12253239,1.4191867
9731,9.731,0.10302479,6.767482
9732,9.732,0.08502605,6.705608
9733,9.733,0.09204525,6.7048264
9734,9.734,0.11607346,6.722174
9735,9.735,0.13725713,6.699631
9736,9.736,0.13013077,6.643986
9737,9.737,0.12660801,6.6112366
9738,9.738,0.13694854,6.6493106
9739,9.739,0.12861538,6.6493006
9740,9.74,0.12047933,6.5882072
9741,9.741,0.11776216,6.5333743
9742,9.742,0.0859644,6.4981093
9743,9.743,0.08560326,6.571936
9744,9.744,0.08602623,6.6231008
9745,9.745,0.08298675,6.5949845
9746,9.746,0.086305276,6.652288
9747,9.747,0.073012784,6.6251044
9748,9.748,0.09471909,6.580261
9749,9.749,0.08561136,6.6242657
9750,9.75,0.0961027,6.664639
9751,9.751,0.101592086,6.657103
9752,9.752,0.08929396,6.618972
9753,9.753,0.09074248,6.6535525
9754,9.754,0.096812166,6.627196
9755,9.755,0.09823691,6.6379623
9756,9.756,0.11268169,6.60931
9757,9.757,0.110284366,6.624042
9758,9.758,0.111742176,6.7043204
9759,9.759,0.119572096,6.7278223
9760,9.76,0.10560019,6.6693034
9761,9.761,0.10511743,6.717517
9762,9.762,0.15617156,6.732663
9763,9.763,0.13977906,6.736536
9764,9.764,0.13698567,6.783961
9765,9.765,0.14639398,6.7278247
9766,9.766,0.12390582,6.7005315
9767,9.767,0.10351283,6.703435
9768,9.768,0.11126529,6.682275
9769,9.769,0.10496997,6.738914
9770,9.77,0.0989264,6.770164
9771,9.771,0.10921212,6.7830615
9772,9.772,0.11702956,6.730608
9773,9.773,0.13960859,6.7441235
9774,9.774,0.1429518,6.741367
9775,9.775,0.1346691,6.726686
9776,9.776,0.1369097,6.7224326
9777,9.777,0.11629831,6.7051945
9778,9.778,0.122322775,6.673461
9779,9.779,0.108223274,6.662813
9780,9.78,0.10822754,6.6755605
9781,9.781,0.096623324,6.716435
9782,9.782,0.09495312,6.719341
9783,9.783,0.09053842,6.5652766
9784,9.784,0.108698614,6.5855002
9785,9.785,0.100251965,6.5502887
9786,9.786,0.103383206,6.5166216
9787,9.787,0.109788515,6.5262904
9788,9.788,0.09358216,6.552021
9789,9.789,0.0925737,6.6050677
9790,9.79,0.09369079,6.623778
9791,9.791,0.07983741,6.564622
9792,9.792,0.08979227,6.5696225
9793,9.793,0.08043174,6.5687222
9794,9.794,0.08333426,6.525447
9795,9.795,0.08598591,6.527438
9796,9.796,0.09840386,6.5994277
9797,9.797,0.09528853,6.5958276
9798,9.798,0.09494582,6.6093106
9799,9.799,0.08654069,6.661071
9800,9.8,0.08732258,6.700044
9801,9.801,0.08921107,6.755136
9802,9.802,0.10943206,6.7459717
9803,9.803,0.08440656,6.702728
9804,9.804,0.07612861,6.703605
9805,9.805,0.08085889,6.7566786
9806,9.806,0.078608826,6.75414
9807,9.807,0.074984215,6.722967
9808,9.808,0.06984734,6.6601806
9809,9.809,0.08163006,6.670643
9810,9.81,0.08553842,6.708906
9811,9.811,0.09330257,6.6782184
9812,9.812,0.080787376,6.680676
9813,9.813,0.110531464,6.695515
9814,9.814,0.087805755,6.7477384
9815,9.815,0.08678612,6.741307
9816,9.816,0.11990805,6.6889715
9817,9.817,0.08811065,6.6606193
9818,9.818,0.077953175,6.70072
9819,9.819,0.08629456,6.700875
9820,9.82,0.11348515,6.6489587
9821,9.821,0.11425465,6.663037
9822,9.822,0.13316019,6.670019
9823,9.823,0.16449314,6.673762
9824,9.824,0.16259035,6.7220707
9825,9.825,0.16897191,6.6904817
9826,9.826,0.17435102,6.664991
9827,9.827,0.16958514,6.5728984
9828,9.828,0.13735478,6.5468755
9829,9.829,0.14069238,6.581795
9830,9.83,0.1238405,6.679977
9831,9.831,0.13592505,6.7255673
9832,9.832,0.12662992,6.734898
9833,9.833,0.15761419,6.7739215
9834,9.834,0.16954833,6.7649226
9835,9.835,0.15821591,6.7181373
9836,9.836,0.15816183,6.7507668
9837,9.837,0.13379242,6.7446084
9838,9.838,0.13786888,6.790611
9839,9.839,0.1251719,6.723625
9840,9.84,0.13807164,6.7559495
9841,9.841,0.1418266,6.815644
9842,9.842,0.12111093,6.912703
9843,9.843,0.102710135,6.925403
9844,9.844,0.11837897,6.90676
9845,9.845,0.12792867,6.806325
9846,9.846,0.12652217,6.83819
9847,9.847,0.13187616,6.8098173
9848,9.848,0.13052991,6.800172
9849,9.849,0.11396898,6.886191
9850,9.85,0.093949534,1.4383277
9851,9.851,0.10271914,6.950276
9852,9.852,0.08495533,6.8835163
9853,9.853,0.06879007,6.887184
9854,9.854,0.08481097,1.4385936
9855,9.855,0.07555552,1.485988
9856,9.856,0.06862182,1.485527
9857,9.857,0.07364964,6.721051
9858,9.858,0.07001925,6.680666
9859,9.859,0.0734516,6.798627
9860,9.86,0.08151953,6.8103504
9861,9.861,0.086058475,6.7690134
9862,9.862,0.09851657,6.655777
9863,9.863,0.08242488,6.7627916
9864,9.864,0.09417812,6.734819
9865,9.865,0.07765007,6.775863
9866,9.866,0.058955636,6.797494
9867,9.867,0.046934146,6.8804874
9868,9.868,0.04857058,6.8273516
9869,9.869,0.06025118,6.8074484
9870,9.87,0.058951713,6.814743
9871,9.871,0.054556288,6.8094764
9872,9.872,0.05819784,6.8320146
9873,9.873,0.053004403,6.7400484
9874,9.874,0.05484791,6.7229366
9875,9.875,0.080996014,6.744473
9876,9.876,0.08307863,6.7444935
9877,9.877,0.09221589,6.75555
9878,9.878,0.08734905,6.7605014
9879,9.879,0.07758454,6.8519087
9880,9.88,0.06841938,6.8617725
9881,9.881,0.08346178,6.836707
9882,9.882,0.07847636,6.8348413
9883,9.883,0.08313983,6.85493
9884,9.884,0.09170301,6.8750734
9885,9.885,0.07370611,6.837838
9886,9.886,0.056019858,6.774643
9887,9.887,0.08134635,6.7034283
9888,9.888,0.08047197,6.695887
9889,9.889,0.07816642,6.7049375
9890,9.89,0.07898146,6.685023
9891,9.891,0.082679726,6.7328887
9892,9.892,0.103441335,6.7194037
9893,9.893,0.09884457,6.735817
9894,9.894,0.08701757,6.740034
9895,9.895,0.093619205,6.757056
9896,9.896,0.08544106,6.682093
9897,9.897,0.09867836,6.6858277
9898,9.898,0.10539639,6.67555
9899,9.899,0.11956436,6.6071296
9900,9.9,0.09604013,6.601618
9901,9.901,0.098356865,6.690301
9902,9.902,0.100578904,6.7206426
9903,9.903,0.10271914,6.7388306
9904,9.904,0.09518172,6.695114
9905,9.905,0.094787404,6.593566
9906,9.906,0.08763971,6.608383
9907,9.907,0.09151879,6.6569443
9908,9.908,0.086876646,6.697805
9909,9.909,0.08103882,6.7218246
9910,9.91,0.10189431,6.674279
9911,9.911,0.09565661,6.721676
9912,9.912,0.101748995,6.7814417
9913,9.913,0.10794734,6.735103
9914,9.914,0.108596474,6.7233424
9915,9.915,0.10880491,6.754916
9916,9.916,0.109691605,6.66072
9917,9.917,0.10722099,6.631445
9918,9.918,0.09291273,6.513766
9919,9.919,0.10974639,6.554372
9920,9.92,0.11355847,6.510457
9921,9.921,0.09314634,6.5862265
9922,9.922,0.09670465,6.5604267
9923,9.923,0.07873812,6.5672417
9924,9.924,0.07665823,6.5726433
9925,9.925,0.116796225,6.5405836
9926,9.926,0.14568636,6.5198855
9927,9.927,0.16643253,6.4938946
9928,9.928,0.16111909,6.472756
9929,9.929,0.14879529,6.4085727
9930,9.93,0.15484095,6.5010056
9931,9.931,0.15592265,6.4788194
9932,9.932,0.16028468,6.569622
9933,9.933,0.16240682,6.5731363
9934,9.934,0.15829772,6.509889
9935,9.935,0.13981213,6.5504713
9936,9.936,0.13091016,6.5950418
9937,9.937,0.121860735,6.5201454
9938,9.938,0.10640499,6.422591
9939,9.939,0.10960094,6.3833957
9940,9.94,0.10714118,6.4486094
9941,9.941,0.096711814,6.4331193
9942,9.942,0.11134007,6.4215417
9943,9.943,0.1074407,6.4383025
9944,9.944,0.14163737,6.493735
9945,9.945,0.13812521,6.455443
9946,9.946,0.12873934,6.4757876
9947,9.947,0.13878144,6.4925957
9948,9.948,0.18466477,6.4595323
9949,9.949,0.17484494,6.4687276
9950,9.95,0.19852822,6.4149113
9951,9.951,0.18297946,6.4337635
9952,9.952,0.17550352,6.40154
9953,9.953,0.16359116,6.409009
9954,9.954,0.19292696,6.496641
9955,9.955,0.18905458,6.4394646
9956,9.956,0.18876575,6.401298
9957,9.957,0.21502124,6.3491716
9958,9.958,0.230548,6.3817163
9959,9.959,0.23708776,6.3707175
9960,9.96,0.2135247,6.4604406
9961,9.961,0.20520069,6.488779
9962,9.962,0.2026019,6.3891296
9963,9.963,0.21771179,6.451336
9964,9.964,0.21764381,6.5334873
9965,9.965,0.2192662,6.575665
9966,9.966,0.22032228,6.5531054
9967,9.967,0.2103525,6.5620446
9968,9.968,0.19856781,6.5715213
9969,9.969,0.17437224,6.515769
9970,9.97,0.16199774,6.483158
9971,9.971,0.14668113,6.474724
9972,9.972,0.13821556,6.441796
9973,9.973,0.15653826,6.4066496
9974,9.974,0.1547334,6.469645
9975,9.975,0.15638459,6.4958086
9976,9.976,0.1567508,6.522933
9977,9.977,0.1723921,6.5477643
9978,9.978,0.16340734,6.5328484
9979,9.979,0.13320707,6.59981
9980,9.98,0.118113056,6.626512
9981,9.981,0.1057096,6.610254
9982,9.982,0.108736895,6.618517
9983,9.983,0.1044489,6.570991
9984,9.984,0.1004708,6.574836
9985,9.985,0.099831365,6.527509
9986,9.986,0.09828397,6.53096
9987,9.987,0.09334469,6.5787964
9988,9.988,0.096510805,6.5357323
9989,9.989,0.1054556,6.5510864
9990,9.99,0.092170745,6.6168485
9991,9.991,0.100115806,6.5768275
9992,9.992,0.098415606,6.5475636
9993,9.993,0.09240623,1.4747441
9994,9.994,0.0883805,6.502433
9995,9.995,0.10267862,1.5029005
9996,9.996,0.119413435,1.3880943
9997,9.997,0.11153716,1.4449997
9998,9.998,0.117197365,1.5264338
9999,9.999,0.0940897,6.4161587
