frame,time_ns,protein_ca_rmsd_nm,ligand_rmsd_nm
0,0.0,0.0,0.0
1,0.001,0.04116613,4.578215
2,0.002,0.049228944,0.1915107
3,0.003,0.046047732,0.11888624
4,0.004,0.041046616,4.6787853
5,0.005,0.052018188,4.7026024
6,0.006,0.060188793,4.562322
7,0.007,0.060944594,4.4684625
8,0.008,0.07787528,4.586126
9,0.009,0.07903559,4.5535755
10,0.01,0.0984021,4.5154757
11,0.011,0.10689707,0.22804579
12,0.012,0.102135666,4.5415816
13,0.013,0.09332797,4.652691
14,0.014,0.08788076,4.501234
15,0.015,0.10069836,4.4901123
16,0.016,0.0919994,4.4545803
17,0.017,0.100099646,4.3926735
18,0.018,0.08559921,4.454578
19,0.019,0.088752486,4.389904
20,0.02,0.09356918,4.4456763
21,0.021,0.10346592,4.5298605
22,0.022,0.09237495,4.426344
23,0.023,0.099500805,4.4233675
24,0.024,0.10742403,4.4656005
25,0.025,0.12633152,4.474073
26,0.026,0.124301225,4.5714045
27,0.027,0.11067413,6.4764585
28,0.028,0.11080826,4.495064
29,0.029,0.106482096,4.505945
30,0.03,0.10915865,6.5312643
31,0.031,0.12009493,6.519764
32,0.032,0.090752035,4.4582624
33,0.033,0.0899781,4.57188
34,0.034,0.091844715,4.503221
35,0.035,0.09862329,4.4341397
36,0.036,0.10648481,4.4363356
37,0.037,0.118698336,4.406717
38,0.038,0.14147201,4.428643
39,0.039,0.13437864,4.390637
40,0.04,0.12636034,4.243532
41,0.041,0.12597737,4.162707
42,0.042,0.1312259,6.5248384
43,0.043,0.13409188,6.4733934
44,0.044,0.12573856,6.391186
45,0.045,0.12057764,6.32996
46,0.046,0.119374715,6.2631826
47,0.047,0.108938165,6.1948195
48,0.048,0.09923208,6.3196673
49,0.049,0.10276302,6.366653
50,0.05,0.10607912,6.3451114
51,0.051,0.09870355,4.023288
52,0.052,0.093944,4.0000806
53,0.053,0.07613013,4.0144825
54,0.054,0.06716781,4.049814
55,0.055,0.06979519,4.0600853
56,0.056,0.07105254,6.4467955
57,0.057,0.0702574,6.4145293
58,0.058,0.067810126,6.471913
59,0.059,0.070923895,3.989069
60,0.06,0.07323331,3.8767452
61,0.061,0.07898365,6.4090977
62,0.062,0.07892289,6.4231625
63,0.063,0.07847416,6.4391603
64,0.064,0.07391363,6.4046974
65,0.065,0.07931081,3.7931228
66,0.066,0.10003726,6.4263186
67,0.067,0.114911914,6.465914
68,0.068,0.11031162,6.420514
69,0.069,0.09805081,6.3855658
70,0.07,0.082293645,6.3771152
71,0.071,0.084016025,6.4019556
72,0.072,0.09118155,6.4262004
73,0.073,0.08611957,6.3716173
74,0.074,0.085844636,6.4036155
75,0.075,0.09207036,6.3769445
76,0.076,0.080298685,6.311251
77,0.077,0.09237996,6.1914873
78,0.078,0.07968379,6.3010683
79,0.079,0.09073356,6.176488
80,0.08,0.08484436,6.1484637
81,0.081,0.08879545,6.192169
82,0.082,0.08404904,6.304523
83,0.083,0.08246834,6.287123
84,0.084,0.089914486,6.296387
85,0.085,0.08555463,6.345624
86,0.086,0.07738986,6.337167
87,0.087,0.09009814,6.2951074
88,0.088,0.096033506,6.2920475
89,0.089,0.09731177,6.233625
90,0.09,0.09557077,6.4167776
91,0.091,0.07971279,6.388307
92,0.092,0.07473174,6.3901834
93,0.093,0.05539213,6.3544283
94,0.094,0.049065474,6.1981144
95,0.095,0.06380601,6.173179
96,0.096,0.06845232,6.2817054
97,0.097,0.065671064,6.2246823
98,0.098,0.05651395,6.2140694
99,0.099,0.06870179,6.277589
100,0.1,0.07044144,6.291477
101,0.101,0.090667285,6.3381
102,0.102,0.115405284,6.2277074
103,0.103,0.113262884,6.3138256
104,0.104,0.1100299,6.283043
105,0.105,0.097449474,6.3815384
106,0.106,0.09365192,3.6551352
107,0.107,0.08444832,3.7862625
108,0.108,0.07166649,6.3403053
109,0.109,0.079901814,6.293384
110,0.11,0.09633217,3.592794
111,0.111,0.10442842,6.2657633
112,0.112,0.12137075,6.294939
113,0.113,0.12530158,6.2806306
114,0.114,0.12225897,6.277763
115,0.115,0.11244189,6.311407
116,0.116,0.09475264,6.2790403
117,0.117,0.115893066,6.2349043
118,0.118,0.116852626,6.205487
119,0.119,0.10285859,6.3245835
120,0.12,0.11107761,6.396998
121,0.121,0.10759069,3.6870224
122,0.122,0.11409063,6.3500953
123,0.123,0.10295632,6.2819476
124,0.124,0.09389662,6.3898377
125,0.125,0.10329204,6.4318614
126,0.126,0.09414559,6.3855276
127,0.127,0.10191529,6.579529
128,0.128,0.104903325,6.656729
129,0.129,0.12118106,6.718692
130,0.13,0.12265356,6.786469
131,0.131,0.12804835,6.8398123
132,0.132,0.12820081,6.831933
133,0.133,0.14357834,6.780121
134,0.134,0.14693704,3.6785457
135,0.135,0.12522775,6.8432107
136,0.136,0.13777243,6.7902617
137,0.137,0.12722236,6.7273865
138,0.138,0.11347038,6.618652
139,0.139,0.120862514,6.6549845
140,0.14,0.1310937,6.628599
141,0.141,0.14066364,6.616169
142,0.142,0.1489176,6.6767178
143,0.143,0.13849212,6.6972346
144,0.144,0.15767431,6.6475425
145,0.145,0.14235418,6.505559
146,0.146,0.14886715,6.50868
147,0.147,0.14058676,6.454521
148,0.148,0.14686346,6.4349313
149,0.149,0.15269013,6.4889936
150,0.15,0.14510319,6.5262136
151,0.151,0.12045726,6.467206
152,0.152,0.11606001,6.5232444
153,0.153,0.12381623,6.6132684
154,0.154,0.12391189,6.6239886
155,0.155,0.1370734,6.6363387
156,0.156,0.13451965,6.5365415
157,0.157,0.1363017,6.5724483
158,0.158,0.13657536,6.5789604
159,0.159,0.12257719,6.536785
160,0.16,0.13033138,6.4743958
161,0.161,0.13653685,6.4795384
162,0.162,0.12903577,6.4191804
163,0.163,0.14192396,6.395253
164,0.164,0.12116914,6.2884135
165,0.165,0.12278496,6.281758
166,0.166,0.12915263,6.269923
167,0.167,0.12334901,6.281023
168,0.168,0.14244875,6.3140516
169,0.169,0.12564752,6.3075547
170,0.17,0.10415465,6.416112
171,0.171,0.119146936,6.302016
172,0.172,0.11866279,6.3679886
173,0.173,0.1536723,6.4390974
174,0.174,0.128878,6.319055
175,0.175,0.14599666,6.4079127
176,0.176,0.15076181,6.3509727
177,0.177,0.15420282,6.4357414
178,0.178,0.15357748,6.48851
179,0.179,0.14026202,6.558184
180,0.18,0.14517486,6.561656
181,0.181,0.14914332,6.5569224
182,0.182,0.14119925,6.5119023
183,0.183,0.14108458,6.5609794
184,0.184,0.15661947,6.5957966
185,0.185,0.14612527,6.727042
186,0.186,0.16197419,6.6593895
187,0.187,0.16483328,6.6207166
188,0.188,0.16724941,6.621998
189,0.189,0.17372535,6.566026
190,0.19,0.16562837,6.5911226
191,0.191,0.18431233,6.5632215
192,0.192,0.19987799,6.5406904
193,0.193,0.19065802,6.5319977
194,0.194,0.18880862,6.45391
195,0.195,0.1747626,6.559267
196,0.196,0.17381117,3.1740367
197,0.197,0.15640824,6.594881
198,0.198,0.14410111,3.2389987
199,0.199,0.13133773,3.1907527
200,0.2,0.14150143,3.1634135
201,0.201,0.16086778,3.1253686
202,0.202,0.16740796,3.1593854
203,0.203,0.18206652,3.1173694
204,0.204,0.19597867,3.0911746
205,0.205,0.19557333,2.932238
206,0.206,0.2064601,2.8663955
207,0.207,0.1907741,3.01293
208,0.208,0.19259052,3.080028
209,0.209,0.19363806,3.0953116
210,0.21,0.17000145,6.4309516
211,0.211,0.17180504,3.16686
212,0.212,0.19023678,3.2352521
213,0.213,0.17755185,3.421415
214,0.214,0.17589203,6.694993
215,0.215,0.16307841,6.6706185
216,0.216,0.17075422,6.711906
217,0.217,0.18471079,3.6973016
218,0.218,0.1637776,3.6294992
219,0.219,0.166143,3.627136
220,0.22,0.16660956,6.6857038
221,0.221,0.16110761,3.5847814
222,0.222,0.16380265,3.7596595
223,0.223,0.16273105,3.7706664
224,0.224,0.16829671,3.7960193
225,0.225,0.1662887,3.82543
226,0.226,0.18199126,3.9415665
227,0.227,0.16596618,4.0156803
228,0.228,0.1819738,4.1413875
229,0.229,0.19364224,4.1087594
230,0.23,0.19747032,4.1695623
231,0.231,0.18625389,4.207003
232,0.232,0.18419439,6.931317
233,0.233,0.20279409,4.247347
234,0.234,0.20025674,4.3260136
235,0.235,0.17893904,6.981523
236,0.236,0.20134936,4.3016453
237,0.237,0.1763023,4.4901695
238,0.238,0.1863178,4.4017615
239,0.239,0.18463786,4.5588803
240,0.24,0.18095967,4.640347
241,0.241,0.17692049,4.6854625
242,0.242,0.18433397,4.630718
243,0.243,0.17819685,4.5566325
244,0.244,0.17343733,4.642554
245,0.245,0.16039066,4.70932
246,0.246,0.17335832,4.82294
247,0.247,0.17790729,4.7420692
248,0.248,0.17155153,4.803736
249,0.249,0.18389793,4.7941294
250,0.25,0.17439511,4.7366614
251,0.251,0.1746756,4.606642
252,0.252,0.17518014,7.2119365
253,0.253,0.16508135,7.267783
254,0.254,0.13128051,7.2577114
255,0.255,0.12749465,5.6829076
256,0.256,0.14699839,5.6942
257,0.257,0.14343697,5.6317954
258,0.258,0.14060158,5.7281237
259,0.259,0.12720783,5.635471
260,0.26,0.13697132,5.5950675
261,0.261,0.13450891,5.663915
262,0.262,0.1407269,5.7632494
263,0.263,0.14057814,5.595836
264,0.264,0.12357419,5.592233
265,0.265,0.12245783,5.556411
266,0.266,0.12532279,5.49432
267,0.267,0.13484752,5.4858227
268,0.268,0.14880928,5.558782
269,0.269,0.14388235,5.6051855
270,0.27,0.14576845,5.503553
271,0.271,0.16194244,5.6085315
272,0.272,0.16102831,5.549503
273,0.273,0.17614356,5.5855885
274,0.274,0.1762341,5.6838408
275,0.275,0.17005414,5.6339045
276,0.276,0.18149865,5.571798
277,0.277,0.1550312,5.6117325
278,0.278,0.17829835,5.7014604
279,0.279,0.17520125,5.638924
280,0.28,0.16605984,5.7017365
281,0.281,0.15748249,5.7514696
282,0.282,0.17645042,5.8584604
283,0.283,0.16134457,5.9163575
284,0.284,0.1611521,5.869644
285,0.285,0.15791461,5.9282413
286,0.286,0.15586407,5.824948
287,0.287,0.14173813,5.8381453
288,0.288,0.14151736,5.750213
289,0.289,0.14434838,5.6391587
290,0.29,0.13992578,5.7350717
291,0.291,0.12501618,5.75007
292,0.292,0.12711601,5.813083
293,0.293,0.14434157,5.786617
294,0.294,0.15020911,5.8825707
295,0.295,0.1616824,5.7193074
296,0.296,0.15024297,5.7073917
297,0.297,0.13208637,5.805976
298,0.298,0.15839519,5.6501245
299,0.299,0.15846157,5.676508
300,0.3,0.17398964,5.651846
301,0.301,0.17156164,5.695284
302,0.302,0.15520707,5.6698833
303,0.303,0.15288495,5.5862904
304,0.304,0.14201353,5.675296
305,0.305,0.12685747,5.647418
306,0.306,0.12482926,5.6527524
307,0.307,0.11637334,5.630913
308,0.308,0.12108659,5.644728
309,0.309,0.121404074,5.601516
310,0.31,0.11813655,5.6534195
311,0.311,0.1174742,5.661001
312,0.312,0.12750146,5.583527
313,0.313,0.11433506,5.6527767
314,0.314,0.10429273,5.555981
315,0.315,0.11845657,5.5852165
316,0.316,0.11040641,5.5342836
317,0.317,0.11322409,5.607957
318,0.318,0.12824996,5.6136537
319,0.319,0.1285466,5.440055
320,0.32,0.10700732,5.449775
321,0.321,0.121805705,5.5812626
322,0.322,0.10828841,5.53663
323,0.323,0.10726896,5.4423833
324,0.324,0.109688975,5.38447
325,0.325,0.112547725,5.4560275
326,0.326,0.12034781,5.399039
327,0.327,0.11853217,5.425809
328,0.328,0.112533346,5.2803807
329,0.329,0.11579577,5.3988166
330,0.33,0.11140234,5.5225406
331,0.331,0.12922017,5.5918584
332,0.332,0.12677863,5.543825
333,0.333,0.12363872,5.5963926
334,0.334,0.12872767,5.5894423
335,0.335,0.13589019,5.570416
336,0.336,0.134253,5.4967456
337,0.337,0.12546061,5.491968
338,0.338,0.1320706,5.5564113
339,0.339,0.13220796,5.5605373
340,0.34,0.13074316,5.5182166
341,0.341,0.14032547,5.6215067
342,0.342,0.12982973,5.467661
343,0.343,0.13201983,5.3106613
344,0.344,0.12359991,5.1910615
345,0.345,0.12131597,5.2834435
346,0.346,0.12544909,5.2437487
347,0.347,0.11285697,5.3381677
348,0.348,0.098914124,5.254959
349,0.349,0.11011968,5.19635
350,0.35,0.10703756,5.2145634
351,0.351,0.09881357,5.41444
352,0.352,0.099901974,5.4475
353,0.353,0.1115413,5.3946323
354,0.354,0.120249316,5.395218
355,0.355,0.11795343,5.323723
356,0.356,0.11013805,5.3728805
357,0.357,0.11229272,5.3654385
358,0.358,0.1260723,5.3692603
359,0.359,0.122360095,5.281934
360,0.36,0.120821856,5.1883607
361,0.361,0.10577465,5.235378
362,0.362,0.12198541,5.360332
363,0.363,0.12687707,5.38526
364,0.364,0.13841072,5.424525
365,0.365,0.14874168,5.4179726
366,0.366,0.12652901,5.405361
367,0.367,0.120589145,5.318851
368,0.368,0.12119156,5.297485
369,0.369,0.11515862,5.3568726
370,0.37,0.115488894,5.427407
371,0.371,0.1341212,5.3612127
372,0.372,0.11236167,5.320498
373,0.373,0.12931944,5.2944536
374,0.374,0.13555247,5.380852
375,0.375,0.14293765,5.4198723
376,0.376,0.1396326,5.522499
377,0.377,0.14327852,5.4618897
378,0.378,0.13735731,5.513948
379,0.379,0.13958831,5.62228
380,0.38,0.12993787,5.6615767
381,0.381,0.12520282,5.6489997
382,0.382,0.10626965,5.6559296
383,0.383,0.10455232,5.573423
384,0.384,0.10626203,5.5127373
385,0.385,0.097274944,5.506556
386,0.386,0.12969789,5.5870404
387,0.387,0.119286075,5.5138326
388,0.388,0.102358386,5.46847
389,0.389,0.10622885,5.4464417
390,0.39,0.12272516,5.470754
391,0.391,0.13111795,5.5061073
392,0.392,0.12223013,5.4791617
393,0.393,0.124637425,5.444784
394,0.394,0.11324961,5.4215508
395,0.395,0.12582542,5.4264064
396,0.396,0.13055204,5.394802
397,0.397,0.119581275,5.5084915
398,0.398,0.1251294,5.5785117
399,0.399,0.14471789,5.5977535
400,0.4,0.14856593,5.563036
401,0.401,0.15767212,5.567054
402,0.402,0.14675441,5.5938673
403,0.403,0.14137352,5.5696993
404,0.404,0.15468335,5.4978223
405,0.405,0.1385568,5.589565
406,0.406,0.15422268,5.51047
407,0.407,0.14635648,5.5714507
408,0.408,0.123857304,5.5445223
409,0.409,0.12156251,5.491802
410,0.41,0.1366697,5.464004
411,0.411,0.11622424,5.4403896
412,0.412,0.13262044,5.3620524
413,0.413,0.11519424,5.2353077
414,0.414,0.15484281,5.1150823
415,0.415,0.15139611,5.0640526
416,0.416,0.15997353,5.1488543
417,0.417,0.16989534,5.107581
418,0.418,0.14984158,5.1794596
419,0.419,0.1601631,5.04832
420,0.42,0.16720517,4.9788394
421,0.421,0.17236125,4.9483075
422,0.422,0.15440285,4.893803
423,0.423,0.13611329,4.918926
424,0.424,0.148812,5.017665
425,0.425,0.15493648,4.980672
426,0.426,0.14051932,4.923101
427,0.427,0.1638919,4.981122
428,0.428,0.15790546,4.968722
429,0.429,0.14328094,4.937406
430,0.43,0.13529724,4.8899503
431,0.431,0.14188771,4.991986
432,0.432,0.12844224,4.976622
433,0.433,0.13154572,5.0875454
434,0.434,0.13245517,4.9705815
435,0.435,0.13591272,5.026192
436,0.436,0.1379971,5.1369753
437,0.437,0.15314369,5.113192
438,0.438,0.15864238,5.180729
439,0.439,0.15316747,5.0171046
440,0.44,0.14370951,4.9891076
441,0.441,0.14553988,5.0105133
442,0.442,0.12215208,4.979663
443,0.443,0.11578479,5.019215
444,0.444,0.12956235,4.90264
445,0.445,0.13560747,4.838621
446,0.446,0.13523145,4.9170547
447,0.447,0.12662764,4.9958744
448,0.448,0.11716185,5.144051
449,0.449,0.13139844,4.975734
450,0.45,0.13211042,5.0821548
451,0.451,0.11420203,5.1425495
452,0.452,0.10896469,5.061959
453,0.453,0.113667846,4.885784
454,0.454,0.10365567,4.8791494
455,0.455,0.11752142,4.890909
456,0.456,0.106304996,5.0764623
457,0.457,0.11119514,4.9478602
458,0.458,0.112645775,4.961401
459,0.459,0.10902726,4.965804
460,0.46,0.12038719,5.0472565
461,0.461,0.107753344,5.062885
462,0.462,0.114719115,5.099149
463,0.463,0.12335135,4.994734
464,0.464,0.12626013,5.0296044
465,0.465,0.1258929,4.8950906
466,0.466,0.12704687,4.8858256
467,0.467,0.14487556,4.8700457
468,0.468,0.12854479,4.8233466
469,0.469,0.14685401,4.8427644
470,0.47,0.16619448,4.75695
471,0.471,0.1724732,4.822866
472,0.472,0.15943465,4.840334
473,0.473,0.15154035,4.8097186
474,0.474,0.14951257,4.7428503
475,0.475,0.1545585,4.786391
476,0.476,0.14572205,4.783919
477,0.477,0.14643781,4.914315
478,0.478,0.15975806,4.9622874
479,0.479,0.1584634,4.9609375
480,0.48,0.13013744,4.9583607
481,0.481,0.13640639,4.9869714
482,0.482,0.13932928,4.9977117
483,0.483,0.16410759,5.0540075
484,0.484,0.16028143,5.04397
485,0.485,0.14803942,5.0744033
486,0.486,0.13477206,5.021395
487,0.487,0.14913557,4.872397
488,0.488,0.15177245,4.8872347
489,0.489,0.12506564,4.7931876
490,0.49,0.14341521,4.876814
491,0.491,0.15638866,5.0630655
492,0.492,0.16216783,5.0924025
493,0.493,0.15848456,5.1568294
494,0.494,0.15243287,5.004792
495,0.495,0.15675595,5.0802813
496,0.496,0.15638606,5.2062545
497,0.497,0.14931722,5.1515665
498,0.498,0.1299174,5.0988755
499,0.499,0.14527714,5.214589
500,0.5,0.14921345,5.226837
501,0.501,0.1641921,5.2563777
502,0.502,0.15271397,5.318904
503,0.503,0.1576963,5.398438
504,0.504,0.12959224,5.3960757
505,0.505,0.106086746,5.382579
506,0.506,0.10603334,5.373271
507,0.507,0.11378068,5.3775816
508,0.508,0.11410279,5.289575
509,0.509,0.09188121,5.25442
510,0.51,0.097742625,5.3322983
511,0.511,0.10159607,5.348186
512,0.512,0.09134431,5.251283
513,0.513,0.10255639,5.1453447
514,0.514,0.09992338,5.1543827
515,0.515,0.10819069,5.1485806
516,0.516,0.12462351,5.086357
517,0.517,0.12274541,5.266019
518,0.518,0.13525282,5.3545923
519,0.519,0.1239893,5.3171473
520,0.52,0.12191811,5.433286
521,0.521,0.12203847,5.2983036
522,0.522,0.13571185,5.40415
523,0.523,0.13500944,5.3362155
524,0.524,0.12335369,5.3993273
525,0.525,0.12010022,5.377322
526,0.526,0.12634845,5.3887234
527,0.527,0.122817904,5.4363546
528,0.528,0.118246086,5.430764
529,0.529,0.12962033,5.4667706
530,0.53,0.14085169,5.49557
531,0.531,0.13250011,5.5768337
532,0.532,0.15767725,5.5810876
533,0.533,0.1488252,5.6209316
534,0.534,0.14028303,5.513491
535,0.535,0.14181355,5.406783
536,0.536,0.14148264,5.4255943
537,0.537,0.1380574,5.468677
538,0.538,0.1463711,5.3722057
539,0.539,0.14407344,5.3447685
540,0.54,0.14371032,5.239489
541,0.541,0.15468596,5.3928494
542,0.542,0.16798045,5.3615537
543,0.543,0.15850863,5.3923745
544,0.544,0.14460722,5.48973
545,0.545,0.14577797,5.532129
546,0.546,0.14595588,5.5718155
547,0.547,0.13835183,5.595835
548,0.548,0.1350103,5.4892597
549,0.549,0.122517765,5.507723
550,0.55,0.114772,5.4399776
551,0.551,0.10929729,5.476113
552,0.552,0.12952799,5.56611
553,0.553,0.11867739,5.6272984
554,0.554,0.11643888,5.6394076
555,0.555,0.12582035,5.788226
556,0.556,0.1354501,5.740948
557,0.557,0.14910728,5.7292695
558,0.558,0.14962387,5.734827
559,0.559,0.14911193,5.6930285
560,0.56,0.1558496,5.77283
561,0.561,0.16760705,5.8221436
562,0.562,0.17645042,5.911459
563,0.563,0.1679715,5.9828057
564,0.564,0.17050762,5.9478226
565,0.565,0.16947296,5.9963255
566,0.566,0.18531372,5.908799
567,0.567,0.2066638,5.927897
568,0.568,0.20137146,5.9122205
569,0.569,0.20084696,5.9227366
570,0.57,0.19102448,5.9240556
571,0.571,0.18687505,5.895282
572,0.572,0.18340854,5.8161454
573,0.573,0.16958241,5.9189596
574,0.574,0.15560243,5.9100842
575,0.575,0.16152646,5.991361
576,0.576,0.15405582,5.888667
577,0.577,0.156938,5.913175
578,0.578,0.14993799,5.990131
579,0.579,0.15178616,5.929008
580,0.58,0.11977687,6.039846
581,0.581,0.12305251,4.626608
582,0.582,0.1421014,4.607739
583,0.583,0.13579956,4.626064
584,0.584,0.12483759,4.5756383
585,0.585,0.12560932,4.598588
586,0.586,0.12891252,5.7547264
587,0.587,0.122751065,5.771129
588,0.588,0.13819298,5.7215137
589,0.589,0.13657156,5.8492
590,0.59,0.13675341,5.9621167
591,0.591,0.1544994,6.020384
592,0.592,0.1426685,4.6272707
593,0.593,0.1488054,4.613555
594,0.594,0.14596498,4.5985208
595,0.595,0.15131706,4.5995555
596,0.596,0.14699604,4.5970573
597,0.597,0.14260569,4.635509
598,0.598,0.1406509,4.6333036
599,0.599,0.13217472,4.634846
600,0.6,0.13928945,4.610221
601,0.601,0.13547613,4.5678062
602,0.602,0.13696796,4.6359687
603,0.603,0.14697872,4.5972204
604,0.604,0.127191,4.5844774
605,0.605,0.12849084,4.5942025
606,0.606,0.11855607,4.550517
607,0.607,0.11751945,4.5914917
608,0.608,0.1318218,4.5646486
609,0.609,0.1229825,4.5559034
610,0.61,0.11472616,4.578666
611,0.611,0.13485909,4.6024103
612,0.612,0.12902008,4.560346
613,0.613,0.117105596,4.577889
614,0.614,0.12039919,5.9381704
615,0.615,0.10640064,5.8814406
616,0.616,0.11660207,6.0227637
617,0.617,0.1434003,5.9730487
618,0.618,0.14518282,5.9781823
619,0.619,0.12905817,5.9620113
620,0.62,0.115810744,5.9604697
621,0.621,0.10899757,6.0113363
622,0.622,0.11345816,5.960032
623,0.623,0.11971267,4.528512
624,0.624,0.11437499,4.5198426
625,0.625,0.12808084,5.921458
626,0.626,0.12265591,5.9808083
627,0.627,0.1383986,5.897221
628,0.628,0.118677884,5.8956213
629,0.629,0.1027962,5.8629704
630,0.63,0.12886769,5.9032755
631,0.631,0.13017163,5.8313265
632,0.632,0.10673474,5.7949896
633,0.633,0.109540805,5.8506923
634,0.634,0.117467806,5.816644
635,0.635,0.11787843,5.8119597
636,0.636,0.121956505,5.886058
637,0.637,0.12046542,5.862497
638,0.638,0.11362767,5.8640246
639,0.639,0.12744659,5.7944613
640,0.64,0.105233386,5.8117194
641,0.641,0.105458885,5.870236
642,0.642,0.10024504,5.9292064
643,0.643,0.09356486,5.944631
644,0.644,0.08182454,6.014155
645,0.645,0.102443054,5.9861903
646,0.646,0.101454884,6.044661
647,0.647,0.08345208,6.073306
648,0.648,0.08854515,6.116939
649,0.649,0.099957496,6.127366
650,0.65,0.09977866,6.2201495
651,0.651,0.09311717,6.254395
652,0.652,0.11402019,6.219695
653,0.653,0.0938258,6.2239327
654,0.654,0.104377486,6.245679
655,0.655,0.099319994,6.240996
656,0.656,0.10065185,6.140168
657,0.657,0.08395133,6.222576
658,0.658,0.09229545,6.1698093
659,0.659,0.09998062,6.127384
660,0.66,0.11989214,6.169008
661,0.661,0.120497085,6.181152
662,0.662,0.12542099,6.2753153
663,0.663,0.13687128,6.3276052
664,0.664,0.12809573,6.295102
665,0.665,0.13198611,6.177755
666,0.666,0.1425611,6.088749
667,0.667,0.1339677,6.168893
668,0.668,0.14644057,6.2285194
669,0.669,0.13488309,6.1365438
670,0.67,0.14957982,6.124006
671,0.671,0.1519673,6.2411566
672,0.672,0.13273197,6.2631044
673,0.673,0.137573,6.241309
674,0.674,0.13796945,6.27047
675,0.675,0.15138695,6.2126865
676,0.676,0.17189518,6.2162724
677,0.677,0.16211508,6.2224054
678,0.678,0.16295643,6.2617135
679,0.679,0.15622891,6.316659
680,0.68,0.1463308,6.3940344
681,0.681,0.12931453,6.340148
682,0.682,0.1283441,6.451118
683,0.683,0.11873388,6.4368453
684,0.684,0.10422731,6.4944825
685,0.685,0.10497548,6.4577622
686,0.686,0.13551708,6.372789
687,0.687,0.1290053,6.4499702
688,0.688,0.12774466,6.5063105
689,0.689,0.120010674,6.550874
690,0.69,0.13003924,6.521153
691,0.691,0.11748896,6.430423
692,0.692,0.12430402,6.3527822
693,0.693,0.11457745,6.4805346
694,0.694,0.10544135,6.4694133
695,0.695,0.119019285,6.55488
696,0.696,0.12935251,6.5240397
697,0.697,0.10015563,6.408361
698,0.698,0.113018185,6.455492
699,0.699,0.12230151,6.391358
700,0.7,0.11529304,6.5000076
701,0.701,0.1190688,6.5688252
702,0.702,0.122694075,6.547435
703,0.703,0.1193752,6.479776
704,0.704,0.12741348,6.470807
705,0.705,0.13627796,6.424742
706,0.706,0.12943827,6.588525
707,0.707,0.14788198,6.670002
708,0.708,0.15251552,6.630762
709,0.709,0.13716614,6.5865197
710,0.71,0.1411534,6.6560774
711,0.711,0.15632729,6.7009554
712,0.712,0.15777142,6.661406
713,0.713,0.14603545,6.7935605
714,0.714,0.14851886,6.836788
715,0.715,0.12416165,6.744265
716,0.716,0.12801449,6.8587694
717,0.717,0.13038015,6.9381957
718,0.718,0.13761333,6.918273
719,0.719,0.13871439,6.866133
720,0.72,0.13629195,6.8745127
721,0.721,0.16135281,6.8777914
722,0.722,0.165328,6.8535585
723,0.723,0.15461233,6.7331023
724,0.724,0.15209618,6.76588
725,0.725,0.15028413,6.8557377
726,0.726,0.17242596,6.88051
727,0.727,0.15219305,6.9083285
728,0.728,0.15917452,6.9362383
729,0.729,0.1608588,6.918717
730,0.73,0.15189731,6.862236
731,0.731,0.15009017,6.80034
732,0.732,0.15364332,6.9583845
733,0.733,0.13933757,6.879823
734,0.734,0.1303846,6.9368267
735,0.735,0.115233876,6.888995
736,0.736,0.111314625,6.807303
737,0.737,0.11507878,6.808883
738,0.738,0.12706326,6.776533
739,0.739,0.1317174,6.809723
740,0.74,0.14005955,6.9346304
741,0.741,0.13860768,6.867827
742,0.742,0.11565043,6.915924
743,0.743,0.12506656,6.921878
744,0.744,0.11175614,6.9530425
745,0.745,0.11472415,6.8782945
746,0.746,0.11759468,6.907195
747,0.747,0.111946814,6.8644195
748,0.748,0.114088096,6.8783407
749,0.749,0.10111763,6.858704
750,0.75,0.11136602,6.909417
751,0.751,0.10115878,6.8950577
752,0.752,0.0898386,6.883586
753,0.753,0.092293575,6.9977565
754,0.754,0.08671416,6.9904275
755,0.755,0.10382004,7.0124645
756,0.756,0.10556461,7.08074
757,0.757,0.09353521,7.0695133
758,0.758,0.11011023,7.0543156
759,0.759,0.104833335,7.069704
760,0.76,0.10127356,6.9743333
761,0.761,0.10124673,6.9038196
762,0.762,0.10189431,6.9015803
763,0.763,0.104753904,6.9489017
764,0.764,0.08926612,6.9808655
765,0.765,0.09097657,7.071192
766,0.766,0.095809355,7.071288
767,0.767,0.102243125,7.1142197
768,0.768,0.09114922,7.0358996
769,0.769,0.10833057,6.965766
770,0.77,0.09340102,7.0983152
771,0.771,0.09168284,7.028694
772,0.772,0.101258144,7.0687227
773,0.773,0.09112575,7.034841
774,0.774,0.0925531,6.926473
775,0.775,0.09464156,6.940714
776,0.776,0.084960766,6.9396358
777,0.777,0.104972176,6.8597727
778,0.778,0.103249505,6.8289375
779,0.779,0.10692518,6.8243876
780,0.78,0.094514444,6.6852098
781,0.781,0.08492675,6.5152793
782,0.782,0.0869272,6.6180453
783,0.783,0.08856473,6.661607
784,0.784,0.072621465,6.63395
785,0.785,0.08743172,6.7440434
786,0.786,0.08575841,6.793567
787,0.787,0.08242908,6.7927556
788,0.788,0.08377904,6.8271017
789,0.789,0.07302307,6.7462926
790,0.79,0.071558334,6.8884654
791,0.791,0.076887846,6.855931
792,0.792,0.079398215,6.9046793
793,0.793,0.09467758,6.9803243
794,0.794,0.09192083,6.985148
795,0.795,0.10201789,7.0204787
796,0.796,0.08933667,7.089895
797,0.797,0.08844718,7.0876594
798,0.798,0.08034905,7.1432786
799,0.799,0.09786377,6.9956956
800,0.8,0.10548793,7.012862
801,0.801,0.110260785,7.0810723
802,0.802,0.11274066,7.0858073
803,0.803,0.09330257,7.0856905
804,0.804,0.11092816,7.13405
805,0.805,0.10880597,7.080143
806,0.806,0.1205249,7.1662927
807,0.807,0.1108896,7.1373796
808,0.808,0.12337712,7.091009
809,0.809,0.122067355,7.120617
810,0.81,0.1336714,7.0730543
811,0.811,0.12846428,7.109703
812,0.812,0.13572505,7.0912037
813,0.813,0.124195166,7.126593
814,0.814,0.122270316,7.2321677
815,0.815,0.12630682,7.251372
816,0.816,0.1170977,7.261787
817,0.817,0.118651584,7.335876
818,0.818,0.106285416,7.2643437
819,0.819,0.101822816,7.2344913
820,0.82,0.1011822,7.223408
821,0.821,0.099388056,7.2147837
822,0.822,0.11453507,7.1104956
823,0.823,0.09951591,7.19162
824,0.824,0.11376341,7.1708503
825,0.825,0.1177278,7.050324
826,0.826,0.10538542,7.061428
827,0.827,0.09243875,7.1012487
828,0.828,0.10846653,7.007748
829,0.829,0.1213355,6.904934
830,0.83,0.11160709,6.9631505
831,0.831,0.110604644,6.923272
832,0.832,0.09740023,6.7999043
833,0.833,0.09544793,6.807169
834,0.834,0.13516988,6.8699102
835,0.835,0.11636092,6.924733
836,0.836,0.11659811,6.882276
837,0.837,0.12306707,6.9246726
838,0.838,0.13327734,6.855505
839,0.839,0.105720535,6.9085827
840,0.84,0.11084893,6.893118
841,0.841,0.094079874,6.854547
842,0.842,0.109365486,6.8906364
843,0.843,0.091669604,6.805058
844,0.844,0.08902818,6.6892657
845,0.845,0.100494966,6.7372093
846,0.846,0.08648323,6.7256083
847,0.847,0.09649942,6.7504177
848,0.848,0.11935292,6.663658
849,0.849,0.11633956,6.736468
850,0.85,0.12039679,6.7015634
851,0.851,0.12139265,6.733993
852,0.852,0.121579625,6.731204
853,0.853,0.13615915,6.880598
854,0.854,0.113291964,6.7904553
855,0.855,0.12704915,6.7646413
856,0.856,0.118841894,6.855189
857,0.857,0.119676456,6.763752
858,0.858,0.13078295,6.729266
859,0.859,0.13796024,6.748936
860,0.86,0.1270587,6.787151
861,0.861,0.10966579,6.700822
862,0.862,0.110767044,6.784072
863,0.863,0.1083231,6.847031
864,0.864,0.11964361,6.803037
865,0.865,0.10996684,6.848586
866,0.866,0.10857838,4.5667605
867,0.867,0.13011079,6.8993893
868,0.868,0.11573985,6.87304
869,0.869,0.107117444,4.600385
870,0.87,0.11182025,6.873937
871,0.871,0.11056649,4.5838814
872,0.872,0.10273489,4.5681343
873,0.873,0.10314141,4.565797
874,0.874,0.10098208,4.601664
875,0.875,0.10138251,4.6245766
876,0.876,0.092193946,4.616909
877,0.877,0.09159643,6.91198
878,0.878,0.082595795,6.9379835
879,0.879,0.07974252,4.6670594
880,0.88,0.07956184,4.60519
881,0.881,0.087355666,4.608789
882,0.882,0.08769312,4.6210923
883,0.883,0.07479513,4.6454773
884,0.884,0.06947314,6.7612143
885,0.885,0.078396045,6.7247114
886,0.886,0.07148075,4.62178
887,0.887,0.080785945,6.9152975
888,0.888,0.08593884,6.901645
889,0.889,0.08776691,6.9863715
890,0.89,0.067123055,7.0119267
891,0.891,0.08529143,6.990126
892,0.892,0.086007416,7.042191
893,0.893,0.0863662,7.101991
894,0.894,0.076353766,6.9681673
895,0.895,0.09372534,7.047222
896,0.896,0.10541667,7.016999
897,0.897,0.090952426,7.018119
898,0.898,0.0920986,7.0593853
899,0.899,0.10938768,6.9239354
900,0.9,0.12501387,6.861891
901,0.901,0.12380269,6.827072
902,0.902,0.13255113,6.767031
903,0.903,0.14349902,6.772116
904,0.904,0.1438277,6.7747035
905,0.905,0.15517616,6.732781
906,0.906,0.14883453,6.722941
907,0.907,0.14003313,6.775805
908,0.908,0.12340335,6.765906
909,0.909,0.12960918,6.698509
910,0.91,0.13046479,6.692585
911,0.911,0.118664734,6.638265
912,0.912,0.11568491,6.724364
913,0.913,0.105259754,6.698223
914,0.914,0.115725376,6.6803885
915,0.915,0.10176773,6.664008
916,0.916,0.09117077,6.6787205
917,0.917,0.09107626,6.700341
918,0.918,0.07585785,6.680645
919,0.919,0.08261679,6.6774626
920,0.92,0.09576712,3.8979237
921,0.921,0.090681314,3.9043918
922,0.922,0.09339792,3.866056
923,0.923,0.08838181,3.8818874
924,0.924,0.0825902,3.7948895
925,0.925,0.095782205,6.643983
926,0.926,0.07042995,3.7285106
927,0.927,0.09005258,3.727299
928,0.928,0.06544536,6.5462203
929,0.929,0.06997218,6.594902
930,0.93,0.0864565,6.478539
931,0.931,0.07752567,6.4553947
932,0.932,0.087270275,6.470412
933,0.933,0.08906063,6.551274
934,0.934,0.0866815,6.556997
935,0.935,0.086247,3.4113865
936,0.936,0.10007712,6.4499454
937,0.937,0.109607264,6.423606
938,0.938,0.12770256,3.438978
939,0.939,0.14241993,3.5252123
940,0.94,0.13476005,3.4254875
941,0.941,0.14128926,3.4960873
942,0.942,0.14061677,3.540824
943,0.943,0.15058535,3.647836
944,0.944,0.15966034,3.6227937
945,0.945,0.15445562,3.7506077
946,0.946,0.16513875,3.771124
947,0.947,0.15792741,3.7653267
948,0.948,0.1694293,6.616259
949,0.949,0.154386,6.584426
950,0.95,0.1365017,6.515003
951,0.951,0.14477138,6.5445676
952,0.952,0.1595825,6.539178
953,0.953,0.15324895,6.58179
954,0.954,0.14330596,3.6803277
955,0.955,0.1497918,3.6245694
956,0.956,0.13365108,6.691319
957,0.957,0.14478816,3.757839
958,0.958,0.13868938,3.8106103
959,0.959,0.16643184,3.7346716
960,0.96,0.16799456,6.8520565
961,0.961,0.15558274,6.7426786
962,0.962,0.16539825,6.7910767
963,0.963,0.13182706,6.7448573
964,0.964,0.12836933,6.766168
965,0.965,0.10593627,3.7257223
966,0.966,0.09309916,3.63447
967,0.967,0.09539341,6.751267
968,0.968,0.102707885,3.8551874
969,0.969,0.10721614,3.7975068
970,0.97,0.10721291,3.696778
971,0.971,0.1152424,3.6849422
972,0.972,0.114764445,3.6157918
973,0.973,0.11979424,3.6435406
974,0.974,0.12122541,3.500601
975,0.975,0.10654016,3.5951393
976,0.976,0.10111192,3.714449
977,0.977,0.107995525,3.6946795
978,0.978,0.09321519,3.828533
979,0.979,0.094680026,3.6872773
980,0.98,0.08696708,3.7381687
981,0.981,0.106196746,3.7463415
982,0.982,0.11522083,3.8529599
983,0.983,0.12187876,3.7190557
984,0.984,0.10354912,3.6965125
985,0.985,0.12206404,3.7088149
986,0.986,0.11663082,6.9465733
987,0.987,0.12425844,3.7267663
988,0.988,0.11581424,3.7700562
989,0.989,0.11891385,3.7612278
990,0.99,0.114984825,3.772499
991,0.991,0.112003595,3.846082
992,0.992,0.114553735,3.9419146
993,0.993,0.10209208,3.844091
994,0.994,0.10815436,3.699126
995,0.995,0.11973778,3.685219
996,0.996,0.107850924,3.7589927
997,0.997,0.11342555,3.7551641
998,0.998,0.13322529,3.84999
999,0.999,0.12005931,3.9831545
1000,1.0,0.091711834,3.9096313
1001,1.001,0.07638177,3.8187423
1002,1.002,0.0753134,3.7924888
1003,1.003,0.084860705,3.7511332
1004,1.004,0.08613568,3.6712687
1005,1.005,0.08100315,3.6664093
1006,1.006,0.102098875,3.6369567
1007,1.007,0.09119486,3.6274385
1008,1.008,0.10155282,3.6169057
1009,1.009,0.1119241,6.7399883
1010,1.01,0.099542044,6.7584953
1011,1.011,0.10687003,3.825802
1012,1.012,0.10637456,3.9679275
1013,1.013,0.107887894,4.02154
1014,1.014,0.09698753,4.064268
1015,1.015,0.0814053,4.095707
1016,1.016,0.08940651,4.1704364
1017,1.017,0.09275584,4.1182213
1018,1.018,0.09007248,4.019426
1019,1.019,0.10251017,3.852729
1020,1.02,0.093464114,3.9513354
1021,1.021,0.08057963,6.9805803
1022,1.022,0.10115592,3.874956
1023,1.023,0.09085197,3.8984108
1024,1.024,0.08567412,3.9277036
1025,1.025,0.095535085,3.91898
1026,1.026,0.08977424,3.8477433
1027,1.027,0.08568492,3.9769762
1028,1.028,0.0703388,4.1346984
1029,1.029,0.081159264,4.0341206
1030,1.03,0.07834663,4.020682
1031,1.031,0.08177296,4.07662
1032,1.032,0.076117225,4.097518
1033,1.033,0.067613795,4.064327
1034,1.034,0.08407517,3.965871
1035,1.035,0.09943224,4.015133
1036,1.036,0.10034762,3.9451373
1037,1.037,0.088317044,3.9063427
1038,1.038,0.08337171,3.8584735
1039,1.039,0.08155497,3.886142
1040,1.04,0.081948064,3.9978077
1041,1.041,0.07980048,3.8975403
1042,1.042,0.08237998,3.9476209
1043,1.043,0.07552797,4.0338984
1044,1.044,0.091116875,4.0707397
1045,1.045,0.085568815,4.079863
1046,1.046,0.082551,4.1229386
1047,1.047,0.085149,4.164759
1048,1.048,0.08217204,4.2384753
1049,1.049,0.08607527,4.2875385
1050,1.05,0.07668687,4.412695
1051,1.051,0.08083458,4.3942
1052,1.052,0.0887629,4.380562
1053,1.053,0.08466296,4.3351417
1054,1.054,0.0703963,4.2848225
1055,1.055,0.05568249,4.230254
1056,1.056,0.06426903,4.389402
1057,1.057,0.083828695,4.6491227
1058,1.058,0.075268105,4.54085
1059,1.059,0.08642173,4.551833
1060,1.06,0.08612695,4.4406085
1061,1.061,0.07489166,4.3484554
1062,1.062,0.08833668,4.363854
1063,1.063,0.09098991,4.3032336
1064,1.064,0.08717419,4.327828
1065,1.065,0.08276008,4.182238
1066,1.066,0.09927459,4.174333
1067,1.067,0.080395795,4.1165705
1068,1.068,0.08757308,4.1080155
1069,1.069,0.08082028,4.0925016
1070,1.07,0.08983667,3.9937313
1071,1.071,0.087701686,3.9430127
1072,1.072,0.07951024,3.9764159
1073,1.073,0.08132289,3.9589312
1074,1.074,0.08681542,7.050453
1075,1.075,0.09430507,6.96635
1076,1.076,0.09217262,7.0512657
1077,1.077,0.07618174,6.9949837
1078,1.078,0.077368945,6.931787
1079,1.079,0.08551544,6.845843
1080,1.08,0.073253825,6.779054
1081,1.081,0.06944817,6.80474
1082,1.082,0.087102555,6.871482
1083,1.083,0.08783866,6.799112
1084,1.084,0.09362353,6.8365135
1085,1.085,0.07382286,6.860595
1086,1.086,0.08554787,6.984271
1087,1.087,0.082769856,6.9625926
1088,1.088,0.078519806,6.9570966
1089,1.089,0.07961703,6.953064
1090,1.09,0.069746315,7.0201216
1091,1.091,0.103521205,6.983536
1092,1.092,0.092588685,7.0364013
1093,1.093,0.08570178,7.0762777
1094,1.094,0.11000257,7.0753307
1095,1.095,0.10140816,3.944357
1096,1.096,0.111824386,3.959496
1097,1.097,0.09323875,3.933422
1098,1.098,0.09048223,3.9482446
1099,1.099,0.09855528,3.9302924
1100,1.1,0.09362353,4.062841
1101,1.101,0.094082326,3.9309316
1102,1.102,0.11837408,3.844415
1103,1.103,0.10827613,3.8558502
1104,1.104,0.12500185,3.8651052
1105,1.105,0.1137695,3.7325752
1106,1.106,0.11872317,3.6878543
1107,1.107,0.12187449,3.480787
1108,1.108,0.11745649,3.4611905
1109,1.109,0.1119685,3.5388374
1110,1.11,0.11506472,6.79942
1111,1.111,0.14310576,6.774598
1112,1.112,0.13000147,6.7763853
1113,1.113,0.11367242,3.2870035
1114,1.114,0.114134185,6.770177
1115,1.115,0.11651529,3.448373
1116,1.116,0.10954555,6.76947
1117,1.117,0.10893073,3.3244693
1118,1.118,0.10327693,6.6655703
1119,1.119,0.11421974,6.601054
1120,1.12,0.09231173,6.648756
1121,1.121,0.10554654,6.607161
1122,1.122,0.09509606,6.4910836
1123,1.123,0.10630989,6.3428607
1124,1.124,0.13227482,6.25806
1125,1.125,0.13911049,6.364873
1126,1.126,0.14957133,6.339641
1127,1.127,0.14827192,6.242833
1128,1.128,0.15176597,6.3205924
1129,1.129,0.14707583,6.232161
1130,1.13,0.14911735,6.293321
1131,1.131,0.15498646,6.1845975
1132,1.132,0.16096728,6.1728206
1133,1.133,0.17467164,6.0386834
1134,1.134,0.17018698,6.1531353
1135,1.135,0.16951321,6.0945992
1136,1.136,0.16335534,6.1170554
1137,1.137,0.15679835,6.196475
1138,1.138,0.173389,2.7842033
1139,1.139,0.1666921,2.8824718
1140,1.14,0.15799437,2.7443404
1141,1.141,0.17011735,2.722546
1142,1.142,0.1657529,2.6639872
1143,1.143,0.1567047,6.0365834
1144,1.144,0.1613109,2.827536
1145,1.145,0.15281877,6.0668826
1146,1.146,0.15058266,6.0617905
1147,1.147,0.14973933,6.07609
1148,1.148,0.15745679,6.042517
1149,1.149,0.16282018,6.0681267
1150,1.15,0.16746113,6.04811
1151,1.151,0.15831962,6.107988
1152,1.152,0.1467032,6.1701436
1153,1.153,0.1503714,6.1053257
1154,1.154,0.12521853,6.0721674
1155,1.155,0.14292714,6.1576734
1156,1.156,0.14816117,6.0604167
1157,1.157,0.1475443,6.162895
1158,1.158,0.16081892,6.1299953
1159,1.159,0.17085607,6.14134
1160,1.16,0.17793588,6.1194134
1161,1.161,0.18619585,5.9771886
1162,1.162,0.18675531,5.913946
1163,1.163,0.19071561,5.9937577
1164,1.164,0.18230732,6.047698
1165,1.165,0.16712391,6.001624
1166,1.166,0.18108037,6.037251
1167,1.167,0.18292859,5.984439
1168,1.168,0.19744252,5.9981575
1169,1.169,0.20049644,5.9173784
1170,1.17,0.17954978,5.921873
1171,1.171,0.19724043,5.8820086
1172,1.172,0.18962298,5.8698955
1173,1.173,0.18195505,5.694506
1174,1.174,0.17566547,5.769451
1175,1.175,0.18550575,5.8186116
1176,1.176,0.199206,5.758058
1177,1.177,0.18073818,5.743676
1178,1.178,0.19015352,5.6749043
1179,1.179,0.20694357,5.6942205
1180,1.18,0.1927927,5.724839
1181,1.181,0.19112733,5.676228
1182,1.182,0.18189088,5.7172203
1183,1.183,0.17344266,5.7607813
1184,1.184,0.17469116,5.7112646
1185,1.185,0.1700249,5.7575903
1186,1.186,0.15809713,5.739906
1187,1.187,0.14290853,5.790181
1188,1.188,0.15123186,5.7426534
1189,1.189,0.14994723,5.8813148
1190,1.19,0.14561175,6.023846
1191,1.191,0.13810638,6.0548844
1192,1.192,0.14537537,5.9446816
1193,1.193,0.14595073,6.0324225
1194,1.194,0.13296299,6.0924788
1195,1.195,0.1533236,6.147367
1196,1.196,0.15088558,6.124074
1197,1.197,0.14015855,6.0892715
1198,1.198,0.16082503,6.0801477
1199,1.199,0.12305157,6.140915
1200,1.2,0.10433595,6.108938
1201,1.201,0.1184834,6.099265
1202,1.202,0.08738411,6.2121735
1203,1.203,0.09631237,6.1312604
1204,1.204,0.10603661,6.1141796
1205,1.205,0.09994015,6.071923
1206,1.206,0.09416277,6.1800313
1207,1.207,0.11103701,6.1807456
1208,1.208,0.115980305,6.275162
1209,1.209,0.11777247,6.242579
1210,1.21,0.119509235,6.3500347
1211,1.211,0.12065479,6.384342
1212,1.212,0.109426774,6.4681787
1213,1.213,0.087951764,6.49151
1214,1.214,0.0856775,6.3434844
1215,1.215,0.07219921,6.3789883
1216,1.216,0.0920063,6.369058
1217,1.217,0.085173436,6.3467646
1218,1.218,0.081991784,6.238481
1219,1.219,0.08966924,6.16152
1220,1.22,0.08383077,6.3045025
1221,1.221,0.07573508,6.1984596
1222,1.222,0.07879389,6.133065
1223,1.223,0.08294843,6.0602455
1224,1.224,0.060099423,6.077427
1225,1.225,0.089769736,6.1530666
1226,1.226,0.07623028,6.1910048
1227,1.227,0.091921456,6.182558
1228,1.228,0.066327,6.0766563
1229,1.229,0.0714298,6.113347
1230,1.23,0.055086605,6.0847836
1231,1.231,0.06784336,6.0718355
1232,1.232,0.07107612,6.0091987
1233,1.233,0.07505278,5.8656507
1234,1.234,0.06280627,6.0167255
1235,1.235,0.06537998,6.055418
1236,1.236,0.05967864,5.976254
1237,1.237,0.06947979,5.9377294
1238,1.238,0.08097175,5.933577
1239,1.239,0.083515085,6.010705
1240,1.24,0.06585563,6.031428
1241,1.241,0.08068286,6.0952945
1242,1.242,0.07469228,6.0696273
1243,1.243,0.072879665,6.194605
1244,1.244,0.07937928,6.15946
1245,1.245,0.07217519,6.3233814
1246,1.246,0.07209507,6.254809
1247,1.247,0.067162655,6.248714
1248,1.248,0.057558727,6.244417
1249,1.249,0.078711696,6.2032075
1250,1.25,0.07580907,6.248904
1251,1.251,0.080212265,6.2094383
1252,1.252,0.08074731,6.229946
1253,1.253,0.102981016,6.164671
1254,1.254,0.11298391,6.1272154
1255,1.255,0.11488978,6.205924
1256,1.256,0.11210315,6.1637206
1257,1.257,0.08645048,6.1091385
1258,1.258,0.07719468,6.1373553
1259,1.259,0.08912486,6.1263447
1260,1.26,0.08944723,6.1825237
1261,1.261,0.09599438,6.112094
1262,1.262,0.0782994,6.160643
1263,1.263,0.07737044,6.2082357
1264,1.264,0.09126771,6.2524104
1265,1.265,0.100607626,6.247719
1266,1.266,0.094673924,6.1504
1267,1.267,0.08839358,6.0504804
1268,1.268,0.090252616,6.013877
1269,1.269,0.09335397,5.893875
1270,1.27,0.10250961,5.9120455
1271,1.271,0.09469834,5.7443204
1272,1.272,0.08609876,5.7289553
1273,1.273,0.092972435,5.6323657
1274,1.274,0.0744458,5.5988293
1275,1.275,0.06789956,5.526787
1276,1.276,0.07822924,5.5714993
1277,1.277,0.082537696,5.5916986
1278,1.278,0.093028985,5.698798
1279,1.279,0.10561059,2.8379443
1280,1.28,0.11313421,2.730222
1281,1.281,0.11432394,2.6902828
1282,1.282,0.08882604,2.7310934
1283,1.283,0.09620549,2.6369684
1284,1.284,0.10351898,2.524225
1285,1.285,0.099486284,2.464585
1286,1.286,0.109018244,2.4712539
1287,1.287,0.10094372,2.4841018
1288,1.288,0.09911493,2.5679708
1289,1.289,0.1036317,2.6851046
1290,1.29,0.084881134,2.753443
1291,1.291,0.09197866,2.8119986
1292,1.292,0.10113649,2.7104034
1293,1.293,0.11528853,2.5058014
1294,1.294,0.09118599,2.6993084
1295,1.295,0.09274088,2.6802077
1296,1.296,0.09796825,2.5717523
1297,1.297,0.10044549,2.7413127
1298,1.298,0.10199806,2.6045606
1299,1.299,0.10593463,5.6481895
1300,1.3,0.090919375,2.4030962
1301,1.301,0.09604134,5.5046434
1302,1.302,0.13351348,2.3947077
1303,1.303,0.11473977,2.418167
1304,1.304,0.13480379,2.3899786
1305,1.305,0.12757623,2.423544
1306,1.306,0.14902547,2.477282
1307,1.307,0.15574871,2.6338253
1308,1.308,0.1388822,2.5702498
1309,1.309,0.1161108,2.6278563
1310,1.31,0.10252708,2.5908477
1311,1.311,0.1029928,2.6554182
1312,1.312,0.10950175,2.5447695
1313,1.313,0.09292082,2.4488358
1314,1.314,0.09503952,2.469071
1315,1.315,0.097407945,2.4797745
1316,1.316,0.09096768,5.524492
1317,1.317,0.08990613,2.3304932
1318,1.318,0.08226765,2.1608622
1319,1.319,0.09524606,2.2492127
1320,1.32,0.09124871,2.1480303
1321,1.321,0.09289469,2.121678
1322,1.322,0.09113082,5.2284703
1323,1.323,0.0826035,5.3055177
1324,1.324,0.08193889,5.4063354
1325,1.325,0.08306193,5.4244494
1326,1.326,0.07834073,5.4377885
1327,1.327,0.08672283,2.3249831
1328,1.328,0.082967244,5.362287
1329,1.329,0.08018488,5.352665
1330,1.33,0.07194258,5.3089013
1331,1.331,0.05387721,5.321889
1332,1.332,0.06273538,5.3750935
1333,1.333,0.062962525,5.428712
1334,1.334,0.07006216,2.2191355
1335,1.335,0.071987554,2.3531046
1336,1.336,0.06625725,2.2851083
1337,1.337,0.066907436,2.2903783
1338,1.338,0.068278156,5.375306
1339,1.339,0.069376566,5.544389
1340,1.34,0.06461255,2.2586274
1341,1.341,0.056077603,5.4705477
1342,1.342,0.06363094,2.3359616
1343,1.343,0.07398319,5.5422215
1344,1.344,0.06723146,2.130225
1345,1.345,0.07477194,2.1206944
1346,1.346,0.0713383,2.1222856
1347,1.347,0.06880604,1.9097595
1348,1.348,0.06983575,1.8912537
1349,1.349,0.05809745,1.9926784
1350,1.35,0.063208066,2.2507544
1351,1.351,0.07565796,2.2091167
1352,1.352,0.074115105,2.232449
1353,1.353,0.09394216,2.1728241
1354,1.354,0.098841645,2.2234
1355,1.355,0.10103644,2.2639954
1356,1.356,0.08579143,2.4288678
1357,1.357,0.09180317,2.3876338
1358,1.358,0.092735894,2.3224356
1359,1.359,0.07119637,2.2708628
1360,1.36,0.0708244,2.2591317
1361,1.361,0.05544949,2.0361047
1362,1.362,0.06748802,2.0881996
1363,1.363,0.065080486,2.173665
1364,1.364,0.061332196,2.1365983
1365,1.365,0.0635555,2.1590142
1366,1.366,0.06209828,2.1890388
1367,1.367,0.058116347,2.1920147
1368,1.368,0.064505115,2.1600022
1369,1.369,0.08072797,2.0470376
1370,1.37,0.07718645,1.9791883
1371,1.371,0.090244934,1.94064
1372,1.372,0.08055237,2.0138702
1373,1.373,0.08157198,1.9416097
1374,1.374,0.08759948,1.8200257
1375,1.375,0.09214126,1.7895558
1376,1.376,0.09412409,1.8217268
1377,1.377,0.09010392,1.8268337
1378,1.378,0.09299232,1.7110162
1379,1.379,0.06805941,1.7699524
1380,1.38,0.084993415,1.6972725
1381,1.381,0.087329865,1.5881559
1382,1.382,0.07529958,1.7776842
1383,1.383,0.077633694,1.7793243
1384,1.384,0.0784071,1.6841422
1385,1.385,0.080755174,1.7315437
1386,1.386,0.080658495,1.8402704
1387,1.387,0.0777609,1.8308553
1388,1.388,0.093103506,1.9152826
1389,1.389,0.07291218,1.9242824
1390,1.39,0.07552797,1.8363136
1391,1.391,0.0741611,1.7239541
1392,1.392,0.08348809,1.6755645
1393,1.393,0.080499254,1.6943007
1394,1.394,0.07604885,1.6663935
1395,1.395,0.0941904,1.63378
1396,1.396,0.07466519,1.5741669
1397,1.397,0.07940404,1.521881
1398,1.398,0.0781679,1.7413397
1399,1.399,0.08929072,1.702805
1400,1.4,0.091158725,1.7551754
1401,1.401,0.08677613,1.7274171
1402,1.402,0.07853747,1.7935236
1403,1.403,0.073255405,1.7330562
1404,1.404,0.0817666,1.7829775
1405,1.405,0.0959215,1.8188657
1406,1.406,0.07999002,1.898308
1407,1.407,0.074104965,1.9025847
1408,1.408,0.06858223,1.9299457
1409,1.409,0.075729735,1.7941253
1410,1.41,0.070321545,1.5898328
1411,1.411,0.06955794,1.4971192
1412,1.412,0.04325832,1.6905075
1413,1.413,0.052922554,1.74429
1414,1.414,0.06761807,1.8377116
1415,1.415,0.057854194,1.9281429
1416,1.416,0.05700883,1.8804845
1417,1.417,0.05444812,1.9539475
1418,1.418,0.06436159,1.9628123
1419,1.419,0.092537485,2.038652
1420,1.42,0.09461041,2.086485
1421,1.421,0.07540237,2.2430162
1422,1.422,0.06493468,2.3119931
1423,1.423,0.08041233,2.229646
1424,1.424,0.09686349,2.3291843
1425,1.425,0.07880196,2.3942842
1426,1.426,0.09153142,2.4054122
1427,1.427,0.08311341,2.5381875
1428,1.428,0.06731308,2.607942
1429,1.429,0.07597585,2.5553725
1430,1.43,0.08111296,2.6330633
1431,1.431,0.072115906,2.5498583
1432,1.432,0.0811735,2.456491
1433,1.433,0.09299543,2.6715763
1434,1.434,0.1093047,2.469381
1435,1.435,0.10986009,2.4595978
1436,1.436,0.1176163,2.4690711
1437,1.437,0.1068511,2.4494145
1438,1.438,0.10115935,2.533751
1439,1.439,0.10979536,2.477852
1440,1.44,0.1297616,2.4740663
1441,1.441,0.11149621,2.3732002
1442,1.442,0.108499564,2.419201
1443,1.443,0.11061092,2.393742
1444,1.444,0.115546934,2.4532855
1445,1.445,0.098159805,2.4644766
1446,1.446,0.10558432,2.5082526
1447,1.447,0.101467416,2.464975
1448,1.448,0.10661066,2.560255
1449,1.449,0.11496421,2.52154
1450,1.45,0.11828665,2.6382213
1451,1.451,0.11572837,2.743273
1452,1.452,0.10716222,2.7171159
1453,1.453,0.14098458,2.7813907
1454,1.454,0.15141787,2.7646449
1455,1.455,0.16072293,2.736714
1456,1.456,0.15997967,2.7129495
1457,1.457,0.14355136,2.6480224
1458,1.458,0.12791738,2.708329
1459,1.459,0.12881699,2.6408446
1460,1.46,0.13639368,2.5199025
1461,1.461,0.13956264,2.5133681
1462,1.462,0.16144162,2.5863938
1463,1.463,0.17324893,2.5976186
1464,1.464,0.1544833,2.6707296
1465,1.465,0.14945999,2.601059
1466,1.466,0.1464832,2.8290527
1467,1.467,0.13731438,2.7173848
1468,1.468,0.13215724,2.8418577
1469,1.469,0.13425343,2.981834
1470,1.47,0.14864334,2.9595666
1471,1.471,0.1331311,2.896095
1472,1.472,0.14203143,2.9420583
1473,1.473,0.13912171,3.016404
1474,1.474,0.13480636,2.9767034
1475,1.475,0.13500558,3.0986166
1476,1.476,0.13874522,3.1721764
1477,1.477,0.13502485,3.2305317
1478,1.478,0.12891611,3.188213
1479,1.479,0.14444084,3.1669528
1480,1.48,0.13239275,3.2540014
1481,1.481,0.1314578,3.1485262
1482,1.482,0.12429844,3.0922263
1483,1.483,0.11921676,2.8965657
1484,1.484,0.123406164,2.9921978
1485,1.485,0.13027284,2.8664334
1486,1.486,0.13627116,2.7762709
1487,1.487,0.118099354,2.8098476
1488,1.488,0.11565743,2.8272026
1489,1.489,0.10485373,2.7435381
1490,1.49,0.09619407,2.7499363
1491,1.491,0.103938,2.7139745
1492,1.492,0.107500404,2.7321842
1493,1.493,0.09625834,2.6279924
1494,1.494,0.10096834,2.6893167
1495,1.495,0.113913186,2.6859543
1496,1.496,0.103531815,2.5737133
1497,1.497,0.10645875,2.673334
1498,1.498,0.12031083,2.6791375
1499,1.499,0.12892598,2.675673
1500,1.5,0.13119198,2.7555044
1501,1.501,0.11942844,2.7741985
1502,1.502,0.10540571,2.8185573
1503,1.503,0.12050092,2.7753737
1504,1.504,0.113908105,2.8935997
1505,1.505,0.12122589,2.788905
1506,1.506,0.1080303,2.6756077
1507,1.507,0.11882779,2.7047563
1508,1.508,0.118109636,2.5672376
1509,1.509,0.118202575,2.5254467
1510,1.51,0.1132588,2.6785066
1511,1.511,0.11903628,2.686047
1512,1.512,0.12300553,2.8307338
1513,1.513,0.13476992,2.8033202
1514,1.514,0.1311131,2.7839847
1515,1.515,0.13235782,2.939909
1516,1.516,0.13315238,2.857429
1517,1.517,0.13347104,2.83977
1518,1.518,0.15452895,2.863445
1519,1.519,0.15283918,2.9481957
1520,1.52,0.15780842,3.0744033
1521,1.521,0.15976313,3.1696825
1522,1.522,0.15133655,3.1131256
1523,1.523,0.16503793,3.24381
1524,1.524,0.1748337,3.2508063
1525,1.525,0.17997612,3.2381291
1526,1.526,0.17276953,3.2214572
1527,1.527,0.16716161,3.316016
1528,1.528,0.15454915,3.329525
1529,1.529,0.1600169,3.4272149
1530,1.53,0.14731497,3.3705328
1531,1.531,0.15351236,3.31566
1532,1.532,0.16805992,3.2369437
1533,1.533,0.16081892,3.3474913
1534,1.534,0.15326782,3.3421557
1535,1.535,0.14748593,3.3818889
1536,1.536,0.13901572,3.3874907
1537,1.537,0.15670064,3.345064
1538,1.538,0.16999091,3.2276585
1539,1.539,0.15869047,3.0437536
1540,1.54,0.15916944,3.0662053
1541,1.541,0.17605066,3.1162226
1542,1.542,0.1705771,3.075045
1543,1.543,0.1865562,3.1831458
1544,1.544,0.17269793,3.3748903
1545,1.545,0.18879393,3.4090269
1546,1.546,0.20000923,3.2978182
1547,1.547,0.20377529,3.3173614
1548,1.548,0.19154751,3.42185
1549,1.549,0.19451185,3.3637578
1550,1.55,0.20012882,3.3373501
1551,1.551,0.19110163,3.2265728
1552,1.552,0.18859054,3.3167975
1553,1.553,0.20078133,3.4374607
1554,1.554,0.19785221,3.3894656
1555,1.555,0.20502824,3.3744884
1556,1.556,0.2001242,3.3444273
1557,1.557,0.20831206,3.2392592
1558,1.558,0.19310154,3.274501
1559,1.559,0.1850528,3.350032
1560,1.56,0.18247241,3.418349
1561,1.561,0.19588634,3.3832922
1562,1.562,0.1946951,3.3211815
1563,1.563,0.19629723,3.3466525
1564,1.564,0.19503827,3.4322512
1565,1.565,0.20552294,3.4817734
1566,1.566,0.2001219,3.3949797
1567,1.567,0.19558929,3.4358337
1568,1.568,0.19358493,3.423414
1569,1.569,0.18804912,3.554048
1570,1.57,0.17625575,3.5545957
1571,1.571,0.1844371,3.4901335
1572,1.572,0.18791753,3.4210317
1573,1.573,0.19268024,3.3592541
1574,1.574,0.18757983,3.4659476
1575,1.575,0.19992597,3.4423866
1576,1.576,0.19895543,3.4883447
1577,1.577,0.19182552,3.2494392
1578,1.578,0.17193551,3.1171062
1579,1.579,0.19707187,3.0268958
1580,1.58,0.192879,3.0570214
1581,1.581,0.20161872,3.0857687
1582,1.582,0.19593473,3.2015848
1583,1.583,0.19005258,3.235527
1584,1.584,0.17289026,3.3551776
1585,1.585,0.18885759,3.414159
1586,1.586,0.20107158,3.437746
1587,1.587,0.20193438,3.3319676
1588,1.588,0.20237155,3.2740984
1589,1.589,0.20718195,3.1705596
1590,1.59,0.19465086,3.153791
1591,1.591,0.19834675,3.1816974
1592,1.592,0.17879267,3.1639977
1593,1.593,0.17975697,3.1774657
1594,1.594,0.17963248,3.1986568
1595,1.595,0.18591034,3.1284037
1596,1.596,0.20134132,3.1212175
1597,1.597,0.18962085,3.1222332
1598,1.598,0.18679151,3.1439376
1599,1.599,0.18317708,3.055051
1600,1.6,0.17535526,3.0156732
1601,1.601,0.17049915,3.1149116
1602,1.602,0.1738238,3.076488
1603,1.603,0.16816752,2.8931763
1604,1.604,0.17471531,2.8969872
1605,1.605,0.17513362,2.9277346
1606,1.606,0.16141263,2.9940515
1607,1.607,0.15997896,3.002364
1608,1.608,0.15267044,2.9666502
1609,1.609,0.15734075,2.8379323
1610,1.61,0.15729374,2.787715
1611,1.611,0.15317766,2.8033977
1612,1.612,0.16022877,2.90043
1613,1.613,0.16184996,2.8594058
1614,1.614,0.16977759,2.8576474
1615,1.615,0.17503458,2.909987
1616,1.616,0.17442329,2.941171
1617,1.617,0.16504037,2.897578
1618,1.618,0.17500453,3.0671535
1619,1.619,0.1491623,3.0727255
1620,1.62,0.14735536,3.0735707
1621,1.621,0.15395899,3.1172278
1622,1.622,0.1610972,3.141676
1623,1.623,0.15187447,3.0271273
1624,1.624,0.13864937,3.0996938
1625,1.625,0.12466339,3.2121124
1626,1.626,0.13766707,3.2401657
1627,1.627,0.13084744,3.2407398
1628,1.628,0.13929276,3.3194764
1629,1.629,0.11865986,3.3266456
1630,1.63,0.11863307,3.3877528
1631,1.631,0.11820551,3.4269464
1632,1.632,0.11285492,3.5053046
1633,1.633,0.111424655,3.4958127
1634,1.634,0.11901831,3.5387585
1635,1.635,0.12740532,3.6796753
1636,1.636,0.13102005,3.5909507
1637,1.637,0.12734725,3.6558073
1638,1.638,0.13025951,3.5808
1639,1.639,0.12994988,3.622922
1640,1.64,0.13139844,3.6818175
1641,1.641,0.13044974,3.6560159
1642,1.642,0.1324578,3.700223
1643,1.643,0.13283122,3.685073
1644,1.644,0.1482957,3.6051471
1645,1.645,0.14521785,3.5789742
1646,1.646,0.14683,3.6103857
1647,1.647,0.13469441,3.6827092
1648,1.648,0.1405913,3.6154957
1649,1.649,0.1560279,3.4762013
1650,1.65,0.15984993,3.513699
1651,1.651,0.15316407,3.5267444
1652,1.652,0.15782784,3.5014026
1653,1.653,0.16997696,3.5416973
1654,1.654,0.15215355,3.4884567
1655,1.655,0.14464238,3.375912
1656,1.656,0.15589449,3.3516526
1657,1.657,0.15794681,3.3003912
1658,1.658,0.15816586,3.1251023
1659,1.659,0.14860795,3.1949959
1660,1.66,0.14620396,3.2005947
1661,1.661,0.15084268,3.272784
1662,1.662,0.14617826,3.2978892
1663,1.663,0.14827777,3.262499
1664,1.664,0.14875062,3.1736763
1665,1.665,0.13427237,3.0516007
1666,1.666,0.14641412,3.0159965
1667,1.667,0.14490029,2.9662611
1668,1.668,0.15327647,2.9875584
1669,1.669,0.14330071,3.189552
1670,1.67,0.13890925,3.0724144
1671,1.671,0.14906347,2.9974234
1672,1.672,0.17386636,3.090806
1673,1.673,0.15960604,3.1085956
1674,1.674,0.16468945,3.1097078
1675,1.675,0.17680547,2.9938176
1676,1.676,0.18418716,2.9377494
1677,1.677,0.18000278,6.8553114
1678,1.678,0.17748347,3.0467596
1679,1.679,0.1905434,3.074665
1680,1.68,0.18433554,3.1170619
1681,1.681,0.18179107,6.8819237
1682,1.682,0.1788237,6.917822
1683,1.683,0.17923918,6.8801746
1684,1.684,0.17939454,6.8819814
1685,1.685,0.18340224,6.9081674
1686,1.686,0.17122239,3.2953064
1687,1.687,0.16764566,3.1390753
1688,1.688,0.17830159,6.971878
1689,1.689,0.18596351,6.941284
1690,1.69,0.18242489,6.8875985
1691,1.691,0.19002521,6.8931074
1692,1.692,0.17695513,6.8616424
1693,1.693,0.16922382,3.1536493
1694,1.694,0.17322959,6.854634
1695,1.695,0.18190995,6.831674
1696,1.696,0.18271741,6.813991
1697,1.697,0.18569914,3.197809
1698,1.698,0.16620526,3.20533
1699,1.699,0.18038094,3.1752563
1700,1.7,0.17362319,3.3622558
1701,1.701,0.16603337,3.3424592
1702,1.702,0.17081852,3.3547251
1703,1.703,0.167716,3.2528443
1704,1.704,0.17237231,6.982071
1705,1.705,0.17856364,3.2688866
1706,1.706,0.17762084,3.3455703
1707,1.707,0.17279129,3.2433767
1708,1.708,0.1676729,3.267468
1709,1.709,0.16574907,3.2196436
1710,1.71,0.16903313,3.2630215
1711,1.711,0.15837182,3.1528285
1712,1.712,0.1601577,3.2244573
1713,1.713,0.15438825,6.925314
1714,1.714,0.15935162,3.2179995
1715,1.715,0.15242074,3.1753254
1716,1.716,0.14703535,3.2868874
1717,1.717,0.15316181,3.2898648
1718,1.718,0.15215811,3.2403073
1719,1.719,0.14005212,3.197241
1720,1.72,0.14278471,3.2468724
1721,1.721,0.14182456,3.0291162
1722,1.722,0.1397861,2.9155717
1723,1.723,0.1523813,6.6028605
1724,1.724,0.16511145,6.5365605
1725,1.725,0.16576198,6.5479965
1726,1.726,0.16411568,6.4253807
1727,1.727,0.16611657,6.3555393
1728,1.728,0.17264102,4.431902
1729,1.729,0.16772978,4.4394493
1730,1.73,0.1651622,4.4167423
1731,1.731,0.16705959,6.58855
1732,1.732,0.14073305,4.447752
1733,1.733,0.15155828,6.516608
1734,1.734,0.1491065,4.4444776
1735,1.735,0.16851978,4.429522
1736,1.736,0.14520471,4.431584
1737,1.737,0.14995803,4.423567
1738,1.738,0.15806496,4.4311514
1739,1.739,0.16556695,4.475098
1740,1.74,0.16675797,4.4201794
1741,1.741,0.16580974,4.483136
1742,1.742,0.16659185,4.4577584
1743,1.743,0.1710356,4.411373
1744,1.744,0.17489915,4.4663506
1745,1.745,0.17398134,4.3331175
1746,1.746,0.17487006,6.315074
1747,1.747,0.1661656,6.3231378
1748,1.748,0.15224735,6.361991
1749,1.749,0.15769301,6.390536
1750,1.75,0.17725928,6.376626
1751,1.751,0.17940906,6.3578343
1752,1.752,0.17539018,6.406356
1753,1.753,0.18326952,6.3479476
1754,1.754,0.18185815,6.2565227
1755,1.755,0.18577227,6.1732855
1756,1.756,0.19094338,6.1275034
1757,1.757,0.19267124,6.0654707
1758,1.758,0.19221471,5.9268413
1759,1.759,0.1991848,5.972078
1760,1.76,0.19271563,5.863716
1761,1.761,0.19615674,5.8119583
1762,1.762,0.1760569,5.8470836
1763,1.763,0.17849371,5.91339
1764,1.764,0.16843471,5.951069
1765,1.765,0.14053044,5.914014
1766,1.766,0.15058804,5.9816103
1767,1.767,0.17222841,6.0797386
1768,1.768,0.17631869,5.9689546
1769,1.769,0.16990487,5.9180093
1770,1.77,0.16966215,5.8931565
1771,1.771,0.16504037,5.883299
1772,1.772,0.16551003,5.8709416
1773,1.773,0.15740722,5.927068
1774,1.774,0.15969329,5.9367313
1775,1.775,0.16910048,5.8603344
1776,1.776,0.17555192,5.8309755
1777,1.777,0.17317252,5.7985277
1778,1.778,0.16852596,5.90306
1779,1.779,0.17760262,5.995969
1780,1.78,0.16161911,5.9597588
1781,1.781,0.16591811,5.998322
1782,1.782,0.16616665,6.0357113
1783,1.783,0.16223411,6.1439705
1784,1.784,0.17543302,6.193215
1785,1.785,0.16623725,6.24899
1786,1.786,0.1768715,6.2394257
1787,1.787,0.17464583,6.265709
1788,1.788,0.18141648,6.2400546
1789,1.789,0.1827639,6.213383
1790,1.79,0.18817726,6.1206913
1791,1.791,0.18071675,6.157737
1792,1.792,0.18030114,6.116691
1793,1.793,0.18325974,6.1280994
1794,1.794,0.19089404,6.138798
1795,1.795,0.1901912,6.1352963
1796,1.796,0.18028511,6.0750704
1797,1.797,0.16931193,6.025938
1798,1.798,0.1808047,6.11301
1799,1.799,0.17150705,6.071188
1800,1.8,0.19153424,5.9755487
1801,1.801,0.1816107,5.985915
1802,1.802,0.18043958,6.0207176
1803,1.803,0.17096937,6.028421
1804,1.804,0.18378317,6.113316
1805,1.805,0.18442394,6.0815673
1806,1.806,0.18333384,6.108013
1807,1.807,0.18526506,6.07567
1808,1.808,0.18911296,6.0378995
1809,1.809,0.18516396,6.105981
1810,1.81,0.18415734,6.250505
1811,1.811,0.18025626,6.2871842
1812,1.812,0.17375329,6.2198005
1813,1.813,0.17792939,6.1451163
1814,1.814,0.18239099,6.085221
1815,1.815,0.18720785,6.0600133
1816,1.816,0.18200365,6.0354824
1817,1.817,0.19621478,6.0193715
1818,1.818,0.19202639,6.044878
1819,1.819,0.1948058,6.0409017
1820,1.82,0.19715074,6.1187277
1821,1.821,0.18771166,6.232991
1822,1.822,0.1885847,6.266453
1823,1.823,0.18587367,6.272193
1824,1.824,0.18393973,6.291544
1825,1.825,0.16678743,6.3890157
1826,1.826,0.1878234,6.4244237
1827,1.827,0.16160731,6.497326
1828,1.828,0.1639106,6.5537333
1829,1.829,0.16293196,6.5686917
1830,1.83,0.17009492,6.603509
1831,1.831,0.17417857,6.521262
1832,1.832,0.17968686,6.491039
1833,1.833,0.18781815,6.485822
1834,1.834,0.19361866,6.4248343
1835,1.835,0.19484556,6.483116
1836,1.836,0.1780979,6.572668
1837,1.837,0.18744296,6.5474014
1838,1.838,0.18443021,6.528995
1839,1.839,0.17537865,6.471983
1840,1.84,0.1749236,6.5448065
1841,1.841,0.17251007,6.573254
1842,1.842,0.1844534,6.6409726
1843,1.843,0.1779885,6.6070056
1844,1.844,0.18386021,6.473947
1845,1.845,0.17405142,6.6269803
1846,1.846,0.1817262,6.5478706
1847,1.847,0.18716401,6.457663
1848,1.848,0.19418858,6.523722
1849,1.849,0.18002172,6.486779
1850,1.85,0.17665371,6.5165176
1851,1.851,0.18672282,6.6045227
1852,1.852,0.1773512,6.5752187
1853,1.853,0.18336694,6.5924296
1854,1.854,0.18761896,6.510443
1855,1.855,0.18139927,6.4233956
1856,1.856,0.19159308,6.5231266
1857,1.857,0.18281765,6.5067186
1858,1.858,0.17671423,6.588101
1859,1.859,0.18359658,6.444269
1860,1.86,0.18609649,6.4354134
1861,1.861,0.18413131,6.6142626
1862,1.862,0.17783548,6.6500497
1863,1.863,0.17722015,6.620726
1864,1.864,0.16993208,6.6660857
1865,1.865,0.17092608,6.6977186
1866,1.866,0.18278667,6.579528
1867,1.867,0.16804925,6.6734743
1868,1.868,0.16501096,6.716718
1869,1.869,0.16733992,6.6246977
1870,1.87,0.17558517,6.490853
1871,1.871,0.1771797,6.476402
1872,1.872,0.18385015,6.3873105
1873,1.873,0.18600236,6.36765
1874,1.874,0.17222472,6.4215856
1875,1.875,0.19583619,6.3389335
1876,1.876,0.19062649,6.4558687
1877,1.877,0.2140951,6.416943
1878,1.878,0.20942836,6.3981633
1879,1.879,0.20820965,6.441502
1880,1.88,0.20657681,6.3821445
1881,1.881,0.1942954,6.4045258
1882,1.882,0.20095888,6.415697
1883,1.883,0.18719983,6.385421
1884,1.884,0.21125183,6.3754916
1885,1.885,0.19232534,6.4286294
1886,1.886,0.20149684,6.426333
1887,1.887,0.1803473,6.463286
1888,1.888,0.17947026,6.584495
1889,1.889,0.18403491,6.525519
1890,1.89,0.18546088,6.4666915
1891,1.891,0.18491907,6.402188
1892,1.892,0.19268054,6.3672786
1893,1.893,0.19338119,6.3727455
1894,1.894,0.19874005,6.4157615
1895,1.895,0.20623547,6.3898845
1896,1.896,0.19860797,6.42132
1897,1.897,0.18396266,6.4220023
1898,1.898,0.18584226,6.4411263
1899,1.899,0.18059807,6.4223495
1900,1.9,0.17662132,6.5288777
1901,1.901,0.17100891,6.594599
1902,1.902,0.17033194,6.6477785
1903,1.903,0.16208905,6.649342
1904,1.904,0.17017883,6.6863365
1905,1.905,0.16261558,6.5849447
1906,1.906,0.16426283,6.689647
1907,1.907,0.17722863,6.8245244
1908,1.908,0.16980143,6.7614694
1909,1.909,0.17620687,6.7743287
1910,1.91,0.15983148,6.7537785
1911,1.911,0.17478973,6.7637944
1912,1.912,0.16661233,6.782063
1913,1.913,0.1630614,6.762391
1914,1.914,0.167438,6.6443114
1915,1.915,0.16980107,6.5376835
1916,1.916,0.17446536,6.479665
1917,1.917,0.1711481,6.5412035
1918,1.918,0.17524183,6.5487046
1919,1.919,0.1762764,6.4557943
1920,1.92,0.18493657,6.511809
1921,1.921,0.19653118,6.4470096
1922,1.922,0.18900229,6.4102154
1923,1.923,0.18666461,6.377484
1924,1.924,0.18094817,6.4061046
1925,1.925,0.1978116,6.353712
1926,1.926,0.18900442,6.329664
1927,1.927,0.19040412,6.414222
1928,1.928,0.18405218,6.294636
1929,1.929,0.17455412,6.347658
1930,1.93,0.1599291,6.3694787
1931,1.931,0.16573338,6.376588
1932,1.932,0.17227404,6.371251
1933,1.933,0.18985206,6.312497
1934,1.934,0.18990654,6.2055845
1935,1.935,0.18406066,6.263175
1936,1.936,0.1709724,6.2279596
1937,1.937,0.1746531,6.2420454
1938,1.938,0.17406338,6.273151
1939,1.939,0.16379736,6.2442374
1940,1.94,0.1647733,6.3546476
1941,1.941,0.16657451,6.278356
1942,1.942,0.16746043,6.309427
1943,1.943,0.1713722,6.3801813
1944,1.944,0.17200342,6.442166
1945,1.945,0.1632941,6.4960814
1946,1.946,0.17885181,6.5189433
1947,1.947,0.16609184,6.5884094
1948,1.948,0.16971767,6.723513
1949,1.949,0.17767258,6.742568
1950,1.95,0.18874952,6.827394
1951,1.951,0.1872097,6.8532724
1952,1.952,0.18986394,6.814572
1953,1.953,0.18189946,6.7688684
1954,1.954,0.19420317,6.700666
1955,1.955,0.17682737,6.6797247
1956,1.956,0.16222236,6.8754015
1957,1.957,0.17868757,6.791228
1958,1.958,0.16767912,6.7446046
1959,1.959,0.18090472,6.7347946
1960,1.96,0.16745904,6.670427
1961,1.961,0.17993243,6.651093
1962,1.962,0.16866685,6.713201
1963,1.963,0.17032719,6.724652
1964,1.964,0.17822896,6.76852
1965,1.965,0.18357548,6.710264
1966,1.966,0.16548175,6.7154255
1967,1.967,0.16955957,6.7751327
1968,1.968,0.16277865,6.8109856
1969,1.969,0.17593639,6.8821187
1970,1.97,0.18387215,7.0222855
1971,1.971,0.18004964,7.007364
1972,1.972,0.1772733,7.0583134
1973,1.973,0.16560674,7.163273
1974,1.974,0.18313165,7.1350856
1975,1.975,0.19119687,7.2164564
1976,1.976,0.19198515,7.195467
1977,1.977,0.20283313,7.1523514
1978,1.978,0.19026169,7.1586676
1979,1.979,0.19022584,7.0960555
1980,1.98,0.21760769,7.0785284
1981,1.981,0.21522436,7.1257095
1982,1.982,0.22563122,7.1467433
1983,1.983,0.21921058,7.092932
1984,1.984,0.20738746,7.093822
1985,1.985,0.20951334,7.0626917
1986,1.986,0.21511045,6.9913726
1987,1.987,0.20970002,6.9035864
1988,1.988,0.20440541,6.86476
1989,1.989,0.222099,6.842569
1990,1.99,0.22872369,6.8631163
1991,1.991,0.21823972,6.7969856
1992,1.992,0.21310201,6.791968
1993,1.993,0.20444754,6.7997046
1994,1.994,0.21412505,6.8098865
1995,1.995,0.20774889,6.94671
1996,1.996,0.21631245,6.9862156
1997,1.997,0.21058647,6.836946
1998,1.998,0.21384415,6.942242
1999,1.999,0.22576822,6.972998
2000,2.0,0.22745414,6.9584775
2001,2.001,0.23687117,6.8087525
2002,2.002,0.24512987,6.898594
2003,2.003,0.23541018,6.8487434
2004,2.004,0.23972619,6.9581356
2005,2.005,0.24023654,6.972462
2006,2.006,0.2446772,6.9922733
2007,2.007,0.24107498,6.971453
2008,2.008,0.22251551,6.953062
2009,2.009,0.22827749,6.979709
2010,2.01,0.22413333,6.9909687
2011,2.011,0.23229875,7.106965
2012,2.012,0.22301781,7.089139
2013,2.013,0.22211722,7.1358495
2014,2.014,0.22365859,7.1137743
2015,2.015,0.2257649,7.2289543
2016,2.016,0.2244835,7.2136507
2017,2.017,0.21129204,7.2609086
2018,2.018,0.22021838,7.248097
2019,2.019,0.22385827,7.261412
2020,2.02,0.21508761,7.332937
2021,2.021,0.22287264,7.35982
2022,2.022,0.20777754,7.3124723
2023,2.023,0.21857502,7.368993
2024,2.024,0.22332342,7.401581
2025,2.025,0.21939455,7.3690653
2026,2.026,0.22488943,7.553325
2027,2.027,0.21107145,7.6394777
2028,2.028,0.23900421,7.5931315
2029,2.029,0.2463414,7.6084123
2030,2.03,0.24032988,7.522481
2031,2.031,0.24592084,7.5454435
2032,2.032,0.2367262,7.4963465
2033,2.033,0.23664267,7.607253
2034,2.034,0.24830516,7.5856023
2035,2.035,0.24743259,7.4889364
2036,2.036,0.22741525,7.457138
2037,2.037,0.21515909,7.5079045
2038,2.038,0.2067681,7.497785
2039,2.039,0.19298267,7.548761
2040,2.04,0.19809541,7.5124903
2041,2.041,0.20761947,7.5102262
2042,2.042,0.19751598,7.5986824
2043,2.043,0.19432604,7.5370455
2044,2.044,0.203224,7.646244
2045,2.045,0.22534952,7.5896378
2046,2.046,0.20691313,7.648118
2047,2.047,0.20332181,7.487259
2048,2.048,0.20096347,7.437677
2049,2.049,0.17536679,7.4983354
2050,2.05,0.1723314,7.528576
2051,2.051,0.16011547,7.477705
2052,2.052,0.16025077,7.3813267
2053,2.053,0.17813651,7.401702
2054,2.054,0.16771151,7.4340568
2055,2.055,0.17833011,7.4413266
2056,2.056,0.1673755,7.4051557
2057,2.057,0.17278159,7.529706
2058,2.058,0.1843139,7.5231123
2059,2.059,0.20073785,7.480077
2060,2.06,0.2038374,7.419172
2061,2.061,0.19869526,7.5181007
2062,2.062,0.19393691,7.434923
2063,2.063,0.19886972,7.322484
2064,2.064,0.200775,7.347586
2065,2.065,0.21619913,7.3305182
2066,2.066,0.20706531,7.241982
2067,2.067,0.22743711,7.324901
2068,2.068,0.21182424,7.293997
2069,2.069,0.21532664,7.3445477
2070,2.07,0.21534732,7.407856
2071,2.071,0.22347012,7.4568787
2072,2.072,0.22883688,7.5081763
2073,2.073,0.22716402,7.5037766
2074,2.074,0.2160301,7.553352
2075,2.075,0.2146128,7.48049
2076,2.076,0.22723855,7.402585
2077,2.077,0.22823292,7.4400277
2078,2.078,0.2261358,7.3547225
2079,2.079,0.2401966,7.3413677
2080,2.08,0.23401912,7.266397
2081,2.081,0.250971,7.260878
2082,2.082,0.23062694,7.334078
2083,2.083,0.2431835,7.3158565
2084,2.084,0.24543926,7.2411594
2085,2.085,0.2567625,7.325993
2086,2.086,0.26167324,7.3419156
2087,2.087,0.26075277,7.40166
2088,2.088,0.24417281,7.435824
2089,2.089,0.2659951,7.481339
2090,2.09,0.24237287,7.5863805
2091,2.091,0.25099793,7.5906386
2092,2.092,0.25604227,7.625912
2093,2.093,0.24723418,7.60686
2094,2.094,0.24719726,7.5842004
2095,2.095,0.2521024,7.6805773
2096,2.096,0.27170548,7.6818132
2097,2.097,0.27338213,7.649645
2098,2.098,0.2789088,7.631335
2099,2.099,0.2850693,7.722712
2100,2.1,0.28539714,7.6917744
2101,2.101,0.2889389,7.7349997
2102,2.102,0.27220282,7.7092624
2103,2.103,0.26432145,7.634061
2104,2.104,0.26806694,7.6343136
2105,2.105,0.26806155,7.55413
2106,2.106,0.25366643,7.6200876
2107,2.107,0.24777177,7.518163
2108,2.108,0.256499,7.5849924
2109,2.109,0.24779743,7.5844607
2110,2.11,0.26165116,7.517509
2111,2.111,0.23815121,7.55405
2112,2.112,0.24654475,7.529133
2113,2.113,0.24126694,7.462643
2114,2.114,0.24943525,7.464264
2115,2.115,0.25270352,7.394116
2116,2.116,0.26752564,7.3299146
2117,2.117,0.26682752,7.3649573
2118,2.118,0.269581,7.4304914
2119,2.119,0.28764498,7.5421124
2120,2.12,0.28490764,7.595452
2121,2.121,0.28240362,7.498342
2122,2.122,0.2794388,7.5276484
2123,2.123,0.2807967,7.455659
2124,2.124,0.27425936,7.522768
2125,2.125,0.2778033,7.506279
2126,2.126,0.27276027,7.382598
2127,2.127,0.2559865,7.422588
2128,2.128,0.2705302,7.3200397
2129,2.129,0.27695584,7.2439384
2130,2.13,0.2694877,7.3008623
2131,2.131,0.25050557,7.347128
2132,2.132,0.24437512,7.3921695
2133,2.133,0.26002204,7.351128
2134,2.134,0.2523941,7.3237667
2135,2.135,0.25877717,7.354196
2136,2.136,0.25350437,7.246694
2137,2.137,0.2476796,7.2969894
2138,2.138,0.23490731,7.2418976
2139,2.139,0.2490438,7.2162056
2140,2.14,0.25063843,7.160357
2141,2.141,0.2242228,7.1456766
2142,2.142,0.22013779,4.6870494
2143,2.143,0.21976884,4.723661
2144,2.144,0.22362655,4.6765556
2145,2.145,0.22290324,7.0141892
2146,2.146,0.21023129,7.0594273
2147,2.147,0.21801767,4.584519
2148,2.148,0.21636856,4.6013837
2149,2.149,0.22049955,4.589433
2150,2.15,0.22709581,4.665091
2151,2.151,0.22582608,7.1238074
2152,2.152,0.2235428,4.614908
2153,2.153,0.21010534,7.143407
2154,2.154,0.21834007,7.1144404
2155,2.155,0.22626893,7.1166697
2156,2.156,0.22069788,7.083351
2157,2.157,0.21258444,7.0766945
2158,2.158,0.2324649,4.585413
2159,2.159,0.22818886,4.6733637
2160,2.16,0.22989826,4.640394
2161,2.161,0.23713358,4.665346
2162,2.162,0.22917937,7.0440745
2163,2.163,0.22114109,7.131532
2164,2.164,0.22129105,6.994564
2165,2.165,0.23428966,7.001281
2166,2.166,0.22660919,6.995419
2167,2.167,0.22834153,7.101556
2168,2.168,0.23042913,7.061293
2169,2.169,0.22520481,7.108531
2170,2.17,0.22734205,7.201773
2171,2.171,0.22895682,7.1922264
2172,2.172,0.22052576,7.2033987
2173,2.173,0.20806831,7.2272267
2174,2.174,0.2130049,7.144888
2175,2.175,0.22178754,7.1246157
2176,2.176,0.21218248,7.0713105
2177,2.177,0.22303104,7.228359
2178,2.178,0.22241367,7.1618867
2179,2.179,0.22293358,7.198913
2180,2.18,0.22009708,7.17196
2181,2.181,0.22599979,7.032414
2182,2.182,0.22606882,6.981591
2183,2.183,0.23131485,7.0424395
2184,2.184,0.23390722,7.0318317
2185,2.185,0.23957376,6.992571
2186,2.186,0.24255736,6.996043
2187,2.187,0.23600483,7.062034
2188,2.188,0.22638284,7.047016
2189,2.189,0.21484241,7.105708
2190,2.19,0.22954552,7.12459
2191,2.191,0.23155487,7.097507
2192,2.192,0.22477992,7.044843
2193,2.193,0.21172817,7.065739
2194,2.194,0.20125346,7.0445976
2195,2.195,0.20785847,7.0003457
2196,2.196,0.19262834,6.9908476
2197,2.197,0.19155204,6.8694315
2198,2.198,0.20799302,6.854473
2199,2.199,0.20019785,6.8880267
2200,2.2,0.19188006,6.807125
2201,2.201,0.20143086,6.740904
2202,2.202,0.20626236,4.657282
2203,2.203,0.20509222,6.8039613
2204,2.204,0.19853637,6.801296
2205,2.205,0.20108911,6.775672
2206,2.206,0.18693441,6.8151336
2207,2.207,0.17993759,6.741766
2208,2.208,0.1808865,6.684804
2209,2.209,0.1942502,6.5837975
2210,2.21,0.17407899,6.495002
2211,2.211,0.17197047,6.530294
2212,2.212,0.182903,6.686319
2213,2.213,0.18975583,6.6859484
2214,2.214,0.1859517,6.6565866
2215,2.215,0.18159162,6.674638
2216,2.216,0.17181009,4.66962
2217,2.217,0.17944609,4.6013007
2218,2.218,0.18312912,4.635881
2219,2.219,0.18145628,4.5558624
2220,2.22,0.15591042,4.615565
2221,2.221,0.15711467,4.602634
2222,2.222,0.1740016,4.60004
2223,2.223,0.1767224,4.640978
2224,2.224,0.17255463,4.642409
2225,2.225,0.14636438,4.6603994
2226,2.226,0.16196527,4.663262
2227,2.227,0.14640267,4.677218
2228,2.228,0.13549276,4.650353
2229,2.229,0.14929903,4.6684647
2230,2.23,0.14968412,4.6584682
2231,2.231,0.15292464,4.6249237
2232,2.232,0.16003712,4.628794
2233,2.233,0.16969587,4.6391964
2234,2.234,0.17118964,4.6406813
2235,2.235,0.1655481,4.6387553
2236,2.236,0.17117342,4.615763
2237,2.237,0.1779846,4.6800876
2238,2.238,0.18635967,4.694455
2239,2.239,0.19169682,4.6450114
2240,2.24,0.18827613,4.672742
2241,2.241,0.17860053,4.640971
2242,2.242,0.18443365,4.6231117
2243,2.243,0.19136064,4.611198
2244,2.244,0.19018361,4.6038384
2245,2.245,0.18680142,4.625518
2246,2.246,0.19090554,4.631026
2247,2.247,0.18525633,4.5667224
2248,2.248,0.18181555,4.6272964
2249,2.249,0.17676558,4.6039567
2250,2.25,0.19260703,4.6061754
2251,2.251,0.17926079,4.59468
2252,2.252,0.18530749,4.623873
2253,2.253,0.18355975,4.5795374
2254,2.254,0.18795444,4.5986733
2255,2.255,0.17457168,4.620524
2256,2.256,0.16644017,4.6043644
2257,2.257,0.15850972,4.618439
2258,2.258,0.16212115,4.621802
2259,2.259,0.17610483,4.567916
2260,2.26,0.18736154,4.567461
2261,2.261,0.19405699,4.5479345
2262,2.262,0.17795862,4.5985394
2263,2.263,0.1678772,4.6311865
2264,2.264,0.1736944,4.590691
2265,2.265,0.18260983,4.641424
2266,2.266,0.18664138,4.596578
2267,2.267,0.17908789,4.617007
2268,2.268,0.18241571,4.677168
2269,2.269,0.19805835,4.595438
2270,2.27,0.1852582,4.611271
2271,2.271,0.18405972,4.618375
2272,2.272,0.18060286,4.591144
2273,2.273,0.17153063,4.6338058
2274,2.274,0.16625081,4.6080613
2275,2.275,0.17400327,4.580482
2276,2.276,0.16493984,4.629908
2277,2.277,0.15138274,4.6468277
2278,2.278,0.16469997,4.6552334
2279,2.279,0.17188913,4.676191
2280,2.28,0.17794433,4.637205
2281,2.281,0.18109632,4.653963
2282,2.282,0.19190174,4.618925
2283,2.283,0.19495825,4.576741
2284,2.284,0.18704446,4.582372
2285,2.285,0.19371058,4.6079235
2286,2.286,0.18671446,4.5971584
2287,2.287,0.18168643,4.5946174
2288,2.288,0.17424458,4.630787
2289,2.289,0.17802908,4.631671
2290,2.29,0.16921324,4.658282
2291,2.291,0.16750634,4.665802
2292,2.292,0.15905209,4.666617
2293,2.293,0.1580763,4.622971
2294,2.294,0.17467098,4.613012
2295,2.295,0.17124568,4.6151133
2296,2.296,0.15280817,4.615129
2297,2.297,0.16231674,4.627565
2298,2.298,0.16104195,4.6280804
2299,2.299,0.15197188,4.637998
2300,2.3,0.1457954,4.6125307
2301,2.301,0.1495149,4.655869
2302,2.302,0.15330175,4.676853
2303,2.303,0.16926412,4.651691
2304,2.304,0.1468304,4.681681
2305,2.305,0.15999521,4.6619873
2306,2.306,0.15930337,4.6576076
2307,2.307,0.15767322,4.655312
2308,2.308,0.15556341,4.650414
2309,2.309,0.170718,4.6431913
2310,2.31,0.15409446,4.608555
2311,2.311,0.15473938,4.677729
2312,2.312,0.16155079,4.676559
2313,2.313,0.17745253,4.6617923
2314,2.314,0.15426278,4.6163096
2315,2.315,0.16626471,4.620796
2316,2.316,0.16049837,4.623844
2317,2.317,0.1547192,4.580692
2318,2.318,0.15786555,4.6681194
2319,2.319,0.16053185,4.617379
2320,2.32,0.15750377,4.633379
2321,2.321,0.16042885,4.639737
2322,2.322,0.15737748,4.6165876
2323,2.323,0.17456605,4.6340365
2324,2.324,0.16611204,4.616744
2325,2.325,0.1710792,4.6120367
2326,2.326,0.173398,6.342292
2327,2.327,0.17306034,4.689887
2328,2.328,0.15799583,6.3800073
2329,2.329,0.15848127,6.3607783
2330,2.33,0.15890922,4.5897174
2331,2.331,0.17436595,4.595791
2332,2.332,0.16257471,6.359951
2333,2.333,0.15456335,4.6730976
2334,2.334,0.16530563,4.700449
2335,2.335,0.16740243,6.3808517
2336,2.336,0.1609741,6.3937955
2337,2.337,0.15203954,6.294038
2338,2.338,0.14949788,4.649846
2339,2.339,0.15239534,4.6544952
2340,2.34,0.16236696,4.681652
2341,2.341,0.16416745,4.735462
2342,2.342,0.16029622,4.7357187
2343,2.343,0.15284449,4.6725907
2344,2.344,0.16363108,4.7098475
2345,2.345,0.16511495,4.6379642
2346,2.346,0.16553238,4.659471
2347,2.347,0.16235876,4.677456
2348,2.348,0.16988513,4.634468
2349,2.349,0.17198998,4.6987233
2350,2.35,0.1693191,4.662414
2351,2.351,0.16709451,4.6610875
2352,2.352,0.17234918,4.668984
2353,2.353,0.16075458,4.6201115
2354,2.354,0.16381183,4.6718287
2355,2.355,0.14624982,4.658171
2356,2.356,0.1541241,4.631645
2357,2.357,0.15305007,4.6788526
2358,2.358,0.1603611,4.6733737
2359,2.359,0.15801926,4.639043
2360,2.36,0.13897872,4.605799
2361,2.361,0.1505147,4.627861
2362,2.362,0.13937864,4.630067
2363,2.363,0.16604243,4.603893
2364,2.364,0.16745248,4.61516
2365,2.365,0.16586481,4.62927
2366,2.366,0.1623972,4.613876
2367,2.367,0.16219208,4.614519
2368,2.368,0.1570293,4.629507
2369,2.369,0.14611301,4.6616354
2370,2.37,0.1532614,4.5974164
2371,2.371,0.15351273,4.6340466
2372,2.372,0.16260599,4.6425514
2373,2.373,0.16430646,4.629961
2374,2.374,0.16186675,4.5834417
2375,2.375,0.16756636,4.5713544
2376,2.376,0.16349679,4.6257353
2377,2.377,0.16378571,4.5989103
2378,2.378,0.16505438,4.612206
2379,2.379,0.17139041,4.67169
2380,2.38,0.17189181,4.688985
2381,2.381,0.16299687,4.6450253
2382,2.382,0.16134673,4.622514
2383,2.383,0.1662522,4.6454144
2384,2.384,0.16222556,4.654927
2385,2.385,0.15653199,4.687932
2386,2.386,0.15105672,4.6110134
2387,2.387,0.13772333,4.621524
2388,2.388,0.13330466,4.6446366
2389,2.389,0.14274828,4.646259
2390,2.39,0.13400435,4.6674566
2391,2.391,0.14156269,4.6324887
2392,2.392,0.12523144,4.7102466
2393,2.393,0.13800673,4.6832423
2394,2.394,0.14977753,4.674315
2395,2.395,0.15698403,4.674985
2396,2.396,0.1564463,4.7429895
2397,2.397,0.15104027,4.6886377
2398,2.398,0.15333681,4.675972
2399,2.399,0.17039572,4.6861634
2400,2.4,0.1494917,4.694364
2401,2.401,0.15202321,4.6562514
2402,2.402,0.15595786,4.746872
2403,2.403,0.13884598,4.685003
2404,2.404,0.14749062,4.6761427
2405,2.405,0.13954481,4.6969433
2406,2.406,0.13291168,4.6538234
2407,2.407,0.1446232,4.657438
2408,2.408,0.15403557,4.653162
2409,2.409,0.1548932,4.655321
2410,2.41,0.1526072,4.638813
2411,2.411,0.15923586,4.6442404
2412,2.412,0.15380199,4.618414
2413,2.413,0.15389216,4.640129
2414,2.414,0.17013943,4.594343
2415,2.415,0.17170341,4.6108084
2416,2.416,0.16591462,4.6017895
2417,2.417,0.15768716,4.587855
2418,2.418,0.15223293,4.6043396
2419,2.419,0.15451548,4.5637946
2420,2.42,0.16165808,4.6410046
2421,2.421,0.15737197,4.658763
2422,2.422,0.16425861,4.73832
2423,2.423,0.14237204,4.6901126
2424,2.424,0.13676524,4.683163
2425,2.425,0.14857139,4.661304
2426,2.426,0.14699367,4.6736083
2427,2.427,0.1528373,4.6935735
2428,2.428,0.1515556,4.687624
2429,2.429,0.14546958,4.7116704
2430,2.43,0.14804879,4.710795
2431,2.431,0.14424583,4.7579546
2432,2.432,0.14689377,4.6967626
2433,2.433,0.15736389,4.697125
2434,2.434,0.14574388,4.7602835
2435,2.435,0.15001775,4.70885
2436,2.436,0.15119287,4.6392198
2437,2.437,0.15292199,4.652118
2438,2.438,0.14084841,4.6350775
2439,2.439,0.14321518,4.6405067
2440,2.44,0.14093497,4.6598144
2441,2.441,0.14601012,4.675102
2442,2.442,0.13833511,4.723859
2443,2.443,0.15159221,4.748513
2444,2.444,0.15093116,4.7035527
2445,2.445,0.14647767,4.6866894
2446,2.446,0.15691368,4.656775
2447,2.447,0.16615343,4.6582456
2448,2.448,0.16239578,4.7132998
2449,2.449,0.170654,4.7053742
2450,2.45,0.15934436,4.7155657
2451,2.451,0.16441898,4.655925
2452,2.452,0.16560848,4.627875
2453,2.453,0.1527609,4.6339107
2454,2.454,0.15458953,4.715551
2455,2.455,0.14087345,4.672683
2456,2.456,0.15283957,4.6716294
2457,2.457,0.15143886,4.6407156
2458,2.458,0.1519304,4.622525
2459,2.459,0.13890468,4.6862273
2460,2.46,0.15516387,4.704089
2461,2.461,0.15237372,4.674465
2462,2.462,0.15011981,4.679051
2463,2.463,0.1640033,4.692969
2464,2.464,0.17176399,4.6714945
2465,2.465,0.15853816,4.632327
2466,2.466,0.15923695,4.6834636
2467,2.467,0.15845028,4.624931
2468,2.468,0.15245639,4.648717
2469,2.469,0.13727565,4.6282887
2470,2.47,0.1404675,4.6314135
2471,2.471,0.13474119,4.637415
2472,2.472,0.14505377,4.6326146
2473,2.473,0.14572641,4.645714
2474,2.474,0.15419982,4.642032
2475,2.475,0.16054049,4.6036177
2476,2.476,0.14474903,4.700283
2477,2.477,0.1408841,4.706035
2478,2.478,0.15894595,4.7141623
2479,2.479,0.14468314,4.673584
2480,2.48,0.14410953,4.655852
2481,2.481,0.15163262,4.635356
2482,2.482,0.15397589,4.66146
2483,2.483,0.14509282,4.6429057
2484,2.484,0.14811592,4.682844
2485,2.485,0.14930367,4.6687512
2486,2.486,0.14383735,4.6278315
2487,2.487,0.1371438,4.635372
2488,2.488,0.14118451,4.6354704
2489,2.489,0.15709002,4.6947594
2490,2.49,0.14953151,4.682252
2491,2.491,0.16163628,4.6999
2492,2.492,0.16373524,4.626404
2493,2.493,0.18928282,4.6410437
2494,2.494,0.17897877,4.6207113
2495,2.495,0.17926756,4.577476
2496,2.496,0.17440009,4.6296763
2497,2.497,0.17630263,4.581715
2498,2.498,0.17987815,4.532086
2499,2.499,0.17634,4.5724573
2500,2.5,0.16755429,4.609309
2501,2.501,0.17735317,4.6099405
2502,2.502,0.19348966,4.632751
2503,2.503,0.19231664,4.6179466
2504,2.504,0.1850681,4.6241508
2505,2.505,0.19507205,4.6183114
2506,2.506,0.20136428,4.6138115
2507,2.507,0.20353603,4.54938
2508,2.508,0.20669709,4.5979037
2509,2.509,0.20825823,4.583366
2510,2.51,0.20778088,4.573138
2511,2.511,0.20700891,4.561934
2512,2.512,0.19611458,4.63595
2513,2.513,0.19797692,4.5695233
2514,2.514,0.20238926,4.587031
2515,2.515,0.2089675,4.596292
2516,2.516,0.2058402,4.5573654
2517,2.517,0.20225728,4.5882125
2518,2.518,0.20168035,4.5974693
2519,2.519,0.21402758,4.6128535
2520,2.52,0.21230584,4.569546
2521,2.521,0.2250839,4.584107
2522,2.522,0.21944301,4.538278
2523,2.523,0.22427228,4.5751433
2524,2.524,0.21627824,4.5839934
2525,2.525,0.22239625,4.5756726
2526,2.526,0.21999307,4.565284
2527,2.527,0.22088428,4.5704784
2528,2.528,0.20639123,4.6004705
2529,2.529,0.21464539,4.577812
2530,2.53,0.22993973,4.5614643
2531,2.531,0.22011651,4.5806355
2532,2.532,0.21410859,4.5778866
2533,2.533,0.21871962,4.550591
2534,2.534,0.22005454,4.571978
2535,2.535,0.218497,4.552859
2536,2.536,0.20529558,4.535744
2537,2.537,0.2058096,4.5691175
2538,2.538,0.20234813,4.5986714
2539,2.539,0.2000803,4.530048
2540,2.54,0.20284738,4.5606217
2541,2.541,0.2070533,4.5744286
2542,2.542,0.20505671,4.5900025
2543,2.543,0.21886384,4.5873413
2544,2.544,0.1986455,4.5916934
2545,2.545,0.19693485,4.591485
2546,2.546,0.2065564,4.598077
2547,2.547,0.20225641,4.588945
2548,2.548,0.19924486,4.5784597
2549,2.549,0.19353923,4.6139793
2550,2.55,0.20162588,4.5699472
2551,2.551,0.20388615,4.5923057
2552,2.552,0.20894842,4.6090317
2553,2.553,0.20070705,4.619902
2554,2.554,0.19914156,4.6250796
2555,2.555,0.2080158,4.648408
2556,2.556,0.20138092,4.653731
2557,2.557,0.21068883,4.597863
2558,2.558,0.19511028,4.640731
2559,2.559,0.21671902,4.5952644
2560,2.56,0.23707606,4.582135
2561,2.561,0.23940651,4.599809
2562,2.562,0.25127435,4.5963435
2563,2.563,0.2574347,4.6373196
2564,2.564,0.2521251,4.596989
2565,2.565,0.2580133,4.577268
2566,2.566,0.23549758,4.658328
2567,2.567,0.24654053,4.627216
2568,2.568,0.23875208,4.613488
2569,2.569,0.24987535,4.6279163
2570,2.57,0.24961129,4.6528826
2571,2.571,0.256663,4.6366673
2572,2.572,0.25574797,4.584417
2573,2.573,0.25539064,4.588044
2574,2.574,0.25701967,4.5528836
2575,2.575,0.25273576,4.6050982
2576,2.576,0.25172567,4.6143208
2577,2.577,0.25863126,4.6430335
2578,2.578,0.27042013,4.6197658
2579,2.579,0.27111986,4.6249776
2580,2.58,0.26650783,4.613105
2581,2.581,0.2652727,4.6239314
2582,2.582,0.24673831,4.6951556
2583,2.583,0.26718947,4.6133623
2584,2.584,0.27910435,4.6183763
2585,2.585,0.27825442,4.6225877
2586,2.586,0.28481716,4.5730853
2587,2.587,0.2837351,4.586536
2588,2.588,0.29728746,4.5975037
2589,2.589,0.27203226,4.621446
2590,2.59,0.27515924,4.6621375
2591,2.591,0.27347386,4.6394534
2592,2.592,0.28485653,4.640824
2593,2.593,0.27914163,4.643924
2594,2.594,0.3087926,4.59022
2595,2.595,0.2670133,4.6426787
2596,2.596,0.27847576,4.6263504
2597,2.597,0.2874122,4.581319
2598,2.598,0.28388458,4.6183515
2599,2.599,0.29362813,4.630729
2600,2.6,0.30079585,4.627196
2601,2.601,0.30718863,4.576543
2602,2.602,0.30399564,4.6283283
2603,2.603,0.31938857,4.6376095
2604,2.604,0.32906076,4.6262565
2605,2.605,0.33062032,4.620638
2606,2.606,0.33913755,4.582479
2607,2.607,0.32130808,4.61162
2608,2.608,0.3121221,4.5874944
2609,2.609,0.3192367,4.5582466
2610,2.61,0.31264442,4.639133
2611,2.611,0.29280674,4.563406
2612,2.612,0.2923255,4.6117673
2613,2.613,0.28310576,4.5581703
2614,2.614,0.28842357,4.597685
2615,2.615,0.28535724,4.573254
2616,2.616,0.28128618,4.5718145
2617,2.617,0.28755555,4.610297
2618,2.618,0.29468995,4.599859
2619,2.619,0.28467363,4.593729
2620,2.62,0.26917312,4.625964
2621,2.621,0.27916896,4.595658
2622,2.622,0.27435377,4.5872526
2623,2.623,0.2831421,4.5790644
2624,2.624,0.2711772,4.585279
2625,2.625,0.27983832,4.566648
2626,2.626,0.28618002,4.588545
2627,2.627,0.27172568,4.5727525
2628,2.628,0.29317623,4.605927
2629,2.629,0.28720418,4.5942655
2630,2.63,0.29404336,4.575785
2631,2.631,0.28152195,4.6308928
2632,2.632,0.2901004,4.6030226
2633,2.633,0.29430488,4.5862284
2634,2.634,0.27273482,4.5680165
2635,2.635,0.27300024,4.5847173
2636,2.636,0.26540795,4.590391
2637,2.637,0.2662748,4.625283
2638,2.638,0.26112202,4.649532
2639,2.639,0.2700437,4.659097
2640,2.64,0.258318,4.6376762
2641,2.641,0.2551067,4.644133
2642,2.642,0.25862077,4.63801
2643,2.643,0.2543175,4.6348047
2644,2.644,0.24946514,4.5967507
2645,2.645,0.2397691,4.705765
2646,2.646,0.2370902,4.660792
2647,2.647,0.23232387,4.6604915
2648,2.648,0.23592767,4.666692
2649,2.649,0.23089194,4.7142663
2650,2.65,0.22772917,4.643661
2651,2.651,0.23757702,4.6629934
2652,2.652,0.2338264,4.712371
2653,2.653,0.24583925,4.673963
2654,2.654,0.26261032,4.6953254
2655,2.655,0.25098732,4.678523
2656,2.656,0.25708735,4.64874
2657,2.657,0.2626035,4.6537094
2658,2.658,0.2503283,4.6581764
2659,2.659,0.24194014,4.6899505
2660,2.66,0.24275507,4.636416
2661,2.661,0.24913314,4.687044
2662,2.662,0.25455236,4.6095214
2663,2.663,0.27049708,4.6447434
2664,2.664,0.25919807,4.597597
2665,2.665,0.28749683,4.620845
2666,2.666,0.27436346,4.6586075
2667,2.667,0.27858138,4.606942
2668,2.668,0.27687863,4.624037
2669,2.669,0.27116314,4.608905
2670,2.67,0.26927766,4.6556168
2671,2.671,0.2763933,4.690394
2672,2.672,0.29263714,4.645055
2673,2.673,0.30061305,4.619896
2674,2.674,0.29382312,4.649816
2675,2.675,0.31258875,4.6575336
2676,2.676,0.31266382,4.7130523
2677,2.677,0.31214154,4.6546707
2678,2.678,0.3058385,4.651796
2679,2.679,0.3097054,4.611745
2680,2.68,0.30171794,4.6833677
2681,2.681,0.29724136,4.6897197
2682,2.682,0.30925402,4.701694
2683,2.683,0.29729465,4.6718087
2684,2.684,0.2945938,4.6405697
2685,2.685,0.28598788,4.6473036
2686,2.686,0.2796902,4.7021546
2687,2.687,0.2660709,4.6215315
2688,2.688,0.28259593,4.645424
2689,2.689,0.27358058,4.645724
2690,2.69,0.27515715,4.64369
2691,2.691,0.27158186,4.672533
2692,2.692,0.26350984,4.636283
2693,2.693,0.26315513,4.6401606
2694,2.694,0.2593804,4.6614957
2695,2.695,0.27023134,4.630439
2696,2.696,0.2684356,4.671051
2697,2.697,0.27142134,4.6167603
2698,2.698,0.27294475,4.6344004
2699,2.699,0.2599787,4.642631
2700,2.7,0.2528494,4.6532087
2701,2.701,0.25785822,4.6369023
2702,2.702,0.26553053,4.6754155
2703,2.703,0.25753525,4.688874
2704,2.704,0.2591042,4.6818624
2705,2.705,0.27009252,4.684499
2706,2.706,0.2732622,4.6505923
2707,2.707,0.26699772,4.654702
2708,2.708,0.2829949,4.662467
2709,2.709,0.28077838,4.651154
2710,2.71,0.2793726,4.6370826
2711,2.711,0.2840366,4.6945868
2712,2.712,0.29275164,4.6376963
2713,2.713,0.28575942,4.604526
2714,2.714,0.29975238,4.6489205
2715,2.715,0.27675962,4.6823106
2716,2.716,0.27648672,4.6649795
2717,2.717,0.2610007,4.6593065
2718,2.718,0.25310895,4.6817737
2719,2.719,0.2586554,4.70362
2720,2.72,0.24996902,4.702954
2721,2.721,0.25818282,4.733338
2722,2.722,0.26364052,4.7277474
2723,2.723,0.26845798,4.7251034
2724,2.724,0.25503644,4.6801543
2725,2.725,0.26655143,4.7029676
2726,2.726,0.2678577,4.699543
2727,2.727,0.27404243,4.698157
2728,2.728,0.26575878,4.6955266
2729,2.729,0.27223444,4.7026353
2730,2.73,0.27084258,4.6979327
2731,2.731,0.2781445,4.726041
2732,2.732,0.2777488,4.7159805
2733,2.733,0.2889357,4.752048
2734,2.734,0.27004242,4.695334
2735,2.735,0.2804441,4.6315565
2736,2.736,0.26467416,4.7077312
2737,2.737,0.2692914,4.729307
2738,2.738,0.2622467,4.682631
2739,2.739,0.26641697,4.675287
2740,2.74,0.26537073,4.739508
2741,2.741,0.26503053,4.706279
2742,2.742,0.2735064,4.696983
2743,2.743,0.26730064,4.718511
2744,2.744,0.26860908,4.744562
2745,2.745,0.26654753,4.724379
2746,2.746,0.2727774,4.7085295
2747,2.747,0.27546617,4.7133117
2748,2.748,0.25515655,4.6984463
2749,2.749,0.26196244,4.711368
2750,2.75,0.27328187,4.6887527
2751,2.751,0.29105335,4.6551914
2752,2.752,0.27576333,4.6967406
2753,2.753,0.27541518,4.685455
2754,2.754,0.28485775,4.7553253
2755,2.755,0.26532346,4.7007093
2756,2.756,0.27808195,4.6866965
2757,2.757,0.26836085,4.7573566
2758,2.758,0.28472745,4.7027287
2759,2.759,0.25692543,4.6557684
2760,2.76,0.26344883,4.6626716
2761,2.761,0.2663293,4.6851296
2762,2.762,0.26340124,4.6999345
2763,2.763,0.27016354,4.677094
2764,2.764,0.26244783,4.7101626
2765,2.765,0.25599328,4.734015
2766,2.766,0.26284418,4.644161
2767,2.767,0.24510935,4.6528316
2768,2.768,0.23752202,4.657426
2769,2.769,0.23462,4.64707
2770,2.77,0.23594703,4.650282
2771,2.771,0.24495272,4.642213
2772,2.772,0.24161142,4.655741
2773,2.773,0.22066776,4.6772814
2774,2.774,0.21795219,4.676209
2775,2.775,0.20473485,4.6737304
2776,2.776,0.20641474,4.675619
2777,2.777,0.2035704,4.5998597
2778,2.778,0.2051866,4.6083455
2779,2.779,0.21431473,4.634098
2780,2.78,0.20250973,4.6590276
2781,2.781,0.21105994,4.6213937
2782,2.782,0.216791,4.6279774
2783,2.783,0.22248043,4.6684413
2784,2.784,0.22221945,4.6058207
2785,2.785,0.20619959,4.678769
2786,2.786,0.21890268,4.625281
2787,2.787,0.20225641,4.6516557
2788,2.788,0.19262893,4.6478333
2789,2.789,0.21460015,4.6142025
2790,2.79,0.20299378,4.617281
2791,2.791,0.20618361,4.621209
2792,2.792,0.21443605,4.6581964
2793,2.793,0.20435677,4.643201
2794,2.794,0.21878964,4.6081533
2795,2.795,0.22020708,4.5945272
2796,2.796,0.2215547,4.624193
2797,2.797,0.20269117,4.5955095
2798,2.798,0.21074396,4.5859733
2799,2.799,0.21334273,4.597481
2800,2.8,0.21641877,4.650664
2801,2.801,0.2256179,4.663039
2802,2.802,0.2131153,4.633908
2803,2.803,0.20205341,4.6086254
2804,2.804,0.2014848,4.6288395
2805,2.805,0.2089664,4.6235566
2806,2.806,0.21460849,4.622539
2807,2.807,0.20797272,4.6100063
2808,2.808,0.21363133,4.6084876
2809,2.809,0.22985074,4.5978637
2810,2.81,0.21972623,4.6363463
2811,2.811,0.20866884,4.604892
2812,2.812,0.22259784,4.635525
2813,2.813,0.20753984,4.5999985
2814,2.814,0.18624334,4.5827785
2815,2.815,0.2030419,4.59952
2816,2.816,0.21400274,4.605974
2817,2.817,0.21660537,4.5905337
2818,2.818,0.22430965,4.605816
2819,2.819,0.23843643,4.5998516
2820,2.82,0.225135,4.58184
2821,2.821,0.23229128,4.5577664
2822,2.822,0.23224176,4.5493083
2823,2.823,0.23536722,4.5888724
2824,2.824,0.2489145,4.6082435
2825,2.825,0.2487677,4.581646
2826,2.826,0.25113052,4.587162
2827,2.827,0.25215927,4.601597
2828,2.828,0.25453487,4.6067653
2829,2.829,0.2826591,4.623186
2830,2.83,0.27933103,4.608979
2831,2.831,0.27779186,4.579391
2832,2.832,0.28774863,4.6182547
2833,2.833,0.27192408,4.6603847
2834,2.834,0.28522456,4.6299314
2835,2.835,0.2781335,4.6666875
2836,2.836,0.28125864,4.6250377
2837,2.837,0.27645892,4.610019
2838,2.838,0.26266512,4.626799
2839,2.839,0.26859272,4.656954
2840,2.84,0.27041414,4.681225
2841,2.841,0.26873472,4.6712303
2842,2.842,0.26695183,4.661748
2843,2.843,0.26793063,4.6885867
2844,2.844,0.2693236,4.702572
2845,2.845,0.26464534,4.716849
2846,2.846,0.2654683,4.722721
2847,2.847,0.26979125,4.675432
2848,2.848,0.27137536,4.676323
2849,2.849,0.25974002,4.738381
2850,2.85,0.26821977,4.7048116
2851,2.851,0.27045926,4.6990905
2852,2.852,0.28758046,4.6768336
2853,2.853,0.2812134,4.7238874
2854,2.854,0.2762498,4.7413363
2855,2.855,0.2858025,4.7232566
2856,2.856,0.28261086,4.710226
2857,2.857,0.28991285,4.740666
2858,2.858,0.3118218,4.7010436
2859,2.859,0.3163613,4.719694
2860,2.86,0.32109323,4.6248307
2861,2.861,0.2935224,4.694926
2862,2.862,0.30465677,4.702634
2863,2.863,0.28680524,4.691689
2864,2.864,0.2990124,4.626947
2865,2.865,0.29652533,4.6888056
2866,2.866,0.3173795,4.6753726
2867,2.867,0.30417278,4.652475
2868,2.868,0.3004142,4.6540422
2869,2.869,0.30718073,4.6292415
2870,2.87,0.311877,4.6621656
2871,2.871,0.3219947,4.628802
2872,2.872,0.29994148,4.6832514
2873,2.873,0.30779973,4.6404285
2874,2.874,0.32379597,4.6388116
2875,2.875,0.32101816,4.6694927
2876,2.876,0.30714384,4.650002
2877,2.877,0.3124937,4.6266313
2878,2.878,0.3143943,4.6604357
2879,2.879,0.31564507,4.635845
2880,2.88,0.3154804,4.631686
2881,2.881,0.292892,4.631844
2882,2.882,0.28324088,4.6264544
2883,2.883,0.28730035,4.639865
2884,2.884,0.29368836,4.579301
2885,2.885,0.30773982,4.597503
2886,2.886,0.3100514,4.5773225
2887,2.887,0.31439504,4.5865173
2888,2.888,0.3087926,4.6078477
2889,2.889,0.31168997,4.607234
2890,2.89,0.29056203,4.610233
2891,2.891,0.3119339,4.604767
2892,2.892,0.32244384,4.6140413
2893,2.893,0.32402918,4.6217017
2894,2.894,0.3264535,4.6026745
2895,2.895,0.32234418,4.588818
2896,2.896,0.31183085,4.602559
2897,2.897,0.28416458,4.5924106
2898,2.898,0.28928295,4.6308117
2899,2.899,0.28668228,4.6116314
2900,2.9,0.2853289,4.600454
2901,2.901,0.292755,4.6085505
2902,2.902,0.3012868,4.6114736
2903,2.903,0.28978682,4.6279936
2904,2.904,0.28215504,4.6507006
2905,2.905,0.29642025,4.6361103
2906,2.906,0.28730357,4.6343017
2907,2.907,0.28930333,4.6247883
2908,2.908,0.27713758,4.6736
2909,2.909,0.27716112,4.6429496
2910,2.91,0.29272538,4.6503725
2911,2.911,0.28306472,4.6295743
2912,2.912,0.2913642,4.6744285
2913,2.913,0.30614033,4.648664
2914,2.914,0.29722524,4.6165524
2915,2.915,0.30069765,4.6126347
2916,2.916,0.3019452,4.6232085
2917,2.917,0.30984256,4.6584916
2918,2.918,0.2912779,4.624218
2919,2.919,0.2866496,4.6362276
2920,2.92,0.28056258,4.62307
2921,2.921,0.26775995,4.6470194
2922,2.922,0.2740327,4.6776543
2923,2.923,0.27127692,4.667586
2924,2.924,0.2910367,4.637895
2925,2.925,0.2902221,4.622927
2926,2.926,0.3003074,4.636268
2927,2.927,0.2889735,4.620651
2928,2.928,0.29209724,4.6402054
2929,2.929,0.27924803,4.597899
2930,2.93,0.2871259,4.6379814
2931,2.931,0.28719753,4.619663
2932,2.932,0.28823993,4.598059
2933,2.933,0.28499952,4.6319795
2934,2.934,0.2878161,4.596911
2935,2.935,0.2792977,4.5893435
2936,2.936,0.30182213,4.6361585
2937,2.937,0.29905742,4.620895
2938,2.938,0.32152262,4.5861554
2939,2.939,0.31282997,4.583787
2940,2.94,0.29627436,4.5935187
2941,2.941,0.28045377,4.609993
2942,2.942,0.26562282,4.629608
2943,2.943,0.26887557,4.641262
2944,2.944,0.26935515,4.6083393
2945,2.945,0.2854664,4.6546717
2946,2.946,0.2850492,4.648588
2947,2.947,0.2892374,4.598274
2948,2.948,0.307476,4.65402
2949,2.949,0.30518335,4.648281
2950,2.95,0.30824593,4.617763
2951,2.951,0.3132502,4.578376
2952,2.952,0.31314242,4.6433525
2953,2.953,0.2838131,4.6577287
2954,2.954,0.2930812,4.619458
2955,2.955,0.28431383,4.644311
2956,2.956,0.26617342,4.6145344
2957,2.957,0.26950574,4.618573
2958,2.958,0.2777571,4.627736
2959,2.959,0.26798326,4.5994277
2960,2.96,0.27353007,4.6433554
2961,2.961,0.26778305,4.6399026
2962,2.962,0.270415,4.6574183
2963,2.963,0.26462197,4.6881537
2964,2.964,0.2593229,4.671965
2965,2.965,0.2683753,4.616262
2966,2.966,0.26324716,4.659624
2967,2.967,0.2741253,4.6157794
2968,2.968,0.30342302,4.6844096
2969,2.969,0.30060768,4.6216846
2970,2.97,0.300363,4.624109
2971,2.971,0.28827462,4.676291
2972,2.972,0.29721472,4.6328163
2973,2.973,0.28351602,4.614434
2974,2.974,0.30236834,4.5986104
2975,2.975,0.31066132,4.5802174
2976,2.976,0.29501358,4.561132
2977,2.977,0.2887284,4.599135
2978,2.978,0.3013775,4.6307592
2979,2.979,0.30108106,4.57118
2980,2.98,0.29667032,4.579033
2981,2.981,0.28730157,4.631846
2982,2.982,0.27534068,4.6177983
2983,2.983,0.27264494,4.6155176
2984,2.984,0.26102704,4.6287923
2985,2.985,0.25547007,4.6338425
2986,2.986,0.26131895,4.632721
2987,2.987,0.26719445,4.6563883
2988,2.988,0.26008072,4.6173964
2989,2.989,0.25419995,4.59436
2990,2.99,0.26069003,4.5901103
2991,2.991,0.24481913,4.6639767
2992,2.992,0.23727857,4.6346745
2993,2.993,0.24650277,4.662822
2994,2.994,0.25226218,4.6856527
2995,2.995,0.24958281,4.6580973
2996,2.996,0.2390632,4.6871114
2997,2.997,0.23290381,4.627572
2998,2.998,0.2399821,4.6343217
2999,2.999,0.2514422,4.6785555
3000,3.0,0.26374114,4.6270638
3001,3.001,0.27730122,4.639365
3002,3.002,0.26306465,4.647872
3003,3.003,0.24944869,4.6154404
3004,3.004,0.27444497,4.683721
3005,3.005,0.27028847,4.67937
3006,3.006,0.2629266,4.590749
3007,3.007,0.2572503,4.6590447
3008,3.008,0.252346,4.5957355
3009,3.009,0.2505238,4.625616
3010,3.01,0.25327653,4.624722
3011,3.011,0.25118047,4.632797
3012,3.012,0.24055223,4.6676927
3013,3.013,0.24520837,4.6104655
3014,3.014,0.23427536,4.6143737
3015,3.015,0.23803686,4.6509447
3016,3.016,0.23893987,4.6387634
3017,3.017,0.23916835,4.6257157
3018,3.018,0.23409715,4.6664653
3019,3.019,0.24545927,4.626371
3020,3.02,0.23682018,4.6327257
3021,3.021,0.23089969,4.63626
3022,3.022,0.22789003,4.649834
3023,3.023,0.24064063,4.649099
3024,3.024,0.24033757,4.659204
3025,3.025,0.24626796,4.586241
3026,3.026,0.24471971,4.6242824
3027,3.027,0.24610691,4.606377
3028,3.028,0.24997641,4.6671185
3029,3.029,0.24913128,4.6744704
3030,3.03,0.25578663,4.698915
3031,3.031,0.24718462,4.679323
3032,3.032,0.2560391,4.6481056
3033,3.033,0.25227708,4.6080794
3034,3.034,0.2444553,4.656194
3035,3.035,0.2662405,4.6685896
3036,3.036,0.26283538,4.6142726
3037,3.037,0.25442407,4.6855574
3038,3.038,0.2546552,4.6625752
3039,3.039,0.2488518,4.617723
3040,3.04,0.2557186,4.608047
3041,3.041,0.257095,4.6371393
3042,3.042,0.25188544,4.6221995
3043,3.043,0.26122227,4.6240487
3044,3.044,0.2425452,4.6780634
3045,3.045,0.24557768,4.648765
3046,3.046,0.24535894,4.606899
3047,3.047,0.24115504,4.6058636
3048,3.048,0.26069358,4.615101
3049,3.049,0.25666863,4.5889335
3050,3.05,0.2594165,4.5898986
3051,3.051,0.27486625,4.6423163
3052,3.052,0.27404433,4.650832
3053,3.053,0.26961058,4.682646
3054,3.054,0.27309212,4.6420145
3055,3.055,0.26987028,4.657217
3056,3.056,0.2830114,4.641599
3057,3.057,0.27451846,4.685753
3058,3.058,0.25148863,4.6125484
3059,3.059,0.26133952,4.614639
3060,3.06,0.25947934,4.6793895
3061,3.061,0.27487698,4.607327
3062,3.062,0.2636541,4.6385365
3063,3.063,0.26177087,4.622563
3064,3.064,0.25048596,4.6370296
3065,3.065,0.24019828,4.612113
3066,3.066,0.22890127,4.6290894
3067,3.067,0.24135748,4.7258625
3068,3.068,0.25000507,4.705105
3069,3.069,0.23956773,4.6921544
3070,3.07,0.24196856,4.7128344
3071,3.071,0.24017374,4.672414
3072,3.072,0.24785456,4.67204
3073,3.073,0.25086248,4.6638055
3074,3.074,0.24145684,4.6643176
3075,3.075,0.25973448,4.670168
3076,3.076,0.24816638,4.6568294
3077,3.077,0.24523099,4.6439776
3078,3.078,0.25447425,4.6461735
3079,3.079,0.23511267,4.67291
3080,3.08,0.24168342,4.641846
3081,3.081,0.244796,4.7098722
3082,3.082,0.23695315,4.6846213
3083,3.083,0.25684893,4.6993847
3084,3.084,0.23482339,4.7393126
3085,3.085,0.23598549,4.7151065
3086,3.086,0.23074971,4.729807
3087,3.087,0.23589803,4.696061
3088,3.088,0.25134125,4.6827426
3089,3.089,0.25559607,4.693489
3090,3.09,0.24734637,4.6342607
3091,3.091,0.25612557,4.660244
3092,3.092,0.25599894,4.67372
3093,3.093,0.25155342,4.648737
3094,3.094,0.25720963,4.6616945
3095,3.095,0.2628866,4.647785
3096,3.096,0.25915927,4.6313763
3097,3.097,0.26212743,4.647088
3098,3.098,0.26079243,4.6339717
3099,3.099,0.25606215,4.6466513
3100,3.1,0.23943138,4.6725345
3101,3.101,0.22545926,4.672685
3102,3.102,0.23716989,4.688386
3103,3.103,0.24208319,4.666639
3104,3.104,0.2526793,4.678791
3105,3.105,0.25120807,4.6927266
3106,3.106,0.24974532,4.6845255
3107,3.107,0.23353082,4.6817636
3108,3.108,0.23693803,4.6892314
3109,3.109,0.24613602,4.681276
3110,3.11,0.24926627,4.682563
3111,3.111,0.26465908,4.709953
3112,3.112,0.27090362,4.681122
3113,3.113,0.27161527,4.6882644
3114,3.114,0.27275708,4.690724
3115,3.115,0.26027998,4.710905
3116,3.116,0.26473027,4.7482786
3117,3.117,0.26441744,4.7071157
3118,3.118,0.272713,4.711217
3119,3.119,0.28266197,4.681622
3120,3.12,0.2662379,4.6755576
3121,3.121,0.25347042,4.7280974
3122,3.122,0.25723928,4.6840916
3123,3.123,0.26137733,4.7121177
3124,3.124,0.27279097,4.710469
3125,3.125,0.26451927,4.6856484
3126,3.126,0.2761908,4.6567745
3127,3.127,0.2699675,4.6770453
3128,3.128,0.274613,4.6818595
3129,3.129,0.2812463,4.682337
3130,3.13,0.2922812,4.697133
3131,3.131,0.29884303,4.670988
3132,3.132,0.30106974,4.6637573
3133,3.133,0.29492834,4.6864576
3134,3.134,0.29760438,4.6900864
3135,3.135,0.28133506,4.669892
3136,3.136,0.28623638,4.68309
3137,3.137,0.2855676,4.684041
3138,3.138,0.28208312,4.716053
3139,3.139,0.29196897,4.7155833
3140,3.14,0.28348666,4.706431
3141,3.141,0.29488248,4.701404
3142,3.142,0.29416147,4.6305914
3143,3.143,0.28192797,4.695181
3144,3.144,0.28080678,4.6820817
3145,3.145,0.2747651,4.661551
3146,3.146,0.27886507,4.6439953
3147,3.147,0.27683207,4.6718698
3148,3.148,0.27645916,4.685396
3149,3.149,0.2596608,4.6599026
3150,3.15,0.2793244,4.6979556
3151,3.151,0.26896453,4.671617
3152,3.152,0.28700468,4.72347
3153,3.153,0.28215727,4.6766844
3154,3.154,0.30032954,4.7319703
3155,3.155,0.29524937,4.6755986
3156,3.156,0.30774546,4.6814666
3157,3.157,0.2959273,4.638259
3158,3.158,0.2827421,4.660575
3159,3.159,0.28515768,4.6442165
3160,3.16,0.28735003,4.6483436
3161,3.161,0.30487314,4.643451
3162,3.162,0.28454956,4.6904526
3163,3.163,0.27823678,4.6160865
3164,3.164,0.27577296,4.642248
3165,3.165,0.28230023,4.61385
3166,3.166,0.28863308,4.6264596
3167,3.167,0.27881283,4.618848
3168,3.168,0.28333086,4.6239834
3169,3.169,0.27444243,4.6080575
3170,3.17,0.27703223,4.638531
3171,3.171,0.282563,4.6059375
3172,3.172,0.27580693,4.6633587
3173,3.173,0.28486523,4.585884
3174,3.174,0.2667853,4.637899
3175,3.175,0.278943,4.5699267
3176,3.176,0.27775794,4.625443
3177,3.177,0.2758172,4.6595287
3178,3.178,0.27750188,4.6310663
3179,3.179,0.2677431,4.6245522
3180,3.18,0.2808846,4.5855
3181,3.181,0.28265238,4.6035366
3182,3.182,0.29149488,4.578551
3183,3.183,0.27775857,4.667716
3184,3.184,0.2788265,4.6432443
3185,3.185,0.2839776,4.5980067
3186,3.186,0.27350956,4.6334996
3187,3.187,0.28810093,4.6032376
3188,3.188,0.29116774,4.5673976
3189,3.189,0.28063032,4.64177
3190,3.19,0.27292275,4.642343
3191,3.191,0.28300917,4.638475
3192,3.192,0.2834469,4.5843053
3193,3.193,0.2790772,4.6322236
3194,3.194,0.2912612,4.6085663
3195,3.195,0.29453358,4.602665
3196,3.196,0.30255428,4.5982704
3197,3.197,0.29449296,4.580879
3198,3.198,0.28882506,4.618354
3199,3.199,0.26448345,4.6013665
3200,3.2,0.27032822,4.653505
3201,3.201,0.26582032,4.5726438
3202,3.202,0.27167422,4.623028
3203,3.203,0.27400026,4.6010675
3204,3.204,0.2662099,4.6637926
3205,3.205,0.26213294,4.5962996
3206,3.206,0.2634383,4.655512
3207,3.207,0.25793532,4.642219
3208,3.208,0.2730072,4.6513295
3209,3.209,0.27371848,4.6754475
3210,3.21,0.27066562,4.6900425
3211,3.211,0.2681219,4.6533136
3212,3.212,0.27596655,4.6664944
3213,3.213,0.2755459,4.652621
3214,3.214,0.27364752,4.6279855
3215,3.215,0.276119,4.678731
3216,3.216,0.27255082,4.679506
3217,3.217,0.28000394,4.7023683
3218,3.218,0.28212655,4.6487193
3219,3.219,0.27673122,4.704377
3220,3.22,0.25595582,4.673743
3221,3.221,0.24941069,4.732768
3222,3.222,0.24685845,4.7092648
3223,3.223,0.23678185,4.694655
3224,3.224,0.22660866,4.695415
3225,3.225,0.23448077,4.723427
3226,3.226,0.24460231,4.7264004
3227,3.227,0.2461419,4.664295
3228,3.228,0.252068,4.6371613
3229,3.229,0.24479812,4.659878
3230,3.23,0.24847966,4.680282
3231,3.231,0.25468495,4.6470895
3232,3.232,0.26673567,4.646559
3233,3.233,0.27072477,4.648801
3234,3.234,0.2876315,4.7428994
3235,3.235,0.29109207,4.6582165
3236,3.236,0.2854662,4.676107
3237,3.237,0.293995,4.7073307
3238,3.238,0.2986387,4.6911383
3239,3.239,0.30122656,4.6794
3240,3.24,0.2977801,4.686709
3241,3.241,0.3110657,4.660128
3242,3.242,0.31300324,4.6492796
3243,3.243,0.30249697,4.6529326
3244,3.244,0.29695988,4.6228743
3245,3.245,0.28034782,4.640534
3246,3.246,0.2817797,4.640154
3247,3.247,0.29373106,4.681687
3248,3.248,0.29250792,4.6750135
3249,3.249,0.29500985,4.6661057
3250,3.25,0.30199346,4.661558
3251,3.251,0.29337016,4.623353
3252,3.252,0.305279,4.6522393
3253,3.253,0.30859375,4.6874456
3254,3.254,0.30827442,4.63071
3255,3.255,0.28507394,4.6662674
3256,3.256,0.29821554,4.6954584
3257,3.257,0.29054335,4.6961856
3258,3.258,0.28040555,4.620715
3259,3.259,0.29084,4.6187515
3260,3.26,0.29712623,4.5817556
3261,3.261,0.30041265,4.615726
3262,3.262,0.2879422,4.6290975
3263,3.263,0.29468465,4.6534233
3264,3.264,0.30952975,4.679373
3265,3.265,0.30455354,4.652465
3266,3.266,0.31503746,4.6459255
3267,3.267,0.32187134,4.6519656
3268,3.268,0.32328594,4.6397195
3269,3.269,0.315111,4.639239
3270,3.27,0.31934547,4.6594725
3271,3.271,0.30999193,4.597183
3272,3.272,0.31763196,4.638905
3273,3.273,0.3144033,4.642222
3274,3.274,0.30885717,4.6757445
3275,3.275,0.30473322,4.6339483
3276,3.276,0.30750063,4.5936394
3277,3.277,0.31661898,4.6163764
3278,3.278,0.30655146,4.6520267
3279,3.279,0.2976764,4.709198
3280,3.28,0.3000829,4.650451
3281,3.281,0.2890907,4.61522
3282,3.282,0.2896747,4.655619
3283,3.283,0.2867,4.720137
3284,3.284,0.2907905,4.693436
3285,3.285,0.2931776,4.5965576
3286,3.286,0.30191132,4.682336
3287,3.287,0.29402587,4.650955
3288,3.288,0.28072095,4.7094207
3289,3.289,0.27396795,4.7056155
3290,3.29,0.2858872,4.6766477
3291,3.291,0.27974725,4.594421
3292,3.292,0.27496657,4.630522
3293,3.293,0.27249208,4.6372337
3294,3.294,0.28751132,4.696973
3295,3.295,0.27395427,4.6787925
3296,3.296,0.26527247,4.614853
3297,3.297,0.27563483,4.7007446
3298,3.298,0.26739445,4.645571
3299,3.299,0.2715614,4.6899
3300,3.3,0.2593044,4.656241
3301,3.301,0.26691568,4.6812305
3302,3.302,0.25613844,4.6635966
3303,3.303,0.27733457,4.680161
3304,3.304,0.27042013,4.6562977
3305,3.305,0.26313427,4.658671
3306,3.306,0.25150746,4.670745
3307,3.307,0.23709288,4.691624
3308,3.308,0.2522317,4.7476807
3309,3.309,0.25544134,4.7182655
3310,3.31,0.26585728,4.700366
3311,3.311,0.24824905,4.735791
3312,3.312,0.25000578,4.691032
3313,3.313,0.26006606,4.6644864
3314,3.314,0.25004277,4.6342244
3315,3.315,0.26018736,4.6034493
3316,3.316,0.25621966,4.6077094
3317,3.317,0.24534999,4.6522985
3318,3.318,0.24821132,4.652378
3319,3.319,0.2455572,4.59863
3320,3.32,0.2307527,4.634178
3321,3.321,0.23478253,4.663472
3322,3.322,0.22740357,4.6851053
3323,3.323,0.23006387,4.686286
3324,3.324,0.2300777,4.657099
3325,3.325,0.24858363,4.6736236
3326,3.326,0.2473029,4.71696
3327,3.327,0.224398,4.7084265
3328,3.328,0.23121563,4.7037506
3329,3.329,0.24392462,4.6836815
3330,3.33,0.23920725,4.699614
3331,3.331,0.25651747,4.644014
3332,3.332,0.24795926,4.5680447
3333,3.333,0.25432974,4.628148
3334,3.334,0.24959786,4.590987
3335,3.335,0.2536065,4.574243
3336,3.336,0.25792277,4.5781283
3337,3.337,0.26449,4.5900106
3338,3.338,0.26725262,4.6026497
3339,3.339,0.28215075,4.5724936
3340,3.34,0.27227542,4.6154075
3341,3.341,0.28627393,4.643935
3342,3.342,0.26287538,4.6364284
3343,3.343,0.26761916,4.596012
3344,3.344,0.27235714,4.6387386
3345,3.345,0.27589095,4.6544895
3346,3.346,0.26828805,4.629376
3347,3.347,0.2771845,4.625898
3348,3.348,0.27463782,4.627716
3349,3.349,0.26869062,4.5892906
3350,3.35,0.2659701,4.598615
3351,3.351,0.2762634,4.621224
3352,3.352,0.28519395,4.639021
3353,3.353,0.28371185,4.6202745
3354,3.354,0.28626546,4.611128
3355,3.355,0.28860626,4.581212
3356,3.356,0.28185806,4.60403
3357,3.357,0.26796255,4.653844
3358,3.358,0.2715576,4.609301
3359,3.359,0.27918077,4.6385775
3360,3.36,0.27283123,4.646671
3361,3.361,0.28500175,4.6219816
3362,3.362,0.2797243,4.607182
3363,3.363,0.29052344,4.612345
3364,3.364,0.2973133,4.633556
3365,3.365,0.27017018,4.5955925
3366,3.366,0.26082125,4.6097417
3367,3.367,0.2611156,4.5727654
3368,3.368,0.26054808,4.664513
3369,3.369,0.25750408,4.6154675
3370,3.37,0.2653461,4.643363
3371,3.371,0.26770145,4.608257
3372,3.372,0.27495542,4.6389375
3373,3.373,0.26360458,4.656703
3374,3.374,0.27603734,4.641877
3375,3.375,0.26955742,4.6218414
3376,3.376,0.2767262,4.616385
3377,3.377,0.2548306,4.6272607
3378,3.378,0.2666683,4.6628866
3379,3.379,0.2747977,4.628043
3380,3.38,0.27752,4.6420794
3381,3.381,0.2847092,4.615128
3382,3.382,0.27730143,4.6103597
3383,3.383,0.27811626,4.5575814
3384,3.384,0.27718303,4.602655
3385,3.385,0.26860973,4.6639466
3386,3.386,0.2640771,4.609191
3387,3.387,0.2696198,4.5782223
3388,3.388,0.27253088,4.584399
3389,3.389,0.2774623,4.622206
3390,3.39,0.27692434,4.507761
3391,3.391,0.26810467,4.577319
3392,3.392,0.2663232,4.55701
3393,3.393,0.26566982,4.534977
3394,3.394,0.26114812,4.6066685
3395,3.395,0.27480486,4.587537
3396,3.396,0.27693978,4.5781136
3397,3.397,0.27194893,4.5693893
3398,3.398,0.29038018,4.5613103
3399,3.399,0.27325353,4.5830736
3400,3.4,0.27525964,4.581215
3401,3.401,0.2802177,4.5766444
3402,3.402,0.26784173,4.5403576
3403,3.403,0.254417,4.5556617
3404,3.404,0.24894398,4.5578103
3405,3.405,0.23125039,4.536526
3406,3.406,0.23104385,4.5427446
3407,3.407,0.21813563,4.5376945
3408,3.408,0.22303025,4.515026
3409,3.409,0.24661483,4.5380297
3410,3.41,0.2552213,4.5727344
3411,3.411,0.23787121,4.580393
3412,3.412,0.24926488,4.5449514
3413,3.413,0.24850759,4.6383967
3414,3.414,0.24765183,4.5967555
3415,3.415,0.23578088,4.5970793
3416,3.416,0.23333274,4.5836077
3417,3.417,0.23437722,4.545054
3418,3.418,0.23980501,4.614155
3419,3.419,0.23645966,4.7339907
3420,3.42,0.25160372,4.6464663
3421,3.421,0.2556526,4.678325
3422,3.422,0.25364798,4.677343
3423,3.423,0.24594879,4.662434
3424,3.424,0.24944544,4.715282
3425,3.425,0.2536097,4.667237
3426,3.426,0.26182693,4.611802
3427,3.427,0.24830213,4.610071
3428,3.428,0.25455737,4.6166883
3429,3.429,0.24532525,4.546786
3430,3.43,0.24955964,4.614699
3431,3.431,0.24954714,4.6157346
3432,3.432,0.24179699,4.6066833
3433,3.433,0.24828629,4.5598125
3434,3.434,0.2625914,4.560688
3435,3.435,0.24913824,4.538891
3436,3.436,0.25786585,4.592542
3437,3.437,0.2678646,4.595358
3438,3.438,0.2722854,4.5361
3439,3.439,0.26979637,4.5512958
3440,3.44,0.27537844,4.5869265
3441,3.441,0.28191116,4.5351195
3442,3.442,0.27206603,4.5450826
3443,3.443,0.27844942,4.549685
3444,3.444,0.2746336,4.5666366
3445,3.445,0.29506922,4.571499
3446,3.446,0.2926537,4.558527
3447,3.447,0.2915244,4.596423
3448,3.448,0.29950818,4.5937767
3449,3.449,0.29288015,4.6151605
3450,3.45,0.29338434,4.6190543
3451,3.451,0.29906824,4.575299
3452,3.452,0.29624608,4.596994
3453,3.453,0.3033809,4.575892
3454,3.454,0.31241307,4.594708
3455,3.455,0.2918052,4.5738797
3456,3.456,0.30198658,4.594379
3457,3.457,0.31056306,4.585696
3458,3.458,0.30801147,4.603789
3459,3.459,0.30124152,4.6144867
3460,3.46,0.2988693,4.566765
3461,3.461,0.28661633,4.6295347
3462,3.462,0.28230083,4.632281
3463,3.463,0.29512975,4.6296277
3464,3.464,0.28807706,4.610471
3465,3.465,0.28506988,4.5762706
3466,3.466,0.29112148,4.6029167
3467,3.467,0.2918575,4.618164
3468,3.468,0.2926292,4.595458
3469,3.469,0.30951557,4.5995984
3470,3.47,0.31680787,4.636609
3471,3.471,0.30936632,4.5962768
3472,3.472,0.2951213,4.598775
3473,3.473,0.2947872,4.61003
3474,3.474,0.30854148,4.57416
3475,3.475,0.30631664,4.618299
3476,3.476,0.30558422,4.6662827
3477,3.477,0.2926543,4.6012616
3478,3.478,0.2937653,4.652792
3479,3.479,0.27813682,4.622831
3480,3.48,0.28313026,4.6565833
3481,3.481,0.28858203,4.6453757
3482,3.482,0.30200303,4.632382
3483,3.483,0.29068238,4.681407
3484,3.484,0.27977058,4.690413
3485,3.485,0.2902225,4.7241697
3486,3.486,0.3012657,4.6720734
3487,3.487,0.29159716,4.673171
3488,3.488,0.30591294,4.675383
3489,3.489,0.30003533,4.6075296
3490,3.49,0.3034112,4.654726
3491,3.491,0.2959613,4.578928
3492,3.492,0.29528636,4.5985484
3493,3.493,0.2960226,4.572814
3494,3.494,0.30609503,4.599883
3495,3.495,0.31059042,4.5796986
3496,3.496,0.3017417,4.65463
3497,3.497,0.28547207,4.677198
3498,3.498,0.27191728,4.699389
3499,3.499,0.28218576,4.64128
3500,3.5,0.28534204,4.6499696
3501,3.501,0.28912887,4.6679783
3502,3.502,0.27729666,4.6307635
3503,3.503,0.30160794,4.6200147
3504,3.504,0.30109718,4.621173
3505,3.505,0.30373526,4.624843
3506,3.506,0.30818105,4.630604
3507,3.507,0.30402073,4.6870046
3508,3.508,0.30886522,4.6500583
3509,3.509,0.3044461,4.662822
3510,3.51,0.31600302,4.7153277
3511,3.511,0.31188294,4.6526437
3512,3.512,0.32029772,4.6986585
3513,3.513,0.32493976,4.6205654
3514,3.514,0.33559683,4.631351
3515,3.515,0.34140703,4.6181893
3516,3.516,0.32444632,4.6825113
3517,3.517,0.32812288,4.671707
3518,3.518,0.3214079,4.662984
3519,3.519,0.32690078,4.678279
3520,3.52,0.30973265,4.598384
3521,3.521,0.3215219,4.6453543
3522,3.522,0.31818414,4.650253
3523,3.523,0.30277961,4.6683784
3524,3.524,0.29615572,4.721902
3525,3.525,0.3100978,4.7622595
3526,3.526,0.3013309,4.709388
3527,3.527,0.28097036,4.747155
3528,3.528,0.2808642,4.7305017
3529,3.529,0.27171633,4.7012005
3530,3.53,0.2759052,4.75789
3531,3.531,0.2784799,4.724005
3532,3.532,0.28096133,4.719303
3533,3.533,0.29295316,4.7069917
3534,3.534,0.2724543,4.695887
3535,3.535,0.27580148,4.7317667
3536,3.536,0.2793101,4.791842
3537,3.537,0.27666125,4.7556276
3538,3.538,0.27483892,4.741472
3539,3.539,0.2588379,4.7443347
3540,3.54,0.25974515,4.813793
3541,3.541,0.27407005,4.8314967
3542,3.542,0.26279667,4.804309
3543,3.543,0.26263472,4.78817
3544,3.544,0.25844818,4.905833
3545,3.545,0.25965592,4.8837414
3546,3.546,0.264758,4.8687835
3547,3.547,0.27242884,4.782388
3548,3.548,0.2644996,4.7731557
3549,3.549,0.25227845,4.7336926
3550,3.55,0.24626303,4.7384977
3551,3.551,0.25068223,4.742321
3552,3.552,0.2548458,4.736546
3553,3.553,0.2616496,4.726398
3554,3.554,0.28137267,4.7253737
3555,3.555,0.26830077,4.67898
3556,3.556,0.26138264,4.712
3557,3.557,0.2608082,4.6941395
3558,3.558,0.26458418,4.685835
3559,3.559,0.25999093,4.6933527
3560,3.56,0.2631191,4.6662083
3561,3.561,0.2676021,4.635129
3562,3.562,0.2731027,4.6413474
3563,3.563,0.28252536,4.6327295
3564,3.564,0.27835038,4.641293
3565,3.565,0.27307707,4.62262
3566,3.566,0.27671137,4.6174846
3567,3.567,0.27761036,4.543663
3568,3.568,0.2871009,4.6020055
3569,3.569,0.2892462,4.5844407
3570,3.57,0.290241,4.568698
3571,3.571,0.28468177,4.5825706
3572,3.572,0.27417317,4.558215
3573,3.573,0.2795788,4.504065
3574,3.574,0.28690296,4.5260115
3575,3.575,0.28761744,4.5454574
3576,3.576,0.29027724,4.5214643
3577,3.577,0.28472257,4.487349
3578,3.578,0.27769926,4.584641
3579,3.579,0.25788623,4.6500196
3580,3.58,0.272713,4.647265
3581,3.581,0.27571008,4.6883616
3582,3.582,0.26241988,4.587241
3583,3.583,0.26994458,4.601935
3584,3.584,0.27014685,4.5739045
3585,3.585,0.27386498,4.6021204
3586,3.586,0.27868095,4.611727
3587,3.587,0.26463723,4.646405
3588,3.588,0.26613998,4.694166
3589,3.589,0.2649075,4.645767
3590,3.59,0.26630497,4.667015
3591,3.591,0.26783094,4.6526637
3592,3.592,0.2740652,4.639307
3593,3.593,0.2745195,4.6445627
3594,3.594,0.27578408,4.703708
3595,3.595,0.26546133,4.732534
3596,3.596,0.24851084,4.6721745
3597,3.597,0.26586837,4.68533
3598,3.598,0.2807897,4.6094832
3599,3.599,0.27708626,4.629546
3600,3.6,0.28756157,4.6752667
3601,3.601,0.29816592,4.6588507
3602,3.602,0.29475504,4.7236886
3603,3.603,0.28529,4.706042
3604,3.604,0.28412917,4.66618
3605,3.605,0.28701252,4.6745687
3606,3.606,0.2975129,4.657531
3607,3.607,0.29219833,4.641488
3608,3.608,0.28884426,4.690651
3609,3.609,0.27263522,4.7098436
3610,3.61,0.27698737,4.6882987
3611,3.611,0.27526802,4.6383204
3612,3.612,0.28474915,4.630313
3613,3.613,0.29143122,4.664393
3614,3.614,0.25531664,4.682001
3615,3.615,0.26289672,4.6379466
3616,3.616,0.26608872,4.635912
3617,3.617,0.26890436,4.585434
3618,3.618,0.27941275,4.6294384
3619,3.619,0.26874784,4.6291385
3620,3.62,0.2630376,4.644151
3621,3.621,0.24222401,4.7415624
3622,3.622,0.24190596,4.688279
3623,3.623,0.25114685,4.6799927
3624,3.624,0.25186387,4.7339053
3625,3.625,0.25254086,4.7022653
3626,3.626,0.25066033,4.688229
3627,3.627,0.23133035,4.672108
3628,3.628,0.24488334,4.721342
3629,3.629,0.24376723,4.708274
3630,3.63,0.24648167,4.715198
3631,3.631,0.2589605,4.766451
3632,3.632,0.25503984,4.7694335
3633,3.633,0.24120969,4.7658134
3634,3.634,0.24402933,4.757498
3635,3.635,0.22714442,4.727619
3636,3.636,0.23531662,4.7008843
3637,3.637,0.2510276,4.72917
3638,3.638,0.2693176,4.7337594
3639,3.639,0.2665085,4.7430496
3640,3.64,0.27400026,4.7511325
3641,3.641,0.26202267,4.761516
3642,3.642,0.2639856,4.7455535
3643,3.643,0.2726104,4.7174354
3644,3.644,0.26812902,4.6676455
3645,3.645,0.26646402,4.6541567
3646,3.646,0.28466105,4.6631265
3647,3.647,0.28788537,4.600668
3648,3.648,0.27175164,4.59798
3649,3.649,0.27933702,4.5975566
3650,3.65,0.29015177,4.599983
3651,3.651,0.28914347,4.607556
3652,3.652,0.27994284,4.6020517
3653,3.653,0.28404212,4.6023297
3654,3.654,0.29430705,4.5963254
3655,3.655,0.28846142,4.618125
3656,3.656,0.29553857,4.6085153
3657,3.657,0.27930307,4.65718
3658,3.658,0.28852573,4.64176
3659,3.659,0.28028864,4.6913314
3660,3.66,0.278571,4.6358566
3661,3.661,0.26523608,4.687998
3662,3.662,0.26483417,4.6648135
3663,3.663,0.27095076,4.682629
3664,3.664,0.2694429,4.6705375
3665,3.665,0.27079883,4.695082
3666,3.666,0.292023,4.6232266
3667,3.667,0.27772883,4.6373696
3668,3.668,0.2827041,4.626039
3669,3.669,0.27394265,4.64904
3670,3.67,0.28383875,4.6571727
3671,3.671,0.29074818,4.595586
3672,3.672,0.29470426,4.5947123
3673,3.673,0.30092284,4.585082
3674,3.674,0.30177864,4.5887527
3675,3.675,0.30177808,4.617005
3676,3.676,0.28588095,4.626196
3677,3.677,0.29757777,4.5932627
3678,3.678,0.30111754,4.6249456
3679,3.679,0.2962769,4.638345
3680,3.68,0.30959752,4.6035376
3681,3.681,0.3012868,4.5909114
3682,3.682,0.29698905,4.6071353
3683,3.683,0.29148456,4.6163707
3684,3.684,0.30232036,4.563107
3685,3.685,0.30382088,4.5844684
3686,3.686,0.30995092,4.6398783
3687,3.687,0.31491816,4.651017
3688,3.688,0.30681512,4.690248
3689,3.689,0.2953128,4.6594644
3690,3.69,0.2826724,4.6731114
3691,3.691,0.29271492,4.664934
3692,3.692,0.31258452,4.6730504
3693,3.693,0.3026605,4.666039
3694,3.694,0.3139211,4.661124
3695,3.695,0.31187886,4.6653333
3696,3.696,0.2995157,4.674727
3697,3.697,0.29910344,4.6628933
3698,3.698,0.30161542,4.6603394
3699,3.699,0.27934715,4.659463
3700,3.7,0.27637613,4.7316794
3701,3.701,0.29144132,4.714616
3702,3.702,0.30665532,4.689571
3703,3.703,0.28728324,4.715613
3704,3.704,0.30866584,4.714596
3705,3.705,0.28935307,4.719145
3706,3.706,0.29877397,4.7649755
3707,3.707,0.2978327,4.683136
3708,3.708,0.28653002,4.702674
3709,3.709,0.28416783,4.726172
3710,3.71,0.28162828,4.734824
3711,3.711,0.29028043,4.7091594
3712,3.712,0.2980323,4.6909165
3713,3.713,0.29755193,4.6692085
3714,3.714,0.2890113,4.6743584
3715,3.715,0.29034135,4.6722636
3716,3.716,0.30647415,4.639996
3717,3.717,0.30194408,4.6283345
3718,3.718,0.3327852,4.5870166
3719,3.719,0.33318493,4.6430025
3720,3.72,0.32963586,4.679761
3721,3.721,0.30718544,4.6737723
3722,3.722,0.3050625,4.6907573
3723,3.723,0.3218252,4.663233
3724,3.724,0.31631288,4.6484756
3725,3.725,0.31886658,4.671327
3726,3.726,0.32408682,4.6433325
3727,3.727,0.33092454,4.663612
3728,3.728,0.31129026,4.6595426
3729,3.729,0.32662025,4.5979633
3730,3.73,0.34278974,4.6180277
3731,3.731,0.33014274,4.5797925
3732,3.732,0.3306324,4.630173
3733,3.733,0.3159659,4.6557484
3734,3.734,0.32788077,4.6795554
3735,3.735,0.33294997,4.595069
3736,3.736,0.32658008,4.663833
3737,3.737,0.32273304,4.6285753
3738,3.738,0.31329817,4.6283655
3739,3.739,0.30397892,4.6496835
3740,3.74,0.2955325,4.61171
3741,3.741,0.29995036,4.6494646
3742,3.742,0.29101345,4.6356635
3743,3.743,0.3068479,4.6749887
3744,3.744,0.28837904,4.666984
3745,3.745,0.29372653,4.6762824
3746,3.746,0.30487865,4.642709
3747,3.747,0.30628398,4.723824
3748,3.748,0.30515265,4.6706104
3749,3.749,0.30277103,4.627286
3750,3.75,0.3040696,4.6708174
3751,3.751,0.30356565,4.680854
3752,3.752,0.3011329,4.711762
3753,3.753,0.30068997,4.705201
3754,3.754,0.3069409,4.7414274
3755,3.755,0.2895923,4.7390556
3756,3.756,0.29546326,4.790026
3757,3.757,0.32388556,4.7426467
3758,3.758,0.31996316,4.7540803
3759,3.759,0.32791814,4.6854653
3760,3.76,0.31359893,4.7090015
3761,3.761,0.31196243,4.711125
3762,3.762,0.33358645,4.6687775
3763,3.763,0.33398265,4.705724
3764,3.764,0.35553575,4.704607
3765,3.765,0.35715267,4.698991
3766,3.766,0.36150467,4.731791
3767,3.767,0.36193356,4.7433634
3768,3.768,0.3680659,4.7186675
3769,3.769,0.3552596,4.714506
3770,3.77,0.34263983,4.7113614
3771,3.771,0.3425413,4.725415
3772,3.772,0.3503291,4.683386
3773,3.773,0.34636107,4.7216477
3774,3.774,0.3561432,4.7190547
3775,3.775,0.36624515,4.7149863
3776,3.776,0.36663362,4.644677
3777,3.777,0.34980968,4.6642795
3778,3.778,0.35400185,4.643261
3779,3.779,0.3556677,4.672968
3780,3.78,0.34495413,4.688708
3781,3.781,0.34114268,4.6971602
3782,3.782,0.35572785,4.67777
3783,3.783,0.35914284,4.71037
3784,3.784,0.36786515,4.709907
3785,3.785,0.35861072,4.707266
3786,3.786,0.35513285,4.6931133
3787,3.787,0.3725315,4.700856
3788,3.788,0.37831318,4.6890745
3789,3.789,0.39838716,4.6570935
3790,3.79,0.40630662,4.696446
3791,3.791,0.4133676,4.6678915
3792,3.792,0.4072796,4.73414
3793,3.793,0.39541775,4.6912336
3794,3.794,0.40260252,4.708878
3795,3.795,0.40981114,4.7254205
3796,3.796,0.40673104,4.757003
3797,3.797,0.41208765,4.7377105
3798,3.798,0.39947683,4.7477875
3799,3.799,0.39904732,4.7118554
3800,3.8,0.39337397,4.8021255
3801,3.801,0.38882247,4.782354
3802,3.802,0.40296787,4.79583
3803,3.803,0.39600652,4.783261
3804,3.804,0.40000892,4.756146
3805,3.805,0.38112804,4.7796307
3806,3.806,0.38997474,4.829405
3807,3.807,0.40042973,4.79769
3808,3.808,0.3802236,4.837889
3809,3.809,0.3880231,4.813506
3810,3.81,0.39527652,4.8678207
3811,3.811,0.41803387,4.785578
3812,3.812,0.40824533,4.780891
3813,3.813,0.3999943,4.8316073
3814,3.814,0.404912,4.771722
3815,3.815,0.41308686,4.7608504
3816,3.816,0.39259255,4.7869215
3817,3.817,0.39426762,4.7691545
3818,3.818,0.39520982,4.7385855
3819,3.819,0.39120874,4.673328
3820,3.82,0.37852043,4.6539917
3821,3.821,0.3770353,4.6505723
3822,3.822,0.37234592,4.6664767
3823,3.823,0.36908317,4.697706
3824,3.824,0.3751615,4.6816173
3825,3.825,0.36715588,4.6722813
3826,3.826,0.37091786,4.7118444
3827,3.827,0.35756236,4.7234607
3828,3.828,0.3688275,4.724329
3829,3.829,0.37636328,4.738271
3830,3.83,0.37840024,4.7015133
3831,3.831,0.3958112,4.6940947
3832,3.832,0.40713426,4.6511126
3833,3.833,0.4194859,4.675767
3834,3.834,0.43222445,4.65032
3835,3.835,0.4121725,4.6673036
3836,3.836,0.41565064,4.6423345
3837,3.837,0.40109718,4.6361623
3838,3.838,0.4028818,4.693902
3839,3.839,0.40539575,4.683179
3840,3.84,0.39591384,4.667093
3841,3.841,0.40804735,4.714928
3842,3.842,0.40522176,4.72076
3843,3.843,0.3922373,4.716094
3844,3.844,0.38749114,4.653981
3845,3.845,0.39597747,4.694592
3846,3.846,0.3941462,4.714442
3847,3.847,0.38627923,4.74867
3848,3.848,0.38998306,4.7033596
3849,3.849,0.39623266,4.7249446
3850,3.85,0.39953122,4.7354813
3851,3.851,0.39907178,4.6255193
3852,3.852,0.40361467,4.616987
3853,3.853,0.39608154,4.657242
3854,3.854,0.39022085,4.6531854
3855,3.855,0.38113806,4.588013
3856,3.856,0.39387453,4.6301327
3857,3.857,0.3973332,4.584627
3858,3.858,0.40728828,4.5511284
3859,3.859,0.40583235,4.6277275
3860,3.86,0.40987474,4.611332
3861,3.861,0.39927697,4.6390915
3862,3.862,0.3986275,4.61483
3863,3.863,0.40543538,4.61165
3864,3.864,0.39403415,4.616477
3865,3.865,0.43034142,4.599551
3866,3.866,0.4156591,4.60057
3867,3.867,0.41602394,4.613913
3868,3.868,0.42266065,4.5856833
3869,3.869,0.40602827,4.6071787
3870,3.87,0.41022542,4.6130853
3871,3.871,0.41553852,4.5867696
3872,3.872,0.40384746,4.600868
3873,3.873,0.40519494,4.6037383
3874,3.874,0.40868807,4.6258073
3875,3.875,0.41113573,4.6026473
3876,3.876,0.40527925,4.6184225
3877,3.877,0.41054347,4.5772924
3878,3.878,0.4121234,4.5775633
3879,3.879,0.41357884,4.5329485
3880,3.88,0.41544324,4.5528955
3881,3.881,0.42734164,4.5584984
3882,3.882,0.4205742,4.593394
3883,3.883,0.4004586,4.57927
3884,3.884,0.39347857,4.5560355
3885,3.885,0.40652293,4.583787
3886,3.886,0.40552163,4.5725083
3887,3.887,0.40846032,4.6308327
3888,3.888,0.41270417,4.6688967
3889,3.889,0.41012934,4.689433
3890,3.89,0.43337682,4.6038995
3891,3.891,0.43246174,4.633672
3892,3.892,0.41251966,4.6369653
3893,3.893,0.413584,4.629419
3894,3.894,0.411057,4.597404
3895,3.895,0.4097103,4.6126366
3896,3.896,0.40013504,4.619176
3897,3.897,0.40150222,4.6083126
3898,3.898,0.4137092,4.5820723
3899,3.899,0.4139183,4.575201
3900,3.9,0.41933152,4.575142
3901,3.901,0.41916555,4.6330914
3902,3.902,0.42253596,4.6204386
3903,3.903,0.43065935,4.6041226
3904,3.904,0.41002488,4.597449
3905,3.905,0.41307527,4.590511
3906,3.906,0.40936437,4.5889654
3907,3.907,0.40647912,4.6235704
3908,3.908,0.41444662,4.622751
3909,3.909,0.40788016,4.5877976
3910,3.91,0.40477222,4.5513577
3911,3.911,0.39654619,4.5838976
3912,3.912,0.39997366,4.611916
3913,3.913,0.40331697,4.579909
3914,3.914,0.40411785,4.5675697
3915,3.915,0.41512454,4.5592957
3916,3.916,0.40579775,4.6277165
3917,3.917,0.40764147,4.5875893
3918,3.918,0.41036096,4.55888
3919,3.919,0.40777075,4.58268
3920,3.92,0.406025,4.630388
3921,3.921,0.41065508,4.6181784
3922,3.922,0.411361,4.565223
3923,3.923,0.4132142,4.559602
3924,3.924,0.40768656,4.590763
3925,3.925,0.4189955,4.5686235
3926,3.926,0.4188415,4.5888715
3927,3.927,0.4112253,4.5771766
3928,3.928,0.40499765,4.522569
3929,3.929,0.40548772,4.5387535
3930,3.93,0.40330222,4.5323114
3931,3.931,0.41579384,4.5314803
3932,3.932,0.40791246,4.5112762
3933,3.933,0.4136487,4.5390677
3934,3.934,0.40611696,4.537173
3935,3.935,0.40355822,4.582184
3936,3.936,0.40856913,4.556544
3937,3.937,0.40416834,4.526266
3938,3.938,0.40255457,4.555559
3939,3.939,0.4034412,4.5307517
3940,3.94,0.39860964,4.5674167
3941,3.941,0.39391974,4.580372
3942,3.942,0.3915478,4.577184
3943,3.943,0.4008412,4.5747104
3944,3.944,0.41285387,4.579925
3945,3.945,0.40583736,4.5905023
3946,3.946,0.4090966,4.5755324
3947,3.947,0.41015878,4.5761228
3948,3.948,0.4091891,4.559802
3949,3.949,0.4105643,4.5846133
3950,3.95,0.3955541,4.57726
3951,3.951,0.39083046,4.568236
3952,3.952,0.40207964,4.6063437
3953,3.953,0.41269562,4.5824094
3954,3.954,0.4204058,4.623633
3955,3.955,0.39592388,4.5947924
3956,3.956,0.40406036,4.5285597
3957,3.957,0.398121,4.5708957
3958,3.958,0.39135572,4.5812325
3959,3.959,0.38729256,4.588668
3960,3.96,0.38038117,4.55594
3961,3.961,0.38891047,4.5814934
3962,3.962,0.3798414,4.570338
3963,3.963,0.3752057,4.612303
3964,3.964,0.37551105,4.6135035
3965,3.965,0.3824315,4.5757117
3966,3.966,0.38991812,4.565299
3967,3.967,0.3908809,4.5918174
3968,3.968,0.40368167,4.5896816
3969,3.969,0.40152034,4.606581
3970,3.97,0.3932661,4.595907
3971,3.971,0.4072163,4.6458592
3972,3.972,0.41215357,4.652722
3973,3.973,0.3950814,4.6912766
3974,3.974,0.39165244,4.6525126
3975,3.975,0.39674857,4.582965
3976,3.976,0.38988137,4.5894046
3977,3.977,0.3835947,4.5627503
3978,3.978,0.40082014,4.5596976
3979,3.979,0.39396814,4.5437393
3980,3.98,0.3914102,4.5834794
3981,3.981,0.3829008,4.5753455
3982,3.982,0.37423953,4.547823
3983,3.983,0.3808905,4.548304
3984,3.984,0.3943204,4.5753336
3985,3.985,0.3877856,4.574244
3986,3.986,0.37542686,4.5994854
3987,3.987,0.38664252,4.5781393
3988,3.988,0.39334723,4.652721
3989,3.989,0.38179746,4.645352
3990,3.99,0.3712476,4.7169824
3991,3.991,0.3606991,4.6938114
3992,3.992,0.3732095,4.6797924
3993,3.993,0.3744185,4.6352596
3994,3.994,0.38049057,4.6261797
3995,3.995,0.3960566,4.6692533
3996,3.996,0.38021597,4.7563777
3997,3.997,0.38181955,4.708933
3998,3.998,0.38661668,4.7221622
3999,3.999,0.37992173,4.6646724
4000,4.0,0.37398058,4.730589
4001,4.001,0.37644833,4.733452
4002,4.002,0.38655984,4.754952
4003,4.003,0.39096636,4.773023
4004,4.004,0.40673783,4.7689576
4005,4.005,0.40271607,4.6956987
4006,4.006,0.4010466,4.792694
4007,4.007,0.40395263,4.790182
4008,4.008,0.39156196,4.734643
4009,4.009,0.3688198,4.752737
4010,4.01,0.38277173,4.719522
4011,4.011,0.38524106,4.679708
4012,4.012,0.37898237,4.6909947
4013,4.013,0.3793607,4.679705
4014,4.014,0.38782078,4.695004
4015,4.015,0.37256208,4.677606
4016,4.016,0.37579754,4.6353574
4017,4.017,0.37317654,4.682567
4018,4.018,0.3751074,4.7564344
4019,4.019,0.36091614,4.6770844
4020,4.02,0.3755009,4.673379
4021,4.021,0.35932803,4.71674
4022,4.022,0.3691212,4.7694535
4023,4.023,0.3661978,4.690221
4024,4.024,0.36532456,4.6917634
4025,4.025,0.35337204,4.700347
4026,4.026,0.35234436,4.668036
4027,4.027,0.36237052,4.696306
4028,4.028,0.36031976,4.6578364
4029,4.029,0.35553348,4.7102537
4030,4.03,0.3490051,4.6631117
4031,4.031,0.3622105,4.6979313
4032,4.032,0.3663021,4.6677346
4033,4.033,0.36853936,4.6803193
4034,4.034,0.35969475,4.6610227
4035,4.035,0.36567438,4.6865005
4036,4.036,0.3524449,4.6901
4037,4.037,0.3578957,4.661884
4038,4.038,0.36490223,4.707738
4039,4.039,0.35746747,4.7223296
4040,4.04,0.3557262,4.7478013
4041,4.041,0.3474033,4.742764
4042,4.042,0.3431524,4.6937375
4043,4.043,0.34499785,4.719478
4044,4.044,0.3550275,4.6949024
4045,4.045,0.3450987,4.699887
4046,4.046,0.34620267,4.678741
4047,4.047,0.3657341,4.7019906
4048,4.048,0.36616385,4.713773
4049,4.049,0.3588907,4.710714
4050,4.05,0.35785872,4.709509
4051,4.051,0.36048958,4.6978517
4052,4.052,0.37131858,4.6643367
4053,4.053,0.37072724,4.6648707
4054,4.054,0.35581246,4.681873
4055,4.055,0.35707274,4.681487
4056,4.056,0.36408478,4.6841335
4057,4.057,0.3478391,4.671409
4058,4.058,0.3486205,4.667672
4059,4.059,0.35187852,4.6789446
4060,4.06,0.34227931,4.6508527
4061,4.061,0.35047227,4.6877236
4062,4.062,0.35335276,4.712936
4063,4.063,0.3503268,4.672753
4064,4.064,0.33959177,4.6502204
4065,4.065,0.35203665,4.672032
4066,4.066,0.36102745,4.725764
4067,4.067,0.34465826,4.681015
4068,4.068,0.34783626,4.726587
4069,4.069,0.34737733,4.714792
4070,4.07,0.33855283,4.7387714
4071,4.071,0.34390062,4.702518
4072,4.072,0.35452768,4.603478
4073,4.073,0.3573585,4.6218143
4074,4.074,0.3557103,4.624545
4075,4.075,0.35570964,4.634361
4076,4.076,0.361642,4.664469
4077,4.077,0.36219344,4.660691
4078,4.078,0.3516077,4.632835
4079,4.079,0.35285398,4.649733
4080,4.08,0.34317043,4.65927
4081,4.081,0.34178624,4.6370974
4082,4.082,0.34872246,4.7315125
4083,4.083,0.33912376,4.64333
4084,4.084,0.3354037,4.6649866
4085,4.085,0.33552828,4.665525
4086,4.086,0.3315902,4.6657376
4087,4.087,0.3354778,4.6505275
4088,4.088,0.34607157,4.605012
4089,4.089,0.35083327,4.6169925
4090,4.09,0.34689665,4.615782
4091,4.091,0.3323413,4.6118894
4092,4.092,0.34007004,4.6414633
4093,4.093,0.3465017,4.6337457
4094,4.094,0.3430215,4.653239
4095,4.095,0.33202428,4.586152
4096,4.096,0.34282297,4.614795
4097,4.097,0.33810866,4.6155844
4098,4.098,0.36652547,4.6344757
4099,4.099,0.35306114,4.61254
4100,4.1,0.35041538,4.651037
4101,4.101,0.34528407,4.6829166
4102,4.102,0.33168745,4.64618
4103,4.103,0.3352105,4.6056366
4104,4.104,0.33514065,4.5771766
4105,4.105,0.3437295,4.5900517
4106,4.106,0.35403812,4.584827
4107,4.107,0.3382712,4.6097093
4108,4.108,0.3284324,4.6270213
4109,4.109,0.33259407,4.6758723
4110,4.11,0.34272215,4.6526866
4111,4.111,0.35090378,4.6436205
4112,4.112,0.3526695,4.6952457
4113,4.113,0.35193714,4.691895
4114,4.114,0.36351952,4.7018213
4115,4.115,0.34279516,4.720495
4116,4.116,0.34142685,4.760522
4117,4.117,0.33418697,4.740742
4118,4.118,0.3331648,4.7491302
4119,4.119,0.33042744,4.7958474
4120,4.12,0.32844615,4.783571
4121,4.121,0.3196606,4.778088
4122,4.122,0.31769165,4.7671337
4123,4.123,0.31338874,4.7420564
4124,4.124,0.30516574,4.7750125
4125,4.125,0.30327192,4.7673783
4126,4.126,0.3035384,4.644444
4127,4.127,0.3033434,4.607843
4128,4.128,0.3137246,4.642113
4129,4.129,0.30580223,4.645919
4130,4.13,0.29427797,4.611993
4131,4.131,0.31038862,4.6237593
4132,4.132,0.30442238,4.6119595
4133,4.133,0.3029573,4.619481
4134,4.134,0.33240166,4.5880165
4135,4.135,0.31880876,4.605038
4136,4.136,0.33510494,4.5644383
4137,4.137,0.32239366,4.5630336
4138,4.138,0.3235944,4.5463414
4139,4.139,0.31587845,4.5847597
4140,4.14,0.31311473,4.6269917
4141,4.141,0.31211117,4.6018815
4142,4.142,0.31467104,4.5783534
4143,4.143,0.3284815,4.622592
4144,4.144,0.3218191,4.6544285
4145,4.145,0.30695128,4.6296244
4146,4.146,0.32306454,4.6896014
4147,4.147,0.32419112,4.8129234
4148,4.148,0.3162875,4.7164745
4149,4.149,0.32542676,4.663342
4150,4.15,0.32649335,4.687547
4151,4.151,0.33467242,4.6636925
4152,4.152,0.30747846,4.642891
4153,4.153,0.30619246,4.661585
4154,4.154,0.29470426,4.6810727
4155,4.155,0.2984945,4.710126
4156,4.156,0.30208933,4.644223
4157,4.157,0.3074384,4.69312
4158,4.158,0.2960058,4.6670547
4159,4.159,0.3064568,4.6701303
4160,4.16,0.31107035,4.677809
4161,4.161,0.30465165,4.6982136
4162,4.162,0.30238363,4.5862513
4163,4.163,0.30108395,4.6098123
4164,4.164,0.2912836,4.6363482
4165,4.165,0.29532766,4.647466
4166,4.166,0.30774,4.6302094
4167,4.167,0.30977428,4.640386
4168,4.168,0.3235744,4.6555314
4169,4.169,0.32711217,4.674997
4170,4.17,0.34256172,4.6403317
4171,4.171,0.3335478,4.7018123
4172,4.172,0.3168646,4.7104435
4173,4.173,0.3437675,4.7083716
4174,4.174,0.33686015,4.7115984
4175,4.175,0.33563232,4.6741214
4176,4.176,0.33240077,4.6218805
4177,4.177,0.33979613,4.69085
4178,4.178,0.34327248,4.658721
4179,4.179,0.3515278,4.676718
4180,4.18,0.34804773,4.660543
4181,4.181,0.34316877,4.6357713
4182,4.182,0.32880142,4.605728
4183,4.183,0.33871156,4.6079125
4184,4.184,0.33126444,4.636127
4185,4.185,0.33413127,4.655283
4186,4.186,0.33371913,4.677071
4187,4.187,0.3208649,4.6534276
4188,4.188,0.35400185,4.6678944
4189,4.189,0.3578889,4.6537123
4190,4.19,0.3512199,4.6095977
4191,4.191,0.35081697,4.6286273
4192,4.192,0.35336387,4.65564
4193,4.193,0.35524902,4.6151247
4194,4.194,0.3732673,4.584937
4195,4.195,0.36788324,4.572325
4196,4.196,0.38339484,4.6076546
4197,4.197,0.3789996,4.5506144
4198,4.198,0.3658229,4.5936565
4199,4.199,0.37829882,4.6221223
4200,4.2,0.3713326,4.63127
4201,4.201,0.38709953,4.6483274
4202,4.202,0.37642714,4.633757
4203,4.203,0.37588626,4.6321774
4204,4.204,0.37721783,4.6335907
4205,4.205,0.37508276,4.65837
4206,4.206,0.3869018,4.7335205
4207,4.207,0.37146595,4.661679
4208,4.208,0.379552,4.763817
4209,4.209,0.37400794,4.6616707
4210,4.21,0.37337953,4.6678367
4211,4.211,0.36909083,4.6535845
4212,4.212,0.37422594,4.6897717
4213,4.213,0.35211495,4.6444144
4214,4.214,0.35939848,4.699505
4215,4.215,0.36106953,4.709749
4216,4.216,0.3605816,4.7203074
4217,4.217,0.3638315,4.6970215
4218,4.218,0.35486385,4.7366376
4219,4.219,0.35436854,4.798689
4220,4.22,0.35586607,4.781375
4221,4.221,0.33948946,4.720878
4222,4.222,0.3366183,4.749491
4223,4.223,0.3206081,4.7829213
4224,4.224,0.31732213,4.785265
4225,4.225,0.32248795,4.780176
4226,4.226,0.3197649,4.784869
4227,4.227,0.3234257,4.779767
4228,4.228,0.32524663,4.794038
4229,4.229,0.32370636,4.8083496
4230,4.23,0.32781678,4.776143
4231,4.231,0.3189148,4.762068
4232,4.232,0.3262197,4.7289658
4233,4.233,0.30889347,4.7212152
4234,4.234,0.31395555,4.7140074
4235,4.235,0.3138552,4.7378006
4236,4.236,0.29471034,4.731593
4237,4.237,0.29523528,4.6946816
4238,4.238,0.2995871,4.642646
4239,4.239,0.295137,4.6775627
4240,4.24,0.2892416,4.656282
4241,4.241,0.3096955,4.614254
4242,4.242,0.30196667,4.687186
4243,4.243,0.3132812,4.6919394
4244,4.244,0.3108155,4.6785007
4245,4.245,0.29023445,4.667272
4246,4.246,0.29560995,4.6294746
4247,4.247,0.3028848,4.656364
4248,4.248,0.32724115,4.637166
4249,4.249,0.33725834,4.690425
4250,4.25,0.32171705,4.7059407
4251,4.251,0.32978275,4.701249
4252,4.252,0.32110584,4.686808
4253,4.253,0.32159165,4.6808157
4254,4.254,0.3265675,4.6941047
4255,4.255,0.33456138,4.6938543
4256,4.256,0.32794493,4.7149935
4257,4.257,0.30361915,4.6902204
4258,4.258,0.31479812,4.735653
4259,4.259,0.30978528,4.6817865
4260,4.26,0.32779968,4.735247
4261,4.261,0.31652752,4.673518
4262,4.262,0.32040632,4.6775656
4263,4.263,0.30717584,4.676857
4264,4.264,0.32159883,4.7080293
4265,4.265,0.32540104,4.6968985
4266,4.266,0.31888235,4.7207317
4267,4.267,0.31565586,4.6627183
4268,4.268,0.33437303,4.6558065
4269,4.269,0.3435174,4.6853414
4270,4.27,0.34498948,4.6585746
4271,4.271,0.336751,4.679297
4272,4.272,0.33026367,4.616105
4273,4.273,0.31918418,4.647686
4274,4.274,0.33859006,4.6759605
4275,4.275,0.33007026,4.663658
4276,4.276,0.3086932,4.6266046
4277,4.277,0.31994635,4.642111
4278,4.278,0.30495164,4.6095614
4279,4.279,0.3050083,4.5130887
4280,4.28,0.29511112,4.624724
4281,4.281,0.28709388,4.6294217
4282,4.282,0.27915737,4.5295343
4283,4.283,0.28413346,4.5931478
4284,4.284,0.29261896,4.5785522
4285,4.285,0.2934901,4.6104217
4286,4.286,0.29050317,4.612275
4287,4.287,0.2997231,4.574508
4288,4.288,0.29782027,4.6048875
4289,4.289,0.29051906,4.5957212
4290,4.29,0.2969805,4.5938587
4291,4.291,0.29498595,4.6198153
4292,4.292,0.29581615,4.607965
4293,4.293,0.32449192,4.6125264
4294,4.294,0.33556703,4.622476
4295,4.295,0.326731,4.6095967
4296,4.296,0.31260744,4.5942473
4297,4.297,0.3236033,4.6065288
4298,4.298,0.3279853,4.6210647
4299,4.299,0.3172316,4.7099714
4300,4.3,0.31248522,4.6463118
4301,4.301,0.32754636,4.60961
4302,4.302,0.3323093,4.606181
4303,4.303,0.33223417,4.636542
4304,4.304,0.31752607,4.6468983
4305,4.305,0.31229964,4.631153
4306,4.306,0.3183167,4.6336865
4307,4.307,0.31466243,4.592943
4308,4.308,0.31172222,4.6194777
4309,4.309,0.32366493,4.6638083
4310,4.31,0.31720862,4.6057982
4311,4.311,0.3121643,4.6086035
4312,4.312,0.31291234,4.587676
4313,4.313,0.30692756,4.630048
4314,4.314,0.30809346,4.630511
4315,4.315,0.30142316,4.6007442
4316,4.316,0.31338155,4.6098943
4317,4.317,0.3224112,4.639767
4318,4.318,0.3228958,4.6623387
4319,4.319,0.33395842,4.6372604
4320,4.32,0.3265829,4.59242
4321,4.321,0.32568437,4.591434
4322,4.322,0.3156795,4.55212
4323,4.323,0.31344092,4.5525455
4324,4.324,0.31608477,4.6259727
4325,4.325,0.31529713,4.592504
4326,4.326,0.30867782,4.5827084
4327,4.327,0.31228113,4.5646973
4328,4.328,0.3112067,4.6017046
4329,4.329,0.33370355,4.6133533
4330,4.33,0.31487137,4.674285
4331,4.331,0.32179466,4.5551295
4332,4.332,0.3114191,4.6692457
4333,4.333,0.2934458,4.7006035
4334,4.334,0.31731448,4.6506734
4335,4.335,0.3085323,4.6211677
4336,4.336,0.31547087,4.6176004
4337,4.337,0.33416292,4.696018
4338,4.338,0.32554913,4.667913
4339,4.339,0.3317878,4.7144475
4340,4.34,0.32338104,4.6296973
4341,4.341,0.33321616,4.6796646
4342,4.342,0.339076,4.6732855
4343,4.343,0.34789425,4.705974
4344,4.344,0.3520483,4.6748786
4345,4.345,0.33437458,4.652462
4346,4.346,0.33637217,4.5812006
4347,4.347,0.34248427,4.654196
4348,4.348,0.340449,4.614836
4349,4.349,0.33707216,4.593846
4350,4.35,0.3463679,4.5846844
4351,4.351,0.34432843,4.646993
4352,4.352,0.34099847,4.654103
4353,4.353,0.3272519,4.676003
4354,4.354,0.32402027,4.6318583
4355,4.355,0.33031303,4.670315
4356,4.356,0.32631627,4.6849847
4357,4.357,0.332006,4.649437
4358,4.358,0.33347,4.6646037
4359,4.359,0.33608818,4.6348248
4360,4.36,0.3330024,4.6287456
4361,4.361,0.33902317,4.5984664
4362,4.362,0.32035762,4.6574016
4363,4.363,0.31568387,4.6407056
4364,4.364,0.31030503,4.710255
4365,4.365,0.3025321,4.7341523
4366,4.366,0.31190887,4.7379727
4367,4.367,0.31002364,4.7128267
4368,4.368,0.30062306,4.730924
4369,4.369,0.3023108,4.682888
4370,4.37,0.30116993,4.665905
4371,4.371,0.2980647,4.703763
4372,4.372,0.30597037,4.6609044
4373,4.373,0.30684656,4.6983275
4374,4.374,0.30229282,4.6959085
4375,4.375,0.29988906,4.720184
4376,4.376,0.3142128,4.6633883
4377,4.377,0.29659626,4.6798034
4378,4.378,0.2909894,4.616528
4379,4.379,0.28130302,4.6496015
4380,4.38,0.27827126,4.6011944
4381,4.381,0.28778356,4.6512623
4382,4.382,0.28409216,4.645304
4383,4.383,0.2826855,4.709671
4384,4.384,0.28459913,4.669503
4385,4.385,0.28220317,4.655384
4386,4.386,0.27141923,4.7228956
4387,4.387,0.27359325,4.708023
4388,4.388,0.2792532,4.6886883
4389,4.389,0.28484678,4.6804013
4390,4.39,0.297557,4.701661
4391,4.391,0.30148202,4.7130537
4392,4.392,0.28366378,4.676319
4393,4.393,0.30854654,4.6673636
4394,4.394,0.28723034,4.6921372
4395,4.395,0.31116065,4.694076
4396,4.396,0.32047865,4.6633945
4397,4.397,0.313806,4.6401157
4398,4.398,0.29699588,4.622923
4399,4.399,0.3065362,4.64263
4400,4.4,0.31002605,4.6040554
4401,4.401,0.31699663,4.6098566
4402,4.402,0.33127,4.5598044
4403,4.403,0.32665545,4.620596
4404,4.404,0.32000703,4.601368
4405,4.405,0.3043624,4.593426
4406,4.406,0.3068609,4.5765986
4407,4.407,0.30910763,4.642822
4408,4.408,0.31455752,4.646067
4409,4.409,0.31155214,4.616885
4410,4.41,0.31644315,4.606648
4411,4.411,0.31765053,4.588291
4412,4.412,0.3216114,4.643
4413,4.413,0.31153247,4.587537
4414,4.414,0.31055322,4.5849767
4415,4.415,0.32533067,4.614347
4416,4.416,0.31798407,4.6361833
4417,4.417,0.32657814,4.641761
4418,4.418,0.3287543,4.6543655
4419,4.419,0.32745144,4.612428
4420,4.42,0.31687608,4.6306057
4421,4.421,0.31007603,4.622984
4422,4.422,0.32079282,4.6591754
4423,4.423,0.3195845,4.613391
4424,4.424,0.31410867,4.6252074
4425,4.425,0.31213337,4.6416874
4426,4.426,0.3017794,4.625239
4427,4.427,0.30550665,4.6443806
4428,4.428,0.29984975,4.6695747
4429,4.429,0.293937,4.639865
4430,4.43,0.30736187,4.667022
4431,4.431,0.2931149,4.644162
4432,4.432,0.29311037,4.6455116
4433,4.433,0.28560242,4.626172
4434,4.434,0.28305757,4.555641
4435,4.435,0.28990608,4.6428447
4436,4.436,0.27884185,4.6304016
4437,4.437,0.29312062,4.6578836
4438,4.438,0.30032104,4.658939
4439,4.439,0.29573837,4.6122217
4440,4.44,0.28877044,4.652641
4441,4.441,0.2871452,4.623029
4442,4.442,0.29100472,4.6121893
4443,4.443,0.29124275,4.68247
4444,4.444,0.30222553,4.679829
4445,4.445,0.31647348,4.6689634
4446,4.446,0.31630266,4.6928983
4447,4.447,0.2897603,4.71399
4448,4.448,0.29389453,4.634312
4449,4.449,0.27984163,4.6100874
4450,4.45,0.30813548,4.635845
4451,4.451,0.3138528,4.6636887
4452,4.452,0.3201488,4.6802955
4453,4.453,0.32449263,4.7226977
4454,4.454,0.31642818,4.7032537
4455,4.455,0.33454806,4.652345
4456,4.456,0.31852528,4.6393213
4457,4.457,0.31930023,4.628006
4458,4.458,0.3255546,4.598829
4459,4.459,0.3316017,4.6547494
4460,4.46,0.32927954,4.7561383
4461,4.461,0.3259487,4.709687
4462,4.462,0.31528246,4.700849
4463,4.463,0.31869254,4.7284346
4464,4.464,0.31562895,4.685239
4465,4.465,0.3230835,4.718551
4466,4.466,0.32487485,4.670896
4467,4.467,0.30278268,4.664892
4468,4.468,0.3053583,4.695183
4469,4.469,0.2940064,4.673293
4470,4.47,0.30460745,4.6623826
4471,4.471,0.29590562,4.673086
4472,4.472,0.29595035,4.682953
4473,4.473,0.29225528,4.6846457
4474,4.474,0.27624476,4.71658
4475,4.475,0.26444018,4.654189
4476,4.476,0.2608113,4.633564
4477,4.477,0.27222085,4.6961327
4478,4.478,0.26251894,4.6321864
4479,4.479,0.26857594,4.638496
4480,4.48,0.27854797,4.6266623
4481,4.481,0.27349013,4.71101
4482,4.482,0.2744913,4.673424
4483,4.483,0.25597817,4.7170205
4484,4.484,0.26921025,4.7284684
4485,4.485,0.28563318,4.7143326
4486,4.486,0.28501472,4.7298436
4487,4.487,0.28406855,4.723592
4488,4.488,0.29477015,4.708304
4489,4.489,0.29036346,4.6630087
4490,4.49,0.29533315,4.709405
4491,4.491,0.29050454,4.7064166
4492,4.492,0.28833416,4.716128
4493,4.493,0.27727267,4.730773
4494,4.494,0.2808035,4.7523627
4495,4.495,0.28453898,4.72209
4496,4.496,0.27754852,4.703261
4497,4.497,0.28299364,4.7139006
4498,4.498,0.28796366,4.7114315
4499,4.499,0.28671816,4.685206
4500,4.5,0.26222333,4.6866655
4501,4.501,0.25286564,4.7006774
4502,4.502,0.2573426,4.6837926
4503,4.503,0.24974324,4.6897025
4504,4.504,0.26485687,4.6945844
4505,4.505,0.26045448,4.617797
4506,4.506,0.26491448,4.699797
4507,4.507,0.2563588,4.6817236
4508,4.508,0.2577282,4.6676946
4509,4.509,0.2563356,4.6844816
4510,4.51,0.2609214,4.6579494
4511,4.511,0.26618993,4.6204877
4512,4.512,0.27028996,4.6802125
4513,4.513,0.25828308,4.6654735
4514,4.514,0.27823034,4.6541557
4515,4.515,0.27316532,4.679915
4516,4.516,0.27405655,4.6930017
4517,4.517,0.27728206,4.704349
4518,4.518,0.27563357,4.7028255
4519,4.519,0.26918557,4.6859794
4520,4.52,0.2781277,4.64812
4521,4.521,0.2746111,4.656376
4522,4.522,0.289256,4.644026
4523,4.523,0.2798274,4.6661787
4524,4.524,0.26852965,4.663043
4525,4.525,0.26774353,4.64678
4526,4.526,0.26565373,4.644455
4527,4.527,0.27375185,4.6644316
4528,4.528,0.26481518,4.7021737
4529,4.529,0.26590577,4.646273
4530,4.53,0.27370498,4.6930323
4531,4.531,0.27626526,4.6365833
4532,4.532,0.27269307,4.6354766
4533,4.533,0.2927483,4.6407337
4534,4.534,0.29351828,4.706465
4535,4.535,0.2842801,4.702295
4536,4.536,0.28546944,4.740445
4537,4.537,0.28547996,4.699383
4538,4.538,0.29903927,4.648458
4539,4.539,0.290572,4.6586123
4540,4.54,0.28681388,4.696197
4541,4.541,0.28650984,4.653715
4542,4.542,0.28042656,4.6852527
4543,4.543,0.29901028,4.715675
4544,4.544,0.28478265,4.668665
4545,4.545,0.29052842,4.6866307
4546,4.546,0.31910124,4.720248
4547,4.547,0.312288,4.7102327
4548,4.548,0.31999567,4.675874
4549,4.549,0.31565934,4.71354
4550,4.55,0.3055776,4.736126
4551,4.551,0.30021846,4.677982
4552,4.552,0.31353956,4.625197
4553,4.553,0.3069368,4.6746354
4554,4.554,0.30619773,4.716736
4555,4.555,0.3251247,4.708153
4556,4.556,0.32851598,4.6681356
4557,4.557,0.3276099,4.7549047
4558,4.558,0.32918668,4.693087
4559,4.559,0.32974982,4.703799
4560,4.56,0.32216662,4.7063518
4561,4.561,0.32879227,4.6585655
4562,4.562,0.33459368,4.674745
4563,4.563,0.32517004,4.6376586
4564,4.564,0.3256849,4.6100545
4565,4.565,0.33629122,4.609815
4566,4.566,0.32735115,4.569947
4567,4.567,0.3436718,4.6093364
4568,4.568,0.32658327,4.6173444
4569,4.569,0.3265089,4.6390004
4570,4.57,0.31826696,4.686093
4571,4.571,0.32453626,4.6340675
4572,4.572,0.3161347,4.702182
4573,4.573,0.3086282,4.6560583
4574,4.574,0.30058306,4.6967373
4575,4.575,0.3046892,4.702653
4576,4.576,0.30509755,4.716835
4577,4.577,0.29704395,4.6299562
4578,4.578,0.29038674,4.6813354
4579,4.579,0.28182176,4.632848
4580,4.58,0.2781705,4.6275754
4581,4.581,0.28994614,4.6209702
4582,4.582,0.30277407,4.587987
4583,4.583,0.2837257,4.5863886
4584,4.584,0.30667436,4.5993814
4585,4.585,0.3025283,4.5916224
4586,4.586,0.31502882,4.6192746
4587,4.587,0.3159132,4.6005096
4588,4.588,0.31192148,4.6289363
4589,4.589,0.3006415,4.6115737
4590,4.59,0.3126899,4.6699543
4591,4.591,0.31255734,4.6379113
4592,4.592,0.3085739,4.5985527
4593,4.593,0.31289998,4.6526856
4594,4.594,0.30423075,4.633938
4595,4.595,0.3228983,4.6330857
4596,4.596,0.32602406,4.567629
4597,4.597,0.3262886,4.5700574
4598,4.598,0.30823037,4.645309
4599,4.599,0.30750102,4.6408877
4600,4.6,0.31387067,4.628684
4601,4.601,0.3146668,4.5866776
4602,4.602,0.30815536,4.5859556
4603,4.603,0.30180314,4.5767913
4604,4.604,0.30007732,4.607699
4605,4.605,0.31422788,4.586926
4606,4.606,0.29474896,4.6266694
4607,4.607,0.29375586,4.640631
4608,4.608,0.2884488,4.650544
4609,4.609,0.28956255,4.6678095
4610,4.61,0.3002104,4.6672015
4611,4.611,0.31231463,4.609869
4612,4.612,0.2930654,4.6503367
4613,4.613,0.30587158,4.6808157
4614,4.614,0.31767127,4.695312
4615,4.615,0.31571078,4.6785345
4616,4.616,0.3083153,4.6591473
4617,4.617,0.3279943,4.6642213
4618,4.618,0.31447774,4.661555
4619,4.619,0.32686824,4.680963
4620,4.62,0.33206746,4.6956553
4621,4.621,0.33710352,4.7073407
4622,4.622,0.3262254,4.6935277
4623,4.623,0.31468573,4.7634473
4624,4.624,0.33270407,4.763236
4625,4.625,0.33183935,4.7710857
4626,4.626,0.33275026,4.836948
4627,4.627,0.3252939,4.821661
4628,4.628,0.32932678,4.81503
4629,4.629,0.31587058,4.8101974
4630,4.63,0.31871772,4.795645
4631,4.631,0.30973917,4.7819233
4632,4.632,0.31761432,4.7601757
4633,4.633,0.3089264,4.7211137
4634,4.634,0.3088437,4.723077
4635,4.635,0.2953576,4.775038
4636,4.636,0.30360374,4.8048735
4637,4.637,0.31026366,4.801574
4638,4.638,0.30815724,4.801684
4639,4.639,0.32308996,4.787929
4640,4.64,0.3091572,4.7875447
4641,4.641,0.31737822,4.7914906
4642,4.642,0.31891462,4.8613267
4643,4.643,0.31718385,4.8227706
4644,4.644,0.31396472,4.7524953
4645,4.645,0.31230888,4.783549
4646,4.646,0.31971395,4.759109
4647,4.647,0.3078596,4.789845
4648,4.648,0.3150956,4.7721863
4649,4.649,0.3022502,4.7559385
4650,4.65,0.30857164,4.743259
4651,4.651,0.31015763,4.7243648
4652,4.652,0.3103834,4.7110314
4653,4.653,0.30189028,4.6219134
4654,4.654,0.30217943,4.5848637
4655,4.655,0.29199135,4.5825915
4656,4.656,0.29919016,4.608745
4657,4.657,0.2997171,4.6073256
4658,4.658,0.3031053,4.6186433
4659,4.659,0.3061056,4.705136
4660,4.66,0.30161062,4.7066274
4661,4.661,0.315954,4.621475
4662,4.662,0.3089831,4.569763
4663,4.663,0.32218078,4.632601
4664,4.664,0.32252738,4.6283264
4665,4.665,0.3203805,4.5910215
4666,4.666,0.33727324,4.6295724
4667,4.667,0.3402505,4.6458225
4668,4.668,0.34191015,4.6011295
4669,4.669,0.33848658,4.5854125
4670,4.67,0.3512783,4.604911
4671,4.671,0.3568914,4.629099
4672,4.672,0.34978575,4.6544123
4673,4.673,0.34885716,4.6210527
4674,4.674,0.34612936,4.624445
4675,4.675,0.3548215,4.601423
4676,4.676,0.35911742,4.6299825
4677,4.677,0.3604261,4.6502047
4678,4.678,0.35708746,4.694111
4679,4.679,0.3594641,4.687831
4680,4.68,0.35126612,4.6268587
4681,4.681,0.35972223,4.617068
4682,4.682,0.36504254,4.59534
4683,4.683,0.36445844,4.569311
4684,4.684,0.34130648,4.578751
4685,4.685,0.34317094,4.5629206
4686,4.686,0.34310204,4.5556507
4687,4.687,0.34496135,4.5950246
4688,4.688,0.35206786,4.546026
4689,4.689,0.35954526,4.5322237
4690,4.69,0.35874835,4.545092
4691,4.691,0.35409245,4.5356526
4692,4.692,0.36710942,4.585322
4693,4.693,0.36281812,4.527519
4694,4.694,0.3527629,4.5478764
4695,4.695,0.374722,4.5952454
4696,4.696,0.36963022,4.622108
4697,4.697,0.36820388,4.6174197
4698,4.698,0.35825,4.5860524
4699,4.699,0.35850546,4.566221
4700,4.7,0.35405803,4.6000376
4701,4.701,0.3487725,4.6257944
4702,4.702,0.34265855,4.598537
4703,4.703,0.35355374,4.6200542
4704,4.704,0.34434235,4.591499
4705,4.705,0.3529891,4.5803523
4706,4.706,0.356182,4.5831666
4707,4.707,0.36875448,4.620964
4708,4.708,0.34948882,4.6119127
4709,4.709,0.34524137,4.594196
4710,4.71,0.34443584,4.579413
4711,4.711,0.3489342,4.589976
4712,4.712,0.36728367,4.558462
4713,4.713,0.3664094,4.580789
4714,4.714,0.372003,4.573875
4715,4.715,0.37263653,4.5572824
4716,4.716,0.37793943,4.5827813
4717,4.717,0.3728936,4.6234555
4718,4.718,0.38070986,4.627106
4719,4.719,0.3978676,4.648664
4720,4.72,0.383507,4.635106
4721,4.721,0.38503247,4.604539
4722,4.722,0.3800606,4.617155
4723,4.723,0.37986803,4.6377516
4724,4.724,0.38385618,4.639753
4725,4.725,0.37320426,4.614891
4726,4.726,0.36334696,4.6336327
4727,4.727,0.36136013,4.611658
4728,4.728,0.35340607,4.596832
4729,4.729,0.34700245,4.5750284
4730,4.73,0.3412462,4.579537
4731,4.731,0.3526146,4.541428
4732,4.732,0.3478522,4.551002
4733,4.733,0.34159306,4.588714
4734,4.734,0.35208344,4.5566177
4735,4.735,0.3474572,4.5807533
4736,4.736,0.3535516,4.5797
4737,4.737,0.34421712,4.5827255
4738,4.738,0.34442946,4.5355678
4739,4.739,0.33745944,4.5438857
4740,4.74,0.34167105,4.520206
4741,4.741,0.34154838,4.5565643
4742,4.742,0.348067,4.54758
4743,4.743,0.35109562,4.505085
4744,4.744,0.36165014,4.4875813
4745,4.745,0.3356428,4.4986286
4746,4.746,0.33528584,4.51846
4747,4.747,0.33692172,4.5220695
4748,4.748,0.33583373,4.5048485
4749,4.749,0.33647403,4.5096164
4750,4.75,0.33626887,4.4930043
4751,4.751,0.3445402,4.500154
4752,4.752,0.33028853,4.558525
4753,4.753,0.32791743,4.5594807
4754,4.754,0.3092641,4.5517855
4755,4.755,0.30923253,4.5901265
4756,4.756,0.2983246,4.5723047
4757,4.757,0.29648733,4.550655
4758,4.758,0.29660854,4.589434
4759,4.759,0.30113173,4.5742555
4760,4.76,0.29869387,4.555724
4761,4.761,0.3042397,4.540405
4762,4.762,0.29422414,4.5942383
4763,4.763,0.29395175,4.5607824
4764,4.764,0.30540675,4.4954386
4765,4.765,0.29566878,4.4905496
4766,4.766,0.29687616,4.486568
4767,4.767,0.28899032,4.502951
4768,4.768,0.30539483,4.539427
4769,4.769,0.28495106,4.5167375
4770,4.77,0.29490227,4.51455
4771,4.771,0.27943197,4.564115
4772,4.772,0.28737277,4.5459857
4773,4.773,0.27486733,4.5640774
4774,4.774,0.2807471,4.5157475
4775,4.775,0.27704078,4.5393505
4776,4.776,0.30325648,4.479718
4777,4.777,0.29629368,4.502854
4778,4.778,0.28111598,4.53049
4779,4.779,0.28602386,4.546979
4780,4.78,0.3015261,4.557464
4781,4.781,0.29139748,4.516332
4782,4.782,0.27148458,4.5395217
4783,4.783,0.26598206,4.5621443
4784,4.784,0.2752567,4.5281873
4785,4.785,0.28134266,4.5149636
4786,4.786,0.27978978,4.508387
4787,4.787,0.28093272,4.5042696
4788,4.788,0.27489278,4.4761024
4789,4.789,0.28035194,4.5107408
4790,4.79,0.27737418,4.5183983
4791,4.791,0.25953168,4.433503
4792,4.792,0.27301335,4.4958377
4793,4.793,0.27121195,4.5131645
4794,4.794,0.26972824,4.563688
4795,4.795,0.25973713,4.5616236
4796,4.796,0.2572429,4.502612
4797,4.797,0.26595706,4.50882
4798,4.798,0.27353346,4.510352
4799,4.799,0.2731137,4.513682
4800,4.8,0.27120703,4.5084023
4801,4.801,0.27609617,4.511586
4802,4.802,0.28696117,4.452397
4803,4.803,0.2785185,4.469782
4804,4.804,0.27483976,4.4711347
4805,4.805,0.2776393,4.468645
4806,4.806,0.288264,4.4679236
4807,4.807,0.29048845,4.4970155
4808,4.808,0.27997708,4.490774
4809,4.809,0.2842988,4.4921813
4810,4.81,0.29727754,4.4820266
4811,4.811,0.30315277,4.5140734
4812,4.812,0.28120643,4.5665426
4813,4.813,0.2839194,4.604471
4814,4.814,0.28564736,4.4927516
4815,4.815,0.28727883,4.543785
4816,4.816,0.2992742,4.571525
4817,4.817,0.2833743,4.5768614
4818,4.818,0.29099676,4.588941
4819,4.819,0.27834207,4.617331
4820,4.82,0.27633703,4.589449
4821,4.821,0.28167978,4.614778
4822,4.822,0.28700528,4.6247387
4823,4.823,0.29579172,4.6064806
4824,4.824,0.3087121,4.5893936
4825,4.825,0.3088727,4.53887
4826,4.826,0.30164665,4.597137
4827,4.827,0.28732288,4.57263
4828,4.828,0.2776385,4.565367
4829,4.829,0.27639347,4.5550365
4830,4.83,0.27580127,4.5756392
4831,4.831,0.28289643,4.519344
4832,4.832,0.27923706,4.600987
4833,4.833,0.27266467,4.642261
4834,4.834,0.282413,4.585376
4835,4.835,0.28413346,4.611883
4836,4.836,0.27217945,4.56311
4837,4.837,0.26942593,4.569717
4838,4.838,0.28707153,4.596644
4839,4.839,0.29775274,4.580888
4840,4.84,0.28676453,4.5834045
4841,4.841,0.28695935,4.5046315
4842,4.842,0.28888148,4.5927386
4843,4.843,0.2786208,4.5269294
4844,4.844,0.27569792,4.531073
4845,4.845,0.27401352,4.5349607
4846,4.846,0.2869817,4.508854
4847,4.847,0.2777492,4.522333
4848,4.848,0.2877657,4.4787927
4849,4.849,0.27580965,4.4830713
4850,4.85,0.2978032,4.461141
4851,4.851,0.3018332,4.5090766
4852,4.852,0.30274773,4.5012507
4853,4.853,0.30681494,4.487967
4854,4.854,0.3014703,4.461412
4855,4.855,0.3130106,4.5211177
4856,4.856,0.291704,4.523773
4857,4.857,0.28455323,4.5373993
4858,4.858,0.29010755,4.549964
4859,4.859,0.29186127,4.544334
4860,4.86,0.29152045,4.557542
4861,4.861,0.29279113,4.5790358
4862,4.862,0.29513365,4.591516
4863,4.863,0.27131867,4.59856
4864,4.864,0.28222632,4.554622
4865,4.865,0.27688906,4.554696
4866,4.866,0.2855998,4.5159936
4867,4.867,0.29514754,4.550023
4868,4.868,0.29581243,4.5880265
4869,4.869,0.30062824,4.523882
4870,4.87,0.31399658,4.553431
4871,4.871,0.30316898,4.5646844
4872,4.872,0.29211205,4.557962
4873,4.873,0.2917121,4.572648
4874,4.874,0.30312818,4.568346
4875,4.875,0.31649646,4.5857215
4876,4.876,0.30951425,4.5691147
4877,4.877,0.32194299,4.5364738
4878,4.878,0.3167621,4.586197
4879,4.879,0.32249692,4.5853057
4880,4.88,0.29474446,4.5536394
4881,4.881,0.28716573,4.496898
4882,4.882,0.3100292,4.512209
4883,4.883,0.31295076,4.532819
4884,4.884,0.30525115,4.5875797
4885,4.885,0.31176856,4.5461717
4886,4.886,0.31121266,4.5063653
4887,4.887,0.31235996,4.4950314
4888,4.888,0.3167732,4.45802
4889,4.889,0.3172172,4.5261106
4890,4.89,0.3170395,4.5105996
4891,4.891,0.31469768,4.54061
4892,4.892,0.3280142,4.523025
4893,4.893,0.32486504,4.4709983
4894,4.894,0.31426337,4.4477086
4895,4.895,0.30630285,4.499889
4896,4.896,0.3228027,4.5084767
4897,4.897,0.32075104,4.54322
4898,4.898,0.32685533,4.5673814
4899,4.899,0.3067403,4.533163
4900,4.9,0.30647054,4.4975924
4901,4.901,0.29551938,4.4700933
4902,4.902,0.2990754,4.440245
4903,4.903,0.31104603,4.4697046
4904,4.904,0.31493232,4.510534
4905,4.905,0.30866396,4.4992676
4906,4.906,0.29668123,4.4864335
4907,4.907,0.31333765,4.485118
4908,4.908,0.31119388,4.4936476
4909,4.909,0.3300515,4.4787045
4910,4.91,0.31009838,4.4539185
4911,4.911,0.3025711,4.4617577
4912,4.912,0.30444345,4.4565115
4913,4.913,0.30087808,4.4631276
4914,4.914,0.29909745,4.508745
4915,4.915,0.30796605,4.4812846
4916,4.916,0.29062173,4.5328755
4917,4.917,0.29534763,4.531746
4918,4.918,0.28607053,4.559178
4919,4.919,0.300389,4.514361
4920,4.92,0.29185712,4.4943805
4921,4.921,0.2985483,4.5002112
4922,4.922,0.30417338,4.4997807
4923,4.923,0.2847264,4.5165353
4924,4.924,0.2868113,4.5096965
4925,4.925,0.27161017,4.484775
4926,4.926,0.285402,4.464457
4927,4.927,0.26935107,4.500545
4928,4.928,0.26926842,4.487446
4929,4.929,0.27930847,4.5137563
4930,4.93,0.2797024,4.479877
4931,4.931,0.27146095,4.4563594
4932,4.932,0.27081037,4.4599023
4933,4.933,0.26214486,4.463494
4934,4.934,0.2638428,4.522471
4935,4.935,0.2831019,4.4840174
4936,4.936,0.28883228,4.451837
4937,4.937,0.28469414,4.525312
4938,4.938,0.27008715,4.52377
4939,4.939,0.28212553,4.47363
4940,4.94,0.29193315,4.523943
4941,4.941,0.27428782,4.5071845
4942,4.942,0.2805193,4.539361
4943,4.943,0.28825197,4.523012
4944,4.944,0.29522508,4.4750247
4945,4.945,0.29254466,4.46982
4946,4.946,0.2798433,4.434549
4947,4.947,0.2777617,4.4771523
4948,4.948,0.29007688,4.485444
4949,4.949,0.30196878,4.4585543
4950,4.95,0.30519035,4.4442754
4951,4.951,0.3181396,4.470805
4952,4.952,0.31765598,4.4519773
4953,4.953,0.31097817,4.45687
4954,4.954,0.30944553,4.526022
4955,4.955,0.31317917,4.479584
4956,4.956,0.30054095,4.4865355
4957,4.957,0.30631813,4.4419155
4958,4.958,0.29479387,4.441817
4959,4.959,0.30604726,4.465018
4960,4.96,0.32983953,4.4947057
4961,4.961,0.32391214,4.468311
4962,4.962,0.32613483,4.462821
4963,4.963,0.3146189,4.489187
4964,4.964,0.31012,4.449534
4965,4.965,0.30664703,4.435587
4966,4.966,0.31065258,4.429792
4967,4.967,0.30226243,4.4261513
4968,4.968,0.30591407,4.4401245
4969,4.969,0.29446724,4.457586
4970,4.97,0.28418553,4.436047
4971,4.971,0.2953664,4.403014
4972,4.972,0.28747553,4.437884
4973,4.973,0.2795335,4.413099
4974,4.974,0.29043174,4.4278893
4975,4.975,0.28182176,4.401733
4976,4.976,0.25722176,4.451507
4977,4.977,0.27022278,4.4065046
4978,4.978,0.2674003,4.393353
4979,4.979,0.27044472,4.4365954
4980,4.98,0.27950662,4.4418697
4981,4.981,0.27983359,4.4914703
4982,4.982,0.2917454,4.490385
4983,4.983,0.2881272,4.4916515
4984,4.984,0.2945856,4.501706
4985,4.985,0.3116234,4.4560933
4986,4.986,0.2908094,4.488229
4987,4.987,0.28012136,4.5102143
4988,4.988,0.26219314,4.4791665
4989,4.989,0.2786403,4.4735994
4990,4.99,0.2970852,4.5237107
4991,4.991,0.2928397,4.490296
4992,4.992,0.29694507,4.487768
4993,4.993,0.31093675,4.47621
4994,4.994,0.30380717,4.4731936
4995,4.995,0.31364682,4.4241643
4996,4.996,0.32177007,4.431842
4997,4.997,0.30134797,4.535684
4998,4.998,0.30400878,4.467847
4999,4.999,0.30859113,4.4484835
5000,5.0,0.30027044,4.478622
5001,5.001,0.3061849,4.530254
5002,5.002,0.30822006,4.5146546
5003,5.003,0.30049634,4.526358
5004,5.004,0.31093284,4.5061464
5005,5.005,0.3204572,4.5327744
5006,5.006,0.30540296,4.5163236
5007,5.007,0.30559176,4.541604
5008,5.008,0.29772672,4.524175
5009,5.009,0.27774754,4.523099
5010,5.01,0.2854261,4.5338345
5011,5.011,0.28575316,4.555152
5012,5.012,0.29652044,4.534965
5013,5.013,0.28974172,4.5461125
5014,5.014,0.2979904,4.546795
5015,5.015,0.29936245,4.5332685
5016,5.016,0.30174857,4.4753966
5017,5.017,0.28478143,4.5041056
5018,5.018,0.2785797,4.520126
5019,5.019,0.27221298,4.4590483
5020,5.02,0.27979496,4.4400053
5021,5.021,0.26944375,4.4767528
5022,5.022,0.27847555,4.458615
5023,5.023,0.28083456,4.485254
5024,5.024,0.27368554,4.4714475
5025,5.025,0.279772,4.5502734
5026,5.026,0.29594547,4.527025
5027,5.027,0.26546046,4.584009
5028,5.028,0.2687502,4.56377
5029,5.029,0.27103394,4.589093
5030,5.03,0.26921004,4.5424314
5031,5.031,0.2669031,4.529748
5032,5.032,0.27689448,4.5859976
5033,5.033,0.2716689,4.5348306
5034,5.034,0.2895891,4.5162477
5035,5.035,0.26778692,4.556491
5036,5.036,0.26842138,4.5206237
5037,5.037,0.25671816,4.5113115
5038,5.038,0.2555454,4.5132976
5039,5.039,0.2532806,4.530161
5040,5.04,0.26085028,4.5355473
5041,5.041,0.26486975,4.5071135
5042,5.042,0.28216383,4.535577
5043,5.043,0.29348734,4.50579
5044,5.044,0.2842197,4.5171285
5045,5.045,0.29358226,4.5118594
5046,5.046,0.29360273,4.5343556
5047,5.047,0.2894779,4.5292716
5048,5.048,0.28125638,4.542967
5049,5.049,0.30174282,4.534067
5050,5.05,0.30170816,4.5589542
5051,5.051,0.31565621,4.582225
5052,5.052,0.31425086,4.6062765
5053,5.053,0.31277177,4.574237
5054,5.054,0.30734214,4.5865
5055,5.055,0.2929784,4.5806603
5056,5.056,0.31733868,4.5851703
5057,5.057,0.33478296,4.599794
5058,5.058,0.31017777,4.562782
5059,5.059,0.32687002,4.5611506
5060,5.06,0.3104914,4.6155434
5061,5.061,0.29705697,4.611401
5062,5.062,0.30685976,4.5730896
5063,5.063,0.2998434,4.585167
5064,5.064,0.30157593,4.5934386
5065,5.065,0.30453324,4.5300155
5066,5.066,0.31971484,4.6001925
5067,5.067,0.28398433,4.559798
5068,5.068,0.30163094,4.5251145
5069,5.069,0.29127073,4.5858026
5070,5.07,0.27796116,4.5908
5071,5.071,0.26980475,4.632123
5072,5.072,0.28736955,4.65783
5073,5.073,0.2982785,4.5807624
5074,5.074,0.29756844,4.584438
5075,5.075,0.30306774,4.543441
5076,5.076,0.29914093,4.456162
5077,5.077,0.3012014,4.381334
5078,5.078,0.30185372,4.3949943
5079,5.079,0.3167409,4.4203467
5080,5.08,0.32469472,4.438277
5081,5.081,0.31921098,4.4427447
5082,5.082,0.31435367,4.389945
5083,5.083,0.32146382,4.420983
5084,5.084,0.32926026,4.489029
5085,5.085,0.33279458,4.521135
5086,5.086,0.34345394,4.546831
5087,5.087,0.31868908,4.543241
5088,5.088,0.32861924,4.5404572
5089,5.089,0.3091267,4.4602523
5090,5.09,0.2914431,4.45855
5091,5.091,0.30329937,4.4444523
5092,5.092,0.2961278,4.435858
5093,5.093,0.2957927,4.463392
5094,5.094,0.28432706,4.4366016
5095,5.095,0.2818726,4.49386
5096,5.096,0.28207165,4.501279
5097,5.097,0.2883863,4.5442023
5098,5.098,0.28789324,4.5604243
5099,5.099,0.27262992,4.5121813
5100,5.1,0.27669945,4.5719395
5101,5.101,0.2787096,4.5621095
5102,5.102,0.29012787,4.533715
5103,5.103,0.309157,4.5773664
5104,5.104,0.3087971,4.585973
5105,5.105,0.28317332,4.5031047
5106,5.106,0.28762227,4.5176516
5107,5.107,0.29115203,4.4799848
5108,5.108,0.3070475,4.3823843
5109,5.109,0.3108159,4.4381227
5110,5.11,0.30609068,4.424992
5111,5.111,0.30647114,4.461082
5112,5.112,0.30647093,4.4196076
5113,5.113,0.30296186,4.3855953
5114,5.114,0.306814,4.3864975
5115,5.115,0.3124447,4.4429965
5116,5.116,0.2968345,4.4564557
5117,5.117,0.3017298,4.4237676
5118,5.118,0.3060707,4.4322057
5119,5.119,0.3006765,4.4608417
5120,5.12,0.31193945,4.4510994
5121,5.121,0.31907678,4.4389157
5122,5.122,0.32143003,4.491627
5123,5.123,0.31703383,4.457835
5124,5.124,0.32160637,4.4526577
5125,5.125,0.31818956,4.479342
5126,5.126,0.30855927,4.4907207
5127,5.127,0.31778008,4.4284015
5128,5.128,0.31429115,4.450171
5129,5.129,0.29106706,4.42263
5130,5.13,0.31140482,4.4688315
5131,5.131,0.31841692,4.4156904
5132,5.132,0.31134468,4.4448075
5133,5.133,0.3088811,4.529041
5134,5.134,0.3070234,4.435361
5135,5.135,0.30883566,4.4729953
5136,5.136,0.30591124,4.4716725
5137,5.137,0.3001634,4.465373
5138,5.138,0.3179361,4.431778
5139,5.139,0.33892003,4.451795
5140,5.14,0.34493837,4.447567
5141,5.141,0.3492953,4.483772
5142,5.142,0.3448965,4.471452
5143,5.143,0.33585644,4.4138145
5144,5.144,0.34298965,4.4484177
5145,5.145,0.33456084,4.437633
5146,5.146,0.33969727,4.459614
5147,5.147,0.33308065,4.4506774
5148,5.148,0.3395705,4.545162
5149,5.149,0.34329572,4.480119
5150,5.15,0.3454499,4.4909673
5151,5.151,0.33984903,4.4710464
5152,5.152,0.34414658,4.4832225
5153,5.153,0.3273808,4.4827666
5154,5.154,0.33451903,4.486096
5155,5.155,0.34891963,4.447088
5156,5.156,0.34915197,4.469336
5157,5.157,0.35363725,4.4600234
5158,5.158,0.34031793,4.429058
5159,5.159,0.35960314,4.413291
5160,5.16,0.37314725,4.4975305
5161,5.161,0.379737,4.5077467
5162,5.162,0.37535912,4.4758415
5163,5.163,0.3735459,4.497941
5164,5.164,0.3680816,4.4558544
5165,5.165,0.35893583,4.524369
5166,5.166,0.36273816,4.50592
5167,5.167,0.37196743,4.483238
5168,5.168,0.38402405,4.528869
5169,5.169,0.38375723,4.4734426
5170,5.17,0.38317862,4.4534492
5171,5.171,0.39692482,4.5172443
5172,5.172,0.3860986,4.4424524
5173,5.173,0.36957315,4.518221
5174,5.174,0.367884,4.5163946
5175,5.175,0.36855316,4.452654
5176,5.176,0.35660076,4.471643
5177,5.177,0.33727476,4.4342446
5178,5.178,0.3399172,4.4180837
5179,5.179,0.3512992,4.399239
5180,5.18,0.34717643,4.4278383
5181,5.181,0.35487282,4.4515543
5182,5.182,0.33855778,4.437188
5183,5.183,0.32924408,4.4533668
5184,5.184,0.34085485,4.473275
5185,5.185,0.34954324,4.483176
5186,5.186,0.34888783,4.381366
5187,5.187,0.33617964,4.426685
5188,5.188,0.33829203,4.424394
5189,5.189,0.3391754,4.38456
5190,5.19,0.34874764,4.3899126
5191,5.191,0.34309128,4.45881
5192,5.192,0.33974645,4.42456
5193,5.193,0.33537614,4.4235296
5194,5.194,0.33729312,4.4512324
5195,5.195,0.34616494,4.474414
5196,5.196,0.34628865,4.4506006
5197,5.197,0.3375206,4.3999724
5198,5.198,0.34166715,4.3946595
5199,5.199,0.33502576,4.423807
5200,5.2,0.348941,4.3948298
5201,5.201,0.35362056,4.4399323
5202,5.202,0.34713766,4.450058
5203,5.203,0.3361315,4.395526
5204,5.204,0.34645265,4.4403996
5205,5.205,0.32483658,4.49074
5206,5.206,0.33174217,4.43831
5207,5.207,0.33898976,4.4200892
5208,5.208,0.32005256,4.440752
5209,5.209,0.3168821,4.400449
5210,5.21,0.31598985,4.4587455
5211,5.211,0.32484564,4.484164
5212,5.212,0.31929427,4.47217
5213,5.213,0.31612426,4.5051403
5214,5.214,0.3132932,4.480834
5215,5.215,0.30413175,4.427953
5216,5.216,0.3087952,4.52156
5217,5.217,0.29715446,4.4662504
5218,5.218,0.29189712,4.431704
5219,5.219,0.29051927,4.4442525
5220,5.22,0.30137062,4.4002023
5221,5.221,0.30364484,4.4430017
5222,5.222,0.31255215,4.4306717
5223,5.223,0.28550932,4.4277763
5224,5.224,0.30713144,4.4661756
5225,5.225,0.30839422,4.4022517
5226,5.226,0.29047808,4.4386625
5227,5.227,0.3086726,4.4073176
5228,5.228,0.30757225,4.445646
5229,5.229,0.31882906,4.462942
5230,5.23,0.32247987,4.448894
5231,5.231,0.32280824,4.4380517
5232,5.232,0.31631452,4.4236817
5233,5.233,0.3138471,4.4421697
5234,5.234,0.31879354,4.439089
5235,5.235,0.30493307,4.396054
5236,5.236,0.32407343,4.3662972
5237,5.237,0.3210763,4.4180465
5238,5.238,0.3210376,4.4219894
5239,5.239,0.29799178,4.440607
5240,5.24,0.30435818,4.4628367
5241,5.241,0.29943946,4.4523497
5242,5.242,0.30698404,4.4414206
5243,5.243,0.3300023,4.4962716
5244,5.244,0.32051617,4.444676
5245,5.245,0.32474652,4.4628696
5246,5.246,0.31086385,4.442137
5247,5.247,0.29673985,4.437014
5248,5.248,0.29627573,4.416047
5249,5.249,0.29153374,4.4326205
5250,5.25,0.28734863,4.4255996
5251,5.251,0.29417288,4.390078
5252,5.252,0.28544554,4.4063196
5253,5.253,0.27842864,4.4504757
5254,5.254,0.2771532,4.4157734
5255,5.255,0.2825368,4.4119406
5256,5.256,0.28666776,4.371659
5257,5.257,0.27788922,4.422031
5258,5.258,0.2785486,4.414006
5259,5.259,0.28430063,4.3768888
5260,5.26,0.2806911,4.35104
5261,5.261,0.29078394,4.352114
5262,5.262,0.29749092,4.363558
5263,5.263,0.29066706,4.35934
5264,5.264,0.29485935,4.412782
5265,5.265,0.28400242,4.434997
5266,5.266,0.29348204,4.370361
5267,5.267,0.280181,4.416554
5268,5.268,0.29117864,4.3841467
5269,5.269,0.2855658,4.3564167
5270,5.27,0.30232954,4.4243693
5271,5.271,0.28432846,4.39981
5272,5.272,0.284046,4.4311776
5273,5.273,0.30223432,4.4296894
5274,5.274,0.30187514,4.3860273
5275,5.275,0.30217254,4.396684
5276,5.276,0.29352614,4.394917
5277,5.277,0.29502064,4.420142
5278,5.278,0.289404,4.404013
5279,5.279,0.30171064,4.4147964
5280,5.28,0.30264845,4.420525
5281,5.281,0.30082142,4.4145627
5282,5.282,0.30799082,4.363621
5283,5.283,0.2940935,4.3680205
5284,5.284,0.29849565,4.4104147
5285,5.285,0.29358402,4.4496307
5286,5.286,0.30760795,4.454869
5287,5.287,0.30760455,4.4035435
5288,5.288,0.2975125,4.392992
5289,5.289,0.29447314,4.4214206
5290,5.29,0.29658946,4.3848705
5291,5.291,0.28889948,4.4144773
5292,5.292,0.30668303,4.4215508
5293,5.293,0.30890226,4.4546824
5294,5.294,0.30987763,4.3818016
5295,5.295,0.308299,4.374118
5296,5.296,0.30080065,4.389761
5297,5.297,0.2935334,4.3824835
5298,5.298,0.30535373,4.3838024
5299,5.299,0.29741186,4.3899045
5300,5.3,0.29973716,4.3940153
5301,5.301,0.311177,4.393078
5302,5.302,0.31282148,4.3671594
5303,5.303,0.30331898,4.395452
5304,5.304,0.3081197,4.3731484
5305,5.305,0.3022504,4.3945384
5306,5.306,0.29406872,4.470852
5307,5.307,0.29112267,4.3890867
5308,5.308,0.29168218,4.4519424
5309,5.309,0.3060854,4.4497166
5310,5.31,0.29665744,4.455101
5311,5.311,0.28931412,4.438004
5312,5.312,0.3053831,4.444294
5313,5.313,0.2928241,4.408892
5314,5.314,0.2784166,4.39278
5315,5.315,0.29648107,4.4120135
5316,5.316,0.28917906,4.393969
5317,5.317,0.28397334,4.350942
5318,5.318,0.2892008,4.3955383
5319,5.319,0.29117665,4.386028
5320,5.32,0.29425302,4.3607535
5321,5.321,0.28125554,4.4090314
5322,5.322,0.2823553,4.3774858
5323,5.323,0.27944398,4.366276
5324,5.324,0.2739954,4.3524165
5325,5.325,0.2801255,4.360208
5326,5.326,0.29467797,4.376907
5327,5.327,0.28682014,4.360227
5328,5.328,0.27573565,4.3438587
5329,5.329,0.27840602,4.3220625
5330,5.33,0.2726439,4.357862
5331,5.331,0.27107614,4.3982453
5332,5.332,0.27912942,4.375709
5333,5.333,0.28262803,4.3971524
5334,5.334,0.28209254,4.424858
5335,5.335,0.28689852,4.441356
5336,5.336,0.2977838,4.465781
5337,5.337,0.29416955,4.420319
5338,5.338,0.30711225,4.403909
5339,5.339,0.30461162,4.387538
5340,5.34,0.3091501,4.3797526
5341,5.341,0.303954,4.3779383
5342,5.342,0.31152284,4.376476
5343,5.343,0.3032031,4.324204
5344,5.344,0.28784925,4.402109
5345,5.345,0.2866706,4.32431
5346,5.346,0.2893611,4.3827124
5347,5.347,0.28691062,4.4261246
5348,5.348,0.2863357,4.4173226
5349,5.349,0.27814183,4.410311
5350,5.35,0.3023007,4.363809
5351,5.351,0.28021026,4.416846
5352,5.352,0.2830741,4.3637824
5353,5.353,0.26427072,4.370965
5354,5.354,0.27116397,4.3859196
5355,5.355,0.26933753,4.353439
5356,5.356,0.266745,4.364193
5357,5.357,0.27158123,4.3507614
5358,5.358,0.2696389,4.3666196
5359,5.359,0.2788064,4.380624
5360,5.36,0.28337348,4.4207864
5361,5.361,0.28977764,4.382241
5362,5.362,0.28740737,4.4572015
5363,5.363,0.30481893,4.413058
5364,5.364,0.29893544,4.418568
5365,5.365,0.290992,4.34729
5366,5.366,0.2936478,4.3269005
5367,5.367,0.28910568,4.3772516
5368,5.368,0.3062702,4.3434477
5369,5.369,0.282709,4.315583
5370,5.37,0.29006672,4.384276
5371,5.371,0.28848365,4.3594694
5372,5.372,0.2895831,4.331686
5373,5.373,0.2796119,4.3628054
5374,5.374,0.287341,4.3232055
5375,5.375,0.28574708,4.34583
5376,5.376,0.28984007,4.3308544
5377,5.377,0.2888693,4.3335333
5378,5.378,0.29018167,4.3669033
5379,5.379,0.29124552,4.3512583
5380,5.38,0.30122656,4.340323
5381,5.381,0.2928389,4.324837
5382,5.382,0.29414812,4.2975454
5383,5.383,0.3073726,4.276593
5384,5.384,0.29733625,4.324478
5385,5.385,0.27887067,4.3157654
5386,5.386,0.29787928,4.335345
5387,5.387,0.3092811,4.2887487
5388,5.388,0.30095875,4.272726
5389,5.389,0.29034814,4.309263
5390,5.39,0.29255533,4.2891636
5391,5.391,0.2883913,4.317083
5392,5.392,0.2846578,4.2499304
5393,5.393,0.27824113,4.273039
5394,5.394,0.28634155,4.331647
5395,5.395,0.2787183,4.324418
5396,5.396,0.29383847,4.315608
5397,5.397,0.29053876,4.342934
5398,5.398,0.28965154,4.3778796
5399,5.399,0.28282183,4.3623266
5400,5.4,0.28554738,4.3082156
5401,5.401,0.27758685,4.3364077
5402,5.402,0.2873068,4.305854
5403,5.403,0.2900344,4.3213277
5404,5.404,0.30095568,4.316468
5405,5.405,0.30168074,4.3725758
5406,5.406,0.30072397,4.390315
5407,5.407,0.31193927,4.40719
5408,5.408,0.3121106,4.3960943
5409,5.409,0.29438165,4.4341927
5410,5.41,0.2965957,4.4318175
5411,5.411,0.2875682,4.4451804
5412,5.412,0.28735527,4.3885245
5413,5.413,0.29252392,4.376738
5414,5.414,0.29010954,4.3764925
5415,5.415,0.27674416,4.3664756
5416,5.416,0.28472784,4.379875
5417,5.417,0.2861483,4.3724313
5418,5.418,0.30759403,4.387737
5419,5.419,0.30023906,4.3673983
5420,5.42,0.2919852,4.3434052
5421,5.421,0.28825396,4.3016295
5422,5.422,0.28018615,4.297055
5423,5.423,0.28930512,4.3239717
5424,5.424,0.31310773,4.346437
5425,5.425,0.30921215,4.3743644
5426,5.426,0.3267687,4.3914657
5427,5.427,0.31359026,4.4096026
5428,5.428,0.30414924,4.3936315
5429,5.429,0.3034594,4.3917756
5430,5.43,0.31731665,4.4334354
5431,5.431,0.3093153,4.3750753
5432,5.432,0.29914033,4.362665
5433,5.433,0.304847,4.37054
5434,5.434,0.30659387,4.349284
5435,5.435,0.32622185,4.3609486
5436,5.436,0.3142895,4.3594947
5437,5.437,0.30793265,4.392762
5438,5.438,0.3066312,4.3624115
5439,5.439,0.32546833,4.3666105
5440,5.44,0.3281715,4.3535824
5441,5.441,0.31847644,4.394402
5442,5.442,0.3084628,4.400706
5443,5.443,0.31304863,4.4123077
5444,5.444,0.32445595,4.4042215
5445,5.445,0.3219665,4.41081
5446,5.446,0.31947884,4.3728895
5447,5.447,0.31882164,4.392425
5448,5.448,0.34194246,4.386347
5449,5.449,0.32364655,4.4271946
5450,5.45,0.34178486,4.392255
5451,5.451,0.33914283,4.3887434
5452,5.452,0.33716884,4.3852897
5453,5.453,0.35210937,4.3713746
5454,5.454,0.34387994,4.4000597
5455,5.455,0.32143274,4.3718514
5456,5.456,0.33871308,4.356119
5457,5.457,0.34424415,4.4135876
5458,5.458,0.34852102,4.372071
5459,5.459,0.3281942,4.360042
5460,5.46,0.33971873,4.4251404
5461,5.461,0.32751724,4.4066167
5462,5.462,0.32304683,4.3814726
5463,5.463,0.32287216,4.3997493
5464,5.464,0.33062732,4.447948
5465,5.465,0.31961596,4.3704495
5466,5.466,0.30588743,4.384396
5467,5.467,0.31128323,4.357069
5468,5.468,0.31079376,4.3392606
5469,5.469,0.30976513,4.3811483
5470,5.47,0.31320316,4.373694
5471,5.471,0.32247362,4.3394375
5472,5.472,0.31957,4.3617535
5473,5.473,0.32712013,4.364485
5474,5.474,0.3299429,4.361026
5475,5.475,0.32899702,4.3954124
5476,5.476,0.33483404,4.4606357
5477,5.477,0.33561975,4.4593663
5478,5.478,0.327977,4.424766
5479,5.479,0.32015422,4.4119406
5480,5.48,0.30726916,4.3886595
5481,5.481,0.3043996,4.3791037
5482,5.482,0.30562183,4.4692683
5483,5.483,0.3027254,4.440222
5484,5.484,0.30572906,4.432138
5485,5.485,0.30984348,4.420806
5486,5.486,0.30343005,4.407827
5487,5.487,0.32682633,4.473101
5488,5.488,0.31547087,4.409622
5489,5.489,0.30769548,4.392736
5490,5.49,0.32304898,4.4348264
5491,5.491,0.30904254,4.4163966
5492,5.492,0.30949894,4.4146776
5493,5.493,0.3106803,4.4063044
5494,5.494,0.31180304,4.451528
5495,5.495,0.31692207,4.3901567
5496,5.496,0.30121657,4.4462476
5497,5.497,0.31160668,4.4536657
5498,5.498,0.31025082,4.4708734
5499,5.499,0.28313106,4.4105306
5500,5.5,0.2846178,4.4491253
5501,5.501,0.2844807,4.427111
5502,5.502,0.29741672,4.4439664
5503,5.503,0.29603177,4.427789
5504,5.504,0.31213078,4.444571
5505,5.505,0.2996527,4.453225
5506,5.506,0.29764032,4.4526386
5507,5.507,0.29047373,4.4850183
5508,5.508,0.30423245,4.412172
5509,5.509,0.2836375,4.446993
5510,5.51,0.27711484,4.402256
5511,5.511,0.2894278,4.4963417
5512,5.512,0.27516618,4.489749
5513,5.513,0.28562266,4.5039096
5514,5.514,0.2926395,4.5067215
5515,5.515,0.2944176,4.494904
5516,5.516,0.30188474,4.444721
5517,5.517,0.29955932,4.456923
5518,5.518,0.28198415,4.4335957
5519,5.519,0.28188244,4.4421926
5520,5.52,0.29196778,4.3803926
5521,5.521,0.29614598,4.424671
5522,5.522,0.29175413,4.3911896
5523,5.523,0.29029655,4.395494
5524,5.524,0.30789152,4.4212036
5525,5.525,0.3068234,4.4581976
5526,5.526,0.31213468,4.3765535
5527,5.527,0.30775747,4.448153
5528,5.528,0.3101079,4.3983874
5529,5.529,0.3238861,4.3987665
5530,5.53,0.31359267,4.3973384
5531,5.531,0.31385905,4.4053903
5532,5.532,0.3270634,4.450624
5533,5.533,0.33052662,4.474931
5534,5.534,0.3285596,4.4082193
5535,5.535,0.32779896,4.4149284
5536,5.536,0.31405824,4.4591985
5537,5.537,0.32036212,4.430589
5538,5.538,0.31890282,4.4717603
5539,5.539,0.31778717,4.4840236
5540,5.54,0.31526467,4.4706106
5541,5.541,0.31208265,4.488908
5542,5.542,0.30848455,4.4591384
5543,5.543,0.31537557,4.4993763
5544,5.544,0.30865854,4.5062857
5545,5.545,0.2995219,4.539118
5546,5.546,0.29375938,4.483536
5547,5.547,0.2927856,4.5591474
5548,5.548,0.30100176,4.463968
5549,5.549,0.3029121,4.5176196
5550,5.55,0.28376055,4.5450716
5551,5.551,0.2870339,4.501086
5552,5.552,0.27071515,4.4897246
5553,5.553,0.26478463,4.4892635
5554,5.554,0.26211575,4.5018167
5555,5.555,0.27220386,4.525218
5556,5.556,0.28743532,4.4931517
5557,5.557,0.2962168,4.4870105
5558,5.558,0.2756061,4.539553
5559,5.559,0.29151034,4.538902
5560,5.56,0.28582457,4.547598
5561,5.561,0.26989985,4.5399303
5562,5.562,0.26969546,4.522213
5563,5.563,0.26196554,4.542643
5564,5.564,0.2846497,4.5201035
5565,5.565,0.2832725,4.5044804
5566,5.566,0.2846501,4.555426
5567,5.567,0.2915908,4.5467944
5568,5.568,0.28988752,4.5236588
5569,5.569,0.304711,4.51143
5570,5.57,0.30248284,4.4915533
5571,5.571,0.31145084,4.568826
5572,5.572,0.33454618,4.584165
5573,5.573,0.32418987,4.5188
5574,5.574,0.31749055,4.545476
5575,5.575,0.33488876,4.512523
5576,5.576,0.3364287,4.515663
5577,5.577,0.32837644,4.5683804
5578,5.578,0.33968318,4.5390735
5579,5.579,0.34545627,4.512613
5580,5.58,0.3325435,4.503901
5581,5.581,0.33240756,4.5242505
5582,5.582,0.32560503,4.5261326
5583,5.583,0.32290956,4.5619564
5584,5.584,0.32724836,4.502155
5585,5.585,0.30856323,4.4734645
5586,5.586,0.3060771,4.4662385
5587,5.587,0.3145123,4.443787
5588,5.588,0.31189147,4.4775763
5589,5.589,0.3009146,4.481676
5590,5.59,0.30439427,4.5150023
5591,5.591,0.31627178,4.5595455
5592,5.592,0.31518236,4.5275683
5593,5.593,0.30401465,4.512419
5594,5.594,0.30116418,4.543204
5595,5.595,0.3064832,4.4962234
5596,5.596,0.32193223,4.423017
5597,5.597,0.33322135,4.449651
5598,5.598,0.31796682,4.4262514
5599,5.599,0.3424375,4.4366198
5600,5.6,0.36475757,4.457397
5601,5.601,0.34669748,4.457644
5602,5.602,0.3527044,4.4738517
5603,5.603,0.3422467,4.4598045
5604,5.604,0.34525794,4.402429
5605,5.605,0.34125534,4.432638
5606,5.606,0.3347486,4.4209723
5607,5.607,0.3386426,4.4160666
5608,5.608,0.32699978,4.40946
5609,5.609,0.32520717,4.4447227
5610,5.61,0.32234383,4.436627
5611,5.611,0.33478278,4.4560337
5612,5.612,0.33370754,4.431685
5613,5.613,0.34045732,4.4488087
5614,5.614,0.34410325,4.435292
5615,5.615,0.3459555,4.460744
5616,5.616,0.35425368,4.448108
5617,5.617,0.34631383,4.4306107
5618,5.618,0.3491897,4.441944
5619,5.619,0.33354557,4.454906
5620,5.62,0.34099305,4.4908977
5621,5.621,0.34573856,4.4389095
5622,5.622,0.3387699,4.4873104
5623,5.623,0.34372512,4.5137177
5624,5.624,0.34917596,4.520934
5625,5.625,0.36896473,4.5850043
5626,5.626,0.37075436,4.526844
5627,5.627,0.35142633,4.528491
5628,5.628,0.35601628,4.539375
5629,5.629,0.34702474,4.545879
5630,5.63,0.36118174,4.4460435
5631,5.631,0.35657904,4.455988
5632,5.632,0.35086128,4.486393
5633,5.633,0.34359023,4.4783397
5634,5.634,0.34767818,4.4664927
5635,5.635,0.33476344,4.446885
5636,5.636,0.33147252,4.452023
5637,5.637,0.32691562,4.4330583
5638,5.638,0.32015476,4.41319
5639,5.639,0.32758006,4.4516196
5640,5.64,0.32051724,4.4481363
5641,5.641,0.31887385,4.4317923
5642,5.642,0.31461576,4.4465485
5643,5.643,0.33060512,4.449458
5644,5.644,0.3399883,4.4558353
5645,5.645,0.33200985,4.3951225
5646,5.646,0.33456844,4.4416103
5647,5.647,0.33566296,4.4735312
5648,5.648,0.33517635,4.449061
5649,5.649,0.34072748,4.434916
5650,5.65,0.32779086,4.4389462
5651,5.651,0.3326342,4.4371023
5652,5.652,0.32374528,4.436877
5653,5.653,0.3103389,4.450194
5654,5.654,0.3174769,4.382723
5655,5.655,0.31390804,4.401905
5656,5.656,0.33286107,4.378737
5657,5.657,0.32642534,4.342339
5658,5.658,0.3182183,4.3679843
5659,5.659,0.3186936,4.3554997
5660,5.66,0.3428157,4.3543925
5661,5.661,0.33337915,4.3839536
5662,5.662,0.31612077,4.381962
5663,5.663,0.31937897,4.410086
5664,5.664,0.31252274,4.4223614
5665,5.665,0.3162597,4.4276853
5666,5.666,0.32567427,4.4264097
5667,5.667,0.31854504,4.4598107
5668,5.668,0.3170537,4.4691844
5669,5.669,0.31563735,4.472111
5670,5.67,0.30073494,4.45006
5671,5.671,0.30923662,4.4545946
5672,5.672,0.3228027,4.4405107
5673,5.673,0.3255896,4.4048595
5674,5.674,0.33798316,4.4068065
5675,5.675,0.3234282,4.356834
5676,5.676,0.3388368,4.3960156
5677,5.677,0.33738598,4.4004717
5678,5.678,0.3370941,4.4112444
5679,5.679,0.3422457,4.4578776
5680,5.68,0.33226946,4.435247
5681,5.681,0.34020206,4.472617
5682,5.682,0.3452931,4.4989185
5683,5.683,0.3615811,4.397379
5684,5.684,0.35945717,4.470009
5685,5.685,0.34637123,4.439204
5686,5.686,0.36013862,4.468591
5687,5.687,0.35567972,4.476124
5688,5.688,0.34999207,4.4199843
5689,5.689,0.33927846,4.437986
5690,5.69,0.3525036,4.417006
5691,5.691,0.3446747,4.376368
5692,5.692,0.34736836,4.4218197
5693,5.693,0.35362318,4.387233
5694,5.694,0.34938496,4.398766
5695,5.695,0.34785852,4.457804
5696,5.696,0.33743018,4.4237103
5697,5.697,0.34167948,4.4171023
5698,5.698,0.34722123,4.4377036
5699,5.699,0.34941292,4.473753
5700,5.7,0.3425732,4.463683
5701,5.701,0.34134912,4.5472465
5702,5.702,0.34240863,4.492101
5703,5.703,0.3401258,4.5185714
5704,5.704,0.3492013,4.472392
5705,5.705,0.35100952,4.495543
5706,5.706,0.35268098,4.482834
5707,5.707,0.37364924,4.4661393
5708,5.708,0.36873987,4.499557
5709,5.709,0.36015338,4.500038
5710,5.71,0.35095778,4.4766955
5711,5.711,0.34634036,4.454819
5712,5.712,0.34935305,4.4724665
5713,5.713,0.3606262,4.4580026
5714,5.714,0.35935232,4.467378
5715,5.715,0.35448188,4.5098515
5716,5.716,0.37087375,4.4767685
5717,5.717,0.3462546,4.462699
5718,5.718,0.34727165,4.466716
5719,5.719,0.3426781,4.425925
5720,5.72,0.3424797,4.4501634
5721,5.721,0.34023708,4.4992695
5722,5.722,0.33616987,4.540031
5723,5.723,0.3396852,4.548037
5724,5.724,0.34605706,4.5121336
5725,5.725,0.34912813,4.5305123
5726,5.726,0.35651076,4.5421553
5727,5.727,0.35050526,4.5444365
5728,5.728,0.35015205,4.5778675
5729,5.729,0.35678497,4.502295
5730,5.73,0.34767553,4.454982
5731,5.731,0.34162924,4.4574304
5732,5.732,0.3312224,4.507827
5733,5.733,0.34128395,4.4957457
5734,5.734,0.33215186,4.454359
5735,5.735,0.33433738,4.4942327
5736,5.736,0.33227798,4.4599185
5737,5.737,0.33694267,4.4672422
5738,5.738,0.33058554,4.477952
5739,5.739,0.3203226,4.4756365
5740,5.74,0.32182088,4.4347806
5741,5.741,0.3142163,4.4464536
5742,5.742,0.3217133,4.440137
5743,5.743,0.3339212,4.422627
5744,5.744,0.33956146,4.4027314
5745,5.745,0.34809604,4.4439645
5746,5.746,0.3462748,4.40115
5747,5.747,0.35834855,4.457555
5748,5.748,0.3578148,4.458001
5749,5.749,0.35583067,4.4588375
5750,5.75,0.35783738,4.465809
5751,5.751,0.3780798,4.512248
5752,5.752,0.35012677,4.50077
5753,5.753,0.35239258,4.5270514
5754,5.754,0.34879535,4.5398407
5755,5.755,0.35659894,4.523451
5756,5.756,0.3736477,4.531413
5757,5.757,0.3549959,4.4930677
5758,5.758,0.36818382,4.499637
5759,5.759,0.36201736,4.4768033
5760,5.76,0.35472295,4.479143
5761,5.761,0.3610201,4.4776416
5762,5.762,0.35344645,4.52882
5763,5.763,0.34307763,4.5343695
5764,5.764,0.33995393,4.50618
5765,5.765,0.33808693,4.5409236
5766,5.766,0.3501644,4.513719
5767,5.767,0.3532258,4.5349207
5768,5.768,0.36056623,4.5317154
5769,5.769,0.3624238,4.542913
5770,5.77,0.35359395,4.512397
5771,5.771,0.32917193,4.525846
5772,5.772,0.32708973,4.535723
5773,5.773,0.32106262,4.546034
5774,5.774,0.33453667,4.546971
5775,5.775,0.33160326,4.4935
5776,5.776,0.3362436,4.5018463
5777,5.777,0.33776042,4.4790015
5778,5.778,0.33595282,4.4990616
5779,5.779,0.3294059,4.4846253
5780,5.78,0.33241174,4.491004
5781,5.781,0.3244027,4.5013404
5782,5.782,0.34018832,4.4947743
5783,5.783,0.32942486,4.4309177
5784,5.784,0.34101102,4.51281
5785,5.785,0.3294833,4.5290422
5786,5.786,0.3310756,4.5588956
5787,5.787,0.33680782,4.553289
5788,5.788,0.35387954,4.5955424
5789,5.789,0.35396984,4.6119757
5790,5.79,0.35838276,4.6396494
5791,5.791,0.36338958,4.6053286
5792,5.792,0.3594837,4.591143
5793,5.793,0.34420922,4.574954
5794,5.794,0.34018186,4.5325456
5795,5.795,0.32954836,4.4782925
5796,5.796,0.3248912,4.502568
5797,5.797,0.34594262,4.5682373
5798,5.798,0.3369255,4.593788
5799,5.799,0.34221548,4.5832963
5800,5.8,0.3539963,4.556721
5801,5.801,0.35593802,4.579688
5802,5.802,0.33879805,4.532086
5803,5.803,0.33420253,4.5864563
5804,5.804,0.35283828,4.518361
5805,5.805,0.34210247,4.521603
5806,5.806,0.33374912,4.492456
5807,5.807,0.32920495,4.5032907
5808,5.808,0.3445179,4.462807
5809,5.809,0.33310598,4.468349
5810,5.81,0.33655974,4.5078816
5811,5.811,0.32902405,4.547222
5812,5.812,0.31993532,4.56626
5813,5.813,0.31215784,4.5886073
5814,5.814,0.31204486,4.5895834
5815,5.815,0.31242085,4.5434847
5816,5.816,0.30513656,4.530816
5817,5.817,0.30804166,4.5126805
5818,5.818,0.32456458,4.5289917
5819,5.819,0.3162398,4.5254087
5820,5.82,0.32246733,4.5092864
5821,5.821,0.328929,4.5204673
5822,5.822,0.34094185,4.414623
5823,5.823,0.3291872,4.4494014
5824,5.824,0.34569928,4.387345
5825,5.825,0.36396807,4.4525385
5826,5.826,0.36798236,4.463026
5827,5.827,0.37894347,4.491934
5828,5.828,0.3740359,4.5339146
5829,5.829,0.36692294,4.495978
5830,5.83,0.37193027,4.4792066
5831,5.831,0.37307385,4.4945316
5832,5.832,0.37965995,4.53322
5833,5.833,0.37089574,4.536723
5834,5.834,0.36914533,4.521815
5835,5.835,0.3863666,4.5443606
5836,5.836,0.36875948,4.572926
5837,5.837,0.37441215,4.6214876
5838,5.838,0.36376396,4.6190443
5839,5.839,0.36686358,4.606391
5840,5.84,0.3792025,4.592012
5841,5.841,0.3874028,4.6294937
5842,5.842,0.38539603,4.59768
5843,5.843,0.38162225,4.6006
5844,5.844,0.38346508,4.647961
5845,5.845,0.36386785,4.594952
5846,5.846,0.36644897,4.605499
5847,5.847,0.36442134,4.595543
5848,5.848,0.35337433,4.6117373
5849,5.849,0.35290918,4.5767474
5850,5.85,0.35219786,4.610997
5851,5.851,0.3597661,4.6008124
5852,5.852,0.37373832,4.5832596
5853,5.853,0.38349825,4.563144
5854,5.854,0.37843615,4.5578623
5855,5.855,0.3665053,4.5599174
5856,5.856,0.35975856,4.5374603
5857,5.857,0.3663556,4.5300345
5858,5.858,0.35737208,4.5733867
5859,5.859,0.37078992,4.5064406
5860,5.86,0.3818636,4.5016594
5861,5.861,0.3785954,4.5352316
5862,5.862,0.36904982,4.541917
5863,5.863,0.38747635,4.503939
5864,5.864,0.3828993,4.551986
5865,5.865,0.3828045,4.5314584
5866,5.866,0.3734591,4.501271
5867,5.867,0.3601903,4.543264
5868,5.868,0.35493797,4.5009747
5869,5.869,0.36574534,4.5304728
5870,5.87,0.37117147,4.509439
5871,5.871,0.3809354,4.5431314
5872,5.872,0.37946564,4.5021477
5873,5.873,0.361091,4.521664
5874,5.874,0.36809668,4.5190415
5875,5.875,0.35967353,4.5016375
5876,5.876,0.34557888,4.491555
5877,5.877,0.35468236,4.464703
5878,5.878,0.35935152,4.4859505
5879,5.879,0.36947274,4.5003257
5880,5.88,0.35994565,4.486736
5881,5.881,0.35698044,4.494788
5882,5.882,0.369083,4.4943247
5883,5.883,0.36651823,4.5484176
5884,5.884,0.3737453,4.472232
5885,5.885,0.38724628,4.485678
5886,5.886,0.39250126,4.5404606
5887,5.887,0.39301118,4.557362
5888,5.888,0.40251064,4.492581
5889,5.889,0.40497836,4.4872494
5890,5.89,0.41213012,4.5389023
5891,5.891,0.39990413,4.4995594
5892,5.892,0.40653345,4.4696856
5893,5.893,0.40311816,4.471151
5894,5.894,0.41471204,4.4868846
5895,5.895,0.40049338,4.480411
5896,5.896,0.39403605,4.4747796
5897,5.897,0.38975534,4.5134077
5898,5.898,0.3857438,4.4703507
5899,5.899,0.38634416,4.4916983
5900,5.9,0.38884807,4.479951
5901,5.901,0.400485,4.4949775
5902,5.902,0.38959825,4.471903
5903,5.903,0.37936497,4.423107
5904,5.904,0.38682514,4.486902
5905,5.905,0.3780945,4.484994
5906,5.906,0.37159616,4.483173
5907,5.907,0.38756064,4.506939
5908,5.908,0.3951155,4.483764
5909,5.909,0.3908661,4.468405
5910,5.91,0.39352658,4.4882207
5911,5.911,0.4057325,4.465114
5912,5.912,0.38701084,4.4506445
5913,5.913,0.3862764,4.4894195
5914,5.914,0.36630794,4.494989
5915,5.915,0.37614435,4.5591397
5916,5.916,0.40913698,4.5455256
5917,5.917,0.4087507,4.4911375
5918,5.918,0.3891066,4.500912
5919,5.919,0.39654955,4.4797997
5920,5.92,0.401791,4.4741774
5921,5.921,0.4196337,4.449506
5922,5.922,0.42428854,4.434559
5923,5.923,0.432063,4.4279056
5924,5.924,0.43452573,4.4479737
5925,5.925,0.4405896,4.4772105
5926,5.926,0.45787576,4.4846773
5927,5.927,0.45472237,4.4784694
5928,5.928,0.44517088,4.4460034
5929,5.929,0.45032313,4.4192276
5930,5.93,0.45099416,4.452193
5931,5.931,0.43808618,4.545291
5932,5.932,0.43961397,4.518637
5933,5.933,0.4322016,4.4988365
5934,5.934,0.4541738,4.5469666
5935,5.935,0.4399919,4.520872
5936,5.936,0.44254607,4.498961
5937,5.937,0.4441734,4.5081654
5938,5.938,0.43055168,4.507421
5939,5.939,0.4336164,4.511627
5940,5.94,0.42894986,4.523082
5941,5.941,0.43463174,4.538367
5942,5.942,0.45037383,4.52762
5943,5.943,0.4365148,4.5385385
5944,5.944,0.42793646,4.511803
5945,5.945,0.43834838,4.5460367
5946,5.946,0.4333376,4.563192
5947,5.947,0.40894908,4.5328903
5948,5.948,0.41740638,4.5477595
5949,5.949,0.41092536,4.5365415
5950,5.95,0.40358043,4.559569
5951,5.951,0.3913386,4.5491295
5952,5.952,0.3965822,4.5592327
5953,5.953,0.3916275,4.58084
5954,5.954,0.39422113,4.599575
5955,5.955,0.4105395,4.608724
5956,5.956,0.42967218,4.6514344
5957,5.957,0.41837108,4.617828
5958,5.958,0.42491472,4.6304417
5959,5.959,0.41697857,4.5755143
5960,5.96,0.40775177,4.547579
5961,5.961,0.41952005,4.5891953
5962,5.962,0.42425665,4.60444
5963,5.963,0.41747034,4.5694413
5964,5.964,0.43046683,4.5277977
5965,5.965,0.44375277,4.5640287
5966,5.966,0.45225424,4.5849605
5967,5.967,0.44187766,4.569835
5968,5.968,0.42297563,4.58562
5969,5.969,0.4086472,4.515094
5970,5.97,0.4103339,4.5474133
5971,5.971,0.4144494,4.5952687
5972,5.972,0.4158069,4.552483
5973,5.973,0.41110957,4.5710196
5974,5.974,0.40966472,4.562976
5975,5.975,0.40479794,4.549459
5976,5.976,0.40947095,4.535803
5977,5.977,0.39507908,4.573268
5978,5.978,0.39957115,4.584339
5979,5.979,0.39828354,4.573474
5980,5.98,0.40189472,4.565209
5981,5.981,0.3900585,4.5670714
5982,5.982,0.40423524,4.568693
5983,5.983,0.38762385,4.5368586
5984,5.984,0.3825976,4.5681686
5985,5.985,0.37422222,4.585679
5986,5.986,0.3778547,4.549595
5987,5.987,0.38325974,4.5517344
5988,5.988,0.39001566,4.624088
5989,5.989,0.38436553,4.6094885
5990,5.99,0.38052157,4.638884
5991,5.991,0.38771912,4.6016703
5992,5.992,0.37487838,4.5888343
5993,5.993,0.3816027,4.608097
5994,5.994,0.39493743,4.5585265
5995,5.995,0.39674786,4.5911803
5996,5.996,0.39757082,4.619558
5997,5.997,0.40555367,4.637132
5998,5.998,0.40032783,4.6071568
5999,5.999,0.40388924,4.594344
6000,6.0,0.41069898,4.6246076
6001,6.001,0.4109594,4.6141343
6002,6.002,0.43789747,4.631933
6003,6.003,0.42762586,4.6370864
6004,6.004,0.4234573,4.6143575
6005,6.005,0.42195967,4.601486
6006,6.006,0.409963,4.6311917
6007,6.007,0.41158828,4.576616
6008,6.008,0.40976712,4.6319304
6009,6.009,0.4176243,4.588009
6010,6.01,0.4208517,4.61107
6011,6.011,0.4190988,4.6157312
6012,6.012,0.4435808,4.5947266
6013,6.013,0.4121311,4.6035953
6014,6.014,0.41592935,4.6182685
6015,6.015,0.4304949,4.6207566
6016,6.016,0.4179115,4.591058
6017,6.017,0.44197613,4.5753717
6018,6.018,0.42280096,4.570842
6019,6.019,0.41303104,4.58617
6020,6.02,0.406652,4.6060023
6021,6.021,0.39715862,4.5754204
6022,6.022,0.38536632,4.5789313
6023,6.023,0.39698422,4.6273046
6024,6.024,0.4078194,4.6191516
6025,6.025,0.40477636,4.6208663
6026,6.026,0.39435026,4.6088114
6027,6.027,0.40577197,4.584254
6028,6.028,0.4178996,4.6420317
6029,6.029,0.41690025,4.6405487
6030,6.03,0.4039213,4.63904
6031,6.031,0.4067809,4.6246495
6032,6.032,0.41316286,4.6233892
6033,6.033,0.4117844,4.5916104
6034,6.034,0.4259722,4.5981927
6035,6.035,0.42055935,4.55608
6036,6.036,0.41594046,4.610538
6037,6.037,0.4061164,4.548452
6038,6.038,0.4073693,4.5828705
6039,6.039,0.40448597,4.6165633
6040,6.04,0.38432735,4.633993
6041,6.041,0.40258947,4.649598
6042,6.042,0.38798082,4.6160316
6043,6.043,0.38109985,4.636744
6044,6.044,0.39615214,4.6579638
6045,6.045,0.38896948,4.651381
6046,6.046,0.37817532,4.62493
6047,6.047,0.38360313,4.624973
6048,6.048,0.39330047,4.636052
6049,6.049,0.38311028,4.6203475
6050,6.05,0.38654265,4.606314
6051,6.051,0.40811363,4.6229763
6052,6.052,0.42267805,4.6569395
6053,6.053,0.42077205,4.6503525
6054,6.054,0.42539692,4.644222
6055,6.055,0.41526374,4.64266
6056,6.056,0.40949467,4.625396
6057,6.057,0.39523512,4.6662326
6058,6.058,0.3937266,4.646691
6059,6.059,0.40087968,4.6283154
6060,6.06,0.3970378,4.635246
6061,6.061,0.3912792,4.6491904
6062,6.062,0.40423498,4.6124773
6063,6.063,0.41214514,4.596795
6064,6.064,0.4020434,4.609938
6065,6.065,0.40274864,4.6180778
6066,6.066,0.40536025,4.6108246
6067,6.067,0.4223701,4.561841
6068,6.068,0.40755737,4.5829873
6069,6.069,0.39824465,4.6559224
6070,6.07,0.39357007,4.629219
6071,6.071,0.38268882,4.5991306
6072,6.072,0.3839566,4.607265
6073,6.073,0.38318887,4.6134953
6074,6.074,0.39947465,4.636296
6075,6.075,0.39827818,4.599742
6076,6.076,0.38831168,4.657065
6077,6.077,0.39194602,4.6853843
6078,6.078,0.37310806,4.6637897
6079,6.079,0.38408485,4.69062
6080,6.08,0.38391265,4.6200724
6081,6.081,0.38341293,4.6028132
6082,6.082,0.37614545,4.606303
6083,6.083,0.3934151,4.6701283
6084,6.084,0.37608075,4.631433
6085,6.085,0.3751826,4.6455812
6086,6.086,0.37156925,4.648228
6087,6.087,0.3740155,4.6138353
6088,6.088,0.3741864,4.665901
6089,6.089,0.37804997,4.631303
6090,6.09,0.3813321,4.624686
6091,6.091,0.37202615,4.6439877
6092,6.092,0.37769192,4.659211
6093,6.093,0.37155762,4.6484013
6094,6.094,0.3811223,4.6628113
6095,6.095,0.36833337,4.6712937
6096,6.096,0.38460636,4.6614366
6097,6.097,0.3783833,4.6162777
6098,6.098,0.38238695,4.6250296
6099,6.099,0.39241084,4.5993285
6100,6.1,0.40047637,4.6517124
6101,6.101,0.3855292,4.6378603
6102,6.102,0.39125335,4.630257
6103,6.103,0.37331915,4.711422
6104,6.104,0.37943307,4.715887
6105,6.105,0.3675198,4.66701
6106,6.106,0.36539212,4.6738396
6107,6.107,0.37334114,4.7041206
6108,6.108,0.37118003,4.680741
6109,6.109,0.3701832,4.6955233
6110,6.11,0.3773188,4.627407
6111,6.111,0.36619037,4.628896
6112,6.112,0.371694,4.6064806
6113,6.113,0.37146845,4.652823
6114,6.114,0.3658054,4.618922
6115,6.115,0.36400142,4.6431384
6116,6.116,0.36864346,4.6615615
6117,6.117,0.36643258,4.6448154
6118,6.118,0.39024025,4.584177
6119,6.119,0.38407716,4.5872736
6120,6.12,0.38933572,4.614999
6121,6.121,0.37748972,4.6016283
6122,6.122,0.39261568,4.601171
6123,6.123,0.39476836,4.6165457
6124,6.124,0.41079313,4.6328325
6125,6.125,0.3940987,4.628283
6126,6.126,0.37970242,4.6178756
6127,6.127,0.39778432,4.607564
6128,6.128,0.38675717,4.613685
6129,6.129,0.3900742,4.5847263
6130,6.13,0.39223096,4.590972
6131,6.131,0.38490832,4.6052265
6132,6.132,0.3846361,4.575846
6133,6.133,0.37162244,4.603503
6134,6.134,0.36206606,4.582254
6135,6.135,0.36611778,4.6239204
6136,6.136,0.37437817,4.595534
6137,6.137,0.37960273,4.621415
6138,6.138,0.37091818,4.5494
6139,6.139,0.3865325,4.6017923
6140,6.14,0.3809436,4.5969234
6141,6.141,0.38334948,4.5783534
6142,6.142,0.38021174,4.5952435
6143,6.143,0.36610845,4.848589
6144,6.144,0.36532155,4.833313
6145,6.145,0.39193922,4.764492
6146,6.146,0.38840917,4.734615
6147,6.147,0.3871409,4.760139
6148,6.148,0.37468222,4.7399216
6149,6.149,0.36076733,4.8680186
6150,6.15,0.35737935,4.90959
6151,6.151,0.35854867,4.9548593
6152,6.152,0.3622381,5.0477805
6153,6.153,0.36627436,5.151357
6154,6.154,0.39192435,5.152498
6155,6.155,0.40873984,5.192108
6156,6.156,0.41512257,5.159561
6157,6.157,0.3987529,5.0972805
6158,6.158,0.42124978,4.9000134
6159,6.159,0.41443643,4.732644
6160,6.16,0.4156894,4.793813
6161,6.161,0.424046,4.850914
6162,6.162,0.42117694,4.770995
6163,6.163,0.40876374,4.7709594
6164,6.164,0.40286818,4.755793
6165,6.165,0.40241802,4.7739973
6166,6.166,0.40191242,4.726089
6167,6.167,0.3958785,4.7684174
6168,6.168,0.39541483,4.843896
6169,6.169,0.39118272,4.7518363
6170,6.17,0.42474532,4.7986236
6171,6.171,0.42541593,4.656464
6172,6.172,0.39986932,4.5889487
6173,6.173,0.39746046,4.7702117
6174,6.174,0.400371,4.701421
6175,6.175,0.40731296,4.8138003
6176,6.176,0.42575422,4.848935
6177,6.177,0.42589065,4.855138
6178,6.178,0.4111883,4.9438953
6179,6.179,0.4135552,4.9230843
6180,6.18,0.4289841,4.9700894
6181,6.181,0.43272614,4.956279
6182,6.182,0.42936912,4.973817
6183,6.183,0.42295596,5.0327773
6184,6.184,0.41918415,5.074708
6185,6.185,0.41376898,5.095459
6186,6.186,0.41649064,5.1987486
6187,6.187,0.41193599,5.1402974
6188,6.188,0.40435305,4.9087048
6189,6.189,0.40026978,4.9553237
6190,6.19,0.41617274,4.861389
6191,6.191,0.39966545,4.787915
6192,6.192,0.41567594,4.7415895
6193,6.193,0.4268997,4.7652273
6194,6.194,0.4422823,4.639404
6195,6.195,0.4375515,4.662125
6196,6.196,0.44192055,4.764685
6197,6.197,0.44653258,4.707499
6198,6.198,0.44808534,4.6833553
6199,6.199,0.44586638,4.558696
6200,6.2,0.4405043,4.646486
6201,6.201,0.43873864,4.666893
6202,6.202,0.44214913,4.7917175
6203,6.203,0.44484383,4.7531495
6204,6.204,0.44177786,4.6935916
6205,6.205,0.44898555,4.6440086
6206,6.206,0.44977206,4.7367163
6207,6.207,0.4588771,4.7471476
6208,6.208,0.43238944,4.874314
6209,6.209,0.4422291,4.9319296
6210,6.21,0.43895438,4.970132
6211,6.211,0.45001447,4.865697
6212,6.212,0.4408393,4.9116716
6213,6.213,0.44350666,4.955081
6214,6.214,0.44209486,4.811806
6215,6.215,0.44681686,4.6605496
6216,6.216,0.44518968,4.5919924
6217,6.217,0.44955418,4.6103697
6218,6.218,0.44643873,4.581689
6219,6.219,0.44059485,4.539583
6220,6.22,0.42005262,4.458247
6221,6.221,0.43661818,4.4312277
6222,6.222,0.43026432,4.4535937
6223,6.223,0.41984397,4.4283476
6224,6.224,0.4237148,4.4674764
6225,6.225,0.43669352,4.48749
6226,6.226,0.42203814,4.4795766
6227,6.227,0.41212156,4.551793
6228,6.228,0.40597376,4.432521
6229,6.229,0.39289954,4.545003
6230,6.23,0.40497324,4.5321283
6231,6.231,0.3885715,4.6127334
6232,6.232,0.38122463,4.597482
6233,6.233,0.3781998,4.539153
6234,6.234,0.39784127,4.547
6235,6.235,0.408295,4.5609293
6236,6.236,0.409138,4.397195
6237,6.237,0.42242706,4.6009107
6238,6.238,0.40219274,4.7066064
6239,6.239,0.4200859,4.5391603
6240,6.24,0.43119088,4.4203577
6241,6.241,0.41734737,4.461838
6242,6.242,0.40718025,4.424602
6243,6.243,0.40981692,4.414996
6244,6.244,0.41067508,4.437654
6245,6.245,0.41761917,4.368117
6246,6.246,0.41142142,4.3980985
6247,6.247,0.3945616,4.4045997
6248,6.248,0.39880925,4.4602427
6249,6.249,0.38473436,4.388425
6250,6.25,0.3881518,4.51019
6251,6.251,0.38138258,4.491605
6252,6.252,0.37947237,4.560157
6253,6.253,0.36961317,4.562224
6254,6.254,0.3708722,4.699975
6255,6.255,0.37478524,4.531968
6256,6.256,0.35651094,4.485792
6257,6.257,0.3597187,4.42342
6258,6.258,0.35604647,4.4862165
6259,6.259,0.35022995,4.4626813
6260,6.26,0.36629152,4.522347
6261,6.261,0.36766917,4.5289884
6262,6.262,0.38235188,4.554933
6263,6.263,0.38766828,4.5924206
6264,6.264,0.38109285,4.536747
6265,6.265,0.38006243,4.5968013
6266,6.266,0.36635685,4.673222
6267,6.267,0.36079684,4.556364
6268,6.268,0.3599259,4.538035
6269,6.269,0.38238513,4.5631623
6270,6.27,0.38808626,4.6164713
6271,6.271,0.40775007,4.544419
6272,6.272,0.41748738,4.552923
6273,6.273,0.42248178,4.2587395
6274,6.274,0.4305513,4.5411005
6275,6.275,0.4352587,4.519038
6276,6.276,0.43321115,4.5945673
6277,6.277,0.45444927,4.570543
6278,6.278,0.4447929,4.576485
6279,6.279,0.43767354,4.5299163
6280,6.28,0.43731856,4.5465593
6281,6.281,0.43352965,4.57299
6282,6.282,0.4176232,4.607704
6283,6.283,0.42462283,4.6163464
6284,6.284,0.4300727,4.5696063
6285,6.285,0.43759882,4.5513783
6286,6.286,0.43944418,4.6050105
6287,6.287,0.4506449,4.541791
6288,6.288,0.44271347,4.3214655
6289,6.289,0.43465647,4.2987843
6290,6.29,0.42724222,4.297445
6291,6.291,0.44551247,4.2578096
6292,6.292,0.4446473,4.465628
6293,6.293,0.44739753,4.566248
6294,6.294,0.45613703,4.6056623
6295,6.295,0.44812492,4.4979677
6296,6.296,0.45130777,4.4643083
6297,6.297,0.44845602,4.3912773
6298,6.298,0.44896728,4.3805904
6299,6.299,0.4656494,4.357779
6300,6.3,0.46122655,4.3361297
6301,6.301,0.4511433,4.354768
6302,6.302,0.4483472,4.391892
6303,6.303,0.44922364,4.5072227
6304,6.304,0.45207834,4.3692675
6305,6.305,0.4545791,4.3675222
6306,6.306,0.45420882,4.3264008
6307,6.307,0.4394084,4.312295
6308,6.308,0.44809592,4.240898
6309,6.309,0.45499912,4.230862
6310,6.31,0.45120174,4.2066803
6311,6.311,0.4505922,4.205848
6312,6.312,0.43185255,4.222101
6313,6.313,0.42424685,4.2124233
6314,6.314,0.4320412,4.1000485
6315,6.315,0.41694835,4.0662737
6316,6.316,0.4094636,4.0283093
6317,6.317,0.41798478,3.9166255
6318,6.318,0.4142756,4.1015673
6319,6.319,0.42592147,4.0943885
6320,6.32,0.43201044,4.1138644
6321,6.321,0.42299953,4.075455
6322,6.322,0.42068207,4.1285615
6323,6.323,0.42687586,4.04619
6324,6.324,0.43002608,3.9829497
6325,6.325,0.41371548,3.870189
6326,6.326,0.42186734,3.8832734
6327,6.327,0.40507585,3.834777
6328,6.328,0.40125453,3.9671774
6329,6.329,0.40239432,3.8138225
6330,6.33,0.40447912,3.7833266
6331,6.331,0.4072644,3.8168452
6332,6.332,0.41032532,3.9088502
6333,6.333,0.41058105,3.8889565
6334,6.334,0.43009096,3.8325849
6335,6.335,0.4201811,3.7515092
6336,6.336,0.42790487,4.5848665
6337,6.337,0.41761294,3.7864892
6338,6.338,0.42861867,3.9292872
6339,6.339,0.43165347,3.9070027
6340,6.34,0.4331814,3.853293
6341,6.341,0.43721363,3.9056473
6342,6.342,0.4321061,3.804873
6343,6.343,0.42817467,3.8111765
6344,6.344,0.41948366,3.8649294
6345,6.345,0.43432575,3.8828917
6346,6.346,0.42519918,3.9055123
6347,6.347,0.4278383,3.7525256
6348,6.348,0.42462337,3.825454
6349,6.349,0.41699243,3.8806796
6350,6.35,0.42280462,3.8236954
6351,6.351,0.44707084,3.8881652
6352,6.352,0.4389582,3.9401298
6353,6.353,0.44208166,3.8411946
6354,6.354,0.42549568,3.7731395
6355,6.355,0.42628103,3.942784
6356,6.356,0.42745253,4.0379777
6357,6.357,0.41621536,4.007207
6358,6.358,0.42015883,3.9209428
6359,6.359,0.4135084,3.9432378
6360,6.36,0.4070623,3.9321992
6361,6.361,0.40906438,3.9517126
6362,6.362,0.42532912,4.0033536
6363,6.363,0.43222687,4.0051103
6364,6.364,0.41713268,3.9682062
6365,6.365,0.4126424,3.9264376
6366,6.366,0.4113491,3.7656443
6367,6.367,0.43434212,3.8709793
6368,6.368,0.4248497,3.9194348
6369,6.369,0.42396706,3.9045062
6370,6.37,0.4109687,3.8780825
6371,6.371,0.3971174,3.9227965
6372,6.372,0.4006879,3.806332
6373,6.373,0.3951727,3.8506057
6374,6.374,0.40779683,3.6532915
6375,6.375,0.41933593,3.6915486
6376,6.376,0.41910335,3.7969027
6377,6.377,0.42818412,3.9408119
6378,6.378,0.4274931,3.9581823
6379,6.379,0.43988404,3.9719532
6380,6.38,0.42758518,3.882174
6381,6.381,0.4281525,3.8316398
6382,6.382,0.42761233,3.7087724
6383,6.383,0.42457846,3.597564
6384,6.384,0.4182205,3.5618412
6385,6.385,0.41092426,3.4518983
6386,6.386,0.41519427,3.4771993
6387,6.387,0.42548767,3.4228241
6388,6.388,0.42942405,3.619424
6389,6.389,0.43675333,3.5673554
6390,6.39,0.42287818,3.5087664
6391,6.391,0.41494542,3.5049093
6392,6.392,0.4279358,3.5790615
6393,6.393,0.42127985,3.5344725
6394,6.394,0.42342782,3.4374099
6395,6.395,0.41783473,3.6057584
6396,6.396,0.42411727,3.536614
6397,6.397,0.4302916,4.686305
6398,6.398,0.441717,4.685572
6399,6.399,0.43676034,4.675462
6400,6.4,0.4322179,3.3859758
6401,6.401,0.42329457,3.4843552
6402,6.402,0.41981035,3.5971227
6403,6.403,0.4204047,3.6743662
6404,6.404,0.4253268,3.7953374
6405,6.405,0.43104193,3.797351
6406,6.406,0.41573086,3.666128
6407,6.407,0.4019836,3.6456163
6408,6.408,0.40352973,3.5067832
6409,6.409,0.3939319,3.5289602
6410,6.41,0.39271018,3.4561632
6411,6.411,0.40050927,3.4219623
6412,6.412,0.40121204,3.541386
6413,6.413,0.4063941,3.5281012
6414,6.414,0.40908358,3.5023818
6415,6.415,0.40497807,3.435513
6416,6.416,0.40312892,3.3533292
6417,6.417,0.40552604,3.3234181
6418,6.418,0.39727983,3.3563051
6419,6.419,0.40151834,3.33796
6420,6.42,0.4126172,3.4072802
6421,6.421,0.40283576,3.4431112
6422,6.422,0.3963673,3.441756
6423,6.423,0.4032069,3.3159938
6424,6.424,0.40227178,3.2811885
6425,6.425,0.41025868,3.31491
6426,6.426,0.4227189,3.4691114
6427,6.427,0.41314983,4.6578813
6428,6.428,0.4150162,4.6532383
6429,6.429,0.4224325,4.704205
6430,6.43,0.42445567,3.6261225
6431,6.431,0.4056489,4.614066
6432,6.432,0.3925363,4.6480083
6433,6.433,0.3915971,4.6494956
6434,6.434,0.3963282,4.666744
6435,6.435,0.39618644,4.6748867
6436,6.436,0.41409615,4.62771
6437,6.437,0.39229992,4.646655
6438,6.438,0.39693108,4.616674
6439,6.439,0.40494683,4.6545153
6440,6.44,0.39746788,4.65953
6441,6.441,0.40687922,4.628811
6442,6.442,0.39784738,4.650441
6443,6.443,0.39841038,4.6069536
6444,6.444,0.3993023,4.6058855
6445,6.445,0.40312204,4.6417317
6446,6.446,0.4055574,4.63824
6447,6.447,0.41156736,4.6220675
6448,6.448,0.401978,4.613872
6449,6.449,0.41261396,4.607247
6450,6.45,0.40921792,4.6287937
6451,6.451,0.4073145,4.630467
6452,6.452,0.39773273,4.634836
6453,6.453,0.39111948,2.9793181
6454,6.454,0.39152122,4.6213613
6455,6.455,0.39701056,4.650047
6456,6.456,0.4023189,4.598307
6457,6.457,0.3975461,4.644937
6458,6.458,0.38349977,4.6281357
6459,6.459,0.39319834,4.63136
6460,6.46,0.38312414,3.0844767
6461,6.461,0.3881296,3.193611
6462,6.462,0.39141655,3.172663
6463,6.463,0.3817546,3.1837857
6464,6.464,0.39351293,3.1401975
6465,6.465,0.40989336,3.2145398
6466,6.466,0.41411862,3.234455
6467,6.467,0.41412222,2.981257
6468,6.468,0.4121203,2.8826773
6469,6.469,0.40559986,2.8724072
6470,6.47,0.40157416,3.0599244
6471,6.471,0.41381884,2.933759
6472,6.472,0.41058597,2.9416018
6473,6.473,0.40043768,3.026424
6474,6.474,0.39854816,2.990499
6475,6.475,0.39012885,2.9275975
6476,6.476,0.40747258,2.9939973
6477,6.477,0.41757697,2.9020576
6478,6.478,0.4045394,2.7327325
6479,6.479,0.42202842,2.6735313
6480,6.48,0.4224544,2.7116356
6481,6.481,0.4172571,2.6386886
6482,6.482,0.41001222,2.738304
6483,6.483,0.41609606,2.624498
6484,6.484,0.40429845,2.6648006
6485,6.485,0.39734077,2.745922
6486,6.486,0.39663523,2.701174
6487,6.487,0.39830953,2.5576317
6488,6.488,0.4040326,2.5851696
6489,6.489,0.3968329,2.4607756
6490,6.49,0.39814058,2.5445013
6491,6.491,0.38886425,2.4662917
6492,6.492,0.39571127,2.467641
6493,6.493,0.39511198,2.432282
6494,6.494,0.39630502,2.36423
6495,6.495,0.3824885,2.3072276
6496,6.496,0.3881442,2.4935536
6497,6.497,0.39987493,2.5011919
6498,6.498,0.36653557,2.580554
6499,6.499,0.35996234,2.5862966
6500,6.5,0.3753514,2.542755
6501,6.501,0.36466488,2.495323
6502,6.502,0.38070667,2.422582
6503,6.503,0.3828774,2.3630538
6504,6.504,0.40057752,2.3321345
6505,6.505,0.4019347,2.3966706
6506,6.506,0.39549989,2.484189
6507,6.507,0.383027,2.4249752
6508,6.508,0.3817743,2.325018
6509,6.509,0.39217332,2.4055722
6510,6.51,0.37363023,2.4010575
6511,6.511,0.393567,2.4927337
6512,6.512,0.3920218,2.465372
6513,6.513,0.41495198,2.394968
6514,6.514,0.4118445,2.305291
6515,6.515,0.3944798,2.3290834
6516,6.516,0.401533,2.4016466
6517,6.517,0.40253606,2.3171585
6518,6.518,0.40136328,2.3607388
6519,6.519,0.39055857,2.50903
6520,6.52,0.40596777,2.5467286
6521,6.521,0.4047445,2.440658
6522,6.522,0.40915552,2.4829397
6523,6.523,0.40558603,2.5209038
6524,6.524,0.40615964,2.442052
6525,6.525,0.38399664,2.4413102
6526,6.526,0.39066836,2.435778
6527,6.527,0.38941544,2.4970214
6528,6.528,0.39491928,2.4293714
6529,6.529,0.38998365,2.5282085
6530,6.53,0.40332198,2.553089
6531,6.531,0.39153555,2.5958743
6532,6.532,0.39136043,2.5885937
6533,6.533,0.3986031,2.49962
6534,6.534,0.38568056,2.4610548
6535,6.535,0.37839124,2.5131795
6536,6.536,0.3715372,2.489438
6537,6.537,0.36461067,2.4517288
6538,6.538,0.3623345,2.343304
6539,6.539,0.37509078,2.2703238
6540,6.54,0.39096338,2.257215
6541,6.541,0.3842186,2.1511543
6542,6.542,0.3942827,2.2746756
6543,6.543,0.38395375,2.318245
6544,6.544,0.37700003,2.375672
6545,6.545,0.3846432,2.2687538
6546,6.546,0.36176008,2.295177
6547,6.547,0.35267377,2.4419718
6548,6.548,0.3603387,2.4121087
6549,6.549,0.3548466,2.4799833
6550,6.55,0.3799056,2.270493
6551,6.551,0.38269547,2.336394
6552,6.552,0.35781768,2.2954104
6553,6.553,0.34965286,2.2124045
6554,6.554,0.3617933,2.219499
6555,6.555,0.36703682,2.2736065
6556,6.556,0.35664743,2.2662134
6557,6.557,0.3505056,2.3301187
6558,6.558,0.34321505,2.386015
6559,6.559,0.3607071,2.403442
6560,6.56,0.34951925,2.3397613
6561,6.561,0.33957645,2.3230324
6562,6.562,0.33850312,2.3936217
6563,6.563,0.33774024,2.4043443
6564,6.564,0.3313433,2.3658106
6565,6.565,0.31960908,2.143292
6566,6.566,0.33293122,2.0909266
6567,6.567,0.3399917,2.1414785
6568,6.568,0.33653572,2.2706048
6569,6.569,0.34847125,2.1369317
6570,6.57,0.33735564,2.1585479
6571,6.571,0.32688752,2.3016167
6572,6.572,0.323358,2.1867645
6573,6.573,0.31722704,2.3033314
6574,6.574,0.29648128,2.322852
6575,6.575,0.30202925,2.2402918
6576,6.576,0.3081803,2.3743284
6577,6.577,0.30393708,2.3742397
6578,6.578,0.30789828,2.5390685
6579,6.579,0.30608767,2.5516748
6580,6.58,0.2888911,2.5211341
6581,6.581,0.30639964,2.4889803
6582,6.582,0.29397792,2.4945555
6583,6.583,0.29998678,2.5192256
6584,6.584,0.30047825,2.4260285
6585,6.585,0.304004,2.3143623
6586,6.586,0.297289,2.247076
6587,6.587,0.3143079,2.2586832
6588,6.588,0.31570292,2.3375528
6589,6.589,0.31767818,2.2773592
6590,6.59,0.30509204,2.2888908
6591,6.591,0.29418212,2.528848
6592,6.592,0.2938723,2.4874897
6593,6.593,0.30362296,2.4846942
6594,6.594,0.29968876,2.4612217
6595,6.595,0.2984513,2.502817
6596,6.596,0.29610595,2.4970863
6597,6.597,0.29691276,2.620367
6598,6.598,0.2854097,2.595181
6599,6.599,0.28351194,2.6152637
6600,6.6,0.28913006,2.6535597
6601,6.601,0.2965569,2.6437387
6602,6.602,0.3045915,2.592853
6603,6.603,0.28436202,2.6860685
6604,6.604,0.29270566,2.7197466
6605,6.605,0.28818378,2.771094
6606,6.606,0.28309146,2.8249183
6607,6.607,0.29187256,2.6415446
6608,6.608,0.28772855,2.568957
6609,6.609,0.27457973,2.6146033
6610,6.61,0.26479685,2.7844944
6611,6.611,0.28592342,2.888567
6612,6.612,0.3059071,2.9479735
6613,6.613,0.30499902,2.8941545
6614,6.614,0.303467,3.0571775
6615,6.615,0.28142276,3.1829677
6616,6.616,0.29518554,3.1239426
6617,6.617,0.27180332,3.1206644
6618,6.618,0.28697306,3.2024102
6619,6.619,0.2635436,3.3452
6620,6.62,0.2640031,3.3607478
6621,6.621,0.27646688,3.3798301
6622,6.622,0.28328863,3.3397777
6623,6.623,0.26415893,3.3157876
6624,6.624,0.26374027,3.2615805
6625,6.625,0.26567504,3.378747
6626,6.626,0.25784165,3.4834406
6627,6.627,0.27744147,3.4155693
6628,6.628,0.27720743,3.3217897
6629,6.629,0.28269714,3.3739047
6630,6.63,0.2801911,4.5244265
6631,6.631,0.2687663,4.5678287
6632,6.632,0.27854943,4.528578
6633,6.633,0.27555406,4.555821
6634,6.634,0.28167897,4.504263
6635,6.635,0.29084277,4.5363045
6636,6.636,0.2975294,4.5528517
6637,6.637,0.30567196,4.537433
6638,6.638,0.30018437,4.5619607
6639,6.639,0.31304532,4.5394516
6640,6.64,0.30753785,3.398089
6641,6.641,0.30840564,4.541365
6642,6.642,0.29365018,4.5652943
6643,6.643,0.2832627,4.550532
6644,6.644,0.2837479,4.541056
6645,6.645,0.2887614,4.5135646
6646,6.646,0.28197512,4.5275083
6647,6.647,0.2811869,4.57022
6648,6.648,0.27845252,4.5811996
6649,6.649,0.27537972,4.601577
6650,6.65,0.27292252,4.5343747
6651,6.651,0.25982815,4.6556544
6652,6.652,0.27501446,4.6747503
6653,6.653,0.2733396,4.655553
6654,6.654,0.28930035,4.660128
6655,6.655,0.29148972,4.583822
6656,6.656,0.2838188,4.572474
6657,6.657,0.2952564,4.599041
6658,6.658,0.29600736,4.585616
6659,6.659,0.3024148,4.575882
6660,6.66,0.29828686,4.5462456
6661,6.661,0.3025006,4.541567
6662,6.662,0.32104698,4.5728006
6663,6.663,0.321714,4.5695467
6664,6.664,0.32603645,4.5823073
6665,6.665,0.31934783,4.601984
6666,6.666,0.3182555,4.58921
6667,6.667,0.31922692,4.56455
6668,6.668,0.32096902,4.5439987
6669,6.669,0.3110776,4.548832
6670,6.67,0.32090977,2.8305502
6671,6.671,0.3120517,4.562624
6672,6.672,0.3179028,4.569116
6673,6.673,0.32627463,4.5236483
6674,6.674,0.32012585,4.5348525
6675,6.675,0.33174616,4.551584
6676,6.676,0.34385607,4.5565686
6677,6.677,0.34349686,4.607509
6678,6.678,0.3411718,4.568559
6679,6.679,0.32956922,4.5743136
6680,6.68,0.31285638,4.6046066
6681,6.681,0.32594374,4.644839
6682,6.682,0.33470732,4.6376987
6683,6.683,0.34099048,4.6390624
6684,6.684,0.33892992,4.624026
6685,6.685,0.3592672,4.611897
6686,6.686,0.3682276,4.613532
6687,6.687,0.35621688,4.6278787
6688,6.688,0.36333773,4.612574
6689,6.689,0.37001798,4.64152
6690,6.69,0.34940332,4.5868044
6691,6.691,0.33666587,4.608178
6692,6.692,0.33785504,4.568729
6693,6.693,0.33333495,4.546202
6694,6.694,0.33797237,4.5406
6695,6.695,0.32465753,4.5052204
6696,6.696,0.33131048,2.921287
6697,6.697,0.31173113,4.587842
6698,6.698,0.33897135,4.553761
6699,6.699,0.33821908,2.7038643
6700,6.7,0.34069204,2.6511524
6701,6.701,0.31665787,2.7472038
6702,6.702,0.3170105,2.7597766
6703,6.703,0.32600313,2.8149471
6704,6.704,0.3215167,2.714254
6705,6.705,0.30472943,2.5972219
6706,6.706,0.32119653,4.549915
6707,6.707,0.3040371,4.538446
6708,6.708,0.31894433,4.556387
6709,6.709,0.32298902,4.5451365
6710,6.71,0.34000748,4.566772
6711,6.711,0.34570697,4.5606656
6712,6.712,0.35987145,4.567035
6713,6.713,0.34935385,4.548042
6714,6.714,0.353313,4.5610094
6715,6.715,0.36714798,4.4891915
6716,6.716,0.36784598,4.5507317
6717,6.717,0.34945858,2.8192725
6718,6.718,0.35675907,4.556654
6719,6.719,0.36341628,3.008079
6720,6.72,0.3848463,4.6026454
6721,6.721,0.36514845,4.5895653
6722,6.722,0.38065884,2.940536
6723,6.723,0.37393177,2.9799135
6724,6.724,0.36588514,3.00016
6725,6.725,0.36858812,3.0365524
6726,6.726,0.35844404,3.0393422
6727,6.727,0.34717795,2.9612906
6728,6.728,0.34150404,2.8310149
6729,6.729,0.36138973,2.8924816
6730,6.73,0.34887406,2.9829369
6731,6.731,0.35301906,2.936231
6732,6.732,0.34893137,2.9735894
6733,6.733,0.3684032,2.9668095
6734,6.734,0.36775246,2.9302728
6735,6.735,0.35905802,3.1126034
6736,6.736,0.3491687,3.118015
6737,6.737,0.35400265,3.2428427
6738,6.738,0.3561862,3.2149274
6739,6.739,0.37285113,3.324743
6740,6.74,0.38367683,3.3609343
6741,6.741,0.361485,3.4981313
6742,6.742,0.36769512,3.5151887
6743,6.743,0.37740457,3.65742
6744,6.744,0.37474313,3.654412
6745,6.745,0.3649366,3.6661625
6746,6.746,0.36436155,3.5737486
6747,6.747,0.3519759,3.6118877
6748,6.748,0.34520522,3.6415544
6749,6.749,0.35515675,3.517188
6750,6.75,0.3654908,3.5951912
6751,6.751,0.3527724,3.6049938
6752,6.752,0.35851836,3.5010898
6753,6.753,0.35796964,3.4582477
6754,6.754,0.36089996,3.5736911
6755,6.755,0.36808708,3.6098747
6756,6.756,0.37405583,3.4980922
6757,6.757,0.3762221,3.4492807
6758,6.758,0.36699542,3.5062058
6759,6.759,0.37261528,3.413988
6760,6.76,0.36729532,3.3440526
6761,6.761,0.35911676,3.356135
6762,6.762,0.34199247,3.3725057
6763,6.763,0.3394595,3.5279853
6764,6.764,0.33963552,3.530537
6765,6.765,0.33050546,3.5261774
6766,6.766,0.31933534,3.6402016
6767,6.767,0.33111382,3.6042163
6768,6.768,0.33347103,3.5155365
6769,6.769,0.3489723,3.5558524
6770,6.77,0.33800334,3.6395643
6771,6.771,0.3372297,3.6153064
6772,6.772,0.32949996,3.5472846
6773,6.773,0.33784804,3.5948558
6774,6.774,0.33122483,3.5392988
6775,6.775,0.32068816,3.493459
6776,6.776,0.33953986,3.3662488
6777,6.777,0.3346897,3.4328787
6778,6.778,0.32752714,3.5259087
6779,6.779,0.328023,3.6295092
6780,6.78,0.32742724,3.6756334
6781,6.781,0.31307226,3.815385
6782,6.782,0.33068272,3.7735188
6783,6.783,0.33265212,3.890377
6784,6.784,0.34129986,3.929761
6785,6.785,0.34217444,3.8914266
6786,6.786,0.3301578,3.9060645
6787,6.787,0.32430288,4.010137
6788,6.788,0.32448354,4.252678
6789,6.789,0.31761414,4.364706
6790,6.79,0.3364926,4.2802305
6791,6.791,0.31369787,4.3420424
6792,6.792,0.31819484,4.3303823
6793,6.793,0.3277092,4.257147
6794,6.794,0.35755092,4.126069
6795,6.795,0.34556884,4.1721725
6796,6.796,0.3420844,4.0916104
6797,6.797,0.34968227,4.066574
6798,6.798,0.35782754,4.144263
6799,6.799,0.36431268,4.270189
6800,6.8,0.3648344,4.274604
6801,6.801,0.3509288,4.2825294
6802,6.802,0.3659521,4.2892957
6803,6.803,0.36268985,4.2282243
6804,6.804,0.3586755,4.195197
6805,6.805,0.35449314,4.220301
6806,6.806,0.34723637,4.128346
6807,6.807,0.367807,4.2279143
6808,6.808,0.34725052,4.306701
6809,6.809,0.33706203,4.243812
6810,6.81,0.3507705,4.188188
6811,6.811,0.34549493,4.216264
6812,6.812,0.30955383,4.25203
6813,6.813,0.3183067,4.238685
6814,6.814,0.32970652,4.3049684
6815,6.815,0.33005852,4.216826
6816,6.816,0.32879913,4.1363
6817,6.817,0.31234998,4.267035
6818,6.818,0.32593435,4.2869205
6819,6.819,0.31956604,4.2297916
6820,6.82,0.32160315,4.2869477
6821,6.821,0.34750575,4.2516727
6822,6.822,0.32444224,4.2617016
6823,6.823,0.31859475,4.3194323
6824,6.824,0.30646792,4.2395873
6825,6.825,0.30711883,4.290536
6826,6.826,0.29485366,4.101372
6827,6.827,0.29828006,4.210859
6828,6.828,0.2861297,4.2358947
6829,6.829,0.27512562,4.289593
6830,6.83,0.29194602,4.248546
6831,6.831,0.29218903,4.22935
6832,6.832,0.28228527,4.1932034
6833,6.833,0.2834469,4.1549973
6834,6.834,0.2795848,4.2455564
6835,6.835,0.2826256,4.090341
6836,6.836,0.3158316,4.478003
6837,6.837,0.30756095,4.071115
6838,6.838,0.30462602,4.0712924
6839,6.839,0.30720294,4.051693
6840,6.84,0.32578304,4.0716915
6841,6.841,0.32527417,3.979528
6842,6.842,0.32256588,4.033085
6843,6.843,0.3202533,3.9823709
6844,6.844,0.31766984,3.9349864
6845,6.845,0.3453681,3.8863332
6846,6.846,0.33800676,4.4971476
6847,6.847,0.33317974,3.957824
6848,6.848,0.31092337,3.9095364
6849,6.849,0.3195644,4.503144
6850,6.85,0.31741464,4.4424314
6851,6.851,0.32368028,4.4960537
6852,6.852,0.3188628,4.5028553
6853,6.853,0.3167371,4.4454856
6854,6.854,0.3321463,4.5134964
6855,6.855,0.32335174,4.5011997
6856,6.856,0.3049869,4.508085
6857,6.857,0.31672156,3.8516452
6858,6.858,0.30907398,4.5057645
6859,6.859,0.31317824,3.8031306
6860,6.86,0.3008512,4.521463
6861,6.861,0.31642762,4.58351
6862,6.862,0.31892586,4.518895
6863,6.863,0.30996042,4.5360756
6864,6.864,0.3206485,4.5124536
6865,6.865,0.32160404,4.520567
6866,6.866,0.3142411,4.5392933
6867,6.867,0.3103732,4.5443373
6868,6.868,0.31761414,4.553003
6869,6.869,0.31946346,4.571648
6870,6.87,0.32141888,4.5507135
6871,6.871,0.3279333,4.556451
6872,6.872,0.32516167,4.5761633
6873,6.873,0.3418956,4.536404
6874,6.874,0.33067435,4.529234
6875,6.875,0.32418647,4.5599103
6876,6.876,0.32535642,4.501491
6877,6.877,0.32469848,4.536761
6878,6.878,0.314831,4.5666127
6879,6.879,0.3150327,4.544227
6880,6.88,0.31476912,4.5331945
6881,6.881,0.32494244,4.520531
6882,6.882,0.31881565,4.533405
6883,6.883,0.31594428,4.5229416
6884,6.884,0.32725984,4.5239654
6885,6.885,0.30047402,4.5131865
6886,6.886,0.31582993,4.5516973
6887,6.887,0.30207708,4.5340075
6888,6.888,0.3204276,4.5221505
6889,6.889,0.31424242,4.534076
6890,6.89,0.30604896,4.559912
6891,6.891,0.3069144,4.5475636
6892,6.892,0.31399786,4.563454
6893,6.893,0.30815968,4.508931
6894,6.894,0.2900133,4.4921436
6895,6.895,0.30306792,4.505636
6896,6.896,0.2960349,4.51861
6897,6.897,0.30980748,4.510497
6898,6.898,0.32498085,4.51759
6899,6.899,0.31801623,4.534863
6900,6.9,0.30502763,4.5603566
6901,6.901,0.3087179,4.5589156
6902,6.902,0.32253686,4.570778
6903,6.903,0.3150912,4.5079803
6904,6.904,0.32605383,4.5158873
6905,6.905,0.29654482,4.511958
6906,6.906,0.29521862,4.5509834
6907,6.907,0.29477525,4.5646014
6908,6.908,0.30388555,4.5483727
6909,6.909,0.30782077,4.5700183
6910,6.91,0.29681504,4.582275
6911,6.911,0.3139454,4.5747757
6912,6.912,0.30848023,4.5448623
6913,6.913,0.31032476,4.554332
6914,6.914,0.31142485,3.3867548
6915,6.915,0.30285043,4.5382147
6916,6.916,0.309351,4.586408
6917,6.917,0.31755918,4.5426292
6918,6.918,0.31588978,4.5337625
6919,6.919,0.32057026,4.5275364
6920,6.92,0.32410035,4.5102296
6921,6.921,0.33705705,4.5647054
6922,6.922,0.33460265,4.5096583
6923,6.923,0.3143224,4.5142655
6924,6.924,0.30086157,4.543559
6925,6.925,0.30752054,4.562036
6926,6.926,0.29487464,4.551017
6927,6.927,0.3008925,4.5671797
6928,6.928,0.30588648,4.5158386
6929,6.929,0.2866986,4.527546
6930,6.93,0.2941548,4.4816785
6931,6.931,0.29020795,4.554363
6932,6.932,0.29611453,4.5328183
6933,6.933,0.31406248,4.5330477
6934,6.934,0.3127372,4.504684
6935,6.935,0.31462255,4.471192
6936,6.936,0.30614486,4.5187993
6937,6.937,0.31433362,4.4951644
6938,6.938,0.3157741,4.5364304
6939,6.939,0.3084079,4.5261707
6940,6.94,0.3094203,4.5764766
6941,6.941,0.30517313,4.5331435
6942,6.942,0.2973174,4.5349956
6943,6.943,0.29628488,4.578195
6944,6.944,0.28273454,4.5186696
6945,6.945,0.2952018,4.54329
6946,6.946,0.30044132,4.5228906
6947,6.947,0.30049652,4.4897842
6948,6.948,0.30018574,4.4849215
6949,6.949,0.28849828,4.503937
6950,6.95,0.29362243,4.5359855
6951,6.951,0.28988892,4.5540175
6952,6.952,0.28988892,4.516131
6953,6.953,0.2878635,4.5469236
6954,6.954,0.28851432,4.571801
6955,6.955,0.29753894,4.534224
6956,6.956,0.3063157,4.533416
6957,6.957,0.31486863,4.479683
6958,6.958,0.300861,4.5080643
6959,6.959,0.27949712,4.560105
6960,6.96,0.27445906,4.573572
6961,6.961,0.2787927,4.536883
6962,6.962,0.29081893,4.565257
6963,6.963,0.30569294,4.599934
6964,6.964,0.29908836,4.594497
6965,6.965,0.2930782,4.581644
6966,6.966,0.29904526,4.6025085
6967,6.967,0.3063172,4.572499
6968,6.968,0.2916622,4.56831
6969,6.969,0.31022638,4.5738263
6970,6.97,0.29248124,4.57399
6971,6.971,0.2913392,4.5316334
6972,6.972,0.28513476,4.554607
6973,6.973,0.29382312,4.553751
6974,6.974,0.2967578,4.533162
6975,6.975,0.29503906,4.5277414
6976,6.976,0.280928,4.5415196
6977,6.977,0.27774712,4.538696
6978,6.978,0.26481736,4.536838
6979,6.979,0.2702752,4.5651135
6980,6.98,0.27449277,4.546341
6981,6.981,0.27665308,4.559749
6982,6.982,0.28230187,4.579272
6983,6.983,0.29882,4.5355
6984,6.984,0.2854567,4.546056
6985,6.985,0.2846176,4.5270033
6986,6.986,0.2819581,4.574258
6987,6.987,0.2828584,4.552206
6988,6.988,0.2920068,4.548628
6989,6.989,0.28011557,4.5674124
6990,6.99,0.2797875,4.5587883
6991,6.991,0.30723342,4.5893383
6992,6.992,0.3089045,4.563673
6993,6.993,0.28205934,4.559974
6994,6.994,0.28151333,4.558497
6995,6.995,0.27298838,4.568955
6996,6.996,0.28663853,4.5384173
6997,6.997,0.30179378,4.5107784
6998,6.998,0.299901,4.5002646
6999,6.999,0.3121582,4.471422
7000,7.0,0.3123968,4.517109
7001,7.001,0.30607823,4.559498
7002,7.002,0.29945743,4.5566635
7003,7.003,0.29856846,4.5689936
7004,7.004,0.3057281,4.531688
7005,7.005,0.3095202,4.5465527
7006,7.006,0.3120193,4.522261
7007,7.007,0.3008416,4.5577435
7008,7.008,0.2939881,4.5576367
7009,7.009,0.306791,4.5553784
7010,7.01,0.3060465,4.5598745
7011,7.011,0.32376027,4.542441
7012,7.012,0.31983036,4.556429
7013,7.013,0.31158203,4.570748
7014,7.014,0.3175419,4.5844564
7015,7.015,0.3001738,4.529104
7016,7.016,0.31846467,4.5434837
7017,7.017,0.32998776,4.560724
7018,7.018,0.33668628,4.5598435
7019,7.019,0.32420984,4.5223207
7020,7.02,0.35088813,4.5715547
7021,7.021,0.35196096,4.5373583
7022,7.022,0.33794415,4.556405
7023,7.023,0.3435852,4.540683
7024,7.024,0.3493977,4.5312357
7025,7.025,0.3519452,4.5549264
7026,7.026,0.3622536,4.6020436
7027,7.027,0.3529267,4.6072764
7028,7.028,0.34718695,4.5854254
7029,7.029,0.34610415,4.5723147
7030,7.03,0.34362522,4.561904
7031,7.031,0.34097847,4.599338
7032,7.032,0.34238908,4.5696144
7033,7.033,0.33736748,4.539415
7034,7.034,0.34240273,4.5781045
7035,7.035,0.34765458,4.55255
7036,7.036,0.34789392,4.534941
7037,7.037,0.33452094,4.5149493
7038,7.038,0.34124836,4.5506234
7039,7.039,0.3243542,4.541971
7040,7.04,0.33013538,4.630867
7041,7.041,0.33299544,4.588675
7042,7.042,0.33543697,4.611263
7043,7.043,0.33076155,4.5840764
7044,7.044,0.33913022,4.5979633
7045,7.045,0.3371114,4.617231
7046,7.046,0.31264314,4.602665
7047,7.047,0.32346416,4.638333
7048,7.048,0.32010925,4.5866117
7049,7.049,0.33211392,4.587743
7050,7.05,0.34232593,4.6099815
7051,7.051,0.32989052,4.66434
7052,7.052,0.32446504,4.6252317
7053,7.053,0.32724944,4.581051
7054,7.054,0.33755758,4.577639
7055,7.055,0.32361653,4.6017804
7056,7.056,0.32491913,4.5710917
7057,7.057,0.32148215,4.5958567
7058,7.058,0.33215308,4.6008105
7059,7.059,0.32731885,4.5938835
7060,7.06,0.33251482,4.5732837
7061,7.061,0.32379705,4.599875
7062,7.062,0.3140807,4.596107
7063,7.063,0.31554762,4.606347
7064,7.064,0.31721282,4.617096
7065,7.065,0.30525303,4.593339
7066,7.066,0.31761432,4.5954843
7067,7.067,0.31719476,4.623289
7068,7.068,0.30726933,4.6243167
7069,7.069,0.324717,4.6353974
7070,7.07,0.33639586,4.6112423
7071,7.071,0.33771715,4.5984435
7072,7.072,0.32449904,4.584645
7073,7.073,0.32437825,4.6198897
7074,7.074,0.32134047,4.595559
7075,7.075,0.3108553,4.5717835
7076,7.076,0.30146593,4.5789785
7077,7.077,0.30284986,4.5377855
7078,7.078,0.3010513,4.574693
7079,7.079,0.31717673,4.591687
7080,7.08,0.3096037,4.609318
7081,7.081,0.2998665,4.613101
7082,7.082,0.29465327,4.567778
7083,7.083,0.30294755,4.593194
7084,7.084,0.31275347,4.59722
7085,7.085,0.3191072,4.6218557
7086,7.086,0.3015794,4.573702
7087,7.087,0.30468124,4.5832014
7088,7.088,0.30011448,4.5739613
7089,7.089,0.30415455,4.559657
7090,7.09,0.30814916,4.5512733
7091,7.091,0.31241658,4.532666
7092,7.092,0.3219238,4.5476875
7093,7.093,0.30450174,4.5552235
7094,7.094,0.30837604,4.601537
7095,7.095,0.30580637,4.5920324
7096,7.096,0.31106886,4.626738
7097,7.097,0.3259682,4.5988364
7098,7.098,0.31618896,4.612964
7099,7.099,0.31239918,4.587341
7100,7.1,0.30717134,4.5935264
7101,7.101,0.31258875,4.6240163
7102,7.102,0.32088742,4.6019115
7103,7.103,0.31436563,4.5496325
7104,7.104,0.303736,4.5699234
7105,7.105,0.30316287,4.547028
7106,7.106,0.31435183,4.5476165
7107,7.107,0.31932178,4.578137
7108,7.108,0.32260495,4.54191
7109,7.109,0.31772423,4.580523
7110,7.11,0.31397542,4.548657
7111,7.111,0.33602077,4.588461
7112,7.112,0.32111266,4.6212373
7113,7.113,0.33756477,4.608893
7114,7.114,0.33112255,4.6280317
7115,7.115,0.331525,4.621941
7116,7.116,0.32178587,4.6163864
7117,7.117,0.31264922,4.611148
7118,7.118,0.33379707,4.64179
7119,7.119,0.3392035,4.5963426
7120,7.12,0.33177665,4.576659
7121,7.121,0.33960813,4.6073813
7122,7.122,0.3365046,4.6476493
7123,7.123,0.32792467,4.6134076
7124,7.124,0.32071915,4.6460576
7125,7.125,0.33587006,4.5970454
7126,7.126,0.3460432,4.6038904
7127,7.127,0.3401416,4.6128526
7128,7.128,0.36022848,4.6028867
7129,7.129,0.36924583,4.6092014
7130,7.13,0.35158256,4.6203556
7131,7.131,0.36572918,4.635179
7132,7.132,0.36551914,4.581866
7133,7.133,0.3477831,4.580139
7134,7.134,0.3534365,4.622927
7135,7.135,0.32397068,4.5719457
7136,7.136,0.31675878,4.6033454
7137,7.137,0.32476664,4.575018
7138,7.138,0.31063303,4.539015
7139,7.139,0.3213982,4.5635023
7140,7.14,0.3221623,4.5867023
7141,7.141,0.31902188,4.5853863
7142,7.142,0.32664645,4.5999346
7143,7.143,0.31221023,4.575772
7144,7.144,0.3271915,4.5790114
7145,7.145,0.33449104,4.570493
7146,7.146,0.34205347,4.6017976
7147,7.147,0.33659703,4.6153
7148,7.148,0.31896392,4.585775
7149,7.149,0.32325932,4.591479
7150,7.15,0.31936848,4.566392
7151,7.151,0.3205526,4.5843453
7152,7.152,0.3470802,4.6064606
7153,7.153,0.33280376,4.585184
7154,7.154,0.3413173,4.637048
7155,7.155,0.34380463,4.5886493
7156,7.156,0.3384753,4.581775
7157,7.157,0.33405116,4.5931597
7158,7.158,0.34905112,4.6109066
7159,7.159,0.33669367,4.581303
7160,7.16,0.3291911,4.56365
7161,7.161,0.32997164,4.553324
7162,7.162,0.32150555,4.563374
7163,7.163,0.32578766,4.6406026
7164,7.164,0.33329594,4.585616
7165,7.165,0.31086218,4.628871
7166,7.166,0.3322606,4.61969
7167,7.167,0.31112665,4.6480856
7168,7.168,0.3180395,4.6628523
7169,7.169,0.32949433,4.604813
7170,7.17,0.34168845,4.6022487
7171,7.171,0.33233348,4.594313
7172,7.172,0.33646545,4.5836196
7173,7.173,0.3168834,4.592535
7174,7.174,0.32942048,4.5640593
7175,7.175,0.35109216,4.6025786
7176,7.176,0.36212865,4.573819
7177,7.177,0.34443232,4.632019
7178,7.178,0.3511501,4.617699
7179,7.179,0.34612286,4.6274776
7180,7.18,0.33808473,4.6128716
7181,7.181,0.33494538,4.6023517
7182,7.182,0.35269916,4.590435
7183,7.183,0.36121342,4.630681
7184,7.184,0.36742747,4.6224318
7185,7.185,0.358415,4.6166296
7186,7.186,0.3659027,4.645617
7187,7.187,0.37750256,4.589306
7188,7.188,0.37415966,4.6038995
7189,7.189,0.37745267,4.6390224
7190,7.19,0.3701721,4.5855784
7191,7.191,0.3677031,4.6209416
7192,7.192,0.37585506,4.676719
7193,7.193,0.3685599,4.637355
7194,7.194,0.36105672,4.6266155
7195,7.195,0.35625163,4.619964
7196,7.196,0.36642912,4.5970354
7197,7.197,0.36278513,4.564717
7198,7.198,0.36830184,4.5875316
7199,7.199,0.3516498,4.5695934
7200,7.2,0.34761402,4.5842276
7201,7.201,0.3687167,4.577143
7202,7.202,0.35536078,4.5866275
7203,7.203,0.35574117,4.571151
7204,7.204,0.357031,4.605632
7205,7.205,0.3591834,4.5565467
7206,7.206,0.358416,4.604384
7207,7.207,0.34366944,4.5862217
7208,7.208,0.34778473,4.5923204
7209,7.209,0.35900813,4.5663924
7210,7.21,0.3552617,4.581943
7211,7.211,0.36460683,4.5758758
7212,7.212,0.36611083,4.58975
7213,7.213,0.36108604,4.6163745
7214,7.214,0.34598574,4.5944786
7215,7.215,0.3318925,4.5856085
7216,7.216,0.33443108,4.586733
7217,7.217,0.34074277,4.60138
7218,7.218,0.34919053,4.6042566
7219,7.219,0.33126634,4.5620513
7220,7.22,0.32670835,4.602008
7221,7.221,0.32048804,4.6097226
7222,7.222,0.33894715,4.590287
7223,7.223,0.35286546,4.5689893
7224,7.224,0.3514326,4.5444193
7225,7.225,0.35578176,4.5674777
7226,7.226,0.355708,4.587027
7227,7.227,0.3589313,4.5939684
7228,7.228,0.359471,4.593171
7229,7.229,0.36202407,4.6103444
7230,7.23,0.36042288,4.5746446
7231,7.231,0.3758209,4.586879
7232,7.232,0.37478185,4.6016045
7233,7.233,0.35773692,4.6156535
7234,7.234,0.37489888,4.60309
7235,7.235,0.3635753,4.596247
7236,7.236,0.37219936,4.6219563
7237,7.237,0.38134727,4.594716
7238,7.238,0.40227523,4.6014023
7239,7.239,0.400834,4.638266
7240,7.24,0.38938695,4.641336
7241,7.241,0.4175256,4.6396747
7242,7.242,0.40847036,4.6538835
7243,7.243,0.40532103,4.6568666
7244,7.244,0.40102845,4.620628
7245,7.245,0.4171436,4.6689186
7246,7.246,0.40471724,4.6259484
7247,7.247,0.37683657,4.639813
7248,7.248,0.37194473,4.599308
7249,7.249,0.37356523,4.5976114
7250,7.25,0.38247702,4.632673
7251,7.251,0.38017982,4.6673536
7252,7.252,0.38503006,4.606204
7253,7.253,0.3786232,4.6282372
7254,7.254,0.36476392,4.5977116
7255,7.255,0.38306892,4.635074
7256,7.256,0.37977946,4.631099
7257,7.257,0.3818598,4.625062
7258,7.258,0.39402696,4.593959
7259,7.259,0.40217838,4.6120567
7260,7.26,0.39021078,4.613697
7261,7.261,0.3689325,4.592889
7262,7.262,0.36436772,4.591083
7263,7.263,0.37798148,4.519676
7264,7.264,0.39485604,4.5258074
7265,7.265,0.39038953,4.5819564
7266,7.266,0.37602156,4.5838504
7267,7.267,0.38617808,4.587867
7268,7.268,0.37088498,4.550173
7269,7.269,0.3551748,4.5628815
7270,7.27,0.36117804,4.59645
7271,7.271,0.38384083,4.5913134
7272,7.272,0.38319913,4.5320864
7273,7.273,0.37488455,4.5919075
7274,7.274,0.39137298,4.57706
7275,7.275,0.39051032,4.661796
7276,7.276,0.38057974,4.575649
7277,7.277,0.39719206,4.617903
7278,7.278,0.40781838,4.622985
7279,7.279,0.41701448,4.6668816
7280,7.28,0.40610087,4.631711
7281,7.281,0.41460586,4.581024
7282,7.282,0.4034796,4.5923715
7283,7.283,0.41129553,4.595433
7284,7.284,0.40524644,4.671228
7285,7.285,0.4105578,4.605028
7286,7.286,0.40145427,4.602062
7287,7.287,0.39974034,4.608128
7288,7.288,0.4150904,4.6372895
7289,7.289,0.42487785,4.6313777
7290,7.29,0.449075,4.6684957
7291,7.291,0.45446083,4.6472173
7292,7.292,0.46519014,4.677661
7293,7.293,0.45632973,4.690781
7294,7.294,0.4662189,4.704515
7295,7.295,0.4675638,4.688362
7296,7.296,0.47483802,4.7023797
7297,7.297,0.4769422,4.725782
7298,7.298,0.46116778,4.6548624
7299,7.299,0.4744615,4.671448
7300,7.3,0.47902352,4.686517
7301,7.301,0.47215316,4.6577854
7302,7.302,0.47524002,4.6747756
7303,7.303,0.44573802,4.664713
7304,7.304,0.43037727,4.660932
7305,7.305,0.4259266,4.649279
7306,7.306,0.42951906,4.731445
7307,7.307,0.4460096,4.7142653
7308,7.308,0.43472973,4.686869
7309,7.309,0.43533185,4.6491814
7310,7.31,0.43397737,4.6872373
7311,7.311,0.44105715,4.6730695
7312,7.312,0.43741333,4.6811986
7313,7.313,0.45691553,4.6425233
7314,7.314,0.45353377,4.6622314
7315,7.315,0.45446834,4.654033
7316,7.316,0.45451716,4.6682353
7317,7.317,0.45354867,4.6698694
7318,7.318,0.4340293,4.670747
7319,7.319,0.43934184,4.6143923
7320,7.32,0.42540193,4.641605
7321,7.321,0.42613447,4.6362348
7322,7.322,0.4298127,4.611283
7323,7.323,0.42909873,4.654837
7324,7.324,0.42934918,4.6783867
7325,7.325,0.42959937,4.698484
7326,7.326,0.44249263,4.664643
7327,7.327,0.43795344,4.674928
7328,7.328,0.44030115,4.6553783
7329,7.329,0.46193668,4.6738076
7330,7.33,0.44735283,4.705142
7331,7.331,0.44367644,4.708043
7332,7.332,0.44831333,4.663133
7333,7.333,0.44089884,4.680109
7334,7.334,0.45304042,4.705289
7335,7.335,0.43850276,4.70754
7336,7.336,0.4510412,4.705541
7337,7.337,0.46477237,4.7164593
7338,7.338,0.46394515,4.7135873
7339,7.339,0.45182192,4.735182
7340,7.34,0.44887018,4.749538
7341,7.341,0.45355147,4.731487
7342,7.342,0.4433754,4.734026
7343,7.343,0.45837802,4.7149687
7344,7.344,0.47267008,4.753361
7345,7.345,0.46372285,4.766954
7346,7.346,0.45479825,4.7454915
7347,7.347,0.4631424,4.7351503
7348,7.348,0.46554947,4.7045536
7349,7.349,0.43655413,4.734505
7350,7.35,0.4334371,4.717613
7351,7.351,0.44308487,4.7428803
7352,7.352,0.45776075,4.7522182
7353,7.353,0.4520276,4.7658577
7354,7.354,0.4642326,4.752348
7355,7.355,0.46443263,4.738908
7356,7.356,0.4661538,4.7179704
7357,7.357,0.46047094,4.75915
7358,7.358,0.4779078,4.7293243
7359,7.359,0.4816474,4.730996
7360,7.36,0.47264928,4.751467
7361,7.361,0.4766023,4.7375154
7362,7.362,0.48182476,4.7158046
7363,7.363,0.45373023,4.703743
7364,7.364,0.47524002,4.68092
7365,7.365,0.46955988,4.641455
7366,7.366,0.47552818,4.651103
7367,7.367,0.4538641,4.664523
7368,7.368,0.4524989,4.643434
7369,7.369,0.43161973,4.6690855
7370,7.37,0.42529202,4.6054807
7371,7.371,0.4394176,4.6399965
7372,7.372,0.46202326,4.607404
7373,7.373,0.47657597,4.6365013
7374,7.374,0.45738748,4.669601
7375,7.375,0.46455395,4.6698275
7376,7.376,0.4534253,4.6607714
7377,7.377,0.46151745,4.6629095
7378,7.378,0.44995078,4.6221313
7379,7.379,0.4525426,4.6450806
7380,7.38,0.46145433,4.6584544
7381,7.381,0.45880717,4.6966033
7382,7.382,0.4566807,4.69117
7383,7.383,0.4540981,4.6869617
7384,7.384,0.44995898,4.652132
7385,7.385,0.44117194,4.6179266
7386,7.386,0.45656437,4.629093
7387,7.387,0.4714149,4.6322856
7388,7.388,0.481783,4.6436014
7389,7.389,0.48805308,4.680094
7390,7.39,0.49727768,4.646953
7391,7.391,0.49216706,4.6538634
7392,7.392,0.49551216,4.6717286
7393,7.393,0.50769955,4.6586566
7394,7.394,0.5041346,4.6988525
7395,7.395,0.5158049,4.696358
7396,7.396,0.53858256,4.6817465
7397,7.397,0.52661276,4.7252774
7398,7.398,0.5390797,4.7267084
7399,7.399,0.51152545,4.724399
7400,7.4,0.49349993,4.67637
7401,7.401,0.48272693,4.669739
7402,7.402,0.47231948,4.651376
7403,7.403,0.4793693,4.676891
7404,7.404,0.48946896,4.680811
7405,7.405,0.4839106,4.6759534
7406,7.406,0.49289277,4.710756
7407,7.407,0.49189994,4.672639
7408,7.408,0.496164,4.6800265
7409,7.409,0.4915351,4.648687
7410,7.41,0.48175418,4.6829906
7411,7.411,0.4921808,4.65984
7412,7.412,0.47967365,4.665573
7413,7.413,0.46794945,4.6786885
7414,7.414,0.46353012,4.6932654
7415,7.415,0.47668874,4.6672
7416,7.416,0.49028414,4.6944394
7417,7.417,0.46578243,4.635459
7418,7.418,0.47684354,4.641941
7419,7.419,0.4879998,4.6366487
7420,7.42,0.48854288,4.6132717
7421,7.421,0.5106954,4.6680913
7422,7.422,0.51675874,4.645782
7423,7.423,0.5002607,4.651502
7424,7.424,0.48743594,4.6527486
7425,7.425,0.4891387,4.6848645
7426,7.426,0.5075652,4.6900973
7427,7.427,0.50356674,4.6950808
7428,7.428,0.5082895,4.6586537
7429,7.429,0.501807,4.7039237
7430,7.43,0.4830665,4.6800613
7431,7.431,0.50569266,4.695447
7432,7.432,0.5098884,4.7055974
7433,7.433,0.49879184,4.6467943
7434,7.434,0.5136874,4.699591
7435,7.435,0.5125778,4.664399
7436,7.436,0.49392256,4.6920624
7437,7.437,0.51674527,4.7149186
7438,7.438,0.52412236,4.718479
7439,7.439,0.5365814,4.714294
7440,7.44,0.51791114,4.7016044
7441,7.441,0.49626416,4.7105885
7442,7.442,0.4875718,4.6902246
7443,7.443,0.48719007,4.7063785
7444,7.444,0.48535153,4.7275987
7445,7.445,0.4712334,4.6924706
7446,7.446,0.46461356,4.6800175
7447,7.447,0.44502544,4.679269
7448,7.448,0.42968884,4.6748137
7449,7.449,0.45908374,4.6913557
7450,7.45,0.46895155,4.7158766
7451,7.451,0.45763952,4.6599927
7452,7.452,0.45442152,4.678204
7453,7.453,0.45670903,4.661348
7454,7.454,0.46838376,4.663596
7455,7.455,0.45305753,4.6806073
7456,7.456,0.46510231,4.6442347
7457,7.457,0.46161625,4.6721454
7458,7.458,0.45646763,4.6545606
7459,7.459,0.47509417,4.634989
7460,7.46,0.49121913,4.608645
7461,7.461,0.5045466,4.6991825
7462,7.462,0.5105899,4.700794
7463,7.463,0.49924493,4.7096105
7464,7.464,0.50431293,4.6548104
7465,7.465,0.50698096,4.6814814
7466,7.466,0.51379544,4.71002
7467,7.467,0.49730673,4.729113
7468,7.468,0.48922008,4.7034397
7469,7.469,0.5053368,4.7029004
7470,7.47,0.49090052,4.698889
7471,7.471,0.49661136,4.7050653
7472,7.472,0.48914033,4.715562
7473,7.473,0.4842677,4.7206697
7474,7.474,0.49321982,4.7136154
7475,7.475,0.48482823,4.7151556
7476,7.476,0.4813258,4.6920624
7477,7.477,0.4982243,4.73031
7478,7.478,0.4979964,4.701156
7479,7.479,0.501292,4.700569
7480,7.48,0.48965338,4.6769547
7481,7.481,0.4907943,4.7118125
7482,7.482,0.47824994,4.688413
7483,7.483,0.48281312,4.6673455
7484,7.484,0.47633165,4.672879
7485,7.485,0.47580013,4.621804
7486,7.486,0.47454834,4.648358
7487,7.487,0.45973995,4.634076
7488,7.488,0.46472448,4.62978
7489,7.489,0.46841228,4.6063724
7490,7.49,0.46257386,4.6382885
7491,7.491,0.46177524,4.6391897
7492,7.492,0.46470186,4.6429987
7493,7.493,0.460372,4.6542916
7494,7.494,0.46703926,4.706906
7495,7.495,0.44987473,4.684233
7496,7.496,0.46145496,4.678214
7497,7.497,0.4576212,4.6847634
7498,7.498,0.45395666,4.6582947
7499,7.499,0.46601033,4.6059623
7500,7.5,0.46538058,4.6195354
7501,7.501,0.45757434,4.6573596
7502,7.502,0.44670326,4.652908
7503,7.503,0.4469493,4.61742
7504,7.504,0.45413297,4.635139
7505,7.505,0.4514713,4.6314
7506,7.506,0.4463534,4.6067777
7507,7.507,0.44936335,4.589061
7508,7.508,0.45978433,4.58333
7509,7.509,0.43686977,4.5793643
7510,7.51,0.44959968,4.618768
7511,7.511,0.44751793,4.6363707
7512,7.512,0.45040244,4.6460357
7513,7.513,0.46309048,4.6111555
7514,7.514,0.4409435,4.5986958
7515,7.515,0.4529076,4.6070576
7516,7.516,0.4548563,4.6371517
7517,7.517,0.4594253,4.595173
7518,7.518,0.46962908,4.6157985
7519,7.519,0.4595522,4.6361575
7520,7.52,0.4698738,4.6324935
7521,7.521,0.47339866,4.6346025
7522,7.522,0.46862188,4.6856723
7523,7.523,0.4906253,4.6397586
7524,7.524,0.47175524,4.6808877
7525,7.525,0.48130384,4.637599
7526,7.526,0.4918607,4.6707954
7527,7.527,0.48031837,4.6383862
7528,7.528,0.47514322,4.6425695
7529,7.529,0.47015074,4.6912866
7530,7.53,0.47799668,4.681517
7531,7.531,0.4808867,4.7084002
7532,7.532,0.486618,4.6903396
7533,7.533,0.48463792,4.688987
7534,7.534,0.48088697,4.6771708
7535,7.535,0.46540418,4.64727
7536,7.536,0.45667613,4.6241493
7537,7.537,0.45716465,4.571836
7538,7.538,0.45882618,4.5667753
7539,7.539,0.45607874,4.5889416
7540,7.54,0.46633765,4.582049
7541,7.541,0.4493096,4.6103225
7542,7.542,0.4354107,4.6256084
7543,7.543,0.44956344,4.6421776
7544,7.544,0.4486775,4.636188
7545,7.545,0.44060087,4.573471
7546,7.546,0.445975,4.570685
7547,7.547,0.44094443,4.585258
7548,7.548,0.44221982,4.578564
7549,7.549,0.4310261,4.618059
7550,7.55,0.433765,4.616477
7551,7.551,0.42854843,4.5302124
7552,7.552,0.43777114,4.557029
7553,7.553,0.43131244,4.5600753
7554,7.554,0.42426077,4.5608034
7555,7.555,0.4313264,4.58437
7556,7.556,0.43737897,4.5934916
7557,7.557,0.43843567,4.612175
7558,7.558,0.43161383,4.6047125
7559,7.559,0.44005954,4.530035
7560,7.56,0.41433626,4.573281
7561,7.561,0.4066105,4.560958
7562,7.562,0.4040382,4.5142217
7563,7.563,0.38648552,4.558367
7564,7.564,0.38575697,4.557031
7565,7.565,0.3962967,4.526069
7566,7.566,0.40162224,4.5835342
7567,7.567,0.41729462,4.5629134
7568,7.568,0.39081833,4.597624
7569,7.569,0.3933531,4.59695
7570,7.57,0.39886928,4.539608
7571,7.571,0.40092683,4.5848756
7572,7.572,0.40160453,4.5637665
7573,7.573,0.41082197,4.563172
7574,7.574,0.40090075,4.533408
7575,7.575,0.4135246,4.550722
7576,7.576,0.4223734,4.584455
7577,7.577,0.4089567,4.5687447
7578,7.578,0.41296205,4.546591
7579,7.579,0.4034528,4.5778103
7580,7.58,0.41455022,4.591385
7581,7.581,0.41163042,4.596687
7582,7.582,0.4162587,4.607294
7583,7.583,0.42259353,4.5771165
7584,7.584,0.4194006,4.56141
7585,7.585,0.43379673,4.5923004
7586,7.586,0.4285062,4.6294475
7587,7.587,0.42755014,4.620647
7588,7.588,0.43661252,4.581355
7589,7.589,0.44604135,4.6637607
7590,7.59,0.45435283,4.6518826
7591,7.591,0.43145472,4.6467896
7592,7.592,0.4337165,4.594601
7593,7.593,0.4297947,4.618883
7594,7.594,0.43374062,4.6081967
7595,7.595,0.44071028,4.578052
7596,7.596,0.43751335,4.6131487
7597,7.597,0.4344096,4.6091113
7598,7.598,0.43006155,4.5931773
7599,7.599,0.43704346,4.6161165
7600,7.6,0.44233444,4.59845
7601,7.601,0.43185106,4.596492
7602,7.602,0.42180732,4.5465884
7603,7.603,0.41554117,4.5891848
7604,7.604,0.42398235,4.5831385
7605,7.605,0.41565993,4.595338
7606,7.606,0.40479836,4.604561
7607,7.607,0.3952315,4.546185
7608,7.608,0.40223944,4.5748167
7609,7.609,0.39074808,4.6100984
7610,7.61,0.3802824,4.6143885
7611,7.611,0.38205397,4.5693345
7612,7.612,0.38142046,4.5773664
7613,7.613,0.39584738,4.522085
7614,7.614,0.39023685,4.564887
7615,7.615,0.38574052,4.6268315
7616,7.616,0.37874407,4.597885
7617,7.617,0.38926166,4.604657
7618,7.618,0.39023417,4.6399264
7619,7.619,0.37876818,4.5826087
7620,7.62,0.38177127,4.587125
7621,7.621,0.37174875,4.600635
7622,7.622,0.3654742,4.5777965
7623,7.623,0.3645785,4.5680337
7624,7.624,0.357655,4.58328
7625,7.625,0.3579842,4.63425
7626,7.626,0.3692164,4.5907903
7627,7.627,0.36775216,4.5379586
7628,7.628,0.37508106,4.5359735
7629,7.629,0.37894514,4.5538373
7630,7.63,0.37318736,4.5522165
7631,7.631,0.38547087,4.5482893
7632,7.632,0.3785566,4.543246
7633,7.633,0.38662982,4.6169624
7634,7.634,0.37955964,4.542727
7635,7.635,0.36735573,4.541184
7636,7.636,0.3711626,4.5870066
7637,7.637,0.37056008,4.52549
7638,7.638,0.3598506,4.5331182
7639,7.639,0.3671804,4.5565104
7640,7.64,0.37802705,4.5604143
7641,7.641,0.366203,4.5628824
7642,7.642,0.3694039,4.5460877
7643,7.643,0.37042215,4.5692344
7644,7.644,0.36966854,4.5841956
7645,7.645,0.3832765,4.569449
7646,7.646,0.37294415,4.5530963
7647,7.647,0.39102194,4.5662107
7648,7.648,0.396711,4.588367
7649,7.649,0.3927802,4.5750356
7650,7.65,0.37659907,4.5631113
7651,7.651,0.36596143,4.569203
7652,7.652,0.38322672,4.605408
7653,7.653,0.3810252,4.6422577
7654,7.654,0.37420246,4.571709
7655,7.655,0.37307864,4.610231
7656,7.656,0.3783929,4.584999
7657,7.657,0.37575987,4.6314926
7658,7.658,0.37305677,4.626687
7659,7.659,0.36533406,4.6483383
7660,7.66,0.37588474,4.6125455
7661,7.661,0.36844698,4.5979257
7662,7.662,0.35205668,4.600529
7663,7.663,0.34745735,4.5534415
7664,7.664,0.35671043,4.57129
7665,7.665,0.36752814,4.582159
7666,7.666,0.36523786,4.5883226
7667,7.667,0.37286693,4.59034
7668,7.668,0.36782336,4.5898027
7669,7.669,0.37070104,4.580307
7670,7.67,0.36913326,4.6059546
7671,7.671,0.35916087,4.565658
7672,7.672,0.37728494,4.5792584
7673,7.673,0.3900724,4.547106
7674,7.674,0.37799066,4.581728
7675,7.675,0.3686659,4.567326
7676,7.676,0.37790042,4.6075068
7677,7.677,0.38406286,4.5650744
7678,7.678,0.3676764,4.5708003
7679,7.679,0.37571663,4.5578823
7680,7.68,0.36215577,4.566898
7681,7.681,0.3642595,4.559499
7682,7.682,0.3780208,4.586038
7683,7.683,0.3686852,4.576037
7684,7.684,0.38595307,4.5849495
7685,7.685,0.3793846,4.5934896
7686,7.686,0.3542718,4.627484
7687,7.687,0.3595041,4.589874
7688,7.688,0.36572018,4.6190066
7689,7.689,0.37437618,4.634
7690,7.69,0.3730537,4.633656
7691,7.691,0.37298676,4.6320367
7692,7.692,0.38205338,4.6218333
7693,7.693,0.3932398,4.635562
7694,7.694,0.38324708,4.6258464
7695,7.695,0.3805562,4.5803084
7696,7.696,0.37457144,4.6271443
7697,7.697,0.37034866,4.5947013
7698,7.698,0.35271472,4.602073
7699,7.699,0.33752248,4.6287675
7700,7.7,0.36453536,4.624474
7701,7.701,0.36379638,4.644731
7702,7.702,0.36424252,4.660656
7703,7.703,0.36548084,4.633574
7704,7.704,0.37919474,4.6090183
7705,7.705,0.38051063,4.6211066
7706,7.706,0.3932689,4.599025
7707,7.707,0.40001917,4.6252174
7708,7.708,0.41416746,4.5885572
7709,7.709,0.400912,4.59458
7710,7.71,0.3955297,4.59568
7711,7.711,0.40666908,4.5865264
7712,7.712,0.40307373,4.6202683
7713,7.713,0.4159617,4.5775795
7714,7.714,0.40913388,4.6066995
7715,7.715,0.39793497,4.650599
7716,7.716,0.4007283,4.562467
7717,7.717,0.41566175,4.5903306
7718,7.718,0.3966377,4.625908
7719,7.719,0.39061642,4.5959954
7720,7.72,0.40528753,4.6058865
7721,7.721,0.3976919,4.6274095
7722,7.722,0.40512934,4.6405272
7723,7.723,0.39852032,4.5876403
7724,7.724,0.40319473,4.5712113
7725,7.725,0.4184312,4.577949
7726,7.726,0.40228182,4.62323
7727,7.727,0.43205258,4.6248555
7728,7.728,0.438329,4.6389594
7729,7.729,0.41631338,4.586382
7730,7.73,0.41827288,4.5801578
7731,7.731,0.4313486,4.562739
7732,7.732,0.42576808,4.5599074
7733,7.733,0.4171993,4.613448
7734,7.734,0.40275338,4.5765624
7735,7.735,0.39175233,4.611572
7736,7.736,0.39582828,4.5982013
7737,7.737,0.38588792,4.6087313
7738,7.738,0.38464633,4.6484685
7739,7.739,0.37648916,4.624215
7740,7.74,0.38914284,4.6073413
7741,7.741,0.39444026,4.6043386
7742,7.742,0.4146754,4.6208434
7743,7.743,0.41731483,4.6617045
7744,7.744,0.41969568,4.6620293
7745,7.745,0.41377148,4.6298065
7746,7.746,0.41111168,4.6728005
7747,7.747,0.40139827,4.6368675
7748,7.748,0.4143696,4.6202044
7749,7.749,0.41119042,4.6263523
7750,7.75,0.41121668,4.6460567
7751,7.751,0.39821014,4.6469803
7752,7.752,0.40704864,4.6955104
7753,7.753,0.39423874,4.6968956
7754,7.754,0.40004838,4.694924
7755,7.755,0.40713993,4.7171507
7756,7.756,0.42459372,4.6940713
7757,7.757,0.40198186,4.726666
7758,7.758,0.40808955,4.70385
7759,7.759,0.4009349,4.73201
7760,7.76,0.39626098,4.65042
7761,7.761,0.3973073,4.649045
7762,7.762,0.38953504,4.679899
7763,7.763,0.3906577,4.6236076
7764,7.764,0.39750683,4.585703
7765,7.765,0.38071015,4.530695
7766,7.766,0.3846519,4.635161
7767,7.767,0.37254205,4.59554
7768,7.768,0.36291388,4.6299987
7769,7.769,0.3573952,4.6005692
7770,7.77,0.3714602,4.6074095
7771,7.771,0.3658602,4.6086974
7772,7.772,0.3809404,4.650354
7773,7.773,0.38852268,4.6922307
7774,7.774,0.39669192,4.6611915
7775,7.775,0.40443924,4.613402
7776,7.776,0.4240133,4.6645308
7777,7.777,0.41134572,4.6221695
7778,7.778,0.41619328,4.6754236
7779,7.779,0.4094375,4.608489
7780,7.78,0.43458077,4.6336217
7781,7.781,0.42715943,4.628457
7782,7.782,0.41226572,4.617331
7783,7.783,0.40438578,4.698326
7784,7.784,0.42262402,4.6621366
7785,7.785,0.4261586,4.673377
7786,7.786,0.4360136,4.660888
7787,7.787,0.4270881,4.680919
7788,7.788,0.44084874,4.6867576
7789,7.789,0.4400216,4.6940193
7790,7.79,0.436783,4.6090546
7791,7.791,0.43389344,4.63663
7792,7.792,0.43740168,4.664399
7793,7.793,0.4381644,4.6725206
7794,7.794,0.437851,4.631131
7795,7.795,0.4394818,4.648978
7796,7.796,0.44791052,4.676867
7797,7.797,0.42721042,4.65212
7798,7.798,0.44168404,4.673709
7799,7.799,0.43451256,4.6503916
7800,7.8,0.43153387,4.63375
7801,7.801,0.4125697,4.6150374
7802,7.802,0.3993097,4.6463165
7803,7.803,0.4038058,4.6253085
7804,7.804,0.4095511,4.652031
7805,7.805,0.42476928,4.6574244
7806,7.806,0.4274474,4.638897
7807,7.807,0.43070188,4.6570725
7808,7.808,0.40944272,4.6432395
7809,7.809,0.42128202,4.573271
7810,7.81,0.4369465,4.5787134
7811,7.811,0.43396363,4.5726213
7812,7.812,0.41624978,4.513061
7813,7.813,0.41341305,4.5589824
7814,7.814,0.40460268,4.5224943
7815,7.815,0.410122,4.5149035
7816,7.816,0.42098215,4.49274
7817,7.817,0.4005048,4.5233917
7818,7.818,0.39176118,4.4981856
7819,7.819,0.38155198,4.528611
7820,7.82,0.3932992,4.4848204
7821,7.821,0.3958455,4.5159054
7822,7.822,0.39271164,4.4963512
7823,7.823,0.40143022,4.5389323
7824,7.824,0.41034728,4.538746
7825,7.825,0.42123222,4.563362
7826,7.826,0.4263808,4.538699
7827,7.827,0.4323881,4.571937
7828,7.828,0.43461445,4.6140723
7829,7.829,0.42286602,4.53748
7830,7.83,0.41952127,4.548565
7831,7.831,0.42855597,4.6032314
7832,7.832,0.4158262,4.627363
7833,7.833,0.40293318,4.5933642
7834,7.834,0.40839338,4.5342627
7835,7.835,0.41118225,4.550213
7836,7.836,0.4128995,4.502942
7837,7.837,0.40399426,4.4909368
7838,7.838,0.41299927,4.5170903
7839,7.839,0.41171324,4.5768476
7840,7.84,0.4066996,4.5552855
7841,7.841,0.4108743,4.5625067
7842,7.842,0.40603712,4.4793043
7843,7.843,0.40922725,4.495854
7844,7.844,0.4009626,4.5527277
7845,7.845,0.4010678,4.581851
7846,7.846,0.39764163,4.6181126
7847,7.847,0.4004478,4.548623
7848,7.848,0.4056697,4.5417943
7849,7.849,0.38694048,4.5904183
7850,7.85,0.39286616,4.5998526
7851,7.851,0.3881926,4.6091065
7852,7.852,0.3884498,4.6041446
7853,7.853,0.3995117,4.57951
7854,7.854,0.39715323,4.561505
7855,7.855,0.39751557,4.577258
7856,7.856,0.39620438,4.549117
7857,7.857,0.4185476,4.6172276
7858,7.858,0.4286385,4.529037
7859,7.859,0.43750173,4.565767
7860,7.86,0.43364933,4.5694942
7861,7.861,0.43371877,4.565697
7862,7.862,0.4298508,4.5638747
7863,7.863,0.4221211,4.5560474
7864,7.864,0.41678834,4.5917206
7865,7.865,0.42413813,4.540856
7866,7.866,0.42309806,4.57007
7867,7.867,0.41383252,4.5831275
7868,7.868,0.4242158,4.571383
7869,7.869,0.42700705,4.5494
7870,7.87,0.42454213,4.5977955
7871,7.871,0.45255637,4.612067
7872,7.872,0.45169938,4.546787
7873,7.873,0.45938614,4.564846
7874,7.874,0.4521015,4.54175
7875,7.875,0.43595967,4.5559
7876,7.876,0.4186926,4.59624
7877,7.877,0.41849983,4.5700307
7878,7.878,0.42459467,4.5571694
7879,7.879,0.43216068,4.541056
7880,7.88,0.43728843,4.505081
7881,7.881,0.44054842,4.474925
7882,7.882,0.43504816,4.5718393
7883,7.883,0.422879,4.518815
7884,7.884,0.4251414,4.5611196
7885,7.885,0.43184772,4.498877
7886,7.886,0.4260053,4.480288
7887,7.887,0.4342789,4.449043
7888,7.888,0.43118685,4.458671
7889,7.889,0.42865604,4.471877
7890,7.89,0.45468372,4.4593525
7891,7.891,0.4413807,4.5328255
7892,7.892,0.43797785,4.5127335
7893,7.893,0.43192682,4.5848393
7894,7.894,0.42824823,4.5755053
7895,7.895,0.44075644,4.6111975
7896,7.896,0.42518258,4.60666
7897,7.897,0.4147968,4.63533
7898,7.898,0.4079907,4.6605673
7899,7.899,0.40434462,4.645966
7900,7.9,0.39822477,4.6507325
7901,7.901,0.3868876,4.6153
7902,7.902,0.39965618,4.557747
7903,7.903,0.4009819,4.6090775
7904,7.904,0.41371828,4.6224756
7905,7.905,0.4272241,4.608612
7906,7.906,0.41526332,4.6540427
7907,7.907,0.41687793,4.6244802
7908,7.908,0.42819327,4.62087
7909,7.909,0.42855072,4.6472664
7910,7.91,0.4424302,4.629628
7911,7.911,0.452556,4.660787
7912,7.912,0.44873315,4.611
7913,7.913,0.44603717,4.619099
7914,7.914,0.44738668,4.6160073
7915,7.915,0.43441543,4.6233387
7916,7.916,0.45567518,4.6217666
7917,7.917,0.45198247,4.6518207
7918,7.918,0.44951507,4.627533
7919,7.919,0.4593308,4.658118
7920,7.92,0.46659252,4.6459355
7921,7.921,0.46526432,4.6588645
7922,7.922,0.4663245,4.702144
7923,7.923,0.47589377,4.7500496
7924,7.924,0.45879456,4.6888313
7925,7.925,0.48367178,4.7201467
7926,7.926,0.4797656,4.7184625
7927,7.927,0.49005088,4.743706
7928,7.928,0.48733076,4.6940904
7929,7.929,0.4866582,4.721762
7930,7.93,0.48400363,4.767725
7931,7.931,0.48821282,4.7330093
7932,7.932,0.4905248,4.729368
7933,7.933,0.48481047,4.782576
7934,7.934,0.49794972,4.715465
7935,7.935,0.5013044,4.7064447
7936,7.936,0.4895673,4.741613
7937,7.937,0.5210102,4.726306
7938,7.938,0.520288,4.709964
7939,7.939,0.5303266,4.727432
7940,7.94,0.5277498,4.721104
7941,7.941,0.53492767,4.677504
7942,7.942,0.5222726,4.694395
7943,7.943,0.5209969,4.668862
7944,7.944,0.51855755,4.62616
7945,7.945,0.5082938,4.69574
7946,7.946,0.50987375,4.6892705
7947,7.947,0.5177899,4.710951
7948,7.948,0.5237128,4.701464
7949,7.949,0.5151781,4.7418103
7950,7.95,0.50713986,4.7093763
7951,7.951,0.48990992,4.678954
7952,7.952,0.5006588,4.66343
7953,7.953,0.5163652,4.6344275
7954,7.954,0.51809925,4.716597
7955,7.955,0.509823,4.670478
7956,7.956,0.5117315,4.6677256
7957,7.957,0.5080211,4.631895
7958,7.958,0.51366526,4.7179284
7959,7.959,0.50638425,4.666911
7960,7.96,0.51515836,4.7002263
7961,7.961,0.5301706,4.684154
7962,7.962,0.5246829,4.652545
7963,7.963,0.5093288,4.615119
7964,7.964,0.51533705,4.598027
7965,7.965,0.515408,4.668836
7966,7.966,0.53206253,4.6612277
7967,7.967,0.51322937,4.619726
7968,7.968,0.5162611,4.622441
7969,7.969,0.5197931,4.631228
7970,7.97,0.5063498,4.629619
7971,7.971,0.51387537,4.6767354
7972,7.972,0.5055134,4.680115
7973,7.973,0.49656922,4.6744847
7974,7.974,0.4820574,4.674416
7975,7.975,0.4974469,4.6726418
7976,7.976,0.5174278,4.640737
7977,7.977,0.50015926,4.6526885
7978,7.978,0.5048927,4.6478906
7979,7.979,0.49641588,4.657586
7980,7.98,0.5068058,4.656398
7981,7.981,0.50022805,4.696913
7982,7.982,0.49926844,4.6759763
7983,7.983,0.5056595,4.662789
7984,7.984,0.4995427,4.647707
7985,7.985,0.49373037,4.6635103
7986,7.986,0.49498743,4.6614976
7987,7.987,0.50650215,4.6629586
7988,7.988,0.51363707,4.661735
7989,7.989,0.51425004,4.703477
7990,7.99,0.5005392,4.7088294
7991,7.991,0.5177743,4.6934357
7992,7.992,0.51396626,4.7045827
7993,7.993,0.50718975,4.691753
7994,7.994,0.50622314,4.680988
7995,7.995,0.5190913,4.654087
7996,7.996,0.5063727,4.687759
7997,7.997,0.50417936,4.7137594
7998,7.998,0.5118865,4.6734853
7999,7.999,0.50897574,4.667392
8000,8.0,0.4901601,4.6962085
8001,8.001,0.4900036,4.6393733
8002,8.002,0.503457,4.6552424
8003,8.003,0.49968755,4.6500998
8004,8.004,0.48449767,4.618218
8005,8.005,0.47774497,4.6609316
8006,8.006,0.4795318,4.640225
8007,8.007,0.4685597,4.5872664
8008,8.008,0.48716813,4.5748944
8009,8.009,0.48898953,4.5971265
8010,8.01,0.48169807,4.6136622
8011,8.011,0.49091464,4.5715404
8012,8.012,0.48239756,4.605052
8013,8.013,0.48427582,4.634746
8014,8.014,0.5047944,4.6465445
8015,8.015,0.5047983,4.632763
8016,8.016,0.5046392,4.619423
8017,8.017,0.50612473,4.68767
8018,8.018,0.5080289,4.7314515
8019,8.019,0.50392497,4.694356
8020,8.02,0.49566913,4.6627684
8021,8.021,0.4775498,4.69158
8022,8.022,0.49711552,4.6681514
8023,8.023,0.49883017,4.6980176
8024,8.024,0.509169,4.6791945
8025,8.025,0.49964488,4.6736794
8026,8.026,0.4823888,4.6946588
8027,8.027,0.5032178,4.68328
8028,8.028,0.4942419,4.686723
8029,8.029,0.4847302,4.722469
8030,8.03,0.49071693,4.68687
8031,8.031,0.4955405,4.7155204
8032,8.032,0.47142482,4.679338
8033,8.033,0.48300475,4.698166
8034,8.034,0.4829138,4.692113
8035,8.035,0.47877246,4.6538267
8036,8.036,0.4859504,4.6785917
8037,8.037,0.4676214,4.660253
8038,8.038,0.46902058,4.6860185
8039,8.039,0.4716533,4.722795
8040,8.04,0.46372485,4.761883
8041,8.041,0.46707478,4.7822843
8042,8.042,0.4705953,4.794684
8043,8.043,0.4664954,4.812447
8044,8.044,0.47398973,4.7700515
8045,8.045,0.48968145,4.757785
8046,8.046,0.48970437,4.7841935
8047,8.047,0.4885455,4.8433022
8048,8.048,0.4924263,4.819995
8049,8.049,0.47610325,4.8987412
8050,8.05,0.47443506,4.82235
8051,8.051,0.48532116,4.7946672
8052,8.052,0.4871635,4.7513976
8053,8.053,0.48734072,4.725758
8054,8.054,0.48112825,4.693685
8055,8.055,0.4908666,4.7164097
8056,8.056,0.49794382,4.669686
8057,8.057,0.48462945,4.7206726
8058,8.058,0.47962087,4.686027
8059,8.059,0.4825872,4.7276964
8060,8.06,0.4684667,4.6240726
8061,8.061,0.481476,4.6769342
8062,8.062,0.46305606,4.674484
8063,8.063,0.47665927,4.6536484
8064,8.064,0.47724956,4.7368865
8065,8.065,0.47572067,4.7603855
8066,8.066,0.47498783,4.7533507
8067,8.067,0.47893748,4.698988
8068,8.068,0.48605007,4.66805
8069,8.069,0.49763831,4.6489925
8070,8.07,0.48225266,4.7075524
8071,8.071,0.48139834,4.641283
8072,8.072,0.4791894,4.670889
8073,8.073,0.47973174,4.629131
8074,8.074,0.498152,4.636101
8075,8.075,0.49665987,4.6770945
8076,8.076,0.48067513,4.6653566
8077,8.077,0.4836033,4.644591
8078,8.078,0.4604797,4.6577215
8079,8.079,0.46931094,4.6438866
8080,8.08,0.47656566,4.6766586
8081,8.081,0.47862107,4.6385202
8082,8.082,0.48643827,4.6364307
8083,8.083,0.4814064,4.7029996
8084,8.084,0.4733258,4.650982
8085,8.085,0.47977656,4.6594515
8086,8.086,0.4691693,4.682871
8087,8.087,0.4626502,4.708281
8088,8.088,0.46174696,4.6825967
8089,8.089,0.47364572,4.66812
8090,8.09,0.47201738,4.6894355
8091,8.091,0.46378666,4.73018
8092,8.092,0.45792636,4.7466316
8093,8.093,0.4593137,4.698219
8094,8.094,0.45896977,4.725067
8095,8.095,0.46035016,4.72085
8096,8.096,0.4585104,4.7066646
8097,8.097,0.43183848,4.735833
8098,8.098,0.4558725,4.7705355
8099,8.099,0.45721003,4.728186
8100,8.1,0.455611,4.7657204
8101,8.101,0.45439735,4.773733
8102,8.102,0.45071596,4.7430778
8103,8.103,0.44320473,4.6940465
8104,8.104,0.45088443,4.7486978
8105,8.105,0.4249143,4.7444634
8106,8.106,0.44127488,4.7438736
8107,8.107,0.42538875,4.7389245
8108,8.108,0.44061926,4.7244687
8109,8.109,0.44833085,4.7048078
8110,8.11,0.44388393,4.7306685
8111,8.111,0.4293857,4.6994624
8112,8.112,0.443338,4.675089
8113,8.113,0.43428996,4.68229
8114,8.114,0.44240773,4.6732244
8115,8.115,0.44065517,4.662445
8116,8.116,0.46527925,4.6634502
8117,8.117,0.46488094,4.6849427
8118,8.118,0.45565805,4.7032256
8119,8.119,0.4555218,4.685708
8120,8.12,0.461767,4.702175
8121,8.121,0.45061567,4.733394
8122,8.122,0.46883088,4.721288
8123,8.123,0.46359506,4.6893497
8124,8.124,0.45391503,4.681126
8125,8.125,0.4693151,4.691457
8126,8.126,0.45691818,4.7107387
8127,8.127,0.46479252,4.680053
8128,8.128,0.47144333,4.7234364
8129,8.129,0.44835755,4.749846
8130,8.13,0.45833388,4.694003
8131,8.131,0.45630515,4.6962304
8132,8.132,0.46045688,4.7092505
8133,8.133,0.4568062,4.718526
8134,8.134,0.46590218,4.7276287
8135,8.135,0.47443068,4.7463765
8136,8.136,0.47293925,4.7198462
8137,8.137,0.47913885,4.7645755
8138,8.138,0.4777583,4.8004436
8139,8.139,0.48636627,4.727723
8140,8.14,0.47601932,4.7098556
8141,8.141,0.48200944,4.7588477
8142,8.142,0.4835213,4.6873293
8143,8.143,0.47002998,4.6909986
8144,8.144,0.46879253,4.7102413
8145,8.145,0.4696021,4.6963205
8146,8.146,0.46497303,4.777112
8147,8.147,0.47205007,4.699149
8148,8.148,0.48029298,4.7334733
8149,8.149,0.492902,4.713065
8150,8.15,0.48055837,4.7103558
8151,8.151,0.48647702,4.6620555
8152,8.152,0.48532367,4.722157
8153,8.153,0.48269916,4.7209587
8154,8.154,0.47778055,4.6948156
8155,8.155,0.47857735,4.718566
8156,8.156,0.48717263,4.680248
8157,8.157,0.48514643,4.7324586
8158,8.158,0.49787602,4.695036
8159,8.159,0.49934518,4.7241697
8160,8.16,0.48723644,4.690414
8161,8.161,0.47072744,4.695246
8162,8.162,0.46834502,4.7027354
8163,8.163,0.47561422,4.7211914
8164,8.164,0.47793525,4.7122765
8165,8.165,0.4853563,4.683632
8166,8.166,0.48955622,4.7114463
8167,8.167,0.4935668,4.7172904
8168,8.168,0.49780312,4.7113357
8169,8.169,0.51648474,4.732302
8170,8.17,0.5262808,4.714047
8171,8.171,0.51860195,4.7485495
8172,8.172,0.5140273,4.713929
8173,8.173,0.5106789,4.7193756
8174,8.174,0.5185199,4.761616
8175,8.175,0.4995454,4.734657
8176,8.176,0.49971625,4.7481666
8177,8.177,0.5123176,4.7421618
8178,8.178,0.5072987,4.70513
8179,8.179,0.507245,4.6835723
8180,8.18,0.50769603,4.6579885
8181,8.181,0.5104501,4.6774564
8182,8.182,0.51471883,4.7158003
8183,8.183,0.51714957,4.6935477
8184,8.184,0.50545084,4.6825943
8185,8.185,0.5037617,4.7365823
8186,8.186,0.50554943,4.7093472
8187,8.187,0.49816105,4.7017336
8188,8.188,0.49928474,4.697094
8189,8.189,0.48419788,4.696009
8190,8.19,0.4957427,4.6911354
8191,8.191,0.4967583,4.724377
8192,8.192,0.50120157,4.7055945
8193,8.193,0.503553,4.7046056
8194,8.194,0.5153967,4.666933
8195,8.195,0.5033352,4.6547766
8196,8.196,0.4979135,4.700353
8197,8.197,0.5003,4.720258
8198,8.198,0.50495,4.7372136
8199,8.199,0.5092313,4.7056007
8200,8.2,0.49671808,4.741985
8201,8.201,0.50556564,4.7146573
8202,8.202,0.50912654,4.7350407
8203,8.203,0.49801472,4.7483363
8204,8.204,0.5018673,4.792293
8205,8.205,0.51028204,4.7206497
8206,8.206,0.4980956,4.7326517
8207,8.207,0.52241236,4.7178063
8208,8.208,0.5004969,4.6703672
8209,8.209,0.49359784,4.6376977
8210,8.21,0.5030317,4.6777596
8211,8.211,0.48855603,4.7147
8212,8.212,0.50981736,4.717005
8213,8.213,0.5220635,4.653669
8214,8.214,0.50715935,4.665219
8215,8.215,0.4973473,4.66208
8216,8.216,0.50697434,4.683741
8217,8.217,0.5024694,4.6946235
8218,8.218,0.49215567,4.682182
8219,8.219,0.49331343,4.6844893
8220,8.22,0.49035332,4.6616783
8221,8.221,0.48985118,4.649142
8222,8.222,0.49317938,4.6667523
8223,8.223,0.4969356,4.667522
8224,8.224,0.49611786,4.674609
8225,8.225,0.5043369,4.683775
8226,8.226,0.49706122,4.7185497
8227,8.227,0.48723075,4.6878524
8228,8.228,0.49222752,4.7084284
8229,8.229,0.4874376,4.6780925
8230,8.23,0.48597968,4.69997
8231,8.231,0.49246538,4.626593
8232,8.232,0.49023533,4.718399
8233,8.233,0.4903215,4.6598773
8234,8.234,0.49610224,4.5922217
8235,8.235,0.50888276,4.667461
8236,8.236,0.4867438,4.6984534
8237,8.237,0.49123314,4.6956496
8238,8.238,0.48753235,4.7159905
8239,8.239,0.5022316,4.634699
8240,8.24,0.49322557,4.6855536
8241,8.241,0.4776828,4.700498
8242,8.242,0.48951855,4.7046785
8243,8.243,0.48840764,4.6818137
8244,8.244,0.49267367,4.7331758
8245,8.245,0.5003396,4.719835
8246,8.246,0.49439684,4.7061195
8247,8.247,0.49886194,4.7372823
8248,8.248,0.49542034,4.679004
8249,8.249,0.48381957,4.66009
8250,8.25,0.48665377,4.664831
8251,8.251,0.4929848,4.704738
8252,8.252,0.5040083,4.6875224
8253,8.253,0.48236018,4.7177105
8254,8.254,0.49007517,4.7014804
8255,8.255,0.49074945,4.690656
8256,8.256,0.500824,4.6639214
8257,8.257,0.49535745,4.6983337
8258,8.258,0.50642157,4.714606
8259,8.259,0.50231904,4.6697116
8260,8.26,0.49860093,4.6779857
8261,8.261,0.48265234,4.686226
8262,8.262,0.50386864,4.7148185
8263,8.263,0.48573494,4.6665506
8264,8.264,0.48442715,4.7102604
8265,8.265,0.48920095,4.6752396
8266,8.266,0.47988412,4.683819
8267,8.267,0.4939862,4.6893134
8268,8.268,0.49552837,4.737893
8269,8.269,0.49367696,4.7152824
8270,8.27,0.4967076,4.678066
8271,8.271,0.48188603,4.7071285
8272,8.272,0.491105,4.6708045
8273,8.273,0.49727035,4.6661487
8274,8.274,0.50080484,4.7034955
8275,8.275,0.497664,4.718846
8276,8.276,0.5024676,4.7290244
8277,8.277,0.49899167,4.7125597
8278,8.278,0.49002105,4.708606
8279,8.279,0.47997493,4.7034717
8280,8.28,0.4961393,4.736157
8281,8.281,0.49698666,4.7474174
8282,8.282,0.4829539,4.7226706
8283,8.283,0.47894618,4.705074
8284,8.284,0.4706243,4.7292285
8285,8.285,0.47109848,4.738792
8286,8.286,0.46893355,4.8004723
8287,8.287,0.48494658,4.7902184
8288,8.288,0.4842479,4.808902
8289,8.289,0.49075463,4.792357
8290,8.29,0.4892911,4.739376
8291,8.291,0.49729663,4.7559032
8292,8.292,0.5061969,4.786878
8293,8.293,0.5093996,4.757502
8294,8.294,0.5098893,4.7768674
8295,8.295,0.50504935,4.763333
8296,8.296,0.49934554,4.800138
8297,8.297,0.514683,4.764431
8298,8.298,0.50082767,4.7728677
8299,8.299,0.4968136,4.748824
8300,8.3,0.49505997,4.7619853
8301,8.301,0.4930795,4.7534585
8302,8.302,0.5057709,4.7581496
8303,8.303,0.50595635,4.751073
8304,8.304,0.49088216,4.7663894
8305,8.305,0.5081816,4.7469444
8306,8.306,0.5247452,4.757616
8307,8.307,0.5180922,4.7489953
8308,8.308,0.5213495,4.7285566
8309,8.309,0.5146231,4.7408266
8310,8.31,0.50923073,4.722232
8311,8.311,0.5343292,4.7404165
8312,8.312,0.52218735,4.7665515
8313,8.313,0.51965004,4.7553353
8314,8.314,0.5272953,4.7695346
8315,8.315,0.5370367,4.815156
8316,8.316,0.5226986,4.7626247
8317,8.317,0.5197294,4.809682
8318,8.318,0.5154178,4.75293
8319,8.319,0.5159082,4.7820597
8320,8.32,0.51154464,4.7659287
8321,8.321,0.5029031,4.7623606
8322,8.322,0.50335884,4.742776
8323,8.323,0.49827,4.77584
8324,8.324,0.50582486,4.750071
8325,8.325,0.49885485,4.7392454
8326,8.326,0.48921892,4.7094817
8327,8.327,0.47259387,4.7402887
8328,8.328,0.47832292,4.727756
8329,8.329,0.46945992,4.7210646
8330,8.33,0.481633,4.7431583
8331,8.331,0.46387088,4.720241
8332,8.332,0.45877895,4.6711025
8333,8.333,0.4723906,4.7264357
8334,8.334,0.47754014,4.7649984
8335,8.335,0.48382366,4.7344766
8336,8.336,0.487516,4.718218
8337,8.337,0.4974211,4.7083883
8338,8.338,0.4994417,4.713859
8339,8.339,0.5016921,4.6885366
8340,8.34,0.48965597,4.7228136
8341,8.341,0.49905884,4.727866
8342,8.342,0.49876726,4.72187
8343,8.343,0.4942454,4.6997795
8344,8.344,0.48865065,4.6947236
8345,8.345,0.48569366,4.694234
8346,8.346,0.4901779,4.753028
8347,8.347,0.47655982,4.6942325
8348,8.348,0.47427204,4.7095594
8349,8.349,0.4769147,4.710195
8350,8.35,0.4883467,4.725014
8351,8.351,0.4759602,4.741011
8352,8.352,0.4852335,4.713743
8353,8.353,0.4780481,4.7427335
8354,8.354,0.46978757,4.7224836
8355,8.355,0.465875,4.7226095
8356,8.356,0.4676141,4.7313013
8357,8.357,0.46873286,4.710723
8358,8.358,0.4690738,4.676908
8359,8.359,0.49019182,4.7276797
8360,8.36,0.4924635,4.7077394
8361,8.361,0.50651956,4.777693
8362,8.362,0.49195975,4.742226
8363,8.363,0.51985466,4.775214
8364,8.364,0.48996973,4.739657
8365,8.365,0.49241784,4.7733035
8366,8.366,0.48437786,4.761134
8367,8.367,0.4870593,4.7723103
8368,8.368,0.48639122,4.7474174
8369,8.369,0.49179995,4.755454
8370,8.37,0.4770549,4.775713
8371,8.371,0.46733135,4.7747054
8372,8.372,0.45270425,4.797123
8373,8.373,0.4541817,4.753527
8374,8.374,0.44238082,4.764343
8375,8.375,0.44870007,4.7925477
8376,8.376,0.4547722,4.804773
8377,8.377,0.45310843,4.7800846
8378,8.378,0.45133147,4.814609
8379,8.379,0.45420587,4.7654285
8380,8.38,0.4621696,4.7609334
8381,8.381,0.45703542,4.714991
8382,8.382,0.4592193,4.690055
8383,8.383,0.4506752,4.7504625
8384,8.384,0.45537573,4.7471967
8385,8.385,0.4645838,4.772546
8386,8.386,0.468529,4.7412863
8387,8.387,0.45927694,4.7318826
8388,8.388,0.4568958,4.7163305
8389,8.389,0.43990624,4.7679596
8390,8.39,0.4570711,4.713082
8391,8.391,0.4593236,4.7641788
8392,8.392,0.46289426,4.6974115
8393,8.393,0.45651296,4.7337513
8394,8.394,0.44818127,4.71361
8395,8.395,0.453313,4.6906157
8396,8.396,0.4469692,4.718344
8397,8.397,0.44355202,4.7181077
8398,8.398,0.44602346,4.709805
8399,8.399,0.4411638,4.7014403
8400,8.4,0.4185773,4.733484
8401,8.401,0.4241339,4.735134
8402,8.402,0.41517046,4.721922
8403,8.403,0.41287836,4.7227087
8404,8.404,0.4056983,4.73984
8405,8.405,0.4144363,4.7116866
8406,8.406,0.41531217,4.7404923
8407,8.407,0.40946335,4.7033496
8408,8.408,0.400837,4.7202387
8409,8.409,0.40824872,4.7178864
8410,8.41,0.4092952,4.6994357
8411,8.411,0.40728444,4.7102113
8412,8.412,0.4007499,4.709049
8413,8.413,0.41158015,4.674278
8414,8.414,0.4071767,4.6876173
8415,8.415,0.3999777,4.708195
8416,8.416,0.42276034,4.672601
8417,8.417,0.4172478,4.6975017
8418,8.418,0.42419878,4.738985
8419,8.419,0.42145762,4.6980567
8420,8.42,0.39963102,4.682785
8421,8.421,0.4073897,4.657489
8422,8.422,0.40810242,4.649835
8423,8.423,0.38891926,4.631518
8424,8.424,0.3898935,4.6711016
8425,8.425,0.3893488,4.670729
8426,8.426,0.38746473,4.662271
8427,8.427,0.40709025,4.7300587
8428,8.428,0.40250102,4.6991715
8429,8.429,0.3955627,4.7017736
8430,8.43,0.3883864,4.6852922
8431,8.431,0.38090035,4.6589837
8432,8.432,0.38521978,4.70166
8433,8.433,0.39599046,4.6769223
8434,8.434,0.40125048,4.7243357
8435,8.435,0.3895806,4.686985
8436,8.436,0.40092337,4.672055
8437,8.437,0.39545986,4.653702
8438,8.438,0.39056033,4.6987314
8439,8.439,0.40097702,4.6970425
8440,8.44,0.4104111,4.7048516
8441,8.441,0.42181677,4.702215
8442,8.442,0.42091393,4.7172866
8443,8.443,0.4141231,4.7337875
8444,8.444,0.39919907,4.68032
8445,8.445,0.3933284,4.6736593
8446,8.446,0.38244316,4.6408563
8447,8.447,0.39097774,4.705346
8448,8.448,0.38586634,4.7195115
8449,8.449,0.39013907,4.6882405
8450,8.45,0.40106043,4.659586
8451,8.451,0.3946115,4.6776342
8452,8.452,0.3861167,4.6274824
8453,8.453,0.3954113,4.5906334
8454,8.454,0.40254524,4.6586514
8455,8.455,0.38570035,4.638251
8456,8.456,0.3821538,4.652929
8457,8.457,0.38477194,4.6444335
8458,8.458,0.38480362,4.650956
8459,8.459,0.38192278,4.6876497
8460,8.46,0.3749348,4.6359625
8461,8.461,0.37203127,4.6430535
8462,8.462,0.37193775,4.665391
8463,8.463,0.37165824,4.698876
8464,8.464,0.3680549,4.6470656
8465,8.465,0.36706376,4.680988
8466,8.466,0.36145097,4.657852
8467,8.467,0.3595337,4.6914015
8468,8.468,0.35225397,4.630413
8469,8.469,0.34365565,4.6476626
8470,8.47,0.36023763,4.641108
8471,8.471,0.36750582,4.6391945
8472,8.472,0.36696264,4.6448317
8473,8.473,0.35971949,4.625299
8474,8.474,0.3587501,4.6434574
8475,8.475,0.35000807,4.6180935
8476,8.476,0.36176696,4.65046
8477,8.477,0.3471087,4.7002892
8478,8.478,0.347749,4.672027
8479,8.479,0.35301104,4.638885
8480,8.48,0.3363285,4.67996
8481,8.481,0.34622705,4.7105713
8482,8.482,0.35736883,4.742645
8483,8.483,0.37115324,4.7211013
8484,8.484,0.3577088,4.719853
8485,8.485,0.36238265,4.685119
8486,8.486,0.3752616,4.654528
8487,8.487,0.38751364,4.667142
8488,8.488,0.3871785,4.6554184
8489,8.489,0.38823503,4.6212044
8490,8.49,0.40691814,4.638388
8491,8.491,0.40088588,4.654054
8492,8.492,0.38924593,4.7055464
8493,8.493,0.38919705,4.633603
8494,8.494,0.38551882,4.6776958
8495,8.495,0.4037305,4.6827307
8496,8.496,0.39014426,4.70335
8497,8.497,0.38945717,4.694105
8498,8.498,0.4013598,4.6421633
8499,8.499,0.40986627,4.695559
8500,8.5,0.4247939,4.6683674
8501,8.501,0.40115064,4.6539493
8502,8.502,0.42130247,4.6778226
8503,8.503,0.416118,4.6803737
8504,8.504,0.4113565,4.6720653
8505,8.505,0.40565786,4.6521444
8506,8.506,0.40821657,4.619818
8507,8.507,0.41297802,4.6688547
8508,8.508,0.41211876,4.6536875
8509,8.509,0.4115584,4.6627455
8510,8.51,0.41809165,4.686699
8511,8.511,0.42387217,4.623477
8512,8.512,0.42751122,4.651282
8513,8.513,0.42442638,4.664429
8514,8.514,0.43532667,4.6287246
8515,8.515,0.42610407,4.655471
8516,8.516,0.42589107,4.6679754
8517,8.517,0.41184983,4.661086
8518,8.518,0.43385482,4.6778636
8519,8.519,0.4197331,4.6826425
8520,8.52,0.44104904,4.683638
8521,8.521,0.42677972,4.687313
8522,8.522,0.44368985,4.6535635
8523,8.523,0.44681206,4.688833
8524,8.524,0.42960435,4.6609797
8525,8.525,0.42485648,4.646484
8526,8.526,0.44144133,4.679487
8527,8.527,0.42697537,4.6817026
8528,8.528,0.42112768,4.6601186
8529,8.529,0.4091808,4.6329904
8530,8.53,0.4109871,4.669396
8531,8.531,0.41547957,4.642004
8532,8.532,0.42594805,4.641756
8533,8.533,0.41974002,4.64226
8534,8.534,0.43064752,4.667926
8535,8.535,0.4199977,4.6715603
8536,8.536,0.43897727,4.701076
8537,8.537,0.43934223,4.70263
8538,8.538,0.43537432,4.715493
8539,8.539,0.4212889,4.672535
8540,8.54,0.42958674,4.6805325
8541,8.541,0.40312234,4.672689
8542,8.542,0.40609732,4.6979427
8543,8.543,0.39600113,4.731318
8544,8.544,0.4031226,4.6754923
8545,8.545,0.41237676,4.6960416
8546,8.546,0.38904867,4.6796002
8547,8.547,0.40195614,4.6906385
8548,8.548,0.39538544,4.6440663
8549,8.549,0.39467275,4.6442933
8550,8.55,0.3978767,4.6220646
8551,8.551,0.3874043,4.5999374
8552,8.552,0.40861112,4.5574455
8553,8.553,0.39572415,4.5734434
8554,8.554,0.37472987,4.59872
8555,8.555,0.38611627,4.564614
8556,8.556,0.38923833,4.579717
8557,8.557,0.39646208,4.629514
8558,8.558,0.39341876,4.6071377
8559,8.559,0.3753962,4.6124206
8560,8.56,0.37397888,4.591144
8561,8.561,0.36760426,4.608163
8562,8.562,0.36421698,4.5922365
8563,8.563,0.36633083,4.589067
8564,8.564,0.37246588,4.612266
8565,8.565,0.37269765,4.585889
8566,8.566,0.37344003,4.587092
8567,8.567,0.37725598,4.61376
8568,8.568,0.37764692,4.552406
8569,8.569,0.38509744,4.570069
8570,8.57,0.38608047,4.631718
8571,8.571,0.39019433,4.612094
8572,8.572,0.3915227,4.659633
8573,8.573,0.40487203,4.6022243
8574,8.574,0.4121816,4.576696
8575,8.575,0.40923503,4.6104493
8576,8.576,0.41599578,4.581335
8577,8.577,0.4096578,4.566924
8578,8.578,0.39719704,4.552353
8579,8.579,0.4036894,4.537498
8580,8.58,0.4040269,4.554037
8581,8.581,0.42429537,4.5778394
8582,8.582,0.39930895,4.6227317
8583,8.583,0.40428343,4.6197314
8584,8.584,0.4168004,4.570502
8585,8.585,0.4067488,4.6490116
8586,8.586,0.4348273,4.5977135
8587,8.587,0.43919381,4.5716953
8588,8.588,0.43671668,4.54605
8589,8.589,0.43824157,4.568706
8590,8.59,0.42882454,4.572761
8591,8.591,0.4192695,4.5552373
8592,8.592,0.41511184,4.562041
8593,8.593,0.42390844,4.639599
8594,8.594,0.4160662,4.634786
8595,8.595,0.4196516,4.6146717
8596,8.596,0.40609062,4.634585
8597,8.597,0.40895486,4.642614
8598,8.598,0.40432388,4.6659455
8599,8.599,0.40198776,4.659754
8600,8.6,0.40276027,4.672592
8601,8.601,0.38650692,4.679992
8602,8.602,0.39336443,4.6645546
8603,8.603,0.40190524,4.6268477
8604,8.604,0.40459254,4.6349792
8605,8.605,0.39952645,4.6621065
8606,8.606,0.383436,4.6074743
8607,8.607,0.38934004,4.6324644
8608,8.608,0.39753926,4.6837697
8609,8.609,0.3900084,4.6283226
8610,8.61,0.3815285,4.6463575
8611,8.611,0.38970196,4.625121
8612,8.612,0.38893053,4.6649337
8613,8.613,0.39160538,4.6393476
8614,8.614,0.39635345,4.6552863
8615,8.615,0.3852867,4.6440735
8616,8.616,0.37732768,4.635431
8617,8.617,0.3795852,4.637379
8618,8.618,0.3689541,4.6303263
8619,8.619,0.3755446,4.653062
8620,8.62,0.3690274,4.6280394
8621,8.621,0.3752168,4.612024
8622,8.622,0.39295205,4.642074
8623,8.623,0.39195237,4.5752406
8624,8.624,0.3972145,4.627592
8625,8.625,0.3823505,4.564808
8626,8.626,0.3762576,4.5907083
8627,8.627,0.37483674,4.6058865
8628,8.628,0.36923692,4.6379137
8629,8.629,0.3717041,4.575976
8630,8.63,0.3837232,4.623018
8631,8.631,0.3920032,4.6244125
8632,8.632,0.41306952,4.6368356
8633,8.633,0.41255823,4.607934
8634,8.634,0.41014737,4.5887084
8635,8.635,0.41736206,4.564412
8636,8.636,0.39628783,4.6159487
8637,8.637,0.40012318,4.536666
8638,8.638,0.40729707,4.6447687
8639,8.639,0.40348604,4.630179
8640,8.64,0.40788653,4.5972695
8641,8.641,0.41998506,4.648801
8642,8.642,0.39917707,4.6311903
8643,8.643,0.3904286,4.648219
8644,8.644,0.38711625,4.606923
8645,8.645,0.39892983,4.6305237
8646,8.646,0.40469953,4.6472583
8647,8.647,0.4028066,4.608284
8648,8.648,0.41992408,4.5964704
8649,8.649,0.41485113,4.600751
8650,8.65,0.4208973,4.5884275
8651,8.651,0.4272459,4.6035748
8652,8.652,0.42634585,4.581781
8653,8.653,0.43557754,4.5829496
8654,8.654,0.4091904,4.587335
8655,8.655,0.41352934,4.6087856
8656,8.656,0.41088837,4.579741
8657,8.657,0.40245607,4.600947
8658,8.658,0.41167465,4.610145
8659,8.659,0.40127686,4.581272
8660,8.66,0.39643204,4.5840783
8661,8.661,0.3822232,4.5969586
8662,8.662,0.3893512,4.598678
8663,8.663,0.3883538,4.5881047
8664,8.664,0.37623438,4.5671835
8665,8.665,0.41143662,4.615478
8666,8.666,0.40236574,4.580494
8667,8.667,0.40327558,4.6045313
8668,8.668,0.3940726,4.598446
8669,8.669,0.36081764,4.621645
8670,8.67,0.36655748,4.563622
8671,8.671,0.37264493,4.5575433
8672,8.672,0.39149672,4.564149
8673,8.673,0.38748544,4.542452
8674,8.674,0.39008662,4.5972505
8675,8.675,0.3753123,4.5756073
8676,8.676,0.39033088,4.5894227
8677,8.677,0.37553522,4.615135
8678,8.678,0.36856505,4.5940304
8679,8.679,0.3902844,4.61974
8680,8.68,0.3837312,4.652172
8681,8.681,0.38976526,4.604663
8682,8.682,0.3875463,4.571557
8683,8.683,0.39017224,4.6225863
8684,8.684,0.4042843,4.5761065
8685,8.685,0.40775558,4.6139073
8686,8.686,0.4040875,4.635153
8687,8.687,0.40391898,4.61979
8688,8.688,0.4030995,4.62272
8689,8.689,0.39652374,4.63483
8690,8.69,0.40202054,4.6320148
8691,8.691,0.3949086,4.5974464
8692,8.692,0.39541963,4.629202
8693,8.693,0.40361124,4.6993785
8694,8.694,0.39206454,4.6456165
8695,8.695,0.39371338,4.6533804
8696,8.696,0.38145638,4.608601
8697,8.697,0.37637463,4.6105647
8698,8.698,0.39512852,4.6283464
8699,8.699,0.39429897,4.5921206
8700,8.7,0.37187886,4.6205163
8701,8.701,0.384201,4.6495585
8702,8.702,0.38863263,4.633365
8703,8.703,0.39039737,4.644026
8704,8.704,0.38080245,4.68767
8705,8.705,0.37881288,4.658543
8706,8.706,0.38549933,4.663151
8707,8.707,0.37288105,4.6339345
8708,8.708,0.3867292,4.6355667
8709,8.709,0.3822123,4.6575837
8710,8.71,0.39976248,4.630615
8711,8.711,0.40406722,4.635412
8712,8.712,0.38296345,4.592869
8713,8.713,0.37638614,4.629283
8714,8.714,0.40104127,4.603088
8715,8.715,0.40636665,4.648196
8716,8.716,0.4096077,4.6699204
8717,8.717,0.4147692,4.6644397
8718,8.718,0.4183403,4.647701
8719,8.719,0.4163549,4.6759443
8720,8.72,0.40800795,4.7207656
8721,8.721,0.412589,4.7109714
8722,8.722,0.4198726,4.628591
8723,8.723,0.4243595,4.6358924
8724,8.724,0.43753844,4.6056094
8725,8.725,0.4434681,4.640538
8726,8.726,0.43258923,4.6404347
8727,8.727,0.411398,4.672482
8728,8.728,0.41555604,4.69927
8729,8.729,0.424326,4.628548
8730,8.73,0.43431297,4.6328487
8731,8.731,0.43802667,4.6548934
8732,8.732,0.43223447,4.6284394
8733,8.733,0.42981377,4.61442
8734,8.734,0.45412368,4.632761
8735,8.735,0.44860435,4.6932397
8736,8.736,0.4607855,4.6498337
8737,8.737,0.4538222,4.685963
8738,8.738,0.45482352,4.67802
8739,8.739,0.46848902,4.633912
8740,8.74,0.47898525,4.635488
8741,8.741,0.45339546,4.685728
8742,8.742,0.45561516,4.6319165
8743,8.743,0.46022472,4.642065
8744,8.744,0.45495948,4.624247
8745,8.745,0.44954902,4.6280336
8746,8.746,0.46181554,4.65093
8747,8.747,0.4356598,4.6191792
8748,8.748,0.4329122,4.589891
8749,8.749,0.4387572,4.5778975
8750,8.75,0.42791852,4.5581784
8751,8.751,0.4173395,4.56721
8752,8.752,0.41593018,4.5573506
8753,8.753,0.40747315,4.5424757
8754,8.754,0.4050995,4.5748415
8755,8.755,0.42041132,4.58911
8756,8.756,0.41842097,4.608952
8757,8.757,0.43091655,4.5730257
8758,8.758,0.44539142,4.607749
8759,8.759,0.4583891,4.584716
8760,8.76,0.47008756,4.560478
8761,8.761,0.47606474,4.63076
8762,8.762,0.46585923,4.589245
8763,8.763,0.4414534,4.6327434
8764,8.764,0.45375735,4.6552944
8765,8.765,0.43882385,4.6858783
8766,8.766,0.4324294,4.62197
8767,8.767,0.45847547,4.608467
8768,8.768,0.4602841,4.632695
8769,8.769,0.45951146,4.6243687
8770,8.77,0.46275237,4.613096
8771,8.771,0.45762476,4.6554794
8772,8.772,0.46036988,4.6903477
8773,8.773,0.4691954,4.6403356
8774,8.774,0.4621976,4.6557746
8775,8.775,0.47907877,4.629979
8776,8.776,0.48810497,4.682081
8777,8.777,0.4864372,4.642955
8778,8.778,0.47430262,4.6415935
8779,8.779,0.4900754,4.64217
8780,8.78,0.47054407,4.5929084
8781,8.781,0.46242878,4.634298
8782,8.782,0.45483306,4.637913
8783,8.783,0.45576143,4.583537
8784,8.784,0.45633948,4.6062737
8785,8.785,0.45749173,4.597543
8786,8.786,0.44687054,4.5837774
8787,8.787,0.46081308,4.6418247
8788,8.788,0.4595054,4.6136556
8789,8.789,0.45700836,4.6341434
8790,8.79,0.4593864,4.6292524
8791,8.791,0.46135876,4.5959754
8792,8.792,0.45326924,4.574712
8793,8.793,0.45190763,4.5683217
8794,8.794,0.4550564,4.6294827
8795,8.795,0.45586932,4.6491647
8796,8.796,0.45666587,4.643059
8797,8.797,0.46936217,4.673777
8798,8.798,0.46339643,4.6168203
8799,8.799,0.45978457,4.645493
8800,8.8,0.45208475,4.6219673
8801,8.801,0.46455395,4.611695
8802,8.802,0.44947112,4.6296787
8803,8.803,0.4361374,4.684776
8804,8.804,0.44366914,4.668337
8805,8.805,0.43563643,4.644083
8806,8.806,0.42586243,4.589882
8807,8.807,0.42480397,4.6510906
8808,8.808,0.434923,4.5798626
8809,8.809,0.45293096,4.628223
8810,8.81,0.45216376,4.625712
8811,8.811,0.445144,4.654738
8812,8.812,0.44648728,4.639921
8813,8.813,0.4413201,4.669706
8814,8.814,0.4417683,4.678665
8815,8.815,0.43268195,4.7183566
8816,8.816,0.45164818,4.6470275
8817,8.817,0.4465939,4.6724725
8818,8.818,0.43426028,4.650757
8819,8.819,0.43415645,4.694898
8820,8.82,0.42585957,4.7244883
8821,8.821,0.43014017,4.68241
8822,8.822,0.4203621,4.652596
8823,8.823,0.4280942,4.6569104
8824,8.824,0.43323076,4.688452
8825,8.825,0.44719416,4.6859584
8826,8.826,0.44075695,4.6636114
8827,8.827,0.44276202,4.740571
8828,8.828,0.44174474,4.6673493
8829,8.829,0.43965062,4.677508
8830,8.83,0.43881595,4.7126503
8831,8.831,0.4437572,4.734803
8832,8.832,0.45442522,4.6952467
8833,8.833,0.4519625,4.719156
8834,8.834,0.4583909,4.7223186
8835,8.835,0.45676738,4.7184196
8836,8.836,0.45511165,4.7180963
8837,8.837,0.43362933,4.704378
8838,8.838,0.4388764,4.7065353
8839,8.839,0.4523686,4.6461735
8840,8.84,0.44294894,4.7146673
8841,8.841,0.44041234,4.720118
8842,8.842,0.45518735,4.6750946
8843,8.843,0.4572931,4.6795673
8844,8.844,0.4622365,4.679749
8845,8.845,0.46824592,4.6783605
8846,8.846,0.45742047,4.714143
8847,8.847,0.46208143,4.7442794
8848,8.848,0.47559977,4.680356
8849,8.849,0.47459427,4.700184
8850,8.85,0.45998806,4.6589475
8851,8.851,0.47986582,4.6846604
8852,8.852,0.4705028,4.710599
8853,8.853,0.48857427,4.695093
8854,8.854,0.46909586,4.668128
8855,8.855,0.45408994,4.6631227
8856,8.856,0.4551848,4.690877
8857,8.857,0.45833427,4.6488304
8858,8.858,0.45925188,4.6638513
8859,8.859,0.4652437,4.6672835
8860,8.86,0.4607846,4.6762834
8861,8.861,0.4538092,4.705907
8862,8.862,0.4583721,4.6652403
8863,8.863,0.45980883,4.7086773
8864,8.864,0.45896864,4.6774383
8865,8.865,0.47390655,4.669892
8866,8.866,0.48503977,4.6799726
8867,8.867,0.48886034,4.660949
8868,8.868,0.47478142,4.647146
8869,8.869,0.47632012,4.646461
8870,8.87,0.47515818,4.653138
8871,8.871,0.47734934,4.66627
8872,8.872,0.49167806,4.707694
8873,8.873,0.48640132,4.6741176
8874,8.874,0.47886688,4.6667676
8875,8.875,0.5004027,4.6292458
8876,8.876,0.5001041,4.6579866
8877,8.877,0.5101888,4.5895286
8878,8.878,0.5113806,4.653614
8879,8.879,0.50127953,4.6001887
8880,8.88,0.5055574,4.6477966
8881,8.881,0.5066531,4.5565596
8882,8.882,0.49920025,4.641862
8883,8.883,0.5050744,4.635604
8884,8.884,0.50560826,4.674401
8885,8.885,0.4944948,4.587136
8886,8.886,0.5046708,4.629208
8887,8.887,0.50561756,4.6522536
8888,8.888,0.49753007,4.6920896
8889,8.889,0.5010587,4.6708183
8890,8.89,0.48348388,4.671122
8891,8.891,0.48813456,4.663146
8892,8.892,0.49501592,4.6946316
8893,8.893,0.4882449,4.677804
8894,8.894,0.4878644,4.688401
8895,8.895,0.4811787,4.722063
8896,8.896,0.48547488,4.6905212
8897,8.897,0.47876668,4.670739
8898,8.898,0.4791076,4.686133
8899,8.899,0.4641118,4.661466
8900,8.9,0.4755802,4.711628
8901,8.901,0.4807243,4.6952477
8902,8.902,0.49090075,4.7239904
8903,8.903,0.48386222,4.7203565
8904,8.904,0.4824995,4.7156806
8905,8.905,0.48210415,4.6841493
8906,8.906,0.48280847,4.679929
8907,8.907,0.4969355,4.6496353
8908,8.908,0.497328,4.688045
8909,8.909,0.49474347,4.7131233
8910,8.91,0.4995485,4.7668686
8911,8.911,0.48597145,4.678303
8912,8.912,0.48451245,4.670879
8913,8.913,0.4778038,4.6444063
8914,8.914,0.48501465,4.577108
8915,8.915,0.4908466,4.5847945
8916,8.916,0.4812193,4.641516
8917,8.917,0.47999635,4.6403794
8918,8.918,0.47446856,4.6368847
8919,8.919,0.47855535,4.6753063
8920,8.92,0.4762411,4.660004
8921,8.921,0.46412936,4.7236896
8922,8.922,0.4562451,4.750867
8923,8.923,0.46175835,4.6790123
8924,8.924,0.45846033,4.701231
8925,8.925,0.4569321,4.718457
8926,8.926,0.47066617,4.7335486
8927,8.927,0.46192718,4.6933117
8928,8.928,0.4530472,4.67771
8929,8.929,0.4431797,4.736512
8930,8.93,0.43952113,4.7273173
8931,8.931,0.4480692,4.698455
8932,8.932,0.44659987,4.6933045
8933,8.933,0.45957637,4.7009263
8934,8.934,0.46390504,4.698037
8935,8.935,0.46789697,4.7378755
8936,8.936,0.46734,4.723415
8937,8.937,0.453276,4.704825
8938,8.938,0.4515535,4.6853533
8939,8.939,0.44193205,4.7112813
8940,8.94,0.4389471,4.7095394
8941,8.941,0.42731702,4.7066956
8942,8.942,0.43806124,4.7222786
8943,8.943,0.43336135,4.668371
8944,8.944,0.4369596,4.6384397
8945,8.945,0.44957605,4.6639104
8946,8.946,0.4430413,4.6751847
8947,8.947,0.4235059,4.7085166
8948,8.948,0.41992956,4.7033043
8949,8.949,0.41986832,4.720895
8950,8.95,0.42936724,4.7212615
8951,8.951,0.44892362,4.677537
8952,8.952,0.45698836,4.690934
8953,8.953,0.4546701,4.679095
8954,8.954,0.4623418,4.692218
8955,8.955,0.4577957,4.6660724
8956,8.956,0.45490155,4.6464725
8957,8.957,0.46980625,4.6045346
8958,8.958,0.4755351,4.6574726
8959,8.959,0.47057343,4.6422687
8960,8.96,0.46838278,4.638414
8961,8.961,0.48112896,4.5960484
8962,8.962,0.48363128,4.6175504
8963,8.963,0.461111,4.5738783
8964,8.964,0.4738758,4.572315
8965,8.965,0.4750028,4.582871
8966,8.966,0.49130774,4.557232
8967,8.967,0.49021316,4.6000853
8968,8.968,0.4884048,4.6377482
8969,8.969,0.47358763,4.6152506
8970,8.97,0.47935966,4.616379
8971,8.971,0.48677692,4.654463
8972,8.972,0.48130828,4.6809163
8973,8.973,0.4853251,4.715003
8974,8.974,0.4881831,4.6359158
8975,8.975,0.48802337,4.6390347
8976,8.976,0.48078057,4.62233
8977,8.977,0.47833705,4.687558
8978,8.978,0.47692597,4.679586
8979,8.979,0.48556834,4.706785
8980,8.98,0.48165414,4.678269
8981,8.981,0.45608747,4.6820154
8982,8.982,0.4590516,4.687949
8983,8.983,0.4728107,4.7027664
8984,8.984,0.48132342,4.6470957
8985,8.985,0.48406416,4.671543
8986,8.986,0.49924135,4.678089
8987,8.987,0.49140233,4.724604
8988,8.988,0.47482353,4.7184315
8989,8.989,0.4796686,4.7254434
8990,8.99,0.49655956,4.7424803
8991,8.991,0.49836406,4.7006083
8992,8.992,0.50167507,4.701394
8993,8.993,0.5081428,4.688705
8994,8.994,0.5195585,4.6990767
8995,8.995,0.51964647,4.663885
8996,8.996,0.50785965,4.6613545
8997,8.997,0.48981753,4.7063212
8998,8.998,0.49614745,4.7199297
8999,8.999,0.48944157,4.7141905
9000,9.0,0.4864933,4.680013
9001,9.001,0.46627456,4.738101
9002,9.002,0.48686156,4.7596507
9003,9.003,0.5059825,4.7034993
9004,9.004,0.5070418,4.7072387
9005,9.005,0.494951,4.7207456
9006,9.006,0.497726,4.68698
9007,9.007,0.50500375,4.684961
9008,9.008,0.49336922,4.6933727
9009,9.009,0.4843009,4.6855555
9010,9.01,0.49279153,4.7200603
9011,9.011,0.49752554,4.656741
9012,9.012,0.48524994,4.6780076
9013,9.013,0.48411694,4.681919
9014,9.014,0.48739454,4.688429
9015,9.015,0.47750515,4.699233
9016,9.016,0.47033325,4.7287307
9017,9.017,0.48379448,4.7343564
9018,9.018,0.47831702,4.719093
9019,9.019,0.4738914,4.700416
9020,9.02,0.48395157,4.7016478
9021,9.021,0.47106865,4.68946
9022,9.022,0.4704215,4.6840706
9023,9.023,0.47373953,4.6556053
9024,9.024,0.4517558,4.716025
9025,9.025,0.45894483,4.715339
9026,9.026,0.46289027,4.679631
9027,9.027,0.4467726,4.7554
9028,9.028,0.45730725,4.6949525
9029,9.029,0.45736018,4.728683
9030,9.03,0.49107334,4.6814504
9031,9.031,0.49821037,4.6838145
9032,9.032,0.50022835,4.7033806
9033,9.033,0.4890853,4.6924744
9034,9.034,0.48551095,4.735912
9035,9.035,0.48116618,4.682225
9036,9.036,0.48138776,4.7050557
9037,9.037,0.47493845,4.669462
9038,9.038,0.4657112,4.707571
9039,9.039,0.45290735,4.718299
9040,9.04,0.4507316,4.70936
9041,9.041,0.43067423,4.7200947
9042,9.042,0.4414539,4.696818
9043,9.043,0.44610405,4.7187347
9044,9.044,0.44071382,4.702197
9045,9.045,0.44157264,4.686025
9046,9.046,0.450619,4.7423687
9047,9.047,0.46892172,4.7319484
9048,9.048,0.467711,4.727034
9049,9.049,0.45652726,4.6518197
9050,9.05,0.473788,4.678307
9051,9.051,0.4701201,4.6533046
9052,9.052,0.46770346,4.6556206
9053,9.053,0.4713222,4.661
9054,9.054,0.4784969,4.6453843
9055,9.055,0.49049532,4.649467
9056,9.056,0.48972467,4.5997143
9057,9.057,0.49025512,4.6027226
9058,9.058,0.49195316,4.613844
9059,9.059,0.4798988,4.670334
9060,9.06,0.47543204,4.670532
9061,9.061,0.489228,4.657723
9062,9.062,0.48025012,4.6740155
9063,9.063,0.47930083,4.6930275
9064,9.064,0.4862409,4.6774907
9065,9.065,0.473156,4.648218
9066,9.066,0.4738275,4.718913
9067,9.067,0.47606087,4.6700406
9068,9.068,0.47965452,4.677061
9069,9.069,0.4787051,4.659514
9070,9.07,0.48104328,4.6184216
9071,9.071,0.46815294,4.669538
9072,9.072,0.46589348,4.6846666
9073,9.073,0.4713265,4.6704297
9074,9.074,0.4883577,4.670267
9075,9.075,0.48232615,4.6969366
9076,9.076,0.489999,4.687053
9077,9.077,0.4823991,4.700006
9078,9.078,0.49896678,4.6025953
9079,9.079,0.4743231,4.613166
9080,9.08,0.46395662,4.566037
9081,9.081,0.46348447,4.539542
9082,9.082,0.45560375,4.569182
9083,9.083,0.462522,4.5777245
9084,9.084,0.45585474,4.5604343
9085,9.085,0.46194932,4.5882454
9086,9.086,0.46587598,4.59366
9087,9.087,0.46545932,4.5733423
9088,9.088,0.47541073,4.5679126
9089,9.089,0.4692846,4.5925374
9090,9.09,0.47267923,4.533186
9091,9.091,0.47703865,4.5430055
9092,9.092,0.46600637,4.549856
9093,9.093,0.4838596,4.553438
9094,9.094,0.47131166,4.626551
9095,9.095,0.4701329,4.569756
9096,9.096,0.46405414,4.5877986
9097,9.097,0.45296705,4.51724
9098,9.098,0.46549582,4.548264
9099,9.099,0.4767965,4.565611
9100,9.1,0.4876094,4.5460854
9101,9.101,0.49937296,4.568718
9102,9.102,0.49351153,4.55165
9103,9.103,0.5017137,4.5036616
9104,9.104,0.48625705,4.550426
9105,9.105,0.4764411,4.514586
9106,9.106,0.4480972,4.5134397
9107,9.107,0.4477883,4.4385276
9108,9.108,0.4421273,4.437044
9109,9.109,0.45240733,4.446732
9110,9.11,0.43933502,4.4893484
9111,9.111,0.45931634,4.519163
9112,9.112,0.45748416,4.572851
9113,9.113,0.46263757,4.5576096
9114,9.114,0.43979836,4.5841427
9115,9.115,0.46294042,4.508023
9116,9.116,0.45408803,4.580145
9117,9.117,0.44912392,4.562834
9118,9.118,0.44855344,4.5526285
9119,9.119,0.45219544,4.60414
9120,9.12,0.4456152,4.5635176
9121,9.121,0.43387958,4.560521
9122,9.122,0.44250244,4.536251
9123,9.123,0.435012,4.534833
9124,9.124,0.43468106,4.5566387
9125,9.125,0.43371677,4.5604243
9126,9.126,0.43504962,4.5566483
9127,9.127,0.44031033,4.5803213
9128,9.128,0.42367277,4.521237
9129,9.129,0.4292104,4.5549374
9130,9.13,0.43323436,4.5825167
9131,9.131,0.4258,4.558998
9132,9.132,0.416098,4.5797005
9133,9.133,0.41234478,4.6021204
9134,9.134,0.40869954,4.5135984
9135,9.135,0.4108366,4.5379024
9136,9.136,0.4271087,4.5384526
9137,9.137,0.41588667,4.552337
9138,9.138,0.41838118,4.5697374
9139,9.139,0.41776168,4.539125
9140,9.14,0.4109781,4.582907
9141,9.141,0.387008,4.580663
9142,9.142,0.39269,4.5894165
9143,9.143,0.41538313,4.6203346
9144,9.144,0.41344255,4.5995293
9145,9.145,0.42112315,4.587895
9146,9.146,0.42162627,4.5877123
9147,9.147,0.42785084,4.615719
9148,9.148,0.41413715,4.6068053
9149,9.149,0.41884786,4.5399146
9150,9.15,0.41441733,4.543164
9151,9.151,0.4193209,4.558
9152,9.152,0.4114713,4.5465035
9153,9.153,0.39664865,4.512789
9154,9.154,0.38695183,4.5585194
9155,9.155,0.38987514,4.603792
9156,9.156,0.3913597,4.5520167
9157,9.157,0.3953622,4.566909
9158,9.158,0.39534056,4.5919647
9159,9.159,0.39498705,4.555767
9160,9.16,0.4136174,4.5236583
9161,9.161,0.41396046,4.5272956
9162,9.162,0.40662274,4.5070405
9163,9.163,0.40060017,4.5038495
9164,9.164,0.4060687,4.5218143
9165,9.165,0.4002211,4.522916
9166,9.166,0.39506093,4.5427604
9167,9.167,0.38127178,4.4883704
9168,9.168,0.39261258,4.5275764
9169,9.169,0.37654212,4.528
9170,9.17,0.37706244,4.5096493
9171,9.171,0.37153956,4.5170403
9172,9.172,0.35882857,4.5396676
9173,9.173,0.3858906,4.5493155
9174,9.174,0.38459328,4.5070004
9175,9.175,0.36796507,4.5192184
9176,9.176,0.35908234,4.5079837
9177,9.177,0.36918572,4.498676
9178,9.178,0.37905478,4.5236716
9179,9.179,0.3715965,4.528272
9180,9.18,0.3654674,4.5086317
9181,9.181,0.37946352,4.5158954
9182,9.182,0.3893675,4.556023
9183,9.183,0.39539668,4.5874944
9184,9.184,0.39177254,4.5646005
9185,9.185,0.39388436,4.541189
9186,9.186,0.39023152,4.579343
9187,9.187,0.38760865,4.5649114
9188,9.188,0.356916,4.591202
9189,9.189,0.34114388,4.5894136
9190,9.19,0.34164906,4.5569925
9191,9.191,0.3320612,4.565987
9192,9.192,0.32880896,4.5876665
9193,9.193,0.3375997,4.5318327
9194,9.194,0.36492914,4.5638065
9195,9.195,0.36081606,4.5614767
9196,9.196,0.37161687,4.585287
9197,9.197,0.35944784,4.529848
9198,9.198,0.35447896,4.5279984
9199,9.199,0.3494872,4.5313816
9200,9.2,0.35290444,4.537046
9201,9.201,0.34318054,4.5586333
9202,9.202,0.3510719,4.540605
9203,9.203,0.3529778,4.4904504
9204,9.204,0.3638647,4.506113
9205,9.205,0.37031716,4.489947
9206,9.206,0.36005452,4.5009446
9207,9.207,0.3551709,4.506107
9208,9.208,0.3673304,4.553801
9209,9.209,0.3792254,4.509383
9210,9.21,0.38074797,4.4852753
9211,9.211,0.38035962,4.492105
9212,9.212,0.385127,4.501334
9213,9.213,0.38391098,4.482919
9214,9.214,0.38398474,4.454369
9215,9.215,0.37032884,4.478995
9216,9.216,0.3639252,4.5090265
9217,9.217,0.34542346,4.4778337
9218,9.218,0.35978922,4.506262
9219,9.219,0.35866696,4.517545
9220,9.22,0.34232458,4.457665
9221,9.221,0.3415873,4.508161
9222,9.222,0.34512147,4.5094724
9223,9.223,0.340902,4.5840487
9224,9.224,0.32454678,4.5110536
9225,9.225,0.3214462,4.5435424
9226,9.226,0.33429813,4.5663414
9227,9.227,0.32183543,4.5579042
9228,9.228,0.3181024,4.5597076
9229,9.229,0.34149134,4.614085
9230,9.23,0.3373147,4.5353637
9231,9.231,0.34802762,4.5623593
9232,9.232,0.32582527,4.575583
9233,9.233,0.3250872,4.527915
9234,9.234,0.30973488,4.498757
9235,9.235,0.30517274,4.538537
9236,9.236,0.31173873,4.5678024
9237,9.237,0.322632,4.57422
9238,9.238,0.30910036,4.579174
9239,9.239,0.3133996,4.5060472
9240,9.24,0.31980106,4.542581
9241,9.241,0.32064903,4.6128907
9242,9.242,0.3074916,4.5757346
9243,9.243,0.31058818,4.512083
9244,9.244,0.3271042,4.4999924
9245,9.245,0.3185095,4.563733
9246,9.246,0.3144377,4.5616913
9247,9.247,0.32861152,4.5993824
9248,9.248,0.33410636,4.6292195
9249,9.249,0.32586145,4.6075034
9250,9.25,0.33328587,4.602547
9251,9.251,0.34103373,4.584647
9252,9.252,0.34402043,4.5993676
9253,9.253,0.35538727,4.6134696
9254,9.254,0.35885513,4.6183314
9255,9.255,0.35305443,4.617614
9256,9.256,0.36864284,4.5664797
9257,9.257,0.36523739,4.622345
9258,9.258,0.35449734,4.627058
9259,9.259,0.35296863,4.6422567
9260,9.26,0.36366576,4.617686
9261,9.261,0.3516174,4.590761
9262,9.262,0.35171255,4.6034837
9263,9.263,0.35375246,4.5980134
9264,9.264,0.35721678,4.585954
9265,9.265,0.35500392,4.5835905
9266,9.266,0.36241964,4.570978
9267,9.267,0.35643765,4.569975
9268,9.268,0.36693856,4.568574
9269,9.269,0.37821722,4.559646
9270,9.27,0.38320908,4.6223683
9271,9.271,0.38035673,4.586269
9272,9.272,0.39201766,4.6414857
9273,9.273,0.3860462,4.5931096
9274,9.274,0.37487808,4.57932
9275,9.275,0.36797276,4.576875
9276,9.276,0.3666021,4.610548
9277,9.277,0.38836542,4.6414604
9278,9.278,0.40113652,4.637705
9279,9.279,0.38554925,4.639511
9280,9.28,0.3862915,4.6267905
9281,9.281,0.39488575,4.6123843
9282,9.282,0.37916595,4.603437
9283,9.283,0.38475916,4.629829
9284,9.284,0.39169213,4.5997534
9285,9.285,0.3937875,4.594207
9286,9.286,0.39986873,4.5804105
9287,9.287,0.38635898,4.5104423
9288,9.288,0.394367,4.5016565
9289,9.289,0.3837053,4.5427938
9290,9.29,0.3946329,4.505167
9291,9.291,0.39395612,4.513011
9292,9.292,0.39781222,4.511399
9293,9.293,0.40189385,4.53268
9294,9.294,0.4013081,4.565986
9295,9.295,0.40921116,4.5002356
9296,9.296,0.4137934,4.522794
9297,9.297,0.41149378,4.525995
9298,9.298,0.40021402,4.5217047
9299,9.299,0.3894398,4.554859
9300,9.3,0.3944303,4.5469832
9301,9.301,0.41129175,4.493877
9302,9.302,0.410376,4.494926
9303,9.303,0.4101812,4.5097466
9304,9.304,0.40947506,4.559343
9305,9.305,0.39652914,4.5294914
9306,9.306,0.39622685,4.534787
9307,9.307,0.3980632,4.572922
9308,9.308,0.38758507,4.645851
9309,9.309,0.37831837,4.595839
9310,9.31,0.36696455,4.5605373
9311,9.311,0.37858775,4.5791864
9312,9.312,0.38480273,4.5398726
9313,9.313,0.39230683,4.517963
9314,9.314,0.39495003,4.5334888
9315,9.315,0.39775163,4.551082
9316,9.316,0.3991542,4.5535316
9317,9.317,0.4031302,4.547152
9318,9.318,0.4023989,4.5357084
9319,9.319,0.39948523,4.5618043
9320,9.32,0.39890563,4.532568
9321,9.321,0.41042334,4.551985
9322,9.322,0.39695525,4.526339
9323,9.323,0.3915165,4.54402
9324,9.324,0.38834742,4.513498
9325,9.325,0.38831615,4.540926
9326,9.326,0.3776033,4.489483
9327,9.327,0.36227944,4.5270576
9328,9.328,0.36594486,4.5116177
9329,9.329,0.36382067,4.5313015
9330,9.33,0.38045898,4.533065
9331,9.331,0.38877624,4.5278687
9332,9.332,0.38944098,4.551912
9333,9.333,0.39553335,4.5666003
9334,9.334,0.38529912,4.602746
9335,9.335,0.40237048,4.583999
9336,9.336,0.39496595,4.575148
9337,9.337,0.39878407,4.57647
9338,9.338,0.41011298,4.5806327
9339,9.339,0.4164619,4.618259
9340,9.34,0.40997598,4.5690217
9341,9.341,0.41853616,4.5969663
9342,9.342,0.41555357,4.558969
9343,9.343,0.41010496,4.5414305
9344,9.344,0.3932936,4.5229616
9345,9.345,0.38763684,4.608072
9346,9.346,0.38547865,4.5690656
9347,9.347,0.38079548,4.587073
9348,9.348,0.39286643,4.572133
9349,9.349,0.3920964,4.602931
9350,9.35,0.39967442,4.620652
9351,9.351,0.39281774,4.6081686
9352,9.352,0.4093257,4.6840887
9353,9.353,0.41224104,4.671819
9354,9.354,0.4285352,4.59358
9355,9.355,0.42662004,4.6166816
9356,9.356,0.40735608,4.634041
9357,9.357,0.40185314,4.5986586
9358,9.358,0.420162,4.617326
9359,9.359,0.43382388,4.603071
9360,9.36,0.43251,4.5594845
9361,9.361,0.4291203,4.634136
9362,9.362,0.43271855,4.642689
9363,9.363,0.43238837,4.610981
9364,9.364,0.4200449,4.6064534
9365,9.365,0.43118137,4.6428103
9366,9.366,0.4263808,4.645742
9367,9.367,0.43008977,4.618375
9368,9.368,0.44621053,4.603792
9369,9.369,0.42361587,4.648982
9370,9.37,0.41953507,4.618223
9371,9.371,0.41477042,4.6109643
9372,9.372,0.405262,4.5732303
9373,9.373,0.40802708,4.6041603
9374,9.374,0.40010485,4.6239853
9375,9.375,0.39447132,4.572304
9376,9.376,0.39570472,4.585516
9377,9.377,0.41370264,4.59713
9378,9.378,0.39080974,4.5861206
9379,9.379,0.40034992,4.586112
9380,9.38,0.4052747,4.6458945
9381,9.381,0.40378547,4.632766
9382,9.382,0.39214134,4.6151366
9383,9.383,0.41060287,4.6588807
9384,9.384,0.40150824,4.64867
9385,9.385,0.41026673,4.6191506
9386,9.386,0.39283997,4.6579466
9387,9.387,0.400551,4.6663933
9388,9.388,0.39410895,4.6550937
9389,9.389,0.40024972,4.6208987
9390,9.39,0.40161002,4.6154075
9391,9.391,0.40484205,4.6154633
9392,9.392,0.3920162,4.606877
9393,9.393,0.4006547,4.605302
9394,9.394,0.40094212,4.58222
9395,9.395,0.40219948,4.5849977
9396,9.396,0.40565956,4.595504
9397,9.397,0.3950675,4.5556493
9398,9.398,0.38693392,4.5593495
9399,9.399,0.37915695,4.5746994
9400,9.4,0.378225,4.587857
9401,9.401,0.369361,4.639587
9402,9.402,0.3643263,4.580531
9403,9.403,0.36846876,4.596508
9404,9.404,0.37508816,4.5803914
9405,9.405,0.3769896,4.581999
9406,9.406,0.3635971,4.598411
9407,9.407,0.37846026,4.568321
9408,9.408,0.39836353,4.6168265
9409,9.409,0.40048906,4.6242857
9410,9.41,0.38921857,4.5955763
9411,9.411,0.38733554,4.650952
9412,9.412,0.3740121,4.66356
9413,9.413,0.3802824,4.652718
9414,9.414,0.36507532,4.587834
9415,9.415,0.36659044,4.6186028
9416,9.416,0.37732476,4.567542
9417,9.417,0.37380064,4.574838
9418,9.418,0.36861274,4.567002
9419,9.419,0.36894673,4.60168
9420,9.42,0.3680268,4.583127
9421,9.421,0.3668281,4.56556
9422,9.422,0.36145845,4.5524664
9423,9.423,0.36541206,4.5446334
9424,9.424,0.37288943,4.5783362
9425,9.425,0.35964784,4.571564
9426,9.426,0.35750303,4.5583878
9427,9.427,0.35568833,4.530322
9428,9.428,0.34846064,4.6054287
9429,9.429,0.3524057,4.5451555
9430,9.43,0.3537956,4.5627065
9431,9.431,0.35495344,4.5655503
9432,9.432,0.3672157,4.5394325
9433,9.433,0.3664903,4.5829782
9434,9.434,0.3751749,4.659317
9435,9.435,0.36058193,4.585661
9436,9.436,0.3523988,4.560973
9437,9.437,0.36022142,4.6156073
9438,9.438,0.37782487,4.6194077
9439,9.439,0.37537187,4.646773
9440,9.44,0.3635243,4.5728035
9441,9.441,0.37121257,4.626488
9442,9.442,0.37760085,4.602482
9443,9.443,0.39213723,4.5640006
9444,9.444,0.39145154,4.581287
9445,9.445,0.38056743,4.604124
9446,9.446,0.3885648,4.6318564
9447,9.447,0.37975967,4.650259
9448,9.448,0.3891647,4.585771
9449,9.449,0.3722383,4.6197233
9450,9.45,0.40587154,4.598471
9451,9.451,0.3854635,4.560576
9452,9.452,0.37163737,4.5645165
9453,9.453,0.37952203,4.5556116
9454,9.454,0.37983483,4.5699916
9455,9.455,0.3934881,4.5475173
9456,9.456,0.39967817,4.5989733
9457,9.457,0.38784403,4.600527
9458,9.458,0.38933054,4.6056576
9459,9.459,0.37801558,4.583891
9460,9.46,0.3645647,4.577907
9461,9.461,0.38800687,4.555925
9462,9.462,0.36630732,4.5696645
9463,9.463,0.36021933,4.6132393
9464,9.464,0.35864022,4.570279
9465,9.465,0.35004425,4.583243
9466,9.466,0.36925992,4.5655313
9467,9.467,0.36902976,4.521629
9468,9.468,0.36492786,4.5390573
9469,9.469,0.37189206,4.5500894
9470,9.47,0.3694117,4.564295
9471,9.471,0.369443,4.5978785
9472,9.472,0.3729993,4.607797
9473,9.473,0.38764012,4.6300445
9474,9.474,0.3798096,4.5996537
9475,9.475,0.38211265,4.57929
9476,9.476,0.3739894,4.5916877
9477,9.477,0.36754543,4.6135564
9478,9.478,0.37742892,4.666747
9479,9.479,0.3962817,4.632361
9480,9.48,0.40089265,4.6154118
9481,9.481,0.39637896,4.581693
9482,9.482,0.38766667,4.6038947
9483,9.483,0.38992807,4.6009755
9484,9.484,0.3898311,4.622242
9485,9.485,0.3949885,4.5725656
9486,9.486,0.39510688,4.6002893
9487,9.487,0.39352983,4.5694294
9488,9.488,0.37229717,4.585052
9489,9.489,0.3893491,4.574945
9490,9.49,0.37382603,4.5833297
9491,9.491,0.37599066,4.567636
9492,9.492,0.38072687,4.5507674
9493,9.493,0.38406813,4.581993
9494,9.494,0.37685052,4.628629
9495,9.495,0.38067982,4.5815005
9496,9.496,0.3762596,4.5862355
9497,9.497,0.35977396,4.582346
9498,9.498,0.38287848,4.594042
9499,9.499,0.3653399,1.2396516
9500,9.5,0.35519257,1.2730811
9501,9.501,0.35300252,1.1998457
9502,9.502,0.36340436,1.2314557
9503,9.503,0.36254498,1.2679266
9504,9.504,0.37399188,1.2297964
9505,9.505,0.37779796,1.231861
9506,9.506,0.37022254,1.2771161
9507,9.507,0.37379462,1.1748902
9508,9.508,0.37966743,1.0683532
9509,9.509,0.366006,1.0343864
9510,9.51,0.3616885,0.97446865
9511,9.511,0.3617075,4.538111
9512,9.512,0.34508696,4.551809
9513,9.513,0.3591958,4.5462956
9514,9.514,0.3699366,4.478361
9515,9.515,0.36845168,4.509571
9516,9.516,0.37600356,4.5759006
9517,9.517,0.3923765,4.517256
9518,9.518,0.38335145,4.546929
9519,9.519,0.37869537,4.511813
9520,9.52,0.38857937,4.519814
9521,9.521,0.39249685,4.535589
9522,9.522,0.3861085,0.8821989
9523,9.523,0.38699484,0.9402752
9524,9.524,0.3743302,0.86180645
9525,9.525,0.38523686,0.9718378
9526,9.526,0.4034395,4.5786686
9527,9.527,0.4076012,4.564541
9528,9.528,0.41885227,4.53836
9529,9.529,0.4115254,4.531049
9530,9.53,0.4169898,4.5238156
9531,9.531,0.4064733,4.541825
9532,9.532,0.39401156,4.5807285
9533,9.533,0.4060361,4.608672
9534,9.534,0.4068727,4.553264
9535,9.535,0.41664398,4.530441
9536,9.536,0.4033455,4.588227
9537,9.537,0.3936601,4.583538
9538,9.538,0.41306084,4.479483
9539,9.539,0.41547468,4.5297318
9540,9.54,0.4059524,4.5932903
9541,9.541,0.41195703,4.554201
9542,9.542,0.41108766,4.604255
9543,9.543,0.4130799,4.5788245
9544,9.544,0.3994266,4.569968
9545,9.545,0.40539303,4.6034126
9546,9.546,0.40572324,4.605724
9547,9.547,0.41737965,4.588081
9548,9.548,0.42238283,4.611185
9549,9.549,0.4272203,4.5878386
9550,9.55,0.423804,4.6440573
9551,9.551,0.4145692,4.595388
9552,9.552,0.43328825,4.5532064
9553,9.553,0.4377149,4.5914125
9554,9.554,0.4318757,4.645414
9555,9.555,0.4411929,4.6630692
9556,9.556,0.43800965,4.646313
9557,9.557,0.42423174,4.653576
9558,9.558,0.42236134,4.626409
9559,9.559,0.4223247,4.651276
9560,9.56,0.4263193,4.617398
9561,9.561,0.43427053,4.531475
9562,9.562,0.4194491,4.59932
9563,9.563,0.4170181,4.5930567
9564,9.564,0.40779358,4.5907745
9565,9.565,0.41178808,4.586292
9566,9.566,0.4135661,4.616731
9567,9.567,0.40682906,4.573192
9568,9.568,0.40412843,4.661838
9569,9.569,0.42229196,4.6331944
9570,9.57,0.41506675,4.6378675
9571,9.571,0.41560918,4.6504116
9572,9.572,0.43058255,4.69396
9573,9.573,0.43137085,4.672603
9574,9.574,0.42631114,4.6244373
9575,9.575,0.422307,4.6957927
9576,9.576,0.43651348,4.625717
9577,9.577,0.4501827,4.6300187
9578,9.578,0.44432783,4.618686
9579,9.579,0.45968086,4.5658674
9580,9.58,0.44900832,4.6516123
9581,9.581,0.45411667,4.6681013
9582,9.582,0.4471497,4.5639353
9583,9.583,0.43769035,4.640132
9584,9.584,0.43429914,4.615037
9585,9.585,0.43665355,4.6080313
9586,9.586,0.45040733,4.5828967
9587,9.587,0.45227355,4.6130157
9588,9.588,0.4470928,4.6182404
9589,9.589,0.43783385,4.606865
9590,9.59,0.44850653,4.5558224
9591,9.591,0.43404874,4.5953207
9592,9.592,0.43045354,4.629643
9593,9.593,0.42300734,4.6696706
9594,9.594,0.41912997,4.700054
9595,9.595,0.43089586,4.6725397
9596,9.596,0.44269034,4.685568
9597,9.597,0.41363764,4.645181
9598,9.598,0.40653417,4.6774387
9599,9.599,0.42138547,4.691225
9600,9.6,0.42955768,4.669464
9601,9.601,0.43439922,4.633387
9602,9.602,0.43262345,4.5883904
9603,9.603,0.43593395,4.592562
9604,9.604,0.43231604,4.5985146
9605,9.605,0.43911907,4.6394987
9606,9.606,0.44024011,4.6553793
9607,9.607,0.4370018,4.637324
9608,9.608,0.4219191,4.579287
9609,9.609,0.4373856,4.6142282
9610,9.61,0.43173528,4.5711446
9611,9.611,0.43986472,4.5995793
9612,9.612,0.43733588,4.577288
9613,9.613,0.43958068,4.605831
9614,9.614,0.42715523,4.603642
9615,9.615,0.4195056,4.5815325
9616,9.616,0.4416597,4.564174
9617,9.617,0.4269054,4.639871
9618,9.618,0.43760183,4.623208
9619,9.619,0.433031,4.6072655
9620,9.62,0.43802428,4.5831447
9621,9.621,0.43808618,4.5952077
9622,9.622,0.4440776,4.5896363
9623,9.623,0.43886232,4.590151
9624,9.624,0.45200366,4.641306
9625,9.625,0.44447687,4.622623
9626,9.626,0.46360952,4.614338
9627,9.627,0.44581684,4.594078
9628,9.628,0.45474142,4.6133614
9629,9.629,0.46054864,4.6188903
9630,9.63,0.4678059,4.581321
9631,9.631,0.44962567,4.5861344
9632,9.632,0.4463078,4.573709
9633,9.633,0.4627454,4.584723
9634,9.634,0.4520079,4.5676227
9635,9.635,0.44593313,4.581239
9636,9.636,0.4650424,4.577798
9637,9.637,0.4565679,4.5850043
9638,9.638,0.4655172,4.5546007
9639,9.639,0.4582959,4.537376
9640,9.64,0.4649109,4.564866
9641,9.641,0.47314575,4.569575
9642,9.642,0.49132034,4.584609
9643,9.643,0.49441963,4.592059
9644,9.644,0.5027809,4.5751595
9645,9.645,0.48351616,4.6242185
9646,9.646,0.47956458,4.561822
9647,9.647,0.4767503,4.5844007
9648,9.648,0.4678295,4.551229
9649,9.649,0.46332633,4.587343
9650,9.65,0.4707105,4.6288095
9651,9.651,0.45842102,4.6334963
9652,9.652,0.4648772,4.583782
9653,9.653,0.48419145,4.56361
9654,9.654,0.4999802,4.557463
9655,9.655,0.49141443,4.5720463
9656,9.656,0.48490357,4.5981617
9657,9.657,0.47456858,4.561948
9658,9.658,0.49002448,4.5805135
9659,9.659,0.4730336,4.533243
9660,9.66,0.49462533,4.559964
9661,9.661,0.5049965,4.530055
9662,9.662,0.50156206,4.535643
9663,9.663,0.50796854,4.522309
9664,9.664,0.50821435,4.553822
9665,9.665,0.49235693,4.520499
9666,9.666,0.50105304,4.5047083
9667,9.667,0.49271062,4.5296254
9668,9.668,0.4901548,4.5262923
9669,9.669,0.48763582,4.52902
9670,9.67,0.49113008,4.5212193
9671,9.671,0.47780088,4.5199256
9672,9.672,0.47068495,4.541943
9673,9.673,0.47812712,4.5040536
9674,9.674,0.45784232,4.5321684
9675,9.675,0.45871317,4.5055213
9676,9.676,0.46146497,4.468872
9677,9.677,0.47459635,4.506492
9678,9.678,0.46076417,4.497919
9679,9.679,0.46084958,4.521653
9680,9.68,0.45556292,4.5050592
9681,9.681,0.44207147,4.5123825
9682,9.682,0.44279402,4.518848
9683,9.683,0.46386802,4.503194
9684,9.684,0.44429702,4.5125504
9685,9.685,0.4712788,4.515433
9686,9.686,0.46130174,4.5187297
9687,9.687,0.4559544,4.533037
9688,9.688,0.4631922,4.5166183
9689,9.689,0.4505323,4.5572243
9690,9.69,0.44726652,4.539472
9691,9.691,0.45230764,4.524652
9692,9.692,0.46389258,4.5376544
9693,9.693,0.472266,4.593642
9694,9.694,0.45780015,4.5894184
9695,9.695,0.46590155,4.603173
9696,9.696,0.479354,4.5742764
9697,9.697,0.46815246,4.578009
9698,9.698,0.48206913,4.5556564
9699,9.699,0.48976338,4.5759187
9700,9.7,0.50268364,4.5497084
9701,9.701,0.4975518,4.5557485
9702,9.702,0.51345545,4.56299
9703,9.703,0.5212907,4.591011
9704,9.704,0.5091382,4.596236
9705,9.705,0.509253,4.6075964
9706,9.706,0.498761,4.583447
9707,9.707,0.50181735,4.621827
9708,9.708,0.4995433,4.5752773
9709,9.709,0.4918479,4.604101
9710,9.71,0.48912084,4.573494
9711,9.711,0.4946232,4.576401
9712,9.712,0.4954745,4.599146
9713,9.713,0.49189642,4.6161656
9714,9.714,0.49137902,4.595612
9715,9.715,0.49109995,4.594262
9716,9.716,0.49658796,4.572821
9717,9.717,0.5007402,4.6011386
9718,9.718,0.4939402,4.6297045
9719,9.719,0.5042571,4.645164
9720,9.72,0.5178275,4.6567945
9721,9.721,0.5211197,4.6546073
9722,9.722,0.5083201,4.567812
9723,9.723,0.504005,4.6512685
9724,9.724,0.5042415,4.5636296
9725,9.725,0.48125663,4.5595527
9726,9.726,0.49902827,4.5780177
9727,9.727,0.48390928,4.610402
9728,9.728,0.4942938,4.5446353
9729,9.729,0.49763995,4.560031
9730,9.73,0.49747023,4.58018
9731,9.731,0.4795147,4.6025524
9732,9.732,0.48901957,4.5974984
9733,9.733,0.4933903,4.583863
9734,9.734,0.4830835,4.588106
9735,9.735,0.49140868,4.5822883
9736,9.736,0.4866963,4.614223
9737,9.737,0.48356205,4.633296
9738,9.738,0.45764813,4.670329
9739,9.739,0.46376473,4.6150684
9740,9.74,0.45203936,4.6257257
9741,9.741,0.4606578,4.6377144
9742,9.742,0.47852215,4.6124163
9743,9.743,0.47665793,4.6342416
9744,9.744,0.4606706,4.6495233
9745,9.745,0.45767123,4.6769366
9746,9.746,0.4591692,4.6907215
9747,9.747,0.4760151,4.643629
9748,9.748,0.47129214,4.6603017
9749,9.749,0.4961936,4.6726084
9750,9.75,0.5153706,4.5894
9751,9.751,0.51801646,4.6223946
9752,9.752,0.52347296,4.610894
9753,9.753,0.5215308,4.596392
9754,9.754,0.52699715,4.643995
9755,9.755,0.52130425,4.607387
9756,9.756,0.5147791,4.631654
9757,9.757,0.5193622,4.6569505
9758,9.758,0.51991785,4.6254554
9759,9.759,0.51980495,4.617342
9760,9.76,0.52375466,4.6205525
9761,9.761,0.53768176,4.601001
9762,9.762,0.52645993,4.575065
9763,9.763,0.51766425,4.593735
9764,9.764,0.5274721,4.6151485
9765,9.765,0.5357919,4.6018324
9766,9.766,0.51893026,4.6291595
9767,9.767,0.5494404,4.598939
9768,9.768,0.5374889,4.655959
9769,9.769,0.5413136,4.618594
9770,9.77,0.5468507,4.6509876
9771,9.771,0.54256505,4.6575246
9772,9.772,0.53595865,4.6602745
9773,9.773,0.5224103,4.6619363
9774,9.774,0.5360145,4.6670995
9775,9.775,0.52083206,4.6291876
9776,9.776,0.51722157,4.6521635
9777,9.777,0.51868695,4.6671305
9778,9.778,0.49988186,4.6672144
9779,9.779,0.52406675,4.6812425
9780,9.78,0.5295307,4.6524076
9781,9.781,0.5277838,4.6504602
9782,9.782,0.51851445,4.6704845
9783,9.783,0.5089668,4.6724157
9784,9.784,0.51645976,4.6629095
9785,9.785,0.5206236,4.61807
9786,9.786,0.51203436,4.5985
9787,9.787,0.5074265,4.6102695
9788,9.788,0.50559604,4.575763
9789,9.789,0.5301268,4.5588465
9790,9.79,0.53423786,4.5754976
9791,9.791,0.54175025,4.563435
9792,9.792,0.5272771,4.607519
9793,9.793,0.53081703,4.5696487
9794,9.794,0.5334611,4.592346
9795,9.795,0.5336005,4.564917
9796,9.796,0.51885945,4.6250734
9797,9.797,0.50305146,4.565081
9798,9.798,0.492001,4.643394
9799,9.799,0.49296206,4.6443563
9800,9.8,0.50692624,4.623111
9801,9.801,0.49958947,4.643428
9802,9.802,0.51768935,4.659564
9803,9.803,0.52208555,4.6271935
9804,9.804,0.51592666,4.622924
9805,9.805,0.512538,4.6121116
9806,9.806,0.5277406,4.6150217
9807,9.807,0.5050577,4.6271596
9808,9.808,0.51852816,4.633989
9809,9.809,0.5357191,4.6246786
9810,9.81,0.53450114,4.6126547
9811,9.811,0.5402955,4.612412
9812,9.812,0.5264192,4.5995884
9813,9.813,0.5102618,4.6054087
9814,9.814,0.50924355,4.6204557
9815,9.815,0.53125596,4.6361113
9816,9.816,0.5352459,4.649838
9817,9.817,0.53395414,4.674878
9818,9.818,0.52494544,4.6877832
9819,9.819,0.52454364,4.6526403
9820,9.82,0.52534604,4.674536
9821,9.821,0.5216145,4.7029624
9822,9.822,0.518324,4.700946
9823,9.823,0.5082829,4.689143
9824,9.824,0.5055208,4.668671
9825,9.825,0.5032989,4.6832356
9826,9.826,0.49712342,4.6832423
9827,9.827,0.4967738,4.6953616
9828,9.828,0.49694318,4.661984
9829,9.829,0.49707016,4.6944327
9830,9.83,0.49177197,4.6990952
9831,9.831,0.48656267,4.6374516
9832,9.832,0.5222023,4.639186
9833,9.833,0.51596916,4.631508
9834,9.834,0.52140343,4.6205626
9835,9.835,0.51968664,4.651249
9836,9.836,0.52591777,4.639442
9837,9.837,0.53898585,4.647194
9838,9.838,0.5214583,4.615136
9839,9.839,0.5148512,4.6482654
9840,9.84,0.5098043,4.6531377
9841,9.841,0.50117224,4.625585
9842,9.842,0.5009884,4.6711607
9843,9.843,0.5034786,4.692232
9844,9.844,0.5132358,4.647611
9845,9.845,0.49824458,4.6614623
9846,9.846,0.5031722,4.6683416
9847,9.847,0.49549058,4.663289
9848,9.848,0.47574812,4.6982536
9849,9.849,0.48211986,4.7209167
9850,9.85,0.47055355,4.6935
9851,9.851,0.46127167,4.6848755
9852,9.852,0.46685013,4.683381
9853,9.853,0.46663192,4.6497955
9854,9.854,0.47064528,4.646105
9855,9.855,0.49351257,4.6369915
9856,9.856,0.49163443,4.707008
9857,9.857,0.4879349,4.6712813
9858,9.858,0.49086165,4.716711
9859,9.859,0.4883963,4.710968
9860,9.86,0.48256204,4.6967106
9861,9.861,0.4634917,4.70777
9862,9.862,0.48177868,4.7238173
9863,9.863,0.46770063,4.6812654
9864,9.864,0.4561483,4.7155747
9865,9.865,0.46090364,4.7006307
9866,9.866,0.46793574,4.6946898
9867,9.867,0.47346106,4.6784286
9868,9.868,0.47695735,4.716546
9869,9.869,0.49016705,4.685022
9870,9.87,0.47170135,4.698685
9871,9.871,0.48314366,4.6772823
9872,9.872,0.4798122,4.6936316
9873,9.873,0.477946,4.6674986
9874,9.874,0.47748202,4.6169086
9875,9.875,0.47601193,4.65892
9876,9.876,0.46226674,4.6385794
9877,9.877,0.4573957,4.6462617
9878,9.878,0.47545514,4.6451826
9879,9.879,0.46199462,4.739063
9880,9.88,0.46147537,4.713481
9881,9.881,0.46032417,4.6126814
9882,9.882,0.44779462,4.6739497
9883,9.883,0.4554113,4.7064447
9884,9.884,0.45856836,4.6413283
9885,9.885,0.45865104,4.6295457
9886,9.886,0.4502448,4.622152
9887,9.887,0.44096556,4.654322
9888,9.888,0.43936566,4.6627774
9889,9.889,0.42429957,4.68911
9890,9.89,0.43261394,4.66569
9891,9.891,0.42300212,4.670093
9892,9.892,0.42467266,4.643366
9893,9.893,0.4389795,4.650605
9894,9.894,0.43575463,4.7053165
9895,9.895,0.43568352,4.6963377
9896,9.896,0.44750798,4.676266
9897,9.897,0.44697207,4.6633244
9898,9.898,0.44415677,4.657303
9899,9.899,0.44900757,4.668533
9900,9.9,0.45166686,4.71039
9901,9.901,0.44863307,4.689199
9902,9.902,0.45618847,4.6583877
9903,9.903,0.44044986,4.667578
9904,9.904,0.43948048,4.6598396
9905,9.905,0.44767895,4.6672487
9906,9.906,0.43611038,4.701898
9907,9.907,0.4408553,4.71258
9908,9.908,0.43720344,4.693847
9909,9.909,0.44847098,4.679279
9910,9.91,0.44142392,4.6285615
9911,9.911,0.45149755,4.659671
9912,9.912,0.45426568,4.6161246
9913,9.913,0.4710932,4.6532965
9914,9.914,0.46784827,4.641241
9915,9.915,0.46225488,4.667455
9916,9.916,0.45722914,4.6956058
9917,9.917,0.4698824,4.6647754
9918,9.918,0.4683017,4.664376
9919,9.919,0.4714908,4.7212214
9920,9.92,0.49408084,4.7314305
9921,9.921,0.4799241,4.702332
9922,9.922,0.4780806,4.7222767
9923,9.923,0.479764,4.7598295
9924,9.924,0.47554508,4.736155
9925,9.925,0.45687062,4.7287326
9926,9.926,0.4659833,4.6345444
9927,9.927,0.46273077,4.698408
9928,9.928,0.4604006,4.681578
9929,9.929,0.4542774,4.7089305
9930,9.93,0.4688315,4.70212
9931,9.931,0.47882667,4.662425
9932,9.932,0.48777,4.6725764
9933,9.933,0.48450124,4.652818
9934,9.934,0.48982838,4.645361
9935,9.935,0.482134,4.6759944
9936,9.936,0.48297352,4.6727476
9937,9.937,0.49068362,4.6546016
9938,9.938,0.48599133,4.648424
9939,9.939,0.4862473,4.635076
9940,9.94,0.48197946,4.6509814
9941,9.941,0.48516762,4.693318
9942,9.942,0.48627642,4.66519
9943,9.943,0.4935094,4.6831846
9944,9.944,0.5044297,4.6706386
9945,9.945,0.49041474,4.698096
9946,9.946,0.49297366,4.6720414
9947,9.947,0.48876965,4.7428837
9948,9.948,0.4766105,4.7332215
9949,9.949,0.4905406,4.716345
9950,9.95,0.46766022,4.717607
9951,9.951,0.47511923,4.7611365
9952,9.952,0.4803329,4.7292447
9953,9.953,0.46254337,4.7091756
9954,9.954,0.4745653,4.6769204
9955,9.955,0.4517774,4.679903
9956,9.956,0.45685568,4.660331
9957,9.957,0.44697827,4.6700153
9958,9.958,0.45367202,4.723109
9959,9.959,0.46947765,4.694326
9960,9.96,0.46209055,4.703735
9961,9.961,0.45842946,4.6755595
9962,9.962,0.46050996,4.705048
9963,9.963,0.44829464,4.697278
9964,9.964,0.43175617,4.706926
9965,9.965,0.43614164,4.7255225
9966,9.966,0.44433668,4.683333
9967,9.967,0.44210675,4.7145405
9968,9.968,0.43755087,4.67143
9969,9.969,0.43717343,4.682462
9970,9.97,0.43878818,4.6811843
9971,9.971,0.45090124,4.666114
9972,9.972,0.46175835,4.691458
9973,9.973,0.4526104,4.71153
9974,9.974,0.45642078,4.725587
9975,9.975,0.44750488,4.6849756
9976,9.976,0.44821817,4.74609
9977,9.977,0.44330084,4.7003183
9978,9.978,0.45665866,4.733057
9979,9.979,0.4493852,4.685095
9980,9.98,0.4534411,4.658321
9981,9.981,0.4432119,4.679856
9982,9.982,0.43994382,4.6607976
9983,9.983,0.454197,4.695264
9984,9.984,0.44502556,4.7001276
9985,9.985,0.44188407,4.659422
9986,9.986,0.4326098,4.725579
9987,9.987,0.4428184,4.709765
9988,9.988,0.44295663,4.718403
9989,9.989,0.45537674,4.7164717
9990,9.99,0.46628746,4.6693835
9991,9.991,0.46844572,4.6918488
9992,9.992,0.4524606,4.7037883
9993,9.993,0.45822263,4.7029953
9994,9.994,0.4545599,4.727476
9995,9.995,0.44964197,4.762846
9996,9.996,0.44897473,4.704739
9997,9.997,0.44184324,4.6722326
9998,9.998,0.43338108,4.711645
9999,9.999,0.43855113,4.7381086
