#"Step","Time (ps)","Potential Energy (kJ/mole)","Kinetic Energy (kJ/mole)","Total Energy (kJ/mole)","Temperature (K)","Box Volume (nm^3)","Density (g/mL)"
500,1.0000000000000007,-97576.62387768441,18257.91796875,-79318.70590893441,298.8259906482231,72.43661501575201,1.0101450559182132
1000,2.0000000000000013,-97779.29055272264,18551.423828125,-79227.86672459764,303.62977930248866,73.42610391245944,0.9965323587487348
1500,2.999999999999891,-97112.83859543205,18299.79296875,-78813.04562668205,299.511355670665,72.42683983088729,1.0102813914905626
2000,3.999999999999781,-97262.8258021904,18680.28125,-78582.5445521904,305.7387791791493,73.1365874022938,1.0004772047009405
2500,4.999999999999671,-97592.18962194334,18390.75390625,-79201.43571569334,301.0001065953461,72.18351589194158,1.0136869563842015
3000,5.999999999999561,-97405.59161053243,18301.447265625,-79104.14434490743,299.53843142504974,72.3218505767857,1.011748011728836
3500,6.999999999999451,-97504.06055550365,17919.443359375,-79584.61719612865,293.2862017944845,72.78371714471885,1.0053277215853518
4000,7.999999999999341,-97774.68318244576,18558.62109375,-79216.06208869576,303.74757641572086,72.36432840895885,1.0111541160458573
4500,8.999999999999675,-97393.45517650415,18128.88671875,-79264.56845775415,296.7141457395197,72.76022091938601,1.005652368849767
5000,10.000000000000009,-97472.09806018142,17864.26953125,-79607.82852893142,292.38317583744345,72.0817837591887,1.015117616540466
5500,11.000000000000343,-97358.29249787959,18199.322265625,-79158.97023225459,297.86695911658694,72.51067271530742,1.0091133592554022
6000,12.000000000000677,-97441.29137392534,18286.375,-79154.91637392534,299.29174477028363,73.48956629652928,0.995671796869328
6500,13.00000000000101,-97708.54028654844,18416.35546875,-79292.18481779844,301.41912547193976,73.05621712268427,1.00157784521932
7000,14.000000000001345,-97668.68450618448,18503.515625,-79165.16888118448,302.8456692915056,72.95675680357387,1.0029432739535993
7500,15.000000000001679,-97731.09548671433,18308.73046875,-79422.36501796433,299.6576350709772,73.0474174575414,1.0016985004041195
8000,16.00000000000201,-97873.83462721726,18482.9765625,-79390.85806471726,302.50950797732656,71.92355199867882,1.0173508745362996
8500,17.000000000001457,-97904.76870652987,18228.796875,-79675.97183152987,298.3493678644261,72.56783052615364,1.0083185344674417
9000,18.000000000000902,-97946.24365871621,18286.875,-79659.36865871621,299.2999282332382,73.01198677880008,1.0021845967196599
9500,19.000000000000348,-97954.68237235234,18334.455078125,-79620.22729422734,300.0786678466573,72.61400874748229,1.007677303425972
10000,19.999999999999794,-97699.9478223524,18127.6015625,-79572.3462598524,296.69311168239443,73.43160207690158,0.9964577437515763
10500,20.99999999999924,-97316.59246796748,18310.6171875,-79005.97528046748,299.6885148569697,72.28938384137055,1.01220240977815
11000,21.999999999998685,-97536.68595021451,18345.630859375,-79191.05509083951,300.2615810303519,72.68981754044744,1.00662638869464
11500,22.99999999999813,-97584.32659169124,18246.88671875,-79337.43987294124,298.6454429967888,72.5949895401074,1.00794130544212
12000,23.999999999997577,-97810.85096397775,18355.75390625,-79455.09705772775,300.427264188529,72.46286986113965,1.009779058790125
12500,24.999999999997023,-97895.08334726637,18258.876953125,-79636.20639414137,298.8416862744367,72.25484713454253,1.0126862269788426
13000,25.99999999999647,-97961.96313251503,18327.044921875,-79634.91821064003,299.95738636833903,72.04030246542055,1.0157021281349468
13500,26.999999999995914,-97414.09724340931,18299.822265625,-79114.27497778431,299.5118351704475,72.90855434126676,1.0036063557523773
14000,27.99999999999536,-97599.55478038616,18505.451171875,-79094.10360851116,302.87734824380226,73.2412090645432,0.9990480695250559
14500,28.999999999994806,-97122.06556859222,18426.880859375,-78695.18470921722,301.59139376046306,73.31780323456455,0.9980043768021316
15000,29.99999999999425,-97633.19849993952,18552.90625,-79080.29224993952,303.65404199148276,72.98311148218818,1.0025811045815813
15500,30.999999999993697,-98053.085825908,18555.74609375,-79497.339732158,303.7005215037323,72.90850650628907,1.0036070142144682
16000,31.999999999993143,-97970.75523532962,18642.564453125,-79328.19078220462,305.12147115916906,72.73748557439463,1.0059667026951928
16500,32.999999999994365,-97421.19423918845,18411.318359375,-79009.87587981345,301.33668347600326,73.0254571066775,1.0019997330344963
17000,33.99999999999559,-97666.08244476264,18448.1875,-79217.89494476264,301.94011796894335,73.505630878694,0.9954541937932274
17500,34.99999999999681,-97365.40141722711,18587.71484375,-78777.68657347711,304.22375166638756,72.83675537293786,1.0045956626014043
18000,35.99999999999803,-97383.26532014628,18481.98046875,-78901.28485139628,302.49320498472184,73.02409019666993,1.0020184890841637
18500,36.999999999999254,-98117.68824842991,18562.8359375,-79554.85231092991,303.81656045109537,72.70548856925785,1.0064094192271489
19000,38.000000000000476,-97378.94255508913,18153.37109375,-79225.57146133913,297.11487969107435,72.9840574035241,1.00256811047175
19500,39.0000000000017,-97407.6265435011,18327.48046875,-79080.1460747511,299.96451493177204,72.54841411382584,1.0085883946520109
20000,40.00000000000292,-97674.98813531367,18516.66796875,-79158.32016656367,303.0609327271923,72.00676826315983,1.0161751497886482
20500,41.00000000000414,-97542.76039951696,18391.5390625,-79151.22133701696,301.0129571895169,72.82505755879936,1.00475702977006
21000,42.000000000005365,-97731.51445295039,18506.765625,-79224.74882795039,302.89886180071,72.1955825075524,1.0135175309092965
21500,43.00000000000659,-97534.15286022279,18475.564453125,-79058.58840709779,302.38819453235607,72.44064423710489,1.010088870636157
22000,44.00000000000781,-97109.9065598246,17896.46484375,-79213.4417160746,292.91011413174994,73.1617658098548,1.0001328933993117
22500,45.00000000000903,-97345.11032005626,18146.189453125,-79198.92086693126,296.99733831105954,73.1997837195999,0.9996134524919447
23000,46.00000000001025,-97909.20382455399,18380.462890625,-79528.74093392899,300.83167430508274,72.91023855379578,1.0035831726380153
23500,47.000000000011475,-97476.91771750757,18462.51171875,-79014.40599875757,302.1745613959298,72.55238145162731,1.0085332426255142
24000,48.0000000000127,-97677.47091244702,18806.498046875,-78870.97286557202,307.80456014208124,72.63501623064538,1.0073858632214527
24500,49.00000000001392,-96520.5229027656,18286.169921875,-78234.3529808906,299.2883882718062,73.47175412373495,0.9959131832130159
25000,50.00000000001514,-96911.87912851037,17932.10546875,-78979.77365976037,293.4934416004776,73.1792724014304,0.9998936327793096
25500,51.000000000016364,-97431.86921783275,18377.16015625,-79054.70906158275,300.7776186962698,73.11841998666671,1.000725788918249
26000,52.000000000017586,-97850.65253027296,18088.20703125,-79762.44549902296,296.0483443082035,72.23614302147355,1.0129484419435477
26500,53.00000000001881,-98008.56285573286,18015.12109375,-79993.44176198286,294.85215218414686,72.55781443674833,1.0084577256581997
27000,54.00000000002003,-97854.7148922215,18277.54296875,-79577.1719234715,299.1471915691884,72.78834724156269,1.005263772273585
27500,55.00000000002125,-98100.45930459478,18396.89453125,-79703.56477334478,301.1006097497564,71.96285883794707,1.0167951872282832
28000,56.000000000022474,-97532.17636666476,18118.90234375,-79413.27402291476,296.5507322136465,71.72941777443488,1.020104314184075
28500,57.0000000000237,-97759.18981423974,18295.287109375,-79463.90270486474,299.4376086041177,72.56180686687745,1.0084022392090373
29000,58.00000000002492,-97554.694198296,18110.291015625,-79444.403182671,296.409791244246,73.04475880047136,1.0017349598687528
29500,59.00000000002614,-98164.08931971755,18423.541015625,-79740.54830409255,301.53673078525895,72.68349065163653,1.006714012626544
30000,60.00000000002736,-98204.83600751648,18330.50390625,-79874.33210126648,300.01399930932524,72.52777031006447,1.0088754722887037
30500,61.000000000028585,-97847.00208944775,18311.140625,-79535.86146444775,299.6970819197502,73.07912937643084,1.0012638238847418
31000,62.00000000002981,-97983.58401019638,18453.984375,-79529.59963519638,302.0349949925725,72.85920665067864,1.004286100402266
31500,63.00000000003103,-97691.47624895984,18607.51171875,-79083.96453020984,304.5477656527435,72.86948251796478,1.0041444785555278
32000,64.00000000003224,-97833.08638469345,18502.81640625,-79330.26997844345,302.83422523003014,72.84892068004423,1.0044279015057123
32500,65.00000000002991,-97560.79550400947,18542.197265625,-79018.59823838447,303.4787688376558,73.06036780293051,1.0015209439265638
33000,66.00000000002758,-97590.97906314395,18321.666015625,-79269.31304751895,299.8693502082735,72.60357969797387,1.0078220499595405
33500,67.00000000002525,-97514.47667098313,18217.72265625,-79296.75401473313,298.1681169466441,72.61687573465026,1.007637519314233
34000,68.00000000002292,-97152.19885204965,18121.34765625,-79030.85119579965,296.59075446215843,72.51311050999635,1.0090794342014302
34500,69.00000000002059,-97398.93967942504,18512.98828125,-78885.95139817504,303.00070755451134,72.18411494481055,1.0136785438396976
35000,70.00000000001826,-97122.44321660599,18489.28125,-78633.16196660599,302.6126963305189,72.54345923803085,1.0086572834295282
35500,71.00000000001593,-97220.3934404034,18149.91015625,-79070.4832841534,297.058234783436,72.73848540756605,1.0059528750924724
36000,72.0000000000136,-97270.18740989594,18338.162109375,-78932.02530052094,300.13934055246864,73.66303573545073,0.9933270845420606
36500,73.00000000001127,-96959.6528421719,18128.31640625,-78831.3364359219,296.7048114770872,73.73202083418546,0.9923977085907747
37000,74.00000000000894,-97057.33948829095,18735.98046875,-78321.35901954095,306.650404165623,73.38427481617185,0.9971003830031436
37500,75.00000000000661,-96723.46487446368,18212.158203125,-78511.30667133868,298.0770439546228,73.53281295467494,0.9950862150576948
38000,76.00000000000428,-97242.80750280654,18530.56640625,-78712.24109655654,303.28840742400655,73.59361432530756,0.9942640974551309
38500,77.00000000000195,-97231.04308088263,18588.59765625,-78642.44542463263,304.23820059316665,73.3345903898934,0.9977759217933398
39000,77.99999999999962,-97334.1925006716,18539.189453125,-78795.0030475466,303.42954019332,72.77087556207,1.0055051277100713
39500,78.99999999999729,-96837.02104340255,17986.46875,-78850.55229340255,294.3832013968697,72.50054637964877,1.0092543046841433
40000,79.99999999999496,-97509.62932633876,18560.7109375,-78948.91838883876,303.7817807335386,72.37947763901279,1.0109424786201169
40500,80.99999999999262,-97312.68885620142,18547.044921875,-78765.64393432642,303.55811006833216,72.88843035512197,1.0038834444521834
41000,81.9999999999903,-97514.05783676321,18640.3515625,-78873.70627426321,305.08525294226484,72.82373080868989,1.0047753350873576
41500,82.99999999998796,-97409.67954195797,18327.375,-79082.30454195797,299.9627887325551,72.70316252875081,1.0064416179513085
42000,83.99999999998563,-97611.73332480638,18466.3359375,-79145.39738730638,302.23715210087107,71.70746222258578,1.0204166520143005
42500,84.9999999999833,-97464.83073101653,18577.12890625,-78887.70182476653,304.0504924116471,72.95214018510801,1.0030067430502838
43000,85.99999999998097,-97157.01533018542,18291.96484375,-78865.05048643542,299.38323332878315,72.58311253642869,1.0081062380576324
43500,86.99999999997864,-97055.59221900877,18484.71875,-78570.87346900877,302.53802223105873,73.31477842835606,0.9980455522636111
44000,87.99999999997631,-96606.70575536916,18424.63671875,-78182.06903661916,301.5546640771242,74.03550855998739,0.9883296535516548
44500,88.99999999997398,-96970.36687726504,18686.150390625,-78284.21648664004,305.83483896890846,72.79582349584088,1.005160529982788
45000,89.99999999997165,-96917.31372383842,18724.74609375,-78192.56763008842,306.4665319823634,73.24290570735758,0.9990249269734053
45500,90.99999999996932,-97260.15647530911,18489.859375,-78770.29710030911,302.62215845955996,72.87187554603501,1.0041115036127843
46000,91.99999999996699,-97788.86677633261,18301.4453125,-79487.42146383261,299.5383994583976,71.84924424334582,1.0184030367499592
46500,92.99999999996466,-97748.79743455455,18386.953125,-79361.84430955455,300.9378994902308,72.23669376146897,1.0129407191202673
47000,93.99999999996233,-97792.90629007341,18225.5390625,-79567.36722757341,298.29604748861294,72.40277401763657,1.0106171969017248
47500,94.99999999996,-97180.8901338671,18259.990234375,-78920.8998994921,298.8599072661714,72.81564483268056,1.004886912609921
48000,95.99999999995767,-97493.3800490761,18392.2265625,-79101.1534865761,301.0242094510794,72.91389013813769,1.0035329124119863
48500,96.99999999995534,-97444.80759008031,18370.37890625,-79074.42868383031,300.666630479949,72.15057770997325,1.014149724756792
49000,97.999999999953,-97430.66796721885,18451.203125,-78979.46484221885,301.98947447988786,73.06139516706484,1.001506860884552
49500,98.99999999995067,-97434.9794589557,18592.12109375,-78842.8583652057,304.29586843367434,72.52916762843769,1.0088560356912653
50000,99.99999999994834,-97644.84956246574,18341.2578125,-79303.59174996574,300.19000769615195,72.95784099005469,1.0029283697634
50500,100.99999999994601,-97579.5252557504,18916.1953125,-78663.3299432504,309.59996716099204,72.52749560273197,1.008879293535908
51000,101.99999999994368,-97726.62663600309,18412.4765625,-79314.15007350309,301.3556397007378,72.71028328904211,1.0063430537705016
51500,102.99999999994135,-97337.98514307948,18262.072265625,-79075.91287745448,298.8939837173805,72.87116980754826,1.0041212281737453
52000,103.99999999993902,-97407.19634280272,18266.279296875,-79140.91704592772,298.9628398861463,72.89034190853602,1.0038571175510425
52500,104.99999999993669,-97567.46175655385,18670.61328125,-78896.84847530385,305.5805442509269,72.32505043167087,1.0117032492738005
53000,105.99999999993436,-97951.12813244993,18659.16015625,-79291.96797619993,305.39309180262467,72.75449068861762,1.0057315752340292
53500,106.99999999993203,-98009.73708390625,18611.443359375,-79398.29372453125,304.6121145235539,73.23390522566966,0.9991477076107793
54000,107.9999999999297,-97594.49110284,18173.34765625,-79421.14344659,297.4418346094296,72.33694710328588,1.0115368626372279
54500,108.99999999992737,-97793.5633927437,18343.5078125,-79450.0555802437,300.22683327944736,72.3616803391516,1.0111911191485028
55000,109.99999999992504,-97826.42537993327,18407.85546875,-79418.56991118327,301.2800066017128,71.82334986218636,1.018770200304126
55500,110.99999999992271,-97650.54966661241,18195.15234375,-79455.39732286241,297.7987103142123,71.6403348333185,1.021372788050989
56000,111.99999999992038,-98093.2528464399,18276.56640625,-79816.6864401899,299.13120824310533,71.96277018224501,1.016796439885608
56500,112.99999999991805,-97634.82045644702,18070.923828125,-79563.89662832202,295.7654714031854,72.34957949168108,1.0113602461784361
57000,113.99999999991572,-97275.66246154183,18650.390625,-78625.27183654183,305.24956153439877,72.84057674877677,1.0045429593175441
57500,114.99999999991338,-97288.06620512286,18184.640625,-79103.42558012286,297.6266657922542,72.45913146244665,1.009831156526289
58000,115.99999999991105,-97295.22585160361,18141.525390625,-79153.70046097861,296.9210019456868,72.81691704223364,1.004869355882969
58500,116.99999999990872,-97892.83997379447,18048.6953125,-79844.14466129447,295.4016589348827,72.02730208285804,1.0158854546771532
59000,117.9999999999064,-97487.69577314024,18310.9765625,-79176.71921064024,299.69439672096826,72.90469422684112,1.0036594941052994
59500,118.99999999990406,-97606.86415135977,18258.62109375,-79348.24305760977,298.8374986430029,72.61183357697544,1.0077074895518812
60000,119.99999999990173,-97626.22303449048,18258.31640625,-79367.90662824048,298.832511845265,72.0987676483879,1.0148784911616862
60500,120.9999999998994,-97020.82980165532,18417.208984375,-78603.62081728032,301.43309489893636,73.19028932494453,0.9997431244020891
61000,121.99999999989707,-97227.116408868,18347.25390625,-78879.862502618,300.288145318302,72.98001343631964,1.0026236647580278
61500,122.99999999989474,-97506.34011447063,18148.818359375,-79357.52175509563,297.0403654248751,73.3119804416624,0.9980836431480489
62000,123.99999999989241,-97017.43694916175,18415.712890625,-78601.72405853675,301.40860844337715,73.28703470640889,0.9984233748676167
62500,124.99999999989008,-97179.97154545417,18481.4765625,-78698.49498295417,302.4849575884629,72.91300733037217,1.0035450628729323
63000,125.99999999988775,-97541.84902922338,18641.890625,-78899.95840422338,305.1104426641717,73.02568967798796,1.0019965418781784
63500,126.99999999988542,-97201.40543762653,18516.998046875,-78684.40739075153,303.0663350914084,72.87327947200006,1.0040921590982799
64000,127.99999999988309,-97491.17636591423,18498.03515625,-78993.14120966423,302.7559708655274,72.41370087751507,1.0104646998967723
64500,128.99999999988785,-97628.38928231737,18853.791015625,-78774.59826669237,308.5786006576319,72.27415203247317,1.01241573187516
65000,129.99999999989262,-97222.31292686611,18579.65234375,-78642.66058311611,304.09179332624575,72.67039757517627,1.006895392995728
65500,130.9999999998974,-97264.06209828128,18223.119140625,-79040.94295765628,298.2564408065791,72.42364680832904,1.0103259328995549
66000,131.99999999990217,-97602.15354529471,18142.84765625,-79459.30588904471,296.9426433692032,72.34758179076121,1.011388172409612
66500,132.99999999990695,-98047.71973900596,18106.443359375,-79941.27637963096,296.34681693947874,72.13144227647092,1.0144187640828757
67000,133.99999999991172,-97845.61077271006,18173.349609375,-79672.26116333506,297.44186657608174,72.11134946519643,1.0147014175754419
67500,134.9999999999165,-97420.28466155933,18279.900390625,-79140.38427093433,299.18577531835297,72.71678937374807,1.0062530146858903
68000,135.99999999992127,-97775.91920555144,18326.59765625,-79449.32154930144,299.95006600499295,73.3086897178437,0.9981284457168874
68500,136.99999999992605,-97535.91321390803,18221.412109375,-79314.50110453303,298.22850195258593,73.37178845595488,0.9972700688567485
69000,137.99999999993082,-97239.26980009372,18150.0703125,-79089.19948759372,297.0608560489136,73.07630405374411,1.0013025353854623
69500,138.9999999999356,-97668.68445323448,18323.2734375,-79345.41101573448,299.8956587630062,73.32568584737395,0.9978970899490529
70000,139.99999999994037,-97704.69799650874,18322.76953125,-79381.92846525874,299.88741136674736,73.48761565371544,0.9956982258127387
70500,140.99999999994515,-97485.64823303377,18398.041015625,-79087.60721740877,301.11937417457796,72.80199080820134,1.0050753793036378
71000,141.99999999994992,-97548.53259779175,18648.08984375,-78900.44275404175,305.21190481814705,72.73130951545235,1.0060521254614154
71500,142.9999999999547,-97401.94797538302,18366.74609375,-79035.20188163302,300.60717250692,72.55376593004308,1.0085139976905602
72000,143.99999999995947,-97212.19750106096,18481.150390625,-78731.04711043596,302.4796191575512,73.10217833121008,1.0009481276206134
72500,144.99999999996425,-97225.56194578804,18239.08984375,-78986.47210203804,298.5178321213416,72.60590607558223,1.0077897581698372
73000,145.99999999996902,-97919.76056811074,18623.83203125,-79295.92853686074,304.81487899824367,72.27656023680171,1.0123819988925749
73500,146.9999999999738,-97966.94498421252,18661.91796875,-79305.02701546252,305.43822871548326,72.2953332426598,1.0121191125852107
74000,147.99999999997857,-97327.35876221408,18347.06640625,-78980.29235596408,300.28507651969403,72.61883535346156,1.007610328222167
74500,148.99999999998334,-97595.5024092425,18345.09765625,-79250.4047529925,300.25285413431055,73.07970153876134,1.0012559846977875
75000,149.99999999998812,-97263.32749989326,18305.501953125,-78957.82554676826,299.6047941949466,72.70940658722915,1.006355187864577
75500,150.9999999999929,-97727.18673115596,18309.1015625,-79418.08516865596,299.6637087348888,73.07148488439891,1.0013685727253552
76000,151.99999999999767,-97884.93521568982,18270.033203125,-79614.90201256482,299.0242797916096,72.5877291405144,1.0080421221604614
76500,153.00000000000244,-97564.27180814825,18694.3671875,-78869.90462064825,305.9693226745714,72.7620385659396,1.005627246951063
77000,154.00000000000722,-97082.95551833778,18967.17578125,-78115.77973708778,310.4343607158325,72.69967791702787,1.0064898583061608
77500,155.000000000012,-97003.70774342638,18441.095703125,-78562.61204030138,301.82404705492814,73.10553200974692,1.0009022096420446
78000,156.00000000001677,-97325.62532369408,18490.66796875,-78834.95735494408,302.6353926535568,73.30068491943295,0.9982374462945054
78500,157.00000000002154,-97726.74220431095,18426.2265625,-79300.51564181095,301.58068493198743,72.51611819458921,1.0090375815382875
79000,158.00000000002632,-97428.7777540352,18038.8671875,-79389.9105665352,295.2408027411827,72.21784633041005,1.0132050766349328
79500,159.0000000000311,-97732.75382132927,18348.419921875,-79384.33389945427,300.3072294096452,72.67910649512282,1.006774739732431
80000,160.00000000003587,-97370.6874197268,18787.44140625,-78583.2460134768,307.49266151689625,72.9985516268678,1.0023690456165362
80500,161.00000000004064,-97245.02441499388,18539.765625,-78705.25878999388,303.438970355709,72.50308380724194,1.0092189832938416
81000,162.00000000004542,-97080.98024322599,18760.548828125,-78320.43141510099,307.0525126832208,72.89364117025397,1.0038116816624645
81500,163.0000000000502,-97479.47309380479,18922.802734375,-78556.67035942979,309.7081103452701,73.08562524174232,1.0011748313513988
82000,164.00000000005497,-97447.65779632167,18170.5546875,-79277.10310882167,297.396122296832,73.29986173483248,0.9982486568708141
82500,165.00000000005974,-97907.39372432308,18343.22265625,-79564.17106807308,300.2221661482311,73.06276936421776,1.0014880240968307
83000,166.00000000006452,-97412.88296934997,18009.5234375,-79403.35953184997,294.7605357590387,73.24871089874263,0.9989457510967465
83500,167.0000000000693,-97563.80631427956,18125.18359375,-79438.62272052956,296.65353696701277,72.66281438445985,1.0070004739764367
84000,168.00000000007407,-97929.15427060827,18301.75,-79627.40427060827,299.5433862561355,72.4447097145986,1.0100321861165225
84500,169.00000000007884,-98186.81470167136,17976.896484375,-80209.91821729636,294.22653283460346,72.33093867979524,1.0116208894998409
85000,170.00000000008362,-98062.26231820771,17936.564453125,-80125.69786508271,293.56642146737283,72.42348994039553,1.0103281212467528
85500,171.0000000000884,-97615.26934651105,18148.37890625,-79466.89044026105,297.03317292813773,72.0642971856934,1.015363937249905
86000,172.00000000009317,-97614.65956146287,18522.6015625,-79092.05799896287,303.15804741647304,72.46715849752016,1.009719299648224
86500,173.00000000009794,-97214.02179717226,18032.546875,-79181.47492217226,295.1373586547731,73.05044640494899,1.0016569662010404
87000,174.00000000010272,-97443.26113093266,18359.67578125,-79083.58534968266,300.49145322607865,73.36734955020309,0.9973304061576307
87500,175.0000000001075,-97579.3389665669,18026.12109375,-79553.2178728169,295.0321883691465,73.18444772391578,0.9998229241497899
88000,176.00000000011227,-96932.05972241744,18613.181640625,-78318.87808179244,304.6405648439818,73.05374127364523,1.0016117894842185
88500,177.00000000011704,-97127.29920811835,18285.2421875,-78842.05702061835,299.2732041120273,72.67687590217781,1.006805639583364
89000,178.00000000012182,-97032.38388860482,18560.9453125,-78471.43857610482,303.78561673179854,73.16788965684951,1.000049186450235
89500,179.0000000001266,-97112.45393839979,18938.384765625,-78174.06917277479,309.9631402962515,72.95739364592747,1.0029345192993664
90000,180.00000000013137,-96949.00505546597,18627.244140625,-78321.76091484097,304.87072473957795,72.46872329249295,1.009697497088275
90500,181.00000000013614,-96929.04470337502,18646.5078125,-78282.53689087502,305.1860118298925,72.383551255101,1.0108855845955247
91000,182.00000000014091,-97475.06410496356,18644.232421875,-78830.83168308856,305.1487706801189,72.55516080777454,1.0084946089427222
91500,183.0000000001457,-97638.789974779,18249.404296875,-79389.385677904,298.6866480114309,72.4748890751886,1.0096115973313409
92000,184.00000000015046,-97485.08057916089,18443.09375,-79041.98682916089,301.8567489400941,72.39016430500565,1.0107932372872543
92500,185.00000000015524,-97081.05104993016,18655.12890625,-78425.92214368016,305.3271126325538,72.73518378747445,1.0059985376460077
93000,186.00000000016001,-97316.19498345128,18472.025390625,-78844.16959282628,302.33027095863105,72.88869780774776,1.0038797608733667
93500,187.0000000001648,-97414.44242832938,18646.0625,-78768.37992832938,305.1787234331986,72.61427064963772,1.0076736689770494
94000,188.00000000016956,-97129.87471641664,18285.984375,-78843.89034141664,299.2853514398504,73.20748400695477,0.9995083087223917
94500,189.00000000017434,-97250.56433716934,18504.21484375,-78746.34949341934,302.85711335298106,72.88339495218662,1.0039528012329184
95000,190.0000000001791,-96943.8766432628,18295.53125,-78648.3453932628,299.4416044356385,72.49193995562948,1.0093741258738471
95500,191.0000000001839,-97305.0707796078,18599.341796875,-78705.7289827328,304.4140491467325,72.66669406983819,1.0069467100744884
96000,192.00000000018866,-97304.22850043676,18519.158203125,-78785.07029731176,303.10169020870416,72.68988359997819,1.0066254738869174
96500,193.00000000019344,-97626.3629555438,18508.271484375,-79118.0914711688,302.9235080895301,72.4683418701131,1.0097028114257132
97000,194.0000000001982,-97410.30300953699,18219.44921875,-79190.85379078699,298.19637546715893,72.82758987903702,1.0047220929203764
97500,195.000000000203,-96947.90871526161,18185.35546875,-78762.55324651161,297.638365586947,73.08031579230128,1.001247568956472
98000,196.00000000020776,-97464.20579941932,18431.7890625,-79032.41673691932,301.67172595735656,72.77495135727911,1.005448813924822
98500,197.00000000021254,-97015.17694068432,18451.9375,-78563.23944068432,302.00149394110235,72.92753799044765,1.0033451086090033
99000,198.0000000002173,-97495.13156152639,18680.01953125,-78815.11203027639,305.734495647759,73.04229032419101,1.0017688136673764
99500,199.0000000002221,-97394.52214742766,18263.744140625,-79130.77800680266,298.92134717163464,72.49730643843982,1.0092994087683183
100000,200.00000000022686,-97175.32630612154,18297.666015625,-78877.66029049654,299.4765439864561,72.74230495041519,1.0059000546585686
100500,201.00000000023164,-97472.82288536534,18507.611328125,-78965.21155724034,302.912703361098,71.88313553079308,1.017922882541315
101000,202.0000000002364,-97584.62918932259,18443.46875,-79141.16043932259,301.86288653731003,72.23917250697282,1.0129059620464242
101500,203.0000000002412,-97635.97468809213,18341.94140625,-79294.03328184213,300.20119602441014,72.24072672839425,1.0128841699048525
102000,204.00000000024596,-97792.35534975794,18562.39453125,-79229.96081850794,303.8093359877058,73.08758395693505,1.001148000305049
102500,205.00000000025074,-97453.6401917261,18250.6484375,-79202.9917542261,298.70701076886075,72.66683609393274,1.0069447420419932
103000,206.0000000002555,-97718.49386828893,18192.609375,-79525.88449328893,297.75708973309196,72.38111428644565,1.010919619668183
103500,207.0000000002603,-97461.33298966853,18285.3671875,-79175.96580216853,299.27524997776595,72.8575102279169,1.0043094843169058
104000,208.00000000026506,-96928.6030737721,18152.001953125,-78776.6011206471,297.09247106790593,73.1041572092893,1.0009210326593445
104500,209.00000000026984,-97504.67274762923,18380.060546875,-79124.61220075423,300.82508917473655,72.9449643220898,1.0031054124932173
105000,210.0000000002746,-97236.90728878649,18326.80859375,-78910.09869503649,299.9535184034269,73.00086077517649,1.0023373388837415
105500,211.00000000027939,-97453.96262833214,18538.044921875,-78915.91770645714,303.4108077351507,72.70348935472542,1.0064370936669091
106000,212.00000000028416,-97356.48983833822,18092.69140625,-79263.79843208822,296.12173974157696,72.60126798060375,1.0078541403045673
106500,213.00000000028894,-96928.7797391538,18343.82421875,-78584.9555204038,300.2320118770983,73.0217934254734,1.0020500058012447
107000,214.0000000002937,-96593.0156739669,18433.779296875,-78159.2363770919,301.70429997591384,73.53975096980697,0.9949923349027213
107500,215.00000000029848,-97141.3374805894,18706.884765625,-78434.4527149644,306.1741969483041,74.15997658284692,0.9866708688057669
108000,216.00000000030326,-97287.26752601,18659.884765625,-78627.382760385,305.4049514305783,73.44869256409969,0.9962258819209768
108500,217.00000000030803,-97467.93762090424,18525.00390625,-78942.93371465424,303.19736639863737,72.80193929386745,1.005076090490581
109000,218.0000000003128,-97868.89792923967,18720.8515625,-79148.04636673967,306.40279047794417,72.27950793069631,1.012340712055924
109500,219.00000000031758,-96713.6433063621,18312.080078125,-78401.5632282371,299.7124578794421,72.40603071861182,1.0105717410470387
110000,220.00000000032236,-97583.7497026861,18750.62109375,-78833.1286089361,306.89002619026036,72.18814870165039,1.0136219011243328
110500,221.00000000032713,-97459.77796065056,18326.646484375,-79133.13147627556,299.95086517129715,72.37272316597762,1.0110368288588978
111000,222.0000000003319,-98013.33838496375,18306.974609375,-79706.36377558875,299.6288970506799,73.27966040361278,0.9985238485358137
111500,223.00000000033668,-97617.88769506395,18849.79296875,-78768.09472631395,308.5131649206479,72.57983891616645,1.0081517073925976
112000,224.00000000034146,-97698.70899949648,18420.28515625,-79278.42384324648,301.483442376098,72.42143940014562,1.010356727671803
112500,225.00000000034623,-97717.70913987863,18088.90625,-79628.80288987863,296.059788369679,73.0535850464731,1.0016139314595554
113000,226.000000000351,-97843.74198398244,17863.19140625,-79980.55057773244,292.36553024544776,72.58002457551525,1.008149128545448
113500,227.00000000035578,-97948.71540348924,17832.556640625,-80116.15876286424,291.86413330622196,72.3104447497791,1.0119075989480268
114000,228.00000000036056,-97790.23220672534,18051.64453125,-79738.58767547534,295.44992857965354,72.9193792807656,1.00345736959549
114500,229.00000000036533,-97508.08356892178,17966.8203125,-79541.26325642178,294.0616168760784,73.20969396848244,0.9994781368313603
115000,230.0000000003701,-97823.41159635357,18263.5390625,-79559.87253385357,298.9179906731572,72.30054643957567,1.0120461342123481
115500,231.00000000037488,-97929.81599658151,18298.1171875,-79631.69880908151,299.4839282831064,72.11951927615492,1.0145864706256549
116000,232.00000000037966,-97378.86393396952,17952.587890625,-79426.27604334452,293.8286758817438,72.41246648119166,1.010481925023482
116500,233.00000000038443,-97717.59342674131,18491.49609375,-79226.09733299131,302.6489465140752,72.40956018223102,1.0105224826868768
117000,234.0000000003892,-97369.44930373295,18417.79296875,-78951.65633498295,301.44265292793403,72.51488028578825,1.009054806920137
117500,235.00000000039398,-98139.77439209947,18588.72265625,-79551.05173584947,304.2402464589053,72.66415261709173,1.0069819283683747
118000,236.00000000039876,-98061.86792826385,18462.28125,-79599.58667826385,302.1707893309742,72.09689170032222,1.0149048981162372
118500,237.00000000040353,-97617.86520400934,18581.46875,-79036.39645400934,304.1215223127603,72.29925115963493,1.0120642655627525
119000,238.0000000004083,-97376.15511149232,18348.1171875,-79028.03792399232,300.30227457855943,71.91748973257991,1.0174366318637635
119500,239.00000000041308,-97341.17673363589,18462.080078125,-78879.09665551089,302.16749676580105,72.70854058939432,1.0063671740962727
120000,240.00000000041786,-97815.30513946677,18560.9765625,-79254.32857696677,303.7861281982332,72.82168286157979,1.004803592148482
120500,241.00000000042263,-97228.07737811859,18122.859375,-79105.21800311859,296.6154966509351,72.45125350852818,1.0099409600553004
121000,242.0000000004274,-97373.32501920825,18492.00390625,-78881.32111295825,302.6572578436384,73.06251304898612,1.0014915374804276
121500,243.00000000043218,-97348.29526096483,18409.93359375,-78938.36166721483,301.3140191196175,73.14833500178396,1.000316528377965
122000,244.00000000043696,-97175.97717659356,18334.50390625,-78841.47327034356,300.0794670129615,72.98787202228309,1.0025157125182902
122500,245.00000000044173,-97439.12873255752,18388.34765625,-79050.78107630752,300.9607236798774,72.84406538699038,1.0044948498808113
123000,246.0000000004465,-97193.62828002323,18494.59765625,-78699.03062377323,302.69970955771504,72.99304272868478,1.0024446959635784
123500,247.00000000045128,-97513.10569894122,18350.9375,-79162.16819894122,300.34843442428735,72.86753750789013,1.0041712815901027
124000,248.00000000045605,-97935.00213854521,18755.421875,-79179.58026354521,306.9686002212847,72.66211757949922,1.0070101307680221
124500,249.00000000046083,-97186.04329593119,18361.98828125,-78824.05501468119,300.5293017422433,73.59654491263547,0.9942245062247538
125000,250.0000000004656,-97434.3844898878,18582.828125,-78851.5563648878,304.14377110266787,72.90574146458387,1.003645077269506
125500,251.00000000047038,-97115.93117062445,18346.064453125,-78769.86671749945,300.26867762713283,73.36073614279734,0.9974203146378459
126000,252.00000000047515,-97412.97285470879,18403.98046875,-79008.99238595879,301.21658476381515,73.06447777381605,1.0014646070848288
126500,253.00000000047993,-98014.55046787934,18445.123046875,-79569.42742100434,301.88996229169476,72.15593772330975,1.0140743899164253
127000,254.0000000004847,-97894.36221895367,18768.744140625,-79125.61807832867,307.1866447557099,73.30655048242923,0.9981575731510012
127500,255.00000000048948,-97731.87915547902,17880.41015625,-79851.46899922902,292.64734825094433,73.19801943107213,0.9996375461294523
128000,256.00000000049425,-97652.15496126917,18312.443359375,-79339.71160189417,299.718403676745,72.93909944098856,1.0031860701106183
128500,257.000000000499,-97713.07489803614,18510.54296875,-79202.53192928614,302.96068530599933,72.43265925344338,1.0102002229351315
129000,258.0000000005038,-97787.41796585248,17998.1015625,-79789.31640335248,294.57359477717114,73.09442258998128,1.0010543340093665
129500,259.0000000005086,-97866.63768098841,18347.087890625,-79519.54979036341,300.2854281528679,73.09863285259186,1.000996676273932
130000,260.00000000051335,-97611.53378503997,18259.966796875,-79351.56698816497,298.8595236663454,72.31135649978587,1.011894840139385
130500,261.0000000005181,-97772.12536432355,18313.14453125,-79458.98083307355,299.7298797048727,71.82443578066001,1.018754797448971
131000,262.0000000005229,-97475.4781048919,18447.3125,-79028.1656048919,301.92579690877295,72.44905706918723,1.0099715784531988
131500,263.0000000005277,-97660.17352691008,18241.181640625,-79418.99188628508,298.5520684058115,72.48396785573507,1.0094851412004129
132000,264.00000000053245,-97422.63909427554,18323.001953125,-79099.63714115054,299.89121539835514,71.8783427496771,1.0179907566934217
132500,265.0000000005372,-97248.01444594859,18074.60546875,-79173.40897719859,295.8257285425186,72.72491952811987,1.006140522401271
133000,266.000000000542,-97709.56294978334,18302.271484375,-79407.29146540834,299.55192135226383,72.09572382804667,1.014921338471225
133500,267.0000000005468,-97667.28032803407,18391.578125,-79275.70220303407,301.0135965225602,72.59612320861477,1.0079255653272936
134000,268.00000000055155,-97240.49377883086,17993.1953125,-79247.29846633086,294.49329454692986,73.11537099475929,1.0007675202914261
134500,269.0000000005563,-97270.48787449935,18473.69140625,-78796.79646824935,302.3575385129287,72.67176155527646,1.0068764945233415
135000,270.0000000005611,-97738.61641585978,18631.390625,-79107.22579085978,304.9385899421266,72.53219948869707,1.0088138653097851
135500,271.0000000005659,-97098.56531191489,18303.904296875,-78794.66101503989,299.5786454734747,72.28508634035653,1.0122625873486921
136000,272.00000000057065,-97676.59117685718,18142.25390625,-79534.33727060718,296.93292550694474,72.05133829939578,1.0155465568392714
136500,273.0000000005754,-97964.14616879512,18303.94921875,-79660.19695004512,299.5793807064745,72.81035854592812,1.0049598709153036
137000,274.0000000005802,-98171.11991182377,18727.61328125,-79443.50663057377,306.5134590277433,72.36322688315204,1.0111695080122118
137500,275.000000000585,-97382.685951364,18503.94140625,-78878.744545114,302.8526380216778,73.05167718244763,1.0016400902455127
138000,276.00000000058975,-97898.87709606276,18556.5703125,-79342.30678356276,303.7140114309464,72.66582097180128,1.006958808791383
138500,277.0000000005945,-97586.16011484427,18273.759765625,-79312.40034921927,299.0852721639426,72.95256107211378,1.0030009563787998
139000,278.0000000005993,-97857.81252957968,18289.06640625,-79568.74612332968,299.3357948169686,72.47564049662077,1.0096011297620002
139500,279.0000000006041,-97843.95484294917,18550.455078125,-79293.49976482417,303.6139238430143,72.80601587029591,1.0050198139665834
140000,280.00000000060885,-97221.67667915684,18291.75390625,-78929.92277290684,299.37978093034917,73.08991504426699,1.0011160702717539
140500,281.0000000006136,-97694.72338232194,18578.55859375,-79116.16478857194,304.07389200103273,72.9791525608897,1.002635491890136
141000,282.0000000006184,-97432.50992243306,18257.59375,-79174.91617243306,298.8206841839635,72.84927634425381,1.004422997695083
141500,283.0000000006232,-97848.38494028966,18196.44921875,-79651.93572153966,297.81993617125056,72.7985294273908,1.0051231680248993
142000,284.00000000062795,-97581.84891215392,18442.265625,-79139.58328715392,301.8431950795757,72.10409086782586,1.0148035658579164
142500,285.0000000006327,-97409.71927945857,18432.529296875,-78977.18998258357,301.68384131852747,72.14062163567976,1.0142896868166618
143000,286.0000000006375,-97754.71000463713,18611.5859375,-79143.12406713713,304.61444808916207,72.08259753203451,1.0151061564213812
143500,287.0000000006423,-97686.30478829081,18539.365234375,-79146.93955391581,303.43241719201495,72.5738302920201,1.0082351755610524
144000,288.00000000064705,-97283.4449869956,18287.080078125,-78996.3649088706,299.3032847317156,73.12565924651423,1.0006267195341676
144500,289.0000000006518,-97139.56495483493,18292.88671875,-78846.67823608493,299.39832158860554,72.73360368615155,1.0060203924633082
145000,290.0000000006566,-97478.22452851012,18347.60546875,-79130.61905976012,300.2938993156919,72.49680994671213,1.0093063209180746
145500,291.0000000006614,-97815.66889143345,18414.515625,-79401.15326643345,301.3890128855993,71.94554773116018,1.0170398423962763
146000,292.00000000066615,-97753.94419410714,17926.5625,-79827.38169410714,293.40272024163005,72.78915015157793,1.0052526835831823
146500,293.0000000006709,-97615.01657841133,18348.65234375,-79266.36423466133,300.3110334412529,72.60505354375017,1.0078015916828904
147000,294.0000000006757,-97593.10556901916,18175.79296875,-79417.31260026916,297.4818568579415,72.6008823113459,1.0078594942113788
147500,295.0000000006805,-97889.56624731264,18262.822265625,-79626.74398168764,298.90625891181224,72.07156577270769,1.0152615354073762
148000,296.00000000068525,-97793.1824577318,18273.2578125,-79519.9246452318,299.07705673433594,71.87285646973712,1.018068463111976
148500,297.00000000069,-97537.4075477263,18507.62109375,-79029.7864539763,302.9128631943588,72.15750977800516,1.0140522968534709
149000,298.0000000006948,-97891.97318576614,18125.91796875,-79766.05521701614,296.6655564282272,72.75366696793213,1.0057429621776308
149500,299.0000000006996,-97590.2763749031,18470.34375,-79119.9326249031,302.302747671116,72.88879934554451,1.0038783624179106
150000,300.00000000070435,-97392.74316575949,18280.185546875,-79112.55761888449,299.19044244956916,73.18352590433794,0.9998355179177789
150500,301.0000000007091,-97027.52260604018,18213.53125,-78813.99135604018,298.09951651109554,73.36424835303742,0.9973725645426512
151000,302.0000000007139,-97094.3241673453,18068.66796875,-79025.6561985953,295.7285499199335,72.89423355433073,1.0038035240616878
151500,303.00000000071867,-97473.02053672867,18300.81640625,-79172.20413047867,299.5281061964,73.0008660775029,1.002337266080225
152000,304.00000000072345,-98289.22943557508,18560.26171875,-79728.96771682508,303.7744284035404,72.72674797496545,1.0061152266948683
152500,305.0000000007282,-97305.80559889722,18559.78125,-78746.02434889722,303.76656460710757,72.87610447965703,1.0040532359415333
153000,306.000000000733,-97447.74557634426,18755.98828125,-78691.75729509426,306.9778705504129,72.22894688320137,1.0130493615521723
153500,307.00000000073777,-97384.98907409847,18516.65625,-78868.33282409847,303.06074092727937,72.38736706909889,1.0108322969637165
154000,308.00000000074255,-97411.97724763543,18648.59765625,-78763.37959138543,305.22021614771023,72.56697853709518,1.008330372859726
154500,309.0000000007473,-97618.24219272402,18721.2265625,-78897.01563022402,306.4089280751601,72.55909821510487,1.008439883151422
155000,310.0000000007521,-97284.41928041633,18503.55859375,-78780.86068666633,302.8463725578532,72.82897291774847,1.0047030130199868
155500,311.00000000075687,-97389.3522664801,18713.412109375,-78675.9401571051,306.2810294998434,73.23297480933299,0.999160401664958
156000,312.00000000076164,-97375.74199170992,18616.11328125,-78759.62871045992,304.6885467888831,73.08634959271613,1.0011649088150008
156500,313.0000000007664,-97542.84706354747,18650.89453125,-78891.95253229747,305.25780893065763,72.26733090329131,1.0125112912158267
157000,314.0000000007712,-97704.55103470094,18387.611328125,-79316.93970657594,300.9486722520108,72.54001971063077,1.0087051095037074
157500,315.00000000077597,-97416.01160712092,18183.009765625,-79233.00184149592,297.5999736376954,73.29887395437981,0.9982621093354559
158000,316.00000000078074,-97283.43604268995,18141.439453125,-79141.99658956495,296.91959541299144,73.11086776213922,1.0008291621386702
158500,317.0000000007855,-97516.89121611876,18281.853515625,-79235.03770049376,299.21774197051906,73.2154746109823,0.9993992241994866
159000,318.0000000007903,-98064.8374672868,18028.0859375,-80036.7515297868,295.0643468212256,72.8673313789861,1.0041741222145886
159500,319.00000000079507,-98032.53455813136,18022.125,-80010.40955813136,294.96678459881457,72.72482774653716,1.006141792190041
160000,320.00000000079984,-97966.97543435846,18284.044921875,-79682.93051248346,299.25360855424947,72.79224302554627,1.0052099713417753
160500,321.0000000008046,-98090.81007092801,18318.048828125,-79772.76124280301,299.8101479684618,71.89235001210425,1.0177924148159476
161000,322.0000000008094,-97786.90636157611,17848.83203125,-79938.07433032611,292.13051141872234,72.02548889253329,1.0159110288690927
161500,323.00000000081417,-97994.80200714013,18336.0390625,-79658.76294464013,300.1045928015641,71.82430301180918,1.0187566806402875
162000,324.00000000081894,-97905.20143108832,18143.443359375,-79761.75807171332,296.9523931981139,72.25897196331331,1.0126284188316834
162500,325.0000000008237,-97565.50372140511,18105.205078125,-79460.29864328011,296.3265500820054,72.62122941959085,1.0075771108589031
163000,326.0000000008285,-97580.40481191757,17955.67578125,-79624.72903066757,293.87921515881845,72.53475984421274,1.0087782558702574
163500,327.00000000083327,-97408.90877588862,18469.00390625,-78939.90486963862,302.28081854773,72.85478417428017,1.0043470632014382
164000,328.00000000083804,-97821.62835618621,18277.677734375,-79543.95062181121,299.14939726818784,72.47450561414695,1.0096169391644654
164500,329.0000000008428,-98089.02146496158,18157.21484375,-79931.80662121158,297.1777900625373,72.01794328763681,1.016017469887593
165000,330.0000000008476,-97826.94644368644,18294.376953125,-79532.56949056144,299.4227121442083,72.31828809627713,1.0117978515780117
165500,331.00000000085237,-96960.01518044237,18205.56640625,-78754.44877419237,297.9691565035621,73.13067036275422,1.000558153817765
166000,332.00000000085714,-97337.84204058355,18213.1484375,-79124.69360308355,298.093251047271,73.03178159129943,1.001912960785967
166500,333.0000000008619,-97069.09678630537,18048.625,-79020.47178630537,295.4005081354047,72.80457009390904,1.0050397719707787
167000,334.0000000008667,-97795.5706128474,18650.01171875,-79145.5588940974,305.24336000387854,72.73209229669304,1.0060412977964042
167500,335.00000000087147,-97254.11389499856,18428.48046875,-78825.63342624856,301.6175744485871,73.0071473940638,1.0022510279803436
168000,336.00000000087624,-97512.51305247779,18020.947265625,-79491.56578685279,294.9475087075584,72.99210909115551,1.00245751817136
168500,337.000000000881,-97376.14511688496,18412.009765625,-78964.13535125996,301.34799967087014,72.74439471684578,1.0058711576394248
169000,338.0000000008858,-97585.59806014103,18420.82421875,-79164.77384139103,301.49226517209587,72.67533132895107,1.006827037284716
169500,339.00000000089057,-97529.00048782205,18641.3515625,-78887.64892532205,305.1016198681739,72.87555196519672,1.004060848287743
170000,340.00000000089534,-97473.33465393039,17998.453125,-79474.88152893039,294.5793487745611,72.82381422995365,1.0047741840953484
170500,341.0000000009001,-97212.1689147742,18293.259765625,-78918.9091491492,299.4044272191693,73.30622809328648,0.9981619628894
171000,342.0000000009049,-97026.18294901907,18180.46875,-78845.71419901907,297.5583850232273,72.6219172672821,1.0075675674646283
171500,343.00000000090967,-97089.80249138095,18477.46484375,-78612.33764763095,302.41929808491375,73.10038404231668,1.0009726964396668
172000,344.00000000091444,-97170.49040959356,18667.517578125,-78502.97283146856,305.5298771072436,73.61142524433875,0.9940235266839957
172500,345.0000000009192,-97323.87802379206,18510.935546875,-78812.94247691706,302.96711060308473,72.8794878174455,1.004006624043501
173000,346.000000000924,-97314.72690937843,18165.50390625,-79149.22300312843,297.3134565343304,72.96305817433331,1.0028566559090983
173500,347.00000000092876,-97368.29251014785,18324.265625,-79044.02688514785,299.9118978223066,73.53857087425617,0.9950083018437911
174000,348.00000000093354,-97035.56887924206,18127.33984375,-78908.22903549206,296.68882815100415,72.86408407873004,1.0042188747826803
174500,349.0000000009383,-97522.41689071385,18281.0625,-79241.35439071385,299.2047954763918,72.25400211358748,1.0126980704900346
175000,350.0000000009431,-97689.05325954343,18527.212890625,-79161.84036891843,303.2335206822373,72.35043608578798,1.0113482721631613
175500,351.00000000094786,-97930.91917607421,18423.755859375,-79507.16331669921,301.54024711699725,72.56935435860619,1.008297361500989
176000,352.00000000095264,-98039.41545848141,18179.1015625,-79860.31389598141,297.53600836671103,72.60375364237471,1.007819635414922
176500,353.0000000009574,-97909.21817841509,18342.26171875,-79566.95645966509,300.20643855536537,72.66500946502767,1.0069700542849167
177000,354.0000000009622,-98144.32284733339,18441.44140625,-79702.88144108339,301.82970515236156,71.76515810737165,1.019596283981388
177500,355.00000000096696,-97968.6639914356,17908.224609375,-80060.4393820606,293.1025853444423,71.73011904766355,1.0200943410813468
178000,356.00000000097174,-97785.31635980029,17886.349609375,-79898.96675042529,292.7445588401816,71.8359381782328,1.0185916740457466
178500,357.0000000009765,-97338.65997384314,18329.18359375,-79009.47638009314,299.992389852461,72.33314278017059,1.0115900638797095
179000,358.0000000009813,-97384.80764233216,18592.39453125,-78792.41311108216,304.3003437649776,72.91732469529632,1.0034856439313795
179500,359.00000000098606,-97269.07814687444,18421.7734375,-78847.30470937444,301.50780096504866,72.22277576473698,1.0131359221634784
180000,360.00000000099084,-97432.75995607092,18274.57421875,-79158.18573732092,299.0986022578959,72.41590427024438,1.0104339545709298
180500,361.0000000009956,-97888.99826618639,18184.62890625,-79704.36935993639,297.6264739923412,72.30226202863402,1.012022120367889
181000,362.0000000010004,-97772.16851902928,18392.578125,-79379.59039402928,301.0299634484693,72.39596612972343,1.0107122321497837
181500,363.00000000100516,-97261.14881659613,18512.640625,-78748.50819159613,302.99501749042577,72.71541735805702,1.0062720009610913
182000,364.00000000100994,-97799.58732007392,18363.80078125,-79435.78653882392,300.55896679545344,72.33595088392384,1.0115507936438113
182500,365.0000000010147,-98003.23841139034,18494.115234375,-79509.12317701534,302.69181379463,72.13400432552085,1.014382734048843
183000,366.0000000010195,-97985.91101936827,18339.611328125,-79646.29969124327,300.1630598083759,71.5252321116072,1.023016442804924
183500,367.00000000102426,-97965.8431011056,18409.6171875,-79556.2259136056,301.3088405219666,72.33016322181916,1.0116317351754565
184000,368.00000000102904,-97818.57736185129,18285.140625,-79533.43673685129,299.27154184611464,72.99368623481388,1.0024358584964055
184500,369.0000000010338,-97417.0537267414,18526.54296875,-78890.5107579914,303.22255612054425,73.07899280950232,1.001265695004195
185000,370.0000000010386,-97903.73507616401,18858.546875,-79045.18820116401,308.6564394556565,73.24862365933616,0.9989469408451688
185500,371.00000000104336,-97490.33906698128,18285.97265625,-79204.36641073128,299.2851596399374,72.87265415932247,1.0041007751088233
186000,372.00000000104814,-97643.29813653295,18402.80078125,-79240.49735528295,301.1972769059068,72.91449165171349,1.0035246336918455
186500,373.0000000010529,-97628.45497328014,18726.1640625,-78902.29091078014,306.489739771836,73.34372571688407,0.997651643823822
187000,374.0000000010577,-97458.343542544,18481.39453125,-78976.949011294,302.483614989072,73.0340318324493,1.0018820909884718
187500,375.00000000106246,-97616.3304050584,18060.515625,-79555.8147800584,295.5951211137921,72.99568880966035,1.0024083575183593
188000,376.00000000106724,-97784.02647482854,18193.9921875,-79590.03428732854,297.7797221228256,72.7211678282959,1.0061924293952522
188500,377.000000001072,-97394.01849628071,18100.224609375,-79293.79388690571,296.2450351189818,73.20010064421992,0.9996091246001686
189000,378.0000000010768,-97586.84275017359,18110.861328125,-79475.98142204859,296.4191255066785,73.22886738309602,0.9992164448320232
189500,379.00000000108156,-97683.69465725217,18121.94140625,-79561.75325100217,296.60047232441696,72.7723882327152,1.005484226951869
190000,380.00000000108633,-97840.0924049879,18215.365234375,-79624.7271706129,298.1295331974796,72.3046413790094,1.0119888174544651
190500,381.0000000010911,-97429.16511126154,18449.15625,-78980.00886126154,301.9559734284178,72.73629517149574,1.0059831663558212
191000,382.0000000010959,-97314.52665696316,18419.953125,-78894.57353196316,301.4780080452298,72.28441302749455,1.0122720163443943
191500,383.00000000110066,-97277.75645415625,17942.3515625,-79335.40489165625,293.66113865774105,72.37975595212771,1.0109385913653655
192000,384.00000000110543,-98263.60818865371,18167.74609375,-80095.86209490371,297.3501542510171,72.60231501133649,1.007839605585408
192500,385.0000000011102,-97642.93899487471,18328.412109375,-79314.52688549971,299.97976302485534,72.29443872496337,1.012131635795475
193000,386.000000001115,-97682.38330859982,18621.859375,-79060.52393359982,304.7825926795559,72.57807045767886,1.0081762723118972
193500,387.00000000111976,-97063.55438157555,18005.41796875,-79058.13641282555,294.6933418561855,72.96626811684821,1.0028125380954944
194000,388.00000000112453,-97311.32909900899,18034.763671875,-79276.56542713399,295.17364080498163,72.96047374481736,1.0028921794221564
194500,389.0000000011293,-97846.40852282103,18490.8125,-79355.59602282103,302.63775818581706,72.1251721100125,1.0145069520805368
195000,390.0000000011341,-97439.14687497809,18192.306640625,-79246.84023435309,297.7521349020062,72.54091918586101,1.0086926020076514
195500,391.00000000113886,-97561.89365790674,18132.07421875,-79429.81943915674,296.76631531585485,72.65027286031706,1.0071743111866625
196000,392.00000000114363,-97671.9474470779,18044.892578125,-79627.0548689529,295.33941986311515,72.54340826948028,1.0086579921059053
196500,393.0000000011484,-97831.37210909306,17790.14453125,-80041.22757784306,291.1699774544344,72.76779855394716,1.0055476457950898
197000,394.0000000011532,-98056.0395409583,18270.556640625,-79785.4829003333,299.03284685439013,72.48292590493574,1.0094996526710338
197500,395.00000000115796,-98184.56697714858,18457.91796875,-79726.64900839858,302.09937583003506,71.5055826213133,1.0232975642352584
198000,396.00000000116273,-97697.54502806143,18440.78515625,-79256.75987181143,301.81896435723377,71.85067043306277,1.0183828221029703
198500,397.0000000011675,-97673.48949687072,18666.455078125,-79007.03441874572,305.5124872484652,72.38668946655297,1.0108417592356198
199000,398.0000000011723,-97682.99687057658,18059.296875,-79623.69999557658,295.57517392284046,73.09616849744516,1.0010304237515593
199500,399.00000000117706,-97803.06082028704,18449.01171875,-79354.04910153704,301.9536078961575,72.57349584046095,1.0082398219656736
200000,400.00000000118183,-97830.95113254793,18515.44921875,-79315.50191379793,303.04098553624067,72.34869196683542,1.0113726528622613
200500,401.0000000011866,-97947.82753636263,18047.927734375,-79899.89980198763,295.38909604058136,72.82989293510461,1.0046903211956204
201000,402.0000000011914,-98081.81194893742,18343.37890625,-79738.43304268742,300.2247234804044,72.77731572636692,1.0054161491848368
201500,403.00000000119616,-97905.8849183949,17986.47265625,-79919.4122621449,294.383265330174,72.79605938031129,1.0051572729141869
202000,404.00000000120093,-98215.9176314777,18352.572265625,-79863.3453658527,300.37519051215037,72.68099547912071,1.006748573588719
202500,405.0000000012057,-97670.6939428316,18051.08984375,-79619.6040990816,295.44085005043837,72.71754459994688,1.0062425639941968
203000,406.0000000012105,-97967.95245726284,18512.453125,-79455.49933226284,302.9919486918178,72.80701216657667,1.0050060612046865
203500,407.00000000121526,-97624.9296536824,18562.759765625,-79062.1698880574,303.8153137516609,72.4364444049117,1.0101474351307527
204000,408.00000000122003,-97575.14830624254,18433.31640625,-79141.83189999254,301.6967238793505,72.9240196568651,1.003393516565766
204500,409.0000000012248,-97762.17048968043,18472.873046875,-79289.29744280543,302.34414448567117,72.99440698602446,1.002425960383819
205000,410.0000000012296,-97780.25763308757,18419.94921875,-79360.30841433757,301.47794411192547,72.07702435580926,1.015184646974337
205500,411.00000000123435,-97197.59525308653,18095.955078125,-79101.64017496153,296.1751560173466,73.52752801967318,0.9951577388272183
206000,412.00000000123913,-97548.30088895897,18208.3203125,-79339.98057645897,298.01422948311637,73.67503592934727,0.993165291372002
206500,413.0000000012439,-97456.98876675306,18119.44921875,-79337.53954800306,296.559682876253,73.17048295969497,1.0000137427809312
207000,414.0000000012487,-97783.04539109493,18349.98828125,-79433.05710984493,300.3328986313346,72.76510458983662,1.005584873931907
207500,415.00000000125345,-97522.60267068719,17943.42578125,-79579.17688943719,293.6787203164324,72.40199507226444,1.010628069745598
208000,416.00000000125823,-98075.39114226314,18559.921875,-79515.46926726314,303.76886620606354,72.73823124804511,1.0059563900597244
208500,417.000000001263,-97791.73833387601,17890.9765625,-79900.76177137601,292.82028783916314,73.35154745276517,0.9975452606876739
209000,418.0000000012678,-97746.90592762706,18199.6796875,-79547.22624012706,297.87280901393336,73.17248642378071,0.9999863623854186
209500,419.00000000127255,-97809.44202447362,17828.8515625,-79980.59046197362,291.8034925670628,72.59957069034105,1.0078777027168833
210000,420.00000000127733,-98194.43182260048,18098.9375,-80095.49432260048,296.22396909520427,72.56613598888725,1.0083420803447265
210500,421.0000000012821,-98126.37501201453,18397.1640625,-79729.21094951453,301.10502114775534,72.4928092402054,1.009362022144275
211000,422.0000000012869,-97704.3746193081,18376.037109375,-79328.3375099331,300.7592378712743,72.4407848746691,1.0100869096353389
211500,423.00000000129165,-97233.46847203327,18091.078125,-79142.39034703327,296.09533528688775,72.45179249846124,1.009933446811091
212000,424.0000000012964,-97499.5348663915,18174.84375,-79324.6911163915,297.46632106498885,72.58003816224628,1.0081489398234333
212500,425.0000000013012,-97808.35089140211,18177.80078125,-79630.55011015211,297.51471857636835,72.27039030053402,1.012468428928247
213000,426.000000001306,-98207.70131649164,18322.21875,-79885.48256649164,299.8783967708365,72.48880274009939,1.0094178101956135
213500,427.00000000131075,-97605.48569476121,18398.728515625,-79206.75717913621,301.1306264361404,72.02772307654654,1.0158795169444803
214000,428.0000000013155,-97586.14218735264,18443.724609375,-79142.41757797764,301.8670741687438,72.16719082558974,1.0139162642820656
214500,429.0000000013203,-97370.76975248434,18533.328125,-78837.44162748434,303.3336082701694,72.44865174470216,1.0099772288856101
215000,430.0000000013251,-97871.28953387128,18320.3046875,-79550.98484637128,299.8470694517137,72.34830672597775,1.0113780382276671
215500,431.00000000132985,-97322.15939179936,18027.1796875,-79294.97970429936,295.04951429462056,73.09267386598098,1.0010782839847456
216000,432.0000000013346,-97718.32686339098,18205.923828125,-79512.40303526598,297.9750064009085,72.04689479361312,1.0156091908641076
216500,433.0000000013394,-97549.08826840512,18318.265625,-79230.82264340512,299.8136962668523,71.97796018352773,1.0165818583777861
217000,434.0000000013442,-97342.95400950656,18294.1015625,-79048.85244700656,299.4182048462529,73.14668697081983,1.0003390660031257
217500,435.00000000134895,-97712.26604797354,18638.60546875,-79073.66057922354,305.0566747552283,72.65807579275365,1.0070661482190046
218000,436.0000000013537,-97764.99819204595,18350.3515625,-79414.64662954595,300.3388444286375,72.25777123768276,1.012645245933819
218500,437.0000000013585,-97403.79688176082,18277.96484375,-79125.83203801082,299.15409636605625,72.28003717277608,1.0123332995901195
219000,438.0000000013633,-97308.95295245072,18506.177734375,-78802.77521807572,302.88923983840806,72.891772761157,1.0038374120131837
219500,439.00000000136805,-96929.36872242944,18401.609375,-78527.75934742944,301.1777772480855,73.01570900932761,1.0021335068630972
220000,440.0000000013728,-96910.9513875086,18221.953125,-78688.9982625086,298.23735671523593,73.25590200189528,0.9988476904389194
220500,441.0000000013776,-97199.816881317,18749.5859375,-78450.230943817,306.87308386461234,73.70475721708505,0.992764799565088
221000,442.0000000013824,-97045.5312338025,18013.984375,-79031.5468588025,294.83354759258617,73.2994855723073,0.9982537797408124
221500,443.00000000138715,-97256.321263147,18532.96484375,-78723.356419397,303.3276624728665,72.50922244289598,1.0091335427467656
222000,444.0000000013919,-97359.36181038327,18380.41796875,-78978.94384163327,300.8309390720829,72.15125780767322,1.0141401653822752
222500,445.0000000013967,-97724.53511742014,18602.33203125,-79122.20308617014,304.46299009119895,71.64795613356637,1.0212641430999982
223000,446.0000000014015,-97812.57857694075,18518.68359375,-79293.89498319075,303.09392231222773,72.54183060110755,1.008679928798154
223500,447.00000000140625,-97680.77532987436,18023.15625,-79657.61907987436,294.9836629911583,72.66462082673485,1.006975439947408
224000,448.000000001411,-98029.1869770806,18161.78515625,-79867.4018208306,297.25259202860605,72.59606038632977,1.0079264375535106
224500,449.0000000014158,-97842.61470118031,17977.08984375,-79865.52485743031,294.2296975331679,72.43744108511328,1.0101335363246353
225000,450.0000000014206,-97895.45306462934,18050.369140625,-79845.08392400434,295.42905435578905,72.52349439592348,1.0089349545976352
225500,451.00000000142535,-97420.90780488227,18308.599609375,-79112.30819550727,299.65549330528205,72.38480214666028,1.0108681153449686
226000,452.0000000014301,-97643.92550215288,18293.98828125,-79349.93722090288,299.4163507804272,72.43648284987212,1.0101468990048028
226500,453.0000000014349,-97943.84109440999,18499.5859375,-79444.25515690999,302.78135238734734,72.43685534207096,1.0101417045242063
227000,454.0000000014397,-97994.77994157636,18003.7734375,-79991.00650407636,294.66642593506157,72.73172924768537,1.006046319570238
227500,455.00000000144445,-97495.23912031192,18495.568359375,-78999.67076093692,302.7155969838416,73.27866521963392,0.998537409303243
228000,456.0000000014492,-97275.72343180579,18675.673828125,-78600.04960368079,305.66336984668936,72.5688077745247,1.0083049559386559
228500,457.000000001454,-97412.30841892882,18462.22265625,-78950.08576267882,302.16983033140923,73.05021279257068,1.001660169469822
229000,458.0000000014588,-97569.22088590811,18625.49609375,-78943.72479215811,304.84211458588925,73.00503925258897,1.0022799696394662
229500,459.00000000146355,-97470.69766690244,18094.5703125,-79376.12735440244,296.1524916609608,72.47466279844755,1.0096147494898078
230000,460.0000000014683,-97410.31077877444,18153.12109375,-79257.18968502444,297.11078795959713,73.26905183114059,0.998668424074157
230500,461.0000000014731,-97787.37992999761,18600.3828125,-79186.99711749761,304.4310873723371,72.9232156526074,1.003404579334354
231000,462.0000000014779,-97564.06974517164,18013.1484375,-79550.92130767164,294.81986586545906,73.14504606647665,1.00036150717729
231500,463.00000000148265,-97305.55751147994,18165.6328125,-79139.92469897994,297.31556633337334,73.03230404252216,1.0019057934008178
232000,464.0000000014874,-97658.67460325547,18254.13671875,-79404.53788450547,298.76410320962947,73.67207761809208,0.9932051720453146
232500,465.0000000014922,-97737.99090977159,18528.58203125,-79209.40887852159,303.25592930540574,72.73419354029483,1.0060122339168553
233000,466.00000000149697,-97764.04761257494,18183.314453125,-79580.73315944994,297.6049604354333,72.79813111548769,1.005128667513908
233500,467.00000000150175,-97577.85737642064,18129.548828125,-79448.30854829564,296.72498243460404,72.63751896721224,1.0073511535910484
234000,468.0000000015065,-97332.03533840546,18233.994140625,-79098.04119778046,298.43443112584015,73.03894933846438,1.0018146370990955
234500,469.0000000015113,-97193.18308795523,18456.4765625,-78736.70652545523,302.07578444073647,72.6286654320373,1.0074739510955708
235000,470.00000000151607,-97742.97927307506,18451.09375,-79291.88552307506,301.9876843473666,72.67620001858272,1.006815002805644
235500,471.00000000152085,-97520.46202437422,18109.794921875,-79410.66710249922,296.4016717145958,72.56322870571059,1.008382480090146
236000,472.0000000015256,-97746.37640946818,18376.1484375,-79370.22797196818,300.7610599704478,73.13723936204777,1.0004682862501222
236500,473.0000000015304,-97250.28750865988,18606.453125,-78643.83438365988,304.5304397272695,72.23702319061721,1.0129360997134371
237000,474.00000000153517,-97779.90480258345,18473.59375,-79306.31105258345,302.3559401803205,72.71262102108804,1.006310699546806
237500,475.00000000153995,-97735.72105214192,18284.05859375,-79451.66245839192,299.2538323208146,72.59192608460467,1.0079838416235543
238000,476.0000000015447,-97343.92594621389,18303.4765625,-79040.44938371389,299.5716447766503,72.99913439652799,1.0023610434631827
238500,477.0000000015495,-96972.52596704889,18333.59375,-78638.93221704889,300.0645705530521,73.11272608962688,1.0008037237718916
239000,478.00000000155427,-97870.14758679067,18523.30859375,-79346.83899304067,303.16961934455713,73.04160399211968,1.0017782267419435
239500,479.00000000155904,-97937.80826155463,17985.59375,-79952.21451155463,294.3688803366993,72.53397211982008,1.0087892112779886
240000,480.0000000015638,-97902.85896007059,18214.58203125,-79688.27692882059,298.11671456996095,72.41079817831817,1.0105052059420951
240500,481.0000000015686,-97684.15422120184,18261.009765625,-79423.14445557684,298.8765938586021,72.77322348842783,1.005472686492284
241000,482.00000000157337,-97575.41229637282,18592.240234375,-78983.17206199782,304.2978183994565,72.60917272239159,1.007744418262018
241500,483.00000000157814,-97473.59209017985,18357.046875,-79116.54521517985,300.44842611226295,72.61961565091983,1.007599501453518
242000,484.0000000015829,-98000.40231220803,18695.900390625,-79304.50192158303,305.9944164965218,71.97107201561569,1.0166791528370838
242500,485.0000000015877,-97273.19556549232,18254.04296875,-79019.15259674232,298.7625688103255,72.5418618749686,1.0086794939414363
243000,486.00000000159247,-97293.47469497379,17985.0625,-79308.41219497379,294.3601854073101,72.70158411661495,1.006463468639751
243500,487.00000000159724,-97586.81981630856,18567.65625,-79019.16356630856,303.89545414864136,73.09013751523975,1.0011130230854497
244000,488.000000001602,-97565.718463397,18404.03515625,-79161.683307147,301.2174798300758,72.39670874203689,1.0107018647261534
244500,489.0000000016068,-97715.7058286551,18362.115234375,-79353.5905942801,300.5313795746341,73.18512476696807,0.9998136746859614
245000,490.00000000161157,-98072.37371309544,18446.5390625,-79625.83465059544,301.9131381145152,72.84919558669496,1.0044241111562364
245500,491.00000000161634,-97799.94243414572,18096.21875,-79703.72368414572,296.17947151538897,72.69002723935141,1.0066234847412585
246000,492.0000000016211,-97627.89459206018,18404.802734375,-79223.09185768518,301.2300427243771,72.73213014871652,1.0060407742217645
246500,493.0000000016259,-97565.72320052504,18201.806640625,-79363.91655990004,297.9076206981423,72.968617985553,1.0027802436946263
247000,494.00000000163067,-97838.72796001408,18410.41796875,-79428.30999126408,301.32194684935473,72.64067784486178,1.0073073475702523
247500,495.00000000163544,-97469.33766789932,18711.134765625,-78758.20290227432,306.2437563834177,73.00510381355618,1.002279083288227
248000,496.0000000016402,-97447.4045295263,18155.166015625,-79292.2385139013,297.14425704441504,71.85547045584262,1.0183147930341507
248500,497.000000001645,-97895.9860621221,18345.2421875,-79550.7438746221,300.2552196665709,71.9454295322536,1.0170415132876462
249000,498.00000000164977,-97754.8446439376,18391.103515625,-79363.7411283126,301.0058286260838,72.39102003194586,1.010781288802432
249500,499.00000000165454,-97714.32917353063,18360.05859375,-79354.27057978063,300.49771868990314,72.58413063194314,1.008092097935954
250000,500.0000000016593,-98299.4433175904,18399.1875,-79900.2558175904,301.1381385993995,72.95535582457276,1.0029625337111625
250500,501.0000000016641,-97936.99627882114,18430.71484375,-79506.28143507114,301.6541442986652,72.6926265916307,1.0065874897693867
251000,502.00000000166887,-97508.48822883959,18355.80859375,-79152.67963508959,300.42815925478965,72.46462237318603,1.0097546379085036
251500,503.00000000167364,-98202.60495447397,18319.09375,-79883.51120447397,299.8272501273707,72.39062898444692,1.0107867489496984
252000,504.0000000016784,-97848.42762060469,18066.115234375,-79782.31238622969,295.6867695055524,72.67079097670143,1.006889942192483
252500,505.0000000016832,-97539.2945146141,18256.275390625,-79283.0191239891,298.79910669375136,72.01316202582987,1.0160849276326398
253000,506.00000000168797,-97936.79942141823,18550.974609375,-79385.82481204323,303.6224269724904,72.3308848017378,1.0116216430391975
253500,507.00000000169274,-97862.62246246461,18263.974609375,-79598.64785308961,298.92511923659026,72.26093139785655,1.0126009602995978
254000,508.0000000016975,-97647.84815788484,18474.8671875,-79172.98097038484,302.37678243753277,72.9257807596496,1.0033692853666267
254500,509.0000000017023,-97752.1735809315,18708.28125,-79043.8923309315,306.19705310460296,72.96470567891119,1.0028340119346428
255000,510.00000000170706,-97720.68622255686,18369.91015625,-79350.77606630686,300.65895848342916,72.20593976914601,1.0133721513708418
255500,511.00000000171184,-97500.85403798305,18417.701171875,-79083.15286610805,301.4411504952823,72.95340298257237,1.0029893813602173
256000,512.0000000017166,-97175.61362142727,18237.46484375,-78938.14877767727,298.4912358667394,73.14427673585574,1.0003720289675628
256500,513.0000000016929,-97379.63114834775,18374.7890625,-79004.84208584775,300.73881118054015,72.90627202764726,1.0036377734122117
257000,514.0000000016693,-97328.0093044127,18368.87890625,-78959.1303981627,300.6420800910854,72.9380367607849,1.0032006861604141
257500,515.0000000016456,-97368.78645405208,18650.455078125,-78718.33137592708,305.25061643392024,73.36767445657242,0.9973259895122392
258000,516.000000001622,-97285.86740560556,18517.5390625,-78768.32834310556,303.0751898540584,72.94941485583874,1.003044214545285
258500,517.0000000015983,-97268.09784664534,18371.494140625,-78896.60370602034,300.6848834383359,73.38041686414594,0.9971528052379446
259000,518.0000000015747,-97218.22556859447,18212.349609375,-79005.87595921947,298.0801766865351,72.82810039592853,1.0047150499301445
259500,519.000000001551,-97514.2320966709,18581.185546875,-78933.0465497959,304.11688714819616,72.78191557403112,1.0053526064614984
260000,520.0000000015274,-97642.26066394954,18191.58203125,-79450.67863269954,297.7402752740526,72.5856912101366,1.0080704241526117
260500,521.0000000015037,-97538.08430042292,18300.056640625,-79238.02765979792,299.5156711687074,72.74227621384588,1.0059004520356944
261000,522.0000000014801,-97027.80313341157,18362.9453125,-78664.85782091157,300.5449654018047,72.4611816552289,1.0098025846965022
261500,523.0000000014564,-97786.9106832475,18430.66796875,-79356.2427144975,301.6533770990132,72.30983973409289,1.0119160655685115
262000,524.0000000014328,-97783.05599732214,18237.390625,-79545.66537232214,298.49002113395704,72.33352007573234,1.0115847873711004
262500,525.0000000014091,-97947.6276981539,18397.896484375,-79549.7312137789,301.11700864231767,72.67496935378585,1.006832052028945
263000,526.0000000013855,-97505.55392183678,17977.83984375,-79527.71407808678,294.2419727275997,72.46473425511765,1.0097530788977584
263500,527.0000000013619,-97485.02968724183,18380.06640625,-79104.96328099183,300.825185074693,72.19929271913853,1.013465447788475
264000,528.0000000013382,-97368.92918756086,18086.4375,-79282.49168756086,296.019382521341,72.6206636732258,1.0075849603201876
264500,529.0000000013146,-97718.71906906494,18504.271484375,-79214.44758468994,302.85804038589384,72.42537005407449,1.0103018938112618
265000,530.0000000012909,-97714.69900132099,18344.671875,-79370.02712632099,300.2458854041384,72.4413716229962,1.0100787283048205
265500,531.0000000012673,-97783.4842290447,18318.26171875,-79465.2225102947,299.8136323335479,72.39974480569823,1.0106594812175902
266000,532.0000000012436,-97639.22762295161,18244.91796875,-79394.30965420161,298.6132206114053,72.87112342966573,1.0041218672336936
266500,533.00000000122,-97948.34253849386,18243.109375,-79705.23316349386,298.58361949149946,72.41826566895918,1.0104010065650686
267000,534.0000000011963,-97783.49458931899,18163.037109375,-79620.45747994399,297.2730826526446,73.17392504913359,0.9999667022984069
267500,535.0000000011727,-97940.99938843196,18440.2265625,-79500.77282593196,301.8098218947142,72.86271476118897,1.004237747185731
268000,536.000000001149,-97906.05695653305,18102.82421875,-79803.23273778305,296.28758273301486,72.25957239201087,1.0126200045670748
268500,537.0000000011254,-97738.09298351844,17635.9140625,-80102.17892101844,288.64569879948357,72.60470926006252,1.007806370569163
269000,538.0000000011017,-97908.04239622282,18098.654296875,-79809.38809934782,296.2193339306402,72.9365025537648,1.003221788317515
269500,539.0000000010781,-97407.23891111877,17902.994140625,-79504.24477049377,293.01697864994134,72.43695264569851,1.0101403476138364
270000,540.0000000010544,-97632.09474832413,18225.736328125,-79406.35842019913,298.29927612048175,72.04654437454306,1.0156141305712274
270500,541.0000000010308,-97528.77617271047,18432.5234375,-79096.25273521047,301.683745418571,72.38094926988538,1.010921924397259
271000,542.0000000010072,-97682.09802730067,18373.58203125,-79308.51599605067,300.71905578950145,72.4449536273036,1.0100287854699581
271500,543.0000000009835,-97089.71633711027,18139.0859375,-78950.63039961027,296.88107559713126,73.38146394504261,0.9971385768538639
272000,544.0000000009599,-97385.88028485334,18454.00390625,-78931.87637860334,302.0353146590941,72.86983371892349,1.0041396390151374
272500,545.0000000009362,-97277.7565837269,17936.4453125,-79341.3112712269,293.56447150159073,73.21889370360748,0.9993525553911471
273000,546.0000000009126,-97021.38237953925,18438.611328125,-78582.77105141425,301.78338547337285,73.08015497379242,1.0012497722788525
273500,547.0000000008889,-97349.70321672212,18386.62890625,-78963.07431047212,300.93259302597124,72.48850446977002,1.0094219636732569
274000,548.0000000008653,-97595.72709506814,18514.041015625,-79081.68607944314,303.0179375800289,72.93756844880755,1.0032071274348766
274500,549.0000000008416,-97269.92538935586,18377.140625,-78892.78476435586,300.7772990297481,72.4328271323579,1.0101978815752317
275000,550.000000000818,-97484.06672581757,18858.7265625,-78625.34016331757,308.6593803876558,72.27084519734125,1.0124620561142241
275500,551.0000000007943,-97219.0867131385,18400.26953125,-78818.8171818885,301.1558481246995,72.42591059273495,1.0102943535921902
276000,552.0000000007707,-97539.52888730873,17925.458984375,-79614.06990293373,293.3846590831562,72.8549399279059,1.004344916048524
276500,553.000000000747,-97551.7581435371,18263.86328125,-79287.8948622871,298.92329713741685,72.86628238985419,1.0041885783897384
277000,554.0000000007234,-97289.02445215569,18775.70703125,-78513.31742090569,307.30060587068215,72.7190190787923,1.00622216103232
277500,555.0000000006997,-97441.16037071677,18476.3671875,-78964.79318321677,302.40133282639636,72.28610148422594,1.012248371723023
278000,556.0000000006761,-97091.35714354191,18384.859375,-78706.49776854191,300.90363123910873,72.65295061980908,1.0071371899059864
278500,557.0000000006524,-97490.55339944025,18382.037109375,-79108.51629006525,300.85743942672866,72.40848769096743,1.0105374502213318
279000,558.0000000006288,-97821.500682413,18790.2734375,-79031.227244913,307.5390131625372,72.60017561272247,1.0078693048338898
279500,559.0000000006052,-96908.90350569697,18538.443359375,-78370.46014632197,303.4173289321925,72.6400992602112,1.0073153708600833
280000,560.0000000005815,-97393.1435258573,18907.3125,-78485.8310258573,309.4545828269405,72.58629822769787,1.0080619939603388
280500,561.0000000005579,-97230.4172864153,18640.44921875,-78589.9680676653,305.08685127487314,72.91169861920916,1.0035630757659417
281000,562.0000000005342,-97250.04080414737,18647.734375,-78602.30642914737,305.20608688745284,73.02812008754412,1.0019631949706074
281500,563.0000000005106,-97444.1967539466,18127.138671875,-79317.0580820716,296.6855355858311,73.73757735231078,0.9923229261521143
282000,564.0000000004869,-97252.49528368894,18129.59765625,-79122.89762743894,296.7257816009082,73.39440359648643,0.9969627783597905
282500,565.0000000004633,-97333.59823477897,18107.380859375,-79226.21737540397,296.36216093251846,73.00466529159067,1.0022851037444789
283000,566.0000000004396,-96949.65608785412,18430.962890625,-78518.69319722912,301.65820406349025,73.48618434192848,0.9957176193166963
283500,567.000000000416,-97465.98777174053,18490.525390625,-78975.46238111553,302.63305908794865,73.29204222957472,0.9983551597104607
284000,568.0000000003923,-97886.79606908059,18748.880859375,-79137.91520970559,306.86154390318035,73.22695917528107,0.9992424832289514
284500,569.0000000003687,-97485.40091406199,18484.7734375,-79000.62747656199,302.5389172973194,72.92422592154632,1.0033906784877307
285000,570.000000000345,-97847.85523723741,18443.416015625,-79404.43922161241,301.8620234377015,73.09819989113035,1.0010026051885232
285500,571.0000000003214,-97772.50787779386,18207.052734375,-79565.45514341886,297.9934831258605,72.66737361874489,1.0069372936128516
286000,572.0000000002977,-97575.89096394379,18516.314453125,-79059.57651081879,303.0551467631503,72.83160279979079,1.0046667341203028
286500,573.0000000002741,-97979.27237328026,18587.951171875,-79391.32120140526,304.22761963129966,72.42497472926514,1.0103074084476844
287000,574.0000000002505,-97668.78919341246,18330.166015625,-79338.62317778746,300.00846907850047,72.64518781483085,1.007244811757161
287500,575.0000000002268,-97782.16511905863,18565.00390625,-79217.16121280863,303.85204343499976,73.09425350144821,1.0010566497428306
288000,576.0000000002032,-97685.08366681274,18107.265625,-79577.81804181274,296.3602749000406,72.83634934482016,1.0046012627459695
288500,577.0000000001795,-97338.94835529244,18481.66015625,-78857.28819904244,302.48796245376656,72.92165391596157,1.0034260688867433
289000,578.0000000001559,-97439.6376797522,18431.49609375,-79008.1415860022,301.6669309595316,73.46395508401882,0.9960189107968469
289500,579.0000000001322,-97356.8090782711,18330.64453125,-79026.1645470211,300.0163009082812,73.79297202873354,0.9915780122952815
290000,580.0000000001086,-97456.8957401297,18149.3671875,-79307.5285526297,297.0493480541338,72.59578774876077,1.0079302228780067
290500,581.0000000000849,-97568.81402625568,18191.6953125,-79377.11871375568,297.7421293398782,72.88840336726678,1.0038838161527526
291000,582.0000000000613,-97080.5296767719,18315.92578125,-78764.6038955219,299.7754002175572,72.99008502909511,1.0024853169638792
291500,583.0000000000376,-97072.43148845196,18380.66015625,-78691.77133220196,300.83490293695155,73.01939939713473,1.0020828592091124
292000,584.000000000014,-97598.69752514816,18062.859375,-79535.83815014816,295.6334810963915,72.8275923568007,1.0047220587373997
292500,584.9999999999903,-97297.2597510345,18161.8828125,-79135.3769385345,297.25419036121434,73.12030623372063,1.0006999737081064
293000,585.9999999999667,-97331.36156270117,18331.34375,-79000.01781270117,300.0277449697567,73.3750693877766,0.9972254763932445
293500,586.999999999943,-96915.39332175086,18404.10546875,-78511.28785300086,301.2186306295538,72.73603472476333,1.0059867684909873
294000,587.9999999999194,-97306.56508075632,18869.177734375,-78437.38734638132,308.83043394339677,72.49301920731824,1.0093590986513385
294500,588.9999999998957,-97329.47359166079,18470.79296875,-78858.68062291079,302.31010000111417,72.45650271979508,1.0098677934896034
295000,589.9999999998721,-97575.8898240127,18229.23046875,-79346.6593552627,298.35646446120694,72.2533497307857,1.0127072142433282
295500,590.9999999998485,-97912.05638725782,18536.78515625,-79375.27123100782,303.3901892445035,72.00043274046924,1.016264565927886
296000,591.9999999998248,-97568.29987116484,18395.181640625,-79173.11823053984,301.07257499580675,72.25093013857804,1.0127411285262242
296500,592.9999999998012,-97603.67237400066,18646.80078125,-78956.87159275066,305.19080682771744,72.2756932607705,1.0123941428221295
297000,593.9999999997775,-97540.54128576431,18563.25390625,-78977.28737951431,303.8234013146589,71.73456973825806,1.020031050476748
297500,594.9999999997539,-97689.1934505513,18370.84765625,-79318.3457943013,300.6743024764689,72.4250997253836,1.0103056647910655
298000,595.9999999997302,-97315.8048300913,18464.30859375,-78851.4962363413,302.20397071592265,72.91591012588489,1.003505111563262
298500,596.9999999997066,-96770.07311149192,18045.8125,-78724.26061149192,295.35447615628544,73.32411959865118,0.9979184056505046
299000,597.9999999996829,-97669.77881415677,18558.8046875,-79110.97412665677,303.75058128102444,73.08047450994579,1.001245394426862
299500,598.9999999996593,-97751.32604610472,18277.94921875,-79473.37682735472,299.153840632839,73.03868716442047,1.0018182331357284
300000,599.9999999996356,-97446.99095830979,18255.6875,-79191.30345830979,298.7894847314494,72.50956479761403,1.0091287781115004
300500,600.999999999612,-97628.09438101621,18423.9765625,-79204.11781851621,301.543859348692,72.13089080241058,1.014426519784053
301000,601.9999999995883,-97473.98908726149,18097.98828125,-79376.00080601149,296.2084333022515,72.02538127888266,1.015912546749215
301500,602.9999999995647,-97104.85788362013,18767.3125,-78337.54538362013,307.1632131996721,73.17704706198592,0.9999240398923408
302000,603.999999999541,-97340.55958781258,18452.876953125,-78887.68263468758,302.0168699007943,73.1298164865292,1.0005698365056255
302500,604.9999999995174,-97242.37778895441,18403.08984375,-78839.28794520441,301.2020079704274,73.12141818392523,1.0006847561621648
303000,605.9999999994938,-97650.9671414626,18236.873046875,-79414.0940945876,298.481549971133,72.75524033525072,1.0057212124988406
303500,606.9999999994701,-97610.68075009354,18560.54296875,-79050.13778134354,303.7790316014523,72.44423281021108,1.0100388352142136
304000,607.9999999994465,-97644.44938742812,18288.51953125,-79355.92985617812,299.32684415436205,72.40642422648412,1.0105662488833271
304500,608.9999999994228,-97800.07369232504,18475.05859375,-79325.01509857504,302.37991516944504,71.6815910372243,1.0207849388780295
305000,609.9999999993992,-98018.25127082755,18590.0546875,-79428.19658332755,304.2620477156826,72.15872909572347,1.0140351616856491
305500,610.9999999993755,-97311.05952679785,18300.021484375,-79011.03804242285,299.5150957689684,72.91330309752257,1.003540992070336
306000,611.9999999993519,-97204.9909641787,18113.19921875,-79091.7917454287,296.45738958932134,73.27711631960149,0.9985585159556787
306500,612.9999999993282,-97705.112550463,18362.6953125,-79342.417237963,300.54087367032747,72.53035146722092,1.0088395691654926
307000,613.9999999993046,-97552.99901768402,18189.05078125,-79363.94823643402,297.6988464928453,72.71624938923246,1.0062604870328729
307500,614.9999999992809,-97500.74448702799,18142.0859375,-79358.65854952799,296.9301763748585,72.37796095124101,1.0109636630259105
308000,615.9999999992573,-97586.90340293001,18283.5078125,-79303.39559043001,299.2448177249037,72.64873643337648,1.0071956116224516
308500,616.9999999992336,-97388.00523920171,18082.318359375,-79305.68687982671,295.95196485192264,72.9784345436135,1.0026453565797444
309000,617.99999999921,-97411.75851352734,18374.58203125,-79037.17648227734,300.73542271541055,72.38187895516653,1.0109089399424884
309500,618.9999999991863,-97804.92782438576,18708.12890625,-79096.79891813576,306.1945597057339,71.96712468619607,1.0167349167368895
310000,619.9999999991627,-97569.26813520154,18261.92578125,-79307.34235395154,298.89158621846803,72.5433492205252,1.0086588131350018
310500,620.999999999139,-97715.43907278677,18228.1953125,-79487.24376028677,298.3395221355589,72.27430663199452,1.012413566250959
311000,621.9999999991154,-97272.8616526667,18420.560546875,-78852.3011057917,301.4879496740535,72.75524350494176,1.0057211686830914
311500,622.9999999990918,-97596.41234821221,18590.875,-79005.53734821221,304.27547370959235,72.93171834131576,1.0032875981774492
312000,623.9999999990681,-97165.59551066917,17817.16796875,-79348.42754191917,291.612268053805,73.19965317267688,0.9996152352389222
312500,624.9999999990445,-97824.09275316232,18218.7734375,-79605.31931566232,298.1853150055095,72.6718546471416,1.0068752047253684
313000,625.9999999990208,-97793.38505774131,18300.6015625,-79492.78349524131,299.5245898646617,72.97331808681749,1.00271565613283
313500,626.9999999989972,-97642.14068155328,18261.728515625,-79380.41216592828,298.8883575865992,72.84898260807473,1.004427047653819
314000,627.9999999989735,-97591.92176473135,18495.0,-79096.92176473135,302.70629468806123,72.78466319347237,1.0053146544226261
314500,628.9999999989499,-97237.92151687527,18603.83984375,-78634.08167312527,304.48766834667117,73.0938558520431,1.0010620957488814
315000,629.9999999989262,-97540.29779068852,18285.822265625,-79254.47552506352,299.2826982077206,72.51045494202046,1.0091163899622615
315500,630.9999999989026,-97730.19541597064,18063.416015625,-79666.77940034564,295.6425915922588,72.30319512539675,1.0120090598860847
316000,631.9999999988789,-98131.59012245078,18224.95703125,-79906.63309120078,298.2865214262674,72.27938511704328,1.012342432176547
316500,632.9999999988553,-97984.05950733263,18775.677734375,-79208.38177295763,307.30012637089965,72.27075251715551,1.012463354497984
317000,633.9999999988316,-96952.84988374036,18502.078125,-78450.77175874036,302.82214183551133,72.59316764533965,1.0079666020788445
317500,634.999999998808,-97392.87845833774,18283.53125,-79109.34720833774,299.24520132472975,73.04776567675727,1.00169372530028
318000,635.9999999987843,-97314.38286713912,18245.072265625,-79069.31060151412,298.61574597692646,73.48047857911423,0.9957949368393315
318500,636.9999999987607,-97333.84054731554,18254.92578125,-79078.91476606554,298.7770177371046,72.89845414870321,1.0037454069513292
319000,637.999999998737,-97869.88102615083,18369.8984375,-79499.98258865083,300.65876668351615,72.68615574139426,1.0066771007390376
319500,638.9999999987134,-97541.70723982161,18280.23046875,-79261.47677107161,299.191177682569,73.11496801761143,1.000773036076387
320000,639.9999999986898,-97573.77412013448,18145.30859375,-79428.46552638448,296.9829213509326,72.67220594474917,1.006870337488356
320500,640.9999999986661,-97442.87707956758,18331.419921875,-79111.45715769258,300.02899166919116,72.34866604713746,1.0113730151975346
321000,641.9999999986425,-97889.61182772508,18156.607421875,-79733.00440585008,297.16784843371363,72.49733210096477,1.0092990514976365
321500,642.9999999986188,-97881.51846663945,18446.408203125,-79435.11026351445,301.91099634882005,72.64968713834399,1.0071824313059363
322000,643.9999999985952,-97878.01498660923,18487.431640625,-79390.58334598423,302.5824239109175,72.1638870417614,1.0139626830698354
322500,644.9999999985715,-97534.0943992174,18312.849609375,-79221.2447898424,299.7250527403956,72.2683559829614,1.0124969294010844
323000,645.9999999985479,-97531.92125355813,18197.87890625,-79334.04234730813,297.8433357606362,72.03528918745094,1.0157728156710155
323500,646.9999999985242,-97580.7483477607,18463.4453125,-79117.3030352607,302.18984145566526,72.57472070263005,1.0082228056436908
324000,647.9999999985006,-97136.58632581565,18358.888671875,-78777.69765394065,300.47857066525563,72.70122794608386,1.0064683994041723
324500,648.9999999984769,-98051.31278249854,18120.5859375,-79930.72684499854,296.57828746781365,71.67367335615512,1.0208977034289142
325000,649.9999999984533,-97684.14176890819,18415.857421875,-79268.28434703319,301.41097397563743,72.32561005636606,1.0116954211459483
325500,650.9999999984296,-97739.36091211427,18234.08984375,-79505.27106836427,298.4359974917963,72.48092066738828,1.0095275812153879
326000,651.999999998406,-97680.86277407804,18225.404296875,-79455.45847720304,298.2938417896135,72.1966954001703,1.0135019078094856
326500,652.9999999983823,-97669.21264528856,18549.953125,-79119.25952028856,303.60570841340757,72.06279164768965,1.0153851502637259
327000,653.9999999983587,-97405.32475955295,18430.77734375,-78974.54741580295,301.6551672315345,72.17889832872227,1.0137518058584118
327500,654.999999998335,-97249.47493954899,17985.521484375,-79263.95345517399,294.36769757056913,72.33458899131188,1.0115698388001009
328000,655.9999999983114,-97531.86189183971,18520.474609375,-79011.38728246471,303.1232357322641,73.06659982875667,1.0014355217993183
328500,656.9999999982878,-97159.04102376278,18249.99609375,-78909.04493001278,298.6963339070373,73.12467001097353,1.0006402560809142
329000,657.9999999982641,-97464.78272030904,18414.5390625,-79050.24365780904,301.38939648542527,73.12162879547725,1.0006818738991048
329500,658.9999999982405,-98045.42462600436,18806.4140625,-79239.01056350436,307.80318557603806,72.52919048479276,1.008855717767246
330000,659.9999999982168,-97350.20966651727,18340.90234375,-79009.30732276727,300.18418976545775,72.49853004651084,1.0092823741208317
330500,660.9999999981932,-97412.82733240793,18558.31640625,-78854.51092615793,303.74258961798296,72.28808790227644,1.0122205559584132
331000,661.9999999981695,-97228.89568852546,18811.533203125,-78417.36248540046,307.88697017136553,72.75603833622469,1.0057101815723983
331500,662.9999999981459,-97560.80665337207,19169.703125,-78391.10352837207,313.7491107455474,72.59505362351436,1.0079404156802199
332000,663.9999999981222,-97630.49183412152,18793.259765625,-78837.23206849652,307.5878901736992,72.93150210705649,1.0032905728200159
332500,664.9999999980986,-97541.61972069583,18496.37890625,-79045.24081444583,302.72886314449056,73.4832291124098,0.9957576634755666
333000,665.9999999980749,-97590.54247240594,18364.27734375,-79226.26512865594,300.566766658582,72.90174526747882,1.0037000932850701
333500,666.9999999980513,-98100.81842626404,18590.240234375,-79510.57819188904,304.2650845476384,72.17258950594564,1.0138404209479692
334000,667.9999999980276,-97608.58381814993,18335.203125,-79273.38069314993,300.090911074437,72.09066443772778,1.0149925666008912
334500,668.999999998004,-97046.39939900232,18280.1875,-78766.21189900232,299.1904744162213,72.45282320217508,1.009919079639346
335000,669.9999999979804,-97062.3115663398,17927.87890625,-79134.4326600898,293.42426576519006,72.49602391886314,1.0093172641785948
335500,670.9999999979567,-97277.7043864695,18109.62890625,-79168.0754802195,296.39895454916166,73.44187182117997,0.9963184040811839
336000,671.9999999979331,-97847.30805077142,18448.15625,-79399.15180077142,301.93960650250875,73.24631885656113,0.9989783741747519
336500,672.9999999979094,-97415.53077875066,18295.46875,-79120.06202875066,299.44058150276913,72.88376125282004,1.0039477555472858
337000,673.9999999978858,-97500.31830069807,18534.037109375,-78966.28119132307,303.3452121649057,73.21401493316934,0.9994191493582855
337500,674.9999999978621,-97619.2901734502,18464.189453125,-79155.1007203252,302.20202075014055,72.47118061398972,1.009663260701565
338000,675.9999999978385,-97421.73891073646,18708.234375,-78713.50453573646,306.19628590495097,72.55408567788879,1.0085095531417092
338500,676.9999999978148,-97288.94427741703,18278.77734375,-79010.16693366703,299.1673944933574,73.18759798808617,0.9997798880832804
339000,677.9999999977912,-96907.29898533254,18272.572265625,-78634.72671970754,299.0658364394256,73.02992831498494,1.0019383862738767
339500,678.9999999977675,-97719.578911361,18445.208984375,-79274.369926986,301.89136882439004,72.99592656056298,1.0024050926308095
340000,679.9999999977439,-97774.77680766239,18669.578125,-79105.19868266239,305.5636019252788,72.44754556502069,1.009992649922729
340500,680.9999999977202,-97657.60893453035,18133.61328125,-79523.99565328035,296.79150503776174,73.20625841072095,0.999525042177228
341000,681.9999999976966,-97372.72678320843,18600.3984375,-78772.32834570843,304.43134310555445,73.15116363696158,1.0002778477831493
341500,682.999999997673,-97055.7131484726,18051.9140625,-79003.7990859726,295.45433997765247,73.25025992217921,0.9989246263883571
342000,683.9999999976493,-97369.65990528383,18460.34375,-78909.31615528383,302.1390784120254,72.95197337401707,1.003009036513247
342500,684.9999999976257,-97923.64526219649,18809.62109375,-79114.02416844649,307.85567481889484,72.35376351622044,1.0113017619216056
343000,685.999999997602,-97767.48287728388,18306.412109375,-79461.07076790888,299.619690654856,72.06450087228421,1.0153610673761628
343500,686.9999999975784,-97297.73283517954,18244.2578125,-79053.47502267954,298.60241588297316,72.87339487109205,1.0040905690622506
344000,687.9999999975547,-97369.91975320404,18117.029296875,-79252.89045632904,296.52007619421914,72.2950033834408,1.0121237305643844
344500,688.9999999975311,-97352.4165520125,18318.26171875,-79034.1548332625,299.8136323335479,72.83311894880255,1.0046458202215425
345000,689.9999999975074,-97567.3728102058,18509.14453125,-79058.2282789558,302.93779718304836,73.41851897336447,0.996635311482636
345500,690.9999999974838,-97703.82252155873,18418.119140625,-79285.70338093373,301.4479913588458,73.33613617106822,0.9977548906439351
346000,691.9999999974601,-97860.10024122964,18043.443359375,-79816.65688185464,295.31570060720793,72.95028054165454,1.003032311628083
346500,692.9999999974365,-97417.50026112661,18162.34375,-79255.15651112661,297.2617344911256,72.96617793281949,1.0028137775420065
347000,693.9999999974128,-97896.35515544965,18512.27734375,-79384.07781169965,302.98907169312287,72.66989811809292,1.0069023133444455
347500,694.9999999973892,-98034.43263320829,18381.208984375,-79653.22364883329,300.84388556621025,72.49357513961422,1.009351358167853
348000,695.9999999973655,-97760.61858388042,18183.1015625,-79577.51702138042,297.60147607034725,72.4001149505602,1.0106543142311233
348500,696.9999999973419,-97493.85692369775,18303.1875,-79190.66942369775,299.56691371212975,72.770200607176,1.0055144539260392
349000,697.9999999973182,-97025.486485272,18021.751953125,-79003.734532147,294.9606789682508,72.80224278559277,1.0050719006158586
349500,698.9999999972946,-97525.42214133806,18408.546875,-79116.87526633806,301.29132279657955,73.05263327936854,1.0016269809986158
350000,699.999999997271,-97418.71096044953,18352.8828125,-79065.82814794953,300.3802732098448,72.67292627959912,1.006860357378422
350500,700.9999999972473,-97577.60659959336,18246.06640625,-79331.54019334336,298.632017002879,72.06409309612084,1.0153668128177926
351000,701.9999999972237,-97463.20543055801,18243.328125,-79219.87730555801,298.5871997565421,72.76821235178795,1.0055419277290387
351500,702.9999999972,-97858.97161114984,18321.671875,-79537.29973614984,299.86944610823,72.45865118570578,1.0098378499770881
352000,703.9999999971764,-96844.95537920407,18336.85546875,-78508.09991045407,300.11795486216954,73.7964967893183,0.9915306513059864
352500,704.9999999971527,-96670.20620869327,18341.486328125,-78328.71988056827,300.1937477944554,73.4327680666929,0.9964419216657788
353000,705.9999999971291,-97317.71541377675,18765.703125,-78552.01228877675,307.1368726782872,72.92949346204138,1.0033182057365788
353500,706.9999999971054,-97278.24213790952,18638.859375,-78639.38276290952,305.0608304200099,72.04488982996072,1.015637454624626
354000,707.9999999970818,-97490.15145607991,18194.4375,-79295.71395607991,297.78701051951947,72.1621028719338,1.0139877527608983
354500,708.9999999970581,-97362.28718044225,18398.029296875,-78964.25788356725,301.11918237466494,72.50782687691571,1.009152965649126
355000,709.9999999970345,-96946.56996859529,18392.36328125,-78554.20668734529,301.026447116731,72.30326498902447,1.0120080820239616
355500,710.9999999970108,-97528.27218145301,18427.2265625,-79101.04561895301,301.5970518578965,73.09524603810998,1.0010430567189443
356000,711.9999999969872,-97482.11502216652,18102.7578125,-79379.35720966652,296.28649586684116,72.82952382696415,1.0046954130780976
356500,712.9999999969635,-97385.9926818448,18484.796875,-78901.1958068448,302.5393008971454,73.27558772659312,0.9985793467618624
357000,713.9999999969399,-97374.76791708788,18202.404296875,-79172.36362021288,297.91740249370514,72.82696088299024,1.0047307705614164
357500,714.9999999969162,-97391.00098520558,18283.59375,-79107.40723520558,299.24622425759907,72.2585540978479,1.012634274781208
358000,715.9999999968926,-97605.57646297186,18250.3046875,-79355.27177547186,298.7013846380795,72.35291601148215,1.0113136077888119
358500,716.999999996869,-98141.07638011768,18007.306640625,-80133.76973949268,294.72425360883017,72.11487169183472,1.014651857640313
359000,717.9999999968453,-97948.05686780991,18277.91796875,-79670.13889905991,299.1533291664043,73.28659651820146,0.998429344545152
359500,718.9999999968217,-97714.90122872405,18316.55078125,-79398.35044747405,299.7856295462504,72.86031672241197,1.0042707994859048
360000,719.999999996798,-97877.17922866228,18243.58203125,-79633.59719741228,298.5913554213237,72.38083781100285,1.0109234811107681
360500,720.9999999967744,-97169.18279541342,18167.96484375,-79001.21795166342,297.3537345160597,72.54264119422957,1.0086686577856965
361000,721.9999999967507,-97664.76039412571,18555.916015625,-79108.84437850071,303.7033026024707,72.36508232955866,1.0111435815464396
361500,722.9999999967271,-97407.81243208889,18516.52734375,-78891.28508833889,303.0586311282364,73.10066786476843,1.0009688100384457
362000,723.9999999967034,-97544.72135657154,18613.54296875,-78931.17838782154,304.64647867463253,72.77125428663506,1.0054998947441718
362500,724.9999999966798,-97244.60889685043,18183.25,-79061.35889685043,297.60390553591185,72.39490400266075,1.010727060608073
363000,725.9999999966561,-97620.96050515765,18636.5703125,-78984.39019265765,305.0233655036712,73.03095576072009,1.0019242903701446
363500,726.9999999966325,-97137.73461923539,18510.142578125,-78627.59204111039,302.95413214230524,73.12057683597257,1.0006962703501991
364000,727.9999999966088,-97829.62952298427,18420.3515625,-79409.27796048427,301.48452924227166,72.33546002627416,1.011557657876719
364500,728.9999999965852,-97567.30493518664,18143.392578125,-79423.91235706164,296.9515620651576,72.83223622665058,1.004657996466106
365000,729.9999999965615,-98138.28609464376,18142.076171875,-79996.20992276876,296.93001654159764,72.39774014503622,1.0106874659212652
365500,730.9999999965379,-98075.36494430742,18113.564453125,-79961.80049118242,296.46336735327645,72.34079188962454,1.01148310122532
366000,731.9999999965142,-97466.4492581251,18337.40234375,-79129.0469143751,300.1269055247761,72.27698410287687,1.012376061810532
366500,732.9999999964906,-97216.22738651006,18040.86328125,-79175.36410526006,295.27347265969644,72.78636987509051,1.0052910819866865
367000,733.999999996467,-97844.00503120106,18252.5,-79591.50503120106,298.73731515511423,72.3952645846069,1.010722026439987
367500,734.9999999964433,-98032.80693756131,17931.828125,-80100.97881256131,293.48890233586997,72.65409178748823,1.0071213709427136
368000,735.9999999964197,-98151.4859466303,18550.71875,-79600.7671966303,303.6182393410567,71.92552121083988,1.017323021005585
368500,736.999999996396,-97773.62583006622,18524.19921875,-79249.42661131622,303.1841961379449,72.47674076130775,1.0095858030729226
369000,737.9999999963724,-97114.0685966016,18407.71484375,-78706.3537528516,301.2777050027568,72.83564238969157,1.0046110135766286
369500,738.9999999963487,-97614.20467117417,18209.873046875,-79404.33162429917,298.0396429715884,72.0246612527083,1.0159227027653877
370000,739.9999999963251,-97991.74695228238,18243.1328125,-79748.61413978238,298.5840030913255,73.15480829266279,1.000228012803798
370500,740.9999999963014,-97613.96921690123,18456.03125,-79157.93796690123,302.06849604404255,72.84086812223663,1.0045389410079717
371000,741.9999999962778,-97479.31810480618,18299.9921875,-79179.32591730618,299.5146162691859,72.73001959569464,1.006069968527059
371500,742.9999999962541,-97469.49044910423,18123.486328125,-79346.00412097923,296.6257579462804,72.93172217183282,1.0032875454828172
372000,743.9999999962305,-97676.60045642557,18331.1484375,-79345.45201892557,300.0245483045401,72.9372080925991,1.0032120839162963
372500,744.9999999962068,-97814.08108919841,18525.60546875,-79288.47562044841,303.2072121275046,72.8342817224169,1.0046297814054261
373000,745.9999999961832,-97464.87582972279,18551.775390625,-78913.10043909779,303.6355332998786,72.3995920338165,1.010661613831137
373500,746.9999999961595,-97066.76608007727,18787.06640625,-78279.69967382727,307.4865239196804,72.74565033618742,1.0058537958964902
374000,747.9999999961359,-97155.48715961573,18527.390625,-78628.09653461573,303.23642964758443,73.40765597316101,0.996782795412587
374500,748.9999999961123,-97531.86243694037,18246.02734375,-79285.83509319037,298.6313776698357,72.67552826414642,1.0068243089979871
375000,749.9999999960886,-97560.47145563219,18431.900390625,-79128.57106500719,301.67354805653,72.45132465601834,1.0099399682892443
375500,750.999999996065,-97334.59015555726,18321.1015625,-79013.48859305726,299.86011184579746,72.90099681942992,1.0037103979092765
376000,751.9999999960413,-97562.66122059646,18555.6953125,-79006.96590809646,303.699690370776,72.9188658269445,1.003464435380385
376500,752.9999999960177,-98079.7209815855,18616.54296875,-79463.1780128355,304.6955794523597,72.04695884123615,1.0156082880174693
377000,753.999999995994,-97550.43138368416,18518.1953125,-79032.23607118416,303.08593064918625,72.53610905036957,1.0087594921145013
377500,754.9999999959704,-97929.20147403481,18418.484375,-79510.71709903481,301.45396912280086,72.70833483738885,1.0063700219412244
378000,755.9999999959467,-97191.73458502418,18230.6015625,-78961.13302252418,298.3789050510276,72.87807495795515,1.0040260883376384
378500,756.9999999959231,-97405.5768328582,18367.73828125,-79037.8385516082,300.6234115662204,73.25708301711822,0.9988315875000742
379000,757.9999999958994,-97423.98052111326,18286.369140625,-79137.61138048826,299.29164887032715,73.2130589482823,0.9994321993471308
379500,758.9999999958758,-97480.63274462265,18590.65625,-78889.97649462265,304.27189344454973,73.19869539593417,0.9996283148193545
380000,759.9999999958521,-97096.35257192736,18494.40234375,-78601.95022817736,302.69651289249845,73.27613164630178,0.9985719344302457
380500,760.9999999958285,-97115.36436516594,18382.18359375,-78733.18077141594,300.8598369256411,72.9927705479425,1.0024484339521407
381000,761.9999999958048,-96830.95156978047,18351.927734375,-78479.02383540547,300.36464151693554,72.92052283156549,1.0034416332234357
381500,762.9999999957812,-96460.89709876123,18605.42578125,-77855.47131751123,304.51362526823004,73.56712075483458,0.9946221596664068
382000,763.9999999957575,-96745.60450107226,18621.9453125,-78123.65918857226,304.78399921225116,73.32660670949078,0.9978845579955388
382500,764.9999999957339,-97136.08133234299,18365.453125,-78770.62820734299,300.586010583186,72.74768531893376,1.0058256589858652
383000,765.9999999957103,-97189.181882935,18108.71484375,-79080.467039185,296.3839941559479,73.07163512868867,1.0013665137881256
383500,766.9999999956866,-97560.32619671652,18049.65625,-79510.66994671652,295.4173865277484,72.95596630311006,1.002954141154233
384000,767.999999995663,-98018.71965713747,18125.533203125,-79893.18645401247,296.6592589977505,72.58538243013118,1.008074712509036
384500,768.9999999956393,-97973.73365829943,18230.8046875,-79742.92897079943,298.38222958285286,72.58379368188591,1.008096777722899
385000,769.9999999956157,-97964.9626078321,18329.875,-79635.0876078321,300.00370604732774,72.41291894738971,1.0104756111098674
385500,770.999999995592,-97592.7291801679,18381.58984375,-79211.1393364179,300.8501190633826,73.29467458570112,0.9983193040860809
386000,771.9999999955684,-97494.58726669365,18443.37890625,-79051.20836044365,301.8614160713104,72.72143767006234,1.0061886957954882
386500,772.9999999955447,-97245.9667245876,18679.953125,-78566.0135995876,305.73340878158535,72.96964800335873,1.0027660887475418
387000,773.9999999955211,-97205.16931501433,18477.779296875,-78727.39001813933,302.42444471591244,73.54585245941105,0.9949097886382546
387500,774.9999999954974,-97610.69305231998,18514.21875,-79096.47430231998,303.020846545376,72.88776443107116,1.0038926162265556
388000,775.9999999954738,-97636.55870188499,18518.33984375,-79118.21885813499,303.08829618144654,72.48237097892815,1.0095073814139592
388500,776.9999999954501,-97510.36415630294,18251.060546875,-79259.30360942794,298.71375573246786,73.17416925178497,0.9999633651300798
389000,777.9999999954265,-97538.571002379,17939.10546875,-79599.465533629,293.608010081841,72.26408391839924,1.0125567855843618
389500,778.9999999954028,-97862.84620810824,17978.46484375,-79884.38136435824,294.2522020562929,73.02053906290571,1.0020672192323472
390000,779.9999999953792,-97563.01687645365,18260.2734375,-79302.74343895365,298.86454243073547,72.86923428113062,1.0041478992810078
390500,780.9999999953556,-97456.19140244572,17996.078125,-79460.11327744572,294.5404773255271,72.76919554056965,1.0055283417942826
391000,781.9999999953319,-97634.50493130583,17924.6796875,-79709.82524380583,293.3719043889419,72.06229159833673,1.015392196149668
391500,782.9999999953083,-97327.5421324423,18029.95703125,-79297.5851011923,295.09497087400075,72.6724455757951,1.0068670174213048
392000,783.9999999952846,-97962.63210500986,18430.8359375,-79531.79616750986,301.6561262310995,72.67304151716246,1.0068587608010424
392500,784.999999995261,-97512.8957415169,18124.76171875,-79388.1340227669,296.64663217014487,72.94801523092805,1.0030634595605845
393000,785.9999999952373,-97214.39858739177,18162.544921875,-79051.85366551677,297.2650270562987,73.03895447993169,1.0018145665778613
393500,786.9999999952137,-97738.6199630429,18667.53515625,-79071.0848067929,305.53016480711307,72.41825301092949,1.010401183173664
394000,787.99999999519,-97641.45850349398,18447.40625,-79194.05225349398,301.92733130807693,72.57914619354548,1.0081613295710015
394500,788.9999999951664,-97610.5675568218,18132.921875,-79477.6456818218,296.780188842895,72.95361362355376,1.0029864854013044
395000,789.9999999951427,-97921.27568723098,18463.625,-79457.65068723098,302.1927823876645,73.10341572499581,1.0009311849513733
395500,790.9999999951191,-97573.4352459773,18023.41796875,-79550.0172772273,294.98794652254855,73.5281347854115,0.9951495266289639
396000,791.9999999950954,-97938.36339110666,18224.099609375,-79714.26378173166,298.2724880659665,72.59719071391966,1.0079107442870119
396500,792.9999999950718,-97628.56567861384,18481.79296875,-79146.77270986384,302.4901361861139,72.5457005068618,1.0086261213880197
397000,793.9999999950481,-97634.23849164182,18470.896484375,-79163.34200726682,302.31179423367905,72.42905972487205,1.0102504271567385
397500,794.9999999950245,-97439.7208894302,18275.224609375,-79164.4962800552,299.1092471530672,72.42630898222531,1.010288796348444
398000,795.9999999950008,-97609.91867578635,18608.9921875,-79000.92648828635,304.5719963750854,72.79380745933904,1.0051883680694245
398500,796.9999999949772,-97690.2863872791,18356.607421875,-79333.6789654041,300.4412336155256,72.55399108612322,1.0085108679790846
399000,797.9999999949536,-97838.2671015421,18260.12890625,-79578.1381952921,298.8621768984752,71.67109247088743,1.0209344660866573
399500,798.9999999949299,-97614.30269253999,18682.61328125,-78931.68941128999,305.7769473618356,72.29742315891406,1.0120898550530302
400000,799.9999999949063,-97391.98700008931,18458.41796875,-78933.56903133931,302.1075592929896,72.54455932313057,1.0086419878807156
400500,800.9999999948826,-97580.0421802387,18327.912109375,-79252.1300708637,299.9715795619008,72.43778724593544,1.0101287091664806
401000,801.999999994859,-98168.646452924,18370.05859375,-79798.587859174,300.66138794899376,72.22247974676789,1.0131400746993529
401500,802.9999999948353,-97367.97245995275,18261.53125,-79106.44120995275,298.8851289547305,73.28133772763206,0.9985009934940403
402000,803.9999999948117,-98219.9348481929,18372.068359375,-79847.8664888179,300.6942816340727,72.53310885859368,1.0088012175000491
402500,804.999999994788,-97711.57860893203,18167.365234375,-79544.21337455703,297.3439207538447,72.90220979642778,1.0036936977622086
403000,805.9999999947644,-97635.8305508676,18301.46484375,-79334.3657071176,299.53871912491917,72.55871752110541,1.0084451741354064
403500,806.9999999947407,-97570.71851833351,18224.923828125,-79345.79469020851,298.2859779931806,72.42974114322055,1.010240922729872
