frame,time_ns,protein_ca_rmsd_nm,ligand_rmsd_nm
0,0.0,0.0,0.0
1,0.001,0.04116613,4.578215
2,0.002,0.049228944,0.19151069
3,0.003,0.046047732,0.118886285
4,0.004,0.041046616,4.6787853
5,0.005,0.052018188,4.7026024
6,0.006,0.060188793,4.562322
7,0.007,0.060944594,4.4684625
8,0.008,0.07787528,4.586126
9,0.009,0.07903559,4.5535755
10,0.01,0.09840269,4.515476
11,0.011,0.10689707,0.22804542
12,0.012,0.1021351,4.5415816
13,0.013,0.09332797,4.6526914
14,0.014,0.08787944,4.501234
15,0.015,0.10069893,4.490113
16,0.016,0.0919994,4.4545803
17,0.017,0.10010022,4.3926735
18,0.018,0.085599884,4.454578
19,0.019,0.088752486,4.389904
20,0.02,0.09356981,4.4456763
21,0.021,0.10346647,4.52986
22,0.022,0.0923762,4.426344
23,0.023,0.099500805,4.4233675
24,0.024,0.107424565,4.4656005
25,0.025,0.12633198,4.4740725
26,0.026,0.124301225,4.571405
27,0.027,0.11067413,6.4764585
28,0.028,0.110809825,4.495064
29,0.029,0.10648155,4.505945
30,0.03,0.10915865,6.5312643
31,0.031,0.12009493,6.519764
32,0.032,0.09075267,4.4582624
33,0.033,0.08997875,4.57188
34,0.034,0.091844715,4.5032215
35,0.035,0.09862387,4.4341397
36,0.036,0.10648481,4.4363356
37,0.037,0.118698336,4.4067163
38,0.038,0.1414716,4.428643
39,0.039,0.13437864,4.390637
40,0.04,0.12635942,4.243532
41,0.041,0.1259769,4.162707
42,0.042,0.1312259,6.5248384
43,0.043,0.13409188,6.4733934
44,0.044,0.12573902,6.391186
45,0.045,0.12057764,6.32996
46,0.046,0.119374715,6.263183
47,0.047,0.108938694,6.1948195
48,0.048,0.09923266,6.319667
49,0.049,0.10276302,6.3666525
50,0.05,0.10607857,6.3451114
51,0.051,0.09870355,4.023288
52,0.052,0.093944,4.0000806
53,0.053,0.07613013,4.0144825
54,0.054,0.06716781,4.049814
55,0.055,0.06979519,4.060085
56,0.056,0.07105254,6.4467955
57,0.057,0.07025658,6.414529
58,0.058,0.067810126,6.471913
59,0.059,0.070923895,3.9890695
60,0.06,0.0732341,3.8767452
61,0.061,0.07898438,6.4090977
62,0.062,0.07892289,6.4231625
63,0.063,0.078474894,6.4391603
64,0.064,0.07391363,6.4046974
65,0.065,0.07931008,3.7931228
66,0.066,0.10003726,6.4263186
67,0.067,0.114911914,6.465914
68,0.068,0.11031162,6.420514
69,0.069,0.09805022,6.385565
70,0.07,0.082293645,6.3771152
71,0.071,0.08401534,6.401956
72,0.072,0.09118155,6.426201
73,0.073,0.08611957,6.371618
74,0.074,0.08584531,6.4036155
75,0.075,0.09207036,6.3769445
76,0.076,0.080298685,6.311251
77,0.077,0.09238058,6.1914873
78,0.078,0.07968451,6.3010683
79,0.079,0.09073356,6.176488
80,0.08,0.08484436,6.1484637
81,0.081,0.08879545,6.192169
82,0.082,0.08404835,6.304523
83,0.083,0.08246764,6.2871227
84,0.084,0.089913845,6.296387
85,0.085,0.08555463,6.345624
86,0.086,0.07738986,6.3371673
87,0.087,0.09009878,6.295107
88,0.088,0.096033506,6.2920475
89,0.089,0.09731177,6.2336254
90,0.09,0.09557077,6.416777
91,0.091,0.07971279,6.388307
92,0.092,0.07473174,6.390183
93,0.093,0.05539213,6.3544283
94,0.094,0.04906665,6.1981134
95,0.095,0.063804194,6.17318
96,0.096,0.06845232,6.281705
97,0.097,0.065671064,6.2246823
98,0.098,0.056511905,6.2140694
99,0.099,0.06870179,6.2775884
100,0.1,0.07044144,6.291477
101,0.101,0.090667926,6.3381
102,0.102,0.11540578,6.2277074
103,0.103,0.11326339,6.3138256
104,0.104,0.11002937,6.283043
105,0.105,0.097448885,6.3815384
106,0.106,0.09365192,3.6551352
107,0.107,0.08444764,3.7862625
108,0.108,0.07166649,6.3403053
109,0.109,0.079901814,6.293384
110,0.11,0.09633217,3.592794
111,0.111,0.10442842,6.2657633
112,0.112,0.12137075,6.294939
113,0.113,0.12530158,6.28063
114,0.114,0.12225897,6.277763
115,0.115,0.11244189,6.311407
116,0.116,0.09475264,6.27904
117,0.117,0.11589257,6.2349043
118,0.118,0.116852626,6.2054863
119,0.119,0.102859154,6.3245835
120,0.12,0.11107761,6.3969975
121,0.121,0.10759069,3.6870224
122,0.122,0.11409063,6.3500953
123,0.123,0.10295576,6.2819476
124,0.124,0.09389662,6.3898377
125,0.125,0.10329204,6.4318614
126,0.126,0.09414497,6.385527
127,0.127,0.10191529,6.5795283
128,0.128,0.104903325,6.656729
129,0.129,0.12118154,6.7186913
130,0.13,0.12265356,6.7864695
131,0.131,0.12804835,6.8398113
132,0.132,0.12820081,6.831933
133,0.133,0.14357834,6.780121
134,0.134,0.14693743,3.6785457
135,0.135,0.12522775,6.84321
136,0.136,0.13777243,6.7902617
137,0.137,0.12722191,6.7273865
138,0.138,0.11347038,6.618652
139,0.139,0.12086204,6.6549845
140,0.14,0.1310937,6.6286
141,0.141,0.14066364,6.6161685
142,0.142,0.14891721,6.6767173
143,0.143,0.13849212,6.6972346
144,0.144,0.15767431,6.6475425
145,0.145,0.14235377,6.505559
146,0.146,0.14886715,6.50868
147,0.147,0.14058718,6.454521
148,0.148,0.14686346,6.4349318
149,0.149,0.15269013,6.4889936
150,0.15,0.14510319,6.5262136
151,0.151,0.120456785,6.467206
152,0.152,0.11606001,6.5232444
153,0.153,0.12381623,6.6132684
154,0.154,0.123911425,6.6239886
155,0.155,0.1370734,6.6363387
156,0.156,0.13451965,6.536541
157,0.157,0.1363017,6.5724483
158,0.158,0.13657494,6.57896
159,0.159,0.12257719,6.536785
160,0.16,0.13033183,6.4743953
161,0.161,0.13653727,6.479538
162,0.162,0.12903577,6.41918
163,0.163,0.14192396,6.395252
164,0.164,0.121168666,6.288413
165,0.165,0.12278496,6.281758
166,0.166,0.12915263,6.2699227
167,0.167,0.12334901,6.281023
168,0.168,0.14244875,6.314051
169,0.169,0.12564705,6.307554
170,0.17,0.10415465,6.4161124
171,0.171,0.119146444,6.3020153
172,0.172,0.118663274,6.367988
173,0.173,0.1536723,6.4390974
174,0.174,0.128878,6.319055
175,0.175,0.14599666,6.4079127
176,0.176,0.15076181,6.3509727
177,0.177,0.15420245,6.4357414
178,0.178,0.15357673,6.4885097
179,0.179,0.14026202,6.558184
180,0.18,0.14517526,6.5616555
181,0.181,0.14914332,6.5569215
182,0.182,0.14119925,6.5119023
183,0.183,0.14108458,6.560979
184,0.184,0.15661947,6.5957966
185,0.185,0.14612566,6.727042
186,0.186,0.16197383,6.6593895
187,0.187,0.16483328,6.6207166
188,0.188,0.16724941,6.6219974
189,0.189,0.17372568,6.566026
190,0.19,0.16562873,6.591122
191,0.191,0.18431233,6.5632215
192,0.192,0.19987799,6.540691
193,0.193,0.19065802,6.531997
194,0.194,0.1888083,6.453909
195,0.195,0.1747626,6.5592666
196,0.196,0.17381117,3.1740365
197,0.197,0.15640898,6.594881
198,0.198,0.14410031,3.2389987
199,0.199,0.13133773,3.1907525
200,0.2,0.14150143,3.1634138
201,0.201,0.16086814,3.1253686
202,0.202,0.16740796,3.1593854
203,0.203,0.18206652,3.11737
204,0.204,0.19597867,3.0911746
205,0.205,0.19557333,2.9322376
206,0.206,0.20645982,2.8663955
207,0.207,0.1907741,3.01293
208,0.208,0.19259022,3.080028
209,0.209,0.19363806,3.0953116
210,0.21,0.17000179,6.4309516
211,0.211,0.17180504,3.1668596
212,0.212,0.19023648,3.2352521
213,0.213,0.17755249,3.4214149
214,0.214,0.1758917,6.6949935
215,0.215,0.16307841,6.670618
216,0.216,0.17075422,6.7119064
217,0.217,0.18471079,3.6973016
218,0.218,0.1637776,3.629499
219,0.219,0.166143,3.6271358
220,0.22,0.16660956,6.6857038
221,0.221,0.16110726,3.5847814
222,0.222,0.16380194,3.7596595
223,0.223,0.16273105,3.7706664
224,0.224,0.16829671,3.796019
225,0.225,0.16628836,3.82543
226,0.226,0.18199094,3.9415665
227,0.227,0.16596583,4.0156803
228,0.228,0.18197411,4.141387
229,0.229,0.19364224,4.108759
230,0.23,0.19747032,4.169562
231,0.231,0.1862542,4.207003
232,0.232,0.18419439,6.931317
233,0.233,0.20279409,4.2473474
234,0.234,0.20025674,4.3260136
235,0.235,0.17893873,6.981522
236,0.236,0.20134906,4.3016453
237,0.237,0.17630164,4.4901695
238,0.238,0.18631749,4.4017615
239,0.239,0.18463755,4.55888
240,0.24,0.18095934,4.640347
241,0.241,0.17692018,4.685462
242,0.242,0.18433365,4.630718
243,0.243,0.17819685,4.5566325
244,0.244,0.17343733,4.642554
245,0.245,0.16039066,4.70932
246,0.246,0.17335866,4.8229394
247,0.247,0.17790698,4.7420692
248,0.248,0.1715512,4.803736
249,0.249,0.18389761,4.7941294
250,0.25,0.17439511,4.736662
251,0.251,0.17467494,4.606642
252,0.252,0.17518048,7.2119365
253,0.253,0.16508205,7.267783
254,0.254,0.13128051,7.257711
255,0.255,0.12749465,5.682908
256,0.256,0.14699839,5.6942
257,0.257,0.14343697,5.6317954
258,0.258,0.14060198,5.728123
259,0.259,0.12720783,5.6354704
260,0.26,0.13697132,5.5950675
261,0.261,0.13450891,5.6639156
262,0.262,0.1407269,5.7632484
263,0.263,0.14057814,5.595836
264,0.264,0.12357372,5.592233
265,0.265,0.12245831,5.556411
266,0.266,0.12532325,5.4943194
267,0.267,0.13484752,5.485823
268,0.268,0.14881006,5.558782
269,0.269,0.14388275,5.6051855
270,0.27,0.14576845,5.503553
271,0.271,0.16194208,5.608531
272,0.272,0.16102795,5.549503
273,0.273,0.17614356,5.5855885
274,0.274,0.1762341,5.683841
275,0.275,0.17005414,5.6339035
276,0.276,0.18149865,5.571798
277,0.277,0.1550312,5.6117315
278,0.278,0.17829835,5.70146
279,0.279,0.17520125,5.638924
280,0.28,0.16606018,5.7017374
281,0.281,0.15748249,5.75147
282,0.282,0.17645042,5.858461
283,0.283,0.16134457,5.9163575
284,0.284,0.1611521,5.8696446
285,0.285,0.15791497,5.9282413
286,0.286,0.15586407,5.824948
287,0.287,0.14173813,5.8381453
288,0.288,0.14151736,5.750213
289,0.289,0.14434838,5.6391582
290,0.29,0.13992536,5.7350726
291,0.291,0.12501664,5.75007
292,0.292,0.12711601,5.813082
293,0.293,0.14434117,5.786617
294,0.294,0.15020911,5.8825707
295,0.295,0.1616824,5.7193065
296,0.296,0.15024297,5.7073917
297,0.297,0.13208637,5.805975
298,0.298,0.15839554,5.650124
299,0.299,0.15846194,5.676508
300,0.3,0.17398998,5.651846
301,0.301,0.1715613,5.6952844
302,0.302,0.1552067,5.6698823
303,0.303,0.15288495,5.5862904
304,0.304,0.14201353,5.675295
305,0.305,0.12685703,5.647418
306,0.306,0.124829724,5.6527524
307,0.307,0.11637334,5.6309123
308,0.308,0.12108659,5.644728
309,0.309,0.12140455,5.601516
310,0.31,0.118136056,5.6534195
311,0.311,0.1174742,5.661001
312,0.312,0.12750146,5.5835276
313,0.313,0.114334546,5.6527767
314,0.314,0.10429273,5.555981
315,0.315,0.11845657,5.5852165
316,0.316,0.110406935,5.5342836
317,0.317,0.11322358,5.607957
318,0.318,0.1282495,5.6136537
319,0.319,0.1285466,5.440055
320,0.32,0.10700732,5.449775
321,0.321,0.121805705,5.5812626
322,0.322,0.10828841,5.53663
323,0.323,0.10726896,5.4423823
324,0.324,0.109688975,5.384471
325,0.325,0.112547725,5.4560275
326,0.326,0.120347336,5.3990397
327,0.327,0.118532665,5.425809
328,0.328,0.112533346,5.280381
329,0.329,0.11579577,5.3988166
330,0.33,0.11140234,5.5225406
331,0.331,0.12921973,5.5918584
332,0.332,0.12677863,5.5438247
333,0.333,0.12363872,5.5963926
334,0.334,0.12872723,5.589442
335,0.335,0.13588975,5.570416
336,0.336,0.13425343,5.496745
337,0.337,0.12546107,5.491968
338,0.338,0.13207017,5.5564113
339,0.339,0.13220708,5.5605373
340,0.34,0.13074316,5.5182166
341,0.341,0.14032547,5.6215067
342,0.342,0.12982973,5.46766
343,0.343,0.13202026,5.3106613
344,0.344,0.12359991,5.1910615
345,0.345,0.121315494,5.283443
346,0.346,0.12544909,5.243749
347,0.347,0.11285646,5.3381677
348,0.348,0.09891354,5.254959
349,0.349,0.11011916,5.1963496
350,0.35,0.10703756,5.2145634
351,0.351,0.09881357,5.41444
352,0.352,0.09990255,5.4475007
353,0.353,0.11154182,5.3946323
354,0.354,0.120249316,5.395218
355,0.355,0.11795391,5.323722
356,0.356,0.11013805,5.37288
357,0.357,0.11229221,5.365438
358,0.358,0.12607276,5.36926
359,0.359,0.122360565,5.281934
360,0.36,0.12082234,5.18836
361,0.361,0.105774105,5.235378
362,0.362,0.12198588,5.3603315
363,0.363,0.12687707,5.3852606
364,0.364,0.13841072,5.4245243
365,0.365,0.14874129,5.417972
366,0.366,0.12652901,5.405361
367,0.367,0.120589145,5.318851
368,0.368,0.12119156,5.2974854
369,0.369,0.11515811,5.3568726
370,0.37,0.11548789,5.4274063
371,0.371,0.13412076,5.3612127
372,0.372,0.112361155,5.320498
373,0.373,0.12931855,5.294453
374,0.374,0.1355529,5.380852
375,0.375,0.14293765,5.4198728
376,0.376,0.1396322,5.522499
377,0.377,0.14327812,5.4618897
378,0.378,0.13735731,5.513948
379,0.379,0.1395879,5.62228
380,0.38,0.12993787,5.6615767
381,0.381,0.12520328,5.6489997
382,0.382,0.10626965,5.6559296
383,0.383,0.10455232,5.573423
384,0.384,0.10626203,5.5127373
385,0.385,0.097274944,5.506556
386,0.386,0.12969789,5.587041
387,0.387,0.119286075,5.5138326
388,0.388,0.102358386,5.46847
389,0.389,0.10622885,5.446442
390,0.39,0.12272469,5.470754
391,0.391,0.13111795,5.5061073
392,0.392,0.12223013,5.4791617
393,0.393,0.12463789,5.444784
394,0.394,0.1132491,5.4215503
395,0.395,0.12582587,5.4264064
396,0.396,0.1305516,5.394802
397,0.397,0.119581275,5.5084915
398,0.398,0.12512894,5.5785117
399,0.399,0.14471789,5.5977535
400,0.4,0.14856555,5.563036
401,0.401,0.15767212,5.5670533
402,0.402,0.1467548,5.593867
403,0.403,0.14137352,5.569699
404,0.404,0.15468335,5.4978223
405,0.405,0.1385568,5.589565
406,0.406,0.15422231,5.5104704
407,0.407,0.14635569,5.5714493
408,0.408,0.123857304,5.544522
409,0.409,0.12156251,5.4918027
410,0.41,0.13666928,5.464004
411,0.411,0.116224736,5.4403896
412,0.412,0.13262044,5.3620524
413,0.413,0.11519374,5.2353077
414,0.414,0.1548432,5.1150823
415,0.415,0.15139535,5.0640526
416,0.416,0.15997353,5.1488547
417,0.417,0.16989534,5.107581
418,0.418,0.14984158,5.17946
419,0.419,0.16016346,5.04832
420,0.42,0.16720517,4.9788394
421,0.421,0.17236125,4.9483075
422,0.422,0.15440285,4.893803
423,0.423,0.13611287,4.918926
424,0.424,0.14881238,5.0176654
425,0.425,0.15493685,4.980672
426,0.426,0.1405185,4.923101
427,0.427,0.1638919,4.9811225
428,0.428,0.15790546,4.9687214
429,0.429,0.14328054,4.937406
430,0.43,0.13529682,4.889951
431,0.431,0.14188771,4.991986
432,0.432,0.12844224,4.976622
433,0.433,0.13154615,5.087546
434,0.434,0.13245472,4.9705815
435,0.435,0.13591272,5.026192
436,0.436,0.13799752,5.1369753
437,0.437,0.15314406,5.113192
438,0.438,0.15864238,5.180729
439,0.439,0.15316708,5.017104
440,0.44,0.14370911,4.9891076
441,0.441,0.14554028,5.0105133
442,0.442,0.12215208,4.979663
443,0.443,0.11578379,5.019215
444,0.444,0.12956235,4.90264
445,0.445,0.13560747,4.838621
446,0.446,0.13523145,4.9170547
447,0.447,0.12662764,4.995875
448,0.448,0.117161356,5.144051
449,0.449,0.13139844,4.975734
450,0.45,0.13211042,5.0821548
451,0.451,0.11420254,5.1425495
452,0.452,0.10896469,5.061959
453,0.453,0.11366887,4.8857837
454,0.454,0.10365567,4.8791494
455,0.455,0.11752093,4.8909087
456,0.456,0.10630445,5.0764623
457,0.457,0.11119514,4.9478602
458,0.458,0.11264629,4.9614015
459,0.459,0.1090262,4.965804
460,0.46,0.120387666,5.0472565
461,0.461,0.107753344,5.062885
462,0.462,0.114719115,5.0991488
463,0.463,0.12335088,4.9947333
464,0.464,0.12626013,5.0296044
465,0.465,0.1258929,4.8950906
466,0.466,0.12704642,4.8858256
467,0.467,0.14487515,4.8700457
468,0.468,0.1285439,4.8233457
469,0.469,0.14685442,4.8427644
470,0.47,0.16619448,4.75695
471,0.471,0.1724732,4.822866
472,0.472,0.15943465,4.8403344
473,0.473,0.15154073,4.8097186
474,0.474,0.14951257,4.7428503
475,0.475,0.15455812,4.786391
476,0.476,0.14572205,4.783919
477,0.477,0.1464382,4.914315
478,0.478,0.15975769,4.9622874
479,0.479,0.15846303,4.9609375
480,0.48,0.13013744,4.95836
481,0.481,0.13640639,4.986972
482,0.482,0.13932887,4.9977117
483,0.483,0.16410759,5.0540075
484,0.484,0.16028143,5.0439696
485,0.485,0.14803942,5.074403
486,0.486,0.13477163,5.021395
487,0.487,0.14913596,4.8723965
488,0.488,0.15177207,4.887234
489,0.489,0.12506564,4.793188
490,0.49,0.14341602,4.876814
491,0.491,0.15638866,5.0630655
492,0.492,0.16216747,5.0924025
493,0.493,0.15848492,5.156829
494,0.494,0.1524325,5.004792
495,0.495,0.15675633,5.0802813
496,0.496,0.15638569,5.2062545
497,0.497,0.1493176,5.1515665
498,0.498,0.1299174,5.0988755
499,0.499,0.14527754,5.2145886
500,0.5,0.14921306,5.2268367
501,0.501,0.1641921,5.2563787
502,0.502,0.15271397,5.318903
503,0.503,0.1576963,5.398438
504,0.504,0.12959224,5.3960752
505,0.505,0.106086746,5.3825784
506,0.506,0.10603334,5.3732705
507,0.507,0.11378068,5.3775806
508,0.508,0.11410228,5.289575
509,0.509,0.09188121,5.2544203
510,0.51,0.097742625,5.3322983
511,0.511,0.1015955,5.3481855
512,0.512,0.091344945,5.251283
513,0.513,0.10255639,5.1453447
514,0.514,0.09992338,5.1543827
515,0.515,0.10819122,5.14858
516,0.516,0.12462398,5.086357
517,0.517,0.12274541,5.266019
518,0.518,0.13525282,5.3545933
519,0.519,0.12398883,5.3171463
520,0.52,0.12191811,5.4332857
521,0.521,0.12203799,5.2983036
522,0.522,0.13571142,5.4041495
523,0.523,0.135009,5.3362155
524,0.524,0.12335369,5.3993273
525,0.525,0.12010022,5.377322
526,0.526,0.12634799,5.388723
527,0.527,0.122817434,5.4363546
528,0.528,0.11824657,5.430764
529,0.529,0.12962078,5.4667706
530,0.53,0.14085129,5.49557
531,0.531,0.13250011,5.5768337
532,0.532,0.15767725,5.5810876
533,0.533,0.1488252,5.620931
534,0.534,0.14028345,5.513491
535,0.535,0.14181355,5.4067836
536,0.536,0.14148304,5.4255943
537,0.537,0.1380574,5.468677
538,0.538,0.1463707,5.3722057
539,0.539,0.14407344,5.3447685
540,0.54,0.14371032,5.239489
541,0.541,0.15468559,5.3928494
542,0.542,0.16798045,5.3615537
543,0.543,0.15850863,5.392375
544,0.544,0.14460722,5.48973
545,0.545,0.14577797,5.532129
546,0.546,0.14595588,5.571815
547,0.547,0.1383514,5.595836
548,0.548,0.1350103,5.48926
549,0.549,0.122517765,5.507723
550,0.55,0.114772,5.4399776
551,0.551,0.10929729,5.4761124
552,0.552,0.12952799,5.566109
553,0.553,0.11867739,5.6272984
554,0.554,0.11643888,5.639408
555,0.555,0.12582035,5.788226
556,0.556,0.13545094,5.7409487
557,0.557,0.14910728,5.7292695
558,0.558,0.14962426,5.7348266
559,0.559,0.14911193,5.693029
560,0.56,0.15585,5.7728305
561,0.561,0.16760671,5.8221436
562,0.562,0.17645042,5.911459
563,0.563,0.16797185,5.9828057
564,0.564,0.17050762,5.9478226
565,0.565,0.16947296,5.996325
566,0.566,0.18531403,5.908799
567,0.567,0.2066638,5.9278965
568,0.568,0.20137116,5.9122195
569,0.569,0.20084637,5.9227366
570,0.57,0.19102448,5.924055
571,0.571,0.18687505,5.895282
572,0.572,0.18340886,5.8161454
573,0.573,0.16958241,5.9189596
574,0.574,0.15560243,5.9100847
575,0.575,0.1615261,5.9913607
576,0.576,0.15405545,5.888667
577,0.577,0.156938,5.913175
578,0.578,0.14993799,5.990131
579,0.579,0.15178616,5.929008
580,0.58,0.11977687,6.0398445
581,0.581,0.12305157,4.626608
582,0.582,0.1421014,4.607739
583,0.583,0.13579997,4.626064
584,0.584,0.12483759,4.5756383
585,0.585,0.12560979,4.598588
586,0.586,0.12891252,5.7547264
587,0.587,0.122750595,5.771129
588,0.588,0.13819298,5.7215147
589,0.589,0.13657112,5.8491993
590,0.59,0.13675341,5.9621167
591,0.591,0.15449977,6.0203834
592,0.592,0.1426685,4.6272707
593,0.593,0.14880578,4.613555
594,0.594,0.14596538,4.5985208
595,0.595,0.15131667,4.5995555
596,0.596,0.14699642,4.5970573
597,0.597,0.14260569,4.635509
598,0.598,0.14065172,4.6333036
599,0.599,0.13217516,4.634846
600,0.6,0.13928945,4.6102204
601,0.601,0.13547613,4.5678062
602,0.602,0.13696796,4.6359687
603,0.603,0.14697833,4.5972204
604,0.604,0.12719056,4.5844774
605,0.605,0.12849084,4.5942025
606,0.606,0.11855607,4.550517
607,0.607,0.117519945,4.5914917
608,0.608,0.1318218,4.5646486
609,0.609,0.12298203,4.5559034
610,0.61,0.11472667,4.5786657
611,0.611,0.13485909,4.6024103
612,0.612,0.12902008,4.560346
613,0.613,0.117106095,4.577889
614,0.614,0.12039919,5.93817
615,0.615,0.10640064,5.88144
616,0.616,0.11660158,6.0227633
617,0.617,0.1434003,5.973049
618,0.618,0.14518282,5.9781833
619,0.619,0.12905817,5.962012
620,0.62,0.115810744,5.9604692
621,0.621,0.1089981,6.0113363
622,0.622,0.11345816,5.9600315
623,0.623,0.119711705,4.528512
624,0.624,0.11437549,4.5198426
625,0.625,0.12808038,5.921458
626,0.626,0.12265544,5.9808083
627,0.627,0.1383986,5.897221
628,0.628,0.118677884,5.895622
629,0.629,0.10279563,5.8629704
630,0.63,0.12886769,5.9032755
631,0.631,0.13017163,5.8313265
632,0.632,0.10673528,5.794989
633,0.633,0.109540805,5.8506923
634,0.634,0.117467806,5.816644
635,0.635,0.11787794,5.8119597
636,0.636,0.121956505,5.886058
637,0.637,0.1204659,5.862497
638,0.638,0.11362716,5.864024
639,0.639,0.12744659,5.7944617
640,0.64,0.105233386,5.81172
641,0.641,0.10545998,5.870237
642,0.642,0.10024446,5.9292064
643,0.643,0.09356486,5.944631
644,0.644,0.08182454,6.0141554
645,0.645,0.102443054,5.9861903
646,0.646,0.10145432,6.044661
647,0.647,0.08345139,6.073305
648,0.648,0.0885458,6.1169395
649,0.649,0.099957496,6.127366
650,0.65,0.09977866,6.22015
651,0.651,0.09311779,6.254395
652,0.652,0.11401918,6.219695
653,0.653,0.09382641,6.2239327
654,0.654,0.104377486,6.245679
655,0.655,0.099320576,6.240996
656,0.656,0.10065243,6.140168
657,0.657,0.08395271,6.222575
658,0.658,0.09229545,6.16981
659,0.659,0.09998062,6.127383
660,0.66,0.11989214,6.169008
661,0.661,0.12049756,6.181152
662,0.662,0.12542145,6.2753158
663,0.663,0.1368717,6.3276043
664,0.664,0.12809618,6.2951016
665,0.665,0.13198568,6.177755
666,0.666,0.1425611,6.088749
667,0.667,0.1339677,6.168893
668,0.668,0.14644057,6.2285194
669,0.669,0.13488309,6.1365438
670,0.67,0.14957944,6.124006
671,0.671,0.15196693,6.241157
672,0.672,0.13273197,6.263104
673,0.673,0.137573,6.241309
674,0.674,0.13796987,6.27047
675,0.675,0.15138695,6.212687
676,0.676,0.17189552,6.2162724
677,0.677,0.16211544,6.2224054
678,0.678,0.16295643,6.2617135
679,0.679,0.15622891,6.3166595
680,0.68,0.1463308,6.3940344
681,0.681,0.12931453,6.3401484
682,0.682,0.1283441,6.4511175
683,0.683,0.11873388,6.4368453
684,0.684,0.10422787,6.4944835
685,0.685,0.10497548,6.4577622
686,0.686,0.13551708,6.3727884
687,0.687,0.12900575,6.449971
688,0.688,0.12774466,6.5063105
689,0.689,0.120010674,6.550874
690,0.69,0.13003881,6.5211525
691,0.691,0.11748896,6.4304233
692,0.692,0.12430402,6.352782
693,0.693,0.11457745,6.4805346
694,0.694,0.10544135,6.469413
695,0.695,0.119019285,6.55488
696,0.696,0.12935251,6.52404
697,0.697,0.100155056,6.408361
698,0.698,0.113018185,6.4554915
699,0.699,0.12230151,6.391358
700,0.7,0.11529304,6.500007
701,0.701,0.11906832,6.568825
702,0.702,0.122694075,6.547435
703,0.703,0.119374715,6.4797764
704,0.704,0.12741348,6.470807
705,0.705,0.13627838,6.4247417
706,0.706,0.12943827,6.588524
707,0.707,0.14788237,6.670002
708,0.708,0.15251552,6.630762
709,0.709,0.13716571,6.586519
710,0.71,0.1411534,6.656078
711,0.711,0.15632804,6.7009563
712,0.712,0.1577718,6.661406
713,0.713,0.14603506,6.7935605
714,0.714,0.14851809,6.836788
715,0.715,0.12416165,6.744265
716,0.716,0.12801403,6.8587694
717,0.717,0.1303806,6.938195
718,0.718,0.13761291,6.9182734
719,0.719,0.13871439,6.866133
720,0.72,0.13629195,6.8745127
721,0.721,0.16135281,6.8777914
722,0.722,0.16532835,6.8535585
723,0.723,0.1546127,6.7331023
724,0.724,0.15209618,6.7658796
725,0.725,0.15028413,6.855737
726,0.726,0.17242561,6.88051
727,0.727,0.15219268,6.908328
728,0.728,0.15917416,6.9362383
729,0.729,0.1608588,6.9187164
730,0.73,0.15189731,6.862236
731,0.731,0.15008979,6.800341
732,0.732,0.15364295,6.9583845
733,0.733,0.13933757,6.879823
734,0.734,0.1303846,6.9368267
735,0.735,0.115233876,6.888995
736,0.736,0.11131411,6.8073025
737,0.737,0.11507878,6.8088837
738,0.738,0.1270628,6.776533
739,0.739,0.1317174,6.8097234
740,0.74,0.14005996,6.9346304
741,0.741,0.13860768,6.867828
742,0.742,0.11565043,6.9159236
743,0.743,0.12506656,6.921877
744,0.744,0.11175665,6.9530425
745,0.745,0.11472415,6.8782945
746,0.746,0.11759468,6.907195
747,0.747,0.111946814,6.864419
748,0.748,0.114088096,6.8783402
749,0.749,0.10111763,6.858704
750,0.75,0.1113655,6.909417
751,0.751,0.10115878,6.895057
752,0.752,0.0898386,6.8835864
753,0.753,0.092293575,6.9977565
754,0.754,0.08671416,6.9904275
755,0.755,0.10382004,7.012465
756,0.756,0.10556406,7.0807395
757,0.757,0.093535826,7.0695133
758,0.758,0.11011023,7.0543156
759,0.759,0.10483278,7.069704
760,0.76,0.101272985,6.9743333
761,0.761,0.1012473,6.903819
762,0.762,0.10189488,6.901581
763,0.763,0.104753904,6.9489017
764,0.764,0.08926677,6.980865
765,0.765,0.09097721,7.071192
766,0.766,0.09580875,7.0712886
767,0.767,0.102243125,7.1142197
768,0.768,0.091148585,7.0358996
769,0.769,0.10833003,6.9657655
770,0.77,0.09340102,7.0983152
771,0.771,0.09168284,7.028694
772,0.772,0.101258144,7.0687222
773,0.773,0.09112575,7.034841
774,0.774,0.0925531,6.926473
775,0.775,0.09464156,6.940714
776,0.776,0.08496009,6.9396358
777,0.777,0.104971625,6.8597727
778,0.778,0.103249505,6.828937
779,0.779,0.10692518,6.8243876
780,0.78,0.09451383,6.68521
781,0.781,0.08492675,6.5152793
782,0.782,0.0869272,6.6180453
783,0.783,0.08856342,6.661606
784,0.784,0.072621465,6.6339498
785,0.785,0.08743172,6.7440434
786,0.786,0.08575909,6.793567
787,0.787,0.08242908,6.792756
788,0.788,0.08377904,6.8271017
789,0.789,0.07302228,6.7462926
790,0.79,0.071558334,6.8884654
791,0.791,0.076887846,6.8559313
792,0.792,0.079398215,6.9046803
793,0.793,0.09467697,6.9803243
794,0.794,0.091920204,6.985148
795,0.795,0.10201789,7.0204797
796,0.796,0.08933602,7.089895
797,0.797,0.08844718,7.0876594
798,0.798,0.08034905,7.1432786
799,0.799,0.09786377,6.9956956
800,0.8,0.10548793,7.012862
801,0.801,0.110260785,7.0810714
802,0.802,0.11274066,7.0858073
803,0.803,0.09330319,7.085691
804,0.804,0.11092712,7.13405
805,0.805,0.10880597,7.080143
806,0.806,0.1205249,7.1662927
807,0.807,0.1108896,7.137379
808,0.808,0.12337712,7.091009
809,0.809,0.122067355,7.120617
810,0.81,0.1336714,7.0730543
811,0.811,0.12846428,7.109703
812,0.812,0.13572462,7.0912037
813,0.813,0.124195166,7.126593
814,0.814,0.122270316,7.2321677
815,0.815,0.12630726,7.2513714
816,0.816,0.1170977,7.261787
817,0.817,0.11865207,7.335876
818,0.818,0.106285416,7.2643437
819,0.819,0.10182224,7.2344913
820,0.82,0.1011822,7.223408
821,0.821,0.099388056,7.214784
822,0.822,0.11453507,7.1104956
823,0.823,0.099514745,7.19162
824,0.824,0.11376341,7.1708503
825,0.825,0.1177278,7.050324
826,0.826,0.10538542,7.061428
827,0.827,0.09243875,7.1012487
828,0.828,0.108467065,7.0077477
829,0.829,0.1213355,6.904934
830,0.83,0.11160709,6.96315
831,0.831,0.110604644,6.923272
832,0.832,0.097399645,6.799904
833,0.833,0.09544853,6.807169
834,0.834,0.13516988,6.8699102
835,0.835,0.11636042,6.9247336
836,0.836,0.11659761,6.882276
837,0.837,0.12306707,6.9246726
838,0.838,0.13327777,6.8555045
839,0.839,0.105721086,6.9085827
840,0.84,0.110849455,6.893118
841,0.841,0.094079874,6.854547
842,0.842,0.109364964,6.8906355
843,0.843,0.09167023,6.805057
844,0.844,0.089027524,6.6892657
845,0.845,0.100494966,6.7372093
846,0.846,0.0864819,6.725608
847,0.847,0.096500024,6.750417
848,0.848,0.11935292,6.663658
849,0.849,0.11633956,6.7364683
850,0.85,0.12039679,6.7015634
851,0.851,0.12139265,6.733993
852,0.852,0.121579625,6.7312045
853,0.853,0.13615915,6.8805976
854,0.854,0.113291964,6.7904563
855,0.855,0.12704961,6.764641
856,0.856,0.118842386,6.855189
857,0.857,0.119676456,6.763752
858,0.858,0.13078295,6.729266
859,0.859,0.13796024,6.748936
860,0.86,0.12705825,6.7871513
861,0.861,0.10966526,6.700822
862,0.862,0.11076652,6.7840714
863,0.863,0.10832256,6.847031
864,0.864,0.11964361,6.803037
865,0.865,0.109966315,6.848586
866,0.866,0.10857838,4.5667605
867,0.867,0.13011079,6.8993893
868,0.868,0.11573985,6.8730397
869,0.869,0.10711799,4.600385
870,0.87,0.111820765,6.873937
871,0.871,0.11056649,4.5838814
872,0.872,0.10273433,4.5681343
873,0.873,0.10314197,4.565797
874,0.874,0.10098208,4.601664
875,0.875,0.10138251,4.6245766
876,0.876,0.09219331,4.616909
877,0.877,0.09159643,6.91198
878,0.878,0.082595795,6.9379835
879,0.879,0.07974252,4.6670594
880,0.88,0.079560384,4.6051893
881,0.881,0.087355666,4.608789
882,0.882,0.08769312,4.6210923
883,0.883,0.07479436,4.6454773
884,0.884,0.06947397,6.7612133
885,0.885,0.078396045,6.724711
886,0.886,0.07147995,4.62178
887,0.887,0.080785945,6.9152975
888,0.888,0.08593817,6.901645
889,0.889,0.08776691,6.986371
890,0.89,0.06712219,7.0119267
891,0.891,0.08529143,6.990126
892,0.892,0.086006746,7.0421915
893,0.893,0.08636687,7.101991
894,0.894,0.076353766,6.968167
895,0.895,0.09372534,7.047222
896,0.896,0.10541613,7.016999
897,0.897,0.09095307,7.018119
898,0.898,0.092097975,7.0593853
899,0.899,0.10938715,6.9239354
900,0.9,0.12501387,6.861891
901,0.901,0.12380223,6.827072
902,0.902,0.1325507,6.767031
903,0.903,0.14349902,6.772116
904,0.904,0.14382811,6.7747045
905,0.905,0.15517616,6.732781
906,0.906,0.14883414,6.7229404
907,0.907,0.14003272,6.7758055
908,0.908,0.12340335,6.765906
909,0.909,0.12960874,6.6985097
910,0.91,0.13046479,6.6925855
911,0.911,0.11866522,6.638265
912,0.912,0.11568441,6.724363
913,0.913,0.10525865,6.698223
914,0.914,0.115725376,6.6803875
915,0.915,0.10176773,6.664008
916,0.916,0.09117077,6.6787205
917,0.917,0.091076896,6.700341
918,0.918,0.07585861,6.680646
919,0.919,0.08261679,6.6774635
920,0.92,0.09576712,3.8979232
921,0.921,0.090681314,3.904393
922,0.922,0.09339792,3.8660557
923,0.923,0.08838116,3.8818874
924,0.924,0.0825895,3.7948887
925,0.925,0.095782205,6.643983
926,0.926,0.07042995,3.728511
927,0.927,0.09005194,3.727299
928,0.928,0.06544625,6.5462203
929,0.929,0.06997135,6.594902
930,0.93,0.0864565,6.478539
931,0.931,0.07752567,6.4553947
932,0.932,0.08726961,6.470412
933,0.933,0.08906063,6.551274
934,0.934,0.0866815,6.556996
935,0.935,0.08624633,3.4113865
936,0.936,0.10007654,6.4499454
937,0.937,0.109607264,6.423606
938,0.938,0.12770256,3.4389782
939,0.939,0.14241953,3.5252118
940,0.94,0.13476005,3.4254873
941,0.941,0.14128926,3.4960873
942,0.942,0.14061637,3.540824
943,0.943,0.15058574,3.647836
944,0.944,0.15966071,3.6227946
945,0.945,0.15445562,3.7506075
946,0.946,0.16513875,3.771124
947,0.947,0.15792778,3.7653272
948,0.948,0.1694293,6.6162586
949,0.949,0.15438563,6.584426
950,0.95,0.1365017,6.515003
951,0.951,0.14477138,6.5445676
952,0.952,0.1595825,6.539178
953,0.953,0.15324895,6.5817895
954,0.954,0.14330596,3.6803277
955,0.955,0.1497918,3.624569
956,0.956,0.13365065,6.6913195
957,0.957,0.14478776,3.7578385
958,0.958,0.13868938,3.8106105
959,0.959,0.16643184,3.7346716
960,0.96,0.16799456,6.8520565
961,0.961,0.15558274,6.7426786
962,0.962,0.16539825,6.791077
963,0.963,0.13182706,6.7448573
964,0.964,0.12836842,6.766168
965,0.965,0.10593572,3.7257223
966,0.966,0.09309916,3.6344705
967,0.967,0.095394015,6.751267
968,0.968,0.102707885,3.8551874
969,0.969,0.10721614,3.797507
970,0.97,0.10721291,3.696778
971,0.971,0.1152429,3.6849422
972,0.972,0.114764445,3.615792
973,0.973,0.11979424,3.6435397
974,0.974,0.12122541,3.5006015
975,0.975,0.106539614,3.5951393
976,0.976,0.101112485,3.7144494
977,0.977,0.107996054,3.6946797
978,0.978,0.093214564,3.8285327
979,0.979,0.094680026,3.6872773
980,0.98,0.08696708,3.7381687
981,0.981,0.106196195,3.746341
982,0.982,0.11522083,3.8529599
983,0.983,0.12187876,3.7190561
984,0.984,0.10354912,3.6965122
985,0.985,0.12206404,3.7088156
986,0.986,0.11663082,6.9465733
987,0.987,0.12425844,3.7267663
988,0.988,0.11581424,3.770056
989,0.989,0.11891337,3.761228
990,0.99,0.114984825,3.7724988
991,0.991,0.112003595,3.8460822
992,0.992,0.114553235,3.9419146
993,0.993,0.10209208,3.844091
994,0.994,0.10815436,3.699127
995,0.995,0.11973778,3.6852188
996,0.996,0.107850924,3.758993
997,0.997,0.11342606,3.755164
998,0.998,0.13322529,3.8499897
999,0.999,0.12005883,3.9831545
1000,1.0,0.091711834,3.9096313
1001,1.001,0.076382525,3.8187423
1002,1.002,0.07531263,3.7924888
1003,1.003,0.084860705,3.7511332
1004,1.004,0.08613568,3.6712694
1005,1.005,0.08100315,3.6664097
1006,1.006,0.102098875,3.6369567
1007,1.007,0.09119423,3.6274395
1008,1.008,0.101552255,3.6169064
1009,1.009,0.111923575,6.739989
1010,1.01,0.099542044,6.7584963
1011,1.011,0.10687003,3.8258016
1012,1.012,0.10637402,3.967927
1013,1.013,0.107887894,4.02154
1014,1.014,0.096986935,4.064268
1015,1.015,0.0814053,4.095707
1016,1.016,0.08940651,4.1704364
1017,1.017,0.09275646,4.118221
1018,1.018,0.09007248,4.0194263
1019,1.019,0.102510735,3.852729
1020,1.02,0.0934635,3.9513352
1021,1.021,0.08057963,6.9805803
1022,1.022,0.10115592,3.8749552
1023,1.023,0.090850696,3.8984118
1024,1.024,0.08567412,3.9277039
1025,1.025,0.09553569,3.9189801
1026,1.026,0.0897736,3.847743
1027,1.027,0.08568492,3.9769762
1028,1.028,0.07033798,4.134698
1029,1.029,0.081159264,4.034121
1030,1.03,0.07834663,4.020682
1031,1.031,0.08177367,4.0766206
1032,1.032,0.076117225,4.0975184
1033,1.033,0.067613795,4.064327
1034,1.034,0.08407517,3.965871
1035,1.035,0.09943224,4.015133
1036,1.036,0.10034762,3.9451373
1037,1.037,0.088317044,3.9063423
1038,1.038,0.08337239,3.8584735
1039,1.039,0.08155497,3.8861427
1040,1.04,0.081948064,3.997808
1041,1.041,0.07980048,3.8975399
1042,1.042,0.08238068,3.9476209
1043,1.043,0.07552721,4.0338984
1044,1.044,0.091116875,4.0707393
1045,1.045,0.085568815,4.0798635
1046,1.046,0.0825503,4.1229386
1047,1.047,0.085149,4.164759
1048,1.048,0.08217204,4.2384753
1049,1.049,0.08607459,4.287538
1050,1.05,0.07668687,4.4126945
1051,1.051,0.08083458,4.3941994
1052,1.052,0.0887629,4.3805614
1053,1.053,0.08466296,4.3351426
1054,1.054,0.0703963,4.2848225
1055,1.055,0.05568249,4.230254
1056,1.056,0.06426903,4.3894014
1057,1.057,0.083828695,4.6491227
1058,1.058,0.07526657,4.5408506
1059,1.059,0.08642173,4.551833
1060,1.06,0.08612695,4.4406075
1061,1.061,0.07489089,4.3484554
1062,1.062,0.08833668,4.363854
1063,1.063,0.09098991,4.3032336
1064,1.064,0.08717353,4.3278284
1065,1.065,0.08276008,4.182238
1066,1.066,0.09927459,4.1743326
1067,1.067,0.080395795,4.1165714
1068,1.068,0.08757308,4.1080155
1069,1.069,0.08082028,4.092502
1070,1.07,0.08983667,3.9937313
1071,1.071,0.087701686,3.9430125
1072,1.072,0.07951024,3.9764156
1073,1.073,0.08132289,3.958931
1074,1.074,0.08681542,7.050453
1075,1.075,0.09430507,6.96635
1076,1.076,0.09217262,7.051266
1077,1.077,0.07618174,6.9949837
1078,1.078,0.0773682,6.931787
1079,1.079,0.08551544,6.845843
1080,1.08,0.073253036,6.779054
1081,1.081,0.06944734,6.804741
1082,1.082,0.08710189,6.8714814
1083,1.083,0.08783866,6.7991123
1084,1.084,0.093624145,6.836513
1085,1.085,0.07382208,6.860595
1086,1.086,0.08554855,6.984271
1087,1.087,0.082769856,6.9625926
1088,1.088,0.078520544,6.957097
1089,1.089,0.07961703,6.9530644
1090,1.09,0.06974548,7.0201216
1091,1.091,0.103521205,6.9835353
1092,1.092,0.09258807,7.0364013
1093,1.093,0.08570178,7.0762777
1094,1.094,0.11000257,7.0753307
1095,1.095,0.10140759,3.944357
1096,1.096,0.1118249,3.959496
1097,1.097,0.09323875,3.9334211
1098,1.098,0.09048223,3.948244
1099,1.099,0.09855528,3.930293
1100,1.1,0.09362291,4.062841
1101,1.101,0.094082944,3.9309323
1102,1.102,0.11837408,3.844415
1103,1.103,0.10827613,3.8558497
1104,1.104,0.12500139,3.8651052
1105,1.105,0.1137695,3.7325747
1106,1.106,0.11872317,3.6878543
1107,1.107,0.12187449,3.4807868
1108,1.108,0.11745649,3.4611902
1109,1.109,0.1119685,3.5388374
1110,1.11,0.11506472,6.799421
1111,1.111,0.14310576,6.7745986
1112,1.112,0.13000147,6.7763853
1113,1.113,0.11367242,3.2870033
1114,1.114,0.1141347,6.7701774
1115,1.115,0.11651579,3.4483736
1116,1.116,0.10954555,6.7694707
1117,1.117,0.10893073,3.3244693
1118,1.118,0.10327581,6.6655703
1119,1.119,0.11421974,6.6010537
1120,1.12,0.09231111,6.648756
1121,1.121,0.10554654,6.6071606
1122,1.122,0.09509606,6.491084
1123,1.123,0.10630989,6.3428607
1124,1.124,0.13227482,6.25806
1125,1.125,0.13911007,6.3648725
1126,1.126,0.14957172,6.3396416
1127,1.127,0.14827153,6.242833
1128,1.128,0.1517656,6.320593
1129,1.129,0.14707583,6.232161
1130,1.13,0.14911735,6.29332
1131,1.131,0.15498646,6.184598
1132,1.132,0.16096728,6.1728206
1133,1.133,0.17467164,6.0386834
1134,1.134,0.17018664,6.153135
1135,1.135,0.16951321,6.0945983
1136,1.136,0.16335534,6.1170554
1137,1.137,0.15679835,6.196475
1138,1.138,0.173389,2.784203
1139,1.139,0.1666921,2.8824718
1140,1.14,0.15799437,2.7443404
1141,1.141,0.17011735,2.7225459
1142,1.142,0.1657529,2.6639872
1143,1.143,0.15670434,6.0365834
1144,1.144,0.16131125,2.8275363
1145,1.145,0.1528184,6.066883
1146,1.146,0.15058228,6.0617905
1147,1.147,0.14973971,6.0760894
1148,1.148,0.15745716,6.042517
1149,1.149,0.16282018,6.0681267
1150,1.15,0.16746113,6.0481105
1151,1.151,0.15831962,6.1079884
1152,1.152,0.1467032,6.1701436
1153,1.153,0.1503714,6.105326
1154,1.154,0.12521853,6.0721674
1155,1.155,0.14292714,6.1576734
1156,1.156,0.14816117,6.0604167
1157,1.157,0.1475443,6.1628947
1158,1.158,0.16081892,6.1299953
1159,1.159,0.17085607,6.14134
1160,1.16,0.17793588,6.1194134
1161,1.161,0.18619615,5.977188
1162,1.162,0.18675531,5.913946
1163,1.163,0.19071531,5.9937577
1164,1.164,0.18230763,6.047698
1165,1.165,0.16712357,6.001624
1166,1.166,0.18108068,6.037251
1167,1.167,0.18292859,5.984439
1168,1.168,0.19744252,5.998157
1169,1.169,0.20049672,5.9173784
1170,1.17,0.17954946,5.9218726
1171,1.171,0.19724071,5.882008
1172,1.172,0.18962267,5.8698955
1173,1.173,0.18195537,5.694506
1174,1.174,0.17566514,5.7694507
1175,1.175,0.18550606,5.8186116
1176,1.176,0.199206,5.7580576
1177,1.177,0.18073818,5.743676
1178,1.178,0.19015352,5.6749043
1179,1.179,0.20694385,5.6942205
1180,1.18,0.192793,5.724839
1181,1.181,0.19112733,5.676228
1182,1.182,0.18189056,5.71722
1183,1.183,0.17344266,5.7607813
1184,1.184,0.17469148,5.7112646
1185,1.185,0.17002457,5.7575903
1186,1.186,0.15809678,5.7399063
1187,1.187,0.14290853,5.79018
1188,1.188,0.15123224,5.7426534
1189,1.189,0.14994685,5.8813143
1190,1.19,0.14561135,6.0238457
1191,1.191,0.13810638,6.054885
1192,1.192,0.14537537,5.9446816
1193,1.193,0.14595033,6.0324225
1194,1.194,0.13296255,6.0924783
1195,1.195,0.153324,6.1473665
1196,1.196,0.15088597,6.1240735
1197,1.197,0.14015855,6.0892715
1198,1.198,0.16082503,6.0801477
1199,1.199,0.12305157,6.140914
1200,1.2,0.1043365,6.1089377
1201,1.201,0.11848389,6.0992646
1202,1.202,0.08738411,6.212173
1203,1.203,0.09631177,6.13126
1204,1.204,0.10603661,6.1141796
1205,1.205,0.09994015,6.0719223
1206,1.206,0.09416277,6.180031
1207,1.207,0.11103701,6.1807446
1208,1.208,0.115980305,6.275162
1209,1.209,0.11777198,6.242579
1210,1.21,0.11950972,6.3500347
1211,1.211,0.12065527,6.384342
1212,1.212,0.109426774,6.4681787
1213,1.213,0.087951764,6.49151
1214,1.214,0.08567615,6.343485
1215,1.215,0.07220001,6.3789883
1216,1.216,0.0920063,6.369058
1217,1.217,0.08517411,6.3467636
1218,1.218,0.08199108,6.238481
1219,1.219,0.08966988,6.1615195
1220,1.22,0.08383077,6.3045034
1221,1.221,0.07573508,6.198459
1222,1.222,0.07879463,6.133066
1223,1.223,0.08294913,6.060246
1224,1.224,0.060098458,6.077427
1225,1.225,0.089769736,6.1530666
1226,1.226,0.07623179,6.1910048
1227,1.227,0.091921456,6.182558
1228,1.228,0.066327,6.0766563
1229,1.229,0.0714306,6.1133475
1230,1.23,0.055086605,6.0847836
1231,1.231,0.06784336,6.071835
1232,1.232,0.07107612,6.0091977
1233,1.233,0.07505278,5.8656507
1234,1.234,0.06280812,6.0167255
1235,1.235,0.0653791,6.055418
1236,1.236,0.05967864,5.9762545
1237,1.237,0.06947979,5.937729
1238,1.238,0.08097175,5.9335766
1239,1.239,0.08351439,6.0107045
1240,1.24,0.06585563,6.031428
1241,1.241,0.08068286,6.0952945
1242,1.242,0.07469228,6.0696273
1243,1.243,0.072879665,6.194605
1244,1.244,0.07937855,6.15946
1245,1.245,0.072175995,6.323381
1246,1.246,0.07209507,6.254809
1247,1.247,0.067162655,6.248714
1248,1.248,0.057558727,6.2444167
1249,1.249,0.078711696,6.2032084
1250,1.25,0.07580907,6.2489033
1251,1.251,0.08021154,6.209439
1252,1.252,0.08074731,6.229946
1253,1.253,0.102981016,6.164671
1254,1.254,0.11298391,6.1272144
1255,1.255,0.11488928,6.205924
1256,1.256,0.11210315,6.163721
1257,1.257,0.08645048,6.109139
1258,1.258,0.07719468,6.137355
1259,1.259,0.08912486,6.126344
1260,1.26,0.08944658,6.1825237
1261,1.261,0.09599378,6.1120934
1262,1.262,0.0782994,6.160643
1263,1.263,0.07737044,6.2082353
1264,1.264,0.09126771,6.2524104
1265,1.265,0.100607626,6.247719
1266,1.266,0.09467636,6.1504006
1267,1.267,0.08839293,6.0504804
1268,1.268,0.090252616,6.013877
1269,1.269,0.09335459,5.893875
1270,1.27,0.10250961,5.9120455
1271,1.271,0.09469895,5.744321
1272,1.272,0.08609876,5.7289543
1273,1.273,0.09297305,5.6323657
1274,1.274,0.074446574,5.5988297
1275,1.275,0.06789956,5.526787
1276,1.276,0.0782285,5.5714993
1277,1.277,0.082537696,5.591698
1278,1.278,0.093028985,5.6987977
1279,1.279,0.10561059,2.8379443
1280,1.28,0.11313472,2.7302222
1281,1.281,0.11432394,2.6902826
1282,1.282,0.088826686,2.731094
1283,1.283,0.09620549,2.6369681
1284,1.284,0.10351898,2.5242252
1285,1.285,0.0994857,2.4645848
1286,1.286,0.109018244,2.4712534
1287,1.287,0.10094314,2.484102
1288,1.288,0.09911552,2.567971
1289,1.289,0.1036317,2.6851044
1290,1.29,0.08488182,2.7534432
1291,1.291,0.09197803,2.8119981
1292,1.292,0.10113649,2.7104034
1293,1.293,0.11528853,2.5058014
1294,1.294,0.09118599,2.6993084
1295,1.295,0.09274088,2.6802082
1296,1.296,0.09796825,2.5717523
1297,1.297,0.10044549,2.7413125
1298,1.298,0.10199863,2.6045604
1299,1.299,0.10593408,5.64819
1300,1.3,0.09091874,2.4030957
1301,1.301,0.09604134,5.5046434
1302,1.302,0.13351305,2.394708
1303,1.303,0.11473926,2.418167
1304,1.304,0.13480422,2.3899784
1305,1.305,0.12757623,2.423544
1306,1.306,0.14902547,2.477282
1307,1.307,0.15574871,2.6338253
1308,1.308,0.13888179,2.5702498
1309,1.309,0.1161108,2.6278563
1310,1.31,0.10252708,2.590848
1311,1.311,0.102992244,2.6554182
1312,1.312,0.10950175,2.5447688
1313,1.313,0.09292144,2.4488358
1314,1.314,0.09504012,2.4690707
1315,1.315,0.097407945,2.4797745
1316,1.316,0.090967044,5.524492
1317,1.317,0.089906774,2.3304932
1318,1.318,0.08226765,2.1608622
1319,1.319,0.09524667,2.2492123
1320,1.32,0.09124871,2.14803
1321,1.321,0.092895314,2.121678
1322,1.322,0.09113082,5.2284703
1323,1.323,0.0826035,5.3055177
1324,1.324,0.08193889,5.4063354
1325,1.325,0.08306263,5.424449
1326,1.326,0.07834073,5.4377885
1327,1.327,0.08672283,2.3249834
1328,1.328,0.082967244,5.362287
1329,1.329,0.080184154,5.3526654
1330,1.33,0.07194258,5.308902
1331,1.331,0.053875063,5.3218884
1332,1.332,0.06273538,5.375093
1333,1.333,0.062962525,5.4287114
1334,1.334,0.07006216,2.2191353
1335,1.335,0.07198595,2.3531046
1336,1.336,0.06625725,2.2851079
1337,1.337,0.06690657,2.290378
1338,1.338,0.068279006,5.375306
1339,1.339,0.06937573,5.5443883
1340,1.34,0.06461255,2.2586272
1341,1.341,0.056078635,5.4705477
1342,1.342,0.06363094,2.3359616
1343,1.343,0.07398241,5.5422225
1344,1.344,0.067232326,2.1302247
1345,1.345,0.07477194,2.1206942
1346,1.346,0.07133668,2.1222858
1347,1.347,0.06880688,1.9097598
1348,1.348,0.06983658,1.8912538
1349,1.349,0.058098443,1.992678
1350,1.35,0.063208066,2.2507544
1351,1.351,0.0756572,2.209117
1352,1.352,0.07411588,2.2324495
1353,1.353,0.09394277,2.1728244
1354,1.354,0.09884106,2.2234
1355,1.355,0.10103644,2.2639954
1356,1.356,0.08579143,2.4288678
1357,1.357,0.0918038,2.3876333
1358,1.358,0.092735894,2.3224359
1359,1.359,0.07119719,2.2708628
1360,1.36,0.0708244,2.2591317
1361,1.361,0.055450533,2.0361047
1362,1.362,0.06748802,2.0881994
1363,1.363,0.0650796,2.1736648
1364,1.364,0.06133314,2.1365986
1365,1.365,0.0635555,2.1590145
1366,1.366,0.06209828,2.1890388
1367,1.367,0.058116347,2.1920147
1368,1.368,0.06450601,2.1600025
1369,1.369,0.08072726,2.0470374
1370,1.37,0.0771872,1.9791882
1371,1.371,0.090245575,1.9406395
1372,1.372,0.08055237,2.0138702
1373,1.373,0.081570566,1.9416096
1374,1.374,0.087600134,1.8200259
1375,1.375,0.09214126,1.7895557
1376,1.376,0.09412471,1.8217269
1377,1.377,0.09010392,1.826834
1378,1.378,0.09299295,1.7110159
1379,1.379,0.06805856,1.7699525
1380,1.38,0.084993415,1.6972727
1381,1.381,0.087329865,1.5881557
1382,1.382,0.07529958,1.7776843
1383,1.383,0.077633694,1.7793242
1384,1.384,0.078406364,1.6841422
1385,1.385,0.080755174,1.7315433
1386,1.386,0.08065778,1.8402704
1387,1.387,0.0777609,1.830855
1388,1.388,0.09310413,1.9152826
1389,1.389,0.07291218,1.9242823
1390,1.39,0.07552797,1.836314
1391,1.391,0.0741611,1.7239541
1392,1.392,0.0834874,1.6755644
1393,1.393,0.08049998,1.6943008
1394,1.394,0.07604961,1.6663934
1395,1.395,0.09419101,1.6337799
1396,1.396,0.07466519,1.5741668
1397,1.397,0.07940331,1.5218809
1398,1.398,0.078167155,1.7413397
1399,1.399,0.089290075,1.702805
1400,1.4,0.091158725,1.755175
1401,1.401,0.08677547,1.7274169
1402,1.402,0.07853821,1.7935233
1403,1.403,0.073256195,1.733056
1404,1.404,0.0817659,1.7829773
1405,1.405,0.0959215,1.8188655
1406,1.406,0.07999002,1.8983077
1407,1.407,0.074104965,1.9025847
1408,1.408,0.06858223,1.9299455
1409,1.409,0.075729735,1.794125
1410,1.41,0.070321545,1.5898327
1411,1.411,0.06955794,1.4971191
1412,1.412,0.043259658,1.6905073
1413,1.413,0.052922554,1.7442902
1414,1.414,0.06761807,1.8377113
1415,1.415,0.057854194,1.9281431
1416,1.416,0.057009842,1.880484
1417,1.417,0.05444706,1.9539473
1418,1.418,0.06436159,1.9628122
1419,1.419,0.092537485,2.038652
1420,1.42,0.09461102,2.0864851
1421,1.421,0.075401604,2.2430162
1422,1.422,0.06493468,2.3119931
1423,1.423,0.08041305,2.2296455
1424,1.424,0.09686349,2.3291843
1425,1.425,0.0788027,2.3942842
1426,1.426,0.09153142,2.405412
1427,1.427,0.08311341,2.5381875
1428,1.428,0.067312226,2.6079419
1429,1.429,0.07597585,2.5553727
1430,1.43,0.08111225,2.6330636
1431,1.431,0.072115906,2.5498583
1432,1.432,0.08117493,2.456491
1433,1.433,0.09299418,2.6715763
1434,1.434,0.1093047,2.4693809
1435,1.435,0.10986062,2.4595978
1436,1.436,0.1176163,2.4690711
1437,1.437,0.1068511,2.449415
1438,1.438,0.10115935,2.533751
1439,1.439,0.10979536,2.477852
1440,1.44,0.12976116,2.474066
1441,1.441,0.111497246,2.3732002
1442,1.442,0.108499564,2.4192011
1443,1.443,0.11061092,2.393742
1444,1.444,0.115546435,2.4532852
1445,1.445,0.09815922,2.4644768
1446,1.446,0.10558377,2.5082517
1447,1.447,0.101467416,2.464975
1448,1.448,0.10661012,2.5602548
1449,1.449,0.11496371,2.5215397
1450,1.45,0.11828714,2.638221
1451,1.451,0.11572887,2.7432728
1452,1.452,0.1071633,2.717116
1453,1.453,0.140985,2.7813904
1454,1.454,0.15141787,2.7646446
1455,1.455,0.16072293,2.736714
1456,1.456,0.15997967,2.7129493
1457,1.457,0.14355136,2.6480227
1458,1.458,0.12791738,2.708329
1459,1.459,0.12881744,2.6408446
1460,1.46,0.13639368,2.5199022
1461,1.461,0.13956305,2.513368
1462,1.462,0.16144162,2.5863938
1463,1.463,0.17324893,2.5976183
1464,1.464,0.15448293,2.6707294
1465,1.465,0.14945999,2.6010592
1466,1.466,0.1464832,2.8290527
1467,1.467,0.13731438,2.7173848
1468,1.468,0.13215767,2.8418581
1469,1.469,0.134253,2.9818335
1470,1.47,0.14864334,2.9595666
1471,1.471,0.1331311,2.8960946
1472,1.472,0.14203143,2.942058
1473,1.473,0.13912213,3.016404
1474,1.474,0.13480636,2.9767034
1475,1.475,0.13500558,3.0986166
1476,1.476,0.13874522,3.172176
1477,1.477,0.13502485,3.2305317
1478,1.478,0.12891567,3.188213
1479,1.479,0.14444125,3.1669528
1480,1.48,0.1323932,3.254002
1481,1.481,0.13145737,3.1485267
1482,1.482,0.12429844,3.0922258
1483,1.483,0.11921676,2.8965657
1484,1.484,0.123405695,2.9921973
1485,1.485,0.13027239,2.8664331
1486,1.486,0.13627075,2.7762709
1487,1.487,0.118099846,2.8098476
1488,1.488,0.11565743,2.8272026
1489,1.489,0.104853176,2.7435381
1490,1.49,0.09619468,2.7499363
1491,1.491,0.103938,2.7139745
1492,1.492,0.107500404,2.7321837
1493,1.493,0.09625834,2.6279926
1494,1.494,0.10096834,2.6893165
1495,1.495,0.113913186,2.6859548
1496,1.496,0.10353126,2.573713
1497,1.497,0.10645875,2.6733341
1498,1.498,0.12031083,2.6791377
1499,1.499,0.12892598,2.6756723
1500,1.5,0.13119154,2.7555034
1501,1.501,0.11942844,2.7741992
1502,1.502,0.10540571,2.8185573
1503,1.503,0.1205014,2.7753737
1504,1.504,0.1139076,2.8935995
1505,1.505,0.12122589,2.788905
1506,1.506,0.10803084,2.6756077
1507,1.507,0.11882779,2.7047567
1508,1.508,0.11811013,2.5672376
1509,1.509,0.118202575,2.5254467
1510,1.51,0.1132588,2.6785061
1511,1.511,0.119035795,2.6860476
1512,1.512,0.123006,2.8307338
1513,1.513,0.13476992,2.80332
1514,1.514,0.13111354,2.783985
1515,1.515,0.13235782,2.939909
1516,1.516,0.13315281,2.8574293
1517,1.517,0.13347104,2.8397698
1518,1.518,0.15452895,2.8634458
1519,1.519,0.15283918,2.9481957
1520,1.52,0.1578088,3.0744033
1521,1.521,0.15976313,3.169682
1522,1.522,0.15133655,3.1131256
1523,1.523,0.16503827,3.2438097
1524,1.524,0.1748337,3.2508063
1525,1.525,0.17997612,3.2381294
1526,1.526,0.17276953,3.221457
1527,1.527,0.16716161,3.3160157
1528,1.528,0.15454915,3.3295248
1529,1.529,0.1600169,3.4272144
1530,1.53,0.14731456,3.3705325
1531,1.531,0.15351273,3.3156598
1532,1.532,0.16806026,3.2369437
1533,1.533,0.16081892,3.3474913
1534,1.534,0.15326743,3.3421555
1535,1.535,0.14748593,3.3818889
1536,1.536,0.13901572,3.3874907
1537,1.537,0.15670101,3.3450634
1538,1.538,0.16999057,3.227659
1539,1.539,0.15869047,3.0437536
1540,1.54,0.15916944,3.0662053
1541,1.541,0.17605034,3.1162224
1542,1.542,0.17057675,3.075045
1543,1.543,0.1865562,3.1831458
1544,1.544,0.17269793,3.37489
1545,1.545,0.18879361,3.4090269
1546,1.546,0.20000923,3.2978177
1547,1.547,0.203775,3.3173614
1548,1.548,0.19154781,3.42185
1549,1.549,0.19451185,3.3637578
1550,1.55,0.20012882,3.3373497
1551,1.551,0.19110192,3.226573
1552,1.552,0.18859054,3.3167977
1553,1.553,0.20078161,3.4374597
1554,1.554,0.19785221,3.3894658
1555,1.555,0.20502824,3.3744886
1556,1.556,0.2001242,3.3444273
1557,1.557,0.20831178,3.2392588
1558,1.558,0.19310154,3.2745018
1559,1.559,0.1850528,3.350032
1560,1.56,0.18247241,3.418349
1561,1.561,0.19588606,3.3832917
1562,1.562,0.1946951,3.3211813
1563,1.563,0.19629723,3.3466523
1564,1.564,0.19503887,3.432251
1565,1.565,0.20552322,3.4817731
1566,1.566,0.2001219,3.3949797
1567,1.567,0.19558959,3.435834
1568,1.568,0.19358493,3.4234135
1569,1.569,0.18804912,3.554048
1570,1.57,0.17625575,3.5545957
1571,1.571,0.18443741,3.4901335
1572,1.572,0.18791784,3.4210322
1573,1.573,0.19267963,3.3592536
1574,1.574,0.18757951,3.4659476
1575,1.575,0.19992569,3.4423866
1576,1.576,0.19895543,3.4883444
1577,1.577,0.19182552,3.2494392
1578,1.578,0.17193551,3.1171062
1579,1.579,0.19707187,3.0268955
1580,1.58,0.192879,3.0570211
1581,1.581,0.20161872,3.0857687
1582,1.582,0.19593473,3.2015848
1583,1.583,0.19005258,3.235527
1584,1.584,0.17288993,3.3551779
1585,1.585,0.18885759,3.4141595
1586,1.586,0.20107158,3.437746
1587,1.587,0.20193438,3.331968
1588,1.588,0.20237127,3.2740984
1589,1.589,0.20718195,3.1705596
1590,1.59,0.19465116,3.1537914
1591,1.591,0.19834675,3.1816974
1592,1.592,0.17879234,3.1639977
1593,1.593,0.17975761,3.1774657
1594,1.594,0.17963184,3.198657
1595,1.595,0.18591034,3.1284037
1596,1.596,0.20134132,3.1212177
1597,1.597,0.18962085,3.1222334
1598,1.598,0.18679151,3.1439376
1599,1.599,0.18317772,3.055051
1600,1.6,0.17535526,3.0156736
1601,1.601,0.17049915,3.1149113
1602,1.602,0.1738238,3.0764875
1603,1.603,0.16816752,2.8931766
1604,1.604,0.17471531,2.8969872
1605,1.605,0.17513362,2.9277344
1606,1.606,0.16141263,2.9940515
1607,1.607,0.1599786,3.0023637
1608,1.608,0.15267044,2.9666507
1609,1.609,0.15734039,2.8379323
1610,1.61,0.15729374,2.7877152
1611,1.611,0.15317804,2.8033974
1612,1.612,0.16022877,2.90043
1613,1.613,0.1618496,2.8594058
1614,1.614,0.16977692,2.8576474
1615,1.615,0.17503458,2.9099877
1616,1.616,0.17442329,2.9411712
1617,1.617,0.16504037,2.8975782
1618,1.618,0.1750042,3.0671537
1619,1.619,0.1491627,3.0727255
1620,1.62,0.14735498,3.0735703
1621,1.621,0.15395899,3.1172278
1622,1.622,0.1610972,3.1416762
1623,1.623,0.1518741,3.027127
1624,1.624,0.13864937,3.0996933
1625,1.625,0.12466339,3.2121124
1626,1.626,0.13766666,3.2401657
1627,1.627,0.13084744,3.24074
1628,1.628,0.13929276,3.3194766
1629,1.629,0.11866035,3.3266456
1630,1.63,0.11863307,3.3877528
1631,1.631,0.11820502,3.4269469
1632,1.632,0.11285492,3.5053043
1633,1.633,0.111424655,3.4958131
1634,1.634,0.11901831,3.5387588
1635,1.635,0.12740487,3.6796753
1636,1.636,0.13102093,3.5909505
1637,1.637,0.12734678,3.6558068
1638,1.638,0.13025951,3.5808005
1639,1.639,0.12995033,3.622922
1640,1.64,0.131398,3.6818187
1641,1.641,0.13044974,3.6560159
1642,1.642,0.1324578,3.7002225
1643,1.643,0.13283078,3.6850722
1644,1.644,0.14829531,3.6051471
1645,1.645,0.14521785,3.5789742
1646,1.646,0.1468296,3.6103857
1647,1.647,0.13469441,3.6827085
1648,1.648,0.14059088,3.615496
1649,1.649,0.1560279,3.476202
1650,1.65,0.15984993,3.513699
1651,1.651,0.15316407,3.5267446
1652,1.652,0.15782747,3.5014024
1653,1.653,0.16997696,3.5416973
1654,1.654,0.15215394,3.4884567
1655,1.655,0.14464279,3.3759117
1656,1.656,0.15589412,3.3516526
1657,1.657,0.15794608,3.300391
1658,1.658,0.15816621,3.1251025
1659,1.659,0.14860795,3.1949959
1660,1.66,0.14620396,3.2005947
1661,1.661,0.15084268,3.2727835
1662,1.662,0.14617787,3.2978892
1663,1.663,0.14827777,3.2624989
1664,1.664,0.148751,3.173676
1665,1.665,0.13427237,3.0516007
1666,1.666,0.14641531,3.0159965
1667,1.667,0.14490029,2.966261
1668,1.668,0.15327647,2.9875584
1669,1.669,0.14330111,3.189552
1670,1.67,0.13890925,3.0724146
1671,1.671,0.14906386,2.9974234
1672,1.672,0.17386636,3.090806
1673,1.673,0.15960604,3.1085951
1674,1.674,0.1646891,3.1097078
1675,1.675,0.17680547,2.993817
1676,1.676,0.18418716,2.9377496
1677,1.677,0.18000278,6.855311
1678,1.678,0.17748347,3.0467596
1679,1.679,0.1905431,3.074665
1680,1.68,0.18433554,3.1170616
1681,1.681,0.18179107,6.8819237
1682,1.682,0.1788237,6.917822
1683,1.683,0.17923984,6.8801746
1684,1.684,0.17939454,6.8819814
1685,1.685,0.18340161,6.908167
1686,1.686,0.17122272,3.2953062
1687,1.687,0.16764532,3.1390753
1688,1.688,0.17830126,6.971878
1689,1.689,0.18596382,6.941284
1690,1.69,0.18242489,6.8875985
1691,1.691,0.19002521,6.8931084
1692,1.692,0.1769548,6.861642
1693,1.693,0.16922347,3.1536493
1694,1.694,0.17322959,6.854634
1695,1.695,0.18191057,6.831674
1696,1.696,0.18271773,6.813991
1697,1.697,0.18569976,3.1978092
1698,1.698,0.16620526,3.20533
1699,1.699,0.18038094,3.1752563
1700,1.7,0.17362319,3.362256
1701,1.701,0.16603269,3.3424597
1702,1.702,0.17081852,3.3547258
1703,1.703,0.167716,3.2528443
1704,1.704,0.17237231,6.982071
1705,1.705,0.17856364,3.2688863
1706,1.706,0.17762052,3.3455706
1707,1.707,0.17279129,3.2433767
1708,1.708,0.1676729,3.267468
1709,1.709,0.16574873,3.219644
1710,1.71,0.16903347,3.263022
1711,1.711,0.15837182,3.1528282
1712,1.712,0.1601577,3.2244577
1713,1.713,0.15438825,6.925313
1714,1.714,0.15935162,3.2179995
1715,1.715,0.15242037,3.1753254
1716,1.716,0.14703535,3.286887
1717,1.717,0.15316181,3.2898645
1718,1.718,0.15215811,3.2403073
1719,1.719,0.14005253,3.197241
1720,1.72,0.14278471,3.2468724
1721,1.721,0.14182456,3.0291164
1722,1.722,0.13978651,2.915572
1723,1.723,0.15238017,6.6028605
1724,1.724,0.1651118,6.53656
1725,1.725,0.16576198,6.547997
1726,1.726,0.16411498,6.4253807
1727,1.727,0.16611657,6.355539
1728,1.728,0.17264102,4.431902
1729,1.729,0.16772978,4.43945
1730,1.73,0.1651622,4.4167423
1731,1.731,0.16705923,6.5885506
1732,1.732,0.14073347,4.447752
1733,1.733,0.1515579,6.5166078
1734,1.734,0.1491065,4.4444776
1735,1.735,0.16851944,4.429522
1736,1.736,0.14520432,4.4315834
1737,1.737,0.14995725,4.423567
1738,1.738,0.15806496,4.4311514
1739,1.739,0.16556625,4.475098
1740,1.74,0.16675761,4.4201794
1741,1.741,0.16580974,4.483136
1742,1.742,0.16659151,4.4577584
1743,1.743,0.17103629,4.411373
1744,1.744,0.17489947,4.4663506
1745,1.745,0.17398134,4.3331175
1746,1.746,0.17486973,6.315074
1747,1.747,0.1661656,6.323138
1748,1.748,0.15224735,6.3619914
1749,1.749,0.15769339,6.3905354
1750,1.75,0.17725895,6.376626
1751,1.751,0.17940873,6.3578343
1752,1.752,0.17539053,6.406356
1753,1.753,0.18326889,6.3479476
1754,1.754,0.18185782,6.2565227
1755,1.755,0.18577196,6.1732855
1756,1.756,0.19094308,6.1275034
1757,1.757,0.19267124,6.065471
1758,1.758,0.19221503,5.9268413
1759,1.759,0.19918422,5.972078
1760,1.76,0.19271533,5.8637156
1761,1.761,0.19615674,5.811959
1762,1.762,0.1760569,5.847083
1763,1.763,0.17849404,5.913389
1764,1.764,0.16843471,5.951069
1765,1.765,0.14053044,5.9140143
1766,1.766,0.15058728,5.9816103
1767,1.767,0.17222841,6.0797386
1768,1.768,0.17631902,5.968954
1769,1.769,0.16990487,5.918009
1770,1.77,0.16966215,5.893157
1771,1.771,0.16504037,5.883299
1772,1.772,0.16551039,5.870941
1773,1.773,0.15740722,5.927068
1774,1.774,0.159694,5.9367313
1775,1.775,0.16910082,5.8603344
1776,1.776,0.17555225,5.8309755
1777,1.777,0.17317286,5.7985277
1778,1.778,0.16852596,5.90306
1779,1.779,0.17760262,5.995969
1780,1.78,0.16161911,5.9597583
1781,1.781,0.16591811,5.9983225
1782,1.782,0.1661663,6.0357113
1783,1.783,0.16223447,6.1439705
1784,1.784,0.17543335,6.193215
1785,1.785,0.16623725,6.24899
1786,1.786,0.17687182,6.2394257
1787,1.787,0.17464583,6.265709
1788,1.788,0.18141584,6.240054
1789,1.789,0.18276326,6.213384
1790,1.79,0.18817726,6.1206913
1791,1.791,0.18071708,6.157737
1792,1.792,0.18030083,6.1166916
1793,1.793,0.18325943,6.1280994
1794,1.794,0.19089434,6.138798
1795,1.795,0.19019058,6.1352963
1796,1.796,0.1802848,6.0750704
1797,1.797,0.16931193,6.0259385
1798,1.798,0.1808047,6.11301
1799,1.799,0.17150739,6.0711875
1800,1.8,0.19153394,5.9755483
1801,1.801,0.18161008,5.9859147
1802,1.802,0.18043958,6.0207176
1803,1.803,0.17096937,6.0284204
1804,1.804,0.18378286,6.113316
1805,1.805,0.18442425,6.0815673
1806,1.806,0.18333384,6.1080127
1807,1.807,0.18526506,6.07567
1808,1.808,0.18911296,6.0378995
1809,1.809,0.18516396,6.105981
1810,1.81,0.18415734,6.250505
1811,1.811,0.1802569,6.287184
1812,1.812,0.17375329,6.2198005
1813,1.813,0.17792939,6.1451163
1814,1.814,0.18239099,6.085221
1815,1.815,0.18720785,6.060013
1816,1.816,0.18200365,6.0354824
1817,1.817,0.19621478,6.0193715
1818,1.818,0.19202639,6.044878
1819,1.819,0.1948058,6.040902
1820,1.82,0.19715074,6.1187277
1821,1.821,0.18771166,6.2329917
1822,1.822,0.1885847,6.266453
1823,1.823,0.18587367,6.2721925
1824,1.824,0.18394004,6.2915435
1825,1.825,0.16678812,6.3890157
1826,1.826,0.1878234,6.4244237
1827,1.827,0.16160767,6.4973264
1828,1.828,0.1639113,6.5537333
1829,1.829,0.16293196,6.5686917
1830,1.83,0.17009526,6.6035085
1831,1.831,0.17417857,6.5212617
1832,1.832,0.17968686,6.4910393
1833,1.833,0.18781847,6.485822
1834,1.834,0.19361836,6.4248343
1835,1.835,0.19484586,6.483116
1836,1.836,0.17809822,6.572668
1837,1.837,0.18744296,6.5474014
1838,1.838,0.18443084,6.528995
1839,1.839,0.17537832,6.4719825
1840,1.84,0.1749236,6.544806
1841,1.841,0.17251007,6.573254
1842,1.842,0.1844534,6.6409726
1843,1.843,0.1779885,6.6070056
1844,1.844,0.18386021,6.473947
1845,1.845,0.17405176,6.62698
1846,1.846,0.1817262,6.5478706
1847,1.847,0.18716401,6.457663
1848,1.848,0.19418858,6.5237226
1849,1.849,0.18002205,6.486779
1850,1.85,0.17665371,6.5165176
1851,1.851,0.18672219,6.604523
1852,1.852,0.17735088,6.5752187
1853,1.853,0.18336757,6.5924296
1854,1.854,0.18761896,6.510443
1855,1.855,0.18139927,6.4233956
1856,1.856,0.19159368,6.5231266
1857,1.857,0.18281797,6.5067177
1858,1.858,0.17671423,6.5881004
1859,1.859,0.18359658,6.444269
1860,1.86,0.18609618,6.4354134
1861,1.861,0.18413098,6.6142626
1862,1.862,0.17783515,6.6500487
1863,1.863,0.17722015,6.620726
1864,1.864,0.16993243,6.6660857
1865,1.865,0.17092642,6.6977186
1866,1.866,0.18278667,6.579528
1867,1.867,0.16804959,6.673475
1868,1.868,0.16501096,6.7167177
1869,1.869,0.16733924,6.624697
1870,1.87,0.1755855,6.490853
1871,1.871,0.1771797,6.476402
1872,1.872,0.18385047,6.3873105
1873,1.873,0.18600236,6.3676496
1874,1.874,0.17222472,6.421585
1875,1.875,0.19583619,6.338933
1876,1.876,0.19062649,6.4558687
1877,1.877,0.2140951,6.4169426
1878,1.878,0.20942807,6.3981633
1879,1.879,0.20820965,6.441502
1880,1.88,0.20657681,6.3821445
1881,1.881,0.194296,6.404525
1882,1.882,0.20095888,6.415697
1883,1.883,0.18719983,6.3854218
1884,1.884,0.21125211,6.3754916
1885,1.885,0.19232534,6.42863
1886,1.886,0.20149712,6.426333
1887,1.887,0.18034793,6.463286
1888,1.888,0.17947026,6.584495
1889,1.889,0.18403491,6.525518
1890,1.89,0.1854612,6.4666915
1891,1.891,0.18491907,6.402188
1892,1.892,0.19267994,6.3672786
1893,1.893,0.19338089,6.372745
1894,1.894,0.19874005,6.4157624
1895,1.895,0.20623547,6.389884
1896,1.896,0.19860797,6.42132
1897,1.897,0.18396266,6.4220023
1898,1.898,0.18584226,6.441127
1899,1.899,0.18059775,6.422349
1900,1.9,0.17662132,6.5288777
1901,1.901,0.17100891,6.594599
1902,1.902,0.17033194,6.6477785
1903,1.903,0.16208905,6.649342
1904,1.904,0.17017883,6.6863375
1905,1.905,0.16261558,6.5849447
1906,1.906,0.16426213,6.6896467
1907,1.907,0.1772283,6.8245234
1908,1.908,0.16980143,6.761469
1909,1.909,0.17620687,6.774329
1910,1.91,0.15983148,6.7537785
1911,1.911,0.17478973,6.7637944
1912,1.912,0.16661267,6.782063
1913,1.913,0.1630614,6.762391
1914,1.914,0.167438,6.644311
1915,1.915,0.16980107,6.5376835
1916,1.916,0.17446569,6.479665
1917,1.917,0.1711481,6.541204
1918,1.918,0.17524183,6.5487046
1919,1.919,0.1762764,6.4557943
1920,1.92,0.18493626,6.511809
1921,1.921,0.19653118,6.4470096
1922,1.922,0.18900198,6.4102154
1923,1.923,0.1866643,6.377484
1924,1.924,0.18094817,6.406104
1925,1.925,0.1978116,6.3537126
1926,1.926,0.18900442,6.329665
1927,1.927,0.19040442,6.4142213
1928,1.928,0.18405187,6.294636
1929,1.929,0.17455412,6.3476577
1930,1.93,0.1599291,6.369478
1931,1.931,0.16573338,6.376589
1932,1.932,0.17227404,6.37125
1933,1.933,0.18985236,6.312497
1934,1.934,0.18990654,6.205585
1935,1.935,0.18406066,6.263175
1936,1.936,0.1709724,6.2279596
1937,1.937,0.17465377,6.2420454
1938,1.938,0.17406304,6.273151
1939,1.939,0.163797,6.2442374
1940,1.94,0.1647733,6.3546467
1941,1.941,0.16657451,6.2783556
1942,1.942,0.16746043,6.309427
1943,1.943,0.17137253,6.3801813
1944,1.944,0.17200342,6.442166
1945,1.945,0.1632941,6.496081
1946,1.946,0.17885181,6.518943
1947,1.947,0.16609184,6.5884094
1948,1.948,0.16971767,6.7235126
1949,1.949,0.17767258,6.742568
1950,1.95,0.18874952,6.827394
1951,1.951,0.1872097,6.8532724
1952,1.952,0.18986423,6.814572
1953,1.953,0.18189977,6.7688675
1954,1.954,0.19420317,6.700666
1955,1.955,0.17682737,6.679724
1956,1.956,0.16222236,6.8754015
1957,1.957,0.17868724,6.791228
1958,1.958,0.16767946,6.7446046
1959,1.959,0.18090472,6.7347946
1960,1.96,0.16745904,6.670427
1961,1.961,0.17993243,6.651093
1962,1.962,0.16866685,6.7132006
1963,1.963,0.17032719,6.724652
1964,1.964,0.17822929,6.7685204
1965,1.965,0.18357548,6.710264
1966,1.966,0.16548209,6.715426
1967,1.967,0.16955991,6.7751327
1968,1.968,0.16277829,6.810985
1969,1.969,0.17593671,6.8821187
1970,1.97,0.18387184,7.022285
1971,1.971,0.18005028,7.007364
1972,1.972,0.1772733,7.0583143
1973,1.973,0.16560674,7.163272
1974,1.974,0.18313165,7.135086
1975,1.975,0.19119626,7.216457
1976,1.976,0.19198515,7.195467
1977,1.977,0.20283313,7.152352
1978,1.978,0.1902623,7.1586676
1979,1.979,0.19022584,7.0960555
1980,1.98,0.21760769,7.0785275
1981,1.981,0.21522436,7.1257086
1982,1.982,0.22563072,7.1467433
1983,1.983,0.21921058,7.092932
1984,1.984,0.20738746,7.093822
1985,1.985,0.20951305,7.0626917
1986,1.986,0.21511045,6.991373
1987,1.987,0.20969975,6.9035864
1988,1.988,0.20440541,6.86476
1989,1.989,0.22209926,6.842569
1990,1.99,0.22872394,6.863116
1991,1.991,0.21824,6.796985
1992,1.992,0.21310121,6.7919674
1993,1.993,0.20444754,6.7997055
1994,1.994,0.21412505,6.809887
1995,1.995,0.20774889,6.9467096
1996,1.996,0.21631272,6.9862156
1997,1.997,0.2105862,6.836945
1998,1.998,0.21384388,6.942242
1999,1.999,0.22576822,6.972999
2000,2.0,0.22745414,6.9584775
2001,2.001,0.23687166,6.8087525
2002,2.002,0.24513033,6.8985944
2003,2.003,0.23541018,6.8487434
2004,2.004,0.23972619,6.9581356
2005,2.005,0.24023654,6.9724627
2006,2.006,0.24467696,6.992273
2007,2.007,0.24107474,6.971453
2008,2.008,0.22251551,6.953062
2009,2.009,0.22827776,6.979709
2010,2.01,0.22413358,6.990969
2011,2.011,0.23229875,7.1069655
2012,2.012,0.22301808,7.089139
2013,2.013,0.2221167,7.1358495
2014,2.014,0.22365884,7.113775
2015,2.015,0.22576463,7.228954
2016,2.016,0.22448376,7.2136507
2017,2.017,0.21129176,7.260909
2018,2.018,0.22021838,7.248097
2019,2.019,0.22385827,7.261412
2020,2.02,0.21508734,7.332936
2021,2.021,0.22287212,7.35982
2022,2.022,0.20777781,7.3124714
2023,2.023,0.2185745,7.368993
2024,2.024,0.22332317,7.401581
2025,2.025,0.21939455,7.3690658
2026,2.026,0.22488968,7.553325
2027,2.027,0.21107173,7.6394787
2028,2.028,0.23900421,7.593132
2029,2.029,0.24634165,7.6084127
2030,2.03,0.24032988,7.52248
2031,2.031,0.24592106,7.5454435
2032,2.032,0.23672594,7.4963465
2033,2.033,0.23664267,7.607253
2034,2.034,0.24830492,7.5856013
2035,2.035,0.24743211,7.4889364
2036,2.036,0.22741525,7.457139
2037,2.037,0.21515909,7.507904
2038,2.038,0.20676866,7.4977846
2039,2.039,0.19298267,7.54876
2040,2.04,0.19809483,7.512491
2041,2.041,0.20761976,7.510226
2042,2.042,0.19751568,7.5986824
2043,2.043,0.19432664,7.537045
2044,2.044,0.20322372,7.6462445
2045,2.045,0.22534952,7.589638
2046,2.046,0.20691313,7.648117
2047,2.047,0.20332181,7.4872584
2048,2.048,0.20096347,7.437677
2049,2.049,0.17536646,7.4983354
2050,2.05,0.17233106,7.528576
2051,2.051,0.16011582,7.477705
2052,2.052,0.16025077,7.3813276
2053,2.053,0.17813618,7.401702
2054,2.054,0.16771151,7.4340568
2055,2.055,0.17833044,7.441325
2056,2.056,0.1673755,7.4051557
2057,2.057,0.17278159,7.529706
2058,2.058,0.1843139,7.5231123
2059,2.059,0.20073785,7.4800777
2060,2.06,0.20383796,7.419172
2061,2.061,0.19869526,7.5181017
2062,2.062,0.19393691,7.4349227
2063,2.063,0.19886972,7.322484
2064,2.064,0.20077586,7.347586
2065,2.065,0.21619886,7.330518
2066,2.066,0.20706587,7.241982
2067,2.067,0.22743736,7.3249016
2068,2.068,0.21182424,7.293996
2069,2.069,0.21532637,7.344548
2070,2.07,0.21534732,7.4078565
2071,2.071,0.2234696,7.4568787
2072,2.072,0.22883636,7.5081778
2073,2.073,0.22716402,7.503777
2074,2.074,0.2160301,7.5533514
2075,2.075,0.21461307,7.4804897
2076,2.076,0.2272388,7.402585
2077,2.077,0.22823292,7.4400287
2078,2.078,0.2261358,7.3547235
2079,2.079,0.2401966,7.3413687
2080,2.08,0.23401912,7.266396
2081,2.081,0.250971,7.260878
2082,2.082,0.23062694,7.334078
2083,2.083,0.2431835,7.315858
2084,2.084,0.24543926,7.241159
2085,2.085,0.25676274,7.325994
2086,2.086,0.26167324,7.3419156
2087,2.087,0.26075298,7.401659
2088,2.088,0.24417281,7.4358234
2089,2.089,0.2659951,7.48134
2090,2.09,0.24237287,7.5863805
2091,2.091,0.2509977,7.5906386
2092,2.092,0.25604206,7.625912
2093,2.093,0.24723372,7.60686
2094,2.094,0.24719702,7.5842004
2095,2.095,0.2521024,7.680577
2096,2.096,0.27170548,7.6818132
2097,2.097,0.27338192,7.649645
2098,2.098,0.27890837,7.6313343
2099,2.099,0.28506908,7.722712
2100,2.1,0.28539714,7.691774
2101,2.101,0.28893852,7.7349997
2102,2.102,0.27220258,7.709262
2103,2.103,0.26432168,7.6340613
2104,2.104,0.26806694,7.6343136
2105,2.105,0.26806197,7.5541296
2106,2.106,0.25366598,7.6200886
2107,2.107,0.247772,7.518163
2108,2.108,0.256499,7.5849924
2109,2.109,0.24779743,7.584461
2110,2.11,0.26165116,7.5175095
2111,2.111,0.23815121,7.554049
2112,2.112,0.24654475,7.529133
2113,2.113,0.2412667,7.462643
2114,2.114,0.24943548,7.464264
2115,2.115,0.25270352,7.394115
2116,2.116,0.267525,7.3299146
2117,2.117,0.26682732,7.3649573
2118,2.118,0.269581,7.4304924
2119,2.119,0.28764498,7.5421124
2120,2.12,0.28490743,7.5954514
2121,2.121,0.2824038,7.498342
2122,2.122,0.2794388,7.5276494
2123,2.123,0.2807965,7.4556594
2124,2.124,0.27425936,7.522768
2125,2.125,0.2778031,7.506279
2126,2.126,0.2727607,7.382598
2127,2.127,0.255987,7.422588
2128,2.128,0.2705302,7.3200393
2129,2.129,0.27695563,7.243938
2130,2.13,0.2694877,7.3008623
2131,2.131,0.25050557,7.347128
2132,2.132,0.24437512,7.392169
2133,2.133,0.26002204,7.351128
2134,2.134,0.2523941,7.3237667
2135,2.135,0.25877738,7.3541956
2136,2.136,0.25350437,7.2466946
2137,2.137,0.2476796,7.2969894
2138,2.138,0.23490731,7.2418976
2139,2.139,0.24904335,7.2162056
2140,2.14,0.25063843,7.160357
2141,2.141,0.2242228,7.145676
2142,2.142,0.22013779,4.6870494
2143,2.143,0.21976858,4.723661
2144,2.144,0.22362629,4.6765556
2145,2.145,0.22290376,7.0141892
2146,2.146,0.21023129,7.059427
2147,2.147,0.21801741,4.584519
2148,2.148,0.21636856,4.601383
2149,2.149,0.22049928,4.589433
2150,2.15,0.22709632,4.6650906
2151,2.151,0.22582582,7.1238074
2152,2.152,0.22354305,4.614908
2153,2.153,0.21010534,7.143407
2154,2.154,0.21834034,7.11444
2155,2.155,0.22626893,7.1166687
2156,2.156,0.22069788,7.0833507
2157,2.157,0.21258444,7.0766945
2158,2.158,0.2324649,4.585413
2159,2.159,0.22818835,4.6733637
2160,2.16,0.22989826,4.6403937
2161,2.161,0.23713383,4.665346
2162,2.162,0.22917962,7.044075
2163,2.163,0.22114109,7.131532
2164,2.164,0.22129105,6.994564
2165,2.165,0.23428941,7.001281
2166,2.166,0.22660919,6.995419
2167,2.167,0.22834153,7.1015563
2168,2.168,0.23042837,7.061293
2169,2.169,0.2252043,7.108532
2170,2.17,0.2273413,7.201774
2171,2.171,0.22895682,7.1922274
2172,2.172,0.22052576,7.2033987
2173,2.173,0.20806831,7.227227
2174,2.174,0.2130049,7.144888
2175,2.175,0.22178754,7.124615
2176,2.176,0.21218248,7.0713105
2177,2.177,0.22303104,7.2283597
2178,2.178,0.22241367,7.161886
2179,2.179,0.22293358,7.198913
2180,2.18,0.22009708,7.17196
2181,2.181,0.22599979,7.032414
2182,2.182,0.22606882,6.981591
2183,2.183,0.23131435,7.0424395
2184,2.184,0.23390722,7.031831
2185,2.185,0.23957352,6.9925714
2186,2.186,0.2425576,6.9960437
2187,2.187,0.23600532,7.062033
2188,2.188,0.22638233,7.047016
2189,2.189,0.21484214,7.105709
2190,2.19,0.22954552,7.124591
2191,2.191,0.23155461,7.097508
2192,2.192,0.22477992,7.044843
2193,2.193,0.21172817,7.065739
2194,2.194,0.20125346,7.044598
2195,2.195,0.20785902,7.0003457
2196,2.196,0.19262864,6.990847
2197,2.197,0.19155204,6.8694315
2198,2.198,0.20799357,6.854473
2199,2.199,0.20019785,6.8880267
2200,2.2,0.19187976,6.8071246
2201,2.201,0.20143057,6.740903
2202,2.202,0.20626208,4.657282
2203,2.203,0.20509192,6.8039613
2204,2.204,0.19853637,6.801296
2205,2.205,0.20108883,6.775672
2206,2.206,0.18693472,6.8151336
2207,2.207,0.17993759,6.7417665
2208,2.208,0.1808862,6.6848044
2209,2.209,0.1942505,6.5837975
2210,2.21,0.17407866,6.4950013
2211,2.211,0.17197047,6.530294
2212,2.212,0.18290332,6.686319
2213,2.213,0.18975583,6.6859493
2214,2.214,0.18595201,6.6565866
2215,2.215,0.18159162,6.674638
2216,2.216,0.17181009,4.66962
2217,2.217,0.17944577,4.6013007
2218,2.218,0.18312912,4.6358805
2219,2.219,0.18145597,4.5558624
2220,2.22,0.15591079,4.615565
2221,2.221,0.15711504,4.6026335
2222,2.222,0.1740016,4.6000395
2223,2.223,0.17672208,4.640978
2224,2.224,0.17255396,4.642409
2225,2.225,0.14636517,4.6603994
2226,2.226,0.16196527,4.663262
2227,2.227,0.14640307,4.677218
2228,2.228,0.13549319,4.6503525
2229,2.229,0.14929903,4.6684647
2230,2.23,0.1496845,4.6584682
2231,2.231,0.15292425,4.6249237
2232,2.232,0.16003747,4.628794
2233,2.233,0.16969587,4.6391964
2234,2.234,0.17118964,4.6406813
2235,2.235,0.1655481,4.6387553
2236,2.236,0.1711731,4.6157627
2237,2.237,0.17798427,4.6800876
2238,2.238,0.18635967,4.694455
2239,2.239,0.19169682,4.6450114
2240,2.24,0.18827613,4.672742
2241,2.241,0.17860086,4.640971
2242,2.242,0.18443397,4.6231112
2243,2.243,0.19136064,4.611198
2244,2.244,0.19018422,4.6038384
2245,2.245,0.18680172,4.625518
2246,2.246,0.19090554,4.631026
2247,2.247,0.18525665,4.566722
2248,2.248,0.18181555,4.627296
2249,2.249,0.17676558,4.6039567
2250,2.25,0.19260703,4.6061754
2251,2.251,0.17926112,4.59468
2252,2.252,0.1853078,4.623873
2253,2.253,0.18355943,4.5795374
2254,2.254,0.18795444,4.5986733
2255,2.255,0.17457168,4.620524
2256,2.256,0.16644017,4.6043644
2257,2.257,0.15850972,4.618439
2258,2.258,0.16212115,4.621802
2259,2.259,0.17610548,4.567916
2260,2.26,0.18736154,4.567461
2261,2.261,0.19405699,4.5479345
2262,2.262,0.17795862,4.5985394
2263,2.263,0.1678772,4.6311865
2264,2.264,0.17369407,4.590691
2265,2.265,0.18261015,4.6414237
2266,2.266,0.18664138,4.596578
2267,2.267,0.17908789,4.617007
2268,2.268,0.18241538,4.677168
2269,2.269,0.19805863,4.595438
2270,2.27,0.1852582,4.611271
2271,2.271,0.18405941,4.618375
2272,2.272,0.18060318,4.591144
2273,2.273,0.17153063,4.6338058
2274,2.274,0.16625081,4.6080613
2275,2.275,0.17400293,4.580482
2276,2.276,0.16494054,4.629908
2277,2.277,0.15138313,4.6468277
2278,2.278,0.16469963,4.6552334
2279,2.279,0.17188878,4.676191
2280,2.28,0.17794335,4.6372046
2281,2.281,0.18109567,4.653963
2282,2.282,0.19190204,4.618925
2283,2.283,0.19495796,4.576741
2284,2.284,0.18704414,4.582372
2285,2.285,0.19371058,4.607923
2286,2.286,0.18671446,4.5971584
2287,2.287,0.18168612,4.5946174
2288,2.288,0.17424425,4.630787
2289,2.289,0.17802908,4.631671
2290,2.29,0.16921255,4.6582823
2291,2.291,0.1675053,4.6658015
2292,2.292,0.15905209,4.666617
2293,2.293,0.1580763,4.6229706
2294,2.294,0.17467164,4.613012
2295,2.295,0.171246,4.6151133
2296,2.296,0.15280743,4.615129
2297,2.297,0.16231674,4.627565
2298,2.298,0.16104195,4.6280804
2299,2.299,0.15197149,4.637998
2300,2.3,0.1457958,4.6125307
2301,2.301,0.14951566,4.655869
2302,2.302,0.15330136,4.676853
2303,2.303,0.16926447,4.651691
2304,2.304,0.1468304,4.681681
2305,2.305,0.15999486,4.661987
2306,2.306,0.15930337,4.6576076
2307,2.307,0.15767322,4.6553116
2308,2.308,0.15556341,4.650414
2309,2.309,0.17071833,4.6431913
2310,2.31,0.15409446,4.608555
2311,2.311,0.154739,4.677729
2312,2.312,0.16155079,4.676559
2313,2.313,0.17745253,4.6617923
2314,2.314,0.15426278,4.6163096
2315,2.315,0.16626471,4.6207957
2316,2.316,0.16049837,4.623844
2317,2.317,0.1547192,4.580692
2318,2.318,0.15786555,4.668119
2319,2.319,0.16053185,4.617379
2320,2.32,0.15750341,4.633379
2321,2.321,0.16042885,4.639737
2322,2.322,0.15737748,4.6165876
2323,2.323,0.17456637,4.6340365
2324,2.324,0.16611274,4.616744
2325,2.325,0.17107819,4.6120367
2326,2.326,0.173398,6.342292
2327,2.327,0.17306034,4.689887
2328,2.328,0.15799548,6.3800063
2329,2.329,0.15848127,6.3607774
2330,2.33,0.15890957,4.5897174
2331,2.331,0.17436495,4.595791
2332,2.332,0.16257471,6.359951
2333,2.333,0.15456372,4.6730976
2334,2.334,0.16530527,4.700449
2335,2.335,0.16740313,6.3808517
2336,2.336,0.1609741,6.3937964
2337,2.337,0.15203954,6.294038
2338,2.338,0.1494975,4.649846
2339,2.339,0.15239497,4.6544952
2340,2.34,0.16236624,4.681652
2341,2.341,0.16416745,4.735462
2342,2.342,0.16029584,4.7357187
2343,2.343,0.15284449,4.6725907
2344,2.344,0.16363072,4.7098475
2345,2.345,0.16511461,4.6379642
2346,2.346,0.16553274,4.659471
2347,2.347,0.1623584,4.677456
2348,2.348,0.16988581,4.634468
2349,2.349,0.17198998,4.6987233
2350,2.35,0.1693191,4.662414
2351,2.351,0.16709451,4.6610875
2352,2.352,0.17234918,4.668984
2353,2.353,0.16075458,4.6201115
2354,2.354,0.16381218,4.6718287
2355,2.355,0.14624941,4.658171
2356,2.356,0.1541241,4.631645
2357,2.357,0.15305007,4.6788526
2358,2.358,0.16036074,4.673373
2359,2.359,0.15801926,4.639043
2360,2.36,0.13897872,4.6057987
2361,2.361,0.15051433,4.627861
2362,2.362,0.13937822,4.630067
2363,2.363,0.16604243,4.603893
2364,2.364,0.16745214,4.61516
2365,2.365,0.16586515,4.62927
2366,2.366,0.1623972,4.613876
2367,2.367,0.16219172,4.614519
2368,2.368,0.15702967,4.629507
2369,2.369,0.1461126,4.661635
2370,2.37,0.15326215,4.5974164
2371,2.371,0.15351273,4.6340466
2372,2.372,0.16260563,4.6425514
2373,2.373,0.16430646,4.629961
2374,2.374,0.1618664,4.5834417
2375,2.375,0.16756566,4.5713544
2376,2.376,0.16349679,4.6257353
2377,2.377,0.16378571,4.5989103
2378,2.378,0.16505368,4.612206
2379,2.379,0.17139041,4.6716895
2380,2.38,0.17189181,4.688985
2381,2.381,0.16299652,4.6450253
2382,2.382,0.16134673,4.622514
2383,2.383,0.16625254,4.6454144
2384,2.384,0.16222522,4.654927
2385,2.385,0.15653235,4.6879315
2386,2.386,0.15105633,4.6110134
2387,2.387,0.13772374,4.621524
2388,2.388,0.13330466,4.6446366
2389,2.389,0.14274788,4.646259
2390,2.39,0.13400435,4.6674566
2391,2.391,0.14156269,4.6324887
2392,2.392,0.12523144,4.710246
2393,2.393,0.13800715,4.6832423
2394,2.394,0.14977714,4.674315
2395,2.395,0.15698403,4.6749854
2396,2.396,0.15644594,4.7429895
2397,2.397,0.15104027,4.6886377
2398,2.398,0.15333642,4.675972
2399,2.399,0.17039572,4.6861634
2400,2.4,0.1494917,4.6943636
2401,2.401,0.15202321,4.6562514
2402,2.402,0.15595786,4.746872
2403,2.403,0.13884556,4.685003
2404,2.404,0.14749062,4.6761427
2405,2.405,0.13954481,4.6969433
2406,2.406,0.13291125,4.6538234
2407,2.407,0.1446232,4.657438
2408,2.408,0.15403594,4.653162
2409,2.409,0.15489358,4.655321
2410,2.41,0.15260683,4.638813
2411,2.411,0.15923586,4.6442404
2412,2.412,0.15380162,4.618414
2413,2.413,0.15389216,4.640129
2414,2.414,0.17013943,4.594343
2415,2.415,0.17170307,4.6108084
2416,2.416,0.16591462,4.6017895
2417,2.417,0.15768641,4.5878544
2418,2.418,0.15223293,4.604339
2419,2.419,0.15451548,4.563794
2420,2.42,0.16165772,4.6410046
2421,2.421,0.15737197,4.658763
2422,2.422,0.16425861,4.73832
2423,2.423,0.14237244,4.6901126
2424,2.424,0.13676524,4.683163
2425,2.425,0.14857139,4.661304
2426,2.426,0.14699328,4.673608
2427,2.427,0.1528373,4.693573
2428,2.428,0.1515556,4.687624
2429,2.429,0.14546958,4.71167
2430,2.43,0.14804879,4.710795
2431,2.431,0.14424583,4.757954
2432,2.432,0.14689377,4.6967626
2433,2.433,0.15736426,4.6971254
2434,2.434,0.14574347,4.7602835
2435,2.435,0.15001775,4.70885
2436,2.436,0.15119287,4.6392198
2437,2.437,0.1529216,4.652118
2438,2.438,0.140848,4.635078
2439,2.439,0.14321478,4.6405067
2440,2.44,0.14093497,4.6598144
2441,2.441,0.14601012,4.6751018
2442,2.442,0.13833553,4.7238584
2443,2.443,0.15159221,4.748513
2444,2.444,0.15093154,4.7035527
2445,2.445,0.14647806,4.6866894
2446,2.446,0.15691406,4.656775
2447,2.447,0.16615379,4.658245
2448,2.448,0.16239578,4.7132998
2449,2.449,0.170654,4.7053742
2450,2.45,0.15934472,4.7155657
2451,2.451,0.16441898,4.655925
2452,2.452,0.16560884,4.6278744
2453,2.453,0.15276127,4.63391
2454,2.454,0.15458953,4.715551
2455,2.455,0.14087345,4.672683
2456,2.456,0.15283957,4.671629
2457,2.457,0.15143925,4.6407156
2458,2.458,0.1519304,4.622525
2459,2.459,0.13890384,4.686227
2460,2.46,0.15516387,4.7040887
2461,2.461,0.15237334,4.6744657
2462,2.462,0.15011981,4.679051
2463,2.463,0.1640033,4.692969
2464,2.464,0.17176433,4.6714945
2465,2.465,0.15853779,4.632327
2466,2.466,0.1592366,4.683463
2467,2.467,0.15845028,4.624931
2468,2.468,0.15245639,4.648717
2469,2.469,0.13727482,4.6282887
2470,2.47,0.1404675,4.6314135
2471,2.471,0.13474074,4.637415
2472,2.472,0.14505337,4.6326146
2473,2.473,0.14572603,4.645714
2474,2.474,0.15419908,4.642032
2475,2.475,0.16054122,4.603617
2476,2.476,0.14474903,4.700283
2477,2.477,0.1408841,4.7060356
2478,2.478,0.15894632,4.7141623
2479,2.479,0.14468352,4.673584
2480,2.48,0.14410873,4.655852
2481,2.481,0.15163225,4.635356
2482,2.482,0.15397552,4.6614594
2483,2.483,0.14509203,4.6429057
2484,2.484,0.1481163,4.682844
2485,2.485,0.14930406,4.6687512
2486,2.486,0.14383775,4.6278315
2487,2.487,0.1371438,4.635372
2488,2.488,0.1411841,4.6354704
2489,2.489,0.15709002,4.6947594
2490,2.49,0.14953113,4.682252
2491,2.491,0.16163628,4.6999
2492,2.492,0.16373524,4.626404
2493,2.493,0.18928221,4.6410437
2494,2.494,0.17897908,4.6207113
2495,2.495,0.17926821,4.577476
2496,2.496,0.17440075,4.6296763
2497,2.497,0.17630263,4.581715
2498,2.498,0.17987815,4.532086
2499,2.499,0.17634,4.5724573
2500,2.5,0.16755497,4.609309
2501,2.501,0.17735283,4.609941
2502,2.502,0.19348936,4.6327505
2503,2.503,0.19231664,4.6179466
2504,2.504,0.18506841,4.6241508
2505,2.505,0.19507176,4.6183114
2506,2.506,0.201364,4.613811
2507,2.507,0.20353603,4.54938
2508,2.508,0.20669681,4.5979037
2509,2.509,0.20825823,4.5833654
2510,2.51,0.20778088,4.573138
2511,2.511,0.20700864,4.561934
2512,2.512,0.19611458,4.63595
2513,2.513,0.19797722,4.5695233
2514,2.514,0.20238926,4.587031
2515,2.515,0.20896722,4.596292
2516,2.516,0.2058402,4.5573654
2517,2.517,0.20225728,4.5882125
2518,2.518,0.20168035,4.5974693
2519,2.519,0.21402732,4.612853
2520,2.52,0.21230558,4.569546
2521,2.521,0.22508416,4.584107
2522,2.522,0.21944301,4.538278
2523,2.523,0.22427228,4.5751433
2524,2.524,0.21627797,4.5839934
2525,2.525,0.22239625,4.5756726
2526,2.526,0.21999307,4.565284
2527,2.527,0.22088453,4.5704784
2528,2.528,0.20639123,4.6004705
2529,2.529,0.21464539,4.577812
2530,2.53,0.22993973,4.5614643
2531,2.531,0.22011651,4.5806355
2532,2.532,0.21410885,4.5778866
2533,2.533,0.21871962,4.550591
2534,2.534,0.22005402,4.571978
2535,2.535,0.218497,4.552859
2536,2.536,0.20529558,4.5357437
2537,2.537,0.20580931,4.5691175
2538,2.538,0.20234813,4.598671
2539,2.539,0.2000803,4.530048
2540,2.54,0.2028471,4.5606217
2541,2.541,0.20705386,4.5744286
2542,2.542,0.20505643,4.5900025
2543,2.543,0.21886384,4.5873413
2544,2.544,0.1986455,4.5916934
2545,2.545,0.19693515,4.591485
2546,2.546,0.2065561,4.598077
2547,2.547,0.20225699,4.588945
2548,2.548,0.19924544,4.5784593
2549,2.549,0.19353953,4.6139793
2550,2.55,0.20162588,4.5699472
2551,2.551,0.20388615,4.5923057
2552,2.552,0.20894842,4.6090317
2553,2.553,0.20070705,4.619902
2554,2.554,0.19914156,4.625079
2555,2.555,0.2080158,4.648408
2556,2.556,0.20138092,4.653731
2557,2.557,0.21068883,4.597863
2558,2.558,0.19510998,4.640731
2559,2.559,0.21671848,4.5952644
2560,2.56,0.23707606,4.582135
2561,2.561,0.23940651,4.599809
2562,2.562,0.2512741,4.596343
2563,2.563,0.2574347,4.6373196
2564,2.564,0.2521251,4.596989
2565,2.565,0.2580133,4.577268
2566,2.566,0.23549758,4.658328
2567,2.567,0.2465403,4.627216
2568,2.568,0.23875234,4.6134877
2569,2.569,0.24987489,4.6279163
2570,2.57,0.24961129,4.6528826
2571,2.571,0.256663,4.6366673
2572,2.572,0.25574797,4.5844164
2573,2.573,0.25539064,4.588044
2574,2.574,0.25701943,4.5528836
2575,2.575,0.25273556,4.6050982
2576,2.576,0.25172567,4.6143208
2577,2.577,0.25863126,4.6430335
2578,2.578,0.27042013,4.6197658
2579,2.579,0.27111945,4.6249776
2580,2.58,0.26650763,4.613105
2581,2.581,0.26527247,4.6239314
2582,2.582,0.24673854,4.6951556
2583,2.583,0.26718903,4.6133623
2584,2.584,0.27910435,4.6183763
2585,2.585,0.27825442,4.6225877
2586,2.586,0.28481734,4.5730853
2587,2.587,0.2837353,4.586536
2588,2.588,0.29728746,4.597503
2589,2.589,0.27203226,4.621446
2590,2.59,0.27515945,4.6621375
2591,2.591,0.27347365,4.6394534
2592,2.592,0.28485653,4.640824
2593,2.593,0.27914163,4.643924
2594,2.594,0.3087926,4.59022
2595,2.595,0.26701397,4.6426787
2596,2.596,0.27847555,4.6263504
2597,2.597,0.2874124,4.581319
2598,2.598,0.28388458,4.6183515
2599,2.599,0.29362813,4.630729
2600,2.6,0.30079585,4.627196
2601,2.601,0.30718863,4.576543
2602,2.602,0.30399564,4.6283283
2603,2.603,0.31938875,4.6376095
2604,2.604,0.32906076,4.6262565
2605,2.605,0.33062032,4.620638
2606,2.606,0.33913755,4.582479
2607,2.607,0.32130772,4.61162
2608,2.608,0.31212246,4.587494
2609,2.609,0.31923687,4.5582466
2610,2.61,0.31264424,4.639133
2611,2.611,0.29280713,4.563406
2612,2.612,0.2923255,4.6117673
2613,2.613,0.28310615,4.5581703
2614,2.614,0.28842357,4.597685
2615,2.615,0.28535724,4.573254
2616,2.616,0.28128618,4.5718145
2617,2.617,0.28755534,4.610297
2618,2.618,0.29469013,4.599859
2619,2.619,0.28467363,4.593729
2620,2.62,0.26917312,4.625964
2621,2.621,0.27916875,4.5956573
2622,2.622,0.27435377,4.5872526
2623,2.623,0.2831417,4.5790644
2624,2.624,0.27117786,4.585279
2625,2.625,0.27983814,4.566648
2626,2.626,0.28618002,4.588545
2627,2.627,0.27172592,4.572752
2628,2.628,0.29317603,4.605927
2629,2.629,0.28720397,4.5942655
2630,2.63,0.29404357,4.575785
2631,2.631,0.28152177,4.6308928
2632,2.632,0.29010057,4.6030226
2633,2.633,0.29430467,4.5862284
2634,2.634,0.27273482,4.5680165
2635,2.635,0.27300045,4.5847173
2636,2.636,0.26540795,4.590391
2637,2.637,0.2662748,4.6252823
2638,2.638,0.2611218,4.649532
2639,2.639,0.2700437,4.659097
2640,2.64,0.25831777,4.637676
2641,2.641,0.25510693,4.644133
2642,2.642,0.25862077,4.63801
2643,2.643,0.2543175,4.6348047
2644,2.644,0.24946491,4.5967507
2645,2.645,0.23976934,4.705765
2646,2.646,0.23709069,4.660792
2647,2.647,0.23232338,4.6604915
2648,2.648,0.23592767,4.666692
2649,2.649,0.23089218,4.7142663
2650,2.65,0.22772917,4.6436605
2651,2.651,0.23757653,4.6629934
2652,2.652,0.2338264,4.7123704
2653,2.653,0.24583879,4.673963
2654,2.654,0.26261076,4.6953254
2655,2.655,0.25098732,4.678523
2656,2.656,0.25708735,4.6487403
2657,2.657,0.26260373,4.653709
2658,2.658,0.25032854,4.6581764
2659,2.659,0.24193965,4.6899505
2660,2.66,0.2427546,4.636416
2661,2.661,0.24913338,4.687044
2662,2.662,0.25455236,4.6095214
2663,2.663,0.27049708,4.6447434
2664,2.664,0.25919807,4.597597
2665,2.665,0.28749666,4.620845
2666,2.666,0.27436304,4.6586075
2667,2.667,0.2785818,4.606942
2668,2.668,0.27687883,4.624037
2669,2.669,0.27116314,4.608905
2670,2.67,0.26927787,4.6556168
2671,2.671,0.2763933,4.6903934
2672,2.672,0.29263672,4.645055
2673,2.673,0.30061325,4.619896
2674,2.674,0.29382333,4.649816
2675,2.675,0.31258857,4.6575336
2676,2.676,0.31266418,4.7130523
2677,2.677,0.31214154,4.6546707
2678,2.678,0.3058385,4.6517954
2679,2.679,0.3097054,4.611745
2680,2.68,0.30171794,4.6833677
2681,2.681,0.29724097,4.6897197
2682,2.682,0.3092538,4.701694
2683,2.683,0.29729486,4.6718087
2684,2.684,0.29459402,4.6405697
2685,2.685,0.28598788,4.6473036
2686,2.686,0.27969,4.702154
2687,2.687,0.2660709,4.621531
2688,2.688,0.28259632,4.645424
2689,2.689,0.27358013,4.6457233
2690,2.69,0.27515715,4.64369
2691,2.691,0.27158186,4.6725326
2692,2.692,0.26350984,4.636283
2693,2.693,0.26315513,4.6401606
2694,2.694,0.2593804,4.6614957
2695,2.695,0.27023113,4.630439
2696,2.696,0.2684358,4.671051
2697,2.697,0.27142134,4.61676
2698,2.698,0.27294454,4.6344004
2699,2.699,0.2599787,4.6426306
2700,2.7,0.2528492,4.6532083
2701,2.701,0.25785846,4.6369023
2702,2.702,0.26553053,4.6754155
2703,2.703,0.2575357,4.688874
2704,2.704,0.2591042,4.6818624
2705,2.705,0.27009228,4.684499
2706,2.706,0.2732624,4.650592
2707,2.707,0.26699772,4.6547017
2708,2.708,0.2829947,4.662467
2709,2.709,0.28077796,4.651154
2710,2.71,0.2793724,4.6370826
2711,2.711,0.2840366,4.6945868
2712,2.712,0.29275164,4.6376963
2713,2.713,0.28575942,4.604526
2714,2.714,0.29975238,4.6489205
2715,2.715,0.27675962,4.6823106
2716,2.716,0.27648672,4.6649795
2717,2.717,0.2610009,4.6593065
2718,2.718,0.2531085,4.6817737
2719,2.719,0.2586554,4.70362
2720,2.72,0.24996924,4.702954
2721,2.721,0.25818303,4.733338
2722,2.722,0.26364076,4.7277474
2723,2.723,0.2684582,4.7251034
2724,2.724,0.2550369,4.6801543
2725,2.725,0.26655164,4.7029676
2726,2.726,0.2678577,4.699543
2727,2.727,0.27404264,4.698157
2728,2.728,0.26575878,4.6955266
2729,2.729,0.27223444,4.7026353
2730,2.73,0.27084237,4.6979327
2731,2.731,0.27814472,4.726041
2732,2.732,0.2777492,4.7159805
2733,2.733,0.2889361,4.752048
2734,2.734,0.27004284,4.6953335
2735,2.735,0.2804441,4.6315565
2736,2.736,0.26467392,4.7077317
2737,2.737,0.2692914,4.729307
2738,2.738,0.26224646,4.682631
2739,2.739,0.26641738,4.675287
2740,2.74,0.26537073,4.739508
2741,2.741,0.26503053,4.706279
2742,2.742,0.2735066,4.696983
2743,2.743,0.26730022,4.718511
2744,2.744,0.2686093,4.744562
2745,2.745,0.26654753,4.724379
2746,2.746,0.2727774,4.7085295
2747,2.747,0.27546638,4.7133117
2748,2.748,0.25515655,4.6984463
2749,2.749,0.26196244,4.711368
2750,2.75,0.27328187,4.688752
2751,2.751,0.29105335,4.6551914
2752,2.752,0.27576354,4.6967406
2753,2.753,0.27541518,4.6854544
2754,2.754,0.28485775,4.7553253
2755,2.755,0.265323,4.7007093
2756,2.756,0.27808195,4.6866965
2757,2.757,0.26836085,4.7573566
2758,2.758,0.28472745,4.7027287
2759,2.759,0.25692543,4.6557684
2760,2.76,0.26344907,4.6626716
2761,2.761,0.26632908,4.6851296
2762,2.762,0.26340103,4.6999345
2763,2.763,0.27016398,4.677094
2764,2.764,0.26244807,4.710163
2765,2.765,0.25599307,4.734015
2766,2.766,0.26284394,4.644161
2767,2.767,0.24510935,4.6528316
2768,2.768,0.23752202,4.657426
2769,2.769,0.23461975,4.64707
2770,2.77,0.23594752,4.650282
2771,2.771,0.24495248,4.6422124
2772,2.772,0.24161142,4.655741
2773,2.773,0.22066803,4.6772814
2774,2.774,0.21795219,4.676209
2775,2.775,0.20473428,4.6737304
2776,2.776,0.20641531,4.675619
2777,2.777,0.2035704,4.5998597
2778,2.778,0.20518632,4.6083455
2779,2.779,0.21431473,4.634098
2780,2.78,0.20250887,4.6590276
2781,2.781,0.21105994,4.6213937
2782,2.782,0.216791,4.627977
2783,2.783,0.2224807,4.6684413
2784,2.784,0.22221972,4.6058207
2785,2.785,0.2061993,4.678769
2786,2.786,0.21890293,4.6252804
2787,2.787,0.20225699,4.6516557
2788,2.788,0.19262923,4.6478333
2789,2.789,0.21460015,4.6142025
2790,2.79,0.20299435,4.617281
2791,2.791,0.20618388,4.621209
2792,2.792,0.21443605,4.6581964
2793,2.793,0.20435649,4.643201
2794,2.794,0.21878964,4.6081533
2795,2.795,0.22020683,4.5945272
2796,2.796,0.22155444,4.624193
2797,2.797,0.20269088,4.5955095
2798,2.798,0.21074396,4.5859733
2799,2.799,0.21334244,4.597481
2800,2.8,0.21641877,4.6506634
2801,2.801,0.2256179,4.6630387
2802,2.802,0.2131153,4.633908
2803,2.803,0.2020537,4.6086254
2804,2.804,0.2014848,4.6288395
2805,2.805,0.20896696,4.6235566
2806,2.806,0.21460877,4.622539
2807,2.807,0.20797245,4.6100063
2808,2.808,0.2136316,4.6084876
2809,2.809,0.22985074,4.5978637
2810,2.81,0.21972649,4.6363463
2811,2.811,0.20866884,4.604892
2812,2.812,0.22259809,4.635525
2813,2.813,0.20753956,4.599998
2814,2.814,0.18624365,4.5827785
2815,2.815,0.2030419,4.5995197
2816,2.816,0.21400248,4.605974
2817,2.817,0.21660483,4.5905337
2818,2.818,0.22430938,4.6058154
2819,2.819,0.23843643,4.599852
2820,2.82,0.22513525,4.58184
2821,2.821,0.23229128,4.5577664
2822,2.822,0.23224176,4.5493083
2823,2.823,0.23536722,4.588872
2824,2.824,0.2489145,4.6082435
2825,2.825,0.2487677,4.5816455
2826,2.826,0.25113076,4.587162
2827,2.827,0.2521595,4.601597
2828,2.828,0.25453487,4.6067653
2829,2.829,0.28265953,4.623186
2830,2.83,0.27933103,4.608979
2831,2.831,0.27779186,4.579391
2832,2.832,0.28774825,4.6182547
2833,2.833,0.27192408,4.6603847
2834,2.834,0.28522456,4.6299314
2835,2.835,0.2781335,4.6666875
2836,2.836,0.28125843,4.6250377
2837,2.837,0.27645892,4.6100187
2838,2.838,0.26266533,4.626799
2839,2.839,0.26859272,4.656954
2840,2.84,0.27041438,4.681225
2841,2.841,0.26873472,4.6712303
2842,2.842,0.26695207,4.661748
2843,2.843,0.26793104,4.6885867
2844,2.844,0.26932424,4.702572
2845,2.845,0.26464534,4.716849
2846,2.846,0.2654683,4.722721
2847,2.847,0.26979145,4.6754317
2848,2.848,0.27137536,4.676323
2849,2.849,0.25974002,4.738381
2850,2.85,0.26821956,4.7048116
2851,2.851,0.27045926,4.6990905
2852,2.852,0.28758046,4.6768336
2853,2.853,0.2812134,4.7238874
2854,2.854,0.27625,4.741337
2855,2.855,0.2858021,4.7232566
2856,2.856,0.28261065,4.710226
2857,2.857,0.28991285,4.740666
2858,2.858,0.3118218,4.7010436
2859,2.859,0.31636113,4.7196937
2860,2.86,0.32109323,4.6248307
2861,2.861,0.2935224,4.694926
2862,2.862,0.30465657,4.702634
2863,2.863,0.28680524,4.691689
2864,2.864,0.2990124,4.626947
2865,2.865,0.29652554,4.688805
2866,2.866,0.3173793,4.6753726
2867,2.867,0.30417278,4.652475
2868,2.868,0.30041438,4.6540422
2869,2.869,0.30718035,4.629241
2870,2.87,0.3118772,4.6621656
2871,2.871,0.3219945,4.628802
2872,2.872,0.2999411,4.6832514
2873,2.873,0.30779952,4.6404285
2874,2.874,0.32379615,4.6388116
2875,2.875,0.32101816,4.6694927
2876,2.876,0.30714384,4.650002
2877,2.877,0.3124939,4.6266313
2878,2.878,0.31439412,4.6604357
2879,2.879,0.31564507,4.635845
2880,2.88,0.3154804,4.631686
2881,2.881,0.292892,4.631844
2882,2.882,0.28324088,4.6264544
2883,2.883,0.28730035,4.639865
2884,2.884,0.29368836,4.579301
2885,2.885,0.30774,4.5975027
2886,2.886,0.3100512,4.577322
2887,2.887,0.31439504,4.586517
2888,2.888,0.3087926,4.6078477
2889,2.889,0.31168997,4.607234
2890,2.89,0.29056203,4.610233
2891,2.891,0.3119339,4.604767
2892,2.892,0.32244402,4.6140413
2893,2.893,0.32402918,4.6217017
2894,2.894,0.32645333,4.6026745
2895,2.895,0.32234418,4.588818
2896,2.896,0.31183085,4.602559
2897,2.897,0.28416458,4.5924106
2898,2.898,0.28928277,4.6308117
2899,2.899,0.28668228,4.6116314
2900,2.9,0.2853289,4.6004534
2901,2.901,0.29275483,4.6085505
2902,2.902,0.3012868,4.611473
2903,2.903,0.28978682,4.6279936
2904,2.904,0.28215525,4.6507006
2905,2.905,0.29642025,4.63611
2906,2.906,0.28730378,4.6343017
2907,2.907,0.28930312,4.6247883
2908,2.908,0.27713737,4.6736
2909,2.909,0.2771609,4.642949
2910,2.91,0.2927252,4.6503725
2911,2.911,0.28306472,4.6295743
2912,2.912,0.29136437,4.6744285
2913,2.913,0.30614033,4.648664
2914,2.914,0.29722562,4.6165524
2915,2.915,0.30069783,4.612635
2916,2.916,0.30194542,4.6232085
2917,2.917,0.30984256,4.6584916
2918,2.918,0.2912779,4.624218
2919,2.919,0.2866496,4.6362276
2920,2.92,0.28056276,4.62307
2921,2.921,0.26775995,4.647019
2922,2.922,0.2740327,4.6776543
2923,2.923,0.27127692,4.6675854
2924,2.924,0.29103687,4.637895
2925,2.925,0.2902221,4.622927
2926,2.926,0.30030757,4.6362677
2927,2.927,0.2889735,4.620651
2928,2.928,0.29209724,4.6402054
2929,2.929,0.27924782,4.597899
2930,2.93,0.28712568,4.6379814
2931,2.931,0.28719753,4.619663
2932,2.932,0.28823993,4.598059
2933,2.933,0.28499994,4.6319795
2934,2.934,0.2878161,4.5969105
2935,2.935,0.2792977,4.5893435
2936,2.936,0.30182192,4.6361585
2937,2.937,0.29905742,4.620895
2938,2.938,0.32152244,4.5861554
2939,2.939,0.3128298,4.583787
2940,2.94,0.29627454,4.5935187
2941,2.941,0.28045377,4.609993
2942,2.942,0.26562282,4.629608
2943,2.943,0.26887575,4.641262
2944,2.944,0.26935536,4.6083393
2945,2.945,0.2854664,4.6546717
2946,2.946,0.2850492,4.6485877
2947,2.947,0.2892374,4.598274
2948,2.948,0.307476,4.65402
2949,2.949,0.30518314,4.648281
2950,2.95,0.30824557,4.617763
2951,2.951,0.3132504,4.578376
2952,2.952,0.31314242,4.6433525
2953,2.953,0.2838131,4.6577287
2954,2.954,0.293081,4.619458
2955,2.955,0.28431383,4.644311
2956,2.956,0.26617408,4.6145344
2957,2.957,0.26950574,4.618573
2958,2.958,0.2777571,4.6277356
2959,2.959,0.26798347,4.5994277
2960,2.96,0.27353007,4.6433554
2961,2.961,0.26778305,4.6399026
2962,2.962,0.27041522,4.6574183
2963,2.963,0.26462197,4.6881537
2964,2.964,0.2593229,4.671965
2965,2.965,0.2683753,4.6162615
2966,2.966,0.26324737,4.659624
2967,2.967,0.2741251,4.6157794
2968,2.968,0.30342302,4.6844096
2969,2.969,0.30060768,4.6216846
2970,2.97,0.300363,4.624109
2971,2.971,0.28827482,4.676291
2972,2.972,0.29721493,4.632816
2973,2.973,0.28351602,4.614434
2974,2.974,0.30236834,4.5986104
2975,2.975,0.31066132,4.5802174
2976,2.976,0.2950138,4.561132
2977,2.977,0.2887284,4.599135
2978,2.978,0.3013775,4.630759
2979,2.979,0.30108127,4.57118
2980,2.98,0.2966705,4.579033
2981,2.981,0.28730157,4.631846
2982,2.982,0.27534047,4.6177983
2983,2.983,0.27264494,4.6155176
2984,2.984,0.26102683,4.6287923
2985,2.985,0.25547007,4.6338425
2986,2.986,0.26131895,4.632721
2987,2.987,0.26719445,4.6563883
2988,2.988,0.2600805,4.6173964
2989,2.989,0.25419974,4.59436
2990,2.99,0.26069003,4.59011
2991,2.991,0.24481913,4.6639767
2992,2.992,0.23727857,4.634674
2993,2.993,0.24650277,4.6628222
2994,2.994,0.2522624,4.6856527
2995,2.995,0.24958304,4.6580973
2996,2.996,0.2390632,4.6871114
2997,2.997,0.23290381,4.627572
2998,2.998,0.2399821,4.6343217
2999,2.999,0.2514424,4.6785555
3000,3.0,0.26374134,4.6270638
3001,3.001,0.27730122,4.639365
3002,3.002,0.26306465,4.6478715
3003,3.003,0.24944869,4.6154404
3004,3.004,0.27444497,4.683721
3005,3.005,0.27028847,4.67937
3006,3.006,0.2629266,4.590749
3007,3.007,0.25724986,4.6590447
3008,3.008,0.252346,4.5957355
3009,3.009,0.25052333,4.625616
3010,3.01,0.2532763,4.6247225
3011,3.011,0.25118047,4.632797
3012,3.012,0.24055223,4.667692
3013,3.013,0.24520813,4.610466
3014,3.014,0.23427536,4.6143737
3015,3.015,0.23803686,4.6509447
3016,3.016,0.23893987,4.6387634
3017,3.017,0.23916811,4.6257157
3018,3.018,0.23409715,4.6664653
3019,3.019,0.24545927,4.6263704
3020,3.02,0.23682018,4.632726
3021,3.021,0.23089969,4.63626
3022,3.022,0.22789003,4.649834
3023,3.023,0.24064063,4.649099
3024,3.024,0.24033757,4.659204
3025,3.025,0.24626796,4.586241
3026,3.026,0.24471971,4.6242824
3027,3.027,0.24610667,4.606377
3028,3.028,0.24997619,4.6671185
3029,3.029,0.24913128,4.6744704
3030,3.03,0.25578663,4.698915
3031,3.031,0.24718462,4.679323
3032,3.032,0.2560391,4.6481056
3033,3.033,0.25227728,4.6080794
3034,3.034,0.24445505,4.656194
3035,3.035,0.26624072,4.6685896
3036,3.036,0.26283538,4.6142726
3037,3.037,0.25442383,4.6855574
3038,3.038,0.25465545,4.6625752
3039,3.039,0.24885157,4.617723
3040,3.04,0.2557186,4.6080465
3041,3.041,0.25709522,4.6371393
3042,3.042,0.25188544,4.6221995
3043,3.043,0.26122227,4.6240487
3044,3.044,0.2425452,4.6780634
3045,3.045,0.24557768,4.648765
3046,3.046,0.24535894,4.606899
3047,3.047,0.2411548,4.6058636
3048,3.048,0.26069358,4.615101
3049,3.049,0.25666884,4.5889335
3050,3.05,0.25941628,4.5898986
3051,3.051,0.27486625,4.6423163
3052,3.052,0.27404368,4.650832
3053,3.053,0.26961058,4.682646
3054,3.054,0.27309188,4.6420145
3055,3.055,0.26987007,4.6572165
3056,3.056,0.2830114,4.6415987
3057,3.057,0.27451804,4.685753
3058,3.058,0.2514884,4.6125484
3059,3.059,0.26133862,4.614639
3060,3.06,0.2594791,4.6793895
3061,3.061,0.27487698,4.607327
3062,3.062,0.26365435,4.6385365
3063,3.063,0.26177087,4.622563
3064,3.064,0.25048596,4.637029
3065,3.065,0.24019852,4.6121125
3066,3.066,0.22890101,4.6290894
3067,3.067,0.24135724,4.7258625
3068,3.068,0.25000554,4.7051044
3069,3.069,0.23956773,4.692154
3070,3.07,0.24196832,4.7128344
3071,3.071,0.24017374,4.672414
3072,3.072,0.24785456,4.67204
3073,3.073,0.25086227,4.6638055
3074,3.074,0.24145707,4.6643176
3075,3.075,0.25973448,4.670168
3076,3.076,0.24816638,4.6568294
3077,3.077,0.24523076,4.6439776
3078,3.078,0.25447425,4.646173
3079,3.079,0.23511267,4.67291
3080,3.08,0.24168342,4.641846
3081,3.081,0.24479575,4.709872
3082,3.082,0.23695315,4.684621
3083,3.083,0.25684893,4.6993847
3084,3.084,0.23482364,4.7393126
3085,3.085,0.23598573,4.7151065
3086,3.086,0.23074971,4.729807
3087,3.087,0.23589827,4.696061
3088,3.088,0.2513415,4.6827426
3089,3.089,0.25559607,4.693489
3090,3.09,0.24734637,4.6342607
3091,3.091,0.25612557,4.660244
3092,3.092,0.25599894,4.6737194
3093,3.093,0.25155365,4.648737
3094,3.094,0.25720963,4.6616945
3095,3.095,0.2628866,4.6477847
3096,3.096,0.25915903,4.6313763
3097,3.097,0.26212767,4.6470876
3098,3.098,0.26079223,4.6339717
3099,3.099,0.2560619,4.6466517
3100,3.1,0.23943186,4.6725345
3101,3.101,0.22545952,4.672685
3102,3.102,0.23716965,4.688386
3103,3.103,0.24208319,4.666639
3104,3.104,0.25267905,4.678791
3105,3.105,0.25120807,4.6927266
3106,3.106,0.24974532,4.6845255
3107,3.107,0.23353133,4.6817636
3108,3.108,0.23693803,4.6892304
3109,3.109,0.24613602,4.681276
3110,3.11,0.24926627,4.6825624
3111,3.111,0.26465908,4.709953
3112,3.112,0.2709034,4.6811213
3113,3.113,0.27161485,4.6882644
3114,3.114,0.27275708,4.6907234
3115,3.115,0.26027977,4.710905
3116,3.116,0.26473048,4.7482786
3117,3.117,0.26441744,4.7071157
3118,3.118,0.2727128,4.711217
3119,3.119,0.2826624,4.681622
3120,3.12,0.2662379,4.6755576
3121,3.121,0.25346994,4.7280974
3122,3.122,0.25723928,4.6840916
3123,3.123,0.26137754,4.7121177
3124,3.124,0.27279076,4.710469
3125,3.125,0.26451907,4.6856484
3126,3.126,0.2761908,4.6567745
3127,3.127,0.2699675,4.6770453
3128,3.128,0.274613,4.6818595
3129,3.129,0.2812461,4.682337
3130,3.13,0.292281,4.697133
3131,3.131,0.29884303,4.670988
3132,3.132,0.30106974,4.663757
3133,3.133,0.29492855,4.6864576
3134,3.134,0.29760438,4.6900864
3135,3.135,0.28133488,4.669892
3136,3.136,0.28623638,4.68309
3137,3.137,0.2855676,4.684041
3138,3.138,0.28208312,4.716053
3139,3.139,0.29196918,4.7155833
3140,3.14,0.28348646,4.706431
3141,3.141,0.2948823,4.701404
3142,3.142,0.29416147,4.6305914
3143,3.143,0.28192818,4.695181
3144,3.144,0.28080678,4.6820817
3145,3.145,0.2747651,4.661551
3146,3.146,0.27886486,4.643995
3147,3.147,0.27683187,4.6718698
3148,3.148,0.27645916,4.6853957
3149,3.149,0.25966057,4.6599026
3150,3.15,0.2793244,4.6979556
3151,3.151,0.26896453,4.6716166
3152,3.152,0.28700447,4.72347
3153,3.153,0.28215727,4.676685
3154,3.154,0.30032954,4.7319703
3155,3.155,0.29524916,4.6755986
3156,3.156,0.30774564,4.6814666
3157,3.157,0.2959273,4.638259
3158,3.158,0.2827421,4.6605744
3159,3.159,0.28515768,4.6442165
3160,3.16,0.28735045,4.6483436
3161,3.161,0.30487335,4.643451
3162,3.162,0.28454956,4.6904526
3163,3.163,0.27823657,4.616086
3164,3.164,0.27577275,4.642248
3165,3.165,0.28230023,4.61385
3166,3.166,0.28863308,4.6264596
3167,3.167,0.27881283,4.618848
3168,3.168,0.28333086,4.6239834
3169,3.169,0.27444243,4.6080575
3170,3.17,0.27703223,4.638531
3171,3.171,0.282563,4.6059375
3172,3.172,0.2758067,4.663358
3173,3.173,0.28486502,4.585884
3174,3.174,0.2667853,4.637899
3175,3.175,0.278943,4.5699267
3176,3.176,0.27775794,4.625443
3177,3.177,0.2758176,4.659529
3178,3.178,0.27750188,4.6310663
3179,3.179,0.26774287,4.6245522
3180,3.18,0.2808846,4.5854993
3181,3.181,0.28265217,4.6035366
3182,3.182,0.2914945,4.578551
3183,3.183,0.27775878,4.667716
3184,3.184,0.2788263,4.6432443
3185,3.185,0.2839776,4.5980067
3186,3.186,0.27350956,4.6334996
3187,3.187,0.28810093,4.6032376
3188,3.188,0.29116774,4.5673976
3189,3.189,0.28063014,4.64177
3190,3.19,0.27292252,4.642343
3191,3.191,0.28300938,4.6384745
3192,3.192,0.28344712,4.5843053
3193,3.193,0.2790772,4.6322236
3194,3.194,0.2912612,4.6085663
3195,3.195,0.29453337,4.602665
3196,3.196,0.3025541,4.5982704
3197,3.197,0.29449296,4.5808787
3198,3.198,0.28882506,4.618354
3199,3.199,0.26448345,4.601366
3200,3.2,0.27032822,4.653505
3201,3.201,0.26582077,4.5726438
3202,3.202,0.27167422,4.623028
3203,3.203,0.27400002,4.6010675
3204,3.204,0.2662099,4.6637926
3205,3.205,0.2621334,4.5962996
3206,3.206,0.2634383,4.655512
3207,3.207,0.25793555,4.642219
3208,3.208,0.2730072,4.6513295
3209,3.209,0.27371848,4.6754475
3210,3.21,0.27066562,4.6900425
3211,3.211,0.26812148,4.6533136
3212,3.212,0.27596614,4.6664944
3213,3.213,0.2755459,4.652621
3214,3.214,0.2736473,4.6279855
3215,3.215,0.27611858,4.678731
3216,3.216,0.2725506,4.679506
3217,3.217,0.28000394,4.702368
3218,3.218,0.28212634,4.6487193
3219,3.219,0.27673122,4.704377
3220,3.22,0.25595558,4.6737432
3221,3.221,0.24941069,4.732768
3222,3.222,0.24685845,4.7092648
3223,3.223,0.23678185,4.694655
3224,3.224,0.22660866,4.695415
3225,3.225,0.23448077,4.723427
3226,3.226,0.24460231,4.726401
3227,3.227,0.2461419,4.664295
3228,3.228,0.252068,4.6371613
3229,3.229,0.24479812,4.659878
3230,3.23,0.24847944,4.680282
3231,3.231,0.25468495,4.6470895
3232,3.232,0.26673588,4.646559
3233,3.233,0.27072453,4.648801
3234,3.234,0.2876315,4.7428994
3235,3.235,0.2910919,4.6582165
3236,3.236,0.285466,4.676107
3237,3.237,0.293995,4.7073307
3238,3.238,0.2986387,4.6911383
3239,3.239,0.30122674,4.6794
3240,3.24,0.2977801,4.686709
3241,3.241,0.3110659,4.660128
3242,3.242,0.31300303,4.6492796
3243,3.243,0.30249697,4.6529326
3244,3.244,0.29695988,4.6228743
3245,3.245,0.28034803,4.640534
3246,3.246,0.2817797,4.6401544
3247,3.247,0.29373124,4.681687
3248,3.248,0.29250774,4.6750135
3249,3.249,0.29501024,4.6661053
3250,3.25,0.30199346,4.661558
3251,3.251,0.29337016,4.623353
3252,3.252,0.305279,4.6522393
3253,3.253,0.30859375,4.6874456
3254,3.254,0.30827442,4.63071
3255,3.255,0.28507394,4.6662674
3256,3.256,0.29821533,4.6954584
3257,3.257,0.29054335,4.6961856
3258,3.258,0.28040555,4.620715
3259,3.259,0.2908396,4.6187515
3260,3.26,0.29712623,4.5817556
3261,3.261,0.30041265,4.615726
3262,3.262,0.2879424,4.6290975
3263,3.263,0.29468426,4.6534233
3264,3.264,0.30952975,4.679373
3265,3.265,0.30455354,4.652465
3266,3.266,0.31503746,4.6459255
3267,3.267,0.32187134,4.6519656
3268,3.268,0.32328612,4.6397195
3269,3.269,0.3151112,4.639239
3270,3.27,0.31934547,4.6594725
3271,3.271,0.30999193,4.5971828
3272,3.272,0.3176316,4.638905
3273,3.273,0.31440312,4.642222
3274,3.274,0.30885717,4.6757445
3275,3.275,0.30473304,4.6339483
3276,3.276,0.3075008,4.5936394
3277,3.277,0.3166192,4.616376
3278,3.278,0.30655128,4.6520267
3279,3.279,0.29767624,4.709198
3280,3.28,0.3000831,4.650451
3281,3.281,0.2890907,4.61522
3282,3.282,0.2896747,4.655619
3283,3.283,0.28670043,4.720137
3284,3.284,0.29079092,4.693436
3285,3.285,0.2931776,4.5965576
3286,3.286,0.30191132,4.682336
3287,3.287,0.29402548,4.650955
3288,3.288,0.28072095,4.70942
3289,3.289,0.27396795,4.7056155
3290,3.29,0.28588763,4.676647
3291,3.291,0.27974725,4.594421
3292,3.292,0.27496675,4.630522
3293,3.293,0.27249208,4.6372337
3294,3.294,0.2875117,4.696973
3295,3.295,0.27395427,4.6787925
3296,3.296,0.26527226,4.614853
3297,3.297,0.27563462,4.7007446
3298,3.298,0.2673949,4.645571
3299,3.299,0.27156165,4.6899
3300,3.3,0.2593044,4.656241
3301,3.301,0.26691568,4.6812305
3302,3.302,0.25613865,4.6635966
3303,3.303,0.27733457,4.680161
3304,3.304,0.27042034,4.6562977
3305,3.305,0.26313427,4.658671
3306,3.306,0.25150746,4.670745
3307,3.307,0.23709336,4.691624
3308,3.308,0.2522317,4.7476807
3309,3.309,0.25544134,4.7182655
3310,3.31,0.26585707,4.700366
3311,3.311,0.24824905,4.735791
3312,3.312,0.250006,4.691032
3313,3.313,0.26006606,4.664487
3314,3.314,0.2500423,4.6342244
3315,3.315,0.26018715,4.6034493
3316,3.316,0.2562199,4.6077094
3317,3.317,0.24535023,4.6522985
3318,3.318,0.24821132,4.652378
3319,3.319,0.24555768,4.59863
3320,3.32,0.2307527,4.634178
3321,3.321,0.23478253,4.663472
3322,3.322,0.22740331,4.6851053
3323,3.323,0.23006412,4.686286
3324,3.324,0.2300777,4.657099
3325,3.325,0.24858363,4.6736236
3326,3.326,0.2473029,4.71696
3327,3.327,0.224398,4.7084265
3328,3.328,0.23121539,4.7037506
3329,3.329,0.24392462,4.6836815
3330,3.33,0.23920701,4.699614
3331,3.331,0.25651726,4.644014
3332,3.332,0.24795926,4.5680447
3333,3.333,0.25432974,4.628148
3334,3.334,0.24959786,4.590987
3335,3.335,0.2536065,4.574243
3336,3.336,0.25792277,4.5781283
3337,3.337,0.26449,4.5900106
3338,3.338,0.26725242,4.6026497
3339,3.339,0.28215054,4.5724936
3340,3.34,0.27227542,4.6154075
3341,3.341,0.28627414,4.6439347
3342,3.342,0.26287496,4.6364284
3343,3.343,0.26761916,4.596012
3344,3.344,0.27235714,4.6387386
3345,3.345,0.27589095,4.65449
3346,3.346,0.26828805,4.629376
3347,3.347,0.2771845,4.625898
3348,3.348,0.27463782,4.627716
3349,3.349,0.2686904,4.5892906
3350,3.35,0.2659701,4.598615
3351,3.351,0.2762634,4.621224
3352,3.352,0.28519395,4.639021
3353,3.353,0.28371185,4.6202745
3354,3.354,0.28626525,4.611128
3355,3.355,0.28860646,4.581212
3356,3.356,0.28185806,4.60403
3357,3.357,0.26796234,4.653844
3358,3.358,0.2715574,4.609301
3359,3.359,0.27918077,4.6385775
3360,3.36,0.27283123,4.646671
3361,3.361,0.28500175,4.6219816
3362,3.362,0.2797241,4.607182
3363,3.363,0.29052344,4.612345
3364,3.364,0.2973133,4.633556
3365,3.365,0.2701706,4.5955925
3366,3.366,0.26082125,4.6097417
3367,3.367,0.26111606,4.5727654
3368,3.368,0.26054808,4.6645126
3369,3.369,0.25750408,4.6154675
3370,3.37,0.26534635,4.643363
3371,3.371,0.26770145,4.608257
3372,3.372,0.27495542,4.6389375
3373,3.373,0.26360434,4.656703
3374,3.374,0.27603713,4.641877
3375,3.375,0.26955742,4.621841
3376,3.376,0.276726,4.616385
3377,3.377,0.2548306,4.627261
3378,3.378,0.2666683,4.6628866
3379,3.379,0.27479792,4.628043
3380,3.38,0.27752,4.6420794
3381,3.381,0.28470856,4.6151276
3382,3.382,0.27730122,4.610359
3383,3.383,0.27811646,4.5575814
3384,3.384,0.27718323,4.602655
3385,3.385,0.2686095,4.6639466
3386,3.386,0.2640773,4.609191
3387,3.387,0.2696198,4.5782223
3388,3.388,0.27253088,4.584399
3389,3.389,0.2774623,4.622206
3390,3.39,0.27692434,4.507761
3391,3.391,0.26810467,4.577319
3392,3.392,0.2663232,4.55701
3393,3.393,0.26566982,4.534977
3394,3.394,0.26114812,4.6066685
3395,3.395,0.27480486,4.587537
3396,3.396,0.2769402,4.5781136
3397,3.397,0.27194893,4.5693893
3398,3.398,0.29038018,4.56131
3399,3.399,0.27325353,4.5830736
3400,3.4,0.2752594,4.581215
3401,3.401,0.2802173,4.5766444
3402,3.402,0.26784152,4.5403576
3403,3.403,0.25441724,4.5556617
3404,3.404,0.24894398,4.5578103
3405,3.405,0.23125039,4.536526
3406,3.406,0.23104385,4.5427446
3407,3.407,0.21813563,4.5376945
3408,3.408,0.22303,4.515026
3409,3.409,0.24661483,4.5380297
3410,3.41,0.25522178,4.5727344
3411,3.411,0.23787121,4.580393
3412,3.412,0.24926512,4.5449514
3413,3.413,0.24850759,4.6383963
3414,3.414,0.24765207,4.5967555
3415,3.415,0.23578137,4.5970793
3416,3.416,0.23333299,4.5836077
3417,3.417,0.23437722,4.545054
3418,3.418,0.2398055,4.614155
3419,3.419,0.23645966,4.7339907
3420,3.42,0.25160348,4.6464663
3421,3.421,0.2556526,4.678325
3422,3.422,0.25364774,4.677343
3423,3.423,0.24594879,4.6624336
3424,3.424,0.24944544,4.715282
3425,3.425,0.2536097,4.6672363
3426,3.426,0.26182738,4.611802
3427,3.427,0.2483019,4.610071
3428,3.428,0.25455713,4.6166883
3429,3.429,0.24532525,4.546786
3430,3.43,0.24955964,4.6146984
3431,3.431,0.24954714,4.6157346
3432,3.432,0.24179699,4.6066833
3433,3.433,0.24828583,4.559812
3434,3.434,0.26259115,4.5606885
3435,3.435,0.24913824,4.538891
3436,3.436,0.25786585,4.5925426
3437,3.437,0.2678644,4.595358
3438,3.438,0.2722852,4.5361
3439,3.439,0.26979637,4.5512958
3440,3.44,0.27537867,4.5869265
3441,3.441,0.28191137,4.5351195
3442,3.442,0.27206624,4.5450826
3443,3.443,0.27844983,4.549685
3444,3.444,0.2746336,4.5666366
3445,3.445,0.29506922,4.571499
3446,3.446,0.29265392,4.558527
3447,3.447,0.2915244,4.596423
3448,3.448,0.29950836,4.5937767
3449,3.449,0.29288036,4.61516
3450,3.45,0.29338434,4.6190543
3451,3.451,0.29906824,4.575299
3452,3.452,0.29624587,4.5969934
3453,3.453,0.3033809,4.575892
3454,3.454,0.31241325,4.594708
3455,3.455,0.2918052,4.57388
3456,3.456,0.30198637,4.5943785
3457,3.457,0.31056306,4.585696
3458,3.458,0.30801165,4.603789
3459,3.459,0.3012413,4.6144867
3460,3.46,0.2988693,4.566765
3461,3.461,0.28661615,4.6295347
3462,3.462,0.28230083,4.6322803
3463,3.463,0.29512975,4.6296277
3464,3.464,0.28807727,4.610471
3465,3.465,0.28506988,4.5762706
3466,3.466,0.29112148,4.6029167
3467,3.467,0.2918577,4.618164
3468,3.468,0.2926292,4.595458
3469,3.469,0.30951574,4.5995984
3470,3.47,0.31680787,4.636609
3471,3.471,0.30936632,4.5962768
3472,3.472,0.2951213,4.598775
3473,3.473,0.2947874,4.61003
3474,3.474,0.30854148,4.57416
3475,3.475,0.30631664,4.618299
3476,3.476,0.305584,4.666282
3477,3.477,0.2926543,4.6012616
3478,3.478,0.2937653,4.6527925
3479,3.479,0.27813682,4.622831
3480,3.48,0.28313026,4.6565833
3481,3.481,0.28858182,4.6453757
3482,3.482,0.30200285,4.632382
3483,3.483,0.29068258,4.681407
3484,3.484,0.27977037,4.690413
3485,3.485,0.2902225,4.7241697
3486,3.486,0.3012657,4.6720734
3487,3.487,0.29159757,4.673171
3488,3.488,0.30591276,4.675383
3489,3.489,0.3000355,4.6075296
3490,3.49,0.3034112,4.6547256
3491,3.491,0.29596147,4.578928
3492,3.492,0.29528618,4.5985484
3493,3.493,0.2960224,4.572814
3494,3.494,0.3060952,4.599883
3495,3.495,0.31059024,4.5796986
3496,3.496,0.30174148,4.65463
3497,3.497,0.28547207,4.677198
3498,3.498,0.27191728,4.699389
3499,3.499,0.28218555,4.6412807
3500,3.5,0.28534186,4.6499696
3501,3.501,0.28912887,4.6679783
3502,3.502,0.27729666,4.6307635
3503,3.503,0.30160794,4.620015
3504,3.504,0.3010974,4.621173
3505,3.505,0.30373526,4.624843
3506,3.506,0.30818123,4.630604
3507,3.507,0.30402073,4.6870046
3508,3.508,0.308865,4.6500583
3509,3.509,0.3044461,4.662822
3510,3.51,0.31600302,4.7153277
3511,3.511,0.31188294,4.6526437
3512,3.512,0.32029787,4.6986585
3513,3.513,0.32493958,4.6205654
3514,3.514,0.33559668,4.631351
3515,3.515,0.34140703,4.618189
3516,3.516,0.3244465,4.6825113
3517,3.517,0.32812306,4.671707
3518,3.518,0.3214079,4.662984
3519,3.519,0.3269006,4.678279
3520,3.52,0.30973247,4.598384
3521,3.521,0.3215219,4.6453543
3522,3.522,0.31818414,4.650253
3523,3.523,0.30277961,4.6683784
3524,3.524,0.29615572,4.721902
3525,3.525,0.3100978,4.7622595
3526,3.526,0.3013309,4.709388
3527,3.527,0.28097036,4.7471547
3528,3.528,0.2808642,4.7305017
3529,3.529,0.27171633,4.7012005
3530,3.53,0.2759054,4.75789
3531,3.531,0.2784799,4.724005
3532,3.532,0.28096133,4.719303
3533,3.533,0.29295355,4.7069917
3534,3.534,0.2724541,4.695887
3535,3.535,0.2758017,4.7317667
3536,3.536,0.2793101,4.791842
3537,3.537,0.27666143,4.7556276
3538,3.538,0.27483872,4.741472
3539,3.539,0.25883812,4.7443347
3540,3.54,0.25974494,4.813793
3541,3.541,0.27406964,4.8314967
3542,3.542,0.26279622,4.804309
3543,3.543,0.2626343,4.78817
3544,3.544,0.25844818,4.905833
3545,3.545,0.25965568,4.8837414
3546,3.546,0.264758,4.8687835
3547,3.547,0.27242863,4.782388
3548,3.548,0.2644996,4.7731557
3549,3.549,0.2522789,4.7336926
3550,3.55,0.24626327,4.7384977
3551,3.551,0.25068203,4.742321
3552,3.552,0.2548458,4.7365456
3553,3.553,0.2616496,4.726398
3554,3.554,0.28137267,4.7253733
3555,3.555,0.26830077,4.67898
3556,3.556,0.2613822,4.712
3557,3.557,0.2608082,4.6941395
3558,3.558,0.26458418,4.6858344
3559,3.559,0.2599907,4.6933527
3560,3.56,0.2631191,4.6662083
3561,3.561,0.2676021,4.635129
3562,3.562,0.27310246,4.6413474
3563,3.563,0.28252557,4.6327295
3564,3.564,0.27835056,4.641293
3565,3.565,0.27307728,4.62262
3566,3.566,0.27671137,4.6174846
3567,3.567,0.27761015,4.543663
3568,3.568,0.2871009,4.6020055
3569,3.569,0.289246,4.5844407
3570,3.57,0.290241,4.568698
3571,3.571,0.28468177,4.5825706
3572,3.572,0.27417317,4.5582156
3573,3.573,0.2795788,4.504065
3574,3.574,0.28690314,4.5260115
3575,3.575,0.28761744,4.5454574
3576,3.576,0.29027724,4.5214643
3577,3.577,0.28472236,4.4873486
3578,3.578,0.27769926,4.584641
3579,3.579,0.25788623,4.6500196
3580,3.58,0.272713,4.6472645
3581,3.581,0.27571028,4.6883616
3582,3.582,0.26241988,4.587241
3583,3.583,0.26994437,4.601935
3584,3.584,0.27014685,4.5739045
3585,3.585,0.27386498,4.6021204
3586,3.586,0.27868137,4.611727
3587,3.587,0.26463702,4.646405
3588,3.588,0.26613998,4.694166
3589,3.589,0.2649075,4.645767
3590,3.59,0.26630497,4.667015
3591,3.591,0.26783052,4.6526637
3592,3.592,0.2740654,4.639307
3593,3.593,0.2745195,4.6445627
3594,3.594,0.27578408,4.7037077
3595,3.595,0.2654611,4.732534
3596,3.596,0.24851084,4.6721745
3597,3.597,0.26586837,4.68533
3598,3.598,0.2807897,4.6094832
3599,3.599,0.27708626,4.629546
3600,3.6,0.28756157,4.6752667
3601,3.601,0.2981657,4.6588507
3602,3.602,0.29475525,4.7236886
3603,3.603,0.28529,4.706042
3604,3.604,0.2841288,4.66618
3605,3.605,0.28701273,4.6745687
3606,3.606,0.2975127,4.657531
3607,3.607,0.29219812,4.641488
3608,3.608,0.28884426,4.6906505
3609,3.609,0.27263522,4.709843
3610,3.61,0.27698737,4.688298
3611,3.611,0.27526802,4.6383204
3612,3.612,0.28474897,4.6303124
3613,3.613,0.2914314,4.664393
3614,3.614,0.25531733,4.682001
3615,3.615,0.26289672,4.6379466
3616,3.616,0.26608893,4.6359115
3617,3.617,0.26890436,4.585434
3618,3.618,0.27941254,4.6294384
3619,3.619,0.26874804,4.6291385
3620,3.62,0.2630376,4.644151
3621,3.621,0.24222377,4.7415624
3622,3.622,0.24190596,4.688279
3623,3.623,0.2511471,4.6799927
3624,3.624,0.25186387,4.7339053
3625,3.625,0.25254086,4.7022653
3626,3.626,0.25066012,4.688229
3627,3.627,0.2313301,4.672108
3628,3.628,0.24488334,4.721342
3629,3.629,0.24376723,4.708274
3630,3.63,0.24648167,4.715198
3631,3.631,0.2589605,4.766451
3632,3.632,0.25503984,4.7694335
3633,3.633,0.24120992,4.765813
3634,3.634,0.24402933,4.757498
3635,3.635,0.22714442,4.7276187
3636,3.636,0.23531662,4.7008843
3637,3.637,0.2510274,4.7291694
3638,3.638,0.26931736,4.7337594
3639,3.639,0.2665087,4.74305
3640,3.64,0.27400026,4.7511325
3641,3.641,0.26202267,4.761516
3642,3.642,0.2639856,4.7455535
3643,3.643,0.2726104,4.7174354
3644,3.644,0.2681288,4.667645
3645,3.645,0.26646423,4.6541567
3646,3.646,0.28466105,4.6631265
3647,3.647,0.28788537,4.600668
3648,3.648,0.27175164,4.5979795
3649,3.649,0.27933702,4.5975566
3650,3.65,0.29015177,4.599983
3651,3.651,0.28914326,4.607556
3652,3.652,0.27994284,4.6020513
3653,3.653,0.28404212,4.6023297
3654,3.654,0.29430723,4.5963254
3655,3.655,0.28846142,4.6181245
3656,3.656,0.29553875,4.6085153
3657,3.657,0.27930307,4.6571794
3658,3.658,0.28852573,4.64176
3659,3.659,0.28028885,4.691331
3660,3.66,0.27857122,4.6358566
3661,3.661,0.26523608,4.687998
3662,3.662,0.26483372,4.6648135
3663,3.663,0.27095076,4.682629
3664,3.664,0.2694429,4.6705375
3665,3.665,0.27079904,4.695082
3666,3.666,0.292023,4.6232266
3667,3.667,0.27772862,4.637369
3668,3.668,0.2827043,4.626039
3669,3.669,0.27394265,4.64904
3670,3.67,0.28383875,4.6571727
3671,3.671,0.29074797,4.595586
3672,3.672,0.29470426,4.594712
3673,3.673,0.30092284,4.585082
3674,3.674,0.30177882,4.5887527
3675,3.675,0.30177826,4.617005
3676,3.676,0.28588077,4.626196
3677,3.677,0.29757777,4.5932627
3678,3.678,0.30111754,4.6249456
3679,3.679,0.2962769,4.638345
3680,3.68,0.3095977,4.6035376
3681,3.681,0.3012868,4.5909114
3682,3.682,0.29698905,4.607135
3683,3.683,0.29148436,4.6163707
3684,3.684,0.30232036,4.563107
3685,3.685,0.30382088,4.5844684
3686,3.686,0.30995074,4.639878
3687,3.687,0.31491837,4.651017
3688,3.688,0.30681512,4.690248
3689,3.689,0.295313,4.659464
3690,3.69,0.2826726,4.6731114
3691,3.691,0.29271492,4.664934
3692,3.692,0.31258452,4.6730504
3693,3.693,0.3026605,4.666039
3694,3.694,0.3139213,4.661124
3695,3.695,0.31187886,4.665333
3696,3.696,0.2995157,4.6747265
3697,3.697,0.29910362,4.662893
3698,3.698,0.30161524,4.6603394
3699,3.699,0.27934715,4.659463
3700,3.7,0.27637592,4.7316794
3701,3.701,0.29144132,4.714616
3702,3.702,0.30665514,4.689571
3703,3.703,0.28728345,4.715613
3704,3.704,0.30866566,4.714596
3705,3.705,0.28935328,4.7191443
3706,3.706,0.29877397,4.7649755
3707,3.707,0.2978327,4.683136
3708,3.708,0.2865298,4.702674
3709,3.709,0.28416783,4.726172
3710,3.71,0.28162828,4.734824
3711,3.711,0.29028064,4.7091594
3712,3.712,0.29803252,4.6909165
3713,3.713,0.29755214,4.6692085
3714,3.714,0.2890113,4.674359
3715,3.715,0.29034135,4.6722636
3716,3.716,0.30647397,4.639996
3717,3.717,0.30194408,4.6283345
3718,3.718,0.332785,4.5870166
3719,3.719,0.33318493,4.6430025
3720,3.72,0.32963586,4.679761
3721,3.721,0.30718526,4.6737723
3722,3.722,0.3050625,4.690757
3723,3.723,0.3218252,4.663233
3724,3.724,0.31631306,4.6484756
3725,3.725,0.31886676,4.671327
3726,3.726,0.32408682,4.6433325
3727,3.727,0.3309244,4.663612
3728,3.728,0.31129047,4.6595426
3729,3.729,0.32662025,4.597963
3730,3.73,0.34278974,4.6180277
3731,3.731,0.33014274,4.5797925
3732,3.732,0.3306322,4.630173
3733,3.733,0.3159657,4.6557484
3734,3.734,0.32788095,4.6795554
3735,3.735,0.33294997,4.595069
3736,3.736,0.32658008,4.663833
3737,3.737,0.32273304,4.6285753
3738,3.738,0.31329817,4.6283655
3739,3.739,0.30397853,4.649683
3740,3.74,0.2955325,4.61171
3741,3.741,0.29995036,4.6494646
3742,3.742,0.29101345,4.635663
3743,3.743,0.3068479,4.6749887
3744,3.744,0.28837925,4.666984
3745,3.745,0.29372653,4.6762824
3746,3.746,0.30487865,4.642709
3747,3.747,0.30628398,4.723824
3748,3.748,0.30515265,4.6706104
3749,3.749,0.30277082,4.627286
3750,3.75,0.3040696,4.6708174
3751,3.751,0.30356565,4.680854
3752,3.752,0.3011331,4.711762
3753,3.753,0.30068997,4.7052016
3754,3.754,0.3069409,4.741428
3755,3.755,0.2895923,4.7390556
3756,3.756,0.29546344,4.790026
3757,3.757,0.32388556,4.7426467
3758,3.758,0.31996334,4.7540803
3759,3.759,0.32791796,4.6854653
3760,3.76,0.31359893,4.7090015
3761,3.761,0.31196243,4.711125
3762,3.762,0.33358645,4.6687775
3763,3.763,0.33398247,4.705724
3764,3.764,0.35553557,4.704607
3765,3.765,0.35715303,4.698991
3766,3.766,0.36150452,4.731791
3767,3.767,0.36193338,4.7433634
3768,3.768,0.36806604,4.7186675
3769,3.769,0.3552596,4.714506
3770,3.77,0.34263983,4.7113614
3771,3.771,0.34254146,4.725415
3772,3.772,0.3503291,4.683386
3773,3.773,0.34636107,4.7216477
3774,3.774,0.3561432,4.7190547
3775,3.775,0.36624515,4.7149863
3776,3.776,0.36663395,4.644677
3777,3.777,0.34980986,4.6642795
3778,3.778,0.3540017,4.643261
3779,3.779,0.3556677,4.672968
3780,3.78,0.34495413,4.688708
3781,3.781,0.34114283,4.6971602
3782,3.782,0.355728,4.67777
3783,3.783,0.3591427,4.71037
3784,3.784,0.3678653,4.709907
3785,3.785,0.35861057,4.707266
3786,3.786,0.35513297,4.6931133
3787,3.787,0.3725315,4.700856
3788,3.788,0.37831318,4.6890745
3789,3.789,0.398387,4.657093
3790,3.79,0.40630662,4.6964464
3791,3.791,0.41336745,4.6678915
3792,3.792,0.40727976,4.7341394
3793,3.793,0.39541775,4.6912336
3794,3.794,0.40260267,4.708878
3795,3.795,0.409811,4.7254205
3796,3.796,0.40673104,4.7570024
3797,3.797,0.41208792,4.73771
3798,3.798,0.39947683,4.7477875
3799,3.799,0.39904732,4.7118554
3800,3.8,0.39337412,4.8021255
3801,3.801,0.38882247,4.782354
3802,3.802,0.40296802,4.7958302
3803,3.803,0.39600652,4.783261
3804,3.804,0.40000892,4.756146
3805,3.805,0.38112804,4.7796307
3806,3.806,0.38997474,4.8294044
3807,3.807,0.40042973,4.7976904
3808,3.808,0.3802236,4.837889
3809,3.809,0.3880231,4.813506
3810,3.81,0.39527637,4.8678207
3811,3.811,0.41803375,4.785578
3812,3.812,0.40824533,4.780891
3813,3.813,0.39999446,4.8316073
3814,3.814,0.404912,4.771722
3815,3.815,0.41308686,4.7608504
3816,3.816,0.3925927,4.7869215
3817,3.817,0.39426762,4.7691545
3818,3.818,0.39520982,4.7385855
3819,3.819,0.3912086,4.673328
3820,3.82,0.37852058,4.6539917
3821,3.821,0.3770353,4.6505723
3822,3.822,0.37234607,4.6664767
3823,3.823,0.369083,4.6977057
3824,3.824,0.3751615,4.6816173
3825,3.825,0.36715588,4.6722813
3826,3.826,0.37091786,4.7118444
3827,3.827,0.35756236,4.7234607
3828,3.828,0.36882764,4.724329
3829,3.829,0.3763631,4.738271
3830,3.83,0.37840053,4.7015133
3831,3.831,0.3958112,4.694094
3832,3.832,0.40713426,4.6511126
3833,3.833,0.41948575,4.675767
3834,3.834,0.43222445,4.65032
3835,3.835,0.4121725,4.6673036
3836,3.836,0.41565064,4.642335
3837,3.837,0.40109706,4.636162
3838,3.838,0.4028818,4.693902
3839,3.839,0.4053959,4.683179
3840,3.84,0.39591384,4.667093
3841,3.841,0.40804762,4.714928
3842,3.842,0.40522176,4.72076
3843,3.843,0.39223745,4.716094
3844,3.844,0.387491,4.653981
3845,3.845,0.39597747,4.694592
3846,3.846,0.3941462,4.7144413
3847,3.847,0.38627923,4.74867
3848,3.848,0.3899829,4.7033596
3849,3.849,0.39623266,4.724945
3850,3.85,0.39953107,4.735481
3851,3.851,0.39907163,4.6255193
3852,3.852,0.40361467,4.616987
3853,3.853,0.3960814,4.657242
3854,3.854,0.39022085,4.6531854
3855,3.855,0.3811382,4.5880136
3856,3.856,0.39387453,4.6301327
3857,3.857,0.3973332,4.584627
3858,3.858,0.4072884,4.5511284
3859,3.859,0.40583235,4.6277275
3860,3.86,0.4098749,4.611332
3861,3.861,0.3992771,4.6390915
3862,3.862,0.3986275,4.6148305
3863,3.863,0.4054355,4.61165
3864,3.864,0.3940343,4.616477
3865,3.865,0.43034142,4.599551
3866,3.866,0.4156591,4.6005697
3867,3.867,0.4160241,4.613913
3868,3.868,0.4226608,4.5856833
3869,3.869,0.40602842,4.6071787
3870,3.87,0.41022542,4.6130853
3871,3.871,0.41553867,4.5867696
3872,3.872,0.40384746,4.600868
3873,3.873,0.40519494,4.6037383
3874,3.874,0.40868807,4.6258073
3875,3.875,0.41113588,4.602647
3876,3.876,0.4052791,4.6184225
3877,3.877,0.41054332,4.577292
3878,3.878,0.41212326,4.5775633
3879,3.879,0.41357896,4.5329485
3880,3.88,0.4154431,4.552895
3881,3.881,0.42734164,4.5584984
3882,3.882,0.4205742,4.593394
3883,3.883,0.4004586,4.57927
3884,3.884,0.39347842,4.5560355
3885,3.885,0.4065232,4.583787
3886,3.886,0.40552163,4.5725083
3887,3.887,0.40846017,4.630832
3888,3.888,0.41270432,4.6688967
3889,3.889,0.41012934,4.689433
3890,3.89,0.4333767,4.6038995
3891,3.891,0.4324619,4.633672
3892,3.892,0.41251966,4.6369653
3893,3.893,0.413584,4.629419
3894,3.894,0.4110571,4.597404
3895,3.895,0.40971044,4.6126366
3896,3.896,0.40013504,4.6191764
3897,3.897,0.40150207,4.6083126
3898,3.898,0.41370904,4.582072
3899,3.899,0.4139183,4.575201
3900,3.9,0.41933152,4.575142
3901,3.901,0.41916555,4.633091
3902,3.902,0.4225358,4.6204386
3903,3.903,0.43065935,4.6041226
3904,3.904,0.41002503,4.597449
3905,3.905,0.41307542,4.590511
3906,3.906,0.40936437,4.5889654
3907,3.907,0.40647912,4.6235704
3908,3.908,0.41444662,4.622751
3909,3.909,0.40788016,4.5877976
3910,3.91,0.40477222,4.5513577
3911,3.911,0.39654619,4.5838976
3912,3.912,0.39997366,4.6119156
3913,3.913,0.40331712,4.579909
3914,3.914,0.40411755,4.5675697
3915,3.915,0.4151244,4.5592957
3916,3.916,0.40579775,4.6277165
3917,3.917,0.40764147,4.5875893
3918,3.918,0.4103608,4.55888
3919,3.919,0.40777075,4.58268
3920,3.92,0.406025,4.630388
3921,3.921,0.41065523,4.6181784
3922,3.922,0.4113609,4.565223
3923,3.923,0.4132142,4.559602
3924,3.924,0.4076867,4.590763
3925,3.925,0.4189955,4.5686235
3926,3.926,0.4188415,4.5888715
3927,3.927,0.41122556,4.5771766
3928,3.928,0.40499765,4.522569
3929,3.929,0.40548772,4.5387535
3930,3.93,0.40330222,4.5323114
3931,3.931,0.41579384,4.531481
3932,3.932,0.40791234,4.5112762
3933,3.933,0.4136487,4.5390677
3934,3.934,0.40611696,4.5371733
3935,3.935,0.40355822,4.582184
3936,3.936,0.40856928,4.556544
3937,3.937,0.40416834,4.526266
3938,3.938,0.40255457,4.555559
3939,3.939,0.4034412,4.5307517
3940,3.94,0.39860964,4.5674167
3941,3.941,0.39391974,4.580372
3942,3.942,0.39154765,4.577184
3943,3.943,0.4008412,4.5747104
3944,3.944,0.41285387,4.579925
3945,3.945,0.40583736,4.5905023
3946,3.946,0.4090966,4.5755324
3947,3.947,0.41015863,4.5761228
3948,3.948,0.4091891,4.5598016
3949,3.949,0.4105643,4.584613
3950,3.95,0.3955538,4.57726
3951,3.951,0.39083046,4.5682354
3952,3.952,0.40207964,4.6063433
3953,3.953,0.41269562,4.5824094
3954,3.954,0.42040595,4.623633
3955,3.955,0.39592376,4.5947924
3956,3.956,0.40406036,4.5285597
3957,3.957,0.39812112,4.5708957
3958,3.958,0.39135572,4.5812325
3959,3.959,0.38729256,4.588668
3960,3.96,0.38038117,4.55594
3961,3.961,0.38891047,4.5814934
3962,3.962,0.3798414,4.570338
3963,3.963,0.3752057,4.612303
3964,3.964,0.37551105,4.6135035
3965,3.965,0.3824315,4.5757117
3966,3.966,0.38991797,4.565299
3967,3.967,0.3908809,4.5918174
3968,3.968,0.40368167,4.5896816
3969,3.969,0.4015205,4.6065807
3970,3.97,0.39326596,4.595907
3971,3.971,0.40721616,4.6458592
3972,3.972,0.4121537,4.6527214
3973,3.973,0.39508125,4.6912766
3974,3.974,0.39165244,4.652512
3975,3.975,0.39674857,4.582965
3976,3.976,0.38988152,4.5894046
3977,3.977,0.38359454,4.5627503
3978,3.978,0.40082014,4.5596976
3979,3.979,0.39396814,4.5437393
3980,3.98,0.39141005,4.5834794
3981,3.981,0.3829008,4.575345
3982,3.982,0.37423936,4.547823
3983,3.983,0.3808905,4.548304
3984,3.984,0.3943204,4.5753336
3985,3.985,0.38778546,4.574244
3986,3.986,0.37542686,4.5994854
3987,3.987,0.38664237,4.5781393
3988,3.988,0.39334738,4.652721
3989,3.989,0.38179776,4.645352
3990,3.99,0.37124774,4.716982
3991,3.991,0.3606991,4.693812
3992,3.992,0.3732095,4.6797924
3993,3.993,0.3744185,4.6352596
3994,3.994,0.38049057,4.6261797
3995,3.995,0.3960566,4.6692533
3996,3.996,0.38021597,4.7563777
3997,3.997,0.3818194,4.708933
3998,3.998,0.38661668,4.7221627
3999,3.999,0.37992156,4.6646724
4000,4.0,0.37398043,4.7305884
4001,4.001,0.37644818,4.733452
4002,4.002,0.38655984,4.754952
4003,4.003,0.3909665,4.773023
4004,4.004,0.40673783,4.768958
4005,4.005,0.40271607,4.695699
4006,4.006,0.4010466,4.792694
4007,4.007,0.40395263,4.790182
4008,4.008,0.39156228,4.7346425
4009,4.009,0.36881965,4.752737
4010,4.01,0.38277173,4.719522
4011,4.011,0.38524106,4.679708
4012,4.012,0.37898237,4.6909947
4013,4.013,0.3793607,4.679705
4014,4.014,0.38782078,4.695004
4015,4.015,0.3725619,4.677606
4016,4.016,0.3757974,4.6353574
4017,4.017,0.37317637,4.682567
4018,4.018,0.3751074,4.7564344
4019,4.019,0.360916,4.6770844
4020,4.02,0.3755009,4.6733785
4021,4.021,0.35932788,4.71674
4022,4.022,0.3691212,4.769453
4023,4.023,0.3661978,4.690221
4024,4.024,0.36532456,4.6917634
4025,4.025,0.3533719,4.700347
4026,4.026,0.35234436,4.668036
4027,4.027,0.36237052,4.696306
4028,4.028,0.36031976,4.6578364
4029,4.029,0.35553363,4.7102532
4030,4.03,0.3490051,4.6631117
4031,4.031,0.3622105,4.6979313
4032,4.032,0.3663021,4.6677346
4033,4.033,0.36853936,4.6803193
4034,4.034,0.3596946,4.6610227
4035,4.035,0.3656742,4.6865005
4036,4.036,0.35244474,4.6901007
4037,4.037,0.35789552,4.661884
4038,4.038,0.36490223,4.707738
4039,4.039,0.35746762,4.722329
4040,4.04,0.35572603,4.7478013
4041,4.041,0.34740347,4.7427635
4042,4.042,0.3431524,4.6937375
4043,4.043,0.3449977,4.719478
4044,4.044,0.35502735,4.6949024
4045,4.045,0.3450987,4.699887
4046,4.046,0.34620267,4.678741
4047,4.047,0.3657341,4.7019906
4048,4.048,0.36616403,4.713773
4049,4.049,0.3588907,4.710714
4050,4.05,0.35785872,4.709509
4051,4.051,0.36048946,4.6978517
4052,4.052,0.37131858,4.6643367
4053,4.053,0.37072724,4.6648707
4054,4.054,0.35581264,4.681873
4055,4.055,0.35707274,4.681487
4056,4.056,0.36408478,4.684133
4057,4.057,0.3478389,4.671409
4058,4.058,0.34862033,4.667672
4059,4.059,0.35187852,4.6789446
4060,4.06,0.34227931,4.6508527
4061,4.061,0.35047227,4.6877236
4062,4.062,0.35335258,4.712936
4063,4.063,0.3503268,4.6727524
4064,4.064,0.33959177,4.6502204
4065,4.065,0.35203665,4.672032
4066,4.066,0.36102727,4.725764
4067,4.067,0.34465843,4.681015
4068,4.068,0.3478364,4.7265863
4069,4.069,0.34737733,4.714792
4070,4.07,0.33855265,4.7387714
4071,4.071,0.34390062,4.702518
4072,4.072,0.35452768,4.603478
4073,4.073,0.35735863,4.6218143
4074,4.074,0.35571012,4.624545
4075,4.075,0.35570946,4.6343603
4076,4.076,0.36164233,4.664469
4077,4.077,0.36219344,4.6606903
4078,4.078,0.3516077,4.632835
4079,4.079,0.35285383,4.649733
4080,4.08,0.34317043,4.65927
4081,4.081,0.34178624,4.6370974
4082,4.082,0.34872246,4.7315125
4083,4.083,0.33912376,4.6433296
4084,4.084,0.33540356,4.6649866
4085,4.085,0.33552846,4.665525
4086,4.086,0.3315902,4.6657376
4087,4.087,0.33547747,4.650528
4088,4.088,0.34607142,4.605012
4089,4.089,0.35083312,4.616992
4090,4.09,0.3468968,4.615782
4091,4.091,0.33234113,4.6118894
4092,4.092,0.34007004,4.6414633
4093,4.093,0.34650153,4.6337457
4094,4.094,0.3430215,4.6532383
4095,4.095,0.33202413,4.5861526
4096,4.096,0.34282315,4.614795
4097,4.097,0.33810866,4.6155844
4098,4.098,0.36652532,4.6344757
4099,4.099,0.35306096,4.61254
4100,4.1,0.35041538,4.651037
4101,4.101,0.34528407,4.6829166
4102,4.102,0.33168745,4.64618
4103,4.103,0.33521065,4.6056366
4104,4.104,0.33514065,4.5771766
4105,4.105,0.3437295,4.590051
4106,4.106,0.35403824,4.5848265
4107,4.107,0.3382712,4.6097093
4108,4.108,0.32843223,4.6270213
4109,4.109,0.33259407,4.675872
4110,4.11,0.34272215,4.6526866
4111,4.111,0.35090378,4.6436205
4112,4.112,0.3526695,4.6952453
4113,4.113,0.35193714,4.6918955
4114,4.114,0.36351952,4.7018213
4115,4.115,0.34279516,4.7204947
4116,4.116,0.34142685,4.760522
4117,4.117,0.3341868,4.740742
4118,4.118,0.3331648,4.7491307
4119,4.119,0.33042744,4.7958474
4120,4.12,0.3284463,4.783571
4121,4.121,0.3196606,4.778088
4122,4.122,0.31769165,4.7671337
4123,4.123,0.31338874,4.7420564
4124,4.124,0.30516574,4.7750125
4125,4.125,0.30327192,4.767378
4126,4.126,0.3035384,4.644444
4127,4.127,0.3033434,4.6078424
4128,4.128,0.3137246,4.642113
4129,4.129,0.30580223,4.645919
4130,4.13,0.29427835,4.611993
4131,4.131,0.31038883,4.6237593
4132,4.132,0.30442256,4.6119595
4133,4.133,0.3029571,4.619481
4134,4.134,0.3324018,4.588017
4135,4.135,0.31880876,4.605038
4136,4.136,0.33510476,4.5644383
4137,4.137,0.32239348,4.5630336
4138,4.138,0.3235942,4.5463414
4139,4.139,0.31587806,4.5847597
4140,4.14,0.31311473,4.6269917
4141,4.141,0.31211117,4.6018815
4142,4.142,0.31467104,4.5783534
4143,4.143,0.3284815,4.622592
4144,4.144,0.32181892,4.6544285
4145,4.145,0.30695128,4.6296244
4146,4.146,0.3230649,4.6896014
4147,4.147,0.32419112,4.8129234
4148,4.148,0.3162873,4.7164745
4149,4.149,0.3254266,4.6633415
4150,4.15,0.32649353,4.6875467
4151,4.151,0.33467242,4.6636925
4152,4.152,0.30747864,4.642891
4153,4.153,0.30619246,4.661585
4154,4.154,0.29470447,4.6810727
4155,4.155,0.2984945,4.710126
4156,4.156,0.30208912,4.644223
4157,4.157,0.3074384,4.69312
4158,4.158,0.2960058,4.6670547
4159,4.159,0.3064566,4.6701303
4160,4.16,0.31107053,4.677809
4161,4.161,0.30465183,4.6982126
4162,4.162,0.30238324,4.5862513
4163,4.163,0.30108413,4.6098127
4164,4.164,0.29128382,4.6363482
4165,4.165,0.29532748,4.647466
4166,4.166,0.30773982,4.6302094
4167,4.167,0.30977428,4.6403856
4168,4.168,0.3235742,4.6555314
4169,4.169,0.32711217,4.6749964
4170,4.17,0.34256154,4.6403317
4171,4.171,0.33354798,4.7018123
4172,4.172,0.31686443,4.7104435
4173,4.173,0.34376732,4.7083716
4174,4.174,0.33685997,4.7115984
4175,4.175,0.33563232,4.6741214
4176,4.176,0.33240095,4.6218805
4177,4.177,0.33979595,4.69085
4178,4.178,0.34327266,4.658721
4179,4.179,0.35152766,4.676718
4180,4.18,0.34804773,4.660543
4181,4.181,0.3431691,4.6357713
4182,4.182,0.32880124,4.605728
4183,4.183,0.33871156,4.6079125
4184,4.184,0.33126462,4.636127
4185,4.185,0.33413127,4.655283
4186,4.186,0.33371896,4.677071
4187,4.187,0.32086453,4.6534276
4188,4.188,0.35400185,4.6678944
4189,4.189,0.3578889,4.6537123
4190,4.19,0.35122004,4.6095977
4191,4.191,0.35081697,4.6286273
4192,4.192,0.3533637,4.65564
4193,4.193,0.35524887,4.6151247
4194,4.194,0.3732673,4.584937
4195,4.195,0.36788306,4.572325
4196,4.196,0.38339484,4.6076546
4197,4.197,0.37899974,4.5506144
4198,4.198,0.36582306,4.5936565
4199,4.199,0.37829882,4.6221223
4200,4.2,0.3713326,4.63127
4201,4.201,0.38709953,4.648327
4202,4.202,0.376427,4.633757
4203,4.203,0.37588626,4.6321774
4204,4.204,0.37721783,4.6335907
4205,4.205,0.3750829,4.65837
4206,4.206,0.38690194,4.7335205
4207,4.207,0.37146595,4.661679
4208,4.208,0.379552,4.763817
4209,4.209,0.37400794,4.6616707
4210,4.21,0.37337953,4.6678367
4211,4.211,0.36909083,4.6535845
4212,4.212,0.37422577,4.6897717
4213,4.213,0.35211495,4.644414
4214,4.214,0.35939863,4.699505
4215,4.215,0.36106938,4.709749
4216,4.216,0.3605816,4.7203074
4217,4.217,0.36383164,4.6970215
4218,4.218,0.35486385,4.7366376
4219,4.219,0.35436854,4.798689
4220,4.22,0.35586607,4.781375
4221,4.221,0.3394893,4.720878
4222,4.222,0.33661813,4.749491
4223,4.223,0.3206081,4.782921
4224,4.224,0.3173225,4.785265
4225,4.225,0.3224885,4.780176
4226,4.226,0.3197649,4.784869
4227,4.227,0.3234257,4.7797666
4228,4.228,0.32524663,4.794038
4229,4.229,0.32370636,4.8083496
4230,4.23,0.32781678,4.776143
4231,4.231,0.31891498,4.762068
4232,4.232,0.3262197,4.7289658
4233,4.233,0.30889347,4.7212152
4234,4.234,0.31395572,4.714007
4235,4.235,0.3138552,4.7378006
4236,4.236,0.29471055,4.731593
4237,4.237,0.29523548,4.6946816
4238,4.238,0.29958692,4.642646
4239,4.239,0.29513717,4.6775627
4240,4.24,0.2892414,4.6562815
4241,4.241,0.30969533,4.614254
4242,4.242,0.30196685,4.687186
4243,4.243,0.3132814,4.6919394
4244,4.244,0.3108155,4.6785007
4245,4.245,0.29023424,4.667272
4246,4.246,0.29560995,4.629474
4247,4.247,0.30288497,4.656364
4248,4.248,0.3272408,4.637166
4249,4.249,0.33725834,4.690425
4250,4.25,0.32171705,4.7059407
4251,4.251,0.32978275,4.7012486
4252,4.252,0.32110566,4.686808
4253,4.253,0.3215913,4.6808157
4254,4.254,0.3265675,4.6941047
4255,4.255,0.33456138,4.6938543
4256,4.256,0.32794493,4.714993
4257,4.257,0.30361915,4.6902204
4258,4.258,0.31479812,4.7356524
4259,4.259,0.30978546,4.681786
4260,4.26,0.32779968,4.7352467
4261,4.261,0.31652752,4.673518
4262,4.262,0.32040632,4.6775656
4263,4.263,0.30717584,4.676857
4264,4.264,0.321599,4.7080297
4265,4.265,0.32540104,4.696898
4266,4.266,0.31888255,4.7207313
4267,4.267,0.31565586,4.6627183
4268,4.268,0.33437303,4.6558065
4269,4.269,0.3435172,4.685341
4270,4.27,0.34498966,4.6585746
4271,4.271,0.336751,4.679297
4272,4.272,0.33026367,4.6161046
4273,4.273,0.31918436,4.647686
4274,4.274,0.33859006,4.6759605
4275,4.275,0.33007026,4.663658
4276,4.276,0.30869338,4.6266046
4277,4.277,0.31994617,4.642111
4278,4.278,0.30495143,4.609561
4279,4.279,0.3050083,4.5130887
4280,4.28,0.29511112,4.624724
4281,4.281,0.28709388,4.6294217
4282,4.282,0.2791578,4.5295343
4283,4.283,0.28413346,4.5931478
4284,4.284,0.29261875,4.5785527
4285,4.285,0.2934901,4.6104217
4286,4.286,0.29050335,4.612275
4287,4.287,0.2997231,4.574508
4288,4.288,0.29782027,4.6048875
4289,4.289,0.29051888,4.5957212
4290,4.29,0.29698032,4.5938582
4291,4.291,0.29498595,4.6198153
4292,4.292,0.29581615,4.607965
4293,4.293,0.32449174,4.6125264
4294,4.294,0.3355667,4.6224756
4295,4.295,0.32673118,4.6095967
4296,4.296,0.312608,4.5942473
4297,4.297,0.3236033,4.6065288
4298,4.298,0.3279853,4.6210647
4299,4.299,0.31723177,4.7099714
4300,4.3,0.31248522,4.6463118
4301,4.301,0.32754603,4.60961
4302,4.302,0.3323093,4.606181
4303,4.303,0.33223417,4.636542
4304,4.304,0.31752607,4.6468983
4305,4.305,0.31229964,4.631153
4306,4.306,0.3183167,4.6336865
4307,4.307,0.3146626,4.592943
4308,4.308,0.31172222,4.6194777
4309,4.309,0.32366475,4.6638083
4310,4.31,0.31720862,4.605798
4311,4.311,0.3121643,4.608603
4312,4.312,0.31291234,4.587676
4313,4.313,0.30692756,4.630048
4314,4.314,0.30809346,4.630511
4315,4.315,0.30142334,4.6007442
4316,4.316,0.31338134,4.6098943
4317,4.317,0.32241157,4.639767
4318,4.318,0.3228958,4.6623387
4319,4.319,0.33395842,4.63726
4320,4.32,0.3265829,4.59242
4321,4.321,0.32568437,4.591434
4322,4.322,0.31567928,4.55212
4323,4.323,0.3134411,4.5525455
4324,4.324,0.31608477,4.6259727
4325,4.325,0.3152975,4.592504
4326,4.326,0.30867803,4.5827084
4327,4.327,0.31228092,4.564697
4328,4.328,0.31120634,4.6017046
4329,4.329,0.33370355,4.613353
4330,4.33,0.31487137,4.674285
4331,4.331,0.32179484,4.5551295
4332,4.332,0.3114191,4.6692457
4333,4.333,0.29344597,4.7006035
4334,4.334,0.31731448,4.6506734
4335,4.335,0.3085323,4.6211677
4336,4.336,0.31547087,4.6176004
4337,4.337,0.33416343,4.696018
4338,4.338,0.3255493,4.667913
4339,4.339,0.3317878,4.7144475
4340,4.34,0.32338104,4.6296973
4341,4.341,0.33321616,4.6796646
4342,4.342,0.33907586,4.6732855
4343,4.343,0.34789407,4.705974
4344,4.344,0.35204816,4.6748786
4345,4.345,0.33437458,4.652462
4346,4.346,0.33637235,4.5812006
4347,4.347,0.34248444,4.654196
4348,4.348,0.34044918,4.614836
4349,4.349,0.3370718,4.5938454
4350,4.35,0.34636757,4.5846844
4351,4.351,0.34432843,4.646993
4352,4.352,0.3409983,4.654103
4353,4.353,0.32725173,4.676003
4354,4.354,0.3240201,4.6318583
4355,4.355,0.3303132,4.670315
4356,4.356,0.32631662,4.6849847
4357,4.357,0.33200565,4.649437
4358,4.358,0.3334698,4.6646037
4359,4.359,0.33608818,4.6348248
4360,4.36,0.33300257,4.6287456
4361,4.361,0.33902317,4.5984664
4362,4.362,0.32035726,4.6574016
4363,4.363,0.31568387,4.6407056
4364,4.364,0.3103052,4.710255
4365,4.365,0.30253232,4.7341523
4366,4.366,0.31190887,4.7379727
4367,4.367,0.31002364,4.7128267
4368,4.368,0.30062327,4.730924
4369,4.369,0.302311,4.682888
4370,4.37,0.30116993,4.665905
4371,4.371,0.2980649,4.703763
4372,4.372,0.3059702,4.6609044
4373,4.373,0.30684602,4.6983275
4374,4.374,0.30229282,4.6959085
4375,4.375,0.29988927,4.720184
4376,4.376,0.3142128,4.6633883
4377,4.377,0.29659647,4.679803
4378,4.378,0.2909892,4.6165276
4379,4.379,0.28130302,4.6496015
4380,4.38,0.27827105,4.601194
4381,4.381,0.28778356,4.6512623
4382,4.382,0.28409237,4.645304
4383,4.383,0.2826857,4.709671
4384,4.384,0.28459892,4.669503
4385,4.385,0.28220317,4.655384
4386,4.386,0.27141923,4.7228956
4387,4.387,0.27359325,4.708023
4388,4.388,0.2792532,4.6886883
4389,4.389,0.28484678,4.680401
4390,4.39,0.297557,4.701661
4391,4.391,0.3014822,4.7130537
4392,4.392,0.28366378,4.676319
4393,4.393,0.30854654,4.667364
4394,4.394,0.28723055,4.692137
4395,4.395,0.31116045,4.694076
4396,4.396,0.32047865,4.6633945
4397,4.397,0.313806,4.6401157
4398,4.398,0.29699606,4.6229224
4399,4.399,0.3065362,4.64263
4400,4.4,0.31002605,4.6040554
4401,4.401,0.31699663,4.6098566
4402,4.402,0.33127037,4.5598044
4403,4.403,0.32665563,4.620596
4404,4.404,0.32000688,4.601368
4405,4.405,0.3043624,4.5934258
4406,4.406,0.3068609,4.576598
4407,4.407,0.3091078,4.6428213
4408,4.408,0.31455752,4.6460667
4409,4.409,0.31155196,4.616885
4410,4.41,0.31644315,4.606648
4411,4.411,0.31765017,4.588291
4412,4.412,0.32161123,4.643
4413,4.413,0.31153247,4.587537
4414,4.414,0.31055322,4.5849767
4415,4.415,0.32533067,4.614347
4416,4.416,0.31798372,4.6361833
4417,4.417,0.32657793,4.6417603
4418,4.418,0.32875395,4.6543655
4419,4.419,0.32745144,4.612428
4420,4.42,0.3168759,4.6306057
4421,4.421,0.31007564,4.622984
4422,4.422,0.32079282,4.659175
4423,4.423,0.3195845,4.6133904
4424,4.424,0.31410867,4.6252074
4425,4.425,0.312133,4.6416874
4426,4.426,0.3017792,4.625239
4427,4.427,0.30550647,4.64438
4428,4.428,0.29984954,4.6695743
4429,4.429,0.293937,4.639865
4430,4.43,0.3073617,4.667022
4431,4.431,0.2931149,4.644162
4432,4.432,0.29311016,4.645511
4433,4.433,0.28560242,4.626172
4434,4.434,0.28305718,4.555641
4435,4.435,0.28990647,4.642844
4436,4.436,0.27884164,4.630402
4437,4.437,0.2931208,4.657883
4438,4.438,0.30032086,4.6589384
4439,4.439,0.29573837,4.6122217
4440,4.44,0.28877044,4.652641
4441,4.441,0.2871452,4.623029
4442,4.442,0.29100472,4.6121893
4443,4.443,0.29124275,4.68247
4444,4.444,0.30222553,4.6798296
4445,4.445,0.31647328,4.668963
4446,4.446,0.31630266,4.6928983
4447,4.447,0.28976008,4.7139897
4448,4.448,0.29389432,4.6343117
4449,4.449,0.27984184,4.610087
4450,4.45,0.30813548,4.635845
4451,4.451,0.3138528,4.6636887
4452,4.452,0.3201488,4.6802955
4453,4.453,0.32449263,4.7226977
4454,4.454,0.3164278,4.7032537
4455,4.455,0.3345479,4.652345
4456,4.456,0.31852528,4.6393213
4457,4.457,0.31930023,4.628006
4458,4.458,0.32555446,4.598829
4459,4.459,0.3316017,4.6547494
4460,4.46,0.32927954,4.7561383
4461,4.461,0.3259487,4.709687
4462,4.462,0.3152823,4.700849
4463,4.463,0.31869218,4.7284346
4464,4.464,0.31562895,4.6852384
4465,4.465,0.3230835,4.718551
4466,4.466,0.32487485,4.670896
4467,4.467,0.30278268,4.664892
4468,4.468,0.30535847,4.695183
4469,4.469,0.29400662,4.673293
4470,4.47,0.30460763,4.662382
4471,4.471,0.2959054,4.673086
4472,4.472,0.29595014,4.682953
4473,4.473,0.29225528,4.6846457
4474,4.474,0.27624476,4.71658
4475,4.475,0.2644404,4.654189
4476,4.476,0.2608113,4.633564
4477,4.477,0.27222085,4.6961327
4478,4.478,0.26251894,4.6321864
4479,4.479,0.26857594,4.6384964
4480,4.48,0.27854797,4.6266623
4481,4.481,0.27349013,4.7110105
4482,4.482,0.2744911,4.673424
4483,4.483,0.25597817,4.7170205
4484,4.484,0.26921004,4.7284684
4485,4.485,0.28563318,4.7143326
4486,4.486,0.28501493,4.7298436
4487,4.487,0.28406876,4.723592
4488,4.488,0.29477036,4.7083035
4489,4.489,0.29036367,4.6630087
4490,4.49,0.29533333,4.709405
4491,4.491,0.29050454,4.7064166
4492,4.492,0.28833416,4.716128
4493,4.493,0.27727267,4.730773
4494,4.494,0.2808035,4.7523627
4495,4.495,0.2845392,4.72209
4496,4.496,0.27754852,4.703261
4497,4.497,0.28299385,4.7139006
4498,4.498,0.28796387,4.7114315
4499,4.499,0.28671837,4.685206
4500,4.5,0.26222333,4.6866655
4501,4.501,0.25286564,4.700677
4502,4.502,0.2573424,4.6837926
4503,4.503,0.2497437,4.6897025
4504,4.504,0.26485687,4.6945844
4505,4.505,0.26045448,4.6177964
4506,4.506,0.26491448,4.699797
4507,4.507,0.2563588,4.681724
4508,4.508,0.2577282,4.6676946
4509,4.509,0.2563356,4.6844816
4510,4.51,0.2609214,4.6579494
4511,4.511,0.26618993,4.6204877
4512,4.512,0.27028996,4.6802125
4513,4.513,0.25828332,4.665473
4514,4.514,0.2782297,4.6541557
4515,4.515,0.27316532,4.679915
4516,4.516,0.27405655,4.6930017
4517,4.517,0.27728206,4.704349
4518,4.518,0.27563375,4.7028255
4519,4.519,0.26918536,4.6859794
4520,4.52,0.27812812,4.64812
4521,4.521,0.2746111,4.6563764
4522,4.522,0.2892558,4.644026
4523,4.523,0.27982718,4.6661787
4524,4.524,0.26852965,4.663043
4525,4.525,0.26774397,4.64678
4526,4.526,0.26565394,4.644455
4527,4.527,0.27375185,4.6644316
4528,4.528,0.2648154,4.7021737
4529,4.529,0.2659051,4.646273
4530,4.53,0.27370518,4.6930323
4531,4.531,0.27626526,4.6365833
4532,4.532,0.27269349,4.6354766
4533,4.533,0.2927483,4.6407337
4534,4.534,0.29351845,4.706465
4535,4.535,0.2842801,4.7022943
4536,4.536,0.28546944,4.740445
4537,4.537,0.28548017,4.6993823
4538,4.538,0.29903927,4.648458
4539,4.539,0.2905718,4.6586123
4540,4.54,0.2868143,4.696197
4541,4.541,0.28650984,4.653715
4542,4.542,0.28042656,4.6852527
4543,4.543,0.29901007,4.715675
4544,4.544,0.28478265,4.668665
4545,4.545,0.29052782,4.6866307
4546,4.546,0.31910124,4.7202477
4547,4.547,0.3122876,4.7102327
4548,4.548,0.31999567,4.675874
4549,4.549,0.31565952,4.71354
4550,4.55,0.30557778,4.736126
4551,4.551,0.30021846,4.677982
4552,4.552,0.31353974,4.625197
4553,4.553,0.3069366,4.6746354
4554,4.554,0.3061979,4.716736
4555,4.555,0.32512435,4.708153
4556,4.556,0.32851598,4.6681356
4557,4.557,0.3276099,4.7549047
4558,4.558,0.32918635,4.693087
4559,4.559,0.32974982,4.703799
4560,4.56,0.32216662,4.7063513
4561,4.561,0.32879227,4.658565
4562,4.562,0.33459383,4.674745
4563,4.563,0.32517004,4.6376586
4564,4.564,0.3256849,4.6100545
4565,4.565,0.33629122,4.6098146
4566,4.566,0.32735115,4.569947
4567,4.567,0.34367165,4.6093364
4568,4.568,0.32658327,4.6173444
4569,4.569,0.3265091,4.6390004
4570,4.57,0.31826696,4.686093
4571,4.571,0.32453626,4.6340675
4572,4.572,0.3161347,4.702182
4573,4.573,0.3086282,4.6560583
4574,4.574,0.30058324,4.6967373
4575,4.575,0.30468884,4.702653
4576,4.576,0.30509734,4.716835
4577,4.577,0.29704395,4.6299562
4578,4.578,0.29038674,4.6813354
4579,4.579,0.28182176,4.632848
4580,4.58,0.27817008,4.627575
4581,4.581,0.28994614,4.6209702
4582,4.582,0.30277407,4.587987
4583,4.583,0.2837257,4.5863886
4584,4.584,0.30667436,4.5993814
4585,4.585,0.3025283,4.5916224
4586,4.586,0.31502903,4.6192746
4587,4.587,0.31591302,4.6005096
4588,4.588,0.3119213,4.6289363
4589,4.589,0.30064172,4.6115737
4590,4.59,0.3126899,4.669954
4591,4.591,0.31255734,4.6379113
4592,4.592,0.30857372,4.5985527
4593,4.593,0.3128998,4.652686
4594,4.594,0.30423075,4.633938
4595,4.595,0.32289812,4.6330857
4596,4.596,0.32602423,4.5676284
4597,4.597,0.32628846,4.5700574
4598,4.598,0.30823037,4.645309
4599,4.599,0.30750024,4.6408877
4600,4.6,0.3138705,4.628684
4601,4.601,0.3146668,4.5866776
4602,4.602,0.30815497,4.5859556
4603,4.603,0.30180314,4.576791
4604,4.604,0.3000775,4.607699
4605,4.605,0.3142277,4.5869255
4606,4.606,0.29474878,4.62667
4607,4.607,0.29375586,4.640631
4608,4.608,0.2884488,4.650544
4609,4.609,0.28956255,4.6678095
4610,4.61,0.30021057,4.6672015
4611,4.611,0.31231463,4.609869
4612,4.612,0.2930654,4.6503367
4613,4.613,0.30587175,4.6808157
4614,4.614,0.3176711,4.6953115
4615,4.615,0.3157106,4.6785345
4616,4.616,0.3083153,4.6591473
4617,4.617,0.3279943,4.6642213
4618,4.618,0.31447774,4.661555
4619,4.619,0.3268684,4.680963
4620,4.62,0.33206728,4.6956553
4621,4.621,0.33710352,4.7073407
4622,4.622,0.3262254,4.6935277
4623,4.623,0.31468573,4.7634473
4624,4.624,0.33270407,4.763236
4625,4.625,0.3318392,4.7710857
4626,4.626,0.33275026,4.836948
4627,4.627,0.32529408,4.821661
4628,4.628,0.32932678,4.81503
4629,4.629,0.31587058,4.8101974
4630,4.63,0.31871772,4.795645
4631,4.631,0.309739,4.7819233
4632,4.632,0.31761432,4.7601757
4633,4.633,0.3089264,4.7211137
4634,4.634,0.3088435,4.7230763
4635,4.635,0.2953576,4.7750373
4636,4.636,0.30360392,4.8048735
4637,4.637,0.31026384,4.8015738
4638,4.638,0.30815706,4.801684
4639,4.639,0.32308996,4.787929
4640,4.64,0.3091572,4.7875447
4641,4.641,0.31737822,4.7914906
4642,4.642,0.31891462,4.8613267
4643,4.643,0.31718364,4.8227706
4644,4.644,0.31396455,4.7524953
4645,4.645,0.31230888,4.783549
4646,4.646,0.31971377,4.759109
4647,4.647,0.30785942,4.789845
4648,4.648,0.31509578,4.7721863
4649,4.649,0.3022502,4.7559385
4650,4.65,0.30857146,4.743259
4651,4.651,0.31015763,4.7243648
4652,4.652,0.31038305,4.7110314
4653,4.653,0.30189028,4.621913
4654,4.654,0.30217925,4.5848637
4655,4.655,0.29199135,4.5825915
4656,4.656,0.29918998,4.608745
4657,4.657,0.2997173,4.607325
4658,4.658,0.30310512,4.618643
4659,4.659,0.3061056,4.7051363
4660,4.66,0.30161044,4.7066274
4661,4.661,0.315954,4.621475
4662,4.662,0.3089831,4.569763
4663,4.663,0.32218078,4.632601
4664,4.664,0.32252738,4.6283264
4665,4.665,0.3203805,4.5910215
4666,4.666,0.33727306,4.629572
4667,4.667,0.3402505,4.6458225
4668,4.668,0.34190997,4.6011295
4669,4.669,0.33848658,4.5854125
4670,4.67,0.35127813,4.604911
4671,4.671,0.3568914,4.6290984
4672,4.672,0.3497859,4.6544123
4673,4.673,0.34885752,4.6210527
4674,4.674,0.34612936,4.624445
4675,4.675,0.3548215,4.6014223
4676,4.676,0.35911742,4.629982
4677,4.677,0.3604261,4.6502047
4678,4.678,0.35708764,4.694111
4679,4.679,0.3594641,4.687831
4680,4.68,0.3512663,4.6268587
4681,4.681,0.35972223,4.6170673
4682,4.682,0.3650427,4.59534
4683,4.683,0.36445844,4.569311
4684,4.684,0.34130648,4.5787506
4685,4.685,0.34317112,4.5629206
4686,4.686,0.3431019,4.5556507
4687,4.687,0.34496135,4.595025
4688,4.688,0.352068,4.546026
4689,4.689,0.35954526,4.5322237
4690,4.69,0.35874835,4.545092
4691,4.691,0.35409245,4.5356526
4692,4.692,0.36710942,4.585322
4693,4.693,0.36281812,4.527519
4694,4.694,0.35276273,4.5478764
4695,4.695,0.374722,4.5952454
4696,4.696,0.36963022,4.622108
4697,4.697,0.36820388,4.6174197
4698,4.698,0.35825017,4.5860524
4699,4.699,0.3585053,4.5662208
4700,4.7,0.35405803,4.6000376
4701,4.701,0.34877267,4.6257944
4702,4.702,0.34265855,4.598537
4703,4.703,0.35355374,4.6200542
4704,4.704,0.34434235,4.591499
4705,4.705,0.3529891,4.5803523
4706,4.706,0.356182,4.5831666
4707,4.707,0.36875448,4.620964
4708,4.708,0.34948868,4.6119127
4709,4.709,0.34524137,4.5941954
4710,4.71,0.34443584,4.579413
4711,4.711,0.34893438,4.589976
4712,4.712,0.36728382,4.558462
4713,4.713,0.36640954,4.580789
4714,4.714,0.372003,4.573875
4715,4.715,0.37263623,4.5572824
4716,4.716,0.37793958,4.5827813
4717,4.717,0.3728936,4.6234555
4718,4.718,0.38071015,4.627106
4719,4.719,0.39786744,4.648664
4720,4.72,0.383507,4.635106
4721,4.721,0.3850323,4.604539
4722,4.722,0.38006043,4.617155
4723,4.723,0.37986803,4.6377516
4724,4.724,0.38385603,4.639753
4725,4.725,0.3732044,4.614891
4726,4.726,0.3633468,4.6336327
4727,4.727,0.36136028,4.611658
4728,4.728,0.35340622,4.596832
4729,4.729,0.34700245,4.575028
4730,4.73,0.341246,4.579537
4731,4.731,0.3526146,4.541428
4732,4.732,0.34785238,4.5510015
4733,4.733,0.34159288,4.588714
4734,4.734,0.35208344,4.5566177
4735,4.735,0.3474572,4.5807533
4736,4.736,0.3535516,4.5797
4737,4.737,0.34421712,4.5827255
4738,4.738,0.34442946,4.5355678
4739,4.739,0.33745944,4.5438857
4740,4.74,0.34167105,4.5202055
4741,4.741,0.34154838,4.5565643
4742,4.742,0.3480668,4.54758
4743,4.743,0.35109562,4.505085
4744,4.744,0.36165032,4.4875813
4745,4.745,0.33564267,4.4986286
4746,4.746,0.33528584,4.51846
4747,4.747,0.33692172,4.5220695
4748,4.748,0.33583373,4.5048485
4749,4.749,0.3364742,4.5096164
4750,4.75,0.3362687,4.4930043
4751,4.751,0.3445402,4.500154
4752,4.752,0.33028853,4.558525
4753,4.753,0.32791743,4.5594807
4754,4.754,0.3092641,4.551785
4755,4.755,0.30923253,4.5901265
4756,4.756,0.2983246,4.5723047
4757,4.757,0.29648733,4.550655
4758,4.758,0.29660854,4.5894337
4759,4.759,0.30113173,4.5742555
4760,4.76,0.29869387,4.555724
4761,4.761,0.30423948,4.540405
4762,4.762,0.29422414,4.5942383
4763,4.763,0.29395157,4.560782
4764,4.764,0.30540675,4.4954386
4765,4.765,0.295669,4.4905496
4766,4.766,0.29687598,4.486568
4767,4.767,0.2889901,4.502951
4768,4.768,0.30539483,4.539427
4769,4.769,0.28495085,4.5167375
4770,4.77,0.29490227,4.51455
4771,4.771,0.27943197,4.564115
4772,4.772,0.28737277,4.5459857
4773,4.773,0.27486753,4.5640774
4774,4.774,0.2807471,4.5157475
4775,4.775,0.27704078,4.53935
4776,4.776,0.30325648,4.479718
4777,4.777,0.29629347,4.502854
4778,4.778,0.28111577,4.53049
4779,4.779,0.28602406,4.5469785
4780,4.78,0.3015263,4.557464
4781,4.781,0.2913977,4.516332
4782,4.782,0.27148458,4.539521
4783,4.783,0.2659816,4.5621443
4784,4.784,0.2752569,4.5281873
4785,4.785,0.28134307,4.5149636
4786,4.786,0.2797894,4.508387
4787,4.787,0.28093272,4.504269
4788,4.788,0.27489233,4.4761024
4789,4.789,0.28035194,4.5107408
4790,4.79,0.2773744,4.5183983
4791,4.791,0.25953144,4.433503
4792,4.792,0.27301294,4.4958377
4793,4.793,0.2712115,4.5131645
4794,4.794,0.26972824,4.563688
4795,4.795,0.25973648,4.5616236
4796,4.796,0.2572429,4.502612
4797,4.797,0.26595685,4.50882
4798,4.798,0.27353364,4.510352
4799,4.799,0.2731137,4.513682
4800,4.8,0.27120703,4.5084023
4801,4.801,0.27609617,4.511586
4802,4.802,0.28696138,4.452397
4803,4.803,0.27851874,4.469782
4804,4.804,0.27484,4.4711347
4805,4.805,0.27763972,4.4686446
4806,4.806,0.2882638,4.4679236
4807,4.807,0.29048824,4.497015
4808,4.808,0.2799765,4.490774
4809,4.809,0.2842988,4.4921813
4810,4.81,0.29727754,4.4820266
4811,4.811,0.30315277,4.5140734
4812,4.812,0.28120622,4.5665426
4813,4.813,0.2839194,4.604471
4814,4.814,0.28564757,4.4927516
4815,4.815,0.28727883,4.543785
4816,4.816,0.2992742,4.571525
4817,4.817,0.2833739,4.576862
4818,4.818,0.29099676,4.588941
4819,4.819,0.27834207,4.617331
4820,4.82,0.2763372,4.5894485
4821,4.821,0.2816796,4.614778
4822,4.822,0.28700548,4.6247387
4823,4.823,0.29579172,4.6064806
4824,4.824,0.3087121,4.5893936
4825,4.825,0.3088727,4.53887
4826,4.826,0.30164665,4.5971365
4827,4.827,0.2873227,4.57263
4828,4.828,0.27763888,4.565367
4829,4.829,0.2763937,4.5550365
4830,4.83,0.27580127,4.5756392
4831,4.831,0.28289643,4.519344
4832,4.832,0.27923685,4.600987
4833,4.833,0.27266487,4.642261
4834,4.834,0.2824126,4.585376
4835,4.835,0.28413367,4.611883
4836,4.836,0.27217945,4.56311
4837,4.837,0.26942617,4.569717
4838,4.838,0.28707153,4.596644
4839,4.839,0.29775274,4.580888
4840,4.84,0.28676474,4.5834045
4841,4.841,0.28695935,4.5046315
4842,4.842,0.2888819,4.5927386
4843,4.843,0.2786208,4.5269294
4844,4.844,0.2756977,4.531073
4845,4.845,0.2740133,4.5349607
4846,4.846,0.2869819,4.508854
4847,4.847,0.2777488,4.5223327
4848,4.848,0.2877657,4.4787927
4849,4.849,0.27580985,4.483071
4850,4.85,0.29780298,4.461141
4851,4.851,0.30183342,4.5090766
4852,4.852,0.30274794,4.5012507
4853,4.853,0.30681473,4.487967
4854,4.854,0.30147052,4.461412
4855,4.855,0.31301025,4.5211177
4856,4.856,0.2917038,4.523773
4857,4.857,0.2845534,4.5373993
4858,4.858,0.29010755,4.549964
4859,4.859,0.29186127,4.544334
4860,4.86,0.29152006,4.557542
4861,4.861,0.29279134,4.5790358
4862,4.862,0.29513365,4.591516
4863,4.863,0.27131912,4.59856
4864,4.864,0.28222632,4.554622
4865,4.865,0.27688926,4.554696
4866,4.866,0.28559938,4.5159936
4867,4.867,0.29514736,4.550023
4868,4.868,0.29581264,4.5880265
4869,4.869,0.30062807,4.5238824
4870,4.87,0.31399658,4.553431
4871,4.871,0.30316898,4.5646844
4872,4.872,0.29211205,4.5579615
4873,4.873,0.2917121,4.572648
4874,4.874,0.30312818,4.568346
4875,4.875,0.31649646,4.5857215
4876,4.876,0.30951443,4.5691147
4877,4.877,0.32194299,4.5364738
4878,4.878,0.3167621,4.586197
4879,4.879,0.32249656,4.5853057
4880,4.88,0.29474446,4.5536394
4881,4.881,0.28716573,4.496898
4882,4.882,0.3100292,4.512209
4883,4.883,0.31295076,4.5328183
4884,4.884,0.30525115,4.5875797
4885,4.885,0.31176838,4.5461717
4886,4.886,0.31121266,4.5063653
4887,4.887,0.31235996,4.4950314
4888,4.888,0.31677338,4.45802
4889,4.889,0.3172172,4.5261106
4890,4.89,0.31703967,4.5105996
4891,4.891,0.3146975,4.54061
4892,4.892,0.32801434,4.523025
4893,4.893,0.32486504,4.4709983
4894,4.894,0.3142632,4.4477086
4895,4.895,0.30630323,4.499889
4896,4.896,0.32280287,4.5084767
4897,4.897,0.32075104,4.5432196
4898,4.898,0.32685497,4.5673814
4899,4.899,0.30674052,4.533163
4900,4.9,0.30647054,4.4975924
4901,4.901,0.29551938,4.4700933
4902,4.902,0.29907522,4.4402447
4903,4.903,0.31104603,4.4697046
4904,4.904,0.3149325,4.510534
4905,4.905,0.30866417,4.4992676
4906,4.906,0.29668123,4.4864335
4907,4.907,0.31333748,4.4851174
4908,4.908,0.31119388,4.4936476
4909,4.909,0.3300517,4.478704
4910,4.91,0.31009838,4.4539185
4911,4.911,0.3025711,4.4617577
4912,4.912,0.30444345,4.456511
4913,4.913,0.30087808,4.4631276
4914,4.914,0.29909745,4.508745
4915,4.915,0.30796623,4.4812846
4916,4.916,0.29062173,4.5328755
4917,4.917,0.29534763,4.531746
4918,4.918,0.28607053,4.5591774
4919,4.919,0.300389,4.514361
4920,4.92,0.29185712,4.4943805
4921,4.921,0.29854852,4.5002112
4922,4.922,0.30417338,4.4997807
4923,4.923,0.28472662,4.5165353
4924,4.924,0.2868113,4.5096965
4925,4.925,0.27160996,4.484775
4926,4.926,0.2854022,4.4644566
4927,4.927,0.26935127,4.500545
4928,4.928,0.2692682,4.4874454
4929,4.929,0.27930868,4.5137563
4930,4.93,0.2797024,4.4798765
4931,4.931,0.27146053,4.456359
4932,4.932,0.27081037,4.4599023
4933,4.933,0.26214486,4.4634943
4934,4.934,0.263843,4.522471
4935,4.935,0.2831019,4.484017
4936,4.936,0.28883228,4.451837
4937,4.937,0.28469375,4.525312
4938,4.938,0.27008736,4.52377
4939,4.939,0.28212574,4.47363
4940,4.94,0.29193333,4.523943
4941,4.941,0.27428782,4.5071845
4942,4.942,0.2805193,4.539361
4943,4.943,0.28825176,4.523012
4944,4.944,0.2952247,4.4750247
4945,4.945,0.29254466,4.46982
4946,4.946,0.2798433,4.434549
4947,4.947,0.2777617,4.4771523
4948,4.948,0.29007646,4.485444
4949,4.949,0.30196857,4.4585543
4950,4.95,0.30519035,4.4442754
4951,4.951,0.3181396,4.470805
4952,4.952,0.31765598,4.4519773
4953,4.953,0.31097817,4.45687
4954,4.954,0.3094457,4.526022
4955,4.955,0.31317896,4.479584
4956,4.956,0.30054095,4.4865355
4957,4.957,0.30631813,4.4419155
4958,4.958,0.29479367,4.4418173
4959,4.959,0.30604726,4.465018
4960,4.96,0.32983902,4.4947057
4961,4.961,0.32391235,4.468311
4962,4.962,0.32613483,4.462821
4963,4.963,0.31461906,4.489187
4964,4.964,0.3101202,4.4495344
4965,4.965,0.30664703,4.435587
4966,4.966,0.31065258,4.429792
4967,4.967,0.30226225,4.426151
4968,4.968,0.3059139,4.4401245
4969,4.969,0.29446745,4.457586
4970,4.97,0.28418472,4.436047
4971,4.971,0.2953664,4.403014
4972,4.972,0.28747553,4.4378834
4973,4.973,0.2795335,4.413099
4974,4.974,0.29043174,4.4278893
4975,4.975,0.28182197,4.4017334
4976,4.976,0.25722176,4.451507
4977,4.977,0.2702232,4.4065046
4978,4.978,0.2674003,4.393353
4979,4.979,0.2704445,4.4365954
4980,4.98,0.27950662,4.4418697
4981,4.981,0.27983317,4.4914703
4982,4.982,0.2917454,4.490385
4983,4.983,0.2881272,4.4916515
4984,4.984,0.2945856,4.501706
4985,4.985,0.3116232,4.4560933
4986,4.986,0.2908094,4.488229
4987,4.987,0.28012136,4.5102143
4988,4.988,0.26219314,4.479166
4989,4.989,0.2786403,4.4735994
4990,4.99,0.2970852,4.5237107
4991,4.991,0.2928397,4.490296
4992,4.992,0.29694468,4.4877677
4993,4.993,0.31093636,4.47621
4994,4.994,0.30380717,4.4731936
4995,4.995,0.31364664,4.424164
4996,4.996,0.32177007,4.431842
4997,4.997,0.30134815,4.535684
4998,4.998,0.30400878,4.467847
4999,4.999,0.30859113,4.4484835
5000,5.0,0.30027044,4.4786215
5001,5.001,0.3061849,4.530254
5002,5.002,0.30822006,4.514654
5003,5.003,0.30049634,4.526358
5004,5.004,0.31093284,4.506146
5005,5.005,0.32045737,4.532774
5006,5.006,0.30540314,4.5163236
5007,5.007,0.30559176,4.541604
5008,5.008,0.29772672,4.524175
5009,5.009,0.27774754,4.5230985
5010,5.01,0.2854261,4.5338345
5011,5.011,0.28575358,4.5551524
5012,5.012,0.29652044,4.534965
5013,5.013,0.28974193,4.5461125
5014,5.014,0.2979904,4.546795
5015,5.015,0.29936245,4.533268
5016,5.016,0.30174896,4.4753966
5017,5.017,0.28478104,4.5041056
5018,5.018,0.2785797,4.520126
5019,5.019,0.27221322,4.4590483
5020,5.02,0.27979496,4.4400053
5021,5.021,0.26944375,4.4767528
5022,5.022,0.27847555,4.4586143
5023,5.023,0.28083456,4.485254
5024,5.024,0.27368596,4.4714475
5025,5.025,0.2797718,4.5502734
5026,5.026,0.29594547,4.527025
5027,5.027,0.26546067,4.5840087
5028,5.028,0.2687502,4.56377
5029,5.029,0.27103394,4.589093
5030,5.03,0.26920983,4.5424314
5031,5.031,0.2669031,4.529748
5032,5.032,0.27689448,4.5859976
5033,5.033,0.27166846,4.5348306
5034,5.034,0.2895895,4.5162477
5035,5.035,0.26778647,4.556491
5036,5.036,0.26842138,4.5206237
5037,5.037,0.25671816,4.5113115
5038,5.038,0.2555454,4.5132976
5039,5.039,0.2532806,4.530161
5040,5.04,0.26085028,4.5355473
5041,5.041,0.26486996,4.5071135
5042,5.042,0.28216383,4.535577
5043,5.043,0.29348734,4.50579
5044,5.044,0.2842199,4.5171285
5045,5.045,0.29358226,4.511859
5046,5.046,0.29360273,4.5343556
5047,5.047,0.2894779,4.5292716
5048,5.048,0.28125638,4.542967
5049,5.049,0.30174243,4.534067
5050,5.05,0.30170834,4.5589542
5051,5.051,0.31565621,4.582225
5052,5.052,0.31425107,4.6062765
5053,5.053,0.3127716,4.574237
5054,5.054,0.30734193,4.5865
5055,5.055,0.2929784,4.5806603
5056,5.056,0.31733868,4.5851703
5057,5.057,0.33478296,4.599794
5058,5.058,0.31017777,4.562782
5059,5.059,0.32687002,4.5611506
5060,5.06,0.3104914,4.6155434
5061,5.061,0.29705697,4.611401
5062,5.062,0.30686015,4.5730896
5063,5.063,0.2998434,4.585167
5064,5.064,0.30157593,4.5934386
5065,5.065,0.30453286,4.5300155
5066,5.066,0.31971467,4.6001925
5067,5.067,0.28398433,4.559798
5068,5.068,0.30163094,4.5251145
5069,5.069,0.29127112,4.585802
5070,5.07,0.27796137,4.5908
5071,5.071,0.2698043,4.632123
5072,5.072,0.28736955,4.65783
5073,5.073,0.2982785,4.5807624
5074,5.074,0.29756844,4.5844374
5075,5.075,0.30306774,4.543441
5076,5.076,0.29914072,4.456162
5077,5.077,0.3012016,4.3813334
5078,5.078,0.30185354,4.3949943
5079,5.079,0.31674072,4.4203467
5080,5.08,0.3246949,4.438277
5081,5.081,0.3192108,4.4427447
5082,5.082,0.31435367,4.389945
5083,5.083,0.32146382,4.4209833
5084,5.084,0.32926008,4.489029
5085,5.085,0.33279458,4.521135
5086,5.086,0.34345394,4.546831
5087,5.087,0.31868908,4.543241
5088,5.088,0.32861942,4.5404572
5089,5.089,0.3091267,4.4602523
5090,5.09,0.2914431,4.45855
5091,5.091,0.30329937,4.4444523
5092,5.092,0.2961278,4.435858
5093,5.093,0.2957923,4.4633913
5094,5.094,0.28432748,4.4366016
5095,5.095,0.2818726,4.49386
5096,5.096,0.28207165,4.501279
5097,5.097,0.28838608,4.5442023
5098,5.098,0.28789303,4.5604243
5099,5.099,0.27263013,4.5121813
5100,5.1,0.27669945,4.5719395
5101,5.101,0.27871,4.5621095
5102,5.102,0.29012787,4.5337143
5103,5.103,0.309157,4.5773664
5104,5.104,0.3087969,4.5859723
5105,5.105,0.28317353,4.5031047
5106,5.106,0.28762245,4.5176516
5107,5.107,0.29115203,4.4799848
5108,5.108,0.3070475,4.3823843
5109,5.109,0.3108159,4.4381227
5110,5.11,0.30609068,4.424992
5111,5.111,0.30647093,4.4610815
5112,5.112,0.30647114,4.419608
5113,5.113,0.30296206,4.3855953
5114,5.114,0.306814,4.386498
5115,5.115,0.31244487,4.4429965
5116,5.116,0.2968345,4.4564557
5117,5.117,0.3017298,4.4237676
5118,5.118,0.30607048,4.4322057
5119,5.119,0.3006767,4.460841
5120,5.12,0.31193945,4.4510994
5121,5.121,0.3190766,4.4389157
5122,5.122,0.32143003,4.491627
5123,5.123,0.31703383,4.457835
5124,5.124,0.32160655,4.4526577
5125,5.125,0.31818956,4.479342
5126,5.126,0.30855927,4.4907207
5127,5.127,0.31778044,4.4284015
5128,5.128,0.31429133,4.450171
5129,5.129,0.29106706,4.42263
5130,5.13,0.31140462,4.4688315
5131,5.131,0.31841692,4.4156904
5132,5.132,0.31134468,4.4448075
5133,5.133,0.30888093,4.529041
5134,5.134,0.30702358,4.435361
5135,5.135,0.30883545,4.4729953
5136,5.136,0.30591124,4.4716725
5137,5.137,0.3001634,4.465373
5138,5.138,0.31793588,4.431778
5139,5.139,0.33891985,4.451795
5140,5.14,0.34493837,4.447567
5141,5.141,0.3492953,4.483772
5142,5.142,0.34489682,4.471452
5143,5.143,0.3358561,4.4138145
5144,5.144,0.34298983,4.4484177
5145,5.145,0.33456084,4.437633
5146,5.146,0.33969712,4.459614
5147,5.147,0.33308065,4.4506774
5148,5.148,0.33957067,4.545162
5149,5.149,0.34329572,4.480119
5150,5.15,0.34545025,4.4909673
5151,5.151,0.33984903,4.471046
5152,5.152,0.34414658,4.4832225
5153,5.153,0.3273808,4.4827666
5154,5.154,0.3345192,4.4860954
5155,5.155,0.34891963,4.447088
5156,5.156,0.34915197,4.469336
5157,5.157,0.35363725,4.4600234
5158,5.158,0.34031793,4.429058
5159,5.159,0.35960314,4.4132905
5160,5.16,0.37314725,4.4975305
5161,5.161,0.37973714,4.507746
5162,5.162,0.37535912,4.4758415
5163,5.163,0.37354603,4.497941
5164,5.164,0.3680816,4.4558544
5165,5.165,0.35893583,4.524369
5166,5.166,0.36273816,4.50592
5167,5.167,0.37196743,4.483238
5168,5.168,0.38402405,4.5288687
5169,5.169,0.3837574,4.4734426
5170,5.17,0.38317862,4.4534492
5171,5.171,0.39692482,4.5172443
5172,5.172,0.3860983,4.4424524
5173,5.173,0.3695733,4.518221
5174,5.174,0.367884,4.5163946
5175,5.175,0.36855316,4.452654
5176,5.176,0.35660076,4.471643
5177,5.177,0.33727476,4.4342446
5178,5.178,0.33991688,4.4180837
5179,5.179,0.35129935,4.399239
5180,5.18,0.34717643,4.4278383
5181,5.181,0.35487315,4.4515543
5182,5.182,0.3385581,4.437188
5183,5.183,0.32924408,4.4533668
5184,5.184,0.3408547,4.473275
5185,5.185,0.34954357,4.483176
5186,5.186,0.34888783,4.381366
5187,5.187,0.33618,4.426685
5188,5.188,0.3382917,4.424394
5189,5.189,0.3391754,4.38456
5190,5.19,0.34874764,4.3899126
5191,5.191,0.34309128,4.4588094
5192,5.192,0.33974645,4.42456
5193,5.193,0.33537614,4.4235296
5194,5.194,0.33729312,4.451233
5195,5.195,0.34616494,4.474414
5196,5.196,0.34628865,4.4506006
5197,5.197,0.33752024,4.3999724
5198,5.198,0.3416675,4.394659
5199,5.199,0.33502576,4.4238067
5200,5.2,0.348941,4.3948298
5201,5.201,0.35362056,4.4399323
5202,5.202,0.34713748,4.450058
5203,5.203,0.3361315,4.395526
5204,5.204,0.34645283,4.440399
5205,5.205,0.32483694,4.49074
5206,5.206,0.33174217,4.43831
5207,5.207,0.33898976,4.4200892
5208,5.208,0.32005256,4.4407516
5209,5.209,0.3168821,4.400449
5210,5.21,0.31598985,4.4587455
5211,5.211,0.32484564,4.484164
5212,5.212,0.31929427,4.47217
5213,5.213,0.31612426,4.5051403
5214,5.214,0.31329283,4.480834
5215,5.215,0.30413175,4.427953
5216,5.216,0.3087952,4.52156
5217,5.217,0.29715446,4.4662504
5218,5.218,0.29189712,4.431704
5219,5.219,0.29051948,4.4442525
5220,5.22,0.30137062,4.4002023
5221,5.221,0.30364484,4.4430013
5222,5.222,0.31255215,4.4306717
5223,5.223,0.28550932,4.4277763
5224,5.224,0.30713144,4.466175
5225,5.225,0.30839422,4.4022517
5226,5.226,0.2904779,4.4386625
5227,5.227,0.30867222,4.4073176
5228,5.228,0.30757225,4.4456453
5229,5.229,0.31882906,4.462942
5230,5.23,0.32247987,4.448894
5231,5.231,0.32280824,4.4380517
5232,5.232,0.31631452,4.4236813
5233,5.233,0.3138471,4.4421697
5234,5.234,0.31879354,4.4390883
5235,5.235,0.30493268,4.396054
5236,5.236,0.3240736,4.3662972
5237,5.237,0.3210763,4.4180465
5238,5.238,0.3210376,4.4219894
5239,5.239,0.2979914,4.4406066
5240,5.24,0.30435818,4.4628367
5241,5.241,0.29943907,4.4523497
5242,5.242,0.30698404,4.4414206
5243,5.243,0.3300023,4.4962716
5244,5.244,0.32051617,4.444676
5245,5.245,0.32474637,4.4628696
5246,5.246,0.31086385,4.442137
5247,5.247,0.29673985,4.437014
5248,5.248,0.29627573,4.4160466
5249,5.249,0.29153353,4.4326205
5250,5.25,0.28734842,4.4255996
5251,5.251,0.29417288,4.3900776
5252,5.252,0.28544554,4.4063196
5253,5.253,0.27842864,4.4504757
5254,5.254,0.2771526,4.4157734
5255,5.255,0.2825368,4.4119406
5256,5.256,0.28666756,4.371659
5257,5.257,0.277889,4.422031
5258,5.258,0.2785486,4.414006
5259,5.259,0.28430042,4.3768888
5260,5.26,0.2806911,4.35104
5261,5.261,0.29078376,4.352114
5262,5.262,0.29749092,4.3635573
5263,5.263,0.29066706,4.3593397
5264,5.264,0.29485896,4.412782
5265,5.265,0.2840022,4.434997
5266,5.266,0.29348204,4.370361
5267,5.267,0.280181,4.416554
5268,5.268,0.29117864,4.3841467
5269,5.269,0.2855658,4.3564167
5270,5.27,0.30232936,4.4243693
5271,5.271,0.28432846,4.39981
5272,5.272,0.284046,4.431177
5273,5.273,0.3022347,4.4296894
5274,5.274,0.3018748,4.3860273
5275,5.275,0.30217254,4.396684
5276,5.276,0.29352614,4.394917
5277,5.277,0.29502043,4.420142
5278,5.278,0.289404,4.404013
5279,5.279,0.30171025,4.4147964
5280,5.28,0.30264884,4.420525
5281,5.281,0.30082142,4.414562
5282,5.282,0.3079914,4.363621
5283,5.283,0.29409328,4.36802
5284,5.284,0.29849526,4.4104147
5285,5.285,0.29358384,4.4496307
5286,5.286,0.30760756,4.454869
5287,5.287,0.30760455,4.4035435
5288,5.288,0.2975125,4.392992
5289,5.289,0.29447293,4.4214206
5290,5.29,0.29658946,4.3848705
5291,5.291,0.28889948,4.4144773
5292,5.292,0.30668303,4.4215508
5293,5.293,0.30890206,4.4546824
5294,5.294,0.30987763,4.381801
5295,5.295,0.3082988,4.374118
5296,5.296,0.30080065,4.389761
5297,5.297,0.29353324,4.3824835
5298,5.298,0.30535394,4.3838024
5299,5.299,0.29741204,4.3899045
5300,5.3,0.29973716,4.394016
5301,5.301,0.31117716,4.393078
5302,5.302,0.31282148,4.3671594
5303,5.303,0.3033188,4.3954515
5304,5.304,0.30811915,4.373148
5305,5.305,0.3022504,4.3945384
5306,5.306,0.29406834,4.470852
5307,5.307,0.29112247,4.3890862
5308,5.308,0.2916824,4.451942
5309,5.309,0.3060854,4.4497166
5310,5.31,0.29665744,4.455101
5311,5.311,0.28931394,4.4380045
5312,5.312,0.3053831,4.444294
5313,5.313,0.2928241,4.408892
5314,5.314,0.2784162,4.39278
5315,5.315,0.29648107,4.4120135
5316,5.316,0.28917906,4.393969
5317,5.317,0.28397334,4.350942
5318,5.318,0.28920102,4.3955383
5319,5.319,0.29117665,4.386028
5320,5.32,0.29425323,4.3607535
5321,5.321,0.28125575,4.4090314
5322,5.322,0.2823553,4.3774858
5323,5.323,0.2794442,4.366276
5324,5.324,0.27399582,4.3524165
5325,5.325,0.2801255,4.3602076
5326,5.326,0.29467797,4.3769064
5327,5.327,0.28682014,4.360227
5328,5.328,0.27573565,4.3438587
5329,5.329,0.27840582,4.3220625
5330,5.33,0.2726439,4.357862
5331,5.331,0.27107614,4.3982453
5332,5.332,0.27912942,4.375709
5333,5.333,0.28262845,4.3971524
5334,5.334,0.28209233,4.424858
5335,5.335,0.28689814,4.441356
5336,5.336,0.2977838,4.465781
5337,5.337,0.29416972,4.420319
5338,5.338,0.30711225,4.403909
5339,5.339,0.3046118,4.387538
5340,5.34,0.30915028,4.379752
5341,5.341,0.303954,4.3779383
5342,5.342,0.31152302,4.376476
5343,5.343,0.30320293,4.324204
5344,5.344,0.28784925,4.402109
5345,5.345,0.2866704,4.32431
5346,5.346,0.2893611,4.3827124
5347,5.347,0.28691062,4.4261246
5348,5.348,0.2863357,4.4173226
5349,5.349,0.27814162,4.4103107
5350,5.35,0.3023007,4.363809
5351,5.351,0.28021026,4.416846
5352,5.352,0.2830741,4.3637824
5353,5.353,0.26427072,4.370965
5354,5.354,0.27116397,4.3859196
5355,5.355,0.26933753,4.353439
5356,5.356,0.2667452,4.364193
5357,5.357,0.27158102,4.3507614
5358,5.358,0.2696389,4.3666196
5359,5.359,0.2788064,4.380624
5360,5.36,0.28337348,4.4207864
5361,5.361,0.28977743,4.382241
5362,5.362,0.28740716,4.4572015
5363,5.363,0.30481875,4.413058
5364,5.364,0.29893544,4.418568
5365,5.365,0.29099178,4.34729
5366,5.366,0.2936478,4.3269005
5367,5.367,0.28910568,4.3772516
5368,5.368,0.3062704,4.3434477
5369,5.369,0.282709,4.315583
5370,5.37,0.2900665,4.384276
5371,5.371,0.28848365,4.3594694
5372,5.372,0.2895831,4.331686
5373,5.373,0.2796119,4.3628054
5374,5.374,0.287341,4.3232055
5375,5.375,0.28574708,4.34583
5376,5.376,0.28984007,4.3308544
5377,5.377,0.28886908,4.3335333
5378,5.378,0.29018167,4.3669033
5379,5.379,0.29124552,4.3512583
5380,5.38,0.30122674,4.340323
5381,5.381,0.2928391,4.324837
5382,5.382,0.2941483,4.2975454
5383,5.383,0.3073726,4.276593
5384,5.384,0.29733625,4.324478
5385,5.385,0.27887067,4.3157654
5386,5.386,0.29787928,4.335345
5387,5.387,0.3092815,4.2887487
5388,5.388,0.30095875,4.272726
5389,5.389,0.29034814,4.309263
5390,5.39,0.29255554,4.2891636
5391,5.391,0.28839087,4.317083
5392,5.392,0.2846578,4.2499304
5393,5.393,0.27824113,4.273039
5394,5.394,0.28634155,4.331647
5395,5.395,0.2787183,4.324418
5396,5.396,0.29383868,4.315608
5397,5.397,0.29053918,4.342934
5398,5.398,0.28965217,4.377879
5399,5.399,0.28282183,4.3623266
5400,5.4,0.28554738,4.3082156
5401,5.401,0.27758685,4.336408
5402,5.402,0.2873068,4.305854
5403,5.403,0.2900344,4.3213277
5404,5.404,0.30095568,4.3164673
5405,5.405,0.30168074,4.3725758
5406,5.406,0.30072418,4.390315
5407,5.407,0.31193927,4.40719
5408,5.408,0.3121108,4.3960943
5409,5.409,0.29438165,4.4341927
5410,5.41,0.29659587,4.4318175
5411,5.411,0.2875682,4.4451804
5412,5.412,0.28735486,4.3885245
5413,5.413,0.29252413,4.376738
5414,5.414,0.29010954,4.3764925
5415,5.415,0.27674478,4.366476
5416,5.416,0.28472784,4.379875
5417,5.417,0.2861483,4.3724313
5418,5.418,0.30759403,4.387737
5419,5.419,0.30023906,4.3673983
5420,5.42,0.2919852,4.3434057
5421,5.421,0.28825396,4.3016295
5422,5.422,0.28018615,4.297055
5423,5.423,0.28930512,4.3239717
5424,5.424,0.31310734,4.346437
5425,5.425,0.30921215,4.3743644
5426,5.426,0.3267687,4.3914657
5427,5.427,0.31359008,4.4096026
5428,5.428,0.30414924,4.3936315
5429,5.429,0.30345958,4.3917756
5430,5.43,0.31731665,4.4334354
5431,5.431,0.3093153,4.3750753
5432,5.432,0.29913995,4.362665
5433,5.433,0.3048468,4.3705406
5434,5.434,0.30659387,4.349284
5435,5.435,0.32622167,4.360948
5436,5.436,0.3142897,4.359494
5437,5.437,0.30793244,4.392762
5438,5.438,0.3066312,4.3624115
5439,5.439,0.32546815,4.3666105
5440,5.44,0.3281713,4.3535824
5441,5.441,0.31847608,4.394402
5442,5.442,0.30846298,4.400706
5443,5.443,0.31304902,4.4123077
5444,5.444,0.3244554,4.404222
5445,5.445,0.32196668,4.41081
5446,5.446,0.31947902,4.3728895
5447,5.447,0.31882164,4.392425
5448,5.448,0.34194228,4.3863473
5449,5.449,0.3236467,4.4271946
5450,5.45,0.34178486,4.392255
5451,5.451,0.339143,4.388744
5452,5.452,0.33716884,4.3852897
5453,5.453,0.3521097,4.3713746
5454,5.454,0.34388012,4.400059
5455,5.455,0.32143274,4.3718514
5456,5.456,0.3387129,4.356119
5457,5.457,0.34424397,4.4135876
5458,5.458,0.34852085,4.372071
5459,5.459,0.32819405,4.360042
5460,5.46,0.3397189,4.425141
5461,5.461,0.32751724,4.406616
5462,5.462,0.323047,4.3814726
5463,5.463,0.32287234,4.3997498
5464,5.464,0.33062732,4.447948
5465,5.465,0.31961596,4.3704495
5466,5.466,0.30588764,4.3843956
5467,5.467,0.31128323,4.3570685
5468,5.468,0.3107934,4.3392606
5469,5.469,0.30976474,4.3811483
5470,5.47,0.31320333,4.373694
5471,5.471,0.32247344,4.3394375
5472,5.472,0.31956983,4.3617535
5473,5.473,0.32711995,4.364485
5474,5.474,0.3299429,4.361026
5475,5.475,0.32899737,4.3954124
5476,5.476,0.33483422,4.4606357
5477,5.477,0.33562008,4.4593663
5478,5.478,0.327977,4.424766
5479,5.479,0.32015422,4.4119406
5480,5.48,0.30726933,4.3886595
5481,5.481,0.3043996,4.3791037
5482,5.482,0.30562165,4.4692683
5483,5.483,0.3027254,4.440222
5484,5.484,0.30572888,4.432138
5485,5.485,0.30984366,4.420806
5486,5.486,0.30343005,4.407827
5487,5.487,0.32682633,4.473101
5488,5.488,0.31547087,4.409622
5489,5.489,0.30769548,4.392736
5490,5.49,0.32304898,4.4348264
5491,5.491,0.30904254,4.4163966
5492,5.492,0.3094991,4.414677
5493,5.493,0.31068012,4.4063044
5494,5.494,0.31180322,4.451528
5495,5.495,0.31692207,4.3901567
5496,5.496,0.30121675,4.4462476
5497,5.497,0.31160668,4.4536657
5498,5.498,0.31025043,4.4708734
5499,5.499,0.28313088,4.4105306
5500,5.5,0.2846178,4.4491253
5501,5.501,0.2844811,4.427111
5502,5.502,0.2974165,4.443966
5503,5.503,0.29603177,4.427789
5504,5.504,0.3121306,4.444571
5505,5.505,0.2996527,4.453225
5506,5.506,0.29764032,4.4526386
5507,5.507,0.29047352,4.4850183
5508,5.508,0.30423206,4.412172
5509,5.509,0.2836375,4.446993
5510,5.51,0.27711484,4.402256
5511,5.511,0.28942758,4.4963417
5512,5.512,0.27516598,4.489749
5513,5.513,0.28562248,4.5039096
5514,5.514,0.2926391,4.506721
5515,5.515,0.29441738,4.4949036
5516,5.516,0.30188453,4.444721
5517,5.517,0.2995595,4.456923
5518,5.518,0.28198394,4.433595
5519,5.519,0.28188226,4.442192
5520,5.52,0.29196778,4.380392
5521,5.521,0.29614615,4.4246707
5522,5.522,0.2917545,4.3911896
5523,5.523,0.29029697,4.395494
5524,5.524,0.30789152,4.4212036
5525,5.525,0.3068234,4.4581976
5526,5.526,0.31213486,4.3765535
5527,5.527,0.30775747,4.448153
5528,5.528,0.3101079,4.3983874
5529,5.529,0.3238861,4.3987665
5530,5.53,0.31359246,4.3973384
5531,5.531,0.31385905,4.4053903
5532,5.532,0.3270634,4.450624
5533,5.533,0.33052644,4.474931
5534,5.534,0.32855996,4.4082193
5535,5.535,0.32779932,4.4149284
5536,5.536,0.31405824,4.4591985
5537,5.537,0.32036212,4.430589
5538,5.538,0.3189032,4.4717603
5539,5.539,0.31778717,4.4840236
5540,5.54,0.31526467,4.4706106
5541,5.541,0.31208247,4.488908
5542,5.542,0.30848455,4.459139
5543,5.543,0.31537595,4.4993763
5544,5.544,0.30865854,4.5062857
5545,5.545,0.2995215,4.5391173
5546,5.546,0.29375938,4.4835353
5547,5.547,0.29278523,4.5591474
5548,5.548,0.30100137,4.463968
5549,5.549,0.3029121,4.5176196
5550,5.55,0.28376034,4.5450716
5551,5.551,0.28703368,4.501086
5552,5.552,0.27071515,4.4897246
5553,5.553,0.26478484,4.4892635
5554,5.554,0.26211575,4.5018167
5555,5.555,0.27220365,4.525218
5556,5.556,0.28743532,4.4931517
5557,5.557,0.2962168,4.4870105
5558,5.558,0.2756061,4.539553
5559,5.559,0.29151055,4.5389013
5560,5.56,0.28582457,4.547598
5561,5.561,0.26989985,4.5399303
5562,5.562,0.26969567,4.522213
5563,5.563,0.2619651,4.5426426
5564,5.564,0.28464928,4.5201035
5565,5.565,0.2832725,4.5044804
5566,5.566,0.2846503,4.555426
5567,5.567,0.29159102,4.546794
5568,5.568,0.28988793,4.5236588
5569,5.569,0.304711,4.51143
5570,5.57,0.30248302,4.4915533
5571,5.571,0.31145102,4.568826
5572,5.572,0.334546,4.584165
5573,5.573,0.32418987,4.5188
5574,5.574,0.31749055,4.5454755
5575,5.575,0.33488894,4.512523
5576,5.576,0.33642885,4.515663
5577,5.577,0.32837644,4.5683804
5578,5.578,0.33968318,4.5390735
5579,5.579,0.34545642,4.512613
5580,5.58,0.3325435,4.503901
5581,5.581,0.33240774,4.5242505
5582,5.582,0.3256052,4.5261326
5583,5.583,0.32290974,4.561956
5584,5.584,0.32724854,4.502155
5585,5.585,0.30856323,4.4734645
5586,5.586,0.3060769,4.4662385
5587,5.587,0.3145121,4.443787
5588,5.588,0.31189147,4.4775763
5589,5.589,0.3009146,4.481676
5590,5.59,0.30439427,4.515002
5591,5.591,0.31627196,4.5595455
5592,5.592,0.31518236,4.5275683
5593,5.593,0.30401465,4.5124187
5594,5.594,0.30116418,4.543204
5595,5.595,0.3064832,4.4962234
5596,5.596,0.32193205,4.423017
5597,5.597,0.33322152,4.449651
5598,5.598,0.31796697,4.4262514
5599,5.599,0.34243733,4.4366193
5600,5.6,0.36475757,4.457397
5601,5.601,0.34669733,4.457644
5602,5.602,0.3527044,4.4738517
5603,5.603,0.34224656,4.4598045
5604,5.604,0.34525794,4.402429
5605,5.605,0.34125534,4.432638
5606,5.606,0.33474842,4.4209723
5607,5.607,0.3386426,4.416066
5608,5.608,0.32699978,4.4094596
5609,5.609,0.32520735,4.4447227
5610,5.61,0.32234383,4.436627
5611,5.611,0.3347826,4.4560337
5612,5.612,0.33370754,4.431685
5613,5.613,0.34045732,4.4488087
5614,5.614,0.34410325,4.435292
5615,5.615,0.3459555,4.460744
5616,5.616,0.35425368,4.448108
5617,5.617,0.34631366,4.4306107
5618,5.618,0.34918988,4.441944
5619,5.619,0.33354557,4.454906
5620,5.62,0.34099305,4.4908977
5621,5.621,0.34573856,4.438909
5622,5.622,0.3387699,4.4873104
5623,5.623,0.34372512,4.5137177
5624,5.624,0.34917596,4.520934
5625,5.625,0.36896473,4.5850043
5626,5.626,0.37075454,4.5268435
5627,5.627,0.35142633,4.5284905
5628,5.628,0.35601628,4.5393744
5629,5.629,0.34702474,4.545879
5630,5.63,0.36118174,4.4460435
5631,5.631,0.35657918,4.455988
5632,5.632,0.35086128,4.486393
5633,5.633,0.34359005,4.4783397
5634,5.634,0.34767818,4.4664927
5635,5.635,0.33476344,4.4468846
5636,5.636,0.33147252,4.452023
5637,5.637,0.32691544,4.4330587
5638,5.638,0.32015476,4.41319
5639,5.639,0.32758006,4.4516196
5640,5.64,0.32051706,4.4481363
5641,5.641,0.31887385,4.4317923
5642,5.642,0.31461576,4.4465485
5643,5.643,0.3306053,4.4494576
5644,5.644,0.3399883,4.455835
5645,5.645,0.33200985,4.3951225
5646,5.646,0.33456844,4.4416103
5647,5.647,0.33566296,4.4735312
5648,5.648,0.33517617,4.449061
5649,5.649,0.34072733,4.434916
5650,5.65,0.32779086,4.4389462
5651,5.651,0.3326342,4.4371023
5652,5.652,0.3237451,4.436877
5653,5.653,0.3103389,4.450194
5654,5.654,0.31747672,4.382723
5655,5.655,0.31390804,4.401905
5656,5.656,0.33286107,4.3787374
5657,5.657,0.32642552,4.342339
5658,5.658,0.3182183,4.3679843
5659,5.659,0.3186936,4.3554997
5660,5.66,0.34281555,4.354392
5661,5.661,0.3333795,4.3839536
5662,5.662,0.31612098,4.381962
5663,5.663,0.31937897,4.4100866
5664,5.664,0.31252256,4.4223614
5665,5.665,0.3162599,4.4276853
5666,5.666,0.32567444,4.4264097
5667,5.667,0.31854504,4.4598107
5668,5.668,0.3170537,4.4691844
5669,5.669,0.3156368,4.472111
5670,5.67,0.30073494,4.45006
5671,5.671,0.30923662,4.4545946
5672,5.672,0.3228027,4.4405107
5673,5.673,0.3255896,4.404859
5674,5.674,0.33798316,4.4068065
5675,5.675,0.3234282,4.356834
5676,5.676,0.33883697,4.3960156
5677,5.677,0.33738598,4.4004717
5678,5.678,0.3370941,4.4112444
5679,5.679,0.3422457,4.4578776
5680,5.68,0.33226964,4.435247
5681,5.681,0.34020206,4.472617
5682,5.682,0.3452931,4.4989185
5683,5.683,0.3615811,4.397379
5684,5.684,0.35945717,4.470009
5685,5.685,0.3463714,4.439204
5686,5.686,0.36013862,4.468591
5687,5.687,0.35567957,4.476124
5688,5.688,0.34999207,4.4199843
5689,5.689,0.33927846,4.437986
5690,5.69,0.3525036,4.417006
5691,5.691,0.3446747,4.376368
5692,5.692,0.34736836,4.4218197
5693,5.693,0.35362318,4.387233
5694,5.694,0.34938496,4.398766
5695,5.695,0.34785867,4.4578037
5696,5.696,0.33743018,4.4237103
5697,5.697,0.34167948,4.4171023
5698,5.698,0.34722105,4.4377036
5699,5.699,0.34941274,4.473753
5700,5.7,0.34257302,4.463683
5701,5.701,0.3413493,4.5472465
5702,5.702,0.34240863,4.492101
5703,5.703,0.3401258,4.5185714
5704,5.704,0.3492011,4.472392
5705,5.705,0.35100952,4.495543
5706,5.706,0.35268098,4.482834
5707,5.707,0.37364924,4.466139
5708,5.708,0.36874005,4.499557
5709,5.709,0.36015338,4.500038
5710,5.71,0.35095778,4.4766955
5711,5.711,0.34634054,4.4548187
5712,5.712,0.34935305,4.4724665
5713,5.713,0.3606262,4.4580026
5714,5.714,0.35935247,4.467378
5715,5.715,0.35448188,4.509851
5716,5.716,0.37087375,4.4767685
5717,5.717,0.34625474,4.462699
5718,5.718,0.34727183,4.466716
5719,5.719,0.3426781,4.425925
5720,5.72,0.3424797,4.4501634
5721,5.721,0.34023708,4.4992695
5722,5.722,0.33616987,4.540031
5723,5.723,0.33968538,4.548037
5724,5.724,0.34605688,4.5121336
5725,5.725,0.34912813,4.5305123
5726,5.726,0.35651094,4.5421553
5727,5.727,0.35050526,4.5444365
5728,5.728,0.35015205,4.5778675
5729,5.729,0.35678497,4.502295
5730,5.73,0.34767553,4.454982
5731,5.731,0.34162924,4.4574304
5732,5.732,0.3312224,4.507827
5733,5.733,0.34128377,4.495745
5734,5.734,0.3321515,4.454359
5735,5.735,0.33433738,4.4942327
5736,5.736,0.33227783,4.459918
5737,5.737,0.33694285,4.4672422
5738,5.738,0.33058536,4.4779515
5739,5.739,0.32032242,4.4756365
5740,5.74,0.32182106,4.4347806
5741,5.741,0.3142163,4.446453
5742,5.742,0.3217133,4.440137
5743,5.743,0.3339212,4.4226265
5744,5.744,0.33956146,4.4027314
5745,5.745,0.34809572,4.4439645
5746,5.746,0.3462748,4.40115
5747,5.747,0.3583484,4.457555
5748,5.748,0.3578148,4.458001
5749,5.749,0.35583085,4.4588375
5750,5.75,0.35783738,4.465809
5751,5.751,0.37807965,4.512248
5752,5.752,0.35012695,4.50077
5753,5.753,0.35239258,4.5270514
5754,5.754,0.34879535,4.5398407
5755,5.755,0.35659894,4.523451
5756,5.756,0.3736477,4.531413
5757,5.757,0.3549959,4.4930677
5758,5.758,0.36818394,4.499637
5759,5.759,0.36201736,4.476803
5760,5.76,0.35472277,4.479143
5761,5.761,0.3610201,4.4776416
5762,5.762,0.35344645,4.52882
5763,5.763,0.34307778,4.5343695
5764,5.764,0.33995393,4.50618
5765,5.765,0.33808693,4.5409236
5766,5.766,0.3501644,4.5137186
5767,5.767,0.35322595,4.5349207
5768,5.768,0.36056638,4.5317154
5769,5.769,0.3624238,4.542913
5770,5.77,0.35359395,4.512397
5771,5.771,0.3291721,4.5258455
5772,5.772,0.32708973,4.535723
5773,5.773,0.3210628,4.546034
5774,5.774,0.33453667,4.546971
5775,5.775,0.33160326,4.4935
5776,5.776,0.3362436,4.5018463
5777,5.777,0.3377606,4.4790015
5778,5.778,0.33595297,4.4990616
5779,5.779,0.32940608,4.4846253
5780,5.78,0.33241156,4.491004
5781,5.781,0.32440284,4.5013404
5782,5.782,0.34018832,4.4947743
5783,5.783,0.32942468,4.4309177
5784,5.784,0.34101117,4.51281
5785,5.785,0.3294833,4.5290422
5786,5.786,0.3310756,4.5588956
5787,5.787,0.33680782,4.553289
5788,5.788,0.35387936,4.595542
5789,5.789,0.35396984,4.6119757
5790,5.79,0.35838258,4.639649
5791,5.791,0.36338958,4.6053286
5792,5.792,0.3594837,4.591143
5793,5.793,0.34420922,4.5749545
5794,5.794,0.34018186,4.5325456
5795,5.795,0.32954836,4.4782925
5796,5.796,0.3248912,4.502568
5797,5.797,0.3459428,4.5682373
5798,5.798,0.3369257,4.593788
5799,5.799,0.34221548,4.5832963
5800,5.8,0.3539963,4.556721
5801,5.801,0.35593802,4.5796876
5802,5.802,0.33879822,4.532086
5803,5.803,0.33420253,4.5864563
5804,5.804,0.35283828,4.5183606
5805,5.805,0.34210247,4.521603
5806,5.806,0.33374912,4.492456
5807,5.807,0.32920513,4.5032907
5808,5.808,0.3445179,4.462807
5809,5.809,0.33310616,4.468349
5810,5.81,0.33655974,4.5078816
5811,5.811,0.32902423,4.547222
5812,5.812,0.3199355,4.56626
5813,5.813,0.31215784,4.5886073
5814,5.814,0.31204504,4.589584
5815,5.815,0.31242085,4.5434847
5816,5.816,0.30513617,4.530816
5817,5.817,0.30804166,4.5126805
5818,5.818,0.32456458,4.528991
5819,5.819,0.3162398,4.5254087
5820,5.82,0.3224675,4.509286
5821,5.821,0.3289292,4.5204678
5822,5.822,0.34094185,4.414623
5823,5.823,0.3291874,4.4494014
5824,5.824,0.34569946,4.3873444
5825,5.825,0.36396807,4.4525385
5826,5.826,0.36798236,4.463026
5827,5.827,0.37894347,4.491934
5828,5.828,0.3740359,4.5339146
5829,5.829,0.36692283,4.495978
5830,5.83,0.37192997,4.4792066
5831,5.831,0.37307385,4.4945316
5832,5.832,0.37965995,4.53322
5833,5.833,0.37089574,4.536723
5834,5.834,0.36914515,4.521815
5835,5.835,0.38636678,4.5443606
5836,5.836,0.36875948,4.572926
5837,5.837,0.37441215,4.6214876
5838,5.838,0.36376396,4.6190443
5839,5.839,0.36686358,4.606391
5840,5.84,0.3792025,4.592012
5841,5.841,0.38740295,4.6294937
5842,5.842,0.38539603,4.59768
5843,5.843,0.38162225,4.6006
5844,5.844,0.3834654,4.647961
5845,5.845,0.36386785,4.594952
5846,5.846,0.36644897,4.6054983
5847,5.847,0.36442134,4.595543
5848,5.848,0.35337433,4.6117373
5849,5.849,0.35290918,4.5767474
5850,5.85,0.352198,4.610997
5851,5.851,0.35976624,4.6008124
5852,5.852,0.3737385,4.5832596
5853,5.853,0.38349795,4.563144
5854,5.854,0.37843615,4.5578623
5855,5.855,0.36650544,4.5599174
5856,5.856,0.35975823,4.5374603
5857,5.857,0.36635578,4.5300345
5858,5.858,0.35737222,4.573386
5859,5.859,0.37078992,4.5064406
5860,5.86,0.3818636,4.5016594
5861,5.861,0.37859556,4.5352316
5862,5.862,0.36904982,4.541917
5863,5.863,0.3874762,4.503939
5864,5.864,0.3828996,4.551986
5865,5.865,0.38280433,4.5314584
5866,5.866,0.3734591,4.501271
5867,5.867,0.36019012,4.543264
5868,5.868,0.3549378,4.5009747
5869,5.869,0.36574534,4.5304728
5870,5.87,0.37117147,4.509439
5871,5.871,0.38093525,4.5431314
5872,5.872,0.37946564,4.5021477
5873,5.873,0.361091,4.521664
5874,5.874,0.3680965,4.5190415
5875,5.875,0.3596737,4.5016375
5876,5.876,0.34557888,4.491555
5877,5.877,0.35468236,4.464703
5878,5.878,0.35935152,4.48595
5879,5.879,0.36947256,4.5003257
5880,5.88,0.35994565,4.486736
5881,5.881,0.35698044,4.4947877
5882,5.882,0.3690827,4.4943247
5883,5.883,0.36651823,4.548417
5884,5.884,0.37374544,4.472232
5885,5.885,0.38724658,4.485678
5886,5.886,0.39250112,4.5404606
5887,5.887,0.39301133,4.557362
5888,5.888,0.4025108,4.492581
5889,5.889,0.4049785,4.4872494
5890,5.89,0.41213012,4.5389023
5891,5.891,0.39990413,4.49956
5892,5.892,0.40653345,4.4696856
5893,5.893,0.40311816,4.471151
5894,5.894,0.41471204,4.4868846
5895,5.895,0.40049326,4.480411
5896,5.896,0.39403605,4.4747796
5897,5.897,0.38975534,4.5134077
5898,5.898,0.38574365,4.4703507
5899,5.899,0.38634416,4.4916983
5900,5.9,0.38884807,4.479951
5901,5.901,0.400485,4.4949775
5902,5.902,0.38959825,4.471903
5903,5.903,0.37936482,4.423107
5904,5.904,0.38682514,4.4869018
5905,5.905,0.3780945,4.484994
5906,5.906,0.37159634,4.483173
5907,5.907,0.3875605,4.506939
5908,5.908,0.39511564,4.483764
5909,5.909,0.3908661,4.4684043
5910,5.91,0.39352658,4.4882207
5911,5.911,0.4057325,4.4651136
5912,5.912,0.38701084,4.4506445
5913,5.913,0.3862764,4.4894195
5914,5.914,0.36630794,4.4949884
5915,5.915,0.37614405,4.5591397
5916,5.916,0.40913698,4.545526
5917,5.917,0.40875056,4.4911375
5918,5.918,0.3891069,4.500912
5919,5.919,0.39654937,4.4797997
5920,5.92,0.401791,4.474177
5921,5.921,0.41963357,4.449506
5922,5.922,0.42428854,4.434559
5923,5.923,0.43206316,4.4279056
5924,5.924,0.43452573,4.4479737
5925,5.925,0.44058973,4.4772105
5926,5.926,0.45787576,4.4846773
5927,5.927,0.45472237,4.478469
5928,5.928,0.44517088,4.4460034
5929,5.929,0.45032313,4.4192276
5930,5.93,0.450994,4.452193
5931,5.931,0.43808618,4.545291
5932,5.932,0.43961397,4.518637
5933,5.933,0.4322016,4.4988365
5934,5.934,0.4541738,4.5469666
5935,5.935,0.43999204,4.520872
5936,5.936,0.44254607,4.498961
5937,5.937,0.44417328,4.508165
5938,5.938,0.4305514,4.507421
5939,5.939,0.43361628,4.511627
5940,5.94,0.42894986,4.5230813
5941,5.941,0.43463174,4.538367
5942,5.942,0.4503737,4.5276194
5943,5.943,0.4365148,4.5385385
5944,5.944,0.42793646,4.511803
5945,5.945,0.43834838,4.5460367
5946,5.946,0.4333376,4.563192
5947,5.947,0.40894908,4.5328903
5948,5.948,0.41740653,4.5477595
5949,5.949,0.41092536,4.5365415
5950,5.95,0.40358043,4.5595684
5951,5.951,0.3913386,4.5491295
5952,5.952,0.3965819,4.5592327
5953,5.953,0.3916275,4.58084
5954,5.954,0.39422113,4.599575
5955,5.955,0.4105394,4.608724
5956,5.956,0.42967218,4.6514344
5957,5.957,0.41837108,4.617828
5958,5.958,0.42491472,4.630442
5959,5.959,0.41697872,4.5755143
5960,5.96,0.40775177,4.547579
5961,5.961,0.4195199,4.5891953
5962,5.962,0.42425665,4.60444
5963,5.963,0.41747022,4.5694413
5964,5.964,0.43046683,4.5277977
5965,5.965,0.4437529,4.5640287
5966,5.966,0.45225424,4.5849605
5967,5.967,0.44187766,4.569835
5968,5.968,0.42297578,4.58562
5969,5.969,0.4086472,4.5150933
5970,5.97,0.41033405,4.5474133
5971,5.971,0.4144494,4.5952687
5972,5.972,0.4158069,4.552483
5973,5.973,0.41110972,4.5710196
5974,5.974,0.40966472,4.562976
5975,5.975,0.4047981,4.549459
5976,5.976,0.40947124,4.535803
5977,5.977,0.39507908,4.573268
5978,5.978,0.39957115,4.584339
5979,5.979,0.3982834,4.573474
5980,5.98,0.40189487,4.565209
5981,5.981,0.3900585,4.5670714
5982,5.982,0.40423524,4.568693
5983,5.983,0.3876237,4.5368586
5984,5.984,0.38259774,4.568168
5985,5.985,0.3742224,4.585679
5986,5.986,0.37785456,4.549595
5987,5.987,0.38325962,4.5517344
5988,5.988,0.39001566,4.624088
5989,5.989,0.3843654,4.6094885
5990,5.99,0.38052157,4.638884
5991,5.991,0.38771898,4.6016703
5992,5.992,0.37487853,4.5888343
5993,5.993,0.3816026,4.608097
5994,5.994,0.39493728,4.5585265
5995,5.995,0.39674786,4.5911803
5996,5.996,0.39757082,4.619558
5997,5.997,0.40555367,4.6371317
5998,5.998,0.40032783,4.6071568
5999,5.999,0.40388924,4.594344
6000,6.0,0.41069898,4.6246076
6001,6.001,0.4109594,4.6141343
6002,6.002,0.43789747,4.631933
6003,6.003,0.42762572,4.6370864
6004,6.004,0.42345718,4.6143575
6005,6.005,0.42195967,4.601486
6006,6.006,0.409963,4.6311917
6007,6.007,0.41158828,4.576616
6008,6.008,0.40976727,4.6319304
6009,6.009,0.4176243,4.588009
6010,6.01,0.4208517,4.61107
6011,6.011,0.41909894,4.6157312
6012,6.012,0.4435808,4.5947266
6013,6.013,0.41213098,4.6035953
6014,6.014,0.41592935,4.6182685
6015,6.015,0.43049502,4.6207566
6016,6.016,0.41791162,4.591058
6017,6.017,0.44197613,4.5753713
6018,6.018,0.42280096,4.570842
6019,6.019,0.41303104,4.58617
6020,6.02,0.406652,4.6060023
6021,6.021,0.39715862,4.5754204
6022,6.022,0.38536617,4.5789313
6023,6.023,0.39698422,4.6273046
6024,6.024,0.4078194,4.6191516
6025,6.025,0.40477636,4.6208663
6026,6.026,0.39435044,4.6088114
6027,6.027,0.40577197,4.584254
6028,6.028,0.41789946,4.642031
6029,6.029,0.4169004,4.6405487
6030,6.03,0.40392116,4.63904
6031,6.031,0.4067809,4.6246495
6032,6.032,0.41316298,4.6233892
6033,6.033,0.4117844,4.5916104
6034,6.034,0.42597234,4.5981927
6035,6.035,0.42055935,4.55608
6036,6.036,0.41594058,4.610538
6037,6.037,0.4061164,4.5484514
6038,6.038,0.40736914,4.5828705
6039,6.039,0.40448597,4.616564
6040,6.04,0.38432735,4.633993
6041,6.041,0.40258962,4.649598
6042,6.042,0.38798097,4.6160316
6043,6.043,0.38109985,4.636744
6044,6.044,0.39615214,4.6579638
6045,6.045,0.3889696,4.651381
6046,6.046,0.37817532,4.62493
6047,6.047,0.38360313,4.624973
6048,6.048,0.39330047,4.636052
6049,6.049,0.38311028,4.6203475
6050,6.05,0.38654265,4.606314
6051,6.051,0.40811363,4.6229763
6052,6.052,0.4226783,4.6569395
6053,6.053,0.42077205,4.6503525
6054,6.054,0.42539677,4.644222
6055,6.055,0.4152639,4.64266
6056,6.056,0.40949482,4.625396
6057,6.057,0.39523497,4.6662326
6058,6.058,0.39372674,4.646691
6059,6.059,0.40087968,4.6283154
6060,6.06,0.39703766,4.6352453
6061,6.061,0.39127904,4.6491904
6062,6.062,0.40423524,4.6124773
6063,6.063,0.41214544,4.596795
6064,6.064,0.4020434,4.609938
6065,6.065,0.40274864,4.6180778
6066,6.066,0.40536025,4.6108246
6067,6.067,0.4223701,4.561841
6068,6.068,0.40755752,4.5829873
6069,6.069,0.3982445,4.655922
6070,6.07,0.3935702,4.629219
6071,6.071,0.38268867,4.5991306
6072,6.072,0.3839566,4.607265
6073,6.073,0.38318902,4.6134953
6074,6.074,0.3994748,4.636296
6075,6.075,0.39827818,4.599742
6076,6.076,0.38831154,4.657065
6077,6.077,0.39194617,4.6853843
6078,6.078,0.37310806,4.6637897
6079,6.079,0.38408485,4.69062
6080,6.08,0.38391265,4.6200724
6081,6.081,0.38341293,4.6028132
6082,6.082,0.37614545,4.606303
6083,6.083,0.39341497,4.6701283
6084,6.084,0.37608075,4.631433
6085,6.085,0.37518275,4.6455812
6086,6.086,0.37156913,4.648228
6087,6.087,0.37401566,4.613836
6088,6.088,0.37418625,4.665901
6089,6.089,0.37804985,4.631303
6090,6.09,0.38133198,4.6246853
6091,6.091,0.37202615,4.6439877
6092,6.092,0.37769178,4.6592116
6093,6.093,0.37155762,4.6484013
6094,6.094,0.38112196,4.6628113
6095,6.095,0.36833337,4.6712933
6096,6.096,0.3846065,4.661436
6097,6.097,0.3783833,4.616277
6098,6.098,0.38238677,4.6250296
6099,6.099,0.392411,4.5993285
6100,6.1,0.40047637,4.6517124
6101,6.101,0.3855292,4.63786
6102,6.102,0.3912532,4.630257
6103,6.103,0.37331933,4.711422
6104,6.104,0.37943292,4.715887
6105,6.105,0.36751965,4.66701
6106,6.106,0.36539197,4.6738396
6107,6.107,0.37334114,4.7041206
6108,6.108,0.37118003,4.680741
6109,6.109,0.3701832,4.6955233
6110,6.11,0.3773188,4.6274076
6111,6.111,0.36619022,4.6288958
6112,6.112,0.371694,4.6064806
6113,6.113,0.37146845,4.652823
6114,6.114,0.3658054,4.618922
6115,6.115,0.36400142,4.643138
6116,6.116,0.3686433,4.6615615
6117,6.117,0.36643258,4.6448154
6118,6.118,0.3902404,4.584177
6119,6.119,0.38407716,4.5872736
6120,6.12,0.38933572,4.614999
6121,6.121,0.37748972,4.6016283
6122,6.122,0.39261568,4.601171
6123,6.123,0.3947685,4.6165457
6124,6.124,0.41079313,4.632832
6125,6.125,0.39409855,4.6282835
6126,6.126,0.37970242,4.6178756
6127,6.127,0.39778432,4.607564
6128,6.128,0.38675717,4.613685
6129,6.129,0.3900742,4.5847263
6130,6.13,0.3922311,4.590972
6131,6.131,0.38490832,4.6052265
6132,6.132,0.3846361,4.5758457
6133,6.133,0.37162244,4.603503
6134,6.134,0.36206606,4.5822535
6135,6.135,0.36611778,4.623921
6136,6.136,0.37437817,4.5955343
6137,6.137,0.37960303,4.6214147
6138,6.138,0.37091818,4.5494
6139,6.139,0.38653234,4.6017923
6140,6.14,0.3809436,4.5969234
6141,6.141,0.38334948,4.578353
6142,6.142,0.38021174,4.595243
6143,6.143,0.3661083,4.8485885
6144,6.144,0.36532155,4.833313
6145,6.145,0.39193907,4.764492
6146,6.146,0.38840917,4.7346144
6147,6.147,0.3871409,4.760139
6148,6.148,0.37468234,4.7399216
6149,6.149,0.3607672,4.8680186
6150,6.15,0.35737917,4.9095893
6151,6.151,0.3585485,4.9548593
6152,6.152,0.36223796,5.0477805
6153,6.153,0.36627436,5.151357
6154,6.154,0.39192435,5.152497
6155,6.155,0.40873995,5.1921086
6156,6.156,0.41512245,5.1595607
6157,6.157,0.3987529,5.0972805
6158,6.158,0.42124978,4.9000134
6159,6.159,0.41443643,4.7326436
6160,6.16,0.4156894,4.793813
6161,6.161,0.424046,4.8509135
6162,6.162,0.4211768,4.770996
6163,6.163,0.40876374,4.7709594
6164,6.164,0.40286833,4.755793
6165,6.165,0.40241787,4.7739973
6166,6.166,0.40191242,4.7260885
6167,6.167,0.3958785,4.7684174
6168,6.168,0.39541483,4.843896
6169,6.169,0.39118272,4.751836
6170,6.17,0.42474532,4.7986236
6171,6.171,0.42541593,4.656463
6172,6.172,0.39986947,4.5889487
6173,6.173,0.3974606,4.7702103
6174,6.174,0.40037113,4.7014213
6175,6.175,0.40731308,4.813801
6176,6.176,0.42575437,4.848934
6177,6.177,0.42589077,4.855138
6178,6.178,0.4111883,4.943896
6179,6.179,0.4135552,4.9230847
6180,6.18,0.42898396,4.970089
6181,6.181,0.43272614,4.9562783
6182,6.182,0.42936924,4.973817
6183,6.183,0.42295596,5.032777
6184,6.184,0.41918415,5.074708
6185,6.185,0.41376898,5.095459
6186,6.186,0.4164905,5.1987486
6187,6.187,0.41193625,5.1402974
6188,6.188,0.40435305,4.908704
6189,6.189,0.40026993,4.9553227
6190,6.19,0.41617274,4.8613887
6191,6.191,0.39966545,4.787915
6192,6.192,0.41567594,4.7415895
6193,6.193,0.4268997,4.7652273
6194,6.194,0.4422823,4.6394033
6195,6.195,0.4375515,4.662125
6196,6.196,0.44192055,4.7646847
6197,6.197,0.44653258,4.707499
6198,6.198,0.4480852,4.6833553
6199,6.199,0.44586638,4.558695
6200,6.2,0.44050446,4.6464853
6201,6.201,0.43873864,4.6668925
6202,6.202,0.44214913,4.791717
6203,6.203,0.44484383,4.7531495
6204,6.204,0.44177786,4.6935916
6205,6.205,0.44898543,4.6440086
6206,6.206,0.44977206,4.736716
6207,6.207,0.4588771,4.7471485
6208,6.208,0.43238944,4.8743134
6209,6.209,0.4422291,4.9319296
6210,6.21,0.4389545,4.970132
6211,6.211,0.45001447,4.865697
6212,6.212,0.4408393,4.9116716
6213,6.213,0.44350666,4.95508
6214,6.214,0.4420946,4.811806
6215,6.215,0.44681686,4.6605496
6216,6.216,0.44518968,4.5919924
6217,6.217,0.44955418,4.6103697
6218,6.218,0.44643873,4.5816884
6219,6.219,0.44059485,4.539583
6220,6.22,0.42005262,4.458247
6221,6.221,0.43661818,4.4312277
6222,6.222,0.43026432,4.453593
6223,6.223,0.4198437,4.428348
6224,6.224,0.4237148,4.4674754
6225,6.225,0.43669325,4.4874897
6226,6.226,0.42203814,4.479576
6227,6.227,0.41212156,4.5517936
6228,6.228,0.40597376,4.432521
6229,6.229,0.39289954,4.545003
6230,6.23,0.40497336,4.532129
6231,6.231,0.3885715,4.6127334
6232,6.232,0.38122478,4.5974817
6233,6.233,0.3781998,4.5391536
6234,6.234,0.39784127,4.5469995
6235,6.235,0.408295,4.5609293
6236,6.236,0.40913785,4.3971953
6237,6.237,0.42242706,4.600911
6238,6.238,0.4021929,4.7066073
6239,6.239,0.42008576,4.539161
6240,6.24,0.43119088,4.420358
6241,6.241,0.41734752,4.4618373
6242,6.242,0.40718025,4.424603
6243,6.243,0.40981692,4.414996
6244,6.244,0.41067508,4.437654
6245,6.245,0.41761917,4.368117
6246,6.246,0.41142142,4.398099
6247,6.247,0.3945616,4.4045997
6248,6.248,0.39880925,4.4602423
6249,6.249,0.38473436,4.388424
6250,6.25,0.38815165,4.51019
6251,6.251,0.38138258,4.4916043
6252,6.252,0.37947237,4.560157
6253,6.253,0.36961302,4.562224
6254,6.254,0.37087235,4.699975
6255,6.255,0.3747854,4.531968
6256,6.256,0.35651127,4.4857926
6257,6.257,0.35971853,4.42342
6258,6.258,0.35604647,4.4862165
6259,6.259,0.35022977,4.4626813
6260,6.26,0.36629152,4.522347
6261,6.261,0.36766917,4.5289884
6262,6.262,0.38235202,4.554933
6263,6.263,0.38766813,4.59242
6264,6.264,0.38109285,4.536747
6265,6.265,0.38006258,4.5968013
6266,6.266,0.36635655,4.6732216
6267,6.267,0.36079666,4.5563636
6268,6.268,0.35992575,4.538035
6269,6.269,0.38238513,4.5631623
6270,6.27,0.38808626,4.616472
6271,6.271,0.4077502,4.5444193
6272,6.272,0.41748738,4.552923
6273,6.273,0.42248178,4.258739
6274,6.274,0.4305513,4.5411005
6275,6.275,0.4352588,4.5190377
6276,6.276,0.43321115,4.5945673
6277,6.277,0.45444915,4.570543
6278,6.278,0.4447929,4.576485
6279,6.279,0.4376737,4.5299163
6280,6.28,0.43731856,4.5465593
6281,6.281,0.4335295,4.57299
6282,6.282,0.41762304,4.607704
6283,6.283,0.42462283,4.6163464
6284,6.284,0.43007284,4.5696063
6285,6.285,0.43759882,4.5513783
6286,6.286,0.43944418,4.6050105
6287,6.287,0.4506449,4.541791
6288,6.288,0.44271347,4.3214655
6289,6.289,0.43465647,4.2987847
6290,6.29,0.4272421,4.297445
6291,6.291,0.44551235,4.2578096
6292,6.292,0.4446473,4.465628
6293,6.293,0.4473974,4.5662475
6294,6.294,0.45613703,4.605662
6295,6.295,0.44812468,4.4979677
6296,6.296,0.45130777,4.4643083
6297,6.297,0.44845602,4.3912773
6298,6.298,0.44896713,4.3805904
6299,6.299,0.4656494,4.357779
6300,6.3,0.46122643,4.3361297
6301,6.301,0.4511433,4.354767
6302,6.302,0.4483472,4.3918924
6303,6.303,0.4492238,4.5072227
6304,6.304,0.45207834,4.369267
6305,6.305,0.45457897,4.367522
6306,6.306,0.45420882,4.3264003
6307,6.307,0.4394084,4.312295
6308,6.308,0.44809592,4.240899
6309,6.309,0.45499912,4.230862
6310,6.31,0.45120174,4.2066803
6311,6.311,0.4505922,4.205848
6312,6.312,0.43185255,4.222101
6313,6.313,0.42424685,4.2124233
6314,6.314,0.43204108,4.100049
6315,6.315,0.41694835,4.0662737
6316,6.316,0.4094636,4.028309
6317,6.317,0.41798466,3.9166257
6318,6.318,0.41427547,4.1015673
6319,6.319,0.42592132,4.0943885
6320,6.32,0.43201044,4.113865
6321,6.321,0.42299953,4.075455
6322,6.322,0.42068207,4.128562
6323,6.323,0.42687574,4.04619
6324,6.324,0.43002608,3.9829497
6325,6.325,0.41371548,3.8701882
6326,6.326,0.42186746,3.8832734
6327,6.327,0.40507585,3.834777
6328,6.328,0.4012544,3.9671772
6329,6.329,0.40239432,3.8138223
6330,6.33,0.40447927,3.7833266
6331,6.331,0.4072644,3.8168452
6332,6.332,0.41032532,3.9088502
6333,6.333,0.4105809,3.8889568
6334,6.334,0.43009096,3.8325849
6335,6.335,0.42018098,3.7515092
6336,6.336,0.42790502,4.5848665
6337,6.337,0.41761294,3.7864895
6338,6.338,0.42861867,3.9292872
6339,6.339,0.43165347,3.9070027
6340,6.34,0.4331814,3.8532937
6341,6.341,0.43721375,3.9056463
6342,6.342,0.4321061,3.8048732
6343,6.343,0.4281748,3.811176
6344,6.344,0.4194838,3.8649292
6345,6.345,0.43432575,3.8828921
6346,6.346,0.42519918,3.9055123
6347,6.347,0.42783815,3.7525256
6348,6.348,0.42462337,3.825455
6349,6.349,0.41699243,3.8806796
6350,6.35,0.42280462,3.8236954
6351,6.351,0.44707084,3.8881652
6352,6.352,0.43895832,3.9401298
6353,6.353,0.4420815,3.841195
6354,6.354,0.42549554,3.7731397
6355,6.355,0.42628103,3.9427843
6356,6.356,0.42745253,4.0379777
6357,6.357,0.41621536,4.007207
6358,6.358,0.42015883,3.9209423
6359,6.359,0.41350824,3.9432378
6360,6.36,0.4070624,3.9321995
6361,6.361,0.40906453,3.951713
6362,6.362,0.42532912,4.0033536
6363,6.363,0.43222687,4.0051107
6364,6.364,0.41713268,3.9682057
6365,6.365,0.4126424,3.9264376
6366,6.366,0.41134924,3.765644
6367,6.367,0.43434212,3.8709788
6368,6.368,0.4248497,3.9194355
6369,6.369,0.42396706,3.9045062
6370,6.37,0.4109687,3.8780825
6371,6.371,0.39711756,3.922797
6372,6.372,0.4006879,3.806332
6373,6.373,0.39517283,3.8506057
6374,6.374,0.40779683,3.6532924
6375,6.375,0.41933593,3.6915488
6376,6.376,0.41910335,3.7969024
6377,6.377,0.42818412,3.9408116
6378,6.378,0.42749298,3.9581819
6379,6.379,0.43988404,3.971953
6380,6.38,0.42758504,3.8821743
6381,6.381,0.42815265,3.8316402
6382,6.382,0.42761233,3.7087715
6383,6.383,0.42457846,3.5975637
6384,6.384,0.41822034,3.5618405
6385,6.385,0.41092438,3.4518986
6386,6.386,0.41519442,3.4771998
6387,6.387,0.42548767,3.4228246
6388,6.388,0.42942405,3.619424
6389,6.389,0.43675333,3.5673556
6390,6.39,0.42287806,3.5087662
6391,6.391,0.41494542,3.504909
6392,6.392,0.4279358,3.5790622
6393,6.393,0.42127985,3.534472
6394,6.394,0.4234277,3.4374104
6395,6.395,0.41783488,3.6057584
6396,6.396,0.42411727,3.5366144
6397,6.397,0.4302916,4.686305
6398,6.398,0.441717,4.6855717
6399,6.399,0.43676022,4.6754622
6400,6.4,0.43221763,3.385976
6401,6.401,0.42329472,3.4843547
6402,6.402,0.41981035,3.5971222
6403,6.403,0.4204047,3.6743667
6404,6.404,0.4253268,3.7953377
6405,6.405,0.43104193,3.7973504
6406,6.406,0.4157307,3.666128
6407,6.407,0.40198374,3.6456165
6408,6.408,0.40352973,3.5067832
6409,6.409,0.3939319,3.52896
6410,6.41,0.39271018,3.456163
6411,6.411,0.40050927,3.4219625
6412,6.412,0.4012122,3.5413857
6413,6.413,0.4063941,3.5281012
6414,6.414,0.40908346,3.502382
6415,6.415,0.40497822,3.4355125
6416,6.416,0.40312892,3.3533287
6417,6.417,0.40552604,3.3234177
6418,6.418,0.39727983,3.356305
6419,6.419,0.40151834,3.3379602
6420,6.42,0.4126172,3.4072802
6421,6.421,0.4028359,3.4431112
6422,6.422,0.3963673,3.441756
6423,6.423,0.4032069,3.3159945
6424,6.424,0.40227178,3.281188
6425,6.425,0.41025868,3.3149095
6426,6.426,0.4227189,3.4691112
6427,6.427,0.41314983,4.6578813
6428,6.428,0.41501606,4.6532383
6429,6.429,0.4224325,4.704205
6430,6.43,0.42445567,3.6261222
6431,6.431,0.40564874,4.6140656
6432,6.432,0.39253616,4.6480083
6433,6.433,0.39159724,4.6494956
6434,6.434,0.3963282,4.666744
6435,6.435,0.39618644,4.6748867
6436,6.436,0.41409615,4.62771
6437,6.437,0.39230007,4.646655
6438,6.438,0.39693108,4.616674
6439,6.439,0.40494683,4.6545157
6440,6.44,0.39746803,4.65953
6441,6.441,0.40687937,4.628811
6442,6.442,0.39784724,4.650441
6443,6.443,0.39841038,4.6069536
6444,6.444,0.3993023,4.6058855
6445,6.445,0.40312204,4.641732
6446,6.446,0.4055574,4.63824
6447,6.447,0.4115675,4.6220675
6448,6.448,0.401978,4.613872
6449,6.449,0.4126137,4.607247
6450,6.45,0.40921792,4.6287937
6451,6.451,0.4073145,4.6304665
6452,6.452,0.39773288,4.634836
6453,6.453,0.39111933,2.9793181
6454,6.454,0.39152122,4.6213613
6455,6.455,0.39701056,4.6500463
6456,6.456,0.4023189,4.598307
6457,6.457,0.39754596,4.6449375
6458,6.458,0.38349977,4.628135
6459,6.459,0.39319834,4.63136
6460,6.46,0.38312384,3.0844772
6461,6.461,0.3881296,3.193611
6462,6.462,0.39141655,3.1726632
6463,6.463,0.3817546,3.1837857
6464,6.464,0.39351293,3.140198
6465,6.465,0.40989336,3.2145398
6466,6.466,0.41411862,3.234455
6467,6.467,0.41412222,2.981257
6468,6.468,0.4121203,2.8826768
6469,6.469,0.40559986,2.8724067
6470,6.47,0.40157416,3.0599234
6471,6.471,0.41381884,2.933759
6472,6.472,0.4105857,2.941602
6473,6.473,0.40043753,3.0264232
6474,6.474,0.39854816,2.9904995
6475,6.475,0.39012873,2.9275985
6476,6.476,0.40747258,2.9939978
6477,6.477,0.41757697,2.902057
6478,6.478,0.4045394,2.7327328
6479,6.479,0.42202842,2.6735308
6480,6.48,0.4224544,2.711636
6481,6.481,0.4172571,2.6386886
6482,6.482,0.41001207,2.7383034
6483,6.483,0.41609618,2.6244974
6484,6.484,0.4042983,2.6648004
6485,6.485,0.39734092,2.745922
6486,6.486,0.39663523,2.7011752
6487,6.487,0.39830938,2.557632
6488,6.488,0.4040326,2.5851696
6489,6.489,0.39683306,2.4607754
6490,6.49,0.39814058,2.5445018
6491,6.491,0.3888644,2.4662917
6492,6.492,0.39571127,2.4676409
6493,6.493,0.39511198,2.4322817
6494,6.494,0.39630517,2.3642294
6495,6.495,0.3824885,2.3072274
6496,6.496,0.38814434,2.4935536
6497,6.497,0.39987493,2.5011916
6498,6.498,0.36653572,2.5805542
6499,6.499,0.35996234,2.5862963
6500,6.5,0.3753514,2.542755
6501,6.501,0.36466488,2.495323
6502,6.502,0.38070652,2.4225821
6503,6.503,0.3828774,2.3630536
6504,6.504,0.40057766,2.332134
6505,6.505,0.4019347,2.3966706
6506,6.506,0.3954996,2.4841895
6507,6.507,0.38302684,2.4249756
6508,6.508,0.38177443,2.325018
6509,6.509,0.39217317,2.405573
6510,6.51,0.37363023,2.4010575
6511,6.511,0.39356712,2.4927337
6512,6.512,0.39202195,2.4653718
6513,6.513,0.41495198,2.3949676
6514,6.514,0.41184437,2.305291
6515,6.515,0.39447996,2.3290837
6516,6.516,0.401533,2.4016466
6517,6.517,0.40253606,2.317158
6518,6.518,0.40136313,2.3607385
6519,6.519,0.39055872,2.5090308
6520,6.52,0.40596762,2.5467293
6521,6.521,0.4047445,2.4406583
6522,6.522,0.40915552,2.4829392
6523,6.523,0.40558603,2.5209036
6524,6.524,0.40615964,2.442052
6525,6.525,0.3839965,2.4413095
6526,6.526,0.39066836,2.435778
6527,6.527,0.3894153,2.4970214
6528,6.528,0.39491943,2.429371
6529,6.529,0.38998365,2.5282073
6530,6.53,0.40332213,2.5530894
6531,6.531,0.39153555,2.5958745
6532,6.532,0.39136043,2.5885944
6533,6.533,0.3986031,2.49962
6534,6.534,0.3856804,2.4610553
6535,6.535,0.37839139,2.5131793
6536,6.536,0.3715372,2.4894378
6537,6.537,0.3646108,2.4517286
6538,6.538,0.3623345,2.3433037
6539,6.539,0.37509093,2.2703238
6540,6.54,0.39096326,2.257215
6541,6.541,0.38421842,2.1511543
6542,6.542,0.3942827,2.2746754
6543,6.543,0.38395375,2.3182454
6544,6.544,0.37699988,2.375672
6545,6.545,0.38464302,2.2687542
6546,6.546,0.36176008,2.2951765
6547,6.547,0.3526741,2.4419718
6548,6.548,0.3603387,2.4121087
6549,6.549,0.3548466,2.479983
6550,6.55,0.3799056,2.2704926
6551,6.551,0.38269576,2.336394
6552,6.552,0.35781753,2.2954097
6553,6.553,0.34965253,2.212405
6554,6.554,0.3617933,2.2195
6555,6.555,0.36703667,2.2736065
6556,6.556,0.35664758,2.2662125
6557,6.557,0.35050544,2.3301191
6558,6.558,0.3432154,2.386015
6559,6.559,0.3607071,2.4034421
6560,6.56,0.34951925,2.3397615
6561,6.561,0.33957627,2.323033
6562,6.562,0.3385033,2.3936217
6563,6.563,0.33774024,2.4043438
6564,6.564,0.33134347,2.3658109
6565,6.565,0.3196089,2.1432915
6566,6.566,0.3329314,2.090927
6567,6.567,0.3399915,2.141478
6568,6.568,0.33653572,2.2706048
6569,6.569,0.34847125,2.1369312
6570,6.57,0.33735564,2.1585476
6571,6.571,0.3268877,2.3016162
6572,6.572,0.32335782,2.1867645
6573,6.573,0.31722683,2.3033307
6574,6.574,0.29648128,2.3228521
6575,6.575,0.30202904,2.2402918
6576,6.576,0.3081803,2.3743289
6577,6.577,0.30393726,2.3742392
6578,6.578,0.3078981,2.5390682
6579,6.579,0.30608767,2.5516746
6580,6.58,0.2888911,2.5211344
6581,6.581,0.30639964,2.4889803
6582,6.582,0.2939781,2.4945555
6583,6.583,0.29998696,2.5192263
6584,6.584,0.30047825,2.4260285
6585,6.585,0.304004,2.3143632
6586,6.586,0.297289,2.2470758
6587,6.587,0.3143079,2.258683
6588,6.588,0.31570292,2.337553
6589,6.589,0.31767783,2.277359
6590,6.59,0.30509204,2.2888908
6591,6.591,0.2941823,2.5288482
6592,6.592,0.2938723,2.4874897
6593,6.593,0.30362296,2.4846942
6594,6.594,0.29968876,2.4612217
6595,6.595,0.2984513,2.502817
6596,6.596,0.29610574,2.4970863
6597,6.597,0.29691276,2.620367
6598,6.598,0.2854097,2.595181
6599,6.599,0.28351215,2.6152635
6600,6.6,0.28913006,2.6535597
6601,6.601,0.2965567,2.6437387
6602,6.602,0.3045915,2.592853
6603,6.603,0.2843618,2.6860683
6604,6.604,0.29270586,2.7197464
6605,6.605,0.288184,2.7710938
6606,6.606,0.28309166,2.824918
6607,6.607,0.29187256,2.641544
6608,6.608,0.28772834,2.5689573
6609,6.609,0.27457994,2.6146035
6610,6.61,0.26479706,2.784494
6611,6.611,0.28592342,2.8885665
6612,6.612,0.30590746,2.947974
6613,6.613,0.30499902,2.8941545
6614,6.614,0.30346683,3.0571778
6615,6.615,0.2814226,3.1829677
6616,6.616,0.29518554,3.1239426
6617,6.617,0.27180374,3.1206636
6618,6.618,0.28697285,3.2024102
6619,6.619,0.2635436,3.3452003
6620,6.62,0.2640033,3.3607478
6621,6.621,0.27646667,3.3798301
6622,6.622,0.28328863,3.3397791
6623,6.623,0.26415873,3.315788
6624,6.624,0.26374027,3.26158
6625,6.625,0.26567525,3.3787477
6626,6.626,0.2578414,3.4834406
6627,6.627,0.27744168,3.4155688
6628,6.628,0.27720743,3.3217902
6629,6.629,0.28269714,3.3739045
6630,6.63,0.2801913,4.5244265
6631,6.631,0.2687661,4.567828
6632,6.632,0.27854943,4.528578
6633,6.633,0.27555427,4.555821
6634,6.634,0.28167877,4.504263
6635,6.635,0.29084277,4.5363045
6636,6.636,0.2975294,4.5528517
6637,6.637,0.30567214,4.5374327
6638,6.638,0.30018437,4.5619607
6639,6.639,0.31304532,4.539451
6640,6.64,0.30753803,3.3980887
6641,6.641,0.30840582,4.541365
6642,6.642,0.29365036,4.565294
6643,6.643,0.2832629,4.550532
6644,6.644,0.2837479,4.541056
6645,6.645,0.28876162,4.5135646
6646,6.646,0.28197512,4.5275083
6647,6.647,0.2811867,4.5702195
6648,6.648,0.2784523,4.5811996
6649,6.649,0.27537972,4.601577
6650,6.65,0.27292252,4.5343747
6651,6.651,0.2598279,4.6556544
6652,6.652,0.27501446,4.67475
6653,6.653,0.27333984,4.655553
6654,6.654,0.28930035,4.660128
6655,6.655,0.29148972,4.583822
6656,6.656,0.2838188,4.572474
6657,6.657,0.2952566,4.5990405
6658,6.658,0.29600754,4.585616
6659,6.659,0.3024146,4.575882
6660,6.66,0.29828686,4.5462456
6661,6.661,0.30250078,4.541567
6662,6.662,0.3210468,4.5728006
6663,6.663,0.32171384,4.5695467
6664,6.664,0.32603663,4.5823073
6665,6.665,0.31934804,4.601984
6666,6.666,0.3182555,4.58921
6667,6.667,0.3192271,4.56455
6668,6.668,0.32096902,4.5439987
6669,6.669,0.31107742,4.548832
6670,6.67,0.32090977,2.8305495
6671,6.671,0.31205153,4.5626235
6672,6.672,0.3179028,4.569116
6673,6.673,0.32627463,4.5236483
6674,6.674,0.32012585,4.5348525
6675,6.675,0.33174598,4.5515833
6676,6.676,0.34385607,4.5565686
6677,6.677,0.34349686,4.607509
6678,6.678,0.34117198,4.568559
6679,6.679,0.32956922,4.5743136
6680,6.68,0.31285638,4.6046066
6681,6.681,0.32594374,4.644839
6682,6.682,0.33470732,4.6376987
6683,6.683,0.34099048,4.6390624
6684,6.684,0.33892992,4.6240253
6685,6.685,0.35926738,4.611897
6686,6.686,0.36822775,4.613532
6687,6.687,0.35621688,4.6278787
6688,6.688,0.36333773,4.612574
6689,6.689,0.37001798,4.64152
6690,6.69,0.34940332,4.5868044
6691,6.691,0.33666587,4.608178
6692,6.692,0.33785504,4.568729
6693,6.693,0.33333495,4.546202
6694,6.694,0.33797237,4.5406
6695,6.695,0.32465753,4.5052204
6696,6.696,0.33131048,2.9212863
6697,6.697,0.31173113,4.587842
6698,6.698,0.3389715,4.553761
6699,6.699,0.33821908,2.7038648
6700,6.7,0.3406922,2.6511524
6701,6.701,0.3166577,2.7472034
6702,6.702,0.31701067,2.7597768
6703,6.703,0.32600313,2.8149474
6704,6.704,0.3215167,2.714254
6705,6.705,0.30472943,2.5972214
6706,6.706,0.32119635,4.549915
6707,6.707,0.3040371,4.538446
6708,6.708,0.3189445,4.556387
6709,6.709,0.32298923,4.5451365
6710,6.71,0.34000748,4.5667715
6711,6.711,0.34570697,4.5606656
6712,6.712,0.3598713,4.567035
6713,6.713,0.3493537,4.548042
6714,6.714,0.353313,4.561009
6715,6.715,0.36714798,4.4891915
6716,6.716,0.36784598,4.5507317
6717,6.717,0.34945872,2.8192723
6718,6.718,0.35675907,4.556654
6719,6.719,0.3634166,3.0080786
6720,6.72,0.38484612,4.6026454
6721,6.721,0.36514845,4.5895653
6722,6.722,0.38065884,2.940536
6723,6.723,0.37393177,2.9799137
6724,6.724,0.36588514,3.000159
6725,6.725,0.36858812,3.0365531
6726,6.726,0.35844404,3.0393422
6727,6.727,0.34717795,2.9612906
6728,6.728,0.34150404,2.831015
6729,6.729,0.36138955,2.8924818
6730,6.73,0.3488739,2.9829369
6731,6.731,0.35301906,2.936231
6732,6.732,0.34893137,2.97359
6733,6.733,0.3684032,2.9668097
6734,6.734,0.36775264,2.9302723
6735,6.735,0.35905802,3.1126032
6736,6.736,0.34916884,3.1180143
6737,6.737,0.35400265,3.2428432
6738,6.738,0.3561862,3.2149272
6739,6.739,0.37285113,3.3247433
6740,6.74,0.38367683,3.3609338
6741,6.741,0.36148486,3.4981313
6742,6.742,0.36769512,3.5151887
6743,6.743,0.37740457,3.6574204
6744,6.744,0.37474313,3.6544116
6745,6.745,0.3649366,3.6661627
6746,6.746,0.36436155,3.5737474
6747,6.747,0.3519759,3.6118875
6748,6.748,0.34520522,3.6415548
6749,6.749,0.35515657,3.5171876
6750,6.75,0.36549065,3.5951912
6751,6.751,0.3527724,3.6049938
6752,6.752,0.3585182,3.501089
6753,6.753,0.35796982,3.458247
6754,6.754,0.36089996,3.573691
6755,6.755,0.36808693,3.609875
6756,6.756,0.37405583,3.498093
6757,6.757,0.3762221,3.4492803
6758,6.758,0.36699557,3.5062053
6759,6.759,0.37261528,3.4139884
6760,6.76,0.36729532,3.3440518
6761,6.761,0.35911676,3.3561347
6762,6.762,0.34199247,3.3725054
6763,6.763,0.3394595,3.5279844
6764,6.764,0.33963552,3.5305362
6765,6.765,0.33050528,3.5261776
6766,6.766,0.31933534,3.6402016
6767,6.767,0.33111364,3.6042163
6768,6.768,0.33347103,3.5155365
6769,6.769,0.3489723,3.5558524
6770,6.77,0.33800352,3.639564
6771,6.771,0.33722988,3.6153064
6772,6.772,0.3295001,3.5472853
6773,6.773,0.3378482,3.5948558
6774,6.774,0.33122483,3.5392988
6775,6.775,0.32068798,3.493459
6776,6.776,0.33953968,3.3662488
6777,6.777,0.3346897,3.4328783
6778,6.778,0.32752714,3.5259087
6779,6.779,0.328023,3.6295094
6780,6.78,0.32742724,3.6756327
6781,6.781,0.31307247,3.815386
6782,6.782,0.33068272,3.7735186
6783,6.783,0.33265212,3.8903775
6784,6.784,0.34129986,3.929761
6785,6.785,0.34217462,3.8914266
6786,6.786,0.3301578,3.9060652
6787,6.787,0.32430288,4.010137
6788,6.788,0.32448354,4.252678
6789,6.789,0.31761414,4.3647056
6790,6.79,0.3364926,4.2802305
6791,6.791,0.31369787,4.3420424
6792,6.792,0.31819504,4.3303823
6793,6.793,0.32770902,4.2571464
6794,6.794,0.35755092,4.1260686
6795,6.795,0.3455685,4.1721735
6796,6.796,0.3420844,4.0916104
6797,6.797,0.34968245,4.0665736
6798,6.798,0.35782737,4.1442623
6799,6.799,0.36431268,4.270189
6800,6.8,0.3648344,4.2746034
6801,6.801,0.35092896,4.28253
6802,6.802,0.3659521,4.2892957
6803,6.803,0.36268955,4.2282243
6804,6.804,0.3586755,4.195197
6805,6.805,0.35449314,4.2203007
6806,6.806,0.34723687,4.128346
6807,6.807,0.367807,4.227914
6808,6.808,0.34725052,4.306701
6809,6.809,0.33706203,4.243812
6810,6.81,0.3507705,4.188188
6811,6.811,0.34549507,4.216264
6812,6.812,0.309554,4.252029
6813,6.813,0.31830654,4.238685
6814,6.814,0.32970634,4.3049684
6815,6.815,0.33005852,4.2168264
6816,6.816,0.32879895,4.1363
6817,6.817,0.31234998,4.267035
6818,6.818,0.3259345,4.2869215
6819,6.819,0.31956586,4.2297916
6820,6.82,0.32160297,4.2869473
6821,6.821,0.3475061,4.251673
6822,6.822,0.32444224,4.261702
6823,6.823,0.31859475,4.3194327
6824,6.824,0.3064681,4.239588
6825,6.825,0.30711862,4.2905354
6826,6.826,0.29485348,4.1013713
6827,6.827,0.29827985,4.210859
6828,6.828,0.28613013,4.2358937
6829,6.829,0.27512583,4.289594
6830,6.83,0.29194602,4.248545
6831,6.831,0.29218903,4.229351
6832,6.832,0.2822857,4.1932034
6833,6.833,0.2834465,4.1549973
6834,6.834,0.27958417,4.2455564
6835,6.835,0.28262538,4.090342
6836,6.836,0.3158316,4.478003
6837,6.837,0.30756116,4.071115
6838,6.838,0.30462584,4.071292
6839,6.839,0.30720314,4.051693
6840,6.84,0.32578287,4.0716915
6841,6.841,0.32527417,3.9795284
6842,6.842,0.3225657,4.033085
6843,6.843,0.32025313,3.9823706
6844,6.844,0.3176702,3.9349864
6845,6.845,0.34536773,3.8863335
6846,6.846,0.3380064,4.497147
6847,6.847,0.33317974,3.957824
6848,6.848,0.31092355,3.9095364
6849,6.849,0.31956422,4.503144
6850,6.85,0.31741464,4.4424314
6851,6.851,0.32368028,4.4960537
6852,6.852,0.3188628,4.5028553
6853,6.853,0.3167371,4.4454856
6854,6.854,0.3321463,4.513496
6855,6.855,0.32335174,4.5011997
6856,6.856,0.3049867,4.508085
6857,6.857,0.31672138,3.8516452
6858,6.858,0.3090736,4.5057645
6859,6.859,0.31317806,3.8031301
6860,6.86,0.3008512,4.521463
6861,6.861,0.3164278,4.58351
6862,6.862,0.31892568,4.518895
6863,6.863,0.30996025,4.5360756
6864,6.864,0.3206483,4.512453
6865,6.865,0.32160386,4.520567
6866,6.866,0.31424132,4.5392933
6867,6.867,0.3103732,4.544337
6868,6.868,0.31761414,4.553003
6869,6.869,0.31946364,4.571648
6870,6.87,0.32141888,4.5507135
6871,6.871,0.32793292,4.556451
6872,6.872,0.3251613,4.576163
6873,6.873,0.3418958,4.536404
6874,6.874,0.33067417,4.5292335
6875,6.875,0.32418665,4.5599103
6876,6.876,0.32535625,4.5014906
6877,6.877,0.3246983,4.536761
6878,6.878,0.3148308,4.5666127
6879,6.879,0.3150327,4.544227
6880,6.88,0.3147693,4.5331945
6881,6.881,0.32494226,4.520531
6882,6.882,0.31881565,4.533405
6883,6.883,0.31594414,4.5229416
6884,6.884,0.32725984,4.523965
6885,6.885,0.30047402,4.513186
6886,6.886,0.31582975,4.5516973
6887,6.887,0.3020769,4.5340075
6888,6.888,0.32042742,4.5221505
6889,6.889,0.3142422,4.534076
6890,6.89,0.30604896,4.559912
6891,6.891,0.30691496,4.5475636
6892,6.892,0.3139977,4.563454
6893,6.893,0.30815947,4.508931
6894,6.894,0.2900133,4.4921436
6895,6.895,0.30306754,4.5056357
6896,6.896,0.2960347,4.51861
6897,6.897,0.30980766,4.510497
6898,6.898,0.32498032,4.5175896
6899,6.899,0.31801662,4.5348625
6900,6.9,0.30502746,4.5603566
6901,6.901,0.3087179,4.5589156
6902,6.902,0.32253703,4.570778
6903,6.903,0.315091,4.5079803
6904,6.904,0.326054,4.5158873
6905,6.905,0.296545,4.5119576
6906,6.906,0.29521823,4.5509834
6907,6.907,0.29477543,4.564601
6908,6.908,0.30388537,4.5483727
6909,6.909,0.30782038,4.5700183
6910,6.91,0.29681483,4.582275
6911,6.911,0.3139454,4.574775
6912,6.912,0.30847985,4.544862
6913,6.913,0.31032476,4.5543313
6914,6.914,0.31142485,3.386755
6915,6.915,0.30285102,4.5382147
6916,6.916,0.309351,4.586408
6917,6.917,0.31755954,4.542629
6918,6.918,0.31588978,4.5337625
6919,6.919,0.32057008,4.5275364
6920,6.92,0.32410017,4.5102296
6921,6.921,0.33705723,4.5647054
6922,6.922,0.33460265,4.509658
6923,6.923,0.3143224,4.5142655
6924,6.924,0.30086157,4.543559
6925,6.925,0.30752075,4.562036
6926,6.926,0.29487482,4.551017
6927,6.927,0.30089268,4.5671797
6928,6.928,0.30588648,4.5158386
6929,6.929,0.28669882,4.5275455
6930,6.93,0.294155,4.4816785
6931,6.931,0.29020795,4.554363
6932,6.932,0.29611474,4.5328183
6933,6.933,0.31406265,4.5330477
6934,6.934,0.3127372,4.504684
6935,6.935,0.31462237,4.471192
6936,6.936,0.30614486,4.5187993
6937,6.937,0.31433344,4.4951644
6938,6.938,0.3157741,4.5364304
6939,6.939,0.30840808,4.5261707
6940,6.94,0.3094203,4.5764766
6941,6.941,0.3051735,4.5331435
6942,6.942,0.2973176,4.5349956
6943,6.943,0.29628488,4.578195
6944,6.944,0.28273436,4.5186696
6945,6.945,0.2952014,4.5432906
6946,6.946,0.3004415,4.5228906
6947,6.947,0.30049652,4.4897842
6948,6.948,0.30018553,4.4849215
6949,6.949,0.28849828,4.503937
6950,6.95,0.29362243,4.5359855
6951,6.951,0.28988832,4.5540175
6952,6.952,0.28988913,4.516131
6953,6.953,0.2878639,4.5469236
6954,6.954,0.2885149,4.571801
6955,6.955,0.29753911,4.534224
6956,6.956,0.30631587,4.5334153
6957,6.957,0.31486863,4.479683
6958,6.958,0.300861,4.5080643
6959,6.959,0.27949733,4.560105
6960,6.96,0.2744589,4.573572
6961,6.961,0.27879253,4.536883
6962,6.962,0.29081872,4.5652566
6963,6.963,0.30569312,4.5999346
6964,6.964,0.29908815,4.594497
6965,6.965,0.29307842,4.581644
6966,6.966,0.29904526,4.6025085
6967,6.967,0.306317,4.572499
6968,6.968,0.29166198,4.5683103
6969,6.969,0.3102262,4.5738263
6970,6.97,0.29248124,4.57399
6971,6.971,0.29133898,4.5316334
6972,6.972,0.28513497,4.554607
6973,6.973,0.29382312,4.553751
6974,6.974,0.2967574,4.533162
6975,6.975,0.29503906,4.5277414
6976,6.976,0.28092757,4.5415196
6977,6.977,0.27774692,4.538696
6978,6.978,0.26481736,4.536838
6979,6.979,0.2702752,4.5651135
6980,6.98,0.27449277,4.546341
6981,6.981,0.27665308,4.559749
6982,6.982,0.28230187,4.579272
6983,6.983,0.29882,4.5355
6984,6.984,0.2854567,4.546056
6985,6.985,0.2846174,4.5270033
6986,6.986,0.2819581,4.574258
6987,6.987,0.282858,4.552206
6988,6.988,0.29200658,4.548628
6989,6.989,0.28011578,4.5674124
6990,6.99,0.2797871,4.5587883
6991,6.991,0.3072332,4.5893383
6992,6.992,0.30890414,4.563673
6993,6.993,0.28205913,4.5599737
6994,6.994,0.28151354,4.558497
6995,6.995,0.27298817,4.568955
6996,6.996,0.2866381,4.5384173
6997,6.997,0.30179378,4.5107784
6998,6.998,0.29990122,4.500264
6999,6.999,0.31215838,4.471422
7000,7.0,0.3123968,4.517109
7001,7.001,0.30607805,4.5594974
7002,7.002,0.2994576,4.5566635
7003,7.003,0.29856864,4.568993
7004,7.004,0.30572793,4.531688
7005,7.005,0.3095202,4.5465527
7006,7.006,0.3120195,4.522261
7007,7.007,0.3008416,4.5577435
7008,7.008,0.29398832,4.5576367
7009,7.009,0.30679137,4.5553784
7010,7.01,0.3060465,4.5598745
7011,7.011,0.32376027,4.542441
7012,7.012,0.31983036,4.556429
7013,7.013,0.31158203,4.570748
7014,7.014,0.3175419,4.5844564
7015,7.015,0.3001738,4.529104
7016,7.016,0.31846467,4.5434837
7017,7.017,0.32998776,4.560724
7018,7.018,0.33668664,4.5598435
7019,7.019,0.32421002,4.5223207
7020,7.02,0.35088828,4.5715547
7021,7.021,0.35196096,4.5373583
7022,7.022,0.33794415,4.556405
7023,7.023,0.3435852,4.540683
7024,7.024,0.34939787,4.531235
7025,7.025,0.351945,4.5549264
7026,7.026,0.3622536,4.6020436
7027,7.027,0.35292637,4.6072764
7028,7.028,0.34718695,4.5854254
7029,7.029,0.34610415,4.5723147
7030,7.03,0.3436254,4.561904
7031,7.031,0.34097847,4.599338
7032,7.032,0.34238908,4.5696144
7033,7.033,0.3373673,4.5394144
7034,7.034,0.34240258,4.5781045
7035,7.035,0.34765458,4.55255
7036,7.036,0.34789425,4.534941
7037,7.037,0.33452094,4.5149493
7038,7.038,0.3412482,4.5506234
7039,7.039,0.32435438,4.541971
7040,7.04,0.33013555,4.630867
7041,7.041,0.33299544,4.588675
7042,7.042,0.33543697,4.611263
7043,7.043,0.33076155,4.5840764
7044,7.044,0.3391304,4.597963
7045,7.045,0.3371114,4.617231
7046,7.046,0.31264314,4.602665
7047,7.047,0.32346398,4.6383333
7048,7.048,0.32010943,4.5866113
7049,7.049,0.33211392,4.587743
7050,7.05,0.34232593,4.6099815
7051,7.051,0.3298907,4.6643395
7052,7.052,0.32446504,4.6252317
7053,7.053,0.32724926,4.581051
7054,7.054,0.33755776,4.577639
7055,7.055,0.32361618,4.6017804
7056,7.056,0.32491913,4.5710917
7057,7.057,0.32148215,4.5958567
7058,7.058,0.3321529,4.6008105
7059,7.059,0.32731885,4.593883
7060,7.06,0.33251446,4.5732837
7061,7.061,0.32379687,4.599875
7062,7.062,0.3140807,4.596107
7063,7.063,0.31554762,4.6063466
7064,7.064,0.31721282,4.617096
7065,7.065,0.30525285,4.5933385
7066,7.066,0.3176145,4.5954843
7067,7.067,0.31719476,4.623289
7068,7.068,0.30726954,4.624316
7069,7.069,0.324717,4.6353974
7070,7.07,0.33639586,4.611242
7071,7.071,0.3377173,4.598443
7072,7.072,0.32449904,4.584645
7073,7.073,0.32437843,4.6198897
7074,7.074,0.32134083,4.595559
7075,7.075,0.31085512,4.571783
7076,7.076,0.3014661,4.5789785
7077,7.077,0.30284986,4.537786
7078,7.078,0.3010511,4.5746927
7079,7.079,0.31717673,4.5916867
7080,7.08,0.3096037,4.609318
7081,7.081,0.2998667,4.613101
7082,7.082,0.29465365,4.567778
7083,7.083,0.30294737,4.593194
7084,7.084,0.3127533,4.5972195
7085,7.085,0.3191072,4.6218557
7086,7.086,0.3015796,4.573702
7087,7.087,0.30468103,4.5832014
7088,7.088,0.30011487,4.5739613
7089,7.089,0.30415472,4.5596566
7090,7.09,0.30814898,4.5512733
7091,7.091,0.31241694,4.532666
7092,7.092,0.32192397,4.547687
7093,7.093,0.30450174,4.5552235
7094,7.094,0.30837622,4.601537
7095,7.095,0.30580637,4.5920324
7096,7.096,0.31106868,4.626738
7097,7.097,0.3259682,4.5988364
7098,7.098,0.31618917,4.6129637
7099,7.099,0.31239918,4.587341
7100,7.1,0.3071717,4.593526
7101,7.101,0.31258857,4.6240163
7102,7.102,0.3208876,4.6019115
7103,7.103,0.31436563,4.5496325
7104,7.104,0.30373582,4.5699234
7105,7.105,0.30316308,4.547028
7106,7.106,0.31435183,4.5476165
7107,7.107,0.31932178,4.578137
7108,7.108,0.32260495,4.5419097
7109,7.109,0.31772405,4.580523
7110,7.11,0.3139756,4.548657
7111,7.111,0.33602077,4.588461
7112,7.112,0.32111248,4.6212373
7113,7.113,0.33756477,4.608893
7114,7.114,0.33112237,4.6280317
7115,7.115,0.33152518,4.621941
7116,7.116,0.32178587,4.6163864
7117,7.117,0.31264922,4.6111484
7118,7.118,0.3337969,4.6417894
7119,7.119,0.3392035,4.5963426
7120,7.12,0.33177647,4.576659
7121,7.121,0.3396076,4.6073813
7122,7.122,0.3365046,4.6476493
7123,7.123,0.327925,4.613407
7124,7.124,0.32071897,4.6460576
7125,7.125,0.33586988,4.5970454
7126,7.126,0.34604335,4.60389
7127,7.127,0.3401416,4.6128526
7128,7.128,0.36022848,4.602886
7129,7.129,0.36924598,4.6092014
7130,7.13,0.3515827,4.6203556
7131,7.131,0.36572918,4.6351786
7132,7.132,0.36551914,4.581866
7133,7.133,0.3477831,4.580139
7134,7.134,0.3534365,4.622927
7135,7.135,0.32397068,4.571946
7136,7.136,0.31675878,4.603345
7137,7.137,0.32476664,4.575018
7138,7.138,0.31063285,4.539015
7139,7.139,0.32139802,4.5635023
7140,7.14,0.32216248,4.5867023
7141,7.141,0.31902206,4.5853863
7142,7.142,0.3266466,4.5999346
7143,7.143,0.31221005,4.575772
7144,7.144,0.3271915,4.5790114
7145,7.145,0.33449104,4.570493
7146,7.146,0.34205347,4.601797
7147,7.147,0.33659703,4.6153
7148,7.148,0.31896392,4.585775
7149,7.149,0.32325932,4.5914783
7150,7.15,0.31936866,4.5663915
7151,7.151,0.3205524,4.5843453
7152,7.152,0.34708038,4.60646
7153,7.153,0.33280343,4.585184
7154,7.154,0.34131715,4.637048
7155,7.155,0.34380463,4.5886493
7156,7.156,0.33847514,4.581775
7157,7.157,0.33405098,4.5931597
7158,7.158,0.34905112,4.6109066
7159,7.159,0.33669367,4.581303
7160,7.16,0.32919073,4.56365
7161,7.161,0.32997164,4.553324
7162,7.162,0.32150537,4.563374
7163,7.163,0.32578766,4.6406026
7164,7.164,0.33329594,4.585616
7165,7.165,0.310862,4.628871
7166,7.166,0.3322606,4.61969
7167,7.167,0.31112647,4.6480856
7168,7.168,0.3180395,4.6628523
7169,7.169,0.3294945,4.604813
7170,7.17,0.34168845,4.6022487
7171,7.171,0.33233383,4.594313
7172,7.172,0.33646545,4.5836196
7173,7.173,0.3168834,4.592535
7174,7.174,0.32942066,4.564059
7175,7.175,0.3510923,4.6025786
7176,7.176,0.3621288,4.573819
7177,7.177,0.34443215,4.6320186
7178,7.178,0.35114992,4.6176987
7179,7.179,0.34612286,4.6274776
7180,7.18,0.33808473,4.6128716
7181,7.181,0.3349452,4.6023517
7182,7.182,0.352699,4.590435
7183,7.183,0.36121342,4.630681
7184,7.184,0.36742747,4.6224313
7185,7.185,0.358415,4.6166296
7186,7.186,0.3659027,4.6456165
7187,7.187,0.37750256,4.589306
7188,7.188,0.37415966,4.6038995
7189,7.189,0.37745267,4.6390224
7190,7.19,0.3701721,4.5855784
7191,7.191,0.36770296,4.620941
7192,7.192,0.3758549,4.676719
7193,7.193,0.36856005,4.637355
7194,7.194,0.36105704,4.6266155
7195,7.195,0.35625145,4.619964
7196,7.196,0.36642912,4.5970354
7197,7.197,0.36278513,4.5647163
7198,7.198,0.36830184,4.5875316
7199,7.199,0.35164994,4.569593
7200,7.2,0.34761387,4.5842276
7201,7.201,0.36871684,4.577143
7202,7.202,0.35536078,4.5866275
7203,7.203,0.35574117,4.571151
7204,7.204,0.3570308,4.605632
7205,7.205,0.3591834,4.5565467
7206,7.206,0.358416,4.604384
7207,7.207,0.34366962,4.5862217
7208,7.208,0.3477849,4.5923204
7209,7.209,0.35900795,4.5663924
7210,7.21,0.3552622,4.581943
7211,7.211,0.36460683,4.5758753
7212,7.212,0.36611083,4.58975
7213,7.213,0.36108586,4.6163745
7214,7.214,0.34598574,4.5944786
7215,7.215,0.3318925,4.5856085
7216,7.216,0.33443108,4.586733
7217,7.217,0.34074277,4.60138
7218,7.218,0.34919068,4.6042566
7219,7.219,0.33126616,4.562051
7220,7.22,0.32670802,4.602008
7221,7.221,0.32048786,4.6097226
7222,7.222,0.33894715,4.590287
7223,7.223,0.35286564,4.5689893
7224,7.224,0.35143277,4.5444193
7225,7.225,0.3557816,4.5674777
7226,7.226,0.35570753,4.587027
7227,7.227,0.35893115,4.5939684
7228,7.228,0.359471,4.593171
7229,7.229,0.36202377,4.6103444
7230,7.23,0.36042288,4.5746446
7231,7.231,0.3758209,4.586879
7232,7.232,0.3747817,4.601604
7233,7.233,0.35773692,4.6156535
7234,7.234,0.37489858,4.60309
7235,7.235,0.3635753,4.596247
7236,7.236,0.37219948,4.621956
7237,7.237,0.38134727,4.594716
7238,7.238,0.40227523,4.6014023
7239,7.239,0.400834,4.6382656
7240,7.24,0.38938695,4.641336
7241,7.241,0.41752574,4.6396747
7242,7.242,0.40847036,4.6538835
7243,7.243,0.40532103,4.6568666
7244,7.244,0.40102845,4.6206274
7245,7.245,0.4171435,4.6689186
7246,7.246,0.40471724,4.625948
7247,7.247,0.37683672,4.639813
7248,7.248,0.37194473,4.5993075
7249,7.249,0.37356523,4.5976114
7250,7.25,0.38247702,4.632673
7251,7.251,0.38017994,4.6673536
7252,7.252,0.38503006,4.606204
7253,7.253,0.37862286,4.6282372
7254,7.254,0.36476406,4.597711
7255,7.255,0.38306877,4.6350737
7256,7.256,0.37977976,4.631099
7257,7.257,0.38185966,4.6250615
7258,7.258,0.39402696,4.593959
7259,7.259,0.40217838,4.6120567
7260,7.26,0.39021078,4.613697
7261,7.261,0.3689325,4.592889
7262,7.262,0.36436787,4.5910826
7263,7.263,0.37798148,4.519676
7264,7.264,0.39485604,4.5258074
7265,7.265,0.39038938,4.5819564
7266,7.266,0.3760217,4.5838504
7267,7.267,0.38617808,4.5878663
7268,7.268,0.37088513,4.550173
7269,7.269,0.355175,4.5628815
7270,7.27,0.36117804,4.59645
7271,7.271,0.38384083,4.5913134
7272,7.272,0.38319913,4.532086
7273,7.273,0.3748844,4.5919075
7274,7.274,0.39137298,4.57706
7275,7.275,0.39051032,4.661796
7276,7.276,0.38057974,4.575649
7277,7.277,0.39719206,4.617903
7278,7.278,0.40781853,4.622985
7279,7.279,0.41701433,4.6668816
7280,7.28,0.40610072,4.631711
7281,7.281,0.41460586,4.581024
7282,7.282,0.40347946,4.592371
7283,7.283,0.41129553,4.595433
7284,7.284,0.40524644,4.671228
7285,7.285,0.41055766,4.605028
7286,7.286,0.40145427,4.602062
7287,7.287,0.39974034,4.608128
7288,7.288,0.4150904,4.63729
7289,7.289,0.42487785,4.6313777
7290,7.29,0.449075,4.6684957
7291,7.291,0.4544607,4.6472173
7292,7.292,0.46519014,4.677661
7293,7.293,0.45632973,4.690781
7294,7.294,0.4662189,4.704515
7295,7.295,0.46756366,4.6883616
7296,7.296,0.4748379,4.702379
7297,7.297,0.4769422,4.725782
7298,7.298,0.46116766,4.6548624
7299,7.299,0.47446164,4.671448
7300,7.3,0.47902364,4.6865163
7301,7.301,0.47215304,4.6577854
7302,7.302,0.47524002,4.6747756
7303,7.303,0.44573802,4.664713
7304,7.304,0.43037727,4.660932
7305,7.305,0.42592674,4.649279
7306,7.306,0.42951906,4.7314444
7307,7.307,0.44600946,4.7142653
7308,7.308,0.43472984,4.686869
7309,7.309,0.43533185,4.649181
7310,7.31,0.43397722,4.6872373
7311,7.311,0.4410573,4.6730695
7312,7.312,0.4374132,4.6811986
7313,7.313,0.45691553,4.6425233
7314,7.314,0.45353377,4.6622314
7315,7.315,0.4544682,4.654033
7316,7.316,0.45451692,4.6682353
7317,7.317,0.45354867,4.6698694
7318,7.318,0.4340293,4.6707473
7319,7.319,0.43934196,4.6143923
7320,7.32,0.42540193,4.641605
7321,7.321,0.42613447,4.6362348
7322,7.322,0.4298127,4.611283
7323,7.323,0.4290986,4.654837
7324,7.324,0.42934918,4.6783867
7325,7.325,0.42959964,4.6984835
7326,7.326,0.44249278,4.6646423
7327,7.327,0.43795344,4.674928
7328,7.328,0.44030115,4.6553783
7329,7.329,0.46193668,4.6738076
7330,7.33,0.44735283,4.705142
7331,7.331,0.44367644,4.708043
7332,7.332,0.44831333,4.663133
7333,7.333,0.44089884,4.680109
7334,7.334,0.45304042,4.705289
7335,7.335,0.43850276,4.70754
7336,7.336,0.4510412,4.705541
7337,7.337,0.46477225,4.7164593
7338,7.338,0.46394527,4.713587
7339,7.339,0.45182192,4.735182
7340,7.34,0.44887018,4.749538
7341,7.341,0.45355147,4.7314863
7342,7.342,0.4433754,4.734026
7343,7.343,0.45837802,4.7149687
7344,7.344,0.47267008,4.753361
7345,7.345,0.46372285,4.766954
7346,7.346,0.45479825,4.7454915
7347,7.347,0.4631424,4.7351503
7348,7.348,0.46554947,4.7045536
7349,7.349,0.43655413,4.734505
7350,7.35,0.4334371,4.717613
7351,7.351,0.44308487,4.74288
7352,7.352,0.45776075,4.7522182
7353,7.353,0.45202747,4.7658577
7354,7.354,0.4642326,4.752348
7355,7.355,0.46443263,4.738908
7356,7.356,0.4661538,4.7179704
7357,7.357,0.46047094,4.75915
7358,7.358,0.4779078,4.729324
7359,7.359,0.48164752,4.730996
7360,7.36,0.47264928,4.751467
7361,7.361,0.4766024,4.7375154
7362,7.362,0.48182476,4.7158046
7363,7.363,0.45373023,4.7037425
7364,7.364,0.47524014,4.68092
7365,7.365,0.46955988,4.6414547
7366,7.366,0.4755283,4.651103
7367,7.367,0.45386422,4.664523
7368,7.368,0.45249903,4.643434
7369,7.369,0.43161988,4.6690855
7370,7.37,0.42529213,4.6054807
7371,7.371,0.43941775,4.6399965
7372,7.372,0.46202314,4.607404
7373,7.373,0.4765761,4.6365013
7374,7.374,0.45738748,4.669601
7375,7.375,0.46455395,4.669827
7376,7.376,0.4534253,4.6607714
7377,7.377,0.46151757,4.6629095
7378,7.378,0.44995078,4.6221313
7379,7.379,0.45254245,4.6450806
7380,7.38,0.46145433,4.6584544
7381,7.381,0.4588074,4.696603
7382,7.382,0.4566807,4.69117
7383,7.383,0.4540981,4.6869617
7384,7.384,0.44995913,4.652132
7385,7.385,0.4411718,4.617927
7386,7.386,0.45656437,4.629093
7387,7.387,0.4714149,4.6322856
7388,7.388,0.48178312,4.6436014
7389,7.389,0.48805308,4.6800933
7390,7.39,0.49727768,4.6469526
7391,7.391,0.49216717,4.6538634
7392,7.392,0.4955118,4.671728
7393,7.393,0.50769967,4.6586566
7394,7.394,0.5041347,4.6988525
7395,7.395,0.51580477,4.6963587
7396,7.396,0.53858256,4.6817465
7397,7.397,0.5266129,4.7252774
7398,7.398,0.5390797,4.726709
7399,7.399,0.51152545,4.724399
7400,7.4,0.49349993,4.67637
7401,7.401,0.48272693,4.669739
7402,7.402,0.47231936,4.651376
7403,7.403,0.4793692,4.6768904
7404,7.404,0.48946896,4.680811
7405,7.405,0.4839106,4.6759534
7406,7.406,0.49289277,4.710756
7407,7.407,0.49189994,4.672639
7408,7.408,0.4961641,4.6800265
7409,7.409,0.49153522,4.6486864
7410,7.41,0.48175383,4.6829906
7411,7.411,0.4921808,4.65984
7412,7.412,0.47967377,4.665573
7413,7.413,0.46794945,4.6786885
7414,7.414,0.46353012,4.693265
7415,7.415,0.47668874,4.6672
7416,7.416,0.490284,4.694439
7417,7.417,0.4657823,4.635459
7418,7.418,0.47684342,4.641941
7419,7.419,0.4879998,4.6366487
7420,7.42,0.48854315,4.6132717
7421,7.421,0.5106955,4.6680913
7422,7.422,0.5167586,4.645782
7423,7.423,0.50026083,4.651502
7424,7.424,0.48743582,4.652748
7425,7.425,0.4891388,4.6848645
7426,7.426,0.5075652,4.690097
7427,7.427,0.50356674,4.6950808
7428,7.428,0.5082895,4.6586537
7429,7.429,0.501807,4.7039237
7430,7.43,0.48306662,4.6800613
7431,7.431,0.50569254,4.695447
7432,7.432,0.5098885,4.7055974
7433,7.433,0.49879184,4.6467943
7434,7.434,0.5136874,4.699591
7435,7.435,0.5125778,4.664399
7436,7.436,0.49392268,4.6920624
7437,7.437,0.5167454,4.7149186
7438,7.438,0.52412236,4.718479
7439,7.439,0.5365814,4.714294
7440,7.44,0.51791114,4.7016044
7441,7.441,0.49626407,4.7105885
7442,7.442,0.4875717,4.6902246
7443,7.443,0.48719007,4.706378
7444,7.444,0.48535153,4.7275987
7445,7.445,0.4712334,4.6924706
7446,7.446,0.46461356,4.6800175
7447,7.447,0.44502556,4.6792684
7448,7.448,0.42968872,4.6748137
7449,7.449,0.45908374,4.6913557
7450,7.45,0.46895155,4.7158766
7451,7.451,0.45763952,4.659992
7452,7.452,0.4544214,4.678204
7453,7.453,0.4567089,4.661348
7454,7.454,0.46838376,4.6635957
7455,7.455,0.45305765,4.6806073
7456,7.456,0.46510231,4.6442347
7457,7.457,0.461616,4.6721454
7458,7.458,0.45646775,4.6545606
7459,7.459,0.47509417,4.634989
7460,7.46,0.49121913,4.608645
7461,7.461,0.50454646,4.6991825
7462,7.462,0.5105899,4.700794
7463,7.463,0.49924505,4.7096105
7464,7.464,0.50431293,4.6548104
7465,7.465,0.50698096,4.6814814
7466,7.466,0.51379544,4.7100196
7467,7.467,0.49730662,4.7291126
7468,7.468,0.4892202,4.7034397
7469,7.469,0.5053368,4.7029
7470,7.47,0.49090052,4.698889
7471,7.471,0.49661148,4.7050657
7472,7.472,0.48914045,4.715562
7473,7.473,0.4842676,4.7206697
7474,7.474,0.49321994,4.713615
7475,7.475,0.48482823,4.715155
7476,7.476,0.48132572,4.6920624
7477,7.477,0.49822417,4.73031
7478,7.478,0.4979964,4.7011557
7479,7.479,0.50129205,4.700569
7480,7.48,0.48965338,4.6769547
7481,7.481,0.49079418,4.7118125
7482,7.482,0.47824994,4.688413
7483,7.483,0.48281312,4.667345
7484,7.484,0.47633165,4.672879
7485,7.485,0.47580013,4.621804
7486,7.486,0.47454834,4.648358
7487,7.487,0.4597398,4.634076
7488,7.488,0.46472448,4.62978
7489,7.489,0.46841228,4.6063724
7490,7.49,0.46257386,4.6382885
7491,7.491,0.46177524,4.6391897
7492,7.492,0.46470198,4.6429987
7493,7.493,0.46037188,4.6542916
7494,7.494,0.46703914,4.7069054
7495,7.495,0.44987485,4.684233
7496,7.496,0.46145484,4.678214
7497,7.497,0.45762146,4.684763
7498,7.498,0.45395654,4.6582947
7499,7.499,0.4660102,4.605962
7500,7.5,0.46538058,4.619535
7501,7.501,0.45757398,4.6573596
7502,7.502,0.44670326,4.652908
7503,7.503,0.4469493,4.61742
7504,7.504,0.45413297,4.635139
7505,7.505,0.4514713,4.6314
7506,7.506,0.4463534,4.6067777
7507,7.507,0.44936335,4.589061
7508,7.508,0.45978433,4.58333
7509,7.509,0.43686977,4.5793643
7510,7.51,0.44959956,4.618768
7511,7.511,0.4475178,4.63637
7512,7.512,0.45040232,4.646036
7513,7.513,0.46309024,4.6111555
7514,7.514,0.44094366,4.5986958
7515,7.515,0.4529076,4.6070576
7516,7.516,0.4548563,4.6371517
7517,7.517,0.4594253,4.595173
7518,7.518,0.4696292,4.6157985
7519,7.519,0.45955208,4.636158
7520,7.52,0.46987367,4.6324935
7521,7.521,0.47339854,4.6346025
7522,7.522,0.46862188,4.6856723
7523,7.523,0.4906253,4.6397586
7524,7.524,0.47175524,4.680887
7525,7.525,0.48130372,4.637599
7526,7.526,0.4918606,4.670795
7527,7.527,0.48031837,4.6383862
7528,7.528,0.47514322,4.6425695
7529,7.529,0.47015086,4.6912866
7530,7.53,0.47799668,4.681517
7531,7.531,0.4808866,4.7084002
7532,7.532,0.48661792,4.6903396
7533,7.533,0.4846378,4.688987
7534,7.534,0.48088685,4.6771708
7535,7.535,0.46540406,4.6472697
7536,7.536,0.45667613,4.6241493
7537,7.537,0.45716476,4.5718355
7538,7.538,0.45882607,4.5667753
7539,7.539,0.45607886,4.5889416
7540,7.54,0.46633765,4.582049
7541,7.541,0.4493096,4.6103225
7542,7.542,0.43541083,4.6256084
7543,7.543,0.44956344,4.6421776
7544,7.544,0.4486775,4.636188
7545,7.545,0.44060087,4.5734715
7546,7.546,0.445975,4.570685
7547,7.547,0.44094455,4.585258
7548,7.548,0.4422197,4.578564
7549,7.549,0.4310261,4.6180587
7550,7.55,0.43376487,4.616477
7551,7.551,0.42854828,4.5302124
7552,7.552,0.43777114,4.557029
7553,7.553,0.43131244,4.5600753
7554,7.554,0.42426062,4.5608034
7555,7.555,0.43132624,4.58437
7556,7.556,0.4373791,4.5934916
7557,7.557,0.43843567,4.612175
7558,7.558,0.43161383,4.6047125
7559,7.559,0.4400597,4.530035
7560,7.56,0.4143364,4.5732803
7561,7.561,0.4066105,4.560958
7562,7.562,0.4040382,4.5142217
7563,7.563,0.38648552,4.558367
7564,7.564,0.38575715,4.557031
7565,7.565,0.3962967,4.526069
7566,7.566,0.40162238,4.583534
7567,7.567,0.41729462,4.5629134
7568,7.568,0.39081833,4.597624
7569,7.569,0.39335296,4.59695
7570,7.57,0.39886898,4.539608
7571,7.571,0.40092683,4.5848756
7572,7.572,0.40160483,4.5637665
7573,7.573,0.41082183,4.563172
7574,7.574,0.40090075,4.533408
7575,7.575,0.4135246,4.550722
7576,7.576,0.4223734,4.584455
7577,7.577,0.4089564,4.5687447
7578,7.578,0.41296205,4.546591
7579,7.579,0.4034528,4.5778103
7580,7.58,0.41455022,4.591385
7581,7.581,0.4116303,4.596687
7582,7.582,0.41625884,4.607294
7583,7.583,0.42259365,4.577116
7584,7.584,0.4194006,4.56141
7585,7.585,0.43379658,4.5923004
7586,7.586,0.4285062,4.6294475
7587,7.587,0.42755002,4.620647
7588,7.588,0.43661237,4.581355
7589,7.589,0.44604135,4.6637607
7590,7.59,0.45435283,4.6518826
7591,7.591,0.4314546,4.6467896
7592,7.592,0.4337165,4.5946007
7593,7.593,0.4297947,4.6188827
7594,7.594,0.43374103,4.6081967
7595,7.595,0.44071016,4.578052
7596,7.596,0.43751335,4.6131487
7597,7.597,0.43440932,4.609111
7598,7.598,0.43006182,4.5931773
7599,7.599,0.43704346,4.6161165
7600,7.6,0.4423343,4.59845
7601,7.601,0.43185094,4.596492
7602,7.602,0.42180717,4.5465884
7603,7.603,0.41554105,4.5891843
7604,7.604,0.4239826,4.5831385
7605,7.605,0.41565993,4.595338
7606,7.606,0.4047981,4.604561
7607,7.607,0.3952315,4.546185
7608,7.608,0.40223914,4.5748167
7609,7.609,0.39074793,4.610098
7610,7.61,0.3802824,4.6143885
7611,7.611,0.38205397,4.5693345
7612,7.612,0.3814203,4.5773664
7613,7.613,0.39584738,4.522085
7614,7.614,0.39023685,4.564887
7615,7.615,0.38574052,4.6268315
7616,7.616,0.37874392,4.597885
7617,7.617,0.38926148,4.604657
7618,7.618,0.39023402,4.6399264
7619,7.619,0.37876832,4.582608
7620,7.62,0.38177127,4.5871243
7621,7.621,0.37174857,4.600635
7622,7.622,0.3654742,4.5777965
7623,7.623,0.36457816,4.5680337
7624,7.624,0.35765514,4.58328
7625,7.625,0.35798386,4.63425
7626,7.626,0.3692167,4.5907903
7627,7.627,0.36775202,4.5379586
7628,7.628,0.3750809,4.5359735
7629,7.629,0.37894547,4.5538373
7630,7.63,0.3731877,4.5522165
7631,7.631,0.38547102,4.5482893
7632,7.632,0.3785566,4.543246
7633,7.633,0.38662964,4.6169624
7634,7.634,0.37955964,4.542727
7635,7.635,0.36735588,4.541184
7636,7.636,0.37116274,4.587006
7637,7.637,0.37056008,4.52549
7638,7.638,0.35985044,4.533118
7639,7.639,0.3671806,4.55651
7640,7.64,0.3780272,4.5604143
7641,7.641,0.36620316,4.5628824
7642,7.642,0.36940405,4.5460877
7643,7.643,0.37042215,4.5692344
7644,7.644,0.3696687,4.5841956
7645,7.645,0.3832765,4.569449
7646,7.646,0.372944,4.5530963
7647,7.647,0.39102194,4.5662107
7648,7.648,0.396711,4.5883675
7649,7.649,0.3927802,4.5750356
7650,7.65,0.37659907,4.5631113
7651,7.651,0.36596128,4.569203
7652,7.652,0.38322687,4.6054077
7653,7.653,0.38102537,4.6422577
7654,7.654,0.37420246,4.571709
7655,7.655,0.37307864,4.610231
7656,7.656,0.3783929,4.584999
7657,7.657,0.37575987,4.6314926
7658,7.658,0.37305695,4.626687
7659,7.659,0.3653342,4.6483383
7660,7.66,0.3758846,4.6125455
7661,7.661,0.3684468,4.5979257
7662,7.662,0.35205668,4.6005287
7663,7.663,0.34745735,4.5534415
7664,7.664,0.3567106,4.57129
7665,7.665,0.36752814,4.582159
7666,7.666,0.365238,4.5883226
7667,7.667,0.37286693,4.59034
7668,7.668,0.36782336,4.5898027
7669,7.669,0.37070122,4.580307
7670,7.67,0.36913326,4.6059546
7671,7.671,0.35916072,4.565658
7672,7.672,0.3772851,4.5792584
7673,7.673,0.3900724,4.547106
7674,7.674,0.37799066,4.581728
7675,7.675,0.3686659,4.5673256
7676,7.676,0.37790042,4.6075068
7677,7.677,0.38406304,4.5650744
7678,7.678,0.3676764,4.5708003
7679,7.679,0.37571663,4.5578823
7680,7.68,0.36215577,4.566898
7681,7.681,0.3642595,4.559499
7682,7.682,0.3780208,4.586038
7683,7.683,0.3686852,4.576037
7684,7.684,0.38595322,4.5849495
7685,7.685,0.37938493,4.593489
7686,7.686,0.35427165,4.627484
7687,7.687,0.3595041,4.589874
7688,7.688,0.36572036,4.6190066
7689,7.689,0.37437618,4.634
7690,7.69,0.37305385,4.633656
7691,7.691,0.37298676,4.6320367
7692,7.692,0.3820532,4.6218333
7693,7.693,0.3932398,4.635562
7694,7.694,0.38324726,4.6258464
7695,7.695,0.38055605,4.5803084
7696,7.696,0.37457126,4.6271443
7697,7.697,0.3703488,4.5947013
7698,7.698,0.3527149,4.602073
7699,7.699,0.33752215,4.628767
7700,7.7,0.36453536,4.624474
7701,7.701,0.36379653,4.6447306
7702,7.702,0.36424252,4.660656
7703,7.703,0.36548084,4.633574
7704,7.704,0.37919474,4.6090183
7705,7.705,0.38051048,4.6211066
7706,7.706,0.39326918,4.599025
7707,7.707,0.40001932,4.625218
7708,7.708,0.4141673,4.5885572
7709,7.709,0.400912,4.59458
7710,7.71,0.39552954,4.59568
7711,7.711,0.4066692,4.5865264
7712,7.712,0.40307385,4.6202683
7713,7.713,0.4159617,4.5775795
7714,7.714,0.40913388,4.6066995
7715,7.715,0.39793497,4.650599
7716,7.716,0.4007283,4.5624666
7717,7.717,0.41566175,4.5903306
7718,7.718,0.39663756,4.6259074
7719,7.719,0.39061642,4.5959954
7720,7.72,0.40528765,4.605886
7721,7.721,0.39769176,4.627409
7722,7.722,0.40512934,4.6405272
7723,7.723,0.39852047,4.58764
7724,7.724,0.40319458,4.5712113
7725,7.725,0.4184312,4.5779486
7726,7.726,0.40228182,4.62323
7727,7.727,0.43205258,4.6248555
7728,7.728,0.438329,4.6389594
7729,7.729,0.41631338,4.5863814
7730,7.73,0.418273,4.5801578
7731,7.731,0.4313486,4.562739
7732,7.732,0.4257678,4.5599074
7733,7.733,0.4171993,4.6134477
7734,7.734,0.40275326,4.5765624
7735,7.735,0.39175233,4.6115713
7736,7.736,0.39582828,4.5982013
7737,7.737,0.38588807,4.6087313
7738,7.738,0.38464633,4.6484685
7739,7.739,0.37648916,4.624215
7740,7.74,0.3891427,4.6073413
7741,7.741,0.39444026,4.6043386
7742,7.742,0.41467527,4.6208434
7743,7.743,0.4173147,4.6617045
7744,7.744,0.41969568,4.6620293
7745,7.745,0.41377136,4.6298065
7746,7.746,0.41111168,4.6728005
7747,7.747,0.40139812,4.6368675
7748,7.748,0.4143696,4.6202044
7749,7.749,0.41119042,4.6263523
7750,7.75,0.41121683,4.6460567
7751,7.751,0.39821014,4.6469803
7752,7.752,0.4070485,4.6955104
7753,7.753,0.3942386,4.6968956
7754,7.754,0.40004823,4.694924
7755,7.755,0.40714008,4.7171507
7756,7.756,0.42459372,4.6940713
7757,7.757,0.401982,4.726666
7758,7.758,0.40808955,4.70385
7759,7.759,0.4009348,4.73201
7760,7.76,0.39626113,4.65042
7761,7.761,0.3973073,4.649045
7762,7.762,0.38953492,4.679899
7763,7.763,0.3906577,4.6236076
7764,7.764,0.39750698,4.585703
7765,7.765,0.3807103,4.530695
7766,7.766,0.38465175,4.635161
7767,7.767,0.3725419,4.59554
7768,7.768,0.36291388,4.6299987
7769,7.769,0.35739553,4.6005692
7770,7.77,0.3714602,4.6074095
7771,7.771,0.3658602,4.6086974
7772,7.772,0.3809404,4.650354
7773,7.773,0.38852298,4.69223
7774,7.774,0.39669192,4.6611915
7775,7.775,0.40443894,4.613402
7776,7.776,0.42401314,4.6645308
7777,7.777,0.41134557,4.6221695
7778,7.778,0.41619328,4.6754236
7779,7.779,0.40943736,4.608489
7780,7.78,0.43458092,4.6336217
7781,7.781,0.42715928,4.628457
7782,7.782,0.41226587,4.6173306
7783,7.783,0.40438563,4.698326
7784,7.784,0.4226239,4.6621366
7785,7.785,0.42615873,4.673377
7786,7.786,0.4360136,4.660888
7787,7.787,0.42708823,4.680919
7788,7.788,0.44084862,4.6867576
7789,7.789,0.4400216,4.6940193
7790,7.79,0.43678284,4.6090546
7791,7.791,0.43389344,4.6366296
7792,7.792,0.43740183,4.664399
7793,7.793,0.4381644,4.672521
7794,7.794,0.4378509,4.631131
7795,7.795,0.4394818,4.648978
7796,7.796,0.44791064,4.6768675
7797,7.797,0.42721042,4.65212
7798,7.798,0.4416839,4.673709
7799,7.799,0.43451256,4.6503916
7800,7.8,0.43153387,4.63375
7801,7.801,0.4125697,4.6150374
7802,7.802,0.3993097,4.6463165
7803,7.803,0.40380564,4.6253085
7804,7.804,0.4095511,4.652031
7805,7.805,0.42476928,4.657424
7806,7.806,0.4274474,4.638897
7807,7.807,0.430702,4.6570725
7808,7.808,0.40944272,4.6432395
7809,7.809,0.42128202,4.573271
7810,7.81,0.4369465,4.578713
7811,7.811,0.43396378,4.5726213
7812,7.812,0.41624993,4.5130606
7813,7.813,0.41341305,4.5589824
7814,7.814,0.40460283,4.5224943
7815,7.815,0.410122,4.5149035
7816,7.816,0.4209823,4.4927397
7817,7.817,0.40050495,4.5233917
7818,7.818,0.39176133,4.4981856
7819,7.819,0.38155168,4.5286107
7820,7.82,0.39329904,4.48482
7821,7.821,0.3958455,4.5159054
7822,7.822,0.3927118,4.496351
7823,7.823,0.4014305,4.5389323
7824,7.824,0.410347,4.538746
7825,7.825,0.42123222,4.563362
7826,7.826,0.42638096,4.538699
7827,7.827,0.43238798,4.5719366
7828,7.828,0.43461445,4.6140723
7829,7.829,0.42286602,4.5374794
7830,7.83,0.41952115,4.548565
7831,7.831,0.42855608,4.603231
7832,7.832,0.4158262,4.627363
7833,7.833,0.40293318,4.5933642
7834,7.834,0.40839338,4.5342627
7835,7.835,0.411182,4.550213
7836,7.836,0.41289976,4.502942
7837,7.837,0.40399426,4.4909368
7838,7.838,0.41299927,4.5170903
7839,7.839,0.41171312,4.5768476
7840,7.84,0.40669933,4.5552855
7841,7.841,0.41087458,4.5625067
7842,7.842,0.40603682,4.4793043
7843,7.843,0.40922713,4.495854
7844,7.844,0.40096244,4.5527277
7845,7.845,0.40106794,4.581851
7846,7.846,0.39764163,4.6181126
7847,7.847,0.40044764,4.548623
7848,7.848,0.4056697,4.541794
7849,7.849,0.38694033,4.5904183
7850,7.85,0.39286628,4.5998526
7851,7.851,0.38819274,4.6091065
7852,7.852,0.3884498,4.604144
7853,7.853,0.3995117,4.5795097
7854,7.854,0.39715323,4.561505
7855,7.855,0.39751557,4.577258
7856,7.856,0.39620438,4.549117
7857,7.857,0.4185476,4.6172276
7858,7.858,0.42863864,4.529037
7859,7.859,0.43750173,4.565767
7860,7.86,0.43364948,4.5694942
7861,7.861,0.4337189,4.565697
7862,7.862,0.4298508,4.5638747
7863,7.863,0.4221211,4.556048
7864,7.864,0.41678822,4.59172
7865,7.865,0.42413798,4.540856
7866,7.866,0.4230979,4.57007
7867,7.867,0.41383266,4.583128
7868,7.868,0.4242159,4.571383
7869,7.869,0.42700678,4.5494
7870,7.87,0.42454225,4.5977955
7871,7.871,0.45255625,4.612067
7872,7.872,0.45169938,4.546787
7873,7.873,0.4593863,4.564846
7874,7.874,0.45210135,4.54175
7875,7.875,0.43595967,4.5559
7876,7.876,0.41869244,4.59624
7877,7.877,0.41849983,4.57003
7878,7.878,0.42459467,4.5571694
7879,7.879,0.4321608,4.541056
7880,7.88,0.4372883,4.505081
7881,7.881,0.44054854,4.4749246
7882,7.882,0.43504816,4.5718393
7883,7.883,0.422879,4.518815
7884,7.884,0.42514127,4.5611196
7885,7.885,0.43184787,4.498877
7886,7.886,0.42600545,4.480288
7887,7.887,0.43427864,4.4490423
7888,7.888,0.431187,4.4586716
7889,7.889,0.42865604,4.471877
7890,7.89,0.45468384,4.4593525
7891,7.891,0.4413807,4.5328255
7892,7.892,0.43797785,4.5127335
7893,7.893,0.43192682,4.5848393
7894,7.894,0.42824835,4.5755053
7895,7.895,0.44075656,4.6111975
7896,7.896,0.42518246,4.60666
7897,7.897,0.41479665,4.63533
7898,7.898,0.4079907,4.660567
7899,7.899,0.40434462,4.645966
7900,7.9,0.39822492,4.6507325
7901,7.901,0.3868876,4.6153
7902,7.902,0.39965618,4.557747
7903,7.903,0.40098205,4.6090775
7904,7.904,0.41371828,4.6224756
7905,7.905,0.42722425,4.608612
7906,7.906,0.41526332,4.6540427
7907,7.907,0.41687793,4.6244802
7908,7.908,0.42819342,4.62087
7909,7.909,0.42855057,4.6472664
7910,7.91,0.44243035,4.6296277
7911,7.911,0.452556,4.660787
7912,7.912,0.44873315,4.6109996
7913,7.913,0.44603717,4.6190987
7914,7.914,0.44738668,4.6160073
7915,7.915,0.43441543,4.6233387
7916,7.916,0.45567518,4.6217666
7917,7.917,0.45198232,4.65182
7918,7.918,0.44951507,4.627533
7919,7.919,0.4593308,4.658118
7920,7.92,0.46659252,4.6459355
7921,7.921,0.4652642,4.6588645
7922,7.922,0.46632463,4.702144
7923,7.923,0.47589377,4.7500496
7924,7.924,0.45879456,4.6888313
7925,7.925,0.48367178,4.7201467
7926,7.926,0.4797657,4.7184625
7927,7.927,0.49005088,4.743706
7928,7.928,0.48733076,4.6940904
7929,7.929,0.48665807,4.721762
7930,7.93,0.48400363,4.767725
7931,7.931,0.4882127,4.7330093
7932,7.932,0.4905248,4.729368
7933,7.933,0.48481047,4.782576
7934,7.934,0.49794972,4.715465
7935,7.935,0.5013045,4.7064447
7936,7.936,0.4895673,4.741613
7937,7.937,0.5210101,4.726306
7938,7.938,0.5202881,4.709964
7939,7.939,0.5303265,4.727432
7940,7.94,0.5277498,4.721104
7941,7.941,0.5349278,4.6775036
7942,7.942,0.52227247,4.694395
7943,7.943,0.5209969,4.668862
7944,7.944,0.51855767,4.62616
7945,7.945,0.5082938,4.6957397
7946,7.946,0.5098736,4.6892705
7947,7.947,0.51778966,4.710951
7948,7.948,0.5237128,4.701464
7949,7.949,0.5151782,4.7418103
7950,7.95,0.50713986,4.709377
7951,7.951,0.48990992,4.678954
7952,7.952,0.5006588,4.6634297
7953,7.953,0.51636505,4.634427
7954,7.954,0.51809925,4.716597
7955,7.955,0.5098229,4.670478
7956,7.956,0.5117314,4.667725
7957,7.957,0.5080211,4.631895
7958,7.958,0.51366526,4.7179284
7959,7.959,0.50638425,4.6669106
7960,7.96,0.51515824,4.7002263
7961,7.961,0.5301706,4.684154
7962,7.962,0.5246829,4.6525445
7963,7.963,0.5093288,4.615119
7964,7.964,0.51533705,4.598027
7965,7.965,0.51540804,4.6688356
7966,7.966,0.53206253,4.6612277
7967,7.967,0.51322937,4.6197267
7968,7.968,0.516261,4.6224403
7969,7.969,0.5197932,4.631228
7970,7.97,0.5063498,4.629619
7971,7.971,0.51387537,4.6767354
7972,7.972,0.5055134,4.680115
7973,7.973,0.49656922,4.6744847
7974,7.974,0.4820574,4.674416
7975,7.975,0.4974469,4.6726418
7976,7.976,0.5174278,4.640737
7977,7.977,0.5001594,4.6526885
7978,7.978,0.50489265,4.6478906
7979,7.979,0.49641588,4.657586
7980,7.98,0.50680566,4.6563983
7981,7.981,0.50022805,4.6969132
7982,7.982,0.49926832,4.6759763
7983,7.983,0.50565964,4.6627893
7984,7.984,0.4995427,4.647707
7985,7.985,0.49373037,4.66351
7986,7.986,0.49498755,4.6614976
7987,7.987,0.50650215,4.6629586
7988,7.988,0.51363707,4.661735
7989,7.989,0.51425016,4.703477
7990,7.99,0.5005392,4.708829
7991,7.991,0.5177743,4.6934357
7992,7.992,0.5139664,4.7045827
7993,7.993,0.50718963,4.691753
7994,7.994,0.50622314,4.6809874
7995,7.995,0.5190913,4.654087
7996,7.996,0.5063727,4.6877584
7997,7.997,0.50417936,4.713759
7998,7.998,0.5118865,4.6734853
7999,7.999,0.50897586,4.667392
8000,8.0,0.4901602,4.696208
8001,8.001,0.4900036,4.6393733
8002,8.002,0.5034569,4.6552424
8003,8.003,0.49968767,4.6500998
8004,8.004,0.4844974,4.6182175
8005,8.005,0.47774488,4.6609316
8006,8.006,0.47953194,4.640225
8007,8.007,0.4685597,4.587266
8008,8.008,0.48716798,4.5748944
8009,8.009,0.48898944,4.5971265
8010,8.01,0.48169807,4.6136622
8011,8.011,0.49091464,4.5715404
8012,8.012,0.48239744,4.6050525
8013,8.013,0.48427582,4.6347456
8014,8.014,0.5047945,4.6465445
8015,8.015,0.5047983,4.632763
8016,8.016,0.5046393,4.619423
8017,8.017,0.5061246,4.6876698
8018,8.018,0.5080289,4.731451
8019,8.019,0.5039251,4.694356
8020,8.02,0.49566913,4.6627684
8021,8.021,0.4775498,4.69158
8022,8.022,0.4971154,4.6681514
8023,8.023,0.49883017,4.698017
8024,8.024,0.5091689,4.6791945
8025,8.025,0.49964488,4.6736794
8026,8.026,0.48238894,4.6946588
8027,8.027,0.5032178,4.68328
8028,8.028,0.49424168,4.686723
8029,8.029,0.4847302,4.722469
8030,8.03,0.49071705,4.68687
8031,8.031,0.49554038,4.7155204
8032,8.032,0.4714247,4.679338
8033,8.033,0.48300475,4.698166
8034,8.034,0.4829139,4.692113
8035,8.035,0.47877246,4.6538267
8036,8.036,0.4859504,4.6785917
8037,8.037,0.46762154,4.660253
8038,8.038,0.46902058,4.6860185
8039,8.039,0.4716533,4.7227945
8040,8.04,0.46372497,4.761883
8041,8.041,0.46707478,4.7822843
8042,8.042,0.4705953,4.794684
8043,8.043,0.46649528,4.812447
8044,8.044,0.47398973,4.7700515
8045,8.045,0.48968145,4.757785
8046,8.046,0.48970437,4.7841935
8047,8.047,0.48854575,4.8433022
8048,8.048,0.4924263,4.819995
8049,8.049,0.47610325,4.8987412
8050,8.05,0.47443494,4.82235
8051,8.051,0.48532116,4.7946672
8052,8.052,0.4871636,4.7513976
8053,8.053,0.4873406,4.7257586
8054,8.054,0.48112825,4.693685
8055,8.055,0.4908666,4.7164097
8056,8.056,0.49794382,4.669686
8057,8.057,0.48462933,4.7206726
8058,8.058,0.47962087,4.686027
8059,8.059,0.4825873,4.7276964
8060,8.06,0.46846682,4.6240726
8061,8.061,0.48147613,4.676934
8062,8.062,0.46305606,4.674484
8063,8.063,0.47665927,4.6536484
8064,8.064,0.47724956,4.7368865
8065,8.065,0.47572067,4.7603855
8066,8.066,0.47498783,4.7533507
8067,8.067,0.47893748,4.698988
8068,8.068,0.48605007,4.6680493
8069,8.069,0.4976382,4.6489925
8070,8.07,0.4822528,4.7075524
8071,8.071,0.48139822,4.641283
8072,8.072,0.4791894,4.6708884
8073,8.073,0.47973162,4.629131
8074,8.074,0.4981521,4.636101
8075,8.075,0.4966601,4.6770945
8076,8.076,0.48067513,4.6653566
8077,8.077,0.4836033,4.644591
8078,8.078,0.4604797,4.657721
8079,8.079,0.46931094,4.6438866
8080,8.08,0.47656566,4.6766586
8081,8.081,0.47862118,4.6385202
8082,8.082,0.48643827,4.6364307
8083,8.083,0.4814064,4.702999
8084,8.084,0.4733258,4.6509814
8085,8.085,0.47977656,4.6594515
8086,8.086,0.4691693,4.682871
8087,8.087,0.4626502,4.708281
8088,8.088,0.46174696,4.6825967
8089,8.089,0.47364572,4.66812
8090,8.09,0.47201738,4.6894355
8091,8.091,0.46378666,4.7301793
8092,8.092,0.45792624,4.7466316
8093,8.093,0.4593137,4.698219
8094,8.094,0.45896977,4.725067
8095,8.095,0.46035004,4.7208495
8096,8.096,0.45851052,4.7066646
8097,8.097,0.4318386,4.735833
8098,8.098,0.4558725,4.7705355
8099,8.099,0.45721003,4.7281857
8100,8.1,0.455611,4.7657204
8101,8.101,0.45439735,4.773733
8102,8.102,0.45071596,4.7430773
8103,8.103,0.44320473,4.694046
8104,8.104,0.45088443,4.7486978
8105,8.105,0.4249143,4.7444634
8106,8.106,0.44127488,4.7438736
8107,8.107,0.42538875,4.738924
8108,8.108,0.44061926,4.7244687
8109,8.109,0.44833085,4.7048078
8110,8.11,0.44388393,4.7306685
8111,8.111,0.42938554,4.6994624
8112,8.112,0.44333786,4.675089
8113,8.113,0.43428996,4.68229
8114,8.114,0.44240773,4.6732244
8115,8.115,0.44065517,4.662445
8116,8.116,0.46527934,4.6634502
8117,8.117,0.4648808,4.6849427
8118,8.118,0.45565805,4.7032256
8119,8.119,0.4555218,4.685708
8120,8.12,0.461767,4.702175
8121,8.121,0.45061567,4.733394
8122,8.122,0.46883088,4.721288
8123,8.123,0.46359506,4.689349
8124,8.124,0.45391503,4.681126
8125,8.125,0.4693151,4.6914563
8126,8.126,0.4569183,4.7107387
8127,8.127,0.4647924,4.680053
8128,8.128,0.47144347,4.7234364
8129,8.129,0.44835755,4.749846
8130,8.13,0.458334,4.694003
8131,8.131,0.45630515,4.69623
8132,8.132,0.46045673,4.7092505
8133,8.133,0.4568062,4.718526
8134,8.134,0.46590218,4.7276287
8135,8.135,0.47443068,4.7463765
8136,8.136,0.47293913,4.7198462
8137,8.137,0.47913897,4.7645755
8138,8.138,0.47775817,4.8004436
8139,8.139,0.48636627,4.727723
8140,8.14,0.47601932,4.7098556
8141,8.141,0.48200944,4.758848
8142,8.142,0.48352107,4.6873293
8143,8.143,0.47003013,4.6909986
8144,8.144,0.46879253,4.710241
8145,8.145,0.469602,4.6963205
8146,8.146,0.46497318,4.777112
8147,8.147,0.4720502,4.6991487
8148,8.148,0.48029298,4.7334733
8149,8.149,0.4929019,4.713065
8150,8.15,0.48055813,4.7103558
8151,8.151,0.48647702,4.6620555
8152,8.152,0.48532367,4.722157
8153,8.153,0.48269916,4.720959
8154,8.154,0.47778055,4.6948156
8155,8.155,0.47857723,4.718566
8156,8.156,0.48717275,4.680248
8157,8.157,0.48514643,4.732458
8158,8.158,0.4978759,4.695036
8159,8.159,0.4993453,4.7241697
8160,8.16,0.48723656,4.690414
8161,8.161,0.47072732,4.695246
8162,8.162,0.46834502,4.7027354
8163,8.163,0.4756141,4.7211914
8164,8.164,0.47793525,4.712276
8165,8.165,0.4853563,4.683632
8166,8.166,0.48955622,4.7114463
8167,8.167,0.4935668,4.7172904
8168,8.168,0.49780312,4.711335
8169,8.169,0.51648474,4.732302
8170,8.17,0.52628094,4.714047
8171,8.171,0.51860195,4.748549
8172,8.172,0.5140273,4.713929
8173,8.173,0.5106789,4.7193756
8174,8.174,0.51852,4.761616
8175,8.175,0.4995454,4.734657
8176,8.176,0.49971613,4.7481666
8177,8.177,0.5123175,4.7421618
8178,8.178,0.5072986,4.70513
8179,8.179,0.5072451,4.683572
8180,8.18,0.50769603,4.657988
8181,8.181,0.5104501,4.6774564
8182,8.182,0.51471883,4.7158003
8183,8.183,0.51714957,4.6935477
8184,8.184,0.50545096,4.6825943
8185,8.185,0.5037616,4.7365823
8186,8.186,0.50554943,4.7093472
8187,8.187,0.49816105,4.7017336
8188,8.188,0.49928474,4.697094
8189,8.189,0.48419777,4.696009
8190,8.19,0.4957427,4.6911354
8191,8.191,0.49675843,4.724377
8192,8.192,0.50120145,4.7055945
8193,8.193,0.50355285,4.704606
8194,8.194,0.5153967,4.666933
8195,8.195,0.5033352,4.6547766
8196,8.196,0.49791363,4.700353
8197,8.197,0.5003,4.720258
8198,8.198,0.50494987,4.7372136
8199,8.199,0.5092313,4.7056007
8200,8.2,0.49671808,4.741985
8201,8.201,0.5055655,4.7146573
8202,8.202,0.5091264,4.7350407
8203,8.203,0.49801472,4.7483363
8204,8.204,0.5018673,4.792293
8205,8.205,0.5102819,4.7206492
8206,8.206,0.4980956,4.7326517
8207,8.207,0.52241236,4.717806
8208,8.208,0.5004969,4.6703672
8209,8.209,0.49359772,4.6376977
8210,8.21,0.5030317,4.677759
8211,8.211,0.4885559,4.7146997
8212,8.212,0.50981736,4.717005
8213,8.213,0.5220636,4.6536684
8214,8.214,0.5071595,4.665219
8215,8.215,0.4973473,4.66208
8216,8.216,0.50697446,4.683741
8217,8.217,0.5024694,4.6946235
8218,8.218,0.49215567,4.682182
8219,8.219,0.49331355,4.6844893
8220,8.22,0.49035332,4.6616783
8221,8.221,0.4898513,4.649142
8222,8.222,0.49317938,4.6667523
8223,8.223,0.4969356,4.667522
8224,8.224,0.49611786,4.674609
8225,8.225,0.5043369,4.683775
8226,8.226,0.49706134,4.7185497
8227,8.227,0.48723075,4.6878524
8228,8.228,0.49222752,4.7084284
8229,8.229,0.48743773,4.678093
8230,8.23,0.48597956,4.6999693
8231,8.231,0.49246538,4.626593
8232,8.232,0.4902352,4.718399
8233,8.233,0.4903215,4.6598773
8234,8.234,0.49610224,4.5922217
8235,8.235,0.50888276,4.6674604
8236,8.236,0.4867438,4.6984534
8237,8.237,0.49123314,4.6956496
8238,8.238,0.48753235,4.7159905
8239,8.239,0.5022316,4.6346984
8240,8.24,0.49322557,4.6855536
8241,8.241,0.47768292,4.700498
8242,8.242,0.48951855,4.704678
8243,8.243,0.48840764,4.6818137
8244,8.244,0.49267355,4.7331753
8245,8.245,0.5003396,4.719835
8246,8.246,0.49439684,4.7061195
8247,8.247,0.49886194,4.7372823
8248,8.248,0.49542034,4.6790047
8249,8.249,0.48381945,4.66009
8250,8.25,0.48665377,4.6648307
8251,8.251,0.4929848,4.704738
8252,8.252,0.5040083,4.6875224
8253,8.253,0.48236018,4.7177105
8254,8.254,0.4900753,4.7014804
8255,8.255,0.49074945,4.690656
8256,8.256,0.500824,4.6639214
8257,8.257,0.49535745,4.6983337
8258,8.258,0.50642157,4.714606
8259,8.259,0.5023189,4.6697116
8260,8.26,0.49860093,4.6779857
8261,8.261,0.48265222,4.686226
8262,8.262,0.50386864,4.7148185
8263,8.263,0.48573494,4.6665506
8264,8.264,0.484427,4.7102604
8265,8.265,0.48920095,4.675239
8266,8.266,0.47988412,4.683819
8267,8.267,0.4939862,4.6893134
8268,8.268,0.49552825,4.737893
8269,8.269,0.4936771,4.7152824
8270,8.27,0.4967076,4.678066
8271,8.271,0.48188615,4.7071285
8272,8.272,0.4911051,4.6708045
8273,8.273,0.49727035,4.6661487
8274,8.274,0.5008047,4.703495
8275,8.275,0.4976639,4.718846
8276,8.276,0.5024676,4.7290244
8277,8.277,0.4989918,4.7125597
8278,8.278,0.49002093,4.708606
8279,8.279,0.47997493,4.7034717
8280,8.28,0.4961393,4.736157
8281,8.281,0.49698666,4.7474174
8282,8.282,0.4829539,4.7226706
8283,8.283,0.47894618,4.705074
8284,8.284,0.47062403,4.7292285
8285,8.285,0.47109848,4.738792
8286,8.286,0.46893355,4.8004723
8287,8.287,0.48494658,4.7902184
8288,8.288,0.4842479,4.808902
8289,8.289,0.49075463,4.792357
8290,8.29,0.4892911,4.739376
8291,8.291,0.49729675,4.7559032
8292,8.292,0.5061968,4.786878
8293,8.293,0.5093995,4.7575016
8294,8.294,0.5098892,4.7768674
8295,8.295,0.5050492,4.763333
8296,8.296,0.49934554,4.800138
8297,8.297,0.5146829,4.764431
8298,8.298,0.5008276,4.7728677
8299,8.299,0.4968136,4.7488236
8300,8.3,0.4950601,4.7619853
8301,8.301,0.4930795,4.7534585
8302,8.302,0.5057709,4.7581496
8303,8.303,0.50595635,4.751073
8304,8.304,0.49088228,4.766389
8305,8.305,0.5081816,4.7469444
8306,8.306,0.5247452,4.757616
8307,8.307,0.51809233,4.748995
8308,8.308,0.52134955,4.7285566
8309,8.309,0.5146231,4.7408266
8310,8.31,0.50923073,4.722232
8311,8.311,0.5343293,4.7404165
8312,8.312,0.52218735,4.7665515
8313,8.313,0.51965004,4.7553353
8314,8.314,0.5272953,4.769534
8315,8.315,0.5370367,4.815156
8316,8.316,0.5226987,4.7626247
8317,8.317,0.51972926,4.809682
8318,8.318,0.51541793,4.7529297
8319,8.319,0.5159083,4.782059
8320,8.32,0.51154464,4.7659283
8321,8.321,0.5029031,4.7623606
8322,8.322,0.50335884,4.742776
8323,8.323,0.4982699,4.7758393
8324,8.324,0.50582486,4.750071
8325,8.325,0.498855,4.7392454
8326,8.326,0.48921892,4.7094817
8327,8.327,0.472594,4.7402887
8328,8.328,0.47832304,4.727756
8329,8.329,0.4694598,4.7210646
8330,8.33,0.481633,4.7431583
8331,8.331,0.46387088,4.720241
8332,8.332,0.45877895,4.6711025
8333,8.333,0.47239044,4.7264357
8334,8.334,0.47754014,4.7649984
8335,8.335,0.48382366,4.734476
8336,8.336,0.48751584,4.718218
8337,8.337,0.49742097,4.708389
8338,8.338,0.4994417,4.713859
8339,8.339,0.50169224,4.6885366
8340,8.34,0.4896561,4.7228136
8341,8.341,0.49905884,4.727866
8342,8.342,0.49876726,4.7218704
8343,8.343,0.4942454,4.6997795
8344,8.344,0.4886508,4.6947236
8345,8.345,0.48569354,4.694234
8346,8.346,0.49017778,4.753028
8347,8.347,0.47655982,4.6942325
8348,8.348,0.47427204,4.7095594
8349,8.349,0.47691458,4.710195
8350,8.35,0.48834693,4.7250137
8351,8.351,0.4759602,4.741011
8352,8.352,0.4852335,4.713743
8353,8.353,0.4780481,4.7427335
8354,8.354,0.46978757,4.7224836
8355,8.355,0.465875,4.722609
8356,8.356,0.4676141,4.7313013
8357,8.357,0.46873286,4.7107224
8358,8.358,0.46907392,4.676908
8359,8.359,0.49019182,4.7276797
8360,8.36,0.49246338,4.7077394
8361,8.361,0.50651944,4.777693
8362,8.362,0.49195987,4.7422256
8363,8.363,0.51985455,4.7752137
8364,8.364,0.48996973,4.739657
8365,8.365,0.49241784,4.773303
8366,8.366,0.48437774,4.761134
8367,8.367,0.4870592,4.7723103
8368,8.368,0.48639122,4.7474174
8369,8.369,0.49179983,4.755454
8370,8.37,0.4770549,4.7757125
8371,8.371,0.46733135,4.7747054
8372,8.372,0.45270425,4.7971225
8373,8.373,0.4541817,4.7535267
8374,8.374,0.4423807,4.764343
8375,8.375,0.44869992,4.7925477
8376,8.376,0.45477232,4.804773
8377,8.377,0.45310828,4.7800846
8378,8.378,0.45133147,4.814609
8379,8.379,0.45420587,4.7654285
8380,8.38,0.46216986,4.760934
8381,8.381,0.45703554,4.714991
8382,8.382,0.45921916,4.6900544
8383,8.383,0.45067507,4.7504625
8384,8.384,0.45537588,4.747196
8385,8.385,0.4645837,4.7725453
8386,8.386,0.468529,4.7412863
8387,8.387,0.45927694,4.7318826
8388,8.388,0.4568958,4.7163305
8389,8.389,0.4399064,4.7679596
8390,8.39,0.4570711,4.713082
8391,8.391,0.4593236,4.7641788
8392,8.392,0.46289438,4.6974115
8393,8.393,0.45651308,4.7337513
8394,8.394,0.44818115,4.71361
8395,8.395,0.453313,4.6906157
8396,8.396,0.4469692,4.718344
8397,8.397,0.44355202,4.7181077
8398,8.398,0.44602346,4.709805
8399,8.399,0.4411638,4.7014403
8400,8.4,0.41857716,4.733484
8401,8.401,0.42413405,4.735134
8402,8.402,0.41517046,4.721922
8403,8.403,0.41287848,4.7227087
8404,8.404,0.4056983,4.73984
8405,8.405,0.41443643,4.7116866
8406,8.406,0.4153119,4.7404923
8407,8.407,0.40946347,4.7033496
8408,8.408,0.40083686,4.7202387
8409,8.409,0.40824872,4.717886
8410,8.41,0.4092952,4.6994357
8411,8.411,0.4072843,4.7102113
8412,8.412,0.4007499,4.709049
8413,8.413,0.41158,4.674278
8414,8.414,0.4071767,4.6876173
8415,8.415,0.3999777,4.708195
8416,8.416,0.42276034,4.672601
8417,8.417,0.41724765,4.6975017
8418,8.418,0.42419863,4.738985
8419,8.419,0.42145762,4.6980567
8420,8.42,0.39963117,4.682785
8421,8.421,0.40738985,4.657489
8422,8.422,0.4081023,4.6498346
8423,8.423,0.38891926,4.631518
8424,8.424,0.38989323,4.6711016
8425,8.425,0.3893488,4.670729
8426,8.426,0.38746458,4.662271
8427,8.427,0.40709025,4.7300587
8428,8.428,0.40250087,4.6991715
8429,8.429,0.39556256,4.701773
8430,8.43,0.3883864,4.6852922
8431,8.431,0.38090035,4.6589837
8432,8.432,0.3852199,4.70166
8433,8.433,0.39599046,4.6769223
8434,8.434,0.40125048,4.7243357
8435,8.435,0.3895806,4.686985
8436,8.436,0.40092322,4.672055
8437,8.437,0.39545986,4.6537013
8438,8.438,0.39056033,4.6987314
8439,8.439,0.40097687,4.6970425
8440,8.44,0.41041124,4.7048516
8441,8.441,0.42181677,4.702215
8442,8.442,0.42091393,4.7172866
8443,8.443,0.4141231,4.7337875
8444,8.444,0.39919937,4.68032
8445,8.445,0.39332828,4.673659
8446,8.446,0.38244316,4.6408563
8447,8.447,0.3909776,4.705346
8448,8.448,0.38586634,4.7195115
8449,8.449,0.39013907,4.6882405
8450,8.45,0.40106043,4.659586
8451,8.451,0.3946115,4.6776342
8452,8.452,0.3861167,4.6274824
8453,8.453,0.39541146,4.590633
8454,8.454,0.4025451,4.658651
8455,8.455,0.3857005,4.638251
8456,8.456,0.38215393,4.652929
8457,8.457,0.3847721,4.6444335
8458,8.458,0.38480332,4.650956
8459,8.459,0.38192263,4.6876497
8460,8.46,0.3749348,4.635963
8461,8.461,0.37203145,4.643053
8462,8.462,0.37193775,4.665391
8463,8.463,0.37165824,4.698876
8464,8.464,0.3680549,4.6470656
8465,8.465,0.3670636,4.6809874
8466,8.466,0.36145097,4.657852
8467,8.467,0.3595337,4.6914015
8468,8.468,0.3522538,4.630413
8469,8.469,0.34365582,4.647662
8470,8.47,0.36023763,4.641108
8471,8.471,0.36750582,4.6391945
8472,8.472,0.3669625,4.6448317
8473,8.473,0.35971949,4.625299
8474,8.474,0.35875028,4.6434574
8475,8.475,0.35000807,4.618093
8476,8.476,0.36176696,4.6504593
8477,8.477,0.3471087,4.7002892
8478,8.478,0.34774917,4.672027
8479,8.479,0.35301104,4.638885
8480,8.48,0.3363285,4.67996
8481,8.481,0.34622705,4.710571
8482,8.482,0.35736898,4.742645
8483,8.483,0.37115324,4.7211013
8484,8.484,0.3577088,4.719853
8485,8.485,0.36238265,4.685119
8486,8.486,0.3752616,4.6545277
8487,8.487,0.38751364,4.667142
8488,8.488,0.38717836,4.6554184
8489,8.489,0.38823488,4.6212044
8490,8.49,0.40691814,4.638388
8491,8.491,0.40088603,4.654054
8492,8.492,0.38924593,4.7055464
8493,8.493,0.3891972,4.633603
8494,8.494,0.38551882,4.6776958
8495,8.495,0.4037305,4.6827307
8496,8.496,0.39014426,4.70335
8497,8.497,0.3894573,4.694105
8498,8.498,0.40135995,4.642163
8499,8.499,0.40986615,4.695559
8500,8.5,0.42479405,4.668367
8501,8.501,0.40115052,4.6539493
8502,8.502,0.42130247,4.6778226
8503,8.503,0.416118,4.680373
8504,8.504,0.41135666,4.6720653
8505,8.505,0.40565786,4.6521444
8506,8.506,0.4082167,4.619818
8507,8.507,0.41297802,4.6688547
8508,8.508,0.41211876,4.6536875
8509,8.509,0.41155854,4.6627455
8510,8.51,0.41809154,4.686699
8511,8.511,0.42387217,4.623477
8512,8.512,0.42751122,4.651282
8513,8.513,0.42442653,4.664429
8514,8.514,0.43532652,4.628724
8515,8.515,0.42610422,4.655471
8516,8.516,0.4258913,4.6679754
8517,8.517,0.41184983,4.661086
8518,8.518,0.4338544,4.6778636
8519,8.519,0.4197331,4.6826425
8520,8.52,0.4410493,4.683638
8521,8.521,0.42677972,4.687313
8522,8.522,0.44369,4.6535635
8523,8.523,0.44681194,4.688833
8524,8.524,0.4296045,4.6609797
8525,8.525,0.4248566,4.646484
8526,8.526,0.44144148,4.6794868
8527,8.527,0.4269755,4.6817026
8528,8.528,0.42112753,4.6601186
8529,8.529,0.4091805,4.6329904
8530,8.53,0.4109871,4.6693964
8531,8.531,0.41547957,4.642004
8532,8.532,0.42594805,4.641756
8533,8.533,0.41974002,4.6422596
8534,8.534,0.43064767,4.667926
8535,8.535,0.4199977,4.6715603
8536,8.536,0.4389774,4.701076
8537,8.537,0.43934223,4.70263
8538,8.538,0.43537432,4.7154927
8539,8.539,0.42128864,4.672535
8540,8.54,0.42958674,4.6805325
8541,8.541,0.40312234,4.672689
8542,8.542,0.40609732,4.6979427
8543,8.543,0.39600113,4.731318
8544,8.544,0.4031226,4.6754923
8545,8.545,0.41237676,4.6960416
8546,8.546,0.38904837,4.6796002
8547,8.547,0.4019563,4.6906385
8548,8.548,0.3953853,4.644066
8549,8.549,0.3946729,4.6442933
8550,8.55,0.3978767,4.6220646
8551,8.551,0.3874043,4.5999374
8552,8.552,0.40861112,4.5574455
8553,8.553,0.3957243,4.573443
8554,8.554,0.37472987,4.59872
8555,8.555,0.38611642,4.564614
8556,8.556,0.38923833,4.579717
8557,8.557,0.39646208,4.629514
8558,8.558,0.39341876,4.6071377
8559,8.559,0.37539637,4.6124206
8560,8.56,0.37397873,4.591144
8561,8.561,0.36760426,4.608163
8562,8.562,0.36421698,4.5922365
8563,8.563,0.36633068,4.589067
8564,8.564,0.37246603,4.612266
8565,8.565,0.37269765,4.585889
8566,8.566,0.3734402,4.587092
8567,8.567,0.37725616,4.61376
8568,8.568,0.37764677,4.552406
8569,8.569,0.38509744,4.5700684
8570,8.57,0.38608047,4.631718
8571,8.571,0.39019462,4.612094
8572,8.572,0.39152285,4.659633
8573,8.573,0.40487203,4.602224
8574,8.574,0.41218174,4.5766954
8575,8.575,0.40923488,4.6104493
8576,8.576,0.41599578,4.581335
8577,8.577,0.4096578,4.5669236
8578,8.578,0.39719704,4.552353
8579,8.579,0.40368927,4.537498
8580,8.58,0.40402675,4.554037
8581,8.581,0.42429537,4.5778394
8582,8.582,0.39930895,4.6227317
8583,8.583,0.40428343,4.6197314
8584,8.584,0.4168004,4.5705013
8585,8.585,0.4067488,4.6490116
8586,8.586,0.4348273,4.597714
8587,8.587,0.43919381,4.5716953
8588,8.588,0.43671668,4.54605
8589,8.589,0.4382417,4.5687056
8590,8.59,0.42882454,4.572761
8591,8.591,0.4192695,4.5552373
8592,8.592,0.41511184,4.562041
8593,8.593,0.4239083,4.639599
8594,8.594,0.4160662,4.634786
8595,8.595,0.41965145,4.6146717
8596,8.596,0.40609062,4.634585
8597,8.597,0.40895486,4.642614
8598,8.598,0.40432376,4.6659455
8599,8.599,0.40198776,4.659754
8600,8.6,0.40276027,4.6725917
8601,8.601,0.38650692,4.679992
8602,8.602,0.39336443,4.6645546
8603,8.603,0.40190536,4.6268473
8604,8.604,0.40459254,4.6349792
8605,8.605,0.39952645,4.662106
8606,8.606,0.383436,4.607474
8607,8.607,0.3893402,4.632464
8608,8.608,0.39753926,4.6837697
8609,8.609,0.39000854,4.6283226
8610,8.61,0.3815285,4.646357
8611,8.611,0.38970196,4.625121
8612,8.612,0.38893068,4.6649337
8613,8.613,0.39160538,4.6393476
8614,8.614,0.39635345,4.6552863
8615,8.615,0.3852868,4.644073
8616,8.616,0.37732768,4.635431
8617,8.617,0.3795852,4.6373787
8618,8.618,0.36895394,4.6303263
8619,8.619,0.3755446,4.653062
8620,8.62,0.3690274,4.6280394
8621,8.621,0.3752168,4.612024
8622,8.622,0.3929522,4.642074
8623,8.623,0.39195237,4.5752406
8624,8.624,0.3972145,4.627592
8625,8.625,0.38235065,4.5648074
8626,8.626,0.37625775,4.5907083
8627,8.627,0.3748366,4.6058865
8628,8.628,0.36923692,4.6379137
8629,8.629,0.3717041,4.575976
8630,8.63,0.3837232,4.623018
8631,8.631,0.3920032,4.6244125
8632,8.632,0.41306952,4.6368356
8633,8.633,0.41255823,4.607934
8634,8.634,0.41014737,4.5887084
8635,8.635,0.4173618,4.564412
8636,8.636,0.39628768,4.6159487
8637,8.637,0.40012333,4.5366654
8638,8.638,0.40729707,4.6447687
8639,8.639,0.40348604,4.630179
8640,8.64,0.40788668,4.5972695
8641,8.641,0.41998506,4.648801
8642,8.642,0.39917693,4.6311903
8643,8.643,0.3904286,4.648219
8644,8.644,0.38711625,4.6069226
8645,8.645,0.39892983,4.6305237
8646,8.646,0.40469953,4.647258
8647,8.647,0.4028065,4.608284
8648,8.648,0.41992423,4.5964704
8649,8.649,0.41485113,4.600751
8650,8.65,0.42089757,4.5884275
8651,8.651,0.42724574,4.6035748
8652,8.652,0.42634585,4.581781
8653,8.653,0.43557766,4.5829496
8654,8.654,0.40919024,4.587335
8655,8.655,0.4135295,4.608785
8656,8.656,0.41088837,4.579741
8657,8.657,0.40245593,4.600947
8658,8.658,0.41167465,4.6101446
8659,8.659,0.401277,4.581272
8660,8.66,0.39643204,4.5840783
8661,8.661,0.3822232,4.5969586
8662,8.662,0.3893512,4.5986776
8663,8.663,0.38835394,4.5881047
8664,8.664,0.37623438,4.5671835
8665,8.665,0.41143632,4.6154776
8666,8.666,0.4023659,4.580494
8667,8.667,0.4032757,4.6045313
8668,8.668,0.39407244,4.5984454
8669,8.669,0.36081764,4.621645
8670,8.67,0.36655763,4.5636215
8671,8.671,0.37264505,4.5575433
8672,8.672,0.39149672,4.5641484
8673,8.673,0.38748562,4.5424514
8674,8.674,0.39008677,4.597251
8675,8.675,0.3753123,4.5756073
8676,8.676,0.39033088,4.5894227
8677,8.677,0.37553507,4.615135
8678,8.678,0.36856505,4.5940304
8679,8.679,0.3902844,4.61974
8680,8.68,0.3837312,4.652172
8681,8.681,0.38976526,4.604663
8682,8.682,0.3875463,4.571557
8683,8.683,0.39017224,4.622586
8684,8.684,0.40428445,4.5761065
8685,8.685,0.40775558,4.6139073
8686,8.686,0.4040875,4.6351523
8687,8.687,0.40391898,4.6197896
8688,8.688,0.4030998,4.62272
8689,8.689,0.39652386,4.63483
8690,8.69,0.4020204,4.6320148
8691,8.691,0.3949086,4.5974464
8692,8.692,0.39541948,4.629202
8693,8.693,0.40361136,4.699379
8694,8.694,0.3920644,4.645616
8695,8.695,0.39371338,4.6533804
8696,8.696,0.38145623,4.608601
8697,8.697,0.3763743,4.6105647
8698,8.698,0.39512837,4.6283464
8699,8.699,0.39429897,4.5921206
8700,8.7,0.37187898,4.6205163
8701,8.701,0.38420114,4.6495585
8702,8.702,0.38863263,4.633365
8703,8.703,0.39039737,4.644026
8704,8.704,0.38080245,4.68767
8705,8.705,0.37881288,4.6585436
8706,8.706,0.38549918,4.6631513
8707,8.707,0.37288105,4.6339345
8708,8.708,0.38672906,4.635566
8709,8.709,0.3822125,4.6575837
8710,8.71,0.39976248,4.630615
8711,8.711,0.40406707,4.635412
8712,8.712,0.3829636,4.592869
8713,8.713,0.37638614,4.629283
8714,8.714,0.40104142,4.603088
8715,8.715,0.4063665,4.6481957
8716,8.716,0.40960756,4.6699204
8717,8.717,0.41476905,4.6644397
8718,8.718,0.4183403,4.6477013
8719,8.719,0.41635478,4.675944
8720,8.72,0.40800795,4.720765
8721,8.721,0.4125889,4.7109714
8722,8.722,0.41987246,4.6285906
8723,8.723,0.42435977,4.6358924
8724,8.724,0.43753833,4.6056094
8725,8.725,0.4434681,4.6405377
8726,8.726,0.43258935,4.6404343
8727,8.727,0.41139826,4.672482
8728,8.728,0.41555604,4.69927
8729,8.729,0.424326,4.6285477
8730,8.73,0.43431285,4.6328487
8731,8.731,0.43802682,4.6548934
8732,8.732,0.43223435,4.6284394
8733,8.733,0.42981365,4.61442
8734,8.734,0.45412368,4.632761
8735,8.735,0.44860446,4.6932397
8736,8.736,0.46078563,4.6498337
8737,8.737,0.4538222,4.685963
8738,8.738,0.4548234,4.67802
8739,8.739,0.46848902,4.6339116
8740,8.74,0.47898525,4.635488
8741,8.741,0.4533956,4.685728
8742,8.742,0.4556153,4.6319165
8743,8.743,0.46022472,4.642065
8744,8.744,0.45495948,4.624247
8745,8.745,0.44954917,4.6280336
8746,8.746,0.46181554,4.65093
8747,8.747,0.4356598,4.6191792
8748,8.748,0.43291232,4.5898905
8749,8.749,0.4387572,4.5778975
8750,8.75,0.42791852,4.558178
8751,8.751,0.4173395,4.5672097
8752,8.752,0.41593003,4.5573506
8753,8.753,0.40747315,4.5424757
8754,8.754,0.4050995,4.5748415
8755,8.755,0.42041117,4.5891094
8756,8.756,0.41842097,4.608952
8757,8.757,0.43091655,4.5730257
8758,8.758,0.44539142,4.607749
8759,8.759,0.45838922,4.584716
8760,8.76,0.47008756,4.560478
8761,8.761,0.47606474,4.63076
8762,8.762,0.46585938,4.589245
8763,8.763,0.4414534,4.6327434
8764,8.764,0.4537576,4.6552944
8765,8.765,0.438824,4.6858783
8766,8.766,0.43242952,4.62197
8767,8.767,0.45847523,4.6084666
8768,8.768,0.4602841,4.632695
8769,8.769,0.45951134,4.624368
8770,8.77,0.4627525,4.613096
8771,8.771,0.45762476,4.6554794
8772,8.772,0.46036988,4.690348
8773,8.773,0.4691954,4.6403356
8774,8.774,0.46219748,4.6557746
8775,8.775,0.479079,4.629979
8776,8.776,0.48810497,4.682081
8777,8.777,0.4864372,4.6429543
8778,8.778,0.47430274,4.6415935
8779,8.779,0.4900753,4.64217
8780,8.78,0.47054422,4.592908
8781,8.781,0.46242878,4.634298
8782,8.782,0.45483294,4.637913
8783,8.783,0.45576143,4.5835376
8784,8.784,0.45633948,4.6062737
8785,8.785,0.45749173,4.597543
8786,8.786,0.44687068,4.5837774
8787,8.787,0.46081322,4.641825
8788,8.788,0.45950553,4.6136556
8789,8.789,0.45700824,4.634143
8790,8.79,0.4593864,4.629256
8791,8.791,0.46135876,4.5959754
8792,8.792,0.45326936,4.5747113
8793,8.793,0.45190763,4.568322
8794,8.794,0.4550564,4.629482
8795,8.795,0.45586932,4.649164
8796,8.796,0.45666575,4.643059
8797,8.797,0.4693623,4.673775
8798,8.798,0.4633963,4.616821
8799,8.799,0.45978457,4.6454916
8800,8.8,0.45208475,4.6219673
8801,8.801,0.46455383,4.611694
8802,8.802,0.449471,4.629679
8803,8.803,0.4361374,4.684776
8804,8.804,0.44366914,4.668337
8805,8.805,0.4356363,4.644083
8806,8.806,0.42586243,4.589882
8807,8.807,0.42480397,4.6510897
8808,8.808,0.434923,4.5798626
8809,8.809,0.45293096,4.628223
8810,8.81,0.45216388,4.625712
8811,8.811,0.445144,4.654737
8812,8.812,0.44648713,4.6399217
8813,8.813,0.4413202,4.6697063
8814,8.814,0.4417683,4.678665
8815,8.815,0.43268183,4.718356
8816,8.816,0.45164806,4.6470284
8817,8.817,0.4465938,4.672472
8818,8.818,0.43426013,4.650756
8819,8.819,0.4341566,4.694898
8820,8.82,0.42585942,4.7244883
8821,8.821,0.43014017,4.68241
8822,8.822,0.4203621,4.652596
8823,8.823,0.4280942,4.6569104
8824,8.824,0.4332309,4.6884522
8825,8.825,0.44719416,4.6859584
8826,8.826,0.44075695,4.6636114
8827,8.827,0.44276202,4.7405705
8828,8.828,0.4417446,4.667351
8829,8.829,0.43965062,4.677509
8830,8.83,0.43881607,4.71265
8831,8.831,0.44375706,4.734803
8832,8.832,0.45442522,4.695247
8833,8.833,0.4519625,4.719156
8834,8.834,0.45839062,4.7223186
8835,8.835,0.45676723,4.7184196
8836,8.836,0.45511165,4.7180963
8837,8.837,0.43362933,4.7043786
8838,8.838,0.4388764,4.706535
8839,8.839,0.4523686,4.646173
8840,8.84,0.44294906,4.714667
8841,8.841,0.44041234,4.7201185
8842,8.842,0.45518747,4.6750946
8843,8.843,0.4572931,4.679568
8844,8.844,0.4622365,4.679749
8845,8.845,0.46824592,4.678361
8846,8.846,0.45742047,4.714143
8847,8.847,0.46208116,4.74428
8848,8.848,0.47559988,4.6803565
8849,8.849,0.47459427,4.700184
8850,8.85,0.45998818,4.6589475
8851,8.851,0.47986594,4.6846604
8852,8.852,0.4705028,4.710599
8853,8.853,0.48857427,4.695093
8854,8.854,0.469096,4.668128
8855,8.855,0.45408982,4.6631227
8856,8.856,0.4551848,4.690877
8857,8.857,0.45833427,4.6488304
8858,8.858,0.45925188,4.6638513
8859,8.859,0.4652437,4.667284
8860,8.86,0.4607846,4.6762834
8861,8.861,0.4538092,4.7059064
8862,8.862,0.4583721,4.6652403
8863,8.863,0.45980883,4.7086773
8864,8.864,0.45896864,4.6774383
8865,8.865,0.47390655,4.669892
8866,8.866,0.48503977,4.6799726
8867,8.867,0.48886046,4.660949
8868,8.868,0.47478142,4.647146
8869,8.869,0.47632,4.646461
8870,8.87,0.47515818,4.653138
8871,8.871,0.47734934,4.66627
8872,8.872,0.49167818,4.707693
8873,8.873,0.4864012,4.6741176
8874,8.874,0.47886688,4.6667676
8875,8.875,0.5004028,4.6292458
8876,8.876,0.5001041,4.6579866
8877,8.877,0.5101888,4.5895286
8878,8.878,0.5113806,4.6536136
8879,8.879,0.5012794,4.6001887
8880,8.88,0.5055574,4.647797
8881,8.881,0.5066532,4.556559
8882,8.882,0.49920025,4.6418614
8883,8.883,0.5050744,4.635604
8884,8.884,0.50560814,4.6744003
8885,8.885,0.49449468,4.587136
8886,8.886,0.5046708,4.629208
8887,8.887,0.50561756,4.6522536
8888,8.888,0.4975302,4.6920924
8889,8.889,0.50105846,4.6708183
8890,8.89,0.48348376,4.671121
8891,8.891,0.48813456,4.663146
8892,8.892,0.49501592,4.694631
8893,8.893,0.488245,4.677804
8894,8.894,0.4878644,4.688401
8895,8.895,0.4811787,4.7220635
8896,8.896,0.48547488,4.6905217
8897,8.897,0.47876668,4.670739
8898,8.898,0.4791076,4.6861334
8899,8.899,0.4641118,4.661466
8900,8.9,0.4755803,4.711628
8901,8.901,0.4807242,4.6952424
8902,8.902,0.49090075,4.723989
8903,8.903,0.48386222,4.7203565
8904,8.904,0.4824995,4.7156806
8905,8.905,0.48210415,4.68415
8906,8.906,0.48280835,4.679929
8907,8.907,0.4969355,4.649635
8908,8.908,0.497328,4.6880455
8909,8.909,0.4947436,4.7131233
8910,8.91,0.4995485,4.7668695
8911,8.911,0.48597145,4.6783032
8912,8.912,0.4845122,4.6708784
8913,8.913,0.4778039,4.644406
8914,8.914,0.48501465,4.577108
8915,8.915,0.49084684,4.584797
8916,8.916,0.4812194,4.6415157
8917,8.917,0.47999635,4.640674
8918,8.918,0.47446856,4.6368837
8919,8.919,0.47855535,4.675307
8920,8.92,0.4762411,4.6600037
8921,8.921,0.46412924,4.723688
8922,8.922,0.4562451,4.7509694
8923,8.923,0.46175835,4.6790123
8924,8.924,0.45846048,4.7012315
8925,8.925,0.45693195,4.718457
8926,8.926,0.4706663,4.7335486
8927,8.927,0.46192718,4.693311
8928,8.928,0.4530472,4.6777105
8929,8.929,0.44317982,4.736512
8930,8.93,0.43952098,4.7273173
8931,8.931,0.4480692,4.698455
8932,8.932,0.44659975,4.693305
8933,8.933,0.45957637,4.700927
8934,8.934,0.46390504,4.698038
8935,8.935,0.46789697,4.7378764
8936,8.936,0.46733987,4.723414
8937,8.937,0.45327613,4.7048254
8938,8.938,0.4515535,4.6853514
8939,8.939,0.44193205,4.7112837
8940,8.94,0.4389471,4.7095385
8941,8.941,0.42731702,4.7066965
8942,8.942,0.43806124,4.722279
8943,8.943,0.4333612,4.668371
8944,8.944,0.4369596,4.638459
8945,8.945,0.44957605,4.6639104
8946,8.946,0.4430413,4.675188
8947,8.947,0.4235059,4.7085176
8948,8.948,0.41992944,4.703304
8949,8.949,0.4198682,4.720895
8950,8.95,0.4293674,4.721261
8951,8.951,0.44892377,4.677537
8952,8.952,0.4569885,4.6909347
8953,8.953,0.45467,4.6790953
8954,8.954,0.4623419,4.6922174
8955,8.955,0.45779598,4.6660724
8956,8.956,0.45490155,4.6464725
8957,8.957,0.46980613,4.604534
8958,8.958,0.47553498,4.6574726
8959,8.959,0.4705732,4.642273
8960,8.96,0.46838278,4.638414
8961,8.961,0.48112896,4.596049
8962,8.962,0.48363128,4.61755
8963,8.963,0.461111,4.5738783
8964,8.964,0.4738758,4.572315
8965,8.965,0.47500268,4.5828705
8966,8.966,0.49130774,4.5572324
8967,8.967,0.49021316,4.6000853
8968,8.968,0.4884048,4.6377482
8969,8.969,0.47358763,4.615251
8970,8.97,0.47935954,4.6163793
8971,8.971,0.48677692,4.654463
8972,8.972,0.48130816,4.680916
8973,8.973,0.48532498,4.715003
8974,8.974,0.4881831,4.6359153
8975,8.975,0.48802337,4.639035
8976,8.976,0.48078057,4.62233
8977,8.977,0.4783372,4.687557
8978,8.978,0.47692597,4.6795855
8979,8.979,0.48556834,4.706782
8980,8.98,0.481654,4.67827
8981,8.981,0.45608747,4.6820154
8982,8.982,0.45905173,4.6879478
8983,8.983,0.47281054,4.702765
8984,8.984,0.4813233,4.6470966
8985,8.985,0.48406407,4.6715426
8986,8.986,0.49924135,4.6780896
8987,8.987,0.49140233,4.724603
8988,8.988,0.47482342,4.718433
8989,8.989,0.4796686,4.7254434
8990,8.99,0.49655956,4.7424803
8991,8.991,0.49836382,4.700608
8992,8.992,0.50167507,4.701394
8993,8.993,0.5081428,4.6887045
8994,8.994,0.5195585,4.6990767
8995,8.995,0.51964647,4.663886
8996,8.996,0.50785965,4.661355
8997,8.997,0.48981753,4.7063212
8998,8.998,0.49614745,4.7199297
8999,8.999,0.48944157,4.7141905
9000,9.0,0.4864934,4.6800127
9001,9.001,0.46627444,4.7381005
9002,9.002,0.48686156,4.75965
9003,9.003,0.5059824,4.7034993
9004,9.004,0.5070418,4.7072377
9005,9.005,0.494951,4.7207456
9006,9.006,0.49772626,4.6869802
9007,9.007,0.50500363,4.684961
9008,9.008,0.49336922,4.6933727
9009,9.009,0.484301,4.6855555
9010,9.01,0.49279132,4.7200603
9011,9.011,0.49752554,4.656741
9012,9.012,0.48524994,4.678008
9013,9.013,0.4841167,4.6819205
9014,9.014,0.48739445,4.6884284
9015,9.015,0.47750515,4.699234
9016,9.016,0.47033325,4.72873
9017,9.017,0.48379448,4.7343554
9018,9.018,0.47831702,4.719093
9019,9.019,0.47389156,4.700416
9020,9.02,0.48395157,4.701648
9021,9.021,0.47106865,4.68946
9022,9.022,0.4704215,4.6840706
9023,9.023,0.47373968,4.655605
9024,9.024,0.4517558,4.716025
9025,9.025,0.45894495,4.715339
9026,9.026,0.46289012,4.6796308
9027,9.027,0.44677275,4.7554
9028,9.028,0.45730725,4.694953
9029,9.029,0.45736018,4.728683
9030,9.03,0.49107334,4.68145
9031,9.031,0.49821037,4.683815
9032,9.032,0.50022846,4.7033787
9033,9.033,0.48908517,4.6924744
9034,9.034,0.48551106,4.7359114
9035,9.035,0.4811661,4.682225
9036,9.036,0.48138765,4.7050557
9037,9.037,0.47493845,4.6694627
9038,9.038,0.4657112,4.7075706
9039,9.039,0.45290735,4.718299
9040,9.04,0.4507315,4.70936
9041,9.041,0.4306745,4.720094
9042,9.042,0.44145405,4.696818
9043,9.043,0.44610405,4.7187343
9044,9.044,0.44071382,4.702197
9045,9.045,0.4415728,4.686025
9046,9.046,0.4506189,4.7423687
9047,9.047,0.46892184,4.731948
9048,9.048,0.467711,4.727034
9049,9.049,0.45652714,4.651819
9050,9.05,0.47378808,4.678307
9051,9.051,0.4701201,4.6533046
9052,9.052,0.46770346,4.6556206
9053,9.053,0.4713222,4.661
9054,9.054,0.4784969,4.6453843
9055,9.055,0.49049523,4.6494675
9056,9.056,0.48972455,4.5997143
9057,9.057,0.49025524,4.6027226
9058,9.058,0.49195305,4.613844
9059,9.059,0.47989893,4.6703343
9060,9.06,0.47543204,4.670532
9061,9.061,0.48922813,4.657723
9062,9.062,0.48025,4.674015
9063,9.063,0.47930095,4.6930275
9064,9.064,0.486241,4.6774907
9065,9.065,0.473156,4.6482177
9066,9.066,0.4738275,4.718913
9067,9.067,0.47606087,4.670041
9068,9.068,0.4796546,4.677061
9069,9.069,0.4787051,4.659514
9070,9.07,0.48104328,4.618421
9071,9.071,0.46815294,4.669538
9072,9.072,0.4658936,4.6846666
9073,9.073,0.47132638,4.6704297
9074,9.074,0.4883576,4.6702666
9075,9.075,0.48232624,4.6969366
9076,9.076,0.489999,4.687053
9077,9.077,0.48239923,4.700006
9078,9.078,0.49896678,4.6025953
9079,9.079,0.4743231,4.613166
9080,9.08,0.46395662,4.566037
9081,9.081,0.46348435,4.539542
9082,9.082,0.45560375,4.569182
9083,9.083,0.46252212,4.5777245
9084,9.084,0.45585462,4.5604343
9085,9.085,0.46194932,4.5882454
9086,9.086,0.46587598,4.59366
9087,9.087,0.46545932,4.5733423
9088,9.088,0.47541073,4.5679126
9089,9.089,0.4692846,4.5925374
9090,9.09,0.47267935,4.533186
9091,9.091,0.47703865,4.543005
9092,9.092,0.46600637,4.549856
9093,9.093,0.48385972,4.553438
9094,9.094,0.47131154,4.626551
9095,9.095,0.4701329,4.569756
9096,9.096,0.46405402,4.587799
9097,9.097,0.45296693,4.51724
9098,9.098,0.46549582,4.5482635
9099,9.099,0.4767964,4.5656104
9100,9.1,0.4876094,4.5460854
9101,9.101,0.49937296,4.568718
9102,9.102,0.49351165,4.55165
9103,9.103,0.5017137,4.5036616
9104,9.104,0.48625705,4.5504255
9105,9.105,0.4764411,4.514586
9106,9.106,0.44809708,4.5134397
9107,9.107,0.4477883,4.438527
9108,9.108,0.4421274,4.437044
9109,9.109,0.45240718,4.446732
9110,9.11,0.43933502,4.4893484
9111,9.111,0.45931643,4.519163
9112,9.112,0.45748416,4.5728507
9113,9.113,0.46263745,4.5576096
9114,9.114,0.43979836,4.5841427
9115,9.115,0.46294042,4.508023
9116,9.116,0.45408803,4.580145
9117,9.117,0.44912404,4.562834
9118,9.118,0.44855332,4.5526285
9119,9.119,0.45219558,4.60414
9120,9.12,0.4456152,4.5635176
9121,9.121,0.43387958,4.560521
9122,9.122,0.44250217,4.536251
9123,9.123,0.435012,4.534833
9124,9.124,0.43468106,4.5566387
9125,9.125,0.43371662,4.5604243
9126,9.126,0.43504962,4.5566483
9127,9.127,0.44031033,4.5803213
9128,9.128,0.42367277,4.521237
9129,9.129,0.4292104,4.5549374
9130,9.13,0.43323448,4.5825167
9131,9.131,0.4258,4.558998
9132,9.132,0.41609815,4.5797005
9133,9.133,0.41234478,4.6021204
9134,9.134,0.4086994,4.5135984
9135,9.135,0.41083646,4.537902
9136,9.136,0.4271087,4.5384526
9137,9.137,0.41588667,4.552337
9138,9.138,0.41838118,4.5697374
9139,9.139,0.41776153,4.5391245
9140,9.14,0.41097796,4.582907
9141,9.141,0.387008,4.580663
9142,9.142,0.39269015,4.5894165
9143,9.143,0.41538313,4.6203346
9144,9.144,0.41344255,4.5995293
9145,9.145,0.421123,4.5878944
9146,9.146,0.42162642,4.5877123
9147,9.147,0.427851,4.615719
9148,9.148,0.41413715,4.6068053
9149,9.149,0.41884786,4.5399146
9150,9.15,0.41441733,4.5431633
9151,9.151,0.4193209,4.5579996
9152,9.152,0.41147116,4.5465035
9153,9.153,0.39664865,4.512789
9154,9.154,0.38695168,4.558519
9155,9.155,0.38987514,4.603792
9156,9.156,0.3913597,4.5520167
9157,9.157,0.3953622,4.5669093
9158,9.158,0.3953404,4.5919642
9159,9.159,0.3949872,4.5557666
9160,9.16,0.41361752,4.5236583
9161,9.161,0.41396046,4.5272956
9162,9.162,0.40662274,4.5070405
9163,9.163,0.4006003,4.5038495
9164,9.164,0.4060687,4.5218143
9165,9.165,0.4002211,4.522916
9166,9.166,0.39506078,4.5427604
9167,9.167,0.38127178,4.48837
9168,9.168,0.39261258,4.5275764
9169,9.169,0.37654212,4.528
9170,9.17,0.37706244,4.5096493
9171,9.171,0.37153956,4.5170403
9172,9.172,0.35882872,4.5396676
9173,9.173,0.3858906,4.5493155
9174,9.174,0.38459343,4.5070004
9175,9.175,0.36796507,4.5192184
9176,9.176,0.35908216,4.5079837
9177,9.177,0.36918572,4.4986753
9178,9.178,0.37905464,4.5236716
9179,9.179,0.3715965,4.528272
9180,9.18,0.36546725,4.508631
9181,9.181,0.37946337,4.515895
9182,9.182,0.38936767,4.556023
9183,9.183,0.39539668,4.5874944
9184,9.184,0.39177254,4.5646
9185,9.185,0.3938842,4.5411887
9186,9.186,0.39023152,4.579343
9187,9.187,0.38760865,4.5649114
9188,9.188,0.356916,4.591202
9189,9.189,0.3411437,4.5894136
9190,9.19,0.34164888,4.5569925
9191,9.191,0.3320612,4.565987
9192,9.192,0.32880914,4.587667
9193,9.193,0.33759987,4.5318327
9194,9.194,0.36492914,4.5638065
9195,9.195,0.3608162,4.561476
9196,9.196,0.37161702,4.585287
9197,9.197,0.35944784,4.529848
9198,9.198,0.35447896,4.5279984
9199,9.199,0.3494872,4.5313816
9200,9.2,0.35290444,4.537046
9201,9.201,0.34318036,4.558633
9202,9.202,0.35107207,4.540605
9203,9.203,0.35297763,4.4904504
9204,9.204,0.3638647,4.506113
9205,9.205,0.37031698,4.489947
9206,9.206,0.36005452,4.5009446
9207,9.207,0.3551709,4.5061064
9208,9.208,0.3673304,4.553801
9209,9.209,0.37922552,4.509383
9210,9.21,0.38074782,4.4852753
9211,9.211,0.38035962,4.492105
9212,9.212,0.385127,4.501334
9213,9.213,0.38391113,4.482919
9214,9.214,0.38398474,4.454369
9215,9.215,0.3703287,4.4789944
9216,9.216,0.3639252,4.509027
9217,9.217,0.3454233,4.4778337
9218,9.218,0.35978955,4.506262
9219,9.219,0.35866696,4.517545
9220,9.22,0.34232458,4.4576645
9221,9.221,0.34158745,4.508161
9222,9.222,0.34512165,4.5094724
9223,9.223,0.340902,4.5840487
9224,9.224,0.32454678,4.5110536
9225,9.225,0.3214464,4.5435424
9226,9.226,0.33429798,4.5663414
9227,9.227,0.32183525,4.5579042
9228,9.228,0.31810257,4.5597076
9229,9.229,0.34149134,4.614085
9230,9.23,0.3373147,4.535364
9231,9.231,0.34802762,4.56236
9232,9.232,0.32582527,4.575583
9233,9.233,0.3250872,4.527915
9234,9.234,0.30973488,4.498757
9235,9.235,0.30517235,4.538537
9236,9.236,0.31173873,4.567802
9237,9.237,0.32263184,4.57422
9238,9.238,0.30910036,4.5791745
9239,9.239,0.31339943,4.5060472
9240,9.24,0.31980106,4.542581
9241,9.241,0.32064903,4.6128907
9242,9.242,0.3074916,4.5757346
9243,9.243,0.3105884,4.512083
9244,9.244,0.32710406,4.4999924
9245,9.245,0.31850967,4.563733
9246,9.246,0.3144375,4.561691
9247,9.247,0.32861152,4.599382
9248,9.248,0.33410636,4.6292195
9249,9.249,0.32586145,4.6075034
9250,9.25,0.33328623,4.6025467
9251,9.251,0.34103355,4.5846467
9252,9.252,0.34402043,4.599368
9253,9.253,0.35538727,4.6134696
9254,9.254,0.35885498,4.6183314
9255,9.255,0.35305443,4.6176143
9256,9.256,0.36864284,4.5664797
9257,9.257,0.36523739,4.622344
9258,9.258,0.35449734,4.627058
9259,9.259,0.35296863,4.642257
9260,9.26,0.36366576,4.617686
9261,9.261,0.3516174,4.590761
9262,9.262,0.3517124,4.6034837
9263,9.263,0.35375246,4.5980134
9264,9.264,0.35721692,4.5859537
9265,9.265,0.35500392,4.5835905
9266,9.266,0.36241964,4.570978
9267,9.267,0.3564375,4.569975
9268,9.268,0.3669387,4.568574
9269,9.269,0.37821722,4.559646
9270,9.27,0.38320908,4.6223683
9271,9.271,0.38035688,4.5862684
9272,9.272,0.3920178,4.6414857
9273,9.273,0.38604605,4.593109
9274,9.274,0.3748779,4.57932
9275,9.275,0.3679729,4.576875
9276,9.276,0.3666021,4.610548
9277,9.277,0.38836542,4.6414604
9278,9.278,0.40113652,4.637705
9279,9.279,0.38554925,4.639511
9280,9.28,0.3862915,4.6267905
9281,9.281,0.3948856,4.6123843
9282,9.282,0.37916565,4.603437
9283,9.283,0.38475916,4.629829
9284,9.284,0.39169213,4.599753
9285,9.285,0.39378735,4.594207
9286,9.286,0.39986873,4.5804105
9287,9.287,0.38635913,4.5104423
9288,9.288,0.394367,4.5016565
9289,9.289,0.3837053,4.5427938
9290,9.29,0.3946332,4.5051665
9291,9.291,0.39395627,4.513011
9292,9.292,0.39781222,4.511399
9293,9.293,0.401894,4.5326796
9294,9.294,0.4013081,4.565986
9295,9.295,0.409211,4.5002356
9296,9.296,0.41379327,4.522794
9297,9.297,0.41149393,4.525995
9298,9.298,0.40021402,4.521705
9299,9.299,0.3894398,4.5548587
9300,9.3,0.3944303,4.5469832
9301,9.301,0.41129175,4.4938765
9302,9.302,0.410376,4.4949255
9303,9.303,0.41018105,4.5097466
9304,9.304,0.40947506,4.559343
9305,9.305,0.39652926,4.529491
9306,9.306,0.396227,4.534787
9307,9.307,0.39806306,4.5729218
9308,9.308,0.38758522,4.6458507
9309,9.309,0.37831822,4.595839
9310,9.31,0.3669644,4.560537
9311,9.311,0.37858793,4.5791864
9312,9.312,0.38480273,4.5398726
9313,9.313,0.39230683,4.517963
9314,9.314,0.39495003,4.533488
9315,9.315,0.39775178,4.5510817
9316,9.316,0.39915404,4.5535316
9317,9.317,0.40313005,4.547152
9318,9.318,0.4023989,4.5357084
9319,9.319,0.39948523,4.5618043
9320,9.32,0.39890578,4.532568
9321,9.321,0.41042322,4.551985
9322,9.322,0.39695525,4.526339
9323,9.323,0.3915165,4.54402
9324,9.324,0.38834754,4.513498
9325,9.325,0.38831586,4.540926
9326,9.326,0.37760314,4.489483
9327,9.327,0.36227977,4.5270576
9328,9.328,0.36594486,4.511617
9329,9.329,0.36382082,4.5313015
9330,9.33,0.38045883,4.533065
9331,9.331,0.38877594,4.5278687
9332,9.332,0.38944098,4.551912
9333,9.333,0.39553335,4.5666003
9334,9.334,0.38529927,4.602746
9335,9.335,0.40237033,4.583999
9336,9.336,0.3949658,4.575148
9337,9.337,0.39878407,4.57647
9338,9.338,0.41011298,4.5806327
9339,9.339,0.4164619,4.6182585
9340,9.34,0.40997612,4.569021
9341,9.341,0.4185363,4.5969663
9342,9.342,0.41555357,4.558969
9343,9.343,0.41010508,4.54143
9344,9.344,0.3932936,4.522961
9345,9.345,0.38763684,4.608072
9346,9.346,0.38547865,4.5690656
9347,9.347,0.38079548,4.587073
9348,9.348,0.39286628,4.572133
9349,9.349,0.3920964,4.6029305
9350,9.35,0.39967456,4.620652
9351,9.351,0.39281788,4.6081686
9352,9.352,0.4093257,4.6840887
9353,9.353,0.41224104,4.6718187
9354,9.354,0.4285352,4.59358
9355,9.355,0.42662004,4.616681
9356,9.356,0.40735608,4.634041
9357,9.357,0.4018533,4.598658
9358,9.358,0.420162,4.617326
9359,9.359,0.43382376,4.603071
9360,9.36,0.43250987,4.559484
9361,9.361,0.4291203,4.634136
9362,9.362,0.43271855,4.642689
9363,9.363,0.4323885,4.610981
9364,9.364,0.42004478,4.6064534
9365,9.365,0.43118137,4.6428103
9366,9.366,0.4263808,4.645742
9367,9.367,0.43008977,4.618375
9368,9.368,0.4462104,4.6037927
9369,9.369,0.42361587,4.648982
9370,9.37,0.41953492,4.618223
9371,9.371,0.41477042,4.6109643
9372,9.372,0.4052617,4.5732303
9373,9.373,0.4080268,4.6041603
9374,9.374,0.400105,4.6239853
9375,9.375,0.39447132,4.572304
9376,9.376,0.39570472,4.585516
9377,9.377,0.41370264,4.59713
9378,9.378,0.3908096,4.5861206
9379,9.379,0.40034992,4.586112
9380,9.38,0.4052747,4.6458945
9381,9.381,0.40378547,4.632766
9382,9.382,0.39214152,4.6151366
9383,9.383,0.41060272,4.6588807
9384,9.384,0.40150824,4.64867
9385,9.385,0.41026673,4.6191506
9386,9.386,0.39283997,4.6579466
9387,9.387,0.400551,4.6663933
9388,9.388,0.39410883,4.6550937
9389,9.389,0.40024984,4.6208982
9390,9.39,0.40161002,4.615407
9391,9.391,0.40484205,4.6154633
9392,9.392,0.3920162,4.606877
9393,9.393,0.4006547,4.605302
9394,9.394,0.40094227,4.58222
9395,9.395,0.40219936,4.5849977
9396,9.396,0.4056597,4.595504
9397,9.397,0.3950675,4.5556493
9398,9.398,0.38693392,4.5593495
9399,9.399,0.37915695,4.5746994
9400,9.4,0.378225,4.587857
9401,9.401,0.36936116,4.6395874
9402,9.402,0.36432615,4.580531
9403,9.403,0.36846894,4.596508
9404,9.404,0.37508816,4.5803914
9405,9.405,0.37698993,4.581999
9406,9.406,0.36359724,4.598411
9407,9.407,0.37846026,4.568321
9408,9.408,0.39836338,4.6168265
9409,9.409,0.40048906,4.6242857
9410,9.41,0.38921842,4.5955763
9411,9.411,0.38733554,4.6509514
9412,9.412,0.3740118,4.6635604
9413,9.413,0.3802824,4.6527176
9414,9.414,0.36507544,4.587834
9415,9.415,0.3665906,4.6186023
9416,9.416,0.37732494,4.5675426
9417,9.417,0.3738008,4.574838
9418,9.418,0.3686126,4.567002
9419,9.419,0.36894673,4.6016793
9420,9.42,0.3680268,4.583127
9421,9.421,0.3668281,4.56556
9422,9.422,0.36145845,4.5524664
9423,9.423,0.36541206,4.5446334
9424,9.424,0.37288913,4.5783362
9425,9.425,0.359648,4.571564
9426,9.426,0.3575032,4.5583878
9427,9.427,0.35568884,4.5303216
9428,9.428,0.34846082,4.6054287
9429,9.429,0.35240588,4.5451555
9430,9.43,0.3537956,4.5627065
9431,9.431,0.35495344,4.5655503
9432,9.432,0.3672158,4.5394325
9433,9.433,0.36649045,4.5829782
9434,9.434,0.37517473,4.659317
9435,9.435,0.36058208,4.585661
9436,9.436,0.352399,4.560973
9437,9.437,0.36022127,4.6156073
9438,9.438,0.37782487,4.6194077
9439,9.439,0.37537187,4.646773
9440,9.44,0.36352396,4.5728035
9441,9.441,0.37121242,4.626488
9442,9.442,0.37760085,4.602482
9443,9.443,0.39213708,4.5640006
9444,9.444,0.3914514,4.581287
9445,9.445,0.38056758,4.6041236
9446,9.446,0.3885648,4.6318564
9447,9.447,0.37975967,4.650259
9448,9.448,0.3891645,4.5857706
9449,9.449,0.37223816,4.6197233
9450,9.45,0.40587166,4.598471
9451,9.451,0.38546336,4.560576
9452,9.452,0.37163723,4.5645165
9453,9.453,0.37952203,4.5556116
9454,9.454,0.37983483,4.569992
9455,9.455,0.3934881,4.5475173
9456,9.456,0.39967817,4.5989733
9457,9.457,0.38784403,4.600527
9458,9.458,0.3893304,4.6056576
9459,9.459,0.37801576,4.583891
9460,9.46,0.36456484,4.577907
9461,9.461,0.3880072,4.555925
9462,9.462,0.36630732,4.569665
9463,9.463,0.36021933,4.613239
9464,9.464,0.35864022,4.570279
9465,9.465,0.35004425,4.583243
9466,9.466,0.36925992,4.565531
9467,9.467,0.36902976,4.521629
9468,9.468,0.36492786,4.5390573
9469,9.469,0.37189206,4.5500894
9470,9.47,0.3694119,4.564295
9471,9.471,0.36944315,4.5978785
9472,9.472,0.37299916,4.6077967
9473,9.473,0.38764012,4.6300445
9474,9.474,0.37980944,4.5996537
9475,9.475,0.3821125,4.57929
9476,9.476,0.37398955,4.591687
9477,9.477,0.36754575,4.6135564
9478,9.478,0.37742862,4.666747
9479,9.479,0.3962817,4.6323605
9480,9.48,0.40089294,4.6154118
9481,9.481,0.39637896,4.581693
9482,9.482,0.38766667,4.6038947
9483,9.483,0.38992807,4.6009755
9484,9.484,0.3898311,4.622242
9485,9.485,0.39498878,4.5725656
9486,9.486,0.39510688,4.6002893
9487,9.487,0.39352983,4.5694294
9488,9.488,0.37229732,4.585052
9489,9.489,0.38934895,4.574945
9490,9.49,0.37382603,4.58333
9491,9.491,0.3759905,4.567636
9492,9.492,0.38072702,4.5507674
9493,9.493,0.38406813,4.5819926
9494,9.494,0.3768507,4.628629
9495,9.495,0.3806801,4.5815005
9496,9.496,0.37625974,4.5862355
9497,9.497,0.35977364,4.5823464
9498,9.498,0.38287863,4.5940413
9499,9.499,0.3653399,1.2396516
9500,9.5,0.35519257,1.2730802
9501,9.501,0.35300252,1.1998471
9502,9.502,0.36340454,1.2314565
9503,9.503,0.36254498,1.2679274
9504,9.504,0.37399188,1.2297963
9505,9.505,0.37779796,1.2318608
9506,9.506,0.37022224,1.2771162
9507,9.507,0.3737949,1.1748902
9508,9.508,0.37966743,1.0683533
9509,9.509,0.366006,1.0343857
9510,9.51,0.3616885,0.97446877
9511,9.511,0.3617075,4.538111
9512,9.512,0.34508696,4.5518093
9513,9.513,0.3591958,4.5462956
9514,9.514,0.3699366,4.478361
9515,9.515,0.36845168,4.509571
9516,9.516,0.37600344,4.5759006
9517,9.517,0.3923765,4.517256
9518,9.518,0.38335145,4.546929
9519,9.519,0.37869555,4.511813
9520,9.52,0.38857937,4.519814
9521,9.521,0.39249685,4.535589
9522,9.522,0.3861085,0.8821996
9523,9.523,0.3869947,0.94027466
9524,9.524,0.37433,0.8618065
9525,9.525,0.38523686,0.9718379
9526,9.526,0.4034395,4.578668
9527,9.527,0.4076012,4.5645404
9528,9.528,0.41885242,4.53836
9529,9.529,0.4115254,4.531049
9530,9.53,0.4169898,4.5238156
9531,9.531,0.4064733,4.541825
9532,9.532,0.39401156,4.580728
9533,9.533,0.4060361,4.608672
9534,9.534,0.40687254,4.553264
9535,9.535,0.41664398,4.530441
9536,9.536,0.40334535,4.588227
9537,9.537,0.3936601,4.5835385
9538,9.538,0.41306072,4.479483
9539,9.539,0.41547456,4.5297318
9540,9.54,0.4059524,4.5932903
9541,9.541,0.41195703,4.554201
9542,9.542,0.4110875,4.604255
9543,9.543,0.4130799,4.5788245
9544,9.544,0.39942676,4.569968
9545,9.545,0.40539303,4.6034126
9546,9.546,0.4057234,4.6057234
9547,9.547,0.41737965,4.588081
9548,9.548,0.4223827,4.611185
9549,9.549,0.4272203,4.5878386
9550,9.55,0.423804,4.6440573
9551,9.551,0.4145692,4.595388
9552,9.552,0.43328825,4.5532064
9553,9.553,0.43771476,4.5914125
9554,9.554,0.4318757,4.645414
9555,9.555,0.4411929,4.6630692
9556,9.556,0.43800965,4.646313
9557,9.557,0.42423174,4.653576
9558,9.558,0.42236134,4.6264086
9559,9.559,0.4223247,4.6512756
9560,9.56,0.42631942,4.617398
9561,9.561,0.43427053,4.531475
9562,9.562,0.4194491,4.5993195
9563,9.563,0.4170181,4.5930567
9564,9.564,0.40779373,4.5907745
9565,9.565,0.41178808,4.586292
9566,9.566,0.4135661,4.616731
9567,9.567,0.40682894,4.573192
9568,9.568,0.40412843,4.661838
9569,9.569,0.42229185,4.6331944
9570,9.57,0.41506702,4.6378675
9571,9.571,0.41560918,4.6504116
9572,9.572,0.4305827,4.69396
9573,9.573,0.43137085,4.672603
9574,9.574,0.42631114,4.624437
9575,9.575,0.42230716,4.695792
9576,9.576,0.4365136,4.625717
9577,9.577,0.45018256,4.6300187
9578,9.578,0.44432798,4.618686
9579,9.579,0.45968047,4.5658674
9580,9.58,0.44900823,4.6516123
9581,9.581,0.4541168,4.668101
9582,9.582,0.4471497,4.5639353
9583,9.583,0.43769035,4.640132
9584,9.584,0.434299,4.6150365
9585,9.585,0.43665355,4.6080313
9586,9.586,0.4504072,4.5828967
9587,9.587,0.45227367,4.613016
9588,9.588,0.4470928,4.6182404
9589,9.589,0.437834,4.606865
9590,9.59,0.44850653,4.5558224
9591,9.591,0.43404874,4.5953207
9592,9.592,0.43045354,4.629643
9593,9.593,0.4230072,4.6696706
9594,9.594,0.41912985,4.700054
9595,9.595,0.43089575,4.6725397
9596,9.596,0.44269034,4.685568
9597,9.597,0.41363764,4.645181
9598,9.598,0.40653428,4.6774383
9599,9.599,0.42138535,4.691225
9600,9.6,0.42955783,4.6694646
9601,9.601,0.43439922,4.633387
9602,9.602,0.43262345,4.5883904
9603,9.603,0.43593407,4.592562
9604,9.604,0.43231604,4.598515
9605,9.605,0.43911892,4.6394987
9606,9.606,0.44023985,4.655379
9607,9.607,0.4370018,4.637324
9608,9.608,0.42191926,4.579287
9609,9.609,0.43738544,4.614228
9610,9.61,0.43173528,4.5711446
9611,9.611,0.43986472,4.5995793
9612,9.612,0.43733588,4.5772877
9613,9.613,0.43958068,4.605831
9614,9.614,0.42715523,4.6036415
9615,9.615,0.4195056,4.5815325
9616,9.616,0.44165942,4.564174
9617,9.617,0.4269054,4.639871
9618,9.618,0.43760172,4.623208
9619,9.619,0.433031,4.6072655
9620,9.62,0.43802428,4.5831447
9621,9.621,0.43808618,4.5952077
9622,9.622,0.4440776,4.5896363
9623,9.623,0.43886232,4.590151
9624,9.624,0.45200357,4.6413064
9625,9.625,0.44447687,4.622623
9626,9.626,0.4636094,4.614338
9627,9.627,0.44581684,4.5940776
9628,9.628,0.45474142,4.6133614
9629,9.629,0.46054864,4.61889
9630,9.63,0.46780577,4.5813203
9631,9.631,0.44962567,4.5861344
9632,9.632,0.4463078,4.573709
9633,9.633,0.4627454,4.584723
9634,9.634,0.4520079,4.5676227
9635,9.635,0.44593313,4.581239
9636,9.636,0.4650424,4.5777984
9637,9.637,0.45656776,4.5850043
9638,9.638,0.4655172,4.5546007
9639,9.639,0.4582959,4.5373764
9640,9.64,0.46491075,4.564866
9641,9.641,0.4731455,4.569575
9642,9.642,0.49132034,4.584609
9643,9.643,0.49441952,4.592059
9644,9.644,0.5027809,4.5751595
9645,9.645,0.48351616,4.6242185
9646,9.646,0.47956458,4.5618224
9647,9.647,0.4767503,4.584401
9648,9.648,0.4678295,4.551229
9649,9.649,0.46332642,4.587343
9650,9.65,0.47071037,4.6288095
9651,9.651,0.45842102,4.6334963
9652,9.652,0.4648772,4.583782
9653,9.653,0.48419145,4.5636096
9654,9.654,0.4999802,4.557463
9655,9.655,0.49141443,4.5720463
9656,9.656,0.48490366,4.598161
9657,9.657,0.47456858,4.561948
9658,9.658,0.49002448,4.580513
9659,9.659,0.4730337,4.533243
9660,9.66,0.4946252,4.5599637
9661,9.661,0.5049966,4.530055
9662,9.662,0.50156194,4.5356436
9663,9.663,0.50796854,4.5223083
9664,9.664,0.50821435,4.553822
9665,9.665,0.4923568,4.520499
9666,9.666,0.50105304,4.5047083
9667,9.667,0.49271062,4.5296254
9668,9.668,0.4901549,4.5262923
9669,9.669,0.48763582,4.52902
9670,9.67,0.49113008,4.5212193
9671,9.671,0.477801,4.519925
9672,9.672,0.47068495,4.541943
9673,9.673,0.47812703,4.5040536
9674,9.674,0.45784217,4.5321684
9675,9.675,0.45871305,4.5055213
9676,9.676,0.46146497,4.468872
9677,9.677,0.47459635,4.506492
9678,9.678,0.46076405,4.497919
9679,9.679,0.46084946,4.521653
9680,9.68,0.45556277,4.5050592
9681,9.681,0.44207132,4.512383
9682,9.682,0.44279388,4.518848
9683,9.683,0.4638683,4.503194
9684,9.684,0.4442969,4.5125504
9685,9.685,0.4712788,4.515433
9686,9.686,0.46130174,4.5187297
9687,9.687,0.4559544,4.533037
9688,9.688,0.4631922,4.5166187
9689,9.689,0.4505323,4.5572243
9690,9.69,0.44726667,4.5394716
9691,9.691,0.45230764,4.5246525
9692,9.692,0.46389258,4.5376544
9693,9.693,0.47226614,4.593642
9694,9.694,0.45780015,4.5894184
9695,9.695,0.46590167,4.603173
9696,9.696,0.4793541,4.5742764
9697,9.697,0.46815258,4.5780096
9698,9.698,0.48206913,4.555656
9699,9.699,0.48976338,4.5759187
9700,9.7,0.5026836,4.5497084
9701,9.701,0.4975518,4.5557485
9702,9.702,0.51345545,4.56299
9703,9.703,0.52129084,4.5910106
9704,9.704,0.5091381,4.5962358
9705,9.705,0.509253,4.6075964
9706,9.706,0.49876112,4.583447
9707,9.707,0.50181735,4.6218276
9708,9.708,0.4995433,4.5752773
9709,9.709,0.4918479,4.604101
9710,9.71,0.48912096,4.573494
9711,9.711,0.4946232,4.5764008
9712,9.712,0.4954745,4.599146
9713,9.713,0.49189642,4.6161656
9714,9.714,0.4913789,4.595612
9715,9.715,0.49110004,4.594262
9716,9.716,0.49658808,4.5728207
9717,9.717,0.5007402,4.6011386
9718,9.718,0.4939402,4.6297045
9719,9.719,0.5042571,4.645164
9720,9.72,0.5178274,4.6567945
9721,9.721,0.52111983,4.6546073
9722,9.722,0.50832,4.567812
9723,9.723,0.5040049,4.6512685
9724,9.724,0.5042415,4.5636296
9725,9.725,0.48125663,4.559552
9726,9.726,0.49902827,4.5780177
9727,9.727,0.48390928,4.6104016
9728,9.728,0.49429372,4.5446353
9729,9.729,0.49763995,4.5600305
9730,9.73,0.49747023,4.58018
9731,9.731,0.4795147,4.6025524
9732,9.732,0.48901945,4.5974984
9733,9.733,0.4933903,4.583863
9734,9.734,0.4830836,4.588106
9735,9.735,0.49140868,4.5822883
9736,9.736,0.4866964,4.614223
9737,9.737,0.48356205,4.633296
9738,9.738,0.45764813,4.670329
9739,9.739,0.46376473,4.6150684
9740,9.74,0.45203948,4.6257257
9741,9.741,0.4606578,4.6377144
9742,9.742,0.47852203,4.6124163
9743,9.743,0.47665793,4.634241
9744,9.744,0.4606706,4.6495233
9745,9.745,0.45767123,4.6769366
9746,9.746,0.4591692,4.690721
9747,9.747,0.47601533,4.643629
9748,9.748,0.47129214,4.660302
9749,9.749,0.4961936,4.672608
9750,9.75,0.5153705,4.5894
9751,9.751,0.51801634,4.6223946
9752,9.752,0.52347296,4.610894
9753,9.753,0.5215309,4.5963926
9754,9.754,0.52699727,4.643995
9755,9.755,0.52130413,4.607387
9756,9.756,0.51477903,4.631654
9757,9.757,0.5193621,4.6569505
9758,9.758,0.5199177,4.6254554
9759,9.759,0.51980495,4.617342
9760,9.76,0.52375454,4.6205525
9761,9.761,0.5376819,4.601001
9762,9.762,0.5264602,4.575065
9763,9.763,0.51766425,4.5937347
9764,9.764,0.5274722,4.6151485
9765,9.765,0.5357918,4.6018324
9766,9.766,0.51893026,4.6291595
9767,9.767,0.54944026,4.598939
9768,9.768,0.5374889,4.655959
9769,9.769,0.5413136,4.6185937
9770,9.77,0.54685056,4.6509876
9771,9.771,0.54256505,4.6575246
9772,9.772,0.53595865,4.6602745
9773,9.773,0.5224103,4.6619363
9774,9.774,0.5360145,4.667099
9775,9.775,0.52083206,4.6291876
9776,9.776,0.51722157,4.6521635
9777,9.777,0.51868695,4.6671305
9778,9.778,0.49988186,4.6672144
9779,9.779,0.52406675,4.6812425
9780,9.78,0.5295307,4.652408
9781,9.781,0.5277838,4.65046
9782,9.782,0.51851445,4.6704845
9783,9.783,0.5089668,4.6724157
9784,9.784,0.51645964,4.6629095
9785,9.785,0.5206236,4.61807
9786,9.786,0.51203436,4.5985
9787,9.787,0.5074265,4.6102695
9788,9.788,0.50559604,4.575763
9789,9.789,0.5301268,4.5588465
9790,9.79,0.534238,4.5754976
9791,9.791,0.54175025,4.563435
9792,9.792,0.527277,4.607519
9793,9.793,0.53081715,4.5696483
9794,9.794,0.533461,4.592346
9795,9.795,0.5336004,4.5649166
9796,9.796,0.51885945,4.6250734
9797,9.797,0.5030516,4.565081
9798,9.798,0.49200112,4.643394
9799,9.799,0.49296194,4.6443563
9800,9.8,0.50692624,4.6231103
9801,9.801,0.49958935,4.643428
9802,9.802,0.5176892,4.659564
9803,9.803,0.52208555,4.6271935
9804,9.804,0.5159268,4.622924
9805,9.805,0.51253814,4.612111
9806,9.806,0.5277406,4.6150217
9807,9.807,0.5050577,4.6271596
9808,9.808,0.51852816,4.633989
9809,9.809,0.5357191,4.6246786
9810,9.81,0.534501,4.6126547
9811,9.811,0.5402954,4.612412
9812,9.812,0.5264192,4.5995884
9813,9.813,0.5102619,4.6054087
9814,9.814,0.50924355,4.6204557
9815,9.815,0.5312561,4.636111
9816,9.816,0.5352459,4.649838
9817,9.817,0.533954,4.674878
9818,9.818,0.5249453,4.6877832
9819,9.819,0.5245437,4.6526403
9820,9.82,0.52534604,4.6745367
9821,9.821,0.5216145,4.7029624
9822,9.822,0.518324,4.700946
9823,9.823,0.508283,4.689143
9824,9.824,0.5055207,4.668671
9825,9.825,0.50329876,4.683235
9826,9.826,0.49712354,4.6832423
9827,9.827,0.4967738,4.6953616
9828,9.828,0.49694318,4.6619835
9829,9.829,0.49707016,4.6944327
9830,9.83,0.49177197,4.699095
9831,9.831,0.48656267,4.6374516
9832,9.832,0.5222023,4.639186
9833,9.833,0.51596916,4.631508
9834,9.834,0.52140343,4.6205626
9835,9.835,0.51968664,4.651249
9836,9.836,0.52591777,4.6394415
9837,9.837,0.5389857,4.647194
9838,9.838,0.5214583,4.615136
9839,9.839,0.5148512,4.6482654
9840,9.84,0.5098043,4.6531377
9841,9.841,0.50117224,4.625585
9842,9.842,0.5009884,4.6711607
9843,9.843,0.5034787,4.692232
9844,9.844,0.5132358,4.647611
9845,9.845,0.49824435,4.6614623
9846,9.846,0.5031722,4.668341
9847,9.847,0.49549058,4.663289
9848,9.848,0.47574788,4.6982536
9849,9.849,0.48211998,4.7209163
9850,9.85,0.47055367,4.6935
9851,9.851,0.46127167,4.6848755
9852,9.852,0.46685013,4.683381
9853,9.853,0.46663192,4.6497955
9854,9.854,0.47064528,4.646105
9855,9.855,0.49351257,4.6369915
9856,9.856,0.49163455,4.707008
9857,9.857,0.487935,4.671281
9858,9.858,0.49086177,4.716711
9859,9.859,0.4883963,4.710968
9860,9.86,0.48256204,4.6967106
9861,9.861,0.4634917,4.7077694
9862,9.862,0.48177856,4.7238173
9863,9.863,0.46770063,4.6812654
9864,9.864,0.4561483,4.715575
9865,9.865,0.46090376,4.7006307
9866,9.866,0.46793574,4.6946898
9867,9.867,0.47346106,4.6784286
9868,9.868,0.47695735,4.7165456
9869,9.869,0.49016717,4.685022
9870,9.87,0.47170147,4.698685
9871,9.871,0.48314354,4.6772823
9872,9.872,0.4798121,4.693632
9873,9.873,0.47794613,4.6674986
9874,9.874,0.47748202,4.6169086
9875,9.875,0.47601193,4.65892
9876,9.876,0.4622669,4.638579
9877,9.877,0.45739558,4.6462617
9878,9.878,0.47545514,4.6451826
9879,9.879,0.46199447,4.739063
9880,9.88,0.46147525,4.7134805
9881,9.881,0.46032417,4.6126814
9882,9.882,0.44779462,4.6739497
9883,9.883,0.4554114,4.7064447
9884,9.884,0.45856825,4.641328
9885,9.885,0.45865119,4.6295457
9886,9.886,0.45024472,4.622152
9887,9.887,0.44096556,4.654322
9888,9.888,0.43936592,4.6627774
9889,9.889,0.42429957,4.68911
9890,9.89,0.43261394,4.66569
9891,9.891,0.42300212,4.670093
9892,9.892,0.4246725,4.643366
9893,9.893,0.4389795,4.650605
9894,9.894,0.4357545,4.7053165
9895,9.895,0.4356834,4.6963377
9896,9.896,0.44750786,4.676266
9897,9.897,0.44697207,4.6633244
9898,9.898,0.44415677,4.657303
9899,9.899,0.44900742,4.668533
9900,9.9,0.45166686,4.71039
9901,9.901,0.44863307,4.689199
9902,9.902,0.45618847,4.6583877
9903,9.903,0.44044998,4.667578
9904,9.904,0.43948048,4.6598396
9905,9.905,0.44767895,4.6672487
9906,9.906,0.43611038,4.701898
9907,9.907,0.4408553,4.71258
9908,9.908,0.43720344,4.6938467
9909,9.909,0.4484707,4.679279
9910,9.91,0.4414238,4.6285615
9911,9.911,0.45149755,4.659671
9912,9.912,0.45426583,4.6161246
9913,9.913,0.4710931,4.6532965
9914,9.914,0.46784827,4.641241
9915,9.915,0.462255,4.6674547
9916,9.916,0.45722914,4.6956058
9917,9.917,0.46988228,4.6647754
9918,9.918,0.46830195,4.664376
9919,9.919,0.4714908,4.7212214
9920,9.92,0.49408072,4.7314305
9921,9.921,0.4799241,4.702332
9922,9.922,0.47808048,4.7222767
9923,9.923,0.479764,4.7598295
9924,9.924,0.47554508,4.736155
9925,9.925,0.45687062,4.728732
9926,9.926,0.46598342,4.6345444
9927,9.927,0.46273077,4.698408
9928,9.928,0.46040052,4.681578
9929,9.929,0.45427752,4.7089305
9930,9.93,0.4688315,4.7021194
9931,9.931,0.47882667,4.662425
9932,9.932,0.48777,4.6725764
9933,9.933,0.48450124,4.6528177
9934,9.934,0.48982838,4.645361
9935,9.935,0.482134,4.6759944
9936,9.936,0.48297352,4.6727476
9937,9.937,0.49068362,4.6546016
9938,9.938,0.48599133,4.648424
9939,9.939,0.4862473,4.635076
9940,9.94,0.48197946,4.6509814
9941,9.941,0.48516774,4.693318
9942,9.942,0.48627654,4.66519
9943,9.943,0.4935093,4.683185
9944,9.944,0.5044297,4.6706386
9945,9.945,0.49041462,4.698096
9946,9.946,0.49297377,4.6720414
9947,9.947,0.48876977,4.7428837
9948,9.948,0.4766105,4.7332215
9949,9.949,0.49054044,4.7163453
9950,9.95,0.46766022,4.717607
9951,9.951,0.47511923,4.7611365
9952,9.952,0.4803329,4.7292447
9953,9.953,0.46254337,4.7091756
9954,9.954,0.4745653,4.6769204
9955,9.955,0.45177755,4.679903
9956,9.956,0.45685557,4.6603312
9957,9.957,0.44697827,4.6700153
9958,9.958,0.45367202,4.723109
9959,9.959,0.46947765,4.694326
9960,9.96,0.46209067,4.703735
9961,9.961,0.45842946,4.6755595
9962,9.962,0.46051008,4.705048
9963,9.963,0.44829476,4.6972785
9964,9.964,0.43175617,4.7069254
9965,9.965,0.43614152,4.7255225
9966,9.966,0.44433668,4.6833334
9967,9.967,0.44210675,4.7145405
9968,9.968,0.4375511,4.67143
9969,9.969,0.43717358,4.6824617
9970,9.97,0.43878818,4.6811843
9971,9.971,0.45090124,4.666114
9972,9.972,0.46175835,4.691458
9973,9.973,0.4526104,4.71153
9974,9.974,0.45642078,4.725587
9975,9.975,0.44750488,4.6849756
9976,9.976,0.44821805,4.74609
9977,9.977,0.44330084,4.7003183
9978,9.978,0.45665878,4.733057
9979,9.979,0.44938496,4.685095
9980,9.98,0.4534411,4.658321
9981,9.981,0.4432119,4.679856
9982,9.982,0.4399437,4.6607976
9983,9.983,0.454197,4.695264
9984,9.984,0.44502544,4.7001276
9985,9.985,0.44188407,4.6594214
9986,9.986,0.4326098,4.725579
9987,9.987,0.4428184,4.709765
9988,9.988,0.44295663,4.718403
9989,9.989,0.45537674,4.7164717
9990,9.99,0.46628758,4.6693835
9991,9.991,0.46844548,4.6918488
9992,9.992,0.45246047,4.7037883
9993,9.993,0.4582224,4.7029953
9994,9.994,0.45455977,4.727476
9995,9.995,0.44964197,4.7628455
9996,9.996,0.44897473,4.704739
9997,9.997,0.44184324,4.6722326
9998,9.998,0.43338108,4.711645
9999,9.999,0.43855113,4.7381086
10000,10.0,0.44030535,4.6771793
10001,10.001,0.42686504,4.6229563
10002,10.002,0.42570618,4.666168
10003,10.003,0.44186026,4.6288347
10004,10.004,0.45100725,4.646311
10005,10.005,0.44188654,4.657762
10006,10.006,0.44152853,4.7119794
10007,10.007,0.44595608,4.697251
10008,10.008,0.45473394,4.7015634
10009,10.009,0.46722522,4.7267246
10010,10.01,0.45952427,4.7255654
10011,10.011,0.4602988,4.7059655
10012,10.012,0.48035458,4.702087
10013,10.013,0.4697686,4.7260957
10014,10.014,0.47291994,4.653065
10015,10.015,0.48795053,4.7216773
10016,10.016,0.49681184,4.6990023
10017,10.017,0.5100003,4.7246723
10018,10.018,0.508208,4.7233477
10019,10.019,0.51015246,4.756449
10020,10.02,0.5161588,4.694581
10021,10.021,0.5123149,4.710307
10022,10.022,0.51967305,4.7115684
10023,10.023,0.51319695,4.7258186
10024,10.024,0.5167352,4.7213717
10025,10.025,0.5062311,4.7236648
10026,10.026,0.5027684,4.73416
10027,10.027,0.5217271,4.720155
10028,10.028,0.5167483,4.7206054
10029,10.029,0.51186657,4.726762
10030,10.03,0.49509335,4.7134147
10031,10.031,0.48650816,4.694766
10032,10.032,0.48092937,4.6946774
10033,10.033,0.47795665,4.6985064
10034,10.034,0.47764963,4.7360263
10035,10.035,0.49223942,4.7313623
10036,10.036,0.47109282,4.7146835
10037,10.037,0.48374325,4.7139053
10038,10.038,0.48982286,4.732465
10039,10.039,0.4915479,4.700484
10040,10.04,0.47127548,4.6861296
10041,10.041,0.47224814,4.692606
10042,10.042,0.47030586,4.6660156
10043,10.043,0.48604673,4.705729
10044,10.044,0.45744535,4.698301
10045,10.045,0.47228166,4.6943836
10046,10.046,0.48148647,4.6547537
10047,10.047,0.48723692,4.6750517
10048,10.048,0.46640706,4.6889887
10049,10.049,0.48201674,4.7125535
10050,10.05,0.46613917,4.712351
10051,10.051,0.46147963,4.6963468
10052,10.052,0.4774313,4.7108493
10053,10.053,0.46255675,4.674719
10054,10.054,0.4615335,4.6957994
10055,10.055,0.45794317,4.71479
10056,10.056,0.46973956,4.7018046
10057,10.057,0.47031248,4.695388
10058,10.058,0.47569162,4.6770887
10059,10.059,0.47770664,4.693624
10060,10.06,0.45466313,4.7275004
10061,10.061,0.46506092,4.712429
10062,10.062,0.47740915,4.695027
10063,10.063,0.46304542,4.673695
10064,10.064,0.44600868,4.6954846
10065,10.065,0.44448352,4.6662674
10066,10.066,0.43844068,4.6999245
10067,10.067,0.43845135,4.7053227
10068,10.068,0.44399902,4.7176323
10069,10.069,0.44539738,4.6893077
10070,10.07,0.4321576,4.6939697
10071,10.071,0.4401243,4.718956
10072,10.072,0.44842857,4.716452
10073,10.073,0.45916831,4.709571
10074,10.074,0.44667947,4.663936
10075,10.075,0.4267747,4.694005
10076,10.076,0.4344942,4.62949
10077,10.077,0.42888424,4.69696
10078,10.078,0.42447105,4.7085705
10079,10.079,0.41629076,4.6940074
10080,10.08,0.41262013,4.7238674
10081,10.081,0.4100366,4.6748085
10082,10.082,0.4294126,4.713969
10083,10.083,0.445596,4.6748023
10084,10.084,0.45306262,4.7064285
10085,10.085,0.44624305,4.667576
10086,10.086,0.4428897,4.712713
10087,10.087,0.451841,4.6849995
10088,10.088,0.44935912,4.65206
10089,10.089,0.43528804,4.6492534
10090,10.09,0.44302747,4.626338
10091,10.091,0.4476309,4.6258354
10092,10.092,0.448757,4.5987787
10093,10.093,0.47035182,4.6097693
10094,10.094,0.4657385,4.612904
10095,10.095,0.47039297,4.6383944
10096,10.096,0.46937793,4.6396275
10097,10.097,0.46180952,4.587751
10098,10.098,0.46617576,4.5602965
10099,10.099,0.45899847,4.6025414
10100,10.1,0.4582663,4.5820284
10101,10.101,0.4705109,4.609383
10102,10.102,0.4499171,4.6478405
10103,10.103,0.458419,4.629867
10104,10.104,0.4353556,4.666331
10105,10.105,0.42560962,4.6848116
10106,10.106,0.42490858,4.652719
10107,10.107,0.42682332,4.613111
10108,10.108,0.43467999,4.6631618
10109,10.109,0.43404606,4.609938
10110,10.11,0.43517607,4.6458793
10111,10.111,0.42080557,4.619446
10112,10.112,0.4256801,4.591671
10113,10.113,0.42980477,4.6468587
10114,10.114,0.4224354,4.7183566
10115,10.115,0.4403937,4.645462
10116,10.116,0.44540477,4.6474023
10117,10.117,0.43376142,4.673599
10118,10.118,0.44073045,4.6312766
10119,10.119,0.42166176,4.648083
10120,10.12,0.43096617,4.6475906
10121,10.121,0.44468752,4.642867
10122,10.122,0.44046995,4.628402
10123,10.123,0.4497006,4.603089
10124,10.124,0.44199327,4.597126
10125,10.125,0.44021714,4.6384177
10126,10.126,0.44583097,4.6423683
10127,10.127,0.45126423,4.62292
10128,10.128,0.4507388,4.6166964
10129,10.129,0.45518544,4.582041
10130,10.13,0.46780887,4.64027
10131,10.131,0.4489594,4.63318
10132,10.132,0.44123575,4.567699
10133,10.133,0.43871003,4.6082115
10134,10.134,0.43837804,4.5769343
10135,10.135,0.4475572,4.5792546
10136,10.136,0.44394693,4.59862
10137,10.137,0.45731345,4.572757
10138,10.138,0.4351337,4.584462
10139,10.139,0.441703,4.6150618
10140,10.14,0.4270658,4.615989
10141,10.141,0.43472508,4.6448145
10142,10.142,0.42385554,4.594714
10143,10.143,0.43584153,4.649346
10144,10.144,0.44622868,4.6382394
10145,10.145,0.41767588,4.6289206
10146,10.146,0.42351612,4.6131654
10147,10.147,0.43258068,4.5919843
10148,10.148,0.42845008,4.5966806
10149,10.149,0.4256463,4.555478
10150,10.15,0.44541204,4.61562
10151,10.151,0.44848785,4.5851946
10152,10.152,0.43247926,4.609206
10153,10.153,0.4436715,4.576043
10154,10.154,0.46022347,4.5465508
10155,10.155,0.45345053,4.5823083
10156,10.156,0.460343,4.56514
10157,10.157,0.45687148,4.5765185
10158,10.158,0.45737234,4.5940313
10159,10.159,0.46825394,4.603728
10160,10.16,0.4559269,4.640348
10161,10.161,0.44870198,4.6428986
10162,10.162,0.43558696,4.5950775
10163,10.163,0.43223783,4.6184564
10164,10.164,0.4334339,4.6367307
10165,10.165,0.41946617,4.633694
10166,10.166,0.40870842,4.582198
10167,10.167,0.41785216,4.5974345
10168,10.168,0.41050234,4.631711
10169,10.169,0.41796473,4.663404
10170,10.17,0.40214303,4.687459
10171,10.171,0.41362426,4.649359
10172,10.172,0.44505766,4.642558
10173,10.173,0.42739493,4.675941
10174,10.174,0.4342306,4.727014
10175,10.175,0.4416576,4.681148
10176,10.176,0.44272274,4.691097
10177,10.177,0.43853623,4.671197
10178,10.178,0.44323394,4.6761823
10179,10.179,0.43688208,4.6766896
10180,10.18,0.43297827,4.697664
10181,10.181,0.43032327,4.667143
10182,10.182,0.42475334,4.6696644
10183,10.183,0.4331056,4.6610026
10184,10.184,0.43272,4.6355
10185,10.185,0.42154482,4.673174
10186,10.186,0.43635097,4.6549344
10187,10.187,0.42605606,4.678909
10188,10.188,0.43734965,4.6687098
10189,10.189,0.44155604,4.6481643
10190,10.19,0.43669245,4.6567144
10191,10.191,0.4501303,4.6505737
10192,10.192,0.4582924,4.6727333
10193,10.193,0.4429677,4.637196
10194,10.194,0.44180557,4.6978045
10195,10.195,0.43553346,4.6469507
10196,10.196,0.44557098,4.6356845
10197,10.197,0.43333533,4.59957
10198,10.198,0.4440473,4.6235547
10199,10.199,0.45628375,4.614205
10200,10.2,0.45994005,4.6001434
10201,10.201,0.44542995,4.62088
10202,10.202,0.44954082,4.533288
10203,10.203,0.43598562,4.5927386
10204,10.204,0.43396777,4.612625
10205,10.205,0.44311044,4.634075
10206,10.206,0.4444822,4.6144123
10207,10.207,0.44961667,4.6295366
10208,10.208,0.43161935,4.580023
10209,10.209,0.42955726,4.5882683
10210,10.21,0.43346214,4.592313
10211,10.211,0.4172852,4.595165
10212,10.212,0.4227859,4.6483293
10213,10.213,0.41575685,4.5946517
10214,10.214,0.4260277,4.613346
10215,10.215,0.43030354,4.5846505
10216,10.216,0.41285554,4.5779886
10217,10.217,0.42960072,4.5417185
10218,10.218,0.42089114,4.52191
10219,10.219,0.44298038,4.5747848
10220,10.22,0.4526441,4.567099
10221,10.221,0.4575184,4.603125
10222,10.222,0.44559094,4.558456
10223,10.223,0.453872,4.6320925
10224,10.224,0.45510313,4.6404414
10225,10.225,0.45279974,4.6612186
10226,10.226,0.4573975,4.674394
10227,10.227,0.45764583,4.6697755
10228,10.228,0.45309553,4.657794
10229,10.229,0.4447123,4.6386466
10230,10.23,0.43925145,4.671788
10231,10.231,0.43586457,4.6262655
10232,10.232,0.4281733,4.633141
10233,10.233,0.41620386,4.6612725
10234,10.234,0.40344337,4.632311
10235,10.235,0.41706395,4.575847
10236,10.236,0.4417255,4.6140943
10237,10.237,0.44989014,4.5932145
10238,10.238,0.4273357,4.6310377
10239,10.239,0.4315335,4.6280236
10240,10.24,0.43112746,4.566076
10241,10.241,0.4376799,4.617103
10242,10.242,0.42363486,4.6528273
10243,10.243,0.43376726,4.656968
10244,10.244,0.4129962,4.638263
10245,10.245,0.44068757,4.643266
10246,10.246,0.46179977,4.62096
10247,10.247,0.45750362,4.651714
10248,10.248,0.45844987,4.64352
10249,10.249,0.45809472,4.6726227
10250,10.25,0.4578668,4.645431
10251,10.251,0.4438433,4.6037817
10252,10.252,0.46116817,4.653925
10253,10.253,0.4590982,4.607815
10254,10.254,0.43710506,4.673111
10255,10.255,0.44567758,4.6245017
10256,10.256,0.4413143,4.6559353
10257,10.257,0.4364282,4.6362033
10258,10.258,0.43050334,4.6241446
10259,10.259,0.43086275,4.5875916
10260,10.26,0.4372373,4.598193
10261,10.261,0.42071766,4.561801
10262,10.262,0.42720678,4.5637407
10263,10.263,0.43793708,4.5868855
10264,10.264,0.43441585,4.5911407
10265,10.265,0.43512216,4.6398487
10266,10.266,0.431386,4.6670027
10267,10.267,0.44558278,4.6394796
10268,10.268,0.4393996,4.598489
10269,10.269,0.42106742,4.6368837
10270,10.27,0.43880633,4.625224
10271,10.271,0.44261295,4.670397
10272,10.272,0.44022068,4.6211414
10273,10.273,0.44689587,4.613994
10274,10.274,0.45379457,4.6039777
10275,10.275,0.46890485,4.650347
10276,10.276,0.457096,4.6214924
10277,10.277,0.47371942,4.6608596
10278,10.278,0.45786542,4.629243
10279,10.279,0.4660928,4.572774
10280,10.28,0.4617113,4.6175313
10281,10.281,0.4629719,4.5908794
10282,10.282,0.47746253,4.581732
10283,10.283,0.4611084,4.548374
10284,10.284,0.46386054,4.600046
10285,10.285,0.47392642,4.6003504
10286,10.286,0.47330233,4.584183
10287,10.287,0.47605175,4.5966516
10288,10.288,0.48249602,4.5728984
10289,10.289,0.4883292,4.624803
10290,10.29,0.4733877,4.5899754
10291,10.291,0.46614462,4.6048546
10292,10.292,0.450911,4.631319
10293,10.293,0.4356001,4.6726913
10294,10.294,0.4380065,4.65477
10295,10.295,0.41391382,4.714831
10296,10.296,0.4088569,4.7637753
10297,10.297,0.40655962,4.7076273
10298,10.298,0.4012047,4.7071257
10299,10.299,0.40226617,4.685178
10300,10.3,0.41698176,4.668203
10301,10.301,0.40632495,4.689715
10302,10.302,0.4168244,4.6820874
10303,10.303,0.40619123,4.652232
10304,10.304,0.3842267,4.6827855
10305,10.305,0.407985,4.644435
10306,10.306,0.38721076,4.653579
10307,10.307,0.38748026,4.6090403
10308,10.308,0.40367138,4.610568
10309,10.309,0.3991355,4.6160526
10310,10.31,0.40098795,4.6052732
10311,10.311,0.42381954,4.668293
10312,10.312,0.42393354,4.6304116
10313,10.313,0.4055617,4.626382
10314,10.314,0.42321795,4.6460395
10315,10.315,0.42153782,4.627528
10316,10.316,0.43335468,4.6460967
10317,10.317,0.43761665,4.6395264
10318,10.318,0.42844388,4.6340632
10319,10.319,0.42861626,4.668211
10320,10.32,0.43237245,4.6084967
10321,10.321,0.42050493,4.640101
10322,10.322,0.42550424,4.6492634
10323,10.323,0.42029995,4.623334
10324,10.324,0.41433334,4.610251
10325,10.325,0.416366,4.5740013
10326,10.326,0.40086165,4.6113563
10327,10.327,0.4103152,4.621085
10328,10.328,0.41236848,4.6315055
10329,10.329,0.40441853,4.6814547
10330,10.33,0.39987984,4.6846657
10331,10.331,0.40277877,4.651507
10332,10.332,0.40294895,4.6662874
10333,10.333,0.40556395,4.659324
10334,10.334,0.41132352,4.6389575
10335,10.335,0.4037919,4.629357
10336,10.336,0.3950081,4.6190243
10337,10.337,0.4068427,4.623975
10338,10.338,0.4194156,4.6175313
10339,10.339,0.41575435,4.661517
10340,10.34,0.40204757,4.6617885
10341,10.341,0.41013554,4.6459246
10342,10.342,0.4051329,4.644429
10343,10.343,0.3828839,4.642486
10344,10.344,0.377199,4.5836635
10345,10.345,0.38468254,4.60214
10346,10.346,0.37305292,4.653982
10347,10.347,0.37380746,4.6393094
10348,10.348,0.38628462,4.6447783
10349,10.349,0.3905988,4.6309814
10350,10.35,0.39306384,4.568444
10351,10.351,0.38832152,4.62839
10352,10.352,0.41114333,4.633043
10353,10.353,0.40801504,4.6384487
10354,10.354,0.40211082,4.6611567
10355,10.355,0.39377502,4.642838
10356,10.356,0.40087667,4.649149
10357,10.357,0.38876778,4.6215205
10358,10.358,0.38006866,4.590804
10359,10.359,0.37752736,4.6198993
10360,10.36,0.37676877,4.6470037
10361,10.361,0.36844274,4.5974545
10362,10.362,0.37398168,4.607281
10363,10.363,0.37615314,4.641885
10364,10.364,0.37454644,4.5854425
10365,10.365,0.3844368,4.626763
10366,10.366,0.38091308,4.642691
10367,10.367,0.3742,4.5782256
10368,10.368,0.35474283,4.6139774
10369,10.369,0.3665641,4.6139197
10370,10.37,0.36824894,4.5651402
10371,10.371,0.3638313,4.5832024
10372,10.372,0.35870403,4.602804
10373,10.373,0.3625694,4.590477
10374,10.374,0.35994133,4.574892
10375,10.375,0.35820353,4.607419
10376,10.376,0.3659272,4.6289577
10377,10.377,0.36903962,4.593199
10378,10.378,0.37807322,4.5719266
10379,10.379,0.3716032,4.5839224
10380,10.38,0.3806883,4.61371
10381,10.381,0.38584074,4.573818
10382,10.382,0.37677187,4.620293
10383,10.383,0.37036675,4.5935006
10384,10.384,0.3893899,4.56067
10385,10.385,0.39301103,4.637818
10386,10.386,0.38294896,4.593907
10387,10.387,0.39312324,4.649049
10388,10.388,0.38563573,4.6493263
10389,10.389,0.37741742,4.63478
10390,10.39,0.3834758,4.625993
10391,10.391,0.37507844,4.645039
10392,10.392,0.3798327,4.665897
10393,10.393,0.39098838,4.636052
10394,10.394,0.37876406,4.6497965
10395,10.395,0.38414428,4.6088986
10396,10.396,0.38304782,4.6996074
10397,10.397,0.3988513,4.6705847
10398,10.398,0.3909875,4.6470456
10399,10.399,0.3961806,4.6201396
10400,10.4,0.4011456,4.6280327
10401,10.401,0.40640646,4.615109
10402,10.402,0.41754982,4.6371336
10403,10.403,0.41766593,4.6173425
10404,10.404,0.41219983,4.6270533
10405,10.405,0.43065706,4.6201787
10406,10.406,0.42208526,4.664436
10407,10.407,0.43231645,4.6955533
10408,10.408,0.42395288,4.670977
10409,10.409,0.4224964,4.642679
10410,10.41,0.42653778,4.6352715
10411,10.411,0.42534187,4.6193585
10412,10.412,0.43939698,4.61184
10413,10.413,0.4361887,4.6137476
10414,10.414,0.41832525,4.6404853
10415,10.415,0.4188937,4.604969
10416,10.416,0.44405133,4.62001
10417,10.417,0.42123908,4.606759
10418,10.418,0.41841394,4.583402
10419,10.419,0.411896,4.605177
10420,10.42,0.41210783,4.5938463
10421,10.421,0.40980083,4.5453444
10422,10.422,0.41515905,4.553576
10423,10.423,0.4060616,4.5635247
10424,10.424,0.4082143,4.605975
10425,10.425,0.40268794,4.5785575
10426,10.426,0.39401773,4.570465
10427,10.427,0.41118115,4.582975
10428,10.428,0.40842056,4.6167116
10429,10.429,0.3907969,4.614991
10430,10.43,0.38378242,4.5956144
10431,10.431,0.391054,4.5766363
10432,10.432,0.38938236,4.581412
10433,10.433,0.39061153,4.590392
10434,10.434,0.38646728,4.59418
10435,10.435,0.39168844,6.709492
10436,10.436,0.40298524,4.626474
10437,10.437,0.40430647,4.620694
10438,10.438,0.39843982,4.63227
10439,10.439,0.39727968,4.6653967
10440,10.44,0.40572196,4.5965137
10441,10.441,0.40634245,4.6687703
10442,10.442,0.3892293,4.616975
10443,10.443,0.40351728,4.6127725
10444,10.444,0.40941238,4.582691
10445,10.445,0.4016562,4.596615
10446,10.446,0.40396607,4.569309
10447,10.447,0.41382918,4.6144004
10448,10.448,0.43833995,4.5676374
10449,10.449,0.42040265,4.5436306
10450,10.45,0.41160235,4.5342145
10451,10.451,0.40827462,4.5862956
10452,10.452,0.42413703,4.581508
10453,10.453,0.42963544,4.613938
10454,10.454,0.43326703,4.6481314
10455,10.455,0.42658344,4.6490808
10456,10.456,0.42487976,4.584713
10457,10.457,0.43283328,4.619207
10458,10.458,0.42691717,4.5744925
10459,10.459,0.43107104,4.5934834
10460,10.46,0.4323266,4.5865536
10461,10.461,0.43805304,6.9773927
10462,10.462,0.4386618,4.512241
10463,10.463,0.43516904,4.5378895
10464,10.464,0.45167518,4.5961285
10465,10.465,0.4740602,4.603782
10466,10.466,0.48855013,4.622686
10467,10.467,0.48337844,4.601303
10468,10.468,0.47486857,4.5730095
10469,10.469,0.46099755,4.5901976
10470,10.47,0.45492607,4.6086874
10471,10.471,0.46246538,4.6456137
10472,10.472,0.4480665,4.5437727
10473,10.473,0.44229943,4.6041574
10474,10.474,0.43017954,4.5466604
10475,10.475,0.4133725,4.566715
10476,10.476,0.40809593,4.592495
10477,10.477,0.40719914,4.6444
10478,10.478,0.39795312,4.589809
10479,10.479,0.40550452,4.559796
10480,10.48,0.41375306,4.6044793
10481,10.481,0.4085404,4.5793996
10482,10.482,0.40797466,4.61403
10483,10.483,0.38692793,4.601216
10484,10.484,0.37408057,4.5962152
10485,10.485,0.38099682,4.620587
10486,10.486,0.38854977,4.591371
10487,10.487,0.3889702,4.58356
10488,10.488,0.3894984,4.5858293
10489,10.489,0.39107943,4.6511054
10490,10.49,0.39767084,4.608698
10491,10.491,0.39635897,4.630142
10492,10.492,0.39499962,4.6484513
10493,10.493,0.38320094,4.570397
10494,10.494,0.39028558,4.6168303
10495,10.495,0.4057533,4.543702
10496,10.496,0.4036867,4.564815
10497,10.497,0.43408814,4.5434837
10498,10.498,0.4363862,4.5600824
10499,10.499,0.44609267,4.5507674
10500,10.5,0.4448011,4.579555
10501,10.501,0.4696649,4.614558
10502,10.502,0.4672438,4.5850153
10503,10.503,0.45691654,4.5762086
10504,10.504,0.43964025,4.581187
10505,10.505,0.44295675,4.5700665
10506,10.506,0.4433697,4.546464
10507,10.507,0.44077557,4.574307
10508,10.508,0.44571078,4.55316
10509,10.509,0.43396005,4.5468316
10510,10.51,0.4477604,4.5609965
10511,10.511,0.43117923,4.553083
10512,10.512,0.43866473,4.561618
10513,10.513,0.43291605,4.569782
10514,10.514,0.43787476,4.544674
10515,10.515,0.41753653,4.542107
10516,10.516,0.41533262,4.528216
10517,10.517,0.4208347,4.590903
10518,10.518,0.42309642,4.5616384
10519,10.519,0.42472205,4.592407
10520,10.52,0.425076,4.622182
10521,10.521,0.4149769,4.629588
10522,10.522,0.41538036,4.5822735
10523,10.523,0.41108903,4.63583
10524,10.524,0.42605156,4.5776916
10525,10.525,0.409421,4.604778
10526,10.526,0.41848603,4.6043754
10527,10.527,0.40124243,4.6421337
10528,10.528,0.4072715,4.6298966
10529,10.529,0.4029805,4.644487
10530,10.53,0.4124778,4.668539
10531,10.531,0.41877708,4.6146655
10532,10.532,0.41093647,4.6000996
10533,10.533,0.40581298,4.5744996
10534,10.534,0.39423212,4.5863
10535,10.535,0.3986346,4.567175
10536,10.536,0.40158224,4.5862722
10537,10.537,0.39055973,4.601744
10538,10.538,0.4002682,4.571953
10539,10.539,0.37942514,4.5863047
10540,10.54,0.3732532,4.546443
10541,10.541,0.39284113,4.5698047
10542,10.542,0.35848692,4.5772986
10543,10.543,0.3714826,4.5835605
10544,10.544,0.3797475,4.591866
10545,10.545,0.3923357,4.5715256
10546,10.546,0.39769408,4.587278
10547,10.547,0.3962887,6.765297
10548,10.548,0.39484155,4.6158233
10549,10.549,0.3850161,4.5998325
10550,10.55,0.37273532,4.6148376
10551,10.551,0.36150548,4.580343
10552,10.552,0.3657975,4.54666
10553,10.553,0.36261877,4.594416
10554,10.554,0.36522123,4.5681176
10555,10.555,0.36822227,6.8120546
10556,10.556,0.36807925,6.789568
10557,10.557,0.33724308,6.674888
10558,10.558,0.34384432,6.507745
10559,10.559,0.3397085,6.5615044
10560,10.56,0.33188063,6.5395293
10561,10.561,0.3286915,6.6064343
10562,10.562,0.33519116,6.5973263
10563,10.563,0.35170844,6.645589
10564,10.564,0.35927525,6.744433
10565,10.565,0.35747054,6.7195606
10566,10.566,0.3768605,4.5793314
10567,10.567,0.37345508,4.566072
10568,10.568,0.37840924,6.7171173
10569,10.569,0.37455985,4.5416956
10570,10.57,0.36031947,6.7925205
10571,10.571,0.37531012,6.777704
10572,10.572,0.3722773,4.567998
10573,10.573,0.36428303,6.6472015
10574,10.574,0.37478787,4.5502167
10575,10.575,0.3806886,4.546358
10576,10.576,0.38038832,6.7955694
10577,10.577,0.40602785,4.5935297
10578,10.578,0.4159485,4.5821238
10579,10.579,0.39997452,4.5511494
10580,10.58,0.3971672,4.5982146
10581,10.581,0.37075454,6.775947
10582,10.582,0.37841994,6.741588
10583,10.583,0.3795692,6.680322
10584,10.584,0.38074082,6.6513753
10585,10.585,0.38936394,6.680832
10586,10.586,0.39356214,6.656207
10587,10.587,0.3851896,6.6820717
10588,10.588,0.3891381,6.692086
10589,10.589,0.39148977,6.6386356
10590,10.59,0.38953224,6.5798073
10591,10.591,0.391887,6.4963694
10592,10.592,0.3918277,6.4405227
10593,10.593,0.39679956,6.4396625
10594,10.594,0.41151246,6.5119615
10595,10.595,0.41503707,6.562911
10596,10.596,0.4025105,6.674144
10597,10.597,0.4147827,6.650399
10598,10.598,0.4002786,6.54591
10599,10.599,0.3947593,6.52457
10600,10.6,0.38947213,6.556629
10601,10.601,0.41246545,6.4675875
10602,10.602,0.3996082,6.5551405
10603,10.603,0.39990762,6.484115
10604,10.604,0.40985203,6.5973434
10605,10.605,0.3989946,6.6383576
10606,10.606,0.4239128,6.782385
10607,10.607,0.39876404,6.691086
10608,10.608,0.39072946,6.632809
10609,10.609,0.38905713,6.5386004
10610,10.61,0.38693154,6.50083
10611,10.611,0.39335355,6.4713964
10612,10.612,0.405767,6.4082384
10613,10.613,0.3894144,6.363376
10614,10.614,0.39937162,6.3553057
10615,10.615,0.42032963,6.3276014
10616,10.616,0.394591,6.3872843
10617,10.617,0.4027152,6.3184347
10618,10.618,0.4075771,6.352377
10619,10.619,0.4023538,6.338828
10620,10.62,0.40237278,6.3718944
10621,10.621,0.4088159,6.465614
10622,10.622,0.41018176,6.461316
10623,10.623,0.39657226,6.4291005
10624,10.624,0.3723051,6.4409823
10625,10.625,0.38466543,6.3825035
10626,10.626,0.3610447,6.3313723
10627,10.627,0.36953717,6.294232
10628,10.628,0.3705788,6.329173
10629,10.629,0.38059294,6.4720874
10630,10.63,0.3722917,6.438089
10631,10.631,0.3878795,6.287795
10632,10.632,0.3911994,6.2927628
10633,10.633,0.39272475,6.3140726
10634,10.634,0.38223755,6.317459
10635,10.635,0.3725197,6.331271
10636,10.636,0.37139517,6.327326
10637,10.637,0.37577015,6.4029064
10638,10.638,0.38600922,6.385186
10639,10.639,0.3819591,6.3621216
10640,10.64,0.3850625,6.286868
10641,10.641,0.39588523,6.4140716
10642,10.642,0.40976954,6.438159
10643,10.643,0.383414,6.410367
10644,10.644,0.3961647,6.45174
10645,10.645,0.3800241,6.5121536
10646,10.646,0.38307407,6.556832
10647,10.647,0.3820576,6.4544044
10648,10.648,0.37566325,6.3384676
10649,10.649,0.37756076,6.3870587
10650,10.65,0.38463145,6.4343486
10651,10.651,0.37091786,6.3682785
10652,10.652,0.3667268,6.3584495
10653,10.653,0.36931562,6.2630553
10654,10.654,0.37005717,6.1676664
10655,10.655,0.3639144,6.1853843
10656,10.656,0.35940683,6.196536
10657,10.657,0.3366782,6.2672944
10658,10.658,0.33617863,6.211989
10659,10.659,0.3488522,6.1776824
10660,10.66,0.36154768,6.2416415
10661,10.661,0.36665192,6.2120557
10662,10.662,0.3648531,6.1852756
10663,10.663,0.3650829,6.1186466
10664,10.664,0.38692287,6.167936
10665,10.665,0.39536732,6.2048926
10666,10.666,0.39774218,6.3034396
10667,10.667,0.39796156,6.182411
10668,10.668,0.369117,6.208433
10669,10.669,0.3847892,6.132949
10670,10.67,0.39165172,6.1018724
10671,10.671,0.40719843,6.187723
10672,10.672,0.39659384,6.2573075
10673,10.673,0.39521202,6.3473287
10674,10.674,0.40483263,6.3670583
10675,10.675,0.404264,6.2982116
10676,10.676,0.3989184,6.29277
10677,10.677,0.4051429,6.3353233
10678,10.678,0.40329793,6.3578897
10679,10.679,0.40005514,6.353324
10680,10.68,0.3997243,6.3873544
10681,10.681,0.4036446,6.4167953
10682,10.682,0.4064965,6.4424796
10683,10.683,0.39587426,6.4649796
10684,10.684,0.393531,6.3307033
10685,10.685,0.39798856,6.225165
10686,10.686,0.3895594,6.3040047
10687,10.687,0.39790782,6.3751626
10688,10.688,0.4034882,6.2446284
10689,10.689,0.40249658,6.3519154
10690,10.69,0.42291275,6.433613
10691,10.691,0.40058818,6.4624047
10692,10.692,0.40951088,6.573564
10693,10.693,0.390741,6.5679827
10694,10.694,0.40230796,6.5499625
10695,10.695,0.38418958,6.507812
10696,10.696,0.37885132,6.5257344
10697,10.697,0.36817864,6.5986238
10698,10.698,0.3720022,6.577347
10699,10.699,0.3699642,6.5167685
10700,10.7,0.35826808,6.6061616
10701,10.701,0.3491354,6.5044575
10702,10.702,0.3416619,6.5363235
10703,10.703,0.3363299,6.50571
10704,10.704,0.32706922,6.544091
10705,10.705,0.32168293,6.6390276
10706,10.706,0.3292713,6.666633
10707,10.707,0.32823244,6.571162
10708,10.708,0.32203436,6.579568
10709,10.709,0.3067601,6.6065617
10710,10.71,0.31155547,6.584551
10711,10.711,0.3337943,6.5995092
10712,10.712,0.3322011,6.6444163
10713,10.713,0.32900086,6.7103763
10714,10.714,0.33037794,6.703468
10715,10.715,0.33836618,6.71471
10716,10.716,0.33691007,6.7338
10717,10.717,0.34425303,6.748183
10718,10.718,0.32749024,6.7664633
10719,10.719,0.34014007,6.7569075
10720,10.72,0.34183964,6.693193
10721,10.721,0.34645733,6.599069
10722,10.722,0.34441134,6.607888
10723,10.723,0.3403957,6.660886
10724,10.724,0.35194585,6.722566
10725,10.725,0.3402612,6.593989
10726,10.726,0.35109398,6.544316
10727,10.727,0.36396396,6.597705
10728,10.728,0.33609644,6.5647206
10729,10.729,0.34377035,6.4757204
10730,10.73,0.3399111,6.483621
10731,10.731,0.36722338,6.5430226
10732,10.732,0.36626154,6.702539
10733,10.733,0.37823018,6.6022387
10734,10.734,0.36029008,6.5588293
10735,10.735,0.38007307,6.5490704
10736,10.736,0.37535694,6.4258084
10737,10.737,0.3658368,6.443454
10738,10.738,0.37176272,6.4429145
10739,10.739,0.37000203,6.4518027
10740,10.74,0.3741881,6.4263124
10741,10.741,0.387511,6.4144073
10742,10.742,0.37769207,6.3459115
10743,10.743,0.38738716,6.4804115
10744,10.744,0.3860465,6.443669
10745,10.745,0.39578387,6.5316973
10746,10.746,0.37791482,6.5086236
10747,10.747,0.3740843,6.6031046
10748,10.748,0.38264668,6.614213
10749,10.749,0.3881573,6.537877
10750,10.75,0.39157584,6.3661795
10751,10.751,0.3932217,6.364485
10752,10.752,0.37667918,6.3148
10753,10.753,0.39139616,6.219255
10754,10.754,0.38264456,6.1818104
10755,10.755,0.37298474,6.10119
10756,10.756,0.39382303,6.1468835
10757,10.757,0.39223686,6.0880485
10758,10.758,0.38495156,6.0754876
10759,10.759,0.39435878,5.9879284
10760,10.76,0.37674823,6.0178604
10761,10.761,0.38229305,5.9096737
10762,10.762,0.38474143,5.8281856
10763,10.763,0.38071215,5.902406
10764,10.764,0.38756853,6.025904
10765,10.765,0.38411373,5.977309
10766,10.766,0.38053265,5.9576297
10767,10.767,0.38199073,5.871672
10768,10.768,0.39530227,5.847456
10769,10.769,0.39782253,5.745202
10770,10.77,0.4065184,5.79672
10771,10.771,0.42311087,5.8011665
10772,10.772,0.42494056,5.769782
10773,10.773,0.425816,5.800355
10774,10.774,0.43001223,5.86757
10775,10.775,0.4242061,5.874069
10776,10.776,0.39862704,5.8684072
10777,10.777,0.41952184,5.91203
10778,10.778,0.42846897,5.9024568
10779,10.779,0.42146805,6.0477557
10780,10.78,0.39406732,5.97826
10781,10.781,0.40305623,5.9776387
10782,10.782,0.39562407,5.931073
10783,10.783,0.3943283,5.881317
10784,10.784,0.39392707,5.8802633
10785,10.785,0.38739863,5.881502
10786,10.786,0.39378428,5.972711
10787,10.787,0.3788762,5.9488378
10788,10.788,0.37213132,5.874162
10789,10.789,0.36322922,5.725651
10790,10.79,0.3821016,5.709458
10791,10.791,0.38033864,5.725941
10792,10.792,0.38426268,5.8597336
10793,10.793,0.38692644,5.867634
10794,10.794,0.40043682,5.807001
10795,10.795,0.38094905,5.8450174
10796,10.796,0.36691383,5.84501
10797,10.797,0.38464648,5.8729415
10798,10.798,0.3741663,5.920003
10799,10.799,0.38633803,5.7838197
10800,10.8,0.3802792,5.9002213
10801,10.801,0.38741505,5.9154706
10802,10.802,0.38550967,5.7839684
10803,10.803,0.3857892,5.7564306
10804,10.804,0.37548274,5.809102
10805,10.805,0.36885196,5.733138
10806,10.806,0.37152213,5.710168
10807,10.807,0.39364687,5.7145605
10808,10.808,0.3673279,5.6753936
10809,10.809,0.3658376,5.578122
10810,10.81,0.35560238,5.4110265
10811,10.811,0.35717666,5.2695994
10812,10.812,0.34934294,5.123255
10813,10.813,0.3517234,5.173581
10814,10.814,0.33676112,5.1092863
10815,10.815,0.33923706,5.0781116
10816,10.816,0.33772928,4.9827895
10817,10.817,0.32927236,4.930475
10818,10.818,0.33848333,4.8407116
10819,10.819,0.3466708,4.7114472
10820,10.82,0.34953862,4.647784
10821,10.821,0.33809343,4.5064716
10822,10.822,0.33183622,4.573546
10823,10.823,0.3224055,4.59571
10824,10.824,0.32742178,4.593196
10825,10.825,0.33109182,4.518916
10826,10.826,0.34967962,4.5375166
10827,10.827,0.33633402,4.4505906
10828,10.828,0.33188534,4.4776053
10829,10.829,0.34249085,4.39202
10830,10.83,0.31919342,4.1440315
10831,10.831,0.3187154,4.3041205
10832,10.832,0.31149074,4.361508
10833,10.833,0.3011273,4.421913
10834,10.834,0.30605066,4.541437
10835,10.835,0.30453932,4.475172
10836,10.836,0.30616978,4.5246925
10837,10.837,0.29212672,4.5545516
10838,10.838,0.30355367,4.6413107
10839,10.839,0.3093893,4.7793427
10840,10.84,0.2943149,4.7234964
10841,10.841,0.3107463,4.7367105
10842,10.842,0.31103617,4.78078
10843,10.843,0.31242174,4.818029
10844,10.844,0.30913344,4.6990333
10845,10.845,0.3102303,4.777449
10846,10.846,0.3133478,4.8764806
10847,10.847,0.32138005,4.832261
10848,10.848,0.3252578,4.769508
10849,10.849,0.33407867,4.7816467
10850,10.85,0.31936702,4.572837
10851,10.851,0.3138841,4.5730243
10852,10.852,0.31806293,4.7102423
10853,10.853,0.3081443,4.5332336
10854,10.854,0.31798008,4.519572
10855,10.855,0.33043987,4.5730324
10856,10.856,0.30226567,4.5364513
10857,10.857,0.3040143,4.5122643
10858,10.858,0.3041726,4.459512
10859,10.859,0.31291696,4.381242
10860,10.86,0.2978913,4.3890715
10861,10.861,0.28341937,4.4917946
10862,10.862,0.2819126,4.575206
10863,10.863,0.2825006,4.5993466
10864,10.864,0.27278504,4.510622
10865,10.865,0.25971043,4.416102
10866,10.866,0.27124944,4.359672
10867,10.867,0.25574526,4.327329
10868,10.868,0.24868776,4.351377
10869,10.869,0.24916771,4.310173
10870,10.87,0.25239158,4.292926
10871,10.871,0.2603124,4.3502946
10872,10.872,0.25590387,4.4190755
10873,10.873,0.23855253,4.362832
10874,10.874,0.2507961,4.4393077
10875,10.875,0.27412614,4.5948186
10876,10.876,0.27088633,4.6183305
10877,10.877,0.27035174,4.667316
10878,10.878,0.2712829,4.6159186
10879,10.879,0.2775,4.641036
10880,10.88,0.28421035,4.650019
10881,10.881,0.28383204,4.475581
10882,10.882,0.28813323,4.3637257
10883,10.883,0.29023266,4.296521
10884,10.884,0.30108297,4.452236
10885,10.885,0.30293325,4.4979515
10886,10.886,0.31244487,4.554366
10887,10.887,0.3004269,4.600868
10888,10.888,0.29912448,4.6810923
10889,10.889,0.2935726,4.6219177
10890,10.89,0.28809592,4.7069006
10891,10.891,0.30509868,4.6203804
10892,10.892,0.2995954,4.6921334
10893,10.893,0.2970992,4.6303225
10894,10.894,0.30114824,4.729547
10895,10.895,0.3050962,4.66113
10896,10.896,0.30373448,4.670807
10897,10.897,0.30186865,4.7011776
10898,10.898,0.300645,4.627148
10899,10.899,0.303606,4.5962124
10900,10.9,0.31077775,4.4550824
10901,10.901,0.29448077,4.4679685
10902,10.902,0.28367418,4.443331
10903,10.903,0.28213432,4.4416366
10904,10.904,0.29354584,4.621683
10905,10.905,0.31082833,4.6320515
10906,10.906,0.30017552,4.645605
10907,10.907,0.31328672,4.6776485
10908,10.908,0.3015901,4.724075
10909,10.909,0.31998283,4.763563
10910,10.91,0.32086852,4.8028207
10911,10.911,0.31626117,4.7639914
10912,10.912,0.33850074,4.8794723
10913,10.913,0.3506098,4.9920692
10914,10.914,0.3489274,4.9750924
10915,10.915,0.3457048,4.9857845
10916,10.916,0.34132493,5.0301824
10917,10.917,0.33208746,5.0284147
10918,10.918,0.31825823,4.803332
10919,10.919,0.309134,4.8840585
10920,10.92,0.30891106,4.8387165
10921,10.921,0.31618387,4.815097
10922,10.922,0.3259251,4.8709517
10923,10.923,0.3229908,4.835201
10924,10.924,0.31322178,4.8696423
10925,10.925,0.30677518,4.8679986
10926,10.926,0.29964325,4.8564873
10927,10.927,0.3136651,4.853537
10928,10.928,0.31271762,4.89839
10929,10.929,0.29324344,4.8247566
10930,10.93,0.30393022,4.704991
10931,10.931,0.2812498,4.5668697
10932,10.932,0.29656333,4.7032757
10933,10.933,0.3019707,4.7825685
10934,10.934,0.2914201,4.7671704
10935,10.935,0.30533633,4.8497324
10936,10.936,0.30503085,4.9182315
10937,10.937,0.32423124,5.0082397
10938,10.938,0.33034435,5.079906
10939,10.939,0.31576863,5.1875315
10940,10.94,0.3115948,5.1698003
10941,10.941,0.30304962,5.223432
10942,10.942,0.29712486,5.182628
10943,10.943,0.3008798,5.281147
10944,10.944,0.3054567,5.3864603
10945,10.945,0.32674956,5.4189067
10946,10.946,0.32158372,5.4017887
10947,10.947,0.32543352,5.506466
10948,10.948,0.32961273,4.5669746
10949,10.949,0.33159193,4.58456
10950,10.95,0.33180732,5.3968654
10951,10.951,0.33251604,5.4784527
10952,10.952,0.3304988,4.538918
10953,10.953,0.34492332,4.5123944
10954,10.954,0.36236462,4.480581
10955,10.955,0.36043122,4.498667
10956,10.956,0.3561091,5.5432
10957,10.957,0.34165716,5.456416
10958,10.958,0.34118026,4.544773
10959,10.959,0.3272692,4.5602202
10960,10.96,0.34017777,4.514203
10961,10.961,0.33409303,4.5293922
10962,10.962,0.3309048,5.4138236
10963,10.963,0.3479366,5.4838996
10964,10.964,0.34810385,5.484063
10965,10.965,0.3354568,5.519416
10966,10.966,0.33779448,5.5590587
10967,10.967,0.3451044,5.472816
10968,10.968,0.32479015,5.4981756
10969,10.969,0.3184367,5.3911552
10970,10.97,0.32954678,5.4233394
10971,10.971,0.33044127,5.3415437
10972,10.972,0.33480108,5.4101644
10973,10.973,0.33570293,5.6398044
10974,10.974,0.338372,5.657139
10975,10.975,0.33384365,5.778121
10976,10.976,0.3493456,5.7779894
10977,10.977,0.34464318,5.9086094
10978,10.978,0.341404,5.8541546
10979,10.979,0.345162,5.937408
10980,10.98,0.34826303,6.0038214
10981,10.981,0.36141112,4.597086
10982,10.982,0.35992286,5.900121
10983,10.983,0.36293408,5.8898153
10984,10.984,0.3599736,5.8416276
10985,10.985,0.3565972,5.92283
10986,10.986,0.3567137,5.8194003
10987,10.987,0.36036676,5.697975
10988,10.988,0.37571248,5.718068
10989,10.989,0.3683279,5.6533723
10990,10.99,0.37900934,5.6634946
10991,10.991,0.37071213,5.623291
10992,10.992,0.3825119,5.668501
10993,10.993,0.38115004,4.501478
10994,10.994,0.36953765,5.89111
10995,10.995,0.37707224,5.9508324
10996,10.996,0.3929228,5.94396
10997,10.997,0.39415324,5.9058623
10998,10.998,0.40569332,4.570979
10999,10.999,0.40563464,4.548442
11000,11.0,0.3851845,6.047099
11001,11.001,0.37854713,6.0385585
11002,11.002,0.38036174,5.809436
11003,11.003,0.37306547,5.9045687
11004,11.004,0.3705259,5.936758
11005,11.005,0.38539076,6.0374517
11006,11.006,0.38585797,6.0090075
11007,11.007,0.3804614,6.032835
11008,11.008,0.39319745,4.5322633
11009,11.009,0.39568296,5.9769115
11010,11.01,0.39101306,4.5560627
11011,11.011,0.38404962,4.5855565
11012,11.012,0.37505472,4.560367
11013,11.013,0.3747186,5.9761095
11014,11.014,0.3791405,4.5404778
11015,11.015,0.36679548,5.978704
11016,11.016,0.36973763,5.904546
11017,11.017,0.37961823,5.9318557
11018,11.018,0.37461817,5.845677
11019,11.019,0.3691131,5.7538257
11020,11.02,0.35389328,5.757998
11021,11.021,0.360305,5.9476414
11022,11.022,0.36630353,5.9043384
11023,11.023,0.36793473,5.9214373
11024,11.024,0.3802403,5.9346375
11025,11.025,0.3819302,4.499828
11026,11.026,0.3962903,4.5353265
11027,11.027,0.39453125,4.5413656
11028,11.028,0.38811576,5.7038507
11029,11.029,0.394672,5.8086386
11030,11.03,0.40548813,5.769807
11031,11.031,0.4038081,5.803618
11032,11.032,0.4081564,5.6744514
11033,11.033,0.39519346,5.713754
11034,11.034,0.40469867,4.4799356
11035,11.035,0.39532843,4.498393
11036,11.036,0.3802964,4.537191
11037,11.037,0.37466076,4.5191913
11038,11.038,0.383981,4.488246
11039,11.039,0.38614637,4.5124516
11040,11.04,0.38991603,4.4638166
11041,11.041,0.38176113,5.8097196
11042,11.042,0.36610705,5.8492303
11043,11.043,0.3686121,5.760155
11044,11.044,0.37819123,5.8036838
11045,11.045,0.37951517,4.4893637
11046,11.046,0.36124012,4.4911394
11047,11.047,0.3699308,5.589855
11048,11.048,0.37041062,4.5207396
11049,11.049,0.36982673,4.4876423
11050,11.05,0.3687891,5.52154
11051,11.051,0.37872925,5.552264
11052,11.052,0.38342333,4.518368
11053,11.053,0.3856053,5.594025
11054,11.054,0.3799754,5.519714
11055,11.055,0.36659342,5.4950404
11056,11.056,0.3535212,5.4264135
11057,11.057,0.371348,4.481486
11058,11.058,0.36989534,4.5035896
11059,11.059,0.376046,4.4937754
11060,11.06,0.37410852,4.492247
11061,11.061,0.36834013,4.5213323
11062,11.062,0.39354894,4.489436
11063,11.063,0.3858012,5.5561733
11064,11.064,0.36937448,4.49116
11065,11.065,0.3754778,4.508279
11066,11.066,0.37865967,4.505113
11067,11.067,0.38378885,4.5067034
11068,11.068,0.38303453,5.6115317
11069,11.069,0.3725855,5.513722
11070,11.07,0.3953708,5.5803494
11071,11.071,0.39643553,4.519349
11072,11.072,0.38410258,4.493977
11073,11.073,0.40461713,4.503569
11074,11.074,0.4099344,4.487484
11075,11.075,0.40641016,4.4956512
11076,11.076,0.39619854,4.5276256
11077,11.077,0.38429472,4.5754275
11078,11.078,0.39002424,4.5359726
11079,11.079,0.3801123,4.5392723
11080,11.08,0.4045927,4.5839868
11081,11.081,0.40497166,4.535903
11082,11.082,0.38859186,4.532425
11083,11.083,0.36671484,4.585255
11084,11.084,0.37373015,4.5806255
11085,11.085,0.3600285,4.5323873
11086,11.086,0.36894095,4.539229
11087,11.087,0.36766618,4.553843
11088,11.088,0.37211844,4.5314612
11089,11.089,0.37892592,4.548028
11090,11.09,0.35526916,4.5056276
11091,11.091,0.34521976,4.479039
11092,11.092,0.36951858,4.496057
11093,11.093,0.38227993,4.4783864
11094,11.094,0.39301383,4.4801755
11095,11.095,0.3894539,4.469224
11096,11.096,0.3891647,4.474046
11097,11.097,0.37280154,4.4624257
11098,11.098,0.37702012,4.4697766
11099,11.099,0.3733645,4.483945
11100,11.1,0.37825632,4.4710875
11101,11.101,0.39197463,4.450522
11102,11.102,0.38256103,4.4308195
11103,11.103,0.38064185,4.44383
11104,11.104,0.38593,4.438871
11105,11.105,0.382558,4.525002
11106,11.106,0.37793684,4.439095
11107,11.107,0.37973046,4.4252286
11108,11.108,0.40056512,4.4572845
11109,11.109,0.39397958,4.503697
11110,11.11,0.39246696,4.4980493
11111,11.111,0.37892517,4.5485606
11112,11.112,0.3934502,4.584549
11113,11.113,0.39561516,4.537184
11114,11.114,0.38346797,4.5441265
11115,11.115,0.37829682,4.5531588
11116,11.116,0.39747196,5.298013
11117,11.117,0.39051387,4.5431705
11118,11.118,0.39721042,5.2793818
11119,11.119,0.3999102,4.5635104
11120,11.12,0.40785083,4.5343986
11121,11.121,0.40340725,4.534277
11122,11.122,0.4054103,4.526481
11123,11.123,0.40280017,4.511208
11124,11.124,0.4100177,5.485719
11125,11.125,0.398376,5.337087
11126,11.126,0.39207664,5.3954735
11127,11.127,0.37504515,5.4018197
11128,11.128,0.3619971,5.425648
11129,11.129,0.3609722,5.2628427
11130,11.13,0.36686954,5.2834644
11131,11.131,0.3695245,5.1949024
11132,11.132,0.37458083,5.233397
11133,11.133,0.38630033,5.222794
11134,11.134,0.37335122,5.2747855
11135,11.135,0.35800242,5.25042
11136,11.136,0.37174687,5.155704
11137,11.137,0.36491126,5.2552633
11138,11.138,0.3737224,5.3295712
11139,11.139,0.3645198,5.355745
11140,11.14,0.3796554,5.32525
11141,11.141,0.3688198,5.256669
11142,11.142,0.37777287,5.2302217
11143,11.143,0.37863067,5.379395
11144,11.144,0.3859661,5.4456067
11145,11.145,0.38768825,5.4236755
11146,11.146,0.39018884,5.377336
11147,11.147,0.3843505,5.253523
11148,11.148,0.3787474,5.2507586
11149,11.149,0.3913458,5.1437445
11150,11.15,0.39793745,5.1285343
11151,11.151,0.40228915,5.0468545
11152,11.152,0.41709694,5.260303
11153,11.153,0.4175076,5.2835155
11154,11.154,0.4276437,5.3278947
11155,11.155,0.43545118,5.1772323
11156,11.156,0.42206484,5.1006446
11157,11.157,0.42636618,5.0790887
11158,11.158,0.40448985,5.0237164
11159,11.159,0.4018858,4.89525
11160,11.16,0.4040841,4.9724503
11161,11.161,0.39884493,5.017488
11162,11.162,0.4050212,5.0799108
11163,11.163,0.39357185,5.137554
11164,11.164,0.40037188,5.0787616
11165,11.165,0.3881765,5.1099863
11166,11.166,0.38819897,5.127364
11167,11.167,0.36775467,5.0195885
11168,11.168,0.37757927,4.95107
11169,11.169,0.3642281,4.9649787
11170,11.17,0.3610098,4.9668508
11171,11.171,0.36361283,4.969305
11172,11.172,0.37661624,5.0819225
11173,11.173,0.38566616,5.204076
11174,11.174,0.38628447,5.144724
11175,11.175,0.38971573,5.0514607
11176,11.176,0.38651124,5.0629473
11177,11.177,0.370595,5.0510955
11178,11.178,0.37348354,4.980165
11179,11.179,0.38670635,5.028634
11180,11.18,0.36944127,5.1479483
11181,11.181,0.3747143,5.001195
11182,11.182,0.3796909,5.119561
11183,11.183,0.38651335,5.0501075
11184,11.184,0.39091623,5.0608916
11185,11.185,0.39593762,5.1167607
11186,11.186,0.40173778,5.135137
11187,11.187,0.4084313,5.1343136
11188,11.188,0.40006268,5.054845
11189,11.189,0.3898624,5.102118
11190,11.19,0.4018451,5.0683155
11191,11.191,0.40136167,5.1665883
11192,11.192,0.40204412,5.2296343
11193,11.193,0.4122165,5.220124
11194,11.194,0.3980385,5.238745
11195,11.195,0.39401832,5.1522303
11196,11.196,0.39026913,5.1298957
11197,11.197,0.39878637,5.079251
11198,11.198,0.3943079,5.0757723
11199,11.199,0.40307817,5.2754407
11200,11.2,0.41496214,5.3406544
11201,11.201,0.4060798,5.278175
11202,11.202,0.41123748,5.363447
11203,11.203,0.41041476,5.331941
11204,11.204,0.4061968,5.376516
11205,11.205,0.41355324,5.30015
11206,11.206,0.40196836,5.182819
11207,11.207,0.40349507,5.086406
11208,11.208,0.4027624,5.1551037
11209,11.209,0.4108992,5.051788
11210,11.21,0.41951397,5.0349064
11211,11.211,0.42776978,4.9097795
11212,11.212,0.40688092,4.8405924
11213,11.213,0.41129047,4.8296385
11214,11.214,0.41926745,4.834355
11215,11.215,0.41925395,4.7940936
11216,11.216,0.43543366,4.842765
11217,11.217,0.42842892,5.003501
11218,11.218,0.44418135,5.035907
11219,11.219,0.43583515,5.0825562
11220,11.22,0.4251554,4.959539
11221,11.221,0.4266929,5.024165
11222,11.222,0.4173111,4.7716346
11223,11.223,0.414805,4.6842036
11224,11.224,0.42813995,4.7017164
11225,11.225,0.42330155,4.7654014
11226,11.226,0.43601534,4.836531
11227,11.227,0.41112688,4.7931595
11228,11.228,0.39940086,4.6681237
11229,11.229,0.43089184,4.653686
11230,11.23,0.4330793,4.6542225
11231,11.231,0.4363543,4.710443
11232,11.232,0.4276794,4.7669516
11233,11.233,0.4385606,4.713634
11234,11.234,0.4304565,4.7571654
11235,11.235,0.42611858,4.684214
11236,11.236,0.42388514,4.6462092
11237,11.237,0.40611282,4.690351
11238,11.238,0.4118372,4.598235
11239,11.239,0.3937294,4.555859
11240,11.24,0.3998485,4.516731
11241,11.241,0.40411484,4.5394177
11242,11.242,0.40027225,4.571792
11243,11.243,0.40060106,4.5711083
11244,11.244,0.39243513,4.5770464
11245,11.245,0.39862677,4.600029
11246,11.246,0.39992538,4.578916
11247,11.247,0.40739965,4.50648
11248,11.248,0.41793266,4.6913342
11249,11.249,0.41705993,4.5807495
11250,11.25,0.40748292,4.65929
11251,11.251,0.41836807,4.509035
11252,11.252,0.41542807,4.524522
11253,11.253,0.4217876,4.637181
11254,11.254,0.40962267,4.6050353
11255,11.255,0.41817212,4.6019335
11256,11.256,0.4083076,4.5102725
11257,11.257,0.40089598,4.6034694
11258,11.258,0.40906227,4.5920715
11259,11.259,0.42088276,4.5618386
11260,11.26,0.39488915,4.4357944
11261,11.261,0.39749026,4.5230446
11262,11.262,0.416575,4.442799
11263,11.263,0.4217406,4.4303727
11264,11.264,0.39777663,4.3951874
11265,11.265,0.41207346,4.597351
11266,11.266,0.41924483,4.573918
11267,11.267,0.41273162,4.513474
11268,11.268,0.41764227,4.6251354
11269,11.269,0.41356623,4.7807703
11270,11.27,0.4200412,4.6341014
11271,11.271,0.4147026,4.6161447
11272,11.272,0.42054218,4.6139193
11273,11.273,0.42532584,4.6352873
11274,11.274,0.41189796,4.7111025
11275,11.275,0.41477364,4.791241
11276,11.276,0.43725842,4.7873945
11277,11.277,0.425076,4.7642813
11278,11.278,0.41669694,4.710523
11279,11.279,0.4163127,4.717248
11280,11.28,0.41362324,4.7518787
11281,11.281,0.4162012,4.744083
11282,11.282,0.42278346,4.7321596
11283,11.283,0.43647307,4.7793093
11284,11.284,0.4249294,4.744297
11285,11.285,0.40845013,4.6775546
11286,11.286,0.42007887,4.7975383
11287,11.287,0.4193952,4.681035
11288,11.288,0.45109025,4.6714797
11289,11.289,0.44130304,4.849485
11290,11.29,0.43778327,4.734549
11291,11.291,0.42638233,4.8480015
11292,11.292,0.45087764,5.000755
11293,11.293,0.43882835,5.119957
11294,11.294,0.43362096,5.1637993
11295,11.295,0.43693566,5.0372095
11296,11.296,0.42023352,4.998883
11297,11.297,0.41972432,5.046189
11298,11.298,0.41504544,5.0622487
11299,11.299,0.4235295,5.01505
11300,11.3,0.42685568,4.9890933
11301,11.301,0.41850066,4.9274397
11302,11.302,0.42660052,5.016332
11303,11.303,0.40390024,5.067784
11304,11.304,0.40783948,5.1578655
11305,11.305,0.4253029,5.232371
11306,11.306,0.4209131,5.3333745
11307,11.307,0.42648304,5.303787
11308,11.308,0.40486717,5.29065
11309,11.309,0.40430775,5.3133774
11310,11.31,0.4343581,5.3971744
11311,11.311,0.4172413,5.524184
11312,11.312,0.4296283,5.4617357
11313,11.313,0.4307573,5.5226164
11314,11.314,0.42706212,5.505551
11315,11.315,0.42011082,5.5856886
11316,11.316,0.42458323,5.60939
11317,11.317,0.41951495,5.6712646
11318,11.318,0.41396058,5.818431
11319,11.319,0.40990803,5.7632136
11320,11.32,0.41874588,5.7983937
11321,11.321,0.41866443,5.9753146
11322,11.322,0.41474536,5.96279
11323,11.323,0.41796046,6.0329537
11324,11.324,0.43574828,6.0439157
11325,11.325,0.43771833,6.023287
11326,11.326,0.4295675,5.950077
11327,11.327,0.43838584,6.0518394
11328,11.328,0.43516225,5.9857955
11329,11.329,0.43581474,5.9644394
11330,11.33,0.42608875,5.8330193
11331,11.331,0.4221514,6.063693
11332,11.332,0.4241403,6.042081
11333,11.333,0.41793555,6.035478
11334,11.334,0.43037257,6.027442
11335,11.335,0.4312957,5.9069734
11336,11.336,0.43021098,5.9641695
11337,11.337,0.4324993,6.0166
11338,11.338,0.43545583,6.0618424
11339,11.339,0.4242196,6.049909
11340,11.34,0.44408557,6.1281667
11341,11.341,0.45187336,6.230965
11342,11.342,0.44656274,6.2545757
11343,11.343,0.4371815,6.245453
11344,11.344,0.43335187,6.2307506
11345,11.345,0.44696894,6.191949
11346,11.346,0.45163244,6.1573
11347,11.347,0.4593996,6.183463
11348,11.348,0.45470315,6.138126
11349,11.349,0.4672528,4.6641107
11350,11.35,0.4558076,6.20982
11351,11.351,0.44729468,4.6547093
11352,11.352,0.43525323,4.662901
11353,11.353,0.43965814,6.198477
11354,11.354,0.43950784,4.6936593
11355,11.355,0.43285608,4.732347
11356,11.356,0.4282481,4.683436
11357,11.357,0.44336668,4.7672067
11358,11.358,0.42609525,4.725879
11359,11.359,0.43183637,4.736615
11360,11.36,0.41720903,6.1845083
11361,11.361,0.43586764,6.10613
11362,11.362,0.4472899,6.048742
11363,11.363,0.4328657,6.134408
11364,11.364,0.4173122,6.1134534
11365,11.365,0.42609417,6.2257705
11366,11.366,0.41666186,5.9917364
11367,11.367,0.41045657,6.0126576
11368,11.368,0.42935485,6.0611796
11369,11.369,0.42937183,6.055489
11370,11.37,0.4462384,5.906405
11371,11.371,0.44359553,5.9372416
11372,11.372,0.43500632,5.8550725
11373,11.373,0.4280819,5.939903
11374,11.374,0.43454236,5.975058
11375,11.375,0.43228596,5.9495506
11376,11.376,0.4422968,5.914134
11377,11.377,0.43318978,5.904063
11378,11.378,0.4155889,5.9341474
11379,11.379,0.4192921,6.0176086
11380,11.38,0.4114723,5.9779387
11381,11.381,0.43321446,6.002153
11382,11.382,0.43876565,6.1220083
11383,11.383,0.4439722,6.094314
11384,11.384,0.43549976,6.12539
11385,11.385,0.4289775,6.1908827
11386,11.386,0.44050562,6.167519
11387,11.387,0.45994532,6.1220465
11388,11.388,0.46541685,6.1966896
11389,11.389,0.46362576,6.150387
11390,11.39,0.4544781,6.171209
11391,11.391,0.45685214,6.249563
11392,11.392,0.46996456,6.3419714
11393,11.393,0.46091545,4.7554436
11394,11.394,0.45386204,4.725118
11395,11.395,0.44871876,4.7180114
11396,11.396,0.45925957,6.178021
11397,11.397,0.45560274,6.0052066
11398,11.398,0.46370578,5.9712443
11399,11.399,0.4686463,4.683698
11400,11.4,0.478814,4.6599855
11401,11.401,0.4772429,5.882716
11402,11.402,0.46770507,5.8275127
11403,11.403,0.4547605,5.7306895
11404,11.404,0.48526412,5.8343654
11405,11.405,0.4866672,5.780924
11406,11.406,0.4744419,5.7278686
11407,11.407,0.4831006,5.720082
11408,11.408,0.48332676,5.780973
11409,11.409,0.4650485,5.715076
11410,11.41,0.4631312,5.818968
11411,11.411,0.4642194,5.80652
11412,11.412,0.447692,5.7164106
11413,11.413,0.45004323,5.830156
11414,11.414,0.44680947,5.980735
11415,11.415,0.45128164,6.0019145
11416,11.416,0.45676687,5.973717
11417,11.417,0.44859636,4.6728463
11418,11.418,0.46856785,4.7099533
11419,11.419,0.4496717,6.135577
11420,11.42,0.45392483,6.139684
11421,11.421,0.42573413,6.225006
11422,11.422,0.42408538,6.0606017
11423,11.423,0.4244129,6.0749445
11424,11.424,0.42214167,6.101431
11425,11.425,0.4351499,6.044862
11426,11.426,0.43338388,6.0970354
11427,11.427,0.45015356,6.068031
11428,11.428,0.43828943,6.0285106
11429,11.429,0.44417498,5.960182
11430,11.43,0.44034356,5.8882723
11431,11.431,0.44805837,5.891499
11432,11.432,0.45025843,5.856759
11433,11.433,0.43791357,5.882006
11434,11.434,0.44426876,5.8834534
11435,11.435,0.44555306,5.876838
11436,11.436,0.43883795,5.760406
11437,11.437,0.44290352,5.8871346
11438,11.438,0.4239342,5.980795
11439,11.439,0.4261875,6.024305
11440,11.44,0.4297179,5.9725795
11441,11.441,0.44245383,5.9965816
11442,11.442,0.4275446,5.890387
11443,11.443,0.42343983,5.926593
11444,11.444,0.42369923,5.822505
11445,11.445,0.41344744,5.660745
11446,11.446,0.42155182,5.7306113
11447,11.447,0.43721282,5.766594
11448,11.448,0.42415637,5.669695
11449,11.449,0.40967825,5.6211414
11450,11.45,0.4319956,5.6581335
11451,11.451,0.43662348,5.609219
11452,11.452,0.4492832,5.5803266
11453,11.453,0.45920092,5.51003
11454,11.454,0.4389263,5.5368996
11455,11.455,0.4451636,5.4989567
11456,11.456,0.44794625,5.45736
11457,11.457,0.45727402,5.3439913
11458,11.458,0.44835883,5.3747344
11459,11.459,0.45073083,5.2865357
11460,11.46,0.44229028,5.2032294
11461,11.461,0.44523346,4.996847
11462,11.462,0.44916752,5.0402026
11463,11.463,0.45913938,5.078735
11464,11.464,0.4604443,5.1021676
11465,11.465,0.44251838,5.309647
11466,11.466,0.45701885,5.2804103
11467,11.467,0.4782397,5.3814383
11468,11.468,0.492032,5.4543076
11469,11.469,0.47604883,5.5063405
11470,11.47,0.47280186,5.4024553
11471,11.471,0.48112825,5.429942
11472,11.472,0.49804616,5.3879247
11473,11.473,0.49062434,4.621016
11474,11.474,0.48730382,4.617501
11475,11.475,0.49215156,4.5788984
11476,11.476,0.48201686,4.590711
11477,11.477,0.49786267,4.627947
11478,11.478,0.4953116,4.6097627
11479,11.479,0.47064492,4.5679746
11480,11.48,0.48284942,4.631291
11481,11.481,0.46759704,4.617414
11482,11.482,0.46366677,4.625555
11483,11.483,0.45231572,4.6518154
11484,11.484,0.44817033,4.6456714
11485,11.485,0.4529626,4.643511
11486,11.486,0.4372718,4.6408587
11487,11.487,0.43022305,4.6236515
11488,11.488,0.4327009,4.678457
11489,11.489,0.4432397,4.6686587
11490,11.49,0.4490225,4.688447
11491,11.491,0.45329818,4.7187505
11492,11.492,0.46391425,4.6622057
11493,11.493,0.4804424,4.6220326
11494,11.494,0.46327728,4.7140207
11495,11.495,0.46346962,4.724648
11496,11.496,0.47073787,4.672489
11497,11.497,0.47668728,4.6654587
11498,11.498,0.48049268,4.653152
11499,11.499,0.4669452,4.638487
11500,11.5,0.46295428,4.697949
11501,11.501,0.4865964,4.6346655
11502,11.502,0.47140902,4.6667714
11503,11.503,0.46020386,4.587007
11504,11.504,0.46512604,4.6052585
11505,11.505,0.46119726,4.70667
11506,11.506,0.48002982,4.590156
11507,11.507,0.47860995,4.672169
11508,11.508,0.46667132,4.6326284
11509,11.509,0.46953738,4.6332393
11510,11.51,0.4617889,4.6347003
11511,11.511,0.47123352,4.6667557
11512,11.512,0.46316788,4.6786833
11513,11.513,0.4665276,4.6141315
11514,11.514,0.45991692,4.621571
11515,11.515,0.43197018,4.633094
11516,11.516,0.41562614,4.600112
11517,11.517,0.43701926,4.5573664
11518,11.518,0.43884468,4.6064315
11519,11.519,0.4420721,4.61574
11520,11.52,0.4446282,4.5786805
11521,11.521,0.4395653,4.646422
11522,11.522,0.4409969,4.5568414
11523,11.523,0.4328179,4.53942
11524,11.524,0.42655715,4.594904
11525,11.525,0.4187068,4.60137
11526,11.526,0.43289495,4.5576496
11527,11.527,0.43429154,4.568628
11528,11.528,0.42930964,4.5855165
11529,11.529,0.43344736,4.5666084
11530,11.53,0.43145043,4.594882
11531,11.531,0.44076416,4.5995893
11532,11.532,0.4388062,4.582574
11533,11.533,0.4414085,4.59504
11534,11.534,0.44183332,4.609499
11535,11.535,0.44428855,4.6152325
11536,11.536,0.43376622,4.582849
11537,11.537,0.4453029,4.6230826
11538,11.538,0.44535622,4.5833445
11539,11.539,0.43780902,4.582936
11540,11.54,0.44455308,4.575866
11541,11.541,0.43971884,4.5439844
11542,11.542,0.43551198,4.5975404
11543,11.543,0.44248378,4.609584
11544,11.544,0.4428949,4.6326914
11545,11.545,0.43495768,4.60311
11546,11.546,0.45722824,4.5817413
11547,11.547,0.45900136,4.5528092
11548,11.548,0.4409156,4.5587597
11549,11.549,0.42942363,4.570674
11550,11.55,0.4398249,4.62063
11551,11.551,0.42632064,4.647782
11552,11.552,0.44946676,4.6253533
11553,11.553,0.4362442,4.6380634
11554,11.554,0.444189,4.691403
11555,11.555,0.4393128,4.6773977
11556,11.556,0.43049088,4.6928096
11557,11.557,0.41892,4.6125746
11558,11.558,0.41126433,4.644448
11559,11.559,0.41998258,4.626275
11560,11.56,0.41856515,4.7022605
11561,11.561,0.4050316,4.7082376
11562,11.562,0.41791826,4.63157
11563,11.563,0.43065327,4.681471
11564,11.564,0.44714376,4.6889067
11565,11.565,0.45041323,4.6901746
11566,11.566,0.44022763,4.7305126
11567,11.567,0.44690222,4.715522
11568,11.568,0.43723464,4.732155
11569,11.569,0.45829076,4.7330294
11570,11.57,0.44685736,4.753495
11571,11.571,0.44427618,4.713198
11572,11.572,0.44522202,6.2394214
11573,11.573,0.45251882,6.1634064
11574,11.574,0.46771583,6.1797
11575,11.575,0.48220426,6.1394105
11576,11.576,0.47914416,6.080841
11577,11.577,0.47599128,6.121083
11578,11.578,0.47933832,6.265317
11579,11.579,0.48878193,6.391381
11580,11.58,0.49997237,4.7436385
11581,11.581,0.50245804,4.7343345
11582,11.582,0.50272536,4.7564383
11583,11.583,0.50139135,4.7644844
11584,11.584,0.50817543,4.7186403
11585,11.585,0.4822112,4.748309
11586,11.586,0.4744341,4.7342124
11587,11.587,0.4720606,4.7192144
11588,11.588,0.46033007,4.7225914
11589,11.589,0.45867914,4.7783284
11590,11.59,0.47540966,6.6633477
11591,11.591,0.49193823,4.778221
11592,11.592,0.49062988,4.6732106
11593,11.593,0.4854825,6.6985507
11594,11.594,0.5047542,4.7434664
11595,11.595,0.4940309,6.743043
11596,11.596,0.4810701,6.723193
11597,11.597,0.5079104,6.783698
11598,11.598,0.49929273,6.8423495
11599,11.599,0.49066854,6.7510185
11600,11.6,0.48941654,6.674714
11601,11.601,0.4947924,6.5920854
11602,11.602,0.48491836,6.6942453
11603,11.603,0.4831989,6.802711
11604,11.604,0.48975888,6.6552477
11605,11.605,0.48451948,6.6669674
11606,11.606,0.49468365,6.6637053
11607,11.607,0.48298213,6.5778537
11608,11.608,0.48835465,6.529114
11609,11.609,0.4832305,6.5288863
11610,11.61,0.47672182,6.5228343
11611,11.611,0.45869237,6.381088
11612,11.612,0.46082515,6.4993086
11613,11.613,0.45664942,6.5495515
11614,11.614,0.4640245,6.625557
11615,11.615,0.4784138,6.740343
11616,11.616,0.474171,6.792342
11617,11.617,0.4837436,6.8095937
11618,11.618,0.46641102,6.918264
11619,11.619,0.4756254,6.8439274
11620,11.62,0.4779215,6.9478045
11621,11.621,0.49130362,7.0878296
11622,11.622,0.47778454,6.970433
11623,11.623,0.47085327,6.91623
11624,11.624,0.45625904,6.98534
11625,11.625,0.4581713,6.9172106
11626,11.626,0.46787423,6.827244
11627,11.627,0.46856156,6.9147773
11628,11.628,0.47973138,6.9173164
11629,11.629,0.48775482,6.966157
11630,11.63,0.49471658,7.025541
11631,11.631,0.5086365,4.7054214
11632,11.632,0.5062186,4.7263007
11633,11.633,0.502956,4.7381334
11634,11.634,0.47294095,6.9163213
11635,11.635,0.46687117,4.690927
11636,11.636,0.45355937,4.7226405
11637,11.637,0.44587454,4.682423
11638,11.638,0.44226962,4.74149
11639,11.639,0.44147184,4.762599
11640,11.64,0.44705728,4.7281923
11641,11.641,0.43120804,4.7222266
11642,11.642,0.439801,7.1724772
11643,11.643,0.45557204,4.7088823
11644,11.644,0.47838286,4.7172194
11645,11.645,0.4596494,7.264517
11646,11.646,0.4574034,7.177168
11647,11.647,0.43290657,7.200132
11648,11.648,0.42992324,7.1397076
11649,11.649,0.42006004,7.2395577
11650,11.65,0.42240062,7.222601
11651,11.651,0.42003542,7.1653104
11652,11.652,0.41887602,7.1895976
11653,11.653,0.43182805,7.1287045
11654,11.654,0.4312469,7.2044153
11655,11.655,0.44456258,7.252685
11656,11.656,0.42281026,4.7080564
11657,11.657,0.4345704,4.7417064
11658,11.658,0.4521837,4.765455
11659,11.659,0.43167478,7.2375097
11660,11.66,0.4351029,7.192509
11661,11.661,0.4331387,7.051257
11662,11.662,0.43944812,6.9947414
11663,11.663,0.44093695,6.9667907
11664,11.664,0.43864495,4.7513194
11665,11.665,0.44177458,6.9333715
11666,11.666,0.4234211,6.9057207
11667,11.667,0.42057818,6.9410906
11668,11.668,0.40950397,7.0008526
11669,11.669,0.42195156,7.062653
11670,11.67,0.4498724,6.9238396
11671,11.671,0.47023985,6.8942456
11672,11.672,0.46878168,7.015866
11673,11.673,0.46579894,7.0371814
11674,11.674,0.47104818,7.0474405
11675,11.675,0.47140473,7.1530333
11676,11.676,0.4665271,7.211873
11677,11.677,0.44963875,7.116173
11678,11.678,0.44276688,7.0971084
11679,11.679,0.45743462,7.20293
11680,11.68,0.4413731,7.1938014
11681,11.681,0.42608738,7.2067437
11682,11.682,0.44560286,7.2078853
11683,11.683,0.45206657,7.147784
11684,11.684,0.45941862,7.1040125
11685,11.685,0.44934005,7.0899444
11686,11.686,0.4286927,7.134497
11687,11.687,0.42420954,7.1347976
11688,11.688,0.43917277,7.0953803
11689,11.689,0.4252988,7.061361
11690,11.69,0.43519375,7.072885
11691,11.691,0.42331013,7.067752
11692,11.692,0.42563245,7.0362396
11693,11.693,0.42871886,7.1264305
11694,11.694,0.41340005,7.170029
11695,11.695,0.425854,7.1763377
11696,11.696,0.4281285,7.1479115
11697,11.697,0.42737532,4.6998076
11698,11.698,0.44964817,4.7096477
11699,11.699,0.4265696,4.683252
11700,11.7,0.43731987,4.64272
11701,11.701,0.44381487,7.2283273
11702,11.702,0.45492202,7.2688375
11703,11.703,0.4531533,7.2701283
11704,11.704,0.44968197,7.1776366
11705,11.705,0.44823894,4.621889
11706,11.706,0.4464681,4.6496673
11707,11.707,0.4318832,4.6674314
11708,11.708,0.42557567,7.1419463
11709,11.709,0.42483866,7.1974487
11710,11.71,0.4355381,4.677241
11711,11.711,0.42835173,4.674232
11712,11.712,0.43449458,4.623079
11713,11.713,0.4286153,7.1670456
11714,11.714,0.4367933,4.6956706
11715,11.715,0.44048476,4.616842
11716,11.716,0.45069095,4.71189
11717,11.717,0.44346341,4.7099156
11718,11.718,0.4486466,4.6723742
11719,11.719,0.453671,4.658432
11720,11.72,0.44119367,4.682408
11721,11.721,0.45058838,4.6679487
11722,11.722,0.46291783,4.6483345
11723,11.723,0.44719842,4.660138
11724,11.724,0.43007162,4.638594
11725,11.725,0.43728566,4.6373014
11726,11.726,0.43426454,4.6417723
11727,11.727,0.4604231,4.6120577
11728,11.728,0.46415216,4.6199203
11729,11.729,0.44704795,4.649816
11730,11.73,0.45958352,4.666848
11731,11.731,0.45953622,4.6768937
11732,11.732,0.46274412,4.6843596
11733,11.733,0.45623636,4.6484714
11734,11.734,0.47523016,4.6490293
11735,11.735,0.47793138,4.678407
11736,11.736,0.4642346,4.658115
11737,11.737,0.47313535,4.6574492
11738,11.738,0.47493723,4.604611
11739,11.739,0.4666873,4.632941
11740,11.74,0.44235066,4.6606507
11741,11.741,0.4422653,4.703207
11742,11.742,0.4310324,7.105256
11743,11.743,0.4431428,7.0654273
11744,11.744,0.4640961,7.1479588
11745,11.745,0.47068912,7.1186047
11746,11.746,0.45488846,6.9377623
11747,11.747,0.44491282,6.9431043
11748,11.748,0.4454934,6.9906063
11749,11.749,0.44227156,6.9126244
11750,11.75,0.4356006,7.019901
11751,11.751,0.43117076,6.942069
11752,11.752,0.43439853,6.8723016
11753,11.753,0.45704478,6.9717574
11754,11.754,0.44108534,6.849109
11755,11.755,0.43482023,6.834482
11756,11.756,0.42636037,6.773875
11757,11.757,0.4227605,6.7589374
11758,11.758,0.43155253,6.835867
11759,11.759,0.4267938,6.80231
11760,11.76,0.43467987,6.7729783
11761,11.761,0.4315185,6.8662515
11762,11.762,0.43272227,6.861577
11763,11.763,0.4412758,6.900472
11764,11.764,0.45204818,6.9748645
11765,11.765,0.4520056,7.0061
11766,11.766,0.4401268,7.145199
11767,11.767,0.45613232,7.137329
11768,11.768,0.44885758,7.1367264
11769,11.769,0.43496764,7.0926356
11770,11.77,0.4518992,7.042907
11771,11.771,0.45773083,4.6839967
11772,11.772,0.4615464,4.7116594
11773,11.773,0.4612669,4.7165337
11774,11.774,0.4780384,4.7053933
11775,11.775,0.46862298,4.7285366
11776,11.776,0.4852822,4.703922
11777,11.777,0.49569806,4.741401
11778,11.778,0.48160303,4.726449
11779,11.779,0.47003183,4.7387657
11780,11.78,0.47202435,4.7033625
11781,11.781,0.471176,4.6860194
11782,11.782,0.47167635,4.7718287
11783,11.783,0.4899498,4.737447
11784,11.784,0.48028803,4.6691556
11785,11.785,0.4758012,4.717765
11786,11.786,0.47265196,4.648699
11787,11.787,0.4715418,4.660023
11788,11.788,0.47643283,4.614978
11789,11.789,0.474298,4.6369143
11790,11.79,0.4707859,4.6154237
11791,11.791,0.47520244,4.6360188
11792,11.792,0.4632218,4.6416545
11793,11.793,0.46899098,4.622152
11794,11.794,0.46526694,4.6590285
11795,11.795,0.45443273,4.627579
11796,11.796,0.44649386,4.642051
11797,11.797,0.45532116,4.6431627
11798,11.798,0.45954075,4.6215534
11799,11.799,0.46716088,4.7021966
11800,11.8,0.45269826,4.6725063
11801,11.801,0.4412915,4.690936
11802,11.802,0.43394765,4.686078
11803,11.803,0.43855244,4.6518426
11804,11.804,0.44152802,4.65387
11805,11.805,0.44024011,4.632009
11806,11.806,0.45084098,4.6320963
11807,11.807,0.44060546,4.604193
11808,11.808,0.44407722,4.634449
11809,11.809,0.45983925,7.5440836
11810,11.81,0.44580907,7.6771994
11811,11.811,0.44193074,7.6565766
11812,11.812,0.44705132,7.694973
11813,11.813,0.43837819,7.6416473
11814,11.814,0.42900106,7.6368704
11815,11.815,0.41631103,7.6999803
11816,11.816,0.40234503,7.5461383
11817,11.817,0.4073859,7.5301013
11818,11.818,0.3967697,7.497169
11819,11.819,0.4028745,7.3921328
11820,11.82,0.40415847,7.327028
11821,11.821,0.40669975,7.3650837
11822,11.822,0.4069809,7.2876663
11823,11.823,0.40641913,7.27563
11824,11.824,0.427686,7.336743
11825,11.825,0.4135868,7.3752236
11826,11.826,0.41617855,7.3256927
11827,11.827,0.43499076,7.3300343
11828,11.828,0.4492665,7.214244
11829,11.829,0.41914776,7.155298
11830,11.83,0.41665077,7.2279854
11831,11.831,0.4054462,7.243287
11832,11.832,0.41639918,7.25485
11833,11.833,0.4223582,7.359207
11834,11.834,0.415275,7.3480215
11835,11.835,0.4217629,7.283125
11836,11.836,0.42495567,7.3221498
11837,11.837,0.42477962,7.267104
11838,11.838,0.43967167,7.258174
11839,11.839,0.43667948,7.131277
11840,11.84,0.42131042,4.6524177
11841,11.841,0.43100476,4.735142
11842,11.842,0.42101127,4.723117
11843,11.843,0.4248207,4.6763186
11844,11.844,0.42409724,4.696941
11845,11.845,0.42202568,4.7146277
11846,11.846,0.42430177,4.6957035
11847,11.847,0.4266051,4.7030063
11848,11.848,0.42849258,4.6812887
11849,11.849,0.4254059,4.7094994
11850,11.85,0.41964278,4.6771994
11851,11.851,0.41359028,4.7212567
11852,11.852,0.42288557,4.6905737
11853,11.853,0.42514822,4.674503
11854,11.854,0.43418095,4.6755443
11855,11.855,0.4309769,4.6540565
11856,11.856,0.42938486,7.4376516
11857,11.857,0.42356336,7.387019
11858,11.858,0.4320214,7.3091307
11859,11.859,0.4205334,7.2461534
11860,11.86,0.4279697,4.660563
11861,11.861,0.4259536,4.6214895
11862,11.862,0.4317262,7.231568
11863,11.863,0.42931584,7.137719
11864,11.864,0.40000486,4.6666856
11865,11.865,0.42194515,7.1411767
11866,11.866,0.4105129,4.6535735
11867,11.867,0.4288426,4.7093163
11868,11.868,0.4206124,7.1253743
11869,11.869,0.43968993,7.1516743
11870,11.87,0.4313284,7.1377296
11871,11.871,0.43336242,7.1482816
11872,11.872,0.41298878,7.250513
11873,11.873,0.4411958,4.6927114
11874,11.874,0.4309923,7.230395
11875,11.875,0.4289752,4.6503377
11876,11.876,0.43013385,4.6321926
11877,11.877,0.42674005,4.6792245
11878,11.878,0.4180051,4.665579
11879,11.879,0.42620566,4.6760564
11880,11.88,0.4246362,4.6684737
11881,11.881,0.4171342,4.721758
11882,11.882,0.42326793,4.709887
11883,11.883,0.41748545,4.671551
11884,11.884,0.41975626,4.658057
11885,11.885,0.416743,4.700007
11886,11.886,0.41746593,4.7261314
11887,11.887,0.41618633,4.712362
11888,11.888,0.42269418,4.7231536
11889,11.889,0.43017605,4.635678
11890,11.89,0.4312532,4.6968107
11891,11.891,0.43137875,4.632021
11892,11.892,0.43860874,4.635833
11893,11.893,0.4229621,4.626807
11894,11.894,0.44104353,4.6300426
11895,11.895,0.44134247,4.6483865
11896,11.896,0.43282926,4.631143
11897,11.897,0.43252468,4.643663
11898,11.898,0.41863957,4.6392636
11899,11.899,0.41461197,4.64756
11900,11.9,0.42478466,4.675255
11901,11.901,0.41859376,4.6629176
11902,11.902,0.40171692,4.6396976
11903,11.903,0.41865987,4.657576
11904,11.904,0.40245622,4.6928906
11905,11.905,0.38970223,4.666104
11906,11.906,0.39815003,4.6928873
11907,11.907,0.3966699,4.709976
11908,11.908,0.4030053,4.6823163
11909,11.909,0.40994412,4.6903434
11910,11.91,0.40411112,4.6686835
11911,11.911,0.39736027,4.698655
11912,11.912,0.4003466,4.695253
11913,11.913,0.40526372,4.6676593
11914,11.914,0.40822464,4.6554155
11915,11.915,0.42286247,4.6458426
11916,11.916,0.42695343,4.685558
11917,11.917,0.4255367,4.6716866
11918,11.918,0.4108027,4.6743546
11919,11.919,0.4053852,4.645551
11920,11.92,0.4116901,4.6671534
11921,11.921,0.41414288,4.6457386
11922,11.922,0.4292582,4.65088
11923,11.923,0.414084,4.657969
11924,11.924,0.4187013,4.684235
11925,11.925,0.43031266,4.62546
11926,11.926,0.4174147,4.6586494
11927,11.927,0.4342946,4.664222
11928,11.928,0.42661378,4.212174
11929,11.929,0.42873853,4.28879
11930,11.93,0.4371121,4.27382
11931,11.931,0.43851635,4.3613906
11932,11.932,0.42850134,4.365921
11933,11.933,0.4388419,4.2715073
11934,11.934,0.43455446,4.2345285
11935,11.935,0.42327246,4.1623225
11936,11.936,0.43246108,4.310442
11937,11.937,0.44504672,4.650249
11938,11.938,0.44540775,4.278994
11939,11.939,0.45714253,4.6156235
11940,11.94,0.44335794,4.298278
11941,11.941,0.43768728,4.418616
11942,11.942,0.42779112,4.437931
11943,11.943,0.42842284,4.404035
11944,11.944,0.440822,4.461723
11945,11.945,0.44025168,4.5286407
11946,11.946,0.45043093,4.437897
11947,11.947,0.44797876,4.5199556
11948,11.948,0.43062714,4.5132337
11949,11.949,0.42662084,4.4431353
11950,11.95,0.435633,4.4229183
11951,11.951,0.43068403,4.627849
11952,11.952,0.42176238,4.596992
11953,11.953,0.43162256,4.5977983
11954,11.954,0.42657274,4.6597304
11955,11.955,0.43465102,4.598727
11956,11.956,0.4341434,4.6325617
11957,11.957,0.43437022,4.632146
11958,11.958,0.45347348,4.6315556
11959,11.959,0.44154084,4.619512
11960,11.96,0.42334864,4.648731
11961,11.961,0.43601903,4.6205826
11962,11.962,0.45344543,4.6507115
11963,11.963,0.4451749,4.6410503
11964,11.964,0.44329706,4.6281357
11965,11.965,0.44409195,4.663029
11966,11.966,0.43649122,4.6739683
11967,11.967,0.45234445,4.6689463
11968,11.968,0.45146218,4.6313114
11969,11.969,0.45152724,4.6399927
11970,11.97,0.4466792,4.65872
11971,11.971,0.45365775,4.64803
11972,11.972,0.4298439,4.6159678
11973,11.973,0.42805517,4.6558337
11974,11.974,0.42005026,4.6667843
11975,11.975,0.43552762,4.6539435
11976,11.976,0.43418467,4.637136
11977,11.977,0.42556632,4.65087
11978,11.978,0.41929266,4.6160207
11979,11.979,0.4294317,4.6373377
11980,11.98,0.42885998,4.6510983
11981,11.981,0.4339792,4.5943575
11982,11.982,0.42115882,4.6119514
11983,11.983,0.42546198,4.62438
11984,11.984,0.42591277,4.603291
11985,11.985,0.41815677,4.6121044
11986,11.986,0.41899797,4.635671
11987,11.987,0.4243098,4.603037
11988,11.988,0.44101313,4.6450467
11989,11.989,0.44361886,4.6543126
11990,11.99,0.4377355,4.6043825
11991,11.991,0.46418267,4.618152
11992,11.992,0.46078977,4.6557283
11993,11.993,0.46021393,4.635093
11994,11.994,0.4580614,4.6503744
11995,11.995,0.47080112,4.663096
11996,11.996,0.470771,4.653618
11997,11.997,0.45644522,4.6756673
11998,11.998,0.44594622,4.641782
11999,11.999,0.44336718,4.654299
12000,12.0,0.44570652,4.666925
12001,12.001,0.4535484,4.670521
12002,12.002,0.44049972,4.6566434
12003,12.003,0.43176594,4.6264353
12004,12.004,0.44136056,4.595996
12005,12.005,0.4502464,4.5979395
12006,12.006,0.43655664,4.616057
12007,12.007,0.42988035,5.0922823
12008,12.008,0.4277965,5.003369
12009,12.009,0.43161988,4.640665
12010,12.01,0.4350507,4.6793275
12011,12.011,0.43867236,4.6302
12012,12.012,0.43708616,4.6092224
12013,12.013,0.45299986,4.5968747
12014,12.014,0.45565057,4.6199856
12015,12.015,0.46006456,4.637023
12016,12.016,0.4428204,4.6820555
12017,12.017,0.4386426,4.674111
12018,12.018,0.42615318,4.661742
12019,12.019,0.41703138,4.6341214
12020,12.02,0.42456758,4.6443725
12021,12.021,0.43243596,4.6493716
12022,12.022,0.4376898,4.6619167
12023,12.023,0.44352242,5.8139896
12024,12.024,0.44982433,4.663356
12025,12.025,0.44586548,4.6508336
12026,12.026,0.44038254,4.2738624
12027,12.027,0.4362813,4.327756
12028,12.028,0.43252188,4.2191114
12029,12.029,0.44163194,5.6311
12030,12.03,0.4306435,5.617227
12031,12.031,0.42830396,5.37292
12032,12.032,0.41465575,5.3725057
12033,12.033,0.4182227,5.3272567
12034,12.034,0.4182773,5.260656
12035,12.035,0.42473403,5.169459
12036,12.036,0.43416736,5.1610346
12037,12.037,0.42391783,5.1455755
12038,12.038,0.41746885,5.1360655
12039,12.039,0.4287958,5.1631413
12040,12.04,0.42074484,5.0703955
12041,12.041,0.4247434,5.218587
12042,12.042,0.4154946,5.2011275
12043,12.043,0.4151195,5.233357
12044,12.044,0.41890043,5.1488976
12045,12.045,0.425778,5.196809
12046,12.046,0.44723123,5.2106595
12047,12.047,0.45958364,5.295809
12048,12.048,0.44411835,5.046555
12049,12.049,0.45312116,5.022329
12050,12.05,0.48021594,5.0724998
12051,12.051,0.46375975,5.122516
12052,12.052,0.45512384,5.1831307
12053,12.053,0.45880085,5.0949078
12054,12.054,0.46170577,5.2471876
12055,12.055,0.44220963,5.142662
12056,12.056,0.45565224,5.141737
12057,12.057,0.44325116,5.038767
12058,12.058,0.446516,5.031196
12059,12.059,0.44218546,5.0429378
12060,12.06,0.44609395,5.0610685
12061,12.061,0.44378313,4.987898
12062,12.062,0.43855232,4.8572454
12063,12.063,0.43871373,4.738516
12064,12.064,0.420897,4.7793665
12065,12.065,0.42942014,4.82808
12066,12.066,0.42634857,4.662751
12067,12.067,0.42515975,4.7135067
12068,12.068,0.4261799,4.735124
12069,12.069,0.4149733,4.5328765
12070,12.07,0.41638127,4.6948276
12071,12.071,0.42752624,4.639316
12072,12.072,0.418248,4.6760497
12073,12.073,0.43529812,4.7144713
12074,12.074,0.4277864,4.573017
12075,12.075,0.4085022,4.4781513
12076,12.076,0.4179014,4.4662614
12077,12.077,0.40236834,4.432223
12078,12.078,0.41727203,4.541512
12079,12.079,0.41847816,4.409399
12080,12.08,0.4096691,4.5720954
12081,12.081,0.41111758,4.59821
12082,12.082,0.40873843,4.5269094
12083,12.083,0.4187993,4.579261
12084,12.084,0.4294885,4.473602
12085,12.085,0.44094732,4.4406524
12086,12.086,0.4345627,4.479528
12087,12.087,0.44768414,4.498883
12088,12.088,0.41809997,4.4089355
12089,12.089,0.41938555,4.324435
12090,12.09,0.42205223,4.3466854
12091,12.091,0.42859468,4.3769493
12092,12.092,0.4317385,4.4439654
12093,12.093,0.42795742,4.3858743
12094,12.094,0.42361328,4.325625
12095,12.095,0.4403605,4.3951283
12096,12.096,0.43103442,4.348186
12097,12.097,0.43400413,4.2438164
12098,12.098,0.43606278,4.2233686
12099,12.099,0.43470487,4.231323
12100,12.1,0.4272371,4.141093
12101,12.101,0.44093513,4.1221027
12102,12.102,0.45607987,4.104986
12103,12.103,0.4497046,4.091413
12104,12.104,0.46467462,3.9806123
12105,12.105,0.47047737,4.020856
12106,12.106,0.45354486,3.930802
12107,12.107,0.46793252,3.9175532
12108,12.108,0.46252227,3.930989
12109,12.109,0.45479748,3.879597
12110,12.11,0.4619582,4.1069145
12111,12.111,0.45467964,4.10917
12112,12.112,0.4469855,4.3178983
12113,12.113,0.44920704,4.291442
12114,12.114,0.46938026,4.365309
12115,12.115,0.46397018,4.1405444
12116,12.116,0.46125326,4.064215
12117,12.117,0.4558427,4.0062904
12118,12.118,0.46269017,3.827677
12119,12.119,0.4688871,3.931128
12120,12.12,0.46886602,4.0372977
12121,12.121,0.45325968,3.9678388
12122,12.122,0.44852522,3.9475076
12123,12.123,0.44108978,4.0342593
12124,12.124,0.44256094,3.9544272
12125,12.125,0.4525306,4.012719
12126,12.126,0.44230568,3.930082
12127,12.127,0.43454114,3.99335
12128,12.128,0.43351868,4.0408344
12129,12.129,0.43246055,4.0147657
12130,12.13,0.43294662,3.9339378
12131,12.131,0.4273806,3.9775429
12132,12.132,0.43942603,3.8368266
12133,12.133,0.42566678,3.876992
12134,12.134,0.43080774,3.8559923
12135,12.135,0.43397522,3.7153997
12136,12.136,0.41956538,3.7056315
12137,12.137,0.41036686,3.7032163
12138,12.138,0.42116088,3.7117915
12139,12.139,0.421612,3.7702954
12140,12.14,0.4121234,3.595805
12141,12.141,0.41849747,3.708222
12142,12.142,0.42725047,3.8236334
12143,12.143,0.43742746,3.9904954
12144,12.144,0.42389983,3.9579067
12145,12.145,0.43076816,4.1041355
12146,12.146,0.42830193,4.661736
12147,12.147,0.43234238,4.634079
12148,12.148,0.43736985,4.6574173
12149,12.149,0.4263635,4.656798
12150,12.15,0.42573956,4.6784515
12151,12.151,0.4197484,4.6942263
12152,12.152,0.42968023,4.676911
12153,12.153,0.42706755,4.6663227
12154,12.154,0.4343976,4.0960083
12155,12.155,0.42545682,4.6661386
12156,12.156,0.43154874,4.2751546
12157,12.157,0.43925527,4.2837896
12158,12.158,0.4360763,4.2338734
12159,12.159,0.42847356,4.3404827
12160,12.16,0.4379066,4.4927883
12161,12.161,0.42212346,4.456271
12162,12.162,0.43334574,4.4591312
12163,12.163,0.4326312,4.460306
12164,12.164,0.44666186,4.5941305
12165,12.165,0.4436303,4.551543
12166,12.166,0.43203732,4.44355
12167,12.167,0.42807192,4.6505013
12168,12.168,0.43793982,4.1902323
12169,12.169,0.4352632,4.6461453
12170,12.17,0.4540562,4.6533585
12171,12.171,0.4674723,4.6526403
12172,12.172,0.45846224,4.67565
12173,12.173,0.46581244,4.6222377
12174,12.174,0.47198457,4.620966
12175,12.175,0.467077,7.055174
12176,12.176,0.465355,7.0813346
12177,12.177,0.47435698,7.0820446
12178,12.178,0.46818653,6.916266
12179,12.179,0.47542217,6.941188
12180,12.18,0.4772211,6.9327154
12181,12.181,0.4833202,6.8404665
12182,12.182,0.4739375,6.7160945
12183,12.183,0.46308637,6.7587905
12184,12.184,0.46561465,6.8303714
12185,12.185,0.44113106,6.8425236
12186,12.186,0.44935665,6.713895
12187,12.187,0.45688212,6.792817
12188,12.188,0.4371618,6.7106004
12189,12.189,0.45066968,6.7193284
12190,12.19,0.45559716,6.76232
12191,12.191,0.43867198,6.6850386
12192,12.192,0.4111782,6.7380357
12193,12.193,0.40705973,6.836309
12194,12.194,0.41236258,6.745744
12195,12.195,0.42272645,6.799785
12196,12.196,0.407774,4.6155086
12197,12.197,0.4139367,6.77594
12198,12.198,0.42544568,4.6303596
12199,12.199,0.4324349,4.6332574
12200,12.2,0.4375486,4.6276903
12201,12.201,0.43053007,4.6378794
12202,12.202,0.43965077,4.4796386
12203,12.203,0.44215107,4.6361012
12204,12.204,0.4459173,4.593228
12205,12.205,0.45023328,6.689327
12206,12.206,0.45376718,4.287786
12207,12.207,0.44403663,4.60775
12208,12.208,0.4318682,4.608267
12209,12.209,0.44691294,4.622814
12210,12.21,0.42595607,4.6247444
12211,12.211,0.3978105,4.6199927
12212,12.212,0.41361082,4.5997925
12213,12.213,0.41272363,4.613373
12214,12.214,0.40658292,4.5895333
12215,12.215,0.40784574,6.862004
12216,12.216,0.4038247,6.7345505
12217,12.217,0.41080648,6.7424793
12218,12.218,0.4123605,6.6853
12219,12.219,0.42396733,6.7310357
12220,12.22,0.42402828,6.6856823
12221,12.221,0.4276099,6.7241135
12222,12.222,0.42305896,6.8198676
12223,12.223,0.42641485,6.746912
12224,12.224,0.4381275,6.774395
12225,12.225,0.4412001,4.5629888
12226,12.226,0.44636196,6.665712
12227,12.227,0.42855772,6.672223
12228,12.228,0.43416098,6.6473813
12229,12.229,0.42628783,6.5434446
12230,12.23,0.4404622,4.2699013
12231,12.231,0.44868577,4.551156
12232,12.232,0.44383794,4.239861
12233,12.233,0.4310135,4.2129536
12234,12.234,0.4515345,6.600087
12235,12.235,0.44698358,6.5928507
12236,12.236,0.4304827,6.6808887
12237,12.237,0.41038886,4.2995133
12238,12.238,0.4277245,4.3300138
12239,12.239,0.42781895,4.2737274
12240,12.24,0.4226671,4.1778207
12241,12.241,0.41641042,4.168064
12242,12.242,0.4132037,4.1979465
12243,12.243,0.4088702,4.237962
12244,12.244,0.4212107,4.3017745
12245,12.245,0.4253552,4.296473
12246,12.246,0.42198378,6.4596114
12247,12.247,0.41025868,4.4540315
12248,12.248,0.42446533,6.646569
12249,12.249,0.415788,4.6151037
12250,12.25,0.43424642,6.664994
12251,12.251,0.42779586,4.6883135
12252,12.252,0.423513,4.5869393
12253,12.253,0.416108,4.5350494
12254,12.254,0.4263003,4.4504547
12255,12.255,0.43469647,4.467202
12256,12.256,0.44281295,4.486792
12257,12.257,0.43643084,4.6097383
12258,12.258,0.44634315,4.6055646
12259,12.259,0.43015105,4.6333547
12260,12.26,0.41989392,4.648881
12261,12.261,0.4319359,4.6367893
12262,12.262,0.441324,4.5932364
12263,12.263,0.42728212,4.616842
12264,12.264,0.43294343,4.6009693
12265,12.265,0.44453216,4.2024503
12266,12.266,0.4465291,4.6110563
12267,12.267,0.4572481,4.6250486
12268,12.268,0.44334972,4.6449013
12269,12.269,0.44416833,4.623119
12270,12.27,0.43782803,4.2775793
12271,12.271,0.45679584,4.3000216
12272,12.272,0.42618546,4.3884673
12273,12.273,0.43817285,4.560848
12274,12.274,0.43518803,4.5573306
12275,12.275,0.4454218,4.645615
12276,12.276,0.42690226,4.6363854
12277,12.277,0.42232537,4.615277
12278,12.278,0.43340737,4.6259527
12279,12.279,0.445316,4.641037
12280,12.28,0.43115228,4.600565
12281,12.281,0.43832058,6.775133
12282,12.282,0.44594997,4.571806
12283,12.283,0.44317746,4.574041
12284,12.284,0.45206326,4.604631
12285,12.285,0.43914947,5.9282446
12286,12.286,0.45142853,4.634833
12287,12.287,0.43034664,4.6143985
12288,12.288,0.43148902,4.6192894
12289,12.289,0.42951366,4.626705
12290,12.29,0.43972227,3.587069
12291,12.291,0.44785762,3.6129265
12292,12.292,0.45072493,3.6617067
12293,12.293,0.4516171,3.8859017
12294,12.294,0.45720258,3.9179564
12295,12.295,0.4589291,4.604535
12296,12.296,0.45848897,4.6253467
12297,12.297,0.46058112,3.875389
12298,12.298,0.45679066,4.633156
12299,12.299,0.46154588,4.060709
12300,12.3,0.46546093,4.6060324
12301,12.301,0.46586856,4.638205
12302,12.302,0.45729294,4.635084
12303,12.303,0.4667783,4.630773
12304,12.304,0.46921855,4.634673
12305,12.305,0.48479915,4.195133
12306,12.306,0.46299988,4.6283717
12307,12.307,0.48095605,4.590203
12308,12.308,0.4731351,4.620397
12309,12.309,0.47736484,4.6101637
12310,12.31,0.4795823,4.5817256
12311,12.311,0.45605668,4.592221
12312,12.312,0.4545665,4.5543194
12313,12.313,0.44735658,4.04305
12314,12.314,0.46508852,4.153347
12315,12.315,0.45594338,3.9530218
12316,12.316,0.45258206,4.541382
12317,12.317,0.43408495,4.1101575
12318,12.318,0.4400241,4.590632
12319,12.319,0.4505619,4.111208
12320,12.32,0.43987852,3.9473798
12321,12.321,0.4502867,3.9922354
12322,12.322,0.43907866,4.0860085
12323,12.323,0.45247018,3.9819984
12324,12.324,0.44853476,4.0447454
12325,12.325,0.44307026,4.095286
12326,12.326,0.43183205,4.1113777
12327,12.327,0.43422672,4.5896983
12328,12.328,0.43622565,4.3062816
12329,12.329,0.44939834,4.4660296
12330,12.33,0.4587628,4.6147037
12331,12.331,0.44285327,4.5251946
12332,12.332,0.451193,4.5278687
12333,12.333,0.44715887,4.662061
12334,12.334,0.45134056,4.359195
12335,12.335,0.4417089,4.3809643
12336,12.336,0.45371786,4.279766
12337,12.337,0.44853103,4.5323243
12338,12.338,0.45398542,4.570119
12339,12.339,0.45980594,4.5866175
12340,12.34,0.47397336,4.563005
12341,12.341,0.46133694,4.577395
12342,12.342,0.46566924,4.5610247
12343,12.343,0.45111385,4.582819
12344,12.344,0.4624149,4.348889
12345,12.345,0.4473262,4.5681973
12346,12.346,0.44417277,4.5674553
12347,12.347,0.44941133,4.574906
12348,12.348,0.44990388,4.0746017
12349,12.349,0.4437564,4.574674
12350,12.35,0.44685745,4.625677
12351,12.351,0.4537924,4.5705323
12352,12.352,0.4508701,4.5965533
12353,12.353,0.46571457,4.601203
12354,12.354,0.4612694,4.6096253
12355,12.355,0.46396708,4.615993
12356,12.356,0.44875932,4.631809
12357,12.357,0.44326666,4.599339
12358,12.358,0.44086197,4.602284
12359,12.359,0.4413848,4.6231227
12360,12.36,0.4498688,4.598352
12361,12.361,0.4582499,4.5853386
12362,12.362,0.44676873,4.5500183
12363,12.363,0.45619467,4.6075897
12364,12.364,0.45400846,4.6455536
12365,12.365,0.47035795,4.644358
12366,12.366,0.4644992,3.9846063
12367,12.367,0.455724,3.875998
12368,12.368,0.47447065,4.622126
12369,12.369,0.48363748,4.6753144
12370,12.37,0.4659152,4.6533356
12371,12.371,0.47030547,4.0805235
12372,12.372,0.45959106,4.05717
12373,12.373,0.47332907,4.116759
12374,12.374,0.46437773,4.1404786
12375,12.375,0.4739207,4.2257414
12376,12.376,0.46035582,4.269316
12377,12.377,0.47194684,4.1053963
12378,12.378,0.45537892,4.014386
12379,12.379,0.44893804,4.087145
12380,12.38,0.4393071,3.9792793
12381,12.381,0.44842485,3.8741238
12382,12.382,0.4422789,3.9953632
12383,12.383,0.444783,3.8893576
12384,12.384,0.45159674,3.9647782
12385,12.385,0.440569,3.983389
12386,12.386,0.45431402,4.648245
12387,12.387,0.446978,3.9306164
12388,12.388,0.4473231,4.0340953
12389,12.389,0.4515779,4.1458597
12390,12.39,0.46389383,4.124686
12391,12.391,0.475834,4.0401645
12392,12.392,0.48953968,3.927582
12393,12.393,0.48573318,3.948149
12394,12.394,0.47261015,4.0548477
12395,12.395,0.48319283,4.0785823
12396,12.396,0.49672553,3.971175
12397,12.397,0.4961386,3.9766688
12398,12.398,0.4819623,3.9691958
12399,12.399,0.48082444,4.0355
12400,12.4,0.47829512,4.189469
12401,12.401,0.4826455,4.2173243
12402,12.402,0.46315163,4.1311145
12403,12.403,0.45848015,4.1298304
12404,12.404,0.4759778,4.197884
12405,12.405,0.47708747,4.157702
12406,12.406,0.48150206,4.2433667
12407,12.407,0.4739857,4.3442936
12408,12.408,0.4828585,4.284147
12409,12.409,0.4722583,4.2580647
12410,12.41,0.47963232,4.411912
12411,12.411,0.465841,4.4860125
12412,12.412,0.4570955,4.4345517
12413,12.413,0.46557155,4.304387
12414,12.414,0.4501579,4.3987203
12415,12.415,0.45480308,4.3597755
12416,12.416,0.4603818,4.310352
12417,12.417,0.44431534,4.2776465
12418,12.418,0.4687082,4.263153
12419,12.419,0.46256512,4.262365
12420,12.42,0.46567842,4.318725
12421,12.421,0.47053635,4.335377
12422,12.422,0.46966943,4.289314
12423,12.423,0.47841656,4.2265754
12424,12.424,0.4712296,4.2402797
12425,12.425,0.47643113,4.3487263
12426,12.426,0.47491533,4.5384517
12427,12.427,0.471645,4.499872
12428,12.428,0.46336737,4.5059767
12429,12.429,0.45875955,4.485314
12430,12.43,0.46490556,4.5327106
12431,12.431,0.46907628,4.5865827
12432,12.432,0.4780708,4.818541
12433,12.433,0.46616086,4.792704
12434,12.434,0.4716821,4.8800488
12435,12.435,0.47333726,4.8343453
12436,12.436,0.47050747,4.765229
12437,12.437,0.468913,4.8123555
12438,12.438,0.47578287,4.828274
12439,12.439,0.4743393,4.9655104
12440,12.44,0.47323796,5.013607
12441,12.441,0.48990932,5.0876303
12442,12.442,0.48920828,5.0159745
12443,12.443,0.4853551,5.0744877
12444,12.444,0.48566806,4.99939
12445,12.445,0.4824794,4.9253936
12446,12.446,0.47693616,5.0870094
12447,12.447,0.4724356,5.07659
12448,12.448,0.48372316,5.062419
12449,12.449,0.47595182,4.8829618
12450,12.45,0.47675857,4.7779903
12451,12.451,0.4645059,4.6578746
12452,12.452,0.46721533,4.6989527
12453,12.453,0.4745056,4.6749225
12454,12.454,0.46607345,4.6444106
12455,12.455,0.4705161,4.5659833
12456,12.456,0.4681252,4.5067577
12457,12.457,0.4672371,4.5339613
12458,12.458,0.47220784,4.5326753
12459,12.459,0.47377676,4.481221
12460,12.46,0.46929702,4.566102
12461,12.461,0.46415576,4.4994116
12462,12.462,0.45826048,4.602789
12463,12.463,0.48957735,4.575031
12464,12.464,0.46946338,4.695302
12465,12.465,0.47156557,4.653055
12466,12.466,0.4601486,4.69704
12467,12.467,0.45604542,4.413098
12468,12.468,0.44859958,4.400106
12469,12.469,0.45418578,4.936927
12470,12.47,0.4539806,4.938267
12471,12.471,0.46432498,5.0354915
12472,12.472,0.4750286,6.9485826
12473,12.473,0.4636988,7.0613084
12474,12.474,0.4668413,7.070677
12475,12.475,0.47614694,7.0966954
12476,12.476,0.4652662,7.036065
12477,12.477,0.473541,7.114107
12478,12.478,0.47546607,6.919442
12479,12.479,0.49622306,6.8687882
12480,12.48,0.48012048,6.8188953
12481,12.481,0.48198053,6.7330875
12482,12.482,0.47111455,6.681243
12483,12.483,0.4571926,4.7844257
12484,12.484,0.45769003,6.6611853
12485,12.485,0.4493528,6.66191
12486,12.486,0.4459518,6.699328
12487,12.487,0.44660687,6.656268
12488,12.488,0.4412018,6.665447
12489,12.489,0.45824435,6.5663123
12490,12.49,0.46074122,6.6569076
12491,12.491,0.46878564,6.659498
12492,12.492,0.46551123,6.672035
12493,12.493,0.44806844,6.626461
12494,12.494,0.46194592,6.705781
12495,12.495,0.45986438,6.7609153
12496,12.496,0.461408,6.707277
12497,12.497,0.48059335,6.70459
12498,12.498,0.48601818,6.5028415
12499,12.499,0.49310073,6.4429827
12500,12.5,0.4904112,6.504813
12501,12.501,0.48833013,6.5730057
12502,12.502,0.46481043,6.523112
12503,12.503,0.4618919,6.633779
12504,12.504,0.47373676,6.671764
12505,12.505,0.47682488,6.6290154
12506,12.506,0.46302545,6.6547537
12507,12.507,0.47111037,6.71018
12508,12.508,0.46579036,6.6310368
12509,12.509,0.46897843,6.718616
12510,12.51,0.47736567,6.764698
12511,12.511,0.48379758,6.6856027
12512,12.512,0.48710144,6.6005535
12513,12.513,0.50588566,6.623585
12514,12.514,0.49369583,6.6235957
12515,12.515,0.49191523,6.605567
12516,12.516,0.49298397,6.601324
12517,12.517,0.48433194,6.580786
12518,12.518,0.4730743,6.6112814
12519,12.519,0.46658385,6.6664495
12520,12.52,0.46904534,6.4360886
12521,12.521,0.47339293,6.444283
12522,12.522,0.46795797,6.560216
12523,12.523,0.47426972,6.5594563
12524,12.524,0.4709645,6.5304866
12525,12.525,0.4480874,4.574585
12526,12.526,0.4663467,4.5360756
12527,12.527,0.45521045,4.545891
12528,12.528,0.4643099,4.571098
12529,12.529,0.46907368,4.4544973
12530,12.53,0.46210158,4.5429564
12531,12.531,0.46701375,4.5568056
12532,12.532,0.46314815,6.4840817
12533,12.533,0.47636634,4.517022
12534,12.534,0.47704667,6.608315
12535,12.535,0.48014155,6.4113245
12536,12.536,0.4755769,4.5499225
12537,12.537,0.48417282,6.520301
12538,12.538,0.48035806,6.5845876
12539,12.539,0.49193743,6.5701075
12540,12.54,0.47592813,6.5479574
12541,12.541,0.48010784,4.509015
12542,12.542,0.45914403,4.5355806
12543,12.543,0.46363285,4.536887
12544,12.544,0.4714295,4.607019
12545,12.545,0.4657513,6.724656
12546,12.546,0.45887947,4.620184
12547,12.547,0.46593717,4.6276727
12548,12.548,0.46161237,4.6432676
12549,12.549,0.46353072,6.6704564
12550,12.55,0.45542967,6.5680985
12551,12.551,0.4621826,6.5876265
12552,12.552,0.46996322,6.473205
12553,12.553,0.47008654,6.426843
12554,12.554,0.4644962,6.464828
12555,12.555,0.46201852,6.4069386
12556,12.556,0.4560568,6.417514
12557,12.557,0.46800095,6.385677
12558,12.558,0.4646292,6.4268603
12559,12.559,0.47617775,4.5600553
12560,12.56,0.4651504,6.363819
12561,12.561,0.47089735,6.3117976
12562,12.562,0.45883086,6.2118583
12563,12.563,0.45888978,6.3111935
12564,12.564,0.44566423,6.2455063
12565,12.565,0.4689354,6.4337225
12566,12.566,0.4614041,6.436185
12567,12.567,0.47269404,6.417425
12568,12.568,0.4732982,6.500554
12569,12.569,0.47896764,6.438326
12570,12.57,0.46278498,6.43945
12571,12.571,0.4698214,6.3575187
12572,12.572,0.4553539,6.362564
12573,12.573,0.45990726,6.2437744
12574,12.574,0.46813616,6.288703
12575,12.575,0.45562217,6.2108855
12576,12.576,0.46506104,6.2759066
12577,12.577,0.45085302,6.258498
12578,12.578,0.46536505,6.3878994
12579,12.579,0.45160967,6.4497085
12580,12.58,0.46989188,6.2937493
12581,12.581,0.46707416,6.271056
12582,12.582,0.45443997,6.292282
12583,12.583,0.45094982,6.346157
12584,12.584,0.45350152,6.332875
12585,12.585,0.45493865,6.301972
12586,12.586,0.45475045,6.3865256
12587,12.587,0.44829154,6.447925
12588,12.588,0.4408806,6.4111814
12589,12.589,0.44704705,6.3284903
12590,12.59,0.45156756,6.318292
12591,12.591,0.45954317,6.2314744
12592,12.592,0.44874772,6.3022943
12593,12.593,0.45645383,6.3712544
12594,12.594,0.45219275,6.319568
12595,12.595,0.45925578,6.1941066
12596,12.596,0.44912365,6.181191
12597,12.597,0.46582884,6.322673
12598,12.598,0.46088707,6.3719625
12599,12.599,0.46543288,6.508227
12600,12.6,0.47071186,6.5055637
12601,12.601,0.46730104,6.4600186
12602,12.602,0.45378205,6.5501885
12603,12.603,0.46049803,6.5271893
12604,12.604,0.45423988,6.523416
12605,12.605,0.46315563,6.6508527
12606,12.606,0.45174977,6.55717
12607,12.607,0.45106706,6.65808
12608,12.608,0.45158648,6.720789
12609,12.609,0.45754352,6.7343144
12610,12.61,0.46636268,6.706107
12611,12.611,0.47022954,6.7318954
12612,12.612,0.45993665,6.7087326
12613,12.613,0.45398036,6.6368804
12614,12.614,0.4739308,6.5850816
12615,12.615,0.46539438,6.5114517
12616,12.616,0.48158166,6.6779037
12617,12.617,0.46837994,6.7481027
12618,12.618,0.44510555,6.7253485
12619,12.619,0.4506071,6.717788
12620,12.62,0.45441312,6.605898
12621,12.621,0.44737157,6.6155868
12622,12.622,0.45315945,6.6478424
12623,12.623,0.4437955,6.627649
12624,12.624,0.44367242,6.6694508
12625,12.625,0.4635235,6.6085753
12626,12.626,0.45677167,6.6727037
12627,12.627,0.47054926,6.56692
12628,12.628,0.47678548,6.648812
12629,12.629,0.4710673,6.695251
12630,12.63,0.46102664,6.6737223
12631,12.631,0.48219478,6.668723
12632,12.632,0.46527722,6.7666373
12633,12.633,0.4643597,6.741795
12634,12.634,0.4728982,6.736364
12635,12.635,0.46176887,6.744007
12636,12.636,0.46252725,6.8098264
12637,12.637,0.46540418,6.7338214
12638,12.638,0.47352356,6.6761484
12639,12.639,0.45877188,6.791247
12640,12.64,0.45954716,4.6185265
12641,12.641,0.47301415,4.601875
12642,12.642,0.44712836,4.603451
12643,12.643,0.4688973,4.638304
12644,12.644,0.48146522,4.6624002
12645,12.645,0.46195096,4.6524696
12646,12.646,0.4579429,4.6770864
12647,12.647,0.45511395,4.6601634
12648,12.648,0.46078837,4.648311
12649,12.649,0.46224064,4.620922
12650,12.65,0.45681986,4.623284
12651,12.651,0.46217173,4.635578
12652,12.652,0.46248677,4.634892
12653,12.653,0.45839477,4.6288214
12654,12.654,0.46224487,4.5992804
12655,12.655,0.46536583,4.6490564
12656,12.656,0.4627891,4.6433787
12657,12.657,0.45393923,6.897134
12658,12.658,0.45869327,4.6490855
12659,12.659,0.43826783,4.6549597
12660,12.66,0.4335499,4.6686277
12661,12.661,0.4418775,4.6676598
12662,12.662,0.44317865,4.6222196
12663,12.663,0.44694385,4.6248145
12664,12.664,0.4424331,4.688538
12665,12.665,0.4422452,4.6675177
12666,12.666,0.4481894,6.507416
12667,12.667,0.44709423,4.660851
12668,12.668,0.4407947,4.6615486
12669,12.669,0.44794714,6.4510765
12670,12.67,0.45467418,6.5233827
12671,12.671,0.46755973,4.669244
12672,12.672,0.4540594,4.66611
12673,12.673,0.4383998,4.676361
12674,12.674,0.44200975,4.6618752
12675,12.675,0.45879936,6.2512527
12676,12.676,0.44816852,6.215276
12677,12.677,0.43698022,6.1026406
12678,12.678,0.4384532,6.0492873
12679,12.679,0.45897102,6.1197896
12680,12.68,0.43996394,6.1821265
12681,12.681,0.45749792,6.2079997
12682,12.682,0.44783294,4.6710114
12683,12.683,0.44308645,6.407207
12684,12.684,0.43989694,6.3923073
12685,12.685,0.45255458,4.67842
12686,12.686,0.44823453,6.3838773
12687,12.687,0.44409546,4.6896415
12688,12.688,0.45464545,4.6354465
12689,12.689,0.43617305,4.6962833
12690,12.69,0.44704407,4.709951
12691,12.691,0.4671224,4.6664567
12692,12.692,0.46751112,4.693658
12693,12.693,0.46713105,4.71236
12694,12.694,0.46065277,4.6959963
12695,12.695,0.4648323,4.7248607
12696,12.696,0.4592012,6.2933807
12697,12.697,0.4401755,6.3084702
12698,12.698,0.4510913,4.6878376
12699,12.699,0.45634314,4.6737037
12700,12.7,0.45156193,4.6554933
12701,12.701,0.45833337,6.3058
12702,12.702,0.45738408,6.3147717
12703,12.703,0.44833925,6.403492
12704,12.704,0.44186956,4.6904163
12705,12.705,0.4655332,6.389025
12706,12.706,0.46345565,6.2985334
12707,12.707,0.48009834,6.199957
12708,12.708,0.46418005,4.629883
12709,12.709,0.4703174,4.6736927
12710,12.71,0.47289062,4.677046
12711,12.711,0.47099882,4.6640625
12712,12.712,0.4778494,4.658792
12713,12.713,0.47638673,4.651111
12714,12.714,0.47305363,4.685608
12715,12.715,0.46037677,4.691766
12716,12.716,0.4505913,4.7030845
12717,12.717,0.43251106,4.654708
12718,12.718,0.45766062,4.6597877
12719,12.719,0.44965574,4.6537123
12720,12.72,0.43901572,4.607394
12721,12.721,0.41515264,4.6052213
12722,12.722,0.429739,4.58562
12723,12.723,0.41499013,4.6218405
12724,12.724,0.44490296,4.6422677
12725,12.725,0.43755218,4.670503
12726,12.726,0.43721667,4.6756344
12727,12.727,0.44368398,4.717358
12728,12.728,0.4378584,4.689254
12729,12.729,0.44322196,4.7025104
12730,12.73,0.44964045,4.658608
12731,12.731,0.43367597,4.6769357
12732,12.732,0.4360604,4.699265
12733,12.733,0.44163743,4.652357
12734,12.734,0.44494477,4.6691213
12735,12.735,0.45523152,6.1044955
12736,12.736,0.4765026,6.031077
12737,12.737,0.45968977,6.0870533
12738,12.738,0.4659632,6.008623
12739,12.739,0.4772464,6.071283
12740,12.74,0.47124225,6.0542235
12741,12.741,0.47794336,6.1483593
12742,12.742,0.47175917,6.151541
12743,12.743,0.47442484,6.101052
12744,12.744,0.48195595,6.113744
12745,12.745,0.46548316,6.0579696
12746,12.746,0.45106208,4.6610765
12747,12.747,0.44832534,4.6612
12748,12.748,0.44273996,5.952013
12749,12.749,0.45070198,5.9218636
12750,12.75,0.46053568,5.8493643
12751,12.751,0.4517352,5.9334307
12752,12.752,0.45233104,5.822501
12753,12.753,0.44227758,4.6777153
12754,12.754,0.43661675,5.6760902
12755,12.755,0.43643853,5.739587
12756,12.756,0.4365038,5.769954
12757,12.757,0.4391342,5.754558
12758,12.758,0.4418762,5.718704
12759,12.759,0.42360047,5.672557
12760,12.76,0.41748682,5.746564
12761,12.761,0.4246189,5.7360992
12762,12.762,0.42114374,5.701517
12763,12.763,0.4315209,5.729348
12764,12.764,0.43554288,5.7808876
12765,12.765,0.4429822,4.7036796
12766,12.766,0.43004662,4.6816955
12767,12.767,0.42623684,4.675673
12768,12.768,0.44455528,4.651514
12769,12.769,0.42771965,4.6900625
12770,12.77,0.4236763,4.6719394
12771,12.771,0.42228183,4.678168
12772,12.772,0.41660705,4.6281753
12773,12.773,0.42361984,4.639095
12774,12.774,0.4282706,4.6131687
12775,12.775,0.43224704,4.659963
12776,12.776,0.43383217,4.622946
12777,12.777,0.4205426,4.630848
12778,12.778,0.4200032,4.6343017
12779,12.779,0.44036326,4.6668863
12780,12.78,0.4256497,4.641375
12781,12.781,0.44398937,5.770437
12782,12.782,0.44203967,4.687623
12783,12.783,0.4428303,4.6823263
12784,12.784,0.43385375,4.6608615
12785,12.785,0.43414965,4.6875453
12786,12.786,0.44567746,4.666306
12787,12.787,0.43977338,4.6330853
12788,12.788,0.4277064,4.6422276
12789,12.789,0.42448086,4.6665683
12790,12.79,0.4279993,4.639078
12791,12.791,0.4415636,4.6276307
12792,12.792,0.42832002,4.6736817
12793,12.793,0.4224061,4.6071825
12794,12.794,0.43224478,4.589041
12795,12.795,0.41789505,4.622986
12796,12.796,0.42072535,4.637623
12797,12.797,0.40604207,4.610304
12798,12.798,0.41968122,4.6303205
12799,12.799,0.41871205,4.5950847
12800,12.8,0.4028874,4.6068754
12801,12.801,0.40461412,4.6374784
12802,12.802,0.42082685,5.903486
12803,12.803,0.41590488,5.906723
12804,12.804,0.42870942,5.9912596
12805,12.805,0.4182502,5.8826003
12806,12.806,0.41673702,4.5562234
12807,12.807,0.42975247,4.5773315
12808,12.808,0.4411638,5.854119
12809,12.809,0.4383157,5.739067
12810,12.81,0.4479367,5.7204556
12811,12.811,0.4351479,5.729068
12812,12.812,0.42666066,5.8122067
12813,12.813,0.42755288,5.687022
12814,12.814,0.43479154,5.748503
12815,12.815,0.4490758,5.7693753
12816,12.816,0.4369297,5.800748
12817,12.817,0.43435928,5.940661
12818,12.818,0.4385738,4.5390153
12819,12.819,0.45101887,5.947466
12820,12.82,0.4525445,4.5681868
12821,12.821,0.4420189,4.565421
12822,12.822,0.439888,4.5668373
12823,12.823,0.45233065,4.5460763
12824,12.824,0.45207885,5.8460197
12825,12.825,0.457242,5.8138437
12826,12.826,0.44869593,5.7788568
12827,12.827,0.46173307,5.9350104
12828,12.828,0.4529201,5.936606
12829,12.829,0.45464063,5.8848515
12830,12.83,0.45575953,5.8939166
12831,12.831,0.45541915,5.818511
12832,12.832,0.4641489,5.700357
12833,12.833,0.455588,5.8684278
12834,12.834,0.43883544,5.9634137
12835,12.835,0.45029476,6.0899277
12836,12.836,0.45118147,6.0455985
12837,12.837,0.46317372,6.078249
12838,12.838,0.4668579,6.032071
12839,12.839,0.47058043,6.107358
12840,12.84,0.4708929,6.153757
12841,12.841,0.47456053,6.281177
12842,12.842,0.4451788,6.223837
12843,12.843,0.45292494,6.213124
12844,12.844,0.45761868,6.2562933
12845,12.845,0.4687818,6.2931733
12846,12.846,0.44391972,6.2044554
12847,12.847,0.4351899,6.1248326
12848,12.848,0.44049212,6.191555
12849,12.849,0.42429236,6.1729426
12850,12.85,0.4422286,4.519327
12851,12.851,0.41564813,4.5329475
12852,12.852,0.43381152,4.5037785
12853,12.853,0.43915817,6.090217
12854,12.854,0.42966798,6.014608
12855,12.855,0.4249282,6.007835
12856,12.856,0.42859116,6.029257
12857,12.857,0.44176045,5.8316574
12858,12.858,0.43173823,5.8663616
12859,12.859,0.4479127,5.781558
12860,12.86,0.44040275,5.765266
12861,12.861,0.45335212,5.7488437
12862,12.862,0.44533637,5.669865
12863,12.863,0.45959684,5.7596836
12864,12.864,0.45582837,5.801754
12865,12.865,0.4582659,5.7615848
12866,12.866,0.46703306,5.69272
12867,12.867,0.45977956,5.660592
12868,12.868,0.46191004,5.7038608
12869,12.869,0.46460035,5.6574993
12870,12.87,0.47243217,5.664744
12871,12.871,0.47257835,4.504673
12872,12.872,0.4667107,4.5414586
12873,12.873,0.45255396,4.5316396
12874,12.874,0.4397864,4.553724
12875,12.875,0.4244916,5.763107
12876,12.876,0.42136186,4.562918
12877,12.877,0.4391089,4.5269413
12878,12.878,0.43856853,4.567603
12879,12.879,0.4546522,4.5845633
12880,12.88,0.46696264,4.561268
12881,12.881,0.45779902,4.5519023
12882,12.882,0.4594848,4.5294495
12883,12.883,0.45608076,4.561312
12884,12.884,0.47762132,4.5547056
12885,12.885,0.47236255,4.5565867
12886,12.886,0.47610685,4.561756
12887,12.887,0.47712794,4.5542693
12888,12.888,0.4809027,4.5640464
12889,12.889,0.47264624,4.5716553
12890,12.89,0.46474352,4.5758715
12891,12.891,0.47478446,4.55008
12892,12.892,0.4704468,4.546641
12893,12.893,0.45796373,4.543816
12894,12.894,0.47913545,4.5168967
12895,12.895,0.48060587,4.5247397
12896,12.896,0.48399302,4.5304923
12897,12.897,0.4653149,4.511725
12898,12.898,0.47332394,4.51658
12899,12.899,0.4853227,4.524579
12900,12.9,0.46772125,4.5280147
12901,12.901,0.46776772,4.5183644
12902,12.902,0.4718817,4.535569
12903,12.903,0.46848544,4.5122275
12904,12.904,0.476897,4.534623
12905,12.905,0.47755706,4.563687
12906,12.906,0.4699492,4.551666
12907,12.907,0.45204166,4.564779
12908,12.908,0.46845558,4.5336123
12909,12.909,0.4691508,4.5252748
12910,12.91,0.48043048,4.565579
12911,12.911,0.4734553,4.574424
12912,12.912,0.48448667,4.5288005
12913,12.913,0.47706422,4.547021
12914,12.914,0.47465408,4.536424
12915,12.915,0.4858518,4.555112
12916,12.916,0.49412543,4.549492
12917,12.917,0.4929486,4.568629
12918,12.918,0.48345652,4.542807
12919,12.919,0.48611867,4.54763
12920,12.92,0.48204157,4.5492816
12921,12.921,0.4637095,4.558771
12922,12.922,0.4732282,5.8776655
12923,12.923,0.4885364,5.909449
12924,12.924,0.4799017,5.8003435
12925,12.925,0.47573256,5.805961
12926,12.926,0.46461615,5.9194546
12927,12.927,0.46505234,5.9155617
12928,12.928,0.46016857,4.571486
12929,12.929,0.4661604,5.9086123
12930,12.93,0.48151094,5.8587055
12931,12.931,0.47882533,5.8959184
12932,12.932,0.49215615,5.8716707
12933,12.933,0.4831645,5.8803024
12934,12.934,0.48567402,5.9037113
12935,12.935,0.46618852,6.0121846
12936,12.936,0.48176834,5.9304852
12937,12.937,0.4851221,5.9069233
12938,12.938,0.48213065,5.910122
12939,12.939,0.48716244,5.9268584
12940,12.94,0.48386627,5.907116
12941,12.941,0.47541562,5.9925056
12942,12.942,0.4742188,5.879948
12943,12.943,0.46931586,4.6024456
12944,12.944,0.46721718,5.9299383
12945,12.945,0.45536166,5.903025
12946,12.946,0.46206614,5.885575
12947,12.947,0.45255014,5.84368
12948,12.948,0.43514022,5.811073
12949,12.949,0.45325205,5.7911153
12950,12.95,0.44895646,5.8366604
12951,12.951,0.4484064,5.890537
12952,12.952,0.45555073,6.0077424
12953,12.953,0.45664296,6.016159
12954,12.954,0.46659452,4.5920467
12955,12.955,0.45619747,6.01041
12956,12.956,0.46089762,4.58873
12957,12.957,0.47453046,5.784045
12958,12.958,0.46919614,5.804831
12959,12.959,0.4656571,5.8721848
12960,12.96,0.4663249,4.5960765
12961,12.961,0.4586848,4.546313
12962,12.962,0.47842032,4.5461755
12963,12.963,0.4758662,4.587089
12964,12.964,0.48564285,4.5353546
12965,12.965,0.49215287,5.656624
12966,12.966,0.48937944,4.539479
12967,12.967,0.4878959,4.57575
12968,12.968,0.47737342,5.659739
12969,12.969,0.47094017,5.595618
12970,12.97,0.47386995,5.6651835
12971,12.971,0.46681407,5.7230296
12972,12.972,0.47835374,5.690593
12973,12.973,0.48370788,5.590532
12974,12.974,0.463915,4.604129
12975,12.975,0.46608287,4.566582
12976,12.976,0.45911595,5.7931013
12977,12.977,0.4659447,4.5458093
12978,12.978,0.45705074,4.5320334
12979,12.979,0.43584123,4.5031457
12980,12.98,0.43784374,4.5119867
12981,12.981,0.43032932,4.533734
12982,12.982,0.43657225,4.5938096
12983,12.983,0.43053222,6.0782437
12984,12.984,0.4243737,4.6096487
12985,12.985,0.42161542,4.537841
12986,12.986,0.42379934,6.07279
12987,12.987,0.42936617,4.5793357
12988,12.988,0.42543277,4.617846
12989,12.989,0.44202662,5.9583178
12990,12.99,0.4440258,5.9526725
12991,12.991,0.44095007,6.0161552
12992,12.992,0.43770987,4.562728
12993,12.993,0.44945273,5.951816
12994,12.994,0.4318516,5.9118447
12995,12.995,0.42142457,6.0742097
12996,12.996,0.42547625,5.9603705
12997,12.997,0.41554993,5.9126945
12998,12.998,0.40551564,5.8845997
12999,12.999,0.40893394,5.8453803
13000,13.0,0.4011825,4.6309385
13001,13.001,0.38833326,4.6171927
13002,13.002,0.40617034,4.635423
13003,13.003,0.40550336,4.6474524
13004,13.004,0.41112956,4.638841
13005,13.005,0.4150414,4.6353736
13006,13.006,0.4164078,4.6289983
13007,13.007,0.39653772,5.8380647
13008,13.008,0.40253663,5.8043103
13009,13.009,0.3980378,5.796344
13010,13.01,0.4100666,4.6170363
13011,13.011,0.39382097,4.619725
13012,13.012,0.4151298,5.576015
13013,13.013,0.40911382,5.5963407
13014,13.014,0.41440853,5.6345835
13015,13.015,0.4278453,5.64852
13016,13.016,0.42425954,5.652332
13017,13.017,0.42716363,5.5957804
13018,13.018,0.42330974,5.627782
13019,13.019,0.41519246,5.6637588
13020,13.02,0.42997622,5.70082
13021,13.021,0.43846744,5.6781487
13022,13.022,0.44016317,5.71007
13023,13.023,0.4269346,5.5765877
13024,13.024,0.43714368,5.498764
13025,13.025,0.42177868,5.6819324
13026,13.026,0.4269996,5.6654224
13027,13.027,0.42100495,5.7202616
13028,13.028,0.42193064,5.9136295
13029,13.029,0.41578826,6.064075
13030,13.03,0.44352046,5.8939095
13031,13.031,0.44628334,5.9402766
13032,13.032,0.44961667,5.999995
13033,13.033,0.45031223,5.7622094
13034,13.034,0.46196583,5.66979
13035,13.035,0.45038974,5.839697
13036,13.036,0.44559768,5.919985
13037,13.037,0.43783638,4.718997
13038,13.038,0.42726603,4.6961513
13039,13.039,0.4353564,4.748072
13040,13.04,0.42995176,4.7258782
13041,13.041,0.39893317,4.7286506
13042,13.042,0.4064032,4.736439
13043,13.043,0.41571042,4.691126
13044,13.044,0.40376386,5.9922166
13045,13.045,0.4100242,4.6995583
13046,13.046,0.396367,4.682707
13047,13.047,0.39018694,4.6330347
13048,13.048,0.40803546,4.6828136
13049,13.049,0.40851536,4.6920595
13050,13.05,0.40432674,4.6748676
13051,13.051,0.41098726,4.6194987
13052,13.052,0.41287947,4.6174064
13053,13.053,0.4349764,4.587109
13054,13.054,0.4138704,4.612069
13055,13.055,0.41618454,4.6176796
13056,13.056,0.4293488,4.6067786
13057,13.057,0.42290318,4.6144
13058,13.058,0.4120255,4.6174874
13059,13.059,0.41682494,4.618934
13060,13.06,0.41343513,4.5709414
13061,13.061,0.42160475,4.651669
13062,13.062,0.41999054,4.6688266
13063,13.063,0.41599324,4.6080003
13064,13.064,0.40699327,4.6795535
13065,13.065,0.4027676,4.6921225
13066,13.066,0.41053417,4.692729
13067,13.067,0.4218672,4.6863093
13068,13.068,0.4164357,4.67994
13069,13.069,0.39733684,4.6903577
13070,13.07,0.40612718,4.646686
13071,13.071,0.4027983,4.678686
13072,13.072,0.41732246,4.6852694
13073,13.073,0.4300524,4.6971602
13074,13.074,0.423915,4.7156396
13075,13.075,0.4144713,4.722576
13076,13.076,0.40381798,4.69867
13077,13.077,0.40801036,4.685714
13078,13.078,0.4077118,4.662773
13079,13.079,0.4048659,4.690363
13080,13.08,0.40225223,4.6724043
13081,13.081,0.40264487,4.661532
13082,13.082,0.4003866,4.6804824
13083,13.083,0.39163032,4.6526194
13084,13.084,0.41398698,4.6111
13085,13.085,0.4109497,4.615792
13086,13.086,0.40390855,4.704304
13087,13.087,0.40221128,4.6974382
13088,13.088,0.4101581,4.703408
13089,13.089,0.41380405,4.7255993
13090,13.09,0.39700213,4.7181315
13091,13.091,0.37249196,4.7434406
13092,13.092,0.37767583,4.7206883
13093,13.093,0.39051178,4.691192
13094,13.094,0.3848173,4.6885414
13095,13.095,0.39761516,4.7507052
13096,13.096,0.38929564,4.6939993
13097,13.097,0.38889754,4.717132
13098,13.098,0.3776962,4.7271295
13099,13.099,0.3751231,4.6896777
13100,13.1,0.38848802,4.7311406
13101,13.101,0.3702867,4.64978
13102,13.102,0.38197058,4.649027
13103,13.103,0.381427,4.6554475
13104,13.104,0.3686361,4.735234
13105,13.105,0.37500665,4.698847
13106,13.106,0.38049483,4.681293
13107,13.107,0.38066795,4.7287774
13108,13.108,0.3827089,4.6811814
13109,13.109,0.3697317,4.6958675
13110,13.11,0.37058005,4.7073793
13111,13.111,0.37121943,4.695922
13112,13.112,0.38459116,4.6943827
13113,13.113,0.3959826,4.6842546
13114,13.114,0.382579,4.7389665
13115,13.115,0.3715408,4.693944
13116,13.116,0.36348307,4.709387
13117,13.117,0.36154512,4.7103295
13118,13.118,0.3635141,4.7228327
13119,13.119,0.37409803,4.702306
13120,13.12,0.3691976,4.676415
13121,13.121,0.36361298,4.712093
13122,13.122,0.36682338,4.6824555
13123,13.123,0.37510312,4.6916413
13124,13.124,0.37857664,4.757674
13125,13.125,0.3658564,4.727925
13126,13.126,0.3630745,4.7521906
13127,13.127,0.36301038,4.7262383
13128,13.128,0.3788904,4.6849947
13129,13.129,0.37316522,4.6944685
13130,13.13,0.36806464,4.7103724
13131,13.131,0.381194,4.712406
13132,13.132,0.38706845,4.704852
13133,13.133,0.36835158,4.6628847
13134,13.134,0.35507017,4.691702
13135,13.135,0.37406498,4.6911154
13136,13.136,0.38760656,4.679806
13137,13.137,0.36377397,4.6709785
13138,13.138,0.36329666,4.720491
13139,13.139,0.3609291,4.6598773
13140,13.14,0.36150917,4.721895
13141,13.141,0.3645894,4.715322
13142,13.142,0.33801207,4.7461424
13143,13.143,0.36802146,4.673919
13144,13.144,0.34785703,4.6890388
13145,13.145,0.3407721,4.660408
13146,13.146,0.3323726,4.6737266
13147,13.147,0.33498695,4.704348
13148,13.148,0.3376947,4.675281
13149,13.149,0.3311688,4.6590014
13150,13.15,0.32376134,4.6449146
13151,13.151,0.3371534,4.653579
13152,13.152,0.3229944,4.663491
13153,13.153,0.33056456,4.6418805
13154,13.154,0.3332746,4.647967
13155,13.155,0.34891865,4.6922927
13156,13.156,0.36295223,4.7084785
13157,13.157,0.37975374,4.659995
13158,13.158,0.36989737,4.6854296
13159,13.159,0.36996266,4.7217813
13160,13.16,0.35981765,4.703638
13161,13.161,0.37474668,4.695281
13162,13.162,0.36133868,4.695633
13163,13.163,0.37266958,4.6888514
13164,13.164,0.371376,6.146265
13165,13.165,0.3554502,4.7153673
13166,13.166,0.3590363,4.6748586
13167,13.167,0.3627477,4.7099805
13168,13.168,0.35271162,4.660323
13169,13.169,0.3713519,4.624879
13170,13.17,0.3826299,4.6344547
13171,13.171,0.3895266,4.684375
13172,13.172,0.38936573,4.7575054
13173,13.173,0.37667933,4.7090034
13174,13.174,0.3839614,4.7681723
13175,13.175,0.3822828,4.759351
13176,13.176,0.38498172,4.762502
13177,13.177,0.39005804,4.7398205
13178,13.178,0.38994005,6.0838017
13179,13.179,0.39697796,6.1264977
13180,13.18,0.39817196,6.1022396
13181,13.181,0.3909186,4.7318892
13182,13.182,0.3947656,6.0336123
13183,13.183,0.3830656,4.6911
13184,13.184,0.37865293,5.9167647
13185,13.185,0.38135576,5.849304
13186,13.186,0.3899887,5.7455425
13187,13.187,0.37281162,5.8159585
13188,13.188,0.38243213,5.8648896
13189,13.189,0.3679679,4.6523666
13190,13.19,0.36530542,5.938428
13191,13.191,0.3696024,5.8902683
13192,13.192,0.38468722,5.900433
13193,13.193,0.37158918,5.919054
13194,13.194,0.36565983,5.9348826
13195,13.195,0.36720937,5.782092
13196,13.196,0.3626572,5.8484154
13197,13.197,0.36953357,5.677257
13198,13.198,0.3579372,5.742873
13199,13.199,0.35893744,5.6655293
13200,13.2,0.3443034,5.679499
13201,13.201,0.35601726,5.7022934
13202,13.202,0.3345707,5.699349
13203,13.203,0.33530188,5.6368484
13204,13.204,0.32999668,5.6704717
13205,13.205,0.31319577,4.655919
13206,13.206,0.33341575,5.687455
13207,13.207,0.3127836,5.675203
13208,13.208,0.3317122,5.6280546
13209,13.209,0.32825163,5.714515
13210,13.21,0.32927868,5.674117
13211,13.211,0.3222154,4.670541
13212,13.212,0.30917212,4.6476135
13213,13.213,0.32438716,4.6130514
13214,13.214,0.32813627,5.6486216
13215,13.215,0.33121207,5.61518
13216,13.216,0.32096162,4.6484456
13217,13.217,0.32807514,4.594389
13218,13.218,0.312876,4.6536
13219,13.219,0.32026666,4.639057
13220,13.22,0.31431633,4.611857
13221,13.221,0.31286767,4.6175776
13222,13.222,0.3163476,4.6190844
13223,13.223,0.31888235,4.6115193
13224,13.224,0.32393357,4.599584
13225,13.225,0.31281,4.650416
13226,13.226,0.30913457,4.6090884
13227,13.227,0.3167035,4.622678
13228,13.228,0.33200324,4.6144543
13229,13.229,0.3278478,4.620938
13230,13.23,0.32309297,4.6061277
13231,13.231,0.32722965,4.623425
13232,13.232,0.33212924,4.6447163
13233,13.233,0.33018318,4.6452203
13234,13.234,0.31412062,4.630765
13235,13.235,0.32026413,4.6344185
13236,13.236,0.3315609,4.6512074
13237,13.237,0.33589053,4.65761
13238,13.238,0.3333143,5.7742257
13239,13.239,0.3447874,5.7753496
13240,13.24,0.32278693,4.7031546
13241,13.241,0.3155218,4.6413155
13242,13.242,0.32282043,4.667208
13243,13.243,0.32811442,4.665446
13244,13.244,0.3363144,4.6747174
13245,13.245,0.3450054,4.6748776
13246,13.246,0.35043517,4.6604204
13247,13.247,0.3491013,5.7277746
13248,13.248,0.35694855,5.7762637
13249,13.249,0.3536237,5.761431
13250,13.25,0.35607114,5.8800564
13251,13.251,0.36408257,5.8452587
13252,13.252,0.3709372,5.859638
13253,13.253,0.37342086,5.894562
13254,13.254,0.3791065,5.8451195
13255,13.255,0.37358952,5.870082
13256,13.256,0.38197136,5.8868175
13257,13.257,0.38245964,5.8390813
13258,13.258,0.39403635,5.9252033
13259,13.259,0.3908213,5.8320966
13260,13.26,0.36959535,5.8312044
13261,13.261,0.37659,5.849554
13262,13.262,0.3643796,5.8106966
13263,13.263,0.34924796,5.877931
13264,13.264,0.35305083,5.835423
13265,13.265,0.3466538,5.8913755
13266,13.266,0.35148242,5.9230404
13267,13.267,0.35491922,5.96366
13268,13.268,0.3552456,5.8189745
13269,13.269,0.35176483,5.780991
13270,13.27,0.33629328,5.779526
13271,13.271,0.33398455,5.7939887
13272,13.272,0.3385535,5.7831864
13273,13.273,0.33778593,5.800616
13274,13.274,0.35902116,5.708544
13275,13.275,0.3707076,5.566716
13276,13.276,0.39779508,5.482447
13277,13.277,0.39597777,5.619439
13278,13.278,0.39028245,5.6284924
13279,13.279,0.38751754,5.6105876
13280,13.28,0.3800446,5.4706807
13281,13.281,0.38401908,5.4330096
13282,13.282,0.38163257,5.4163885
13283,13.283,0.39191017,5.4882145
13284,13.284,0.39917794,5.4890633
13285,13.285,0.41102466,5.426003
13286,13.286,0.41911864,5.5159
13287,13.287,0.4019245,5.4896774
13288,13.288,0.39787093,5.4487634
13289,13.289,0.40383515,5.3758082
13290,13.29,0.39327815,5.367361
13291,13.291,0.39776254,5.325417
13292,13.292,0.3871173,5.3593616
13293,13.293,0.39954063,5.419762
13294,13.294,0.4098275,5.413536
13295,13.295,0.40985852,5.38126
13296,13.296,0.40975034,5.4302526
13297,13.297,0.398701,5.4517636
13298,13.298,0.4070001,5.6174345
13299,13.299,0.40207073,5.582177
13300,13.3,0.4076059,5.724423
13301,13.301,0.39938018,5.5898304
13302,13.302,0.42430815,5.518065
13303,13.303,0.42851025,5.500406
13304,13.304,0.41932794,5.518764
13305,13.305,0.41972584,5.575018
13306,13.306,0.430837,5.4895706
13307,13.307,0.4298388,5.566623
13308,13.308,0.43212283,5.49999
13309,13.309,0.44109583,5.5992413
13310,13.31,0.43022037,5.6135383
13311,13.311,0.42415923,5.663904
13312,13.312,0.42687318,5.6534486
13313,13.313,0.41576964,5.6510262
13314,13.314,0.41842857,5.6890044
13315,13.315,0.4158133,5.8072395
13316,13.316,0.42231292,5.876296
13317,13.317,0.39790738,5.800653
13318,13.318,0.39113486,5.882495
13319,13.319,0.3902481,5.8973284
13320,13.32,0.3863008,5.9575562
13321,13.321,0.38864258,5.931546
13322,13.322,0.37214345,5.9460974
13323,13.323,0.38828444,5.8243055
13324,13.324,0.3910249,5.872019
13325,13.325,0.38585585,5.868263
13326,13.326,0.38964543,5.8448577
13327,13.327,0.37674668,5.8665333
13328,13.328,0.37162465,5.831339
13329,13.329,0.37180796,5.8543363
13330,13.33,0.38188267,5.93456
13331,13.331,0.37225866,5.9225016
13332,13.332,0.37268865,6.0601482
13333,13.333,0.36238027,6.035516
13334,13.334,0.37357375,4.716011
13335,13.335,0.36494893,4.6902533
13336,13.336,0.37553492,6.0019126
13337,13.337,0.38347793,4.654484
13338,13.338,0.37844774,4.603622
13339,13.339,0.37119046,4.571151
13340,13.34,0.3663933,4.5960665
13341,13.341,0.34864703,4.6620555
13342,13.342,0.34583235,4.5941324
13343,13.343,0.33311936,4.5850906
13344,13.344,0.3532793,4.631438
13345,13.345,0.3578214,4.6243396
13346,13.346,0.36291066,4.608394
13347,13.347,0.34844357,4.6097946
13348,13.348,0.3445875,4.661285
13349,13.349,0.3578521,4.6502666
13350,13.35,0.36221084,4.6454573
13351,13.351,0.35430542,4.6974716
13352,13.352,0.36112875,4.644657
13353,13.353,0.3644107,4.6543612
13354,13.354,0.35919404,4.614291
13355,13.355,0.3587045,4.6141176
13356,13.356,0.35483438,4.6262565
13357,13.357,0.3659575,4.609207
13358,13.358,0.38922155,4.621376
13359,13.359,0.3838443,4.6885705
13360,13.36,0.3829775,4.6312437
13361,13.361,0.38225767,4.6863565
13362,13.362,0.38425258,4.65033
13363,13.363,0.38600022,4.624592
13364,13.364,0.37764615,4.6586404
13365,13.365,0.39404282,4.654705
13366,13.366,0.398921,4.7102656
13367,13.367,0.3964571,4.71855
13368,13.368,0.39722264,4.716571
13369,13.369,0.42053998,4.672571
13370,13.37,0.41206574,4.674602
13371,13.371,0.41712964,4.6322436
13372,13.372,0.4039655,4.671519
13373,13.373,0.41313836,5.6252856
13374,13.374,0.41137618,5.5633755
13375,13.375,0.3956666,5.5932956
13376,13.376,0.4108484,4.6600294
13377,13.377,0.39650753,4.5941224
13378,13.378,0.4012221,4.6450725
13379,13.379,0.39123753,4.6278205
13380,13.38,0.3858626,4.6630654
13381,13.381,0.41065705,4.6133285
13382,13.382,0.39147237,4.6081514
13383,13.383,0.4026179,4.6858544
13384,13.384,0.38720375,5.4928427
13385,13.385,0.39296603,5.503325
13386,13.386,0.4100432,5.4497952
13387,13.387,0.4070207,5.4525084
13388,13.388,0.4031844,4.6767273
13389,13.389,0.3865603,4.698492
13390,13.39,0.4000901,4.6551037
13391,13.391,0.40675262,4.6311884
13392,13.392,0.38421574,4.6167665
13393,13.393,0.39169213,4.647882
13394,13.394,0.38000265,4.6315756
13395,13.395,0.389491,4.6593347
13396,13.396,0.38947898,4.6603847
13397,13.397,0.3931069,4.646429
13398,13.398,0.3926716,4.593138
13399,13.399,0.39867648,4.6147213
13400,13.4,0.39365625,4.634225
13401,13.401,0.4089557,4.6194444
13402,13.402,0.40831426,4.611743
13403,13.403,0.38764638,4.5620346
13404,13.404,0.40134525,4.518654
13405,13.405,0.4216257,4.489786
13406,13.406,0.40837115,4.520493
13407,13.407,0.3907068,4.561739
13408,13.408,0.40182483,4.5898614
13409,13.409,0.3990967,4.581765
13410,13.41,0.39548352,4.6264863
13411,13.411,0.38339922,4.5824046
13412,13.412,0.3902552,4.5535774
13413,13.413,0.40947548,4.593253
13414,13.414,0.40670303,4.6000824
13415,13.415,0.4090227,4.5773993
13416,13.416,0.40648454,4.563234
13417,13.417,0.41498235,4.5545597
13418,13.418,0.41523507,4.5735044
13419,13.419,0.38747218,4.543724
13420,13.42,0.4207461,4.567081
13421,13.421,0.41883683,4.5819283
13422,13.422,0.40420666,4.613075
13423,13.423,0.39475825,4.597955
13424,13.424,0.37929428,4.6194167
13425,13.425,0.3670291,4.591564
13426,13.426,0.38840145,4.6034856
13427,13.427,0.390318,4.5687513
13428,13.428,0.38272884,4.5921855
13429,13.429,0.3758586,4.5242476
13430,13.43,0.38644528,4.5448003
13431,13.431,0.38545766,4.575687
13432,13.432,0.38634822,4.603744
13433,13.433,0.38526672,4.654591
13434,13.434,0.3708351,4.6308136
13435,13.435,0.3918028,4.602345
13436,13.436,0.3800133,4.6244364
13437,13.437,0.37552384,4.7056537
13438,13.438,0.3793776,4.6249757
13439,13.439,0.39016664,4.6162887
13440,13.44,0.39090425,4.630314
13441,13.441,0.38465175,4.6016483
13442,13.442,0.39085045,4.5953526
13443,13.443,0.3886646,4.6448197
13444,13.444,0.39570355,4.6708364
13445,13.445,0.39935598,4.6681423
13446,13.446,0.38924265,4.6859303
13447,13.447,0.382065,4.646101
13448,13.448,0.38072821,4.6281767
13449,13.449,0.38072154,4.576992
13450,13.45,0.39701536,4.617364
13451,13.451,0.3734976,4.6600213
13452,13.452,0.37973487,4.681583
13453,13.453,0.36550078,4.7015495
13454,13.454,0.36015674,4.6973476
13455,13.455,0.36799318,4.612145
13456,13.456,0.3768378,4.6082315
13457,13.457,0.3606401,4.6446195
13458,13.458,0.37494898,4.6786337
13459,13.459,0.38131908,4.6725044
13460,13.46,0.36740702,4.6907535
13461,13.461,0.35991532,4.7170267
13462,13.462,0.37486696,4.7534285
13463,13.463,0.37149507,4.7409143
13464,13.464,0.36969528,4.6569843
13465,13.465,0.3846032,4.7032366
13466,13.466,0.38905638,4.735355
13467,13.467,0.40772513,4.703385
13468,13.468,0.39524886,4.7030373
13469,13.469,0.40183288,4.6584587
13470,13.47,0.4025988,4.694897
13471,13.471,0.39428344,4.6332145
13472,13.472,0.38556635,4.674582
13473,13.473,0.38622597,4.655461
13474,13.474,0.38423648,4.6360865
13475,13.475,0.41287893,4.609505
13476,13.476,0.38876554,4.57312
13477,13.477,0.40410197,4.5898023
13478,13.478,0.40285942,4.607515
13479,13.479,0.39664775,4.631211
13480,13.48,0.38865656,4.6268377
13481,13.481,0.38212156,4.6198196
13482,13.482,0.37307477,4.6010303
13483,13.483,0.38924754,4.6235056
13484,13.484,0.39406362,4.5562983
13485,13.485,0.39110425,4.586265
13486,13.486,0.384654,4.618027
13487,13.487,0.4095229,4.6396136
13488,13.488,0.40522718,4.6142964
13489,13.489,0.39448848,4.6389985
13490,13.49,0.3948657,4.6974087
13491,13.491,0.38230667,4.694686
13492,13.492,0.37492293,4.7112675
13493,13.493,0.37788177,4.7398057
13494,13.494,0.39672863,4.710471
13495,13.495,0.40426126,4.6675878
13496,13.496,0.4157342,4.5729694
13497,13.497,0.41133896,4.611528
13498,13.498,0.41447797,4.643647
13499,13.499,0.41575864,4.661555
13500,13.5,0.41850826,4.634618
13501,13.501,0.4277283,4.6372056
13502,13.502,0.4190588,4.664399
13503,13.503,0.41127685,4.6622105
13504,13.504,0.4191603,4.649501
13505,13.505,0.41351342,4.6689167
13506,13.506,0.4091329,4.717317
13507,13.507,0.40316474,4.65322
13508,13.508,0.41005602,4.6263466
13509,13.509,0.4048469,4.6625085
13510,13.51,0.39571142,4.629756
13511,13.511,0.3951007,4.648603
13512,13.512,0.40491572,4.6607304
13513,13.513,0.40761298,4.628464
13514,13.514,0.39242867,4.6475086
13515,13.515,0.39011538,4.6177487
13516,13.516,0.40492085,4.6127543
13517,13.517,0.39418843,4.6387825
13518,13.518,0.39660186,4.689033
13519,13.519,0.3861266,4.6926675
13520,13.52,0.37619245,4.712309
13521,13.521,0.36547863,4.7430754
13522,13.522,0.37829894,4.7268524
13523,13.523,0.3816394,4.6933475
13524,13.524,0.379432,4.709724
13525,13.525,0.3792173,4.6924276
13526,13.526,0.3760829,4.7736335
13527,13.527,0.36704013,4.674845
13528,13.528,0.3834009,4.732305
13529,13.529,0.37018648,4.738236
13530,13.53,0.38820955,4.7513065
13531,13.531,0.37923652,4.718982
13532,13.532,0.3786511,4.7241464
13533,13.533,0.36700708,4.7383575
13534,13.534,0.38012585,4.6857805
13535,13.535,0.37554786,4.7189116
13536,13.536,0.37874407,4.7257843
13537,13.537,0.38740355,4.6888623
13538,13.538,0.3757809,4.636189
13539,13.539,0.38566032,4.6160893
13540,13.54,0.38762683,4.6234674
13541,13.541,0.37989783,4.6188436
13542,13.542,0.3747652,4.6555495
13543,13.543,0.39329433,4.622686
13544,13.544,0.38671592,4.638642
13545,13.545,0.38863263,4.5664907
13546,13.546,0.38539377,4.6360946
13547,13.547,0.37706888,4.5914974
13548,13.548,0.37363222,4.706432
13549,13.549,0.38135546,4.626169
13550,13.55,0.37188753,4.5726337
13551,13.551,0.36760455,4.6669083
13552,13.552,0.35750708,4.684647
13553,13.553,0.37494373,4.6779723
13554,13.554,0.37972116,4.690067
13555,13.555,0.37312216,4.6518974
13556,13.556,0.3754367,4.6103935
13557,13.557,0.37346235,4.57196
13558,13.558,0.35962307,4.6293006
13559,13.559,0.3647902,4.6489654
13560,13.56,0.37137696,4.6299496
13561,13.561,0.38676956,4.66018
13562,13.562,0.3811908,4.643825
13563,13.563,0.3769812,4.623227
13564,13.564,0.3801836,4.6487327
13565,13.565,0.38569373,4.6217513
13566,13.566,0.37670648,4.6341925
13567,13.567,0.36975014,4.657182
13568,13.568,0.37162745,4.6489882
13569,13.569,0.36707288,4.734554
13570,13.57,0.38527393,4.742232
13571,13.571,0.37018397,4.6874127
13572,13.572,0.36670896,4.7006307
13573,13.573,0.36535698,4.786635
13574,13.574,0.37891066,4.730375
13575,13.575,0.37523466,4.679822
13576,13.576,0.36383116,2.6477635
13577,13.577,0.37297112,2.6481292
13578,13.578,0.36622432,6.1921916
13579,13.579,0.3749633,6.25637
13580,13.58,0.36961553,4.720674
13581,13.581,0.37641916,4.6790586
13582,13.582,0.37909353,4.7112656
13583,13.583,0.3913749,4.7080083
13584,13.584,0.3800051,4.648501
13585,13.585,0.3739177,4.6586604
13586,13.586,0.3697767,4.592047
13587,13.587,0.3861748,4.570266
13588,13.588,0.40594712,4.59238
13589,13.589,0.40949622,4.575066
13590,13.59,0.41340062,4.6562123
13591,13.591,0.38117322,4.5698304
13592,13.592,0.39149612,4.5882964
13593,13.593,0.39027372,4.6188874
13594,13.594,0.39665768,4.6159577
13595,13.595,0.40892264,4.6141925
13596,13.596,0.41450477,4.6185503
13597,13.597,0.42720434,4.6219044
13598,13.598,0.41728228,4.6294603
13599,13.599,0.41130242,4.6283283
13600,13.6,0.4135323,4.598198
13601,13.601,0.40889436,4.619896
13602,13.602,0.42130962,4.6163354
13603,13.603,0.41704482,4.5939302
13604,13.604,0.44151232,4.583816
13605,13.605,0.445363,4.660284
13606,13.606,0.4332382,4.596938
13607,13.607,0.4332457,4.611765
13608,13.608,0.43149155,4.6382995
13609,13.609,0.43547747,4.6514654
13610,13.61,0.43242726,4.6173964
13611,13.611,0.42980653,4.6863337
13612,13.612,0.41702598,4.684546
13613,13.613,0.40989038,4.663337
13614,13.614,0.39342672,4.6458497
13615,13.615,0.38031888,4.6380615
13616,13.616,0.394897,4.6297283
13617,13.617,0.39145035,4.608633
13618,13.618,0.39454794,4.5958877
13619,13.619,0.3790557,4.5687537
13620,13.62,0.36890537,4.550119
13621,13.621,0.38107875,4.593406
13622,13.622,0.3752068,4.5686245
13623,13.623,0.38791108,4.570547
13624,13.624,0.38749978,4.580688
13625,13.625,0.38561162,4.5936723
13626,13.626,0.38906264,4.6078157
13627,13.627,0.39050883,4.592249
13628,13.628,0.38052794,4.6171565
13629,13.629,0.3775537,4.598208
13630,13.63,0.37755907,4.5662613
13631,13.631,0.38369834,4.5828476
13632,13.632,0.37299123,4.6199
13633,13.633,0.35526186,4.65882
13634,13.634,0.3599235,4.6330957
13635,13.635,0.3756891,4.622626
13636,13.636,0.37145883,4.649396
13637,13.637,0.36548623,4.636216
13638,13.638,0.37176037,4.6040683
13639,13.639,0.36438835,4.6926765
13640,13.64,0.35516065,4.6808033
13641,13.641,0.3574964,4.6020713
13642,13.642,0.35342765,4.6292286
13643,13.643,0.3475643,4.624916
13644,13.644,0.34936675,4.630312
13645,13.645,0.3594091,4.626639
13646,13.646,0.3633379,4.61109
13647,13.647,0.37187463,4.5773315
13648,13.648,0.36652216,4.5744977
13649,13.649,0.36039224,4.576303
13650,13.65,0.35786211,4.5613084
13651,13.651,0.36377284,4.5628595
13652,13.652,0.35706335,4.549459
13653,13.653,0.35956088,4.5487304
13654,13.654,0.36449477,4.565387
13655,13.655,0.35959333,4.5698915
13656,13.656,0.3566884,4.5525413
13657,13.657,0.350939,4.561659
13658,13.658,0.36134908,4.525129
13659,13.659,0.35526854,4.565578
13660,13.66,0.3532042,4.602939
13661,13.661,0.3408964,4.575457
13662,13.662,0.34450445,4.578282
13663,13.663,0.34894532,4.5403233
13664,13.664,0.33985105,4.5655847
13665,13.665,0.33990258,4.549642
13666,13.666,0.32732236,4.51444
13667,13.667,0.3268847,4.563967
13668,13.668,0.34203842,4.5605807
13669,13.669,0.32428434,4.580994
13670,13.67,0.33113146,4.57257
13671,13.671,0.33671272,4.583058
13672,13.672,0.33882722,4.543695
13673,13.673,0.33933893,4.545167
13674,13.674,0.33664542,4.4944973
13675,13.675,0.32913962,4.477042
13676,13.676,0.3479823,4.512281
13677,13.677,0.32855293,4.498517
13678,13.678,0.32233557,4.4898896
13679,13.679,0.3237103,4.502178
13680,13.68,0.32395214,4.524122
13681,13.681,0.3255216,4.546721
13682,13.682,0.32041642,4.512556
13683,13.683,0.3274373,4.553442
13684,13.684,0.30967405,4.5903435
13685,13.685,0.2894701,4.6349664
13686,13.686,0.3000018,4.641863
13687,13.687,0.30073225,4.639797
13688,13.688,0.31839168,4.6084156
13689,13.689,0.3050519,4.565731
13690,13.69,0.3071243,4.5793505
13691,13.691,0.30202731,4.5155396
13692,13.692,0.3215947,4.559996
13693,13.693,0.30350396,4.5654964
13694,13.694,0.29426226,4.5575666
13695,13.695,0.28853896,4.5628967
13696,13.696,0.2909733,4.6109867
13697,13.697,0.30541998,4.633858
13698,13.698,0.29543978,4.6136913
13699,13.699,0.3160363,4.5850334
13700,13.7,0.30794352,4.6036334
13701,13.701,0.314611,4.6284885
13702,13.702,0.30908912,4.6471715
13703,13.703,0.31854615,4.554173
13704,13.704,0.30776966,4.5033116
13705,13.705,0.31781298,4.537068
13706,13.706,0.32642004,4.5097046
13707,13.707,0.30897954,4.451606
13708,13.708,0.30672166,4.507093
13709,13.709,0.30192763,4.468673
13710,13.71,0.31527677,4.508908
13711,13.711,0.3199227,4.499328
13712,13.712,0.33020592,4.4781423
13713,13.713,0.3267342,4.4675508
13714,13.714,0.3214158,4.529738
13715,13.715,0.31289223,4.493607
13716,13.716,0.30547184,4.496101
13717,13.717,0.30999455,4.4986906
13718,13.718,0.3065264,4.5002875
13719,13.719,0.30996713,4.5014935
13720,13.72,0.31318507,4.51882
13721,13.721,0.29816088,4.4765863
13722,13.722,0.30418324,4.4875193
13723,13.723,0.30818105,4.4572105
13724,13.724,0.31961378,4.4730372
13725,13.725,0.31779808,4.49094
13726,13.726,0.3158702,4.4984937
13727,13.727,0.30887905,4.4700017
13728,13.728,0.3093123,4.519975
13729,13.729,0.3069628,4.494786
13730,13.73,0.30662912,4.4938893
13731,13.731,0.31234163,4.4665995
13732,13.732,0.31349236,4.4861336
13733,13.733,0.30807355,4.437956
13734,13.734,0.30464065,4.473755
13735,13.735,0.2995595,4.4288507
13736,13.736,0.3142792,4.41846
13737,13.737,0.32192272,4.413617
13738,13.738,0.32088977,4.4251647
13739,13.739,0.31494847,4.4073014
13740,13.74,0.3215724,4.395331
13741,13.741,0.31255713,4.3798394
13742,13.742,0.30626473,4.4871783
13743,13.743,0.30837303,4.4469824
13744,13.744,0.3230724,4.484141
13745,13.745,0.33652472,4.473915
13746,13.746,0.3437638,4.4895563
13747,13.747,0.32951888,4.560968
13748,13.748,0.32602176,4.5180297
13749,13.749,0.33742076,4.524688
13750,13.75,0.32429308,4.5682435
13751,13.751,0.31533197,4.522255
13752,13.752,0.3096117,4.5553823
13753,13.753,0.31652787,4.5080714
13754,13.754,0.31572598,4.4738193
13755,13.755,0.32599002,4.5338306
13756,13.756,0.32199076,4.508283
13757,13.757,0.3337628,4.512725
13758,13.758,0.34492397,4.526339
13759,13.759,0.33698744,4.528418
13760,13.76,0.3470509,4.523774
13761,13.761,0.34995538,4.517326
13762,13.762,0.34469733,4.511978
13763,13.763,0.3727212,4.5651193
13764,13.764,0.36935508,4.577855
13765,13.765,0.37790474,4.5858016
13766,13.766,0.36255565,4.52745
13767,13.767,0.37452653,4.520624
13768,13.768,0.3678931,4.538706
13769,13.769,0.38038045,4.583981
13770,13.77,0.37472925,4.517323
13771,13.771,0.3784803,4.5366187
13772,13.772,0.38700113,4.538807
13773,13.773,0.38018543,4.5412703
13774,13.774,0.38210538,4.501526
13775,13.775,0.3745901,4.487333
13776,13.776,0.36450616,4.489514
13777,13.777,0.36159036,4.5056615
13778,13.778,0.35946825,4.4776735
13779,13.779,0.3610417,4.53751
13780,13.78,0.34087962,4.5395184
13781,13.781,0.3544504,4.584848
13782,13.782,0.3463799,4.5392885
13783,13.783,0.3422935,4.523053
13784,13.784,0.33732328,4.5294323
13785,13.785,0.3510248,4.5283875
13786,13.786,0.3578789,4.536396
13787,13.787,0.35654482,4.5774584
13788,13.788,0.35576862,4.5558414
13789,13.789,0.35691455,4.5600677
13790,13.79,0.36194155,4.54323
13791,13.791,0.36392075,4.5418096
13792,13.792,0.37437,4.5308166
13793,13.793,0.36341104,4.5541434
13794,13.794,0.38197058,4.5975003
13795,13.795,0.37990513,4.5807304
13796,13.796,0.3805047,4.587862
13797,13.797,0.39359033,4.604535
13798,13.798,0.40294635,4.620015
13799,13.799,0.4135116,4.6301904
13800,13.8,0.40252888,4.606597
13801,13.801,0.41607717,4.6263103
13802,13.802,0.42435542,4.579076
13803,13.803,0.43392423,4.602265
13804,13.804,0.41554645,4.5944667
13805,13.805,0.40465185,4.5930676
13806,13.806,0.40965682,4.5487823
13807,13.807,0.40026703,4.558419
13808,13.808,0.39458486,4.5876856
13809,13.809,0.40373552,4.5396852
13810,13.81,0.3946452,4.530544
13811,13.811,0.3833822,4.5686255
13812,13.812,0.37399,4.520555
13813,13.813,0.38623568,4.576334
13814,13.814,0.38291925,4.50376
13815,13.815,0.37055242,4.5824904
13816,13.816,0.37524745,4.5866256
13817,13.817,0.35873124,4.623097
13818,13.818,0.38468915,4.6679153
13819,13.819,0.39449608,4.7189393
13820,13.82,0.37481377,4.6753817
13821,13.821,0.37292632,4.667796
13822,13.822,0.38590094,4.6917043
13823,13.823,0.39849973,4.656438
13824,13.824,0.38820168,4.65162
13825,13.825,0.3794946,4.6857824
13826,13.826,0.3855629,4.6455398
13827,13.827,0.37374887,4.6269913
13828,13.828,0.35688847,4.663821
13829,13.829,0.37797415,4.6336746
13830,13.83,0.3683569,4.541974
13831,13.831,0.3713178,4.5842156
13832,13.832,0.38714358,4.6275325
13833,13.833,0.38665926,4.570164
13834,13.834,0.40387836,4.657172
13835,13.835,0.39194676,4.533498
13836,13.836,0.38622913,4.5823307
13837,13.837,0.3894245,4.579098
13838,13.838,0.3899211,4.590362
13839,13.839,0.38251767,4.555629
13840,13.84,0.38789007,4.5641117
13841,13.841,0.37735432,4.600338
13842,13.842,0.3621505,4.630658
13843,13.843,0.36148083,4.567723
13844,13.844,0.36070886,4.6709023
13845,13.845,0.36999112,4.664658
13846,13.846,0.38863572,4.656566
13847,13.847,0.38504493,4.5974817
13848,13.848,0.38096437,4.5846148
13849,13.849,0.37764308,4.6406164
13850,13.85,0.3682411,4.663507
13851,13.851,0.35303804,4.661424
13852,13.852,0.3596459,4.726975
13853,13.853,0.34498295,4.708322
13854,13.854,0.3548725,4.7016683
13855,13.855,0.33934695,4.679984
13856,13.856,0.34262735,4.6942434
13857,13.857,0.34165666,4.650421
13858,13.858,0.3567952,4.7029705
13859,13.859,0.37183377,4.6654363
13860,13.86,0.3685036,4.6704936
13861,13.861,0.37369162,4.699413
13862,13.862,0.3814658,4.729079
13863,13.863,0.3951658,4.7858467
13864,13.864,0.39606038,4.811004
13865,13.865,0.39318174,4.768474
13866,13.866,0.40082216,4.7702827
13867,13.867,0.40475538,4.7159867
13868,13.868,0.40126777,4.755862
13869,13.869,0.4097045,4.830174
13870,13.87,0.40493897,4.745331
13871,13.871,0.3984552,4.7467165
13872,13.872,0.40261316,4.754419
13873,13.873,0.40624958,4.776661
13874,13.874,0.41952968,4.783624
13875,13.875,0.43099943,4.7975006
13876,13.876,0.43297678,4.7805257
13877,13.877,0.4280383,4.7716665
13878,13.878,0.42137203,4.734626
13879,13.879,0.42750892,4.7537317
13880,13.88,0.42372543,4.744151
13881,13.881,0.424605,4.746886
13882,13.882,0.44010025,4.784134
13883,13.883,0.43390238,4.775823
13884,13.884,0.41690454,4.7847733
13885,13.885,0.400553,4.7957845
13886,13.886,0.40858948,4.7382493
13887,13.887,0.41229305,4.743921
13888,13.888,0.4060905,4.764399
13889,13.889,0.3917879,4.766853
13890,13.89,0.41851267,4.764767
13891,13.891,0.415595,4.778805
13892,13.892,0.41712686,4.761182
13893,13.893,0.43195343,4.784254
13894,13.894,0.43318832,4.8008113
13895,13.895,0.4288977,4.802748
13896,13.896,0.4310651,4.767258
13897,13.897,0.44858372,4.7939305
13898,13.898,0.44881985,4.7645245
13899,13.899,0.44328767,4.7563543
13900,13.9,0.43812326,4.810023
13901,13.901,0.42644888,4.794773
13902,13.902,0.43498823,4.7971396
13903,13.903,0.4213627,4.869631
13904,13.904,0.43036383,4.825472
13905,13.905,0.42929575,4.8279095
13906,13.906,0.43930897,4.83371
13907,13.907,0.4204901,4.8559966
13908,13.908,0.4201489,4.867437
13909,13.909,0.41716924,4.793998
13910,13.91,0.41595048,4.848567
13911,13.911,0.42402935,4.8181467
13912,13.912,0.42985737,4.843077
13913,13.913,0.41574755,4.8633456
13914,13.914,0.406102,4.8315315
13915,13.915,0.4039934,4.816401
13916,13.916,0.41024855,4.805785
13917,13.917,0.42386794,4.778231
13918,13.918,0.41860354,4.7347703
13919,13.919,0.41454798,4.675176
13920,13.92,0.42502514,4.73112
13921,13.921,0.42130303,4.74162
13922,13.922,0.43407443,4.650607
13923,13.923,0.44027543,4.644186
13924,13.924,0.44741756,4.579895
13925,13.925,0.44447687,4.6044035
13926,13.926,0.44664428,4.6318865
13927,13.927,0.4502053,4.597642
13928,13.928,0.45293313,4.6191034
13929,13.929,0.45652664,4.5495043
13930,13.93,0.44610184,4.6523333
13931,13.931,0.44349843,4.6266727
13932,13.932,0.438851,4.6708646
13933,13.933,0.43632102,4.715301
13934,13.934,0.4274862,4.7380567
13935,13.935,0.42479458,4.6766415
13936,13.936,0.4209573,4.652998
13937,13.937,0.44708505,4.6977863
13938,13.938,0.44044763,4.685018
13939,13.939,0.44455984,4.66941
13940,13.94,0.43415952,4.733752
13941,13.941,0.44556916,4.719483
13942,13.942,0.44275406,4.7002707
13943,13.943,0.45266813,4.691722
13944,13.944,0.4517288,4.6961308
13945,13.945,0.44127607,4.690215
13946,13.946,0.42936793,4.6847506
13947,13.947,0.43555456,4.7280154
13948,13.948,0.43235293,4.7420745
13949,13.949,0.43390957,4.6756706
13950,13.95,0.42041406,4.733009
13951,13.951,0.41128388,4.6508565
13952,13.952,0.4139628,4.649915
13953,13.953,0.42313015,4.6547723
13954,13.954,0.42261583,4.618172
13955,13.955,0.40443295,4.637493
13956,13.956,0.40223756,4.660483
13957,13.957,0.41897798,4.6704984
13958,13.958,0.4169062,4.695168
13959,13.959,0.42311937,4.67697
13960,13.96,0.40670216,4.742443
13961,13.961,0.41474953,4.671777
13962,13.962,0.40881944,4.6621003
13963,13.963,0.40634617,4.6398277
13964,13.964,0.41763493,4.691841
13965,13.965,0.403911,4.682991
13966,13.966,0.42327273,4.6712055
13967,13.967,0.40421754,4.7031007
13968,13.968,0.4138612,4.6878066
13969,13.969,0.39838818,4.6622276
13970,13.97,0.415601,4.618929
13971,13.971,0.41132212,4.64717
13972,13.972,0.42421877,4.70022
13973,13.973,0.4231068,4.633568
13974,13.974,0.42513922,4.6160936
13975,13.975,0.41205972,4.6563396
13976,13.976,0.4213328,4.6646223
13977,13.977,0.40623122,4.6549807
13978,13.978,0.40901336,4.61423
13979,13.979,0.39724168,4.6382337
13980,13.98,0.40644073,4.658068
13981,13.981,0.4024674,4.6375494
13982,13.982,0.4028095,4.6433864
13983,13.983,0.4057097,4.6941953
13984,13.984,0.416258,4.6390386
13985,13.985,0.40861097,4.677314
13986,13.986,0.414929,4.6095133
13987,13.987,0.42310816,4.6599393
13988,13.988,0.4171062,4.667719
13989,13.989,0.41577116,4.6338725
13990,13.99,0.38492122,4.6756353
13991,13.991,0.39304575,4.7107134
13992,13.992,0.39921355,4.691211
13993,13.993,0.4239458,4.682865
13994,13.994,0.41479748,4.7025533
13995,13.995,0.41279757,4.6767063
13996,13.996,0.41928977,4.669303
13997,13.997,0.41921738,4.6475887
13998,13.998,0.41154984,4.657733
13999,13.999,0.40231457,4.6504736
14000,14.0,0.40376186,4.670302
14001,14.001,0.40632057,4.683935
14002,14.002,0.4160202,4.719894
14003,14.003,0.4235213,4.6782737
14004,14.004,0.4359281,4.7222915
14005,14.005,0.4337325,4.6656246
14006,14.006,0.41338104,4.678892
14007,14.007,0.41166538,4.699051
14008,14.008,0.40044925,4.6825857
14009,14.009,0.40712264,4.754345
14010,14.01,0.413337,4.685101
14011,14.011,0.40954012,4.729401
14012,14.012,0.41141638,4.676165
14013,14.013,0.40344235,4.748736
14014,14.014,0.41282964,4.7112956
14015,14.015,0.40870407,4.70875
14016,14.016,0.41738367,4.68288
14017,14.017,0.40279284,4.720536
14018,14.018,0.4038825,4.6910877
14019,14.019,0.40367278,4.6924677
14020,14.02,0.40382326,4.729048
14021,14.021,0.39229062,4.7204
14022,14.022,0.39836496,4.6784067
14023,14.023,0.38680303,4.683082
14024,14.024,0.37844834,4.685736
14025,14.025,0.39159858,4.642942
14026,14.026,0.3888592,4.6469903
14027,14.027,0.38552633,4.613446
14028,14.028,0.38670304,4.654177
14029,14.029,0.39816105,4.563085
14030,14.03,0.3878567,4.6481605
14031,14.031,0.3952515,4.5779796
14032,14.032,0.40276545,4.6193213
14033,14.033,0.39733422,4.5527043
14034,14.034,0.3989168,4.579831
14035,14.035,0.40251422,4.584846
14036,14.036,0.41120306,4.5746126
14037,14.037,0.40988404,4.5910096
14038,14.038,0.40677863,4.5640492
14039,14.039,0.41408694,4.5167146
14040,14.04,0.40865058,4.567749
14041,14.041,0.41881365,4.540111
14042,14.042,0.40293044,4.5980043
14043,14.043,0.387303,4.5426
14044,14.044,0.4043159,4.531928
14045,14.045,0.38636705,4.4572477
14046,14.046,0.38683456,4.5399303
14047,14.047,0.4053872,4.5486207
14048,14.048,0.40792114,4.543911
14049,14.049,0.4114387,4.567207
14050,14.05,0.41019163,4.56064
14051,14.051,0.41588348,4.511907
14052,14.052,0.412854,4.495776
14053,14.053,0.41727594,4.4762073
14054,14.054,0.4127298,4.4503107
14055,14.055,0.41605398,4.4747515
14056,14.056,0.408204,4.5584373
14057,14.057,0.41473088,4.5270095
14058,14.058,0.39676198,4.5557046
14059,14.059,0.4052363,4.5520325
14060,14.06,0.4046814,4.5386825
14061,14.061,0.4048619,4.566667
14062,14.062,0.40873402,4.559771
14063,14.063,0.40640816,4.496606
14064,14.064,0.41381857,4.49948
14065,14.065,0.42808706,4.509603
14066,14.066,0.43152985,4.5274124
14067,14.067,0.44280538,4.5369916
14068,14.068,0.42278126,4.5326853
14069,14.069,0.42343396,4.5226183
14070,14.07,0.3962948,4.477472
14071,14.071,0.41405413,4.434975
14072,14.072,0.42089716,4.487716
14073,14.073,0.42630044,4.4787903
14074,14.074,0.4251168,4.4817686
14075,14.075,0.43512958,4.4432282
14076,14.076,0.43540272,4.500715
14077,14.077,0.44972965,4.4912257
14078,14.078,0.44711518,4.5473323
14079,14.079,0.4378671,4.58301
14080,14.08,0.44544342,4.5379133
14081,14.081,0.4357078,4.525001
14082,14.082,0.42178443,4.478185
14083,14.083,0.429913,4.4857874
14084,14.084,0.4232685,4.464123
14085,14.085,0.4070039,4.4436707
14086,14.086,0.41219562,4.4956613
14087,14.087,0.41521293,4.45782
14088,14.088,0.41864815,4.473302
14089,14.089,0.41119814,4.4525228
14090,14.09,0.4065801,4.4830112
14091,14.091,0.4020171,4.4863243
14092,14.092,0.4186081,4.4846034
14093,14.093,0.4028715,4.4818277
14094,14.094,0.42208758,4.484346
14095,14.095,0.42611873,4.5020847
14096,14.096,0.410856,4.496626
14097,14.097,0.40889266,4.5130043
14098,14.098,0.41253048,4.5112996
14099,14.099,0.42409644,4.468813
14100,14.1,0.4332286,4.501017
14101,14.101,0.44979736,4.512073
14102,14.102,0.43893513,4.5049963
14103,14.103,0.43826506,4.5290966
14104,14.104,0.45145592,4.5089507
14105,14.105,0.43193337,4.5272136
14106,14.106,0.42546687,4.525837
14107,14.107,0.43179125,4.503286
14108,14.108,0.4228324,4.475278
14109,14.109,0.42020822,4.5113225
14110,14.11,0.41630632,4.506775
14111,14.111,0.4021298,4.456618
14112,14.112,0.410641,4.479399
14113,14.113,0.4371991,4.520385
14114,14.114,0.42638528,4.5106854
14115,14.115,0.42302933,4.5212355
14116,14.116,0.4165513,4.491282
14117,14.117,0.4287342,4.4833827
14118,14.118,0.44156075,4.5289183
14119,14.119,0.45082852,4.5937033
14120,14.12,0.44788277,4.589446
14121,14.121,0.44371462,4.5021505
14122,14.122,0.4387003,4.487583
14123,14.123,0.42707676,4.483793
14124,14.124,0.4331619,4.510547
14125,14.125,0.4655517,4.577887
14126,14.126,0.4566132,4.5118995
14127,14.127,0.46228376,4.5694404
14128,14.128,0.48561212,4.5402403
14129,14.129,0.49715748,4.5712676
14130,14.13,0.48996726,4.530147
14131,14.131,0.47981232,4.5329833
14132,14.132,0.47755623,4.5320463
14133,14.133,0.481907,4.5188375
14134,14.134,0.48665828,4.532476
14135,14.135,0.46967065,4.541229
14136,14.136,0.48133746,4.499161
14137,14.137,0.47230443,4.5487423
14138,14.138,0.4931114,4.5543175
14139,14.139,0.49901912,4.5096545
14140,14.14,0.49464813,4.548008
14141,14.141,0.49564615,4.554169
14142,14.142,0.48863056,4.5083194
14143,14.143,0.494944,4.526772
14144,14.144,0.49589097,4.5235734
14145,14.145,0.50569767,4.5700126
14146,14.146,0.48871702,4.5252943
14147,14.147,0.47814453,4.4889717
14148,14.148,0.48025408,4.503397
14149,14.149,0.48713976,4.484867
14150,14.15,0.48747614,4.516293
14151,14.151,0.4719264,4.489521
14152,14.152,0.4855031,4.5310597
14153,14.153,0.47325787,4.469955
14154,14.154,0.4779564,4.51994
14155,14.155,0.48263508,4.4979877
14156,14.156,0.4865957,4.512588
14157,14.157,0.49353716,4.488291
14158,14.158,0.49231207,4.5230203
14159,14.159,0.4716125,4.533084
14160,14.16,0.48188257,4.517239
14161,14.161,0.4507398,4.528508
14162,14.162,0.4489315,4.569227
14163,14.163,0.45622826,4.5134506
14164,14.164,0.46453267,4.5636544
14165,14.165,0.4512596,4.542393
14166,14.166,0.4660416,4.5214934
14167,14.167,0.4494436,4.5381837
14168,14.168,0.44663107,4.525908
14169,14.169,0.46395165,4.511174
14170,14.17,0.46685567,4.469934
14171,14.171,0.45293197,4.51375
14172,14.172,0.47876886,4.4785213
14173,14.173,0.47332796,4.502612
14174,14.174,0.46395537,4.4932146
14175,14.175,0.4630388,4.5641117
14176,14.176,0.46295917,4.4937296
14177,14.177,0.4713173,4.481188
14178,14.178,0.45974207,4.5380673
14179,14.179,0.46990407,4.5270624
14180,14.18,0.48394784,4.5194373
14181,14.181,0.4586115,4.5434675
14182,14.182,0.47131336,4.516877
14183,14.183,0.4745967,4.5100145
14184,14.184,0.4822384,4.4998307
14185,14.185,0.49067664,4.549539
14186,14.186,0.48390093,4.468064
14187,14.187,0.49375635,4.532569
14188,14.188,0.50425357,4.455696
14189,14.189,0.50669664,4.544086
14190,14.19,0.5087184,4.616446
14191,14.191,0.5223691,4.629032
14192,14.192,0.49640098,4.5698543
14193,14.193,0.5168706,4.5223093
14194,14.194,0.49630725,4.568979
14195,14.195,0.4974923,4.5231924
14196,14.196,0.5026762,4.4944663
14197,14.197,0.5005016,4.5118885
14198,14.198,0.48802787,4.4897637
14199,14.199,0.48963863,4.5005393
14200,14.2,0.49217469,4.5050974
14201,14.201,0.49090287,4.5611157
14202,14.202,0.5064553,4.529223
14203,14.203,0.49454024,4.5468035
14204,14.204,0.48975605,4.5022945
14205,14.205,0.5156953,4.559225
14206,14.206,0.51768976,4.5574408
14207,14.207,0.52915335,4.5584197
14208,14.208,0.541031,4.5115643
14209,14.209,0.5146466,4.5240483
14210,14.21,0.50722086,4.5395317
14211,14.211,0.5023199,4.557197
14212,14.212,0.52755874,4.572802
14213,14.213,0.517661,4.581265
14214,14.214,0.5080913,4.5572004
14215,14.215,0.5125034,4.5329213
14216,14.216,0.5170416,4.6087217
14217,14.217,0.5128773,4.5687475
14218,14.218,0.5115295,4.563119
14219,14.219,0.5133746,4.6037903
14220,14.22,0.5219561,4.55906
14221,14.221,0.50189334,4.574637
14222,14.222,0.5059035,4.610998
14223,14.223,0.50574,4.5355835
14224,14.224,0.5083548,4.562966
14225,14.225,0.51329005,4.557806
14226,14.226,0.49330312,4.5661516
14227,14.227,0.49698213,4.5533724
14228,14.228,0.4952768,4.4970703
14229,14.229,0.4838443,4.5334015
14230,14.23,0.48417664,4.544589
14231,14.231,0.48679522,4.541931
14232,14.232,0.47225302,4.569719
14233,14.233,0.49102718,4.6115494
14234,14.234,0.48361728,4.665433
14235,14.235,0.4763859,4.602209
14236,14.236,0.49369583,4.5979548
14237,14.237,0.5023956,4.6501117
14238,14.238,0.48755983,4.6423397
14239,14.239,0.49013758,4.6676965
14240,14.24,0.48902726,4.706912
14241,14.241,0.47310215,4.640446
14242,14.242,0.48395252,4.6922374
14243,14.243,0.48029056,4.6772013
14244,14.244,0.47735503,4.6997986
14245,14.245,0.46574706,4.7371306
14246,14.246,0.45759243,4.669286
14247,14.247,0.45168656,4.72307
14248,14.248,0.44504428,4.7050843
14249,14.249,0.43233755,4.6908054
14250,14.25,0.455206,4.652622
14251,14.251,0.47146603,4.669197
14252,14.252,0.47140682,4.680836
14253,14.253,0.46940145,4.716429
14254,14.254,0.45614007,4.68931
14255,14.255,0.4462687,4.669155
14256,14.256,0.4404005,4.6608863
14257,14.257,0.4375263,4.6789303
14258,14.258,0.4480408,4.6789646
14259,14.259,0.435416,4.6464252
14260,14.26,0.41862896,4.722107
14261,14.261,0.42922115,4.7054706
14262,14.262,0.42757636,4.7234254
14263,14.263,0.44414425,4.6824613
14264,14.264,0.42932013,4.7062564
14265,14.265,0.4349291,4.693451
14266,14.266,0.43703142,4.702764
14267,14.267,0.44361913,4.7376933
14268,14.268,0.4343453,4.736469
14269,14.269,0.4313036,4.724909
14270,14.27,0.44500595,4.697468
14271,14.271,0.42451638,4.6628413
14272,14.272,0.43211934,4.6703343
14273,14.273,0.4374803,4.6815906
14274,14.274,0.42189583,4.676728
14275,14.275,0.42616403,4.6808105
14276,14.276,0.42623726,4.6646757
14277,14.277,0.4280032,4.675746
14278,14.278,0.43147898,4.6494937
14279,14.279,0.42984214,4.689466
14280,14.28,0.43476814,4.7284617
14281,14.281,0.43325943,4.682763
14282,14.282,0.4391784,4.649868
14283,14.283,0.44144908,4.669746
14284,14.284,0.44719285,4.6710777
14285,14.285,0.4385817,4.620126
14286,14.286,0.44637734,4.651616
14287,14.287,0.45523062,4.6493506
14288,14.288,0.44869965,4.705779
14289,14.289,0.44792834,4.662652
14290,14.29,0.41908944,4.7155013
14291,14.291,0.42044583,4.6817245
14292,14.292,0.44108257,4.67566
14293,14.293,0.44296876,4.664933
14294,14.294,0.42315513,4.6642184
14295,14.295,0.41765985,4.6823826
14296,14.296,0.4369961,4.702406
14297,14.297,0.4177242,4.698034
14298,14.298,0.42481405,4.720137
14299,14.299,0.41848698,4.780016
14300,14.3,0.41679472,4.749535
14301,14.301,0.41212004,4.7236786
14302,14.302,0.40633392,4.696465
14303,14.303,0.39728156,4.6531935
14304,14.304,0.40603027,4.673487
14305,14.305,0.41396213,4.6444836
14306,14.306,0.41694793,4.7108626
14307,14.307,0.4091124,4.6749744
14308,14.308,0.41505727,4.7136493
14309,14.309,0.41102704,4.6996403
14310,14.31,0.4287802,4.6832576
14311,14.311,0.4084627,4.689421
14312,14.312,0.41848078,4.686334
14313,14.313,0.41983816,4.7107334
14314,14.314,0.41349202,4.7149897
14315,14.315,0.40980253,4.733944
14316,14.316,0.41260052,4.7257533
14317,14.317,0.43188307,4.7061434
14318,14.318,0.43454954,4.676257
14319,14.319,0.43352374,4.6263156
14320,14.32,0.4436771,4.6952424
14321,14.321,0.4443385,4.682681
14322,14.322,0.42468885,4.6948023
14323,14.323,0.41409823,4.7533083
14324,14.324,0.4159463,4.777415
14325,14.325,0.42975003,4.7270126
14326,14.326,0.42721435,4.747285
14327,14.327,0.40580258,4.760515
14328,14.328,0.40644416,4.728407
14329,14.329,0.39625674,4.75834
14330,14.33,0.41331446,4.7556677
14331,14.331,0.4088654,4.710997
14332,14.332,0.4160734,4.725221
14333,14.333,0.39601937,4.722258
14334,14.334,0.39554197,4.734819
14335,14.335,0.38630438,4.675472
14336,14.336,0.40644827,4.6625433
14337,14.337,0.39560947,4.648409
14338,14.338,0.4002204,4.648681
14339,14.339,0.39780727,4.6722283
14340,14.34,0.38097954,4.6726274
14341,14.341,0.3808342,4.707288
14342,14.342,0.39672294,4.669365
14343,14.343,0.4000433,4.6843634
14344,14.344,0.40752092,4.6931443
14345,14.345,0.39693996,4.6616864
14346,14.346,0.39177728,4.6916018
14347,14.347,0.40035886,4.6765785
14348,14.348,0.41153634,4.7130685
14349,14.349,0.40699938,4.7212825
14350,14.35,0.41499403,4.6512947
14351,14.351,0.41364112,4.677863
14352,14.352,0.41416606,4.653257
14353,14.353,0.43315217,4.6393394
14354,14.354,0.41919863,4.6183825
14355,14.355,0.4145109,4.62565
14356,14.356,0.42752865,4.6218367
14357,14.357,0.41867617,4.598605
14358,14.358,0.4171206,4.6133356
14359,14.359,0.4179823,4.642013
14360,14.36,0.41158226,4.605273
14361,14.361,0.399002,4.6245
14362,14.362,0.40141958,4.6305776
14363,14.363,0.4124066,4.6316824
14364,14.364,0.40554315,4.5990434
14365,14.365,0.40263927,4.6197786
14366,14.366,0.39858934,4.6136913
14367,14.367,0.39459702,4.6088195
14368,14.368,0.40428516,4.649619
14369,14.369,0.41709,4.5987563
14370,14.37,0.4056486,4.618688
14371,14.371,0.39680174,4.608028
14372,14.372,0.3893273,4.6038265
14373,14.373,0.38622043,4.6188793
14374,14.374,0.3996812,4.653451
14375,14.375,0.39912435,4.598323
14376,14.376,0.3996296,4.6169477
14377,14.377,0.40315774,4.651491
14378,14.378,0.39587995,4.6585526
14379,14.379,0.39092925,4.592782
14380,14.38,0.38236097,4.6317215
14381,14.381,0.3799272,4.6453075
14382,14.382,0.39276254,4.634414
14383,14.383,0.40861169,4.658574
14384,14.384,0.41005772,4.615488
14385,14.385,0.42154196,4.6163697
14386,14.386,0.42026624,4.6454487
14387,14.387,0.42080557,4.6413074
14388,14.388,0.43156978,4.657051
14389,14.389,0.40430304,4.707483
14390,14.39,0.42859036,4.599286
14391,14.391,0.42174977,4.5876856
14392,14.392,0.41418812,4.632348
14393,14.393,0.4090443,4.6930165
14394,14.394,0.41800416,4.67996
14395,14.395,0.4028046,4.6291733
14396,14.396,0.41542682,4.6476336
14397,14.397,0.41581133,4.6592584
14398,14.398,0.3980712,4.6385784
14399,14.399,0.3944168,4.6925406
14400,14.4,0.40446797,4.6777625
14401,14.401,0.40575644,4.684694
14402,14.402,0.40652308,4.586109
14403,14.403,0.4053343,4.605525
14404,14.404,0.39164904,4.605904
14405,14.405,0.38970566,4.591092
14406,14.406,0.38708103,4.597312
14407,14.407,0.39604023,4.6337714
14408,14.408,0.38650915,4.582759
14409,14.409,0.38482645,4.609124
14410,14.41,0.388987,4.629644
14411,14.411,0.3980057,4.596097
14412,14.412,0.38469517,4.641873
14413,14.413,0.38618258,4.698479
14414,14.414,0.3911313,4.7055054
14415,14.415,0.38574305,4.7386665
14416,14.416,0.3921561,4.7061286
14417,14.417,0.3929906,4.6837387
14418,14.418,0.3782331,4.71901
14419,14.419,0.37890792,4.6647806
14420,14.42,0.3801897,4.710334
14421,14.421,0.39109007,4.7224007
14422,14.422,0.40391386,4.6454935
14423,14.423,0.39371896,4.6246104
14424,14.424,0.39024854,4.6200986
14425,14.425,0.39479616,4.6675878
14426,14.426,0.39515206,4.6322274
14427,14.427,0.39740506,4.699117
14428,14.428,0.408451,4.6711903
14429,14.429,0.38833177,4.740048
14430,14.43,0.3905707,4.6973825
14431,14.431,0.3977188,4.661001
14432,14.432,0.3938995,4.6681256
14433,14.433,0.39407495,4.6369824
14434,14.434,0.40089568,4.6992025
14435,14.435,0.40876076,4.6716037
14436,14.436,0.41699284,4.7288465
14437,14.437,0.40615723,4.6311316
14438,14.438,0.41776404,4.694058
14439,14.439,0.41417345,4.656279
14440,14.44,0.39845243,4.7228026
14441,14.441,0.38203445,4.6846395
14442,14.442,0.40356955,4.6446624
14443,14.443,0.40391085,4.654578
14444,14.444,0.41676393,4.6605134
14445,14.445,0.42118627,4.636994
14446,14.446,0.40640306,4.616268
14447,14.447,0.4103311,4.6024017
14448,14.448,0.41688555,4.680289
14449,14.449,0.40638882,4.6969566
14450,14.45,0.4021811,4.6529183
14451,14.451,0.3974292,4.6750593
14452,14.452,0.41144884,4.6770926
14453,14.453,0.40407765,4.662287
14454,14.454,0.42260188,4.6515255
14455,14.455,0.41547245,4.6390204
14456,14.456,0.41327935,4.6637907
14457,14.457,0.40019685,4.675529
14458,14.458,0.4086919,4.6939597
14459,14.459,0.41013074,4.6364675
14460,14.46,0.41465813,4.651756
14461,14.461,0.4132149,4.6624327
14462,14.462,0.40271148,4.6531925
14463,14.463,0.40758276,4.6707306
14464,14.464,0.38933498,4.666983
14465,14.465,0.39412335,4.6481304
14466,14.466,0.41597965,4.648104
14467,14.467,0.41967997,4.6219363
14468,14.468,0.4204358,4.6154394
14469,14.469,0.44418916,4.6631722
14470,14.47,0.41744766,4.6867924
14471,14.471,0.4241276,4.6643534
14472,14.472,0.44551,4.67599
14473,14.473,0.4619527,4.694441
14474,14.474,0.4261575,4.684641
14475,14.475,0.4155527,4.7154655
14476,14.476,0.40433818,4.7421203
14477,14.477,0.410848,4.702784
14478,14.478,0.41394705,4.716052
14479,14.479,0.41651562,4.6784587
14480,14.48,0.4105115,4.71286
14481,14.481,0.40764105,4.6947417
14482,14.482,0.41407633,4.6866474
14483,14.483,0.39650348,4.6890182
14484,14.484,0.40467212,4.6765504
14485,14.485,0.40374422,4.6752477
14486,14.486,0.38796413,4.740586
14487,14.487,0.40402517,4.6829324
14488,14.488,0.3928929,4.6636443
14489,14.489,0.40751824,4.6326013
14490,14.49,0.40608677,4.6460795
14491,14.491,0.4143918,4.6563864
14492,14.492,0.42245796,4.636642
14493,14.493,0.42280477,4.6974955
14494,14.494,0.41963437,4.6261516
14495,14.495,0.41334006,4.652411
14496,14.496,0.4283852,4.600001
14497,14.497,0.43059975,4.6124697
14498,14.498,0.4348172,4.6057515
14499,14.499,0.41602367,4.7076044
14500,14.5,0.3973054,4.6479297
14501,14.501,0.38703966,4.632028
14502,14.502,0.396972,4.652148
14503,14.503,0.39237252,4.683679
14504,14.504,0.40160024,4.675511
14505,14.505,0.3872315,4.7251754
14506,14.506,0.37644127,4.7377315
14507,14.507,0.38865134,4.706441
14508,14.508,0.39644325,4.7430005
14509,14.509,0.40463755,4.694961
14510,14.51,0.3951762,4.6804395
14511,14.511,0.39305544,4.7248387
14512,14.512,0.3929294,4.6873207
14513,14.513,0.38979968,4.6860404
14514,14.514,0.38398582,4.698396
14515,14.515,0.3988991,4.6841683
14516,14.516,0.39200616,4.669146
14517,14.517,0.40097514,4.705602
14518,14.518,0.40936637,4.6722765
14519,14.519,0.41994444,4.7125645
14520,14.52,0.41001728,4.667425
14521,14.521,0.4104988,4.6378465
14522,14.522,0.41215903,4.6146274
14523,14.523,0.40416348,4.6403294
14524,14.524,0.40328947,4.671555
14525,14.525,0.41846448,4.6946983
14526,14.526,0.39915088,4.7145658
14527,14.527,0.37923238,4.6704936
14528,14.528,0.37509355,4.6465144
14529,14.529,0.36387596,4.718523
14530,14.53,0.36069155,4.729189
14531,14.531,0.36771318,4.6919627
14532,14.532,0.38661262,4.663737
14533,14.533,0.3852238,4.6890717
14534,14.534,0.36825538,4.6668997
14535,14.535,0.36437374,4.703062
14536,14.536,0.3612227,4.6664886
14537,14.537,0.35038984,4.698318
14538,14.538,0.36377636,4.711297
14539,14.539,0.36166373,4.7421184
14540,14.54,0.35420835,4.703705
14541,14.541,0.36446652,4.698746
14542,14.542,0.35174873,4.718747
14543,14.543,0.34330952,4.6922617
14544,14.544,0.35110235,4.6310925
14545,14.545,0.350786,4.628732
14546,14.546,0.34954986,4.6318665
14547,14.547,0.35999736,4.5957475
14548,14.548,0.36095682,4.6485815
14549,14.549,0.38499358,4.7023096
14550,14.55,0.36717364,4.6281915
14551,14.551,0.38503742,4.5985055
14552,14.552,0.37624976,4.6166244
14553,14.553,0.37924734,4.5491185
14554,14.554,0.35369623,4.611264
14555,14.555,0.35040468,4.6221924
14556,14.556,0.35783014,4.598403
14557,14.557,0.35721192,4.599653
14558,14.558,0.3504891,4.6151333
14559,14.559,0.3526503,4.6115236
14560,14.56,0.34407067,4.607273
14561,14.561,0.3474442,4.6608143
14562,14.562,0.3444053,4.664903
14563,14.563,0.34966788,4.7043295
14564,14.564,0.35868004,4.6321397
14565,14.565,0.36129564,4.723441
14566,14.566,0.36199248,4.7058096
14567,14.567,0.35084677,4.6327558
14568,14.568,0.36140266,4.642012
14569,14.569,0.37619138,4.598743
14570,14.57,0.37597436,4.620167
14571,14.571,0.3782982,4.5819054
14572,14.572,0.3811297,4.6503773
14573,14.573,0.3906821,4.652214
14574,14.574,0.38170874,4.6989384
14575,14.575,0.38345516,4.6679296
14576,14.576,0.38681275,4.628553
14577,14.577,0.37860745,4.631811
14578,14.578,0.39607322,4.622417
14579,14.579,0.39912203,4.6749477
14580,14.58,0.3895806,4.623994
14581,14.581,0.37422642,4.6118727
14582,14.582,0.35594583,4.6064515
14583,14.583,0.36465314,4.6378303
14584,14.584,0.37197956,4.60399
14585,14.585,0.3826553,4.609307
14586,14.586,0.35305312,4.649296
14587,14.587,0.35844886,4.686843
14588,14.588,0.3675786,4.6751237
14589,14.589,0.379117,4.616035
14590,14.59,0.37281656,4.6544166
14591,14.591,0.360743,4.6379466
14592,14.592,0.38007852,4.6613574
14593,14.593,0.3832759,4.6857953
14594,14.594,0.37901455,4.7284384
14595,14.595,0.36190352,4.6957936
14596,14.596,0.37802032,4.684302
14597,14.597,0.37600234,4.689703
14598,14.598,0.36323255,6.5646687
14599,14.599,0.36408067,4.6601458
14600,14.6,0.37221625,4.709704
14601,14.601,0.36268428,6.5930037
14602,14.602,0.36154768,4.6674542
14603,14.603,0.35349846,6.5328603
14604,14.604,0.3643642,4.685484
14605,14.605,0.3604463,4.6417093
14606,14.606,0.36648557,6.6299825
14607,14.607,0.36830968,6.595337
14608,14.608,0.34995705,6.628
14609,14.609,0.3212543,6.7263865
14610,14.61,0.3325515,6.7909703
14611,14.611,0.348454,6.807786
14612,14.612,0.34418488,6.706439
14613,14.613,0.33370927,6.670965
14614,14.614,0.33761153,6.6664114
14615,14.615,0.33783007,6.7672954
14616,14.616,0.33837402,6.695275
14617,14.617,0.34159407,6.7214174
14618,14.618,0.33149013,6.6977625
14619,14.619,0.32443422,6.62635
14620,14.62,0.33170053,6.5761056
14621,14.621,0.33057052,6.5705404
14622,14.622,0.32403794,6.6777124
14623,14.623,0.32301748,6.510195
14624,14.624,0.32407948,6.467639
14625,14.625,0.3321348,6.4995737
14626,14.626,0.32873407,6.6307197
14627,14.627,0.31905758,6.6071353
14628,14.628,0.32267284,6.7250085
14629,14.629,0.3223612,6.7048397
14630,14.63,0.3325755,6.6604905
14631,14.631,0.32597157,6.622561
14632,14.632,0.31728187,6.6470957
14633,14.633,0.32216895,6.656336
14634,14.634,0.32295036,6.7321815
14635,14.635,0.33034837,6.7706356
14636,14.636,0.32102787,6.6217294
14637,14.637,0.33448896,6.7330933
14638,14.638,0.32923198,6.662273
14639,14.639,0.33751562,6.6356754
14640,14.64,0.32446092,6.5624857
14641,14.641,0.3286706,6.4740973
14642,14.642,0.32016054,6.454728
14643,14.643,0.32497606,6.4847713
14644,14.644,0.34008518,6.496438
14645,14.645,0.32703018,6.394255
14646,14.646,0.3276852,6.4601803
14647,14.647,0.32744807,6.6116433
14648,14.648,0.34123397,6.5214686
14649,14.649,0.33516324,6.6060467
14650,14.65,0.31773221,6.6419535
14651,14.651,0.347471,6.7644906
14652,14.652,0.3540825,6.7636337
14653,14.653,0.34958822,6.7047405
14654,14.654,0.34602764,6.675125
14655,14.655,0.36795124,6.6765122
14656,14.656,0.34034154,6.6327586
14657,14.657,0.34343088,6.733516
14658,14.658,0.35704553,6.6747227
14659,14.659,0.3690647,6.5940914
14660,14.66,0.37415782,6.6140666
14661,14.661,0.36682656,6.6487722
14662,14.662,0.37062386,6.562564
14663,14.663,0.36477184,6.5375896
14664,14.664,0.35591805,6.503167
14665,14.665,0.348912,6.5264034
14666,14.666,0.3476945,6.5148907
14667,14.667,0.3379563,6.5536213
14668,14.668,0.33348387,6.366609
14669,14.669,0.31708106,6.412129
14670,14.67,0.32084852,6.386267
14671,14.671,0.33558822,6.4243145
14672,14.672,0.33940178,6.565512
14673,14.673,0.32519475,6.51866
14674,14.674,0.32776406,6.4627695
14675,14.675,0.31991565,6.561747
14676,14.676,0.31989703,6.486474
14677,14.677,0.33018088,6.517202
14678,14.678,0.3260044,6.5840697
14679,14.679,0.3226494,6.6114726
14680,14.68,0.32419005,6.6273055
14681,14.681,0.33797836,6.716285
14682,14.682,0.32801083,6.587691
14683,14.683,0.32173717,6.471902
14684,14.684,0.3291823,6.4681954
14685,14.685,0.33992726,6.43882
14686,14.686,0.34091318,6.4265347
14687,14.687,0.33223554,6.4749527
14688,14.688,0.3281914,6.531604
14689,14.689,0.33297896,6.628185
14690,14.69,0.34488308,6.5883284
14691,14.691,0.34637058,6.6034784
14692,14.692,0.34457693,6.7026978
14693,14.693,0.31888056,4.909747
14694,14.694,0.33070633,4.891916
14695,14.695,0.32889035,4.8726206
14696,14.696,0.33901584,4.9424267
14697,14.697,0.34408176,4.9251823
14698,14.698,0.33030286,4.9583673
14699,14.699,0.34089556,4.929579
14700,14.7,0.3447572,4.9057703
14701,14.701,0.33254385,4.9053783
14702,14.702,0.3399871,4.888419
14703,14.703,0.348385,4.8653536
14704,14.704,0.32227388,4.841144
14705,14.705,0.33278728,4.8581095
14706,14.706,0.34078532,4.83997
14707,14.707,0.33990005,4.759873
14708,14.708,0.32530722,4.706965
14709,14.709,0.3415587,4.773356
14710,14.71,0.3290014,4.821018
14711,14.711,0.33135724,4.854244
14712,14.712,0.33059937,4.8539357
14713,14.713,0.32387307,4.840044
14714,14.714,0.31953582,4.852012
14715,14.715,0.31319836,4.8681865
14716,14.716,0.31396842,4.8879523
14717,14.717,0.32987565,4.824532
14718,14.718,0.33825496,4.8947983
14719,14.719,0.33024985,4.8708243
14720,14.72,0.3336223,4.86314
14721,14.721,0.31934676,4.837347
14722,14.722,0.32902387,4.871961
14723,14.723,0.32425386,4.862883
14724,14.724,0.33047608,4.860046
14725,14.725,0.33021784,4.82022
14726,14.726,0.32233307,4.8325458
14727,14.727,0.33288,4.873564
14728,14.728,0.33941114,4.8604765
14729,14.729,0.34253135,4.9584017
14730,14.73,0.32647333,4.8923445
14731,14.731,0.3187823,4.839894
14732,14.732,0.33080995,4.8748574
14733,14.733,0.32207903,4.8474073
14734,14.734,0.31558388,4.842791
14735,14.735,0.31907913,4.8403955
14736,14.736,0.3349452,4.8210135
14737,14.737,0.3402498,4.8684616
14738,14.738,0.33516583,4.8214884
14739,14.739,0.3429883,4.850252
14740,14.74,0.3499942,4.833908
14741,14.741,0.34185284,4.88879
14742,14.742,0.351889,4.8178816
14743,14.743,0.34669966,4.8509336
14744,14.744,0.32160997,4.873964
14745,14.745,0.3253305,4.909816
14746,14.746,0.32955888,4.893778
14747,14.747,0.3206622,4.853045
14748,14.748,0.3312887,4.837708
14749,14.749,0.34262887,4.8354616
14750,14.75,0.3489695,4.8980436
14751,14.751,0.35060352,4.851241
14752,14.752,0.34209403,4.825144
14753,14.753,0.33055583,4.8568788
14754,14.754,0.32905516,4.9011273
14755,14.755,0.32542872,4.9016585
14756,14.756,0.32285908,4.9178777
14757,14.757,0.32301533,4.896246
14758,14.758,0.33144376,4.9379315
14759,14.759,0.32995552,4.874115
14760,14.76,0.3400306,4.8943
14761,14.761,0.3230148,4.8901033
14762,14.762,0.3360734,4.909007
14763,14.763,0.3288443,4.8482866
14764,14.764,0.34092522,4.861157
14765,14.765,0.3286291,4.9256186
14766,14.766,0.3379397,4.902054
14767,14.767,0.34899715,4.904916
14768,14.768,0.34033644,4.8904634
14769,14.769,0.3447929,4.889774
14770,14.77,0.34649953,4.893768
14771,14.771,0.3395482,4.8874893
14772,14.772,0.325344,4.902594
14773,14.773,0.32864353,4.879923
14774,14.774,0.34336913,4.8742094
14775,14.775,0.34434134,4.870125
14776,14.776,0.35933688,4.882366
14777,14.777,0.34095964,4.888009
14778,14.778,0.3358377,4.8306317
14779,14.779,0.35490018,4.871803
14780,14.78,0.34266546,4.8007183
14781,14.781,0.3441251,4.8807034
14782,14.782,0.35859624,4.8781962
14783,14.783,0.33967397,4.8816214
14784,14.784,0.32341215,4.858158
14785,14.785,0.3256771,4.850402
14786,14.786,0.32026595,4.803371
14787,14.787,0.32993522,4.846097
14788,14.788,0.31517887,4.8781385
14789,14.789,0.3084877,4.8572416
14790,14.79,0.31096834,4.796298
14791,14.791,0.3147118,4.8361654
14792,14.792,0.3113341,4.881774
14793,14.793,0.31165677,4.801551
14794,14.794,0.32860976,4.813651
14795,14.795,0.33278778,4.846252
14796,14.796,0.31864718,4.8492603
14797,14.797,0.3297123,4.8524055
14798,14.798,0.3386469,4.8792567
14799,14.799,0.31549194,4.8924155
14800,14.8,0.3141427,4.869602
14801,14.801,0.3135086,4.9019947
14802,14.802,0.31059805,4.8761067
14803,14.803,0.32478604,4.8388023
14804,14.804,0.32629377,4.8569446
14805,14.805,0.328797,4.8717914
14806,14.806,0.31824097,4.8824353
14807,14.807,0.333362,4.8681626
14808,14.808,0.33842525,4.8316627
14809,14.809,0.340172,4.8866477
14810,14.81,0.35037398,4.7814736
14811,14.811,0.34245777,4.8319826
14812,14.812,0.3352965,4.7958
14813,14.813,0.3214178,4.812801
14814,14.814,0.31680933,4.8611856
14815,14.815,0.3101474,4.791819
14816,14.816,0.32780567,4.7739897
14817,14.817,0.324431,4.786972
14818,14.818,0.3186628,4.8009624
14819,14.819,0.3228786,4.842493
14820,14.82,0.32525745,4.8063674
14821,14.821,0.33273968,4.800666
14822,14.822,0.33364552,4.7608824
14823,14.823,0.33878356,4.7403646
14824,14.824,0.34078243,4.7359815
14825,14.825,0.32390967,4.758138
14826,14.826,0.33564728,4.7489223
14827,14.827,0.3379683,4.7650104
14828,14.828,0.33420703,4.756644
14829,14.829,0.33517444,4.7276435
14830,14.83,0.34009317,4.7719135
14831,14.831,0.3430921,4.771903
14832,14.832,0.3586721,4.726268
14833,14.833,0.37579295,4.7867947
14834,14.834,0.37093875,4.763343
14835,14.835,0.38275164,4.7063885
14836,14.836,0.38623646,4.77039
14837,14.837,0.3941597,4.757585
14838,14.838,0.38476247,4.7451606
14839,14.839,0.4121262,4.669097
14840,14.84,0.41001827,4.6719346
14841,14.841,0.40696982,4.7021637
14842,14.842,0.41224134,4.7358017
14843,14.843,0.4197104,4.731874
14844,14.844,0.4127088,4.7213035
14845,14.845,0.40583563,4.758842
14846,14.846,0.411589,4.7121615
14847,14.847,0.41263258,4.725673
14848,14.848,0.4146294,4.711451
14849,14.849,0.40821177,4.728842
14850,14.85,0.4159267,4.676423
14851,14.851,0.43674326,4.677444
14852,14.852,0.4317847,4.6603837
14853,14.853,0.43076345,4.7548213
14854,14.854,0.44283763,4.770087
14855,14.855,0.4401176,4.7169223
14856,14.856,0.41853437,4.7411904
14857,14.857,0.429205,4.7152853
14858,14.858,0.42269224,4.667597
14859,14.859,0.43312508,4.6633034
14860,14.86,0.43626872,4.6545734
14861,14.861,0.4307817,4.6797633
14862,14.862,0.4401176,4.6408257
14863,14.863,0.43685853,4.6052504
14864,14.864,0.4297187,4.653525
14865,14.865,0.43256035,4.667461
14866,14.866,0.43379086,4.675724
14867,14.867,0.43792823,4.669606
14868,14.868,0.4286389,4.67633
14869,14.869,0.40742335,4.7203484
14870,14.87,0.40366536,4.761481
14871,14.871,0.38561717,4.7518044
14872,14.872,0.38786414,4.7441025
14873,14.873,0.3845216,4.776805
14874,14.874,0.37982467,4.7115273
14875,14.875,0.36945426,4.6663885
14876,14.876,0.3816306,4.693993
14877,14.877,0.36982673,4.7079587
14878,14.878,0.37518212,4.7461
14879,14.879,0.37195048,4.7716494
14880,14.88,0.36295637,4.7600594
14881,14.881,0.35700363,4.6637735
14882,14.882,0.35828823,4.643452
14883,14.883,0.3510136,4.64337
14884,14.884,0.35507667,4.614327
14885,14.885,0.364633,4.668242
14886,14.886,0.35563162,4.6231613
14887,14.887,0.35033143,4.655275
14888,14.888,0.37121817,4.611943
14889,14.889,0.37110776,4.599232
14890,14.89,0.36861163,4.623587
14891,14.891,0.36572397,4.604085
14892,14.892,0.36582986,4.567295
14893,14.893,0.36454234,4.5983663
14894,14.894,0.3601216,4.656891
14895,14.895,0.36924645,4.6381145
14896,14.896,0.36457738,4.667475
14897,14.897,0.36075422,4.718241
14898,14.898,0.36192188,4.7035475
14899,14.899,0.35711902,4.6553082
14900,14.9,0.34430963,4.73208
14901,14.901,0.35077032,4.6593795
14902,14.902,0.34567973,4.6708355
14903,14.903,0.36056352,4.716499
14904,14.904,0.36379907,4.665931
14905,14.905,0.356077,4.678903
14906,14.906,0.363025,4.69048
14907,14.907,0.3701907,4.6922684
14908,14.908,0.37054166,4.708122
14909,14.909,0.37761432,4.711042
14910,14.91,0.37114063,4.675458
14911,14.911,0.37746996,4.6385007
14912,14.912,0.37230584,4.655873
14913,14.913,0.38056454,4.652862
14914,14.914,0.37697122,4.6729913
14915,14.915,0.36676005,4.6921425
14916,14.916,0.36718434,4.7221184
14917,14.917,0.35538435,4.6823688
14918,14.918,0.34974608,4.7080045
14919,14.919,0.34772408,4.765088
14920,14.92,0.3405648,4.7234626
14921,14.921,0.3307397,4.7323694
14922,14.922,0.3338007,4.782956
14923,14.923,0.33957797,4.7596064
14924,14.924,0.3239796,4.747926
14925,14.925,0.3409181,4.745689
14926,14.926,0.33206433,4.742581
14927,14.927,0.3443165,4.763246
14928,14.928,0.33720192,4.687316
14929,14.929,0.35237864,4.712555
14930,14.93,0.3380808,4.6296167
14931,14.931,0.34347296,4.648014
14932,14.932,0.3312653,4.643078
14933,14.933,0.33228654,4.6382256
14934,14.934,0.32226652,4.6703653
14935,14.935,0.32486773,4.7032795
14936,14.936,0.31226966,4.796625
14937,14.937,0.33052522,4.7650046
14938,14.938,0.3267211,4.798903
14939,14.939,0.32560185,4.748389
14940,14.94,0.33400342,4.8226624
14941,14.941,0.33845806,4.7201033
14942,14.942,0.33684418,4.7193723
14943,14.943,0.3539403,4.7349305
14944,14.944,0.36382768,4.7414007
14945,14.945,0.35397133,4.73354
14946,14.946,0.35401297,4.722025
14947,14.947,0.34877217,4.771205
14948,14.948,0.36128622,4.746671
14949,14.949,0.34167036,4.7314405
14950,14.95,0.35735783,4.680975
14951,14.951,0.3575352,4.694971
14952,14.952,0.35015947,4.6895638
14953,14.953,0.33328345,4.7208776
14954,14.954,0.30985412,4.7319264
14955,14.955,0.30472487,4.7540765
14956,14.956,0.32033217,4.7363367
14957,14.957,0.31990752,4.7595167
14958,14.958,0.32154778,4.7502613
14959,14.959,0.33210295,4.721051
14960,14.96,0.32901722,4.693614
14961,14.961,0.32311606,4.75459
14962,14.962,0.3285188,4.7114816
14963,14.963,0.33275393,4.7075205
14964,14.964,0.3432102,4.71357
14965,14.965,0.3294559,4.715306
14966,14.966,0.33678037,4.7635784
14967,14.967,0.34340766,4.7573204
14968,14.968,0.33710662,4.750249
14969,14.969,0.34585825,4.7398243
14970,14.97,0.3366997,4.826781
14971,14.971,0.32995814,4.8420105
14972,14.972,0.3385011,4.781047
14973,14.973,0.34392732,4.8184323
14974,14.974,0.35230055,4.9070687
14975,14.975,0.339459,4.8813105
14976,14.976,0.34835562,4.787983
14977,14.977,0.32814473,4.6724668
14978,14.978,0.33196825,4.6924067
14979,14.979,0.33578005,4.7252607
14980,14.98,0.3191898,4.6791053
14981,14.981,0.31903857,4.7070947
14982,14.982,0.31523553,4.7264204
14983,14.983,0.33124855,4.7394104
14984,14.984,0.3182159,4.7149534
14985,14.985,0.32135,4.7941046
14986,14.986,0.32003304,4.782754
14987,14.987,0.33222774,4.7030396
14988,14.988,0.3336282,4.7041874
14989,14.989,0.33421254,4.7355576
14990,14.99,0.33985972,4.715504
14991,14.991,0.34153298,4.708973
14992,14.992,0.33200774,4.664103
14993,14.993,0.33334154,4.726718
14994,14.994,0.35389766,4.6865726
14995,14.995,0.34315696,4.697666
14996,14.996,0.34719592,4.723379
14997,14.997,0.35163498,4.7452884
14998,14.998,0.36213917,4.7032213
14999,14.999,0.36040413,4.678972
15000,15.0,0.37174237,4.6868587
15001,15.001,0.37114778,4.6906757
15002,15.002,0.36482254,4.6812367
15003,15.003,0.3602206,4.704518
15004,15.004,0.3566547,4.6970196
15005,15.005,0.3542948,4.705202
15006,15.006,0.3680425,4.6592336
15007,15.007,0.3838988,4.6306796
15008,15.008,0.36604783,4.6385827
15009,15.009,0.38116127,4.6738896
15010,15.01,0.38914657,4.6519766
15011,15.011,0.37727144,4.6726017
15012,15.012,0.373935,4.6764226
15013,15.013,0.38299197,4.7082753
15014,15.014,0.3802724,4.6635633
15015,15.015,0.38625112,4.6468253
15016,15.016,0.36335555,4.6479764
15017,15.017,0.35535717,4.6935954
15018,15.018,0.33770326,4.682278
15019,15.019,0.36427554,4.632387
15020,15.02,0.34053305,4.7111607
15021,15.021,0.35715318,4.7260103
15022,15.022,0.36396888,7.032821
15023,15.023,0.35163334,7.023463
15024,15.024,0.3476451,7.10995
15025,15.025,0.35995403,7.0482492
15026,15.026,0.34975633,6.9577875
15027,15.027,0.3466558,6.887229
15028,15.028,0.35710722,6.8580184
15029,15.029,0.353987,6.8757987
15030,15.03,0.3632744,6.761303
15031,15.031,0.3538237,6.763745
15032,15.032,0.36164504,6.8498816
15033,15.033,0.3790179,6.8849826
15034,15.034,0.37568077,6.7549376
15035,15.035,0.38614082,6.705365
15036,15.036,0.3778697,6.629192
15037,15.037,0.3753976,6.7392626
15038,15.038,0.38333815,6.6671267
15039,15.039,0.39210877,6.7450147
15040,15.04,0.38431305,6.6211824
15041,15.041,0.39658275,6.6660624
15042,15.042,0.38075903,6.6780615
15043,15.043,0.3832551,6.5102334
15044,15.044,0.36640814,6.4679337
15045,15.045,0.3761047,6.5515585
15046,15.046,0.37226146,6.5769715
15047,15.047,0.39437035,6.636878
15048,15.048,0.3908296,6.6560726
15049,15.049,0.38479313,6.659312
15050,15.05,0.38320395,6.6913996
15051,15.051,0.36980623,6.782848
15052,15.052,0.35422432,6.8367686
15053,15.053,0.35160065,6.850426
15054,15.054,0.35616398,6.792754
15055,15.055,0.36099845,6.8047333
15056,15.056,0.36856148,6.79468
15057,15.057,0.38426882,6.7107835
15058,15.058,0.37880892,6.7035966
15059,15.059,0.38027695,6.468186
15060,15.06,0.37105262,6.572161
15061,15.061,0.37056318,6.5880613
15062,15.062,0.38478202,6.6253858
15063,15.063,0.38945568,6.6197124
15064,15.064,0.3867588,6.653321
15065,15.065,0.37905708,6.5646195
15066,15.066,0.3860224,6.6400757
15067,15.067,0.38342997,6.6425896
15068,15.068,0.37457654,6.7073493
15069,15.069,0.3542943,6.657692
15070,15.07,0.3548394,6.6740265
15071,15.071,0.346843,6.738788
15072,15.072,0.36357832,6.693961
15073,15.073,0.34899998,6.7878656
15074,15.074,0.364027,6.797772
15075,15.075,0.34626877,6.8229556
15076,15.076,0.35792187,6.845016
15077,15.077,0.35746956,6.8113866
15078,15.078,0.3452546,6.804963
15079,15.079,0.33716267,6.8825784
15080,15.08,0.35133654,6.8516107
15081,15.081,0.35011622,6.715146
15082,15.082,0.3719716,6.666263
15083,15.083,0.3645149,6.6700444
15084,15.084,0.33762607,6.5731764
15085,15.085,0.34619448,6.6542196
15086,15.086,0.32588822,6.515486
15087,15.087,0.33044845,6.4527006
15088,15.088,0.3342933,6.4224668
15089,15.089,0.3417722,6.4164405
15090,15.09,0.3517862,6.492296
15091,15.091,0.35405737,6.487755
15092,15.092,0.36329207,6.4837203
15093,15.093,0.35165325,6.4603076
15094,15.094,0.33440948,6.512574
15095,15.095,0.3302313,6.453163
15096,15.096,0.3469313,6.510186
15097,15.097,0.34829655,6.5688834
15098,15.098,0.3453068,6.6406765
15099,15.099,0.32192397,6.5795455
15100,15.1,0.31545785,6.5909343
15101,15.101,0.30858758,6.655222
15102,15.102,0.30912784,6.6550713
15103,15.103,0.31064773,6.601815
15104,15.104,0.31808403,6.7059703
15105,15.105,0.30725393,6.661854
15106,15.106,0.32028255,6.7523117
15107,15.107,0.3233301,6.7512155
15108,15.108,0.30528426,6.7407107
15109,15.109,0.3110828,6.6134667
15110,15.11,0.29545602,4.666442
15111,15.111,0.2913368,6.543689
15112,15.112,0.29359308,6.5128536
15113,15.113,0.28410682,6.4709415
15114,15.114,0.28401953,6.563578
15115,15.115,0.29253915,6.5212216
15116,15.116,0.29802027,6.509348
15117,15.117,0.31820756,6.448558
15118,15.118,0.32662395,6.3933916
15119,15.119,0.33198687,6.450728
15120,15.12,0.32906622,4.6739497
15121,15.121,0.32074547,6.3681
15122,15.122,0.32284692,6.3587008
15123,15.123,0.30399737,6.4327874
15124,15.124,0.33177927,6.3675704
15125,15.125,0.31833994,6.3698
15126,15.126,0.3235601,6.4375043
15127,15.127,0.3191389,6.4290605
15128,15.128,0.32099566,6.394197
15129,15.129,0.32321015,6.3417897
15130,15.13,0.3283106,6.1665893
15131,15.131,0.33354607,6.0669556
15132,15.132,0.34073257,4.694651
15133,15.133,0.32722434,4.7508583
15134,15.134,0.33340585,4.743656
15135,15.135,0.32664323,4.7160053
15136,15.136,0.32490206,6.023569
15137,15.137,0.32745653,6.10388
15138,15.138,0.32868573,6.00579
15139,15.139,0.34747982,6.0178485
15140,15.14,0.33952078,6.0293202
15141,15.141,0.32883218,5.9267645
15142,15.142,0.3317385,5.8285728
15143,15.143,0.32322392,5.799078
15144,15.144,0.32273555,5.6654716
15145,15.145,0.33140504,5.679045
15146,15.146,0.3327242,5.8686166
15147,15.147,0.33906937,5.7836337
15148,15.148,0.35886157,5.725248
15149,15.149,0.35218439,5.785216
15150,15.15,0.3634987,5.8366985
15151,15.151,0.37120387,5.993583
15152,15.152,0.36698028,6.0003085
15153,15.153,0.35413212,6.0985255
15154,15.154,0.3408825,6.172221
15155,15.155,0.35175776,6.179828
15156,15.156,0.3561669,6.1834755
15157,15.157,0.34150726,6.2060127
15158,15.158,0.33709463,6.1649556
15159,15.159,0.33948505,6.1335144
15160,15.16,0.33087844,6.085806
15161,15.161,0.34063044,6.119768
15162,15.162,0.3635303,6.057441
15163,15.163,0.35795546,6.0483336
15164,15.164,0.37184137,6.1427875
15165,15.165,0.36960053,6.013089
15166,15.166,0.36075792,6.1087036
15167,15.167,0.38090792,6.253662
15168,15.168,0.37371343,6.261198
15169,15.169,0.3749684,6.4375863
15170,15.17,0.3685853,6.3850913
15171,15.171,0.3589189,6.3370748
15172,15.172,0.36778265,6.4002495
15173,15.173,0.35816818,6.492971
15174,15.174,0.35347083,6.420502
15175,15.175,0.34568974,6.4553924
15176,15.176,0.3439571,6.464397
15177,15.177,0.34503824,6.3636303
15178,15.178,0.34899318,6.4092402
15179,15.179,0.3416049,6.5103297
15180,15.18,0.34401086,6.40709
15181,15.181,0.37497273,6.4351892
15182,15.182,0.3765461,6.3845677
15183,15.183,0.3832578,6.4077444
15184,15.184,0.39608708,6.517554
15185,15.185,0.40076664,6.3925385
15186,15.186,0.3825169,6.365704
15187,15.187,0.3836788,6.3675313
15188,15.188,0.38430402,6.349246
15189,15.189,0.39130342,6.38486
15190,15.19,0.38351455,6.3724813
15191,15.191,0.3945115,6.453736
15192,15.192,0.3963578,6.5655403
15193,15.193,0.39620423,6.572917
15194,15.194,0.38444552,6.544483
15195,15.195,0.3822093,6.4732776
15196,15.196,0.38421077,6.5641108
15197,15.197,0.38817668,6.665717
15198,15.198,0.37949795,6.67868
15199,15.199,0.3786763,4.737933
15200,15.2,0.38004312,4.7488484
15201,15.201,0.3895683,4.680815
15202,15.202,0.38458696,4.699577
15203,15.203,0.3829689,4.7137837
15204,15.204,0.39339072,4.687067
15205,15.205,0.3711752,4.719779
15206,15.206,0.3827192,4.7007375
15207,15.207,0.3901899,4.675587
15208,15.208,0.40650728,4.694218
15209,15.209,0.40481907,4.7461343
15210,15.21,0.4082238,4.6723957
15211,15.211,0.41792396,4.7020974
15212,15.212,0.42424685,4.672039
15213,15.213,0.412882,4.7080293
15214,15.214,0.40040478,4.658996
15215,15.215,0.3952739,4.7132816
15216,15.216,0.3974084,4.712647
15217,15.217,0.401292,4.7257943
15218,15.218,0.39828226,4.694701
15219,15.219,0.41243267,4.7283206
15220,15.22,0.40993595,4.7660327
15221,15.221,0.40749568,4.720297
15222,15.222,0.40568107,4.746313
15223,15.223,0.39831316,4.752651
15224,15.224,0.38949394,4.7515135
15225,15.225,0.39451322,4.786177
15226,15.226,0.3799923,4.762039
15227,15.227,0.37901852,4.7621613
15228,15.228,0.37050813,4.7071185
15229,15.229,0.37965432,4.684709
15230,15.23,0.38025004,4.637696
15231,15.231,0.3609701,4.722422
15232,15.232,0.3595996,4.733455
15233,15.233,0.37424016,4.708469
15234,15.234,0.373745,4.73191
15235,15.235,0.3649518,4.778135
15236,15.236,0.3731967,4.7668433
15237,15.237,0.37043747,4.7969193
15238,15.238,0.341481,4.7514052
15239,15.239,0.359616,4.684152
15240,15.24,0.35161033,4.748589
15241,15.241,0.35768795,4.703025
15242,15.242,0.34916785,4.7010493
15243,15.243,0.36154482,4.690299
15244,15.244,0.35025832,4.733924
15245,15.245,0.3474532,4.7537436
15246,15.246,0.33709067,4.763485
15247,15.247,0.34896153,4.7406673
15248,15.248,0.35665697,4.7512655
15249,15.249,0.3550739,4.7501273
15250,15.25,0.33784956,4.7487483
15251,15.251,0.32869822,4.8208575
15252,15.252,0.35491565,4.7771916
15253,15.253,0.34285635,4.7363477
15254,15.254,0.3417108,4.7769055
15255,15.255,0.33936006,4.754629
15256,15.256,0.33396882,4.747417
15257,15.257,0.33458522,4.78386
15258,15.258,0.32640818,4.7323246
15259,15.259,0.33599254,4.7848186
15260,15.26,0.33190173,4.842019
15261,15.261,0.33488238,4.728529
15262,15.262,0.34474647,4.7459674
15263,15.263,0.3407497,4.785987
15264,15.264,0.34163925,4.7766685
15265,15.265,0.34441334,4.7833652
15266,15.266,0.32928482,4.7593465
15267,15.267,0.3176671,4.7860665
15268,15.268,0.3226019,4.752967
15269,15.269,0.32186866,4.725847
15270,15.27,0.33229834,4.733803
15271,15.271,0.33675992,4.7158046
15272,15.272,0.33565727,4.6842656
15273,15.273,0.34469953,4.727303
15274,15.274,0.35626623,4.734886
15275,15.275,0.3515122,4.730649
15276,15.276,0.34970063,4.738112
15277,15.277,0.3372667,4.781425
15278,15.278,0.3248992,4.778166
15279,15.279,0.3226209,4.815483
15280,15.28,0.32682845,4.7995586
15281,15.281,0.31934565,4.8012576
15282,15.282,0.32240334,4.779822
15283,15.283,0.32171473,4.7570148
15284,15.284,0.33115065,4.7325163
15285,15.285,0.338456,4.7245293
15286,15.286,0.3463786,4.7612715
15287,15.287,0.3388866,4.7845054
15288,15.288,0.34577918,4.688713
15289,15.289,0.36008534,4.711529
15290,15.29,0.3487672,4.699797
15291,15.291,0.35145545,4.7808533
15292,15.292,0.35471562,4.776633
15293,15.293,0.36263442,4.7666116
15294,15.294,0.3463921,4.7968416
15295,15.295,0.34423524,4.796226
15296,15.296,0.3575685,4.796044
15297,15.297,0.35946858,4.7745943
15298,15.298,0.3432686,4.761309
15299,15.299,0.35541916,4.7813964
15300,15.3,0.3575965,4.7766886
15301,15.301,0.35562903,4.795061
15302,15.302,0.34462643,4.7713337
15303,15.303,0.349831,4.8139973
15304,15.304,0.3370051,4.744417
15305,15.305,0.3395104,4.745782
15306,15.306,0.33600357,4.7501044
15307,15.307,0.36051765,4.7497206
15308,15.308,0.3639422,4.7893286
15309,15.309,0.35043997,4.730355
15310,15.31,0.3558705,4.7473693
15311,15.311,0.35709086,4.763567
15312,15.312,0.3417463,4.7493277
15313,15.313,0.33773887,4.800728
15314,15.314,0.3319092,4.7898064
15315,15.315,0.35845983,4.7826014
15316,15.316,0.3531798,4.7675223
15317,15.317,0.34812278,4.7985897
15318,15.318,0.34857988,4.8097415
15319,15.319,0.34236982,4.7648277
15320,15.32,0.36316827,4.743579
15321,15.321,0.35058063,4.775656
15322,15.322,0.34565964,4.78465
15323,15.323,0.3448908,4.797356
15324,15.324,0.34392685,4.8169837
15325,15.325,0.34099084,4.776602
15326,15.326,0.33031407,4.8335686
15327,15.327,0.33445078,4.835084
15328,15.328,0.33561784,4.864243
15329,15.329,0.319972,4.7844863
15330,15.33,0.32563397,4.8017144
15331,15.331,0.33734742,4.8018875
15332,15.332,0.34803277,4.724574
15333,15.333,0.35476172,4.7465634
15334,15.334,0.35918516,4.6850657
15335,15.335,0.36604276,4.7053027
15336,15.336,0.35057485,4.7101607
15337,15.337,0.33792278,4.6860676
15338,15.338,0.35640895,6.144721
15339,15.339,0.34983876,4.6702085
15340,15.34,0.36000538,4.6708674
15341,15.341,0.34406832,4.6599784
15342,15.342,0.36426663,4.6825037
15343,15.343,0.37087765,4.668624
15344,15.344,0.37191194,4.693281
15345,15.345,0.34505147,4.6971836
15346,15.346,0.35284728,4.7118073
15347,15.347,0.3580646,4.7363906
15348,15.348,0.3451888,4.738546
15349,15.349,0.35226774,4.786772
15350,15.35,0.35272112,4.7621703
15351,15.351,0.3601818,4.7284727
15352,15.352,0.3566372,4.774154
15353,15.353,0.35283598,4.7855167
15354,15.354,0.34880102,4.7644215
15355,15.355,0.34547332,4.7641263
15356,15.356,0.34305385,4.743988
15357,15.357,0.35319945,4.734749
15358,15.358,0.3665603,4.713357
15359,15.359,0.37097675,4.7384562
15360,15.36,0.36432266,4.7100677
15361,15.361,0.33786735,4.7197227
15362,15.362,0.36029026,4.756671
15363,15.363,0.3462631,4.686984
15364,15.364,0.34909368,4.719141
15365,15.365,0.3609645,4.7246633
15366,15.366,0.35866407,4.7764177
15367,15.367,0.3574122,4.757785
15368,15.368,0.34274524,4.7325597
15369,15.369,0.34836227,4.7007403
15370,15.37,0.34922826,4.6942105
15371,15.371,0.33911625,4.7432146
15372,15.372,0.34685466,4.7091637
15373,15.373,0.3524741,4.6884484
15374,15.374,0.3429873,4.711618
15375,15.375,0.35352495,4.7511215
15376,15.376,0.36481413,4.7547607
15377,15.377,0.3520703,4.755032
15378,15.378,0.3525951,4.7308736
15379,15.379,0.34845436,4.7503877
15380,15.38,0.35174808,4.674995
15381,15.381,0.3657831,4.685064
15382,15.382,0.36894706,4.728887
15383,15.383,0.3569866,4.7004766
15384,15.384,0.3581101,6.652531
15385,15.385,0.35579818,6.6830554
15386,15.386,0.35244623,6.720544
15387,15.387,0.34467873,4.6565056
15388,15.388,0.32633576,4.6947684
15389,15.389,0.3210322,4.613882
15390,15.39,0.32968792,4.6880555
15391,15.391,0.31819302,4.6657166
15392,15.392,0.31837916,4.715776
15393,15.393,0.3060178,4.6486335
15394,15.394,0.3127217,4.656404
15395,15.395,0.32733297,4.6443305
15396,15.396,0.32630068,4.64929
15397,15.397,0.34194565,4.6191845
15398,15.398,0.3510426,4.5728393
15399,15.399,0.35139146,6.827934
15400,15.4,0.36674082,4.574173
15401,15.401,0.355675,4.6628766
15402,15.402,0.36126077,4.6682687
15403,15.403,0.38743028,4.647862
15404,15.404,0.3774159,4.6816726
15405,15.405,0.3693067,4.669299
15406,15.406,0.36394808,6.9525185
15407,15.407,0.35508415,6.9365234
15408,15.408,0.35727906,6.839773
15409,15.409,0.37219048,6.861219
15410,15.41,0.38229623,6.9036174
15411,15.411,0.38322735,6.919946
15412,15.412,0.37006998,6.962952
15413,15.413,0.36726353,6.9425797
15414,15.414,0.37675327,6.8843675
15415,15.415,0.35659394,6.8860054
15416,15.416,0.37011307,6.899626
15417,15.417,0.37421572,7.042229
15418,15.418,0.38757032,6.963582
15419,15.419,0.38057032,6.9297996
15420,15.42,0.38694718,6.880504
15421,15.421,0.3796158,6.985971
15422,15.422,0.367264,7.0490074
15423,15.423,0.37648058,4.6826453
15424,15.424,0.35603347,4.6664352
15425,15.425,0.3709886,6.9037333
15426,15.426,0.3786386,6.8622
15427,15.427,0.39687064,6.8868346
15428,15.428,0.3999764,6.9205317
15429,15.429,0.4142738,6.98126
15430,15.43,0.4088368,6.8832984
15431,15.431,0.42906964,7.0289617
15432,15.432,0.4145462,6.7841883
15433,15.433,0.41090626,6.657995
15434,15.434,0.41507468,6.6260643
15435,15.435,0.4013611,6.6231976
15436,15.436,0.40801376,6.5501237
15437,15.437,0.40754122,6.5158935
15438,15.438,0.43230107,6.564192
15439,15.439,0.4169891,6.512529
15440,15.44,0.41756642,6.678985
15441,15.441,0.41662344,6.6148143
15442,15.442,0.42787382,6.7588267
15443,15.443,0.41650742,6.7608094
15444,15.444,0.4017772,6.6609874
15445,15.445,0.39245,6.7482514
15446,15.446,0.39425296,6.839624
15447,15.447,0.40954462,6.80271
15448,15.448,0.41174525,6.8657975
15449,15.449,0.4140946,6.87043
15450,15.45,0.4088401,6.87452
15451,15.451,0.4083866,6.90474
15452,15.452,0.39706254,6.9122243
15453,15.453,0.4030234,7.0019836
15454,15.454,0.40308705,6.9030933
15455,15.455,0.38435292,6.942456
15456,15.456,0.3705733,6.8751173
15457,15.457,0.34736967,6.8430815
15458,15.458,0.3660317,6.8372936
15459,15.459,0.35587633,6.8029737
15460,15.46,0.35378578,6.7620063
15461,15.461,0.36683694,6.68281
15462,15.462,0.35907444,6.726138
15463,15.463,0.36412206,6.721423
15464,15.464,0.3826494,6.7527
15465,15.465,0.3920193,6.706268
15466,15.466,0.3891626,6.6261516
15467,15.467,0.39103228,6.7014966
15468,15.468,0.39059865,6.696699
15469,15.469,0.40481704,6.764077
15470,15.47,0.39027062,6.7373686
15471,15.471,0.39878592,6.7518983
15472,15.472,0.37943992,6.663217
15473,15.473,0.37718183,6.6744957
15474,15.474,0.36621627,6.6197515
15475,15.475,0.37314588,6.5158887
15476,15.476,0.36995688,6.6178474
15477,15.477,0.37180796,6.6372514
15478,15.478,0.36911103,6.655717
15479,15.479,0.36275104,6.6098466
15480,15.48,0.37117693,6.528591
15481,15.481,0.3506085,6.494134
15482,15.482,0.3440468,6.479717
15483,15.483,0.35041225,6.48291
15484,15.484,0.34371403,6.6604686
15485,15.485,0.35844082,6.550141
15486,15.486,0.35860413,6.4598184
15487,15.487,0.3587614,6.507303
15488,15.488,0.37381795,6.47762
15489,15.489,0.38824767,6.462706
15490,15.49,0.3902678,6.4138722
15491,15.491,0.36495164,6.4424577
15492,15.492,0.37887362,6.4591184
15493,15.493,0.36144215,6.4513884
15494,15.494,0.3829529,6.4426723
15495,15.495,0.3835623,6.561296
15496,15.496,0.37396404,6.6145215
15497,15.497,0.3716231,6.587711
15498,15.498,0.36296594,6.5584183
15499,15.499,0.35430476,6.4876733
15500,15.5,0.36253527,6.383148
15501,15.501,0.38249907,6.3943887
15502,15.502,0.3801383,6.3642035
15503,15.503,0.36530414,6.2934
15504,15.504,0.36701873,6.337319
15505,15.505,0.36518025,6.411001
15506,15.506,0.37546718,6.518413
15507,15.507,0.38340256,6.410831
15508,15.508,0.36755487,6.3782315
15509,15.509,0.3764176,6.3865433
15510,15.51,0.37236252,6.4049425
15511,15.511,0.36892152,6.345607
15512,15.512,0.36121452,6.399476
15513,15.513,0.3623973,6.447974
15514,15.514,0.3512467,6.3490934
15515,15.515,0.34360772,6.3444967
15516,15.516,0.34828544,6.2748494
15517,15.517,0.3487811,6.3268976
15518,15.518,0.34116757,6.2990193
15519,15.519,0.33690166,6.2677445
15520,15.52,0.3459169,6.3707943
15521,15.521,0.3429681,6.369581
15522,15.522,0.34944996,6.3486233
15523,15.523,0.34001923,6.283198
15524,15.524,0.34361595,6.237413
15525,15.525,0.34201866,6.1323676
15526,15.526,0.32087517,6.1772256
15527,15.527,0.3134776,6.2281446
15528,15.528,0.32615396,6.1731544
15529,15.529,0.33666277,6.221953
15530,15.53,0.33458918,6.2702556
15531,15.531,0.34416658,6.3680124
15532,15.532,0.3514594,6.481407
15533,15.533,0.3725568,6.4201508
15534,15.534,0.3544778,6.553737
15535,15.535,0.34789506,6.599925
15536,15.536,0.35709006,6.609452
15537,15.537,0.36787412,6.5983233
15538,15.538,0.35859525,6.6588793
15539,15.539,0.35831228,6.643656
15540,15.54,0.34830752,6.6561804
15541,15.541,0.34443164,6.731559
15542,15.542,0.3549207,6.6984367
15543,15.543,0.34654173,6.623444
15544,15.544,0.33891422,6.6062202
15545,15.545,0.3251469,6.5528684
15546,15.546,0.31599808,6.4717493
15547,15.547,0.320236,6.5051675
15548,15.548,0.31479847,6.462999
15549,15.549,0.30903414,6.5582004
15550,15.55,0.31115803,6.485196
15551,15.551,0.3128451,6.4445386
15552,15.552,0.30563754,6.6552386
15553,15.553,0.30976066,6.608676
15554,15.554,0.30870423,6.678353
15555,15.555,0.30608654,6.728589
15556,15.556,0.32171723,6.6916823
15557,15.557,0.3187395,6.699258
15558,15.558,0.3247825,6.690726
15559,15.559,0.33139876,6.7520165
15560,15.56,0.34404245,6.8152614
15561,15.561,0.33157313,6.9236856
15562,15.562,0.34746087,6.960546
15563,15.563,0.34991196,6.922617
15564,15.564,0.34333545,6.8995337
15565,15.565,0.34316286,6.826296
15566,15.566,0.33681038,6.7597747
15567,15.567,0.3313724,6.7139916
15568,15.568,0.3348166,6.73977
15569,15.569,0.3391696,6.883015
15570,15.57,0.35268098,6.881754
15571,15.571,0.35269555,6.941073
15572,15.572,0.35540533,6.9195538
15573,15.573,0.34911686,6.9190245
15574,15.574,0.35394078,6.9667444
15575,15.575,0.3464932,7.034774
15576,15.576,0.36839378,6.998889
15577,15.577,0.35849208,7.02896
15578,15.578,0.36397365,7.0045877
15579,15.579,0.36369404,6.9458275
15580,15.58,0.36073676,6.887484
15581,15.581,0.36441642,6.9098625
15582,15.582,0.3579608,6.9242916
15583,15.583,0.3632784,6.898226
15584,15.584,0.3531479,6.8835783
15585,15.585,0.3579892,6.774661
15586,15.586,0.34726867,6.718702
15587,15.587,0.3631713,6.784491
15588,15.588,0.38081384,6.7855353
15589,15.589,0.3977002,6.8276887
15590,15.59,0.3854176,6.785819
15591,15.591,0.3757448,6.8165383
15592,15.592,0.3484769,6.771108
15593,15.593,0.36362886,6.959267
15594,15.594,0.3560726,6.8879895
15595,15.595,0.35587388,6.9314237
15596,15.596,0.37321448,6.997742
15597,15.597,0.3761084,6.9311805
15598,15.598,0.36054265,6.865014
15599,15.599,0.36900517,6.901738
15600,15.6,0.3591285,7.007356
15601,15.601,0.3782441,6.958796
15602,15.602,0.37401986,7.0385194
15603,15.603,0.37917095,7.0507503
15604,15.604,0.37501866,7.1153927
15605,15.605,0.38293448,7.1360583
15606,15.606,0.3779714,7.1120753
15607,15.607,0.36799303,7.19376
15608,15.608,0.37614653,7.204438
15609,15.609,0.37911394,7.157212
15610,15.61,0.36776158,7.184703
15611,15.611,0.36415556,7.225284
15612,15.612,0.36849385,7.188071
15613,15.613,0.36423683,7.144738
15614,15.614,0.37333974,7.1956873
15615,15.615,0.3749809,7.0853343
15616,15.616,0.38293797,7.010223
15617,15.617,0.37113845,7.058331
15618,15.618,0.3851045,7.060577
15619,15.619,0.37466633,7.086153
15620,15.62,0.37421712,6.9162717
15621,15.621,0.36869428,6.9533005
15622,15.622,0.36373934,7.0913043
15623,15.623,0.35703713,6.9625726
15624,15.624,0.37101072,7.0793233
15625,15.625,0.37021086,7.149703
15626,15.626,0.35971853,7.047327
15627,15.627,0.36470243,7.1151614
15628,15.628,0.37076262,7.2013335
15629,15.629,0.3791083,7.2983155
15630,15.63,0.3694003,7.2046237
15631,15.631,0.3743467,7.1973042
15632,15.632,0.37670404,4.684955
15633,15.633,0.3788283,4.696809
15634,15.634,0.3893307,7.4032803
15635,15.635,0.39019686,4.683053
15636,15.636,0.39178848,7.319647
15637,15.637,0.39021447,7.289025
15638,15.638,0.38989693,7.3492074
15639,15.639,0.38433546,7.3335857
15640,15.64,0.38552767,7.1716933
15641,15.641,0.39056537,7.111687
15642,15.642,0.38045064,7.14986
15643,15.643,0.37190464,7.0376773
15644,15.644,0.36337766,7.155401
15645,15.645,0.35170385,7.1561284
15646,15.646,0.34926897,7.2338023
15647,15.647,0.36073032,7.2779064
15648,15.648,0.33888352,7.2091165
15649,15.649,0.34548438,7.0857058
15650,15.65,0.34177202,7.0810184
15651,15.651,0.35864908,7.085132
15652,15.652,0.36086267,7.0251317
15653,15.653,0.3516447,7.010283
15654,15.654,0.33724684,7.0775714
15655,15.655,0.3447401,7.041016
15656,15.656,0.3471015,7.0969768
15657,15.657,0.36046907,7.2836227
15658,15.658,0.35200265,7.28044
15659,15.659,0.3610188,7.1582956
15660,15.66,0.36853638,7.2584577
15661,15.661,0.35469523,7.2475033
15662,15.662,0.37371948,7.415061
15663,15.663,0.36871403,7.533168
15664,15.664,0.38935235,7.548551
15665,15.665,0.3821134,7.537639
15666,15.666,0.38103127,7.48445
15667,15.667,0.37441137,7.440576
15668,15.668,0.35480618,7.3554626
15669,15.669,0.36051798,4.752975
15670,15.67,0.3450503,7.2914057
15671,15.671,0.34258094,7.2569933
15672,15.672,0.35608545,7.2439933
15673,15.673,0.36599225,7.1780415
15674,15.674,0.36592165,7.208386
15675,15.675,0.37628263,7.2303505
15676,15.676,0.38077682,7.2455616
15677,15.677,0.38690868,7.284267
15678,15.678,0.38253066,7.1050367
15679,15.679,0.38281476,7.089735
15680,15.68,0.39104632,7.1832685
15681,15.681,0.38357812,7.1453753
15682,15.682,0.37956297,7.1373487
15683,15.683,0.35528693,7.152796
15684,15.684,0.36392504,7.039875
15685,15.685,0.37006342,7.279733
15686,15.686,0.38290125,7.2105956
15687,15.687,0.36701605,7.2194896
15688,15.688,0.37156692,7.2676125
15689,15.689,0.36901706,7.277015
15690,15.69,0.36679772,7.272756
15691,15.691,0.37256393,7.271647
15692,15.692,0.36690375,7.319848
15693,15.693,0.3829156,7.324999
15694,15.694,0.39490408,7.2272897
15695,15.695,0.39386454,7.159517
15696,15.696,0.4026156,7.2864723
15697,15.697,0.4115192,7.3388324
15698,15.698,0.41446543,7.3759136
15699,15.699,0.4072528,7.373343
15700,15.7,0.4000767,7.352114
15701,15.701,0.38156986,7.3535714
15702,15.702,0.3867413,7.3344164
15703,15.703,0.39709106,7.388048
15704,15.704,0.4003997,7.4184985
15705,15.705,0.39246327,4.768935
15706,15.706,0.38469726,4.8232923
15707,15.707,0.369471,7.3018546
15708,15.708,0.35945606,7.3388515
15709,15.709,0.37080863,7.371543
15710,15.71,0.38660872,7.3840218
15711,15.711,0.3995082,7.38092
15712,15.712,0.39943025,7.4130936
15713,15.713,0.39871752,7.3939857
15714,15.714,0.40073708,7.3634405
15715,15.715,0.4025962,7.389715
15716,15.716,0.39463627,7.3597736
15717,15.717,0.39219883,4.6190104
15718,15.718,0.40721956,4.658219
15719,15.719,0.4097942,4.6743827
15720,15.72,0.41249838,4.689854
15721,15.721,0.41197485,4.699561
15722,15.722,0.40127584,4.7173467
15723,15.723,0.40374568,4.7517047
15724,15.724,0.4238254,4.715372
15725,15.725,0.43214288,4.7225566
15726,15.726,0.44204545,4.726108
15727,15.727,0.44520384,4.6830955
15728,15.728,0.4422078,4.652356
15729,15.729,0.43290725,4.6780925
15730,15.73,0.43202555,4.713752
15731,15.731,0.44003105,4.715135
15732,15.732,0.44238263,4.6884556
15733,15.733,0.43508324,4.6756682
15734,15.734,0.42671797,4.7146554
15735,15.735,0.43777326,4.650784
15736,15.736,0.42429754,4.6260056
15737,15.737,0.41895562,7.474108
15738,15.738,0.42813456,4.6149936
15739,15.739,0.43282685,4.747449
15740,15.74,0.42655104,4.66462
15741,15.741,0.438394,4.6408234
15742,15.742,0.4316469,4.6598945
15743,15.743,0.43129274,4.672961
15744,15.744,0.42407367,4.6047287
15745,15.745,0.43281245,4.596035
15746,15.746,0.42455354,7.7047315
15747,15.747,0.41166314,7.671963
15748,15.748,0.41342354,7.6194267
15749,15.749,0.42459372,4.6391945
15750,15.75,0.43521976,7.688683
15751,15.751,0.41838464,7.6695547
15752,15.752,0.42442325,7.691251
15753,15.753,0.4230001,7.7833824
15754,15.754,0.41018414,7.739607
15755,15.755,0.42584288,4.669512
15756,15.756,0.41293898,7.8241887
15757,15.757,0.42698875,7.905048
15758,15.758,0.40957922,4.6708508
15759,15.759,0.42187706,4.6680665
15760,15.76,0.42345226,4.6540623
15761,15.761,0.41888538,4.66535
15762,15.762,0.42510945,4.690334
15763,15.763,0.42354873,4.684629
15764,15.764,0.42560855,7.958409
15765,15.765,0.4395286,4.6732793
15766,15.766,0.43167827,4.6853533
15767,15.767,0.42094028,4.7386136
15768,15.768,0.42624065,4.7631702
15769,15.769,0.4227092,4.7952247
15770,15.77,0.4400974,4.742022
15771,15.771,0.4481546,4.7216096
15772,15.772,0.4505722,4.884092
15773,15.773,0.4379772,4.6859055
15774,15.774,0.44364673,4.7058096
15775,15.775,0.4423117,4.700975
15776,15.776,0.43572292,4.6572075
15777,15.777,0.42782423,4.704527
15778,15.778,0.45097044,8.026731
15779,15.779,0.45468143,4.722995
15780,15.78,0.4502442,4.703761
15781,15.781,0.44569704,4.7586193
15782,15.782,0.43698314,4.7178717
15783,15.783,0.44474116,4.7255898
15784,15.784,0.4318785,4.7378254
15785,15.785,0.42416048,4.725292
15786,15.786,0.42158583,4.7677484
15787,15.787,0.42438376,4.7422156
15788,15.788,0.41937453,4.760754
15789,15.789,0.42908138,4.6960692
15790,15.79,0.43816704,4.755286
15791,15.791,0.43203145,4.537366
15792,15.792,0.44042233,4.624982
15793,15.793,0.44962063,4.544247
15794,15.794,0.45672727,4.5033565
15795,15.795,0.4619472,4.398392
15796,15.796,0.45026356,4.367436
15797,15.797,0.43895146,4.3870115
15798,15.798,0.43732807,4.381605
15799,15.799,0.43912616,4.287614
15800,15.8,0.43645707,4.33837
15801,15.801,0.43163273,4.361984
15802,15.802,0.4296883,4.594172
15803,15.803,0.44225186,4.5687056
15804,15.804,0.45323864,4.7383347
15805,15.805,0.46644846,4.6967096
15806,15.806,0.47934255,4.628322
15807,15.807,0.48327082,4.673831
15808,15.808,0.46307552,4.6580005
15809,15.809,0.45774788,4.2865367
15810,15.81,0.45964792,4.6750393
15811,15.811,0.47741786,4.661565
15812,15.812,0.49394092,4.2501845
15813,15.813,0.48037407,4.247042
15814,15.814,0.46724403,4.5034375
15815,15.815,0.46724057,4.3739996
15816,15.816,0.46742892,4.359624
15817,15.817,0.46969,4.6681314
15818,15.818,0.4605274,4.695314
15819,15.819,0.45450383,4.2394905
15820,15.82,0.45359838,4.6865544
15821,15.821,0.46076757,4.7054243
15822,15.822,0.45746708,4.667938
15823,15.823,0.46381792,4.6481156
15824,15.824,0.47224507,4.64085
15825,15.825,0.46833837,3.9920306
15826,15.826,0.46251714,4.0552144
15827,15.827,0.46368322,4.024444
15828,15.828,0.4706507,4.061958
15829,15.829,0.46549308,3.9847758
15830,15.83,0.46079051,3.9887033
15831,15.831,0.45825392,3.981772
15832,15.832,0.4594175,3.9422634
15833,15.833,0.46065918,3.9124112
15834,15.834,0.45144555,3.960474
15835,15.835,0.45913473,3.9465718
15836,15.836,0.43978694,3.8944652
15837,15.837,0.45075214,3.9180634
15838,15.838,0.45190954,4.028694
15839,15.839,0.45839933,3.968386
15840,15.84,0.45389795,4.158967
15841,15.841,0.45129433,4.05359
15842,15.842,0.45771846,4.711496
15843,15.843,0.45807263,4.0580955
15844,15.844,0.46107742,4.0171623
15845,15.845,0.4650628,4.1408005
15846,15.846,0.46035203,4.2109213
15847,15.847,0.4565241,4.201725
15848,15.848,0.4473828,4.391674
15849,15.849,0.46291646,4.7129545
15850,15.85,0.46231452,4.691185
15851,15.851,0.4493025,4.62209
15852,15.852,0.45923993,4.70399
15853,15.853,0.46666175,4.589906
15854,15.854,0.4575943,4.668217
15855,15.855,0.46326482,4.622489
15856,15.856,0.44435412,4.5562553
15857,15.857,0.44580674,4.5109787
15858,15.858,0.43534207,4.499649
15859,15.859,0.44950724,4.42561
15860,15.86,0.446313,4.4536366
15861,15.861,0.4443177,4.412572
15862,15.862,0.455828,4.537237
15863,15.863,0.43153536,4.6169124
15864,15.864,0.4388572,4.5122027
15865,15.865,0.43362787,4.641796
15866,15.866,0.4471131,4.376638
15867,15.867,0.44368777,4.2334456
15868,15.868,0.44912854,4.704163
15869,15.869,0.4573089,4.7364645
15870,15.87,0.4544251,4.161613
15871,15.871,0.45581418,4.194418
15872,15.872,0.4546021,4.7475653
15873,15.873,0.4403043,4.782496
15874,15.874,0.45784205,4.790811
15875,15.875,0.45220694,4.798526
15876,15.876,0.4628714,4.7490773
15877,15.877,0.44094536,4.793325
15878,15.878,0.44135675,4.026211
15879,15.879,0.44350797,3.7732866
15880,15.88,0.44015253,3.8625546
15881,15.881,0.44101444,3.9718523
15882,15.882,0.4289624,4.0293007
15883,15.883,0.43091157,4.0983834
15884,15.884,0.44711092,3.9980311
15885,15.885,0.45139498,3.8783789
15886,15.886,0.4541318,3.732283
15887,15.887,0.44396567,3.8032033
15888,15.888,0.4473231,3.9057915
15889,15.889,0.44474912,3.9604313
15890,15.89,0.44044906,3.9090335
15891,15.891,0.4606948,4.0324697
15892,15.892,0.4913583,4.6303434
15893,15.893,0.46008566,4.022475
15894,15.894,0.47351256,4.008155
15895,15.895,0.46013767,4.140302
15896,15.896,0.45923692,4.1100116
15897,15.897,0.46490714,4.1967416
15898,15.898,0.46002397,4.296026
15899,15.899,0.45682153,4.3685846
15900,15.9,0.452146,4.402933
15901,15.901,0.4516199,4.283953
15902,15.902,0.44673795,4.345778
15903,15.903,0.43403143,4.347559
15904,15.904,0.45392585,4.7113647
15905,15.905,0.45049575,4.738604
15906,15.906,0.46113282,4.7158546
15907,15.907,0.43831146,4.2287426
15908,15.908,0.4618318,4.140579
15909,15.909,0.4592962,4.038815
15910,15.91,0.47106782,4.0371103
15911,15.911,0.46771026,4.1979938
15912,15.912,0.45319107,4.2948
15913,15.913,0.46162567,4.35478
15914,15.914,0.4587095,4.3814883
15915,15.915,0.44883117,4.744916
15916,15.916,0.46101436,4.716368
15917,15.917,0.46653467,4.692434
15918,15.918,0.47591114,4.2134533
15919,15.919,0.49104533,4.709634
15920,15.92,0.47720632,4.7213597
15921,15.921,0.4662836,4.7202353
15922,15.922,0.46888846,4.7317324
15923,15.923,0.46204278,4.7199655
15924,15.924,0.46648017,4.73142
15925,15.925,0.47537827,4.713062
15926,15.926,0.47866297,4.0053787
15927,15.927,0.47813922,3.9362264
15928,15.928,0.47457162,4.6660557
15929,15.929,0.48267233,4.6951523
15930,15.93,0.48330143,4.740047
15931,15.931,0.48901117,4.061497
15932,15.932,0.48242548,4.7203465
15933,15.933,0.4950902,4.7202234
15934,15.934,0.49163738,4.2247915
15935,15.935,0.48494992,4.2322884
15936,15.936,0.47027978,4.2070413
15937,15.937,0.46400532,4.3399525
15938,15.938,0.47118765,4.447689
15939,15.939,0.47600013,4.446061
15940,15.94,0.46642292,4.447308
15941,15.941,0.45455405,4.6384377
15942,15.942,0.45441148,4.6159506
15943,15.943,0.4442858,4.7404685
15944,15.944,0.45799896,4.722908
15945,15.945,0.4636428,4.740221
15946,15.946,0.45950064,4.74502
15947,15.947,0.45982718,4.697828
15948,15.948,0.45781314,4.7623625
15949,15.949,0.4664654,4.7838335
15950,15.95,0.47606486,4.7505445
15951,15.951,0.47731072,4.69289
15952,15.952,0.46250063,4.7119417
15953,15.953,0.45896876,4.7311773
15954,15.954,0.47162512,4.7538157
15955,15.955,0.46319056,4.7672787
15956,15.956,0.4575501,4.716551
15957,15.957,0.475748,4.695486
15958,15.958,0.47406337,4.7052627
15959,15.959,0.46270955,4.687467
15960,15.96,0.4760113,4.718494
15961,15.961,0.47174263,4.677832
15962,15.962,0.51144636,4.5973077
15963,15.963,0.50301147,4.545769
15964,15.964,0.51192135,4.5760984
15965,15.965,0.49503404,4.6543713
15966,15.966,0.50419617,4.6386333
15967,15.967,0.50892025,4.6063714
15968,15.968,0.50482243,4.64626
15969,15.969,0.5010559,4.640835
15970,15.97,0.49364853,4.6171966
15971,15.971,0.50256175,4.605999
15972,15.972,0.5147755,4.5786757
15973,15.973,0.50242627,4.611594
15974,15.974,0.49890932,4.5951185
15975,15.975,0.49413466,4.6344733
15976,15.976,0.50269586,4.6056705
15977,15.977,0.49558002,4.6552854
15978,15.978,0.50405556,4.6428313
15979,15.979,0.48391777,4.6743817
15980,15.98,0.47726032,4.5964947
15981,15.981,0.46771124,4.6939454
15982,15.982,0.47332835,4.670575
15983,15.983,0.46768665,4.6877775
15984,15.984,0.47483838,4.647549
15985,15.985,0.46764734,4.6820054
15986,15.986,0.47257614,4.641377
15987,15.987,0.47956267,4.6865716
15988,15.988,0.4644885,4.7141004
15989,15.989,0.45635682,4.7044253
15990,15.99,0.44906807,4.6802454
15991,15.991,0.46467498,4.656611
15992,15.992,0.4650705,4.6147876
15993,15.993,0.46433693,4.631632
15994,15.994,0.464257,4.6731954
15995,15.995,0.4609918,4.674036
15996,15.996,0.4737664,4.6852922
15997,15.997,0.47491845,4.6862664
15998,15.998,0.4667757,4.65824
15999,15.999,0.46919233,4.6114774
16000,16.0,0.48637745,4.6236954
16001,16.001,0.4898539,4.6042624
16002,16.002,0.47263217,4.630862
16003,16.003,0.48460776,4.606637
16004,16.004,0.4792784,4.6588798
16005,16.005,0.49782586,4.6644797
16006,16.006,0.49704924,4.6011014
16007,16.007,0.4846365,4.6698914
16008,16.008,0.4795047,4.6690345
16009,16.009,0.47683832,4.6189494
16010,16.01,0.46807393,4.624132
16011,16.011,0.46394864,4.7279935
16012,16.012,0.4622464,4.681758
16013,16.013,0.4565451,4.7052674
16014,16.014,0.46157354,4.7284737
16015,16.015,0.46655908,4.6853104
16016,16.016,0.46790326,4.6471443
16017,16.017,0.46163303,4.675847
16018,16.018,0.47088027,4.692261
16019,16.019,0.47648475,4.6636257
16020,16.02,0.46430904,4.654953
16021,16.021,0.4734382,4.634104
16022,16.022,0.46936822,4.6060004
16023,16.023,0.48366916,4.609794
16024,16.024,0.46681297,4.6401453
16025,16.025,0.46558434,4.680514
16026,16.026,0.4554666,4.6491632
16027,16.027,0.4577764,4.6700506
16028,16.028,0.46086589,4.701164
16029,16.029,0.45930412,4.6824408
16030,16.03,0.46124387,4.7241125
16031,16.031,0.45399702,4.7099395
16032,16.032,0.46580106,4.7453356
16033,16.033,0.44795516,4.70597
16034,16.034,0.4596191,4.69397
16035,16.035,0.45203936,4.674063
16036,16.036,0.45483688,4.706743
16037,16.037,0.45103824,4.677993
16038,16.038,0.4539787,4.6932435
16039,16.039,0.467409,4.687905
16040,16.04,0.44951522,4.699858
16041,16.041,0.44729716,4.6757727
16042,16.042,0.43984318,4.661761
16043,16.043,0.43741265,4.67104
16044,16.044,0.4488662,4.6424613
16045,16.045,0.4603145,4.689058
16046,16.046,0.45974937,4.6804447
16047,16.047,0.45785442,4.646984
16048,16.048,0.46584323,4.660198
16049,16.049,0.461534,4.6790414
16050,16.05,0.4603341,4.663548
16051,16.051,0.4524192,4.71907
16052,16.052,0.4318085,4.67845
16053,16.053,0.4432625,4.684011
16054,16.054,0.43213165,4.739642
16055,16.055,0.42694476,4.7511983
16056,16.056,0.4410004,4.7697825
16057,16.057,0.44752955,4.722719
16058,16.058,0.4316125,4.702103
16059,16.059,0.43420333,4.765134
16060,16.06,0.4384859,4.7253275
16061,16.061,0.4410806,4.700687
16062,16.062,0.4527829,4.6542125
16063,16.063,0.44685295,4.6696634
16064,16.064,0.44533792,4.684218
16065,16.065,0.45225042,4.6311364
16066,16.066,0.47014028,4.641498
16067,16.067,0.4792861,4.65822
16068,16.068,0.4756903,4.6571445
16069,16.069,0.49486822,4.6564655
16070,16.07,0.47185853,4.6793795
16071,16.071,0.4699807,4.691981
16072,16.072,0.45394826,4.677811
16073,16.073,0.454136,4.703667
16074,16.074,0.46851036,4.7307143
16075,16.075,0.47353724,4.688551
16076,16.076,0.48391753,4.715571
16077,16.077,0.4830701,4.70088
16078,16.078,0.47117725,4.6891212
16079,16.079,0.46768025,4.6704755
16080,16.08,0.46197233,4.7232294
16081,16.081,0.4696729,4.719201
16082,16.082,0.44396958,4.729925
16083,16.083,0.44782624,4.7260847
16084,16.084,0.45171973,4.7691374
16085,16.085,0.43752444,4.768847
16086,16.086,0.44715112,4.740476
16087,16.087,0.43822074,4.805143
16088,16.088,0.44284686,4.7883167
16089,16.089,0.454313,4.730474
16090,16.09,0.45181057,4.7577825
16091,16.091,0.44449183,4.763863
16092,16.092,0.44043884,4.6844687
16093,16.093,0.4497655,4.71556
16094,16.094,0.4584935,4.6417875
16095,16.095,0.45644128,4.696535
16096,16.096,0.4451223,4.710124
16097,16.097,0.44062516,4.761353
16098,16.098,0.4487767,4.7495546
16099,16.099,0.44129324,4.7802143
16100,16.1,0.4378802,4.7580457
16101,16.101,0.4400819,4.7623715
16102,16.102,0.43010333,4.816349
16103,16.103,0.44081962,4.758346
16104,16.104,0.44428894,4.7618294
16105,16.105,0.44334087,4.7611
16106,16.106,0.45541546,4.744683
16107,16.107,0.44969454,4.7368417
16108,16.108,0.46052203,4.7146297
16109,16.109,0.44111258,4.7191467
16110,16.11,0.43670648,4.7507114
16111,16.111,0.44733334,4.728509
16112,16.112,0.44551715,4.7694564
16113,16.113,0.4332362,4.7721105
16114,16.114,0.44798857,4.7634654
16115,16.115,0.45320687,4.7378006
16116,16.116,0.47448257,4.699469
16117,16.117,0.4643251,4.70618
16118,16.118,0.46616954,4.6649723
16119,16.119,0.4735405,4.718706
16120,16.12,0.4692405,4.697005
16121,16.121,0.46288925,4.727044
16122,16.122,0.4622844,4.7099996
16123,16.123,0.4477208,4.7228074
16124,16.124,0.4650348,4.697089
16125,16.125,0.44100407,4.717507
16126,16.126,0.43468145,4.714297
16127,16.127,0.441288,4.713696
16128,16.128,0.43019968,4.6624007
16129,16.129,0.43104032,4.656316
16130,16.13,0.44761273,4.7375846
16131,16.131,0.43307355,4.7331815
16132,16.132,0.4424754,4.641472
16133,16.133,0.4525417,4.702791
16134,16.134,0.44870007,4.6974897
16135,16.135,0.44819805,4.727153
16136,16.136,0.45617706,4.7206097
16137,16.137,0.46029818,4.7065415
16138,16.138,0.4685608,4.699649
16139,16.139,0.4749169,4.6561193
16140,16.14,0.47291604,4.6611614
16141,16.141,0.47230873,4.6256413
16142,16.142,0.46876356,4.716716
16143,16.143,0.46855304,4.7377663
16144,16.144,0.46205002,4.7106733
16145,16.145,0.47321928,4.6620846
16146,16.146,0.46555963,4.685218
16147,16.147,0.46891618,4.6819243
16148,16.148,0.45647877,4.698957
16149,16.149,0.4668787,4.6496744
16150,16.15,0.4763234,4.725239
16151,16.151,0.46100935,4.727973
16152,16.152,0.4778634,4.667679
16153,16.153,0.47928733,4.670723
16154,16.154,0.47312364,4.6865406
16155,16.155,0.47649676,4.6856103
16156,16.156,0.48338598,4.6373553
16157,16.157,0.47383338,4.6969533
16158,16.158,0.48612118,4.626932
16159,16.159,0.47613078,4.592496
16160,16.16,0.4989627,4.6419377
16161,16.161,0.47680634,4.679432
16162,16.162,0.47201994,4.6888027
16163,16.163,0.46289125,8.087869
16164,16.164,0.4603052,4.71569
16165,16.165,0.46652588,8.097907
16166,16.166,0.4736118,4.6981196
16167,16.167,0.46035492,8.093891
16168,16.168,0.44536,4.6620393
16169,16.169,0.4382152,4.7032843
16170,16.17,0.45066094,4.6709356
16171,16.171,0.4377607,4.784741
16172,16.172,0.45451665,4.7395973
16173,16.173,0.45099735,4.6216335
16174,16.174,0.44688037,4.694952
16175,16.175,0.43540007,4.731105
16176,16.176,0.44720474,4.7102976
16177,16.177,0.4444068,4.686652
16178,16.178,0.4499103,4.7255573
16179,16.179,0.44488606,4.6475344
16180,16.18,0.44484293,4.6806936
16181,16.181,0.460935,4.692893
16182,16.182,0.44798818,4.7194715
16183,16.183,0.44362146,4.6956472
16184,16.184,0.44138584,4.6969533
16185,16.185,0.42810825,4.686545
16186,16.186,0.43596336,4.680547
16187,16.187,0.42979524,4.6824613
16188,16.188,0.42986488,4.6613884
16189,16.189,0.43673837,4.682675
16190,16.19,0.43640938,4.6854196
16191,16.191,0.4317046,4.674025
16192,16.192,0.43912247,4.705045
16193,16.193,0.42925414,4.6951227
16194,16.194,0.44310912,4.7311034
16195,16.195,0.43306476,4.760448
16196,16.196,0.43487728,4.7355065
16197,16.197,0.4380305,4.7604723
16198,16.198,0.44579676,4.7038774
16199,16.199,0.44129652,4.8077073
16200,16.2,0.4515883,4.8114653
16201,16.201,0.46621928,4.512541
16202,16.202,0.46482125,4.597831
16203,16.203,0.46574458,4.7028403
16204,16.204,0.45729977,4.6154637
16205,16.205,0.4663767,4.754756
16206,16.206,0.45075583,4.6963997
16207,16.207,0.47049236,4.668977
16208,16.208,0.46202713,4.6648507
16209,16.209,0.46825653,4.692507
16210,16.21,0.47854352,4.6446657
16211,16.211,0.48825806,4.717756
16212,16.212,0.47565264,4.6548553
16213,16.213,0.48247865,4.669479
16214,16.214,0.49568138,4.6842957
16215,16.215,0.488488,4.665252
16216,16.216,0.50158095,4.6537967
16217,16.217,0.50883365,4.6733036
16218,16.218,0.4913668,4.6591196
16219,16.219,0.4895248,4.677415
16220,16.22,0.47979486,4.6468487
16221,16.221,0.47429922,4.665371
16222,16.222,0.48100471,4.6795797
16223,16.223,0.47754398,4.678716
16224,16.224,0.48610988,4.68792
16225,16.225,0.46963447,4.684909
16226,16.226,0.50327694,4.646153
16227,16.227,0.4935571,4.6913066
16228,16.228,0.4932157,4.686931
16229,16.229,0.48799247,4.677758
16230,16.23,0.4946049,4.654431
16231,16.231,0.49904332,4.638586
16232,16.232,0.50355434,4.66725
16233,16.233,0.50678515,4.660888
16234,16.234,0.5099851,4.651533
16235,16.235,0.5201804,4.656834
16236,16.236,0.5139853,4.7111535
16237,16.237,0.52966225,4.6717944
16238,16.238,0.5147088,4.6644535
16239,16.239,0.49283847,4.6455574
16240,16.24,0.51303416,4.6444054
16241,16.241,0.5116646,4.6488824
16242,16.242,0.50732607,4.6643944
16243,16.243,0.5078437,4.683607
16244,16.244,0.50371814,4.7237005
16245,16.245,0.5021834,4.6934752
16246,16.246,0.49157977,4.6362414
16247,16.247,0.5058843,4.6730075
16248,16.248,0.49876124,4.673555
16249,16.249,0.49443144,4.6701155
16250,16.25,0.49504548,4.660875
16251,16.251,0.49451804,4.646119
16252,16.252,0.49081105,4.6924825
16253,16.253,0.4825916,4.6637936
16254,16.254,0.4991275,4.675691
16255,16.255,0.48893693,4.653576
16256,16.256,0.49700865,4.640889
16257,16.257,0.48707107,4.6762576
16258,16.258,0.49124315,4.6844616
16259,16.259,0.4984152,4.646444
16260,16.26,0.4874504,4.6358886
16261,16.261,0.48700958,4.6408334
16262,16.262,0.47787732,4.6863484
16263,16.263,0.47118706,4.6492157
16264,16.264,0.4776247,4.6317687
16265,16.265,0.4696708,4.6236625
16266,16.266,0.4652006,4.660754
16267,16.267,0.46681768,4.6391425
16268,16.268,0.46616274,4.5956182
16269,16.269,0.4832842,4.614157
16270,16.27,0.47323588,4.635351
16271,16.271,0.48150843,4.613715
16272,16.272,0.4858223,4.6150274
16273,16.273,0.49609014,4.622617
16274,16.274,0.49683744,4.5542316
16275,16.275,0.50170237,4.623535
16276,16.276,0.5034138,4.64078
16277,16.277,0.49975127,4.568566
16278,16.278,0.48786998,4.6532784
16279,16.279,0.48957404,4.6345973
16280,16.28,0.4919608,4.667857
16281,16.281,0.483795,4.633282
16282,16.282,0.4754223,4.613993
16283,16.283,0.48211184,4.638154
16284,16.284,0.48465234,4.624565
16285,16.285,0.48551154,4.668478
16286,16.286,0.493292,4.671325
16287,16.287,0.48255137,4.6734557
16288,16.288,0.4744682,4.6408195
16289,16.289,0.45249036,4.6291714
16290,16.29,0.4588461,4.643306
16291,16.291,0.46391577,4.668048
16292,16.292,0.46805504,4.6096597
16293,16.293,0.46096084,4.6459675
16294,16.294,0.47516438,4.641122
16295,16.295,0.46987182,4.639783
16296,16.296,0.46495962,4.6188345
16297,16.297,0.4720481,4.6780567
16298,16.298,0.469697,4.6587934
16299,16.299,0.46207455,4.648076
16300,16.3,0.46729523,4.6457863
16301,16.301,0.46075112,4.6558747
16302,16.302,0.46351352,4.5971313
16303,16.303,0.4645135,4.5984936
16304,16.304,0.46956372,4.5978603
16305,16.305,0.46925613,4.631096
16306,16.306,0.45326376,4.606392
16307,16.307,0.46161413,4.618057
16308,16.308,0.46120563,4.6682506
16309,16.309,0.49128503,4.6593575
16310,16.31,0.4795547,4.6790047
16311,16.311,0.4782567,4.62984
16312,16.312,0.47805727,4.6340876
16313,16.313,0.47070572,4.6834664
16314,16.314,0.464287,4.6817436
16315,16.315,0.46664742,4.6544333
16316,16.316,0.45308852,4.71485
16317,16.317,0.44127646,4.7921853
16318,16.318,0.44853348,4.7181883
16319,16.319,0.4503977,4.7240195
16320,16.32,0.45147064,4.727757
16321,16.321,0.47318923,4.6783185
16322,16.322,0.46988338,4.670664
16323,16.323,0.47644934,4.6662297
16324,16.324,0.46879956,4.7112093
16325,16.325,0.45519215,4.6646976
16326,16.326,0.46867627,4.7112675
16327,16.327,0.480983,4.6565905
16328,16.328,0.47501096,4.686781
16329,16.329,0.46593937,4.6620255
16330,16.33,0.45966274,4.680327
16331,16.331,0.4728065,4.6811843
16332,16.332,0.4867349,4.671794
16333,16.333,0.49342543,4.660455
16334,16.334,0.48179665,4.658481
16335,16.335,0.49574143,4.6508546
16336,16.336,0.47849604,4.687534
16337,16.337,0.4770864,4.7448077
16338,16.338,0.4771889,4.6954713
16339,16.339,0.47032428,4.673655
16340,16.34,0.46034676,4.692387
16341,16.341,0.4539964,4.6795244
16342,16.342,0.46704122,4.6337585
16343,16.343,0.4750241,4.615908
16344,16.344,0.4456387,4.656138
16345,16.345,0.43611103,4.670998
16346,16.346,0.42995912,4.665952
16347,16.347,0.44955134,4.710051
16348,16.348,0.457822,4.6923256
16349,16.349,0.43949467,4.7490435
16350,16.35,0.4473947,4.7052255
16351,16.351,0.45167774,4.6915483
16352,16.352,0.44251826,4.7214675
16353,16.353,0.43282738,4.761362
16354,16.354,0.43984503,4.756408
16355,16.355,0.42799875,4.7896247
16356,16.356,0.40798062,4.86623
16357,16.357,0.43275502,4.811138
16358,16.358,0.4447552,4.763234
16359,16.359,0.43989155,4.7507663
16360,16.36,0.43405926,4.7724614
16361,16.361,0.43714657,4.7531667
16362,16.362,0.41924593,4.711076
16363,16.363,0.4267544,4.7195597
16364,16.364,0.4353325,4.669265
16365,16.365,0.42330346,4.6418896
16366,16.366,0.4191461,4.6830873
16367,16.367,0.4237133,4.6767163
16368,16.368,0.42481267,4.696835
16369,16.369,0.41867176,4.7627482
16370,16.37,0.42205882,4.8185253
16371,16.371,0.4265879,4.779026
16372,16.372,0.42550164,4.7703686
16373,16.373,0.4396668,4.799214
16374,16.374,0.4300027,4.792055
16375,16.375,0.4479362,4.74338
16376,16.376,0.4474646,4.739719
16377,16.377,0.44491386,4.732405
16378,16.378,0.4356513,4.808168
16379,16.379,0.44499803,4.8004665
16380,16.38,0.42628485,4.82767
16381,16.381,0.43186754,4.823704
16382,16.382,0.41088697,4.820658
16383,16.383,0.42343068,4.768629
16384,16.384,0.444144,4.7862725
16385,16.385,0.43083084,4.7379436
16386,16.386,0.43621996,4.7515755
16387,16.387,0.43207544,4.748466
16388,16.388,0.42782786,4.703406
16389,16.389,0.4494009,4.672423
16390,16.39,0.4435511,4.7249823
16391,16.391,0.45610562,4.735806
16392,16.392,0.45421073,4.7776647
16393,16.393,0.46480185,4.7297773
16394,16.394,0.44546303,4.7416897
16395,16.395,0.44314826,4.773627
16396,16.396,0.45562696,4.842991
16397,16.397,0.4477559,4.8065166
16398,16.398,0.44507712,4.7401695
16399,16.399,0.44388703,4.7342033
16400,16.4,0.43044725,4.753035
16401,16.401,0.42282227,4.760419
16402,16.402,0.43266672,4.7338686
16403,16.403,0.42581856,4.6968293
16404,16.404,0.41566578,4.775253
16405,16.405,0.40834767,4.7590375
16406,16.406,0.40780675,4.719012
16407,16.407,0.4033809,4.690276
16408,16.408,0.41188422,2.8703203
16409,16.409,0.41432178,2.887516
16410,16.41,0.40916142,2.8721557
16411,16.411,0.4121945,2.8128023
16412,16.412,0.4118049,2.88184
16413,16.413,0.4028409,2.938607
16414,16.414,0.406019,2.7965214
16415,16.415,0.41017398,2.8288517
16416,16.416,0.40224132,2.774616
16417,16.417,0.39295766,2.7626355
16418,16.418,0.39565215,2.7041097
16419,16.419,0.3963014,2.7442086
16420,16.42,0.39288116,2.8694818
16421,16.421,0.4003141,2.8936474
16422,16.422,0.4074998,2.8838751
16423,16.423,0.41317979,2.8614318
16424,16.424,0.41199324,2.8510969
16425,16.425,0.40502933,3.0097773
16426,16.426,0.40333232,4.7575808
16427,16.427,0.39077294,4.723214
16428,16.428,0.3957817,4.6759295
16429,16.429,0.40625882,4.740411
16430,16.43,0.4078592,4.7163363
16431,16.431,0.41767243,4.745623
16432,16.432,0.42211127,4.75705
16433,16.433,0.430509,4.753107
16434,16.434,0.41817626,4.7832103
16435,16.435,0.41980004,4.7787156
16436,16.436,0.4261807,4.731269
16437,16.437,0.42671472,4.72402
16438,16.438,0.4294049,4.6867204
16439,16.439,0.4418808,4.694805
16440,16.44,0.4452476,4.6711693
16441,16.441,0.44118503,4.7076664
16442,16.442,0.44445038,4.692414
16443,16.443,0.44649696,4.649157
16444,16.444,0.4468272,4.6137047
16445,16.445,0.47057933,4.638469
16446,16.446,0.4741442,4.5500236
16447,16.447,0.47661403,4.6416473
16448,16.448,0.47844496,4.615768
16449,16.449,0.4816539,4.6291656
16450,16.45,0.4756694,4.6247005
16451,16.451,0.46603775,4.6410856
16452,16.452,0.4676251,4.6626873
16453,16.453,0.47672755,4.6414995
16454,16.454,0.4773693,4.6506267
16455,16.455,0.48074642,4.6562924
16456,16.456,0.45616743,4.662493
16457,16.457,0.46504962,4.703157
16458,16.458,0.45560414,4.6444306
16459,16.459,0.4585705,4.7054935
16460,16.46,0.46516094,4.696168
16461,16.461,0.45160672,4.6287675
16462,16.462,0.45134696,4.7009745
16463,16.463,0.4419046,4.698815
16464,16.464,0.4390713,4.74395
16465,16.465,0.44784456,4.5710983
16466,16.466,0.4609004,4.5949607
16467,16.467,0.45172483,4.6217623
16468,16.468,0.43950665,4.643915
16469,16.469,0.44712022,4.6694536
16470,16.47,0.43540725,4.6647897
16471,16.471,0.42568973,4.6223564
16472,16.472,0.43624964,4.6217227
16473,16.473,0.44059393,4.610264
16474,16.474,0.4335507,4.662633
16475,16.475,0.42043743,4.649532
16476,16.476,0.42386615,4.581616
16477,16.477,0.42736465,4.6443753
16478,16.478,0.425816,4.6459417
16479,16.479,0.41930038,4.600642
16480,16.48,0.42988008,4.6156454
16481,16.481,0.43413675,4.622486
16482,16.482,0.4308087,4.625055
16483,16.483,0.42023873,4.6393566
16484,16.484,0.42121357,4.640245
16485,16.485,0.41459078,4.6876683
16486,16.486,0.4036858,4.671806
16487,16.487,0.4046237,4.7015224
16488,16.488,0.4120634,4.6757383
16489,16.489,0.4108408,4.605728
16490,16.49,0.4072403,4.606334
16491,16.491,0.3929728,4.630405
16492,16.492,0.39337528,4.6618967
16493,16.493,0.3832456,4.712627
16494,16.494,0.384527,4.6689262
16495,16.495,0.3879917,4.689376
16496,16.496,0.38615385,4.6833444
16497,16.497,0.3828095,4.675292
16498,16.498,0.37883258,4.656865
16499,16.499,0.362658,4.74058
16500,16.5,0.3686491,4.6492662
16501,16.501,0.36700627,4.670035
16502,16.502,0.37357312,4.6941543
16503,16.503,0.3661181,4.661516
16504,16.504,0.37317204,4.7369723
16505,16.505,0.3859502,4.6808915
16506,16.506,0.3864655,4.6731467
16507,16.507,0.3880833,4.673129
16508,16.508,0.3813203,4.647416
16509,16.509,0.37301525,4.6778975
16510,16.51,0.3925316,4.6681623
16511,16.511,0.3942377,4.674774
16512,16.512,0.3988016,4.739093
16513,16.513,0.38592717,4.691636
16514,16.514,0.37818635,4.6584644
16515,16.515,0.38849738,4.665318
16516,16.516,0.3761047,4.7096395
16517,16.517,0.37628,4.6879964
16518,16.518,0.3608958,4.6893315
16519,16.519,0.3737552,4.598335
16520,16.52,0.34629682,4.606677
16521,16.521,0.34169623,4.7019444
16522,16.522,0.34329942,4.733113
16523,16.523,0.33678362,4.7061753
16524,16.524,0.3341323,4.7520876
16525,16.525,0.33767143,4.7239113
16526,16.526,0.32794422,4.7756047
16527,16.527,0.33689326,4.685195
16528,16.528,0.3504436,4.7362404
16529,16.529,0.34123516,4.771268
16530,16.53,0.33413178,4.781166
16531,16.531,0.33477622,4.79092
16532,16.532,0.33126023,4.712825
16533,16.533,0.35972738,4.7279053
16534,16.534,0.35107288,4.713831
16535,16.535,0.3471242,4.7306595
16536,16.536,0.33664834,4.7372274
16537,16.537,0.33423486,4.7668376
16538,16.538,0.35183826,4.7907014
16539,16.539,0.3293078,4.785035
16540,16.54,0.3335374,4.681277
16541,16.541,0.33722404,4.722464
16542,16.542,0.32483837,4.713654
16543,16.543,0.33041275,4.709805
16544,16.544,0.3356151,4.757757
16545,16.545,0.3342269,4.715039
16546,16.546,0.3344017,4.710115
16547,16.547,0.34111387,4.6972194
16548,16.548,0.3488156,4.5535393
16549,16.549,0.37648243,4.6739845
16550,16.55,0.38697648,4.6748977
16551,16.551,0.3767037,4.6361237
16552,16.552,0.36883533,4.6561627
16553,16.553,0.36872876,4.677981
16554,16.554,0.388548,4.628797
16555,16.555,0.39109197,4.6806297
16556,16.556,0.39392722,4.70941
16557,16.557,0.39148092,4.7034707
16558,16.558,0.38734612,4.714106
16559,16.559,0.3772606,4.7009115
16560,16.56,0.35935554,4.6929045
16561,16.561,0.36054203,4.653647
16562,16.562,0.35758016,4.6357207
16563,16.563,0.35924906,4.6574736
16564,16.564,0.3452479,4.7356567
16565,16.565,0.34889495,4.751878
16566,16.566,0.3680607,4.783717
16567,16.567,0.35928044,4.741933
16568,16.568,0.34888867,4.7307906
16569,16.569,0.3441696,4.722118
16570,16.57,0.34019646,4.7253075
16571,16.571,0.3395705,4.7272453
16572,16.572,0.35011688,4.7000527
16573,16.573,0.37028608,4.7169223
16574,16.574,0.37252545,4.7547584
16575,16.575,0.37409002,4.7664747
16576,16.576,0.38690448,4.7434278
16577,16.577,0.3903867,4.7172503
16578,16.578,0.39554152,4.7549357
16579,16.579,0.40644643,4.7085814
16580,16.58,0.4157663,4.704244
16581,16.581,0.40514502,4.720328
16582,16.582,0.39130342,4.7265506
16583,16.583,0.3888057,4.7461934
16584,16.584,0.39562482,4.711956
16585,16.585,0.39943573,4.677561
16586,16.586,0.3858274,4.6953454
16587,16.587,0.36182463,4.7437096
16588,16.588,0.37343323,4.650377
16589,16.589,0.37970623,4.683017
16590,16.59,0.40051317,4.628869
16591,16.591,0.40794548,4.680607
16592,16.592,0.42329526,4.6159997
16593,16.593,0.41459343,4.6270194
16594,16.594,0.4170085,4.619166
16595,16.595,0.40833464,4.630805
16596,16.596,0.4068805,4.576906
16597,16.597,0.40516514,4.5573874
16598,16.598,0.41363472,4.584677
16599,16.599,0.4030463,4.6112876
16600,16.6,0.408652,4.6038747
16601,16.601,0.39492792,4.5923367
16602,16.602,0.40430486,4.6346307
16603,16.603,0.3883315,4.603101
16604,16.604,0.402731,4.630539
16605,16.605,0.39452803,4.576065
16606,16.606,0.38313955,4.5980935
16607,16.607,0.37238953,4.588349
16608,16.608,0.38739341,4.5398426
16609,16.609,0.38094056,4.562348
16610,16.61,0.38070774,4.538333
16611,16.611,0.40077153,4.576147
16612,16.612,0.39587808,4.588922
16613,16.613,0.38247174,4.5823145
16614,16.614,0.3920955,4.5767746
16615,16.615,0.3871724,4.5924425
16616,16.616,0.3796883,4.644282
16617,16.617,0.38430193,4.653078
16618,16.618,0.3690736,4.6571016
16619,16.619,0.36933035,4.6824865
16620,16.62,0.3771279,4.643713
16621,16.621,0.37261963,4.670878
16622,16.622,0.3598175,4.656659
16623,16.623,0.34691396,4.639446
16624,16.624,0.34942052,4.670565
16625,16.625,0.35360277,4.564578
16626,16.626,0.3549873,4.6099324
16627,16.627,0.34485778,4.5908046
16628,16.628,0.34591055,4.593418
16629,16.629,0.34800303,4.6240664
16630,16.63,0.3430665,4.6652827
16631,16.631,0.34415397,4.6673265
16632,16.632,0.34606776,4.724225
16633,16.633,0.33303,4.7397785
16634,16.634,0.32766864,4.767872
16635,16.635,0.32913753,4.7563643
16636,16.636,0.3150457,4.7919974
16637,16.637,0.31895956,4.792331
16638,16.638,0.32139695,4.798205
16639,16.639,0.32885346,4.725765
16640,16.64,0.32772824,4.7675653
16641,16.641,0.32261768,4.7978277
16642,16.642,0.32569006,4.8076663
16643,16.643,0.35307243,4.8086843
16644,16.644,0.3485056,4.748734
16645,16.645,0.3433678,4.7727
16646,16.646,0.3359024,4.8147635
16647,16.647,0.34064692,4.8122025
16648,16.648,0.34189934,4.7317696
16649,16.649,0.3537734,4.745983
16650,16.65,0.36798784,4.747915
16651,16.651,0.35433525,4.733016
16652,16.652,0.35659635,4.7049103
16653,16.653,0.36355385,4.776197
16654,16.654,0.35088006,4.7426887
16655,16.655,0.34256914,4.7571588
16656,16.656,0.3319045,4.7819095
16657,16.657,0.34986833,4.7820992
16658,16.658,0.35822016,4.6942525
16659,16.659,0.34805685,4.6735735
16660,16.66,0.35660705,4.6648607
16661,16.661,0.33807018,4.708785
16662,16.662,0.33665848,4.598933
16663,16.663,0.34586075,4.615676
16664,16.664,0.36432156,4.62336
16665,16.665,0.36965072,4.595678
16666,16.666,0.35686046,4.6477523
16667,16.667,0.34908623,4.656437
16668,16.668,0.3459473,4.697888
16669,16.669,0.32882655,4.768986
16670,16.67,0.35367253,4.758287
16671,16.671,0.3437759,4.76565
16672,16.672,0.34738964,4.788065
16673,16.673,0.344777,4.7712483
16674,16.674,0.32646236,4.789217
16675,16.675,0.32112905,4.7688417
16676,16.676,0.32404792,4.7618275
16677,16.677,0.32441851,4.7715955
16678,16.678,0.3292004,4.788603
16679,16.679,0.31331587,4.801581
16680,16.68,0.30984405,4.8014846
16681,16.681,0.31987607,4.776495
16682,16.682,0.3294347,4.753532
16683,16.683,0.33931407,4.780681
16684,16.684,0.34258786,4.6877427
16685,16.685,0.3303258,4.7459016
16686,16.686,0.34107235,4.755966
16687,16.687,0.3321764,4.7936287
16688,16.688,0.33224338,4.731935
16689,16.689,0.33802214,4.750906
16690,16.69,0.34840873,4.689331
16691,16.691,0.34727284,4.6698055
16692,16.692,0.33541405,4.70756
16693,16.693,0.33928052,4.726558
16694,16.694,0.3436676,4.713162
16695,16.695,0.33155534,4.739877
16696,16.696,0.33007464,4.7205215
16697,16.697,0.34226835,4.725813
16698,16.698,0.3283805,4.6715
16699,16.699,0.32649758,4.734922
16700,16.7,0.3280043,4.6542645
16701,16.701,0.31506297,4.652972
16702,16.702,0.31268212,4.6193714
16703,16.703,0.29719898,4.6853294
16704,16.704,0.28762448,4.699073
16705,16.705,0.3047647,4.7245483
16706,16.706,0.29453593,4.73362
16707,16.707,0.3071813,4.656109
16708,16.708,0.29412454,4.6809
16709,16.709,0.31189647,4.7221904
16710,16.71,0.30137002,4.678733
16711,16.711,0.2858947,4.695173
16712,16.712,0.29907656,4.6327505
16713,16.713,0.3191398,4.6073165
16714,16.714,0.3096931,4.62318
16715,16.715,0.30035743,4.59446
16716,16.716,0.2994273,4.670998
16717,16.717,0.29154465,4.647784
16718,16.718,0.3060484,4.6600637
16719,16.719,0.3083678,4.149444
16720,16.72,0.3071875,4.6049495
16721,16.721,0.30638435,4.286143
16722,16.722,0.31886604,4.1796837
16723,16.723,0.3252795,4.1130877
16724,16.724,0.33333373,4.081787
16725,16.725,0.34518597,4.060547
16726,16.726,0.34485894,4.1179857
16727,16.727,0.33644277,4.1266284
16728,16.728,0.33371532,4.045924
16729,16.729,0.3411808,4.0140443
16730,16.73,0.33819684,4.042477
16731,16.731,0.35162497,4.1211743
16732,16.732,0.3443845,4.1826878
16733,16.733,0.35936615,4.161853
16734,16.734,0.36001903,4.162892
16735,16.735,0.35786694,4.3348794
16736,16.736,0.3323027,4.308871
16737,16.737,0.3353234,4.270886
16738,16.738,0.32019717,4.699096
16739,16.739,0.33749577,4.6793604
16740,16.74,0.33471146,4.6633325
16741,16.741,0.32427225,4.6822705
16742,16.742,0.32047358,4.6456604
16743,16.743,0.29230592,4.61518
16744,16.744,0.29407874,4.6898327
16745,16.745,0.30084926,4.6661906
16746,16.746,0.31635875,4.6776705
16747,16.747,0.32112366,4.640751
16748,16.748,0.30744857,4.6054387
16749,16.749,0.297861,4.6106696
16750,16.75,0.29222918,4.5810914
16751,16.751,0.28597435,4.6160154
16752,16.752,0.29950064,4.5849934
16753,16.753,0.2934011,4.657938
16754,16.754,0.30532083,4.664859
16755,16.755,0.3084986,4.714107
16756,16.756,0.3287956,4.702642
16757,16.757,0.33598483,4.7228265
16758,16.758,0.3263632,4.704169
16759,16.759,0.32406166,4.690585
16760,16.76,0.32636374,4.709497
16761,16.761,0.31856284,4.7418437
16762,16.762,0.32465753,4.657816
16763,16.763,0.32729024,4.711503
16764,16.764,0.32272246,4.708425
16765,16.765,0.3192622,4.711849
16766,16.766,0.32675737,4.697865
16767,16.767,0.3187665,4.735351
16768,16.768,0.31132275,4.727944
16769,16.769,0.3039751,4.6877675
16770,16.77,0.31630906,4.6896205
16771,16.771,0.3200298,4.6432834
16772,16.772,0.31557766,4.6529264
16773,16.773,0.31583872,4.615335
16774,16.774,0.3479886,4.669146
16775,16.775,0.33149448,4.5863733
16776,16.776,0.34035105,4.6077447
16777,16.777,0.35321778,4.6307173
16778,16.778,0.3314755,4.6059937
16779,16.779,0.35012332,4.6227574
16780,16.78,0.34193197,4.705509
16781,16.781,0.3495282,4.676062
16782,16.782,0.3457598,4.680097
16783,16.783,0.37172338,4.6535945
16784,16.784,0.35768035,4.7135925
16785,16.785,0.3554208,4.735048
16786,16.786,0.33923757,4.6973796
16787,16.787,0.34486717,4.7195277
16788,16.788,0.36834562,4.6920185
16789,16.789,0.37359294,4.6716413
16790,16.79,0.37865263,4.719292
16791,16.791,0.39053178,4.763446
16792,16.792,0.38481623,4.757016
16793,16.793,0.3920252,4.717378
16794,16.794,0.39436844,4.700486
16795,16.795,0.395928,4.67177
16796,16.796,0.39112112,4.6812706
16797,16.797,0.39352557,4.7078085
16798,16.798,0.37429327,4.6953883
16799,16.799,0.36774933,4.7138643
16800,16.8,0.37271732,4.693157
16801,16.801,0.3677369,4.656003
16802,16.802,0.37778297,4.703865
16803,16.803,0.3678372,4.646627
16804,16.804,0.3604814,4.663868
16805,16.805,0.34598055,4.6957827
16806,16.806,0.35414046,4.7088594
16807,16.807,0.3565385,4.678085
16808,16.808,0.34953612,4.7158995
16809,16.809,0.35014278,4.7027993
16810,16.81,0.3512806,4.656961
16811,16.811,0.36046377,4.663697
16812,16.812,0.3675187,5.1053777
16813,16.813,0.35687587,4.6214232
16814,16.814,0.37456277,4.6234355
16815,16.815,0.37777287,4.605019
16816,16.816,0.3778252,4.612701
16817,16.817,0.38177457,4.975337
16818,16.818,0.3690938,4.648156
16819,16.819,0.3774254,4.660245
16820,16.82,0.37364724,4.964971
16821,16.821,0.37861142,5.097447
16822,16.822,0.3714347,5.1371074
16823,16.823,0.3576183,5.0825467
16824,16.824,0.37902826,4.707582
16825,16.825,0.33600667,4.6962843
16826,16.826,0.35997006,4.718645
16827,16.827,0.3637557,4.699891
16828,16.828,0.345474,4.689547
16829,16.829,0.35670543,4.6887345
16830,16.83,0.36461303,4.6517787
16831,16.831,0.35958531,4.657371
16832,16.832,0.35506415,4.66592
16833,16.833,0.35816592,4.662745
16834,16.834,0.35499886,4.6970563
16835,16.835,0.35619676,4.701204
16836,16.836,0.35738662,4.707918
16837,16.837,0.35597244,4.680075
16838,16.838,0.348108,4.678038
16839,16.839,0.36395395,4.6577697
16840,16.84,0.3650655,4.614981
16841,16.841,0.37840912,4.60229
16842,16.842,0.3736859,4.612573
16843,16.843,0.36903664,4.5985923
16844,16.844,0.3772589,4.674106
16845,16.845,0.38395283,4.602294
16846,16.846,0.3879549,4.652528
16847,16.847,0.39146304,4.6623
16848,16.848,0.39547184,4.6515455
16849,16.849,0.37710705,4.7255006
16850,16.85,0.38540667,4.7289424
16851,16.851,0.38879976,4.6886168
16852,16.852,0.3952186,4.683205
16853,16.853,0.4057788,4.65149
16854,16.854,0.41013145,4.664567
16855,16.855,0.4146715,4.632236
16856,16.856,0.40788853,4.6504345
16857,16.857,0.3987155,4.6297965
16858,16.858,0.39711583,4.6884637
16859,16.859,0.39203596,4.6808157
16860,16.86,0.3913325,4.6889157
16861,16.861,0.40046382,4.674044
16862,16.862,0.4110439,4.65693
16863,16.863,0.42421526,4.6653166
16864,16.864,0.41099527,4.6984982
16865,16.865,0.3945746,4.7286215
16866,16.866,0.4078208,4.701974
16867,16.867,0.4226061,4.693631
16868,16.868,0.40381438,4.693381
16869,16.869,0.39829618,4.7088757
16870,16.87,0.39733452,4.7307963
16871,16.871,0.3882828,4.7287703
16872,16.872,0.3948985,4.6924353
16873,16.873,0.40072566,4.694742
16874,16.874,0.40474066,4.709091
16875,16.875,0.4011995,4.7440267
16876,16.876,0.4053641,4.729768
16877,16.877,0.4059729,4.701527
16878,16.878,0.43434465,4.685236
16879,16.879,0.41504377,4.677086
16880,16.88,0.40723193,4.629789
16881,16.881,0.39048827,4.645387
16882,16.882,0.40559003,4.659671
16883,16.883,0.40459242,4.6611176
16884,16.884,0.4108318,4.6099267
16885,16.885,0.4081789,4.58788
16886,16.886,0.40756604,4.6103754
16887,16.887,0.40159374,4.6415544
16888,16.888,0.4167139,4.5947337
16889,16.889,0.41307235,4.64882
16890,16.89,0.41121557,4.591637
16891,16.891,0.42768452,4.637856
16892,16.892,0.40090173,4.5845532
16893,16.893,0.40836564,4.580897
16894,16.894,0.4154701,4.590403
16895,16.895,0.4101014,4.6010404
16896,16.896,0.40662542,4.6057224
16897,16.897,0.409619,4.5052342
16898,16.898,0.38683233,4.5849895
16899,16.899,0.39121005,4.6108894
16900,16.9,0.39663944,4.6703796
16901,16.901,0.38103554,4.582768
16902,16.902,0.39035785,4.572015
16903,16.903,0.39631525,4.585485
16904,16.904,0.40030718,4.630365
16905,16.905,0.3995441,4.626685
16906,16.906,0.41678792,4.619116
16907,16.907,0.41106895,4.614196
16908,16.908,0.3944536,4.5897584
16909,16.909,0.3868353,4.6598067
16910,16.91,0.40459612,4.65358
16911,16.911,0.40270144,4.6364174
16912,16.912,0.40372333,4.592539
16913,16.913,0.4049491,4.6170874
16914,16.914,0.38860568,4.6708946
16915,16.915,0.40087712,4.6545815
16916,16.916,0.38345683,4.614911
16917,16.917,0.40551278,4.5932055
16918,16.918,0.41561335,4.5635924
16919,16.919,0.4146382,4.6176267
16920,16.92,0.39870706,4.659273
16921,16.921,0.41038758,4.6993794
16922,16.922,0.3934038,4.667883
16923,16.923,0.40025043,4.6630373
16924,16.924,0.40208998,4.722539
16925,16.925,0.41553172,4.6831136
16926,16.926,0.42110708,4.651258
16927,16.927,0.44014767,4.657001
16928,16.928,0.4474114,4.6210794
16929,16.929,0.44583592,4.6174254
16930,16.93,0.4518791,4.6594806
16931,16.931,0.443037,4.585277
16932,16.932,0.43254608,4.6364207
16933,16.933,0.44578755,4.571796
16934,16.934,0.44045144,4.560816
16935,16.935,0.4445159,4.6076584
16936,16.936,0.42678148,4.605081
16937,16.937,0.44487306,4.613696
16938,16.938,0.44154724,4.6535425
16939,16.939,0.4389986,4.598407
16940,16.94,0.42812863,4.654321
16941,16.941,0.43516174,4.6212573
16942,16.942,0.44671556,4.6045475
16943,16.943,0.46220312,4.5933843
16944,16.944,0.4528832,4.639123
16945,16.945,0.43589202,4.6226964
16946,16.946,0.4461345,4.6272817
16947,16.947,0.43343082,4.6147647
16948,16.948,0.45102042,4.603036
16949,16.949,0.44956613,4.6223683
16950,16.95,0.43889406,4.6360927
16951,16.951,0.4444164,4.6062465
16952,16.952,0.43072388,4.641313
16953,16.953,0.40778464,4.6874037
16954,16.954,0.39974397,4.6552896
16955,16.955,0.4070847,4.619367
16956,16.956,0.41404435,4.647971
16957,16.957,0.41064873,4.6523194
16958,16.958,0.4190315,4.628168
16959,16.959,0.4308539,4.620343
16960,16.96,0.4331148,4.5941033
16961,16.961,0.4281139,4.6303096
16962,16.962,0.4239368,4.65104
16963,16.963,0.4206815,4.637797
16964,16.964,0.42493755,4.6355615
16965,16.965,0.42352214,4.656483
16966,16.966,0.43599543,4.6799755
16967,16.967,0.4199805,4.669742
16968,16.968,0.4212277,4.6449966
16969,16.969,0.41908583,4.621473
16970,16.97,0.4126179,4.6685967
16971,16.971,0.43496752,4.596611
16972,16.972,0.42231098,4.623363
16973,16.973,0.4204091,4.68242
16974,16.974,0.4065104,4.6676345
16975,16.975,0.39330828,4.697222
16976,16.976,0.39954323,4.75357
16977,16.977,0.39190397,4.7402015
16978,16.978,0.40136197,4.706722
16979,16.979,0.40908346,4.6720243
16980,16.98,0.42372653,4.663117
16981,16.981,0.40779385,4.665974
16982,16.982,0.42631182,4.646601
16983,16.983,0.43087494,4.6308184
16984,16.984,0.42125583,4.6356626
16985,16.985,0.4135735,4.6719337
16986,16.986,0.41395178,4.6028185
16987,16.987,0.39252144,4.606431
16988,16.988,0.40642068,4.615576
16989,16.989,0.40723506,4.6267157
16990,16.99,0.408327,4.6131654
16991,16.991,0.4019623,4.6388645
16992,16.992,0.41793862,4.6720114
16993,16.993,0.4006022,4.6507854
16994,16.994,0.40178108,4.640338
16995,16.995,0.4227669,4.6195617
16996,16.996,0.39808688,4.656912
16997,16.997,0.38854173,4.6231084
16998,16.998,0.3982763,4.599104
16999,16.999,0.38834175,4.644191
17000,17.0,0.38092902,4.632024
17001,17.001,0.38699442,4.627941
17002,17.002,0.38226342,4.639199
17003,17.003,0.3985064,4.5758967
17004,17.004,0.39488298,4.616423
17005,17.005,0.4104163,4.7003155
17006,17.006,0.4114758,4.6223297
17007,17.007,0.42314953,4.604622
17008,17.008,0.40178555,4.6898847
17009,17.009,0.39298514,4.678122
17010,17.01,0.40413514,4.6481166
17011,17.011,0.4041523,4.636732
17012,17.012,0.40063336,4.6424685
17013,17.013,0.4332397,4.6293063
17014,17.014,0.42850012,4.6164618
17015,17.015,0.42934462,4.63319
17016,17.016,0.43122238,4.621998
17017,17.017,0.43974882,4.574989
17018,17.018,0.4385373,4.6528816
17019,17.019,0.44049093,4.6669593
17020,17.02,0.43582773,4.679586
17021,17.021,0.4155519,4.59977
17022,17.022,0.41348153,4.629467
17023,17.023,0.4053045,4.6270947
17024,17.024,0.4233567,4.645551
17025,17.025,0.4231196,4.6022425
17026,17.026,0.42911273,4.6329365
17027,17.027,0.42554826,4.638484
17028,17.028,0.4226281,4.6228905
17029,17.029,0.42036623,4.6299257
17030,17.03,0.41415238,4.659853
17031,17.031,0.4077342,4.6292157
17032,17.032,0.41636962,4.6440897
17033,17.033,0.40555838,4.6424375
17034,17.034,0.42204964,4.625251
17035,17.035,0.4434162,4.6428065
17036,17.036,0.40865242,4.653454
17037,17.037,0.42914775,4.6717744
17038,17.038,0.4192054,4.656664
17039,17.039,0.42060676,4.6308665
17040,17.04,0.4119576,4.6805925
17041,17.041,0.39353982,4.657803
17042,17.042,0.3922756,4.664548
17043,17.043,0.39356464,4.6839323
17044,17.044,0.3865307,4.654951
17045,17.045,0.38289642,4.6350913
17046,17.046,0.39538237,4.636172
17047,17.047,0.38906324,4.706242
17048,17.048,0.39758027,4.6636763
17049,17.049,0.37615988,4.6679406
17050,17.05,0.38647878,4.7066693
17051,17.051,0.39526057,4.6665783
17052,17.052,0.3845688,4.6627812
17053,17.053,0.3692826,4.689927
17054,17.054,0.37544888,4.731747
17055,17.055,0.37668824,4.676843
17056,17.056,0.38849872,4.614579
17057,17.057,0.37894285,4.6440125
17058,17.058,0.39450663,4.648792
17059,17.059,0.376658,4.684858
17060,17.06,0.3812272,4.6208444
17061,17.061,0.35719216,4.6547995
17062,17.062,0.36628678,4.636911
17063,17.063,0.36828583,4.6234403
17064,17.064,0.36733982,4.6370664
17065,17.065,0.38519382,4.6591516
17066,17.066,0.38341475,4.6648993
17067,17.067,0.3798458,4.6314063
17068,17.068,0.36940983,4.60635
17069,17.069,0.37697014,4.6459312
17070,17.07,0.38521212,4.6722345
17071,17.071,0.39798814,4.656723
17072,17.072,0.38945106,4.6763425
17073,17.073,0.3870035,4.6565447
17074,17.074,0.394499,4.665137
17075,17.075,0.4005963,4.6575875
17076,17.076,0.3800568,4.6473956
17077,17.077,0.3724803,4.7047896
17078,17.078,0.39937958,4.671213
17079,17.079,0.39710838,4.622048
17080,17.08,0.38281325,4.6791825
17081,17.081,0.37530598,4.6898737
17082,17.082,0.3943827,4.6701436
17083,17.083,0.39120445,4.589566
17084,17.084,0.4030869,4.9199643
17085,17.085,0.4134329,4.741876
17086,17.086,0.4049124,4.714129
17087,17.087,0.3947597,4.7972007
17088,17.088,0.3949348,4.7482553
17089,17.089,0.39898127,4.7644906
17090,17.09,0.3911536,4.9508553
17091,17.091,0.38641793,4.8643756
17092,17.092,0.39715993,4.8158045
17093,17.093,0.39253777,4.808906
17094,17.094,0.39204642,4.796568
17095,17.095,0.3896082,4.8117976
17096,17.096,0.39196223,4.7917953
17097,17.097,0.3947285,4.8193
17098,17.098,0.41084927,4.8026814
17099,17.099,0.41150263,4.7960324
17100,17.1,0.40304676,4.825097
17101,17.101,0.40480208,4.721178
17102,17.102,0.39403975,4.752424
17103,17.103,0.41235068,4.7850094
17104,17.104,0.40354493,4.8014913
17105,17.105,0.4045434,4.806897
17106,17.106,0.41279465,4.774721
17107,17.107,0.41169247,4.7819347
17108,17.108,0.42518628,4.7671757
17109,17.109,0.4197064,4.802272
17110,17.11,0.42898652,4.738836
17111,17.111,0.418282,4.76381
17112,17.112,0.41834128,4.7609267
17113,17.113,0.43119636,4.7761226
17114,17.114,0.43916696,4.795383
17115,17.115,0.44108665,4.7855625
17116,17.116,0.45496407,4.7777576
17117,17.117,0.43762192,4.800115
17118,17.118,0.43512362,4.708436
17119,17.119,0.44512504,4.7513137
17120,17.12,0.44093907,4.7043266
17121,17.121,0.4313111,4.7195706
17122,17.122,0.4321786,4.715811
17123,17.123,0.4291219,4.6816053
17124,17.124,0.42730677,4.744549
17125,17.125,0.431373,4.7122893
17126,17.126,0.42661473,4.730032
17127,17.127,0.43536437,4.678474
17128,17.128,0.42246124,4.7087326
17129,17.129,0.4160412,4.7420797
17130,17.13,0.4182459,4.6517396
17131,17.131,0.42317918,4.662917
17132,17.132,0.42246562,4.6385717
17133,17.133,0.40369344,4.666299
17134,17.134,0.42178196,4.126871
17135,17.135,0.40795597,4.1865315
17136,17.136,0.41780445,4.2800403
17137,17.137,0.41292006,4.361505
17138,17.138,0.4114373,4.416155
17139,17.139,0.39003092,4.643112
17140,17.14,0.38996333,4.546214
17141,17.141,0.39340836,4.3709087
17142,17.142,0.38747755,4.250059
17143,17.143,0.3893635,4.278512
17144,17.144,0.38828802,4.212356
17145,17.145,0.39362648,4.2387905
17146,17.146,0.37999868,4.286349
17147,17.147,0.39063388,4.303232
17148,17.148,0.3822459,4.3112154
17149,17.149,0.3728195,4.238881
17150,17.15,0.36370707,4.378866
17151,17.151,0.36833403,4.6305313
17152,17.152,0.36946413,4.3996716
17153,17.153,0.36844367,4.331178
17154,17.154,0.3939438,4.6814995
17155,17.155,0.41391578,4.662077
17156,17.156,0.41550806,4.66723
17157,17.157,0.4176914,4.6256495
17158,17.158,0.41876796,4.2337756
17159,17.159,0.40745538,4.6462274
17160,17.16,0.4058748,4.671645
17161,17.161,0.3974542,4.671293
17162,17.162,0.39228857,4.6642594
17163,17.163,0.39757648,4.692505
17164,17.164,0.39790925,4.6607094
17165,17.165,0.41308045,4.6881676
17166,17.166,0.412525,4.632417
17167,17.167,0.4000115,4.606417
17168,17.168,0.41287273,4.6195316
17169,17.169,0.41293436,8.218618
17170,17.17,0.41651422,8.239397
17171,17.171,0.41542336,4.632856
17172,17.172,0.42040965,4.5925717
17173,17.173,0.39950445,4.6486597
17174,17.174,0.40606642,4.595362
17175,17.175,0.40311673,4.575813
17176,17.176,0.41313556,4.540154
17177,17.177,0.39260828,4.6004214
17178,17.178,0.389817,4.5750885
17179,17.179,0.38991144,4.5814986
17180,17.18,0.4044487,4.5813704
17181,17.181,0.40157288,4.6277633
17182,17.182,0.39882827,4.56444
17183,17.183,0.41005436,4.585455
17184,17.184,0.3952107,4.614019
17185,17.185,0.3876784,4.61038
17186,17.186,0.4014505,4.632722
17187,17.187,0.3981715,4.694952
17188,17.188,0.41218132,4.595176
17189,17.189,0.4217299,4.533167
17190,17.19,0.42283347,4.5906186
17191,17.191,0.4228835,4.5207562
17192,17.192,0.42741737,4.5608006
17193,17.193,0.4339286,4.601038
17194,17.194,0.42300624,4.6115108
17195,17.195,0.4143427,4.626644
17196,17.196,0.42881712,4.6166134
17197,17.197,0.4243189,4.5953293
17198,17.198,0.42377084,4.647949
17199,17.199,0.40960857,4.658042
17200,17.2,0.40817606,4.6426644
17201,17.201,0.40967008,4.6195827
17202,17.202,0.40404946,4.5998507
17203,17.203,0.39951488,4.5772896
17204,17.204,0.3934348,4.5912657
17205,17.205,0.4027046,4.606589
17206,17.206,0.40199134,4.6904454
17207,17.207,0.4026931,4.638059
17208,17.208,0.40537295,4.6089597
17209,17.209,0.3854908,4.65269
17210,17.21,0.39284408,4.63827
17211,17.211,0.38101307,4.6350036
17212,17.212,0.3932298,4.6033893
17213,17.213,0.3920809,4.622936
17214,17.214,0.3999758,4.626579
17215,17.215,0.39599016,4.656921
17216,17.216,0.394824,4.7211013
17217,17.217,0.39625412,4.679771
17218,17.218,0.38840127,4.6587324
17219,17.219,0.40581042,4.7145953
17220,17.22,0.38704488,4.6963773
17221,17.221,0.41333434,4.670105
17222,17.222,0.40841475,4.6440744
17223,17.223,0.39565068,4.692521
17224,17.224,0.38903692,4.7180915
17225,17.225,0.37419844,4.6992445
17226,17.226,0.37874147,4.7250295
17227,17.227,0.36444244,4.7515306
17228,17.228,0.3806584,4.767165
17229,17.229,0.3711263,4.7756586
17230,17.23,0.37360948,4.7973413
17231,17.231,0.37258768,4.773266
17232,17.232,0.37557185,4.7656746
17233,17.233,0.38219464,4.786938
17234,17.234,0.38527992,4.7726655
17235,17.235,0.38025856,4.76068
17236,17.236,0.3880149,4.7612386
17237,17.237,0.38046932,4.7224913
17238,17.238,0.3780448,4.7992635
17239,17.239,0.39564294,4.736928
17240,17.24,0.39546672,4.7521725
17241,17.241,0.40250963,4.776223
17242,17.242,0.40059814,4.794346
17243,17.243,0.40148276,4.789753
17244,17.244,0.37374112,4.778136
17245,17.245,0.38890645,4.7597055
17246,17.246,0.38892993,4.710696
17247,17.247,0.3851788,4.6662397
17248,17.248,0.38530362,4.673089
17249,17.249,0.3920209,4.7144194
17250,17.25,0.3970918,4.7236705
17251,17.251,0.39794022,4.6771207
17252,17.252,0.3996303,4.733966
17253,17.253,0.3764973,4.764276
17254,17.254,0.36661693,4.733153
17255,17.255,0.38004994,4.7670245
17256,17.256,0.377872,4.741837
17257,17.257,0.37852564,4.790538
17258,17.258,0.37321046,4.772504
17259,17.259,0.36562583,4.8010254
17260,17.26,0.34798712,4.7545795
17261,17.261,0.34235564,4.824163
17262,17.262,0.3418691,4.8161426
17263,17.263,0.35095054,4.8220024
17264,17.264,0.34892792,4.7492785
17265,17.265,0.35203764,4.7417674
17266,17.266,0.34412426,4.79028
17267,17.267,0.34428662,4.7265377
17268,17.268,0.34301326,4.740097
17269,17.269,0.35390568,4.7687263
17270,17.27,0.35376486,4.81886
17271,17.271,0.34942946,4.748929
17272,17.272,0.35650542,4.7321577
17273,17.273,0.3615587,4.716405
17274,17.274,0.33824897,4.730096
17275,17.275,0.35018158,4.7095904
17276,17.276,0.35266867,4.7132716
17277,17.277,0.35524365,4.7209797
17278,17.278,0.35797322,4.6984644
17279,17.279,0.34871334,4.6935754
17280,17.28,0.35076916,4.702198
17281,17.281,0.35388836,4.7130804
17282,17.282,0.35850918,4.720738
17283,17.283,0.3578106,4.778201
17284,17.284,0.35882744,4.7822714
17285,17.285,0.36441228,4.734371
17286,17.286,0.35779652,4.745556
17287,17.287,0.37105078,4.7439103
17288,17.288,0.3658733,4.7385206
17289,17.289,0.3842225,4.7408667
17290,17.29,0.3708585,4.7051163
17291,17.291,0.39098144,4.7242618
17292,17.292,0.37854913,4.6899166
17293,17.293,0.37081814,4.626861
17294,17.294,0.37784046,4.645166
17295,17.295,0.3708114,4.6708593
17296,17.296,0.36215305,4.6880164
17297,17.297,0.36418256,4.691553
17298,17.298,0.34593663,4.666267
17299,17.299,0.34841436,4.6943145
17300,17.3,0.3623906,4.6878643
17301,17.301,0.36188436,4.6538296
17302,17.302,0.3492132,4.6548223
17303,17.303,0.35094792,4.6796002
17304,17.304,0.34527352,4.67124
17305,17.305,0.34291047,4.687915
17306,17.306,0.3586083,4.6096954
17307,17.307,0.36207038,4.6695676
17308,17.308,0.36078063,4.699693
17309,17.309,0.3667449,4.664444
17310,17.31,0.380853,4.6239886
17311,17.311,0.36431012,4.7200704
17312,17.312,0.36306417,4.69406
17313,17.313,0.34866923,4.674158
17314,17.314,0.34402463,4.685943
17315,17.315,0.32915208,4.6689105
17316,17.316,0.33134887,4.72485
17317,17.317,0.3323653,4.740139
17318,17.318,0.3348161,4.7445736
17319,17.319,0.34238046,4.8187814
17320,17.32,0.34659743,4.8191333
17321,17.321,0.33809566,4.762657
17322,17.322,0.333085,4.7645793
17323,17.323,0.34331778,4.7507973
17324,17.324,0.33707848,4.7568564
17325,17.325,0.3441392,4.776583
17326,17.326,0.35847032,4.75161
17327,17.327,0.36925396,4.9999475
17328,17.328,0.37728402,4.687814
17329,17.329,0.36007136,4.720367
17330,17.33,0.37516272,4.6662316
17331,17.331,0.39508054,4.7100644
17332,17.332,0.3863786,4.7201667
17333,17.333,0.38209358,4.6699705
17334,17.334,0.37843505,4.6554513
17335,17.335,0.38246053,4.7149205
17336,17.336,0.38867646,4.6562166
17337,17.337,0.39121863,4.706232
17338,17.338,0.3889332,4.6775074
17339,17.339,0.40084738,4.6580267
17340,17.34,0.40404105,4.634942
17341,17.341,0.39599282,4.6339097
17342,17.342,0.40500376,4.6583776
17343,17.343,0.4061346,4.66809
17344,17.344,0.40823865,4.67383
17345,17.345,0.42141044,4.686475
17346,17.346,0.423198,4.676132
17347,17.347,0.40022212,4.656068
17348,17.348,0.41707906,4.697293
17349,17.349,0.41906404,4.6780386
17350,17.35,0.40417492,4.6592693
17351,17.351,0.40181157,4.6641326
17352,17.352,0.40081957,4.671199
17353,17.353,0.4055577,4.658843
17354,17.354,0.41382834,4.62101
17355,17.355,0.40938133,4.6439204
17356,17.356,0.41731554,4.622644
17357,17.357,0.40860364,4.621202
17358,17.358,0.39959544,4.6292033
17359,17.359,0.41451663,4.664945
17360,17.36,0.4133985,4.686833
17361,17.361,0.4058053,4.7050343
17362,17.362,0.41197556,4.6779847
17363,17.363,0.41097572,4.6642666
17364,17.364,0.4262599,4.639249
17365,17.365,0.42726076,4.707211
17366,17.366,0.4166595,4.683144
17367,17.367,0.42464244,4.7093806
17368,17.368,0.41222003,4.6966767
17369,17.369,0.41395906,4.7018933
17370,17.37,0.42780232,4.6666617
17371,17.371,0.42346793,4.7124424
17372,17.372,0.39569756,4.701365
17373,17.373,0.40243956,4.708621
17374,17.374,0.39029402,4.6500597
17375,17.375,0.39575863,4.6566415
17376,17.376,0.40148118,4.617783
17377,17.377,0.42248353,4.638918
17378,17.378,0.42804343,4.705623
17379,17.379,0.41697344,4.7034235
17380,17.38,0.42219135,4.7310615
17381,17.381,0.41933802,4.7288384
17382,17.382,0.41834193,4.7042027
17383,17.383,0.40712205,4.7708106
17384,17.384,0.40394917,4.7207375
17385,17.385,0.39764422,4.6821656
17386,17.386,0.3908377,4.7083764
17387,17.387,0.40002552,4.7270975
17388,17.388,0.41514805,4.7217255
17389,17.389,0.41434088,4.7003603
17390,17.39,0.4069988,4.6907177
17391,17.391,0.4076256,4.730646
17392,17.392,0.4104263,4.7078257
17393,17.393,0.41816768,4.6943808
17394,17.394,0.41675186,4.6451054
17395,17.395,0.40957823,4.689498
17396,17.396,0.42410868,4.668522
17397,17.397,0.42317316,4.6879106
17398,17.398,0.41651994,4.6331005
17399,17.399,0.4406422,4.619594
17400,17.4,0.42883128,4.61435
17401,17.401,0.42501563,4.6161947
17402,17.402,0.42560324,4.6043744
17403,17.403,0.42841864,4.6543684
17404,17.404,0.4214583,4.634009
17405,17.405,0.4216305,4.631271
17406,17.406,0.4118633,4.6347895
17407,17.407,0.4009728,4.617097
17408,17.408,0.4154506,4.6233044
17409,17.409,0.42678148,7.19648
17410,17.41,0.39543295,4.620628
17411,17.411,0.40383086,7.1173077
17412,17.412,0.40888813,7.0921426
17413,17.413,0.4159987,7.0446916
17414,17.414,0.4225101,7.0901995
17415,17.415,0.43518007,7.1399326
17416,17.416,0.42555505,4.600308
17417,17.417,0.4295341,4.643433
17418,17.418,0.41952142,4.6269712
17419,17.419,0.4070002,4.650783
17420,17.42,0.4073941,7.12469
17421,17.421,0.401331,7.1097975
17422,17.422,0.40039134,4.634546
17423,17.423,0.41165486,4.626418
17424,17.424,0.42188707,4.6158886
17425,17.425,0.41892457,4.6408377
17426,17.426,0.4003502,4.64895
17427,17.427,0.39615536,4.6567416
17428,17.428,0.39267117,4.614335
17429,17.429,0.39251673,4.5909305
17430,17.43,0.4036834,4.6427526
17431,17.431,0.40872794,4.688683
17432,17.432,0.40143698,4.6455693
17433,17.433,0.39330474,4.6283917
17434,17.434,0.40578791,4.6246367
17435,17.435,0.42135257,4.592874
17436,17.436,0.4276656,4.6306233
17437,17.437,0.41693228,4.6460476
17438,17.438,0.41084376,4.6236496
17439,17.439,0.41950804,4.644094
17440,17.44,0.41301495,4.6278315
17441,17.441,0.41222253,4.634533
17442,17.442,0.42000142,4.640323
17443,17.443,0.41087642,4.634567
17444,17.444,0.42376825,4.6702785
17445,17.445,0.4166294,4.6544466
17446,17.446,0.44417498,4.605408
17447,17.447,0.44779965,4.650543
17448,17.448,0.4472898,4.5514297
17449,17.449,0.45063722,4.5745254
17450,17.45,0.4438834,4.538629
17451,17.451,0.4314735,4.5739613
17452,17.452,0.43651626,4.5466337
17453,17.453,0.43152276,4.5670056
17454,17.454,0.43223262,4.5548
17455,17.455,0.43138105,4.5743237
17456,17.456,0.43328974,4.579573
17457,17.457,0.4293395,7.164765
17458,17.458,0.43447196,7.183688
17459,17.459,0.4355652,7.1074224
17460,17.46,0.41865933,4.6088824
17461,17.461,0.41021895,4.606676
17462,17.462,0.424001,4.596476
17463,17.463,0.4317535,4.6151733
17464,17.464,0.42581424,4.686121
17465,17.465,0.44720528,4.6760287
17466,17.466,0.4515573,4.720827
17467,17.467,0.4404976,4.6929164
17468,17.468,0.45289534,4.670599
17469,17.469,0.4454886,4.7022853
17470,17.47,0.43268782,4.7068467
17471,17.471,0.43052483,4.716181
17472,17.472,0.43580994,4.7240634
17473,17.473,0.43141964,4.718602
17474,17.474,0.4234737,4.6778665
17475,17.475,0.42254895,4.726669
17476,17.476,0.42367986,4.735117
17477,17.477,0.4232248,4.77924
17478,17.478,0.41954553,4.714007
17479,17.479,0.41843632,4.7021365
17480,17.48,0.4269885,4.7226996
17481,17.481,0.4174968,4.6764073
17482,17.482,0.42987671,4.6554403
17483,17.483,0.42776152,4.673215
17484,17.484,0.4191821,4.679026
17485,17.485,0.42040995,4.6708226
17486,17.486,0.42989057,4.6700516
17487,17.487,0.44052202,4.6295156
17488,17.488,0.4402174,4.607775
17489,17.489,0.44050878,4.618235
17490,17.49,0.438473,4.611467
17491,17.491,0.4479135,4.6403418
17492,17.492,0.44131064,4.6022854
17493,17.493,0.4442598,4.6343665
17494,17.494,0.44343197,4.5992703
17495,17.495,0.43037605,4.616304
17496,17.496,0.4334847,4.6249814
17497,17.497,0.43809873,4.631465
17498,17.498,0.44937724,4.636486
17499,17.499,0.45332867,4.622962
17500,17.5,0.44232753,4.688998
17501,17.501,0.46081397,4.663621
17502,17.502,0.44231966,4.702454
17503,17.503,0.42850986,4.6564474
17504,17.504,0.43941116,4.687821
17505,17.505,0.445027,4.6726637
17506,17.506,0.4470305,4.698025
17507,17.507,0.4547056,4.6896
17508,17.508,0.47050098,4.7031684
17509,17.509,0.4813383,4.6394863
17510,17.51,0.47698995,4.6853585
17511,17.511,0.4823458,4.6925874
17512,17.512,0.4815832,4.6048765
17513,17.513,0.47152424,4.6750903
17514,17.514,0.47703987,4.725095
17515,17.515,0.48396972,4.688242
17516,17.516,0.46589026,4.6933045
17517,17.517,0.47089574,4.638559
17518,17.518,0.48020837,4.6844897
17519,17.519,0.47308356,4.7298656
17520,17.52,0.4639469,4.690603
17521,17.521,0.4645578,4.6924014
17522,17.522,0.46069404,4.75079
17523,17.523,0.44945234,4.7931056
17524,17.524,0.46258697,4.758063
17525,17.525,0.45799845,4.8048224
17526,17.526,0.44674712,4.768759
17527,17.527,0.431588,4.798613
17528,17.528,0.45290133,4.7594967
17529,17.529,0.4448151,4.7076364
17530,17.53,0.4470358,4.713868
17531,17.531,0.4216807,4.672709
17532,17.532,0.40755427,4.6655025
17533,17.533,0.41607174,4.677218
17534,17.534,0.44050983,4.7315793
17535,17.535,0.42561668,4.7166376
17536,17.536,0.39838034,4.7300463
17537,17.537,0.41886017,4.7598505
17538,17.538,0.42596665,4.7604957
17539,17.539,0.42500013,4.849475
17540,17.54,0.4225429,4.786851
17541,17.541,0.42544228,4.7739763
17542,17.542,0.44645256,4.7546363
17543,17.543,0.4474823,4.747788
17544,17.544,0.43227017,4.7496953
17545,17.545,0.4334979,4.7022915
17546,17.546,0.455311,4.718717
17547,17.547,0.434728,4.6812706
17548,17.548,0.4512572,4.6935124
17549,17.549,0.4339045,4.6717577
17550,17.55,0.44112176,4.7117834
17551,17.551,0.432829,4.6968236
17552,17.552,0.42291328,4.827217
17553,17.553,0.4340229,4.7457066
17554,17.554,0.43409413,4.753332
17555,17.555,0.43783122,4.7307463
17556,17.556,0.42993587,4.73959
17557,17.557,0.416776,4.687927
17558,17.558,0.4141231,4.721966
17559,17.559,0.41479692,4.6414585
17560,17.56,0.4248289,4.645801
17561,17.561,0.41803166,4.601237
17562,17.562,0.4171392,4.6558537
17563,17.563,0.42019707,4.6397457
17564,17.564,0.4073954,4.6349273
17565,17.565,0.4049318,4.5954638
17566,17.566,0.39719266,4.6270666
17567,17.567,0.3944889,4.6057806
17568,17.568,0.40932202,4.6529245
17569,17.569,0.40680364,4.6347356
17570,17.57,0.40529665,4.6245856
17571,17.571,0.39412904,4.6490135
17572,17.572,0.3854803,4.6498847
17573,17.573,0.3970918,4.639864
17574,17.574,0.38865536,4.6898756
17575,17.575,0.39528063,4.70815
17576,17.576,0.3805217,4.667359
17577,17.577,0.38510707,4.720621
17578,17.578,0.37829545,4.6743135
17579,17.579,0.383086,4.683281
17580,17.58,0.39577466,4.699031
17581,17.581,0.38376296,4.636077
17582,17.582,0.38728508,4.6941395
17583,17.583,0.40295798,4.62183
17584,17.584,0.39929825,4.624808
17585,17.585,0.3935228,4.64283
17586,17.586,0.39620337,4.633569
17587,17.587,0.39218348,4.6270227
17588,17.588,0.39915475,4.672241
17589,17.589,0.40445638,4.609091
17590,17.59,0.41283104,4.6488123
17591,17.591,0.41385585,4.682175
17592,17.592,0.42730284,4.600407
17593,17.593,0.42678973,4.6076984
17594,17.594,0.42850038,4.6323905
17595,17.595,0.4154581,4.6285977
17596,17.596,0.41960105,4.6149993
17597,17.597,0.42190555,7.078698
17598,17.598,0.41615134,4.6520042
17599,17.599,0.40677294,7.0964837
17600,17.6,0.42108828,4.612675
17601,17.601,0.43016812,4.631195
17602,17.602,0.42643425,4.66255
17603,17.603,0.43667683,4.658595
17604,17.604,0.43478143,4.7085037
17605,17.605,0.44410118,4.7106023
17606,17.606,0.44044316,4.739631
17607,17.607,0.45097032,4.6717334
17608,17.608,0.4507057,4.757555
17609,17.609,0.4457056,4.7731667
17610,17.61,0.44884843,4.7907996
17611,17.611,0.44146124,4.717482
17612,17.612,0.4582069,4.7416205
17613,17.613,0.45466134,4.7845387
17614,17.614,0.44182518,4.7785974
17615,17.615,0.45121992,4.8044953
17616,17.616,0.44495803,4.764192
17617,17.617,0.44144383,4.812882
17618,17.618,0.4273468,4.772593
17619,17.619,0.4393075,4.703591
17620,17.62,0.445734,4.7526507
17621,17.621,0.43976393,4.717469
17622,17.622,0.45008793,4.789545
17623,17.623,0.45216846,4.764574
17624,17.624,0.44614434,4.7774
17625,17.625,0.4384483,4.7803593
17626,17.626,0.44671983,4.781096
17627,17.627,0.44981664,4.754037
17628,17.628,0.45649725,4.789069
17629,17.629,0.45659462,4.738647
17630,17.63,0.45153543,4.7141953
17631,17.631,0.44768876,4.7622414
17632,17.632,0.44819173,4.7419906
17633,17.633,0.43966496,4.786762
17634,17.634,0.44925478,4.759125
17635,17.635,0.44728503,4.7565045
17636,17.636,0.43761784,4.728609
17637,17.637,0.44681013,4.7373486
17638,17.638,0.45003915,4.706467
17639,17.639,0.44506297,4.7225075
17640,17.64,0.44199732,4.719986
17641,17.641,0.46269906,4.744732
17642,17.642,0.47746617,4.7080035
17643,17.643,0.47489145,4.7165995
17644,17.644,0.46278846,4.7331934
17645,17.645,0.45595983,4.737746
17646,17.646,0.4651176,4.735745
17647,17.647,0.46801725,4.680312
17648,17.648,0.46680778,4.683204
17649,17.649,0.47756323,4.7059355
17650,17.65,0.47967872,4.704068
17651,17.651,0.48114842,4.7046723
17652,17.652,0.4828658,4.722288
17653,17.653,0.47647712,4.737705
17654,17.654,0.48494264,4.71153
17655,17.655,0.48132667,4.696451
17656,17.656,0.4828081,4.693541
17657,17.657,0.48247123,4.649084
17658,17.658,0.47372234,4.6963577
17659,17.659,0.47834927,4.6709886
17660,17.66,0.45736384,4.7579403
17661,17.661,0.45363978,4.6847477
17662,17.662,0.44971153,4.690476
17663,17.663,0.44479108,4.722834
17664,17.664,0.4437641,4.688962
17665,17.665,0.45464355,4.727862
17666,17.666,0.43480402,4.719883
17667,17.667,0.43736073,4.7429776
17668,17.668,0.45151827,4.7383065
17669,17.669,0.43171507,4.687522
17670,17.67,0.41112307,4.7339163
17671,17.671,0.41722342,4.7556295
17672,17.672,0.42895108,4.7549944
17673,17.673,0.437488,4.6965976
17674,17.674,0.43122077,4.755505
17675,17.675,0.4243527,4.771579
17676,17.676,0.42079926,4.7303867
17677,17.677,0.42500952,4.692185
17678,17.678,0.43344775,4.7264814
17679,17.679,0.4308716,4.6866865
17680,17.68,0.43159965,4.752798
17681,17.681,0.43687335,4.7936563
17682,17.682,0.44334763,4.754994
17683,17.683,0.43659994,4.758801
17684,17.684,0.45445955,4.7294455
17685,17.685,0.44875506,4.7951894
17686,17.686,0.45029554,4.741187
17687,17.687,0.44539165,4.808603
17688,17.688,0.42824593,4.794863
17689,17.689,0.4266486,4.7773743
17690,17.69,0.42129755,4.804307
17691,17.691,0.39622524,4.882744
17692,17.692,0.38464573,4.8861003
17693,17.693,0.38370544,4.829375
17694,17.694,0.38945106,4.844088
17695,17.695,0.39405644,4.8574853
17696,17.696,0.3877364,4.835149
17697,17.697,0.39635476,4.86246
17698,17.698,0.39291748,4.786627
17699,17.699,0.38329068,4.901174
17700,17.7,0.3924166,4.8848863
17701,17.701,0.39762825,4.841817
17702,17.702,0.41452318,4.900801
17703,17.703,0.41149223,4.865857
17704,17.704,0.386621,4.8200693
17705,17.705,0.39790738,4.819793
17706,17.706,0.40351626,4.8458743
17707,17.707,0.40870944,4.8290563
17708,17.708,0.4147317,4.802605
17709,17.709,0.43212843,4.748707
17710,17.71,0.43979338,4.7634125
17711,17.711,0.44154987,4.7155476
17712,17.712,0.44137222,4.769499
17713,17.713,0.4355961,4.796645
17714,17.714,0.43229276,4.8740664
17715,17.715,0.43304086,4.831133
17716,17.716,0.4261936,4.8428235
17717,17.717,0.43333718,4.8227706
17718,17.718,0.42780882,4.842539
17719,17.719,0.42105603,4.9074025
17720,17.72,0.42869756,4.8579626
17721,17.721,0.42844158,4.904732
17722,17.722,0.43810478,4.9098263
17723,17.723,0.4233022,4.943105
17724,17.724,0.4239199,4.9263067
17725,17.725,0.41683176,4.915032
17726,17.726,0.4054884,4.905788
17727,17.727,0.40390038,4.863335
17728,17.728,0.40506884,4.8506713
17729,17.729,0.4129692,4.881383
17730,17.73,0.40003073,4.799934
17731,17.731,0.4065727,4.7766204
17732,17.732,0.39880216,4.864319
17733,17.733,0.40849456,4.8285065
17734,17.734,0.37933373,4.839648
17735,17.735,0.3715873,4.8943677
17736,17.736,0.37835503,4.872909
17737,17.737,0.38025627,4.825143
17738,17.738,0.3657232,4.898241
17739,17.739,0.36962804,4.857565
17740,17.74,0.35561505,4.9155974
17741,17.741,0.3652929,4.898259
17742,17.742,0.35750192,4.88039
17743,17.743,0.352242,4.9113336
17744,17.744,0.36173326,4.95931
17745,17.745,0.36292884,4.9431896
17746,17.746,0.34581846,4.9332747
17747,17.747,0.35324478,4.926314
17748,17.748,0.33594593,4.902363
17749,17.749,0.33631134,4.920942
17750,17.75,0.34154415,4.953257
17751,17.751,0.33441,4.9445124
17752,17.752,0.33111608,4.858868
17753,17.753,0.33487427,4.870165
17754,17.754,0.33169234,4.8177476
17755,17.755,0.337796,4.83178
17756,17.756,0.3388095,4.8045464
17757,17.757,0.35122925,4.795986
17758,17.758,0.35999382,4.756207
17759,17.759,0.38600636,4.6898084
17760,17.76,0.38740608,7.489781
17761,17.761,0.38144714,7.4899306
17762,17.762,0.37793684,4.7266045
17763,17.763,0.3653573,4.7422476
17764,17.764,0.3602572,4.793187
17765,17.765,0.34752423,4.783434
17766,17.766,0.35266048,4.7492037
17767,17.767,0.3419147,4.799508
17768,17.768,0.3446623,7.52671
17769,17.769,0.3398327,7.4390264
17770,17.77,0.35317212,7.4657407
17771,17.771,0.34018832,7.3674426
17772,17.772,0.32979363,7.2711825
17773,17.773,0.32561642,4.7319736
17774,17.774,0.32718813,7.293986
17775,17.775,0.31675917,7.277798
17776,17.776,0.31670514,7.233955
17777,17.777,0.31422144,7.307193
17778,17.778,0.31515962,7.2660933
17779,17.779,0.304237,7.326529
17780,17.78,0.33110666,7.394515
17781,17.781,0.32028055,7.5443254
17782,17.782,0.3219069,4.748098
17783,17.783,0.323814,4.6817527
17784,17.784,0.3196693,7.6295557
17785,17.785,0.3262541,4.7220683
17786,17.786,0.32448176,4.664104
17787,17.787,0.30396807,7.5679827
17788,17.788,0.29515108,7.641379
17789,17.789,0.29750997,4.744454
17790,17.79,0.31522104,4.7372694
17791,17.791,0.31841618,4.7848425
17792,17.792,0.3127762,4.7582655
17793,17.793,0.31202245,4.7099786
17794,17.794,0.31166455,4.739354
17795,17.795,0.3264452,4.717839
17796,17.796,0.33536357,4.714004
17797,17.797,0.3331407,4.715122
17798,17.798,0.32625285,4.7352333
17799,17.799,0.31362563,4.7209973
17800,17.8,0.30695808,4.7352047
17801,17.801,0.29874417,4.7856054
17802,17.802,0.3049812,4.7914333
17803,17.803,0.31524047,4.7605634
17804,17.804,0.3050369,4.7190037
17805,17.805,0.3109425,7.436765
17806,17.806,0.3151145,4.7718234
17807,17.807,0.31684327,4.7315373
17808,17.808,0.31626356,4.771634
17809,17.809,0.30327898,7.4715986
17810,17.81,0.29583138,7.5316677
17811,17.811,0.2820368,7.5134797
17812,17.812,0.2948474,7.41709
17813,17.813,0.29260176,7.31837
17814,17.814,0.31962392,7.2950983
17815,17.815,0.3138515,7.2391033
17816,17.816,0.31845903,7.2655587
17817,17.817,0.30385587,7.219061
17818,17.818,0.29542923,7.2741127
17819,17.819,0.29311767,7.220838
17820,17.82,0.29846117,7.2398725
17821,17.821,0.27958915,7.3146524
17822,17.822,0.2823119,7.2798414
17823,17.823,0.27201587,7.3703837
17824,17.824,0.2749741,7.3683143
17825,17.825,0.26238373,7.3469133
17826,17.826,0.25792187,7.2967396
17827,17.827,0.2638809,7.2538457
17828,17.828,0.27733415,7.2079344
17829,17.829,0.2651964,7.1915936
17830,17.83,0.25426272,7.189359
17831,17.831,0.2522702,7.100364
17832,17.832,0.2696108,7.0980706
17833,17.833,0.28542814,7.03676
17834,17.834,0.27403906,6.991338
17835,17.835,0.28194663,7.0356236
17836,17.836,0.29989272,7.0631714
17837,17.837,0.28916425,7.1173306
17838,17.838,0.27873155,7.140255
17839,17.839,0.2837801,7.0887156
17840,17.84,0.27221087,7.0434833
17841,17.841,0.30222666,7.0873175
17842,17.842,0.2889417,7.1340885
17843,17.843,0.28350258,7.106148
17844,17.844,0.29736075,7.1612167
17845,17.845,0.28578836,7.1114883
17846,17.846,0.2841607,7.1695495
17847,17.847,0.30632284,7.17285
17848,17.848,0.28603336,7.0964346
17849,17.849,0.28428435,7.0924325
17850,17.85,0.28536272,7.1591845
17851,17.851,0.28396112,7.110446
17852,17.852,0.2844998,7.233158
17853,17.853,0.2893433,7.1627836
17854,17.854,0.2935362,7.1399684
17855,17.855,0.2943738,7.0603366
17856,17.856,0.28545403,7.022598
17857,17.857,0.28299978,7.0509133
17858,17.858,0.2756327,7.0186763
17859,17.859,0.29085946,7.016375
17860,17.86,0.2950075,7.0638123
17861,17.861,0.28854036,7.0692973
17862,17.862,0.29178402,7.057054
17863,17.863,0.28887188,7.054101
17864,17.864,0.27971354,7.011081
17865,17.865,0.2721975,7.037731
17866,17.866,0.28822148,6.946712
17867,17.867,0.2760026,6.8815675
17868,17.868,0.27389833,6.8871775
17869,17.869,0.2747565,7.045183
17870,17.87,0.27065495,6.995976
17871,17.871,0.27869028,7.0677395
17872,17.872,0.28705543,7.02514
17873,17.873,0.29196206,6.9969125
17874,17.874,0.29143003,6.9765277
17875,17.875,0.28547713,7.066223
17876,17.876,0.28477797,7.01497
17877,17.877,0.29867548,7.1078653
17878,17.878,0.2840307,7.069813
17879,17.879,0.2773854,6.9918303
17880,17.88,0.27705726,7.009369
17881,17.881,0.28293586,6.9422092
17882,17.882,0.28190583,7.028432
17883,17.883,0.26766473,6.957044
17884,17.884,0.27706122,6.9854603
17885,17.885,0.26978588,6.9260864
17886,17.886,0.27519265,6.924494
17887,17.887,0.2611634,6.8861256
17888,17.888,0.25967038,6.8360953
17889,17.889,0.25580335,6.89535
17890,17.89,0.25492108,6.890367
17891,17.891,0.25598404,6.8729415
17892,17.892,0.26831478,6.783084
17893,17.893,0.26554972,6.7859125
17894,17.894,0.27689826,6.80927
17895,17.895,0.26196796,6.796323
17896,17.896,0.27035987,6.7536573
17897,17.897,0.26669103,6.7047286
17898,17.898,0.25715885,6.733492
17899,17.899,0.26752454,6.6940513
17900,17.9,0.2549009,6.690279
17901,17.901,0.26162422,6.7392745
17902,17.902,0.2764232,6.7762847
17903,17.903,0.28044367,6.8574305
17904,17.904,0.28114372,6.823785
17905,17.905,0.2698823,6.7797832
17906,17.906,0.26296684,6.747649
17907,17.907,0.26176843,6.733184
17908,17.908,0.26405323,6.6607184
17909,17.909,0.26860672,6.631971
17910,17.91,0.2693869,6.6157107
17911,17.911,0.25774792,6.6046133
17912,17.912,0.24768847,6.605455
17913,17.913,0.26358616,6.6439815
17914,17.914,0.2574185,6.573051
17915,17.915,0.2695304,6.5505447
17916,17.916,0.2784027,6.659537
17917,17.917,0.2669854,6.72262
17918,17.918,0.25269163,6.6449122
17919,17.919,0.26585665,6.672456
17920,17.92,0.2671886,6.5943055
17921,17.921,0.26649374,6.594858
17922,17.922,0.27548358,6.6550913
17923,17.923,0.266701,6.6182275
17924,17.924,0.26313516,6.546588
17925,17.925,0.2711158,6.5286107
17926,17.926,0.2633128,6.462314
17927,17.927,0.26553425,6.4291363
17928,17.928,0.2656461,6.434612
17929,17.929,0.27671763,6.45345
17930,17.93,0.28130302,6.4278727
17931,17.931,0.27718845,6.483118
17932,17.932,0.28074646,6.4716134
17933,17.933,0.27659208,6.3872824
17934,17.934,0.2879996,6.364609
17935,17.935,0.2996301,6.291429
17936,17.936,0.29321307,6.326559
17937,17.937,0.29004338,6.3016057
17938,17.938,0.2811713,6.3042135
17939,17.939,0.27718115,6.2584
17940,17.94,0.2757956,6.202025
17941,17.941,0.27263117,6.299724
17942,17.942,0.27110025,6.2327957
17943,17.943,0.27167824,6.2954135
17944,17.944,0.26796818,6.328847
17945,17.945,0.2624692,6.3379235
17946,17.946,0.2595154,6.298051
17947,17.947,0.26313865,6.2966394
17948,17.948,0.26422173,6.3522797
17949,17.949,0.26264155,6.2218366
17950,17.95,0.26329765,6.277113
17951,17.951,0.26124063,6.2509413
17952,17.952,0.25922593,6.3218594
17953,17.953,0.2766063,6.324811
17954,17.954,0.2774492,6.37064
17955,17.955,0.29104918,6.3899
17956,17.956,0.28517875,6.437206
17957,17.957,0.28983808,6.493802
17958,17.958,0.27346984,4.648628
17959,17.959,0.2793995,4.6635094
17960,17.96,0.29059348,4.6900625
17961,17.961,0.28578773,4.697339
17962,17.962,0.28413022,4.7413936
17963,17.963,0.27966973,6.5078382
17964,17.964,0.29171807,6.4853125
17965,17.965,0.28957972,4.7006574
17966,17.966,0.28669074,6.456652
17967,17.967,0.30042458,6.3905034
17968,17.968,0.29644287,6.345459
17969,17.969,0.30687615,6.3385663
17970,17.97,0.2913973,6.3314896
17971,17.971,0.300802,4.777891
17972,17.972,0.29614812,4.763547
17973,17.973,0.30500054,4.71666
17974,17.974,0.2959609,6.410842
17975,17.975,0.29620665,4.7289925
17976,17.976,0.2978878,4.754
17977,17.977,0.29286042,4.792348
17978,17.978,0.2840057,4.725573
17979,17.979,0.3001636,6.5291615
17980,17.98,0.28831613,4.754972
17981,17.981,0.28305534,4.7533154
17982,17.982,0.2749716,6.429843
17983,17.983,0.27962655,6.422622
17984,17.984,0.2824257,6.410501
17985,17.985,0.29178146,6.5341325
17986,17.986,0.2781578,6.7301226
17987,17.987,0.27279544,6.6963167
17988,17.988,0.2619651,4.682569
17989,17.989,0.25752717,4.6874084
17990,17.99,0.26596987,4.7457166
17991,17.991,0.26496378,4.7158427
17992,17.992,0.269924,4.7233953
17993,17.993,0.2630789,4.721622
17994,17.994,0.25755298,4.712958
17995,17.995,0.26279095,4.725281
17996,17.996,0.2571114,4.7164207
17997,17.997,0.26162443,4.703654
17998,17.998,0.25871685,4.6859565
17999,17.999,0.26563022,4.6865478
18000,18.0,0.27721763,4.7411513
18001,18.001,0.275613,4.729195
18002,18.002,0.2824527,4.6778946
18003,18.003,0.2853631,4.666757
18004,18.004,0.2766374,4.683656
18005,18.005,0.29679108,4.6792917
18006,18.006,0.29511133,4.6949477
18007,18.007,0.29064995,4.7111373
18008,18.008,0.28073534,4.7801595
18009,18.009,0.28211305,4.7122293
18010,18.01,0.2808922,4.737434
18011,18.011,0.2781206,4.7190375
18012,18.012,0.2699459,4.7297297
18013,18.013,0.2807446,4.7526774
18014,18.014,0.26669535,4.7247505
18015,18.015,0.25558,4.7591715
18016,18.016,0.26017183,4.68637
18017,18.017,0.2673255,4.6780562
18018,18.018,0.26873946,4.653693
18019,18.019,0.26612848,4.653885
18020,18.02,0.26830357,4.655718
18021,18.021,0.26775694,4.615261
18022,18.022,0.25405827,4.6405153
18023,18.023,0.27332672,4.697851
18024,18.024,0.27175868,4.676216
18025,18.025,0.26311845,4.691297
18026,18.026,0.2752252,4.6698008
18027,18.027,0.27746168,6.714721
18028,18.028,0.2890921,6.756826
18029,18.029,0.29458088,6.897142
18030,18.03,0.2810078,4.618477
18031,18.031,0.2773579,4.7016997
18032,18.032,0.28445265,4.629194
18033,18.033,0.2910744,4.658667
18034,18.034,0.27961725,4.7090435
18035,18.035,0.28794923,4.6884885
18036,18.036,0.28974333,4.6230497
18037,18.037,0.2841005,4.6704497
18038,18.038,0.26787606,4.6885333
18039,18.039,0.2690943,4.720719
18040,18.04,0.26783657,4.72839
18041,18.041,0.2734658,4.6857963
18042,18.042,0.273984,4.6981
18043,18.043,0.27908674,4.667728
18044,18.044,0.26787046,4.6925764
18045,18.045,0.26183048,4.7062945
18046,18.046,0.2635594,4.6450195
18047,18.047,0.26440477,4.623136
18048,18.048,0.26648137,4.6586723
18049,18.049,0.2599242,4.6521945
18050,18.05,0.26102018,4.6656218
18051,18.051,0.25185907,4.6892147
18052,18.052,0.25618964,4.6879005
18053,18.053,0.25944883,4.77685
18054,18.054,0.2621927,4.73748
18055,18.055,0.25739047,4.739594
18056,18.056,0.27199146,4.7079725
18057,18.057,0.2603115,4.753436
18058,18.058,0.2593804,4.700576
18059,18.059,0.267769,4.677367
18060,18.06,0.27555805,4.7132664
18061,18.061,0.27771676,4.7148223
18062,18.062,0.26062816,4.735492
18063,18.063,0.26525158,4.712715
18064,18.064,0.27487805,4.7118807
18065,18.065,0.27099255,4.6893344
18066,18.066,0.25420657,4.690684
18067,18.067,0.2517934,4.6687455
18068,18.068,0.25039527,4.7376647
18069,18.069,0.24339849,4.7091155
18070,18.07,0.26428166,4.721675
18071,18.071,0.24626772,4.6581235
18072,18.072,0.25045136,4.6795816
18073,18.073,0.24976176,4.6515474
18074,18.074,0.2484813,4.680608
18075,18.075,0.24654475,4.664926
18076,18.076,0.23594458,4.718513
18077,18.077,0.23769036,4.713025
18078,18.078,0.2372849,4.7010927
18079,18.079,0.23536648,4.696785
18080,18.08,0.23120163,4.7378397
18081,18.081,0.23260458,4.7203126
18082,18.082,0.23932225,4.722866
18083,18.083,0.24563086,4.7340403
18084,18.084,0.23935871,4.7382402
18085,18.085,0.24846245,4.7223816
18086,18.086,0.23733847,4.7477865
18087,18.087,0.25566864,4.679888
18088,18.088,0.24815707,4.676713
18089,18.089,0.24569133,4.6789784
18090,18.09,0.25273028,4.6336927
18091,18.091,0.249359,4.5650635
18092,18.092,0.24985339,4.6156764
18093,18.093,0.26203635,4.6923013
18094,18.094,0.26342866,4.6419725
18095,18.095,0.26546612,4.73562
18096,18.096,0.2626046,4.676118
18097,18.097,0.262378,4.6885834
18098,18.098,0.26450747,4.7300577
18099,18.099,0.24809231,4.7016244
18100,18.1,0.25567475,4.693641
18101,18.101,0.251868,4.6478686
18102,18.102,0.2397409,4.6710405
18103,18.103,0.24334125,4.644771
18104,18.104,0.25123084,4.617703
18105,18.105,0.2537013,4.6692357
18106,18.106,0.2519146,4.6635633
18107,18.107,0.2523325,4.665275
18108,18.108,0.25535285,4.673625
18109,18.109,0.2622522,4.724273
18110,18.11,0.25364774,4.651905
18111,18.111,0.26167282,4.6986647
18112,18.112,0.2467903,4.72293
18113,18.113,0.25642642,4.6756787
18114,18.114,0.2500488,4.690756
18115,18.115,0.24002641,4.7051578
18116,18.116,0.23298842,4.709841
18117,18.117,0.22439955,4.7260337
18118,18.118,0.2235102,4.673405
18119,18.119,0.23622099,4.6858125
18120,18.12,0.23765485,4.6858516
18121,18.121,0.24593823,4.6457973
18122,18.122,0.2514206,4.636265
18123,18.123,0.23781945,4.647488
18124,18.124,0.23571394,4.6828628
18125,18.125,0.23793752,4.643724
18126,18.126,0.24709435,4.692038
18127,18.127,0.24695419,4.6978426
18128,18.128,0.2412116,4.744693
18129,18.129,0.2354961,4.7888002
18130,18.13,0.24882276,4.719876
18131,18.131,0.24888965,4.6787486
18132,18.132,0.24452385,4.6318374
18133,18.133,0.22699858,4.6919365
18134,18.134,0.23546566,4.6746287
18135,18.135,0.23712894,4.752633
18136,18.136,0.23750183,4.6905756
18137,18.137,0.24088886,4.7100573
18138,18.138,0.24426512,4.675745
18139,18.139,0.2435789,4.6795344
18140,18.14,0.23576641,4.6637135
18141,18.141,0.23394898,4.6492796
18142,18.142,0.24581951,4.6329045
18143,18.143,0.23532522,4.6610365
18144,18.144,0.24256714,4.631972
18145,18.145,0.25882363,4.651606
18146,18.146,0.25861162,4.6656585
18147,18.147,0.255689,4.640033
18148,18.148,0.256396,4.685466
18149,18.149,0.26809302,4.679234
18150,18.15,0.27460015,4.6864204
18151,18.151,0.27616167,4.688009
18152,18.152,0.27400234,4.695685
18153,18.153,0.2761692,4.67011
18154,18.154,0.28362262,4.690821
18155,18.155,0.274885,4.7006946
18156,18.156,0.2758436,4.6716533
18157,18.157,0.25954548,4.66992
18158,18.158,0.26775736,4.6522675
18159,18.159,0.2627672,4.6981587
18160,18.16,0.26296815,4.681596
18161,18.161,0.26764745,4.6834826
18162,18.162,0.26842526,4.697736
18163,18.163,0.26983878,4.673889
18164,18.164,0.26213163,4.624832
18165,18.165,0.2637407,4.619657
18166,18.166,0.26949117,4.6334243
18167,18.167,0.2649457,4.6156497
18168,18.168,0.25296184,4.6443033
18169,18.169,0.25837103,4.6101975
18170,18.17,0.26116097,4.6129518
18171,18.171,0.26421604,4.6185355
18172,18.172,0.25898883,4.6208305
18173,18.173,0.26641262,4.590896
18174,18.174,0.2715163,4.6098156
18175,18.175,0.2676725,4.652199
18176,18.176,0.28555182,4.6038685
18177,18.177,0.2751019,4.6196747
18178,18.178,0.28332454,4.6279774
18179,18.179,0.28791732,4.633779
18180,18.18,0.27161804,4.620304
18181,18.181,0.26754507,4.5803995
18182,18.182,0.256066,4.633633
18183,18.183,0.26326078,4.6175737
18184,18.184,0.25995535,4.610604
18185,18.185,0.264384,4.6291065
18186,18.186,0.26573008,4.6368165
18187,18.187,0.26352167,4.654766
18188,18.188,0.25616416,4.6589665
18189,18.189,0.24330753,4.673388
18190,18.19,0.2504285,4.673628
18191,18.191,0.25652108,4.707346
18192,18.192,0.27182606,4.6577716
18193,18.193,0.26099604,4.6889853
18194,18.194,0.25275156,4.7055798
18195,18.195,0.2753602,4.7250385
18196,18.196,0.2824513,4.726498
18197,18.197,0.26219204,4.6810217
18198,18.198,0.26696396,4.669591
18199,18.199,0.26834708,4.727582
18200,18.2,0.26965046,4.695908
18201,18.201,0.25974202,4.7201533
18202,18.202,0.24349014,4.722293
18203,18.203,0.25763264,4.745175
18204,18.204,0.24363394,4.7334447
18205,18.205,0.25153986,4.7579947
18206,18.206,0.25674945,4.765409
18207,18.207,0.2600907,4.7706623
18208,18.208,0.25079104,4.781145
18209,18.209,0.2518804,4.7067575
18210,18.21,0.26091498,4.7468314
18211,18.211,0.27380443,4.6925783
18212,18.212,0.26697674,4.72666
18213,18.213,0.2842675,4.676729
18214,18.214,0.2775787,4.7245464
18215,18.215,0.28507963,4.6280165
18216,18.216,0.28748882,4.6521316
18217,18.217,0.28661454,4.6471286
18218,18.218,0.26271573,4.634304
18219,18.219,0.25629297,4.6759667
18220,18.22,0.26195186,4.7176366
18221,18.221,0.26013783,4.679026
18222,18.222,0.26655123,4.627251
18223,18.223,0.27067566,4.671589
18224,18.224,0.27667022,4.6568594
18225,18.225,0.2688848,4.677357
18226,18.226,0.26170108,4.669023
18227,18.227,0.26483417,4.6537747
18228,18.228,0.2599667,4.6707153
18229,18.229,0.2619673,5.47695
18230,18.23,0.25547278,4.696536
18231,18.231,0.2580088,4.7164054
18232,18.232,0.26983172,4.6945634
18233,18.233,0.2572676,4.6783166
18234,18.234,0.26346552,4.6664844
18235,18.235,0.24230751,4.6691985
18236,18.236,0.24779136,4.6942673
18237,18.237,0.25730398,4.7053137
18238,18.238,0.2456184,4.7251987
18239,18.239,0.25274354,4.691583
18240,18.24,0.24895374,4.6970296
18241,18.241,0.24826162,4.673377
18242,18.242,0.25936905,4.671484
18243,18.243,0.26727533,4.690861
18244,18.244,0.25962564,4.6640177
18245,18.245,0.25825623,4.6655746
18246,18.246,0.2703481,4.631214
18247,18.247,0.26279336,4.62025
18248,18.248,0.264575,4.659862
18249,18.249,0.2606694,4.6397433
18250,18.25,0.26791942,4.677609
18251,18.251,0.26538032,4.71806
18252,18.252,0.26391158,4.7134314
18253,18.253,0.26661906,4.6912475
18254,18.254,0.27210915,4.6842217
18255,18.255,0.27607566,4.6152625
18256,18.256,0.27835122,4.653924
18257,18.257,0.27688155,4.673707
18258,18.258,0.28303674,5.2212253
18259,18.259,0.2746372,5.2982583
18260,18.26,0.27860337,4.6853247
18261,18.261,0.28378052,5.404431
18262,18.262,0.30794314,5.520736
18263,18.263,0.30401447,5.434531
18264,18.264,0.29316992,5.438724
18265,18.265,0.29136816,5.4770527
18266,18.266,0.29958072,5.4742494
18267,18.267,0.29582864,5.3749566
18268,18.268,0.31020275,5.362558
18269,18.269,0.3061377,5.3083115
18270,18.27,0.31130812,5.335978
18271,18.271,0.31627104,5.3627377
18272,18.272,0.32260478,4.7159863
18273,18.273,0.3263678,5.405134
18274,18.274,0.33045718,5.4338126
18275,18.275,0.32601485,5.441253
18276,18.276,0.307777,5.4864044
18277,18.277,0.31097132,5.6025105
18278,18.278,0.3095505,5.4298162
18279,18.279,0.29883102,5.357989
18280,18.28,0.29722583,5.4218388
18281,18.281,0.2972548,5.425909
18282,18.282,0.30106014,5.423328
18283,18.283,0.29095483,5.481397
18284,18.284,0.29818684,5.378651
18285,18.285,0.29072532,5.360042
18286,18.286,0.28607357,5.472125
18287,18.287,0.2969509,5.513887
18288,18.288,0.28843978,5.4585986
18289,18.289,0.29887474,5.4620867
18290,18.29,0.29216033,5.5202923
18291,18.291,0.30364847,5.401039
18292,18.292,0.31155697,5.399831
18293,18.293,0.3072812,5.3732085
18294,18.294,0.30254033,5.4876785
18295,18.295,0.3119691,5.415004
18296,18.296,0.31657973,5.392592
18297,18.297,0.3192144,5.391378
18298,18.298,0.3192633,5.42303
18299,18.299,0.3365352,5.5173163
18300,18.3,0.31972876,5.4907007
18301,18.301,0.3349112,5.437169
18302,18.302,0.31771275,5.4965687
18303,18.303,0.31441176,5.402322
18304,18.304,0.30552804,5.5032015
18305,18.305,0.29651597,5.4808674
18306,18.306,0.3007232,5.463517
18307,18.307,0.30825737,5.4622746
18308,18.308,0.30283153,5.4725857
18309,18.309,0.29722154,5.461796
18310,18.31,0.29822347,5.4979205
18311,18.311,0.2934005,5.430976
18312,18.312,0.29378438,5.6161857
18313,18.313,0.29892483,5.6521754
18314,18.314,0.2941864,5.615288
18315,18.315,0.30663309,5.6468263
18316,18.316,0.2993439,5.5516033
18317,18.317,0.3102823,5.5328374
18318,18.318,0.30640662,5.577243
18319,18.319,0.30759403,5.598855
18320,18.32,0.31798115,5.552234
18321,18.321,0.33050442,5.6289997
18322,18.322,0.32602724,5.582259
18323,18.323,0.34004217,5.6622305
18324,18.324,0.339831,5.6076155
18325,18.325,0.34235767,5.5990124
18326,18.326,0.34403187,5.6845202
18327,18.327,0.33012837,5.7641644
18328,18.328,0.32146347,5.843645
18329,18.329,0.322699,5.66942
18330,18.33,0.32959518,5.711171
18331,18.331,0.3258173,5.697483
18332,18.332,0.32279372,5.691851
18333,18.333,0.3147748,5.6585116
18334,18.334,0.31977776,5.594128
18335,18.335,0.3136984,5.4489684
18336,18.336,0.3195966,5.45255
18337,18.337,0.33470818,5.5699797
18338,18.338,0.3406065,5.5876336
18339,18.339,0.327627,5.650637
18340,18.34,0.3436688,5.6877856
18341,18.341,0.32756984,5.6770787
18342,18.342,0.32889527,5.662103
18343,18.343,0.3211744,5.7199745
18344,18.344,0.3182446,5.705262
18345,18.345,0.31224373,5.7462544
18346,18.346,0.3156738,5.698675
18347,18.347,0.3077986,5.7750626
18348,18.348,0.3031156,5.800376
18349,18.349,0.30206466,5.753466
18350,18.35,0.30973378,5.726826
18351,18.351,0.32071573,5.652524
18352,18.352,0.32016847,5.6888237
18353,18.353,0.32474688,5.7789216
18354,18.354,0.31894016,5.7315044
18355,18.355,0.3114989,5.6116886
18356,18.356,0.32040253,5.6425104
18357,18.357,0.3073301,5.5917616
18358,18.358,0.3188695,5.6258965
18359,18.359,0.31659818,5.500838
18360,18.36,0.31059992,5.5488276
18361,18.361,0.3098847,5.5881195
18362,18.362,0.31233776,5.6493607
18363,18.363,0.32239097,5.626799
18364,18.364,0.33186617,5.7239323
18365,18.365,0.32598186,5.8527627
18366,18.366,0.32271442,5.5572615
18367,18.367,0.32488248,5.616642
18368,18.368,0.31874168,5.6526017
18369,18.369,0.2937348,5.592646
18370,18.37,0.2940526,5.584258
18371,18.371,0.2968012,5.5867133
18372,18.372,0.3173886,5.6526313
18373,18.373,0.30643114,5.715694
18374,18.374,0.313506,5.894407
18375,18.375,0.2999887,5.981075
18376,18.376,0.30134568,5.938701
18377,18.377,0.29543057,6.0702906
18378,18.378,0.31737876,6.2385635
18379,18.379,0.304759,6.216986
18380,18.38,0.3138123,6.209514
18381,18.381,0.32281289,6.3474607
18382,18.382,0.32129747,6.2386546
18383,18.383,0.31954938,6.2476687
18384,18.384,0.3183247,6.250634
18385,18.385,0.33549264,6.191467
18386,18.386,0.33604518,6.177986
18387,18.387,0.34641945,6.172716
18388,18.388,0.35242507,6.1863904
18389,18.389,0.3346519,6.299707
18390,18.39,0.34361276,6.2715917
18391,18.391,0.32828015,6.235832
18392,18.392,0.33447257,6.3086934
18393,18.393,0.35127252,6.386917
18394,18.394,0.33710644,6.384971
18395,18.395,0.34049603,6.3593755
18396,18.396,0.33428812,6.3446317
18397,18.397,0.32183382,6.3224835
18398,18.398,0.3286634,6.3959374
18399,18.399,0.31419018,6.5170207
18400,18.4,0.31297368,6.513273
18401,18.401,0.31147608,6.4798446
18402,18.402,0.3025438,6.541419
18403,18.403,0.2865244,6.5681734
18404,18.404,0.28355902,6.480299
18405,18.405,0.28322476,6.478262
18406,18.406,0.28128842,6.385543
18407,18.407,0.28868574,6.3428564
18408,18.408,0.2901514,6.3555565
18409,18.409,0.2791265,6.3260136
18410,18.41,0.2808146,6.4012523
18411,18.411,0.27281427,6.388273
18412,18.412,0.27217415,6.342528
18413,18.413,0.28302184,6.521137
18414,18.414,0.28381413,6.5051475
18415,18.415,0.29099834,6.399965
18416,18.416,0.2838575,6.3051314
18417,18.417,0.2951223,6.314661
18418,18.418,0.28734922,6.2336326
18419,18.419,0.28115237,6.2693467
18420,18.42,0.25516018,6.358698
18421,18.421,0.26574335,6.2609296
18422,18.422,0.2610359,6.385977
18423,18.423,0.25349504,6.496585
18424,18.424,0.25500268,6.6572285
18425,18.425,0.2576331,6.6088386
18426,18.426,0.26278523,6.622263
18427,18.427,0.2720522,6.686958
18428,18.428,0.26588684,6.698942
18429,18.429,0.25919563,6.7306433
18430,18.43,0.26025423,6.703749
18431,18.431,0.26257223,6.653963
18432,18.432,0.2622802,6.6662254
18433,18.433,0.24417661,6.56431
18434,18.434,0.25894353,6.511052
18435,18.435,0.25066105,6.4676166
18436,18.436,0.2648743,6.4641967
18437,18.437,0.25699404,6.5519724
18438,18.438,0.27771965,6.473686
18439,18.439,0.2607632,6.4031405
18440,18.44,0.272182,6.4471655
18441,18.441,0.25428748,6.327982
18442,18.442,0.26597902,6.2640705
18443,18.443,0.26162022,6.396701
18444,18.444,0.26252887,6.463145
18445,18.445,0.27323493,6.448662
18446,18.446,0.25946507,6.434626
18447,18.447,0.2772685,6.351379
18448,18.448,0.27537802,6.4625435
18449,18.449,0.2704005,6.447499
18450,18.45,0.27130994,6.5590005
18451,18.451,0.27031305,6.469031
18452,18.452,0.28210258,6.554947
18453,18.453,0.2763069,6.7075777
18454,18.454,0.2882291,6.684108
18455,18.455,0.29148793,6.644726
18456,18.456,0.29182482,6.565858
18457,18.457,0.28612205,6.566496
18458,18.458,0.29104522,6.628983
18459,18.459,0.28130445,6.678113
18460,18.46,0.28761563,6.624613
18461,18.461,0.2982316,6.6682186
18462,18.462,0.29346767,6.6923943
18463,18.463,0.30830535,6.6987243
18464,18.464,0.3184957,6.6254735
18465,18.465,0.3172815,6.6677575
18466,18.466,0.32336852,6.62012
18467,18.467,0.3246301,6.6371293
18468,18.468,0.3198965,6.5876737
18469,18.469,0.31969243,6.6406837
18470,18.47,0.31956786,6.4408197
18471,18.471,0.3166272,6.4178276
18472,18.472,0.321007,6.507212
18473,18.473,0.32056394,6.533289
18474,18.474,0.31379274,6.553367
18475,18.475,0.315036,6.4486485
18476,18.476,0.31884158,6.3546886
18477,18.477,0.30977967,6.3212476
18478,18.478,0.31929645,6.3240194
18479,18.479,0.32719254,6.275907
18480,18.48,0.3273688,6.214281
18481,18.481,0.33079597,6.1557994
18482,18.482,0.32957274,6.0960894
18483,18.483,0.32901406,6.087798
18484,18.484,0.31524378,6.0387216
18485,18.485,0.30139804,6.016317
18486,18.486,0.31296575,6.060462
18487,18.487,0.30650866,6.0191555
18488,18.488,0.29150102,5.9555244
18489,18.489,0.30617338,5.847196
18490,18.49,0.30976194,5.8121796
18491,18.491,0.3146499,5.852781
18492,18.492,0.31461594,5.8588934
18493,18.493,0.31831345,5.958071
18494,18.494,0.32827204,5.904248
18495,18.495,0.33134905,5.8643603
18496,18.496,0.3335433,5.874904
18497,18.497,0.3480346,5.8238735
18498,18.498,0.33973098,5.9334483
18499,18.499,0.33437923,5.954481
18500,18.5,0.3311407,6.056906
18501,18.501,0.33619857,6.036561
18502,18.502,0.33771318,6.0848947
18503,18.503,0.3351096,5.9509063
18504,18.504,0.33993644,5.8233824
18505,18.505,0.32799992,5.8886023
18506,18.506,0.3324658,5.7901745
18507,18.507,0.3279414,5.909891
18508,18.508,0.32543653,5.842769
18509,18.509,0.3222364,5.8015146
18510,18.51,0.3204653,5.832368
18511,18.511,0.3376805,5.827776
18512,18.512,0.32842696,5.790509
18513,18.513,0.33493587,5.694919
18514,18.514,0.32799128,5.6968927
18515,18.515,0.3276443,5.694274
18516,18.516,0.33560425,5.6751456
18517,18.517,0.3391229,5.7073994
18518,18.518,0.35396805,5.7969255
18519,18.519,0.34752604,5.7766237
18520,18.52,0.36945364,5.7937174
18521,18.521,0.34537393,5.8395624
18522,18.522,0.35621122,5.694477
18523,18.523,0.3454922,5.7559304
18524,18.524,0.34633335,5.7581344
18525,18.525,0.3448633,5.704631
18526,18.526,0.33915713,5.8086524
18527,18.527,0.34017318,5.8808284
18528,18.528,0.33568037,5.8773518
18529,18.529,0.34260422,5.855062
18530,18.53,0.32272783,5.8223467
18531,18.531,0.3429457,5.8840666
18532,18.532,0.3265045,5.931782
18533,18.533,0.3332987,5.9413695
18534,18.534,0.33984342,5.9745927
18535,18.535,0.3438981,5.951363
18536,18.536,0.33769882,6.0614476
18537,18.537,0.3361396,5.9664626
18538,18.538,0.3263448,6.0200853
18539,18.539,0.32130468,5.991058
18540,18.54,0.31680733,5.9838595
18541,18.541,0.31766963,5.979185
18542,18.542,0.31845286,5.966614
18543,18.543,0.31995034,6.0520897
18544,18.544,0.33126113,6.00085
18545,18.545,0.32314396,6.0143366
18546,18.546,0.32383472,5.90349
18547,18.547,0.32722384,5.913861
18548,18.548,0.31885734,6.008689
18549,18.549,0.30283478,6.113408
18550,18.55,0.29218942,6.1718836
18551,18.551,0.30068323,6.113935
18552,18.552,0.30282333,6.09929
18553,18.553,0.29869813,6.0829964
18554,18.554,0.29817966,5.9778113
18555,18.555,0.30623266,6.040961
18556,18.556,0.30421078,5.98447
18557,18.557,0.30672127,5.97694
18558,18.558,0.31464955,5.99726
18559,18.559,0.31290257,5.8512993
18560,18.56,0.31578657,5.9152575
18561,18.561,0.33691317,5.751221
18562,18.562,0.32775047,5.6823077
18563,18.563,0.3247346,5.65458
18564,18.564,0.31851384,5.679046
18565,18.565,0.33078498,5.6545563
18566,18.566,0.33236444,5.726151
18567,18.567,0.32996392,5.595673
18568,18.568,0.32532606,5.6458707
18569,18.569,0.31816888,5.625324
18570,18.57,0.32172802,5.6339345
18571,18.571,0.3334837,5.692481
18572,18.572,0.33415046,5.7072444
18573,18.573,0.32061118,5.583451
18574,18.574,0.3047391,5.6954455
18575,18.575,0.31570566,5.6322
18576,18.576,0.30678988,5.487798
18577,18.577,0.29869214,5.5240498
18578,18.578,0.30684677,5.4856367
18579,18.579,0.32040182,5.430777
18580,18.58,0.3205863,5.4834642
18581,18.581,0.32129064,5.5893183
18582,18.582,0.33535582,5.4367433
18583,18.583,0.33186236,5.4188094
18584,18.584,0.3233762,5.422639
18585,18.585,0.32130396,5.3787017
18586,18.586,0.3129129,5.2912655
18587,18.587,0.31803188,5.3299446
18588,18.588,0.3169319,5.3320217
18589,18.589,0.3127228,5.392933
18590,18.59,0.31183642,5.4108157
18591,18.591,0.3075258,5.341356
18592,18.592,0.3231293,5.357424
18593,18.593,0.31074986,5.296461
18594,18.594,0.29065254,5.347005
18595,18.595,0.30797017,5.283613
18596,18.596,0.32001805,5.303818
18597,18.597,0.31333616,5.4543786
18598,18.598,0.30349386,5.521264
18599,18.599,0.29691783,5.4797406
18600,18.6,0.30588046,5.392208
18601,18.601,0.31071657,5.4046555
18602,18.602,0.32731885,5.4239235
18603,18.603,0.31086236,5.4668927
18604,18.604,0.3148196,5.472318
18605,18.605,0.30913043,5.4784184
18606,18.606,0.30814803,5.493785
18607,18.607,0.304058,5.577385
18608,18.608,0.29095227,5.7212634
18609,18.609,0.28953698,5.6697116
18610,18.61,0.29502866,5.6917934
18611,18.611,0.29812694,5.679677
18612,18.612,0.30208647,5.6375265
18613,18.613,0.30766523,5.587933
18614,18.614,0.29355982,5.5649643
18615,18.615,0.31020814,5.387145
18616,18.616,0.3120471,5.491688
18617,18.617,0.31788298,5.594084
18618,18.618,0.33214507,5.5684896
18619,18.619,0.32361707,5.520664
18620,18.62,0.31585246,5.4958706
18621,18.621,0.31332454,5.449063
18622,18.622,0.31884068,5.533342
18623,18.623,0.32181692,5.4723854
18624,18.624,0.318818,5.4985557
18625,18.625,0.3247113,5.4418173
18626,18.626,0.30213523,5.533506
18627,18.627,0.30521914,5.470244
18628,18.628,0.3037731,5.456777
18629,18.629,0.30285788,5.623433
18630,18.63,0.28808045,5.523103
18631,18.631,0.28725287,5.4118466
18632,18.632,0.28644043,5.375342
18633,18.633,0.29201055,5.4662876
18634,18.634,0.27945513,5.3461246
18635,18.635,0.2890467,5.3072844
18636,18.636,0.27888703,5.3254886
18637,18.637,0.27236435,5.369609
18638,18.638,0.2798586,5.324899
18639,18.639,0.2946307,5.355237
18640,18.64,0.2827973,5.353601
18641,18.641,0.2854678,5.292268
18642,18.642,0.29443663,5.331878
18643,18.643,0.294836,5.3261952
18644,18.644,0.28778177,5.4441214
18645,18.645,0.28088418,5.4098005
18646,18.646,0.29711592,5.277003
18647,18.647,0.29926723,5.385736
18648,18.648,0.3076104,5.4521523
18649,18.649,0.30139017,5.41614
18650,18.65,0.30383247,5.4062066
18651,18.651,0.3207269,5.425871
18652,18.652,0.32186902,5.418004
18653,18.653,0.32017967,5.407727
18654,18.654,0.31536368,5.3863177
18655,18.655,0.3201004,5.302274
18656,18.656,0.31586507,5.2805386
18657,18.657,0.32557452,5.2356205
18658,18.658,0.33146206,5.2984643
18659,18.659,0.31789607,5.308422
18660,18.66,0.31362048,5.3193355
18661,18.661,0.32422197,5.371584
18662,18.662,0.3208251,5.3875775
18663,18.663,0.30866286,5.4955997
18664,18.664,0.308519,5.6087008
18665,18.665,0.30395135,5.604736
18666,18.666,0.32178533,5.610731
18667,18.667,0.32474226,5.555489
18668,18.668,0.33241645,5.445684
18669,18.669,0.33181202,5.4934564
18670,18.67,0.32611623,5.594019
18671,18.671,0.31298327,5.5812263
18672,18.672,0.31085718,5.579588
18673,18.673,0.31924808,5.5800786
18674,18.674,0.32320067,5.5817933
18675,18.675,0.32265943,5.689823
18676,18.676,0.31193,5.766297
18677,18.677,0.31940702,5.7285933
18678,18.678,0.32253096,5.764796
18679,18.679,0.34591657,5.7230043
18680,18.68,0.33757198,5.8211746
18681,18.681,0.33113548,5.7459555
18682,18.682,0.34315005,5.765629
18683,18.683,0.34478888,5.829401
18684,18.684,0.34782943,5.803357
18685,18.685,0.33857417,5.741105
18686,18.686,0.33228758,5.7457466
18687,18.687,0.33051437,5.709901
18688,18.688,0.31882235,5.837535
18689,18.689,0.33657125,5.9249067
18690,18.69,0.32963026,5.8471136
18691,18.691,0.32037708,5.7847543
18692,18.692,0.3066819,5.779344
18693,18.693,0.31399566,5.7242556
18694,18.694,0.31318468,5.7807145
18695,18.695,0.31513944,5.8561034
18696,18.696,0.30828324,5.8077307
18697,18.697,0.31741992,5.7204037
18698,18.698,0.3146312,5.6676307
18699,18.699,0.33116654,5.7780523
18700,18.7,0.32012606,5.7544026
18701,18.701,0.30564076,5.710348
18702,18.702,0.29881653,5.7516556
18703,18.703,0.2938668,5.7979217
18704,18.704,0.2980781,5.813546
18705,18.705,0.28476518,5.8151693
18706,18.706,0.2830051,5.847353
18707,18.707,0.28752017,5.829039
18708,18.708,0.2829957,5.849652
18709,18.709,0.28424066,5.8177977
18710,18.71,0.2939437,5.7675724
18711,18.711,0.3078399,5.7451963
18712,18.712,0.3042617,5.7538104
18713,18.713,0.3055935,5.7047496
18714,18.714,0.307492,5.706635
18715,18.715,0.30837247,5.666577
18716,18.716,0.3002637,5.7183704
18717,18.717,0.30748352,5.7047644
18718,18.718,0.32172444,5.8650713
18719,18.719,0.31305104,5.957717
18720,18.72,0.32164484,6.0143228
18721,18.721,0.33262587,6.065263
18722,18.722,0.33496433,6.005046
18723,18.723,0.33598223,5.92136
18724,18.724,0.33094323,6.0526214
18725,18.725,0.3226469,6.1325083
18726,18.726,0.3185777,6.1069913
18727,18.727,0.3174376,6.2111387
18728,18.728,0.30591276,6.141936
18729,18.729,0.30221844,6.1448846
18730,18.73,0.31562197,6.1518955
18731,18.731,0.30813283,6.0782037
18732,18.732,0.3155273,6.097721
18733,18.733,0.30389202,5.9729567
18734,18.734,0.31926024,6.038383
18735,18.735,0.32485634,5.867706
18736,18.736,0.33771747,5.9278107
18737,18.737,0.32278156,6.0869327
18738,18.738,0.32539213,6.090902
18739,18.739,0.32191122,6.079887
18740,18.74,0.32805172,6.0226274
18741,18.741,0.33352512,6.0228457
18742,18.742,0.33886474,6.069217
18743,18.743,0.3375004,6.089667
18744,18.744,0.3271521,6.160653
18745,18.745,0.33921185,6.221507
18746,18.746,0.33799717,6.172173
18747,18.747,0.34251076,6.127411
18748,18.748,0.33959058,6.142693
18749,18.749,0.34708256,6.1005983
18750,18.75,0.33067992,6.2510266
18751,18.751,0.32173216,6.166052
18752,18.752,0.33058345,6.2893176
18753,18.753,0.3297358,6.208902
18754,18.754,0.3321404,6.201078
18755,18.755,0.3366511,6.1706395
18756,18.756,0.3412255,6.15468
18757,18.757,0.33015096,6.149613
18758,18.758,0.32963324,6.1310925
18759,18.759,0.3201802,6.0091763
18760,18.76,0.32569167,5.887604
18761,18.761,0.32022625,5.8973374
18762,18.762,0.33270806,5.8975534
18763,18.763,0.32570428,5.8076825
18764,18.764,0.3310562,5.8264847
18765,18.765,0.3247896,5.8251524
18766,18.766,0.3207831,5.8239965
18767,18.767,0.31117496,5.8423243
18768,18.768,0.30450952,5.8654504
18769,18.769,0.3118857,5.8106794
18770,18.77,0.31769603,5.8218565
18771,18.771,0.315585,5.838213
18772,18.772,0.31106552,5.771821
18773,18.773,0.32632086,5.7550926
18774,18.774,0.3162672,5.782071
18775,18.775,0.32395837,5.6705976
18776,18.776,0.31446028,5.7064953
18777,18.777,0.3167482,5.756845
18778,18.778,0.31251442,5.8108025
18779,18.779,0.3133391,5.7744875
18780,18.78,0.29829246,5.713098
18781,18.781,0.2897571,5.789061
18782,18.782,0.30041245,5.7823596
18783,18.783,0.29220942,5.745519
18784,18.784,0.30938986,5.7774696
18785,18.785,0.30643982,5.7244096
18786,18.786,0.2962765,5.816531
18787,18.787,0.2944998,5.8152227
18788,18.788,0.2936354,5.7833223
18789,18.789,0.2922201,5.8468137
18790,18.79,0.28348422,5.793619
18791,18.791,0.29000056,5.7782283
18792,18.792,0.28846002,5.9031987
18793,18.793,0.28989112,5.8891053
18794,18.794,0.2722712,5.878681
18795,18.795,0.2852673,5.8605647
18796,18.796,0.28539655,5.953568
18797,18.797,0.2963951,6.036701
18798,18.798,0.31759867,6.158793
18799,18.799,0.31832704,6.12913
18800,18.8,0.31151837,6.0484204
18801,18.801,0.3159518,6.121005
18802,18.802,0.3047918,6.150104
18803,18.803,0.31352133,6.203504
18804,18.804,0.2951219,6.211578
18805,18.805,0.30643266,6.204544
18806,18.806,0.30719993,4.77564
18807,18.807,0.3119448,6.137773
18808,18.808,0.3089277,6.0472994
18809,18.809,0.31866097,6.059581
18810,18.81,0.2980713,5.9848123
18811,18.811,0.31759012,5.9909883
18812,18.812,0.32433406,6.0429125
18813,18.813,0.32806757,6.0346336
18814,18.814,0.34483248,5.9223065
18815,18.815,0.3457984,5.9796276
18816,18.816,0.3491048,5.860511
18817,18.817,0.33539546,5.93471
18818,18.818,0.3276801,5.8843775
18819,18.819,0.32520363,5.838243
18820,18.82,0.3326568,5.8101325
18821,18.821,0.3314577,5.7613215
18822,18.822,0.33329785,5.8137965
18823,18.823,0.32515758,5.726139
18824,18.824,0.32424122,5.670159
18825,18.825,0.34527653,5.616908
18826,18.826,0.3408991,5.474585
18827,18.827,0.33535168,4.7727675
18828,18.828,0.3434383,4.735099
18829,18.829,0.34138486,4.729618
18830,18.83,0.3406403,5.609654
18831,18.831,0.325879,5.4557333
18832,18.832,0.33423072,5.5587015
18833,18.833,0.32789576,5.4240246
18834,18.834,0.33176968,5.407135
18835,18.835,0.3372357,5.3265796
18836,18.836,0.3453455,5.2371006
18837,18.837,0.34566233,5.335788
18838,18.838,0.3520383,5.286443
18839,18.839,0.3449982,5.269378
18840,18.84,0.3519442,5.19366
18841,18.841,0.35500228,5.237876
18842,18.842,0.36259824,5.220671
18843,18.843,0.3775589,5.1358624
18844,18.844,0.37470102,5.117442
18845,18.845,0.36531934,5.1588883
18846,18.846,0.36504316,5.246233
18847,18.847,0.3747419,5.144217
18848,18.848,0.358036,5.1443987
18849,18.849,0.3611875,5.277726
18850,18.85,0.35915798,5.185438
18851,18.851,0.3584866,4.9603353
18852,18.852,0.36416018,4.9385056
18853,18.853,0.3456207,5.003471
18854,18.854,0.34708655,5.042129
18855,18.855,0.34664297,5.0489674
18856,18.856,0.3496107,4.929478
18857,18.857,0.344387,4.855206
18858,18.858,0.34709603,4.8627033
18859,18.859,0.35789424,4.917178
18860,18.86,0.35595638,4.962445
18861,18.861,0.36117038,5.0734234
18862,18.862,0.35147142,5.0249863
18863,18.863,0.3430569,5.1222277
18864,18.864,0.37114733,5.271152
18865,18.865,0.3587116,5.2961254
18866,18.866,0.33844954,5.281821
18867,18.867,0.35445577,5.3819404
18868,18.868,0.35343158,5.354962
18869,18.869,0.36335728,5.4060364
18870,18.87,0.3665718,5.3981695
18871,18.871,0.34848353,5.4456577
18872,18.872,0.36632106,5.4589543
18873,18.873,0.35892808,5.406559
18874,18.874,0.3554912,5.440007
18875,18.875,0.35086423,5.4465623
18876,18.876,0.3618516,5.3564544
18877,18.877,0.3732809,5.4103546
18878,18.878,0.36378175,5.342088
18879,18.879,0.37379602,5.372113
18880,18.88,0.36990812,5.3320856
18881,18.881,0.36245456,5.3689504
18882,18.882,0.35371292,5.35741
18883,18.883,0.36971995,4.718018
18884,18.884,0.36653098,4.706796
18885,18.885,0.36781517,5.4232173
18886,18.886,0.35535428,4.737861
18887,18.887,0.35253772,4.7037187
18888,18.888,0.36117038,5.541711
18889,18.889,0.36471114,4.6904144
18890,18.89,0.3612137,4.6899333
18891,18.891,0.35848144,4.703999
18892,18.892,0.3581041,4.7030535
18893,18.893,0.3449625,4.7946362
18894,18.894,0.3462883,4.7960105
18895,18.895,0.35114267,4.7955317
18896,18.896,0.34453768,4.824382
18897,18.897,0.35310698,4.7820764
18898,18.898,0.34667665,4.785723
18899,18.899,0.35106218,4.8132463
18900,18.9,0.35378563,4.759067
18901,18.901,0.34475234,4.78332
18902,18.902,0.35105792,4.794524
18903,18.903,0.35445726,4.7811275
18904,18.904,0.34632203,4.76383
18905,18.905,0.346202,4.736901
18906,18.906,0.33669934,4.734533
18907,18.907,0.32890213,4.7434688
18908,18.908,0.336774,4.7104263
18909,18.909,0.34995207,4.7740912
18910,18.91,0.3447049,4.753858
18911,18.911,0.33660817,4.740616
18912,18.912,0.34294602,4.791471
18913,18.913,0.34762084,4.8035917
18914,18.914,0.34277627,4.7197227
18915,18.915,0.3421202,4.8000555
18916,18.916,0.34357947,4.717544
18917,18.917,0.3334589,4.7497787
18918,18.918,0.33990565,4.7855463
18919,18.919,0.33146033,4.7938676
18920,18.92,0.32040885,4.8206615
18921,18.921,0.32248005,4.817211
18922,18.922,0.31223577,4.8279247
18923,18.923,0.31897587,4.8503036
18924,18.924,0.318645,4.791122
18925,18.925,0.31573313,4.7593775
18926,18.926,0.30940667,4.7622433
18927,18.927,0.32354507,4.806566
18928,18.928,0.32272372,4.807704
18929,18.929,0.31134263,4.8133607
18930,18.93,0.30018786,4.7793536
18931,18.931,0.31221947,4.7183876
18932,18.932,0.3213151,4.7035213
18933,18.933,0.3125011,4.805469
18934,18.934,0.33588415,4.7650843
18935,18.935,0.3235413,4.803123
18936,18.936,0.31483373,4.7983165
18937,18.937,0.31041378,4.812856
18938,18.938,0.3105705,4.7490616
18939,18.939,0.31657937,4.8052807
18940,18.94,0.33039352,4.754973
18941,18.941,0.32045808,4.770875
18942,18.942,0.31856483,4.7921615
18943,18.943,0.3221318,4.789172
18944,18.944,0.31598455,4.7974896
18945,18.945,0.3382307,4.8215976
18946,18.946,0.34654942,4.77843
18947,18.947,0.34423122,4.780356
18948,18.948,0.34971386,4.759507
18949,18.949,0.3489221,4.7557144
18950,18.95,0.32958677,4.835461
18951,18.951,0.33945152,4.8617916
18952,18.952,0.3472199,4.8434987
18953,18.953,0.3363196,4.792758
18954,18.954,0.35536158,4.809281
18955,18.955,0.35915652,4.867614
18956,18.956,0.34742343,4.845848
18957,18.957,0.35206422,4.8387065
18958,18.958,0.35196245,4.8254204
18959,18.959,0.35866117,4.8186345
18960,18.96,0.35856253,4.8238173
18961,18.961,0.36071607,4.817008
18962,18.962,0.35448268,4.845342
18963,18.963,0.35573986,4.874267
18964,18.964,0.3499174,4.8434944
18965,18.965,0.34526345,4.84901
18966,18.966,0.35001436,4.8373365
18967,18.967,0.3386506,4.8525662
18968,18.968,0.34365278,4.829521
18969,18.969,0.32957956,4.8402534
18970,18.97,0.33682016,4.857045
18971,18.971,0.3344067,4.8626075
18972,18.972,0.3291514,4.804371
18973,18.973,0.3483233,4.8041286
18974,18.974,0.33099896,4.821356
18975,18.975,0.33147198,4.797002
18976,18.976,0.32698315,4.8519945
18977,18.977,0.32608378,4.924895
18978,18.978,0.32039297,4.859181
18979,18.979,0.31644535,4.8247337
18980,18.98,0.31923813,4.8296905
18981,18.981,0.32716694,4.8887243
18982,18.982,0.33220318,5.001826
18983,18.983,0.34288365,5.050047
18984,18.984,0.3308716,5.050822
18985,18.985,0.32437775,5.1601458
18986,18.986,0.32816657,5.08607
18987,18.987,0.31860763,5.207283
18988,18.988,0.32250926,5.2613473
18989,18.989,0.32371244,4.831253
18990,18.99,0.32204658,4.806107
18991,18.991,0.31768948,4.7951956
18992,18.992,0.32141313,4.778253
18993,18.993,0.32622734,5.1323037
18994,18.994,0.33802965,5.2097435
18995,18.995,0.34900227,5.265255
18996,18.996,0.33818915,5.365302
18997,18.997,0.32620537,5.511241
18998,18.998,0.32566592,5.406514
18999,18.999,0.33197033,5.3173885
19000,19.0,0.3483878,5.3759317
19001,19.001,0.33436057,5.420493
19002,19.002,0.33301872,5.3836584
19003,19.003,0.33724806,5.468389
19004,19.004,0.34952042,5.621819
19005,19.005,0.3607768,5.6072645
19006,19.006,0.367572,5.695156
19007,19.007,0.35304478,5.735085
19008,19.008,0.33331448,5.546004
19009,19.009,0.3333651,5.616256
19010,19.01,0.33449382,5.482946
19011,19.011,0.34756047,5.4547863
19012,19.012,0.35581914,5.5408716
19013,19.013,0.34528205,5.5378366
19014,19.014,0.33573097,5.527184
19015,19.015,0.35178897,5.5942755
19016,19.016,0.34852433,4.7531695
19017,19.017,0.33897832,4.769001
19018,19.018,0.34069508,4.7631063
19019,19.019,0.34254265,4.7981505
19020,19.02,0.35264507,4.771191
19021,19.021,0.33998775,4.7734265
19022,19.022,0.33746767,4.776875
19023,19.023,0.321323,4.789389
19024,19.024,0.34278232,4.7722373
19025,19.025,0.3265392,4.8232865
19026,19.026,0.33275235,4.7852015
19027,19.027,0.31495103,4.7834005
19028,19.028,0.3090908,4.7760983
19029,19.029,0.30338034,4.7380953
19030,19.03,0.31261706,4.7444873
19031,19.031,0.31346083,4.7479887
19032,19.032,0.30905098,4.7752376
19033,19.033,0.29115203,4.752032
19034,19.034,0.2927007,4.761243
19035,19.035,0.2893179,4.8019967
19036,19.036,0.29564065,4.852384
19037,19.037,0.28766224,4.731038
19038,19.038,0.2688766,4.7765045
19039,19.039,0.2674919,5.358186
19040,19.04,0.26463395,5.386442
19041,19.041,0.25890958,5.3182554
19042,19.042,0.25074494,5.3211436
19043,19.043,0.2648488,5.3623095
19044,19.044,0.26280898,5.428985
19045,19.045,0.26205885,5.4084835
19046,19.046,0.27526572,5.3988357
19047,19.047,0.2663488,5.402285
19048,19.048,0.27083555,5.3869953
19049,19.049,0.2686095,5.391711
19050,19.05,0.26887167,5.475549
19051,19.051,0.26561737,5.4252596
19052,19.052,0.26585227,5.44524
19053,19.053,0.26866287,5.5486655
19054,19.054,0.2772483,5.5050883
19055,19.055,0.28596687,5.552726
19056,19.056,0.27885678,5.4748154
19057,19.057,0.26400572,5.4831924
19058,19.058,0.26917377,5.614604
19059,19.059,0.27156952,5.5193586
19060,19.06,0.25382793,5.5518703
19061,19.061,0.26160696,5.5452557
19062,19.062,0.25889128,5.5689125
19063,19.063,0.2756327,5.506845
19064,19.064,0.26411036,5.4152193
19065,19.065,0.25807846,5.282174
19066,19.066,0.27095503,5.408423
19067,19.067,0.26336175,5.417083
19068,19.068,0.26373565,5.540405
19069,19.069,0.25839967,5.528124
19070,19.07,0.26524937,5.5340357
19071,19.071,0.25983438,5.541107
19072,19.072,0.26824474,5.5372515
19073,19.073,0.28910828,5.4810667
19074,19.074,0.27255124,5.267709
19075,19.075,0.29112503,5.238309
19076,19.076,0.29716924,5.2061515
19077,19.077,0.27910975,5.253675
19078,19.078,0.28547126,5.221496
19079,19.079,0.29124334,5.1528587
19080,19.08,0.2758568,5.1091533
19081,19.081,0.2810625,5.1691756
19082,19.082,0.28764296,5.0666847
19083,19.083,0.30084965,5.038689
19084,19.084,0.3078386,4.9961658
19085,19.085,0.2989407,4.966895
19086,19.086,0.3040443,4.927643
19087,19.087,0.29071698,4.8065047
19088,19.088,0.2821167,4.834172
19089,19.089,0.26571462,4.7997766
19090,19.09,0.28426057,4.8172927
19091,19.091,0.2994113,4.83866
19092,19.092,0.29399323,4.764272
19093,19.093,0.29519767,4.869097
19094,19.094,0.3122119,4.9234924
19095,19.095,0.30818254,4.8208823
19096,19.096,0.3169516,4.9316835
19097,19.097,0.3123633,4.954463
19098,19.098,0.30875328,4.88458
19099,19.099,0.29962704,4.9840775
19100,19.1,0.30680305,5.0257425
19101,19.101,0.33515325,4.9777384
19102,19.102,0.33526945,5.0378256
19103,19.103,0.32092938,4.923816
19104,19.104,0.30945727,4.9178867
19105,19.105,0.30756095,4.9159408
19106,19.106,0.30635077,4.835441
19107,19.107,0.32118952,4.8197694
19108,19.108,0.32683977,4.8443065
19109,19.109,0.3173784,4.737437
19110,19.11,0.32011738,4.8431087
19111,19.111,0.32701287,4.778834
19112,19.112,0.31567582,4.959293
19113,19.113,0.3288935,4.988787
19114,19.114,0.34059736,4.971436
19115,19.115,0.34127954,5.0508847
19116,19.116,0.3186412,5.09698
19117,19.117,0.32109466,5.0908194
19118,19.118,0.32095352,5.1170936
19119,19.119,0.33683458,5.126807
19120,19.12,0.32955205,5.135521
19121,19.121,0.3210554,5.086263
19122,19.122,0.31592235,5.1511655
19123,19.123,0.34337097,5.145905
19124,19.124,0.35585323,5.1385303
19125,19.125,0.33667752,5.195163
19126,19.126,0.34804356,5.141438
19127,19.127,0.35149673,5.0510015
19128,19.128,0.35393196,5.052501
19129,19.129,0.35333213,5.0022635
19130,19.13,0.3470276,4.899511
19131,19.131,0.3359573,4.9749613
19132,19.132,0.3455732,4.9107943
19133,19.133,0.34146088,4.791246
19134,19.134,0.33799186,4.780906
19135,19.135,0.31996334,4.796202
19136,19.136,0.31360906,4.8900256
19137,19.137,0.31241584,4.7537932
19138,19.138,0.33395788,4.7384577
19139,19.139,0.3220024,4.70311
19140,19.14,0.32239544,4.9554334
19141,19.141,0.3308994,4.9712462
19142,19.142,0.3324625,4.8839407
19143,19.143,0.31719187,4.8654556
19144,19.144,0.30412337,4.8967214
19145,19.145,0.31598124,4.900651
19146,19.146,0.2999962,4.7038255
19147,19.147,0.30400535,4.709674
19148,19.148,0.3014502,4.72836
19149,19.149,0.2898622,4.7052093
19150,19.15,0.28920904,4.7553296
19151,19.151,0.2997626,4.8004107
19152,19.152,0.30981326,4.7567277
19153,19.153,0.3071764,4.741194
19154,19.154,0.30161217,4.720494
19155,19.155,0.31036013,4.7706537
19156,19.156,0.31981263,4.6597767
19157,19.157,0.29923788,4.6942143
19158,19.158,0.3049397,4.739207
19159,19.159,0.31737566,4.6673512
19160,19.16,0.31132814,4.6361885
19161,19.161,0.29569164,4.6579695
19162,19.162,0.3141738,4.6888814
19163,19.163,0.31481335,4.6644816
19164,19.164,0.28919724,4.7782836
19165,19.165,0.29461774,4.784365
19166,19.166,0.3017208,4.7839584
19167,19.167,0.29362556,4.7320623
19168,19.168,0.30436808,4.698861
19169,19.169,0.29765758,4.734299
19170,19.17,0.2988701,4.7103324
19171,19.171,0.30490443,4.7413177
19172,19.172,0.30440852,4.7275987
19173,19.173,0.30558553,4.6914215
19174,19.174,0.29352888,4.706295
19175,19.175,0.29499263,4.7425942
19176,19.176,0.30550307,4.7393384
19177,19.177,0.307585,4.7884617
19178,19.178,0.309969,4.7413406
19179,19.179,0.32118627,4.7518597
19180,19.18,0.31915465,4.774479
19181,19.181,0.31758285,4.758147
19182,19.182,0.30108988,4.7900443
19183,19.183,0.31524947,4.7691703
19184,19.184,0.31765473,4.7776947
19185,19.185,0.31090012,4.7791843
19186,19.186,0.30382144,4.7757816
19187,19.187,0.31524432,4.8060246
19188,19.188,0.29990602,4.805944
19189,19.189,0.292175,4.806916
19190,19.19,0.29780143,4.7852645
19191,19.191,0.27775192,5.079845
19192,19.192,0.27883044,4.994381
19193,19.193,0.27276874,4.9786596
19194,19.194,0.28670183,4.7784777
19195,19.195,0.2794144,4.7812214
19196,19.196,0.25955483,4.7202597
19197,19.197,0.27551675,4.921249
19198,19.198,0.28008133,4.879002
19199,19.199,0.27860108,4.857314
19200,19.2,0.2604145,4.7378616
19201,19.201,0.25998914,4.7686086
19202,19.202,0.26546612,4.777771
19203,19.203,0.26330444,4.760977
19204,19.204,0.2853131,4.917603
19205,19.205,0.28420728,4.7829676
19206,19.206,0.2995234,4.780199
19207,19.207,0.2823696,4.800897
19208,19.208,0.2647927,4.8342977
19209,19.209,0.26009938,4.896508
19210,19.21,0.2717159,4.914984
19211,19.211,0.2664701,4.854832
19212,19.212,0.26973575,4.8490996
19213,19.213,0.29407266,4.803264
19214,19.214,0.30150503,4.866203
19215,19.215,0.2927171,4.7843513
19216,19.216,0.29048425,4.79961
19217,19.217,0.29718733,4.837258
19218,19.218,0.30746755,4.8467793
19219,19.219,0.30703866,4.7319427
19220,19.22,0.3141221,4.874987
19221,19.221,0.31180027,4.8617954
19222,19.222,0.30092475,4.89305
19223,19.223,0.29357556,4.9965935
19224,19.224,0.30479124,5.0887785
19225,19.225,0.2939775,5.00334
19226,19.226,0.2913723,4.857089
19227,19.227,0.28218618,4.883903
19228,19.228,0.28593695,5.0651817
19229,19.229,0.28111702,5.027466
19230,19.23,0.2796619,4.985888
19231,19.231,0.28920823,5.0853395
19232,19.232,0.29131696,5.1289597
19233,19.233,0.3008856,5.1756167
19234,19.234,0.29660076,4.7055364
19235,19.235,0.2888779,4.9635215
19236,19.236,0.28694084,4.987891
19237,19.237,0.27658308,5.0400534
19238,19.238,0.27489403,4.9193974
19239,19.239,0.27803126,4.8845124
19240,19.24,0.28435713,4.8041024
19241,19.241,0.29496226,4.748489
19242,19.242,0.28803855,4.8156557
19243,19.243,0.28419,4.7325583
19244,19.244,0.2728681,4.7997546
19245,19.245,0.2889853,4.741691
19246,19.246,0.28381535,4.8315973
19247,19.247,0.26896754,4.7612514
19248,19.248,0.27225333,4.8136353
19249,19.249,0.2662822,4.722757
19250,19.25,0.26816803,4.7992735
19251,19.251,0.27841908,4.789083
19252,19.252,0.27787986,4.743974
19253,19.253,0.27789485,4.7943683
19254,19.254,0.2757887,4.7773724
19255,19.255,0.27451193,4.80006
19256,19.256,0.26998484,4.797496
19257,19.257,0.27706456,4.7367105
19258,19.258,0.27034575,4.819771
19259,19.259,0.2845786,4.718174
19260,19.26,0.29477975,4.749934
19261,19.261,0.2781412,4.680088
19262,19.262,0.28452092,4.599434
19263,19.263,0.28455424,4.561295
19264,19.264,0.28607804,4.537397
19265,19.265,0.29268807,4.6435213
19266,19.266,0.29110995,4.5560517
19267,19.267,0.29321802,4.406636
19268,19.268,0.30461523,4.2546988
19269,19.269,0.30254206,4.2843585
19270,19.27,0.29477426,4.2726307
19271,19.271,0.30528957,4.3859644
19272,19.272,0.29795125,4.3801117
19273,19.273,0.2992408,4.473839
19274,19.274,0.29165345,4.490973
19275,19.275,0.30417565,4.452779
19276,19.276,0.30374402,4.402524
19277,19.277,0.30525586,4.446265
19278,19.278,0.28253844,4.540399
19279,19.279,0.28419712,4.502666
19280,19.28,0.28944376,4.5207515
19281,19.281,0.28939244,4.604086
19282,19.282,0.29383197,4.6065593
19283,19.283,0.28972298,4.6264834
19284,19.284,0.3038783,4.565529
19285,19.285,0.29474545,4.625237
19286,19.286,0.28757986,4.6555595
19287,19.287,0.27793083,4.6141825
19288,19.288,0.2832927,4.544913
19289,19.289,0.2946984,4.560624
19290,19.29,0.27896452,4.579711
19291,19.291,0.28055516,4.5804234
19292,19.292,0.27051225,4.549205
19293,19.293,0.28229675,4.494181
19294,19.294,0.29458243,4.4713135
19295,19.295,0.2922982,4.400374
19296,19.296,0.29563457,4.334816
19297,19.297,0.29906574,4.4081154
19298,19.298,0.3026366,4.341815
19299,19.299,0.31426284,4.443114
19300,19.3,0.32380205,4.3246365
19301,19.301,0.32834387,4.258045
19302,19.302,0.3113532,4.337512
19303,19.303,0.30069783,4.2901855
19304,19.304,0.30163,4.3762574
19305,19.305,0.3116141,4.415382
19306,19.306,0.30049154,4.5853868
19307,19.307,0.29287916,4.702755
19308,19.308,0.2993192,4.635692
19309,19.309,0.29667637,4.559268
19310,19.31,0.29765078,4.5583982
19311,19.311,0.3042241,4.6045213
19312,19.312,0.30233738,4.5776134
19313,19.313,0.28907672,4.6628723
19314,19.314,0.27929357,4.672748
19315,19.315,0.28456095,4.716519
19316,19.316,0.2884596,4.743664
19317,19.317,0.2953582,4.7443404
19318,19.318,0.2947517,4.6141815
19319,19.319,0.28659517,4.746798
19320,19.32,0.29376784,4.691953
19321,19.321,0.28429902,4.7075195
19322,19.322,0.29864103,4.618618
19323,19.323,0.30367377,4.4974422
19324,19.324,0.31783518,4.514021
19325,19.325,0.30708852,4.7196755
19326,19.326,0.30982447,4.684135
19327,19.327,0.30831456,4.7460737
19328,19.328,0.30206484,4.6407022
19329,19.329,0.30534315,4.6564937
19330,19.33,0.3165319,4.5927653
19331,19.331,0.3069012,4.626828
19332,19.332,0.30985168,4.7061753
19333,19.333,0.29615182,4.726777
19334,19.334,0.27436534,4.7936053
19335,19.335,0.2890901,4.7545753
19336,19.336,0.2772412,4.7713566
19337,19.337,0.2859875,4.725884
19338,19.338,0.2854666,4.734938
19339,19.339,0.2768991,4.745723
19340,19.34,0.26873535,4.6271152
19341,19.341,0.26658437,4.5344305
19342,19.342,0.26026067,4.5684896
19343,19.343,0.2682189,4.6574054
19344,19.344,0.27884537,4.7131147
19345,19.345,0.27846602,4.663135
19346,19.346,0.27796575,4.687219
19347,19.347,0.2747222,4.564573
19348,19.348,0.26392382,4.594041
19349,19.349,0.2620198,4.742616
19350,19.35,0.25265732,4.678183
19351,19.351,0.24338187,4.6512446
19352,19.352,0.24522085,4.518262
19353,19.353,0.26370212,4.4082475
19354,19.354,0.2625971,4.4192953
19355,19.355,0.25771943,4.4163294
19356,19.356,0.25728828,4.544428
19357,19.357,0.26741046,4.532955
19358,19.358,0.2499697,4.5197153
19359,19.359,0.23929664,4.592826
19360,19.36,0.24683574,4.6055603
19361,19.361,0.24735595,4.464942
19362,19.362,0.24940999,4.391711
19363,19.363,0.2553893,4.3860893
19364,19.364,0.24838568,4.407236
19365,19.365,0.24779066,4.2376122
19366,19.366,0.26518857,4.2912855
19367,19.367,0.2726034,4.27147
19368,19.368,0.26865318,4.230637
19369,19.369,0.2666789,4.270929
19370,19.37,0.27789444,4.204256
19371,19.371,0.2814314,4.7133946
19372,19.372,0.27539903,4.7441263
19373,19.373,0.26416045,4.7047806
19374,19.374,0.25972468,4.720758
19375,19.375,0.25777754,4.713514
19376,19.376,0.259716,4.7047467
19377,19.377,0.26908097,4.7239685
19378,19.378,0.27677214,4.712694
19379,19.379,0.28801927,4.6817994
19380,19.38,0.28242305,4.6506696
19381,19.381,0.2738082,4.781982
19382,19.382,0.28338653,4.6236696
19383,19.383,0.27993643,4.676887
19384,19.384,0.28215873,4.617593
19385,19.385,0.28560668,4.8520336
19386,19.386,0.28495187,4.63255
19387,19.387,0.26785856,4.63244
19388,19.388,0.2605685,4.6263924
19389,19.389,0.2747836,4.6016607
19390,19.39,0.27617905,4.617327
19391,19.391,0.28151602,4.640872
19392,19.392,0.25513366,4.6781087
19393,19.393,0.27048233,4.6676292
19394,19.394,0.27273524,4.6270294
19395,19.395,0.27482146,4.698211
19396,19.396,0.28305328,4.6698904
19397,19.397,0.26802725,4.676323
19398,19.398,0.27168784,4.663629
19399,19.399,0.2732897,4.0331135
19400,19.4,0.27180332,4.0457716
19401,19.401,0.2584218,3.9544086
19402,19.402,0.25132975,3.9328787
19403,19.403,0.2507182,4.06447
19404,19.404,0.25969887,4.213248
19405,19.405,0.2512527,4.1610413
19406,19.406,0.2658425,4.148284
19407,19.407,0.2512594,4.08391
19408,19.408,0.25343028,4.062873
19409,19.409,0.2481622,3.9826431
19410,19.41,0.24685097,3.9509733
19411,19.411,0.24977171,4.002676
19412,19.412,0.25914836,4.0097523
19413,19.413,0.26972717,3.9454274
19414,19.414,0.27761266,3.9902143
19415,19.415,0.28373244,3.9937398
19416,19.416,0.29311767,4.0584636
19417,19.417,0.2896436,4.0224996
19418,19.418,0.27720013,3.9554036
19419,19.419,0.28187937,3.9578643
19420,19.42,0.27885595,3.8742034
19421,19.421,0.26324254,3.8535218
19422,19.422,0.26473746,4.019964
19423,19.423,0.2597761,4.124973
19424,19.424,0.2687145,4.0741043
19425,19.425,0.26058915,4.136902
19426,19.426,0.2662442,4.12553
19427,19.427,0.26605332,4.1246524
19428,19.428,0.2687986,4.1072917
19429,19.429,0.2635188,4.0986533
19430,19.43,0.2611592,4.0668545
19431,19.431,0.26842007,3.9777956
19432,19.432,0.27334806,3.8656626
19433,19.433,0.2792346,3.8916206
19434,19.434,0.27730644,3.794283
19435,19.435,0.26280722,3.8499815
19436,19.436,0.2702675,3.9332063
19437,19.437,0.2657529,3.8320727
19438,19.438,0.27832025,3.9304605
19439,19.439,0.27130952,3.972969
19440,19.44,0.27100343,3.8354592
19441,19.441,0.29162312,3.992462
19442,19.442,0.28917485,4.0001073
19443,19.443,0.28929394,3.9167576
19444,19.444,0.2885914,3.9385407
19445,19.445,0.29701808,4.03167
19446,19.446,0.30339462,4.013802
19447,19.447,0.29987693,3.9645505
19448,19.448,0.30719617,4.003531
19449,19.449,0.30627626,3.900819
19450,19.45,0.30876115,3.810508
19451,19.451,0.3249732,3.820332
19452,19.452,0.31104806,3.857864
19453,19.453,0.30590332,3.9318614
19454,19.454,0.31220096,3.9406857
19455,19.455,0.2813513,4.1171904
19456,19.456,0.2753308,4.579873
19457,19.457,0.27406943,4.649729
19458,19.458,0.28234076,4.65352
19459,19.459,0.29419684,4.6145535
19460,19.46,0.29915094,4.618362
19461,19.461,0.294449,4.641354
19462,19.462,0.2936045,4.2145243
19463,19.463,0.287143,4.0377474
19464,19.464,0.2813287,4.08563
19465,19.465,0.2751689,4.104156
19466,19.466,0.26106733,3.9471428
19467,19.467,0.2658349,3.8844023
19468,19.468,0.26857314,3.9230528
19469,19.469,0.262991,4.0183825
19470,19.47,0.26263803,3.9205356
19471,19.471,0.26104432,3.8740103
19472,19.472,0.2889735,3.8991857
19473,19.473,0.27975798,3.9115064
19474,19.474,0.29326236,4.071143
19475,19.475,0.2841837,4.076677
19476,19.476,0.2749119,3.9924824
19477,19.477,0.2567123,3.928524
19478,19.478,0.25702867,3.8326225
19479,19.479,0.24319348,3.9250772
19480,19.48,0.25449514,3.7762747
19481,19.481,0.24379759,3.6049078
19482,19.482,0.24104884,3.549372
19483,19.483,0.23933528,3.4967687
19484,19.484,0.24183331,3.5021675
19485,19.485,0.26082546,3.594709
19486,19.486,0.25761044,3.6115983
19487,19.487,0.25161636,3.5192394
19488,19.488,0.2497525,3.6531734
19489,19.489,0.26093093,3.6292825
19490,19.49,0.25339082,3.6457427
19491,19.491,0.25503984,3.640264
19492,19.492,0.23469266,3.606523
19493,19.493,0.23414283,3.474346
19494,19.494,0.25840905,3.5734138
19495,19.495,0.25093228,3.5767012
19496,19.496,0.26437262,3.5260625
19497,19.497,0.25724444,3.5754082
19498,19.498,0.2738804,3.6566272
19499,19.499,0.2608115,3.7364032
19500,19.5,0.26493782,3.6220982
19501,19.501,0.27109364,3.5444367
19502,19.502,0.26793388,3.528825
19503,19.503,0.26056316,3.5251448
19504,19.504,0.2634313,3.4231274
19505,19.505,0.27233675,3.353729
19506,19.506,0.2714405,3.3707428
19507,19.507,0.25687864,3.400401
19508,19.508,0.2644008,3.5599968
19509,19.509,0.25168,3.5339735
19510,19.51,0.25713816,3.5421858
19511,19.511,0.25389668,3.762171
19512,19.512,0.25569418,3.6579106
19513,19.513,0.25491315,3.5946684
19514,19.514,0.2480774,3.539234
19515,19.515,0.25282678,3.5811207
19516,19.516,0.26110473,3.5218089
19517,19.517,0.25547075,3.5435483
19518,19.518,0.23550372,3.493809
19519,19.519,0.24763736,3.3996735
19520,19.52,0.2566587,3.2749994
19521,19.521,0.26376656,3.3038123
19522,19.522,0.27186072,3.3040624
19523,19.523,0.2511984,3.2588284
19524,19.524,0.25753415,3.233655
19525,19.525,0.24650301,3.2096765
19526,19.526,0.24107498,3.0957713
19527,19.527,0.244534,3.1412144
19528,19.528,0.23096102,3.2289307
19529,19.529,0.24706861,3.3071976
19530,19.53,0.2534923,3.291223
19531,19.531,0.2645678,3.3247054
19532,19.532,0.276983,3.5092454
19533,19.533,0.25645438,3.353208
19534,19.534,0.25506637,3.266574
19535,19.535,0.2749079,3.2036426
19536,19.536,0.2639293,3.326583
19537,19.537,0.27365407,3.4156563
19538,19.538,0.26799166,3.3495927
19539,19.539,0.2729166,3.2239182
19540,19.54,0.274394,3.2869444
19541,19.541,0.27670407,3.3139505
19542,19.542,0.2836428,3.2100885
19543,19.543,0.27975342,3.210158
19544,19.544,0.28056484,3.1858704
19545,19.545,0.29193452,3.18905
19546,19.546,0.29594898,3.2025578
19547,19.547,0.3021385,3.1744244
19548,19.548,0.30967927,3.1740167
19549,19.549,0.30482993,3.1538396
19550,19.55,0.29833236,3.1142375
19551,19.551,0.28772312,3.119246
19552,19.552,0.285213,3.2173784
19553,19.553,0.2821413,3.1515234
19554,19.554,0.28889468,3.1894453
19555,19.555,0.29199272,3.107398
19556,19.556,0.29396158,3.0721111
19557,19.557,0.29061297,3.1930137
19558,19.558,0.2755998,4.655875
19559,19.559,0.29302397,4.6765585
19560,19.56,0.29783735,4.655407
19561,19.561,0.30304065,4.681124
19562,19.562,0.30523828,4.6959777
19563,19.563,0.3181267,4.6185384
19564,19.564,0.32621086,4.6453776
19565,19.565,0.3326992,4.5961795
19566,19.566,0.3343317,4.56973
19567,19.567,0.33309802,4.6369023
19568,19.568,0.3523227,4.650684
19569,19.569,0.34688315,4.6192822
19570,19.57,0.34464872,4.6563287
19571,19.571,0.34477967,4.631246
19572,19.572,0.3466298,4.6417975
19573,19.573,0.3353827,4.6340213
19574,19.574,0.3280237,4.627764
19575,19.575,0.33490825,4.6385865
19576,19.576,0.33345008,4.636734
19577,19.577,0.35133374,4.6920004
19578,19.578,0.34624305,4.6764812
19579,19.579,0.33736697,4.621938
19580,19.58,0.33775035,4.6471996
19581,19.581,0.34762782,4.6668124
19582,19.582,0.36737037,4.609096
19583,19.583,0.3701629,4.637294
19584,19.584,0.36772448,4.61865
19585,19.585,0.37466308,4.568314
19586,19.586,0.37980044,4.6291513
19587,19.587,0.3789991,4.5724287
19588,19.588,0.35319993,4.6101775
19589,19.589,0.34765723,4.562925
19590,19.59,0.3425462,4.555083
19591,19.591,0.33979732,4.599904
19592,19.592,0.3455824,4.561514
19593,19.593,0.34699827,4.6172533
19594,19.594,0.33742553,4.5892615
19595,19.595,0.32471877,4.5924363
19596,19.596,0.32995868,4.6017065
19597,19.597,0.3487367,4.5639925
19598,19.598,0.34801716,4.616889
19599,19.599,0.3682844,4.5758743
19600,19.6,0.36829916,4.5528874
19601,19.601,0.3549663,4.5755186
19602,19.602,0.36332947,4.5610633
19603,19.603,0.33487356,4.600808
19604,19.604,0.34259763,4.577291
19605,19.605,0.3334714,4.5807257
19606,19.606,0.33535978,4.5871344
19607,19.607,0.32209915,4.6318007
19608,19.608,0.304233,4.647784
19609,19.609,0.30334985,4.63685
19610,19.61,0.31552032,4.6125846
19611,19.611,0.31747255,4.6724205
19612,19.612,0.301357,4.6127815
19613,19.613,0.30112407,4.693695
19614,19.614,0.31955826,4.6711926
19615,19.615,0.3227905,4.677419
19616,19.616,0.32298473,4.6668286
19617,19.617,0.32468763,4.6893578
19618,19.618,0.32993084,2.6430802
19619,19.619,0.32493514,2.676766
19620,19.62,0.32590118,2.621641
19621,19.621,0.33686203,4.612911
19622,19.622,0.3267255,4.6510983
19623,19.623,0.31644753,4.6211596
19624,19.624,0.30348185,4.5947433
19625,19.625,0.2981027,4.5904813
19626,19.626,0.30575496,4.6229444
19627,19.627,0.29471523,4.6621323
19628,19.628,0.31416017,4.6627584
19629,19.629,0.31564963,4.629541
19630,19.63,0.31272408,4.662338
19631,19.631,0.3183966,4.67401
19632,19.632,0.3121045,4.6429663
19633,19.633,0.32008815,4.549183
19634,19.634,0.30640435,4.6121473
19635,19.635,0.31882706,4.6158705
19636,19.636,0.31590223,4.6399703
19637,19.637,0.3297777,4.628779
19638,19.638,0.3368157,4.627992
19639,19.639,0.34168255,4.642749
19640,19.64,0.3400403,4.6472297
19641,19.641,0.33803993,4.6815233
19642,19.642,0.33727667,4.649465
19643,19.643,0.34118673,4.6095743
19644,19.644,0.33522928,4.596548
19645,19.645,0.3248935,4.593771
19646,19.646,0.3192472,4.594463
19647,19.647,0.32401493,4.607867
19648,19.648,0.31231776,4.609711
19649,19.649,0.3107506,4.6148767
19650,19.65,0.321248,4.6203456
19651,19.651,0.31631655,4.580335
19652,19.652,0.3313438,4.6592846
19653,19.653,0.33879328,4.639998
19654,19.654,0.33088943,4.5749373
19655,19.655,0.3251965,4.618088
19656,19.656,0.3282703,4.5793023
19657,19.657,0.33570877,4.623845
19658,19.658,0.3326019,4.6358285
19659,19.659,0.33046505,4.5943537
19660,19.66,0.332698,4.6325917
19661,19.661,0.32824793,4.5846477
19662,19.662,0.3052409,4.643668
19663,19.663,0.31958902,4.6020317
19664,19.664,0.29864782,4.7177863
19665,19.665,0.29927632,4.66275
19666,19.666,0.30999362,4.757976
19667,19.667,0.30265036,4.695761
19668,19.668,0.303246,4.6922355
19669,19.669,0.31240103,4.712835
19670,19.67,0.30796155,4.6732416
19671,19.671,0.29148316,4.6607924
19672,19.672,0.29779756,4.612146
19673,19.673,0.29770362,4.5278325
19674,19.674,0.30735004,4.491131
19675,19.675,0.28792754,4.5999746
19676,19.676,0.31282443,4.597757
19677,19.677,0.2790799,4.579249
19678,19.678,0.28932172,4.6250534
19679,19.679,0.29180938,4.6548405
19680,19.68,0.28480822,4.6034417
19681,19.681,0.27507436,4.5812116
19682,19.682,0.27731645,4.600698
19683,19.683,0.27589345,4.6170716
19684,19.684,0.27397493,4.620007
19685,19.685,0.2749281,4.5957003
19686,19.686,0.2682094,4.5676394
19687,19.687,0.27027753,4.5477962
19688,19.688,0.2681299,4.538313
19689,19.689,0.25881067,4.569457
19690,19.69,0.25011003,4.6121216
19691,19.691,0.2474445,4.5840397
19692,19.692,0.2729403,4.5792327
19693,19.693,0.2641366,4.5821166
19694,19.694,0.26686954,4.575354
19695,19.695,0.2787268,4.512255
19696,19.696,0.26866242,4.518169
19697,19.697,0.2661252,4.5707984
19698,19.698,0.26803696,4.572161
19699,19.699,0.27678448,4.562213
19700,19.7,0.28197306,4.5834684
19701,19.701,0.27017274,4.6048126
19702,19.702,0.27357486,4.5794654
19703,19.703,0.26830724,4.6296234
19704,19.704,0.27119467,4.591461
19705,19.705,0.26278436,4.6233454
19706,19.706,0.273332,4.618839
19707,19.707,0.2666648,4.596357
19708,19.708,0.2585253,4.587748
19709,19.709,0.26547003,4.572963
19710,19.71,0.2776439,4.621397
19711,19.711,0.26561216,4.595986
19712,19.712,0.26834363,4.5060706
19713,19.713,0.27431986,4.59508
19714,19.714,0.2746881,4.558127
19715,19.715,0.26408803,4.521977
19716,19.716,0.25110543,4.4950047
19717,19.717,0.2595978,4.500779
19718,19.718,0.24208152,4.495471
19719,19.719,0.24478206,4.545922
19720,19.72,0.24336168,4.577993
19721,19.721,0.2490575,4.5333123
19722,19.722,0.24308294,4.4901814
19723,19.723,0.2529902,4.488281
19724,19.724,0.26000848,4.496305
19725,19.725,0.25354883,4.533229
19726,19.726,0.24074365,4.497362
19727,19.727,0.24840453,4.4456077
19728,19.728,0.25245684,4.4882298
19729,19.729,0.24311528,4.5123215
19730,19.73,0.2416729,4.5223513
19731,19.731,0.24980664,4.535711
19732,19.732,0.25236228,4.493814
19733,19.733,0.26710054,4.493004
19734,19.734,0.26739985,4.4881825
19735,19.735,0.2655902,4.485033
19736,19.736,0.2616874,4.4676127
19737,19.737,0.26844978,4.472559
19738,19.738,0.26895508,4.4811335
19739,19.739,0.27661338,4.543309
19740,19.74,0.2750504,4.5322914
19741,19.741,0.2648573,4.497058
19742,19.742,0.26982507,4.5238256
19743,19.743,0.2677269,4.518484
19744,19.744,0.27443254,4.5367813
19745,19.745,0.28630078,4.5935564
19746,19.746,0.27800483,4.6114755
19747,19.747,0.26490486,4.6422706
19748,19.748,0.26471913,4.6447744
19749,19.749,0.2678383,4.632003
19750,19.75,0.2632702,4.5762324
19751,19.751,0.25062275,4.642701
19752,19.752,0.2680225,4.582522
19753,19.753,0.26833847,4.6597614
19754,19.754,0.26660454,4.635123
19755,19.755,0.27631798,4.5828385
19756,19.756,0.27793166,4.643474
19757,19.757,0.27628472,4.628242
19758,19.758,0.2787247,4.573606
19759,19.759,0.29291055,4.6109047
19760,19.76,0.30213085,4.5932546
19761,19.761,0.30224675,4.615174
19762,19.762,0.29228792,4.5690646
19763,19.763,0.30396426,4.626401
19764,19.764,0.2945069,4.57241
19765,19.765,0.305905,4.6092453
19766,19.766,0.30185333,4.640912
19767,19.767,0.30373582,4.621045
19768,19.768,0.30813903,4.600275
19769,19.769,0.3058712,4.6045985
19770,19.77,0.31236145,4.6009326
19771,19.771,0.29278758,4.5588026
19772,19.772,0.27741292,4.602515
19773,19.773,0.29002765,4.6079946
19774,19.774,0.27914017,4.562287
19775,19.775,0.2871957,4.5585427
19776,19.776,0.29245812,4.5968976
19777,19.777,0.2991009,4.596905
19778,19.778,0.2859192,4.637697
19779,19.779,0.29753602,4.5652466
19780,19.78,0.2869954,4.605928
19781,19.781,0.28586176,4.580267
19782,19.782,0.30215168,4.5897026
19783,19.783,0.2931285,4.592015
19784,19.784,0.27362344,4.5965858
19785,19.785,0.27994674,4.5542755
19786,19.786,0.2750105,4.589061
19787,19.787,0.2887546,4.6049576
19788,19.788,0.28842494,4.6030326
19789,19.789,0.29180244,4.600392
19790,19.79,0.3036479,4.599594
19791,19.791,0.3001008,4.5740376
19792,19.792,0.29209465,4.62628
19793,19.793,0.29158747,4.58266
19794,19.794,0.2955548,4.606583
19795,19.795,0.2923401,4.5775766
19796,19.796,0.2890459,4.606975
19797,19.797,0.29925624,4.573286
19798,19.798,0.2906074,4.5659313
19799,19.799,0.28400284,4.5764236
19800,19.8,0.2855563,4.6027513
19801,19.801,0.2995846,4.588322
19802,19.802,0.31321844,4.568592
19803,19.803,0.30589443,4.5639434
19804,19.804,0.30037397,4.5811014
19805,19.805,0.28647292,4.5981956
19806,19.806,0.29757544,4.5820775
19807,19.807,0.30247575,4.580499
19808,19.808,0.30226433,4.5973516
19809,19.809,0.31321883,4.547676
19810,19.81,0.30264464,4.527856
19811,19.811,0.3171164,4.6297307
19812,19.812,0.311135,4.604379
19813,19.813,0.29912448,4.5824537
19814,19.814,0.31711897,4.6188273
19815,19.815,0.32020077,4.6298685
19816,19.816,0.31419697,4.651964
19817,19.817,0.30118796,4.6309266
19818,19.818,0.3112004,4.626801
19819,19.819,0.32014573,4.699123
19820,19.82,0.3440189,4.690589
19821,19.821,0.32992506,4.657695
19822,19.822,0.3201132,4.6488485
19823,19.823,0.32784376,4.6665606
19824,19.824,0.31866023,4.6853514
19825,19.825,0.30400115,4.6587176
19826,19.826,0.3158519,4.7164226
19827,19.827,0.31616923,4.672674
19828,19.828,0.3297442,4.6784964
19829,19.829,0.33362648,4.6399918
19830,19.83,0.35113513,4.6708536
19831,19.831,0.35767874,4.6419353
19832,19.832,0.3347978,4.621253
19833,19.833,0.32797593,4.606458
19834,19.834,0.3386653,4.600649
19835,19.835,0.33563542,4.5911098
19836,19.836,0.33307996,4.634922
19837,19.837,0.34624624,4.5697885
19838,19.838,0.35376748,4.5880365
19839,19.839,0.33266515,4.6164346
19840,19.84,0.32797188,4.5840936
19841,19.841,0.33243608,4.5874133
19842,19.842,0.3310089,4.6157236
19843,19.843,0.33058432,4.641327
19844,19.844,0.31760722,4.6182103
19845,19.845,0.31918,4.6141925
19846,19.846,0.30673164,4.650981
19847,19.847,0.30319473,4.657492
19848,19.848,0.31971124,4.603161
19849,19.849,0.32555392,4.6131687
19850,19.85,0.31578144,4.638765
19851,19.851,0.318144,4.7328234
19852,19.852,0.31580597,4.738135
19853,19.853,0.30432117,4.75642
19854,19.854,0.29755038,4.7080503
19855,19.855,0.30777794,4.670801
19856,19.856,0.29318234,4.6386795
19857,19.857,0.31431395,4.6460977
19858,19.858,0.3201284,4.6209655
19859,19.859,0.3222466,4.5441847
19860,19.86,0.31412873,4.486034
19861,19.861,0.3005252,4.508951
19862,19.862,0.2934773,4.5420785
19863,19.863,0.32267767,4.615777
19864,19.864,0.32995132,4.6085124
19865,19.865,0.32683605,4.596472
19866,19.866,0.31897116,4.6053495
19867,19.867,0.31313854,4.609417
19868,19.868,0.31409743,4.648793
19869,19.869,0.32422373,4.6102448
19870,19.87,0.324377,4.6195226
19871,19.871,0.33344555,4.619205
19872,19.872,0.3291665,4.6651297
19873,19.873,0.34050518,4.6014752
19874,19.874,0.34471226,4.5487046
19875,19.875,0.34397995,4.571112
19876,19.876,0.36784694,4.5721016
19877,19.877,0.3747169,4.6179705
19878,19.878,0.36089885,4.627147
19879,19.879,0.36042145,4.6213665
19880,19.88,0.36771303,4.661994
19881,19.881,0.36718404,4.638156
19882,19.882,0.36886838,4.60209
19883,19.883,0.37892273,4.5949316
19884,19.884,0.39599016,4.5724816
19885,19.885,0.38956797,4.584475
19886,19.886,0.3902998,4.5742517
19887,19.887,0.3852112,4.6265845
19888,19.888,0.38360178,4.6119704
19889,19.889,0.38493323,4.607987
19890,19.89,0.40195858,4.587816
19891,19.891,0.39030024,4.611149
19892,19.892,0.38865924,4.6262274
19893,19.893,0.38795072,4.6326313
19894,19.894,0.37890625,4.6555014
19895,19.895,0.396867,4.6836905
19896,19.896,0.38894108,4.6651077
19897,19.897,0.37091178,4.630896
19898,19.898,0.35815045,4.636178
19899,19.899,0.3690324,4.636348
19900,19.9,0.38243622,4.6702995
19901,19.901,0.35416493,4.634381
19902,19.902,0.3844616,4.604971
19903,19.903,0.37024176,4.6419144
19904,19.904,0.3742718,4.6293974
19905,19.905,0.3708415,4.625919
19906,19.906,0.36599305,4.643031
19907,19.907,0.359227,4.7210655
19908,19.908,0.35042626,4.668351
19909,19.909,0.36054924,4.685254
19910,19.91,0.35268983,4.7173553
19911,19.911,0.34859282,4.6666927
19912,19.912,0.3480391,4.70686
19913,19.913,0.3619618,4.674661
19914,19.914,0.36442465,4.6937737
19915,19.915,0.36754715,4.688849
19916,19.916,0.3667865,4.709079
19917,19.917,0.36204913,4.69413
19918,19.918,0.343829,4.6838393
19919,19.919,0.35421112,4.6783166
19920,19.92,0.36222807,4.6826153
19921,19.921,0.35599664,4.60219
19922,19.922,0.33368832,4.676613
19923,19.923,0.36178437,4.6931596
19924,19.924,0.35056117,4.700801
19925,19.925,0.36935788,4.6228538
19926,19.926,0.36684766,4.6487317
19927,19.927,0.36099142,4.658504
19928,19.928,0.3623584,4.624663
19929,19.929,0.3622164,4.7174535
19930,19.93,0.36010426,4.671897
19931,19.931,0.34929562,4.65096
19932,19.932,0.37847796,4.6609697
19933,19.933,0.37174687,4.654017
19934,19.934,0.36675957,4.655326
19935,19.935,0.35625404,4.662788
19936,19.936,0.36280078,4.6377664
19937,19.937,0.37209108,4.6490874
19938,19.938,0.3750296,4.624855
19939,19.939,0.3658,4.6329556
19940,19.94,0.36624277,4.700874
19941,19.941,0.36229157,4.6585774
19942,19.942,0.37305042,4.676321
19943,19.943,0.37338462,4.700083
19944,19.944,0.37681586,4.7043056
19945,19.945,0.3729767,4.6832404
19946,19.946,0.36408412,4.7058825
19947,19.947,0.35125032,4.6786594
19948,19.948,0.3612894,4.6916366
19949,19.949,0.34805402,4.708526
19950,19.95,0.34919068,4.708064
19951,19.951,0.3448903,4.657395
19952,19.952,0.35622337,4.6830935
19953,19.953,0.366387,4.6743274
19954,19.954,0.36590442,4.689134
19955,19.955,0.37260056,4.628851
19956,19.956,0.3440275,4.606261
19957,19.957,0.34701908,4.7115602
19958,19.958,0.3638915,4.6896677
19959,19.959,0.3618802,4.68465
19960,19.96,0.36350948,4.705201
19961,19.961,0.34913293,4.6674705
19962,19.962,0.36186966,4.635117
19963,19.963,0.36168465,4.6696315
19964,19.964,0.3472522,4.6659784
19965,19.965,0.3674509,4.676452
19966,19.966,0.34900972,4.676388
19967,19.967,0.35833597,4.6852646
19968,19.968,0.35977235,4.645474
19969,19.969,0.34791452,4.7166467
19970,19.97,0.3428813,4.686165
19971,19.971,0.33599943,4.7034526
19972,19.972,0.34434572,4.68613
19973,19.973,0.34023485,4.660481
19974,19.974,0.33996516,4.6292253
19975,19.975,0.33368832,4.6350703
19976,19.976,0.3334341,4.6901774
19977,19.977,0.34882188,4.6820025
19978,19.978,0.35125363,4.663858
19979,19.979,0.3615392,4.6793857
19980,19.98,0.34360117,4.655088
19981,19.981,0.34789392,4.67794
19982,19.982,0.32542217,4.7122436
19983,19.983,0.335638,4.7700963
19984,19.984,0.33398142,4.7513213
19985,19.985,0.3465549,4.737916
19986,19.986,0.35185257,4.681681
19987,19.987,0.32958868,4.6444373
19988,19.988,0.34436536,4.6896753
19989,19.989,0.33913788,4.656616
19990,19.99,0.3362094,4.7009625
19991,19.991,0.34855434,4.655572
19992,19.992,0.33804607,4.7667327
19993,19.993,0.33351126,4.7076497
19994,19.994,0.34391406,4.707538
19995,19.995,0.32824087,4.7159843
19996,19.996,0.34033015,4.719155
19997,19.997,0.33634123,4.7061553
19998,19.998,0.3249618,4.718506
19999,19.999,0.32602015,4.7375784
