frame,time_ns,protein_ca_rmsd_nm,ligand_rmsd_nm
0,0.0,0.0,0.0
1,0.001,0.04109206,0.18872395
2,0.002,0.05489076,0.21786422
3,0.003,0.05117952,0.18886055
4,0.004,0.06673989,0.18404227
5,0.005,0.06320093,0.17131905
6,0.006,0.06256592,0.22815567
7,0.007,0.057518058,0.2695725
8,0.008,0.052226733,0.26172683
9,0.009,0.049357016,4.478318
10,0.01,0.059928924,4.4341683
11,0.011,0.04997149,4.471844
12,0.012,0.049848214,4.3391027
13,0.013,0.039030984,4.355379
14,0.014,0.046394758,4.319614
15,0.015,0.050944556,4.458583
16,0.016,0.036012135,4.5731125
17,0.017,0.05336531,4.716538
18,0.018,0.049636703,4.5750732
19,0.019,0.04615543,4.593953
20,0.02,0.039917864,4.592842
21,0.021,0.045386523,4.511189
22,0.022,0.043308206,4.616064
23,0.023,0.04321149,4.702123
24,0.024,0.04289566,4.6841764
25,0.025,0.049451664,4.5824885
26,0.026,0.052156,4.6554704
27,0.027,0.05393984,4.671999
28,0.028,0.05220552,4.6191287
29,0.029,0.0652906,4.6476974
30,0.03,0.055908084,4.5985346
31,0.031,0.05326722,4.7011485
32,0.032,0.046086058,4.438151
33,0.033,0.049059432,4.4463544
34,0.034,0.044576764,4.4278436
35,0.035,0.04951259,4.4585853
36,0.036,0.05142658,4.4038544
37,0.037,0.048035398,4.4730997
38,0.038,0.058828495,4.435935
39,0.039,0.057558693,4.4718986
40,0.04,0.049223453,4.4530683
41,0.041,0.055162467,4.4441433
42,0.042,0.059437186,4.46941
43,0.043,0.053557504,4.455989
44,0.044,0.063214555,4.4610925
45,0.045,0.05246299,4.4600616
46,0.046,0.061364472,4.4724874
47,0.047,0.052447744,4.474166
48,0.048,0.061034717,4.8357754
49,0.049,0.062420208,4.8007565
50,0.05,0.067899704,4.881709
51,0.051,0.051630758,4.8295326
52,0.052,0.045802154,4.89183
53,0.053,0.04866151,4.8540344
54,0.054,0.044834133,4.726664
55,0.055,0.039160036,4.6115685
56,0.056,0.044208094,4.732984
57,0.057,0.05136552,4.8269634
58,0.058,0.05140384,4.821003
59,0.059,0.0492909,4.7446103
60,0.06,0.056605853,4.783215
61,0.061,0.049928382,4.8108454
62,0.062,0.044377565,4.8220487
63,0.063,0.041963242,4.7248297
64,0.064,0.048776433,4.669459
65,0.065,0.05533953,4.671518
66,0.066,0.06913799,4.6075897
67,0.067,0.06119177,4.7129316
68,0.068,0.052498166,4.764655
69,0.069,0.056623243,4.7109346
70,0.07,0.050021946,4.671919
71,0.071,0.042048194,4.78906
72,0.072,0.049273424,4.894762
73,0.073,0.06466946,4.4508696
74,0.074,0.05915183,4.429963
75,0.075,0.058405485,4.426767
76,0.076,0.05101576,4.452471
77,0.077,0.04401002,4.4494143
78,0.078,0.052701697,4.4436235
79,0.079,0.058161628,4.4435062
80,0.08,0.059841592,4.437067
81,0.081,0.061017577,4.431712
82,0.082,0.054511704,5.248949
83,0.083,0.04894643,4.4267178
84,0.084,0.06754447,4.4218025
85,0.085,0.06257281,4.41051
86,0.086,0.077091195,4.456279
87,0.087,0.055244945,4.434419
88,0.088,0.0595096,4.5160327
89,0.089,0.064286806,4.4568596
90,0.09,0.06906409,5.4913173
91,0.091,0.058723815,5.581739
92,0.092,0.053990006,5.5772715
93,0.093,0.07189602,4.3956366
94,0.094,0.06376018,4.4263535
95,0.095,0.060908575,4.475145
96,0.096,0.064298294,4.467405
97,0.097,0.064691335,4.449946
98,0.098,0.061711412,4.477874
99,0.099,0.05782744,4.435524
100,0.1,0.062195066,4.4454384
101,0.101,0.059257828,4.461696
102,0.102,0.04907072,5.4787836
103,0.103,0.06421978,5.338193
104,0.104,0.05213122,5.3666444
105,0.105,0.0730127,5.2967324
106,0.106,0.07829178,5.3092055
107,0.107,0.09092678,5.2563076
108,0.108,0.07242211,5.2633333
109,0.109,0.07357515,5.2337995
110,0.11,0.06692861,5.2653465
111,0.111,0.06201079,5.088257
112,0.112,0.06665409,5.1067123
113,0.113,0.07128583,5.105919
114,0.114,0.064324126,5.149028
115,0.115,0.06727521,5.166554
116,0.116,0.050399367,5.1198907
117,0.117,0.053958092,4.978655
118,0.118,0.053390667,4.9638143
119,0.119,0.05954268,5.087221
120,0.12,0.05749452,5.1311417
121,0.121,0.04251386,5.080394
122,0.122,0.05333071,5.0163636
123,0.123,0.05185431,4.967052
124,0.124,0.06276033,4.904861
125,0.125,0.050215915,4.9044676
126,0.126,0.05465824,4.990681
127,0.127,0.056108017,4.94755
128,0.128,0.059959717,4.998146
129,0.129,0.058033485,5.055814
130,0.13,0.056472,4.921856
131,0.131,0.058916282,4.951267
132,0.132,0.0521265,4.9307137
133,0.133,0.05686504,4.9498916
134,0.134,0.049713496,4.9068274
135,0.135,0.04959578,5.0249624
136,0.136,0.056056455,5.0554724
137,0.137,0.055774763,5.0709434
138,0.138,0.07557015,5.1552753
139,0.139,0.06529437,5.067975
140,0.14,0.0702915,5.060592
141,0.141,0.066486806,5.0670605
142,0.142,0.063729286,5.049727
143,0.143,0.06061898,1.091885
144,0.144,0.052329123,5.1057477
145,0.145,0.05833908,4.9743814
146,0.146,0.0463669,4.8944383
147,0.147,0.04969369,4.7923083
148,0.148,0.05321406,0.67568284
149,0.149,0.06320579,0.69073576
150,0.15,0.063888386,0.6708936
151,0.151,0.05767402,0.7441157
152,0.152,0.05340334,0.7708625
153,0.153,0.053933,0.6788422
154,0.154,0.05237731,0.93176067
155,0.155,0.0621129,0.9710291
156,0.156,0.061358456,0.93119395
157,0.157,0.05731445,5.2263737
158,0.158,0.069729924,5.4121
159,0.159,0.062451743,5.31823
160,0.16,0.06342444,5.3765826
161,0.161,0.07234136,5.329028
162,0.162,0.06338854,5.4244585
163,0.163,0.049240947,5.367583
164,0.164,0.060496043,1.1899947
165,0.165,0.06349909,1.2244768
166,0.166,0.050859947,1.2714736
167,0.167,0.058682937,1.2252403
168,0.168,0.053364154,1.2081782
169,0.169,0.057804026,5.4625173
170,0.17,0.05891942,5.505096
171,0.171,0.049080748,5.4183183
172,0.172,0.0540993,5.2843895
173,0.173,0.043154497,5.1942897
174,0.174,0.060770027,5.185069
175,0.175,0.05444168,5.3328385
176,0.176,0.045921557,5.2908945
177,0.177,0.05455007,5.246971
178,0.178,0.054104984,5.2482343
179,0.179,0.054703247,5.148763
180,0.18,0.054937817,0.98873717
181,0.181,0.053248733,1.051957
182,0.182,0.05131399,5.2481246
183,0.183,0.044511847,5.2255087
184,0.184,0.05121317,5.1493893
185,0.185,0.049766686,5.158688
186,0.186,0.05594659,5.1577735
187,0.187,0.051345155,5.1385407
188,0.188,0.049033087,5.0729947
189,0.189,0.055501617,5.1197906
190,0.19,0.057306938,5.0569096
191,0.191,0.051559206,5.064642
192,0.192,0.050650224,5.208395
193,0.193,0.05329493,5.168301
194,0.194,0.05801652,5.090539
195,0.195,0.053861078,5.0661993
196,0.196,0.05769429,5.0413446
197,0.197,0.051008526,5.1312265
198,0.198,0.053339936,5.0870953
199,0.199,0.057113357,5.145514
200,0.2,0.054858245,5.1725497
201,0.201,0.060065314,5.115553
202,0.202,0.0706512,5.227267
203,0.203,0.07430077,1.0719126
204,0.204,0.0643289,5.190088
205,0.205,0.06254724,5.153881
206,0.206,0.056070723,5.290084
207,0.207,0.058103416,5.1900444
208,0.208,0.056495965,5.1996903
209,0.209,0.056144193,5.298971
210,0.21,0.05171292,5.280755
211,0.211,0.049243446,5.283567
212,0.212,0.052292664,5.386468
213,0.213,0.050846636,5.530083
214,0.214,0.0668357,5.4667206
215,0.215,0.052704033,5.3619084
216,0.216,0.05506311,5.336836
217,0.217,0.05312032,5.193181
218,0.218,0.05682391,5.1183767
219,0.219,0.06192242,5.1499677
220,0.22,0.050946973,7.878605
221,0.221,0.047715396,5.190737
222,0.222,0.0675818,7.9082646
223,0.223,0.06682925,7.92059
224,0.224,0.059591223,7.876994
225,0.225,0.056993652,7.890735
226,0.226,0.06070621,7.92896
227,0.227,0.05940405,7.9591312
228,0.228,0.06394326,7.9863095
229,0.229,0.06255314,7.958909
230,0.23,0.07361778,5.421044
231,0.231,0.07182068,5.3353267
232,0.232,0.075449556,5.282389
233,0.233,0.06356882,5.378759
234,0.234,0.0671278,7.967879
235,0.235,0.065430865,7.9667225
236,0.236,0.06931219,5.4722166
237,0.237,0.082606025,5.356544
238,0.238,0.07790259,2.1420865
239,0.239,0.067203835,2.2078104
240,0.24,0.061179705,2.1765978
241,0.241,0.07217787,2.2054513
242,0.242,0.05705731,5.539084
243,0.243,0.06998974,2.2134047
244,0.244,0.070304625,4.440296
245,0.245,0.07497591,4.3928022
246,0.246,0.05984365,4.4293175
247,0.247,0.076226786,4.4196367
248,0.248,0.08322785,4.455612
249,0.249,0.08658728,4.4294233
250,0.25,0.08158601,4.4361696
251,0.251,0.087430894,4.4158387
252,0.252,0.07974165,4.4160633
253,0.253,0.101633355,4.437105
254,0.254,0.084823415,4.4351015
255,0.255,0.07630665,4.4376955
256,0.256,0.08485387,4.4006805
257,0.257,0.08247035,4.4147367
258,0.258,0.07031425,4.439863
259,0.259,0.081083715,4.458376
260,0.26,0.09151494,4.450814
261,0.261,0.09420175,4.4350967
262,0.262,0.0769474,4.423432
263,0.263,0.079773284,4.4518633
264,0.264,0.08848923,4.45734
265,0.265,0.087964796,4.4091654
266,0.266,0.08194195,4.472659
267,0.267,0.07698817,4.4409676
268,0.268,0.085394524,2.1183941
269,0.269,0.07896007,2.2176607
270,0.27,0.08067368,2.3154538
271,0.271,0.07556853,2.3277774
272,0.272,0.07014166,2.4160633
273,0.273,0.06593482,2.3073568
274,0.274,0.07926649,2.1909177
275,0.275,0.080337405,4.425065
276,0.276,0.09016709,2.1351807
277,0.277,0.09590158,4.430932
278,0.278,0.107764415,1.9078623
279,0.279,0.10213278,1.8818668
280,0.28,0.09594006,1.922909
281,0.281,0.11087623,4.405708
282,0.282,0.10200981,4.43777
283,0.283,0.110351145,4.440681
284,0.284,0.105442494,4.4292955
285,0.285,0.11133034,4.4317145
286,0.286,0.10687118,4.4299197
287,0.287,0.11501044,4.4636407
288,0.288,0.0984544,4.446237
289,0.289,0.10252421,1.8271623
290,0.29,0.104066335,1.7995288
291,0.291,0.09512534,4.420293
292,0.292,0.08761227,1.9051993
293,0.293,0.09453037,1.8157892
294,0.294,0.09448219,1.8475068
295,0.295,0.09962358,4.42968
296,0.296,0.09164124,2.0308952
297,0.297,0.08773227,4.3889256
298,0.298,0.09811385,4.390675
299,0.299,0.11009325,4.3884187
300,0.3,0.083825245,4.432606
301,0.301,0.08416367,4.4177833
302,0.302,0.08764386,4.4464355
303,0.303,0.09416125,4.403783
304,0.304,0.086137734,4.3962364
305,0.305,0.091678835,4.3760467
306,0.306,0.10509824,4.4067082
307,0.307,0.10324721,7.9233913
308,0.308,0.10617576,4.4264293
309,0.309,0.10988852,7.9321384
310,0.31,0.11244663,4.3910637
311,0.311,0.113495044,4.3866744
312,0.312,0.09467215,4.389179
313,0.313,0.11032661,4.4401474
314,0.314,0.09316077,4.420614
315,0.315,0.109764144,4.4202766
316,0.316,0.098015346,4.4061894
317,0.317,0.10877312,4.420922
318,0.318,0.09586179,4.4123907
319,0.319,0.103800535,4.410727
320,0.32,0.099729136,4.376873
321,0.321,0.088129014,4.364858
322,0.322,0.09972235,4.354706
323,0.323,0.0923062,4.387115
324,0.324,0.08427764,4.422399
325,0.325,0.07791207,7.801923
326,0.326,0.0958573,4.427431
327,0.327,0.09182435,4.428082
328,0.328,0.081711106,4.439168
329,0.329,0.07431403,7.697141
330,0.33,0.086348906,7.720328
331,0.331,0.086831376,7.6808577
332,0.332,0.08351419,7.6920314
333,0.333,0.07947578,7.7027473
334,0.334,0.07881031,4.881281
335,0.335,0.08830408,7.692174
336,0.336,0.084266685,7.5533185
337,0.337,0.0818142,7.5999866
338,0.338,0.08916871,7.6491466
339,0.339,0.09457071,4.605003
340,0.34,0.09953275,4.50967
341,0.341,0.092375495,7.461713
342,0.342,0.09739443,7.5207524
343,0.343,0.0997316,7.530493
344,0.344,0.10642985,7.4789357
345,0.345,0.10654195,7.494515
346,0.346,0.11099547,7.5235662
347,0.347,0.10411362,7.4496603
348,0.348,0.09529918,7.487772
349,0.349,0.09284785,7.516658
350,0.35,0.0981082,7.4309015
351,0.351,0.10224597,7.507086
352,0.352,0.107710734,7.469788
353,0.353,0.097572416,7.449152
354,0.354,0.100101076,7.3734097
355,0.355,0.10168722,4.3750796
356,0.356,0.10070836,7.387572
357,0.357,0.09969458,7.3273335
358,0.358,0.11557399,7.420726
359,0.359,0.123896,7.3248706
360,0.36,0.11924077,7.3896375
361,0.361,0.12441783,7.337697
362,0.362,0.12583888,4.359732
363,0.363,0.117728084,4.3587666
364,0.364,0.10414494,7.1016088
365,0.365,0.10275081,7.0655656
366,0.366,0.1109988,7.109002
367,0.367,0.10516321,7.1451435
368,0.368,0.08012037,7.0674515
369,0.369,0.09312576,7.0044365
370,0.37,0.08504146,7.112036
371,0.371,0.078635246,7.0351834
372,0.372,0.08195246,7.12329
373,0.373,0.07633083,4.3750563
374,0.374,0.08486765,7.2994556
375,0.375,0.087133415,7.1976285
376,0.376,0.08070342,7.090714
377,0.377,0.0840942,7.1121454
378,0.378,0.09133053,7.0718474
379,0.379,0.09394471,7.1987863
380,0.38,0.088539965,7.090115
381,0.381,0.08327145,7.083147
382,0.382,0.08706984,7.154705
383,0.383,0.08420387,7.108804
384,0.384,0.09184244,4.441634
385,0.385,0.08177659,7.0478554
386,0.386,0.085643455,7.1284018
387,0.387,0.09278819,7.193713
388,0.388,0.09140797,4.4981437
389,0.389,0.09558089,4.45809
390,0.39,0.078661844,4.410243
391,0.391,0.08839879,4.4235263
392,0.392,0.07464446,4.4036174
393,0.393,0.07318105,4.424728
394,0.394,0.0910681,7.5021353
395,0.395,0.083734185,7.488517
396,0.396,0.06168349,7.4505744
397,0.397,0.06906587,4.3251286
398,0.398,0.06250295,7.44499
399,0.399,0.05897265,7.4592857
400,0.4,0.06115456,7.499603
401,0.401,0.061784152,7.416999
402,0.402,0.0707278,7.434597
403,0.403,0.07846527,4.362009
404,0.404,0.08257697,7.4232626
405,0.405,0.07607731,7.4403524
406,0.406,0.07928123,7.4157157
407,0.407,0.08069579,7.4365554
408,0.408,0.0919596,7.399034
409,0.409,0.086825706,4.342352
410,0.41,0.085883066,8.715499
411,0.411,0.08315759,8.743558
412,0.412,0.086032666,8.713778
413,0.413,0.08957559,8.703124
414,0.414,0.078661844,8.710076
415,0.415,0.07948198,8.721606
416,0.416,0.077669255,8.70168
417,0.417,0.06854005,4.4180613
418,0.418,0.07193623,4.4376135
419,0.419,0.066545084,8.753684
420,0.42,0.06342541,4.4278927
421,0.421,0.07967063,4.438547
422,0.422,0.07295875,4.4321804
423,0.423,0.0867931,4.4608164
424,0.424,0.07571981,4.4541063
425,0.425,0.0787986,8.742252
426,0.426,0.072266474,8.685406
427,0.427,0.054798767,8.77284
428,0.428,0.07781804,8.688784
429,0.429,0.06341765,8.728983
430,0.43,0.066919416,4.429343
431,0.431,0.06702323,4.4404173
432,0.432,0.05833697,4.4514456
433,0.433,0.062891565,4.455813
434,0.434,0.062231656,4.4637923
435,0.435,0.06365394,8.77526
436,0.436,0.07057104,8.805747
437,0.437,0.06629126,4.48467
438,0.438,0.06621511,4.4467425
439,0.439,0.07579047,8.786935
440,0.44,0.07484778,8.782793
441,0.441,0.06717178,4.505485
442,0.442,0.06081557,4.438198
443,0.443,0.06603646,8.798821
444,0.444,0.06827021,4.4362164
445,0.445,0.07181725,4.4706697
446,0.446,0.062011782,4.4373007
447,0.447,0.06515759,4.425581
448,0.448,0.066327445,4.4949064
449,0.449,0.06379201,4.44762
450,0.45,0.05709504,4.464462
451,0.451,0.060926758,1.2945536
452,0.452,0.05841391,1.2754402
453,0.453,0.06831886,4.4655914
454,0.454,0.06273582,4.4378552
455,0.455,0.06369548,4.437461
456,0.456,0.0603331,4.424808
457,0.457,0.071472876,4.410831
458,0.458,0.069081016,4.3945084
459,0.459,0.0719636,4.419651
460,0.46,0.077109545,4.4157267
461,0.461,0.063795865,4.4072824
462,0.462,0.0688562,4.44004
463,0.463,0.06497698,4.419499
464,0.464,0.067586355,4.452081
465,0.465,0.068449326,4.4205494
466,0.466,0.06798754,4.447011
467,0.467,0.062328473,4.4194465
468,0.468,0.068209805,4.4258943
469,0.469,0.06332347,4.3940744
470,0.47,0.073583506,4.4275136
471,0.471,0.06841246,4.4274225
472,0.472,0.069777556,4.4308305
473,0.473,0.06735747,4.468345
474,0.474,0.07820529,4.4823804
475,0.475,0.07157696,4.431659
476,0.476,0.077337414,4.3838797
477,0.477,0.065597095,4.3659616
478,0.478,0.060342275,4.381826
479,0.479,0.063207746,4.397969
480,0.48,0.070643365,4.409372
481,0.481,0.0712202,4.385978
482,0.482,0.07654414,4.4156027
483,0.483,0.070167966,4.466945
484,0.484,0.07322644,4.40528
485,0.485,0.07568487,4.4044676
486,0.486,0.07720285,4.3817596
487,0.487,0.07593403,4.4235725
488,0.488,0.07850211,4.3948784
489,0.489,0.07214889,4.451933
490,0.49,0.08897115,4.433067
491,0.491,0.083645225,4.4062796
492,0.492,0.08930867,4.434714
493,0.493,0.09237083,4.4529486
494,0.494,0.087512486,4.4145055
495,0.495,0.07691301,4.431786
496,0.496,0.075773425,4.4084272
497,0.497,0.08397925,4.3725243
498,0.498,0.077043295,4.406867
499,0.499,0.083738595,4.4154215
500,0.5,0.08390888,4.3754044
501,0.501,0.07939755,4.3898726
502,0.502,0.06776545,4.4189725
503,0.503,0.05968614,4.4014015
504,0.504,0.055714056,4.388353
505,0.505,0.060053024,4.3899803
506,0.506,0.06050723,8.752655
507,0.507,0.054482352,8.752037
508,0.508,0.06148367,8.761351
509,0.509,0.06464567,8.746465
510,0.51,0.060338195,8.758158
511,0.511,0.058006976,8.75386
512,0.512,0.06369259,4.411895
513,0.513,0.07048642,8.782176
514,0.514,0.07731673,8.725586
515,0.515,0.075123474,8.73422
516,0.516,0.06347777,8.76183
517,0.517,0.07231074,8.776952
518,0.518,0.07693141,4.45932
519,0.519,0.06730173,4.483935
520,0.52,0.05844866,8.814828
521,0.521,0.07462798,4.50205
522,0.522,0.073514074,8.79298
523,0.523,0.07462551,8.789785
524,0.524,0.08411907,4.3849325
525,0.525,0.07245609,4.424053
526,0.526,0.07163969,4.4697742
527,0.527,0.0655483,8.7414255
528,0.528,0.06825128,8.744734
529,0.529,0.07301608,4.3728805
530,0.53,0.08182999,8.710391
531,0.531,0.07641059,4.3796015
532,0.532,0.081085995,8.723587
533,0.533,0.07558644,4.3716464
534,0.534,0.07882046,8.722189
535,0.535,0.07487901,4.388927
536,0.536,0.07341021,4.3844056
537,0.537,0.06387779,4.39893
538,0.538,0.06742685,4.4124923
539,0.539,0.068598375,4.3800497
540,0.54,0.07084688,4.454648
541,0.541,0.06799387,8.712295
542,0.542,0.07550336,1.3213787
543,0.543,0.07338255,4.396487
544,0.544,0.07295622,4.394907
545,0.545,0.06581527,1.398054
546,0.546,0.06296392,4.4016075
547,0.547,0.0730186,4.4132314
548,0.548,0.06923848,4.3764343
549,0.549,0.06981634,4.369126
550,0.55,0.066903785,4.35454
551,0.551,0.07104288,4.3903484
552,0.552,0.08215267,1.2420236
553,0.553,0.084794395,4.37342
554,0.554,0.08492345,4.388325
555,0.555,0.09053958,4.3463273
556,0.556,0.08825669,4.408102
557,0.557,0.085108,4.3688564
558,0.558,0.10215688,4.3563986
559,0.559,0.10631417,4.3842187
560,0.56,0.09440792,4.3887215
561,0.561,0.09802099,4.356278
562,0.562,0.10783918,8.731074
563,0.563,0.1215679,8.731116
564,0.564,0.11476623,8.714815
565,0.565,0.11847983,7.1313043
566,0.566,0.119375885,3.7381244
567,0.567,0.1122999,7.1711516
568,0.568,0.122748494,3.6708074
569,0.569,0.13162448,3.6737936
570,0.57,0.121577,3.6876874
571,0.571,0.115583576,3.6993597
572,0.572,0.13530101,3.7820196
573,0.573,0.12019003,3.804211
574,0.574,0.112339884,3.7643113
575,0.575,0.10628176,3.6751277
576,0.576,0.10996016,3.6922567
577,0.577,0.12841032,7.170011
578,0.578,0.122021034,7.140981
579,0.579,0.113396876,7.155029
580,0.58,0.1284477,7.2010326
581,0.581,0.12136629,7.2214828
582,0.582,0.113667846,7.2544475
583,0.583,0.111308776,7.2348638
584,0.584,0.114493564,7.2183976
585,0.585,0.10485325,3.8055189
586,0.586,0.095307566,3.8022833
587,0.587,0.09651105,3.7243068
588,0.588,0.11502916,3.6888182
589,0.589,0.10838269,3.6117043
590,0.59,0.09847877,3.571124
591,0.591,0.10718564,3.6225572
592,0.592,0.09524557,3.7282612
593,0.593,0.112422004,4.3616266
594,0.594,0.10884889,3.7217674
595,0.595,0.100845724,4.346004
596,0.596,0.1031721,4.368532
597,0.597,0.111370675,4.3724647
598,0.598,0.1082293,4.3825097
599,0.599,0.108344644,8.681304
600,0.6,0.109599784,4.3471565
601,0.601,0.119859904,4.3540144
602,0.602,0.11277173,4.3406863
603,0.603,0.12094784,4.401273
604,0.604,0.08936102,4.3763895
605,0.605,0.10236445,8.666791
606,0.606,0.1065431,4.3425446
607,0.607,0.09221951,8.674368
608,0.608,0.09168689,8.706626
609,0.609,0.098208494,8.742397
610,0.61,0.100613005,8.698726
611,0.611,0.109794974,8.675924
612,0.612,0.0986155,8.692602
613,0.613,0.11600228,4.359931
614,0.614,0.11328939,8.679251
615,0.615,0.10424709,8.687794
616,0.616,0.10267113,4.422124
617,0.617,0.10691263,8.674306
618,0.618,0.10273583,8.6379175
619,0.619,0.10504847,8.664197
620,0.62,0.12084198,8.671536
621,0.621,0.09450107,4.3665686
622,0.622,0.098959304,8.697733
623,0.623,0.09523395,8.678028
624,0.624,0.090420574,8.69701
625,0.625,0.10764731,4.345223
626,0.626,0.11162065,4.346754
627,0.627,0.11071519,4.425788
628,0.628,0.13022166,8.698365
629,0.629,0.12332009,4.399367
630,0.63,0.122536786,8.679856
631,0.631,0.10611316,8.711127
632,0.632,0.10408644,8.702209
633,0.633,0.104657665,8.674807
634,0.634,0.100569576,8.6872425
635,0.635,0.098957434,8.652871
636,0.636,0.104317896,8.658914
637,0.637,0.09347461,4.4429936
638,0.638,0.08921424,8.738775
639,0.639,0.10321086,4.410423
640,0.64,0.10542966,8.687924
641,0.641,0.101297416,4.394686
642,0.642,0.105763525,8.678001
643,0.643,0.112675115,8.7307205
644,0.644,0.10348293,8.716613
645,0.645,0.1016388,8.694504
646,0.646,0.10638475,8.697724
647,0.647,0.105295345,8.7138815
648,0.648,0.104153804,8.703716
649,0.649,0.10382424,8.681596
650,0.65,0.11252048,8.665217
651,0.651,0.116157055,8.655659
652,0.652,0.10429431,8.691064
653,0.653,0.11867441,8.68264
654,0.654,0.124818236,8.635077
655,0.655,0.11498743,8.6458025
656,0.656,0.107693024,8.667811
657,0.657,0.08934381,8.626818
658,0.658,0.10149159,8.597447
659,0.659,0.09511823,8.663235
660,0.66,0.087856315,8.64019
661,0.661,0.092909455,8.609455
662,0.662,0.10881949,8.587929
663,0.663,0.0986311,8.550926
664,0.664,0.09555128,8.591845
665,0.665,0.107742146,8.56193
666,0.666,0.118123055,8.566292
667,0.667,0.109227516,8.5910015
668,0.668,0.104554735,8.616689
669,0.669,0.107751854,8.631115
670,0.67,0.088183455,8.623742
671,0.671,0.0931132,8.598608
672,0.672,0.11067072,8.5794115
673,0.673,0.0974721,8.620738
674,0.674,0.09394144,8.604861
675,0.675,0.09922443,8.63572
676,0.676,0.082324,8.607659
677,0.677,0.09127123,4.435355
678,0.678,0.089991555,8.573346
679,0.679,0.0782281,8.569663
680,0.68,0.08605984,8.534225
681,0.681,0.07768747,8.507691
682,0.682,0.07504153,8.505261
683,0.683,0.07347221,8.522483
684,0.684,0.0774225,8.52359
685,0.685,0.07801151,8.5092535
686,0.686,0.07960033,8.537215
687,0.687,0.07312301,8.597392
688,0.688,0.08133752,8.550651
689,0.689,0.085045084,8.555059
690,0.69,0.0769418,4.3822293
691,0.691,0.067480676,8.561604
692,0.692,0.07202,8.569644
693,0.693,0.07432479,8.617682
694,0.694,0.0834626,8.5523615
695,0.695,0.070813,8.500473
696,0.696,0.08422141,8.595923
697,0.697,0.08001356,8.552812
698,0.698,0.07517833,8.551974
699,0.699,0.093115844,8.531325
700,0.7,0.08346777,8.549487
701,0.701,0.09246737,8.511434
702,0.702,0.09226219,8.552659
703,0.703,0.09327957,8.525023
704,0.704,0.09315878,8.585918
705,0.705,0.08032745,8.570928
706,0.706,0.08238899,4.472796
707,0.707,0.08039329,4.501994
708,0.708,0.07832635,8.57845
709,0.709,0.08237705,8.5896015
710,0.71,0.0764782,8.537951
711,0.711,0.08136399,8.555664
712,0.712,0.080711804,8.568718
713,0.713,0.07788601,8.589627
714,0.714,0.08786262,8.57801
715,0.715,0.092798136,8.5557575
716,0.716,0.09547978,8.5304785
717,0.717,0.098208494,8.512051
718,0.718,0.08714824,8.544939
719,0.719,0.09860115,4.4118967
720,0.72,0.09722878,4.421777
721,0.721,0.097309746,4.396669
722,0.722,0.1081713,4.3743386
723,0.723,0.106827416,4.3965254
724,0.724,0.12044571,8.54977
725,0.725,0.1294882,8.581065
726,0.726,0.114149116,4.390365
727,0.727,0.12101293,8.534947
728,0.728,0.116654426,4.415983
729,0.729,0.12173834,4.4189296
730,0.73,0.1157405,8.537736
731,0.731,0.120372646,8.49458
732,0.732,0.13045534,4.3907022
733,0.733,0.11784614,4.4477882
734,0.734,0.10970808,4.456662
735,0.735,0.11809805,4.434424
736,0.736,0.11739366,4.418217
737,0.737,0.10922076,4.3931074
738,0.738,0.10957789,4.408261
739,0.739,0.10007095,4.413103
740,0.74,0.10610504,4.4347816
741,0.741,0.09344103,4.444926
742,0.742,0.086249806,4.4870725
743,0.743,0.09272518,4.429059
744,0.744,0.08570521,4.426984
745,0.745,0.09397418,4.3753448
746,0.746,0.10024419,8.48706
747,0.747,0.10337347,4.4608283
748,0.748,0.09883986,4.396026
749,0.749,0.09543144,4.3847327
750,0.75,0.09422265,4.3714395
751,0.751,0.10338597,4.3996773
752,0.752,0.10206348,4.4513025
753,0.753,0.10549966,4.442003
754,0.754,0.09610794,4.415647
755,0.755,0.09115183,4.4387994
756,0.756,0.098109454,4.4549966
757,0.757,0.109164976,4.402883
758,0.758,0.0981922,4.407464
759,0.759,0.10247379,4.376096
760,0.76,0.10538938,4.430791
761,0.761,0.10133082,4.4918566
762,0.762,0.09655821,4.412885
763,0.763,0.10408644,4.406104
764,0.764,0.10104016,4.3726444
765,0.765,0.090784565,4.388804
766,0.766,0.07736049,4.3980083
767,0.767,0.08772806,4.393828
768,0.768,0.102355435,4.385743
769,0.769,0.10372642,4.3766036
770,0.77,0.09638283,4.382728
771,0.771,0.10474346,4.3807163
772,0.772,0.10417979,4.4127674
773,0.773,0.09440075,4.407119
774,0.774,0.10118195,4.4252605
775,0.775,0.103574455,4.3526535
776,0.776,0.12009171,4.376082
777,0.777,0.09679306,8.498893
778,0.778,0.10018279,8.557664
779,0.779,0.10603775,8.5265665
780,0.78,0.101044424,4.435265
781,0.781,0.08578989,4.4667535
782,0.782,0.09496998,4.392504
783,0.783,0.10908209,4.3930025
784,0.784,0.10348055,4.4015427
785,0.785,0.10261419,8.557746
786,0.786,0.0976783,8.5172
787,0.787,0.09791234,8.53085
788,0.788,0.095945835,8.533135
789,0.789,0.0905457,8.509176
790,0.79,0.087774344,8.483158
791,0.791,0.07878767,8.503823
792,0.792,0.086786725,8.527411
793,0.793,0.076008536,8.548534
794,0.794,0.092763655,4.4824195
795,0.795,0.08794521,8.567073
796,0.796,0.071317755,8.561505
797,0.797,0.07722675,4.438181
798,0.798,0.08269163,4.3997107
799,0.799,0.07873611,4.392815
800,0.8,0.07755192,8.534317
801,0.801,0.07304303,8.545267
802,0.802,0.069735214,8.542635
803,0.803,0.072528236,8.520779
804,0.804,0.07494472,8.491652
805,0.805,0.08443591,8.537923
806,0.806,0.07944326,8.504034
807,0.807,0.081379876,8.468259
808,0.808,0.085931055,8.512657
809,0.809,0.08393967,8.441858
810,0.81,0.0821931,8.404996
811,0.811,0.07818562,8.36034
812,0.812,0.074322306,8.355358
813,0.813,0.079406075,8.340255
814,0.814,0.085663565,8.322907
815,0.815,0.08159657,8.297531
816,0.816,0.0790107,8.334434
817,0.817,0.0766582,8.315091
818,0.818,0.07224178,8.3306265
819,0.819,0.085419014,8.345427
820,0.82,0.08983005,8.318895
821,0.821,0.0733381,8.33928
822,0.822,0.0768738,8.364939
823,0.823,0.06693688,8.391264
824,0.824,0.069014184,8.324262
825,0.825,0.07152193,8.272389
826,0.826,0.06935923,8.278559
827,0.827,0.081151985,8.282946
828,0.828,0.079310715,8.233315
829,0.829,0.08704298,8.234421
830,0.83,0.096038766,8.250504
831,0.831,0.101662405,8.242924
832,0.832,0.092301525,8.20629
833,0.833,0.11386633,8.164629
834,0.834,0.0893741,8.187267
835,0.835,0.10129377,8.219882
836,0.836,0.10282084,8.18698
837,0.837,0.10023437,8.217687
838,0.838,0.09678607,8.1777935
839,0.839,0.10209482,8.119036
840,0.84,0.10153342,8.106629
841,0.841,0.089983344,8.069011
842,0.842,0.09713571,8.094211
843,0.843,0.09143557,8.14262
844,0.844,0.087876625,8.124958
845,0.845,0.08483429,8.183315
846,0.846,0.081823975,8.188581
847,0.847,0.09605671,8.208479
848,0.848,0.10068636,8.187623
849,0.849,0.084763914,8.171429
850,0.85,0.085362814,8.217791
851,0.851,0.09588682,8.225768
852,0.852,0.084581524,8.183604
853,0.853,0.07223752,8.21508
854,0.854,0.08597472,4.416307
855,0.855,0.08414247,8.229121
856,0.856,0.09273712,8.173182
857,0.857,0.10283401,8.1665125
858,0.858,0.10496351,8.114341
859,0.859,0.10719138,8.183917
860,0.86,0.10117952,8.135016
861,0.861,0.09422918,8.145325
862,0.862,0.095772535,8.161989
863,0.863,0.0892887,8.171881
864,0.864,0.08217588,8.185776
865,0.865,0.09360682,8.15508
866,0.866,0.085142694,8.211256
867,0.867,0.09541338,8.210108
868,0.868,0.08882304,8.197424
869,0.869,0.08438635,8.208236
870,0.87,0.078170665,8.120515
871,0.871,0.08929283,8.182573
872,0.872,0.09690106,8.148742
873,0.873,0.09684961,8.23416
874,0.874,0.09454013,8.245582
875,0.875,0.08786612,8.261554
876,0.876,0.092332855,8.24309
877,0.877,0.09628127,8.246015
878,0.878,0.08933898,8.2785225
879,0.879,0.08907483,8.236434
880,0.88,0.10094085,8.237708
881,0.881,0.09583996,8.194572
882,0.882,0.09377494,8.194799
883,0.883,0.08136399,8.153422
884,0.884,0.07678651,8.1805
885,0.885,0.084642604,8.136046
886,0.886,0.08831453,8.146083
887,0.887,0.0895797,8.132173
888,0.888,0.091967635,8.190976
889,0.889,0.09385429,8.084385
890,0.89,0.08996488,8.086988
891,0.891,0.09958899,8.106594
892,0.892,0.09781049,8.06411
893,0.893,0.10118803,8.042359
894,0.894,0.103781566,8.072748
895,0.895,0.10463003,8.058076
896,0.896,0.09332178,8.036668
897,0.897,0.09032662,7.9724026
898,0.898,0.08360844,7.993339
899,0.899,0.08732386,8.006181
900,0.9,0.08666896,8.033589
901,0.901,0.0806302,5.383527
902,0.902,0.077647865,5.354173
903,0.903,0.09138037,5.4250145
904,0.904,0.09368566,5.3659267
905,0.905,0.095337905,5.375653
906,0.906,0.09808814,5.41042
907,0.907,0.110968865,5.3530173
908,0.908,0.09603685,5.3424854
909,0.909,0.10150796,5.288857
910,0.91,0.10892856,5.2180395
911,0.911,0.09206927,7.9612355
912,0.912,0.100618504,7.9233375
913,0.913,0.10149159,7.885527
914,0.914,0.09612266,5.076947
915,0.915,0.101882465,5.128536
916,0.916,0.09389362,5.0758266
917,0.917,0.09722245,5.0766907
918,0.918,0.10552649,7.852724
919,0.919,0.09977231,7.8122973
920,0.92,0.086939014,7.8822203
921,0.921,0.093180574,7.808392
922,0.922,0.09736663,7.8455477
923,0.923,0.09632535,7.8965654
924,0.924,0.09475335,7.8347354
925,0.925,0.10432616,7.8552785
926,0.926,0.114918925,7.80609
927,0.927,0.10892856,7.8684506
928,0.928,0.10001868,7.8812804
929,0.929,0.105774574,7.9462285
930,0.93,0.10807627,7.9355526
931,0.931,0.10309216,7.8594975
932,0.932,0.10716612,7.886102
933,0.933,0.10303544,7.841926
934,0.934,0.09185383,7.8651586
935,0.935,0.09128404,7.844956
936,0.936,0.09062788,7.8818655
937,0.937,0.090325266,7.92377
938,0.938,0.09741149,7.9339037
939,0.939,0.10861689,7.8975134
940,0.94,0.09759133,7.870326
941,0.941,0.10421227,7.93384
942,0.942,0.108101316,7.855761
943,0.943,0.09674919,7.890448
944,0.944,0.102277264,7.8736777
945,0.945,0.10368429,7.84709
946,0.946,0.103456765,7.8760414
947,0.947,0.09660345,7.8957357
948,0.948,0.08762069,7.9948826
949,0.949,0.09784948,7.9817147
950,0.95,0.08843706,7.9811587
951,0.951,0.094715685,7.9761324
952,0.952,0.09195157,7.9706473
953,0.953,0.08073086,7.9420514
954,0.954,0.079038724,8.009238
955,0.955,0.08815205,7.9892797
956,0.956,0.09588682,8.051805
957,0.957,0.095483646,7.932966
958,0.958,0.09746705,7.8884816
959,0.959,0.10410121,7.894312
960,0.96,0.106618725,7.918976
961,0.961,0.10391191,7.916383
962,0.962,0.10974397,7.922761
963,0.963,0.105004534,7.996623
964,0.964,0.09963037,7.9977856
965,0.965,0.09466825,7.9178696
966,0.966,0.08859902,8.023789
967,0.967,0.09119435,7.972528
968,0.968,0.097785324,7.888863
969,0.969,0.09592595,7.9373446
970,0.97,0.10265915,7.934635
971,0.971,0.09385954,7.9762797
972,0.972,0.081584506,8.025705
973,0.973,0.083475135,8.02582
974,0.974,0.09198235,8.039792
975,0.975,0.09268071,8.0335245
976,0.976,0.100679025,8.082685
977,0.977,0.105476335,8.050406
978,0.978,0.10319416,8.08222
979,0.979,0.10505199,8.006161
980,0.98,0.10814627,8.073858
981,0.981,0.09478517,8.077339
982,0.982,0.09486951,7.970818
983,0.983,0.094362944,7.9412737
984,0.984,0.11068351,7.976523
985,0.985,0.09830055,7.9508743
986,0.986,0.09539855,7.976026
987,0.987,0.10622095,7.8639784
988,0.988,0.10050042,7.867031
989,0.989,0.096787974,7.827246
990,0.99,0.09208129,7.8532763
991,0.991,0.093960434,7.807202
992,0.992,0.08617415,7.87866
993,0.993,0.079383604,7.9063964
994,0.994,0.065020524,7.9971685
995,0.995,0.07435045,8.014034
996,0.996,0.07095882,8.018404
997,0.997,0.062419225,8.007886
998,0.998,0.07492419,7.9885483
999,0.999,0.079293646,8.036612
1000,1.0,0.06765278,8.061212
1001,1.001,0.069005266,8.0644245
1002,1.002,0.071158834,8.055167
1003,1.003,0.06418719,8.03314
1004,1.004,0.06467231,8.052699
1005,1.005,0.069005266,8.017725
1006,1.006,0.06719193,7.9692655
1007,1.007,0.060910597,8.071806
1008,1.008,0.06271816,8.0337515
1009,1.009,0.06519913,7.987495
1010,1.01,0.060582433,5.545653
1011,1.011,0.05912374,5.564222
1012,1.012,0.062423166,7.9922543
1013,1.013,0.061440624,5.644359
1014,1.014,0.060682893,5.653361
1015,1.015,0.060818605,4.40309
1016,1.016,0.07523887,8.048339
1017,1.017,0.077545576,7.998229
1018,1.018,0.08387148,8.003013
1019,1.019,0.07611289,8.000564
1020,1.02,0.057356305,8.037689
1021,1.021,0.07044014,5.8042574
1022,1.022,0.065740444,5.9081416
1023,1.023,0.07682016,8.126408
1024,1.024,0.07032475,8.134859
1025,1.025,0.063858524,5.8562
1026,1.026,0.06909615,5.9200654
1027,1.027,0.07488641,8.165298
1028,1.028,0.059988443,4.449872
1029,1.029,0.06389128,8.133511
1030,1.03,0.067142464,8.095638
1031,1.031,0.056394592,4.410313
1032,1.032,0.069189586,8.168617
1033,1.033,0.07405443,4.441559
1034,1.034,0.06432221,8.1783
1035,1.035,0.06198598,8.187651
1036,1.036,0.06224253,8.191063
1037,1.037,0.07321215,8.222648
1038,1.038,0.06869965,8.20771
1039,1.039,0.065099016,8.198862
1040,1.04,0.061733343,8.166159
1041,1.041,0.061218914,8.10985
1042,1.042,0.06604671,8.092357
1043,1.043,0.07104721,8.158661
1044,1.044,0.06389994,8.097661
1045,1.045,0.06522838,8.073889
1046,1.046,0.059464093,8.042035
1047,1.047,0.06706912,8.036278
1048,1.048,0.055423964,7.98411
1049,1.049,0.06435664,8.010781
1050,1.05,0.07267908,7.974584
1051,1.051,0.07200206,7.9419866
1052,1.052,0.071832664,4.4087534
1053,1.053,0.073598556,7.9593506
1054,1.054,0.059499264,4.4275303
1055,1.055,0.07342279,4.420204
1056,1.056,0.06609327,4.434865
1057,1.057,0.07067994,4.429025
1058,1.058,0.06375535,4.422362
1059,1.059,0.072265625,4.4280887
1060,1.06,0.07048031,4.4535823
1061,1.061,0.05068787,3.247132
1062,1.062,0.0587856,4.4100547
1063,1.063,0.053754736,4.4346533
1064,1.064,0.05430816,4.406735
1065,1.065,0.04879157,4.4086404
1066,1.066,0.051168703,4.4592085
1067,1.067,0.059941243,4.444444
1068,1.068,0.053208277,4.449452
1069,1.069,0.055390652,4.427001
1070,1.07,0.061950233,4.3969007
1071,1.071,0.06255609,4.4309745
1072,1.072,0.07819821,4.4227905
1073,1.073,0.07217276,4.4079175
1074,1.074,0.072832145,4.385478
1075,1.075,0.07940763,4.398051
1076,1.076,0.07250193,4.3806953
1077,1.077,0.066014096,4.3990855
1078,1.078,0.076992966,4.431961
1079,1.079,0.07399209,4.3664927
1080,1.08,0.067116804,4.3659296
1081,1.081,0.08801165,4.3485665
1082,1.082,0.080883145,4.3878446
1083,1.083,0.08437249,4.4184585
1084,1.084,0.07735651,4.4192834
1085,1.085,0.071167484,4.412965
1086,1.086,0.08287224,4.409945
1087,1.087,0.056910466,4.4150505
1088,1.088,0.07459829,4.4555364
1089,1.089,0.06575261,4.4452276
1090,1.09,0.059829254,4.4134707
1091,1.091,0.05522044,4.4042664
1092,1.092,0.06603273,8.000236
1093,1.093,0.06415747,4.3796077
1094,1.094,0.05593449,4.40332
1095,1.095,0.046482205,4.376948
1096,1.096,0.055802334,4.412671
1097,1.097,0.063795865,4.4177065
1098,1.098,0.065974936,4.43289
1099,1.099,0.066237405,4.401693
1100,1.1,0.054985955,4.4056897
1101,1.101,0.062425137,4.387244
1102,1.102,0.06384215,4.3950586
1103,1.103,0.06553328,4.45565
1104,1.104,0.06814392,4.420868
1105,1.105,0.077373214,4.442345
1106,1.106,0.067574516,4.4338474
1107,1.107,0.054364778,8.085161
1108,1.108,0.06259739,4.3954105
1109,1.109,0.063863344,4.4243584
1110,1.11,0.06688355,8.11257
1111,1.111,0.060125723,4.3926735
1112,1.112,0.06747429,4.4309554
1113,1.113,0.05388506,4.4172225
1114,1.114,0.06215449,4.4155817
1115,1.115,0.056228515,4.3951344
1116,1.116,0.058618944,4.4088273
1117,1.117,0.055068694,4.429716
1118,1.118,0.057527684,4.419511
1119,1.119,0.054259423,4.386091
1120,1.12,0.07059894,4.3833165
1121,1.121,0.075392455,4.445262
1122,1.122,0.06821251,4.4286327
1123,1.123,0.062399507,4.4389863
1124,1.124,0.06526044,8.205004
1125,1.125,0.054385144,4.3917108
1126,1.126,0.05475047,4.4064093
1127,1.127,0.048813,4.436599
1128,1.128,0.048645068,4.439232
1129,1.129,0.056981776,4.464618
1130,1.13,0.05524049,4.425531
1131,1.131,0.054809995,4.484855
1132,1.132,0.060816582,4.4455223
1133,1.133,0.063396305,4.440538
1134,1.134,0.059338763,4.4624333
1135,1.135,0.0759972,4.478353
1136,1.136,0.07602877,7.981559
1137,1.137,0.06883207,7.9175506
1138,1.138,0.07316759,7.8645325
1139,1.139,0.07111818,7.8378696
1140,1.14,0.06941775,7.7778316
1141,1.141,0.062119834,7.753545
1142,1.142,0.05762066,7.658077
1143,1.143,0.06939825,7.6592174
1144,1.144,0.06441589,7.6107635
1145,1.145,0.06350491,7.6366096
1146,1.146,0.05896013,7.60381
1147,1.147,0.068925865,7.4852886
1148,1.148,0.07163883,7.4705715
1149,1.149,0.07597777,7.4199677
1150,1.15,0.08908795,7.5248156
1151,1.151,0.08196221,7.4954104
1152,1.152,0.08255088,7.435739
1153,1.153,0.07901848,7.407563
1154,1.154,0.07682016,7.4219527
1155,1.155,0.08364596,7.4549937
1156,1.156,0.08104728,7.452544
1157,1.157,0.08170734,7.5097666
1158,1.158,0.09053482,7.4844103
1159,1.159,0.09366267,7.503532
1160,1.16,0.07842448,7.541752
1161,1.161,0.090662494,7.6254787
1162,1.162,0.0821946,7.5398726
1163,1.163,0.08715883,7.6574864
1164,1.164,0.088930346,7.6681967
1165,1.165,0.08114819,7.593598
1166,1.166,0.09290879,7.5580707
1167,1.167,0.08425938,7.5790777
1168,1.168,0.08899881,7.6525016
1169,1.169,0.0810078,7.5818005
1170,1.17,0.079295196,7.5299163
1171,1.171,0.08517232,7.5204725
1172,1.172,0.08875305,7.4145384
1173,1.173,0.09174123,7.3836756
1174,1.174,0.0946806,7.360675
1175,1.175,0.09886911,7.322465
1176,1.176,0.095725626,7.343102
1177,1.177,0.09789663,7.418381
1178,1.178,0.09188665,7.3914723
1179,1.179,0.105295934,7.321795
1180,1.18,0.092743754,7.3047757
1181,1.181,0.10029389,7.3144073
1182,1.182,0.106732346,7.3675346
1183,1.183,0.08722658,7.410136
1184,1.184,0.0797131,7.455896
1185,1.185,0.0802025,7.4292045
1186,1.186,0.090009324,7.3679376
1187,1.187,0.103112444,7.4303865
1188,1.188,0.09591248,7.3338685
1189,1.189,0.094090655,7.3550773
1190,1.19,0.0963113,7.3287826
1191,1.191,0.08516004,7.327719
1192,1.192,0.08373198,7.347286
1193,1.193,0.090674706,7.279495
1194,1.194,0.096645474,7.277053
1195,1.195,0.07840565,7.261142
1196,1.196,0.08027151,7.269152
1197,1.197,0.08727453,7.204246
1198,1.198,0.0793588,7.1877766
1199,1.199,0.081244424,7.1805825
1200,1.2,0.080135725,7.1605096
1201,1.201,0.08585083,7.1143446
1202,1.202,0.08262836,7.035357
1203,1.203,0.081913404,7.0369973
1204,1.204,0.07861099,7.11325
1205,1.205,0.08245767,7.065494
1206,1.206,0.08238377,7.048965
1207,1.207,0.078173816,7.0996356
1208,1.208,0.069608934,7.112669
1209,1.209,0.08012345,7.05652
1210,1.21,0.07787889,7.1015983
1211,1.211,0.09519194,7.190888
1212,1.212,0.08473923,7.130834
1213,1.213,0.08903337,7.15401
1214,1.214,0.10134903,7.101537
1215,1.215,0.09597853,7.037362
1216,1.216,0.09520874,7.077035
1217,1.217,0.08973617,7.0961947
1218,1.218,0.0868087,7.085134
1219,1.219,0.085221425,7.071457
1220,1.22,0.081301965,6.9962993
1221,1.221,0.07653771,6.9926486
1222,1.222,0.08311689,6.94909
1223,1.223,0.08903614,6.9004316
1224,1.224,0.107400104,6.9092317
1225,1.225,0.097225614,6.9576697
1226,1.226,0.0913568,6.927919
1227,1.227,0.09427879,6.875513
1228,1.228,0.0840898,6.911388
1229,1.229,0.069936976,6.804985
1230,1.23,0.08479294,6.798899
1231,1.231,0.071223654,6.7653804
1232,1.232,0.060582433,6.661665
1233,1.233,0.068697855,6.6000543
1234,1.234,0.062404435,6.672829
1235,1.235,0.045654148,6.693023
1236,1.236,0.059090428,6.576013
1237,1.237,0.054671746,6.42441
1238,1.238,0.06524724,6.489027
1239,1.239,0.07233285,6.5166764
1240,1.24,0.06152669,6.53871
1241,1.241,0.07142551,6.556976
1242,1.242,0.06851581,6.4984436
1243,1.243,0.06358818,6.4565763
1244,1.244,0.072929226,6.5113664
1245,1.245,0.0678707,6.4986854
1246,1.246,0.07501611,6.5267124
1247,1.247,0.06568333,6.5369325
1248,1.248,0.06819086,6.538587
1249,1.249,0.062093087,6.578688
1250,1.25,0.05973148,6.607136
1251,1.251,0.07042005,6.576923
1252,1.252,0.0697308,6.6287017
1253,1.253,0.056903977,6.5037055
1254,1.254,0.06002125,6.5246906
1255,1.255,0.057644144,6.5071535
1256,1.256,0.065893754,6.5690846
1257,1.257,0.05564333,6.5776668
1258,1.258,0.06564491,6.666188
1259,1.259,0.057828505,6.577947
1260,1.26,0.07450503,6.5796933
1261,1.261,0.06339145,6.561608
1262,1.262,0.058035605,6.5015144
1263,1.263,0.058482338,6.4501963
1264,1.264,0.0572027,6.465779
1265,1.265,0.06448176,6.4762235
1266,1.266,0.05775185,6.5393634
1267,1.267,0.059647985,6.4984283
1268,1.268,0.059911467,6.5102534
1269,1.269,0.060713302,6.456913
1270,1.27,0.0608095,6.3856573
1271,1.271,0.061432615,6.3454194
1272,1.272,0.06412006,6.3508782
1273,1.273,0.07878064,6.435182
1274,1.274,0.06464186,6.344102
1275,1.275,0.061791122,6.4239755
1276,1.276,0.0679305,6.4713917
1277,1.277,0.062301815,6.3613896
1278,1.278,0.055788,6.356813
1279,1.279,0.05844971,6.3943973
1280,1.28,0.060907565,6.3611526
1281,1.281,0.06503093,6.3017454
1282,1.282,0.069986224,4.4732494
1283,1.283,0.0692527,4.394426
1284,1.284,0.076378375,6.342438
1285,1.285,0.06454279,6.3756523
1286,1.286,0.064763576,6.460835
1287,1.287,0.06339727,6.412202
1288,1.288,0.07319282,6.3599653
1289,1.289,0.06789517,6.3275476
1290,1.29,0.05811718,6.3271184
1291,1.291,0.05516358,6.278721
1292,1.292,0.0517593,6.274852
1293,1.293,0.054158404,4.436136
1294,1.294,0.055862945,4.443697
1295,1.295,0.060820628,4.4359903
1296,1.296,0.074430674,4.445033
1297,1.297,0.06252756,4.4072137
1298,1.298,0.05462671,4.410628
1299,1.299,0.049073227,4.420607
1300,1.3,0.051288802,4.390556
1301,1.301,0.051562786,4.3962493
1302,1.302,0.055236034,4.4330473
1303,1.303,0.050036706,4.4187474
1304,1.304,0.052046176,4.44119
1305,1.305,0.053875927,4.429658
1306,1.306,0.06549759,4.3938503
1307,1.307,0.051493533,4.3853354
1308,1.308,0.061876696,4.42561
1309,1.309,0.060298413,4.4237223
1310,1.31,0.06536124,4.45064
1311,1.311,0.061277177,4.430213
1312,1.312,0.0600069,4.43937
1313,1.313,0.056962334,4.4223413
1314,1.314,0.061948247,4.41536
1315,1.315,0.062181212,4.3753753
1316,1.316,0.070633784,4.4096775
1317,1.317,0.07937198,4.470234
1318,1.318,0.067209326,4.4492235
1319,1.319,0.067429595,4.4073396
1320,1.32,0.062458638,4.3775826
1321,1.321,0.059423726,4.4054446
1322,1.322,0.06203063,4.412754
1323,1.323,0.06934858,4.4579315
1324,1.324,0.066297755,4.466438
1325,1.325,0.07409347,4.43096
1326,1.326,0.0716457,4.4334064
1327,1.327,0.06925536,4.415882
1328,1.328,0.0599474,4.3902736
1329,1.329,0.06245273,4.4359555
1330,1.33,0.064056695,4.457942
1331,1.331,0.06946028,4.4519424
1332,1.332,0.060953006,6.1481075
1333,1.333,0.06841965,6.1969995
1334,1.334,0.059937138,6.160974
1335,1.335,0.0644493,6.113744
1336,1.336,0.07006355,6.0873957
1337,1.337,0.07568893,6.096455
1338,1.338,0.06531981,6.174794
1339,1.339,0.063646205,6.1569715
1340,1.34,0.061747294,6.123407
1341,1.341,0.063339986,4.358121
1342,1.342,0.0817653,4.4173017
1343,1.343,0.07867983,6.1055408
1344,1.344,0.075523734,4.3898025
1345,1.345,0.08213769,6.1775827
1346,1.346,0.07436617,6.211051
1347,1.347,0.06653399,4.3549457
1348,1.348,0.0699915,6.1622005
1349,1.349,0.07457519,6.150598
1350,1.35,0.06337301,6.1203084
1351,1.351,0.06331181,6.1633005
1352,1.352,0.06945142,6.189675
1353,1.353,0.067040674,6.3070645
1354,1.354,0.07049864,6.372242
1355,1.355,0.06689275,6.4393024
1356,1.356,0.05689749,6.437462
1357,1.357,0.072065264,6.4461193
1358,1.358,0.056886677,6.4324584
1359,1.359,0.06713513,6.3804507
1360,1.36,0.06707462,6.4217114
1361,1.361,0.07636791,6.4195375
1362,1.362,0.06893925,6.439873
1363,1.363,0.06247637,6.4075856
1364,1.364,0.05598726,6.532629
1365,1.365,0.057774216,6.5575905
1366,1.366,0.054260556,6.482339
1367,1.367,0.054265093,6.48513
1368,1.368,0.060717355,6.4037795
1369,1.369,0.056598246,6.436126
1370,1.37,0.05633892,6.468266
1371,1.371,0.076695114,6.349368
1372,1.372,0.062238578,6.302309
1373,1.373,0.07599396,6.2663894
1374,1.374,0.05984262,6.3164396
1375,1.375,0.059308685,6.29573
1376,1.376,0.050327286,6.2409415
1377,1.377,0.056797918,6.2607846
1378,1.378,0.05876571,6.351081
1379,1.379,0.064309776,6.365381
1380,1.38,0.063537836,6.3692784
1381,1.381,0.06501106,6.3865457
1382,1.382,0.05680333,6.4341583
1383,1.383,0.052104067,6.4373293
1384,1.384,0.054232202,6.466106
1385,1.385,0.05594659,6.517209
1386,1.386,0.05292305,6.547113
1387,1.387,0.05708103,6.531693
1388,1.388,0.052783355,6.5404
1389,1.389,0.061760247,6.494354
1390,1.39,0.06525101,6.51147
1391,1.391,0.056434944,6.5119977
1392,1.392,0.07415572,6.613081
1393,1.393,0.07396048,6.5893617
1394,1.394,0.065107524,6.645362
1395,1.395,0.06970874,6.6036725
1396,1.396,0.06919759,6.6560783
1397,1.397,0.06576758,6.601327
1398,1.398,0.06537724,6.6799397
1399,1.399,0.054481223,6.651241
1400,1.4,0.054925498,6.623247
1401,1.401,0.06630425,6.6853547
1402,1.402,0.05566434,6.7006783
1403,1.403,0.06015539,6.594259
1404,1.404,0.07170063,6.5609646
1405,1.405,0.061409574,6.593182
1406,1.406,0.05741742,6.6147723
1407,1.407,0.06386238,6.648885
1408,1.408,0.05916119,6.5751667
1409,1.409,0.058761522,6.509789
1410,1.41,0.06589282,6.517476
1411,1.411,0.06114852,6.5779147
1412,1.412,0.06944788,6.625796
1413,1.413,0.07030988,6.669752
1414,1.414,0.059338763,6.6352034
1415,1.415,0.06711497,6.700298
1416,1.416,0.06468753,6.6435695
1417,1.417,0.059214205,6.5847664
1418,1.418,0.058910016,6.5481563
1419,1.419,0.07196274,6.532871
1420,1.42,0.06983749,6.5642223
1421,1.421,0.064077824,6.577312
1422,1.422,0.07641623,6.5300136
1423,1.423,0.06737299,6.527221
1424,1.424,0.06455233,6.4991255
1425,1.425,0.06561491,6.465217
1426,1.426,0.06806442,6.358541
1427,1.427,0.057096116,6.34348
1428,1.428,0.06609327,6.29
1429,1.429,0.06988329,6.292625
1430,1.43,0.06810057,6.3279934
1431,1.431,0.07321215,6.4009976
1432,1.432,0.07842213,6.332044
1433,1.433,0.09007834,6.2712245
1434,1.434,0.091523,6.267658
1435,1.435,0.090525985,6.2507696
1436,1.436,0.10166846,6.205964
1437,1.437,0.08693194,6.199257
1438,1.438,0.086167015,6.117378
1439,1.439,0.10028653,6.0158377
1440,1.44,0.097631045,6.005392
1441,1.441,0.086104155,6.008666
1442,1.442,0.08578702,5.954639
1443,1.443,0.07771519,5.9644375
1444,1.444,0.07909476,5.8881936
1445,1.445,0.08789343,5.8835754
1446,1.446,0.08189312,5.851663
1447,1.447,0.07908153,5.9173536
1448,1.448,0.08016797,5.825492
1449,1.449,0.08879048,5.750994
1450,1.45,0.07889303,5.745623
1451,1.451,0.08869133,5.6793685
1452,1.452,0.08577339,5.8043804
1453,1.453,0.089874566,5.801296
1454,1.454,0.0923968,5.8394327
1455,1.455,0.082812086,5.8950567
1456,1.456,0.08845306,5.869043
1457,1.457,0.09120649,5.816847
1458,1.458,0.101930775,5.7474666
1459,1.459,0.090274155,5.7732887
1460,1.46,0.09973284,5.80177
1461,1.461,0.09329078,5.8048506
1462,1.462,0.095922746,5.8733363
1463,1.463,0.09983149,5.985248
1464,1.464,0.08741893,5.942121
1465,1.465,0.09278355,5.842127
1466,1.466,0.090733044,5.7912335
1467,1.467,0.095241696,5.857872
1468,1.468,0.09054773,5.953809
1469,1.469,0.10571232,5.915357
1470,1.47,0.08255088,5.9224377
1471,1.471,0.08798788,6.057827
1472,1.472,0.09924551,6.0410004
1473,1.473,0.10146431,6.0157323
1474,1.474,0.088839665,6.0712037
1475,1.475,0.094727375,6.0039268
1476,1.476,0.08133677,6.0084224
1477,1.477,0.07518979,6.01267
1478,1.478,0.08353187,6.0459743
1479,1.479,0.07459417,6.087001
1480,1.48,0.0902353,6.0658813
1481,1.481,0.09101132,6.000253
1482,1.482,0.06802825,5.9776583
1483,1.483,0.06551074,5.950723
1484,1.484,0.07702492,5.8929577
1485,1.485,0.08856637,5.892153
1486,1.486,0.09440792,5.921063
1487,1.487,0.094915554,5.8541193
1488,1.488,0.08308949,5.9579396
1489,1.489,0.07679693,6.0517993
1490,1.49,0.08970668,6.125919
1491,1.491,0.08632752,6.0980196
1492,1.492,0.07895851,6.0718503
1493,1.493,0.07861333,6.095433
1494,1.494,0.08966895,6.074666
1495,1.495,0.08191791,6.0487847
1496,1.496,0.07723552,6.0414076
1497,1.497,0.08279722,5.988417
1498,1.498,0.08690575,6.0014367
1499,1.499,0.080301404,6.0789027
1500,1.5,0.085390195,6.061115
1501,1.501,0.098083116,6.026738
1502,1.502,0.095345005,6.026852
1503,1.503,0.09429315,6.084178
1504,1.504,0.0829598,6.088961
1505,1.505,0.09114846,6.1220756
1506,1.506,0.09040424,6.1505213
1507,1.507,0.09212271,6.1537747
1508,1.508,0.07410509,6.100216
1509,1.509,0.08148867,5.991287
1510,1.51,0.07972004,6.058355
1511,1.511,0.065844245,6.1162186
1512,1.512,0.059188224,6.1100307
1513,1.513,0.07193794,6.0799694
1514,1.514,0.0806569,6.0668216
1515,1.515,0.079105645,6.105231
1516,1.516,0.0693539,6.054836
1517,1.517,0.07805803,5.923953
1518,1.518,0.08124973,5.811601
1519,1.519,0.08569947,5.855156
1520,1.52,0.082026,5.8869042
1521,1.521,0.08076362,5.8507915
1522,1.522,0.07700815,5.85912
1523,1.523,0.07824226,5.762418
1524,1.524,0.087430894,5.8409967
1525,1.525,0.08776873,5.8407335
1526,1.526,0.09364165,4.42638
1527,1.527,0.102509804,4.404507
1528,1.528,0.09877074,4.397388
1529,1.529,0.09172983,4.371147
1530,1.53,0.082882635,4.390927
1531,1.531,0.086690255,4.371914
1532,1.532,0.084916934,4.383753
1533,1.533,0.07657227,4.4039044
1534,1.534,0.079992026,4.3741584
1535,1.535,0.0774066,4.372826
1536,1.536,0.08141691,4.3925114
1537,1.537,0.085150644,4.4007764
1538,1.538,0.07541367,4.409435
1539,1.539,0.08482487,4.405032
1540,1.54,0.09593622,4.3977113
1541,1.541,0.09703938,4.3854656
1542,1.542,0.089270085,4.3588943
1543,1.543,0.09115521,4.3855996
1544,1.544,0.0907744,4.3751693
1545,1.545,0.078736894,4.3773828
1546,1.546,0.08516221,4.357827
1547,1.547,0.09261364,4.356775
1548,1.548,0.09289886,4.3944597
1549,1.549,0.096467055,4.411084
1550,1.55,0.091295496,4.3949833
1551,1.551,0.10228027,4.4205503
1552,1.552,0.105043784,5.4606047
1553,1.553,0.08574828,4.3764877
1554,1.554,0.10071874,4.379582
1555,1.555,0.10262978,4.3495135
1556,1.556,0.10540339,4.3715434
1557,1.557,0.10417211,4.3851633
1558,1.558,0.1094807,4.4250307
1559,1.559,0.10619024,4.4113874
1560,1.56,0.09959888,4.4083557
1561,1.561,0.0971034,4.4101377
1562,1.562,0.11250298,4.404132
1563,1.563,0.091713056,4.381115
1564,1.564,0.10577399,4.395845
1565,1.565,0.11727934,4.3562255
1566,1.566,0.12009836,4.430859
1567,1.567,0.116517216,4.3821445
1568,1.568,0.11777355,4.3849587
1569,1.569,0.11687206,4.391427
1570,1.57,0.10172412,4.435031
1571,1.571,0.10492716,4.4117436
1572,1.572,0.109299034,4.394062
1573,1.573,0.11032159,4.35926
1574,1.574,0.11098328,4.3977733
1575,1.575,0.099235594,4.327385
1576,1.576,0.0999873,4.376115
1577,1.577,0.1176366,4.372533
1578,1.578,0.114647694,4.34987
1579,1.579,0.10161519,4.35595
1580,1.58,0.097612135,4.3838153
1581,1.581,0.0897252,4.3224807
1582,1.582,0.09187727,4.3529587
1583,1.583,0.0893259,4.361751
1584,1.584,0.065371595,4.367467
1585,1.585,0.07524787,4.353626
1586,1.586,0.08046444,4.396626
1587,1.587,0.08038564,4.3694906
1588,1.588,0.07484861,4.4312506
1589,1.589,0.08183375,4.323871
1590,1.59,0.08002278,4.3722444
1591,1.591,0.08142976,4.371252
1592,1.592,0.08182623,4.416328
1593,1.593,0.07962196,4.400374
1594,1.594,0.084903166,4.389343
1595,1.595,0.08231428,4.3861017
1596,1.596,0.08003739,4.3707013
1597,1.597,0.07756858,4.385262
1598,1.598,0.07765024,4.3714986
1599,1.599,0.075665355,4.3674808
1600,1.6,0.08932796,4.3520746
1601,1.601,0.08293607,4.41441
1602,1.602,0.0769474,4.388119
1603,1.603,0.07416567,4.3447943
1604,1.604,0.07989274,4.36448
1605,1.605,0.080036625,4.3792615
1606,1.606,0.06530097,4.3733535
1607,1.607,0.083819374,4.3916173
1608,1.608,0.07487326,4.399138
1609,1.609,0.076528065,4.403299
1610,1.61,0.073611096,4.402449
1611,1.611,0.07619772,4.3868976
1612,1.612,0.07304135,4.4159217
1613,1.613,0.07444803,4.383783
1614,1.614,0.07576368,4.445493
1615,1.615,0.08922114,4.3944426
1616,1.616,0.08994162,4.374808
1617,1.617,0.08056226,4.3965716
1618,1.618,0.0870762,4.40556
1619,1.619,0.09898106,4.3715014
1620,1.62,0.0999276,4.381884
1621,1.621,0.09925543,4.3878355
1622,1.622,0.098939404,4.3563967
1623,1.623,0.10640152,4.3605113
1624,1.624,0.0848604,4.390755
1625,1.625,0.081701316,4.416476
1626,1.626,0.07198839,4.378377
1627,1.627,0.083615795,4.350668
1628,1.628,0.0867087,4.3572807
1629,1.629,0.084264494,4.38677
1630,1.63,0.085017584,4.373416
1631,1.631,0.085923895,4.3511987
1632,1.632,0.091377005,4.3461385
1633,1.633,0.09084012,4.389532
1634,1.634,0.08499443,4.353521
1635,1.635,0.07974551,4.366124
1636,1.636,0.08734359,4.411123
1637,1.637,0.08808223,4.3612475
1638,1.638,0.08808153,4.3624816
1639,1.639,0.08679098,4.353928
1640,1.64,0.09283327,4.374714
1641,1.641,0.09224819,4.374255
1642,1.642,0.08823507,4.388144
1643,1.643,0.098411895,4.3981557
1644,1.644,0.08022014,4.4164467
1645,1.645,0.081161834,4.413263
1646,1.646,0.08717083,4.3881397
1647,1.647,0.07874393,4.3764315
1648,1.648,0.07579291,4.3917227
1649,1.649,0.07715581,4.4255276
1650,1.65,0.06333319,4.4056616
1651,1.651,0.06286906,4.4593315
1652,1.652,0.08008811,4.4166985
1653,1.653,0.09525656,4.417448
1654,1.654,0.08411761,4.4486384
1655,1.655,0.08109282,4.3801847
1656,1.656,0.09153241,4.407648
1657,1.657,0.09243475,4.4145374
1658,1.658,0.09868473,4.5229964
1659,1.659,0.09683691,4.459709
1660,1.66,0.08866913,5.4714756
1661,1.661,0.08772175,4.3851876
1662,1.662,0.08974577,4.4079957
1663,1.663,0.07916707,4.3842835
1664,1.664,0.07721958,4.400401
1665,1.665,0.07317348,4.3974805
1666,1.666,0.077119924,4.454169
1667,1.667,0.08672502,4.4158087
1668,1.668,0.07924009,4.3989663
1669,1.669,0.07821237,4.446339
1670,1.67,0.088070355,4.42633
1671,1.671,0.09505481,4.431171
1672,1.672,0.09773623,4.4255843
1673,1.673,0.08595468,4.381787
1674,1.674,0.08831662,4.4181023
1675,1.675,0.08702036,4.4221354
1676,1.676,0.08625979,4.3975973
1677,1.677,0.08033128,4.409727
1678,1.678,0.093622595,4.365798
1679,1.679,0.0894718,4.403037
1680,1.68,0.089755364,4.3550434
1681,1.681,0.100627065,4.3610134
1682,1.682,0.08768737,4.374755
1683,1.683,0.09711227,4.3786993
1684,1.684,0.09368172,4.4167857
1685,1.685,0.0894271,4.379751
1686,1.686,0.086570226,4.3882713
1687,1.687,0.07767321,4.365741
1688,1.688,0.079279676,4.406483
1689,1.689,0.10573385,4.4338818
1690,1.69,0.09499201,4.3704333
1691,1.691,0.09828114,4.3783255
1692,1.692,0.117478006,4.3650403
1693,1.693,0.097740635,4.3598146
1694,1.694,0.0935963,4.3712444
1695,1.695,0.112148024,4.375403
1696,1.696,0.09969458,4.4415827
1697,1.697,0.0962883,4.3699155
1698,1.698,0.09229553,4.3623605
1699,1.699,0.08153245,4.354178
1700,1.7,0.09835937,4.4045405
1701,1.701,0.09903015,4.388694
1702,1.702,0.09128067,4.392203
1703,1.703,0.10479103,4.386896
1704,1.704,0.10665911,4.4069743
1705,1.705,0.10375429,4.3765182
1706,1.706,0.0979425,4.367091
1707,1.707,0.08786402,4.3875957
1708,1.708,0.08710022,4.3913126
1709,1.709,0.09449456,4.370678
1710,1.71,0.094681896,4.427219
1711,1.711,0.095286265,4.4145265
1712,1.712,0.08208374,4.4034
1713,1.713,0.088890895,4.4306765
1714,1.714,0.09452711,4.411846
1715,1.715,0.096134186,4.4027705
1716,1.716,0.088216245,4.407367
1717,1.717,0.08841619,4.4001713
1718,1.718,0.09815021,4.455831
1719,1.719,0.08418852,4.405194
1720,1.72,0.09511499,4.40155
1721,1.721,0.08717648,4.3954816
1722,1.722,0.090419896,4.3854575
1723,1.723,0.09370339,4.3740525
1724,1.724,0.09245938,4.3840046
1725,1.725,0.09143355,4.3710995
1726,1.726,0.08017411,4.371856
1727,1.727,0.09583996,4.406589
1728,1.728,0.08587161,4.393872
1729,1.729,0.089156985,4.4047546
1730,1.73,0.09845503,4.3716707
1731,1.731,0.097637974,4.3824086
1732,1.732,0.10801021,4.3449483
1733,1.733,0.091441624,4.3756685
1734,1.734,0.09151292,4.403602
1735,1.735,0.0943349,4.3988175
1736,1.736,0.0839917,4.4025497
1737,1.737,0.08494301,4.4333453
1738,1.738,0.08907068,4.3965845
1739,1.739,0.10401193,4.418503
1740,1.74,0.09343511,4.3793
1741,1.741,0.09906183,4.419227
1742,1.742,0.104363896,4.4295964
1743,1.743,0.086972974,4.4110527
1744,1.744,0.09114778,4.440072
1745,1.745,0.10240111,4.4134226
1746,1.746,0.091632515,4.4473577
1747,1.747,0.09854872,4.439962
1748,1.748,0.10596113,4.4293227
1749,1.749,0.09536952,4.425496
1750,1.75,0.0899601,4.3713045
1751,1.751,0.09434338,4.3962398
1752,1.752,0.085945375,4.4133186
1753,1.753,0.08252927,4.386113
1754,1.754,0.08326924,4.4030943
1755,1.755,0.09752448,4.432324
1756,1.756,0.09739317,4.4433637
1757,1.757,0.09260101,4.433366
1758,1.758,0.10590131,4.486299
1759,1.759,0.09007287,4.4549756
1760,1.76,0.099005915,4.4855876
1761,1.761,0.10478985,4.4702797
1762,1.762,0.100970715,4.447601
1763,1.763,0.10244857,4.442881
1764,1.764,0.10236987,4.466694
1765,1.765,0.102197826,4.4757338
1766,1.766,0.10897769,4.4349093
1767,1.767,0.096385375,4.4514947
1768,1.768,0.11171267,4.418272
1769,1.769,0.10187401,4.436878
1770,1.77,0.097946264,4.423156
1771,1.771,0.09223485,4.458201
1772,1.772,0.09236684,4.4602184
1773,1.773,0.114034794,4.4989843
1774,1.774,0.100942686,4.4652567
1775,1.775,0.09382741,4.452188
1776,1.776,0.09887782,4.4241595
1777,1.777,0.086241245,4.444286
1778,1.778,0.08861291,4.4179354
1779,1.779,0.07913286,4.426582
1780,1.78,0.09188129,4.464764
1781,1.781,0.095545486,4.4258056
1782,1.782,0.083278105,4.451721
1783,1.783,0.0829991,4.4265857
1784,1.784,0.08757434,4.44945
1785,1.785,0.0820185,4.4368863
1786,1.786,0.08472906,4.450303
1787,1.787,0.07262149,4.418855
1788,1.788,0.067253254,4.449121
1789,1.789,0.05907272,4.4291105
1790,1.79,0.07498083,4.4465075
1791,1.791,0.09175866,4.4408894
1792,1.792,0.08365111,4.44873
1793,1.793,0.08357753,4.4734473
1794,1.794,0.07556364,4.4813457
1795,1.795,0.0794541,4.493232
1796,1.796,0.095472045,4.508031
1797,1.797,0.0806279,4.469092
1798,1.798,0.08162522,4.504368
1799,1.799,0.09213941,4.5176516
1800,1.8,0.091416724,4.521829
1801,1.801,0.09270461,4.508848
1802,1.802,0.09881059,4.4684014
1803,1.803,0.110610105,4.479175
1804,1.804,0.092422105,4.483206
1805,1.805,0.10027119,4.4495325
1806,1.806,0.09742601,4.4566827
1807,1.807,0.104399264,4.4457912
1808,1.808,0.108566456,4.435939
1809,1.809,0.09925791,4.4529467
1810,1.81,0.10543141,4.4533725
1811,1.811,0.11175507,4.4079714
1812,1.812,0.11280828,4.479051
1813,1.813,0.09670975,4.4560075
1814,1.814,0.10294822,4.441939
1815,1.815,0.099769846,4.4685545
1816,1.816,0.10090184,4.4281917
1817,1.817,0.10732045,4.4609933
1818,1.818,0.10852281,4.457617
1819,1.819,0.10833442,4.4566493
1820,1.82,0.09850063,4.4536266
1821,1.821,0.08447452,4.382811
1822,1.822,0.09345223,4.4254594
1823,1.823,0.091444984,4.4510016
1824,1.824,0.09132919,4.4086933
1825,1.825,0.100183405,4.4037495
1826,1.826,0.113881454,4.386286
1827,1.827,0.105612166,4.389263
1828,1.828,0.10316494,4.409499
1829,1.829,0.1017604,4.4358916
1830,1.83,0.10245457,4.481358
1831,1.831,0.11230756,4.4086823
1832,1.832,0.10414258,4.4130273
1833,1.833,0.09748094,4.4205165
1834,1.834,0.09777211,4.4211035
1835,1.835,0.1025068,4.3821163
1836,1.836,0.111380614,4.4160705
1837,1.837,0.1083117,4.365791
1838,1.838,0.11795625,4.396075
1839,1.839,0.10867918,4.4170837
1840,1.84,0.109275386,4.4014635
1841,1.841,0.10968228,4.3907614
1842,1.842,0.107340515,4.4257703
1843,1.843,0.094840325,4.3993626
1844,1.844,0.08974851,4.461692
1845,1.845,0.101362996,4.3975735
1846,1.846,0.108001664,4.3781953
1847,1.847,0.11540191,4.3872895
1848,1.848,0.121868655,4.4065523
1849,1.849,0.10524099,4.3685102
1850,1.85,0.11659323,4.388191
1851,1.851,0.10553465,4.392393
1852,1.852,0.09501727,4.4074993
1853,1.853,0.10264057,4.4509673
1854,1.854,0.09539404,4.42627
1855,1.855,0.09345025,4.416445
1856,1.856,0.091395184,4.45369
1857,1.857,0.078840755,4.4106693
1858,1.858,0.08656454,4.4138904
1859,1.859,0.0793014,4.3810477
1860,1.86,0.071690336,4.4298115
1861,1.861,0.07900758,4.4008584
1862,1.862,0.0725172,4.4049745
1863,1.863,0.088478796,4.391771
1864,1.864,0.08319384,4.384817
1865,1.865,0.0826373,4.387221
1866,1.866,0.08956871,4.419715
1867,1.867,0.068531066,4.3991513
1868,1.868,0.07370047,4.420493
1869,1.869,0.070300244,4.380954
1870,1.87,0.07075824,4.4052267
1871,1.871,0.067925975,4.3823133
1872,1.872,0.0678063,4.3986077
1873,1.873,0.057892308,4.4349084
1874,1.874,0.07751304,4.442507
1875,1.875,0.07191313,4.4748244
1876,1.876,0.070931934,4.3689456
1877,1.877,0.0721864,4.430382
1878,1.878,0.057128437,4.4445353
1879,1.879,0.06059157,4.4387345
1880,1.88,0.06751896,4.4602795
1881,1.881,0.07128928,4.427103
1882,1.882,0.061432615,4.466627
1883,1.883,0.060114466,4.430982
1884,1.884,0.051367916,4.4153476
1885,1.885,0.06514626,4.4436393
1886,1.886,0.060649425,4.4151278
1887,1.887,0.07146857,4.4268413
1888,1.888,0.065955356,4.4418387
1889,1.889,0.06126613,4.4324293
1890,1.89,0.0674524,4.4391584
1891,1.891,0.07657388,4.420415
1892,1.892,0.0799951,4.4003353
1893,1.893,0.07496196,4.4160757
1894,1.894,0.07623566,4.4118237
1895,1.895,0.07489052,4.4003377
1896,1.896,0.06804363,4.3847857
1897,1.897,0.06696997,4.390372
1898,1.898,0.07309524,4.3683157
1899,1.899,0.057327334,4.4072995
1900,1.9,0.06371673,4.431226
1901,1.901,0.05785084,4.447856
1902,1.902,0.06580125,4.3988233
1903,1.903,0.06285144,4.4273276
1904,1.904,0.054421335,4.491839
1905,1.905,0.063275844,4.4198103
1906,1.906,0.060899485,4.392235
1907,1.907,0.06518686,4.407711
1908,1.908,0.060167663,4.360064
1909,1.909,0.05310758,4.429392
1910,1.91,0.059353277,4.4059978
1911,1.911,0.057400268,4.4400682
1912,1.912,0.06728527,4.4270506
1913,1.913,0.06621604,4.4324164
1914,1.914,0.056601506,4.3965297
1915,1.915,0.053475875,4.3936734
1916,1.916,0.06190652,4.395906
1917,1.917,0.059804566,4.388979
1918,1.918,0.06273582,4.407753
1919,1.919,0.061938316,4.379628
1920,1.92,0.07356092,4.3536515
1921,1.921,0.06466946,4.3623786
1922,1.922,0.06543744,4.3288527
1923,1.923,0.058659866,4.373323
1924,1.924,0.066636555,4.359204
1925,1.925,0.059595354,4.393582
1926,1.926,0.06000998,4.3996415
1927,1.927,0.065962814,4.3737903
1928,1.928,0.06012777,4.4058585
1929,1.929,0.056408774,4.4101367
1930,1.93,0.06210597,4.4207397
1931,1.931,0.05749345,4.4205065
1932,1.932,0.06633394,4.4151845
1933,1.933,0.06646922,4.384665
1934,1.934,0.06097622,4.401866
1935,1.935,0.06847269,4.3788404
1936,1.936,0.077346966,4.3719616
1937,1.937,0.078019395,4.374914
1938,1.938,0.084726885,4.4233685
1939,1.939,0.073868915,4.410108
1940,1.94,0.08213619,4.422417
1941,1.941,0.0825412,4.4500494
1942,1.942,0.074491814,4.3649526
1943,1.943,0.07138502,4.4377513
1944,1.944,0.066753715,4.3831205
1945,1.945,0.066246696,4.39717
1946,1.946,0.062432036,4.4053154
1947,1.947,0.06670761,4.452438
1948,1.948,0.067374825,4.445885
1949,1.949,0.057746522,4.425593
1950,1.95,0.057121973,4.401898
1951,1.951,0.05590368,4.406427
1952,1.952,0.06196215,4.4256687
1953,1.953,0.056507945,4.4508624
1954,1.954,0.05599056,4.3803067
1955,1.955,0.07188233,4.4355736
1956,1.956,0.059030004,4.3615313
1957,1.957,0.06551825,4.356615
1958,1.958,0.07466754,4.3758516
1959,1.959,0.06493341,4.389422
1960,1.96,0.08250988,4.365877
1961,1.961,0.07782911,4.444013
1962,1.962,0.070849486,4.4219637
1963,1.963,0.06609607,4.396253
1964,1.964,0.060421754,4.3458853
1965,1.965,0.069070324,4.3892903
1966,1.966,0.06459616,4.4093795
1967,1.967,0.059303496,4.4162245
1968,1.968,0.06575729,4.384627
1969,1.969,0.060149252,4.3944635
1970,1.97,0.057487026,4.3666115
1971,1.971,0.05636949,4.396605
1972,1.972,0.06341862,4.3737693
1973,1.973,0.056978535,4.4275403
1974,1.974,0.05623508,4.3960404
1975,1.975,0.0600356,4.3869433
1976,1.976,0.054608688,4.4155345
1977,1.977,0.06143562,4.428065
1978,1.978,0.06525384,4.4495797
1979,1.979,0.055025104,4.406126
1980,1.98,0.05224911,4.438152
1981,1.981,0.061527688,4.4405894
1982,1.982,0.058316927,4.4147124
1983,1.983,0.062703446,4.4408894
1984,1.984,0.07075824,4.3996134
1985,1.985,0.06928645,4.4476557
1986,1.986,0.06340504,4.419945
1987,1.987,0.054743726,4.435017
1988,1.988,0.062094077,4.4488463
1989,1.989,0.06470656,4.443176
1990,1.99,0.05825359,4.4682765
1991,1.991,0.06985863,4.4182878
1992,1.992,0.0737372,4.4387054
1993,1.993,0.059551977,4.4197917
1994,1.994,0.06774276,4.4469733
1995,1.995,0.069650464,4.420739
1996,1.996,0.060226943,4.3767257
1997,1.997,0.054983716,4.425917
1998,1.998,0.06344384,4.43408
1999,1.999,0.06581808,4.4293795
2000,2.0,0.06286123,4.361901
2001,2.001,0.06280737,4.365288
2002,2.002,0.08035349,4.4086065
2003,2.003,0.06560272,4.4109383
2004,2.004,0.06467421,4.4221663
2005,2.005,0.06559428,4.3991556
2006,2.006,0.07273324,4.39493
2007,2.007,0.069502786,4.4094653
2008,2.008,0.06366167,4.390986
2009,2.009,0.07114933,4.4169874
2010,2.01,0.074560344,4.443845
2011,2.011,0.07125993,4.416642
2012,2.012,0.0709831,4.4698534
2013,2.013,0.06571236,4.420686
2014,2.014,0.06689459,4.3980446
2015,2.015,0.06927135,4.4520783
2016,2.016,0.06989209,4.450802
2017,2.017,0.06911218,4.4162035
2018,2.018,0.08226194,4.4365015
2019,2.019,0.07971464,4.4055576
2020,2.02,0.0693814,4.4127965
2021,2.021,0.06714063,4.4257574
2022,2.022,0.06601782,4.3680673
2023,2.023,0.066097,4.4259377
2024,2.024,0.06886335,4.4631653
2025,2.025,0.062037572,4.4304724
2026,2.026,0.06496373,4.435059
2027,2.027,0.06215449,4.3905096
2028,2.028,0.057188716,4.443712
2029,2.029,0.06937076,4.4262486
2030,2.03,0.07596562,4.4455285
2031,2.031,0.07234816,4.3705378
2032,2.032,0.06479872,4.3683605
2033,2.033,0.064225525,4.4143014
2034,2.034,0.05731016,4.4240823
2035,2.035,0.06464948,4.423591
2036,2.036,0.05749131,4.4265428
2037,2.037,0.059380222,4.465031
2038,2.038,0.06669747,4.4489055
2039,2.039,0.052506365,4.4414515
2040,2.04,0.050836954,4.4437914
2041,2.041,0.054845907,4.4095798
2042,2.042,0.061725367,4.403553
2043,2.043,0.059608772,4.4417644
2044,2.044,0.061321344,4.430304
2045,2.045,0.059379186,4.4399643
2046,2.046,0.06270737,4.4160604
2047,2.047,0.05912582,4.4059267
2048,2.048,0.06051028,4.3939314
2049,2.049,0.059351202,4.4348907
2050,2.05,0.058970563,4.4435434
2051,2.051,0.060838837,4.419739
2052,2.052,0.05796453,4.4447956
2053,2.053,0.048586853,4.4505777
2054,2.054,0.059515804,4.4334526
2055,2.055,0.065414876,4.4708424
2056,2.056,0.066698395,4.4403615
2057,2.057,0.06047163,4.4258747
2058,2.058,0.07322308,4.425804
2059,2.059,0.07372969,4.399393
2060,2.06,0.07008374,4.456182
2061,2.061,0.06535371,4.418987
2062,2.062,0.063906685,4.4692717
2063,2.063,0.06954527,4.4472804
2064,2.064,0.08278385,4.4378138
2065,2.065,0.07493322,4.427567
2066,2.066,0.06997743,4.391968
2067,2.067,0.06110222,4.4173536
2068,2.068,0.07113462,4.3746576
2069,2.069,0.05930246,4.393624
2070,2.07,0.06758271,4.4485693
2071,2.071,0.0632982,4.4372797
2072,2.072,0.07107751,4.4445944
2073,2.073,0.06310058,4.4229627
2074,2.074,0.06276622,4.4234934
2075,2.075,0.06041768,4.431958
2076,2.076,0.05617925,4.474162
2077,2.077,0.060913626,4.3816767
2078,2.078,0.068079785,4.481213
2079,2.079,0.07176068,4.3722377
2080,2.08,0.06444262,4.408057
2081,2.081,0.072320096,4.4127445
2082,2.082,0.06581341,4.431756
2083,2.083,0.05942683,4.417099
2084,2.084,0.06625134,4.458499
2085,2.085,0.06366844,4.4206915
2086,2.086,0.054057203,4.398883
2087,2.087,0.068780206,4.419908
2088,2.088,0.063949995,4.448183
2089,2.089,0.06366264,4.4147115
2090,2.09,0.055015042,4.442257
2091,2.091,0.06954438,4.4429746
2092,2.092,0.056698166,4.4193196
2093,2.093,0.056658003,4.4226923
2094,2.094,0.05891942,4.4532557
2095,2.095,0.060498077,4.377614
2096,2.096,0.0603178,4.41737
2097,2.097,0.05699689,4.376464
2098,2.098,0.056665603,4.3999605
2099,2.099,0.06480821,4.4126964
2100,2.1,0.067535356,4.392553
2101,2.101,0.07880641,4.3787427
2102,2.102,0.061971087,4.4022183
2103,2.103,0.07584241,4.4241953
2104,2.104,0.06773095,4.404998
2105,2.105,0.077449515,4.392736
2106,2.106,0.07277045,4.406474
2107,2.107,0.07418144,4.4093723
2108,2.108,0.06781175,4.3854423
2109,2.109,0.05937297,4.4044285
2110,2.11,0.060164593,4.413046
2111,2.111,0.069964245,4.38119
2112,2.112,0.070357114,4.378623
2113,2.113,0.0648272,4.3837905
2114,2.114,0.065178365,4.429
2115,2.115,0.07076868,4.4164023
2116,2.116,0.06866919,4.437007
2117,2.117,0.0597809,4.420364
2118,2.118,0.058481283,4.425109
2119,2.119,0.064109504,4.4337454
2120,2.12,0.060912617,4.374172
2121,2.121,0.06513965,4.42512
2122,2.122,0.05897578,4.4354644
2123,2.123,0.06177519,4.338172
2124,2.124,0.073323,4.3755507
2125,2.125,0.06505364,4.4046125
2126,2.126,0.060934834,4.3957634
2127,2.127,0.07604091,4.4211082
2128,2.128,0.07330034,4.38351
2129,2.129,0.06863065,4.4803677
2130,2.13,0.059248485,4.4383254
2131,2.131,0.06131733,4.446843
2132,2.132,0.055289477,4.4278316
2133,2.133,0.06590496,4.4354153
2134,2.134,0.07203879,4.430921
2135,2.135,0.07395466,4.403569
2136,2.136,0.07615329,4.4079533
2137,2.137,0.07804226,4.4383264
2138,2.138,0.059380222,4.394342
2139,2.139,0.061988957,4.453273
2140,2.14,0.060777113,4.417784
2141,2.141,0.06027698,4.379674
2142,2.142,0.06465804,4.4093847
2143,2.143,0.066771224,4.3826265
2144,2.144,0.07371717,4.3936014
2145,2.145,0.07849663,4.387976
2146,2.146,0.064805366,4.433932
2147,2.147,0.062118847,4.4065104
2148,2.148,0.0776645,4.411056
2149,2.149,0.07301692,4.410339
2150,2.15,0.07507514,4.44504
2151,2.151,0.06998183,4.422529
2152,2.152,0.06460568,4.3861923
2153,2.153,0.071264245,4.4098287
2154,2.154,0.07063292,4.4157925
2155,2.155,0.08829432,4.391788
2156,2.156,0.08779467,4.365113
2157,2.157,0.08215192,4.368782
2158,2.158,0.083304696,4.3615756
2159,2.159,0.10204238,4.400602
2160,2.16,0.094419,4.3819423
2161,2.161,0.09524363,4.4033704
2162,2.162,0.10419101,4.3961253
2163,2.163,0.093469344,4.3709764
2164,2.164,0.09814583,4.3770185
2165,2.165,0.10070347,4.3754234
2166,2.166,0.093283534,4.3867884
2167,2.167,0.08549534,4.378676
2168,2.168,0.08751319,4.4158416
2169,2.169,0.0807621,4.3768272
2170,2.17,0.082895994,4.3621836
2171,2.171,0.09836249,4.3846273
2172,2.172,0.09939976,4.4217463
2173,2.173,0.09405272,4.4100003
2174,2.174,0.080663,4.3986926
2175,2.175,0.087903224,4.348089
2176,2.176,0.09582905,4.384724
2177,2.177,0.10164546,4.395819
2178,2.178,0.094360985,4.369276
2179,2.179,0.107017316,4.397241
2180,2.18,0.11298376,4.3939943
2181,2.181,0.09933413,4.3454566
2182,2.182,0.09652125,4.367946
2183,2.183,0.1081713,4.3639784
2184,2.184,0.10651249,4.3889737
2185,2.185,0.09365019,4.3905897
2186,2.186,0.095006905,4.3423314
2187,2.187,0.09871279,4.413959
2188,2.188,0.085909575,4.402358
2189,2.189,0.07512839,4.4606886
2190,2.19,0.07541775,4.429708
2191,2.191,0.073685445,4.4076467
2192,2.192,0.06737391,4.4056463
2193,2.193,0.07448851,4.454342
2194,2.194,0.060649425,4.474123
2195,2.195,0.057554416,4.4534535
2196,2.196,0.06934947,4.4063334
2197,2.197,0.057464547,4.4683957
2198,2.198,0.0632311,4.488234
2199,2.199,0.06675925,4.4335065
2200,2.2,0.067916006,4.4151297
2201,2.201,0.058540173,4.420947
2202,2.202,0.07301692,4.435692
2203,2.203,0.06654231,4.442786
2204,2.204,0.07544467,4.3876305
2205,2.205,0.07758286,4.353399
2206,2.206,0.07426019,4.3842273
2207,2.207,0.06965577,4.4215384
2208,2.208,0.07022319,4.4127564
2209,2.209,0.063634604,4.4570446
2210,2.21,0.07561085,4.4366827
2211,2.211,0.069299765,4.4360065
2212,2.212,0.07371884,4.365172
2213,2.213,0.07621387,4.4118557
2214,2.214,0.07513658,4.3944902
2215,2.215,0.083384424,4.441791
2216,2.216,0.08220283,4.4262185
2217,2.217,0.0691807,4.4138594
2218,2.218,0.07639448,4.408086
2219,2.219,0.07419802,4.426331
2220,2.22,0.063828655,4.4008627
2221,2.221,0.07914452,4.44758
2222,2.222,0.06944965,4.4663076
2223,2.223,0.061598647,4.3817134
2224,2.224,0.054794278,4.4313636
2225,2.225,0.06729715,4.4499664
2226,2.226,0.065358415,4.425846
2227,2.227,0.0623492,4.4181414
2228,2.228,0.06080343,4.4542055
2229,2.229,0.051006112,4.427484
2230,2.23,0.062149543,4.385689
2231,2.231,0.059698507,4.405265
2232,2.232,0.06725143,4.408637
2233,2.233,0.05801758,4.3857064
2234,2.234,0.048675418,4.3854513
2235,2.235,0.06270639,4.368396
2236,2.236,0.059752077,4.448266
2237,2.237,0.061983,4.465423
2238,2.238,0.055554803,4.3858337
2239,2.239,0.049153402,4.402881
2240,2.24,0.062432036,4.390597
2241,2.241,0.063767895,4.3757424
2242,2.242,0.06308205,4.3842387
2243,2.243,0.06372736,4.402907
2244,2.244,0.07174782,4.406614
2245,2.245,0.06278386,4.4043813
2246,2.246,0.06070925,4.395945
2247,2.247,0.06832877,4.4032307
2248,2.248,0.065270804,4.4814353
2249,2.249,0.05034929,4.430213
2250,2.25,0.067061774,4.39995
2251,2.251,0.061797097,4.385734
2252,2.252,0.062446818,4.4089727
2253,2.253,0.06005917,4.4017115
2254,2.254,0.059524074,4.410332
2255,2.255,0.06680347,4.375168
2256,2.256,0.057586476,4.386759
2257,2.257,0.06784168,4.4092717
2258,2.258,0.07690421,4.3742685
2259,2.259,0.06555018,4.350932
2260,2.26,0.07117267,4.371825
2261,2.261,0.08196447,4.3514357
2262,2.262,0.08542694,4.33002
2263,2.263,0.076707944,4.408482
2264,2.264,0.08128985,4.383179
2265,2.265,0.077237904,4.367574
2266,2.266,0.077556685,4.370692
2267,2.267,0.082040995,4.356117
2268,2.268,0.07734776,4.4049735
2269,2.269,0.062357094,4.390054
2270,2.27,0.06169147,4.4073687
2271,2.271,0.058162685,4.3880835
2272,2.272,0.06563741,4.365492
2273,2.273,0.05969026,4.38123
2274,2.274,0.059796337,4.364448
2275,2.275,0.06624205,4.4255376
2276,2.276,0.06696813,4.398261
2277,2.277,0.07155719,4.37204
2278,2.278,0.06282892,4.349027
2279,2.279,0.059798393,4.3948054
2280,2.28,0.060844902,4.4312034
2281,2.281,0.061036732,4.36082
2282,2.282,0.065429926,4.364348
2283,2.283,0.07082342,4.38717
2284,2.284,0.06639606,4.3733397
2285,2.285,0.06935657,4.346178
2286,2.286,0.064843334,4.385245
2287,2.287,0.06919048,4.389396
2288,2.288,0.05782957,4.3871818
2289,2.289,0.07027924,4.3555293
2290,2.29,0.060675796,4.4187455
2291,2.291,0.07361611,4.3553567
2292,2.292,0.07742329,4.3642955
2293,2.293,0.072887875,4.383947
2294,2.294,0.063734114,4.392673
2295,2.295,0.07466342,4.368778
2296,2.296,0.06694883,4.385642
2297,2.297,0.06082872,4.341697
2298,2.298,0.0770425,4.376786
2299,2.299,0.07831771,4.3626513
2300,2.3,0.0716706,4.373322
2301,2.301,0.06923137,4.382622
2302,2.302,0.07169377,4.4325523
2303,2.303,0.08885905,4.402266
2304,2.304,0.090897,4.4351335
2305,2.305,0.07726658,4.3666267
2306,2.306,0.07123057,4.3726416
2307,2.307,0.07021881,4.389366
2308,2.308,0.084473796,4.3872757
2309,2.309,0.0667362,4.3766985
2310,2.31,0.084271796,4.4141893
2311,2.311,0.07428753,4.433979
2312,2.312,0.051548466,4.398636
2313,2.313,0.06132636,4.3946133
2314,2.314,0.05149114,4.425871
2315,2.315,0.06399616,4.3531704
2316,2.316,0.07886026,4.3967447
2317,2.317,0.08348398,4.4261956
2318,2.318,0.068195365,4.4225717
2319,2.319,0.07455374,4.3742
2320,2.32,0.06671868,4.4256916
2321,2.321,0.05976443,4.442123
2322,2.322,0.06210894,4.361196
2323,2.323,0.06591336,4.4201846
2324,2.324,0.07524378,4.4376454
2325,2.325,0.081883356,4.4336796
2326,2.326,0.06936455,4.3794665
2327,2.327,0.06996864,4.413292
2328,2.328,0.082307555,4.409051
2329,2.329,0.08701612,4.4174886
2330,2.33,0.10713683,4.409915
2331,2.331,0.09594198,4.4241996
2332,2.332,0.09850626,4.419982
2333,2.333,0.09584253,4.392887
2334,2.334,0.0848517,4.3926744
2335,2.335,0.07966986,4.4090047
2336,2.336,0.080569126,4.412135
2337,2.337,0.061489675,4.3920155
2338,2.338,0.07576043,4.383012
2339,2.339,0.081903644,4.4267254
2340,2.34,0.07914608,4.3927402
2341,2.341,0.0826507,4.396013
2342,2.342,0.09609001,4.4110003
2343,2.343,0.07466342,4.461459
2344,2.344,0.08793682,4.4561462
2345,2.345,0.08227241,4.41456
2346,2.346,0.085757606,4.4264803
2347,2.347,0.08117245,4.4279733
2348,2.348,0.08129893,4.376862
2349,2.349,0.077746056,4.4229536
2350,2.35,0.083954334,4.399092
2351,2.351,0.0956253,4.3940196
2352,2.352,0.08178562,4.4007497
2353,2.353,0.08411907,4.3621407
2354,2.354,0.08479584,4.347791
2355,2.355,0.07097616,4.3667626
2356,2.356,0.076421864,4.3654833
2357,2.357,0.08619129,4.3481565
2358,2.358,0.079626605,4.414075
2359,2.359,0.08175778,4.41772
2360,2.36,0.06568145,4.409455
2361,2.361,0.06580499,4.4343486
2362,2.362,0.06337301,4.449836
2363,2.363,0.059479613,4.4165196
2364,2.364,0.07758841,4.3924685
2365,2.365,0.07127892,4.4623375
2366,2.366,0.075091526,4.411751
2367,2.367,0.07196702,4.4657426
2368,2.368,0.068898186,4.4788513
2369,2.369,0.08263581,4.4786043
2370,2.37,0.08437104,4.48071
2371,2.371,0.07706006,4.493739
2372,2.372,0.07294273,4.451684
2373,2.373,0.06655618,4.4645143
2374,2.374,0.06471891,4.4417157
2375,2.375,0.06464662,4.4741096
2376,2.376,0.06783533,4.475124
2377,2.377,0.0658321,4.505222
2378,2.378,0.07162508,4.5241976
2379,2.379,0.06816559,4.471616
2380,2.38,0.06705719,4.4899945
2381,2.381,0.07006355,4.38217
2382,2.382,0.07186007,4.4649444
2383,2.383,0.08330026,4.4530306
2384,2.384,0.07588864,4.489613
2385,2.385,0.07037023,4.4466424
2386,2.386,0.0716268,4.423538
2387,2.387,0.07113548,4.4472656
2388,2.388,0.07202171,4.392882
2389,2.389,0.071740955,4.4386773
2390,2.39,0.06558302,4.446804
2391,2.391,0.06727521,4.4561286
2392,2.392,0.059144545,4.399548
2393,2.393,0.06922515,4.479388
2394,2.394,0.06923137,4.401164
2395,2.395,0.063558176,4.380575
2396,2.396,0.06510375,4.376991
2397,2.397,0.071709216,4.3855553
2398,2.398,0.069369875,4.407063
2399,2.399,0.060088873,4.408314
2400,2.4,0.06850593,4.4179077
2401,2.401,0.08216839,4.4057956
2402,2.402,0.074433975,4.4052534
2403,2.403,0.07447364,4.4424357
2404,2.404,0.081227764,4.4740453
2405,2.405,0.07978408,4.4212327
2406,2.406,0.08769018,4.4015307
2407,2.407,0.08776733,4.4386516
2408,2.408,0.093283534,4.4363327
2409,2.409,0.09202916,4.396705
2410,2.41,0.088013746,4.383214
2411,2.411,0.09155728,4.4191785
2412,2.412,0.08507618,4.419745
2413,2.413,0.084032714,4.391688
2414,2.414,0.07720923,4.422059
2415,2.415,0.076305844,4.43486
2416,2.416,0.07893357,4.423364
2417,2.417,0.080639355,4.388553
2418,2.418,0.086066276,4.413927
2419,2.419,0.09580658,4.438861
2420,2.42,0.08257175,4.403581
2421,2.421,0.09065707,4.472133
2422,2.422,0.09561244,4.46159
2423,2.423,0.09971618,4.4510064
2424,2.424,0.09862049,4.4628477
2425,2.425,0.10285255,4.5107913
2426,2.426,0.09860364,4.4519935
2427,2.427,0.10287468,4.4656434
2428,2.428,0.10103955,4.479003
2429,2.429,0.09620839,4.4008045
2430,2.43,0.10440397,4.4273505
2431,2.431,0.11471797,4.406284
2432,2.432,0.11723369,4.433345
2433,2.433,0.11687521,4.470873
2434,2.434,0.12765056,4.3851023
2435,2.435,0.11526961,4.427047
2436,2.436,0.11826309,4.4088016
2437,2.437,0.11851306,4.503337
2438,2.438,0.12351551,4.477371
2439,2.439,0.114979945,4.563055
2440,2.44,0.12376333,4.495055
2441,2.441,0.11707982,4.4269238
2442,2.442,0.108022176,4.4262495
2443,2.443,0.11559794,4.436626
2444,2.444,0.12025656,4.4624414
2445,2.445,0.1265123,4.450452
2446,2.446,0.12391785,4.446769
2447,2.447,0.1304973,4.480986
2448,2.448,0.13244277,4.4318914
2449,2.449,0.113783084,4.461269
2450,2.45,0.107661024,4.4199076
2451,2.451,0.11238862,4.410291
2452,2.452,0.11267239,4.457213
2453,2.453,0.105240405,4.4349494
2454,2.454,0.11131375,4.4066243
2455,2.455,0.11649292,4.4195547
2456,2.456,0.11668765,4.434542
2457,2.457,0.10531112,4.4853563
2458,2.458,0.09699309,4.4405074
2459,2.459,0.11222262,4.4508166
2460,2.46,0.11087179,4.5121346
2461,2.461,0.10096645,4.447766
2462,2.462,0.097632304,4.4847
2463,2.463,0.09901338,4.4935513
2464,2.464,0.092719205,4.508904
2465,2.465,0.098886535,4.4318337
2466,2.466,0.09792868,4.4806056
2467,2.467,0.103047386,4.415404
2468,2.468,0.097907946,4.450148
2469,2.469,0.10081826,4.4415555
2470,2.47,0.10588097,4.4363413
2471,2.471,0.104970545,4.480547
2472,2.472,0.08592747,4.499501
2473,2.473,0.09804547,4.4846897
2474,2.474,0.09328023,4.4778385
2475,2.475,0.09160633,4.522549
2476,2.476,0.09012477,4.497796
2477,2.477,0.086919904,4.5299716
2478,2.478,0.0857167,4.4899907
2479,2.479,0.08652117,4.479236
2480,2.48,0.09502957,4.4625483
2481,2.481,0.08379221,4.4256935
2482,2.482,0.091594905,4.4175353
2483,2.483,0.09051239,4.462429
2484,2.484,0.08314057,4.435392
2485,2.485,0.086107016,4.4620266
2486,2.486,0.08903683,4.456548
2487,2.487,0.09832746,4.4684625
2488,2.488,0.09655184,4.429016
2489,2.489,0.08827133,4.483441
2490,2.49,0.07360691,4.458573
2491,2.491,0.07995971,4.4610715
2492,2.492,0.079365775,4.5325365
2493,2.493,0.076226786,4.455428
2494,2.494,0.080333576,4.47729
2495,2.495,0.08346924,4.487425
2496,2.496,0.08272585,4.4823985
2497,2.497,0.08913214,4.48486
2498,2.498,0.092911445,4.522887
2499,2.499,0.090368845,4.565767
2500,2.5,0.091020115,4.509778
2501,2.501,0.106188506,4.4908314
2502,2.502,0.095266245,4.509353
2503,2.503,0.087471,4.5314784
2504,2.504,0.08740345,4.4865184
2505,2.505,0.09356737,4.526302
2506,2.506,0.09641219,4.5562143
2507,2.507,0.097466424,4.5153313
2508,2.508,0.07995971,4.4811
2509,2.509,0.0785029,4.477791
2510,2.51,0.08338885,4.474558
2511,2.511,0.07873846,4.423411
2512,2.512,0.09340218,4.5487943
2513,2.513,0.09508394,4.520975
2514,2.514,0.087584876,4.474345
2515,2.515,0.08816461,4.5128975
2516,2.516,0.08817578,4.4978223
2517,2.517,0.082916036,4.524393
2518,2.518,0.086553164,4.4894476
2519,2.519,0.084482536,4.4792523
2520,2.52,0.08791022,4.4715567
2521,2.521,0.080237016,4.481393
2522,2.522,0.09208998,4.4986315
2523,2.523,0.08527555,4.4871206
2524,2.524,0.08422871,4.4844003
2525,2.525,0.09759071,4.423419
2526,2.526,0.08697014,4.4547424
2527,2.527,0.09315416,4.4128942
2528,2.528,0.09188999,4.3689804
2529,2.529,0.087203294,4.3549695
2530,2.53,0.09090851,4.328183
2531,2.531,0.08588665,4.325526
2532,2.532,0.08913421,4.3313627
2533,2.533,0.09905314,4.3380218
2534,2.534,0.10152554,4.337109
2535,2.535,0.09336199,4.306521
2536,2.536,0.096386656,4.39323
2537,2.537,0.096578605,4.3692966
2538,2.538,0.09398335,4.323118
2539,2.539,0.097194605,4.3652844
2540,2.54,0.090327986,4.3461456
2541,2.541,0.09026257,4.39049
2542,2.542,0.08425427,4.351639
2543,2.543,0.091597594,4.3761783
2544,2.544,0.09563559,4.3702784
2545,2.545,0.0949797,4.3586245
2546,2.546,0.09580979,4.3172793
2547,2.547,0.08780097,4.3324833
2548,2.548,0.09015481,4.293986
2549,2.549,0.089976504,4.2665067
2550,2.55,0.08543414,4.279101
2551,2.551,0.089694336,4.285469
2552,2.552,0.08114288,4.28769
2553,2.553,0.083936006,4.241315
2554,2.554,0.07085382,4.3029175
2555,2.555,0.09028506,4.2591186
2556,2.556,0.0966181,4.2468796
2557,2.557,0.08998881,4.2763243
2558,2.558,0.094518,4.2769456
2559,2.559,0.097243965,4.3514194
2560,2.56,0.09867476,4.3245273
2561,2.561,0.09125168,4.2659836
2562,2.562,0.094161905,6.0050573
2563,2.563,0.09544369,5.9492207
2564,2.564,0.10574782,5.969762
2565,2.565,0.1152018,6.013078
2566,2.566,0.112662554,5.993554
2567,2.567,0.10618039,6.062495
2568,2.568,0.108799696,4.347514
2569,2.569,0.11319432,6.14285
2570,2.57,0.10782321,4.325872
2571,2.571,0.09525785,4.35123
2572,2.572,0.102033935,6.146977
2573,2.573,0.10765816,4.354534
2574,2.574,0.10461768,4.345618
2575,2.575,0.09078524,4.3595233
2576,2.576,0.0976531,4.3799872
2577,2.577,0.09132447,4.3129196
2578,2.578,0.08942571,4.3834643
2579,2.579,0.09482086,4.3851385
2580,2.58,0.08908656,4.4124703
2581,2.581,0.0917258,4.446203
2582,2.582,0.09133794,4.387739
2583,2.583,0.07823911,4.443262
2584,2.584,0.07570356,4.384261
2585,2.585,0.07776505,4.351216
2586,2.586,0.08836746,4.3666334
2587,2.587,0.10246598,4.4033566
2588,2.588,0.091058634,4.3528485
2589,2.589,0.09279748,4.4045296
2590,2.59,0.08418414,4.400348
2591,2.591,0.08428056,4.3850703
2592,2.592,0.08522215,4.4105515
2593,2.593,0.08696378,4.3579493
2594,2.594,0.08256877,4.4005504
2595,2.595,0.08250541,4.403824
2596,2.596,0.0855608,4.4045014
2597,2.597,0.09219949,4.371353
2598,2.598,0.09172916,4.393004
2599,2.599,0.10432616,4.396864
2600,2.6,0.0899683,4.3937936
2601,2.601,0.08574685,4.4680624
2602,2.602,0.08961129,4.4537897
2603,2.603,0.07737242,4.4552565
2604,2.604,0.08464696,4.452318
2605,2.605,0.09626274,4.418979
2606,2.606,0.087666325,4.4285235
2607,2.607,0.087822,4.4069114
2608,2.608,0.08441478,4.376234
2609,2.609,0.07855539,5.876232
2610,2.61,0.079516806,5.8795443
2611,2.611,0.077463016,5.8548374
2612,2.612,0.07874236,4.3715262
2613,2.613,0.08180517,5.897079
2614,2.614,0.084255,4.3661966
2615,2.615,0.10975013,5.9118314
2616,2.616,0.09948947,5.960707
2617,2.617,0.10065519,6.002306
2618,2.618,0.096481726,6.0631113
2619,2.619,0.105231635,5.912945
2620,2.62,0.093753286,5.960871
2621,2.621,0.10164788,5.91384
2622,2.622,0.08732175,5.903976
2623,2.623,0.10253381,5.920143
2624,2.624,0.08878216,5.935054
2625,2.625,0.09409327,5.944458
2626,2.626,0.09168085,5.9396114
2627,2.627,0.08925768,6.0147862
2628,2.628,0.101171605,5.998802
2629,2.629,0.11036898,5.963095
2630,2.63,0.112446085,6.0183506
2631,2.631,0.11311112,5.9997864
2632,2.632,0.11083072,6.0015607
2633,2.633,0.113854446,6.122707
2634,2.634,0.11695047,6.1607842
2635,2.635,0.11815847,6.2123876
2636,2.636,0.10974397,6.2924867
2637,2.637,0.10549966,4.434793
2638,2.638,0.108607255,4.4533443
2639,2.639,0.113480404,4.4006057
2640,2.64,0.10487671,4.376857
2641,2.641,0.092502624,4.437471
2642,2.642,0.09931554,4.3967066
2643,2.643,0.09892759,4.3997073
2644,2.644,0.103043206,4.3920927
2645,2.645,0.09555708,4.452145
2646,2.646,0.09576739,4.434581
2647,2.647,0.094712436,4.4932904
2648,2.648,0.09406253,4.4568233
2649,2.649,0.08793542,4.444763
2650,2.65,0.09275039,4.433513
2651,2.651,0.09639177,4.4665313
2652,2.652,0.09850813,4.5204625
2653,2.653,0.0990786,4.495251
2654,2.654,0.09735462,4.4600477
2655,2.655,0.100404255,4.458624
2656,2.656,0.0993589,4.425369
2657,2.657,0.09899101,6.1524277
2658,2.658,0.09192012,6.0770698
2659,2.659,0.097590074,4.4647503
2660,2.66,0.10173864,4.4799623
2661,2.661,0.10357921,6.1031084
2662,2.662,0.09975628,6.092966
2663,2.663,0.09155863,6.1292233
2664,2.664,0.08816811,6.0735865
2665,2.665,0.09567419,6.105337
2666,2.666,0.0959407,6.0880814
2667,2.667,0.09447372,6.118572
2668,2.668,0.08754271,4.4231915
2669,2.669,0.09449651,4.407016
2670,2.67,0.08150377,4.4518623
2671,2.671,0.0940573,4.4324117
2672,2.672,0.08346629,4.454482
2673,2.673,0.07948817,6.1564794
2674,2.674,0.08828596,6.2188134
2675,2.675,0.092056565,6.1190343
2676,2.676,0.08410517,6.1171665
2677,2.677,0.08181119,6.0501046
2678,2.678,0.08775121,6.026148
2679,2.679,0.08715036,5.933761
2680,2.68,0.082053,5.9383717
2681,2.681,0.08242185,6.148984
2682,2.682,0.08227391,6.15999
2683,2.683,0.08487562,6.0863647
2684,2.684,0.09059325,6.121645
2685,2.685,0.09017323,6.109274
2686,2.686,0.08907483,6.017973
2687,2.687,0.07947578,6.0142074
2688,2.688,0.08354439,5.959225
2689,2.689,0.0761339,5.8716288
2690,2.69,0.09131369,5.952523
2691,2.691,0.092385486,5.827115
2692,2.692,0.096491285,5.77001
2693,2.693,0.09487924,5.825634
2694,2.694,0.09937933,4.426185
2695,2.695,0.1063645,4.437249
2696,2.696,0.09070999,4.424814
2697,2.697,0.08145998,5.7555394
2698,2.698,0.07984729,4.440852
2699,2.699,0.0829776,4.4059515
2700,2.7,0.07549277,4.412977
2701,2.701,0.09110727,4.4632344
2702,2.702,0.0845466,4.414606
2703,2.703,0.085164376,4.427416
2704,2.704,0.079349495,5.6331058
2705,2.705,0.09927774,4.4556036
2706,2.706,0.10333239,4.4603267
2707,2.707,0.08339845,4.427966
2708,2.708,0.09110727,5.5561566
2709,2.709,0.093716525,4.520888
2710,2.71,0.08223351,4.4887824
2711,2.711,0.093574606,4.500832
2712,2.712,0.096285746,4.451895
2713,2.713,0.09367844,4.458486
2714,2.714,0.09845252,4.45478
2715,2.715,0.09505934,4.4591327
2716,2.716,0.089301094,4.4796124
2717,2.717,0.0934272,4.464368
2718,2.718,0.08460189,5.5024548
2719,2.719,0.088555254,5.5823207
2720,2.72,0.07351323,5.5342803
2721,2.721,0.08593607,5.6343603
2722,2.722,0.07951448,5.672563
2723,2.723,0.075958334,5.75234
2724,2.724,0.08797809,5.6713448
2725,2.725,0.08937066,5.6656375
2726,2.726,0.09661046,5.685146
2727,2.727,0.101294376,5.678902
2728,2.728,0.10383313,5.575528
2729,2.729,0.0978652,5.5346174
2730,2.73,0.10461238,5.62265
2731,2.731,0.09938923,5.655767
2732,2.732,0.09591761,5.574188
2733,2.733,0.105941966,5.617165
2734,2.734,0.10889523,5.6278667
2735,2.735,0.104147896,5.6706905
2736,2.736,0.10537011,5.7354836
2737,2.737,0.113457635,5.7854676
2738,2.738,0.11006698,5.805247
2739,2.739,0.09540822,5.7348185
2740,2.74,0.09863858,5.755932
2741,2.741,0.094768286,5.910333
2742,2.742,0.08770281,5.8964114
2743,2.743,0.08670373,6.031971
2744,2.744,0.08171637,6.163967
2745,2.745,0.0731289,6.215366
2746,2.746,0.08339623,6.3498373
2747,2.747,0.09001753,6.3318863
2748,2.748,0.077717565,6.34635
2749,2.749,0.07171951,5.8540754
2750,2.75,0.08073086,6.2739363
2751,2.751,0.072128415,6.055305
2752,2.752,0.07973548,6.172796
2753,2.753,0.07624131,6.1784472
2754,2.754,0.07493322,6.133594
2755,2.755,0.06328071,6.2011023
2756,2.756,0.07141173,6.0697756
2757,2.757,0.082644746,6.147742
2758,2.758,0.08216166,6.2174697
2759,2.759,0.08325298,4.469171
2760,2.76,0.07616784,6.111348
2761,2.761,0.08348619,4.4557276
2762,2.762,0.08711859,4.4707565
2763,2.763,0.081778094,4.4651217
2764,2.764,0.07709439,4.459553
2765,2.765,0.08757574,4.4276104
2766,2.766,0.087511785,4.426301
2767,2.767,0.08336819,4.4072676
2768,2.768,0.08638666,4.4139876
2769,2.769,0.076667026,4.422251
2770,2.77,0.08116032,4.4820833
2771,2.771,0.07997741,4.4297886
2772,2.772,0.08291455,4.4364166
2773,2.773,0.080134965,4.425387
2774,2.774,0.080772005,4.4962173
2775,2.775,0.07348979,4.4380727
2776,2.776,0.08103666,4.4139767
2777,2.777,0.08078876,4.4311566
2778,2.778,0.07271716,4.4204364
2779,2.779,0.07816437,4.474991
2780,2.78,0.08294868,4.5059214
2781,2.781,0.08368347,4.4808917
2782,2.782,0.06870413,4.463335
2783,2.783,0.07009691,4.4670787
2784,2.784,0.076679066,4.451141
2785,2.785,0.078079306,4.4815497
2786,2.786,0.077420115,4.4893975
2787,2.787,0.08253896,4.488658
2788,2.788,0.08917148,4.453221
2789,2.789,0.07958255,4.402051
2790,2.79,0.087138355,4.4542007
2791,2.791,0.07139536,4.419415
2792,2.792,0.080624856,4.435312
2793,2.793,0.07322055,4.4392433
2794,2.794,0.08909555,4.449771
2795,2.795,0.08359961,4.46145
2796,2.796,0.08182548,4.4540963
2797,2.797,0.093690254,4.4682837
2798,2.798,0.098832384,4.469126
2799,2.799,0.09036136,4.4330935
2800,2.8,0.08087325,4.4579387
2801,2.801,0.08939613,4.443577
2802,2.802,0.08725972,4.4192767
2803,2.803,0.090957224,4.4344754
2804,2.804,0.097256616,4.4735713
2805,2.805,0.086570226,4.4266276
2806,2.806,0.081962965,4.4527807
2807,2.807,0.07446538,4.429865
2808,2.808,0.080883905,4.411988
2809,2.809,0.077048086,4.4555845
2810,2.81,0.083334975,4.4519267
2811,2.811,0.08753147,4.4389195
2812,2.812,0.08230456,4.394065
2813,2.813,0.0825874,4.368007
2814,2.814,0.09146113,4.3722444
2815,2.815,0.0922822,4.3829503
2816,2.816,0.076959394,4.431328
2817,2.817,0.08303246,4.4083915
2818,2.818,0.090122044,4.3951473
2819,2.819,0.09247868,4.387131
2820,2.82,0.07417729,4.4218564
2821,2.821,0.07448273,4.405008
2822,2.822,0.074147426,4.3986087
2823,2.823,0.06972551,4.3857646
2824,2.824,0.063402124,4.428416
2825,2.825,0.06307327,4.4551067
2826,2.826,0.07120292,4.4372253
2827,2.827,0.064778775,4.45748
2828,2.828,0.06946648,4.398237
2829,2.829,0.072982356,4.441894
2830,2.83,0.076354206,4.450239
2831,2.831,0.08166968,6.0847197
2832,2.832,0.072040506,6.0934186
2833,2.833,0.08352893,6.005131
2834,2.834,0.07020829,6.0691037
2835,2.835,0.06471036,5.978035
2836,2.836,0.08765088,6.032343
2837,2.837,0.09010702,6.0852513
2838,2.838,0.08101615,6.025334
2839,2.839,0.06917002,4.502517
2840,2.84,0.085626215,5.9908442
2841,2.841,0.09807433,6.1160083
2842,2.842,0.106502086,6.127351
2843,2.843,0.09859678,6.1917
2844,2.844,0.088579565,4.4518013
2845,2.845,0.09191811,6.360279
2846,2.846,0.0861663,4.402733
2847,2.847,0.0809645,6.125106
2848,2.848,0.098801255,6.1310964
2849,2.849,0.10018955,6.124159
2850,2.85,0.10166422,6.143222
2851,2.851,0.10067047,6.218919
2852,2.852,0.09445223,6.1944537
2853,2.853,0.087943114,6.2404985
2854,2.854,0.081162594,6.161568
2855,2.855,0.08087021,5.647119
2856,2.856,0.08068283,6.271656
2857,2.857,0.078302786,5.6278977
2858,2.858,0.08924734,6.1423464
2859,2.859,0.09143355,6.173265
2860,2.86,0.08687813,6.173394
2861,2.861,0.084595345,4.3848476
2862,2.862,0.08790252,6.0556307
2863,2.863,0.07457685,6.066814
2864,2.864,0.08290268,6.077064
2865,2.865,0.09363574,6.0173383
2866,2.866,0.08569373,5.88246
2867,2.867,0.093614705,5.9199004
2868,2.868,0.07815571,5.9318395
2869,2.869,0.09502634,5.9013295
2870,2.87,0.084872,5.9537063
2871,2.871,0.084620796,5.913167
2872,2.872,0.08927216,5.980896
2873,2.873,0.07881656,6.005198
2874,2.874,0.098724,6.0624213
2875,2.875,0.08601765,5.914399
2876,2.876,0.0792199,5.759418
2877,2.877,0.081150465,5.781498
2878,2.878,0.10118681,5.7814612
2879,2.879,0.10080179,5.8422523
2880,2.88,0.10923878,5.784808
2881,2.881,0.10221347,5.8430076
2882,2.882,0.12137288,5.7556515
2883,2.883,0.12221501,5.683982
2884,2.884,0.11175837,5.7316494
2885,2.885,0.118576385,5.639022
2886,2.886,0.1256363,5.668569
2887,2.887,0.09806116,5.623005
2888,2.888,0.102774754,5.643628
2889,2.889,0.09875329,5.6873794
2890,2.89,0.09509882,5.676468
2891,2.891,0.094103076,5.609786
2892,2.892,0.098865375,5.5191245
2893,2.893,0.0988884,5.446876
2894,2.894,0.09939047,5.5778403
2895,2.895,0.08685405,5.562581
2896,2.896,0.08696661,5.5722895
2897,2.897,0.09152704,5.620045
2898,2.898,0.07776188,5.6789894
2899,2.899,0.09749041,5.6739926
2900,2.9,0.10544483,5.6280694
2901,2.901,0.10171747,5.6731043
2902,2.902,0.09097143,5.6149893
2903,2.903,0.09494212,5.457093
2904,2.904,0.08841549,5.4778438
2905,2.905,0.08812343,5.406982
2906,2.906,0.08560178,5.479042
2907,2.907,0.09363574,5.3686213
2908,2.908,0.09881931,5.392946
2909,2.909,0.09634324,5.4056077
2910,2.91,0.08405175,5.4500465
2911,2.911,0.08498863,5.386842
2912,2.912,0.08138138,5.3819375
2913,2.913,0.09772112,5.4446545
2914,2.914,0.09157878,5.4367437
2915,2.915,0.09388772,5.534481
2916,2.916,0.1005659,5.4883165
2917,2.917,0.10268971,5.444054
2918,2.918,0.10163275,5.4918637
2919,2.919,0.09149678,5.411443
2920,2.92,0.09519388,5.440811
2921,2.921,0.10300558,5.4790316
2922,2.922,0.10060994,5.315985
2923,2.923,0.10041835,5.381989
2924,2.924,0.09258706,5.41049
2925,2.925,0.08233446,5.198511
2926,2.926,0.07311291,5.2621827
2927,2.927,0.08725408,5.1983232
2928,2.928,0.07205758,5.224591
2929,2.929,0.074631274,5.2422037
2930,2.93,0.07567673,5.1769032
2931,2.931,0.062490154,4.4490967
2932,2.932,0.07763042,4.4150057
2933,2.933,0.07518815,4.4024515
2934,2.934,0.07733423,5.152828
2935,2.935,0.0744439,5.0651083
2936,2.936,0.07297899,5.238534
2937,2.937,0.08502337,5.2921414
2938,2.938,0.08414759,5.31251
2939,2.939,0.0894326,5.290907
2940,2.94,0.10004759,5.255631
2941,2.941,0.109929375,5.29339
2942,2.942,0.09676445,5.201853
2943,2.943,0.09148467,5.144087
2944,2.944,0.089994974,5.1891117
2945,2.945,0.087151065,5.151481
2946,2.946,0.085539944,5.3199472
2947,2.947,0.10214122,4.434376
2948,2.948,0.09713064,4.4409447
2949,2.949,0.09496869,5.322711
2950,2.95,0.08621627,4.4063873
2951,2.951,0.10323171,4.4143157
2952,2.952,0.10303962,4.4091306
2953,2.953,0.085276276,4.4078217
2954,2.954,0.08024775,4.4140606
2955,2.955,0.10404564,4.431615
2956,2.956,0.08498646,4.413996
2957,2.957,0.0822178,4.440962
2958,2.958,0.077373214,4.436065
2959,2.959,0.07580103,4.417565
2960,2.96,0.080794096,4.3783774
2961,2.961,0.066714995,4.3885207
2962,2.962,0.06724136,4.379494
2963,2.963,0.07245694,4.4131
2964,2.964,0.06955765,4.3820643
2965,2.965,0.07042704,4.3608637
2966,2.966,0.07825326,4.372507
2967,2.967,0.07967991,4.4132094
2968,2.968,0.0772825,4.4334726
2969,2.969,0.07484121,4.430248
2970,2.97,0.07451247,4.4369454
2971,2.971,0.076959394,4.440653
2972,2.972,0.078520924,4.423887
2973,2.973,0.082767494,4.418779
2974,2.974,0.06876142,5.417073
2975,2.975,0.06947534,5.3989134
2976,2.976,0.07709838,5.461673
2977,2.977,0.093971565,5.3419266
2978,2.978,0.07729683,5.368168
2979,2.979,0.08083749,5.346645
2980,2.98,0.07699456,5.338112
2981,2.981,0.08456334,5.454878
2982,2.982,0.07701134,5.420043
2983,2.983,0.08502337,5.3842764
2984,2.984,0.08094245,5.413393
2985,2.985,0.08667889,5.363735
2986,2.986,0.07224859,5.3876987
2987,2.987,0.073198706,5.494516
2988,2.988,0.06532735,5.4644394
2989,2.989,0.06748797,5.431045
2990,2.99,0.077692226,5.5650334
2991,2.991,0.08110572,5.5798116
2992,2.992,0.07890004,5.4801803
2993,2.993,0.08422798,5.499282
2994,2.994,0.0819502,5.456857
2995,2.995,0.08673637,5.4642234
2996,2.996,0.08289377,5.5840836
2997,2.997,0.070449755,5.555266
2998,2.998,0.06923937,5.5230722
2999,2.999,0.06547316,5.5188537
3000,3.0,0.066383086,5.535495
3001,3.001,0.07069474,5.5365767
3002,3.002,0.06740678,5.595981
3003,3.003,0.073145725,5.592301
3004,3.004,0.07994509,5.657488
3005,3.005,0.07230988,5.6475754
3006,3.006,0.07049166,5.5598054
3007,3.007,0.075895935,5.641702
3008,3.008,0.071064524,5.6364326
3009,3.009,0.07543651,5.59877
3010,3.01,0.077647865,5.6355624
3011,3.011,0.08030064,5.70676
3012,3.012,0.073616944,5.792464
3013,3.013,0.08550469,5.760978
3014,3.014,0.080676734,5.855755
3015,3.015,0.08250839,5.891356
3016,3.016,0.096270405,5.7589793
3017,3.017,0.09281604,5.7833652
3018,3.018,0.08709315,5.8075943
3019,3.019,0.09190271,5.796233
3020,3.02,0.08519109,5.8141174
3021,3.021,0.07816751,5.722929
3022,3.022,0.077866256,5.6284356
3023,3.023,0.075696245,5.663499
3024,3.024,0.0806279,5.668152
3025,3.025,0.08477335,5.5657306
3026,3.026,0.08180743,5.606829
3027,3.027,0.07961346,5.580995
3028,3.028,0.082229026,5.4617805
3029,3.029,0.09010907,5.48703
3030,3.03,0.08357458,5.445043
3031,3.031,0.08658728,5.451835
3032,3.032,0.08795711,5.5649366
3033,3.033,0.07719169,5.5130067
3034,3.034,0.08168324,5.553214
3035,3.035,0.06991234,5.593348
3036,3.036,0.06757179,5.644749
3037,3.037,0.07218896,5.589584
3038,3.038,0.08607843,5.564019
3039,3.039,0.08394847,5.5609655
3040,3.04,0.09010975,5.534427
3041,3.041,0.08873572,5.6520667
3042,3.042,0.09031368,5.7104716
3043,3.043,0.09852624,5.661502
3044,3.044,0.10033805,5.565111
3045,3.045,0.090762876,5.558905
3046,3.046,0.09140259,5.5279346
3047,3.047,0.101044424,5.6438847
3048,3.048,0.08847393,5.7019615
3049,3.049,0.09181162,5.7690406
3050,3.05,0.08422067,5.8644676
3051,3.051,0.08638595,5.8259835
3052,3.052,0.077088,5.8441095
3053,3.053,0.07698977,5.8024716
3054,3.054,0.08530874,5.8234487
3055,3.055,0.09315416,5.9402037
3056,3.056,0.094975166,5.875738
3057,3.057,0.08392355,5.8794923
3058,3.058,0.08049655,5.840228
3059,3.059,0.08632824,5.8074102
3060,3.06,0.0946689,5.7784863
3061,3.061,0.08710305,5.74265
3062,3.062,0.084328726,5.6641173
3063,3.063,0.08100628,5.621733
3064,3.064,0.079573266,5.607716
3065,3.065,0.09623397,5.57338
3066,3.066,0.1010913,5.5111675
3067,3.067,0.086294025,5.532701
3068,3.068,0.09739759,5.626954
3069,3.069,0.102516405,5.6852236
3070,3.07,0.08208524,4.4009314
3071,3.071,0.0821257,4.4156637
3072,3.072,0.092546515,5.6666474
3073,3.073,0.09050015,5.6314487
3074,3.074,0.08903614,5.710798
3075,3.075,0.08719765,5.753
3076,3.076,0.08217139,4.401155
3077,3.077,0.083334975,5.774267
3078,3.078,0.07782595,5.892491
3079,3.079,0.082426324,5.7331853
3080,3.08,0.087398514,5.798597
3081,3.081,0.07039645,5.8892446
3082,3.082,0.06813128,5.910079
3083,3.083,0.0720849,6.009356
3084,3.084,0.07717734,5.93081
3085,3.085,0.08649628,5.919632
3086,3.086,0.07918649,5.934256
3087,3.087,0.0832212,5.933469
3088,3.088,0.07452072,5.9427385
3089,3.089,0.08108903,6.0621977
3090,3.09,0.07781646,6.0643177
3091,3.091,0.08654819,6.0450306
3092,3.092,0.09615466,6.17688
3093,3.093,0.07818719,6.119375
3094,3.094,0.06709755,6.0733466
3095,3.095,0.0855162,4.3906918
3096,3.096,0.06727704,6.1045947
3097,3.097,0.06318048,6.099073
3098,3.098,0.06768188,6.16543
3099,3.099,0.07176925,6.220674
3100,3.1,0.06982956,6.3218865
3101,3.101,0.0705815,6.2934127
3102,3.102,0.068584025,6.3298626
3103,3.103,0.0784386,6.2891097
3104,3.104,0.06593203,6.2875767
3105,3.105,0.064438805,6.2253914
3106,3.106,0.062093087,6.1402164
3107,3.107,0.06459235,6.1693883
3108,3.108,0.06935124,6.271247
3109,3.109,0.06543274,6.35202
3110,3.11,0.06660054,6.3557405
3111,3.111,0.074743316,6.4228153
3112,3.112,0.06832337,6.416716
3113,3.113,0.07192169,6.399818
3114,3.114,0.07810846,6.415316
3115,3.115,0.07605628,6.523379
3116,3.116,0.07633244,6.5491314
3117,3.117,0.08456188,6.524102
3118,3.118,0.09192346,6.443995
3119,3.119,0.08047667,6.5054154
3120,3.12,0.07337249,6.4510355
3121,3.121,0.08161768,6.464254
3122,3.122,0.08227017,4.3569283
3123,3.123,0.08509571,6.47738
3124,3.124,0.08494881,4.3888726
3125,3.125,0.08778696,6.5199733
3126,3.126,0.081163354,4.3962116
3127,3.127,0.06607,6.582349
3128,3.128,0.07237622,4.3953066
3129,3.129,0.083050236,4.386853
3130,3.13,0.07437444,4.403878
3131,3.131,0.08247334,4.389837
3132,3.132,0.06467611,4.388159
3133,3.133,0.06966813,4.373969
3134,3.134,0.0692598,4.3642263
3135,3.135,0.08537723,4.387658
3136,3.136,0.08479222,4.397635
3137,3.137,0.08843706,4.381717
3138,3.138,0.08509716,6.189698
3139,3.139,0.07788364,6.19063
3140,3.14,0.08938925,6.158764
3141,3.141,0.090659104,4.438075
3142,3.142,0.08696024,6.2502685
3143,3.143,0.0763397,4.3905663
3144,3.144,0.0769498,6.325186
3145,3.145,0.07202427,6.3774605
3146,3.146,0.06655895,6.403195
3147,3.147,0.07821552,6.3019915
3148,3.148,0.08394773,6.1167097
3149,3.149,0.08119746,6.1987724
3150,3.15,0.085137635,6.2447333
3151,3.151,0.085598186,6.3062315
3152,3.152,0.09747968,6.3537316
3153,3.153,0.09589965,6.355886
3154,3.154,0.09601635,6.3521056
3155,3.155,0.08882789,6.4304137
3156,3.156,0.07295032,6.470635
3157,3.157,0.07618883,6.618235
3158,3.158,0.08699915,6.573888
3159,3.159,0.09626465,6.498227
3160,3.16,0.08420168,6.52032
3161,3.161,0.079602644,6.5250072
3162,3.162,0.069361,6.4985313
3163,3.163,0.07101429,6.393286
3164,3.164,0.07201403,6.4963036
3165,3.165,0.07739786,6.5454025
3166,3.166,0.08836677,6.5504794
3167,3.167,0.076869,6.494469
3168,3.168,0.08277344,6.4135013
3169,3.169,0.07020917,6.319621
3170,3.17,0.07166544,6.355262
3171,3.171,0.068748,6.3705883
3172,3.172,0.054996025,6.421008
3173,3.173,0.06063725,6.401382
3174,3.174,0.0675472,6.352665
3175,3.175,0.06538948,6.269693
3176,3.176,0.05916639,6.3160043
3177,3.177,0.06329043,6.3550067
3178,3.178,0.06920115,6.3890576
3179,3.179,0.05849496,6.313032
3180,3.18,0.056857463,6.399857
3181,3.181,0.05817009,6.4347467
3182,3.182,0.057448484,6.466855
3183,3.183,0.052428972,6.4484205
3184,3.184,0.06313469,6.408267
3185,3.185,0.053496584,4.5037475
3186,3.186,0.069766976,4.4594636
3187,3.187,0.06544966,4.445384
3188,3.188,0.06287395,4.435877
3189,3.189,0.060671736,4.438271
3190,3.19,0.0585843,4.454899
3191,3.191,0.062226713,4.4267454
3192,3.192,0.06088635,4.441155
3193,3.193,0.06346033,4.439668
3194,3.194,0.07102036,4.461103
3195,3.195,0.0651963,4.4243608
3196,3.196,0.069547035,4.432118
3197,3.197,0.06945939,4.398091
3198,3.198,0.068789154,4.419662
3199,3.199,0.06900972,4.4164524
3200,3.2,0.076109655,4.375745
3201,3.201,0.0820275,4.421267
3202,3.202,0.09083674,4.391936
3203,3.203,0.087555364,4.4090257
3204,3.204,0.08714118,4.446183
3205,3.205,0.08516509,4.4699183
3206,3.206,0.07434879,4.4364114
3207,3.207,0.07297477,4.4608693
3208,3.208,0.08072171,4.4316254
3209,3.209,0.07865089,4.439911
3210,3.21,0.08021937,4.4413896
3211,3.211,0.08812762,4.428425
3212,3.212,0.09587527,4.468402
3213,3.213,0.07619529,4.4401965
3214,3.214,0.07402368,4.458774
3215,3.215,0.07671195,4.444258
3216,3.216,0.08381057,4.4522514
3217,3.217,0.098604895,4.4680552
3218,3.218,0.0947975,4.4750466
3219,3.219,0.07869312,4.4452543
3220,3.22,0.08979854,4.46675
3221,3.221,0.079383604,4.448762
3222,3.222,0.08617844,4.447913
3223,3.223,0.074116714,4.4423733
3224,3.224,0.06902577,4.4655747
3225,3.225,0.0732592,4.475292
3226,3.226,0.0753949,4.43589
3227,3.227,0.07747572,4.4309244
3228,3.228,0.08485895,4.4271383
3229,3.229,0.076144405,4.419641
3230,3.23,0.07763835,4.42177
3231,3.231,0.073062405,4.3819256
3232,3.232,0.085986175,4.449386
3233,3.233,0.08764246,4.4727316
3234,3.234,0.08596613,4.43595
3235,3.235,0.0811262,4.428483
3236,3.236,0.08203125,4.45044
3237,3.237,0.08487634,4.3829856
3238,3.238,0.07420383,4.4248013
3239,3.239,0.079638965,4.3923593
3240,3.24,0.07441827,4.4210176
3241,3.241,0.08199299,4.4204535
3242,3.242,0.0853073,4.4373126
3243,3.243,0.081916414,4.451656
3244,3.244,0.08410151,4.4017653
3245,3.245,0.0946481,4.3785157
3246,3.246,0.09868037,4.4519415
3247,3.247,0.095705055,4.41379
3248,3.248,0.10034479,4.4366264
3249,3.249,0.094271615,4.423609
3250,3.25,0.09040493,4.402666
3251,3.251,0.08864137,4.441739
3252,3.252,0.07697938,4.4353685
3253,3.253,0.0882539,4.469231
3254,3.254,0.10193801,4.432934
3255,3.255,0.0975106,4.4241977
3256,3.256,0.0903634,4.4260573
3257,3.257,0.11231743,4.4113207
3258,3.258,0.10380172,4.3907957
3259,3.259,0.10516496,4.431085
3260,3.26,0.115897216,4.436966
3261,3.261,0.10989524,4.408126
3262,3.262,0.10814343,4.389808
3263,3.263,0.1146992,4.4099174
3264,3.264,0.110528305,4.4103127
3265,3.265,0.113195404,4.439225
3266,3.266,0.104739934,4.393476
3267,3.267,0.10308798,4.3922963
3268,3.268,0.0922962,4.4085255
3269,3.269,0.096694484,4.3926115
3270,3.27,0.08862193,4.3944316
3271,3.271,0.09941709,4.432645
3272,3.272,0.10105051,4.460529
3273,3.273,0.10271907,4.420755
3274,3.274,0.09223685,4.414874
3275,3.275,0.09715851,4.4153595
3276,3.276,0.09673902,4.393319
3277,3.277,0.102335595,4.393534
3278,3.278,0.09830493,4.41412
3279,3.279,0.09474556,4.411389
3280,3.28,0.09476504,4.423763
3281,3.281,0.10033008,4.424243
3282,3.282,0.09551843,4.3980145
3283,3.283,0.09917047,4.3919497
3284,3.284,0.102182165,4.408342
3285,3.285,0.0894718,4.4350204
3286,3.286,0.09322217,4.420136
3287,3.287,0.090429425,4.4151826
3288,3.288,0.0990519,4.4588366
3289,3.289,0.09692264,4.426841
3290,3.29,0.09293065,4.4088025
3291,3.291,0.097022265,4.400812
3292,3.292,0.095682554,4.3800197
3293,3.293,0.09978773,4.392037
3294,3.294,0.09829804,4.365349
3295,3.295,0.10525268,4.4561434
3296,3.296,0.08753287,4.4268227
3297,3.297,0.08407224,4.3774357
3298,3.298,0.099747024,4.4567704
3299,3.299,0.10462944,4.4570136
3300,3.3,0.10796861,4.443168
3301,3.301,0.0972427,4.4247994
3302,3.302,0.112778276,4.4404764
3303,3.303,0.097078055,4.442103
3304,3.304,0.09237483,4.4483294
3305,3.305,0.10225801,4.438143
3306,3.306,0.097707264,4.4527984
3307,3.307,0.087431595,4.3938956
3308,3.308,0.08160487,4.4478807
3309,3.309,0.07933321,4.448051
3310,3.31,0.10114849,4.456235
3311,3.311,0.09302264,4.4553943
3312,3.312,0.09669639,4.44969
3313,3.313,0.09545335,4.435899
3314,3.314,0.10059037,4.415507
3315,3.315,0.10807969,4.46465
3316,3.316,0.09941833,4.4586177
3317,3.317,0.09192481,4.437642
3318,3.318,0.102538615,4.423955
3319,3.319,0.10079812,4.467593
3320,3.32,0.085543536,4.461559
3321,3.321,0.08011192,4.447225
3322,3.322,0.08986772,4.4310427
3323,3.323,0.092772275,4.4579215
3324,3.324,0.081628986,4.4619884
3325,3.325,0.08956871,4.480759
3326,3.326,0.074948825,4.46753
3327,3.327,0.08515498,4.523147
3328,3.328,0.07794207,4.465604
3329,3.329,0.09626849,4.458674
3330,3.33,0.09379921,4.482563
3331,3.331,0.09035183,4.4807935
3332,3.332,0.097188264,4.464156
3333,3.333,0.0885629,4.506215
3334,3.334,0.08506606,4.4904933
3335,3.335,0.084872,4.4844775
3336,3.336,0.09141941,4.474906
3337,3.337,0.092151426,4.4656
3338,3.338,0.09362982,4.467559
3339,3.339,0.096386656,4.503335
3340,3.34,0.08811436,4.5299773
3341,3.341,0.086183436,4.5354266
3342,3.342,0.093756564,4.477512
3343,3.343,0.08983005,4.5066276
3344,3.344,0.084348425,4.4424047
3345,3.345,0.09214408,4.512866
3346,3.346,0.089177,4.4875836
3347,3.347,0.08672218,4.4878044
3348,3.348,0.0830732,4.4599543
3349,3.349,0.088901274,4.4568725
3350,3.35,0.102837,4.4526234
3351,3.351,0.10009308,4.4589996
3352,3.352,0.1077273,4.442035
3353,3.353,0.10873182,4.4428205
3354,3.354,0.116550475,4.4376345
3355,3.355,0.12467767,4.3773007
3356,3.356,0.10648591,4.387169
3357,3.357,0.111430876,4.4131207
3358,3.358,0.12139468,4.3768187
3359,3.359,0.111137845,4.4363236
3360,3.36,0.11106973,4.43536
3361,3.361,0.10555797,4.4555383
3362,3.362,0.103282966,4.4071126
3363,3.363,0.112787,4.487778
3364,3.364,0.10391309,4.469053
3365,3.365,0.10655753,4.4356837
3366,3.366,0.097472735,4.47045
3367,3.367,0.110789075,4.493469
3368,3.368,0.10349958,4.493621
3369,3.369,0.0947527,4.512301
3370,3.37,0.101280406,4.458141
3371,3.371,0.0968655,4.418893
3372,3.372,0.10177915,4.476056
3373,3.373,0.11701358,4.5271225
3374,3.374,0.11305454,4.4853272
3375,3.375,0.09704572,4.4732776
3376,3.376,0.099661864,4.4581656
3377,3.377,0.10565002,4.4441447
3378,3.378,0.08903406,4.446096
3379,3.379,0.09539016,4.4555464
3380,3.38,0.095672905,4.4961686
3381,3.381,0.0930947,4.531889
3382,3.382,0.08901332,4.4738774
3383,3.383,0.11145461,4.4701943
3384,3.384,0.08887013,4.448523
3385,3.385,0.107372604,4.512848
3386,3.386,0.09190138,4.422171
3387,3.387,0.10828045,4.464437
3388,3.388,0.095549345,4.481019
3389,3.389,0.0925126,4.434375
3390,3.39,0.09712874,4.4266524
3391,3.391,0.09310395,4.4497576
3392,3.392,0.1032043,4.4861083
3393,3.393,0.08945736,4.454008
3394,3.394,0.09218414,4.46455
3395,3.395,0.09746327,4.4720902
3396,3.396,0.09024212,4.479761
3397,3.397,0.11212114,4.460147
3398,3.398,0.10263038,4.3911066
3399,3.399,0.09230753,4.4536576
3400,3.4,0.088067554,4.4769993
3401,3.401,0.09611946,4.45624
3402,3.402,0.08244573,4.455319
3403,3.403,0.0874323,4.4534655
3404,3.404,0.086608596,4.4393077
3405,3.405,0.08688734,4.478591
3406,3.406,0.08898222,4.441311
3407,3.407,0.09502634,4.427137
3408,3.408,0.09869907,4.434856
3409,3.409,0.09238615,4.4294605
3410,3.41,0.099821016,4.4399767
3411,3.411,0.102025494,4.4679866
3412,3.412,0.10768445,4.441645
3413,3.413,0.102155074,4.4555044
3414,3.414,0.10685794,4.413875
3415,3.415,0.09980314,4.4299746
3416,3.416,0.09182837,4.457534
3417,3.417,0.08493867,4.4487047
3418,3.418,0.08099413,4.445248
3419,3.419,0.0779768,4.5556703
3420,3.42,0.090817094,4.512512
3421,3.421,0.08755677,4.4676805
3422,3.422,0.08446797,4.477017
3423,3.423,0.088340305,4.4454193
3424,3.424,0.07171094,4.429866
3425,3.425,0.07589431,4.417647
3426,3.426,0.065988,4.4608893
3427,3.427,0.08406492,4.480882
3428,3.428,0.082641765,4.4514966
3429,3.429,0.07337752,4.4808726
3430,3.43,0.080329746,4.479788
3431,3.431,0.09060139,4.466969
3432,3.432,0.08609486,4.4517293
3433,3.433,0.07787889,4.4587135
3434,3.434,0.09076085,4.449461
3435,3.435,0.09645812,4.4493823
3436,3.436,0.083864145,4.5164447
3437,3.437,0.08681933,4.467379
3438,3.438,0.08889782,4.4344177
3439,3.439,0.07859454,4.4525576
3440,3.44,0.08846211,4.4731493
3441,3.441,0.082103975,4.4579844
3442,3.442,0.07298573,4.4474635
3443,3.443,0.09412204,4.4951787
3444,3.444,0.08875027,4.468747
3445,3.445,0.092460044,4.5234294
3446,3.446,0.08668741,4.4751563
3447,3.447,0.09261696,4.5091567
3448,3.448,0.08179991,4.5341086
3449,3.449,0.08372757,4.498246
3450,3.45,0.082097225,4.509183
3451,3.451,0.08880018,4.480034
3452,3.452,0.08640945,4.501839
3453,3.453,0.08162823,4.4748607
3454,3.454,0.075305894,4.4510207
3455,3.455,0.084979944,4.486989
3456,3.456,0.083734185,4.4730134
3457,3.457,0.08252256,4.478223
3458,3.458,0.08626977,4.4426317
3459,3.459,0.076263905,6.2056103
3460,3.46,0.07695779,4.470965
3461,3.461,0.09218747,4.4596252
3462,3.462,0.10217916,4.474806
3463,3.463,0.1019187,4.4729943
3464,3.464,0.10203755,4.4569607
3465,3.465,0.09570634,4.4721456
3466,3.466,0.08087402,4.4323273
3467,3.467,0.08869618,4.501611
3468,3.468,0.09525139,4.5007186
3469,3.469,0.08947868,4.47962
3470,3.47,0.10339192,4.488118
3471,3.471,0.10491133,4.4935074
3472,3.472,0.10636681,4.47454
3473,3.473,0.1008085,4.506875
3474,3.474,0.09430163,4.559675
3475,3.475,0.09124292,4.5200005
3476,3.476,0.08894072,4.433941
3477,3.477,0.10162609,4.50417
3478,3.478,0.09807433,4.4670234
3479,3.479,0.09307553,4.4730873
3480,3.48,0.09608296,6.4198136
3481,3.481,0.09758818,6.430125
3482,3.482,0.11361966,6.506275
3483,3.483,0.10176766,6.422125
3484,3.484,0.092728496,4.4541965
3485,3.485,0.10455708,6.5159774
3486,3.486,0.102762185,4.421649
3487,3.487,0.11555003,4.458188
3488,3.488,0.12156486,4.416198
3489,3.489,0.13394316,4.409733
3490,3.49,0.1178169,4.452658
3491,3.491,0.12621334,4.438303
3492,3.492,0.12940454,4.480451
3493,3.493,0.14084053,4.483026
3494,3.494,0.12802212,4.4525156
3495,3.495,0.12453695,4.431491
3496,3.496,0.1305666,4.4472136
3497,3.497,0.11630739,4.4723096
3498,3.498,0.1109539,4.494989
3499,3.499,0.123578764,4.4461646
3500,3.5,0.12096412,4.461133
3501,3.501,0.12399776,4.486569
3502,3.502,0.12865351,4.435827
3503,3.503,0.11521622,4.4596057
3504,3.504,0.1284041,4.462711
3505,3.505,0.1304992,4.4567924
3506,3.506,0.13094538,4.4621544
3507,3.507,0.1327161,4.486128
3508,3.508,0.12726243,4.5061474
3509,3.509,0.12547998,4.4345794
3510,3.51,0.105551556,4.42886
3511,3.511,0.1005708,4.4660044
3512,3.512,0.10707709,4.4430227
3513,3.513,0.11726151,4.492154
3514,3.514,0.11856289,4.4550495
3515,3.515,0.12323025,4.435923
3516,3.516,0.12627329,4.4667554
3517,3.517,0.13205056,4.4958954
3518,3.518,0.117994845,4.463165
3519,3.519,0.10581936,4.5025325
3520,3.52,0.09267142,4.468994
3521,3.521,0.09968285,4.433103
3522,3.522,0.10144309,4.410159
3523,3.523,0.12046615,4.4571238
3524,3.524,0.12963542,4.47525
3525,3.525,0.11871485,4.4653463
3526,3.526,0.1105873,4.4675374
3527,3.527,0.11743977,4.476056
3528,3.528,0.11179195,4.4683113
3529,3.529,0.12188582,4.457451
3530,3.53,0.118751116,4.518449
3531,3.531,0.11412217,4.48675
3532,3.532,0.117938,4.4938445
3533,3.533,0.11990712,4.478947
3534,3.534,0.12643057,4.4273567
3535,3.535,0.119357325,4.4055314
3536,3.536,0.12372107,4.452238
3537,3.537,0.118883684,4.5024657
3538,3.538,0.12168374,4.485804
3539,3.539,0.10912777,4.4287896
3540,3.54,0.09805551,4.470111
3541,3.541,0.10203152,4.545742
3542,3.542,0.096735835,4.502067
3543,3.543,0.09460193,4.499711
3544,3.544,0.08586444,4.5512466
3545,3.545,0.08327884,4.525531
3546,3.546,0.07146082,4.5412464
3547,3.547,0.07428918,4.5892353
3548,3.548,0.08404223,4.5912986
3549,3.549,0.06278092,4.516091
3550,3.55,0.08133223,4.5089793
3551,3.551,0.07346048,4.531557
3552,3.552,0.060922716,4.5906386
3553,3.553,0.06455042,4.5581703
3554,3.554,0.06519724,4.4993863
3555,3.555,0.060372856,4.5218363
3556,3.556,0.06614911,4.5462074
3557,3.557,0.061474666,4.5340505
3558,3.558,0.0673876,4.5270863
3559,3.559,0.058577996,4.499281
3560,3.56,0.07464858,4.505811
3561,3.561,0.07369045,4.5558176
3562,3.562,0.07668549,4.531566
3563,3.563,0.07324072,4.462989
3564,3.564,0.07881031,4.4554605
3565,3.565,0.06995457,4.489268
3566,3.566,0.08741964,4.476054
3567,3.567,0.0841549,4.519148
3568,3.568,0.08422652,4.527303
3569,3.569,0.09771986,4.515753
3570,3.57,0.08626122,4.495547
3571,3.571,0.093939476,4.5026183
3572,3.572,0.084473066,4.48019
3573,3.573,0.08083749,4.5178847
3574,3.574,0.09073711,4.456916
3575,3.575,0.091099165,4.477521
3576,3.576,0.08689866,4.4543843
3577,3.577,0.082524054,4.465438
3578,3.578,0.09163856,4.48602
3579,3.579,0.10035154,4.450152
3580,3.58,0.08794591,4.4415026
3581,3.581,0.086113445,4.422904
3582,3.582,0.07501447,4.4704905
3583,3.583,0.09168219,4.4790144
3584,3.584,0.07993278,4.4903493
3585,3.585,0.08388615,4.476772
3586,3.586,0.07664616,4.5220137
3587,3.587,0.08374888,4.575457
3588,3.588,0.082610495,4.469231
3589,3.589,0.07778957,4.527913
3590,3.59,0.08010885,4.5440526
3591,3.591,0.09641921,4.5020924
3592,3.592,0.08198023,4.49494
3593,3.593,0.09005648,4.510861
3594,3.594,0.09772868,4.500101
3595,3.595,0.087783456,4.4783983
3596,3.596,0.077481285,4.4253135
3597,3.597,0.08304283,4.4583764
3598,3.598,0.09325054,4.418183
3599,3.599,0.085314505,4.428541
3600,3.6,0.09679306,4.398265
3601,3.601,0.08952955,4.459858
3602,3.602,0.09561951,4.491539
3603,3.603,0.08273999,4.4654326
3604,3.604,0.078327924,4.4143095
3605,3.605,0.09128269,4.4368787
3606,3.606,0.08627548,4.423636
3607,3.607,0.09136893,4.4318132
3608,3.608,0.08281134,4.406952
3609,3.609,0.08074687,4.4014263
3610,3.61,0.07640174,4.4177036
3611,3.611,0.08294571,4.40794
3612,3.612,0.08389495,4.436244
3613,3.613,0.094827995,4.4499416
3614,3.614,0.08306357,4.4352183
3615,3.615,0.08792282,4.4061036
3616,3.616,0.08904236,4.4318867
3617,3.617,0.08097286,4.410498
3618,3.618,0.08989373,4.4569855
3619,3.619,0.078743145,4.4204855
3620,3.62,0.075343475,4.43041
3621,3.621,0.06416227,4.4005995
3622,3.622,0.062987365,4.4477887
3623,3.623,0.06427054,4.4685574
3624,3.624,0.0707652,4.4542446
3625,3.625,0.07519061,4.4421077
3626,3.626,0.075969666,4.3967943
3627,3.627,0.07016446,4.455317
3628,3.628,0.06266909,4.432149
3629,3.629,0.07968917,7.0741663
3630,3.63,0.07774051,7.156282
3631,3.631,0.066255055,4.4302726
3632,3.632,0.07151074,7.176638
3633,3.633,0.06323888,4.459666
3634,3.634,0.071748674,7.2047706
3635,3.635,0.07196531,4.4642563
3636,3.636,0.07016446,7.189776
3637,3.637,0.075687304,7.1849937
3638,3.638,0.06380744,7.2434173
3639,3.639,0.06395961,7.212699
3640,3.64,0.058071643,4.425393
3641,3.641,0.061418593,4.46107
3642,3.642,0.058160573,4.445206
3643,3.643,0.066422,4.477038
3644,3.644,0.057733733,4.42147
3645,3.645,0.061644576,4.471838
3646,3.646,0.058497064,4.469634
3647,3.647,0.070114456,4.4161777
3648,3.648,0.073029555,4.456981
3649,3.649,0.065447785,4.438897
3650,3.65,0.07719647,4.4494367
3651,3.651,0.06868263,4.4639626
3652,3.652,0.056698166,4.4440956
3653,3.653,0.06882849,4.489397
3654,3.654,0.065522954,4.491938
3655,3.655,0.05911437,4.4376087
3656,3.656,0.069026664,4.4559984
3657,3.657,0.0717804,4.4332676
3658,3.658,0.06574325,4.471395
3659,3.659,0.075170964,4.380758
3660,3.66,0.080612645,4.4448586
3661,3.661,0.07512839,4.4293427
3662,3.662,0.090225756,4.426697
3663,3.663,0.080096565,7.076437
3664,3.664,0.08451822,7.085965
3665,3.665,0.08666257,7.116209
3666,3.666,0.087295674,7.1198807
3667,3.667,0.09512017,7.2029867
3668,3.668,0.096773356,7.2045035
3669,3.669,0.089360334,7.23598
3670,3.67,0.07875799,7.2289724
3671,3.671,0.07029325,7.180453
3672,3.672,0.07318862,7.212645
3673,3.673,0.06594229,7.217442
3674,3.674,0.072613016,4.3995905
3675,3.675,0.062245496,4.4243
3676,3.676,0.076566644,4.4038935
3677,3.677,0.06779632,7.1233506
3678,3.678,0.07455622,7.176295
3679,3.679,0.07350151,7.254583
3680,3.68,0.06575448,7.2412124
3681,3.681,0.06749799,7.217987
3682,3.682,0.066969045,7.185528
3683,3.683,0.06675095,7.14666
3684,3.684,0.05782744,7.1507306
3685,3.685,0.062217813,7.2178907
3686,3.686,0.062404435,7.1337647
3687,3.687,0.059674796,7.0879397
3688,3.688,0.069345035,7.114352
3689,3.689,0.07826977,7.0691023
3690,3.69,0.06542616,7.1606646
3691,3.691,0.06423128,7.130945
3692,3.692,0.065028094,7.1301227
3693,3.693,0.07568649,7.1943173
3694,3.694,0.07749795,7.140554
3695,3.695,0.07263165,7.2801414
3696,3.696,0.06315613,7.3246155
3697,3.697,0.059559207,7.2849617
3698,3.698,0.066281974,7.320844
3699,3.699,0.07166287,7.3898163
3700,3.7,0.064103745,7.3800917
3701,3.701,0.06061594,7.311797
3702,3.702,0.06352428,7.283072
3703,3.703,0.06361913,7.249881
3704,3.704,0.058900617,7.2433696
3705,3.705,0.058074817,7.3389754
3706,3.706,0.053830225,7.384773
3707,3.707,0.048390172,7.36442
3708,3.708,0.057079952,7.4259367
3709,3.709,0.059510633,7.4265137
3710,3.71,0.061226953,7.4249735
3711,3.711,0.069328174,7.3629417
3712,3.712,0.055530433,7.362379
3713,3.713,0.055439502,4.4501095
3714,3.714,0.057911433,4.41758
3715,3.715,0.061664537,7.4216065
3716,3.716,0.06815927,4.428643
3717,3.717,0.07087466,7.3928213
3718,3.718,0.06351557,7.431827
3719,3.719,0.06789064,7.3857417
3720,3.72,0.068491556,7.365861
3721,3.721,0.077339806,7.4330883
3722,3.722,0.06449893,7.4305987
3723,3.723,0.06070114,7.5130277
3724,3.724,0.061544687,7.4993753
3725,3.725,0.06200781,7.4378276
3726,3.726,0.05577697,7.355384
3727,3.727,0.062195066,7.4128423
3728,3.728,0.062317614,7.4115252
3729,3.729,0.07884934,7.3640037
3730,3.73,0.058081176,7.3355904
3731,3.731,0.06985511,7.3453703
3732,3.732,0.06942218,7.3451233
3733,3.733,0.07327683,7.3213487
3734,3.734,0.07435293,7.308628
3735,3.735,0.0739297,7.3005586
3736,3.736,0.066857785,7.2557483
3737,3.737,0.09029665,7.165207
3738,3.738,0.0949512,7.215815
3739,3.739,0.09226753,7.285402
3740,3.74,0.08107916,7.377047
3741,3.741,0.0793867,7.4815545
3742,3.742,0.089230105,7.4013743
3743,3.743,0.0810359,7.3970146
3744,3.744,0.08922183,7.379914
3745,3.745,0.08418414,7.3924546
3746,3.746,0.08805149,7.3322005
3747,3.747,0.08781989,7.2792315
3748,3.748,0.09038518,7.2902865
3749,3.749,0.09017119,7.36249
3750,3.75,0.08266261,7.431051
3751,3.751,0.078838415,7.4556684
3752,3.752,0.07406772,7.464296
3753,3.753,0.081576206,4.424115
3754,3.754,0.07853267,7.387585
3755,3.755,0.0707652,7.4782076
3756,3.756,0.0674232,7.445375
3757,3.757,0.08578487,7.5188704
3758,3.758,0.079164736,7.4702706
3759,3.759,0.0812467,7.4551153
3760,3.76,0.089255616,7.5238013
3761,3.761,0.093593016,7.490404
3762,3.762,0.0787197,7.5352874
3763,3.763,0.07161649,7.5320067
3764,3.764,0.077014536,7.4877515
3765,3.765,0.07689141,7.4555006
3766,3.766,0.09351409,7.4392447
3767,3.767,0.09002778,7.490114
3768,3.768,0.08147886,7.4463844
3769,3.769,0.09499719,7.4537306
3770,3.77,0.085619025,7.4200125
3771,3.771,0.105069555,7.4937415
3772,3.772,0.09638027,7.414207
3773,3.773,0.10213278,4.401179
3774,3.774,0.099298194,4.444657
3775,3.775,0.0858974,7.3826156
3776,3.776,0.09128606,7.473686
3777,3.777,0.0995173,7.493922
3778,3.778,0.08721317,7.5413346
3779,3.779,0.097398855,7.5260897
3780,3.78,0.09808437,7.442811
3781,3.781,0.0993558,7.4835296
3782,3.782,0.097243965,7.485365
3783,3.783,0.0974418,7.4917455
3784,3.784,0.088823736,7.5029807
3785,3.785,0.089286625,4.4562583
3786,3.786,0.1043521,7.595509
3787,3.787,0.101324745,7.635789
3788,3.788,0.092761,7.6150923
3789,3.789,0.09473777,7.6649303
3790,3.79,0.10099692,7.60826
3791,3.791,0.102783136,7.7356243
3792,3.792,0.1015019,4.457665
3793,3.793,0.09939109,7.6433806
3794,3.794,0.09132851,7.645028
3795,3.795,0.09298691,4.440959
3796,3.796,0.0880948,7.592487
3797,3.797,0.08627263,4.488003
3798,3.798,0.09452906,4.4844522
3799,3.799,0.08381644,4.450727
3800,3.8,0.08717648,4.4352927
3801,3.801,0.082646236,7.6234293
3802,3.802,0.08891166,7.566719
3803,3.803,0.07947811,7.554615
3804,3.804,0.07674403,7.5782027
3805,3.805,0.07615087,7.5159416
3806,3.806,0.08536138,7.4503675
3807,3.807,0.07440339,7.5189686
3808,3.808,0.07807143,7.4076967
3809,3.809,0.07906208,7.392422
3810,3.81,0.07316255,7.4217405
3811,3.811,0.07285495,7.372298
3812,3.812,0.06774094,7.375496
3813,3.813,0.07425521,7.3658557
3814,3.814,0.07044189,7.503144
3815,3.815,0.070817344,4.450732
3816,3.816,0.06152969,4.451835
3817,3.817,0.072096,4.4450645
3818,3.818,0.072779745,7.519558
3819,3.819,0.06839627,4.461974
3820,3.82,0.0651321,4.446608
3821,3.821,0.06464376,4.48051
3822,3.822,0.06692585,4.483581
3823,3.823,0.060830746,4.456621
3824,3.824,0.07327599,4.417827
3825,3.825,0.06424564,7.681082
3826,3.826,0.06220298,4.461394
3827,3.827,0.08039865,4.4015965
3828,3.828,0.076413006,4.4013677
3829,3.829,0.071235746,7.682426
3830,3.83,0.06499308,4.453361
3831,3.831,0.05959742,4.4424195
3832,3.832,0.052344408,4.4136367
3833,3.833,0.06592083,4.4548244
3834,3.834,0.063171715,4.4136667
3835,3.835,0.06731361,4.444521
3836,3.836,0.06413062,4.4321427
3837,3.837,0.072895475,4.4169297
3838,3.838,0.075069405,4.4028435
3839,3.839,0.073873915,7.712822
3840,3.84,0.0830332,7.6694922
3841,3.841,0.08389788,7.67757
3842,3.842,0.067040674,4.4462795
3843,3.843,0.06262392,4.4076843
3844,3.844,0.06225538,4.421902
3845,3.845,0.056572147,4.4508524
3846,3.846,0.06248129,4.4452024
3847,3.847,0.06931397,4.4179153
3848,3.848,0.05642513,4.4366903
3849,3.849,0.057948608,4.3842854
3850,3.85,0.052204344,4.4100947
3851,3.851,0.06691299,4.4280477
3852,3.852,0.05772947,4.4173594
3853,3.853,0.053650476,4.424987
3854,3.854,0.056744814,4.417646
3855,3.855,0.053945545,4.393909
3856,3.856,0.047454208,4.4201255
3857,3.857,0.054237872,4.434452
3858,3.858,0.055654388,4.436516
3859,3.859,0.05541175,4.405845
3860,3.86,0.06297662,4.44944
3861,3.861,0.0586032,4.46677
3862,3.862,0.05919342,4.449905
3863,3.863,0.07119168,4.4711967
3864,3.864,0.06636825,4.442032
3865,3.865,0.07116489,4.4783416
3866,3.866,0.06989033,4.440236
3867,3.867,0.06519724,4.4181566
3868,3.868,0.057935864,4.4229293
3869,3.869,0.057386335,4.4381685
3870,3.87,0.069455855,4.4250445
3871,3.871,0.064793974,4.437906
3872,3.872,0.06357075,4.4347925
3873,3.873,0.085035674,7.6204844
3874,3.874,0.07752653,7.573165
3875,3.875,0.076085396,7.524211
3876,3.876,0.075706,7.493204
3877,3.877,0.07585215,7.4397984
3878,3.878,0.0764267,7.343022
3879,3.879,0.07277468,7.4190683
3880,3.88,0.071799256,7.309503
3881,3.881,0.05980251,7.397415
3882,3.882,0.06949747,7.4311337
3883,3.883,0.069229595,7.296002
3884,3.884,0.06985687,7.292719
3885,3.885,0.07775081,7.296976
3886,3.886,0.07506531,7.3028817
3887,3.887,0.078641504,7.2405515
3888,3.888,0.08380763,7.189139
3889,3.889,0.08241214,7.1692443
3890,3.89,0.07795233,7.189577
3891,3.891,0.0734697,7.2093434
3892,3.892,0.067343764,7.225558
3893,3.893,0.07798075,7.204057
3894,3.894,0.07470461,7.169641
3895,3.895,0.07091979,7.2739573
3896,3.896,0.064788274,7.2857604
3897,3.897,0.06729807,7.2923446
3898,3.898,0.065911494,7.4068685
3899,3.899,0.05371695,7.3603954
3900,3.9,0.052849755,7.3148317
3901,3.901,0.061099198,7.279906
3902,3.902,0.056577586,7.258997
3903,3.903,0.05652101,7.241673
3904,3.904,0.059117492,7.1822596
3905,3.905,0.06208516,7.2879677
3906,3.906,0.058132,7.246426
3907,3.907,0.07050911,7.2576365
3908,3.908,0.07349482,7.362563
3909,3.909,0.06925625,7.261387
3910,3.91,0.06918603,7.250362
3911,3.911,0.0599669,7.2027597
3912,3.912,0.068122245,7.179958
3913,3.913,0.068768576,7.190345
3914,3.914,0.06760183,7.207588
3915,3.915,0.07263165,7.2381244
3916,3.916,0.075590506,7.2096047
3917,3.917,0.06650994,7.233385
3918,3.918,0.07675686,7.2580266
3919,3.919,0.082056,7.2741346
3920,3.92,0.07905041,7.317162
3921,3.921,0.07013025,7.3492913
3922,3.922,0.06666886,7.3848987
3923,3.923,0.059110206,7.295523
3924,3.924,0.06535653,7.3616295
3925,3.925,0.074141614,7.3841715
3926,3.926,0.074484386,7.362708
3927,3.927,0.07750113,7.3890367
3928,3.928,0.068635136,7.4291
3929,3.929,0.06735473,7.4506493
3930,3.93,0.06781265,7.45123
3931,3.931,0.06642478,7.405678
3932,3.932,0.080888465,7.48306
3933,3.933,0.06224352,7.445539
3934,3.934,0.07061898,7.4237704
3935,3.935,0.065381005,7.406584
3936,3.936,0.065654285,7.3202357
3937,3.937,0.0735124,7.3788934
3938,3.938,0.06802011,7.3770466
3939,3.939,0.060175844,7.3678136
3940,3.94,0.06974581,7.3303113
3941,3.941,0.06575261,7.2728324
3942,3.942,0.07343452,7.3542995
3943,3.943,0.06917802,4.3903613
3944,3.944,0.057139203,4.4527907
3945,3.945,0.057700686,7.4049907
3946,3.946,0.059144545,7.3316545
3947,3.947,0.06919759,7.3443995
3948,3.948,0.061398555,7.341037
3949,3.949,0.06636269,7.2891717
3950,3.95,0.07868843,7.338793
3951,3.951,0.08246066,7.3992124
3952,3.952,0.0822395,7.454187
3953,3.953,0.08811296,4.447405
3954,3.954,0.09127056,7.400908
3955,3.955,0.082458414,7.4668145
3956,3.956,0.08645714,4.4641066
3957,3.957,0.087975286,7.43982
3958,3.958,0.07130826,7.3821297
3959,3.959,0.06432125,7.38522
3960,3.96,0.07238897,7.4156904
3961,3.961,0.06883475,7.409819
3962,3.962,0.07031163,4.4472795
3963,3.963,0.068645895,4.4225082
3964,3.964,0.06819176,4.447937
3965,3.965,0.055312842,7.4452643
3966,3.966,0.058132,4.455822
3967,3.967,0.06426862,7.4181437
3968,3.968,0.06518308,7.289878
3969,3.969,0.06684306,7.2647915
3970,3.97,0.056629762,7.2766128
3971,3.971,0.05401849,7.296295
3972,3.972,0.06196513,7.292636
3973,3.973,0.05871019,7.421188
3974,3.974,0.061220925,7.4264603
3975,3.975,0.052686516,7.432472
3976,3.976,0.057052996,7.458475
3977,3.977,0.058554884,4.450305
3978,3.978,0.058751047,4.4404535
3979,3.979,0.064234145,4.4307027
3980,3.98,0.06825489,4.49975
3981,3.981,0.061681494,4.469372
3982,3.982,0.06514248,4.455678
3983,3.983,0.062503934,4.4186645
3984,3.984,0.061142486,4.431164
3985,3.985,0.056935325,4.42968
3986,3.986,0.05782212,4.4306283
3987,3.987,0.06440347,4.4172378
3988,3.988,0.06616956,4.4744635
3989,3.989,0.0715847,4.463276
3990,3.99,0.06694332,4.490894
3991,3.991,0.062790714,4.499067
3992,3.992,0.060235117,4.4628797
3993,3.993,0.06413829,4.516588
3994,3.994,0.07269093,4.527252
3995,3.995,0.063884534,4.487395
3996,3.996,0.061133426,4.5078297
3997,3.997,0.07352495,4.5246425
3998,3.998,0.06853556,4.473474
3999,3.999,0.067343764,4.462874
4000,4.0,0.07035624,7.3010387
4001,4.001,0.08363713,4.475383
4002,4.002,0.08442571,4.4425683
4003,4.003,0.078684516,7.3204947
4004,4.004,0.06770914,4.491333
4005,4.005,0.07563851,4.469806
4006,4.006,0.06002023,7.1171517
4007,4.007,0.07887743,7.1138916
4008,4.008,0.079146855,7.2317185
4009,4.009,0.06775184,7.1560054
4010,4.01,0.062174287,7.124371
4011,4.011,0.06796129,7.027267
4012,4.012,0.069591254,6.9932523
4013,4.013,0.072001204,6.9629197
4014,4.014,0.08366141,6.9412384
4015,4.015,0.084750116,7.030751
4016,4.016,0.090569474,7.010433
4017,4.017,0.09732428,7.082984
4018,4.018,0.08122246,7.136668
4019,4.019,0.09548429,7.1870055
4020,4.02,0.080569126,4.472658
4021,4.021,0.08338959,4.481298
4022,4.022,0.07499232,7.1354985
4023,4.023,0.080519475,7.141025
4024,4.024,0.07827607,4.5031323
4025,4.025,0.0823083,4.4684534
4026,4.026,0.084341854,7.121078
4027,4.027,0.07575475,4.4580793
4028,4.028,0.075883776,4.4813013
4029,4.029,0.08798718,4.5014677
4030,4.03,0.070345744,4.505429
4031,4.031,0.08973274,4.54603
4032,4.032,0.08455824,4.4677143
4033,4.033,0.07705926,4.481119
4034,4.034,0.06997743,7.0845537
4035,4.035,0.073704645,4.4799523
4036,4.036,0.065923624,4.4640594
4037,4.037,0.066944234,4.5270133
4038,4.038,0.06712597,4.4740143
4039,4.039,0.067094795,4.4890637
4040,4.04,0.06865575,4.485554
4041,4.041,0.07460984,4.4927163
4042,4.042,0.07219919,4.489505
4043,4.043,0.08012498,4.5041914
4044,4.044,0.06776818,4.4907537
4045,4.045,0.06925536,4.4351296
4046,4.046,0.07095188,4.4507585
4047,4.047,0.079473466,4.4350386
4048,4.048,0.07075477,4.470596
4049,4.049,0.06850323,4.432104
4050,4.05,0.06590403,4.434655
4051,4.051,0.07278313,4.4518633
4052,4.052,0.071022086,4.426081
4053,4.053,0.056193486,4.462778
4054,4.054,0.06902755,7.1939793
4055,4.055,0.06700487,7.247042
4056,4.056,0.07940763,7.208682
4057,4.057,0.08069046,4.4487305
4058,4.058,0.08647066,7.305134
4059,4.059,0.07574256,4.4593315
4060,4.06,0.07731753,4.4495296
4061,4.061,0.08540173,4.4880676
4062,4.062,0.06531321,4.4455814
4063,4.063,0.08521059,4.484471
4064,4.064,0.06890444,4.4500804
4065,4.065,0.08008811,7.2344704
4066,4.066,0.07100476,7.222403
4067,4.067,0.07819899,7.2288566
4068,4.068,0.0695886,7.2050395
4069,4.069,0.07362028,7.1982436
4070,4.07,0.08989031,7.246913
4071,4.071,0.09325714,7.2312107
4072,4.072,0.073362425,7.429928
4073,4.073,0.06627734,7.3895917
4074,4.074,0.06560272,4.466038
4075,4.075,0.064874634,4.459359
4076,4.076,0.07851152,4.5019584
4077,4.077,0.08346039,4.4749007
4078,4.078,0.09722688,4.447615
4079,4.079,0.09275039,4.464128
4080,4.08,0.091979004,4.464014
4081,4.081,0.102517605,4.3883443
4082,4.082,0.08855387,4.39414
4083,4.083,0.093156144,4.4506817
4084,4.084,0.09709516,7.359104
4085,4.085,0.08884174,4.4248505
4086,4.086,0.09741212,7.314685
4087,4.087,0.08676971,7.32467
4088,4.088,0.083935276,7.290286
4089,4.089,0.09091325,7.315502
4090,4.09,0.09097278,7.3374853
4091,4.091,0.07630262,7.478991
4092,4.092,0.075489506,7.4533887
4093,4.093,0.07936965,7.392292
4094,4.094,0.08090064,7.3990545
4095,4.095,0.09132447,7.4861193
4096,4.096,0.0838546,7.5092087
4097,4.097,0.09107282,7.4359956
4098,4.098,0.09953646,4.5236244
4099,4.099,0.092874356,4.5115657
4100,4.1,0.09303322,4.486925
4101,4.101,0.101662405,4.487801
4102,4.102,0.112778276,7.383246
4103,4.103,0.10186374,7.405394
4104,4.104,0.09959393,4.469553
4105,4.105,0.097751334,4.4499187
4106,4.106,0.085543536,4.4783278
4107,4.107,0.08780377,4.5131264
4108,4.108,0.095692836,4.4833436
4109,4.109,0.08643294,4.4653134
4110,4.11,0.08265963,4.4417796
4111,4.111,0.07925018,4.444079
4112,4.112,0.08187133,4.48482
4113,4.113,0.09842127,4.4771624
4114,4.114,0.08179314,4.513172
4115,4.115,0.09574683,4.4608827
4116,4.116,0.099843204,4.4904795
4117,4.117,0.10511873,4.4878535
4118,4.118,0.12372405,4.482298
4119,4.119,0.101692066,4.4101763
4120,4.12,0.12386719,4.4308004
4121,4.121,0.10549791,4.4054914
4122,4.122,0.107952096,4.3971796
4123,4.123,0.113988385,4.3853135
4124,4.124,0.11589934,4.357665
4125,4.125,0.12701562,4.3565965
4126,4.126,0.10125003,6.9818535
4127,4.127,0.10048756,4.354902
4128,4.128,0.1005353,4.358203
4129,4.129,0.10254461,4.3910494
4130,4.13,0.102760985,4.3321447
4131,4.131,0.12804806,4.351
4132,4.132,0.12097429,6.832241
4133,4.133,0.10449234,4.40374
4134,4.134,0.116691865,6.845889
4135,4.135,0.13274948,6.782724
4136,4.136,0.12343479,4.3484855
4137,4.137,0.13843074,4.3588905
4138,4.138,0.13446671,6.7790265
4139,4.139,0.12672222,4.366905
4140,4.14,0.13125655,6.849119
4141,4.141,0.12303537,6.7301736
4142,4.142,0.13160904,4.3441505
4143,4.143,0.10594255,6.851781
4144,4.144,0.107928716,4.3696246
4145,4.145,0.101265825,6.882057
4146,4.146,0.1046653,6.9473634
4147,4.147,0.09688964,4.3724637
4148,4.148,0.104330875,4.433232
4149,4.149,0.09241079,4.4410987
4150,4.15,0.10789565,4.396953
4151,4.151,0.10439455,4.442901
4152,4.152,0.08711293,4.4472833
4153,4.153,0.08001202,4.4411964
4154,4.154,0.112858444,4.457617
4155,4.155,0.10865087,4.483073
4156,4.156,0.082978345,4.4020004
4157,4.157,0.086408734,4.459306
4158,4.158,0.08117245,4.4424553
4159,4.159,0.08943329,4.4368906
4160,4.16,0.08902507,4.3987546
4161,4.161,0.077403426,4.436863
4162,4.162,0.0746972,4.4275227
4163,4.163,0.07583836,4.3956203
4164,4.164,0.08484154,4.4696126
4165,4.165,0.08845654,4.4090347
4166,4.166,0.08529792,4.4735985
4167,4.167,0.09361076,4.490863
4168,4.168,0.08555576,4.4841084
4169,4.169,0.0898232,4.4759245
4170,4.17,0.09504252,6.9918256
4171,4.171,0.09098834,6.958639
4172,4.172,0.08852885,6.989804
4173,4.173,0.0946702,7.049942
4174,4.174,0.08556943,4.533003
4175,4.175,0.0889421,4.471039
4176,4.176,0.106143884,4.4583693
4177,4.177,0.09355225,4.46227
4178,4.178,0.08664766,4.480871
4179,4.179,0.090794735,4.478157
4180,4.18,0.106310695,4.4736547
4181,4.181,0.10167149,4.469092
4182,4.182,0.101135716,4.4735026
4183,4.183,0.10288007,4.4547176
4184,4.184,0.09218013,4.472039
4185,4.185,0.1071265,4.4531727
4186,4.186,0.10180031,4.4411597
4187,4.187,0.080429256,4.426607
4188,4.188,0.0878227,4.4057717
4189,4.189,0.08870312,4.418746
4190,4.19,0.08872185,4.439962
4191,4.191,0.09626786,4.452047
4192,4.192,0.095906064,4.429382
4193,4.193,0.10928721,4.4437656
4194,4.194,0.102365054,4.4685087
4195,4.195,0.10893421,4.455638
4196,4.196,0.09674156,4.4409556
4197,4.197,0.10979777,4.4328523
4198,4.198,0.10878839,4.442023
4199,4.199,0.098388135,4.44744
4200,4.2,0.09894065,4.4810543
4201,4.201,0.09816651,4.493078
4202,4.202,0.10466413,7.1204677
4203,4.203,0.10255001,7.1456227
4204,4.204,0.10427188,7.1852922
4205,4.205,0.08928456,7.20797
4206,4.206,0.080193296,7.2769756
4207,4.207,0.1066643,7.2538443
4208,4.208,0.10035399,4.479568
4209,4.209,0.11235193,7.25717
4210,4.21,0.11826256,4.4346633
4211,4.211,0.10561449,7.189069
4212,4.212,0.10461238,7.1711597
4213,4.213,0.10676174,4.4369035
4214,4.214,0.09690805,4.461628
4215,4.215,0.102901,4.460871
4216,4.216,0.10342048,7.1712413
4217,4.217,0.10454296,4.3981338
4218,4.218,0.10804894,4.4739776
4219,4.219,0.1142741,4.443662
4220,4.22,0.10555505,7.077642
4221,4.221,0.10715119,4.4342093
4222,4.222,0.08848923,4.438482
4223,4.223,0.091274604,4.480635
4224,4.224,0.10207011,4.4243026
4225,4.225,0.09001548,4.4329104
4226,4.226,0.10502152,7.0925746
4227,4.227,0.102933876,4.4630046
4228,4.228,0.092483334,4.4382205
4229,4.229,0.1010426,4.4553022
4230,4.23,0.108976565,4.441043
4231,4.231,0.10918526,4.4646754
4232,4.232,0.09915868,4.462456
4233,4.233,0.11386957,4.482299
4234,4.234,0.113645114,4.437205
4235,4.235,0.116576865,4.4479723
4236,4.236,0.102482796,4.4434204
4237,4.237,0.101709,4.4516006
4238,4.238,0.10235844,4.432075
4239,4.239,0.09985491,4.4144983
4240,4.24,0.099179775,4.3758254
4241,4.241,0.10227185,4.408509
4242,4.242,0.098945,4.433866
4243,4.243,0.09125775,4.4239516
4244,4.244,0.0941521,4.488939
4245,4.245,0.09081913,4.5163183
4246,4.246,0.10148856,4.4804516
4247,4.247,0.10526554,4.4499903
4248,4.248,0.08914801,4.491823
4249,4.249,0.09990235,4.445091
4250,4.25,0.10288365,4.4640064
4251,4.251,0.108805925,4.4560475
4252,4.252,0.10077859,4.4545584
4253,4.253,0.09928146,4.4348435
4254,4.254,0.09576547,4.456177
4255,4.255,0.08817369,4.4791026
4256,4.256,0.090263255,4.449938
4257,4.257,0.10122572,4.433469
4258,4.258,0.11078463,4.4094076
4259,4.259,0.08730977,4.4537196
4260,4.26,0.096286386,4.4499245
4261,4.261,0.099309966,4.4410477
4262,4.262,0.093895584,4.475817
4263,4.263,0.099426374,4.4489474
4264,4.264,0.10156734,4.4346395
4265,4.265,0.09286707,4.477692
4266,4.266,0.10294165,4.50127
4267,4.267,0.10907758,4.4818063
4268,4.268,0.09968285,4.467555
4269,4.269,0.11175948,6.9627066
4270,4.27,0.10645181,4.4475484
4271,4.271,0.097317964,4.468376
4272,4.272,0.09530305,4.4615946
4273,4.273,0.097216755,4.455274
4274,4.274,0.09542177,4.48892
4275,4.275,0.08588379,4.480146
4276,4.276,0.093294084,4.468329
4277,4.277,0.08113606,4.4606166
4278,4.278,0.08644504,4.4312935
4279,4.279,0.086326815,4.469048
4280,4.28,0.07713508,4.4800167
4281,4.281,0.092508614,4.444775
4282,4.282,0.08997514,4.489103
4283,4.283,0.08831801,4.50626
4284,4.284,0.09118153,4.515124
4285,4.285,0.08863304,4.465144
4286,4.286,0.08392061,4.429131
4287,4.287,0.08407517,4.4528694
4288,4.288,0.085862294,4.446545
4289,4.289,0.08087325,4.4457555
4290,4.29,0.07666622,4.44139
4291,4.291,0.07194735,4.4202967
4292,4.292,0.078353055,4.450979
4293,4.293,0.075159505,4.3855977
4294,4.294,0.06901151,4.408013
4295,4.295,0.07373386,4.452707
4296,4.296,0.06853376,4.471065
4297,4.297,0.07010832,4.4103656
4298,4.298,0.07830043,4.4298177
4299,4.299,0.08103894,4.4331865
4300,4.3,0.07139018,4.4595366
4301,4.301,0.07265198,4.5106497
4302,4.302,0.07603039,4.4937015
4303,4.303,0.07718053,4.436627
4304,4.304,0.06783352,4.4701185
4305,4.305,0.07532959,4.524962
4306,4.306,0.08618558,4.499191
4307,4.307,0.090112485,4.5695133
4308,4.308,0.07918649,4.503448
4309,4.309,0.094120726,4.5412354
4310,4.31,0.08292865,4.544765
4311,4.311,0.082597084,4.5395308
4312,4.312,0.08448836,4.569989
4313,4.313,0.096398786,4.525857
4314,4.314,0.08043308,4.49143
4315,4.315,0.08926664,4.540128
4316,4.316,0.08967512,4.549498
4317,4.317,0.08635176,4.538624
4318,4.318,0.07026961,4.4831095
4319,4.319,0.074475296,4.5489755
4320,4.32,0.07593889,4.5116725
4321,4.321,0.08183375,4.524588
4322,4.322,0.07823754,4.504774
4323,4.323,0.070601545,4.5577555
4324,4.324,0.07464858,4.4788156
4325,4.325,0.07197043,4.5104394
4326,4.326,0.08104425,4.4833355
4327,4.327,0.061984986,4.440234
4328,4.328,0.057445273,4.4751916
4329,4.329,0.056735054,4.4118032
4330,4.33,0.06996248,4.4635243
4331,4.331,0.06906587,4.446581
4332,4.332,0.0637949,4.491238
4333,4.333,0.05678925,4.4634643
4334,4.334,0.054914292,4.436874
4335,4.335,0.05808541,4.4244423
4336,4.336,0.06624205,4.4637213
4337,4.337,0.058678742,4.445465
4338,4.338,0.05861265,4.398306
4339,4.339,0.07281862,4.416922
4340,4.34,0.07589512,4.4328403
4341,4.341,0.075327136,4.406454
4342,4.342,0.068718456,4.3990884
4343,4.343,0.061760247,4.3901
4344,4.344,0.06571517,4.426887
4345,4.345,0.06590776,4.4051757
4346,4.346,0.07097529,4.425702
4347,4.347,0.06509429,4.392421
4348,4.348,0.06655341,4.395813
4349,4.349,0.060916655,4.419682
4350,4.35,0.057873175,4.4098177
4351,4.351,0.060156412,4.437656
4352,4.352,0.05799,4.4717817
4353,4.353,0.06461901,4.473626
4354,4.354,0.067893356,4.499354
4355,4.355,0.07184979,4.406089
4356,4.356,0.061824966,4.462938
4357,4.357,0.07118823,4.448744
4358,4.358,0.06666425,4.4159217
4359,4.359,0.06700855,4.4402404
4360,4.36,0.07867983,4.46931
4361,4.361,0.06607372,4.481688
4362,4.362,0.059141424,4.49865
4363,4.363,0.06695527,4.468931
4364,4.364,0.060778126,4.485394
4365,4.365,0.05847392,4.4484153
4366,4.366,0.075456895,4.451281
4367,4.367,0.06343899,4.440492
4368,4.368,0.07025122,4.404416
4369,4.369,0.06303521,4.4527674
4370,4.37,0.07825405,4.4339347
4371,4.371,0.076686285,4.4375424
4372,4.372,0.09354173,4.510245
4373,4.373,0.08093409,4.4113693
4374,4.374,0.07619287,4.421213
4375,4.375,0.077095985,4.425235
4376,4.376,0.08785211,4.440115
4377,4.377,0.073919706,4.452958
4378,4.378,0.07797128,4.445711
4379,4.379,0.07186778,4.432746
4380,4.38,0.07020742,4.4628825
4381,4.381,0.06765096,4.415462
4382,4.382,0.05891942,4.425357
4383,4.383,0.07620822,4.4194555
4384,4.384,0.07176754,4.444603
4385,4.385,0.06457615,4.4229503
4386,4.386,0.0636375,4.4448786
4387,4.387,0.06704801,4.4560466
4388,4.388,0.058134116,4.4395695
4389,4.389,0.057555486,4.383522
4390,4.39,0.056322537,4.393914
4391,4.391,0.05714459,4.4020066
4392,4.392,0.050062522,4.4591312
4393,4.393,0.06377079,4.3880067
4394,4.394,0.05658085,4.4036217
4395,4.395,0.06363654,4.3907156
4396,4.396,0.06576477,4.45889
4397,4.397,0.061571673,4.4388156
4398,4.398,0.053336475,4.422157
4399,4.399,0.056253675,4.3960814
4400,4.4,0.05791356,4.435159
4401,4.401,0.06363847,4.431052
4402,4.402,0.060714316,4.396675
4403,4.403,0.060521465,4.4228463
4404,4.404,0.056563444,4.4465566
4405,4.405,0.06759,4.45552
4406,4.406,0.06261016,4.4072323
4407,4.407,0.05746562,4.4074874
4408,4.408,0.060185045,4.399085
4409,4.409,0.06732184,4.4498224
4410,4.41,0.060047902,4.4993753
4411,4.411,0.078894585,4.419467
4412,4.412,0.06600198,4.4275327
4413,4.413,0.07223667,4.421695
4414,4.414,0.06920292,4.465844
4415,4.415,0.06643589,4.4269514
4416,4.416,0.06583396,4.4516287
4417,4.417,0.06537348,4.4754443
4418,4.418,0.068115026,4.4550853
4419,4.419,0.06234525,4.4711604
4420,4.42,0.061471663,4.5161967
4421,4.421,0.06421594,4.4594593
4422,4.422,0.062284034,4.493835
4423,4.423,0.059240174,4.507556
4424,4.424,0.058141526,4.4745607
4425,4.425,0.059397835,4.4844503
4426,4.426,0.062233634,4.5018125
4427,4.427,0.06741955,4.492845
4428,4.428,0.061008498,4.482527
4429,4.429,0.07393136,4.5150604
4430,4.43,0.07121502,4.539696
4431,4.431,0.07119773,4.515933
4432,4.432,0.065562375,4.5361056
4433,4.433,0.06439869,4.538305
4434,4.434,0.06448557,4.515573
4435,4.435,0.058971606,4.521199
4436,4.436,0.05766869,4.4993763
4437,4.437,0.05432855,4.4616127
4438,4.438,0.060139023,4.4624557
4439,4.439,0.052216128,4.472492
4440,4.44,0.052475892,4.480104
4441,4.441,0.056027908,4.472847
4442,4.442,0.052138302,4.454566
4443,4.443,0.05530283,4.452809
4444,4.444,0.06314152,4.4890494
4445,4.445,0.059890926,4.5127206
4446,4.446,0.05965314,4.4969854
4447,4.447,0.059000812,4.4311547
4448,4.448,0.07006003,4.485489
4449,4.449,0.08354734,4.427685
4450,4.45,0.08523442,4.4500165
4451,4.451,0.07781172,4.47067
4452,4.452,0.07578155,4.414097
4453,4.453,0.076968186,4.41264
4454,4.454,0.07471532,4.3908844
4455,4.455,0.07473178,4.4061975
4456,4.456,0.06902934,4.476926
4457,4.457,0.08514414,4.4152536
4458,4.458,0.08377826,4.393194
4459,4.459,0.069762565,4.4212427
4460,4.46,0.073171794,4.4295535
4461,4.461,0.06532075,4.4131308
4462,4.462,0.061453644,4.4194818
4463,4.463,0.072831295,4.5099287
4464,4.464,0.07344541,4.4724164
4465,4.465,0.066723295,4.4200873
4466,4.466,0.071565785,4.481109
4467,4.467,0.05707564,4.453594
4468,4.468,0.052302077,4.4364047
4469,4.469,0.06603553,4.4466114
4470,4.47,0.06783533,4.4465246
4471,4.471,0.07075477,4.442548
4472,4.472,0.07555143,6.548261
4473,4.473,0.06477403,4.392491
4474,4.474,0.06659315,6.638372
4475,4.475,0.0773748,4.385884
4476,4.476,0.069210924,4.407634
4477,4.477,0.072146334,4.3991737
4478,4.478,0.061535686,4.3933086
4479,4.479,0.068742625,4.3758473
4480,4.48,0.08090748,4.3677816
4481,4.481,0.075356536,6.575733
4482,4.482,0.07601178,6.544665
4483,4.483,0.076234855,4.416876
4484,4.484,0.06580967,6.5499887
4485,4.485,0.07460076,4.432085
4486,4.486,0.07412584,4.416638
4487,4.487,0.070643365,4.389478
4488,4.488,0.06398943,4.4118032
4489,4.489,0.069955446,4.4579496
4490,4.49,0.06660146,4.439521
4491,4.491,0.07497098,4.4590487
4492,4.492,0.054587275,4.435603
4493,4.493,0.054912053,4.4446197
4494,4.494,0.058970563,4.3851514
4495,4.495,0.052304428,4.424736
4496,4.496,0.059555076,4.3899117
4497,4.497,0.061968107,4.4055166
4498,4.498,0.0627005,4.368983
4499,4.499,0.063196056,4.401534
4500,4.5,0.07054227,4.4072456
4501,4.501,0.06434325,4.4147124
4502,4.502,0.053500034,4.393277
4503,4.503,0.06257871,4.3959713
4504,4.504,0.074931584,4.418361
4505,4.505,0.05097836,4.4137053
4506,4.506,0.058889125,4.4115567
4507,4.507,0.06125006,4.4168453
4508,4.508,0.06764823,4.436996
4509,4.509,0.058522303,4.436996
4510,4.51,0.06794952,4.4161386
4511,4.511,0.062152512,4.4139233
4512,4.512,0.057545863,4.3938785
4513,4.513,0.06488791,4.415955
4514,4.514,0.06281913,4.413718
4515,4.515,0.0696107,4.434153
4516,4.516,0.070672974,4.371001
4517,4.517,0.07280933,4.378963
4518,4.518,0.06285438,4.3974624
4519,4.519,0.06870234,4.4081306
4520,4.52,0.06924825,4.39935
4521,4.521,0.07211306,4.4326096
4522,4.522,0.06646367,4.4496174
4523,4.523,0.07503251,4.4721932
4524,4.524,0.07051522,4.421746
4525,4.525,0.060730528,4.4212646
4526,4.526,0.06114651,4.3897276
4527,4.527,0.066763856,4.3848786
4528,4.528,0.06702782,4.386504
4529,4.529,0.06834497,4.3957486
4530,4.53,0.07228265,4.401584
4531,4.531,0.05659716,4.414603
4532,4.532,0.067687325,4.4059305
4533,4.533,0.06745696,4.4153185
4534,4.534,0.071145,4.4245687
4535,4.535,0.070089884,4.457208
4536,4.536,0.06875157,4.3976264
4537,4.537,0.076263905,4.3961506
4538,4.538,0.07322139,4.3915095
4539,4.539,0.073539175,4.42771
4540,4.54,0.07410592,4.3954415
4541,4.541,0.06646922,4.4402714
4542,4.542,0.06676662,4.445147
4543,4.543,0.06842235,4.418801
4544,4.544,0.06331473,4.3788743
4545,4.545,0.06618444,4.3804064
4546,4.546,0.067579985,4.443566
4547,4.547,0.07432396,4.411324
4548,4.548,0.076503135,4.413283
4549,4.549,0.0763816,4.4073305
4550,4.55,0.06258264,4.4006534
4551,4.551,0.07367459,4.384751
4552,4.552,0.07608459,4.416549
4553,4.553,0.06584892,4.4122834
4554,4.554,0.081286825,4.387255
4555,4.555,0.066177934,4.417324
4556,4.556,0.06105588,4.3536987
4557,4.557,0.060859058,4.3584914
4558,4.558,0.06614538,4.3738966
4559,4.559,0.07197385,4.3938646
4560,4.56,0.07010042,4.388644
4561,4.561,0.0654741,4.3759136
4562,4.562,0.07104028,4.3859806
4563,4.563,0.07123661,4.4162793
4564,4.564,0.07161306,4.4356914
4565,4.565,0.06301373,4.422735
4566,4.566,0.061023626,4.4167924
4567,4.567,0.06326612,6.551373
4568,4.568,0.0690017,4.397653
4569,4.569,0.068919614,4.375516
4570,4.57,0.06798392,4.3899083
4571,4.571,0.061829943,4.427199
4572,4.572,0.0747787,4.3949122
4573,4.573,0.068491556,4.3881993
4574,4.574,0.06948331,4.382413
4575,4.575,0.0644092,4.392445
4576,4.576,0.067170866,4.4217563
4577,4.577,0.058028184,4.427846
4578,4.578,0.052512225,4.417286
4579,4.579,0.06281227,4.414153
4580,4.58,0.06472652,4.391061
4581,4.581,0.057225283,4.4255033
4582,4.582,0.067206584,4.4702015
4583,4.583,0.06848527,4.4179187
4584,4.584,0.071024686,4.3554287
4585,4.585,0.0668449,4.391293
4586,4.586,0.06111128,4.3992853
4587,4.587,0.055273894,4.4147058
4588,4.588,0.06262981,4.396773
4589,4.589,0.05589818,4.4075847
4590,4.59,0.06048689,4.398654
4591,4.591,0.06613422,6.4500675
4592,4.592,0.054445073,4.4274187
4593,4.593,0.050255105,4.3955245
4594,4.594,0.05954991,4.3872776
4595,4.595,0.05868713,4.413636
4596,4.596,0.06588722,4.4081197
4597,4.597,0.06379201,4.4303727
4598,4.598,0.060440082,4.41222
4599,4.599,0.07254435,4.440539
4600,4.6,0.07497591,4.4279814
4601,4.601,0.06455519,4.395611
4602,4.602,0.068247676,4.4088163
4603,4.603,0.058038786,6.630641
4604,4.604,0.056514475,6.6097226
4605,4.605,0.057690024,6.621378
4606,4.606,0.061516687,6.6569705
4607,4.607,0.05497924,6.5650997
4608,4.608,0.06453803,6.4564476
4609,4.609,0.05403102,4.3824525
4610,4.61,0.061446633,4.3561654
4611,4.611,0.05340219,6.5627875
4612,4.612,0.055076517,4.3923836
4613,4.613,0.05885673,4.384251
4614,4.614,0.056312706,4.364416
4615,4.615,0.050838165,4.38446
4616,4.616,0.06308887,4.3693666
4617,4.617,0.05882536,4.3771987
4618,4.618,0.06661901,4.389378
4619,4.619,0.0688124,4.3771615
4620,4.62,0.06702874,4.3858495
4621,4.621,0.06891694,4.410107
4622,4.622,0.06466565,4.4121194
4623,4.623,0.07027224,4.3959937
4624,4.624,0.076589145,4.4191866
4625,4.625,0.07498658,4.4437594
4626,4.626,0.063690655,4.3666606
4627,4.627,0.07118909,4.366041
4628,4.628,0.07573525,4.389086
4629,4.629,0.06508579,4.372763
4630,4.63,0.07255028,4.3458767
4631,4.631,0.07362697,4.4084477
4632,4.632,0.07139191,4.4242573
4633,4.633,0.061978035,4.380863
4634,4.634,0.06681268,4.3698034
4635,4.635,0.07702972,4.3489523
4636,4.636,0.05650141,4.391295
4637,4.637,0.06017789,4.3503017
4638,4.638,0.05029794,4.365654
4639,4.639,0.066478476,4.359662
4640,4.64,0.05636949,4.3705463
4641,4.641,0.06044517,4.356922
4642,4.642,0.06319509,4.361029
4643,4.643,0.07077302,4.379235
4644,4.644,0.05831904,4.341658
4645,4.645,0.060668696,4.3860583
4646,4.646,0.07120983,4.382455
4647,4.647,0.056537334,4.363141
4648,4.648,0.06983485,4.330815
4649,4.649,0.07027136,4.331805
4650,4.65,0.06251477,4.376869
4651,4.651,0.0654929,4.3559155
4652,4.652,0.06473697,4.374658
4653,4.653,0.07131171,4.3680944
4654,4.654,0.07031775,4.404177
4655,4.655,0.07139967,4.319279
4656,4.656,0.08481398,4.3521447
4657,4.657,0.06305766,4.368751
4658,4.658,0.07296971,4.382257
4659,4.659,0.07204392,4.421311
4660,4.66,0.06649144,4.4127107
4661,4.661,0.059172627,4.377203
4662,4.662,0.057114433,4.3777475
4663,4.663,0.05692884,4.355348
4664,4.664,0.0545433,4.3647256
4665,4.665,0.06269854,4.381385
4666,4.666,0.063707076,4.388176
4667,4.667,0.06937431,4.422393
4668,4.668,0.06508579,4.4126177
4669,4.669,0.076376766,4.402375
4670,4.67,0.07675205,4.407897
4671,4.671,0.07264182,4.3980956
4672,4.672,0.070337,4.38083
4673,4.673,0.079431646,4.3273277
4674,4.674,0.08655672,4.405645
4675,4.675,0.08721458,4.363161
4676,4.676,0.08950068,4.3975677
4677,4.677,0.08550685,4.3868766
4678,4.678,0.09245405,4.3525047
4679,4.679,0.08627477,4.3880835
4680,4.68,0.079732396,4.411289
4681,4.681,0.08099337,4.385926
4682,4.682,0.093721114,4.36612
4683,4.683,0.08390595,4.3998394
4684,4.684,0.08072781,4.4294643
4685,4.685,0.086843416,4.409299
4686,4.686,0.09340613,4.3866963
4687,4.687,0.09449716,4.4510727
4688,4.688,0.08402466,4.3672004
4689,4.689,0.084047355,4.4036837
4690,4.69,0.0794572,4.402837
4691,4.691,0.091251,4.3822556
4692,4.692,0.08645643,4.3914847
4693,4.693,0.08305394,4.406155
4694,4.694,0.08128531,4.39585
4695,4.695,0.07903328,4.4079065
4696,4.696,0.08576909,4.41998
4697,4.697,0.08602909,4.415667
4698,4.698,0.09671548,4.373947
4699,4.699,0.09072016,4.433923
4700,4.7,0.08514703,4.420214
4701,4.701,0.089426406,4.4025397
4702,4.702,0.08251286,4.452678
4703,4.703,0.081151225,4.4121823
4704,4.704,0.08980128,4.461638
4705,4.705,0.07930683,4.447688
4706,4.706,0.080329746,4.4569464
4707,4.707,0.0817495,4.447527
4708,4.708,0.09514474,4.4710455
4709,4.709,0.07665338,4.4754324
4710,4.71,0.0891701,4.486768
4711,4.711,0.08581928,4.4575515
4712,4.712,0.08237032,4.427342
4713,4.713,0.08156716,4.442559
4714,4.714,0.07573931,4.4304023
4715,4.715,0.0894663,4.4340796
4716,4.716,0.0917533,4.444236
4717,4.717,0.087306246,4.3917933
4718,4.718,0.10506428,4.416537
4719,4.719,0.09507617,4.4231405
4720,4.72,0.09745885,4.456651
4721,4.721,0.10214483,4.4052653
4722,4.722,0.09247402,4.4549813
4723,4.723,0.08894349,4.4877214
4724,4.724,0.09129954,4.469918
4725,4.725,0.08412638,4.4831934
4726,4.726,0.08266187,4.4916663
4727,4.727,0.08031443,4.4527802
4728,4.728,0.09097481,4.4942555
4729,4.729,0.094798796,4.522468
4730,4.73,0.09486627,4.451301
4731,4.731,0.08115577,4.486344
4732,4.732,0.07756065,4.498942
4733,4.733,0.085524835,4.4703918
4734,4.734,0.09028847,4.473947
4735,4.735,0.08965523,4.4393015
4736,4.736,0.09087399,4.4765296
4737,4.737,0.0842864,4.455051
4738,4.738,0.09988695,4.4423227
4739,4.739,0.105243914,4.4561005
4740,4.74,0.09310395,4.4248424
4741,4.741,0.08882789,4.429697
4742,4.742,0.08441478,4.4498954
4743,4.743,0.08926802,4.413883
4744,4.744,0.09157408,4.420476
4745,4.745,0.09654802,4.4105506
4746,4.746,0.09360156,4.4101205
4747,4.747,0.081472054,4.4154983
4748,4.748,0.087112226,4.374808
4749,4.749,0.084341854,4.40993
4750,4.75,0.0820575,4.421776
4751,4.751,0.08824971,4.4238014
4752,4.752,0.0830732,4.420785
4753,4.753,0.0792789,4.447795
4754,4.754,0.08697651,4.4281163
4755,4.755,0.081163354,4.443331
4756,4.756,0.082908615,4.443751
4757,4.757,0.08322267,4.4276342
4758,4.758,0.08953505,4.4287143
4759,4.759,0.088461414,4.433231
4760,4.76,0.078859486,4.42927
4761,4.761,0.09807747,4.437415
4762,4.762,0.08228587,4.402504
4763,4.763,0.09009678,4.4041524
4764,4.764,0.08637241,4.4496446
4765,4.765,0.09976738,4.424456
4766,4.766,0.10194707,4.429773
4767,4.767,0.10368073,4.3729763
4768,4.768,0.10293328,4.4102407
4769,4.769,0.11438981,4.3811603
4770,4.77,0.11234317,4.3906126
4771,4.771,0.11067795,4.4271364
4772,4.772,0.10534442,4.439616
4773,4.773,0.0935963,4.4219885
4774,4.774,0.10434207,4.3722034
4775,4.775,0.08848436,4.4034286
4776,4.776,0.08235164,4.416625
4777,4.777,0.08603624,4.4016924
4778,4.778,0.09044779,4.421914
4779,4.779,0.08390815,4.4243193
4780,4.78,0.0943649,4.4233303
4781,4.781,0.10121356,4.4151983
4782,4.782,0.093334965,4.430271
4783,4.783,0.10535201,4.4497037
4784,4.784,0.1022935,4.427426
4785,4.785,0.10277296,4.4365005
4786,4.786,0.109552056,4.417647
4787,4.787,0.10698741,4.357565
4788,4.788,0.106491685,4.4204707
4789,4.789,0.11075408,4.3942175
4790,4.79,0.10495647,4.4766603
4791,4.791,0.11109521,4.473753
4792,4.792,0.11517937,4.496992
4793,4.793,0.11580958,4.4557586
4794,4.794,0.10979721,4.465156
4795,4.795,0.09763861,4.412166
4796,4.796,0.09076491,4.4433446
4797,4.797,0.08695387,4.4358096
4798,4.798,0.08728581,4.4117374
4799,4.799,0.089270085,4.409982
4800,4.8,0.09684771,4.396447
4801,4.801,0.10711501,4.49318
4802,4.802,0.1194954,4.462235
4803,4.803,0.10959586,4.39508
4804,4.804,0.09631386,4.37124
4805,4.805,0.109277636,4.3951855
4806,4.806,0.10593906,4.4244337
4807,4.807,0.10619314,4.3968463
4808,4.808,0.115957186,4.4326825
4809,4.809,0.11179636,4.450662
4810,4.81,0.10248999,4.4141026
4811,4.811,0.10374124,4.4258723
4812,4.812,0.11034891,4.3952293
4813,4.813,0.118452825,4.4323497
4814,4.814,0.10549966,4.4173136
4815,4.815,0.092642196,4.4128127
4816,4.816,0.1145258,4.409315
4817,4.817,0.1226186,4.4220176
4818,4.818,0.10806602,4.415239
4819,4.819,0.11053053,4.4101887
4820,4.82,0.11210577,4.4228845
4821,4.821,0.10808538,4.4138207
4822,4.822,0.10768502,4.3996716
4823,4.823,0.105349675,4.4240327
4824,4.824,0.10591932,4.4085283
4825,4.825,0.096762545,4.4309764
4826,4.826,0.108784996,4.428977
4827,4.827,0.0994938,4.4047832
4828,4.828,0.094927214,4.423378
4829,4.829,0.09435186,4.4281836
4830,4.83,0.10134782,4.459302
4831,4.831,0.10172714,4.4361606
4832,4.832,0.10335681,4.469796
4833,4.833,0.10170295,4.4571033
4834,4.834,0.0905586,4.428101
4835,4.835,0.08885144,4.4411507
4836,4.836,0.07465188,4.444491
4837,4.837,0.08498067,4.4006853
4838,4.838,0.09107755,4.398976
4839,4.839,0.097685225,4.4558144
4840,4.84,0.101855285,4.4336915
4841,4.841,0.10604181,4.439223
4842,4.842,0.09490971,4.4614234
4843,4.843,0.10375429,4.4750504
4844,4.844,0.09302594,4.492822
4845,4.845,0.093104616,4.479032
4846,4.846,0.09930687,4.4657884
4847,4.847,0.095696054,4.496203
4848,4.848,0.08544278,4.450094
4849,4.849,0.096998796,4.440568
4850,4.85,0.10283401,4.482075
4851,4.851,0.09308479,4.502787
4852,4.852,0.08870451,4.497918
4853,4.853,0.086170584,4.472056
4854,4.854,0.092743754,4.460036
4855,4.855,0.09643388,4.4140286
4856,4.856,0.09023326,4.471176
4857,4.857,0.08502193,4.447808
4858,4.858,0.08581785,4.4459224
4859,4.859,0.09481956,4.4420547
4860,4.86,0.08698571,4.4463143
4861,4.861,0.09373885,4.5577264
4862,4.862,0.09747842,4.457133
4863,4.863,0.08819252,4.4839478
4864,4.864,0.09818469,4.4666057
4865,4.865,0.08909761,4.4052277
4866,4.866,0.087440744,4.487067
4867,4.867,0.089858815,4.422513
4868,4.868,0.09112213,4.4493957
4869,4.869,0.07778483,4.4394097
4870,4.87,0.084299535,4.4414115
4871,4.871,0.08346334,4.436731
4872,4.872,0.08493939,4.4360514
4873,4.873,0.07750351,4.4536724
4874,4.874,0.08116108,4.450714
4875,4.875,0.08845237,4.434938
4876,4.876,0.09307751,4.4820065
4877,4.877,0.08975948,4.4592085
4878,4.878,0.08428932,4.4365864
4879,4.879,0.09690424,4.464569
4880,4.88,0.101108335,4.4498134
4881,4.881,0.083291404,4.470296
4882,4.882,0.09450433,4.4825196
4883,4.883,0.09295514,4.4624352
4884,4.884,0.10136663,4.5124855
4885,4.885,0.09816526,4.4721246
4886,4.886,0.11703251,4.4513035
4887,4.887,0.101623066,4.5178003
4888,4.888,0.10757183,4.4774823
4889,4.889,0.10784946,4.470812
4890,4.89,0.106392264,4.5112085
4891,4.891,0.10238008,4.528644
4892,4.892,0.10083535,4.490079
4893,4.893,0.09435773,4.4924
4894,4.894,0.09170702,4.4600024
4895,4.895,0.10832533,4.502809
4896,4.896,0.103729375,4.4852834
4897,4.897,0.10771759,4.422196
4898,4.898,0.10703399,4.4689136
4899,4.899,0.10328475,4.4720874
4900,4.9,0.10928101,4.460256
4901,4.901,0.11274226,4.4497275
4902,4.902,0.0998241,4.4394
4903,4.903,0.10783405,4.450962
4904,4.904,0.098779455,4.440268
4905,4.905,0.109179065,4.4264507
4906,4.906,0.116161294,4.451959
4907,4.907,0.101288915,4.4900074
4908,4.908,0.09733819,4.446864
4909,4.909,0.10166725,4.414555
4910,4.91,0.09924303,4.3783917
4911,4.911,0.10472642,4.4405003
4912,4.912,0.10264656,4.3923945
4913,4.913,0.080349654,4.470723
4914,4.914,0.09086315,4.458608
4915,4.915,0.09404552,4.4557304
4916,4.916,0.09292734,4.427647
4917,4.917,0.09409719,4.4558563
4918,4.918,0.080841295,4.4854608
4919,4.919,0.09256047,4.4813166
4920,4.92,0.095696695,4.4637637
4921,4.921,0.090143204,4.4351034
4922,4.922,0.09046072,4.4463153
4923,4.923,0.09862798,4.4893847
4924,4.924,0.11245757,4.5050273
4925,4.925,0.10625107,4.4805365
4926,4.926,0.09763861,4.48445
4927,4.927,0.08646924,4.4619703
4928,4.928,0.09433164,4.4828787
4929,4.929,0.08861151,4.5097704
4930,4.93,0.08843149,4.500793
4931,4.931,0.09018756,4.5016546
4932,4.932,0.1010091,4.450194
4933,4.933,0.093060985,4.4503727
4934,4.934,0.10277536,4.4887915
4935,4.935,0.1046412,4.486513
4936,4.936,0.09704889,4.5063267
4937,4.937,0.09758818,4.464421
4938,4.938,0.09631194,4.500786
4939,4.939,0.09091392,4.4891057
4940,4.94,0.090364076,4.4596634
4941,4.941,0.093492374,4.4752493
4942,4.942,0.095337905,4.4785852
4943,4.943,0.09638793,4.4642253
4944,4.944,0.091122806,4.501638
4945,4.945,0.10676232,4.5252028
4946,4.946,0.10513102,4.480773
4947,4.947,0.09989927,4.537337
4948,4.948,0.10742989,4.488678
4949,4.949,0.10929453,4.540022
4950,4.95,0.111246854,4.5047565
4951,4.951,0.12512496,4.528921
4952,4.952,0.10925737,4.4896774
4953,4.953,0.111340284,4.4314346
4954,4.954,0.11075353,4.477521
4955,4.955,0.0928982,4.439463
4956,4.956,0.09587206,4.4861445
4957,4.957,0.08521637,4.4824615
4958,4.958,0.09676,4.4631643
4959,4.959,0.08746185,4.4584894
4960,4.96,0.109256804,4.432256
4961,4.961,0.10266394,4.4125795
4962,4.962,0.10543666,4.4665346
4963,4.963,0.114590794,4.453137
4964,4.964,0.105184846,4.438283
4965,4.965,0.10123848,4.472336
4966,4.966,0.10696958,4.4355206
4967,4.967,0.10652866,4.425808
4968,4.968,0.09844565,4.4953637
4969,4.969,0.094682544,4.404722
4970,4.97,0.08850313,4.469836
4971,4.971,0.08372463,4.4430647
4972,4.972,0.093793966,4.44841
4973,4.973,0.091085665,4.4629807
4974,4.974,0.09620328,4.439867
4975,4.975,0.089577645,4.462935
4976,4.976,0.09244074,4.446873
4977,4.977,0.09057423,4.4721537
4978,4.978,0.093454204,4.4834356
4979,4.979,0.09070999,4.464103
4980,4.98,0.09165198,4.463869
4981,4.981,0.09190339,4.409394
4982,4.982,0.08717648,4.3946457
4983,4.983,0.09094099,4.432153
4984,4.984,0.079099424,4.5185018
4985,4.985,0.08938856,4.4332604
4986,4.986,0.09907488,4.4022293
4987,4.987,0.07926493,4.483465
4988,4.988,0.08704369,4.431418
4989,4.989,0.07276622,4.449938
4990,4.99,0.083530396,4.504535
4991,4.991,0.08316277,4.456827
4992,4.992,0.087414704,4.432722
4993,4.993,0.09766759,4.460449
4994,4.994,0.09092814,4.439093
4995,4.995,0.08704228,4.446251
4996,4.996,0.08899328,4.4172926
4997,4.997,0.08358415,4.423208
4998,4.998,0.07014868,4.4249043
4999,4.999,0.08099413,4.416689
5000,5.0,0.08631327,4.4601984
5001,5.001,0.0874942,4.4792433
5002,5.002,0.09241678,4.4880805
5003,5.003,0.08779187,4.4074883
5004,5.004,0.08251361,4.3989806
5005,5.005,0.08085119,4.466453
5006,5.006,0.07821866,4.4279943
5007,5.007,0.082029745,4.4258223
5008,5.008,0.083178304,4.4236054
5009,5.009,0.08400342,4.4326205
5010,5.01,0.08511089,4.4660134
5011,5.011,0.08366067,4.46049
5012,5.012,0.08167344,4.4766994
5013,5.013,0.07977482,4.422566
5014,5.014,0.08734429,4.447137
5015,5.015,0.08087478,4.4173007
5016,5.016,0.08085195,4.439968
5017,5.017,0.07269516,4.4712486
5018,5.018,0.07415323,4.4795117
5019,5.019,0.06581341,4.48153
5020,5.02,0.0713005,4.4666424
5021,5.021,0.06571985,4.4758406
5022,5.022,0.06857953,4.4797254
5023,5.023,0.076220326,4.4611607
5024,5.024,0.07072954,4.4509735
5025,5.025,0.072258815,4.4659295
5026,5.026,0.06811593,4.471051
5027,5.027,0.06899902,4.4344063
5028,5.028,0.06726606,4.4586296
5029,5.029,0.07240172,4.430059
5030,5.03,0.07525032,4.410133
5031,5.031,0.08096602,4.4300046
5032,5.032,0.07000028,4.400064
5033,5.033,0.07110867,4.4195685
5034,5.034,0.076271966,4.4277697
5035,5.035,0.07492994,4.3899083
5036,5.036,0.08180367,4.4039197
5037,5.037,0.07900447,4.366902
5038,5.038,0.06630611,4.3780127
5039,5.039,0.067515306,4.3736796
5040,5.04,0.064974144,4.3862443
5041,5.041,0.069715805,4.401911
5042,5.042,0.07972468,4.387443
5043,5.043,0.07447364,4.416532
5044,5.044,0.078899264,4.4298487
5045,5.045,0.07837661,4.410538
5046,5.046,0.07705288,4.455303
5047,5.047,0.08295164,4.4716697
5048,5.048,0.07122106,4.4300523
5049,5.049,0.0804392,4.443207
5050,5.05,0.07513413,4.5160193
5051,5.051,0.06824858,4.4705186
5052,5.052,0.06612305,4.4348187
5053,5.053,0.06992377,4.448917
5054,5.054,0.07372635,4.4134374
5055,5.055,0.07768193,4.423026
5056,5.056,0.081926174,4.390482
5057,5.057,0.07727295,4.4214873
5058,5.058,0.06433273,4.3719068
5059,5.059,0.07172466,4.4030046
5060,5.06,0.07472356,4.4146843
5061,5.061,0.07953382,4.4148397
5062,5.062,0.07853894,4.4063234
5063,5.063,0.07496196,4.4023304
5064,5.064,0.06490024,4.37962
5065,5.065,0.06898654,4.427916
5066,5.066,0.07531325,4.4462996
5067,5.067,0.07718292,4.420592
5068,5.068,0.07868999,4.3993554
5069,5.069,0.09051851,4.4535213
5070,5.07,0.07884154,4.4460306
5071,5.071,0.084806,4.4255123
5072,5.072,0.08625551,4.3555536
5073,5.073,0.072297975,4.394262
5074,5.074,0.08140331,4.39493
5075,5.075,0.075839974,4.400821
5076,5.076,0.0690828,4.379075
5077,5.077,0.07180954,4.388223
5078,5.078,0.06897673,4.364542
5079,5.079,0.075923495,4.3920317
5080,5.08,0.06316295,4.4380493
5081,5.081,0.07533367,4.4182487
5082,5.082,0.06517081,4.4430947
5083,5.083,0.06905963,4.4285684
5084,5.084,0.06333319,4.430567
5085,5.085,0.05824831,4.4296165
5086,5.086,0.06677491,4.4015894
5087,5.087,0.07065295,4.3886967
5088,5.088,0.07403116,4.444358
5089,5.089,0.09207795,4.4085445
5090,5.09,0.07044451,4.416601
5091,5.091,0.073323,4.415995
5092,5.092,0.074481905,4.4364657
5093,5.093,0.0702337,4.4197874
5094,5.094,0.075035796,4.4801564
5095,5.095,0.06599918,4.4074707
5096,5.096,0.06459044,4.3922997
5097,5.097,0.06899724,4.4661045
5098,5.098,0.073070824,4.4307966
5099,5.099,0.08556727,4.4110584
5100,5.1,0.07849898,4.4432244
5101,5.101,0.067822635,4.394697
5102,5.102,0.069906175,4.3576884
5103,5.103,0.07635904,4.424576
5104,5.104,0.080246985,4.4082785
5105,5.105,0.07185151,4.363016
5106,5.106,0.07532959,4.4247336
5107,5.107,0.084930696,4.4048805
5108,5.108,0.091602966,4.392643
5109,5.109,0.078316145,4.426407
5110,5.11,0.07168691,4.453908
5111,5.111,0.06702415,4.4373407
5112,5.112,0.0688124,4.4128957
5113,5.113,0.06398462,4.3925705
5114,5.114,0.06450465,4.4111805
5115,5.115,0.07154773,4.4172463
5116,5.116,0.068522096,4.3893743
5117,5.117,0.07830592,4.375403
5118,5.118,0.064305946,4.377567
5119,5.119,0.07464941,4.3829265
5120,5.12,0.06971846,4.4028053
5121,5.121,0.07413829,4.3802094
5122,5.122,0.069070324,4.386098
5123,5.123,0.07943939,4.385747
5124,5.124,0.075523734,4.399845
5125,5.125,0.077756345,4.351998
5126,5.126,0.07609834,4.400169
5127,5.127,0.087954305,4.348513
5128,5.128,0.08445121,4.3941126
5129,5.129,0.096600264,4.3443985
5130,5.13,0.08349062,4.4281483
5131,5.131,0.08001509,4.3986926
5132,5.132,0.083728306,4.4122167
5133,5.133,0.072468825,4.3412046
5134,5.134,0.07504563,4.4172196
5135,5.135,0.07282708,4.3755927
5136,5.136,0.077336624,4.376836
5137,5.137,0.07773656,4.3730674
5138,5.138,0.07134536,4.3672075
5139,5.139,0.07152623,4.3951855
5140,5.14,0.06628384,4.446724
5141,5.141,0.07175382,4.389249
5142,5.142,0.0808801,4.446923
5143,5.143,0.07029325,4.387952
5144,5.144,0.071869485,4.4144306
5145,5.145,0.079861924,4.3884172
5146,5.146,0.07976402,4.429241
5147,5.147,0.063218445,4.3721256
5148,5.148,0.07127115,4.3438067
5149,5.149,0.07057627,4.3747773
5150,5.15,0.071860924,4.4049034
5151,5.151,0.06679978,4.3479447
5152,5.152,0.07133673,4.3908677
5153,5.153,0.06553516,4.441725
5154,5.154,0.07067558,4.3930435
5155,5.155,0.07131517,4.3953495
5156,5.156,0.067896985,4.347003
5157,5.157,0.07228946,4.4096355
5158,5.158,0.055343978,4.4135714
5159,5.159,0.0637428,4.3857803
5160,5.16,0.059748985,4.4032693
5161,5.161,0.0617453,4.4169135
5162,5.162,0.067481585,4.390409
5163,5.163,0.06582742,4.400615
5164,5.164,0.061116315,4.4118075
5165,5.165,0.06127216,4.3859534
5166,5.166,0.06108812,4.420718
5167,5.167,0.07171179,4.3979473
5168,5.168,0.06399808,4.3949294
5169,5.169,0.066725135,4.391433
5170,5.17,0.07237963,4.381222
5171,5.171,0.0779176,4.4113045
5172,5.172,0.072965495,4.425441
5173,5.173,0.06617421,4.450012
5174,5.174,0.06476548,4.4303856
5175,5.175,0.077309564,4.4345646
5176,5.176,0.069063194,4.4292502
5177,5.177,0.07254774,4.416241
5178,5.178,0.06440155,4.407414
5179,5.179,0.08157018,4.3976855
5180,5.18,0.07047594,4.374617
5181,5.181,0.07581077,4.3791704
5182,5.182,0.07997433,4.3790884
5183,5.183,0.07131689,4.3937545
5184,5.184,0.081407085,4.397079
5185,5.185,0.072987415,4.373097
5186,5.186,0.080349654,4.383239
5187,5.187,0.071208104,4.3739567
5188,5.188,0.065476924,4.386276
5189,5.189,0.067506194,4.3675437
5190,5.19,0.07191912,4.3866363
5191,5.191,0.061012533,4.364618
5192,5.192,0.066129565,4.3751884
5193,5.193,0.07458344,4.3876348
5194,5.194,0.06263767,4.4015656
5195,5.195,0.06393556,4.3886786
5196,5.196,0.070949286,4.3906517
5197,5.197,0.06384022,4.389471
5198,5.198,0.059364676,4.421002
5199,5.199,0.06796129,4.368947
5200,5.2,0.06871756,4.3665204
5201,5.201,0.07599153,4.392415
5202,5.202,0.07617026,4.377817
5203,5.203,0.0676355,4.409177
5204,5.204,0.069288224,4.392321
5205,5.205,0.06754811,4.39277
5206,5.206,0.06712505,4.3689523
5207,5.207,0.06759455,4.3989606
5208,5.208,0.07263674,4.426294
5209,5.209,0.06533864,4.4035826
5210,5.21,0.07186007,4.4031377
5211,5.211,0.07083125,4.372183
5212,5.212,0.07659958,4.3757186
5213,5.213,0.066211395,4.3988
5214,5.214,0.06707921,4.40428
5215,5.215,0.06674542,4.3980823
5216,5.216,0.069870956,4.3928375
5217,5.217,0.05908418,4.3866515
5218,5.218,0.057448484,4.428217
5219,5.219,0.059320096,4.4703827
5220,5.22,0.06116361,4.4119296
5221,5.221,0.056462195,4.4173064
5222,5.222,0.05902896,4.3650417
5223,5.223,0.061131414,4.4040265
5224,5.224,0.064584725,4.3743343
5225,5.225,0.0579571,4.40254
5226,5.226,0.06603553,4.3950734
5227,5.227,0.060480785,4.433201
5228,5.228,0.0722273,4.4306192
5229,5.229,0.056993652,4.4419117
5230,5.23,0.061785147,4.451471
5231,5.231,0.061361466,4.416026
5232,5.232,0.063711904,4.3842177
5233,5.233,0.06297955,4.410074
5234,5.234,0.059143506,4.433726
5235,5.235,0.06771732,4.425092
5236,5.236,0.0597253,4.459188
5237,5.237,0.06704435,4.4555736
5238,5.238,0.067173615,4.4962587
5239,5.239,0.06807707,4.4760585
5240,5.24,0.05930142,4.479079
5241,5.241,0.062214848,4.471136
5242,5.242,0.05912894,4.4331665
5243,5.243,0.058637835,4.4714556
5244,5.244,0.058763616,4.463667
5245,5.245,0.064959936,4.5119104
5246,5.246,0.073576815,4.4878573
5247,5.247,0.0669231,4.4775567
5248,5.248,0.06556425,4.4654403
5249,5.249,0.063544616,4.480668
5250,5.25,0.080701895,4.4635983
5251,5.251,0.067697324,4.4337068
5252,5.252,0.066475704,4.4643497
5253,5.253,0.07009954,4.4733825
5254,5.254,0.080054305,4.4564295
5255,5.255,0.06514343,4.482721
5256,5.256,0.065336764,4.4969873
5257,5.257,0.0681349,4.4299912
5258,5.258,0.06324959,4.408557
5259,5.259,0.06895978,4.4681106
5260,5.26,0.07822967,4.465548
5261,5.261,0.07255113,4.469829
5262,5.262,0.06155768,4.463534
5263,5.263,0.06634785,4.426237
5264,5.264,0.06783261,4.438052
5265,5.265,0.061716396,4.458837
5266,5.266,0.061268143,4.492634
5267,5.267,0.0595034,4.500435
5268,5.268,0.06541394,4.4349537
5269,5.269,0.061866753,4.4331822
5270,5.27,0.06707921,4.473551
5271,5.271,0.061649565,4.4488573
5272,5.272,0.06674726,4.4637985
5273,5.273,0.0710524,4.475451
5274,5.274,0.06964782,4.4881134
5275,5.275,0.056641713,4.467607
5276,5.276,0.056973133,4.4449744
5277,5.277,0.06269167,4.4470897
5278,5.278,0.061354443,4.4200773
5279,5.279,0.055793513,4.397055
5280,5.28,0.061510686,4.4459815
5281,5.281,0.05135714,4.443431
5282,5.282,0.05734665,4.381292
5283,5.283,0.071196005,4.4463005
5284,5.284,0.054918773,4.4249544
5285,5.285,0.07331461,4.4296346
5286,5.286,0.07018112,4.441187
5287,5.287,0.07178297,4.408415
5288,5.288,0.07311207,4.433524
5289,5.289,0.07275861,4.41953
5290,5.29,0.062534444,4.4232635
5291,5.291,0.0670471,4.4220915
5292,5.292,0.07859454,4.3980737
5293,5.293,0.069411546,4.441107
5294,5.294,0.0653923,4.450143
5295,5.295,0.05246182,4.436094
5296,5.296,0.0654224,4.367126
5297,5.297,0.06988769,4.394669
5298,5.298,0.081848785,4.3809195
5299,5.299,0.07045848,4.38492
5300,5.3,0.07103768,4.4437656
5301,5.301,0.06305766,4.4595737
5302,5.302,0.077183716,4.4015703
5303,5.303,0.06691299,4.3572717
5304,5.304,0.06714338,4.4399514
5305,5.305,0.06556801,4.4123306
5306,5.306,0.07144015,4.3836064
5307,5.307,0.06907656,4.4158916
5308,5.308,0.07437609,4.409384
5309,5.309,0.08239572,4.38797
5310,5.31,0.07223156,4.3821697
5311,5.311,0.076388046,4.38164
5312,5.312,0.08797109,4.414937
5313,5.313,0.070527434,4.3974094
5314,5.314,0.07241701,4.3379292
5315,5.315,0.066625476,4.405341
5316,5.316,0.06303326,4.367077
5317,5.317,0.056437124,4.367596
5318,5.318,0.059999723,4.369502
5319,5.319,0.058627345,4.393711
5320,5.32,0.072687544,4.414291
5321,5.321,0.060178913,4.3933816
5322,5.322,0.055285025,4.3966317
5323,5.323,0.06323402,4.414584
5324,5.324,0.07085382,4.3793063
5325,5.325,0.058221895,4.3885784
5326,5.326,0.05476957,4.438459
5327,5.327,0.05797727,4.435991
5328,5.328,0.06228502,4.422328
5329,5.329,0.07589675,4.479459
5330,5.33,0.08237779,4.432406
5331,5.331,0.07836326,4.464602
5332,5.332,0.07148837,4.5152516
5333,5.333,0.074949645,4.476146
5334,5.334,0.079049625,4.467974
5335,5.335,0.08871353,4.47037
5336,5.336,0.08316721,4.4805884
5337,5.337,0.072486654,4.4267564
5338,5.338,0.076647766,4.4354124
5339,5.339,0.064154595,4.4274564
5340,5.34,0.06709663,4.474728
5341,5.341,0.076810546,4.455203
5342,5.342,0.07628165,4.4696984
5343,5.343,0.068643205,4.4719515
5344,5.344,0.07147632,4.5092025
5345,5.345,0.06585079,4.5144773
5346,5.346,0.059453744,4.5137725
5347,5.347,0.058971606,4.5080166
5348,5.348,0.053109895,4.5178833
5349,5.349,0.051683165,4.500505
5350,5.35,0.054872822,4.499005
5351,5.351,0.05322793,4.497325
5352,5.352,0.051389474,4.448012
5353,5.353,0.054574877,4.4665155
5354,5.354,0.06197605,4.4966116
5355,5.355,0.0637177,4.433517
5356,5.356,0.055516027,4.455537
5357,5.357,0.063706115,4.4286804
5358,5.358,0.065508865,4.4414525
5359,5.359,0.0642284,4.4559035
5360,5.36,0.06722489,4.426989
5361,5.361,0.069423065,4.462738
5362,5.362,0.07221112,4.486216
5363,5.363,0.074642815,4.4712896
5364,5.364,0.07595752,4.4746394
5365,5.365,0.07609591,4.5699334
5366,5.366,0.06922337,4.4466
5367,5.367,0.06943282,4.4264193
5368,5.368,0.06585546,4.443996
5369,5.369,0.06370225,4.4183993
5370,5.37,0.069799595,4.4294233
5371,5.371,0.06600664,4.419277
5372,5.372,0.06991058,4.4219885
5373,5.373,0.07041743,4.44656
5374,5.374,0.08581355,4.453148
5375,5.375,0.076133095,4.4560585
5376,5.376,0.08609201,4.43436
5377,5.377,0.08314649,4.50472
5378,5.378,0.09343379,4.5344114
5379,5.379,0.09794752,4.514613
5380,5.38,0.085250296,4.5274467
5381,5.381,0.08054545,4.5070963
5382,5.382,0.08467022,4.4631763
5383,5.383,0.069838375,4.4809647
5384,5.384,0.07433637,4.5014477
5385,5.385,0.08155811,4.420705
5386,5.386,0.10411953,4.4241285
5387,5.387,0.101889715,4.466086
5388,5.388,0.10357386,4.4541817
5389,5.389,0.0909146,4.456454
5390,5.39,0.09257842,4.419805
5391,5.391,0.09194622,4.458104
5392,5.392,0.08435061,4.5272803
5393,5.393,0.09335473,4.4741488
5394,5.394,0.09804108,4.4919434
5395,5.395,0.10425713,4.4561625
5396,5.396,0.097606465,4.4791956
5397,5.397,0.091117404,4.481144
5398,5.398,0.091218635,4.4920397
5399,5.399,0.08060349,4.4250255
5400,5.4,0.07978562,4.5160446
5401,5.401,0.08413808,4.5079074
5402,5.402,0.08769159,4.534305
5403,5.403,0.08383479,4.5520024
5404,5.404,0.09736473,4.501117
5405,5.405,0.07672238,4.509342
5406,5.406,0.092184804,4.4748483
5407,5.407,0.082678236,4.507447
5408,5.408,0.090150714,4.4573965
5409,5.409,0.08905756,4.4595847
5410,5.41,0.084060535,4.483273
5411,5.411,0.100635014,4.49396
5412,5.412,0.09164997,4.4764605
5413,5.413,0.0898506,4.427815
5414,5.414,0.083184965,4.4111023
5415,5.415,0.09331782,4.4229836
5416,5.416,0.08891374,4.4425087
5417,5.417,0.08829781,4.479998
5418,5.418,0.0707452,4.467683
5419,5.419,0.07441579,4.470301
5420,5.42,0.077159,4.4791675
5421,5.421,0.09240279,4.493367
5422,5.422,0.077002555,4.4868674
5423,5.423,0.08344343,4.434552
5424,5.424,0.086618535,4.4510307
5425,5.425,0.083221935,4.4504385
5426,5.426,0.08469492,4.4653525
5427,5.427,0.08810039,4.4271026
5428,5.428,0.09611434,4.3859496
5429,5.429,0.088919275,4.42584
5430,5.43,0.08155433,4.42328
5431,5.431,0.072811864,4.437058
5432,5.432,0.08716448,4.458347
5433,5.433,0.08685759,4.491161
5434,5.434,0.08781499,4.4841785
5435,5.435,0.08538155,4.456979
5436,5.436,0.09059257,4.4947395
5437,5.437,0.08918389,4.553007
5438,5.438,0.08085119,4.503979
5439,5.439,0.08650196,4.5358844
5440,5.44,0.09140797,4.482258
5441,5.441,0.10364453,4.4767795
5442,5.442,0.096943595,4.497054
5443,5.443,0.098997846,4.5059614
5444,5.444,0.102766976,4.537938
5445,5.445,0.098169014,4.5210958
5446,5.446,0.09460389,4.475915
5447,5.447,0.07797601,4.4568872
5448,5.448,0.08913973,4.455946
5449,5.449,0.09135546,4.47108
5450,5.45,0.09552552,4.466408
5451,5.451,0.08754623,4.414712
5452,5.452,0.08459971,4.4539056
5453,5.453,0.09097955,4.4524255
5454,5.454,0.0859969,4.445871
5455,5.455,0.083928674,4.434272
5456,5.456,0.07878064,4.4122305
5457,5.457,0.0835893,4.4489202
5458,5.458,0.070347495,4.445452
5459,5.459,0.0671388,4.4203086
5460,5.46,0.06959921,4.3990245
5461,5.461,0.07086077,4.3968444
5462,5.462,0.08065233,4.388189
5463,5.463,0.0954237,4.3448567
5464,5.464,0.07997972,4.353236
5465,5.465,0.075998016,4.3580775
5466,5.466,0.07816673,4.342442
5467,5.467,0.0891901,4.371267
5468,5.468,0.07968994,4.3745966
5469,5.469,0.08836816,4.344971
5470,5.47,0.08356501,4.410083
5471,5.471,0.08712988,4.388903
5472,5.472,0.08590671,4.369368
5473,5.473,0.081653856,4.4356956
5474,5.474,0.09510206,4.3546476
5475,5.475,0.09581236,4.370152
5476,5.476,0.10219541,4.349609
5477,5.477,0.09423571,4.3881316
5478,5.478,0.09574555,4.3438077
5479,5.479,0.096691936,4.3354526
5480,5.48,0.095162205,4.3628373
5481,5.481,0.08865594,4.39814
5482,5.482,0.091188274,4.391576
5483,5.483,0.088184856,4.316367
5484,5.484,0.07477705,4.3216276
5485,5.485,0.08235388,4.3635616
5486,5.486,0.07979179,4.3684926
5487,5.487,0.079593375,4.3967075
5488,5.488,0.076991364,4.3597465
5489,5.489,0.07444555,4.3609133
5490,5.49,0.07862194,4.358808
5491,5.491,0.073432006,4.402208
5492,5.492,0.07702013,4.408108
5493,5.493,0.07637435,4.365248
5494,5.494,0.07904262,4.3665533
5495,5.495,0.08004662,4.3306417
5496,5.496,0.07531978,4.363486
5497,5.497,0.082947195,4.369539
5498,5.498,0.08785281,4.3342924
5499,5.499,0.07651922,4.33919
5500,5.5,0.075164415,4.3517146
5501,5.501,0.079852685,4.299198
5502,5.502,0.07250787,4.316202
5503,5.503,0.07262911,4.3948402
5504,5.504,0.07471944,4.351032
5505,5.505,0.084306836,4.381186
5506,5.506,0.081622206,4.380533
5507,5.507,0.08724068,4.3116107
5508,5.508,0.07220856,4.3288136
5509,5.509,0.07964669,4.3584833
5510,5.51,0.067569055,4.3149176
5511,5.511,0.074215434,4.4338574
5512,5.512,0.07001435,4.3850417
5513,5.513,0.059499264,4.3491673
5514,5.514,0.08639877,4.362698
5515,5.515,0.06689275,4.3902617
5516,5.516,0.06459235,4.3776894
5517,5.517,0.07161048,4.366096
5518,5.518,0.05991763,4.3767824
5519,5.519,0.075290374,4.383233
5520,5.52,0.08785071,4.433976
5521,5.521,0.09697786,4.3397417
5522,5.522,0.10473641,4.3625965
5523,5.523,0.102487594,4.3722553
5524,5.524,0.10997079,4.334993
5525,5.525,0.122360915,4.337679
5526,5.526,0.1105834,4.334596
5527,5.527,0.11260028,4.3299546
5528,5.528,0.10374954,4.333765
5529,5.529,0.103418104,4.3403134
5530,5.53,0.096240364,4.394814
5531,5.531,0.09232486,4.412205
5532,5.532,0.101215385,4.4400396
5533,5.533,0.1027532,4.4451265
5534,5.534,0.10012812,4.404253
5535,5.535,0.078829825,4.4071674
5536,5.536,0.086294025,4.4285684
5537,5.537,0.099073015,4.4436417
5538,5.538,0.09284918,4.4575133
5539,5.539,0.0884468,4.432398
5540,5.54,0.08339623,4.4652267
5541,5.541,0.08573249,4.4675145
5542,5.542,0.09028915,4.4094095
5543,5.543,0.08743512,4.42546
5544,5.544,0.079915844,4.520088
5545,5.545,0.097641125,4.517159
5546,5.546,0.08889851,4.4926414
5547,5.547,0.09387527,4.5862126
5548,5.548,0.08418999,4.5508666
5549,5.549,0.06613422,4.5178566
5550,5.55,0.071237475,4.5436425
5551,5.551,0.07710795,4.502119
5552,5.552,0.068377376,4.5357885
5553,5.553,0.085881636,4.491469
5554,5.554,0.07281862,4.4378414
5555,5.555,0.0782965,4.4735894
5556,5.556,0.084264494,4.4674883
5557,5.557,0.09885355,4.4584394
5558,5.558,0.0844534,4.4944444
5559,5.559,0.08896216,4.4665437
5560,5.56,0.08915975,4.447509
5561,5.561,0.08038258,4.514033
5562,5.562,0.08287224,4.475339
5563,5.563,0.08484154,4.5017214
5564,5.564,0.09276034,4.548202
5565,5.565,0.079427,4.552332
5566,5.566,0.077033706,4.495075
5567,5.567,0.074020356,4.439324
5568,5.568,0.076844186,4.451122
5569,5.569,0.07865715,4.445971
5570,5.57,0.067610934,4.369611
5571,5.571,0.07009164,4.409142
5572,5.572,0.0785123,4.3919005
5573,5.573,0.08108144,4.452026
5574,5.574,0.068919614,4.3983674
5575,5.575,0.078553826,4.418084
5576,5.576,0.07603686,4.4378443
5577,5.577,0.071486644,4.402083
5578,5.578,0.07270447,4.4247227
5579,5.579,0.083002806,4.4471173
5580,5.58,0.07403698,4.4363933
5581,5.581,0.07690981,4.4073877
5582,5.582,0.068210706,4.405076
5583,5.583,0.07178982,4.428311
5584,5.584,0.07299501,4.4180684
5585,5.585,0.07644038,4.409842
5586,5.586,0.06724868,4.4326067
5587,5.587,0.06603367,4.433368
5588,5.588,0.06823235,4.4394207
5589,5.589,0.06614817,4.4112816
5590,5.59,0.07158556,4.4821196
5591,5.591,0.07474249,4.402459
5592,5.592,0.098060526,4.4145784
5593,5.593,0.110005476,4.385251
5594,5.594,0.10470174,4.4437337
5595,5.595,0.088485055,4.378235
5596,5.596,0.087337956,4.3808413
5597,5.597,0.08711364,4.3682175
5598,5.598,0.08275337,4.3609595
5599,5.599,0.09323735,4.390505
5600,5.6,0.080796376,4.430821
5601,5.601,0.08304875,4.407011
5602,5.602,0.08290936,4.4260073
5603,5.603,0.07987348,4.3804336
5604,5.604,0.08969776,4.425958
5605,5.605,0.081082195,4.4109945
5606,5.606,0.08131331,4.426391
5607,5.607,0.08371655,4.4243455
5608,5.608,0.07906753,4.391297
5609,5.609,0.079553165,4.390398
5610,5.61,0.09666967,4.3943405
5611,5.611,0.084322885,4.398846
5612,5.612,0.07458592,4.393902
5613,5.613,0.07718053,4.372005
5614,5.614,0.07490448,4.3734317
5615,5.615,0.07935337,4.425677
5616,5.616,0.072240934,4.358739
5617,5.617,0.07587972,4.405143
5618,5.618,0.067925066,4.3811445
5619,5.619,0.06509997,4.3721895
5620,5.62,0.06825759,4.3758526
5621,5.621,0.06894193,4.3638644
5622,5.622,0.065156646,4.3716955
5623,5.623,0.06615096,4.3531923
5624,5.624,0.06580967,4.3397827
5625,5.625,0.06301276,4.35642
5626,5.626,0.06772277,4.3928976
5627,5.627,0.06620396,4.430435
5628,5.628,0.073794745,4.4198465
5629,5.629,0.08220732,4.399906
5630,5.63,0.08034659,4.392527
5631,5.631,0.0771271,4.4039283
5632,5.632,0.07011095,4.4134316
5633,5.633,0.07706006,4.394622
5634,5.634,0.07145738,4.4494085
5635,5.635,0.080788,4.4331465
5636,5.636,0.07549114,4.4070506
5637,5.637,0.08151132,4.37363
5638,5.638,0.072811864,4.4454627
5639,5.639,0.07584485,4.4235973
5640,5.64,0.07095882,4.3945217
5641,5.641,0.07062333,4.4367037
5642,5.642,0.07985808,4.43704
5643,5.643,0.07462798,4.4604354
5644,5.644,0.07470626,4.4600906
5645,5.645,0.07520206,4.458513
5646,5.646,0.08072324,4.4220576
5647,5.647,0.08232923,4.413057
5648,5.648,0.082434535,4.5056067
5649,5.649,0.09924055,4.46881
5650,5.65,0.096948035,4.4955983
5651,5.651,0.08954192,4.4846425
5652,5.652,0.0946728,4.463171
5653,5.653,0.10032701,4.4479136
5654,5.654,0.08546582,4.460179
5655,5.655,0.10024235,4.444162
5656,5.656,0.09950308,4.447088
5657,5.657,0.08829781,4.4460416
5658,5.658,0.08593034,4.4319673
5659,5.659,0.0908767,4.43968
5660,5.66,0.08948212,4.382812
5661,5.661,0.09955624,4.444093
5662,5.662,0.09815773,4.4399986
5663,5.663,0.11138338,4.4313974
5664,5.664,0.10778953,4.442965
5665,5.665,0.10254941,4.4360037
5666,5.666,0.08407956,4.438929
5667,5.667,0.10030003,4.431926
5668,5.668,0.105239816,4.4509296
5669,5.669,0.10898672,4.414747
5670,5.67,0.09876637,4.431931
5671,5.671,0.11529523,4.4270773
5672,5.672,0.12161242,4.4159265
5673,5.673,0.10534325,4.3886275
5674,5.674,0.0930795,4.394553
5675,5.675,0.08925768,4.38876
5676,5.676,0.08590671,4.3778877
5677,5.677,0.08381791,4.42105
5678,5.678,0.1008085,4.428735
5679,5.679,0.094848104,4.4188557
5680,5.68,0.094071686,4.4096904
5681,5.681,0.08770772,4.381938
5682,5.682,0.08962845,4.403503
5683,5.683,0.095864356,4.406231
5684,5.684,0.0909146,4.4220886
5685,5.685,0.09273181,4.3775334
5686,5.686,0.085471585,4.399609
5687,5.687,0.08852537,4.412789
5688,5.688,0.078568704,4.4228954
5689,5.689,0.081636526,4.4106297
5690,5.69,0.08608271,4.405852
5691,5.691,0.08880295,4.430105
5692,5.692,0.08900503,4.4057813
5693,5.693,0.09318718,4.4302897
5694,5.694,0.08290045,4.4256516
5695,5.695,0.08111103,4.396076
5696,5.696,0.08882235,4.4121075
5697,5.697,0.09961185,4.3943286
5698,5.698,0.09054501,4.427904
5699,5.699,0.08927973,4.3956003
5700,5.7,0.08560968,4.3822737
5701,5.701,0.09482605,4.396849
5702,5.702,0.107350826,4.4075933
5703,5.703,0.10578854,4.4398694
5704,5.704,0.108499,4.401567
5705,5.705,0.108148545,4.4122252
5706,5.706,0.09961493,4.448196
5707,5.707,0.1062858,4.4188976
5708,5.708,0.09868473,4.4129124
5709,5.709,0.10169267,4.4331303
5710,5.71,0.09957169,4.398627
5711,5.711,0.109190896,4.380921
5712,5.712,0.10360593,4.379075
5713,5.713,0.101878844,4.389995
5714,5.714,0.11670558,4.3991127
5715,5.715,0.11675196,4.3777595
5716,5.716,0.11247836,4.392918
5717,5.717,0.1224519,4.4212728
5718,5.718,0.1190466,4.4242454
5719,5.719,0.12234734,4.41132
5720,5.72,0.117246285,4.3865027
5721,5.721,0.11934856,4.3874736
5722,5.722,0.11605213,4.436562
5723,5.723,0.13366173,4.4125896
5724,5.724,0.12207396,4.364653
5725,5.725,0.11814544,4.3975096
5726,5.726,0.12161546,4.386101
5727,5.727,0.123421334,4.3457985
5728,5.728,0.13729134,4.3986287
5729,5.729,0.1359167,4.362195
5730,5.73,0.1389436,4.407979
5731,5.731,0.13633613,4.382568
5732,5.732,0.13121903,4.360424
5733,5.733,0.14104179,4.427354
5734,5.734,0.118338495,4.437748
5735,5.735,0.121186696,4.4581256
5736,5.736,0.1194954,4.414104
5737,5.737,0.119374335,4.401268
5738,5.738,0.115041465,4.449798
5739,5.739,0.11862308,4.4560165
5740,5.74,0.11340285,4.460793
5741,5.741,0.10887602,4.472213
5742,5.742,0.11193716,4.503682
5743,5.743,0.10409412,4.4907064
5744,5.744,0.110422485,4.4763722
5745,5.745,0.10977087,4.488388
5746,5.746,0.11226921,4.5393295
5747,5.747,0.12719135,4.4960403
5748,5.748,0.115251996,4.4601808
5749,5.749,0.107031114,4.536608
5750,5.75,0.11588766,4.5080266
5751,5.751,0.11180296,4.543154
5752,5.752,0.106083,4.526018
5753,5.753,0.110173695,4.5089226
5754,5.754,0.1024984,4.550681
5755,5.755,0.10210928,4.5749545
5756,5.756,0.10464591,4.5795364
5757,5.757,0.10365996,4.5207744
5758,5.758,0.1055259,4.5535307
5759,5.759,0.10471585,4.601536
5760,5.76,0.107644446,4.5738163
5761,5.761,0.099692725,4.6665916
5762,5.762,0.10390184,4.6316733
5763,5.763,0.10702708,4.57383
5764,5.764,0.09546495,4.5812798
5765,5.765,0.09038655,4.6014056
5766,5.766,0.10707536,4.6099205
5767,5.767,0.09080761,4.5890265
5768,5.768,0.098364994,4.648463
5769,5.769,0.102199025,4.6394777
5770,5.77,0.10043183,4.7136602
5771,5.771,0.10481275,4.6138954
5772,5.772,0.10818836,4.589944
5773,5.773,0.10700352,4.5641966
5774,5.774,0.09387462,4.5416393
5775,5.775,0.10882006,4.521799
5776,5.776,0.112148024,4.505555
5777,5.777,0.116392,4.508193
5778,5.778,0.10961662,4.594458
5779,5.779,0.110720746,4.5180655
5780,5.78,0.11102651,4.4589696
5781,5.781,0.121819176,4.4707246
5782,5.782,0.12596302,4.4983644
5783,5.783,0.122027084,4.5054874
5784,5.784,0.117848754,4.4623866
5785,5.785,0.1182074,4.4317102
5786,5.786,0.13262244,4.4491515
5787,5.787,0.10548625,4.430567
5788,5.788,0.122345835,4.431122
5789,5.789,0.11233276,4.4399223
5790,5.79,0.12241421,4.4279284
5791,5.791,0.11658268,4.418487
5792,5.792,0.13194288,4.4388666
5793,5.793,0.12998617,4.3945007
5794,5.794,0.12199935,4.4414725
5795,5.795,0.1247428,4.438991
5796,5.796,0.12983839,4.433037
5797,5.797,0.1251751,4.4763756
5798,5.798,0.12101141,4.458981
5799,5.799,0.11248383,4.4614983
5800,5.8,0.113680296,4.4373803
5801,5.801,0.11972739,4.430586
5802,5.802,0.112308115,4.389516
5803,5.803,0.114295095,4.3837833
5804,5.804,0.10883419,4.3665905
5805,5.805,0.11118157,4.38804
5806,5.806,0.11372142,4.3828373
5807,5.807,0.10872842,4.377187
5808,5.808,0.116799384,4.3455157
5809,5.809,0.1148884,4.365584
5810,5.81,0.1184627,4.3541565
5811,5.811,0.11303222,4.3528795
5812,5.812,0.11039463,4.347842
5813,5.813,0.11298921,4.318035
5814,5.814,0.09756233,4.322239
5815,5.815,0.11256366,4.3672986
5816,5.816,0.11141541,4.4046826
5817,5.817,0.10741844,4.3791246
5818,5.818,0.11683836,4.36328
5819,5.819,0.124404475,4.359237
5820,5.82,0.1272078,4.3667293
5821,5.821,0.121527396,4.403758
5822,5.822,0.11952011,4.4246054
5823,5.823,0.1210226,4.3785787
5824,5.824,0.12688963,4.3796506
5825,5.825,0.1267062,4.36483
5826,5.826,0.12026116,4.4137216
5827,5.827,0.12162254,4.422353
5828,5.828,0.12280162,4.3955235
5829,5.829,0.11655417,4.3610864
5830,5.83,0.111289434,4.391656
5831,5.831,0.10598784,4.3989654
5832,5.832,0.10163638,4.4259534
5833,5.833,0.10016375,4.4404855
5834,5.834,0.09426639,4.4464064
5835,5.835,0.09321029,4.4817233
5836,5.836,0.07946339,4.4315476
5837,5.837,0.09615786,4.418968
5838,5.838,0.097649954,4.438862
5839,5.839,0.103528105,4.432273
5840,5.84,0.09408084,4.4523892
5841,5.841,0.10240832,4.440926
5842,5.842,0.109820746,4.4411583
5843,5.843,0.11389388,4.4727883
5844,5.844,0.113644026,4.4495664
5845,5.845,0.11935835,4.4224057
5846,5.846,0.12003943,4.4210167
5847,5.847,0.10816163,4.415529
5848,5.848,0.10258001,4.4098954
5849,5.849,0.12365193,4.4216795
5850,5.85,0.113003366,4.396836
5851,5.851,0.10790877,4.3785367
5852,5.852,0.105462335,4.47132
5853,5.853,0.102159284,4.392249
5854,5.854,0.10838666,4.460546
5855,5.855,0.10689823,4.4812093
5856,5.856,0.10860442,4.4868727
5857,5.857,0.0997316,4.4551244
5858,5.858,0.10657832,4.428039
5859,5.859,0.10555447,4.4315453
5860,5.86,0.10557429,4.412458
5861,5.861,0.11644115,4.4689965
5862,5.862,0.118375406,4.509906
5863,5.863,0.12253277,4.4553604
5864,5.864,0.114944085,4.477748
5865,5.865,0.110592864,4.505914
5866,5.866,0.11486001,4.4982953
5867,5.867,0.10997247,4.4965744
5868,5.868,0.11483751,4.537447
5869,5.869,0.11523918,4.5553746
5870,5.87,0.109116495,4.5121317
5871,5.871,0.106249906,4.561517
5872,5.872,0.116351284,4.525877
5873,5.873,0.10007956,4.503107
5874,5.874,0.108886756,4.492232
5875,5.875,0.10983867,4.5291076
5876,5.876,0.10391013,4.5005183
5877,5.877,0.09940719,4.567264
5878,5.878,0.113818765,4.544497
5879,5.879,0.12265071,4.506799
5880,5.88,0.10956722,4.5333257
5881,5.881,0.10724073,4.514034
5882,5.882,0.11012622,4.469231
5883,5.883,0.10928383,4.529162
5884,5.884,0.11389928,4.511798
5885,5.885,0.10785002,4.506639
5886,5.886,0.10667987,4.5285106
5887,5.887,0.110832945,4.4926233
5888,5.888,0.10695348,4.504536
5889,5.889,0.10825204,4.5524974
5890,5.89,0.10819121,4.6008043
5891,5.891,0.101449154,4.5215845
5892,5.892,0.08436447,4.5741773
5893,5.893,0.08872254,4.4981594
5894,5.894,0.101396374,4.496266
5895,5.895,0.09328748,4.4901533
5896,5.896,0.096304275,4.5402513
5897,5.897,0.104173884,4.5150466
5898,5.898,0.094579816,4.5844483
5899,5.899,0.095058054,4.525634
5900,5.9,0.09161707,4.510465
5901,5.901,0.08992726,4.542025
5902,5.902,0.08679169,4.5205636
5903,5.903,0.0813776,4.4963846
5904,5.904,0.08814158,4.521362
5905,5.905,0.07919737,4.490777
5906,5.906,0.099241786,4.524031
5907,5.907,0.09837,4.5776634
5908,5.908,0.0966251,4.5349536
5909,5.909,0.09575711,4.514334
5910,5.91,0.09039267,4.4827223
5911,5.911,0.099451125,4.4763327
5912,5.912,0.089183204,4.4890385
5913,5.913,0.0924494,4.501133
5914,5.914,0.0853657,4.4994493
5915,5.915,0.09278421,4.513321
5916,5.916,0.09541209,4.495
5917,5.917,0.09529272,4.504984
5918,5.918,0.092812724,4.5409446
5919,5.919,0.08897254,4.564114
5920,5.92,0.08414613,4.5904717
5921,5.921,0.08223127,4.532355
5922,5.922,0.08148716,4.580039
5923,5.923,0.08246438,4.5102863
5924,5.924,0.086094156,4.5860143
5925,5.925,0.08476173,4.4994893
5926,5.926,0.081449404,4.5371056
5927,5.927,0.083628304,4.5257454
5928,5.928,0.08326628,4.521265
5929,5.929,0.08162296,4.5507154
5930,5.93,0.090675384,4.5078125
5931,5.931,0.08371581,4.5012336
5932,5.932,0.08186908,4.521045
5933,5.933,0.083154626,4.5312614
5934,5.934,0.08749983,4.535715
5935,5.935,0.08787312,4.5852547
5936,5.936,0.08505593,4.5462837
5937,5.937,0.070870325,4.5715117
5938,5.938,0.070705175,4.560113
5939,5.939,0.07454549,4.4823823
5940,5.94,0.076196104,4.4944997
5941,5.941,0.08230307,4.5530515
5942,5.942,0.07927114,4.555599
5943,5.943,0.07902939,4.6108003
5944,5.944,0.08368347,4.5867066
5945,5.945,0.0859196,4.576915
5946,5.946,0.08181345,4.590448
5947,5.947,0.07523642,4.497767
5948,5.948,0.074052766,4.501314
5949,5.949,0.078827485,4.5396285
5950,5.95,0.067155294,4.560394
5951,5.951,0.08344712,4.5225506
5952,5.952,0.09703938,4.5428963
5953,5.953,0.08597043,4.5591173
5954,5.954,0.08573967,4.576229
5955,5.955,0.08468548,4.5332627
5956,5.956,0.077505104,4.5347357
5957,5.957,0.07738832,4.5777154
5958,5.958,0.08726325,4.590541
5959,5.959,0.0913568,4.53045
5960,5.96,0.074302435,4.5651436
5961,5.961,0.07165257,4.489991
5962,5.962,0.08067139,4.5490813
5963,5.963,0.07530508,4.56818
5964,5.964,0.06657097,4.4486423
5965,5.965,0.067917824,4.509149
5966,5.966,0.0674305,4.5254903
5967,5.967,0.06915045,4.51924
5968,5.968,0.06266419,4.488645
5969,5.969,0.05728546,4.49629
5970,5.97,0.057871047,4.4847918
5971,5.971,0.06546941,4.4986706
5972,5.972,0.085880205,4.5104613
5973,5.973,0.07860472,4.50175
5974,5.974,0.06592083,4.4672914
5975,5.975,0.065489136,4.499606
5976,5.976,0.07185579,4.4943624
5977,5.977,0.07221708,4.5268517
5978,5.978,0.07707124,4.4646235
5979,5.979,0.07251126,4.4664354
5980,5.98,0.06492773,4.4407334
5981,5.981,0.07136174,4.454413
5982,5.982,0.07471038,4.4977145
5983,5.983,0.070237204,4.5118303
5984,5.984,0.0764444,4.5974193
5985,5.985,0.08099944,4.5212755
5986,5.986,0.075148046,4.5542917
5987,5.987,0.07779986,4.5062943
5988,5.988,0.078020975,4.4910073
5989,5.989,0.09516609,4.45909
5990,5.99,0.08056073,4.494762
5991,5.991,0.09025371,4.458907
5992,5.992,0.086484894,4.5213723
5993,5.993,0.08443008,4.4958825
5994,5.994,0.07172037,4.452872
5995,5.995,0.06623276,4.4838166
5996,5.996,0.07618399,4.408775
5997,5.997,0.07553188,4.414516
5998,5.998,0.072128415,4.475814
5999,5.999,0.08196897,4.4377365
6000,6.0,0.08846975,4.428042
6001,6.001,0.0812626,4.420427
6002,6.002,0.08332464,4.394881
6003,6.003,0.085382275,4.4216805
6004,6.004,0.07539409,4.4053383
6005,6.005,0.07411339,4.391017
6006,6.006,0.08077886,4.4185686
6007,6.007,0.070544004,4.3990407
6008,6.008,0.07979642,4.4132924
6009,6.009,0.07433141,4.4210105
6010,6.01,0.073839754,4.4192324
6011,6.011,0.07636227,4.424955
6012,6.012,0.07745984,4.42898
6013,6.013,0.075175874,4.4444427
6014,6.014,0.07245949,4.420088
6015,6.015,0.07607003,4.4483924
6016,6.016,0.07787653,4.4000382
6017,6.017,0.09041581,4.4105744
6018,6.018,0.08051336,4.4607716
6019,6.019,0.08427983,4.3941865
6020,6.02,0.08094778,4.400589
6021,6.021,0.07487655,4.404634
6022,6.022,0.0785828,4.435183
6023,6.023,0.07910409,4.456226
6024,6.024,0.08682429,4.4748087
6025,6.025,0.08919079,4.4060817
6026,6.026,0.08267377,4.4306264
6027,6.027,0.075266674,4.3972282
6028,6.028,0.072600305,4.4590893
6029,6.029,0.08626264,4.3897905
6030,6.03,0.0793239,4.410261
6031,6.031,0.08320419,4.402067
6032,6.032,0.07184466,4.4104433
6033,6.033,0.06754355,4.4134793
6034,6.034,0.06937076,4.3824587
6035,6.035,0.073405184,4.4345584
6036,6.036,0.063907646,4.4394383
6037,6.037,0.07568161,4.398281
6038,6.038,0.08816741,4.381559
6039,6.039,0.08721952,4.408546
6040,6.04,0.09484292,4.4103546
6041,6.041,0.08685263,4.4415236
6042,6.042,0.088372335,4.413434
6043,6.043,0.07426764,4.3869877
6044,6.044,0.089074135,4.4428353
6045,6.045,0.070631176,4.432482
6046,6.046,0.08681862,4.4117527
6047,6.047,0.083475135,4.457369
6048,6.048,0.07842762,4.4583344
6049,6.049,0.07191998,4.4132013
6050,6.05,0.07831378,4.362242
6051,6.051,0.07548054,4.394652
6052,6.052,0.08784651,4.393966
6053,6.053,0.0780927,4.4275546
6054,6.054,0.0678317,4.39511
6055,6.055,0.08227765,4.4448524
6056,6.056,0.08333571,4.466514
6057,6.057,0.091679506,4.4436197
6058,6.058,0.10134479,4.386026
6059,6.059,0.10446937,4.4438987
6060,6.06,0.112254955,4.443188
6061,6.061,0.11293964,4.408351
6062,6.062,0.11277391,4.445571
6063,6.063,0.09820912,4.471198
6064,6.064,0.10000699,4.4390135
6065,6.065,0.10047409,4.4038
6066,6.066,0.109309725,4.414992
6067,6.067,0.10465649,4.426956
6068,6.068,0.10588329,4.463079
6069,6.069,0.09616106,4.451675
6070,6.07,0.09904693,4.4499164
6071,6.071,0.10463943,4.402577
6072,6.072,0.09362062,4.3971176
6073,6.073,0.08509571,4.428764
6074,6.074,0.08135416,4.4154897
6075,6.075,0.0820395,4.3984513
6076,6.076,0.08878216,4.3992147
6077,6.077,0.09294323,4.417225
6078,6.078,0.09158012,4.406029
6079,6.079,0.085592434,4.390701
6080,6.08,0.0947618,4.4279466
6081,6.081,0.08505159,4.4457636
6082,6.082,0.08473124,4.4223833
6083,6.083,0.08614773,4.4767885
6084,6.084,0.07437196,4.456918
6085,6.085,0.07714465,4.4223742
6086,6.086,0.082603045,4.4373736
6087,6.087,0.07488805,4.455769
6088,6.088,0.08567794,4.4263005
6089,6.089,0.079676814,4.421459
6090,6.09,0.082020745,4.4292135
6091,6.091,0.07262149,4.3938007
6092,6.092,0.07782674,4.4316626
6093,6.093,0.070196025,4.3991046
6094,6.094,0.06615468,4.406296
6095,6.095,0.0660793,4.450147
6096,6.096,0.076496705,4.4474454
6097,6.097,0.078055665,4.4425287
6098,6.098,0.07806512,4.457413
6099,6.099,0.08666896,4.3899117
6100,6.1,0.08782059,4.4291754
6101,6.101,0.08273254,4.4493017
6102,6.102,0.09241745,4.4416924
6103,6.103,0.07438271,4.4228806
6104,6.104,0.07848409,4.4145446
6105,6.105,0.085760474,4.450421
6106,6.106,0.08056989,4.4353194
6107,6.107,0.07581158,4.4273148
6108,6.108,0.082053,4.424917
6109,6.109,0.081913404,4.434301
6110,6.11,0.08342131,4.4401774
6111,6.111,0.09419261,4.4303284
6112,6.112,0.08466949,4.4207435
6113,6.113,0.074481905,4.466696
6114,6.114,0.08561112,4.4127326
6115,6.115,0.091475256,4.466063
6116,6.116,0.077926286,4.4629965
6117,6.117,0.0822597,4.428394
6118,6.118,0.09179285,4.4596925
6119,6.119,0.091204464,4.4594727
6120,6.12,0.084866926,4.427892
6121,6.121,0.08090824,4.4203377
6122,6.122,0.084768265,4.431198
6123,6.123,0.08425938,4.3672
6124,6.124,0.080400944,4.399963
6125,6.125,0.0756686,4.4203243
6126,6.126,0.078822024,4.4149694
6127,6.127,0.08330026,4.403907
6128,6.128,0.08564489,4.4015775
6129,6.129,0.06631168,4.3975124
6130,6.13,0.07520533,4.407478
6131,6.131,0.070067935,4.4257784
6132,6.132,0.0632632,4.4227653
6133,6.133,0.07913597,4.42603
6134,6.134,0.08093257,4.4101934
6135,6.135,0.07372802,4.398065
6136,6.136,0.09382938,4.4213305
6137,6.137,0.0880962,4.4334316
6138,6.138,0.0697211,4.450907
6139,6.139,0.06844752,4.4431286
6140,6.14,0.082686424,4.425364
6141,6.141,0.0690222,4.4219313
6142,6.142,0.06233341,4.4354515
6143,6.143,0.07615006,4.412625
6144,6.144,0.06675464,4.4279785
6145,6.145,0.06955411,4.438199
6146,6.146,0.061374497,4.4638834
6147,6.147,0.06259345,4.4766994
6148,6.148,0.061210874,4.440788
6149,6.149,0.07089203,4.4161663
6150,6.15,0.07181896,4.405109
6151,6.151,0.06435186,4.4317775
6152,6.152,0.071368635,4.4131923
6153,6.153,0.075605966,4.4524965
6154,6.154,0.06886335,4.402198
6155,6.155,0.06337689,4.4423695
6156,6.156,0.058863,4.4367113
6157,6.157,0.051737897,4.412202
6158,6.158,0.061590657,4.4363933
6159,6.159,0.059327357,4.4581532
6160,6.16,0.065269865,4.4807444
6161,6.161,0.058316927,4.484401
6162,6.162,0.05926925,4.497198
6163,6.163,0.0706364,4.5254903
6164,6.164,0.07509235,4.537404
6165,6.165,0.07234901,4.505966
6166,6.166,0.067979395,4.544209
6167,6.167,0.072742544,4.4503446
6168,6.168,0.07378308,4.434882
6169,6.169,0.07467001,4.451435
6170,6.17,0.0711476,4.4793096
6171,6.171,0.07320879,4.4703135
6172,6.172,0.06918514,4.470249
6173,6.173,0.065414876,4.3889313
6174,6.174,0.062341303,4.455194
6175,6.175,0.066003844,4.4644394
6176,6.176,0.07169549,4.484206
6177,6.177,0.06566834,4.4652667
6178,6.178,0.068003826,4.4787745
6179,6.179,0.07630504,4.494111
6180,6.18,0.072803415,4.446171
6181,6.181,0.07518406,4.3980613
6182,6.182,0.07255113,4.4435325
6183,6.183,0.074329756,4.478607
6184,6.184,0.08085043,4.4348493
6185,6.185,0.07727693,4.5193663
6186,6.186,0.06930598,4.5105915
6187,6.187,0.07048031,4.444589
6188,6.188,0.06718095,4.4339137
6189,6.189,0.065711424,4.4251676
6190,6.19,0.073356554,4.422812
6191,6.191,0.075517215,4.4547114
6192,6.192,0.06786798,4.433774
6193,6.193,0.06327001,4.476996
6194,6.194,0.054257154,4.5084805
6195,6.195,0.06590309,4.434396
6196,6.196,0.067332804,4.4510684
6197,6.197,0.07264775,4.4430947
6198,6.198,0.08780097,4.454513
6199,6.199,0.083878815,4.433456
6200,6.2,0.078313,4.4665318
6201,6.201,0.07009866,4.4681325
6202,6.202,0.07888757,4.496474
6203,6.203,0.0700451,4.4973516
6204,6.204,0.062845565,4.4437556
6205,6.205,0.06959656,4.476134
6206,6.206,0.07446786,4.4763465
6207,6.207,0.07738434,4.4301577
6208,6.208,0.07675766,4.5021563
6209,6.209,0.080711804,4.4926114
6210,6.21,0.073725514,4.4353004
6211,6.211,0.07574825,4.422735
6212,6.212,0.08122095,4.4031224
6213,6.213,0.07947888,4.4292235
6214,6.214,0.08233596,4.443527
6215,6.215,0.09113226,4.452873
6216,6.216,0.09581621,4.453244
6217,6.217,0.08711364,4.451045
6218,6.218,0.076392874,4.434215
6219,6.219,0.06939825,4.4513335
6220,6.22,0.06598333,4.4771357
6221,6.221,0.08097893,4.4239545
6222,6.222,0.067574516,4.439734
6223,6.223,0.061406568,4.5038533
6224,6.224,0.069081016,4.4482517
6225,6.225,0.06432221,4.4391828
6226,6.226,0.06849694,4.453274
6227,6.227,0.06253936,4.484354
6228,6.228,0.058535967,4.432668
6229,6.229,0.07214718,4.464634
6230,6.23,0.06350685,4.502157
6231,6.231,0.06597867,4.4461455
6232,6.232,0.06926691,4.446568
6233,6.233,0.07237877,4.4504733
6234,6.234,0.06249409,4.4154396
6235,6.235,0.06493815,4.4115014
6236,6.236,0.07509317,4.478166
6237,6.237,0.06313275,4.4267697
6238,6.238,0.06609048,4.438218
6239,6.239,0.067080125,4.4499526
6240,6.24,0.0733968,4.4244294
6241,6.241,0.082689404,4.479039
6242,6.242,0.068677254,4.450036
6243,6.243,0.061827954,4.423235
6244,6.244,0.06686791,4.4376745
6245,6.245,0.076467745,4.4419518
6246,6.246,0.06589282,4.4510484
6247,6.247,0.07334229,4.45363
6248,6.248,0.066081166,4.4561825
6249,6.249,0.064238936,4.5002933
6250,6.25,0.06281423,4.43745
6251,6.251,0.06681821,4.414298
6252,6.252,0.07224604,4.3870206
6253,6.253,0.06494762,4.445913
6254,6.254,0.06035553,4.432502
6255,6.255,0.064682774,4.408726
6256,6.256,0.06558302,4.4265537
6257,6.257,0.07487326,4.450828
6258,6.258,0.06477213,4.458389
6259,6.259,0.06642478,4.414386
6260,6.26,0.071471155,4.4413285
6261,6.261,0.072426364,4.3931355
6262,6.262,0.06266222,4.383058
6263,6.263,0.05888599,4.394308
6264,6.264,0.07124352,4.398505
6265,6.265,0.06765733,4.39969
6266,6.266,0.067082874,4.3753676
6267,6.267,0.071781255,4.3631206
6268,6.268,0.07631874,4.402816
6269,6.269,0.07651359,4.369742
6270,6.27,0.0702985,4.3755713
6271,6.271,0.06633858,4.4013834
6272,6.272,0.0774646,4.3981733
6273,6.273,0.072371125,4.385471
6274,6.274,0.073190294,4.418896
6275,6.275,0.0687292,4.4182796
6276,6.276,0.06749982,4.4132347
6277,6.277,0.06905251,4.444533
6278,6.278,0.07577911,4.415046
6279,6.279,0.07073128,4.4596663
6280,6.28,0.08022858,4.4376597
6281,6.281,0.075412855,4.4358673
6282,6.282,0.07504727,4.450511
6283,6.283,0.07646292,4.410266
6284,6.284,0.08476609,4.4463177
6285,6.285,0.08515426,4.412111
6286,6.286,0.08457061,4.4183917
6287,6.287,0.08175928,4.366906
6288,6.288,0.080811605,4.429322
6289,6.289,0.09456095,4.4071097
6290,6.29,0.087188475,4.427756
6291,6.291,0.077609025,4.4280133
6292,6.292,0.08615773,4.4308715
6293,6.293,0.091203116,4.418517
6294,6.294,0.08887013,4.3766418
6295,6.295,0.09411419,4.4059606
6296,6.296,0.09050356,4.466481
6297,6.297,0.08649841,4.5070834
6298,6.298,0.080619514,4.4700127
6299,6.299,0.0826961,4.4519844
6300,6.3,0.089394756,4.406179
6301,6.301,0.08428275,4.416277
6302,6.302,0.07337752,4.378211
6303,6.303,0.08128758,4.4304276
6304,6.304,0.07655781,4.432941
6305,6.305,0.07998664,4.453243
6306,6.306,0.08754623,4.444933
6307,6.307,0.09488961,4.436989
6308,6.308,0.09550555,4.435937
6309,6.309,0.09413838,4.445322
6310,6.31,0.091186926,4.4651656
6311,6.311,0.08559315,4.42641
6312,6.312,0.09106674,4.4706635
6313,6.313,0.08819671,4.4809523
6314,6.314,0.08163954,4.472769
6315,6.315,0.07841036,4.46243
6316,6.316,0.077166975,4.406975
6317,6.317,0.072370276,4.4240646
6318,6.318,0.07099696,4.460963
6319,6.319,0.08511089,4.426655
6320,6.32,0.07902082,4.4382124
6321,6.321,0.0702626,4.4227467
6322,6.322,0.08944911,4.4205217
6323,6.323,0.08180517,4.4295497
6324,6.324,0.08392208,4.4285965
6325,6.325,0.086570226,4.3997493
6326,6.326,0.08776242,4.3837895
6327,6.327,0.08198398,4.37947
6328,6.328,0.083684936,4.4004335
6329,6.329,0.09432708,4.421672
6330,6.33,0.08868717,4.36876
6331,6.331,0.08879394,4.4210987
6332,6.332,0.08594967,4.434892
6333,6.333,0.08784791,4.4115267
6334,6.334,0.08898014,4.440557
6335,6.335,0.092579745,4.411494
6336,6.336,0.0784135,4.449078
6337,6.337,0.07839231,4.426242
6338,6.338,0.08327367,4.426482
6339,6.339,0.08436666,4.434106
6340,6.34,0.086011216,4.43172
6341,6.341,0.081674196,4.41043
6342,6.342,0.08298576,4.4027047
6343,6.343,0.07720285,4.451924
6344,6.344,0.078638375,4.42881
6345,6.345,0.08101312,4.430579
6346,6.346,0.087451294,4.3998313
6347,6.347,0.10177975,4.4290333
6348,6.348,0.09324065,4.4271026
6349,6.349,0.098683484,4.42025
6350,6.35,0.09921947,4.4336576
6351,6.351,0.10309991,4.437991
6352,6.352,0.105515994,4.4616604
6353,6.353,0.095813,4.4471707
6354,6.354,0.091321774,4.4332166
6355,6.355,0.08711364,4.4180794
6356,6.356,0.0882762,4.3977246
6357,6.357,0.08572962,4.42642
6358,6.358,0.08771123,4.444893
6359,6.359,0.09391327,4.426727
6360,6.36,0.09331584,4.42652
6361,6.361,0.11278536,4.466008
6362,6.362,0.10701501,4.4814487
6363,6.363,0.10536544,4.442371
6364,6.364,0.09839501,4.4401603
6365,6.365,0.09793119,4.4436
6366,6.366,0.089063086,4.4118285
6367,6.367,0.09599199,4.393478
6368,6.368,0.10155341,4.466019
6369,6.369,0.12161242,4.4004483
6370,6.37,0.11299629,4.467515
6371,6.371,0.10403144,4.4085946
6372,6.372,0.115288824,4.4404607
6373,6.373,0.10211049,4.419434
6374,6.374,0.10733994,4.4296336
6375,6.375,0.11616182,4.435716
6376,6.376,0.11316605,4.441204
6377,6.377,0.09445353,4.457447
6378,6.378,0.097432956,4.4582543
6379,6.379,0.10554922,4.488809
6380,6.38,0.11048989,4.4686346
6381,6.381,0.1070587,4.464448
6382,6.382,0.111184336,4.4444604
6383,6.383,0.124954216,4.398705
6384,6.384,0.11383769,4.4406233
6385,6.385,0.11484073,4.4206896
6386,6.386,0.104381576,4.404308
6387,6.387,0.09523653,4.41041
6388,6.388,0.09493564,4.45208
6389,6.389,0.09434077,4.4406347
6390,6.39,0.08545646,4.4259152
6391,6.391,0.09625827,4.436712
6392,6.392,0.093989894,4.469657
6393,6.393,0.08718142,4.4522142
6394,6.394,0.07763042,4.4593515
6395,6.395,0.08580566,4.398532
6396,6.396,0.074968524,4.450749
6397,6.397,0.07798311,4.416885
6398,6.398,0.07971696,4.4433928
6399,6.399,0.10172291,4.4000773
6400,6.4,0.09160565,4.400595
6401,6.401,0.09042466,4.4285493
6402,6.402,0.10594139,4.41351
6403,6.403,0.11069518,4.4533906
6404,6.404,0.10091281,4.389362
6405,6.405,0.09663338,4.3690705
6406,6.406,0.09639113,4.4336853
6407,6.407,0.090217575,4.4029126
6408,6.408,0.09812325,4.410406
6409,6.409,0.10862935,4.3883514
6410,6.41,0.10597797,4.3792315
6411,6.411,0.09135613,4.4873133
6412,6.412,0.08582502,4.419824
6413,6.413,0.0893741,4.429665
6414,6.414,0.08294794,4.407935
6415,6.415,0.08169604,4.3860974
6416,6.416,0.092133395,4.393604
6417,6.417,0.09221283,4.399612
6418,6.418,0.09794313,4.414923
6419,6.419,0.09338505,4.4315934
6420,6.42,0.09421482,4.428097
6421,6.421,0.08861429,4.4307723
6422,6.422,0.081198975,4.4007154
6423,6.423,0.09273845,4.414817
6424,6.424,0.0928717,4.404165
6425,6.425,0.09703431,4.4178658
6426,6.426,0.10665046,4.3832655
6427,6.427,0.1025122,4.4079576
6428,6.428,0.10678018,4.4128084
6429,6.429,0.10599655,4.4355536
6430,6.43,0.11057395,4.37408
6431,6.431,0.10758327,4.410033
6432,6.432,0.094844215,4.410274
6433,6.433,0.10820087,4.4563413
6434,6.434,0.09353646,4.424665
6435,6.435,0.10188549,4.484207
6436,6.436,0.09810068,4.460392
6437,6.437,0.097300254,4.405862
6438,6.438,0.088910274,4.485614
6439,6.439,0.09404683,4.435698
6440,6.44,0.09767578,4.45244
6441,6.441,0.09833059,4.443984
6442,6.442,0.10270349,4.4057794
6443,6.443,0.09403505,4.4511
6444,6.444,0.09877883,4.47005
6445,6.445,0.11201793,4.424817
6446,6.446,0.108137734,4.4107623
6447,6.447,0.117844574,4.3990016
6448,6.448,0.109646365,4.414852
6449,6.449,0.10519538,4.417408
6450,6.45,0.09624868,4.4170275
6451,6.451,0.09727117,4.389936
6452,6.452,0.10063196,4.4659085
6453,6.453,0.10798059,4.424635
6454,6.454,0.112200685,4.420667
6455,6.455,0.11457146,4.4245644
6456,6.456,0.11509333,4.46004
6457,6.457,0.115856335,4.436903
6458,6.458,0.11295054,4.3951483
6459,6.459,0.11304093,4.454419
6460,6.46,0.10271907,4.4854317
6461,6.461,0.105478086,4.4319725
6462,6.462,0.1137555,4.443141
6463,6.463,0.09525268,4.4571304
6464,6.464,0.10505433,4.433585
6465,6.465,0.100821316,4.44367
6466,6.466,0.089439474,4.4058347
6467,6.467,0.08928594,4.4238257
6468,6.468,0.08581857,4.407259
6469,6.469,0.08926182,4.4416013
6470,6.47,0.09590414,4.4140043
6471,6.471,0.09028847,4.438213
6472,6.472,0.087538496,4.4498467
6473,6.473,0.09881744,4.45066
6474,6.474,0.09574748,4.449448
6475,6.475,0.09799651,4.4866467
6476,6.476,0.09695628,4.3952055
6477,6.477,0.09658243,4.426268
6478,6.478,0.099858604,4.407076
6479,6.479,0.11458864,4.42362
6480,6.48,0.11790669,4.4085073
6481,6.481,0.113264956,4.389998
6482,6.482,0.11045759,4.4309344
6483,6.483,0.11123358,4.4025617
6484,6.484,0.09972049,4.3908925
6485,6.485,0.1081366,4.3584504
6486,6.486,0.10590654,4.3670015
6487,6.487,0.11390036,4.417022
6488,6.488,0.10418098,4.398748
6489,6.489,0.099105924,4.386556
6490,6.49,0.11454622,4.365906
6491,6.491,0.11216448,4.413904
6492,6.492,0.1019706,4.398804
6493,6.493,0.11193001,4.424045
6494,6.494,0.118288055,4.4437604
6495,6.495,0.098622985,4.4187737
6496,6.496,0.10539055,4.414203
6497,6.497,0.0891418,4.4226565
6498,6.498,0.09166876,4.390638
6499,6.499,0.10682454,4.448188
6500,6.5,0.116549425,4.429292
6501,6.501,0.11644855,4.421077
6502,6.502,0.105217606,4.4060197
6503,6.503,0.114345685,4.4456673
6504,6.504,0.11941969,4.4255314
6505,6.505,0.1191396,4.3715534
6506,6.506,0.10944979,4.3845954
6507,6.507,0.11789051,4.3471994
6508,6.508,0.117209025,4.3770447
6509,6.509,0.12036702,4.4074607
6510,6.51,0.10637781,4.430976
6511,6.511,0.13108721,4.414353
6512,6.512,0.11581012,4.3670945
6513,6.513,0.11972122,4.3913493
6514,6.514,0.11440701,4.4048295
6515,6.515,0.110110015,4.425892
6516,6.516,0.12577677,4.4087925
6517,6.517,0.123322085,4.411172
6518,6.518,0.112662554,4.4157996
6519,6.519,0.10850751,4.411314
6520,6.52,0.119022824,4.432638
6521,6.521,0.11065293,4.408248
6522,6.522,0.1150174,4.401403
6523,6.523,0.1116967,4.413137
6524,6.524,0.1146992,4.3978558
6525,6.525,0.11263525,4.4134274
6526,6.526,0.112426385,4.391596
6527,6.527,0.11227962,4.422881
6528,6.528,0.11353949,4.4241624
6529,6.529,0.110528305,4.40026
6530,6.53,0.11239847,4.4062138
6531,6.531,0.10372523,4.3762026
6532,6.532,0.10617576,4.4180193
6533,6.533,0.10171082,4.3808556
6534,6.534,0.10150251,4.3932166
6535,6.535,0.113217145,4.389181
6536,6.536,0.11719905,4.4444833
6537,6.537,0.11340611,4.4648814
6538,6.538,0.11324594,4.4795556
6539,6.539,0.10445994,4.4148846
6540,6.54,0.11227852,4.433706
6541,6.541,0.10644777,4.415219
6542,6.542,0.1043291,4.4001894
6543,6.543,0.11418038,4.4525375
6544,6.544,0.11331112,4.4480524
6545,6.545,0.09572691,4.399986
6546,6.546,0.10478574,4.3959985
6547,6.547,0.09719713,4.405476
6548,6.548,0.110372886,4.4269795
6549,6.549,0.100979246,4.400457
6550,6.55,0.10489314,4.3935623
6551,6.551,0.09550813,4.3869433
6552,6.552,0.10307007,4.4338913
6553,6.553,0.10048634,4.402868
6554,6.554,0.09407234,4.423043
6555,6.555,0.09894127,4.4106164
6556,6.556,0.0993081,4.4417787
6557,6.557,0.109118745,4.427577
6558,6.558,0.10011214,4.425149
6559,6.559,0.09145306,4.4311376
6560,6.56,0.10333894,4.4487386
6561,6.561,0.10603021,4.393696
6562,6.562,0.09746705,4.423758
6563,6.563,0.10052001,4.464971
6564,6.564,0.08449637,4.434614
6565,6.565,0.095956095,4.4837346
6566,6.566,0.09800718,4.4311795
6567,6.567,0.09126718,4.4320574
6568,6.568,0.102055036,4.4274783
6569,6.569,0.09941152,4.416756
6570,6.57,0.09606504,4.376365
6571,6.571,0.1025986,4.398846
6572,6.572,0.109136224,4.4523406
6573,6.573,0.11941557,4.4268465
6574,6.574,0.11496603,4.428624
6575,6.575,0.1219595,4.385821
6576,6.576,0.097798534,4.400941
6577,6.577,0.11277227,4.4092793
6578,6.578,0.12383838,4.416881
6579,6.579,0.12166554,4.379658
6580,6.58,0.11702515,4.4114604
6581,6.581,0.10624064,4.419028
6582,6.582,0.120090164,4.435795
6583,6.583,0.12832166,4.4817905
6584,6.584,0.13002971,4.465102
6585,6.585,0.116663925,4.4422526
6586,6.586,0.113169305,4.4563828
6587,6.587,0.11603304,4.416399
6588,6.588,0.106345415,4.3866944
6589,6.589,0.10650498,4.441058
6590,6.59,0.10195129,4.4384723
6591,6.591,0.10114789,4.423555
6592,6.592,0.100467354,4.3853793
6593,6.593,0.0986155,4.3969126
6594,6.594,0.10929509,4.4006023
6595,6.595,0.106719084,4.434725
6596,6.596,0.098676,4.4159
6597,6.597,0.10023437,4.4001665
6598,6.598,0.099223815,4.4817896
6599,6.599,0.09686296,4.423303
6600,6.6,0.09930315,4.4124165
6601,6.601,0.08748295,4.4275894
6602,6.602,0.08988825,4.4124136
6603,6.603,0.10047409,4.4362507
6604,6.604,0.094733216,4.444336
6605,6.605,0.09683437,4.5117574
6606,6.606,0.084491275,4.4488764
6607,6.607,0.083645225,4.4618587
6608,6.608,0.0919315,4.482281
6609,6.609,0.09039199,4.476355
6610,6.61,0.08846349,4.4651303
6611,6.611,0.08045832,4.430762
6612,6.612,0.076766476,4.4865427
6613,6.613,0.07966523,4.519377
6614,6.614,0.08603553,4.463092
6615,6.615,0.08814507,4.5765066
6616,6.616,0.09115319,4.483716
6617,6.617,0.09270527,4.5141044
6618,6.618,0.08012882,4.5533366
6619,6.619,0.08502048,4.4972687
6620,6.62,0.08899328,4.5079503
6621,6.621,0.08047285,4.514672
6622,6.622,0.089535736,4.4849157
6623,6.623,0.09990788,4.4686003
6624,6.624,0.06967431,4.4370055
6625,6.625,0.073286064,4.460128
6626,6.626,0.08655387,4.490185
6627,6.627,0.081757024,4.4962854
6628,6.628,0.09023871,4.504037
6629,6.629,0.083615065,4.4874787
6630,6.63,0.07067472,4.46965
6631,6.631,0.0788704,4.4206924
6632,6.632,0.06835757,4.4681635
6633,6.633,0.07101776,4.4911604
6634,6.634,0.07088334,4.459483
6635,6.635,0.069251806,4.481732
6636,6.636,0.072266474,4.4825664
6637,6.637,0.06453898,4.4684515
6638,6.638,0.07256216,4.4732366
6639,6.639,0.071414314,4.4661684
6640,6.64,0.066489585,4.448841
6641,6.641,0.06591709,4.5163174
6642,6.642,0.06397019,4.454877
6643,6.643,0.072485805,4.5380106
6644,6.644,0.06552859,4.5210376
6645,6.645,0.06731544,4.482759
6646,6.646,0.073810585,4.5263023
6647,6.647,0.08941952,4.4267693
6648,6.648,0.07295116,4.4603667
6649,6.649,0.08400562,4.482455
6650,6.65,0.08700693,4.419614
6651,6.651,0.08065919,4.4831133
6652,6.652,0.07674403,4.4774556
6653,6.653,0.08534984,4.4528666
6654,6.654,0.09041377,4.518049
6655,6.655,0.09178414,4.4585986
6656,6.656,0.080574475,4.4487967
6657,6.657,0.082924195,4.459684
6658,6.658,0.08241214,4.4478135
6659,6.659,0.09295779,4.4251146
6660,6.66,0.08655174,4.458734
6661,6.661,0.079247855,4.425778
6662,6.662,0.089214936,4.445209
6663,6.663,0.087836005,4.447901
6664,6.664,0.08071791,4.4471803
6665,6.665,0.070484675,4.427692
6666,6.666,0.07073041,4.4479074
6667,6.667,0.07470296,4.4976363
6668,6.668,0.07864776,4.4665694
6669,6.669,0.07778166,4.472976
6670,6.67,0.07501529,4.4901266
6671,6.671,0.06290917,4.478519
6672,6.672,0.07035274,4.4843926
6673,6.673,0.067173615,4.4434896
6674,6.674,0.06606627,4.4430337
6675,6.675,0.062409367,4.4494133
6676,6.676,0.06464281,4.491569
6677,6.677,0.07232775,4.4801927
6678,6.678,0.07257064,4.4904623
6679,6.679,0.066081166,4.464251
6680,6.68,0.08000664,4.442918
6681,6.681,0.07116662,4.466535
6682,6.682,0.075070225,4.4476657
6683,6.683,0.073048934,4.478641
6684,6.684,0.07550662,4.4340453
6685,6.685,0.07177354,4.429546
6686,6.686,0.07872361,4.473442
6687,6.687,0.07982494,4.432162
6688,6.688,0.08595826,4.44714
6689,6.689,0.09205924,4.455356
6690,6.69,0.07489791,4.421152
6691,6.691,0.08216614,4.4379473
6692,6.692,0.07625261,4.4361935
6693,6.693,0.093715206,4.4308467
6694,6.694,0.08919148,4.4785705
6695,6.695,0.09505158,4.4718113
6696,6.696,0.08599547,4.488621
6697,6.697,0.07120724,4.4687457
6698,6.698,0.06769915,4.4894075
6699,6.699,0.082927905,4.5101805
6700,6.7,0.09154384,4.505707
6701,6.701,0.09538178,4.517278
6702,6.702,0.087196946,4.495625
6703,6.703,0.09259968,4.5170193
6704,6.704,0.093904756,4.5038524
6705,6.705,0.10151342,4.487498
6706,6.706,0.08659367,4.546535
6707,6.707,0.09935395,4.528096
6708,6.708,0.108399145,4.532537
6709,6.709,0.10969574,4.54026
6710,6.71,0.115413636,4.5169044
6711,6.711,0.099307485,4.492918
6712,6.712,0.1067433,4.45982
6713,6.713,0.10916892,4.4978957
6714,6.714,0.10184804,4.4827614
6715,6.715,0.10534442,4.4915385
6716,6.716,0.1050473,4.4650445
6717,6.717,0.093506195,4.4582844
6718,6.718,0.10987788,4.4665895
6719,6.719,0.103630275,4.4730754
6720,6.72,0.1030653,4.5214705
6721,6.721,0.103604145,4.495937
6722,6.722,0.10311423,4.538906
6723,6.723,0.084943734,4.461097
6724,6.724,0.09047092,4.4955516
6725,6.725,0.101424284,4.5414696
6726,6.726,0.08742738,4.456477
6727,6.727,0.08393894,4.484845
6728,6.728,0.08474722,4.437995
6729,6.729,0.08518099,4.448638
6730,6.73,0.082708746,4.4842486
6731,6.731,0.07833107,4.432749
6732,6.732,0.081367776,4.4411864
6733,6.733,0.082291104,4.464951
6734,6.734,0.08161165,4.507336
6735,6.735,0.08160637,4.455585
6736,6.736,0.07275692,4.485652
6737,6.737,0.07458839,4.445587
6738,6.738,0.08786612,4.427328
6739,6.739,0.084480345,4.467109
6740,6.74,0.07436617,4.5045056
6741,6.741,0.07422621,4.5066767
6742,6.742,0.07166287,4.5159955
6743,6.743,0.07752653,4.5024576
6744,6.744,0.06408935,4.4999027
6745,6.745,0.071816385,4.5025754
6746,6.746,0.08417683,4.559656
6747,6.747,0.07322055,4.4731784
6748,6.748,0.07138157,4.4443035
6749,6.749,0.08620271,4.4742765
6750,6.75,0.08538948,4.4446206
6751,6.751,0.07911498,4.5189347
6752,6.752,0.07678892,4.5322986
6753,6.753,0.07922145,4.489277
6754,6.754,0.078617245,4.5641656
6755,6.755,0.07425356,4.4667554
6756,6.756,0.07502021,4.5093985
6757,6.757,0.079365,4.543138
6758,6.758,0.077249855,4.4420204
6759,6.759,0.0634894,4.4064226
6760,6.76,0.067770906,4.4541492
6761,6.761,0.060318816,4.461341
6762,6.762,0.06041768,4.4543433
6763,6.763,0.06924204,4.4270577
6764,6.764,0.0688964,4.407538
6765,6.765,0.058671404,4.4626064
6766,6.766,0.06170942,4.4505606
6767,6.767,0.054254886,4.434164
6768,6.768,0.058921505,4.4120464
6769,6.769,0.054294564,4.4592013
6770,6.77,0.062121816,4.4021173
6771,6.771,0.07086772,4.4097776
6772,6.772,0.08235538,4.4074254
6773,6.773,0.06788339,4.386812
6774,6.774,0.068895504,4.4043603
6775,6.775,0.06532735,4.3928833
6776,6.776,0.06849515,4.423702
6777,6.777,0.07534102,4.4217906
6778,6.778,0.0669139,4.478859
6779,6.779,0.07111299,4.4773145
6780,6.78,0.07553758,4.4744444
6781,6.781,0.06807075,4.4721913
6782,6.782,0.06116663,4.4445877
6783,6.783,0.060791284,4.40468
6784,6.784,0.06856339,4.447218
6785,6.785,0.06997039,4.446205
6786,6.786,0.06434134,4.503937
6787,6.787,0.066693775,4.468142
6788,6.788,0.06426479,4.4426384
6789,6.789,0.06695986,4.4419956
6790,6.79,0.0716706,4.4725413
6791,6.791,0.067632765,4.43008
6792,6.792,0.070949286,4.4707603
6793,6.793,0.06392978,4.5302734
6794,6.794,0.069229595,4.556578
6795,6.795,0.06909259,4.536065
6796,6.796,0.06882313,4.4737577
6797,6.797,0.068264805,4.4891233
6798,6.798,0.06276327,4.4587283
6799,6.799,0.06344869,4.4642034
6800,6.8,0.06649606,4.468317
6801,6.801,0.06129525,4.4275346
6802,6.802,0.071080975,4.411637
6803,6.803,0.061512686,4.4399037
6804,6.804,0.064251386,4.416926
6805,6.805,0.059412334,4.4406857
6806,6.806,0.059895035,4.4630933
6807,6.807,0.061086103,4.469612
6808,6.808,0.071069725,4.4895325
6809,6.809,0.05656671,4.4632373
6810,6.81,0.061164618,4.4949903
6811,6.811,0.048935115,4.4799066
6812,6.812,0.05712628,4.466558
6813,6.813,0.058033485,4.4570274
6814,6.814,0.06059868,4.4833517
6815,6.815,0.056458924,4.4768004
6816,6.816,0.054074273,4.496754
6817,6.817,0.0520958,4.5196652
6818,6.818,0.073919706,4.498445
6819,6.819,0.07553839,4.468113
6820,6.82,0.07125734,4.485498
6821,6.821,0.07562875,4.4824357
6822,6.822,0.06509524,4.4744215
6823,6.823,0.07643072,4.5381293
6824,6.824,0.067748204,4.5113993
6825,6.825,0.06645997,4.4844246
6826,6.826,0.06629126,4.5020304
6827,6.827,0.069508985,4.475272
6828,6.828,0.06884369,4.513542
6829,6.829,0.07137984,4.4864
6830,6.83,0.06307717,4.5333953
6831,6.831,0.06646182,4.532394
6832,6.832,0.05929208,4.459509
6833,6.833,0.07299922,4.3969607
6834,6.834,0.073331386,4.4261503
6835,6.835,0.06882403,4.415728
6836,6.836,0.07294104,4.447746
6837,6.837,0.08361065,4.4263673
6838,6.838,0.07590323,4.414641
6839,6.839,0.09203852,4.474295
6840,6.84,0.07907375,4.467639
6841,6.841,0.097187005,4.4391117
6842,6.842,0.074182265,4.4253635
6843,6.843,0.07587972,4.418337
6844,6.844,0.073080085,4.3963923
6845,6.845,0.077490814,4.4071
6846,6.846,0.077440776,4.4268937
6847,6.847,0.08400928,4.409093
6848,6.848,0.06429159,4.4262466
6849,6.849,0.08664766,4.4510913
6850,6.85,0.08327145,4.4281693
6851,6.851,0.09271456,4.437477
6852,6.852,0.077237114,4.464015
6853,6.853,0.08213993,4.411951
6854,6.854,0.07702812,4.468721
6855,6.855,0.078564,4.491287
6856,6.856,0.06820529,4.429134
6857,6.857,0.07853581,4.4886565
6858,6.858,0.073685445,4.4526796
6859,6.859,0.08217064,4.4590797
6860,6.86,0.07869781,4.4349027
6861,6.861,0.0736796,4.4653454
6862,6.862,0.07833028,4.469465
6863,6.863,0.08819113,4.481898
6864,6.864,0.09928084,4.5261264
6865,6.865,0.08854831,4.4882073
6866,6.866,0.08246438,4.484937
6867,6.867,0.076211445,4.459236
6868,6.868,0.088297114,4.4700036
6869,6.869,0.0815747,4.4733896
6870,6.87,0.088315226,4.5105824
6871,6.871,0.08846558,4.465715
6872,6.872,0.08921562,4.4895186
6873,6.873,0.0858243,4.487856
6874,6.874,0.07768985,4.464728
6875,6.875,0.06742777,4.4676747
6876,6.876,0.07782357,4.4855127
6877,6.877,0.08033051,4.4733853
6878,6.878,0.0705815,4.4518127
6879,6.879,0.07423201,4.455231
6880,6.88,0.07077997,4.442562
6881,6.881,0.07040083,4.4519367
6882,6.882,0.08335934,4.435418
6883,6.883,0.08321528,4.452125
6884,6.884,0.08503495,4.4399147
6885,6.885,0.08046214,4.489734
6886,6.886,0.08734147,4.4779654
6887,6.887,0.09296507,4.4785075
6888,6.888,0.07667826,4.490068
6889,6.889,0.08049808,4.487551
6890,6.89,0.0789437,4.4984946
6891,6.891,0.079961255,4.4842143
6892,6.892,0.08033664,4.4794726
6893,6.893,0.07473755,4.526071
6894,6.894,0.07868295,4.523332
6895,6.895,0.0842404,4.491537
6896,6.896,0.07530508,4.4982667
6897,6.897,0.07279834,4.4898314
6898,6.898,0.08219535,4.4483547
6899,6.899,0.08683067,4.4436817
6900,6.9,0.08017104,4.463025
6901,6.901,0.086168446,4.509994
6902,6.902,0.09128606,4.4694886
6903,6.903,0.08650055,4.4711375
6904,6.904,0.084880695,4.4676523
6905,6.905,0.079842664,4.460438
6906,6.906,0.08622412,4.458762
6907,6.907,0.07703211,4.5462008
6908,6.908,0.07672158,4.498065
6909,6.909,0.07973162,4.457841
6910,6.91,0.09014798,4.48764
6911,6.911,0.081838265,4.4715424
6912,6.912,0.08812273,4.5007906
6913,6.913,0.08249721,4.50275
6914,6.914,0.07566372,4.5074124
6915,6.915,0.08464551,4.5141582
6916,6.916,0.07316339,4.54472
6917,6.917,0.07217787,4.4997797
6918,6.918,0.07277468,4.5232425
6919,6.919,0.07618076,4.515934
6920,6.92,0.07588539,4.5149527
6921,6.921,0.07619529,4.5133405
6922,6.922,0.08307543,4.5295167
6923,6.923,0.08015416,4.4970846
6924,6.924,0.07786073,4.4860024
6925,6.925,0.07425356,4.5197167
6926,6.926,0.07231839,4.504213
6927,6.927,0.07816358,4.5046325
6928,6.928,0.069117524,4.4782357
6929,6.929,0.0859647,4.5115767
6930,6.93,0.07429167,4.5686464
6931,6.931,0.06549759,4.543547
6932,6.932,0.06698926,4.522071
6933,6.933,0.075404696,4.5311646
6934,6.934,0.08040936,4.5652084
6935,6.935,0.079021595,4.49609
6936,6.936,0.08784651,4.513883
6937,6.937,0.09323801,4.4935093
6938,6.938,0.094057955,4.5161495
6939,6.939,0.07469226,4.462238
6940,6.94,0.077259414,4.515262
6941,6.941,0.07649992,4.5072994
6942,6.942,0.068258494,4.504269
6943,6.943,0.068443924,4.5301056
6944,6.944,0.06940445,4.496429
6945,6.945,0.06674634,4.4894495
6946,6.946,0.059897088,4.5276995
6947,6.947,0.06732092,4.526986
6948,6.948,0.06848706,4.5330806
6949,6.949,0.06635713,4.4616218
6950,6.95,0.070824295,4.4822955
6951,6.951,0.063183405,4.5051293
6952,6.952,0.07074172,4.54119
6953,6.953,0.06933349,4.5099883
6954,6.954,0.07163625,4.5525336
6955,6.955,0.06589282,4.5006375
6956,6.956,0.05942062,4.5289707
6957,6.957,0.0592516,4.5081506
6958,6.958,0.063461296,4.5094476
6959,6.959,0.077702515,4.5118694
6960,6.96,0.078587495,4.5241623
6961,6.961,0.085912436,4.527753
6962,6.962,0.08224848,4.5175757
6963,6.963,0.07478693,4.4709415
6964,6.964,0.075000525,4.493027
6965,6.965,0.06644145,4.4835596
6966,6.966,0.075840786,4.5136046
6967,6.967,0.06995369,4.4905086
6968,6.968,0.071043745,4.4881535
6969,6.969,0.059616,4.5465636
6970,6.97,0.06155868,4.5878773
6971,6.971,0.07023282,4.4944634
6972,6.972,0.06749982,4.467129
6973,6.973,0.07989505,4.486496
6974,6.974,0.08307024,4.54833
6975,6.975,0.07300259,4.5402484
6976,6.976,0.053773046,4.53578
6977,6.977,0.06563648,4.4684362
6978,6.978,0.069604516,4.4632664
6979,6.979,0.075826995,4.441577
6980,6.98,0.066489585,4.493172
6981,6.981,0.071899444,4.526352
6982,6.982,0.067142464,4.4511437
6983,6.983,0.064584725,4.4564767
6984,6.984,0.0669231,4.4374447
6985,6.985,0.065620534,4.4348845
6986,6.986,0.063131765,4.400357
6987,6.987,0.07010042,4.44267
6988,6.988,0.072022565,4.4247894
6989,6.989,0.085332535,4.4228997
6990,6.99,0.07379892,4.4032803
6991,6.991,0.08558237,4.4052787
6992,6.992,0.10467001,4.3941417
6993,6.993,0.090629235,4.3772
6994,6.994,0.08893726,4.424158
6995,6.995,0.088071056,4.416563
6996,6.996,0.08812692,4.4984
6997,6.997,0.08854275,4.4305296
6998,6.998,0.09637772,4.3922486
6999,6.999,0.09693852,4.393736
7000,7.0,0.11791086,4.338051
7001,7.001,0.11965285,4.383243
7002,7.002,0.12411679,4.4261136
7003,7.003,0.11557825,4.3897753
7004,7.004,0.12158358,4.3836637
7005,7.005,0.10870466,4.364622
7006,7.006,0.10694025,4.347726
7007,7.007,0.0958252,4.384275
7008,7.008,0.10140972,4.4093313
7009,7.009,0.095396616,4.3948784
7010,7.01,0.10414258,4.38212
7011,7.011,0.10007587,4.39723
7012,7.012,0.09361339,4.422388
7013,7.013,0.095683835,4.37529
7014,7.014,0.10109313,4.4305654
7015,7.015,0.097057134,4.403997
7016,7.016,0.096925184,4.427166
7017,7.017,0.09572884,4.377259
7018,7.018,0.09891453,4.385109
7019,7.019,0.08973823,4.441948
7020,7.02,0.08032592,4.431771
7021,7.021,0.07157094,4.4327836
7022,7.022,0.07925484,4.395308
7023,7.023,0.08026921,4.4653788
7024,7.024,0.08496039,4.4095874
7025,7.025,0.0797077,4.427956
7026,7.026,0.066521965,4.427951
7027,7.027,0.07500216,4.427485
7028,7.028,0.083806165,4.3974905
7029,7.029,0.07940143,4.420903
7030,7.03,0.08678176,4.3821077
7031,7.031,0.0921788,4.3749914
7032,7.032,0.08182999,4.3891525
7033,7.033,0.06900615,4.395317
7034,7.034,0.07283299,4.400681
7035,7.035,0.08203575,4.389146
7036,7.036,0.07517833,4.4067264
7037,7.037,0.0941815,4.4140234
7038,7.038,0.090250984,4.409706
7039,7.039,0.08694326,4.412146
7040,7.04,0.10302231,4.4113336
7041,7.041,0.09247069,4.4368987
7042,7.042,0.09597982,4.4279146
7043,7.043,0.08608629,4.4571753
7044,7.044,0.09532629,4.4323845
7045,7.045,0.0878276,4.4376807
7046,7.046,0.07917717,4.402242
7047,7.047,0.09275503,4.3984094
7048,7.048,0.076659,4.404346
7049,7.049,0.08298131,4.423341
7050,7.05,0.072929226,4.430872
7051,7.051,0.075402245,4.4306407
7052,7.052,0.07160447,4.440563
7053,7.053,0.06763732,4.4712176
7054,7.054,0.06859658,4.4381003
7055,7.055,0.06556801,4.4126687
7056,7.056,0.07027836,4.38939
7057,7.057,0.07124093,4.470909
7058,7.058,0.08624196,4.4053993
7059,7.059,0.08444684,4.439031
7060,7.06,0.07557423,4.414428
7061,7.061,0.08738584,4.39358
7062,7.062,0.09418281,4.445414
7063,7.063,0.09465525,4.4912453
7064,7.064,0.10247018,4.4025097
7065,7.065,0.09263157,4.45778
7066,7.066,0.112641804,4.4110794
7067,7.067,0.10646337,4.3777122
7068,7.068,0.11426441,4.39637
7069,7.069,0.1113226,4.362905
7070,7.07,0.109785445,4.368934
7071,7.071,0.10289921,4.379345
7072,7.072,0.09176604,4.3993583
7073,7.073,0.09420763,4.424564
7074,7.074,0.08016337,4.4141717
7075,7.075,0.07949049,4.443006
7076,7.076,0.084523305,4.426158
7077,7.077,0.08125049,4.385604
7078,7.078,0.07381309,4.441838
7079,7.079,0.074801736,4.4101844
7080,7.08,0.07245524,4.4505744
7081,7.081,0.07327599,4.4409027
7082,7.082,0.08172917,4.40446
7083,7.083,0.08018332,4.4132237
7084,7.084,0.06341765,4.4721193
7085,7.085,0.06326612,4.4575696
7086,7.086,0.055365097,4.486709
7087,7.087,0.074160695,4.4507313
7088,7.088,0.06618351,4.414594
7089,7.089,0.064461716,4.385461
7090,7.09,0.061369486,4.4255075
7091,7.091,0.05558802,4.4330993
7092,7.092,0.056714445,4.4291663
7093,7.093,0.07009954,4.4967327
7094,7.094,0.07255453,4.418819
7095,7.095,0.07230648,4.4269423
7096,7.096,0.07819506,4.4602194
7097,7.097,0.08034276,4.4730306
7098,7.098,0.07710236,4.458708
7099,7.099,0.07150128,4.42066
7100,7.1,0.059254713,4.4413033
7101,7.101,0.068425946,4.432256
7102,7.102,0.069899134,4.501961
7103,7.103,0.0682089,4.4022565
7104,7.104,0.067849845,4.4734263
7105,7.105,0.073892236,4.4478564
7106,7.106,0.06474268,4.459065
7107,7.107,0.069789015,4.4580507
7108,7.108,0.060905546,4.440317
7109,7.109,0.06614817,4.4193625
7110,7.11,0.06991938,4.456934
7111,7.111,0.06015539,4.432479
7112,7.112,0.05828738,4.428014
7113,7.113,0.062102996,4.37829
7114,7.114,0.06834947,4.4295545
7115,7.115,0.06735473,4.4283113
7116,7.116,0.07875096,4.3865533
7117,7.117,0.0675554,4.4542413
7118,7.118,0.06058954,4.417563
7119,7.119,0.06637103,4.4741936
7120,7.12,0.061257094,4.410541
7121,7.121,0.058795016,4.4086742
7122,7.122,0.059399907,4.3869996
7123,7.123,0.061606638,4.433769
7124,7.124,0.060309637,4.422701
7125,7.125,0.07073389,4.41145
7126,7.126,0.07486258,4.442337
7127,7.127,0.06720292,4.433101
7128,7.128,0.06912998,4.489414
7129,7.129,0.060783185,4.419424
7130,7.13,0.061685484,4.4533677
7131,7.131,0.071082704,4.4201374
7132,7.132,0.06991674,4.4085574
7133,7.133,0.07139967,4.434213
7134,7.134,0.06868532,4.4341016
7135,7.135,0.075705186,4.433385
7136,7.136,0.078159645,4.437249
7137,7.137,0.06526421,4.432521
7138,7.138,0.064417794,4.4276786
7139,7.139,0.083332755,4.429998
7140,7.14,0.08387001,4.4115324
7141,7.141,0.06978108,4.400731
7142,7.142,0.07597696,4.4180493
7143,7.143,0.07052918,4.423538
7144,7.144,0.08098045,4.403238
7145,7.145,0.07549684,4.397823
7146,7.146,0.07310366,4.409911
7147,7.147,0.072568096,4.3804936
7148,7.148,0.074147426,4.411375
7149,7.149,0.075223334,4.423512
7150,7.15,0.07601178,4.424471
7151,7.151,0.08178637,4.4404907
7152,7.152,0.08086945,4.4262743
7153,7.153,0.077004954,4.448253
7154,7.154,0.0839873,4.423011
7155,7.155,0.10458827,4.4073443
7156,7.156,0.0840759,4.4174485
7157,7.157,0.08585513,4.417175
7158,7.158,0.10000699,4.3714333
7159,7.159,0.1057065,4.381622
7160,7.16,0.09739254,4.4095817
7161,7.161,0.08853649,4.4229617
7162,7.162,0.07996664,4.4229746
7163,7.163,0.08018255,4.4334054
7164,7.164,0.08095462,4.4158955
7165,7.165,0.07629939,4.4025636
7166,7.166,0.077261806,4.43259
7167,7.167,0.09648427,4.46453
7168,7.168,0.09784131,4.3658295
7169,7.169,0.12222911,4.4167466
7170,7.17,0.13759977,4.3915715
7171,7.171,0.13892011,4.344893
7172,7.172,0.14100687,4.355745
7173,7.173,0.13299906,4.328056
7174,7.174,0.12873957,4.3342767
7175,7.175,0.14068493,4.381682
7176,7.176,0.1320212,4.343575
7177,7.177,0.13465099,4.371435
7178,7.178,0.13180524,4.3506336
7179,7.179,0.13235958,4.3737326
7180,7.18,0.14921102,4.4128494
7181,7.181,0.13497457,4.4568796
7182,7.182,0.14784108,4.400798
7183,7.183,0.13798645,4.423047
7184,7.184,0.14423083,4.425181
7185,7.185,0.14754114,4.3981347
7186,7.186,0.13393809,4.3994627
7187,7.187,0.15403467,4.4168034
7188,7.188,0.15203731,4.4613276
7189,7.189,0.14076188,4.474304
7190,7.19,0.1530481,4.4322567
7191,7.191,0.14839812,4.4488716
7192,7.192,0.14411986,4.393349
7193,7.193,0.16248582,4.39122
7194,7.194,0.14274202,4.3582687
7195,7.195,0.13341478,4.425818
7196,7.196,0.13041477,4.3766994
7197,7.197,0.14803198,4.412241
7198,7.198,0.1405007,4.4625382
7199,7.199,0.14006165,4.4299717
7200,7.2,0.15209961,4.420761
7201,7.201,0.1410457,4.4304643
7202,7.202,0.16107218,4.3927684
7203,7.203,0.15841843,4.4271894
7204,7.204,0.14603594,4.4538627
7205,7.205,0.15382722,4.4349103
7206,7.206,0.16150515,4.453266
7207,7.207,0.16434015,4.469635
7208,7.208,0.1342721,4.4366317
7209,7.209,0.14006692,4.483746
7210,7.21,0.14362335,4.438429
7211,7.211,0.14934415,4.439688
7212,7.212,0.15710883,4.4288087
7213,7.213,0.1425708,4.4586697
7214,7.214,0.14864627,4.4232025
7215,7.215,0.14323685,4.458867
7216,7.216,0.14594871,4.49167
7217,7.217,0.14820977,4.438941
7218,7.218,0.14779487,4.467353
7219,7.219,0.13842852,4.4541416
7220,7.22,0.1429664,4.489279
7221,7.221,0.14291734,4.4478374
7222,7.222,0.16350088,4.446098
7223,7.223,0.15375721,4.445867
7224,7.224,0.15256168,4.450861
7225,7.225,0.14960882,4.445941
7226,7.226,0.15769985,4.444489
7227,7.227,0.16720621,4.45612
7228,7.228,0.16733348,4.429654
7229,7.229,0.15554236,4.441251
7230,7.23,0.15330797,4.40523
7231,7.231,0.15825601,4.42516
7232,7.232,0.16932628,4.397714
7233,7.233,0.18690082,4.4077935
7234,7.234,0.17573084,4.404986
7235,7.235,0.17702086,4.408856
7236,7.236,0.16701844,4.3865857
7237,7.237,0.15480764,4.371755
7238,7.238,0.17275551,4.430762
7239,7.239,0.15229326,4.4520593
7240,7.24,0.15657178,4.429374
7241,7.241,0.14925389,4.405989
7242,7.242,0.14256863,4.4717293
7243,7.243,0.13954365,4.4424806
7244,7.244,0.14391051,4.428772
7245,7.245,0.13638127,4.408453
7246,7.246,0.14172155,4.476338
7247,7.247,0.13227774,4.482447
7248,7.248,0.12360465,4.513724
7249,7.249,0.12411481,4.57804
7250,7.25,0.11895043,4.5198407
7251,7.251,0.12772764,4.5401034
7252,7.252,0.13579124,4.449179
7253,7.253,0.13292688,4.4305725
7254,7.254,0.12784706,4.4663296
7255,7.255,0.13456917,4.4073195
7256,7.256,0.14493214,4.401005
7257,7.257,0.14881049,4.407833
7258,7.258,0.14260703,4.411989
7259,7.259,0.14387204,4.382936
7260,7.26,0.15067266,4.4012947
7261,7.261,0.15968418,4.429434
7262,7.262,0.14181139,4.4026494
7263,7.263,0.14190376,4.4494853
7264,7.264,0.14412712,4.445552
7265,7.265,0.14115864,4.4492083
7266,7.266,0.14762034,4.448478
7267,7.267,0.14140122,4.427263
7268,7.268,0.15590191,4.39412
7269,7.269,0.16578531,4.427558
7270,7.27,0.13610443,4.4079366
7271,7.271,0.15880907,4.395825
7272,7.272,0.15003222,4.3845572
7273,7.273,0.15034685,4.416457
7274,7.274,0.16128862,4.4370847
7275,7.275,0.17067914,4.3916516
7276,7.276,0.16615418,4.3918996
7277,7.277,0.15984207,4.4980435
7278,7.278,0.15200573,4.4597473
7279,7.279,0.16700481,4.4391503
7280,7.28,0.16973168,4.4295635
7281,7.281,0.14032848,4.5192266
7282,7.282,0.16456239,4.502977
7283,7.283,0.164859,4.4755177
7284,7.284,0.14722386,4.440319
7285,7.285,0.16781117,4.489294
7286,7.286,0.17764227,4.4289894
7287,7.287,0.16009323,4.448855
7288,7.288,0.17317918,4.4552717
7289,7.289,0.16323537,4.486677
7290,7.29,0.15091543,4.4176354
7291,7.291,0.16179062,4.407224
7292,7.292,0.15689602,4.4267087
7293,7.293,0.14922091,4.4163117
7294,7.294,0.15018101,4.4112897
7295,7.295,0.16743861,4.423948
7296,7.296,0.15427254,4.4212375
7297,7.297,0.17458113,4.389534
7298,7.298,0.16606861,4.401583
7299,7.299,0.1572294,4.443898
7300,7.3,0.17056519,4.433252
7301,7.301,0.15786168,4.4301267
7302,7.302,0.15614837,4.4127107
7303,7.303,0.16605343,4.4104476
7304,7.304,0.15262257,4.430264
7305,7.305,0.14567146,4.3841796
7306,7.306,0.14509888,4.4198704
7307,7.307,0.15407221,4.4181333
7308,7.308,0.15441287,4.4236345
7309,7.309,0.14034207,4.4151607
7310,7.31,0.1463066,4.389971
7311,7.311,0.14191677,4.4087224
7312,7.312,0.16688429,4.415434
7313,7.313,0.16835475,4.4368563
7314,7.314,0.14576605,4.4037743
7315,7.315,0.16753815,4.4159994
7316,7.316,0.1661538,4.409642
7317,7.317,0.1606817,4.46693
7318,7.318,0.15933084,4.445384
7319,7.319,0.1405274,4.420599
7320,7.32,0.14892043,4.4335256
7321,7.321,0.14404728,4.408477
7322,7.322,0.14971323,4.386645
7323,7.323,0.15427534,4.523798
7324,7.324,0.15288277,4.453418
7325,7.325,0.16434577,4.446291
7326,7.326,0.15844563,4.480989
7327,7.327,0.15840834,4.474399
7328,7.328,0.16236195,4.5069857
7329,7.329,0.15616414,4.480723
7330,7.33,0.15040617,4.4796505
7331,7.331,0.15332684,4.509715
7332,7.332,0.15250924,4.4977946
7333,7.333,0.14777948,4.5256977
7334,7.334,0.15581387,4.483333
7335,7.335,0.16249529,4.4274535
7336,7.336,0.15424263,4.4519253
7337,7.337,0.16160837,4.464249
7338,7.338,0.15980203,4.4812994
7339,7.339,0.15337297,4.4974866
7340,7.34,0.15820818,4.4984813
7341,7.341,0.14129806,4.5146327
7342,7.342,0.14847356,4.4994755
7343,7.343,0.14438644,4.481201
7344,7.344,0.16870779,4.497027
7345,7.345,0.15200453,4.533598
7346,7.346,0.16026801,4.549515
7347,7.347,0.14759408,4.5291777
7348,7.348,0.1443826,4.532034
7349,7.349,0.13236888,4.5330095
7350,7.35,0.14494275,4.552774
7351,7.351,0.14176713,4.540994
7352,7.352,0.147612,4.517955
7353,7.353,0.14645623,4.4772644
7354,7.354,0.1524927,4.545904
7355,7.355,0.15067142,4.585786
7356,7.356,0.150172,4.563421
7357,7.357,0.14482553,4.5884075
7358,7.358,0.1528385,4.58947
7359,7.359,0.16322216,4.5919666
7360,7.36,0.15735184,4.558338
7361,7.361,0.16990739,4.5666146
7362,7.362,0.1707505,4.6089854
7363,7.363,0.15869705,4.5730667
7364,7.364,0.16732244,4.584375
7365,7.365,0.17515534,4.552248
7366,7.366,0.17862114,4.5335054
7367,7.367,0.17369357,4.5149603
7368,7.368,0.17923357,4.5022535
7369,7.369,0.1735504,4.546399
7370,7.37,0.17555745,4.5459795
7371,7.371,0.17706916,4.5479326
7372,7.372,0.1747745,4.5242095
7373,7.373,0.16288634,4.578246
7374,7.374,0.16370885,4.5103364
7375,7.375,0.17430213,4.4537644
7376,7.376,0.18884908,4.514871
7377,7.377,0.18200271,4.501737
7378,7.378,0.17974399,4.485258
7379,7.379,0.19176337,4.5128574
7380,7.38,0.19306959,4.5422525
7381,7.381,0.18446636,4.5222507
7382,7.382,0.19007014,4.5384946
7383,7.383,0.17256773,4.5102696
7384,7.384,0.18910857,4.6077547
7385,7.385,0.18441899,4.5230346
7386,7.386,0.18578084,4.5941014
7387,7.387,0.18948364,4.507912
7388,7.388,0.19291624,4.529537
7389,7.389,0.19826524,4.5689344
7390,7.39,0.19202885,4.582502
7391,7.391,0.19750254,4.5495505
7392,7.392,0.20019324,4.6210337
7393,7.393,0.19706371,4.5860715
7394,7.394,0.19803888,4.593595
7395,7.395,0.20081893,4.5688496
7396,7.396,0.18630865,4.624629
7397,7.397,0.19885738,4.6382856
7398,7.398,0.20487641,4.6414185
7399,7.399,0.18893376,4.5800796
7400,7.4,0.2012107,4.583573
7401,7.401,0.19323237,4.587841
7402,7.402,0.20835339,4.6409097
7403,7.403,0.19455498,4.6355186
7404,7.404,0.18509004,4.5927796
7405,7.405,0.19700813,4.5939655
7406,7.406,0.19245708,4.562307
7407,7.407,0.18730761,4.5881953
7408,7.408,0.17015634,4.615768
7409,7.409,0.16988458,4.5842423
7410,7.41,0.1774392,4.513741
7411,7.411,0.16862462,4.582859
7412,7.412,0.17140792,4.6157093
7413,7.413,0.17381538,4.524874
7414,7.414,0.18094558,4.5623436
7415,7.415,0.18740481,4.5582895
7416,7.416,0.18178926,4.6003227
7417,7.417,0.168753,4.6176915
7418,7.418,0.17695759,4.5578427
7419,7.419,0.17993969,4.5546927
7420,7.42,0.17976864,4.517921
7421,7.421,0.18148847,4.5275455
7422,7.422,0.18939564,4.5556183
7423,7.423,0.1783602,4.540263
7424,7.424,0.19873235,4.5578794
7425,7.425,0.16823411,4.5901613
7426,7.426,0.18179163,4.5975513
7427,7.427,0.18782654,4.5359573
7428,7.428,0.18775873,4.5362415
7429,7.429,0.18644665,4.4967093
7430,7.43,0.18132499,4.458079
7431,7.431,0.18697456,4.533834
7432,7.432,0.19393097,4.503964
7433,7.433,0.19192693,4.5033927
7434,7.434,0.1769541,4.5441103
7435,7.435,0.17100327,4.5533695
7436,7.436,0.17159268,4.5329876
7437,7.437,0.1726743,4.556398
7438,7.438,0.17172638,4.567374
7439,7.439,0.16266824,4.575713
7440,7.44,0.17839089,4.615924
7441,7.441,0.16496608,4.5162787
7442,7.442,0.16977589,4.6100187
7443,7.443,0.16218679,4.5149612
7444,7.444,0.15992212,4.5366654
7445,7.445,0.17163499,4.5549464
7446,7.446,0.17564188,4.5732455
7447,7.447,0.17937529,4.5789604
7448,7.448,0.1594451,4.542021
7449,7.449,0.16599524,4.610183
7450,7.45,0.16988313,4.536852
7451,7.451,0.163374,4.5285797
7452,7.452,0.17779495,4.5988274
7453,7.453,0.1691576,4.6180735
7454,7.454,0.17503588,4.6107993
7455,7.455,0.1787038,4.6029267
7456,7.456,0.18826303,4.5783963
7457,7.457,0.1849334,4.6512637
7458,7.458,0.17352736,4.639308
7459,7.459,0.18496333,4.6504436
7460,7.46,0.17561527,4.615682
7461,7.461,0.178763,4.5601983
7462,7.462,0.16850562,4.6393313
7463,7.463,0.17455328,4.5757
7464,7.464,0.18711469,4.6275644
7465,7.465,0.17503728,4.5828342
7466,7.466,0.16282173,4.601376
7467,7.467,0.18019047,4.5726233
7468,7.468,0.17789562,4.56035
7469,7.469,0.17983365,4.563896
7470,7.47,0.16753963,4.54407
7471,7.471,0.1786883,4.5356464
7472,7.472,0.17848814,4.550072
7473,7.473,0.18323548,4.4958706
7474,7.474,0.18710482,4.5629067
7475,7.475,0.1829421,4.575429
7476,7.476,0.18381849,4.5806055
7477,7.477,0.1717819,4.5996723
7478,7.478,0.1798942,4.5894785
7479,7.479,0.17195266,4.5699377
7480,7.48,0.16822058,4.56443
7481,7.481,0.17526913,4.5313153
7482,7.482,0.17431448,4.535372
7483,7.483,0.1747083,4.6221366
7484,7.484,0.18702161,4.5689173
7485,7.485,0.17672448,4.598087
7486,7.486,0.16574448,4.5703177
7487,7.487,0.16318975,4.597173
7488,7.488,0.16289389,4.5270557
7489,7.489,0.17126249,4.5810623
7490,7.49,0.17668478,4.600483
7491,7.491,0.1828496,4.5527997
7492,7.492,0.1896988,4.5336404
7493,7.493,0.17637911,4.55809
7494,7.494,0.17610122,4.5729833
7495,7.495,0.17934304,4.557921
7496,7.496,0.17620915,4.570839
7497,7.497,0.16875556,4.553819
7498,7.498,0.1746065,4.604308
7499,7.499,0.16370621,4.5762215
7500,7.5,0.17064488,4.5810075
7501,7.501,0.1623339,4.597539
7502,7.502,0.16872858,4.60495
7503,7.503,0.17768556,4.5974994
7504,7.504,0.15876643,4.577131
7505,7.505,0.16429035,4.5836053
7506,7.506,0.15475278,4.53574
7507,7.507,0.17193083,4.5319405
7508,7.508,0.17240328,4.58336
7509,7.509,0.15186563,4.5429115
7510,7.51,0.16052233,4.610464
7511,7.511,0.16267504,4.553285
7512,7.512,0.17419903,4.588041
7513,7.513,0.15728144,4.5841994
7514,7.514,0.15741596,4.5760736
7515,7.515,0.15263426,4.6283994
7516,7.516,0.16929357,4.543209
7517,7.517,0.16088872,4.6048245
7518,7.518,0.15803775,4.5789742
7519,7.519,0.1598644,4.572549
7520,7.52,0.16418172,4.6135406
7521,7.521,0.15948254,4.5716085
7522,7.522,0.16571441,4.6083345
7523,7.523,0.15129492,4.626532
7524,7.524,0.1494084,4.6875954
7525,7.525,0.15106294,4.5853877
7526,7.526,0.14764784,4.587607
7527,7.527,0.1568725,4.553828
7528,7.528,0.14890102,4.609333
7529,7.529,0.1640865,4.6117067
7530,7.53,0.15677795,4.571119
7531,7.531,0.15918598,4.5768285
7532,7.532,0.14555486,4.555148
7533,7.533,0.14467847,4.5664124
7534,7.534,0.14097415,4.5352445
7535,7.535,0.14976789,4.5087805
7536,7.536,0.15027808,4.559332
7537,7.537,0.14313845,4.6544847
7538,7.538,0.16427201,4.5583897
7539,7.539,0.17080526,4.5436883
7540,7.54,0.15980434,4.5881577
7541,7.541,0.16171303,4.4980206
7542,7.542,0.15189317,4.500611
7543,7.543,0.15397274,4.5184584
7544,7.544,0.16359419,4.4726143
7545,7.545,0.15262176,4.4494877
7546,7.546,0.16288973,4.460391
7547,7.547,0.15245639,4.5183053
7548,7.548,0.15145506,4.45746
7549,7.549,0.15017855,4.464955
7550,7.55,0.16428325,4.447812
7551,7.551,0.15502052,4.471057
7552,7.552,0.1688394,4.519987
7553,7.553,0.16004826,4.49446
7554,7.554,0.15704733,4.5761037
7555,7.555,0.15818562,4.5806847
7556,7.556,0.15301593,4.582208
7557,7.557,0.157128,4.5696936
7558,7.558,0.162714,4.6181574
7559,7.559,0.16257706,4.557759
7560,7.56,0.15658042,4.5537963
7561,7.561,0.15463147,4.549301
7562,7.562,0.15146765,4.4803376
7563,7.563,0.15246971,4.570648
7564,7.564,0.14590949,4.6075754
7565,7.565,0.14780362,4.5864935
7566,7.566,0.14895225,4.557476
7567,7.567,0.14429352,4.590186
7568,7.568,0.14353894,4.5768404
7569,7.569,0.15045975,4.5885262
7570,7.57,0.16315393,4.5710044
7571,7.571,0.1467542,4.624651
7572,7.572,0.15342352,4.533901
7573,7.573,0.13325557,4.593953
7574,7.574,0.13879117,4.580045
7575,7.575,0.13454539,4.553097
7576,7.576,0.12985498,4.5652018
7577,7.577,0.13422994,4.5774345
7578,7.578,0.13226612,4.600776
7579,7.579,0.14651798,4.570914
7580,7.58,0.12790865,4.5920367
7581,7.581,0.12765056,4.5157495
7582,7.582,0.1514311,4.584941
7583,7.583,0.15158542,4.558923
7584,7.584,0.14887375,4.586115
7585,7.585,0.15073185,4.6286516
7586,7.586,0.15374321,4.6532173
7587,7.587,0.1604725,4.65843
7588,7.588,0.17297584,4.5701256
7589,7.589,0.17309389,4.5964274
7590,7.59,0.16574708,4.614722
7591,7.591,0.159179,4.6373057
7592,7.592,0.15314454,4.604155
7593,7.593,0.17198522,4.634975
7594,7.594,0.16695249,4.5270705
7595,7.595,0.16586176,4.5811987
7596,7.596,0.17075914,4.5472484
7597,7.597,0.16896434,4.518785
7598,7.598,0.16018812,4.497737
7599,7.599,0.17073968,4.4692025
7600,7.6,0.1600448,4.4921107
7601,7.601,0.16148801,4.446758
7602,7.602,0.14147082,4.4834065
7603,7.603,0.16113786,4.495132
7604,7.604,0.16004135,4.536772
7605,7.605,0.15001172,4.4672723
7606,7.606,0.14415614,4.496276
7607,7.607,0.16186933,4.4834213
7608,7.608,0.15787844,4.5104523
7609,7.609,0.17102988,4.5096984
7610,7.61,0.16742648,4.4903617
7611,7.611,0.17123698,4.5075064
7612,7.612,0.15224841,4.506834
7613,7.613,0.164363,4.4923325
7614,7.614,0.15484062,4.4793572
7615,7.615,0.1509403,4.490088
7616,7.616,0.14737047,4.436633
7617,7.617,0.14027366,4.486431
7618,7.618,0.14865826,4.5049624
7619,7.619,0.15852055,4.4764175
7620,7.62,0.14108147,4.537836
7621,7.621,0.13727206,4.5448647
7622,7.622,0.1391803,4.5250335
7623,7.623,0.14470568,4.504628
7624,7.624,0.14404982,4.539759
7625,7.625,0.17609355,4.4723735
7626,7.626,0.17475127,4.4506965
7627,7.627,0.17413403,4.488411
7628,7.628,0.17241934,4.5068116
7629,7.629,0.16367239,4.486507
7630,7.63,0.16238658,4.4628167
7631,7.631,0.15519069,4.496644
7632,7.632,0.1719244,4.526455
7633,7.633,0.16845998,4.505553
7634,7.634,0.16324215,4.529328
7635,7.635,0.16929793,4.523992
7636,7.636,0.16279225,4.483311
7637,7.637,0.1595188,4.5411296
7638,7.638,0.17187,4.534133
7639,7.639,0.16935171,4.5146866
7640,7.64,0.15576728,4.4686027
7641,7.641,0.15698972,4.5068507
7642,7.642,0.16882773,4.5029674
7643,7.643,0.1480403,4.479101
7644,7.644,0.16221143,4.4893236
7645,7.645,0.1775865,4.475388
7646,7.646,0.16678362,4.547101
7647,7.647,0.15234819,4.487159
7648,7.648,0.1540119,4.500486
7649,7.649,0.15435867,4.4856133
7650,7.65,0.15020478,4.4816294
7651,7.651,0.15217888,4.4623504
7652,7.652,0.16015126,4.4618287
7653,7.653,0.16384034,4.4607325
7654,7.654,0.15955196,4.467027
7655,7.655,0.17739826,4.505865
7656,7.656,0.1669639,4.462551
7657,7.657,0.1481778,4.493351
7658,7.658,0.14609702,4.4784317
7659,7.659,0.16947846,4.4144974
7660,7.66,0.16902041,4.4098024
7661,7.661,0.1628648,4.4318657
7662,7.662,0.16212417,4.4417214
7663,7.663,0.15165399,4.3921514
7664,7.664,0.15822956,4.4368978
7665,7.665,0.1591937,4.445184
7666,7.666,0.14812712,4.500631
7667,7.667,0.15677717,4.433774
7668,7.668,0.14591329,4.443658
7669,7.669,0.15719026,4.442238
7670,7.67,0.15635747,4.4438977
7671,7.671,0.15958166,4.522801
7672,7.672,0.14674246,4.523673
7673,7.673,0.16026609,4.492043
7674,7.674,0.15880634,4.4849234
7675,7.675,0.15128191,4.478801
7676,7.676,0.15650535,4.506617
7677,7.677,0.16064954,4.4938455
7678,7.678,0.1634384,4.4778767
7679,7.679,0.15593861,4.4505587
7680,7.68,0.16250098,4.5085387
7681,7.681,0.15275313,4.483731
7682,7.682,0.15234739,4.524324
7683,7.683,0.14463636,4.4642777
7684,7.684,0.13295002,4.4777184
7685,7.685,0.13926074,4.487905
7686,7.686,0.13049354,4.4841185
7687,7.687,0.13268922,4.4744306
7688,7.688,0.13066411,4.4417663
7689,7.689,0.12360863,4.486725
7690,7.69,0.13545689,4.473633
7691,7.691,0.1335171,4.527584
7692,7.692,0.1178498,4.480083
7693,7.693,0.11949179,4.457121
7694,7.694,0.11751571,4.4661045
7695,7.695,0.12275902,4.468402
7696,7.696,0.1305534,4.4732804
7697,7.697,0.13488473,4.4621754
7698,7.698,0.13602936,4.4997797
7699,7.699,0.15312727,4.554251
7700,7.7,0.15774979,4.4743757
7701,7.701,0.1537488,4.473814
7702,7.702,0.1457082,4.460264
7703,7.703,0.13761586,4.5063944
7704,7.704,0.1445091,4.470245
7705,7.705,0.14492661,4.506642
7706,7.706,0.14539921,4.501341
7707,7.707,0.13690089,4.544264
7708,7.708,0.1418001,4.484981
7709,7.709,0.1493532,4.497666
7710,7.71,0.1575562,4.537422
7711,7.711,0.13951455,4.452902
7712,7.712,0.15691799,4.425176
7713,7.713,0.1511228,4.5258904
7714,7.714,0.15480883,4.4853387
7715,7.715,0.15105236,4.495567
7716,7.716,0.13715144,4.503153
7717,7.717,0.15313168,4.481785
7718,7.718,0.1524927,4.482676
7719,7.719,0.15290892,4.5046625
7720,7.72,0.15223022,4.477117
7721,7.721,0.14874806,4.4948907
7722,7.722,0.14922091,4.505612
7723,7.723,0.1541752,4.4619546
7724,7.724,0.16521019,4.505013
7725,7.725,0.15612592,4.558101
7726,7.726,0.15254152,4.5571666
7727,7.727,0.15594137,4.626894
7728,7.728,0.16807641,4.607293
7729,7.729,0.16564089,4.6796694
7730,7.73,0.17368153,4.5813956
7731,7.731,0.17946582,4.589989
7732,7.732,0.15627795,4.5798116
7733,7.733,0.14927986,4.530321
7734,7.734,0.14958744,4.552415
7735,7.735,0.14956562,4.5468106
7736,7.736,0.15795091,4.518912
7737,7.737,0.14817739,4.5623474
7738,7.738,0.15289807,4.4518723
7739,7.739,0.15691015,4.4528875
7740,7.74,0.15754175,4.548849
7741,7.741,0.15555857,4.50498
7742,7.742,0.14675881,4.5044
7743,7.743,0.14769493,4.538984
7744,7.744,0.14628556,4.5099845
7745,7.745,0.15318874,4.563602
7746,7.746,0.15074123,4.50023
7747,7.747,0.1381883,4.556007
7748,7.748,0.14936268,4.5135465
7749,7.749,0.15263306,4.5256605
7750,7.75,0.14452316,4.504356
7751,7.751,0.15351172,4.4926887
7752,7.752,0.14017099,4.495334
7753,7.753,0.13706124,4.462528
7754,7.754,0.13014747,4.4986644
7755,7.755,0.13075401,4.458223
7756,7.756,0.1284204,4.443728
7757,7.757,0.13308463,4.4558086
7758,7.758,0.12934463,4.483259
7759,7.759,0.11554151,4.4150925
7760,7.76,0.121785834,4.44736
7761,7.761,0.13250685,4.4987235
7762,7.762,0.13992453,4.4905653
7763,7.763,0.13836761,4.477702
7764,7.764,0.13732854,4.515753
7765,7.765,0.13721648,4.4328146
7766,7.766,0.11980137,4.4595213
7767,7.767,0.12294883,4.4498887
7768,7.768,0.13786869,4.4787664
7769,7.769,0.14446482,4.48959
7770,7.77,0.13817272,4.446573
7771,7.771,0.1445006,4.4625793
7772,7.772,0.15141524,4.413721
7773,7.773,0.14702898,4.444376
7774,7.774,0.1527056,4.515178
7775,7.775,0.15150462,4.549494
7776,7.776,0.15508322,4.592152
7777,7.777,0.14623173,4.555896
7778,7.778,0.13104215,4.53814
7779,7.779,0.14161558,4.4879527
7780,7.78,0.1392077,4.50582
7781,7.781,0.13717747,4.515424
7782,7.782,0.14844537,4.4922566
7783,7.783,0.14754821,4.5251164
7784,7.784,0.14928357,4.5121913
7785,7.785,0.16141027,4.551533
7786,7.786,0.17789666,4.549108
7787,7.787,0.18789664,4.5675354
7788,7.788,0.17245431,4.512605
7789,7.789,0.16887729,4.515153
7790,7.79,0.18014541,4.5445256
7791,7.791,0.17676416,4.589922
7792,7.792,0.17215042,4.5401196
7793,7.793,0.18797357,4.5402203
7794,7.794,0.18239948,4.532466
7795,7.795,0.17046162,4.527501
7796,7.796,0.17399122,4.500292
7797,7.797,0.16667475,4.5710444
7798,7.798,0.15443598,4.5968943
7799,7.799,0.18391652,4.541606
7800,7.8,0.18399045,4.5427446
7801,7.801,0.19362679,4.510289
7802,7.802,0.17629713,4.499672
7803,7.803,0.17528456,4.544041
7804,7.804,0.17981757,4.502647
7805,7.805,0.17777972,4.5192127
7806,7.806,0.19868033,4.4982457
7807,7.807,0.21009548,4.513362
7808,7.808,0.19114152,4.502836
7809,7.809,0.19124256,4.4793816
7810,7.81,0.19170016,4.5034027
7811,7.811,0.18669926,4.4701195
7812,7.812,0.17011078,4.5079865
7813,7.813,0.18183325,4.502614
7814,7.814,0.17032368,4.492861
7815,7.815,0.15354618,4.444545
7816,7.816,0.1504892,4.4907
7817,7.817,0.15336536,4.4826274
7818,7.818,0.14353508,4.491407
7819,7.819,0.13691977,4.4666214
7820,7.82,0.1392815,4.456793
7821,7.821,0.14578167,4.429985
7822,7.822,0.14728318,4.498597
7823,7.823,0.14601867,4.4967737
7824,7.824,0.15427016,4.4906096
7825,7.825,0.15056604,4.4927487
7826,7.826,0.14367817,4.4636855
7827,7.827,0.14831392,4.475508
7828,7.828,0.14241923,4.4481483
7829,7.829,0.13581027,4.4792657
7830,7.83,0.13748927,4.45814
7831,7.831,0.14262342,4.478182
7832,7.832,0.121956475,4.5100594
7833,7.833,0.14320119,4.508937
7834,7.834,0.1480274,4.519083
7835,7.835,0.15219182,4.472704
7836,7.836,0.15158176,4.503127
7837,7.837,0.1515107,4.493116
7838,7.838,0.15376721,4.5028343
7839,7.839,0.16137025,4.495401
7840,7.84,0.14974734,4.4825244
7841,7.841,0.1514059,4.455154
7842,7.842,0.14067312,4.4673953
7843,7.843,0.13480626,4.5150013
7844,7.844,0.14642136,4.45686
7845,7.845,0.13826486,4.527218
7846,7.846,0.15039226,4.4249244
7847,7.847,0.1431737,4.476267
7848,7.848,0.16074564,4.4860363
7849,7.849,0.17420857,4.443947
7850,7.85,0.1547496,4.448377
7851,7.851,0.16534382,4.468483
7852,7.852,0.15969689,4.4879284
7853,7.853,0.15987247,4.526
7854,7.854,0.16029909,4.472864
7855,7.855,0.16791783,4.560562
7856,7.856,0.16991282,4.5035915
7857,7.857,0.15016422,4.470912
7858,7.858,0.162627,4.4955683
7859,7.859,0.16283646,4.434477
7860,7.86,0.17067157,4.452982
7861,7.861,0.16416748,4.466744
7862,7.862,0.15135184,4.435998
7863,7.863,0.16086999,4.46898
7864,7.864,0.16371486,4.4827666
7865,7.865,0.16395032,4.460555
7866,7.866,0.16693406,4.488485
7867,7.867,0.15873504,4.5068808
7868,7.868,0.16154668,4.4492674
7869,7.869,0.15534168,4.505657
7870,7.87,0.15332924,4.531306
7871,7.871,0.15867573,4.5477085
7872,7.872,0.14975475,4.5470705
7873,7.873,0.15130386,4.504241
7874,7.874,0.14947428,4.5256743
7875,7.875,0.16526194,4.523909
7876,7.876,0.149818,4.5166636
7877,7.877,0.16047058,4.5311065
7878,7.878,0.17513181,4.540404
7879,7.879,0.17361775,4.587401
7880,7.88,0.17375626,4.5395303
7881,7.881,0.17395975,4.577828
7882,7.882,0.16958588,4.509631
7883,7.883,0.15179107,4.5394926
7884,7.884,0.1648616,4.5506616
7885,7.885,0.16243128,4.4678154
7886,7.886,0.16158438,4.5233436
7887,7.887,0.1508461,4.4985075
7888,7.888,0.16266483,4.5682673
7889,7.889,0.16585506,4.5303473
7890,7.89,0.17509528,4.5198145
7891,7.891,0.16976175,4.5738707
7892,7.892,0.16360508,4.5401306
7893,7.893,0.16247447,4.5080266
7894,7.894,0.15635982,4.5421286
7895,7.895,0.15438338,4.5948863
7896,7.896,0.16163349,4.589595
7897,7.897,0.17876232,4.5893116
7898,7.898,0.1738168,4.569941
7899,7.899,0.18708378,4.6137686
7900,7.9,0.16718265,4.6026707
7901,7.901,0.16641799,4.5995026
7902,7.902,0.1894278,4.576966
7903,7.903,0.17650954,4.584303
7904,7.904,0.17141043,4.5951686
7905,7.905,0.18042354,4.583066
7906,7.906,0.1703887,4.546279
7907,7.907,0.16816497,4.5249524
7908,7.908,0.16139503,4.4812284
7909,7.909,0.15075593,4.600024
7910,7.91,0.15921457,4.6289153
7911,7.911,0.16527349,4.633019
7912,7.912,0.17454271,4.598891
7913,7.913,0.1603885,4.5527997
7914,7.914,0.1610485,4.615286
7915,7.915,0.16121842,4.625671
7916,7.916,0.16370809,4.566452
7917,7.917,0.18106829,4.5951295
7918,7.918,0.17334928,4.617078
7919,7.919,0.16267164,4.5952845
7920,7.92,0.16387187,4.576681
7921,7.921,0.15284292,4.562514
7922,7.922,0.15777045,4.6205564
7923,7.923,0.1510882,4.5827694
7924,7.924,0.15033497,4.5861554
7925,7.925,0.15812142,4.6268516
7926,7.926,0.16428362,4.5996222
7927,7.927,0.14735585,4.597483
7928,7.928,0.15994827,4.617185
7929,7.929,0.15111873,4.6587095
7930,7.93,0.15099287,4.641504
7931,7.931,0.15595952,4.657071
7932,7.932,0.14779988,4.637112
7933,7.933,0.15107433,4.6287966
7934,7.934,0.1508208,4.5904455
7935,7.935,0.15262298,4.5902987
7936,7.936,0.14884812,4.6048527
7937,7.937,0.13935569,4.576447
7938,7.938,0.13771151,4.5660214
7939,7.939,0.1289783,4.5723324
7940,7.94,0.14152257,4.5707746
7941,7.941,0.14030261,4.56365
7942,7.942,0.1334037,4.559052
7943,7.943,0.15064733,4.5997486
7944,7.944,0.14538185,4.5768237
7945,7.945,0.15033375,4.6321993
7946,7.946,0.15001868,4.5557485
7947,7.947,0.14098768,4.545736
7948,7.948,0.13547006,4.587944
7949,7.949,0.14648396,4.5727205
7950,7.95,0.16132753,4.5641236
7951,7.951,0.15883192,4.6065917
7952,7.952,0.16039734,4.5599437
7953,7.953,0.1535554,4.614431
7954,7.954,0.15957472,4.6026483
7955,7.955,0.14799333,4.614895
7956,7.956,0.1714449,4.5984664
7957,7.957,0.16586472,4.555433
7958,7.958,0.1651584,4.5497546
7959,7.959,0.15952496,4.5671363
7960,7.96,0.16263571,4.5926623
7961,7.961,0.16571961,4.5793724
7962,7.962,0.16899966,4.564206
7963,7.963,0.1677668,4.5866103
7964,7.964,0.17183883,4.598508
7965,7.965,0.16570848,4.613815
7966,7.966,0.16341543,4.567486
7967,7.967,0.16529433,4.6057467
7968,7.968,0.16280699,4.577336
7969,7.969,0.14359936,4.570886
7970,7.97,0.15693407,4.5534377
7971,7.971,0.15322849,4.5734816
7972,7.972,0.15219869,4.594425
7973,7.973,0.14414676,4.5885415
7974,7.974,0.15029158,4.5869646
7975,7.975,0.16708842,4.5497413
7976,7.976,0.15865906,4.543654
7977,7.977,0.16086884,4.5336847
7978,7.978,0.14751527,4.536569
7979,7.979,0.14188078,4.58194
7980,7.98,0.13512719,4.5293865
7981,7.981,0.14775449,4.528339
7982,7.982,0.13973664,4.609344
7983,7.983,0.12426096,4.5430875
7984,7.984,0.12571806,4.5550156
7985,7.985,0.14202122,4.540504
7986,7.986,0.13610217,4.521982
7987,7.987,0.13099988,4.5639653
7988,7.988,0.13777003,4.5182056
7989,7.989,0.12763464,4.504931
7990,7.99,0.11176718,4.503591
7991,7.991,0.1363614,4.4791565
7992,7.992,0.1398735,4.469692
7993,7.993,0.14024383,4.477924
7994,7.994,0.1367363,4.476905
7995,7.995,0.1346199,4.4948063
7996,7.996,0.12976018,4.486742
7997,7.997,0.1395194,4.480619
7998,7.998,0.13304116,4.476627
7999,7.999,0.14044769,4.4312644
8000,8.0,0.13478708,4.4375644
8001,8.001,0.13212137,4.4444385
8002,8.002,0.13991968,4.4278755
8003,8.003,0.13462676,4.466344
8004,8.004,0.12967196,4.4676256
8005,8.005,0.13711779,4.468258
8006,8.006,0.13092378,4.4945397
8007,8.007,0.12036549,4.4680943
8008,8.008,0.13506752,4.441055
8009,8.009,0.13077754,4.473691
8010,8.01,0.13963224,4.4839554
8011,8.011,0.14268726,4.459225
8012,8.012,0.15801166,4.4470196
8013,8.013,0.1420195,4.5013294
8014,8.014,0.14544575,4.609351
8015,8.015,0.12139011,4.493577
8016,8.016,0.124405466,4.4851174
8017,8.017,0.114324704,4.4591317
8018,8.018,0.12467767,4.463974
8019,8.019,0.1407527,4.464126
8020,8.02,0.12506053,4.4589787
8021,8.021,0.13432296,4.4942527
8022,8.022,0.14816077,4.4970636
8023,8.023,0.15568075,4.465327
8024,8.024,0.14603594,4.428415
8025,8.025,0.14681078,4.4665103
8026,8.026,0.13815892,4.474397
8027,8.027,0.13807382,4.515745
8028,8.028,0.13056518,4.5350423
8029,8.029,0.1315024,4.5297303
8030,8.03,0.124177255,4.5352097
8031,8.031,0.14249222,4.4994016
8032,8.032,0.12880024,4.5389504
8033,8.033,0.15259999,4.4488573
8034,8.034,0.12905222,4.4613156
8035,8.035,0.13757205,4.463881
8036,8.036,0.13575545,4.4397464
8037,8.037,0.140982,4.4630947
8038,8.038,0.13393489,4.4606695
8039,8.039,0.1408069,4.434181
8040,8.04,0.13938615,4.4726143
8041,8.041,0.1506122,4.4588842
8042,8.042,0.15667628,4.4546337
8043,8.043,0.14576605,4.4539766
8044,8.044,0.12929942,4.4394364
8045,8.045,0.14571117,4.413643
8046,8.046,0.14953476,4.4322014
8047,8.047,0.14365976,4.4492245
8048,8.048,0.1368321,4.4415693
8049,8.049,0.14388743,4.4195127
8050,8.05,0.14866447,4.4414363
8051,8.051,0.15851085,4.429138
8052,8.052,0.15887374,4.423082
8053,8.053,0.16357087,4.4848247
8054,8.054,0.16510476,4.3984404
8055,8.055,0.15819418,4.39657
8056,8.056,0.16406626,4.40802
8057,8.057,0.16918233,4.4065065
8058,8.058,0.1580288,4.4754796
8059,8.059,0.15747964,4.4624577
8060,8.06,0.17665136,4.4267635
8061,8.061,0.17401597,4.4587116
8062,8.062,0.16870232,4.480808
8063,8.063,0.16239795,4.458168
8064,8.064,0.16813204,4.446307
8065,8.065,0.175811,4.392588
8066,8.066,0.16562602,4.38888
8067,8.067,0.17270921,4.4081917
8068,8.068,0.1777413,4.3933697
8069,8.069,0.17721261,4.4060597
8070,8.07,0.18239039,4.3992357
8071,8.071,0.1846867,4.3990874
8072,8.072,0.18033999,4.4179697
8073,8.073,0.18658915,4.424867
8074,8.074,0.18125372,4.4351845
8075,8.075,0.185856,4.443959
8076,8.076,0.17843814,4.3927894
8077,8.077,0.17607957,4.390264
8078,8.078,0.15749253,4.435879
8079,8.079,0.17121182,4.429041
8080,8.08,0.16759434,4.4068437
8081,8.081,0.16547588,4.45093
8082,8.082,0.1843716,4.421438
8083,8.083,0.19416846,4.410435
8084,8.084,0.18903306,4.4418826
8085,8.085,0.1968541,4.4040103
8086,8.086,0.18719195,4.4280434
8087,8.087,0.19216914,4.42409
8088,8.088,0.16650264,4.4539557
8089,8.089,0.16945341,4.4145
8090,8.09,0.17892332,4.4111867
8091,8.091,0.17747733,4.3802557
8092,8.092,0.19445027,4.3734484
8093,8.093,0.17296197,4.41642
8094,8.094,0.17419267,4.4628143
8095,8.095,0.16551194,4.435319
8096,8.096,0.1781424,4.4019375
8097,8.097,0.19010413,4.4151874
8098,8.098,0.1852575,4.4286013
8099,8.099,0.18693902,4.3940754
8100,8.1,0.20211077,4.4314623
8101,8.101,0.19905932,4.416425
8102,8.102,0.18942584,4.4432507
8103,8.103,0.18218078,4.433713
8104,8.104,0.17287408,4.424331
8105,8.105,0.18491143,4.440208
8106,8.106,0.18340062,4.418868
8107,8.107,0.17809576,4.4492316
8108,8.108,0.17808747,4.410035
8109,8.109,0.17151055,4.41609
8110,8.11,0.18052752,4.4205494
8111,8.111,0.17950319,4.4212008
8112,8.112,0.18579474,4.4425883
8113,8.113,0.1846687,4.3895
8114,8.114,0.18796931,4.39476
8115,8.115,0.19533928,4.340412
8116,8.116,0.19647682,4.3416257
8117,8.117,0.20165849,4.3410196
8118,8.118,0.20966747,4.3397694
8119,8.119,0.19069453,4.3356366
8120,8.12,0.20035544,4.3730683
8121,8.121,0.2140145,4.350842
8122,8.122,0.19909672,4.4107165
8123,8.123,0.21170498,4.3260655
8124,8.124,0.20024948,4.346389
8125,8.125,0.20523857,4.3592196
8126,8.126,0.22315834,4.2876797
8127,8.127,0.20058963,4.330052
8128,8.128,0.21061261,4.3279624
8129,8.129,0.20558873,4.3192854
8130,8.13,0.21076709,4.2941732
8131,8.131,0.18575136,4.3031945
8132,8.132,0.18443601,4.30444
8133,8.133,0.18588215,4.2910013
8134,8.134,0.19393414,4.3082004
8135,8.135,0.1929156,4.324448
8136,8.136,0.17960222,4.304052
8137,8.137,0.19969535,4.333312
8138,8.138,0.19418874,4.358744
8139,8.139,0.2030141,4.3129125
8140,8.14,0.20242743,4.3792095
8141,8.141,0.19784304,4.297406
8142,8.142,0.19938236,4.346496
8143,8.143,0.18394396,4.3915553
8144,8.144,0.19959334,4.3698087
8145,8.145,0.20128348,4.3699293
8146,8.146,0.17995712,4.344467
8147,8.147,0.177962,4.3328547
8148,8.148,0.1749951,4.2949076
8149,8.149,0.18235935,4.29092
8150,8.15,0.18034577,4.314957
8151,8.151,0.18001728,4.3321285
8152,8.152,0.17550732,4.309105
8153,8.153,0.18865936,4.2821965
8154,8.154,0.18913752,4.2888193
8155,8.155,0.17610927,4.2713504
8156,8.156,0.18260346,4.2881804
8157,8.157,0.1702619,4.263299
8158,8.158,0.1758068,4.278766
8159,8.159,0.17114891,4.307635
8160,8.16,0.18103974,4.3029366
8161,8.161,0.19197245,4.3065863
8162,8.162,0.18124048,4.3173122
8163,8.163,0.17257842,4.316112
8164,8.164,0.16806872,4.3086815
8165,8.165,0.17547612,4.261599
8166,8.166,0.18267655,4.335822
8167,8.167,0.1762528,4.309985
8168,8.168,0.17165112,4.307768
8169,8.169,0.17683725,4.3540134
8170,8.17,0.17186892,4.3320208
8171,8.171,0.1651938,4.3418813
8172,8.172,0.17782193,4.352491
8173,8.173,0.17126104,4.3496256
8174,8.174,0.16933936,4.352385
8175,8.175,0.17496696,4.371942
8176,8.176,0.18284556,4.331443
8177,8.177,0.17760935,4.3218617
8178,8.178,0.18749738,4.328347
8179,8.179,0.18012628,4.416538
8180,8.18,0.18408239,4.3882737
8181,8.181,0.19375196,4.37373
8182,8.182,0.18349586,4.364913
8183,8.183,0.17352736,4.378422
8184,8.184,0.17197664,4.3309255
8185,8.185,0.16948137,4.4002504
8186,8.186,0.18295051,4.3881235
8187,8.187,0.18757021,4.356493
8188,8.188,0.1919715,4.322876
8189,8.189,0.18015872,4.338761
8190,8.19,0.18427815,4.37836
8191,8.191,0.1706081,4.3692074
8192,8.192,0.17162675,4.3840957
8193,8.193,0.16443262,4.3335137
8194,8.194,0.16582428,4.3728933
8195,8.195,0.17100434,4.40451
8196,8.196,0.17611171,4.3645477
8197,8.197,0.17842056,4.3380585
8198,8.198,0.17826428,4.304134
8199,8.199,0.18378533,4.346169
8200,8.2,0.18412416,4.3319883
8201,8.201,0.18033588,4.325103
8202,8.202,0.18793364,4.3179345
8203,8.203,0.18245481,4.3197703
8204,8.204,0.18682708,4.390455
8205,8.205,0.17458394,4.380559
8206,8.206,0.16860199,4.4244485
8207,8.207,0.17002288,4.3381267
8208,8.208,0.16463417,4.32226
8209,8.209,0.17217544,4.357422
8210,8.21,0.15893957,4.3231134
8211,8.211,0.1652545,4.351037
8212,8.212,0.15724349,4.316188
8213,8.213,0.16022308,4.3247538
8214,8.214,0.16303773,4.324147
8215,8.215,0.17692283,4.358437
8216,8.216,0.18460973,4.300803
8217,8.217,0.17221797,4.304836
8218,8.218,0.15965758,4.3239684
8219,8.219,0.18185423,4.3627534
8220,8.22,0.17219259,4.319911
8221,8.221,0.17026117,4.3269596
8222,8.222,0.16654661,4.2953463
8223,8.223,0.16499628,4.2828374
8224,8.224,0.16872858,4.3191752
8225,8.225,0.17791533,4.3166595
8226,8.226,0.18745767,4.2823033
8227,8.227,0.17219974,4.318163
8228,8.228,0.18339491,4.266398
8229,8.229,0.1689312,4.348244
8230,8.23,0.17941508,4.324395
8231,8.231,0.18401217,4.3219438
8232,8.232,0.18253437,4.294277
8233,8.233,0.19572978,4.308021
8234,8.234,0.1727637,4.3277965
8235,8.235,0.16846472,4.328964
8236,8.236,0.17201741,4.299325
8237,8.237,0.16417722,4.3516455
8238,8.238,0.1555297,4.297237
8239,8.239,0.16775213,4.3028917
8240,8.24,0.16350426,4.2910357
8241,8.241,0.16852206,4.2598124
8242,8.242,0.16664374,4.329711
8243,8.243,0.1648616,4.3190184
8244,8.244,0.15252982,4.30992
8245,8.245,0.17276299,4.3205047
8246,8.246,0.16861951,4.3560224
8247,8.247,0.16990957,4.332514
8248,8.248,0.1757634,4.3529634
8249,8.249,0.18619965,4.3608136
8250,8.25,0.15790376,4.30097
8251,8.251,0.17631458,4.364464
8252,8.252,0.16955432,4.326791
8253,8.253,0.16616528,4.31044
8254,8.254,0.1709518,4.32895
8255,8.255,0.16609529,4.374656
8256,8.256,0.15540543,4.3353934
8257,8.257,0.17389324,4.3283043
8258,8.258,0.17654578,4.2842045
8259,8.259,0.17227368,4.336441
8260,8.26,0.16674118,4.3644667
8261,8.261,0.17912437,4.36079
8262,8.262,0.18249324,4.3654585
8263,8.263,0.16790354,4.3408933
8264,8.264,0.18120551,4.2876835
8265,8.265,0.17154032,4.341649
8266,8.266,0.15876217,4.3261642
8267,8.267,0.17654055,4.3220167
8268,8.268,0.1811111,4.3152246
8269,8.269,0.18005112,4.3373823
8270,8.27,0.17442423,4.3518457
8271,8.271,0.18473068,4.3515115
8272,8.272,0.1841422,4.3672614
8273,8.273,0.18326637,4.3665547
8274,8.274,0.17358266,4.364201
8275,8.275,0.1762301,4.350825
8276,8.276,0.16539815,4.3464527
8277,8.277,0.16453809,4.324253
8278,8.278,0.17446549,4.3552914
8279,8.279,0.19434772,4.3510547
8280,8.28,0.17689152,4.319203
8281,8.281,0.18731976,4.380012
8282,8.282,0.18883865,4.3619432
8283,8.283,0.17436284,4.3609576
8284,8.284,0.17565694,4.3681445
8285,8.285,0.1767941,4.4010878
8286,8.286,0.18254313,4.4145074
8287,8.287,0.16606046,4.3578963
8288,8.288,0.17513427,4.3246756
8289,8.289,0.17266396,4.3311296
8290,8.29,0.16957572,4.316961
8291,8.291,0.17907421,4.3355775
8292,8.292,0.16804455,4.3247833
8293,8.293,0.1646932,4.360108
8294,8.294,0.17071445,4.3402715
8295,8.295,0.17029297,4.3418117
8296,8.296,0.1512396,4.3267455
8297,8.297,0.14571624,4.3401604
8298,8.298,0.1600944,4.332578
8299,8.299,0.16160531,4.297544
8300,8.3,0.15766707,4.3061013
8301,8.301,0.15004084,4.317414
8302,8.302,0.15615192,4.3519716
8303,8.303,0.16115277,4.352219
8304,8.304,0.15509036,4.3753433
8305,8.305,0.1541776,4.3808026
8306,8.306,0.15635313,4.312335
8307,8.307,0.16195484,4.3336077
8308,8.308,0.15959978,4.35112
8309,8.309,0.15716209,4.3021708
8310,8.31,0.14497331,4.3385596
8311,8.311,0.14812131,4.3067017
8312,8.312,0.16274992,4.355474
8313,8.313,0.16071655,4.313154
8314,8.314,0.17721435,4.336658
8315,8.315,0.18938328,4.3746085
8316,8.316,0.1900941,4.357772
8317,8.317,0.18886992,4.3828373
8318,8.318,0.17113417,4.3257723
8319,8.319,0.17619903,4.334642
8320,8.32,0.17609249,4.3177533
8321,8.321,0.1785481,4.360373
8322,8.322,0.15235546,4.3902044
8323,8.323,0.15040985,4.3986216
8324,8.324,0.15703362,4.4919977
8325,8.325,0.1586509,4.452774
8326,8.326,0.17066255,4.4062266
8327,8.327,0.16135232,4.396732
8328,8.328,0.16493884,4.3643227
8329,8.329,0.17010969,4.379255
8330,8.33,0.16483846,4.362174
8331,8.331,0.16373478,4.3559966
8332,8.332,0.16891445,4.3362384
8333,8.333,0.17437166,4.360105
8334,8.334,0.18169549,4.3752694
8335,8.335,0.17957515,4.3398724
8336,8.336,0.19257724,4.3372793
8337,8.337,0.17415346,4.3368173
8338,8.338,0.18367517,4.3070335
8339,8.339,0.1800494,4.2955647
8340,8.34,0.18039593,4.300091
8341,8.341,0.16937713,4.318771
8342,8.342,0.16741987,4.2960443
8343,8.343,0.16609047,4.3480315
8344,8.344,0.17565064,4.3726945
8345,8.345,0.17002939,4.3382835
8346,8.346,0.16623563,4.296015
8347,8.347,0.17117085,4.3343654
8348,8.348,0.16233125,4.3744426
8349,8.349,0.17308286,4.295408
8350,8.35,0.17789803,4.3157067
8351,8.351,0.18321197,4.369469
8352,8.352,0.16750547,4.35441
8353,8.353,0.17246465,4.338504
8354,8.354,0.16079347,4.34276
8355,8.355,0.16172254,4.351641
8356,8.356,0.17301816,4.280978
8357,8.357,0.17522137,4.3077707
8358,8.358,0.17592086,4.284723
8359,8.359,0.1817534,4.3222604
8360,8.36,0.18186438,4.2794476
8361,8.361,0.18811296,4.285414
8362,8.362,0.17736636,4.3005295
8363,8.363,0.16724005,4.2997713
8364,8.364,0.1607376,4.3453374
8365,8.365,0.16663672,4.2980676
8366,8.366,0.17311913,4.3121133
8367,8.367,0.1785326,4.313401
8368,8.368,0.16920705,4.345218
8369,8.369,0.16820924,4.3399725
8370,8.37,0.16053115,4.4068713
8371,8.371,0.15661263,4.342975
8372,8.372,0.1698929,4.401519
8373,8.373,0.16991246,4.343468
8374,8.374,0.16544017,4.3203344
8375,8.375,0.16953254,4.32246
8376,8.376,0.16008286,4.366505
8377,8.377,0.17128691,4.314925
8378,8.378,0.1725877,4.276317
8379,8.379,0.17645097,4.268035
8380,8.38,0.1738752,4.3064466
8381,8.381,0.19003421,4.2835307
8382,8.382,0.17476816,4.2643113
8383,8.383,0.18910368,4.254338
8384,8.384,0.17076959,4.2506313
8385,8.385,0.17131169,4.2559524
8386,8.386,0.1613485,4.247806
8387,8.387,0.17804635,4.2665124
8388,8.388,0.17999916,4.3010507
8389,8.389,0.20358731,4.286732
8390,8.39,0.195401,4.2837973
8391,8.391,0.18585733,4.260896
8392,8.392,0.18827511,4.2799954
8393,8.393,0.19119784,4.2774086
8394,8.394,0.20058747,4.2723637
8395,8.395,0.19506505,4.2673516
8396,8.396,0.18919541,4.262904
8397,8.397,0.18930367,4.271342
8398,8.398,0.17732473,4.265181
8399,8.399,0.18453673,4.3012123
8400,8.4,0.18363564,4.3081856
8401,8.401,0.19006108,4.306306
8402,8.402,0.192221,4.312634
8403,8.403,0.19614364,4.309649
8404,8.404,0.188298,4.3437133
8405,8.405,0.18465738,4.3071566
8406,8.406,0.1798617,4.315592
8407,8.407,0.17818625,4.3006186
8408,8.408,0.18406835,4.282016
8409,8.409,0.18177472,4.291366
8410,8.41,0.17941473,4.275044
8411,8.411,0.17902954,4.3421874
8412,8.412,0.17799935,4.2970376
8413,8.413,0.16934009,4.288869
8414,8.414,0.16359079,4.336467
8415,8.415,0.16547662,4.310645
8416,8.416,0.16880186,4.328955
8417,8.417,0.17249782,4.3044615
8418,8.418,0.18131007,4.3205614
8419,8.419,0.18825977,4.3369617
8420,8.42,0.16837412,4.3302975
8421,8.421,0.17094028,4.338313
8422,8.422,0.18743895,4.3037844
8423,8.423,0.17626223,4.308062
8424,8.424,0.1910781,4.2668195
8425,8.425,0.1805531,4.2730856
8426,8.426,0.17910685,4.2347383
8427,8.427,0.1671142,4.3847213
8428,8.428,0.18408306,4.307824
8429,8.429,0.16789365,4.312043
8430,8.43,0.17418844,4.301471
8431,8.431,0.16850963,4.3325477
8432,8.432,0.16814777,4.3641996
8433,8.433,0.16195977,4.3125196
8434,8.434,0.16861732,4.3712835
8435,8.435,0.1558044,4.3102937
8436,8.436,0.1587959,4.3138123
8437,8.437,0.17333153,4.331005
8438,8.438,0.17165865,4.3259144
8439,8.439,0.17070761,4.300914
8440,8.44,0.18355353,4.3789673
8441,8.441,0.174169,4.353662
8442,8.442,0.18261491,4.3126297
8443,8.443,0.17637807,4.327304
8444,8.444,0.18619965,4.296147
8445,8.445,0.1785829,4.3019223
8446,8.446,0.16906336,4.324263
8447,8.447,0.17458218,4.2888346
8448,8.448,0.18335432,4.3441887
8449,8.449,0.17897627,4.3367634
8450,8.45,0.1578496,4.2878838
8451,8.451,0.18485819,4.2847533
8452,8.452,0.17373218,4.2611613
8453,8.453,0.17790116,4.262462
8454,8.454,0.17081462,4.3448877
8455,8.455,0.17706326,4.2481885
8456,8.456,0.19785486,4.244084
8457,8.457,0.18492708,4.2523804
8458,8.458,0.168098,4.310771
8459,8.459,0.15970075,4.288511
8460,8.46,0.17044069,4.257135
8461,8.461,0.1860985,4.24703
8462,8.462,0.16935207,4.271017
8463,8.463,0.17606139,4.2901134
8464,8.464,0.18285465,4.291011
8465,8.465,0.17716955,4.261469
8466,8.466,0.15386401,4.2875495
8467,8.467,0.16759728,4.27596
8468,8.468,0.14740512,4.3112974
8469,8.469,0.16177845,4.2425394
8470,8.47,0.16133669,4.2657557
8471,8.471,0.15874706,4.299821
8472,8.472,0.16981937,4.3090677
8473,8.473,0.16181268,4.3025055
8474,8.474,0.14389127,4.3513937
8475,8.475,0.1570007,4.2644377
8476,8.476,0.15229124,4.281917
8477,8.477,0.14316425,4.305986
8478,8.478,0.15024695,4.3188257
8479,8.479,0.15490022,4.3112054
8480,8.48,0.15903245,4.3458586
8481,8.481,0.18596952,4.332966
8482,8.482,0.17714109,4.3251643
8483,8.483,0.18705548,4.318453
8484,8.484,0.20120277,4.323746
8485,8.485,0.20112477,4.2925406
8486,8.486,0.18905585,4.351651
8487,8.487,0.1788848,4.393192
8488,8.488,0.17387412,4.3797517
8489,8.489,0.15953808,4.3197947
8490,8.49,0.17668965,4.347987
8491,8.491,0.18771055,4.315534
8492,8.492,0.17391376,4.303125
8493,8.493,0.16878253,4.3171086
8494,8.494,0.16762738,4.3305326
8495,8.495,0.17386706,4.3383703
8496,8.496,0.18323012,4.2881374
8497,8.497,0.18057966,4.3319464
8498,8.498,0.1690812,4.3770404
8499,8.499,0.18349554,4.3358593
8500,8.5,0.19112058,4.3416247
8501,8.501,0.18230434,4.323781
8502,8.502,0.17921813,4.3203635
8503,8.503,0.16957718,4.3090625
8504,8.504,0.1700406,4.317711
8505,8.505,0.17166868,4.317144
8506,8.506,0.19001997,4.326794
8507,8.507,0.1737081,4.3801966
8508,8.508,0.16927831,4.3418527
8509,8.509,0.16182789,4.314188
8510,8.51,0.15410855,4.3221493
8511,8.511,0.16057368,4.3705916
8512,8.512,0.16327418,4.349366
8513,8.513,0.17127362,4.3475685
8514,8.514,0.15837027,4.3361535
8515,8.515,0.16864651,4.350785
8516,8.516,0.1768529,4.3402133
8517,8.517,0.17070436,4.3275046
8518,8.518,0.16750914,4.325163
8519,8.519,0.1566861,4.3502994
8520,8.52,0.17232832,4.3589897
8521,8.521,0.16559668,4.3823595
8522,8.522,0.16285233,4.3827777
8523,8.523,0.1795193,4.43073
8524,8.524,0.16262057,4.4199657
8525,8.525,0.1568007,4.3663044
8526,8.526,0.16836023,4.476437
8527,8.527,0.17181198,4.3695664
8528,8.528,0.16052157,4.404141
8529,8.529,0.16208242,4.3937845
8530,8.53,0.1667242,4.4751334
8531,8.531,0.18977469,4.448307
8532,8.532,0.17624825,4.412172
8533,8.533,0.18035363,4.3980637
8534,8.534,0.18137589,4.3971176
8535,8.535,0.17899965,4.3893557
8536,8.536,0.18085034,4.4067855
8537,8.537,0.18314983,4.351869
8538,8.538,0.17744854,4.3769026
8539,8.539,0.19113347,4.3739233
8540,8.54,0.18255661,4.3734636
8541,8.541,0.19844979,4.363985
8542,8.542,0.19132715,4.3529825
8543,8.543,0.2029156,4.3660274
8544,8.544,0.18957163,4.3678946
8545,8.545,0.19161218,4.3622026
8546,8.546,0.17863974,4.3974843
8547,8.547,0.17036739,4.407558
8548,8.548,0.17517221,4.39653
8549,8.549,0.15910788,4.3800325
8550,8.55,0.1601282,4.37988
8551,8.551,0.163787,4.369638
8552,8.552,0.16546583,4.371993
8553,8.553,0.17888927,4.4076834
8554,8.554,0.17514972,4.4103794
8555,8.555,0.1833607,4.3634405
8556,8.556,0.17978096,4.393015
8557,8.557,0.17388228,4.363477
8558,8.558,0.17655659,4.429846
8559,8.559,0.16695727,4.417455
8560,8.56,0.1793235,4.4063067
8561,8.561,0.1874255,4.435614
8562,8.562,0.18682213,4.4339123
8563,8.563,0.19496472,4.424422
8564,8.564,0.17251244,4.448959
8565,8.565,0.16972986,4.4301333
8566,8.566,0.1688609,4.3860555
8567,8.567,0.17107773,4.414992
8568,8.568,0.17819695,4.3563
8569,8.569,0.16950642,4.375251
8570,8.57,0.18253066,4.3710947
8571,8.571,0.17391554,4.407067
8572,8.572,0.17260979,4.40059
8573,8.573,0.18249054,4.3760905
8574,8.574,0.18097448,4.391884
8575,8.575,0.17644748,4.4347115
8576,8.576,0.17954946,4.4240613
8577,8.577,0.18899694,4.459117
8578,8.578,0.17785272,4.4143877
8579,8.579,0.19398332,4.407476
8580,8.58,0.18726458,4.415353
8581,8.581,0.1811977,4.4568925
8582,8.582,0.18585071,4.4143243
8583,8.583,0.17232367,4.4022803
8584,8.584,0.18811263,4.373925
8585,8.585,0.17706361,4.4015474
8586,8.586,0.1841138,4.4474807
8587,8.587,0.18184307,4.3760567
8588,8.588,0.18031575,4.405357
8589,8.589,0.18612428,4.3680024
8590,8.59,0.18710548,4.382107
8591,8.591,0.17732473,4.425374
8592,8.592,0.17543158,4.4594383
8593,8.593,0.17243218,4.4377775
8594,8.594,0.18055718,4.4457383
8595,8.595,0.17078437,4.385464
8596,8.596,0.18909067,4.3702984
8597,8.597,0.17338051,4.4272313
8598,8.598,0.18806258,4.408338
8599,8.599,0.18166909,4.412911
8600,8.6,0.18415357,4.394416
8601,8.601,0.18696336,4.461393
8602,8.602,0.18547821,4.3750777
8603,8.603,0.18922272,4.4430428
8604,8.604,0.1879716,4.445424
8605,8.605,0.19419095,4.4370427
8606,8.606,0.19038421,4.3987317
8607,8.607,0.19055153,4.467596
8608,8.608,0.18425311,4.4136724
8609,8.609,0.18192223,4.3620105
8610,8.61,0.17395763,4.377681
8611,8.611,0.16514388,4.35947
8612,8.612,0.17618716,4.425176
8613,8.613,0.17031863,4.401038
8614,8.614,0.16224368,4.401506
8615,8.615,0.16883612,4.388407
8616,8.616,0.17471218,4.363908
8617,8.617,0.17177223,4.3972054
8618,8.618,0.17537792,4.4056153
8619,8.619,0.17086756,4.4274907
8620,8.62,0.17787279,4.3842015
8621,8.621,0.1804914,4.3912396
8622,8.622,0.18465272,4.443088
8623,8.623,0.17791395,4.4633155
8624,8.624,0.18379673,4.4289665
8625,8.625,0.18256067,4.3877225
8626,8.626,0.18347944,4.4419627
8627,8.627,0.17843193,4.413756
8628,8.628,0.18131074,4.410878
8629,8.629,0.18417862,4.4209967
8630,8.63,0.17977308,4.388633
8631,8.631,0.17742844,4.3954105
8632,8.632,0.18467537,4.414315
8633,8.633,0.19086449,4.4293194
8634,8.634,0.19065095,4.4176536
8635,8.635,0.17850743,4.403063
8636,8.636,0.20028695,4.376744
8637,8.637,0.18545999,4.4151683
8638,8.638,0.18931895,4.374958
8639,8.639,0.18373613,4.4313655
8640,8.64,0.17045404,4.4096727
8641,8.641,0.1905651,4.4237733
8642,8.642,0.20277636,4.4095674
8643,8.643,0.19814572,4.401322
8644,8.644,0.1807353,4.3951406
8645,8.645,0.17084308,4.4485383
8646,8.646,0.18149626,4.4092646
8647,8.647,0.18628652,4.3933744
8648,8.648,0.20048869,4.444395
8649,8.649,0.20368218,4.4013505
8650,8.65,0.2007987,4.414959
8651,8.651,0.19352445,4.42699
8652,8.652,0.19818452,4.429038
8653,8.653,0.19385196,4.486236
8654,8.654,0.18422906,4.4596086
8655,8.655,0.18799649,4.411232
8656,8.656,0.17582464,4.375305
8657,8.657,0.17490928,4.377901
8658,8.658,0.16906482,4.395744
8659,8.659,0.16828385,4.4482265
8660,8.66,0.1658202,4.4429603
8661,8.661,0.16731803,4.438784
8662,8.662,0.18856215,4.4193664
8663,8.663,0.16816314,4.437099
8664,8.664,0.17222331,4.411414
8665,8.665,0.16694622,4.4190583
8666,8.666,0.1633258,4.4092555
8667,8.667,0.16671535,4.3413982
8668,8.668,0.16957246,4.420699
8669,8.669,0.1831878,4.4392757
8670,8.67,0.17277262,4.491015
8671,8.671,0.18770826,4.4788337
8672,8.672,0.1803236,4.443279
8673,8.673,0.1925015,4.4445257
8674,8.674,0.18624854,4.389575
8675,8.675,0.17769837,4.434618
8676,8.676,0.18308432,4.3739862
8677,8.677,0.18343517,4.3963785
8678,8.678,0.16530848,4.409084
8679,8.679,0.1675668,4.380154
8680,8.68,0.17525367,4.4019194
8681,8.681,0.16634847,4.3695436
8682,8.682,0.16079462,4.396111
8683,8.683,0.17674781,4.392464
8684,8.684,0.16782327,4.3603344
8685,8.685,0.16777596,4.3831077
8686,8.686,0.17570633,4.39579
8687,8.687,0.15749253,4.3705177
8688,8.688,0.16543348,4.4701476
8689,8.689,0.15355459,4.481199
8690,8.69,0.16552867,4.4248805
8691,8.691,0.1677635,4.442738
8692,8.692,0.1679834,4.5375896
8693,8.693,0.15063018,4.489331
8694,8.694,0.16104735,4.434159
8695,8.695,0.16155201,4.4485116
8696,8.696,0.16201332,4.50853
8697,8.697,0.16715395,4.4574075
8698,8.698,0.1766618,4.4815927
8699,8.699,0.17976281,4.46109
8700,8.7,0.17800903,4.4218884
8701,8.701,0.17975837,4.442472
8702,8.702,0.17884284,4.486819
8703,8.703,0.18256404,4.432862
8704,8.704,0.17012271,4.417354
8705,8.705,0.17160451,4.3886743
8706,8.706,0.15857527,4.4227085
8707,8.707,0.16446815,4.3676105
8708,8.708,0.17167011,4.3746524
8709,8.709,0.15153751,4.4265394
8710,8.71,0.15867186,4.4010386
8711,8.711,0.17162208,4.38952
8712,8.712,0.17181306,4.3856263
8713,8.713,0.18630338,4.412229
8714,8.714,0.17168051,4.377076
8715,8.715,0.16950932,4.386999
8716,8.716,0.16534829,4.401399
8717,8.717,0.17183669,4.389336
8718,8.718,0.18003745,4.3776813
8719,8.719,0.16701034,4.376783
8720,8.72,0.17012055,4.426267
8721,8.721,0.16803505,4.4191966
8722,8.722,0.16312715,4.3737073
8723,8.723,0.15808174,4.3799934
8724,8.724,0.152153,4.3849406
8725,8.725,0.16241993,4.3434987
8726,8.726,0.15290934,4.346486
8727,8.727,0.14371501,4.3844934
8728,8.728,0.15027972,4.3713684
8729,8.729,0.15424263,4.4329634
8730,8.73,0.15673007,4.4099994
8731,8.731,0.1483977,4.391466
8732,8.732,0.16250135,4.3572955
8733,8.733,0.15617162,4.378342
8734,8.734,0.15466131,4.339987
8735,8.735,0.1589388,4.3258777
8736,8.736,0.14752862,4.4161935
8737,8.737,0.15384881,4.4044023
8738,8.738,0.14985208,4.398453
8739,8.739,0.14829443,4.3595004
8740,8.74,0.15692309,4.405895
8741,8.741,0.15919061,4.3989735
8742,8.742,0.14160949,4.4065475
8743,8.743,0.15658435,4.411813
8744,8.744,0.1568011,4.426404
8745,8.745,0.15486804,4.363205
8746,8.746,0.15875094,4.356079
8747,8.747,0.18337646,4.3620505
8748,8.748,0.16518374,4.364537
8749,8.749,0.1703775,4.3892827
8750,8.75,0.17187929,4.3744164
8751,8.751,0.1711144,4.3842773
8752,8.752,0.16595632,4.377143
8753,8.753,0.16636178,4.361876
8754,8.754,0.17149332,4.434743
8755,8.755,0.18024068,4.412382
8756,8.756,0.16781226,4.4230103
8757,8.757,0.1671672,4.398735
8758,8.758,0.16059169,4.3786845
8759,8.759,0.15815996,4.4013186
8760,8.76,0.1638516,4.372256
8761,8.761,0.17021637,4.3896914
8762,8.762,0.16620119,4.403623
8763,8.763,0.16133669,4.3702164
8764,8.764,0.16906555,4.4132023
8765,8.765,0.17812651,4.379683
8766,8.766,0.16410486,4.3741717
8767,8.767,0.17312339,4.3684187
8768,8.768,0.16407338,4.387207
8769,8.769,0.15865906,4.3833857
8770,8.77,0.17171383,4.3708506
8771,8.771,0.17437589,4.4193764
8772,8.772,0.17992087,4.364788
8773,8.773,0.17607677,4.379647
8774,8.774,0.17716435,4.4030514
8775,8.775,0.1663322,4.3949466
8776,8.776,0.1865443,4.4316854
8777,8.777,0.17505029,4.404191
8778,8.778,0.16420382,4.4203463
8779,8.779,0.1737945,4.436439
8780,8.78,0.16685885,4.424925
8781,8.781,0.16986321,4.4337044
8782,8.782,0.17120823,4.3896966
8783,8.783,0.17805983,4.394017
8784,8.784,0.17514761,4.425995
8785,8.785,0.18377395,4.402387
8786,8.786,0.19442813,4.405049
8787,8.787,0.18309708,4.4261036
8788,8.788,0.18943721,4.4191756
8789,8.789,0.16970955,4.42945
8790,8.79,0.18314178,4.4202266
8791,8.791,0.18562612,4.368306
8792,8.792,0.19112767,4.372907
8793,8.793,0.19325465,4.4123616
8794,8.794,0.19702375,4.3949184
8795,8.795,0.1855923,4.3987327
8796,8.796,0.19477054,4.4431252
8797,8.797,0.18327275,4.4421268
8798,8.798,0.17182022,4.4395742
8799,8.799,0.18768007,4.4410377
8800,8.8,0.18235868,4.4543753
8801,8.801,0.18682839,4.3919864
8802,8.802,0.16375056,4.4737763
8803,8.803,0.17073897,4.453188
8804,8.804,0.17106658,4.438678
8805,8.805,0.17413826,4.4367228
8806,8.806,0.17858256,4.43424
8807,8.807,0.17594919,4.4273243
8808,8.808,0.16891335,4.4531393
8809,8.809,0.17192297,4.4375014
8810,8.81,0.16898182,4.4413724
8811,8.811,0.1835438,4.5173516
8812,8.812,0.16153258,4.5140615
8813,8.813,0.16663007,4.4753323
8814,8.814,0.16578643,4.465345
8815,8.815,0.18229961,4.422986
8816,8.816,0.1736174,4.402007
8817,8.817,0.18794674,4.396577
8818,8.818,0.17662627,4.507636
8819,8.819,0.18357599,4.5062857
8820,8.82,0.18537071,4.5572124
8821,8.821,0.18031508,4.511088
8822,8.822,0.17235045,4.5052505
8823,8.823,0.17941302,4.4949155
8824,8.824,0.1786635,4.4813666
8825,8.825,0.19027527,4.508886
8826,8.826,0.20177928,4.48711
8827,8.827,0.19862674,4.555954
8828,8.828,0.17357273,4.4799867
8829,8.829,0.18898587,4.5442724
8830,8.83,0.1652478,4.5223393
8831,8.831,0.16391993,4.516233
8832,8.832,0.16890644,4.516984
8833,8.833,0.16093576,4.5713296
8834,8.834,0.15684779,4.4941
8835,8.835,0.16315053,4.4771748
8836,8.836,0.17439142,4.486952
8837,8.837,0.1859523,4.4697943
8838,8.838,0.16651225,4.4612913
8839,8.839,0.16464388,4.4800277
8840,8.84,0.15682504,4.513235
8841,8.841,0.16980706,4.5173626
8842,8.842,0.1658636,4.558748
8843,8.843,0.15680973,4.5770383
8844,8.844,0.16151315,4.6139092
8845,8.845,0.16129321,4.5222898
8846,8.846,0.17004892,4.526828
8847,8.847,0.16680759,4.502629
8848,8.848,0.16510588,4.5440326
8849,8.849,0.16964792,4.5092444
8850,8.85,0.16146286,4.5122714
8851,8.851,0.14650747,4.499231
8852,8.852,0.15505664,4.514771
8853,8.853,0.16046329,4.580893
8854,8.854,0.15244226,4.5293913
8855,8.855,0.15894228,4.594157
8856,8.856,0.13546416,4.5012093
8857,8.857,0.13552138,4.493068
8858,8.858,0.14073478,4.494212
8859,8.859,0.15995097,4.5080895
8860,8.86,0.15229204,4.499685
8861,8.861,0.1667648,4.472622
8862,8.862,0.17530738,4.4923687
8863,8.863,0.16749519,4.5031734
8864,8.864,0.15743783,4.4974523
8865,8.865,0.1550618,4.5216155
8866,8.866,0.16246688,4.5429764
8867,8.867,0.16222054,4.5921235
8868,8.868,0.1692176,4.560686
8869,8.869,0.16308792,4.5516486
8870,8.87,0.17628212,4.5436406
8871,8.871,0.18388742,4.5690093
8872,8.872,0.17653917,4.564205
8873,8.873,0.16582613,4.5603337
8874,8.874,0.1566904,4.5227213
8875,8.875,0.14524975,4.5369864
8876,8.876,0.15324415,4.510291
8877,8.877,0.15813428,4.507505
8878,8.878,0.14467719,4.549188
8879,8.879,0.14809805,4.527795
8880,8.88,0.14118698,4.584899
8881,8.881,0.15006748,4.543186
8882,8.882,0.14435789,4.5430717
8883,8.883,0.1536255,4.56952
8884,8.884,0.16902733,4.528735
8885,8.885,0.1567175,4.545736
8886,8.886,0.15258789,4.4941683
8887,8.887,0.15638816,4.566488
8888,8.888,0.15460521,4.5587597
8889,8.889,0.15383361,4.590582
8890,8.89,0.1453607,4.5953836
8891,8.891,0.14379546,4.633269
8892,8.892,0.14440434,4.6518917
8893,8.893,0.14343259,4.5979805
8894,8.894,0.14427517,4.607001
8895,8.895,0.15285783,4.6604004
8896,8.896,0.16031714,4.558902
8897,8.897,0.15627441,4.6168475
8898,8.898,0.14455849,4.6196594
8899,8.899,0.12752277,4.6267858
8900,8.9,0.13906045,4.6350546
8901,8.901,0.14161602,4.6452
8902,8.902,0.14423636,4.699707
8903,8.903,0.14155647,4.671716
8904,8.904,0.120293394,4.655525
8905,8.905,0.11991892,4.6834583
8906,8.906,0.122617595,4.6485777
8907,8.907,0.11982807,4.602052
8908,8.908,0.12853245,4.5693946
8909,8.909,0.13480397,4.573525
8910,8.91,0.14330685,4.563523
8911,8.911,0.12719232,4.5344143
8912,8.912,0.12602796,4.590645
8913,8.913,0.1280721,4.533157
8914,8.914,0.13068435,4.550098
8915,8.915,0.14854896,4.5897
8916,8.916,0.14481194,4.540689
8917,8.917,0.13683526,4.596506
8918,8.918,0.14812464,4.526508
8919,8.919,0.14542162,4.492922
8920,8.92,0.1463377,4.533491
8921,8.921,0.1441681,4.5580916
8922,8.922,0.14849386,4.5597606
8923,8.923,0.15970036,4.5416694
8924,8.924,0.1333931,4.5837536
8925,8.925,0.13883063,4.524275
8926,8.926,0.14489053,4.5550747
8927,8.927,0.14252417,4.5880156
8928,8.928,0.15438338,4.568126
8929,8.929,0.14134899,4.5445943
8930,8.93,0.14974405,4.582514
8931,8.931,0.1489539,4.5758805
8932,8.932,0.14924565,4.6029797
8933,8.933,0.17321542,4.6190815
8934,8.934,0.1710083,4.6707354
8935,8.935,0.1478365,4.638468
8936,8.936,0.14917348,4.6881423
8937,8.937,0.14484678,4.6507864
8938,8.938,0.16741215,4.59594
8939,8.939,0.14530396,4.5892143
8940,8.94,0.15114723,4.6152015
8941,8.941,0.1601036,4.555346
8942,8.942,0.15026292,4.565921
8943,8.943,0.14893861,4.5622406
8944,8.944,0.15872148,4.563752
8945,8.945,0.17365141,4.523985
8946,8.946,0.16598634,4.515393
8947,8.947,0.15249634,4.5130935
8948,8.948,0.1541305,4.5257325
8949,8.949,0.15027766,4.5007153
8950,8.95,0.15076165,4.529244
8951,8.951,0.1555475,4.519193
8952,8.952,0.15458332,4.528164
8953,8.953,0.17398061,4.540291
8954,8.954,0.13548097,4.572635
8955,8.955,0.16066332,4.555852
8956,8.956,0.1554371,4.558763
8957,8.957,0.15342872,4.54325
8958,8.958,0.14667201,4.587222
8959,8.959,0.14597695,4.605645
8960,8.96,0.14681707,4.594416
8961,8.961,0.15426338,4.5862904
8962,8.962,0.15105887,4.6097126
8963,8.963,0.1559315,4.596943
8964,8.964,0.14741513,4.6099253
8965,8.965,0.13994166,4.632217
8966,8.966,0.13931154,4.606282
8967,8.967,0.14661369,4.5336742
8968,8.968,0.15948986,4.575603
8969,8.969,0.14197485,4.592032
8970,8.97,0.1476995,4.634228
8971,8.971,0.1431247,4.609871
8972,8.972,0.1480137,4.55802
8973,8.973,0.1593822,4.5181575
8974,8.974,0.15226296,4.534972
8975,8.975,0.15813038,4.55692
8976,8.976,0.15077634,4.527165
8977,8.977,0.15725327,4.571485
8978,8.978,0.15903439,4.5268507
8979,8.979,0.16548629,4.5327177
8980,8.98,0.18083502,4.460883
8981,8.981,0.16512488,4.4931607
8982,8.982,0.16699523,4.493506
8983,8.983,0.15923196,4.4665966
8984,8.984,0.16017008,4.4333954
8985,8.985,0.16989979,4.4189153
8986,8.986,0.16586657,4.478332
8987,8.987,0.17764366,4.4658585
8988,8.988,0.17688942,4.465166
8989,8.989,0.16514239,4.514246
8990,8.99,0.16787934,4.398454
8991,8.991,0.15248545,4.447083
8992,8.992,0.15121235,4.429131
8993,8.993,0.16139235,4.42524
8994,8.994,0.15920492,4.3880157
8995,8.995,0.15331078,4.3770943
8996,8.996,0.14607048,4.357228
8997,8.997,0.13621694,4.3393397
8998,8.998,0.15415525,4.3708987
8999,8.999,0.14995345,4.461719
9000,9.0,0.14879148,4.4272995
9001,9.001,0.1679083,4.417371
9002,9.002,0.15687406,4.4081
9003,9.003,0.15526561,4.4186935
9004,9.004,0.1596148,4.372301
9005,9.005,0.14897661,4.3866014
9006,9.006,0.14909676,4.4075904
9007,9.007,0.16291013,4.413368
9008,9.008,0.16215035,4.452754
9009,9.009,0.17166725,4.412981
9010,9.01,0.17525789,4.440274
9011,9.011,0.16756423,4.3727107
9012,9.012,0.17455857,4.4405046
9013,9.013,0.17560264,4.3968835
9014,9.014,0.16599561,4.36429
9015,9.015,0.16839422,4.366941
9016,9.016,0.18054934,4.355705
9017,9.017,0.17606035,4.4345207
9018,9.018,0.16503245,4.4045
9019,9.019,0.16111687,4.3673754
9020,9.02,0.16120887,4.336861
9021,9.021,0.1643963,4.329181
9022,9.022,0.14640372,4.3631773
9023,9.023,0.15681367,4.359553
9024,9.024,0.14407589,4.276167
9025,9.025,0.14622247,4.334296
9026,9.026,0.14779155,4.396924
9027,9.027,0.14768994,4.3628793
9028,9.028,0.14744644,4.370798
9029,9.029,0.11846841,4.3254814
9030,9.03,0.120245814,4.334157
9031,9.031,0.13343506,4.3330803
9032,9.032,0.1327759,4.3672953
9033,9.033,0.13676329,4.3856754
9034,9.034,0.1292642,4.404075
9035,9.035,0.13362536,4.3095264
9036,9.036,0.13776243,4.33171
9037,9.037,0.14334506,4.2837515
9038,9.038,0.13780575,4.290953
9039,9.039,0.14028111,4.285683
9040,9.04,0.12776041,4.3232265
9041,9.041,0.12465053,4.326351
9042,9.042,0.1347533,4.342953
9043,9.043,0.12408407,4.321007
9044,9.044,0.15699287,4.305092
9045,9.045,0.14063463,4.297756
9046,9.046,0.14967994,4.2886696
9047,9.047,0.14079335,4.2825933
9048,9.048,0.1496084,4.338703
9049,9.049,0.15741946,4.2933917
9050,9.05,0.14472142,4.3303213
9051,9.051,0.14779946,4.347745
9052,9.052,0.15492484,4.369289
9053,9.053,0.14844993,4.3758554
9054,9.054,0.15280427,4.3319435
9055,9.055,0.14486292,4.3532424
9056,9.056,0.14299567,4.362287
9057,9.057,0.1439225,4.3686156
9058,9.058,0.1596518,4.4378037
9059,9.059,0.13810769,4.367799
9060,9.06,0.13363318,4.369536
9061,9.061,0.13974896,4.310116
9062,9.062,0.14050287,4.354584
9063,9.063,0.14226146,4.3908596
9064,9.064,0.13872555,4.3744974
9065,9.065,0.15409258,4.3929954
9066,9.066,0.1476641,4.4408526
9067,9.067,0.15418917,4.45206
9068,9.068,0.1513055,4.4031534
9069,9.069,0.1561657,4.47376
9070,9.07,0.14085627,4.476105
9071,9.071,0.14022234,4.4590573
9072,9.072,0.13168429,4.4204626
9073,9.073,0.1424823,4.421502
9074,9.074,0.13960096,4.4057436
9075,9.075,0.14717996,4.4346447
9076,9.076,0.15166737,4.326665
9077,9.077,0.14675966,4.392489
9078,9.078,0.1466053,4.3790226
9079,9.079,0.14359593,4.454307
9080,9.08,0.14702103,4.4756093
9081,9.081,0.14761785,4.3935065
9082,9.082,0.14881669,4.475975
9083,9.083,0.1591303,4.532449
9084,9.084,0.14719753,4.400353
9085,9.085,0.15901156,4.437546
9086,9.086,0.17374599,4.486339
9087,9.087,0.1673173,4.4619374
9088,9.088,0.17340073,4.490828
9089,9.089,0.17005037,4.4467244
9090,9.09,0.17913777,4.485535
9091,9.091,0.17206748,4.4402995
9092,9.092,0.17317775,4.5151143
9093,9.093,0.16802771,4.486047
9094,9.094,0.16754954,4.484787
9095,9.095,0.17277119,4.5165195
9096,9.096,0.17056662,4.405685
9097,9.097,0.17384617,4.469236
9098,9.098,0.17688109,4.399837
9099,9.099,0.17557251,4.466474
9100,9.1,0.18936802,4.419338
9101,9.101,0.17990412,4.4823527
9102,9.102,0.18312699,4.399716
9103,9.103,0.1803451,4.4418654
9104,9.104,0.18201622,4.446607
9105,9.105,0.18486352,4.4392924
9106,9.106,0.1787692,4.3766675
9107,9.107,0.17085783,4.399747
9108,9.108,0.16274916,4.361721
9109,9.109,0.17111549,4.3722825
9110,9.11,0.17982954,4.361481
9111,9.111,0.1677932,4.372409
9112,9.112,0.17469035,4.3180356
9113,9.113,0.18326235,4.4226565
9114,9.114,0.1860952,4.4020023
9115,9.115,0.18761547,4.402081
9116,9.116,0.20066138,4.4814167
9117,9.117,0.20040488,4.4813733
9118,9.118,0.20992321,4.491017
9119,9.119,0.19571123,4.4789424
9120,9.12,0.19326325,4.476291
9121,9.121,0.200255,4.5047107
9122,9.122,0.20419928,4.4114637
9123,9.123,0.19942619,4.4360485
9124,9.124,0.18525782,4.531266
9125,9.125,0.18379371,4.5381074
9126,9.126,0.19072549,4.5067096
9127,9.127,0.167425,4.5134063
9128,9.128,0.18331337,4.5446906
9129,9.129,0.17099175,4.524045
9130,9.13,0.18024647,4.5292597
9131,9.131,0.18946773,4.5503397
9132,9.132,0.17341422,4.544397
9133,9.133,0.16737172,4.536344
9134,9.134,0.17095721,4.5217543
9135,9.135,0.17833018,4.5339127
9136,9.136,0.17902233,4.5416713
9137,9.137,0.1784678,4.5516915
9138,9.138,0.16305056,4.521505
9139,9.139,0.186446,4.5208974
9140,9.14,0.1772317,4.4818764
9141,9.141,0.19789933,4.467616
9142,9.142,0.1866241,4.4885135
9143,9.143,0.19590823,4.4349937
9144,9.144,0.17805292,4.480823
9145,9.145,0.17594324,4.528045
9146,9.146,0.18355219,4.526719
9147,9.147,0.18608361,4.554921
9148,9.148,0.1863605,4.5212984
9149,9.149,0.19066516,4.5338736
9150,9.15,0.20415318,4.5833855
9151,9.151,0.18146847,4.5276027
9152,9.152,0.18741663,4.4980645
9153,9.153,0.16591628,4.5164986
9154,9.154,0.1908935,4.523415
9155,9.155,0.18077548,4.474865
9156,9.156,0.17219688,4.469049
9157,9.157,0.1786139,4.5005283
9158,9.158,0.18945734,4.4709415
9159,9.159,0.18890217,4.457064
9160,9.16,0.19198783,4.4168572
9161,9.161,0.1991962,4.495092
9162,9.162,0.18748294,4.513032
9163,9.163,0.20087346,4.465843
9164,9.164,0.20798185,4.494275
9165,9.165,0.1988577,4.495527
9166,9.166,0.20869684,4.465987
9167,9.167,0.19505149,4.476149
9168,9.168,0.21076067,4.4880667
9169,9.169,0.20482175,4.49628
9170,9.17,0.1924414,4.477889
9171,9.171,0.17515746,4.484636
9172,9.172,0.16449696,4.4405107
9173,9.173,0.14909303,4.47027
9174,9.174,0.16266824,4.4555907
9175,9.175,0.16837595,4.5022435
9176,9.176,0.17001817,4.485382
9177,9.177,0.16123636,4.47798
9178,9.178,0.15491769,4.427364
9179,9.179,0.15613143,4.4696126
9180,9.18,0.16235627,4.5074463
9181,9.181,0.16602674,4.422695
9182,9.182,0.16249718,4.505573
9183,9.183,0.17419833,4.4937134
9184,9.184,0.14462829,4.4987416
9185,9.185,0.1683204,4.441403
9186,9.186,0.16066676,4.5204444
9187,9.187,0.15637282,4.511059
9188,9.188,0.14827535,4.498837
9189,9.189,0.1688168,4.538992
9190,9.19,0.17695864,4.5100803
9191,9.191,0.17652766,4.539465
9192,9.192,0.17055689,4.5224657
9193,9.193,0.16750547,4.5206876
9194,9.194,0.15660399,4.55879
9195,9.195,0.15830731,4.521377
9196,9.196,0.15696856,4.548655
9197,9.197,0.15982321,4.5682726
9198,9.198,0.15583836,4.6046977
9199,9.199,0.15493676,4.586191
9200,9.2,0.14705701,4.5926623
9201,9.201,0.14526162,4.537776
9202,9.202,0.16099577,4.560324
9203,9.203,0.14511032,4.5320873
9204,9.204,0.13052182,4.5555105
9205,9.205,0.13645568,4.513524
9206,9.206,0.1540039,4.559605
9207,9.207,0.13573006,4.475087
9208,9.208,0.14161645,4.472498
9209,9.209,0.14904475,4.4933033
9210,9.21,0.14452401,4.4738817
9211,9.211,0.15135875,4.471947
9212,9.212,0.14666572,4.46225
9213,9.213,0.13758904,4.481157
9214,9.214,0.15493834,4.468908
9215,9.215,0.14071554,4.509682
9216,9.216,0.15170023,4.509581
9217,9.217,0.15041271,4.5211644
9218,9.218,0.14301117,4.54322
9219,9.219,0.12993124,4.5273414
9220,9.22,0.13848184,4.5421004
9221,9.221,0.12827034,4.5263643
9222,9.222,0.14376208,4.521931
9223,9.223,0.15464301,4.497027
9224,9.224,0.15554592,4.5246186
9225,9.225,0.15867224,4.6029983
9226,9.226,0.14664222,4.5290256
9227,9.227,0.14726147,4.5366426
9228,9.228,0.14371543,4.506986
9229,9.229,0.14281398,4.514323
9230,9.23,0.14396395,4.4916525
9231,9.231,0.13499917,4.474288
9232,9.232,0.12633173,4.5306683
9233,9.233,0.12871376,4.523339
9234,9.234,0.13945279,4.5227365
9235,9.235,0.13143268,4.5542636
9236,9.236,0.1510002,4.6007094
9237,9.237,0.16333936,4.602077
9238,9.238,0.14234145,4.544794
9239,9.239,0.16011783,4.567359
9240,9.24,0.14999162,4.5284867
9241,9.241,0.14853902,4.535322
9242,9.242,0.15870093,4.589723
9243,9.243,0.14635411,4.6352587
9244,9.244,0.14419284,4.624761
9245,9.245,0.1534239,4.6186876
9246,9.246,0.15662915,4.6272073
9247,9.247,0.15894035,4.619627
9248,9.248,0.1556005,4.5839386
9249,9.249,0.14665733,4.553328
9250,9.25,0.15270115,4.5611687
9251,9.251,0.14430502,4.56676
9252,9.252,0.15335572,4.61322
9253,9.253,0.15871179,4.5799894
9254,9.254,0.16310866,4.588769
9255,9.255,0.19042267,4.564553
9256,9.256,0.16974653,4.573012
9257,9.257,0.1645164,4.5434
9258,9.258,0.17795613,4.573991
9259,9.259,0.18123199,4.598025
9260,9.26,0.18129276,4.572122
9261,9.261,0.16254526,4.552225
9262,9.262,0.15815839,4.5571647
9263,9.263,0.17911236,4.6200004
9264,9.264,0.17304802,4.5981007
9265,9.265,0.16097322,4.575409
9266,9.266,0.15547036,4.6649413
9267,9.267,0.1788597,4.597076
9268,9.268,0.16757526,4.644025
9269,9.269,0.16567914,4.6330895
9270,9.27,0.16850963,4.627653
9271,9.271,0.17398132,4.5736365
9272,9.272,0.19077517,4.5610256
9273,9.273,0.18398108,4.562848
9274,9.274,0.18099521,4.6036687
9275,9.275,0.18951905,4.6373796
9276,9.276,0.18915248,4.576276
9277,9.277,0.1721397,4.540282
9278,9.278,0.19031924,4.5478663
9279,9.279,0.18260548,4.5505967
9280,9.28,0.17587468,4.5739517
9281,9.281,0.16688319,4.592319
9282,9.282,0.17439318,4.617989
9283,9.283,0.1741962,4.6013207
9284,9.284,0.17835227,4.574394
9285,9.285,0.17889202,4.6071024
9286,9.286,0.17611764,4.6266894
9287,9.287,0.16505258,4.598911
9288,9.288,0.17174071,4.6256537
9289,9.289,0.17298615,4.5852137
9290,9.29,0.15508084,4.594291
9291,9.291,0.1492477,4.55288
9292,9.292,0.15756871,4.5736365
9293,9.293,0.1509509,4.598126
9294,9.294,0.16002597,4.5577326
9295,9.295,0.17305478,4.573608
9296,9.296,0.15062405,4.545763
9297,9.297,0.1447261,4.5672684
9298,9.298,0.14939605,4.5980744
9299,9.299,0.14341629,4.551346
9300,9.3,0.14252159,4.5995445
9301,9.301,0.1508722,4.56208
9302,9.302,0.15758783,4.601474
9303,9.303,0.152958,4.563588
9304,9.304,0.15366794,4.599361
9305,9.305,0.14491813,4.5982127
9306,9.306,0.15656902,4.5763316
9307,9.307,0.15734753,4.646675
9308,9.308,0.17000405,4.6279397
9309,9.309,0.16706412,4.6270437
9310,9.31,0.16701844,4.602249
9311,9.311,0.15748316,4.6301675
9312,9.312,0.15486963,4.609322
9313,9.313,0.15612276,4.5705323
9314,9.314,0.16481084,4.571722
9315,9.315,0.15303522,4.5975895
9316,9.316,0.1680149,4.614818
9317,9.317,0.16292712,4.6077876
9318,9.318,0.16924341,4.5628695
9319,9.319,0.1662815,4.5478787
9320,9.32,0.17151988,4.6113653
9321,9.321,0.17653917,4.5973773
9322,9.322,0.16722424,4.568251
9323,9.323,0.17142765,4.622235
9324,9.324,0.16733496,4.589509
9325,9.325,0.17920715,4.6113143
9326,9.326,0.16100991,4.582072
9327,9.327,0.15150625,4.571381
9328,9.328,0.1518482,4.5221896
9329,9.329,0.15368436,4.5871606
9330,9.33,0.15970922,4.5553136
9331,9.331,0.15307824,4.6043396
9332,9.332,0.14880967,4.6303163
9333,9.333,0.14532514,4.62564
9334,9.334,0.15850347,4.609347
9335,9.335,0.13903435,4.556131
9336,9.336,0.15134412,4.570898
9337,9.337,0.14107275,4.5274196
9338,9.338,0.13545372,4.523163
9339,9.339,0.13924968,4.5003715
9340,9.34,0.14308687,4.5396476
9341,9.341,0.14458403,4.5359616
9342,9.342,0.13529965,4.5575786
9343,9.343,0.13832848,4.5537386
9344,9.344,0.14518027,4.5459466
9345,9.345,0.1526012,4.5704465
9346,9.346,0.13667148,4.4707947
9347,9.347,0.13539784,4.466329
9348,9.348,0.15100305,4.498083
9349,9.349,0.14966638,4.474731
9350,9.35,0.15359706,4.5260453
9351,9.351,0.1571746,4.5391283
9352,9.352,0.16043223,4.493666
9353,9.353,0.15797116,4.518803
9354,9.354,0.1557732,4.4911733
9355,9.355,0.13928989,4.508263
9356,9.356,0.14380744,4.4792085
9357,9.357,0.15325218,4.4966574
9358,9.358,0.1487406,4.4873576
9359,9.359,0.15133761,4.474636
9360,9.36,0.14133027,4.4686804
9361,9.361,0.15769672,4.472086
9362,9.362,0.15121885,4.4963384
9363,9.363,0.16705158,4.525456
9364,9.364,0.14198266,4.4772544
9365,9.365,0.14342444,4.4686646
9366,9.366,0.1513555,4.479303
9367,9.367,0.14741723,4.503705
9368,9.368,0.15296847,4.496764
9369,9.369,0.15062487,4.5072265
9370,9.37,0.14270796,4.511137
9371,9.371,0.14281872,4.5008216
9372,9.372,0.15084325,4.521684
9373,9.373,0.13727969,4.478467
9374,9.374,0.12905031,4.5056725
9375,9.375,0.14998218,4.4547467
9376,9.376,0.14299008,4.495728
9377,9.377,0.15191302,4.475277
9378,9.378,0.15534642,4.4787946
9379,9.379,0.15153061,4.5090055
9380,9.38,0.15885903,4.494802
9381,9.381,0.15263467,4.5100965
9382,9.382,0.14798543,4.5668993
9383,9.383,0.1474072,4.5084877
9384,9.384,0.14085276,4.513451
9385,9.385,0.14226146,4.5047197
9386,9.386,0.13411117,4.471798
9387,9.387,0.13861375,4.527174
9388,9.388,0.13454401,4.5078545
9389,9.389,0.14034471,4.5872536
9390,9.39,0.14566514,4.5575056
9391,9.391,0.15423745,4.4995203
9392,9.392,0.16634662,4.4581714
9393,9.393,0.16216213,4.4806027
9394,9.394,0.16525672,4.481088
9395,9.395,0.15514788,4.510263
9396,9.396,0.14919947,4.528727
9397,9.397,0.14740762,4.51988
9398,9.398,0.13955732,4.523879
9399,9.399,0.1361442,4.574803
9400,9.4,0.124257006,4.543802
9401,9.401,0.13614827,4.5452037
9402,9.402,0.15199238,4.5633554
9403,9.403,0.16150972,4.5782323
9404,9.404,0.15803348,4.5748277
9405,9.405,0.1639417,4.637123
9406,9.406,0.15703401,4.646411
9407,9.407,0.15866409,4.602326
9408,9.408,0.17025214,4.603441
9409,9.409,0.18558964,4.616767
9410,9.41,0.18002959,4.5929685
9411,9.411,0.16913322,4.5534415
9412,9.412,0.15181902,4.557927
9413,9.413,0.16737172,4.547597
9414,9.414,0.14736713,4.5087757
9415,9.415,0.15698698,4.5230703
9416,9.416,0.16772644,4.5556865
9417,9.417,0.1396838,4.572852
9418,9.418,0.1460688,4.618294
9419,9.419,0.1480619,4.5850873
9420,9.42,0.15455586,4.5462093
9421,9.421,0.1526407,4.557598
9422,9.422,0.14116038,4.489254
9423,9.423,0.1580393,4.4736886
9424,9.424,0.15959322,4.4949846
9425,9.425,0.15876605,4.5063725
9426,9.426,0.1540782,4.4840584
9427,9.427,0.16101985,4.5351195
9428,9.428,0.1659615,4.5241346
9429,9.429,0.1615482,4.549631
9430,9.43,0.16411537,4.533895
9431,9.431,0.16490862,4.59878
9432,9.432,0.16150972,4.6273775
9433,9.433,0.15172741,4.567685
9434,9.434,0.14777073,4.6570606
9435,9.435,0.15552416,4.630126
9436,9.436,0.15353575,4.6015244
9437,9.437,0.16366224,4.591378
9438,9.438,0.1607288,4.606604
9439,9.439,0.16265273,4.5777655
9440,9.44,0.16849284,4.581167
9441,9.441,0.17454553,4.5705457
9442,9.442,0.16307548,4.5694156
9443,9.443,0.17960188,4.599647
9444,9.444,0.16260128,4.5593033
9445,9.445,0.17413545,4.5454726
9446,9.446,0.15737139,4.58923
9447,9.447,0.17421527,4.5685816
9448,9.448,0.187042,4.586311
9449,9.449,0.19478697,4.615368
9450,9.45,0.18005556,4.6292324
9451,9.451,0.17217723,4.5931206
9452,9.452,0.15778059,4.5552316
9453,9.453,0.18093096,4.570827
9454,9.454,0.16805445,4.5601273
9455,9.455,0.18640012,4.650744
9456,9.456,0.1819601,4.60005
9457,9.457,0.1901313,4.6121893
9458,9.458,0.19824257,4.548696
9459,9.459,0.19141139,4.538737
9460,9.46,0.21099758,4.4802523
9461,9.461,0.20880029,4.49714
9462,9.462,0.19024326,4.5628996
9463,9.463,0.1965604,4.523025
9464,9.464,0.19663364,4.507715
9465,9.465,0.2085181,4.4829535
9466,9.466,0.2012691,4.518686
9467,9.467,0.2061288,4.4741693
9468,9.468,0.20686238,4.4588943
9469,9.469,0.19196604,4.449435
9470,9.47,0.1783219,4.5005713
9471,9.471,0.19482613,4.5307565
9472,9.472,0.1853259,4.62593
9473,9.473,0.19001608,4.6329684
9474,9.474,0.1942803,4.598293
9475,9.475,0.19782749,4.576286
9476,9.476,0.18155423,4.5619383
9477,9.477,0.1830786,4.540889
9478,9.478,0.18111347,4.5151234
9479,9.479,0.18319316,4.5848494
9480,9.48,0.18052787,4.6281276
9481,9.481,0.18978572,4.717722
9482,9.482,0.19352604,4.6587243
9483,9.483,0.18846586,4.6481833
9484,9.484,0.17284097,4.569517
9485,9.485,0.17796686,4.6299767
9486,9.486,0.17394277,4.6718845
9487,9.487,0.1666932,4.6634336
9488,9.488,0.15496415,4.650224
9489,9.489,0.17657575,4.6502347
9490,9.49,0.16711235,4.585993
9491,9.491,0.17055473,4.5741787
9492,9.492,0.16972515,4.601609
9493,9.493,0.16413374,4.643492
9494,9.494,0.16483174,4.6623044
9495,9.495,0.17904913,4.5641174
9496,9.496,0.17785965,4.5455728
9497,9.497,0.17340711,4.55424
9498,9.498,0.16759177,4.59314
9499,9.499,0.16756387,4.542724
9500,9.5,0.17249997,4.573324
9501,9.501,0.18132262,4.550514
9502,9.502,0.17526913,4.5346694
9503,9.503,0.16472906,4.591507
9504,9.504,0.17160344,4.63605
9505,9.505,0.17610472,4.5547986
9506,9.506,0.16789438,4.60566
9507,9.507,0.17158838,4.5931544
9508,9.508,0.1756496,4.6277614
9509,9.509,0.17910136,4.5730543
9510,9.51,0.18023828,4.538979
9511,9.511,0.17942502,4.5691013
9512,9.512,0.15994173,4.5346837
9513,9.513,0.1697585,4.575226
9514,9.514,0.16977842,4.543162
9515,9.515,0.16826592,4.5704727
9516,9.516,0.16147621,4.5513725
9517,9.517,0.15816034,4.561812
9518,9.518,0.14774533,4.545634
9519,9.519,0.17143843,4.534499
9520,9.52,0.17102665,4.5897403
9521,9.521,0.18447936,4.5619497
9522,9.522,0.16291466,4.543724
9523,9.523,0.1673265,4.560282
9524,9.524,0.15501021,4.570865
9525,9.525,0.15202476,4.5229106
9526,9.526,0.1516986,4.5364966
9527,9.527,0.14433871,4.60362
9528,9.528,0.14572595,4.558472
9529,9.529,0.14955534,4.540523
9530,9.53,0.15762296,4.566383
9531,9.531,0.15659025,4.5623136
9532,9.532,0.16323687,4.5965657
9533,9.533,0.16039388,4.5756965
9534,9.534,0.16106416,4.5818496
9535,9.535,0.16485526,4.578713
9536,9.536,0.17338264,4.499258
9537,9.537,0.16492131,4.5664487
9538,9.538,0.1555301,4.526247
9539,9.539,0.15677048,4.503773
9540,9.54,0.1838265,4.510719
9541,9.541,0.17310384,4.547217
9542,9.542,0.18084864,4.509811
9543,9.543,0.18194252,4.505503
9544,9.544,0.17138495,4.5136986
9545,9.545,0.17723934,4.4677105
9546,9.546,0.17740764,4.5257916
9547,9.547,0.17105615,4.5272927
9548,9.548,0.16917396,4.50451
9549,9.549,0.16996062,4.4723244
9550,9.55,0.16681607,4.481529
9551,9.551,0.15743627,4.491192
9552,9.552,0.16574894,4.4606504
9553,9.553,0.1510772,4.4765835
9554,9.554,0.15792441,4.4511137
9555,9.555,0.15772754,4.4863076
9556,9.556,0.1502965,4.4927177
9557,9.557,0.1316441,4.5048137
9558,9.558,0.16349448,4.479261
9559,9.559,0.15014577,4.512934
9560,9.56,0.14046346,4.440584
9561,9.561,0.14504628,4.4325995
9562,9.562,0.16618195,4.494652
9563,9.563,0.15722236,4.4497385
9564,9.564,0.16719517,4.460459
9565,9.565,0.16983096,4.481018
9566,9.566,0.1479559,4.4761467
9567,9.567,0.16166204,4.461473
9568,9.568,0.16796398,4.464486
9569,9.569,0.16743714,4.443832
9570,9.57,0.16214581,4.462485
9571,9.571,0.1751578,4.486131
9572,9.572,0.17844158,4.533638
9573,9.573,0.16125886,4.505811
9574,9.574,0.16412736,4.5599284
9575,9.575,0.17000115,4.4641623
9576,9.576,0.16551566,4.484399
9577,9.577,0.17417678,4.4807286
9578,9.578,0.16503282,4.4625063
9579,9.579,0.16534978,4.4547753
9580,9.58,0.16758369,4.500138
9581,9.581,0.16713665,4.47881
9582,9.582,0.16381255,4.4434175
9583,9.583,0.1637964,4.435363
9584,9.584,0.16791856,4.521373
9585,9.585,0.16568917,4.5720024
9586,9.586,0.15827194,4.5246854
9587,9.587,0.15686034,4.5262976
9588,9.588,0.1634433,4.534762
9589,9.589,0.15475318,4.516632
9590,9.59,0.1635938,4.5062904
9591,9.591,0.16203383,4.539606
9592,9.592,0.15074736,4.5492964
9593,9.593,0.16255625,4.5420423
9594,9.594,0.15470944,4.560999
9595,9.595,0.15519308,4.5597157
9596,9.596,0.16982445,4.5347886
9597,9.597,0.16095945,4.566412
9598,9.598,0.16099462,4.5295057
9599,9.599,0.15961057,4.564821
9600,9.6,0.15735848,4.5125856
9601,9.601,0.16596818,4.545022
9602,9.602,0.16320634,4.4899564
9603,9.603,0.1541752,4.5670266
9604,9.604,0.17080598,4.4933424
9605,9.605,0.17308003,4.5101843
9606,9.606,0.18630767,4.44131
9607,9.607,0.17174035,4.4792457
9608,9.608,0.18144405,4.519043
9609,9.609,0.17226583,4.4641805
9610,9.61,0.17429826,4.470859
9611,9.611,0.1679629,4.46319
9612,9.612,0.17807573,4.4503613
9613,9.613,0.18926013,4.4429746
9614,9.614,0.17890234,4.4588194
9615,9.615,0.17016937,4.4790792
9616,9.616,0.15846038,4.4666595
9617,9.617,0.15761906,4.476845
9618,9.618,0.154432,4.5141835
9619,9.619,0.1599252,4.4665155
9620,9.62,0.16128786,4.4322896
9621,9.621,0.16353625,4.4796405
9622,9.622,0.16981031,4.474113
9623,9.623,0.16434203,4.457981
9624,9.624,0.1625797,4.5398765
9625,9.625,0.1676938,4.4678454
9626,9.626,0.17169161,4.4301305
9627,9.627,0.1646506,4.4196773
9628,9.628,0.16729781,4.3944583
9629,9.629,0.15845843,4.4221296
9630,9.63,0.1514311,4.352506
9631,9.631,0.1563732,4.455092
9632,9.632,0.15397035,4.4351926
9633,9.633,0.16379414,4.392459
9634,9.634,0.15803503,4.448709
9635,9.635,0.15404345,4.414305
9636,9.636,0.14473034,4.4195604
9637,9.637,0.1458593,4.432006
9638,9.638,0.15136567,4.3514013
9639,9.639,0.14785731,4.4399314
9640,9.64,0.16548704,4.415137
9641,9.641,0.16096175,4.41938
9642,9.642,0.17024925,4.4032917
9643,9.643,0.1665647,4.436848
9644,9.644,0.16778806,4.404962
9645,9.645,0.1697853,4.39431
9646,9.646,0.17911613,4.367434
9647,9.647,0.17371376,4.399906
9648,9.648,0.15941887,4.3741746
9649,9.649,0.14954011,4.385849
9650,9.65,0.15367475,4.373436
9651,9.651,0.15506299,4.360005
9652,9.652,0.15793689,4.3688664
9653,9.653,0.15632953,4.4310665
9654,9.654,0.14726147,4.440815
9655,9.655,0.15417121,4.4149046
9656,9.656,0.14155735,4.4207015
9657,9.657,0.14448527,4.4160004
9658,9.658,0.14366361,4.364129
9659,9.659,0.14414974,4.4167852
9660,9.66,0.13751613,4.3957777
9661,9.661,0.14637975,4.4305444
9662,9.662,0.15110081,4.4711432
9663,9.663,0.16571182,4.4446325
9664,9.664,0.16841505,4.456614
9665,9.665,0.1716909,4.4616847
9666,9.666,0.17437306,4.4496856
9667,9.667,0.1752428,4.4234624
9668,9.668,0.1605687,4.4481516
9669,9.669,0.16762848,4.453596
9670,9.67,0.15785311,4.4523387
9671,9.671,0.16624969,4.4244375
9672,9.672,0.14892912,4.4469447
9673,9.673,0.1472999,4.4996986
9674,9.674,0.15057707,4.53731
9675,9.675,0.14362463,4.5904865
9676,9.676,0.15108737,4.6074877
9677,9.677,0.14623298,4.501678
9678,9.678,0.14014201,4.519836
9679,9.679,0.13165018,4.5447383
9680,9.68,0.13061607,4.5757384
9681,9.681,0.13329804,4.603527
9682,9.682,0.12934224,4.564957
9683,9.683,0.12742767,4.621443
9684,9.684,0.12997149,4.5852256
9685,9.685,0.14253841,4.6578364
9686,9.686,0.1303369,4.5610847
9687,9.687,0.13559446,4.5901566
9688,9.688,0.13181739,4.5323796
9689,9.689,0.13952821,4.5628133
9690,9.69,0.13365805,4.5464883
9691,9.691,0.13419557,4.556869
9692,9.692,0.13225542,4.5443354
9693,9.693,0.13283798,4.576589
9694,9.694,0.13740513,4.615478
9695,9.695,0.1297137,4.606902
9696,9.696,0.13514176,4.6248555
9697,9.697,0.136721,4.597831
9698,9.698,0.13614647,4.5125985
9699,9.699,0.14064382,4.541695
9700,9.7,0.13903655,4.560885
9701,9.701,0.13260712,4.5867004
9702,9.702,0.13504611,4.532191
9703,9.703,0.14436683,4.60067
9704,9.704,0.1430761,4.6236205
9705,9.705,0.14282346,4.640971
9706,9.706,0.13197926,4.5940647
9707,9.707,0.146599,4.551551
9708,9.708,0.14207536,4.5498667
9709,9.709,0.1330786,4.5633826
9710,9.71,0.13541329,4.615955
9711,9.711,0.12813404,4.5504785
9712,9.712,0.13310033,4.5805225
9713,9.713,0.13220051,4.478134
9714,9.714,0.12509988,4.4912148
9715,9.715,0.11885263,4.4678574
9716,9.716,0.12303137,4.501568
9717,9.717,0.13304855,4.514523
9718,9.718,0.13826975,4.5230203
9719,9.719,0.14200735,4.4832
9720,9.72,0.14654946,4.5390987
9721,9.721,0.14479877,4.5402045
9722,9.722,0.13982731,4.508851
9723,9.723,0.13226518,4.524789
9724,9.724,0.13882221,4.5034328
9725,9.725,0.14024076,4.5395503
9726,9.726,0.1329042,4.5341535
9727,9.727,0.1465713,4.5378222
9728,9.728,0.1358456,4.4739513
9729,9.729,0.13710882,4.5654597
9730,9.73,0.12995538,4.582828
9731,9.731,0.13777047,4.5088816
9732,9.732,0.14367132,4.4889145
9733,9.733,0.14054185,4.5312853
9734,9.734,0.14523746,4.532639
9735,9.735,0.13614511,4.5164876
9736,9.736,0.13662691,4.56902
9737,9.737,0.1391016,4.5088544
9738,9.738,0.14372613,4.525702
9739,9.739,0.14468485,4.52106
9740,9.74,0.1331239,4.5310526
9741,9.741,0.14673701,4.518294
9742,9.742,0.13618352,4.4659395
9743,9.743,0.13751434,4.4749026
9744,9.744,0.14928687,4.554301
9745,9.745,0.15022607,4.482611
9746,9.746,0.15162924,4.4618287
9747,9.747,0.14330384,4.4747806
9748,9.748,0.13136853,4.5565596
9749,9.749,0.14568372,4.5931144
9750,9.75,0.15399392,4.558833
9751,9.751,0.14894854,4.5579
9752,9.752,0.14422442,4.5637126
9753,9.753,0.15403786,4.559498
9754,9.754,0.14465721,4.6054277
9755,9.755,0.14670178,4.5017514
9756,9.756,0.13449095,4.565746
9757,9.757,0.15505782,4.5728106
9758,9.758,0.15057625,4.5952196
9759,9.759,0.14181268,4.551171
9760,9.76,0.14810927,4.5826287
9761,9.761,0.14746521,4.5391707
9762,9.762,0.1447261,4.520542
9763,9.763,0.13555588,4.5165687
9764,9.764,0.13008836,4.529616
9765,9.765,0.13594069,4.514371
9766,9.766,0.14131983,4.5521274
9767,9.767,0.15183523,4.5692883
9768,9.768,0.159208,4.519657
9769,9.769,0.14596346,4.5188766
9770,9.77,0.14306664,4.520723
9771,9.771,0.14443076,4.5517354
9772,9.772,0.14753613,4.553939
9773,9.773,0.14596346,4.513337
9774,9.774,0.15445311,4.5378103
9775,9.775,0.16320898,4.524666
9776,9.776,0.16224179,4.572974
9777,9.777,0.15825173,4.527176
9778,9.778,0.15123676,4.514472
9779,9.779,0.15584508,4.4475126
9780,9.78,0.1534608,4.50981
9781,9.781,0.14908725,4.458589
9782,9.782,0.15954193,4.4615703
9783,9.783,0.14918545,4.507583
9784,9.784,0.14503738,4.4814515
9785,9.785,0.13579668,4.480344
9786,9.786,0.15518594,4.4987893
9787,9.787,0.14438175,4.5798073
9788,9.788,0.13700916,4.5465
9789,9.789,0.14786854,4.517786
9790,9.79,0.1506698,4.535439
9791,9.791,0.1514124,4.510623
9792,9.792,0.14463338,4.491531
9793,9.793,0.1400098,4.4855657
9794,9.794,0.1499395,4.4632735
9795,9.795,0.15028217,4.484167
9796,9.796,0.16027607,4.5187597
9797,9.797,0.15717931,4.563998
9798,9.798,0.15734285,4.4934525
9799,9.799,0.16375244,4.512057
9800,9.8,0.16645238,4.5631175
9801,9.801,0.16823375,4.5676837
9802,9.802,0.17540668,4.5313206
9803,9.803,0.17918277,4.5251946
9804,9.804,0.18124591,4.5507603
9805,9.805,0.17511424,4.492829
9806,9.806,0.17248605,4.5001807
9807,9.807,0.17488043,4.503864
9808,9.808,0.16996786,4.5142345
9809,9.809,0.1508355,4.5215645
9810,9.81,0.14283508,4.529169
9811,9.811,0.14377321,4.576543
9812,9.812,0.15133151,4.5189176
9813,9.813,0.14503144,4.516705
9814,9.814,0.14473374,4.5846863
9815,9.815,0.15147294,4.4950075
9816,9.816,0.15202719,4.5311437
9817,9.817,0.15074205,4.507874
9818,9.818,0.14710805,4.47691
9819,9.819,0.15157527,4.499696
9820,9.82,0.15148634,4.5124435
9821,9.821,0.15044911,4.540213
9822,9.822,0.15406662,4.497554
9823,9.823,0.1552997,4.514695
9824,9.824,0.14608565,4.538649
9825,9.825,0.15658867,4.540001
9826,9.826,0.1433884,4.525808
9827,9.827,0.1459293,4.5549426
9828,9.828,0.14850712,4.5590224
9829,9.829,0.15808252,4.613579
9830,9.83,0.16925977,4.58158
9831,9.831,0.17430672,4.5688486
9832,9.832,0.1850538,4.6120853
9833,9.833,0.17676103,4.546065
9834,9.834,0.16638693,4.6295485
9835,9.835,0.16721578,4.5802736
9836,9.836,0.16839568,4.5641365
9837,9.837,0.16523662,4.5888433
9838,9.838,0.16603713,4.5637145
9839,9.839,0.17695585,4.6032963
9840,9.84,0.17019865,4.556502
9841,9.841,0.17238936,4.598425
9842,9.842,0.17555253,4.609521
9843,9.843,0.16984147,4.5752172
9844,9.844,0.18189687,4.5794578
9845,9.845,0.17180948,4.595255
9846,9.846,0.187932,4.6030035
9847,9.847,0.17100866,4.6003447
9848,9.848,0.16669984,4.5571394
9849,9.849,0.16323988,4.573897
9850,9.85,0.16223305,4.558093
9851,9.851,0.1745635,4.60851
9852,9.852,0.16462632,4.5670695
9853,9.853,0.1531835,4.5811815
9854,9.854,0.1573444,4.5595617
9855,9.855,0.16007902,4.575943
9856,9.856,0.14887705,4.584981
9857,9.857,0.14997028,4.552904
9858,9.858,0.15862492,4.542737
9859,9.859,0.14878859,4.6192775
9860,9.86,0.14716618,4.5850897
9861,9.861,0.15867883,4.638724
9862,9.862,0.16662785,4.589264
9863,9.863,0.17369321,4.6577153
9864,9.864,0.17012633,4.5500717
9865,9.865,0.17316496,4.63454
9866,9.866,0.17638749,4.547268
9867,9.867,0.17660816,4.6018796
9868,9.868,0.17475057,4.5912514
9869,9.869,0.17150804,4.54949
9870,9.87,0.17497751,4.5373507
9871,9.871,0.19225524,4.5877514
9872,9.872,0.20148635,4.526585
9873,9.873,0.1875256,4.5305586
9874,9.874,0.1749441,4.475133
9875,9.875,0.18620294,4.4532366
9876,9.876,0.19265902,4.47849
9877,9.877,0.1817676,4.509751
9878,9.878,0.18734013,4.478805
9879,9.879,0.18450904,4.464794
9880,9.88,0.18164808,4.486731
9881,9.881,0.19008957,4.5026793
9882,9.882,0.19149624,4.5153956
9883,9.883,0.18442465,4.499703
9884,9.884,0.17149477,4.5375185
9885,9.885,0.16521727,4.557445
9886,9.886,0.16013704,4.5772147
9887,9.887,0.15600686,4.5519276
9888,9.888,0.16511817,4.5802245
9889,9.889,0.1642308,4.575342
9890,9.89,0.15840368,4.6136265
9891,9.891,0.16725956,4.533655
9892,9.892,0.17430742,4.5646276
9893,9.893,0.1708618,4.6074467
9894,9.894,0.16269736,4.56355
9895,9.895,0.1680094,4.5909624
9896,9.896,0.18169855,4.649455
9897,9.897,0.16905062,4.6388497
9898,9.898,0.16896398,4.6102166
9899,9.899,0.1472953,4.6691675
9900,9.9,0.15051945,4.5967546
9901,9.901,0.15070777,4.620522
9902,9.902,0.15430565,4.5962424
9903,9.903,0.15266046,4.5606685
9904,9.904,0.15343834,4.534139
9905,9.905,0.14916235,4.569051
9906,9.906,0.14754114,4.5688887
9907,9.907,0.16021003,4.6087456
9908,9.908,0.14827286,4.551044
9909,9.909,0.14163122,4.59313
9910,9.91,0.15499194,4.5685005
9911,9.911,0.14892209,4.550206
9912,9.912,0.1513803,4.5649056
9913,9.913,0.15805098,4.643586
9914,9.914,0.16099845,4.6383333
9915,9.915,0.16006094,4.611488
9916,9.916,0.16635476,4.549331
9917,9.917,0.1750935,4.611701
9918,9.918,0.17032549,4.568286
9919,9.919,0.17585368,4.6089463
9920,9.92,0.17886314,4.5789566
9921,9.921,0.16343087,4.5998926
9922,9.922,0.17479703,4.51849
9923,9.923,0.16106492,4.605806
9924,9.924,0.1642368,4.607945
9925,9.925,0.14749025,4.5500445
9926,9.926,0.15827544,4.5857587
9927,9.927,0.15144531,4.5613184
9928,9.928,0.14799832,4.569309
9929,9.929,0.14971898,4.5738206
9930,9.93,0.15324134,4.5571156
9931,9.931,0.15225689,4.542607
9932,9.932,0.15359265,4.524863
9933,9.933,0.16597745,4.542994
9934,9.934,0.15125506,4.566699
9935,9.935,0.17937529,4.5702496
9936,9.936,0.17275338,4.5275774
9937,9.937,0.18030246,4.5540595
9938,9.938,0.18421903,4.564
9939,9.939,0.19218002,4.6478853
9940,9.94,0.18908839,4.5882673
9941,9.941,0.17621824,4.5502195
9942,9.942,0.18640572,4.601158
9943,9.943,0.17726052,4.542909
9944,9.944,0.18814926,4.5829067
9945,9.945,0.18007913,4.566859
9946,9.946,0.1854633,4.5074515
9947,9.947,0.1820534,4.5354204
9948,9.948,0.18206286,4.454942
9949,9.949,0.16853337,4.560096
9950,9.95,0.17783716,4.508394
9951,9.951,0.1862046,4.5117335
9952,9.952,0.17571439,4.5004206
9953,9.953,0.17733444,4.520976
9954,9.954,0.18169889,4.5218787
9955,9.955,0.18474498,4.619815
9956,9.956,0.21330033,4.5393634
9957,9.957,0.2013385,4.5028515
9958,9.958,0.20709692,4.496159
9959,9.959,0.20108989,4.523236
9960,9.96,0.18801449,4.476501
9961,9.961,0.17095757,4.5201454
9962,9.962,0.19169822,4.514621
9963,9.963,0.19874814,4.5107985
9964,9.964,0.19696191,4.5211396
9965,9.965,0.19424608,4.494839
9966,9.966,0.19801588,4.4771585
9967,9.967,0.2071887,4.518778
9968,9.968,0.20311894,4.5020022
9969,9.969,0.19150652,4.5922403
9970,9.97,0.1946906,4.610653
9971,9.971,0.18825224,4.593854
9972,9.972,0.20073527,4.571624
9973,9.973,0.18457407,4.5543284
9974,9.974,0.18199258,4.578152
9975,9.975,0.16725846,4.614025
9976,9.976,0.16254829,4.5561333
9977,9.977,0.17069212,4.5653734
9978,9.978,0.17303737,4.5416074
9979,9.979,0.17930804,4.5538945
9980,9.98,0.16793138,4.5380406
9981,9.981,0.16888458,4.519369
9982,9.982,0.16691305,4.481379
9983,9.983,0.16164377,4.5530124
9984,9.984,0.17115144,4.4966693
9985,9.985,0.1571104,4.505536
9986,9.986,0.151362,4.521143
9987,9.987,0.1620961,4.597674
9988,9.988,0.15893143,4.6253433
9989,9.989,0.1613874,4.630549
9990,9.99,0.16092008,4.5895267
9991,9.991,0.15895079,4.545067
9992,9.992,0.13995178,4.53198
9993,9.993,0.17198165,4.502701
9994,9.994,0.15745972,4.515934
9995,9.995,0.14517899,4.5478168
9996,9.996,0.15084814,4.544943
9997,9.997,0.14607301,4.546895
9998,9.998,0.14927986,4.550506
9999,9.999,0.13664088,4.5271273
10000,10.0,0.1395961,4.547543
10001,10.001,0.12708148,4.5577483
10002,10.002,0.1486744,4.5049257
10003,10.003,0.13168195,4.540096
10004,10.004,0.137862,4.534858
10005,10.005,0.16738679,4.538811
10006,10.006,0.17443445,4.533061
10007,10.007,0.16446105,4.5238757
10008,10.008,0.15067142,4.5041447
10009,10.009,0.16477872,4.499215
10010,10.01,0.1682202,4.477509
10011,10.011,0.16211507,4.4785023
10012,10.012,0.16783133,4.4797926
10013,10.013,0.15629527,4.469034
10014,10.014,0.15219586,4.5684996
10015,10.015,0.15122455,4.518053
10016,10.016,0.15377961,4.536951
10017,10.017,0.15886988,4.493395
10018,10.018,0.15809186,4.50611
10019,10.019,0.15703009,4.4027095
10020,10.02,0.16975921,4.4262905
10021,10.021,0.17648862,4.415681
10022,10.022,0.16130656,4.4019446
10023,10.023,0.16588846,4.407735
10024,10.024,0.1768856,4.409367
10025,10.025,0.17640562,4.3973894
10026,10.026,0.1643484,4.385907
10027,10.027,0.16478023,4.4953275
10028,10.028,0.16930193,4.4319243
10029,10.029,0.16522694,4.4815702
10030,10.03,0.16502947,4.45194
10031,10.031,0.17648584,4.5050383
10032,10.032,0.15657257,4.519056
10033,10.033,0.15633543,4.493647
10034,10.034,0.16880842,4.4253173
10035,10.035,0.16161978,4.401668
10036,10.036,0.13753983,4.4601483
10037,10.037,0.15038244,4.416487
10038,10.038,0.15934744,4.4199038
10039,10.039,0.16058747,4.4202366
10040,10.04,0.16051964,4.4961233
10041,10.041,0.15889543,4.379005
10042,10.042,0.15540543,4.375776
10043,10.043,0.15106009,4.3639765
10044,10.044,0.1471503,4.38874
10045,10.045,0.15822878,4.3744392
10046,10.046,0.15584508,4.369528
10047,10.047,0.15807201,4.3660903
10048,10.048,0.14666487,4.3863735
10049,10.049,0.15736748,4.402457
10050,10.05,0.16216667,4.382959
10051,10.051,0.16207673,4.3959556
10052,10.052,0.1643248,4.392776
10053,10.053,0.15461755,4.4262204
10054,10.054,0.15196647,4.4110627
10055,10.055,0.15095212,4.411705
10056,10.056,0.15200858,4.364015
10057,10.057,0.1452324,4.3747816
10058,10.058,0.13774055,4.3901453
10059,10.059,0.13560398,4.3673673
10060,10.06,0.14578842,4.404795
10061,10.061,0.15162031,4.369779
10062,10.062,0.14981061,4.404269
10063,10.063,0.16571404,4.389491
10064,10.064,0.15666802,4.383914
10065,10.065,0.16382982,4.375327
10066,10.066,0.1717973,4.373051
10067,10.067,0.16102557,4.3985586
10068,10.068,0.14767243,4.40353
10069,10.069,0.15698227,4.386872
10070,10.07,0.15904714,4.366318
10071,10.071,0.1471302,4.3956246
10072,10.072,0.14924152,4.370168
10073,10.073,0.16960438,4.3194656
10074,10.074,0.154567,4.3663363
10075,10.075,0.16758883,4.3726773
10076,10.076,0.15838504,4.3889585
10077,10.077,0.15704145,4.3568325
10078,10.078,0.17006484,4.392293
10079,10.079,0.15936598,4.3977733
10080,10.08,0.15975274,4.3705096
10081,10.081,0.16471785,4.423851
10082,10.082,0.16802661,4.3588266
10083,10.083,0.17940067,4.3640304
10084,10.084,0.16481607,4.3818464
10085,10.085,0.15963948,4.371647
10086,10.086,0.15454032,4.3860345
10087,10.087,0.16243848,4.3561883
10088,10.088,0.16107523,4.402135
10089,10.089,0.15480088,4.368592
10090,10.09,0.15086935,4.3816543
10091,10.091,0.16562268,4.327457
10092,10.092,0.15547588,4.3774333
10093,10.093,0.17576724,4.3601856
10094,10.094,0.1621147,4.3710194
10095,10.095,0.15940535,4.344204
10096,10.096,0.16390304,4.353671
10097,10.097,0.15612592,4.3590136
10098,10.098,0.16840701,4.369439
10099,10.099,0.16821326,4.4112277
10100,10.1,0.16161026,4.39042
10101,10.101,0.1577334,4.3768826
10102,10.102,0.153752,4.408643
10103,10.103,0.15221526,4.385839
10104,10.104,0.1548287,4.3923593
10105,10.105,0.16888677,4.3955345
10106,10.106,0.17267074,4.403352
10107,10.107,0.16660717,4.4208274
10108,10.108,0.17194587,4.356793
10109,10.109,0.15799959,4.374206
10110,10.11,0.14883944,4.3726277
10111,10.111,0.15335412,4.3940606
10112,10.112,0.14999777,4.403298
10113,10.113,0.14813668,4.357117
10114,10.114,0.14960429,4.4145246
10115,10.115,0.14751235,4.3996134
10116,10.116,0.14730157,4.361164
10117,10.117,0.15560485,4.3596954
10118,10.118,0.14250733,4.401382
10119,10.119,0.14267606,4.373835
10120,10.12,0.15759681,4.403992
10121,10.121,0.14965446,4.368662
10122,10.122,0.1485386,4.3756933
10123,10.123,0.16318712,4.3781457
10124,10.124,0.1584864,4.388488
10125,10.125,0.17508015,4.3909183
10126,10.126,0.16045639,4.457561
10127,10.127,0.17040314,4.3894854
10128,10.128,0.16790317,4.41164
10129,10.129,0.16585433,4.4210186
10130,10.13,0.14721256,4.408418
10131,10.131,0.16083059,4.405033
10132,10.132,0.1657894,4.4075336
10133,10.133,0.15743159,4.37902
10134,10.134,0.1723026,4.3960543
10135,10.135,0.17952101,4.3794494
10136,10.136,0.15254556,4.459104
10137,10.137,0.15748316,4.419097
10138,10.138,0.15535237,4.4016213
10139,10.139,0.1542885,4.423893
10140,10.14,0.16346626,4.419107
10141,10.141,0.15371199,4.3799367
10142,10.142,0.14215761,4.4235363
10143,10.143,0.16185147,4.4540634
10144,10.144,0.15171646,4.4388533
10145,10.145,0.14839439,4.4032955
10146,10.146,0.14601235,4.410861
10147,10.147,0.15697171,4.469027
10148,10.148,0.15146928,4.460133
10149,10.149,0.15515977,4.446408
10150,10.15,0.1454614,4.417191
10151,10.151,0.15211701,4.4724894
10152,10.152,0.14557514,4.439006
10153,10.153,0.17008004,4.392018
10154,10.154,0.1492407,4.4417524
10155,10.155,0.14426494,4.455562
10156,10.156,0.16460203,4.4110365
10157,10.157,0.15079756,4.4377203
10158,10.158,0.14549945,4.418227
10159,10.159,0.15312968,4.4116516
10160,10.16,0.15623897,4.3848433
10161,10.161,0.13576587,4.432142
10162,10.162,0.14304772,4.4015393
10163,10.163,0.14097546,4.425138
10164,10.164,0.15547708,4.4644394
10165,10.165,0.15152411,4.4193306
10166,10.166,0.1370765,4.4575496
10167,10.167,0.14220911,4.402905
10168,10.168,0.13781556,4.456527
10169,10.169,0.13992408,4.4317107
10170,10.17,0.13939409,4.429288
10171,10.171,0.14609239,4.42819
10172,10.172,0.15322487,4.410335
10173,10.173,0.14814997,4.4487605
10174,10.174,0.13801855,4.4974527
10175,10.175,0.13967146,4.4766994
10176,10.176,0.14538227,4.405197
10177,10.177,0.14543305,4.458643
10178,10.178,0.15728535,4.4592047
10179,10.179,0.14650454,4.3931527
10180,10.18,0.16515952,4.4145722
10181,10.181,0.15769634,4.450138
10182,10.182,0.15553682,4.4086227
10183,10.183,0.14205804,4.4747214
10184,10.184,0.1492506,4.4220614
10185,10.185,0.14808019,4.4203095
10186,10.186,0.14048055,4.4783344
10187,10.187,0.14040563,4.410643
10188,10.188,0.14091128,4.4470315
10189,10.189,0.13326018,4.482118
10190,10.19,0.13887936,4.4652147
10191,10.191,0.14738007,4.48967
10192,10.192,0.15175092,4.4456816
10193,10.193,0.1493911,4.353864
10194,10.194,0.14037846,4.42164
10195,10.195,0.14193888,4.4138236
10196,10.196,0.13678849,4.3853188
10197,10.197,0.13727476,4.4045076
10198,10.198,0.1414569,4.4015756
10199,10.199,0.1505084,4.432924
10200,10.2,0.15477346,4.4203725
10201,10.201,0.16110083,4.478184
10202,10.202,0.17511706,4.4442754
10203,10.203,0.17550066,4.4394875
10204,10.204,0.17332087,4.4277925
10205,10.205,0.1677976,4.429797
10206,10.206,0.18030347,4.418689
10207,10.207,0.17754526,4.4289875
10208,10.208,0.19418304,4.4099016
10209,10.209,0.188554,4.420183
10210,10.21,0.16582724,4.4319935
10211,10.211,0.17968887,4.4151983
10212,10.212,0.178742,4.4204144
10213,10.213,0.16976756,4.3957353
10214,10.214,0.17185172,4.409437
10215,10.215,0.18315858,4.408793
10216,10.216,0.18290713,4.4101763
10217,10.217,0.17524138,4.3961563
10218,10.218,0.17942707,4.3941736
10219,10.219,0.17923804,4.418721
10220,10.22,0.1757851,4.3891263
10221,10.221,0.1736422,4.3979154
10222,10.222,0.1798788,4.39098
10223,10.223,0.16361825,4.4266534
10224,10.224,0.16329114,4.411326
10225,10.225,0.16955033,4.3996053
10226,10.226,0.1668146,4.4208226
10227,10.227,0.15534642,4.3833036
10228,10.228,0.15637831,4.460661
10229,10.229,0.15316503,4.404135
10230,10.23,0.15598989,4.4365616
10231,10.231,0.1628701,4.4061837
10232,10.232,0.14323299,4.4052076
10233,10.233,0.1398119,4.4297733
10234,10.234,0.14530058,4.4777336
10235,10.235,0.14115864,4.4399047
10236,10.236,0.13785307,4.480683
10237,10.237,0.12652737,4.4723787
10238,10.238,0.12651035,4.475991
10239,10.239,0.1386377,4.436095
10240,10.24,0.13540965,4.437839
10241,10.241,0.13698086,4.482466
10242,10.242,0.14261307,4.4590607
10243,10.243,0.1498915,4.414483
10244,10.244,0.15782036,4.406291
10245,10.245,0.15183929,4.4172955
10246,10.246,0.1513803,4.4263163
10247,10.247,0.15453157,4.3844113
10248,10.248,0.16339622,4.420152
10249,10.249,0.16338944,2.8133252
10250,10.25,0.16266975,2.7807515
10251,10.251,0.16621934,4.405483
10252,10.252,0.1604353,2.79674
10253,10.253,0.15585336,4.415956
10254,10.254,0.16958444,4.395905
10255,10.255,0.17104858,4.431304
10256,10.256,0.1477395,4.400565
10257,10.257,0.1594177,4.4153156
10258,10.258,0.16366261,4.4234605
10259,10.259,0.16563457,4.4337807
10260,10.26,0.16742317,4.446004
10261,10.261,0.17490259,4.4054484
10262,10.262,0.16780896,4.424886
10263,10.263,0.16837668,4.405576
10264,10.264,0.16086464,4.4439344
10265,10.265,0.15665664,4.41167
10266,10.266,0.17014332,2.6890805
10267,10.267,0.1741789,4.387492
10268,10.268,0.15970229,4.3778543
10269,10.269,0.16772242,4.381496
10270,10.27,0.16938367,4.3807592
10271,10.271,0.16862644,4.4264393
10272,10.272,0.15859738,2.6736934
10273,10.273,0.16787201,2.5667152
10274,10.274,0.15777943,4.379062
10275,10.275,0.14937669,4.3953767
10276,10.276,0.157405,4.3893023
10277,10.277,0.14978515,4.4079323
10278,10.278,0.14683971,4.3752046
10279,10.279,0.15502568,4.391698
10280,10.28,0.14825293,4.347257
10281,10.281,0.15079796,4.394397
10282,10.282,0.15089585,4.366707
10283,10.283,0.14837283,4.360577
10284,10.284,0.14587912,4.3262105
10285,10.285,0.15228073,4.370561
10286,10.286,0.150258,4.3969483
10287,10.287,0.13913785,4.3986907
10288,10.288,0.15309191,2.9076564
10289,10.289,0.1527209,4.3945045
10290,10.29,0.14428584,4.4002614
10291,10.291,0.14233756,2.8766117
10292,10.292,0.14039424,4.390224
10293,10.293,0.1574222,4.391233
10294,10.294,0.16270491,4.368279
10295,10.295,0.14464912,2.9791138
10296,10.296,0.15230538,4.3982596
10297,10.297,0.1613527,4.3817577
10298,10.298,0.15421031,4.3710217
10299,10.299,0.14464189,4.3954606
10300,10.3,0.16234793,4.400527
10301,10.301,0.1485941,4.415939
10302,10.302,0.15444633,4.4222875
10303,10.303,0.17010897,4.373418
10304,10.304,0.15695837,4.3978596
10305,10.305,0.16060778,4.3747663
10306,10.306,0.15653129,4.3787355
10307,10.307,0.14603467,4.438872
10308,10.308,0.14340384,4.4264317
10309,10.309,0.14143254,4.399272
10310,10.31,0.13299258,4.388797
10311,10.311,0.14369145,4.3960366
10312,10.312,0.13787895,4.4430027
10313,10.313,0.13334927,4.4098144
10314,10.314,0.13848229,4.392105
10315,10.315,0.14679319,4.390796
10316,10.316,0.12530138,4.4148912
10317,10.317,0.13171092,4.4070263
10318,10.318,0.13288984,4.403139
10319,10.319,0.13617086,4.389377
10320,10.32,0.14187948,4.395011
10321,10.321,0.1499268,4.421933
10322,10.322,0.13071778,4.400805
10323,10.323,0.1352487,4.4305367
10324,10.324,0.13159548,4.3817244
10325,10.325,0.13247575,4.432275
10326,10.326,0.13373214,4.424264
10327,10.327,0.1423838,4.405563
10328,10.328,0.15189236,4.422172
10329,10.329,0.15123756,4.407912
10330,10.33,0.13084526,4.437763
10331,10.331,0.13905293,3.0485427
10332,10.332,0.13767755,4.415748
10333,10.333,0.13545054,3.0216167
10334,10.334,0.13436875,2.9427621
10335,10.335,0.14650118,4.378898
10336,10.336,0.14125277,4.4264283
10337,10.337,0.14117478,4.478671
10338,10.338,0.13595879,4.457273
10339,10.339,0.120173134,4.4105816
10340,10.34,0.13216327,4.4185057
10341,10.341,0.12523457,4.4555883
10342,10.342,0.12568624,4.4573975
10343,10.343,0.13174549,4.472857
10344,10.344,0.1330296,2.970195
10345,10.345,0.12661585,4.4275923
10346,10.346,0.13586417,2.8768342
10347,10.347,0.13955997,2.9798126
10348,10.348,0.12885326,3.063746
10349,10.349,0.13161792,3.0466256
10350,10.35,0.13876413,3.1145039
10351,10.351,0.14079335,2.9930995
10352,10.352,0.13810234,2.8940253
10353,10.353,0.14345104,2.8635738
10354,10.354,0.1458846,3.066365
10355,10.355,0.15281917,3.11136
10356,10.356,0.14204374,3.097574
10357,10.357,0.1367552,3.1391833
10358,10.358,0.14077936,3.0934317
10359,10.359,0.141483,3.0050125
10360,10.36,0.1368555,3.0074391
10361,10.361,0.14526585,3.065574
10362,10.362,0.1250984,3.0146468
10363,10.363,0.13529782,3.0682843
10364,10.364,0.15111506,2.971666
10365,10.365,0.14660949,3.0069923
10366,10.366,0.14387803,2.9749026
10367,10.367,0.14223377,3.0477967
10368,10.368,0.123943165,3.0602045
10369,10.369,0.13478434,2.9851723
10370,10.37,0.13577493,2.9788127
10371,10.371,0.13682896,2.947894
10372,10.372,0.13464916,3.0069518
10373,10.373,0.13684246,3.0250554
10374,10.374,0.13024859,3.0771067
10375,10.375,0.14409468,3.1706161
10376,10.376,0.14186127,3.1318989
10377,10.377,0.14153692,3.1309948
10378,10.378,0.14667663,3.2352164
10379,10.379,0.1412545,3.2162578
10380,10.38,0.14325145,3.2216518
10381,10.381,0.13930403,3.2043085
10382,10.382,0.14666446,3.1960483
10383,10.383,0.1491475,3.0296533
10384,10.384,0.1430245,3.0793364
10385,10.385,0.14599928,3.089002
10386,10.386,0.14950474,2.9676015
10387,10.387,0.15545848,3.0067134
10388,10.388,0.16255927,2.900429
10389,10.389,0.14897703,2.8950725
10390,10.39,0.1567332,2.8340623
10391,10.391,0.15956469,2.7354584
10392,10.392,0.15610148,2.8994837
10393,10.393,0.15936366,2.7955475
10394,10.394,0.15516254,2.829925
10395,10.395,0.15393278,2.968274
10396,10.396,0.15012528,2.8735368
10397,10.397,0.15741946,2.8723514
10398,10.398,0.15762337,2.8001657
10399,10.399,0.14807145,2.7402716
10400,10.4,0.15474364,2.6993065
10401,10.401,0.16069435,2.740726
10402,10.402,0.14323685,2.6266706
10403,10.403,0.14235614,2.560019
10404,10.404,0.15027358,2.5687857
10405,10.405,0.16218375,2.5955396
10406,10.406,0.17230797,2.54358
10407,10.407,0.17746139,2.5837877
10408,10.408,0.16490676,2.5228355
10409,10.409,0.1708049,2.5109115
10410,10.41,0.16350013,2.5052853
10411,10.411,0.16246045,2.6187472
10412,10.412,0.15640114,2.7427564
10413,10.413,0.14140819,2.581073
10414,10.414,0.14808932,2.6268106
10415,10.415,0.14485952,2.586852
10416,10.416,0.1537336,2.4354784
10417,10.417,0.15305774,2.4770424
10418,10.418,0.1578071,2.3459058
10419,10.419,0.15721688,2.3928545
10420,10.42,0.1554474,2.4221387
10421,10.421,0.15325499,2.4990797
10422,10.422,0.15086567,2.3721588
10423,10.423,0.14994402,2.3890777
10424,10.424,0.15655331,2.2625208
10425,10.425,0.15473887,2.2920904
10426,10.426,0.15738311,2.3866315
10427,10.427,0.16780713,2.3988853
10428,10.428,0.17112231,2.3604548
10429,10.429,0.17308784,2.3941605
10430,10.43,0.16873878,2.4431543
10431,10.431,0.15440091,2.3999698
10432,10.432,0.16187958,2.5499873
10433,10.433,0.16444421,2.6012433
10434,10.434,0.1629207,2.5717652
10435,10.435,0.15783088,2.5645392
10436,10.436,0.1511639,2.5155542
10437,10.437,0.15867302,2.5162845
10438,10.438,0.16070084,2.5834649
10439,10.439,0.16053881,2.6141787
10440,10.44,0.16338342,2.5683208
10441,10.441,0.16860637,2.6369126
10442,10.442,0.16060433,2.6365173
10443,10.443,0.1795844,2.6366487
10444,10.444,0.17191008,2.6166484
10445,10.445,0.16798596,2.4726598
10446,10.446,0.16292183,2.643734
10447,10.447,0.15870325,2.6893609
10448,10.448,0.15962714,2.652499
10449,10.449,0.1538904,2.590466
10450,10.45,0.16125734,2.4359372
10451,10.451,0.15183158,2.4405708
10452,10.452,0.16036126,2.5030093
10453,10.453,0.14672276,2.502187
10454,10.454,0.15676068,2.566926
10455,10.455,0.15747379,2.5081177
10456,10.456,0.16801636,2.412125
10457,10.457,0.16667475,2.4904819
10458,10.458,0.15827583,2.3775036
10459,10.459,0.17580435,2.4070385
10460,10.46,0.14509252,2.3715444
10461,10.461,0.15029405,2.3424463
10462,10.462,0.15173551,2.2243721
10463,10.463,0.14838567,2.3655772
10464,10.464,0.15378322,2.4252965
10465,10.465,0.14855807,2.3677602
10466,10.466,0.16021003,2.3097994
10467,10.467,0.14499877,2.3815913
10468,10.468,0.15066653,2.4906847
10469,10.469,0.15315458,2.4282262
10470,10.47,0.14478262,2.4121563
10471,10.471,0.15262096,2.4792552
10472,10.472,0.14828116,2.501866
10473,10.473,0.15930612,2.5707679
10474,10.474,0.16096672,2.4511616
10475,10.475,0.16889878,2.5134044
10476,10.476,0.15078327,2.645806
10477,10.477,0.16424766,2.6106896
10478,10.478,0.16729082,2.6321633
10479,10.479,0.17636482,2.6119363
10480,10.48,0.17116977,2.5865703
10481,10.481,0.16171569,2.608416
10482,10.482,0.16194344,2.5575104
10483,10.483,0.16010477,2.4436104
10484,10.484,0.15731625,2.4561374
10485,10.485,0.16382757,2.3894534
10486,10.486,0.16301623,2.4434283
10487,10.487,0.16327833,2.4285524
10488,10.488,0.16123062,2.3932552
10489,10.489,0.1628784,2.48912
10490,10.49,0.15572225,2.3508453
10491,10.491,0.16764536,2.3270621
10492,10.492,0.17170775,2.2784603
10493,10.493,0.17064308,2.3703985
10494,10.494,0.183462,2.3438954
10495,10.495,0.18655849,2.4143841
10496,10.496,0.18270552,2.4091744
10497,10.497,0.1626338,2.4269562
10498,10.498,0.16493735,2.352886
10499,10.499,0.16178149,2.304633
10500,10.5,0.16729487,2.3202095
10501,10.501,0.16526678,2.3540144
10502,10.502,0.16549261,2.354097
10503,10.503,0.17794299,2.2194967
10504,10.504,0.17493707,2.094276
10505,10.505,0.17978609,2.0817013
10506,10.506,0.17337838,2.1408582
10507,10.507,0.17596212,2.2294538
10508,10.508,0.15558824,2.2645755
10509,10.509,0.16883393,2.1244903
10510,10.51,0.17453778,2.1253884
10511,10.511,0.17316142,2.1993158
10512,10.512,0.1740128,2.1623645
10513,10.513,0.16795594,2.0523431
10514,10.514,0.18018433,1.9302421
10515,10.515,0.17244217,1.7981032
10516,10.516,0.17562123,1.7856671
10517,10.517,0.16205509,1.773894
10518,10.518,0.15647312,1.6857488
10519,10.519,0.15798986,1.7239136
10520,10.52,0.16375506,1.7922959
10521,10.521,0.1611898,1.8602288
10522,10.522,0.1625127,1.849383
10523,10.523,0.16738568,1.915567
10524,10.524,0.16730112,1.9706556
10525,10.525,0.15791664,1.9507767
10526,10.526,0.14847563,1.839259
10527,10.527,0.14177798,1.9702191
10528,10.528,0.16062808,1.9154241
10529,10.529,0.13892765,1.8121701
10530,10.53,0.15953422,1.7957592
10531,10.531,0.15549845,1.7444679
10532,10.532,0.15835007,1.6599902
10533,10.533,0.15572383,1.6475202
10534,10.534,0.15280789,1.602187
10535,10.535,0.14472651,1.4955868
10536,10.536,0.14552188,1.6243373
10537,10.537,0.13970272,1.5557574
10538,10.538,0.15100347,1.6716521
10539,10.539,0.14386989,1.6235102
10540,10.54,0.1420628,1.6622967
10541,10.541,0.15230295,1.7290803
10542,10.542,0.15591098,1.8021053
10543,10.543,0.15736279,1.7816902
10544,10.544,0.16356295,1.5918511
10545,10.545,0.15238898,1.6263947
10546,10.546,0.1515777,1.6389437
10547,10.547,0.14315565,1.6467447
10548,10.548,0.15085466,1.6552013
10549,10.549,0.15927601,1.5642457
10550,10.55,0.15019043,1.5149857
10551,10.551,0.16090211,1.362283
10552,10.552,0.1554751,1.4142001
10553,10.553,0.15368436,1.4965509
10554,10.554,0.1407667,1.5391514
10555,10.555,0.15118793,1.4717455
10556,10.556,0.156816,1.3880887
10557,10.557,0.15124285,1.5386779
10558,10.558,0.14499198,1.5596213
10559,10.559,0.14783692,1.4630123
10560,10.56,0.16327266,1.5498979
10561,10.561,0.14771076,1.5775669
10562,10.562,0.16006978,1.5500135
10563,10.563,0.15981513,1.476554
10564,10.564,0.15354738,1.411148
10565,10.565,0.14801702,1.5787147
10566,10.566,0.16272685,1.5869349
10567,10.567,0.15195149,1.5832013
10568,10.568,0.15233405,1.7718015
10569,10.569,0.14280277,1.7186918
10570,10.57,0.14834546,1.6841518
10571,10.571,0.15639012,1.7357401
10572,10.572,0.15643221,1.7853628
10573,10.573,0.1505456,1.7412436
10574,10.574,0.14082393,1.8071556
10575,10.575,0.14067443,1.7368281
10576,10.576,0.15974696,1.6628631
10577,10.577,0.15878929,1.6783673
10578,10.578,0.14817116,1.5621427
10579,10.579,0.16172786,1.5571849
10580,10.58,0.157128,1.4842569
10581,10.581,0.16380766,1.5863721
10582,10.582,0.16720547,1.6444201
10583,10.583,0.17589812,1.6583805
10584,10.584,0.18094149,1.6356641
10585,10.585,0.18159793,1.5735121
10586,10.586,0.16400436,1.5008383
10587,10.587,0.15952419,1.648619
10588,10.588,0.16024612,1.7261912
10589,10.589,0.14925884,1.575212
10590,10.59,0.15057665,1.6538079
10591,10.591,0.15649042,1.8328952
10592,10.592,0.15571472,1.8224459
10593,10.593,0.15221162,1.791842
10594,10.594,0.16474475,1.5693259
10595,10.595,0.16665961,1.6469818
10596,10.596,0.1626724,1.6542951
10597,10.597,0.15297973,1.7045437
10598,10.598,0.15814011,1.7152485
10599,10.599,0.14552315,1.9035662
10600,10.6,0.15130427,1.711843
10601,10.601,0.14644824,1.6839966
10602,10.602,0.15440848,1.6605911
10603,10.603,0.15051495,1.6339382
10604,10.604,0.14794342,1.6693475
10605,10.605,0.1511985,1.5643876
10606,10.606,0.14533487,1.5752773
10607,10.607,0.14776157,1.4858946
10608,10.608,0.14867027,1.6030993
10609,10.609,0.15000844,1.530609
10610,10.61,0.14790058,1.6181387
10611,10.611,0.15510623,1.7268577
10612,10.612,0.146802,1.6894275
10613,10.613,0.1438545,1.6612487
10614,10.614,0.14549395,1.6646005
10615,10.615,0.14730324,1.7074999
10616,10.616,0.14370859,1.7668623
10617,10.617,0.14569427,1.7417147
10618,10.618,0.15290692,1.6940689
10619,10.619,0.13672416,1.6881258
10620,10.62,0.14134856,1.6583666
10621,10.621,0.14729363,1.7447948
10622,10.622,0.124956675,1.6702842
10623,10.623,0.13040817,1.6170043
10624,10.624,0.1394272,1.5781636
10625,10.625,0.13188085,1.5344177
10626,10.626,0.13103604,1.4925588
10627,10.627,0.13472864,1.5751256
10628,10.628,0.14853197,1.5910393
10629,10.629,0.14972188,1.5476805
10630,10.63,0.13147481,1.6295906
10631,10.631,0.15080693,1.6467959
10632,10.632,0.13553908,1.6923294
10633,10.633,0.14074832,1.4968385
10634,10.634,0.14300169,1.5186353
10635,10.635,0.1465377,1.4742541
10636,10.636,0.14626664,1.5658203
10637,10.637,0.16081719,1.5242438
10638,10.638,0.15399073,1.6788102
10639,10.639,0.14020962,1.7965811
10640,10.64,0.12936318,1.8670936
10641,10.641,0.1358361,1.7454308
10642,10.642,0.13279721,1.6442411
10643,10.643,0.14194539,1.8194599
10644,10.644,0.13025473,1.8840814
10645,10.645,0.1304775,1.9151716
10646,10.646,0.14304127,1.854378
10647,10.647,0.13785218,1.8073581
10648,10.648,0.1437685,1.7395147
10649,10.649,0.13495587,1.7868236
10650,10.65,0.14691763,1.810495
10651,10.651,0.14475542,1.713033
10652,10.652,0.13573459,1.6202654
10653,10.653,0.13046147,1.7577552
10654,10.654,0.13134745,1.8702226
10655,10.655,0.13678354,1.7720186
10656,10.656,0.13826708,1.650504
10657,10.657,0.14005682,1.68829
10658,10.658,0.13567701,1.6736965
10659,10.659,0.14314103,1.7902976
10660,10.66,0.13795434,1.9352156
10661,10.661,0.13124248,1.8985599
10662,10.662,0.14001727,2.0900905
10663,10.663,0.13128701,1.9708624
10664,10.664,0.14648563,1.9679056
10665,10.665,0.13850139,1.8695517
10666,10.666,0.1377057,1.841045
10667,10.667,0.13508484,1.8450633
10668,10.668,0.13185145,1.9493929
10669,10.669,0.14873192,1.988914
10670,10.67,0.13075307,2.081676
10671,10.671,0.13979563,2.010518
10672,10.672,0.14220566,2.0173888
10673,10.673,0.13655123,1.961274
10674,10.674,0.14609155,1.8797
10675,10.675,0.14057468,1.874598
10676,10.676,0.1469528,1.9327275
10677,10.677,0.14009635,2.017039
10678,10.678,0.14172068,1.9398345
10679,10.679,0.1262382,2.0141897
10680,10.68,0.12861763,2.1524496
10681,10.681,0.1346784,2.1789095
10682,10.682,0.13150476,2.1855078
10683,10.683,0.14751694,2.2720208
10684,10.684,0.14141515,2.2562788
10685,10.685,0.1463726,2.1735125
10686,10.686,0.13702667,2.1209183
10687,10.687,0.14026314,2.176958
10688,10.688,0.1560459,2.2036486
10689,10.689,0.1537576,2.126406
10690,10.69,0.15882146,2.1902254
10691,10.691,0.14542417,2.347721
10692,10.692,0.15439454,2.4053934
10693,10.693,0.17157261,2.3540454
10694,10.694,0.16484667,2.3259838
10695,10.695,0.15824045,2.2888455
10696,10.696,0.16100036,2.2036495
10697,10.697,0.1510947,2.294319
10698,10.698,0.1487708,2.243481
10699,10.699,0.14321494,2.1755278
10700,10.7,0.15113339,2.3575587
10701,10.701,0.16356784,2.2257633
10702,10.702,0.1596283,2.231653
10703,10.703,0.16156991,2.1700368
10704,10.704,0.1567438,2.2096097
10705,10.705,0.15724152,2.1872697
10706,10.706,0.1676483,2.1595957
10707,10.707,0.16668361,2.125871
10708,10.708,0.16171113,2.2223146
10709,10.709,0.16265726,2.2435236
10710,10.71,0.16253656,2.266527
10711,10.711,0.15279703,2.1912866
10712,10.712,0.14744727,2.321212
10713,10.713,0.14592889,2.2374697
10714,10.714,0.15556689,2.226707
10715,10.715,0.15138558,2.2222772
10716,10.716,0.16166508,2.040941
10717,10.717,0.15052639,1.9939865
10718,10.718,0.14960717,2.0510576
10719,10.719,0.15057543,1.920446
10720,10.72,0.14587997,1.8819145
10721,10.721,0.15298738,1.9151235
10722,10.722,0.15933162,1.9780269
10723,10.723,0.15405184,1.8691697
10724,10.724,0.1544312,1.9414244
10725,10.725,0.14855187,1.9013964
10726,10.726,0.147597,1.8795688
10727,10.727,0.15272775,1.8697307
10728,10.728,0.15166982,1.9166613
10729,10.729,0.15053171,1.7423016
10730,10.73,0.15846038,1.6931407
10731,10.731,0.16187997,1.5577983
10732,10.732,0.15721922,1.5151612
10733,10.733,0.14507343,1.4854583
10734,10.734,0.15981089,1.5943907
10735,10.735,0.15602145,1.4229206
10736,10.736,0.15439415,1.4303803
10737,10.737,0.13691032,1.3765543
10738,10.738,0.13574593,1.4356247
10739,10.739,0.14379203,1.4639856
10740,10.74,0.1379967,1.3793406
10741,10.741,0.14421844,1.3742044
10742,10.742,0.14689668,1.3759791
10743,10.743,0.15421471,1.3241737
10744,10.744,0.15900266,1.3315338
10745,10.745,0.13723262,1.4435902
10746,10.746,0.15284936,1.4681585
10747,10.747,0.13339402,1.4534948
10748,10.748,0.14570187,1.5872006
10749,10.749,0.13538375,1.5152565
10750,10.75,0.1349782,1.4272113
10751,10.751,0.1541317,1.2998654
10752,10.752,0.1511399,1.2172273
10753,10.753,0.16093461,1.3510549
10754,10.754,0.14722134,1.1930457
10755,10.755,0.1465478,1.2582599
10756,10.756,0.15519942,1.2078921
10757,10.757,0.15512647,1.3618248
10758,10.758,0.14134638,1.5023026
10759,10.759,0.14691888,1.6745043
10760,10.76,0.15198429,1.6736308
10761,10.761,0.15630946,1.6345897
10762,10.762,0.1563307,1.5249722
10763,10.763,0.15795207,1.4217478
10764,10.764,0.15054151,1.5037509
10765,10.765,0.16032635,1.3999687
10766,10.766,0.15669198,1.4109362
10767,10.767,0.1569474,1.3652067
10768,10.768,0.1475428,1.4140295
10769,10.769,0.15438059,1.4583205
10770,10.77,0.15134493,1.5493171
10771,10.771,0.15102099,1.598657
10772,10.772,0.1459234,1.6475811
10773,10.773,0.14159472,1.6745427
10774,10.774,0.14476392,1.8017479
10775,10.775,0.14557007,1.689381
10776,10.776,0.14318357,1.7494979
10777,10.777,0.13928945,1.7023873
10778,10.778,0.15291618,1.6655906
10779,10.779,0.1598259,1.6330621
10780,10.78,0.17030057,1.755597
10781,10.781,0.16850016,1.8532892
10782,10.782,0.17626572,1.6783165
10783,10.783,0.16611381,1.6630687
10784,10.784,0.17483398,1.7489147
10785,10.785,0.1721833,1.6268984
10786,10.786,0.16529247,1.5760902
10787,10.787,0.16385235,1.6148514
10788,10.788,0.15414447,1.649387
10789,10.789,0.15648845,1.6555315
10790,10.79,0.16053,1.6798927
10791,10.791,0.16312036,1.5773883
10792,10.792,0.15081878,1.5173001
10793,10.793,0.14472099,1.6484164
10794,10.794,0.14355052,1.6579862
10795,10.795,0.13848718,1.6102394
10796,10.796,0.13888867,1.705019
10797,10.797,0.14783484,1.6060482
10798,10.798,0.151438,1.60929
10799,10.799,0.13930005,1.6678993
10800,10.8,0.1305402,1.6889659
10801,10.801,0.13597146,1.7832075
10802,10.802,0.1406753,1.9283854
10803,10.803,0.14382756,1.9478214
10804,10.804,0.15446983,1.9717757
10805,10.805,0.15548222,2.0683265
10806,10.806,0.15733619,2.0528262
10807,10.807,0.15213035,2.1776273
10808,10.808,0.14290485,2.160804
10809,10.809,0.14042446,2.1887205
10810,10.81,0.13174829,2.2152295
10811,10.811,0.1291099,2.2741275
10812,10.812,0.12908559,2.1782465
10813,10.813,0.1264836,2.1628587
10814,10.814,0.13991441,2.1642354
10815,10.815,0.14719753,2.1842048
10816,10.816,0.15460362,2.045084
10817,10.817,0.15005723,2.1047015
10818,10.818,0.15198347,1.9253455
10819,10.819,0.14407589,1.945495
10820,10.82,0.15157242,1.8764626
10821,10.821,0.15511891,2.0038726
10822,10.822,0.14930253,1.9694854
10823,10.823,0.15340506,1.9793884
10824,10.824,0.14840972,2.0143933
10825,10.825,0.15029854,1.838115
10826,10.826,0.14240195,2.019402
10827,10.827,0.14998505,1.9989365
10828,10.828,0.14695196,1.7928908
10829,10.829,0.14816535,1.8604643
10830,10.83,0.14533572,1.8865261
10831,10.831,0.14528364,1.9666538
10832,10.832,0.13953835,1.8044698
10833,10.833,0.14393702,1.9389002
10834,10.834,0.1321018,2.0000515
10835,10.835,0.13643539,2.0476334
10836,10.836,0.14167683,2.061358
10837,10.837,0.15058443,1.9431777
10838,10.838,0.1542183,1.898657
10839,10.839,0.14728151,1.8025659
10840,10.84,0.14998668,1.7845721
10841,10.841,0.15377282,1.7467846
10842,10.842,0.13497001,1.761049
10843,10.843,0.13266835,1.6927954
10844,10.844,0.1372084,1.8534906
10845,10.845,0.1386843,1.7878231
10846,10.846,0.12609336,1.8947234
10847,10.847,0.12235187,2.0378807
10848,10.848,0.11995893,2.2330575
10849,10.849,0.14173283,2.1609073
10850,10.85,0.13720527,2.2255466
10851,10.851,0.13784815,2.2181497
10852,10.852,0.14407204,2.1606162
10853,10.853,0.13641915,2.1011705
10854,10.854,0.13171373,2.219552
10855,10.855,0.13185053,2.1350758
10856,10.856,0.13152206,2.1166124
10857,10.857,0.13816692,2.153563
10858,10.858,0.13797887,2.084643
10859,10.859,0.14934167,2.0291128
10860,10.86,0.13969304,2.0336337
10861,10.861,0.15003428,2.1073534
10862,10.862,0.14216195,2.2801764
10863,10.863,0.15289645,2.363339
10864,10.864,0.15102994,2.3542469
10865,10.865,0.14895885,2.326264
10866,10.866,0.14535561,2.4417498
10867,10.867,0.14326906,2.4730775
10868,10.868,0.1564271,2.5114055
10869,10.869,0.15813777,2.5572112
10870,10.87,0.14785023,2.5001106
10871,10.871,0.14793053,2.5562088
10872,10.872,0.1446823,2.6085155
10873,10.873,0.14285447,2.6119452
10874,10.874,0.15096393,2.6829126
10875,10.875,0.15046874,2.8056946
10876,10.876,0.15488511,2.9507034
10877,10.877,0.15217686,3.0035136
10878,10.878,0.15435308,2.977729
10879,10.879,0.14909676,2.8337064
10880,10.88,0.15484102,2.7940242
10881,10.881,0.15528463,2.9732184
10882,10.882,0.13210227,3.0322366
10883,10.883,0.12229755,3.0228803
10884,10.884,0.13898522,2.997478
10885,10.885,0.12658669,3.1011627
10886,10.886,0.12765874,3.0741649
10887,10.887,0.13338156,3.1493206
10888,10.888,0.13175203,3.126465
10889,10.889,0.12733541,3.1885362
10890,10.89,0.12268231,3.223225
10891,10.891,0.13176604,3.2598002
10892,10.892,0.13748659,3.2509007
10893,10.893,0.13360049,3.1346705
10894,10.894,0.14390367,3.1869283
10895,10.895,0.13732673,3.056185
10896,10.896,0.13682896,3.0544863
10897,10.897,0.13375928,2.9692047
10898,10.898,0.14232588,3.0026257
10899,10.899,0.14524424,2.9872963
10900,10.9,0.14278899,2.858706
10901,10.901,0.14736128,2.8849542
10902,10.902,0.13003774,2.9948595
10903,10.903,0.131717,2.9237535
10904,10.904,0.12794568,2.9503057
10905,10.905,0.13397668,2.9031458
10906,10.906,0.14266613,2.9392142
10907,10.907,0.13943867,2.883902
10908,10.908,0.14784192,2.8317077
10909,10.909,0.14836162,2.7736137
10910,10.91,0.15103565,2.7742033
10911,10.911,0.15178984,2.7160633
10912,10.912,0.14775324,2.6616805
10913,10.913,0.14435661,2.648262
10914,10.914,0.13487971,2.748166
10915,10.915,0.1398559,2.6048794
10916,10.916,0.13256535,2.5270493
10917,10.917,0.1315824,2.5653386
10918,10.918,0.13447952,2.5127547
10919,10.919,0.13856934,2.4931312
10920,10.92,0.13425927,2.5347648
10921,10.921,0.13667239,2.4465587
10922,10.922,0.13195127,2.5042396
10923,10.923,0.11667342,2.5132167
10924,10.924,0.12877923,2.5715938
10925,10.925,0.120285206,2.5698555
10926,10.926,0.12506938,2.630355
10927,10.927,0.12168374,2.5789137
10928,10.928,0.1279875,2.527818
10929,10.929,0.13785262,2.5188096
10930,10.93,0.1348382,2.5847576
10931,10.931,0.13961682,2.5017965
10932,10.932,0.13179451,2.553571
10933,10.933,0.122030616,2.640892
10934,10.934,0.13388847,2.5355499
10935,10.935,0.14508234,2.5081837
10936,10.936,0.13893916,2.529676
10937,10.937,0.14721717,2.741451
10938,10.938,0.15796532,2.7370603
10939,10.939,0.14139296,2.784213
10940,10.94,0.13946646,2.797116
10941,10.941,0.14104266,2.7568502
10942,10.942,0.12745424,2.8005688
10943,10.943,0.13325973,2.9010124
10944,10.944,0.14177017,2.8433452
10945,10.945,0.13820522,2.9856234
10946,10.946,0.13904142,2.9836578
10947,10.947,0.14232157,2.8751702
10948,10.948,0.13322741,2.8893976
10949,10.949,0.13924748,2.9538722
10950,10.95,0.12541622,2.8761687
10951,10.951,0.13796595,2.8201346
10952,10.952,0.14963102,2.660449
10953,10.953,0.13159128,2.6671593
10954,10.954,0.14419071,2.7440958
10955,10.955,0.1453755,2.787092
10956,10.956,0.15024777,2.745982
10957,10.957,0.1522876,2.7362514
10958,10.958,0.1511521,2.7788358
10959,10.959,0.15253828,2.7497177
10960,10.96,0.15450011,2.821139
10961,10.961,0.14872861,2.7538562
10962,10.962,0.15376641,2.6647751
10963,10.963,0.15299422,2.743876
10964,10.964,0.16156343,2.6953735
10965,10.965,0.15010725,2.7046804
10966,10.966,0.1641195,2.791903
10967,10.967,0.16377985,2.76679
10968,10.968,0.1505031,2.6746747
10969,10.969,0.16157639,2.6843753
10970,10.97,0.14631037,2.710195
10971,10.971,0.14909138,2.684042
10972,10.972,0.1428032,2.7596297
10973,10.973,0.14317928,2.6953235
10974,10.974,0.14446993,2.758635
10975,10.975,0.13292965,2.7743125
10976,10.976,0.14079379,2.7822175
10977,10.977,0.14115429,2.8622017
10978,10.978,0.15123227,2.943799
10979,10.979,0.16120048,2.8863034
10980,10.98,0.15518792,2.9811382
10981,10.981,0.16228084,2.9549131
10982,10.982,0.15972924,2.9653945
10983,10.983,0.15498321,2.9394376
10984,10.984,0.1721783,2.8001463
10985,10.985,0.1680603,2.88183
10986,10.986,0.17097303,2.9446943
10987,10.987,0.16061927,2.883556
10988,10.988,0.14978924,2.8310528
10989,10.989,0.14792679,2.6674066
10990,10.99,0.16460688,2.6994295
10991,10.991,0.14863302,2.7184439
10992,10.992,0.14997685,2.7521234
10993,10.993,0.14957508,2.5488021
10994,10.994,0.15948099,2.6308248
10995,10.995,0.17254704,2.7348197
10996,10.996,0.18302752,2.820058
10997,10.997,0.16715837,2.8541358
10998,10.998,0.17414534,2.7951944
10999,10.999,0.17628072,2.6639278
11000,11.0,0.16569696,2.639932
11001,11.001,0.17345962,2.677554
11002,11.002,0.15671004,2.6075635
11003,11.003,0.16033901,2.643881
11004,11.004,0.14950843,2.7067952
11005,11.005,0.14110066,2.7134588
11006,11.006,0.1382208,2.8206675
11007,11.007,0.1401363,2.8670964
11008,11.008,0.13874196,2.8818405
11009,11.009,0.13941395,2.8564863
11010,11.01,0.14849013,2.8266542
11011,11.011,0.13502742,2.8094049
11012,11.012,0.14554554,2.9337783
11013,11.013,0.14319046,2.9952772
11014,11.014,0.15275152,2.9902222
11015,11.015,0.1419003,3.1520424
11016,11.016,0.13743378,3.0203183
11017,11.017,0.14098288,3.1283088
11018,11.018,0.14331716,3.1092036
11019,11.019,0.13552003,3.2445886
11020,11.02,0.13789725,3.220477
11021,11.021,0.12842232,3.2035856
11022,11.022,0.12618555,3.2994528
11023,11.023,0.14114209,3.3363662
11024,11.024,0.14692433,3.4025643
11025,11.025,0.13898078,3.4195511
11026,11.026,0.1387872,3.5069091
11027,11.027,0.13978286,3.5275266
11028,11.028,0.13732271,3.4699557
11029,11.029,0.1526923,3.3787267
11030,11.03,0.15062445,3.4136648
11031,11.031,0.15380882,3.3909488
11032,11.032,0.14591286,3.382695
11033,11.033,0.14602625,3.304206
11034,11.034,0.15660086,3.3364084
11035,11.035,0.15103768,3.357003
11036,11.036,0.1457213,3.3918848
11037,11.037,0.15635471,3.426331
11038,11.038,0.15025964,3.4772296
11039,11.039,0.13503017,3.5176194
11040,11.04,0.15825367,3.543622
11041,11.041,0.14231075,3.4553323
11042,11.042,0.15548815,3.4957244
11043,11.043,0.14746939,3.5876403
11044,11.044,0.15679169,3.4733586
11045,11.045,0.141712,3.5474813
11046,11.046,0.15904793,3.5072625
11047,11.047,0.15718831,3.4331455
11048,11.048,0.17044501,3.501652
11049,11.049,0.1672555,3.560788
11050,11.05,0.15439932,3.4809976
11051,11.051,0.15346801,3.6016653
11052,11.052,0.16557327,3.6633189
11053,11.053,0.16849029,3.6302013
11054,11.054,0.16100761,3.672261
11055,11.055,0.1556167,3.6670182
11056,11.056,0.15741165,3.6419334
11057,11.057,0.14919245,3.5951338
11058,11.058,0.15097901,3.5814445
11059,11.059,0.15898485,3.6057122
11060,11.06,0.1537364,3.5463147
11061,11.061,0.15277044,3.623681
11062,11.062,0.1544559,3.7226858
11063,11.063,0.14925183,3.7511227
11064,11.064,0.15409297,3.728831
11065,11.065,0.16575265,3.728133
11066,11.066,0.16095679,3.7421823
11067,11.067,0.16611937,3.7932796
11068,11.068,0.16077855,3.8381712
11069,11.069,0.16499777,3.8619142
11070,11.07,0.15703245,3.771387
11071,11.071,0.15857527,3.8026142
11072,11.072,0.15408339,3.726799
11073,11.073,0.15538207,3.7023103
11074,11.074,0.14404684,3.6544385
11075,11.075,0.1405611,3.802006
11076,11.076,0.16250437,3.751112
11077,11.077,0.13306658,3.8092265
11078,11.078,0.13345166,3.7974563
11079,11.079,0.12512004,3.8420293
11080,11.08,0.13006376,3.7500694
11081,11.081,0.13505295,3.8958144
11082,11.082,0.14245768,3.9392552
11083,11.083,0.14844206,3.963067
11084,11.084,0.14463593,3.9379256
11085,11.085,0.14016134,3.963107
11086,11.086,0.13701725,3.9454212
11087,11.087,0.12793991,3.9119778
11088,11.088,0.13586327,3.8636951
11089,11.089,0.14421333,3.7901688
11090,11.09,0.14303912,3.7521095
11091,11.091,0.13862306,3.6934557
11092,11.092,0.14463295,3.6973677
11093,11.093,0.14209138,3.7775142
11094,11.094,0.13298288,3.783325
11095,11.095,0.13255653,3.6382143
11096,11.096,0.15192719,3.5694697
11097,11.097,0.14319304,3.5236943
11098,11.098,0.14436811,3.5995123
11099,11.099,0.1320487,3.6593301
11100,11.1,0.13759708,3.635136
11101,11.101,0.14368331,3.613019
11102,11.102,0.14643018,3.5340455
11103,11.103,0.14329784,3.5759234
11104,11.104,0.13145983,3.6777158
11105,11.105,0.1426989,3.651283
11106,11.106,0.1377334,3.5093212
11107,11.107,0.1263108,3.5342932
11108,11.108,0.13559763,3.5320423
11109,11.109,0.15099858,3.5569956
11110,11.11,0.13521913,3.6506581
11111,11.111,0.13327172,3.7304664
11112,11.112,0.13453533,3.7374992
11113,11.113,0.15160327,3.6435554
11114,11.114,0.15598397,3.7702496
11115,11.115,0.15827894,3.6756027
11116,11.116,0.15537614,3.6938944
11117,11.117,0.15568312,3.6367729
11118,11.118,0.14737047,3.738888
11119,11.119,0.16374417,3.7567492
11120,11.12,0.16129778,3.7647328
11121,11.121,0.17105506,3.8392634
11122,11.122,0.16814667,3.8415668
11123,11.123,0.17909484,3.7724357
11124,11.124,0.17851296,3.775257
11125,11.125,0.18398477,3.7456834
11126,11.126,0.19197117,3.7821887
11127,11.127,0.17945005,3.8158662
11128,11.128,0.19704968,3.7718275
11129,11.129,0.19219764,3.8164294
11130,11.13,0.19014943,3.880155
11131,11.131,0.19134323,3.854608
11132,11.132,0.17832604,3.8220372
11133,11.133,0.18083163,3.812245
11134,11.134,0.18299626,3.8995855
11135,11.135,0.19645019,3.8568661
11136,11.136,0.18178216,4.015714
11137,11.137,0.18460973,4.2236333
11138,11.138,0.18877152,4.359623
11139,11.139,0.18137826,4.099008
11140,11.14,0.18629347,4.2082357
11141,11.141,0.18822086,4.0434895
11142,11.142,0.18099181,4.008512
11143,11.143,0.17268641,4.0642757
11144,11.144,0.16221447,4.0987663
11145,11.145,0.15483308,3.984957
11146,11.146,0.15160733,3.915575
11147,11.147,0.15610108,3.95988
11148,11.148,0.15397793,4.040295
11149,11.149,0.16084741,4.2260146
11150,11.15,0.14696619,4.2560697
11151,11.151,0.14337724,4.26278
11152,11.152,0.15484777,4.339714
11153,11.153,0.14951296,4.3684726
11154,11.154,0.1581331,4.3097057
11155,11.155,0.15975429,4.3970985
11156,11.156,0.16580424,4.4019566
11157,11.157,0.16724263,4.4389734
11158,11.158,0.16670834,4.3711686
11159,11.159,0.16431993,4.352739
11160,11.16,0.15934011,4.295537
11161,11.161,0.17558478,4.259626
11162,11.162,0.16390641,4.188829
11163,11.163,0.17215042,4.3342533
11164,11.164,0.1820142,4.427394
11165,11.165,0.18676582,4.347491
11166,11.166,0.1777001,4.2966714
11167,11.167,0.17582394,4.2035375
11168,11.168,0.17070365,4.2858768
11169,11.169,0.17644782,4.38876
11170,11.17,0.14853323,4.4571843
11171,11.171,0.16084819,4.4533744
11172,11.172,0.14919369,4.298219
11173,11.173,0.15319034,4.399859
11174,11.174,0.1573358,4.3033895
11175,11.175,0.14807561,4.344787
11176,11.176,0.15813233,4.343212
11177,11.177,0.15565585,4.3090305
11178,11.178,0.15135875,4.2398734
11179,11.179,0.15105276,4.226144
11180,11.18,0.15240917,4.294341
11181,11.181,0.15072776,4.332599
11182,11.182,0.16000213,4.377876
11183,11.183,0.16767178,4.3145766
11184,11.184,0.16564348,4.344027
11185,11.185,0.15205957,4.4038157
11186,11.186,0.15796766,4.3283224
11187,11.187,0.16761747,4.4188623
11188,11.188,0.16882554,4.467491
11189,11.189,0.1725335,4.481139
11190,11.19,0.17063586,4.4706345
11191,11.191,0.16960765,4.440513
11192,11.192,0.1653602,4.432922
11193,11.193,0.1563484,4.395814
11194,11.194,0.16459717,4.3517823
11195,11.195,0.16127184,4.3126807
11196,11.196,0.1628289,4.3317337
11197,11.197,0.15291376,4.405973
11198,11.198,0.16545022,4.2723703
11199,11.199,0.15404545,4.242188
11200,11.2,0.13858221,4.1986775
11201,11.201,0.13986208,4.184823
11202,11.202,0.14906125,4.237801
11203,11.203,0.14628178,4.1571665
11204,11.204,0.15580954,4.169597
11205,11.205,0.1409772,4.2921543
11206,11.206,0.15104868,4.3191733
11207,11.207,0.13105951,4.28798
11208,11.208,0.12175299,4.318586
11209,11.209,0.13419785,4.3264427
11210,11.21,0.11868115,4.313397
11211,11.211,0.13020512,4.430423
11212,11.212,0.12938838,4.522673
11213,11.213,0.13324448,4.5356407
11214,11.214,0.13387929,4.391879
11215,11.215,0.13752194,4.3298497
11216,11.216,0.14903814,4.228428
11217,11.217,0.15154198,4.2335434
11218,11.218,0.14080077,4.1859345
11219,11.219,0.1409078,4.135844
11220,11.22,0.14603974,4.094285
11221,11.221,0.14956398,4.2211785
11222,11.222,0.14803655,4.272207
11223,11.223,0.14918998,4.2175784
11224,11.224,0.15987942,4.1345553
11225,11.225,0.1451595,4.1570597
11226,11.226,0.15281877,4.1142693
11227,11.227,0.1539044,4.04239
11228,11.228,0.15269713,4.0473576
11229,11.229,0.14692433,4.0195436
11230,11.23,0.14707291,4.0089455
11231,11.231,0.15167509,4.000896
11232,11.232,0.1517935,4.036365
11233,11.233,0.16000597,3.9979255
11234,11.234,0.15164344,4.2298074
11235,11.235,0.16088605,4.253372
11236,11.236,0.15559457,4.26905
11237,11.237,0.16024458,4.39221
11238,11.238,0.16552979,4.350403
11239,11.239,0.16107027,4.437399
11240,11.24,0.16468798,4.38746
11241,11.241,0.1861623,4.3741603
11242,11.242,0.16345721,4.450113
11243,11.243,0.16615196,4.5646
11244,11.244,0.16800427,4.4623575
11245,11.245,0.14387675,4.3797054
11246,11.246,0.1471068,4.4678464
11247,11.247,0.15848522,4.511542
11248,11.248,0.15773964,4.5410066
11249,11.249,0.16435513,4.608142
11250,11.25,0.149601,4.6483784
11251,11.251,0.14548592,4.483774
11252,11.252,0.13695931,4.446724
11253,11.253,0.14217623,4.4131303
11254,11.254,0.1366895,4.3979445
11255,11.255,0.13733794,4.413023
11256,11.256,0.13170765,4.3855433
11257,11.257,0.12951006,4.2518444
11258,11.258,0.13836183,4.2619057
11259,11.259,0.1204028,4.3320413
11260,11.26,0.12145346,4.3485985
11261,11.261,0.111950345,4.2990103
11262,11.262,0.115805335,4.1420407
11263,11.263,0.11859143,4.1190147
11264,11.264,0.11887437,4.284039
11265,11.265,0.1117914,4.2712474
11266,11.266,0.110210545,4.2239966
11267,11.267,0.12551332,4.2961297
11268,11.268,0.12602112,4.327394
11269,11.269,0.1238657,4.377414
11270,11.27,0.12868124,4.470385
11271,11.271,0.12474773,4.3428817
11272,11.272,0.13611484,4.4212093
11273,11.273,0.12313485,4.442788
11274,11.274,0.13454676,4.409733
11275,11.275,0.13782762,4.3522706
11276,11.276,0.13290976,4.4044867
11277,11.277,0.12569456,4.340346
11278,11.278,0.11888265,4.455096
11279,11.279,0.12514709,4.4208293
11280,11.28,0.12564462,4.506338
11281,11.281,0.11326984,4.4667687
11282,11.282,0.12099209,4.4407578
11283,11.283,0.11909982,4.3881335
11284,11.284,0.12524538,4.3609047
11285,11.285,0.13212742,4.185876
11286,11.286,0.13627294,4.0761714
11287,11.287,0.13292873,4.12597
11288,11.288,0.12630934,4.1409793
11289,11.289,0.12984408,4.091694
11290,11.29,0.13748838,3.927389
11291,11.291,0.13509029,3.9200635
11292,11.292,0.13298704,3.880409
11293,11.293,0.13883993,3.7751176
11294,11.294,0.14325833,3.809741
11295,11.295,0.13750942,3.7234066
11296,11.296,0.13012335,3.58209
11297,11.297,0.13352679,3.5569007
11298,11.298,0.14246933,3.4968104
11299,11.299,0.12666638,3.4759686
11300,11.3,0.12136629,3.5995383
11301,11.301,0.13530056,3.6024258
11302,11.302,0.1211547,3.6968355
11303,11.303,0.13273604,3.6538727
11304,11.304,0.123457216,3.6936355
11305,11.305,0.12768525,3.6819942
11306,11.306,0.124362424,3.4938927
11307,11.307,0.1404201,3.5919058
11308,11.308,0.1441506,3.597749
11309,11.309,0.14940593,3.5711462
11310,11.31,0.15435429,3.4610846
11311,11.311,0.15829022,3.4369574
11312,11.312,0.14791307,3.4635086
11313,11.313,0.14072908,3.560221
11314,11.314,0.14921638,3.5412915
11315,11.315,0.14412798,3.591087
11316,11.316,0.13497911,3.53318
11317,11.317,0.14742056,3.5770054
11318,11.318,0.14005725,3.5689008
11319,11.319,0.14259754,3.4703567
11320,11.32,0.1380961,3.5158756
11321,11.321,0.13944353,3.5455987
11322,11.322,0.13723217,3.6522236
11323,11.323,0.14312126,3.6292365
11324,11.324,0.14420095,3.6092525
11325,11.325,0.144435,3.6237314
11326,11.326,0.1523494,3.6361535
11327,11.327,0.14600013,3.6463478
11328,11.328,0.13986471,3.5772192
11329,11.329,0.15175782,3.7368927
11330,11.33,0.15622874,3.85947
11331,11.331,0.15476829,3.760774
11332,11.332,0.16216174,3.902497
11333,11.333,0.15316664,3.979219
11334,11.334,0.16636178,4.029467
11335,11.335,0.16228804,3.8471045
11336,11.336,0.1683237,3.8238778
11337,11.337,0.16181535,3.8417587
11338,11.338,0.15800893,3.9418864
11339,11.339,0.15810275,3.9644947
11340,11.34,0.15994212,4.044969
11341,11.341,0.14907528,4.085776
11342,11.342,0.15175012,3.9687047
11343,11.343,0.15297088,4.051621
11344,11.344,0.14752236,4.0439825
11345,11.345,0.16359343,4.15844
11346,11.346,0.1569858,4.2082896
11347,11.347,0.1681119,4.334966
11348,11.348,0.17250139,4.4058213
11349,11.349,0.15523233,4.45783
11350,11.35,0.17012091,4.4144287
11351,11.351,0.18029153,4.4482894
11352,11.352,0.16550897,4.31286
11353,11.353,0.15591256,4.2537465
11354,11.354,0.15811132,4.322147
11355,11.355,0.1540091,4.3155317
11356,11.356,0.1648616,4.28686
11357,11.357,0.17527157,4.196031
11358,11.358,0.16989362,4.3844886
11359,11.359,0.16052616,4.3239293
11360,11.36,0.15946749,4.3724265
11361,11.361,0.14710052,4.501688
11362,11.362,0.14713816,4.549742
11363,11.363,0.15218818,4.553531
11364,11.364,0.14695698,4.481369
11365,11.365,0.14771117,4.590303
11366,11.366,0.15662481,4.5673175
11367,11.367,0.15305251,4.4870677
11368,11.368,0.16969614,4.496478
11369,11.369,0.15648766,4.5054665
11370,11.37,0.15409896,4.5674605
11371,11.371,0.15308467,4.53811
11372,11.372,0.15088403,4.454256
11373,11.373,0.1446019,4.553461
11374,11.374,0.15348366,4.527912
11375,11.375,0.15182348,4.558418
11376,11.376,0.14687951,4.5833797
11377,11.377,0.14650874,4.5620546
11378,11.378,0.14267519,4.6044536
11379,11.379,0.13670436,4.6321635
11380,11.38,0.13891038,4.743571
11381,11.381,0.14866322,4.724673
11382,11.382,0.15702853,4.81642
11383,11.383,0.16077319,4.811207
11384,11.384,0.15764482,4.7140346
11385,11.385,0.16229904,4.6431503
11386,11.386,0.16905645,4.6759844
11387,11.387,0.15760657,4.7303734
11388,11.388,0.15138355,4.7338986
11389,11.389,0.14653854,4.7840395
11390,11.39,0.15854461,4.7622347
11391,11.391,0.15594295,4.6898828
11392,11.392,0.15631023,4.612509
11393,11.393,0.16072841,4.6303086
11394,11.394,0.16724852,4.6004324
11395,11.395,0.1622524,4.563969
11396,11.396,0.15953384,4.5684466
11397,11.397,0.16925468,4.447625
11398,11.398,0.15635116,4.5647073
11399,11.399,0.14872447,4.5547495
11400,11.4,0.16514201,4.5321584
11401,11.401,0.14994362,4.6317463
11402,11.402,0.14288978,4.5495744
11403,11.403,0.15423067,4.567963
11404,11.404,0.16304716,4.6002636
11405,11.405,0.15235546,4.5761833
11406,11.406,0.15889001,4.5084677
11407,11.407,0.15392677,4.549314
11408,11.408,0.16024573,4.4445467
11409,11.409,0.15928836,4.4363003
11410,11.41,0.17162387,4.424791
11411,11.411,0.1706045,4.4481964
11412,11.412,0.15917979,4.510331
11413,11.413,0.14866157,4.476558
11414,11.414,0.15167467,4.343263
11415,11.415,0.16075674,4.4385056
11416,11.416,0.1469775,4.4510055
11417,11.417,0.14380915,4.4867153
11418,11.418,0.143721,4.6010175
11419,11.419,0.14580445,4.6543117
11420,11.42,0.15553682,4.607764
11421,11.421,0.14395754,4.5597067
11422,11.422,0.14907281,4.409975
11423,11.423,0.14284241,4.505391
11424,11.424,0.14535561,4.527993
11425,11.425,0.1533453,4.485538
11426,11.426,0.1639387,4.5088005
11427,11.427,0.16432668,4.4457593
11428,11.428,0.1513368,4.4698744
11429,11.429,0.14321667,4.417802
11430,11.43,0.14606248,4.4137506
11431,11.431,0.14751486,4.447676
11432,11.432,0.15097901,4.446681
11433,11.433,0.15755191,4.4021406
11434,11.434,0.1652504,4.3201756
11435,11.435,0.149429,4.338871
11436,11.436,0.1548446,4.3215423
11437,11.437,0.14761952,4.278445
11438,11.438,0.15093908,4.4049506
11439,11.439,0.15145628,4.382411
11440,11.44,0.16024536,4.2451444
11441,11.441,0.16482802,4.284752
11442,11.442,0.17071877,4.3151813
11443,11.443,0.16648933,4.2760725
11444,11.444,0.15093417,4.4030814
11445,11.445,0.17211075,4.3411875
11446,11.446,0.1685195,4.3003206
11447,11.447,0.1646506,4.354066
11448,11.448,0.17316283,4.2961016
11449,11.449,0.15029527,4.2991967
11450,11.45,0.14071335,4.4734836
11451,11.451,0.14544448,4.338302
11452,11.452,0.1370572,4.2558823
11453,11.453,0.14179836,4.1209817
11454,11.454,0.1609327,4.0782824
11455,11.455,0.15697522,4.067033
11456,11.456,0.14173977,4.0863385
11457,11.457,0.14424063,4.1442347
11458,11.458,0.14165685,4.0749435
11459,11.459,0.14689709,4.178325
11460,11.46,0.13789725,4.2251673
11461,11.461,0.1441476,4.280742
11462,11.462,0.14630365,4.3005066
11463,11.463,0.14404897,4.330697
11464,11.464,0.14022715,4.453449
11465,11.465,0.13697143,4.4383683
11466,11.466,0.1442099,4.401962
11467,11.467,0.14399216,4.4728136
11468,11.468,0.14196272,4.508291
11469,11.469,0.14487566,4.5627723
11470,11.47,0.14376466,4.5214047
11471,11.471,0.14804237,4.5634384
11472,11.472,0.14723012,4.6150284
11473,11.473,0.15006708,4.6431313
11474,11.474,0.1484404,4.502108
11475,11.475,0.1608807,4.473435
11476,11.476,0.14817032,4.483292
11477,11.477,0.14911325,4.576996
11478,11.478,0.15037672,4.595786
11479,11.479,0.14553794,4.576555
11480,11.48,0.14579643,4.59332
11481,11.481,0.14666235,4.635656
11482,11.482,0.14549312,4.747747
11483,11.483,0.12866881,4.632639
11484,11.484,0.13863327,4.5881014
11485,11.485,0.1327277,4.701064
11486,11.486,0.1343683,4.5778747
11487,11.487,0.1405668,4.6324153
11488,11.488,0.12800577,4.580363
11489,11.489,0.13558266,4.536178
11490,11.49,0.14926215,4.503043
11491,11.491,0.14452572,4.51972
11492,11.492,0.14163557,4.6398163
11493,11.493,0.13344797,4.694803
11494,11.494,0.14175974,4.61317
11495,11.495,0.13313454,4.6575575
11496,11.496,0.13296528,4.6853395
11497,11.497,0.13429639,4.5290666
11498,11.498,0.13562621,4.4661307
11499,11.499,0.13350514,4.552239
11500,11.5,0.14363363,4.6037846
11501,11.501,0.14191937,4.5721583
11502,11.502,0.13114822,4.600772
11503,11.503,0.14092003,4.6929307
11504,11.504,0.12520312,4.740467
11505,11.505,0.12354689,4.7933316
11506,11.506,0.13024954,4.695178
11507,11.507,0.14454061,4.753643
11508,11.508,0.13081141,4.692135
11509,11.509,0.13765788,4.593315
11510,11.51,0.14871909,4.674922
11511,11.511,0.15403387,4.635357
11512,11.512,0.14822388,4.730751
11513,11.513,0.1424201,4.7008615
11514,11.514,0.14311309,4.6702294
11515,11.515,0.1530911,4.7390695
11516,11.516,0.15549646,4.7250743
11517,11.517,0.15119524,4.7420206
11518,11.518,0.16097093,4.650286
11519,11.519,0.15360947,4.633353
11520,11.52,0.17071013,4.569603
11521,11.521,0.16416709,4.623761
11522,11.522,0.16072612,4.5483913
11523,11.523,0.16323046,4.554792
11524,11.524,0.16078046,4.5810103
11525,11.525,0.16391918,4.500788
11526,11.526,0.15545808,4.577934
11527,11.527,0.15980087,4.6630282
11528,11.528,0.1513555,4.811985
11529,11.529,0.15303361,4.819182
11530,11.53,0.14490029,4.9791827
11531,11.531,0.15595636,5.020821
11532,11.532,0.15227953,5.034768
11533,11.533,0.14497416,5.0045576
11534,11.534,0.14545125,4.946608
11535,11.535,0.14790973,4.968384
11536,11.536,0.14909758,4.9717693
11537,11.537,0.14632972,4.9475465
11538,11.538,0.16185527,5.0038366
11539,11.539,0.1581619,4.9712687
11540,11.54,0.16185336,4.9762907
11541,11.541,0.15677324,4.9346952
11542,11.542,0.15027972,4.862072
11543,11.543,0.14411347,4.820054
11544,11.544,0.16276239,4.7035875
11545,11.545,0.16202624,4.8577065
11546,11.546,0.15955582,4.8644314
11547,11.547,0.15942426,4.8015428
11548,11.548,0.14332187,4.9435215
11549,11.549,0.14670095,4.8931613
11550,11.55,0.15245438,4.8169913
11551,11.551,0.1490241,4.8491364
11552,11.552,0.15146847,4.895495
11553,11.553,0.15159029,4.8388715
11554,11.554,0.15137541,4.9108353
11555,11.555,0.15748473,4.9498315
11556,11.556,0.14325918,4.922419
11557,11.557,0.13171932,4.858069
11558,11.558,0.13057461,4.95201
11559,11.559,0.14059524,4.956576
11560,11.56,0.13718642,5.095393
11561,11.561,0.1412985,5.140414
11562,11.562,0.13585375,5.147854
11563,11.563,0.13920593,5.228946
11564,11.564,0.13905248,5.2901754
11565,11.565,0.13923511,5.33815
11566,11.566,0.14157777,5.357047
11567,11.567,0.14216281,5.3788366
11568,11.568,0.13660035,5.363946
11569,11.569,0.15372358,5.3114376
11570,11.57,0.14073871,5.3937025
11571,11.571,0.13627294,5.4354205
11572,11.572,0.1452273,5.478003
11573,11.573,0.14496057,5.4984865
11574,11.574,0.14809099,5.341199
11575,11.575,0.15091217,5.2247515
11576,11.576,0.14048798,5.2265573
11577,11.577,0.15542601,5.1366005
11578,11.578,0.15183645,5.198024
11579,11.579,0.1505697,5.189913
11580,11.58,0.14586478,5.166114
11581,11.581,0.13790616,5.281461
11582,11.582,0.14152996,5.2901564
11583,11.583,0.14286137,5.191668
11584,11.584,0.13854626,5.257922
11585,11.585,0.13092989,5.2912965
11586,11.586,0.12797308,5.414295
11587,11.587,0.14964007,5.3675146
11588,11.588,0.13759306,5.3651757
11589,11.589,0.1380453,5.233048
11590,11.59,0.14912109,5.24394
11591,11.591,0.14352651,5.388995
11592,11.592,0.14515357,5.4008784
11593,11.593,0.15377602,5.3707504
11594,11.594,0.14517179,5.2212133
11595,11.595,0.15230255,5.334937
11596,11.596,0.15401469,5.278134
11597,11.597,0.16951512,5.3309
11598,11.598,0.16397923,5.287267
11599,11.599,0.16923942,5.35485
11600,11.6,0.179146,5.401304
11601,11.601,0.17317384,5.350093
11602,11.602,0.16554391,5.2941613
11603,11.603,0.15199076,5.2414374
11604,11.604,0.14267907,5.217139
11605,11.605,0.14147517,5.3174963
11606,11.606,0.14900428,5.2418604
11607,11.607,0.14766118,5.259732
11608,11.608,0.16009977,5.366752
11609,11.609,0.16145104,5.4454117
11610,11.61,0.15720122,5.3540754
11611,11.611,0.16291203,5.487538
11612,11.612,0.1547973,5.5055356
11613,11.613,0.15615271,5.56008
11614,11.614,0.15669905,5.616172
11615,11.615,0.16814302,5.6117454
11616,11.616,0.16060089,5.55125
11617,11.617,0.1606231,5.632412
11618,11.618,0.16778441,5.7218146
11619,11.619,0.17220117,5.7275357
11620,11.62,0.16208546,5.705817
11621,11.621,0.15182795,5.7701883
11622,11.622,0.1619328,5.781395
11623,11.623,0.1602684,5.7038655
11624,11.624,0.16921942,5.745205
11625,11.625,0.16389778,5.749787
11626,11.626,0.17370561,5.726022
11627,11.627,0.16828494,5.596131
11628,11.628,0.16003288,5.5173874
11629,11.629,0.16969542,5.4571733
11630,11.63,0.1689465,5.5218096
11631,11.631,0.17237651,5.5334306
11632,11.632,0.1903897,5.4492545
11633,11.633,0.1764942,5.511336
11634,11.634,0.17368932,5.4993353
11635,11.635,0.1796632,5.482672
11636,11.636,0.1799749,5.4588118
11637,11.637,0.17999199,5.366085
11638,11.638,0.18739693,5.47469
11639,11.639,0.1877915,5.4662657
11640,11.64,0.17673633,5.5277796
11641,11.641,0.1822662,5.4742236
11642,11.642,0.17694855,5.4059167
11643,11.643,0.18374985,5.247426
11644,11.644,0.16225998,5.2671914
11645,11.645,0.17789216,5.24289
11646,11.646,0.1596838,5.165741
11647,11.647,0.16065183,5.1860576
11648,11.648,0.16313884,5.131234
11649,11.649,0.16293241,5.1131005
11650,11.65,0.16875884,5.0310884
11651,11.651,0.17213506,5.1125693
11652,11.652,0.16597596,5.0929513
11653,11.653,0.1705273,5.087833
11654,11.654,0.16591887,5.1381264
11655,11.655,0.17862251,5.2757854
11656,11.656,0.17516026,5.3240676
11657,11.657,0.16782802,5.4067626
11658,11.658,0.16834453,5.4010224
11659,11.659,0.18097414,5.423572
11660,11.66,0.1726105,5.4530783
11661,11.661,0.16950932,5.466811
11662,11.662,0.1744489,5.535156
11663,11.663,0.17165577,5.524197
11664,11.664,0.1743713,5.573066
11665,11.665,0.16394882,5.4337945
11666,11.666,0.16432893,5.3816442
11667,11.667,0.16438583,5.380529
11668,11.668,0.16229752,5.2739587
11669,11.669,0.16254185,5.2385592
11670,11.67,0.17989591,5.176724
11671,11.671,0.1778202,5.242066
11672,11.672,0.17313902,5.09741
11673,11.673,0.1761889,5.03179
11674,11.674,0.18840972,4.982202
11675,11.675,0.19573794,5.0527554
11676,11.676,0.19033411,5.0623574
11677,11.677,0.20313227,5.126222
11678,11.678,0.20599534,5.16791
11679,11.679,0.19989243,5.1103854
11680,11.68,0.20160143,4.988579
11681,11.681,0.1975072,5.032433
11682,11.682,0.20004381,4.965248
11683,11.683,0.19433475,4.9663496
11684,11.684,0.2026926,4.90384
11685,11.685,0.19870138,4.832422
11686,11.686,0.18766826,4.9049563
11687,11.687,0.20009209,4.8078337
11688,11.688,0.18854617,4.849551
11689,11.689,0.18524787,4.7824564
11690,11.69,0.18968907,4.859575
11691,11.691,0.18836236,4.756594
11692,11.692,0.19427522,4.69498
11693,11.693,0.20087498,4.510623
11694,11.694,0.202985,4.5977693
11695,11.695,0.19526903,4.6050787
11696,11.696,0.20673534,4.6699643
11697,11.697,0.20216829,4.621071
11698,11.698,0.20820302,4.6754365
11699,11.699,0.2062583,4.5963535
11700,11.7,0.19128534,4.570918
11701,11.701,0.18103702,4.6399918
11702,11.702,0.18602641,4.6826053
11703,11.703,0.18750624,4.7152605
11704,11.704,0.18932253,4.622397
11705,11.705,0.1777984,4.608395
11706,11.706,0.16990703,4.6247015
11707,11.707,0.16460314,4.6461864
11708,11.708,0.16724631,4.6014323
11709,11.709,0.17252779,4.5425153
11710,11.71,0.19196893,4.4510946
11711,11.711,0.18553594,4.5263705
11712,11.712,0.18069889,4.5921044
11713,11.713,0.18783802,4.5178323
11714,11.714,0.1936681,4.4481587
11715,11.715,0.1842768,4.2928514
11716,11.716,0.17787936,4.3725505
11717,11.717,0.19453537,4.4267154
11718,11.718,0.17803288,4.4185467
11719,11.719,0.17532563,4.3929944
11720,11.72,0.17240149,4.3064218
11721,11.721,0.17839849,4.285732
11722,11.722,0.17600687,4.1908765
11723,11.723,0.17041253,4.1803126
11724,11.724,0.17927544,4.106432
11725,11.725,0.18151864,4.0971227
11726,11.726,0.18720937,4.1449213
11727,11.727,0.18616593,4.157969
11728,11.728,0.1892962,4.1770573
11729,11.729,0.18053673,4.175145
11730,11.73,0.17295235,4.170972
11731,11.731,0.15804982,4.2108045
11732,11.732,0.16620637,4.197386
11733,11.733,0.16690752,4.0461164
11734,11.734,0.1618298,4.0319333
11735,11.735,0.15949334,3.9546237
11736,11.736,0.15027234,3.9676871
11737,11.737,0.14408742,4.030243
11738,11.738,0.16129625,4.0736666
11739,11.739,0.16368103,4.0550513
11740,11.74,0.14796256,4.0859065
11741,11.741,0.16019197,4.155476
11742,11.742,0.16416298,4.148313
11743,11.743,0.15524857,4.078778
11744,11.744,0.16952455,4.0347853
11745,11.745,0.17093092,3.8714242
11746,11.746,0.17124918,3.9731572
11747,11.747,0.15983899,4.1723857
11748,11.748,0.15901195,4.1059184
11749,11.749,0.15453117,4.065424
11750,11.75,0.15731508,4.223878
11751,11.751,0.15881449,4.1807466
11752,11.752,0.17408207,4.1870394
11753,11.753,0.16999537,4.4941525
11754,11.754,0.16232558,4.5154824
11755,11.755,0.16604787,4.4979353
11756,11.756,0.15937331,4.4684587
11757,11.757,0.16375281,4.5038905
11758,11.758,0.17694925,4.4218016
11759,11.759,0.17468119,4.096391
11760,11.76,0.1826513,4.0802126
11761,11.761,0.17379273,4.101814
11762,11.762,0.18169142,4.0258055
11763,11.763,0.18415858,4.092461
11764,11.764,0.17895839,4.508908
11765,11.765,0.1752333,4.4635015
11766,11.766,0.16963667,4.545745
11767,11.767,0.1642881,4.1305256
11768,11.768,0.16807604,4.5750346
11769,11.769,0.17323247,4.008674
11770,11.77,0.17210825,4.600167
11771,11.771,0.16705564,4.549282
11772,11.772,0.16146591,4.5244966
11773,11.773,0.16339849,4.543008
11774,11.774,0.16463977,4.499109
11775,11.775,0.15624684,4.514153
11776,11.776,0.15578584,4.548123
11777,11.777,0.15179755,4.4991956
11778,11.778,0.15414807,4.544754
11779,11.779,0.14956193,4.565043
11780,11.78,0.14743976,4.5638022
11781,11.781,0.15082693,4.567293
11782,11.782,0.15768072,4.523464
11783,11.783,0.1481944,4.5028186
11784,11.784,0.15849532,4.0827494
11785,11.785,0.15334609,4.1716595
11786,11.786,0.14736295,4.0502534
11787,11.787,0.14999613,4.552607
11788,11.788,0.16430832,3.9236877
11789,11.789,0.15506299,3.9473503
11790,11.79,0.15756987,3.9741077
11791,11.791,0.15887916,4.107339
11792,11.792,0.1660801,4.0758014
11793,11.793,0.15860164,4.108322
11794,11.794,0.16477872,4.5149193
11795,11.795,0.15750583,4.520508
11796,11.796,0.15599541,4.0751014
11797,11.797,0.1750081,3.994218
11798,11.798,0.16063268,4.063412
11799,11.799,0.16480225,4.4863033
11800,11.8,0.16007555,4.5485187
11801,11.801,0.17007244,4.061189
11802,11.802,0.15477504,4.1616163
11803,11.803,0.15624487,4.1896873
11804,11.804,0.15920994,4.1735516
11805,11.805,0.15369597,4.153531
11806,11.806,0.15201667,4.156932
11807,11.807,0.1457023,4.2960258
11808,11.808,0.13817894,4.455008
11809,11.809,0.1322033,4.4631586
11810,11.81,0.13184632,4.4353523
11811,11.811,0.13446626,4.4217415
11812,11.812,0.14617659,4.4511814
11813,11.813,0.14518239,4.438675
11814,11.814,0.13880625,4.332126
11815,11.815,0.14790682,4.3365126
11816,11.816,0.13912414,4.3720613
11817,11.817,0.1473734,4.2486897
11818,11.818,0.15379201,4.240446
11819,11.819,0.14738426,4.181778
11820,11.82,0.1534576,4.2021503
11821,11.821,0.14200172,4.145847
11822,11.822,0.14163035,4.2451553
11823,11.823,0.13917278,4.4951167
11824,11.824,0.13705361,4.4965644
11825,11.825,0.14481874,4.2118745
11826,11.826,0.14112465,4.0752296
11827,11.827,0.15333366,4.464787
11828,11.828,0.14266656,4.442416
11829,11.829,0.1487464,4.3974595
11830,11.83,0.13908257,4.4450336
11831,11.831,0.14243823,4.4486027
11832,11.832,0.14371158,4.415116
11833,11.833,0.15718791,4.4105186
11834,11.834,0.15010807,4.4525447
11835,11.835,0.14759533,4.384546
11836,11.836,0.15283488,4.441741
11837,11.837,0.14225844,4.4403505
11838,11.838,0.1504994,4.417431
11839,11.839,0.13350974,4.4358487
11840,11.84,0.13037324,4.4189954
11841,11.841,0.13863416,4.4143043
11842,11.842,0.136277,4.4851003
11843,11.843,0.12725374,4.4423203
11844,11.844,0.12842327,4.4231825
11845,11.845,0.12798029,4.4204745
11846,11.846,0.12300887,4.4046984
11847,11.847,0.12603626,4.43469
11848,11.848,0.123645954,4.427679
11849,11.849,0.11683414,4.4417377
11850,11.85,0.12123289,4.41805
11851,11.851,0.11799276,4.4672914
11852,11.852,0.11538378,4.491827
11853,11.853,0.12485718,4.519123
11854,11.854,0.12106783,4.5534477
11855,11.855,0.11421055,4.542502
11856,11.856,0.11745287,4.5065284
11857,11.857,0.12242124,4.486863
11858,11.858,0.11781847,4.444076
11859,11.859,0.11524505,4.4292135
11860,11.86,0.11485573,4.484749
11861,11.861,0.121181615,4.478329
11862,11.862,0.12830774,4.4676547
11863,11.863,0.13429502,4.4471707
11864,11.864,0.12907654,4.452902
11865,11.865,0.123175815,4.4441304
11866,11.866,0.13614465,4.466139
11867,11.867,0.13411622,4.4851217
11868,11.868,0.13882574,4.4923425
11869,11.869,0.14625402,4.448886
11870,11.87,0.14394985,4.476492
11871,11.871,0.14208879,4.4373593
11872,11.872,0.13689819,4.425796
11873,11.873,0.12826507,4.4739714
11874,11.874,0.1376324,4.4553
11875,11.875,0.13235353,4.4728503
11876,11.876,0.13720436,4.4810796
11877,11.877,0.13279027,4.4788165
11878,11.878,0.13323432,4.491664
11879,11.879,0.13843296,4.4804473
11880,11.88,0.13917765,4.465122
11881,11.881,0.15171848,4.4647985
11882,11.882,0.13032511,4.4779763
11883,11.883,0.14523746,4.433925
11884,11.884,0.152706,4.445237
11885,11.885,0.14179575,4.453451
11886,11.886,0.13024624,4.453328
11887,11.887,0.14001068,4.4382524
11888,11.888,0.14169766,4.4859147
11889,11.889,0.12310436,4.4395995
11890,11.89,0.13363686,4.4477663
11891,11.891,0.13612567,4.4563184
11892,11.892,0.14621194,4.403218
11893,11.893,0.14440647,4.439739
11894,11.894,0.13540056,4.418766
11895,11.895,0.13161185,4.3869405
11896,11.896,0.13463134,4.42062
11897,11.897,0.13277265,4.4424458
11898,11.898,0.12550107,4.3911943
11899,11.899,0.13351434,4.466283
11900,11.9,0.13748927,4.3690534
11901,11.901,0.13982247,4.386861
11902,11.902,0.14363192,4.437409
11903,11.903,0.14843294,4.5296917
11904,11.904,0.14679067,4.472302
11905,11.905,0.13049401,4.4075236
11906,11.906,0.12255185,4.429121
11907,11.907,0.12005532,4.453165
11908,11.908,0.12913944,4.425866
11909,11.909,0.11749948,4.4125924
11910,11.91,0.11959216,4.401256
11911,11.911,0.11699466,4.4311166
11912,11.912,0.12999515,4.396675
11913,11.913,0.12278708,4.4112663
11914,11.914,0.1390693,4.409146
11915,11.915,0.1314308,4.400472
11916,11.916,0.12834132,4.4181867
11917,11.917,0.13138492,4.441216
11918,11.918,0.1336677,4.4274807
11919,11.919,0.12477633,4.451724
11920,11.92,0.12069729,4.4299407
11921,11.921,0.1273673,4.44258
11922,11.922,0.12754159,4.451757
11923,11.923,0.13266139,4.3997397
11924,11.924,0.12793462,4.4325404
11925,11.925,0.12914611,4.41798
11926,11.926,0.12069117,4.460339
11927,11.927,0.1298057,4.4247575
11928,11.928,0.12885374,4.4453983
11929,11.929,0.13635916,4.4081144
11930,11.93,0.14343517,4.4084487
11931,11.931,0.13461031,4.4058394
11932,11.932,0.12672271,4.4453053
11933,11.933,0.1229223,4.435235
11934,11.934,0.13012147,4.4466968
11935,11.935,0.11793538,4.452914
11936,11.936,0.1287343,4.4439783
11937,11.937,0.12815805,4.412009
11938,11.938,0.1192351,4.459441
11939,11.939,0.1310553,4.42385
11940,11.94,0.123775266,4.450904
11941,11.941,0.12002354,4.4511614
11942,11.942,0.12844434,4.4593496
11943,11.943,0.12910657,4.406136
11944,11.944,0.1359683,4.4113293
11945,11.945,0.14049456,4.400062
11946,11.946,0.1460115,4.4132323
11947,11.947,0.14739218,4.4384713
11948,11.948,0.139793,4.4374604
11949,11.949,0.13451292,4.4147267
11950,11.95,0.14161731,4.4199243
11951,11.951,0.13447037,4.4501367
11952,11.952,0.1353433,4.4044785
11953,11.953,0.13958377,4.436285
11954,11.954,0.13861817,4.4910955
11955,11.955,0.13866566,4.490438
11956,11.956,0.14359936,4.5240765
11957,11.957,0.13553545,4.5003376
11958,11.958,0.14022058,4.4681253
11959,11.959,0.14798667,4.471251
11960,11.96,0.14973666,4.4542346
11961,11.961,0.16146058,4.4616723
11962,11.962,0.14998177,4.4440403
11963,11.963,0.14964911,4.446951
11964,11.964,0.13289957,4.4598036
11965,11.965,0.13127388,4.481963
11966,11.966,0.13721693,4.486176
11967,11.967,0.15443479,4.477604
11968,11.968,0.15341549,4.4786
11969,11.969,0.16202585,4.4246125
11970,11.97,0.15840678,4.4741383
11971,11.971,0.15080245,4.466135
11972,11.972,0.14953148,4.4356074
11973,11.973,0.15005806,4.4565086
11974,11.974,0.14502592,4.459102
11975,11.975,0.16592517,4.4433427
11976,11.976,0.15500306,4.4128594
11977,11.977,0.1624025,4.459079
11978,11.978,0.13460527,4.4660263
11979,11.979,0.14742808,4.493745
11980,11.98,0.15848483,4.4357204
11981,11.981,0.1425518,4.4634495
11982,11.982,0.14191158,4.427973
11983,11.983,0.13315488,4.456287
11984,11.984,0.1371797,4.4595814
11985,11.985,0.13324541,4.4383936
11986,11.986,0.15081142,4.420373
11987,11.987,0.13506617,4.4100113
11988,11.988,0.12676057,4.4651003
11989,11.989,0.13725862,4.465006
11990,11.99,0.15545571,4.4667964
11991,11.991,0.14941375,4.4176464
11992,11.992,0.13961065,4.4277987
11993,11.993,0.14017363,4.450262
11994,11.994,0.13424185,4.4693456
11995,11.995,0.13195547,4.4710803
11996,11.996,0.13214372,4.432396
11997,11.997,0.13193077,4.481305
11998,11.998,0.13642095,4.519865
11999,11.999,0.15198389,4.5962873
12000,12.0,0.14747314,4.528803
12001,12.001,0.14206973,4.5055346
12002,12.002,0.13836272,4.4646926
12003,12.003,0.12994024,4.4835215
12004,12.004,0.114820905,4.507286
12005,12.005,0.13120356,4.454613
12006,12.006,0.13014889,4.465852
12007,12.007,0.13027316,4.4887757
12008,12.008,0.12815422,4.482052
12009,12.009,0.13460757,4.4782133
12010,12.01,0.124130175,4.455101
12011,12.011,0.12871759,4.4357543
12012,12.012,0.12158257,4.464087
12013,12.013,0.11083849,4.4942493
12014,12.014,0.13308232,4.521318
12015,12.015,0.13314748,4.5030046
12016,12.016,0.11571605,4.4756174
12017,12.017,0.11236398,4.451143
12018,12.018,0.12119076,4.417046
12019,12.019,0.12266626,4.4698715
12020,12.02,0.113373004,4.4971066
12021,12.021,0.109581254,4.468839
12022,12.022,0.11586802,4.4874854
12023,12.023,0.112511724,4.4421735
12024,12.024,0.10896414,4.514495
12025,12.025,0.10505901,4.4570985
12026,12.026,0.099295095,4.4851465
12027,12.027,0.10457532,4.4464273
12028,12.028,0.08902507,4.4591875
12029,12.029,0.102173135,4.492135
12030,12.03,0.10739954,4.4802475
12031,12.031,0.10677096,4.4357395
12032,12.032,0.099745795,4.433514
12033,12.033,0.10468177,4.4501157
12034,12.034,0.107653596,4.4544177
12035,12.035,0.10642638,4.4806805
12036,12.036,0.11030039,4.4350743
12037,12.037,0.11149214,4.4942703
12038,12.038,0.105475165,4.445489
12039,12.039,0.11483591,4.49475
12040,12.04,0.11590199,4.471312
12041,12.041,0.116855204,4.461497
12042,12.042,0.12185149,4.4830523
12043,12.043,0.11293529,4.5021396
12044,12.044,0.11934392,4.4942403
12045,12.045,0.14319947,4.507755
12046,12.046,0.14203292,4.5731034
12047,12.047,0.15151964,4.5185328
12048,12.048,0.14573397,4.507857
12049,12.049,0.14337423,4.474505
12050,12.05,0.14402206,4.493772
12051,12.051,0.13842452,4.4885807
12052,12.052,0.13000603,4.4572325
12053,12.053,0.1492984,4.4265237
12054,12.054,0.14051996,4.4699016
12055,12.055,0.14288805,4.468696
12056,12.056,0.12480197,4.4750814
12057,12.057,0.14139469,4.4230776
12058,12.058,0.13501467,4.5105467
12059,12.059,0.15137583,4.4800625
12060,12.06,0.13566431,4.441238
12061,12.061,0.14669298,4.4126873
12062,12.062,0.13607459,4.493311
12063,12.063,0.14944464,4.4717054
12064,12.064,0.14468612,4.506107
12065,12.065,0.13386595,4.5641146
12066,12.066,0.14053921,4.5172825
12067,12.067,0.15715386,4.443126
12068,12.068,0.14623678,4.391445
12069,12.069,0.14022805,4.42386
12070,12.07,0.14609365,4.416459
12071,12.071,0.13542283,4.387905
12072,12.072,0.13177676,4.455776
12073,12.073,0.13870026,4.4611535
12074,12.074,0.12895636,4.467963
12075,12.075,0.14115734,4.41078
12076,12.076,0.13972431,4.488096
12077,12.077,0.14008404,4.518739
12078,12.078,0.14805526,4.4659443
12079,12.079,0.13927399,4.443572
12080,12.08,0.12126841,4.373106
12081,12.081,0.13282408,4.413229
12082,12.082,0.13552138,4.4105725
12083,12.083,0.14190464,4.4196415
12084,12.084,0.14066787,4.4131355
12085,12.085,0.14276098,4.4133544
12086,12.086,0.13884702,4.39307
12087,12.087,0.14270106,4.4109282
12088,12.088,0.13539784,4.4688797
12089,12.089,0.14358522,4.4189405
12090,12.09,0.14646883,4.3834596
12091,12.091,0.13843429,4.462663
12092,12.092,0.14289969,4.48694
12093,12.093,0.15224518,4.4584284
12094,12.094,0.146599,4.4580154
12095,12.095,0.13407171,4.447225
12096,12.096,0.14242917,4.478141
12097,12.097,0.14122576,4.4533405
12098,12.098,0.14562415,4.4431543
12099,12.099,0.13962035,4.4181376
12100,12.1,0.13471676,4.4486456
12101,12.101,0.13463819,4.4550133
12102,12.102,0.13788475,4.4530587
12103,12.103,0.13868785,4.4552035
12104,12.104,0.13602212,4.3944
12105,12.105,0.14455551,4.4262776
12106,12.106,0.13932125,4.403927
12107,12.107,0.13524325,4.4003825
12108,12.108,0.14112115,4.4197574
12109,12.109,0.13510123,4.491403
12110,12.11,0.14506325,4.444127
12111,12.111,0.14457467,4.4449015
12112,12.112,0.13354383,4.4566536
12113,12.113,0.14443757,4.457518
12114,12.114,0.1412397,4.395727
12115,12.115,0.1345902,4.372611
12116,12.116,0.11607386,4.4028535
12117,12.117,0.117933825,4.3830767
12118,12.118,0.12231968,4.9718585
12119,12.119,0.12733735,4.4315324
12120,12.12,0.12984265,4.4000463
12121,12.121,0.1245162,4.3992534
12122,12.122,0.12667367,4.397405
12123,12.123,0.1433575,4.4082904
12124,12.124,0.13380757,4.4165673
12125,12.125,0.13666745,4.40258
12126,12.126,0.14639866,4.429771
12127,12.127,0.13787182,4.409719
12128,12.128,0.12889813,4.387526
12129,12.129,0.13407262,4.4014225
12130,12.13,0.120988525,4.4279485
12131,12.131,0.13052323,4.429194
12132,12.132,0.1321642,4.405235
12133,12.133,0.12742767,4.4095473
12134,12.134,0.13372202,4.401732
12135,12.135,0.14538355,4.400202
12136,12.136,0.14128152,4.375399
12137,12.137,0.15228274,4.3740244
12138,12.138,0.1430744,4.4008265
12139,12.139,0.12733494,4.403488
12140,12.14,0.13583337,4.3654985
12141,12.141,0.14433871,4.3758984
12142,12.142,0.14335236,4.413093
12143,12.143,0.14563133,4.384306
12144,12.144,0.15511177,4.393913
12145,12.145,0.14384252,4.3909726
12146,12.146,0.14536662,4.39212
12147,12.147,0.14454104,4.356052
12148,12.148,0.1520895,4.344915
12149,12.149,0.1410143,4.388591
12150,12.15,0.15725327,4.4482527
12151,12.151,0.1505648,4.4162836
12152,12.152,0.15031819,4.8055806
12153,12.153,0.15013511,4.7688365
12154,12.154,0.14181703,4.7244353
12155,12.155,0.14247192,4.378649
12156,12.156,0.1374848,4.7437553
12157,12.157,0.1319564,4.4041834
12158,12.158,0.13424323,4.38475
12159,12.159,0.13591127,4.4077225
12160,12.16,0.1590866,4.427085
12161,12.161,0.13734914,4.461572
12162,12.162,0.15400511,4.4285975
12163,12.163,0.15190491,4.4611654
12164,12.164,0.1521425,4.4441257
12165,12.165,0.15665585,4.4504037
12166,12.166,0.16357312,4.5001593
12167,12.167,0.15872225,4.4077206
12168,12.168,0.1522876,4.453354
12169,12.169,0.16022193,4.4592814
12170,12.17,0.15908892,4.448787
12171,12.171,0.14668165,4.4594746
12172,12.172,0.14839149,4.469826
12173,12.173,0.15687329,4.4601736
12174,12.174,0.16245893,4.449214
12175,12.175,0.16790977,4.480825
12176,12.176,0.17236902,4.4803104
12177,12.177,0.16431844,4.4553404
12178,12.178,0.16423155,4.455955
12179,12.179,0.1680149,4.4661818
12180,12.18,0.1741093,4.455644
12181,12.181,0.15371679,4.4261975
12182,12.182,0.16045217,4.425688
12183,12.183,0.14634024,4.4435477
12184,12.184,0.14773493,4.4549623
12185,12.185,0.15367195,4.4527917
12186,12.186,0.15851162,4.43707
12187,12.187,0.13962476,4.4731727
12188,12.188,0.13534193,4.4476104
12189,12.189,0.13442461,4.4049525
12190,12.19,0.14897373,4.4049525
12191,12.191,0.1530911,4.389725
12192,12.192,0.1484006,4.383434
12193,12.193,0.14194885,4.3762636
12194,12.194,0.141163,4.3894734
12195,12.195,0.14296556,4.4141
12196,12.196,0.15911639,4.383548
12197,12.197,0.15626536,4.369697
12198,12.198,0.1493565,4.404825
12199,12.199,0.15289041,4.405595
12200,12.2,0.14640707,4.407214
12201,12.201,0.14262775,4.4893484
12202,12.202,0.14176366,4.462466
12203,12.203,0.15290652,4.4612565
12204,12.204,0.15465574,4.468419
12205,12.205,0.14488032,4.4172926
12206,12.206,0.14764202,4.4547195
12207,12.207,0.14592594,4.4037275
12208,12.208,0.14925142,4.357422
12209,12.209,0.15281796,4.3659253
12210,12.21,0.14816242,4.3613596
12211,12.211,0.15310195,4.3882685
12212,12.212,0.14893861,4.380771
12213,12.213,0.15034316,4.3796945
12214,12.214,0.14228049,4.401285
12215,12.215,0.15271164,4.3872476
12216,12.216,0.14296727,4.3929124
12217,12.217,0.14235787,4.425489
12218,12.218,0.15363991,4.4084272
12219,12.219,0.1623521,4.408452
12220,12.22,0.16352421,4.4207115
12221,12.221,0.1537204,4.394338
12222,12.222,0.16462296,4.391761
12223,12.223,0.15370798,4.373212
12224,12.224,0.15238293,4.3908453
12225,12.225,0.15234981,4.3756075
12226,12.226,0.15922384,4.38643
12227,12.227,0.14289582,4.3923163
12228,12.228,0.15380041,4.37228
12229,12.229,0.15044625,4.3883357
12230,12.23,0.13560943,4.393677
12231,12.231,0.13518044,4.402968
12232,12.232,0.13462083,4.4331384
12233,12.233,0.1352214,4.3755007
12234,12.234,0.14049849,4.38767
12235,12.235,0.13855736,4.3763285
12236,12.236,0.13395922,4.4258432
12237,12.237,0.122523725,4.419903
12238,12.238,0.12512004,4.426152
12239,12.239,0.12899834,4.446276
12240,12.24,0.12902552,4.4288287
12241,12.241,0.12110188,4.421805
12242,12.242,0.13367048,4.4328694
12243,12.243,0.14405282,4.3852444
12244,12.244,0.13663591,4.4209843
12245,12.245,0.12827419,4.431469
12246,12.246,0.1339427,4.451727
12247,12.247,0.13215116,4.399809
12248,12.248,0.14220782,4.411512
12249,12.249,0.13127296,4.452465
12250,12.25,0.1344127,4.4113708
12251,12.251,0.13181084,4.430859
12252,12.252,0.14744852,4.406149
12253,12.253,0.1406893,4.4101825
12254,12.254,0.12899882,4.401054
12255,12.255,0.14101866,4.3880033
12256,12.256,0.13914713,4.401841
12257,12.257,0.13877699,4.383136
12258,12.258,0.13606012,4.413572
12259,12.259,0.14372356,4.492353
12260,12.26,0.14907487,4.4944534
12261,12.261,0.14764035,4.5517406
12262,12.262,0.14232501,4.462667
12263,12.263,0.15412492,4.4850197
12264,12.264,0.15705125,4.509482
12265,12.265,0.14858167,4.53157
12266,12.266,0.14301503,4.477314
12267,12.267,0.1526028,4.516789
12268,12.268,0.14000629,4.514165
12269,12.269,0.15325098,4.500111
12270,12.27,0.15022361,4.529133
12271,12.271,0.14080864,4.533495
12272,12.272,0.14551722,4.557794
12273,12.273,0.14327078,4.545291
12274,12.274,0.15302397,4.591066
12275,12.275,0.15560919,4.5526457
12276,12.276,0.16015011,4.5731726
12277,12.277,0.16081452,4.5317254
12278,12.278,0.15694974,4.5261407
12279,12.279,0.161764,4.554427
12280,12.28,0.16106072,4.61294
12281,12.281,0.16278204,4.560786
12282,12.282,0.1608719,4.5858784
12283,12.283,0.15555146,4.562751
12284,12.284,0.14278856,4.6213408
12285,12.285,0.15492047,4.597631
12286,12.286,0.15260968,4.575552
12287,12.287,0.15224154,4.5538025
12288,12.288,0.14773533,4.5914335
12289,12.289,0.15645581,4.544092
12290,12.29,0.16011283,4.5864296
12291,12.291,0.1608589,4.6003404
12292,12.292,0.16846253,4.5292935
12293,12.293,0.15752028,4.5629797
12294,12.294,0.14825086,4.5979605
12295,12.295,0.15654033,4.579276
12296,12.296,0.15343595,4.575656
12297,12.297,0.15669984,4.570059
12298,12.298,0.14203206,4.630867
12299,12.299,0.15550992,4.6151147
12300,12.3,0.159162,4.6602616
12301,12.301,0.15608059,4.593482
12302,12.302,0.16107638,4.5767555
12303,12.303,0.13419281,4.5976853
12304,12.304,0.15408859,4.586972
12305,12.305,0.13702083,4.565523
12306,12.306,0.13339539,4.573652
12307,12.307,0.1265478,4.538406
12308,12.308,0.14016396,4.552966
12309,12.309,0.14411901,4.553897
12310,12.31,0.14876625,4.51539
12311,12.311,0.13071918,4.5106807
12312,12.312,0.14128718,4.5034637
12313,12.313,0.13062078,4.4869385
12314,12.314,0.1410178,4.5104303
12315,12.315,0.1413873,4.565184
12316,12.316,0.1527217,4.4988008
12317,12.317,0.16032788,4.5210886
12318,12.318,0.14573185,4.5248933
12319,12.319,0.14986728,4.572253
12320,12.32,0.14747022,4.5262475
12321,12.321,0.1383516,4.512937
12322,12.322,0.13669536,4.4765906
12323,12.323,0.14877203,4.502137
12324,12.324,0.15024245,4.5326304
12325,12.325,0.14125755,4.4783654
12326,12.326,0.1340327,4.5177946
12327,12.327,0.13752149,4.4939146
12328,12.328,0.13976921,4.500174
12329,12.329,0.14310235,4.552505
12330,12.33,0.14363793,4.517768
12331,12.331,0.1478365,4.471896
12332,12.332,0.14722009,4.443087
12333,12.333,0.13897105,4.427918
12334,12.334,0.14952366,4.4351835
12335,12.335,0.15469036,4.477729
12336,12.336,0.14119962,4.4560313
12337,12.337,0.14790641,4.453388
12338,12.338,0.15848367,4.44273
12339,12.339,0.15313208,4.4704742
12340,12.34,0.15719652,4.426886
12341,12.341,0.1463747,4.4447145
12342,12.342,0.14796256,4.426882
12343,12.343,0.15061793,4.454917
12344,12.344,0.1508098,4.4421544
12345,12.345,0.15697914,4.3952656
12346,12.346,0.15832014,4.44039
12347,12.347,0.15063386,4.450766
12348,12.348,0.14114818,4.4485493
12349,12.349,0.14457169,4.4183016
12350,12.35,0.1511057,4.4468493
12351,12.351,0.15343675,4.484248
12352,12.352,0.1643907,4.5047107
12353,12.353,0.17318131,4.4272165
12354,12.354,0.17184064,4.377367
12355,12.355,0.16799146,4.4153666
12356,12.356,0.17729765,4.4162164
12357,12.357,0.16834013,4.3905416
12358,12.358,0.162824,4.410921
12359,12.359,0.1514636,4.4679317
12360,12.36,0.14627337,4.4994526
12361,12.361,0.15318912,4.4698763
12362,12.362,0.1531365,4.4585557
12363,12.363,0.15662718,4.4730616
12364,12.364,0.16881971,4.48006
12365,12.365,0.1556084,4.4677896
12366,12.366,0.1677492,4.472111
12367,12.367,0.1549697,4.444324
12368,12.368,0.16138892,4.502719
12369,12.369,0.17669801,4.4659224
12370,12.37,0.17147754,4.396539
12371,12.371,0.1801758,4.448996
12372,12.372,0.16710389,4.468742
12373,12.373,0.1742566,4.4173517
12374,12.374,0.15750621,4.4157996
12375,12.375,0.1650276,4.4467335
12376,12.376,0.1687096,4.411735
12377,12.377,0.17181484,4.4436083
12378,12.378,0.16033709,4.433991
12379,12.379,0.14424063,4.4340343
12380,12.38,0.14512177,4.509383
12381,12.381,0.14754072,4.4247975
12382,12.382,0.17537124,4.4659286
12383,12.383,0.17684594,4.4028506
12384,12.384,0.17771395,4.4039817
12385,12.385,0.16724704,4.4373207
12386,12.386,0.16375995,4.3974485
12387,12.387,0.15525728,4.4017034
12388,12.388,0.15723488,4.4167566
12389,12.389,0.15395556,4.437191
12390,12.39,0.15134615,4.3981757
12391,12.391,0.16381668,4.3785563
12392,12.392,0.15859506,4.4018574
12393,12.393,0.1667589,4.4397635
12394,12.394,0.16255625,4.52021
12395,12.395,0.16202585,4.497142
12396,12.396,0.16180013,4.4208136
12397,12.397,0.17045476,4.4387074
12398,12.398,0.1670479,4.45617
12399,12.399,0.16194114,4.443875
12400,12.4,0.15634723,4.475724
12401,12.401,0.14974898,4.4722934
12402,12.402,0.14877866,4.483372
12403,12.403,0.14507131,4.4471927
12404,12.404,0.14386392,4.482438
12405,12.405,0.14562373,4.447462
12406,12.406,0.14568329,4.4603205
12407,12.407,0.15842544,4.4409695
12408,12.408,0.13525872,4.4239106
12409,12.409,0.13848585,4.4275894
12410,12.41,0.1422182,4.399505
12411,12.411,0.15235667,4.419614
12412,12.412,0.16303019,4.4348807
12413,12.413,0.15464023,4.485434
12414,12.414,0.15925166,4.495469
12415,12.415,0.15949102,4.454131
12416,12.416,0.15720826,4.4659886
12417,12.417,0.16790867,4.436792
12418,12.418,0.1719863,4.442659
12419,12.419,0.16178112,4.434618
12420,12.42,0.16729413,4.4401274
12421,12.421,0.15898795,4.4637094
12422,12.422,0.16412699,4.436094
12423,12.423,0.15102668,4.442815
12424,12.424,0.16569585,4.4284925
12425,12.425,0.1696994,4.3580217
12426,12.426,0.16679284,4.407559
12427,12.427,0.16980271,4.3876543
12428,12.428,0.1621792,4.424034
12429,12.429,0.16450444,4.4483943
12430,12.43,0.1568674,4.4740744
12431,12.431,0.17177366,4.453162
12432,12.432,0.15640782,4.4706483
12433,12.433,0.15172213,4.472928
12434,12.434,0.14709383,4.5122128
12435,12.435,0.1413024,4.4683943
12436,12.436,0.14771326,4.4516997
12437,12.437,0.14099947,4.506082
12438,12.438,0.14604099,4.4655666
12439,12.439,0.14642473,4.419832
12440,12.44,0.15195312,4.436024
12441,12.441,0.15419875,4.4320755
12442,12.442,0.138659,4.41381
12443,12.443,0.1573358,4.422563
12444,12.444,0.13921964,4.400077
12445,12.445,0.1490208,4.4407754
12446,12.446,0.14865784,4.401196
12447,12.447,0.14884481,4.4192967
12448,12.448,0.13869849,4.4116044
12449,12.449,0.14472397,4.396485
12450,12.45,0.13959435,4.474959
12451,12.451,0.14831227,4.4494424
12452,12.452,0.14347935,4.439512
12453,12.453,0.1203205,4.420009
12454,12.454,0.13001882,4.429779
12455,12.455,0.12554714,4.4496574
12456,12.456,0.120706975,4.466451
12457,12.457,0.13160156,4.436511
12458,12.458,0.13509394,4.456415
12459,12.459,0.12789518,4.4595256
12460,12.46,0.13161512,4.4587483
12461,12.461,0.13772848,4.4592247
12462,12.462,0.14008889,4.448696
12463,12.463,0.13873176,4.445044
12464,12.464,0.14737715,4.4965315
12465,12.465,0.14962238,4.487629
12466,12.466,0.13249014,4.4710736
12467,12.467,0.14324889,5.800211
12468,12.468,0.13562441,5.736411
12469,12.469,0.13889487,5.698085
12470,12.47,0.14654359,4.4459496
12471,12.471,0.16115047,4.440041
12472,12.472,0.14714067,4.462857
12473,12.473,0.14677139,4.491255
12474,12.474,0.1482077,4.5073686
12475,12.475,0.14969885,4.4804063
12476,12.476,0.14757116,4.464451
12477,12.477,0.1551344,4.4874973
12478,12.478,0.15432319,4.4738607
12479,12.479,0.1466934,4.4684114
12480,12.48,0.15688504,4.483398
12481,12.481,0.15395716,4.4399233
12482,12.482,0.16196394,4.452213
12483,12.483,0.16337363,4.4559474
12484,12.484,0.1617427,4.4206147
12485,12.485,0.16379376,4.4130096
12486,12.486,0.15605141,4.443359
12487,12.487,0.16454819,4.4264383
12488,12.488,0.15069388,4.4115767
12489,12.489,0.16826482,5.912111
12490,12.49,0.17090717,5.8421445
12491,12.491,0.17079914,4.4205704
12492,12.492,0.16865708,4.403971
12493,12.493,0.15876411,4.3910584
12494,12.494,0.15966837,5.661202
12495,12.495,0.15119566,4.392926
12496,12.496,0.15343153,5.738636
12497,12.497,0.14565626,5.7604566
12498,12.498,0.13969745,5.80866
12499,12.499,0.14823218,5.7814517
12500,12.5,0.1467605,5.6780977
12501,12.501,0.14096935,5.714594
12502,12.502,0.15249029,5.7668133
12503,12.503,0.15811054,5.811409
12504,12.504,0.14534968,5.918946
12505,12.505,0.15114072,5.8539762
12506,12.506,0.14564274,5.9037933
12507,12.507,0.16427463,5.9481106
12508,12.508,0.15347283,5.892355
12509,12.509,0.14228438,5.8945017
12510,12.51,0.16415548,5.8412404
12511,12.511,0.15435788,5.954372
12512,12.512,0.14650202,5.9646707
12513,12.513,0.15487877,6.0030293
12514,12.514,0.1611707,6.0019517
12515,12.515,0.15547945,5.812697
12516,12.516,0.14818445,5.801576
12517,12.517,0.14304902,5.7823377
12518,12.518,0.13888335,5.7965517
12519,12.519,0.14442436,5.7044096
12520,12.52,0.14516841,5.6745386
12521,12.521,0.14615765,5.7114067
12522,12.522,0.1531365,5.723902
12523,12.523,0.1434862,5.7105856
12524,12.524,0.14354451,5.7399735
12525,12.525,0.12908892,5.7534924
12526,12.526,0.14068012,5.7513065
12527,12.527,0.1469687,5.685853
12528,12.528,0.14216584,5.7264023
12529,12.529,0.13573143,5.695691
12530,12.53,0.1322033,5.7730927
12531,12.531,0.14666739,5.7160254
12532,12.532,0.1470068,5.720686
12533,12.533,0.14752361,5.586847
12534,12.534,0.14787978,5.6010895
12535,12.535,0.15299422,5.5859156
12536,12.536,0.15704733,5.619683
12537,12.537,0.15273017,5.558951
12538,12.538,0.13316089,5.5369177
12539,12.539,0.13991793,5.668148
12540,12.54,0.13628107,5.710908
12541,12.541,0.13836494,5.827971
12542,12.542,0.13679433,5.792866
12543,12.543,0.14186431,5.7970734
12544,12.544,0.1412863,6.0259156
12545,12.545,0.13891746,6.0498114
12546,12.546,0.11219958,5.965953
12547,12.547,0.12273997,6.037198
12548,12.548,0.12979527,5.993053
12549,12.549,0.12489659,5.9641056
12550,12.55,0.13352126,6.0766554
12551,12.551,0.13619481,5.9863014
12552,12.552,0.13100553,5.942
12553,12.553,0.13471082,6.062085
12554,12.554,0.13970889,6.1160264
12555,12.555,0.13598639,6.1356297
12556,12.556,0.14270753,6.0597763
12557,12.557,0.142055,6.0230765
12558,12.558,0.1541301,6.0093403
12559,12.559,0.13484459,5.8962717
12560,12.56,0.14190897,6.022135
12561,12.561,0.1527217,6.0940533
12562,12.562,0.14763285,6.1449814
12563,12.563,0.15408778,6.1311364
12564,12.564,0.14740303,6.1367564
12565,12.565,0.15624213,6.134063
12566,12.566,0.1413442,6.1566625
12567,12.567,0.14495845,6.1318755
12568,12.568,0.15152086,6.1216316
12569,12.569,0.14581753,6.147781
12570,12.57,0.13206686,6.0600243
12571,12.571,0.13632847,6.1243095
12572,12.572,0.13980311,6.0417533
12573,12.573,0.14428584,6.038688
12574,12.574,0.121477775,6.0609202
12575,12.575,0.13461533,5.92125
12576,12.576,0.12763225,5.927686
12577,12.577,0.13259366,5.923523
12578,12.578,0.12575524,5.9461045
12579,12.579,0.12845105,5.974333
12580,12.58,0.11227798,5.9472914
12581,12.581,0.122611076,6.0063
12582,12.582,0.11702988,6.0135617
12583,12.583,0.11114172,5.8881316
12584,12.584,0.12729628,5.8464365
12585,12.585,0.11700885,5.7998343
12586,12.586,0.120804295,5.7658176
12587,12.587,0.1234926,5.8175592
12588,12.588,0.1308241,5.6560297
12589,12.589,0.13756846,5.698156
12590,12.59,0.12703936,5.746103
12591,12.591,0.12246848,5.736905
12592,12.592,0.12976113,5.772551
12593,12.593,0.14441925,5.720672
12594,12.594,0.11724209,5.7645006
12595,12.595,0.14139818,5.7181277
12596,12.596,0.14632383,5.669896
12597,12.597,0.13502105,5.719698
12598,12.598,0.13119653,5.7511077
12599,12.599,0.15183726,5.7562833
12600,12.6,0.14200215,5.6883693
12601,12.601,0.14231507,5.6874237
12602,12.602,0.14324802,5.6804695
12603,12.603,0.14658053,5.608391
12604,12.604,0.14386605,5.557634
12605,12.605,0.12951195,5.6177883
12606,12.606,0.13767353,5.6706624
12607,12.607,0.14424618,5.774417
12608,12.608,0.15540147,5.6812973
12609,12.609,0.14666949,5.658026
12610,12.61,0.13435684,5.724526
12611,12.611,0.16022423,5.6954904
12612,12.612,0.15662953,5.774627
12613,12.613,0.15791196,5.8476644
12614,12.614,0.15471302,5.9903107
12615,12.615,0.15304407,5.907873
12616,12.616,0.15519467,5.9436207
12617,12.617,0.13894978,6.111539
12618,12.618,0.14883158,6.1264153
12619,12.619,0.15178417,6.062816
12620,12.62,0.16293958,6.082756
12621,12.621,0.15696974,6.0880795
12622,12.622,0.16558182,6.0487847
12623,12.623,0.16793431,4.4062185
12624,12.624,0.15821013,6.089208
12625,12.625,0.15745151,6.0961685
12626,12.626,0.16635329,6.058457
12627,12.627,0.153565,6.04183
12628,12.628,0.15770414,5.993939
12629,12.629,0.14076799,4.410243
12630,12.63,0.14618416,4.4410396
12631,12.631,0.14233929,6.029675
12632,12.632,0.13695392,4.46497
12633,12.633,0.1443792,4.442389
12634,12.634,0.14529973,4.435377
12635,12.635,0.15995944,4.4402843
12636,12.636,0.15344517,4.4539123
12637,12.637,0.15179998,4.423486
12638,12.638,0.16787457,5.8252845
12639,12.639,0.18071693,5.897368
12640,12.64,0.17548874,4.4851847
12641,12.641,0.16236725,4.442149
12642,12.642,0.17136951,4.4641533
12643,12.643,0.16214809,4.4783726
12644,12.644,0.16681275,4.528661
12645,12.645,0.1588509,4.4682713
12646,12.646,0.17122224,4.4093494
12647,12.647,0.16912122,4.384783
12648,12.648,0.178266,4.442442
12649,12.649,0.17463258,4.4647613
12650,12.65,0.171678,4.417777
12651,12.651,0.17632644,4.4125576
12652,12.652,0.18760006,4.4119716
12653,12.653,0.19431448,4.4462934
12654,12.654,0.18169414,4.4032307
12655,12.655,0.18074824,4.423547
12656,12.656,0.17329922,4.4238944
12657,12.657,0.18206626,4.4535522
12658,12.658,0.16335255,4.4393435
12659,12.659,0.17437342,4.4585586
12660,12.66,0.1643993,4.446555
12661,12.661,0.16047479,4.440729
12662,12.662,0.14497118,4.4445543
12663,12.663,0.14737757,4.4426765
12664,12.664,0.1584627,4.465424
12665,12.665,0.14559162,4.512959
12666,12.666,0.13815401,4.5361586
12667,12.667,0.13306196,4.5750237
12668,12.668,0.14988574,4.491
12669,12.669,0.15667705,4.427358
12670,12.67,0.14971776,4.4660683
12671,12.671,0.15244873,4.4728227
12672,12.672,0.16049512,4.44562
12673,12.673,0.15221891,4.4263983
12674,12.674,0.14426665,4.428886
12675,12.675,0.1474602,4.438613
12676,12.676,0.1465478,4.4597445
12677,12.677,0.14925142,4.4347677
12678,12.678,0.1403434,4.4475055
12679,12.679,0.14714192,4.4217997
12680,12.68,0.13794988,4.440567
12681,12.681,0.14719962,4.426437
12682,12.682,0.15395635,4.4268394
12683,12.683,0.13777806,4.4385867
12684,12.684,0.14539202,4.4033146
12685,12.685,0.13453898,4.426866
12686,12.686,0.13475056,4.4087725
12687,12.687,0.14764993,4.376674
12688,12.688,0.12751117,4.401582
12689,12.689,0.12579487,4.4137836
12690,12.69,0.13537511,4.390767
12691,12.691,0.13565843,4.3883305
12692,12.692,0.12834562,4.398981
12693,12.693,0.13383424,4.3783674
12694,12.694,0.1269381,4.4243093
12695,12.695,0.12843189,4.4043975
12696,12.696,0.13562441,4.3901725
12697,12.697,0.12757003,4.405944
12698,12.698,0.13418959,4.3939652
12699,12.699,0.12628692,4.4523754
12700,12.7,0.13052511,4.442467
12701,12.701,0.13180618,4.40006
12702,12.702,0.1211999,4.4350815
12703,12.703,0.13657512,4.438599
12704,12.704,0.13251476,4.408614
12705,12.705,0.12429364,4.4347744
12706,12.706,0.120423235,4.421285
12707,12.707,0.12755942,4.4004016
12708,12.708,0.12758113,4.3706164
12709,12.709,0.13473412,4.3993344
12710,12.71,0.13300416,4.3531537
12711,12.711,0.13074319,4.3926396
12712,12.712,0.12510087,4.3828053
12713,12.713,0.12666638,4.401995
12714,12.714,0.120960556,4.4048653
12715,12.715,0.1205019,4.4010816
12716,12.716,0.12385776,4.415685
12717,12.717,0.12587212,4.444871
12718,12.718,0.1379075,4.396525
12719,12.719,0.1313306,4.450552
12720,12.72,0.13806224,4.440422
12721,12.721,0.14134377,4.429517
12722,12.722,0.13750987,4.4232697
12723,12.723,0.1374933,4.4270434
12724,12.724,0.13795523,4.3990564
12725,12.725,0.13262613,4.402317
12726,12.726,0.13535784,4.3838344
12727,12.727,0.13478434,4.3964844
12728,12.728,0.13621604,4.4018164
12729,12.729,0.14121704,4.475389
12730,12.73,0.13939278,4.4782476
12731,12.731,0.13559628,4.471392
12732,12.732,0.12952715,4.4513855
12733,12.733,0.12998569,4.3994975
12734,12.734,0.14030656,4.385288
12735,12.735,0.13181318,4.410524
12736,12.736,0.15258911,4.4355993
12737,12.737,0.15361549,4.398369
12738,12.738,0.15056032,4.417105
12739,12.739,0.13574955,4.4495254
12740,12.74,0.14904763,4.4539084
12741,12.741,0.15967146,4.4654956
12742,12.742,0.13853782,4.474936
12743,12.743,0.14949939,4.422767
12744,12.744,0.1496853,4.407951
12745,12.745,0.14271313,4.413818
12746,12.746,0.1473095,4.387726
12747,12.747,0.15378441,4.404147
12748,12.748,0.14368889,4.43399
12749,12.749,0.1563732,4.430727
12750,12.75,0.15715033,4.460371
12751,12.751,0.15646683,4.435129
12752,12.752,0.15603288,4.42592
12753,12.753,0.14439113,4.400948
12754,12.754,0.13016497,4.4252844
12755,12.755,0.1160903,4.43523
12756,12.756,0.1384294,4.4187365
12757,12.757,0.11896698,4.4381313
12758,12.758,0.12290078,4.489165
12759,12.759,0.13672864,4.453133
12760,12.76,0.13978331,4.4717474
12761,12.761,0.1366152,4.4245577
12762,12.762,0.13544963,4.4479027
12763,12.763,0.14239633,4.442675
12764,12.764,0.142139,4.454757
12765,12.765,0.117260456,4.4307113
12766,12.766,0.13002497,4.4364185
12767,12.767,0.13071166,4.43471
12768,12.768,0.12316133,4.4044147
12769,12.769,0.12151119,4.4306793
12770,12.77,0.124435134,4.413685
12771,12.771,0.11855407,4.430682
12772,12.772,0.122456424,4.416509
12773,12.773,0.12719716,4.403954
12774,12.774,0.1308857,4.42009
12775,12.775,0.12406671,4.4480577
12776,12.776,0.13277079,4.3908973
12777,12.777,0.13760513,4.38687
12778,12.778,0.13294354,4.414133
12779,12.779,0.13762034,4.3858976
12780,12.78,0.12624551,4.3971004
12781,12.781,0.12787881,4.3622165
12782,12.782,0.12648165,4.4214153
12783,12.783,0.10831568,4.406238
12784,12.784,0.11764444,4.4023166
12785,12.785,0.123518504,4.4156103
12786,12.786,0.12273546,4.4010606
12787,12.787,0.1408069,4.401654
12788,12.788,0.12740932,4.475453
12789,12.789,0.13360095,4.41703
12790,12.79,0.13980179,4.398222
12791,12.791,0.13470854,4.445262
12792,12.792,0.14637387,4.4162602
12793,12.793,0.14183697,4.372315
12794,12.794,0.14202252,4.3829336
12795,12.795,0.13979255,4.426306
12796,12.796,0.13675025,4.411805
12797,12.797,0.1312992,4.404273
12798,12.798,0.12732914,4.386694
12799,12.799,0.14019732,4.3927603
12800,12.8,0.13633119,4.408467
12801,12.801,0.13953571,4.4183707
12802,12.802,0.13187711,4.447134
12803,12.803,0.14878982,4.420914
12804,12.804,0.14007527,4.3963413
12805,12.805,0.13948058,4.4053082
12806,12.806,0.1427976,4.411404
12807,12.807,0.1459563,4.4634953
12808,12.808,0.13392662,4.4301825
12809,12.809,0.14666446,4.4902325
12810,12.81,0.15548657,4.444535
12811,12.811,0.13758591,4.470123
12812,12.812,0.13934685,4.4333534
12813,12.813,0.15099531,4.4206614
12814,12.814,0.14869758,4.407027
12815,12.815,0.1505836,4.3902354
12816,12.816,0.13919577,4.3812394
12817,12.817,0.13782361,4.402659
12818,12.818,0.13093975,4.4117246
12819,12.819,0.1404271,4.4071693
12820,12.82,0.1395388,4.422205
12821,12.821,0.1339831,4.3966155
12822,12.822,0.12707084,4.396498
12823,12.823,0.13948102,4.421305
12824,12.824,0.15120664,4.43394
12825,12.825,0.13715862,4.3742695
12826,12.826,0.12580073,4.4367666
12827,12.827,0.13002165,4.4087133
12828,12.828,0.1251289,4.4090767
12829,12.829,0.130486,4.4238143
12830,12.83,0.1502748,4.385339
12831,12.831,0.13537194,4.3904896
12832,12.832,0.13706797,4.390003
12833,12.833,0.13759351,4.3668876
12834,12.834,0.13795257,4.381772
12835,12.835,0.13844718,4.3893733
12836,12.836,0.12634294,4.411734
12837,12.837,0.13525963,4.3897195
12838,12.838,0.1351891,4.412947
12839,12.839,0.13893606,4.3999786
12840,12.84,0.14238077,4.4137707
12841,12.841,0.13465647,4.3999896
12842,12.842,0.117872246,4.439644
12843,12.843,0.1302004,4.4009337
12844,12.844,0.13152112,4.4271183
12845,12.845,0.12567301,4.449507
12846,12.846,0.13276987,4.4399986
12847,12.847,0.12424512,4.475699
12848,12.848,0.12103632,4.431797
12849,12.849,0.12708391,4.469621
12850,12.85,0.13762257,4.5075355
12851,12.851,0.13851428,4.4810085
12852,12.852,0.14125407,4.479191
12853,12.853,0.13462174,4.4836745
12854,12.854,0.1342038,4.454316
12855,12.855,0.14228697,4.467057
12856,12.856,0.1392329,4.5173855
12857,12.857,0.1392678,4.5424113
12858,12.858,0.14851417,4.445337
12859,12.859,0.14138904,4.48846
12860,12.86,0.14231767,4.481599
12861,12.861,0.1442193,4.5036063
12862,12.862,0.13484459,4.4646325
12863,12.863,0.13224286,4.5020638
12864,12.864,0.13977714,4.497633
12865,12.865,0.14205761,4.536033
12866,12.866,0.13495542,4.580292
12867,12.867,0.13776869,4.48528
12868,12.868,0.14877906,4.509893
12869,12.869,0.14281915,4.5350156
12870,12.87,0.13816069,4.4660225
12871,12.871,0.12246496,4.459706
12872,12.872,0.13468114,4.432417
12873,12.873,0.12704179,4.485854
12874,12.874,0.1294958,4.552891
12875,12.875,0.1329815,4.4860964
12876,12.876,0.14462359,4.522803
12877,12.877,0.124687545,4.4765534
12878,12.878,0.12618165,4.459062
12879,12.879,0.13486648,4.4764724
12880,12.88,0.12961406,4.4822993
12881,12.881,0.12763947,4.4530773
12882,12.882,0.1371326,4.5024915
12883,12.883,0.1379762,4.512916
12884,12.884,0.13931021,4.518971
12885,12.885,0.15968688,4.519315
12886,12.886,0.15207778,4.480971
12887,12.887,0.13684155,4.499112
12888,12.888,0.14216888,4.477488
12889,12.889,0.13367923,4.4872932
12890,12.89,0.13402489,4.555577
12891,12.891,0.13137087,4.5095186
12892,12.892,0.13195361,4.6080103
12893,12.893,0.12995349,4.5017757
12894,12.894,0.11702988,4.5382953
12895,12.895,0.12693858,4.5523014
12896,12.896,0.12972556,4.5485797
12897,12.897,0.12772138,4.5378294
12898,12.898,0.11715862,4.534107
12899,12.899,0.13187058,4.501496
12900,12.9,0.1259547,4.526985
12901,12.901,0.11763241,4.557703
12902,12.902,0.12828714,4.5762663
12903,12.903,0.12926325,4.554915
12904,12.904,0.11645542,4.5507216
12905,12.905,0.10437038,4.57039
12906,12.906,0.12738276,4.569788
12907,12.907,0.11474801,4.548783
12908,12.908,0.12732528,4.5304074
12909,12.909,0.12600061,4.50954
12910,12.91,0.11830626,4.515005
12911,12.911,0.10599887,4.530323
12912,12.912,0.11420786,4.5307007
12913,12.913,0.11438066,4.5160837
12914,12.914,0.12179341,4.516633
12915,12.915,0.1132329,4.5656533
12916,12.916,0.11646387,4.494652
12917,12.917,0.10576469,4.51829
12918,12.918,0.114563406,4.4935193
12919,12.919,0.1355527,4.4519553
12920,12.92,0.1281763,4.4821625
12921,12.921,0.12922516,4.4568477
12922,12.922,0.13055718,4.4674196
12923,12.923,0.12199683,4.4342084
12924,12.924,0.12510185,4.5057364
12925,12.925,0.12531659,4.5063276
12926,12.926,0.13845386,4.495126
12927,12.927,0.12584132,4.474538
12928,12.928,0.12007684,4.5153193
12929,12.929,0.12461992,4.477484
12930,12.93,0.13166046,4.4932704
12931,12.931,0.13362168,4.476267
12932,12.932,0.13062643,4.461092
12933,12.933,0.12344576,4.499239
12934,12.934,0.118758895,4.4937797
12935,12.935,0.11406716,4.4569936
12936,12.936,0.120117314,4.429779
12937,12.937,0.10512985,4.435603
12938,12.938,0.110817395,4.4297166
12939,12.939,0.122968845,4.4220557
12940,12.94,0.13058592,4.4548783
12941,12.941,0.119142175,4.448649
12942,12.942,0.11705197,4.4599075
12943,12.943,0.12970516,4.5003843
12944,12.944,0.12778497,4.481461
12945,12.945,0.12449742,4.4417453
12946,12.946,0.11876925,4.5081863
12947,12.947,0.116232775,4.488145
12948,12.948,0.13065328,4.496649
12949,12.949,0.12164429,4.4817433
12950,12.95,0.123321086,4.4994984
12951,12.951,0.12165795,4.497186
12952,12.952,0.1309933,4.4709954
12953,12.953,0.1322219,4.4961824
12954,12.954,0.12197918,4.4462647
12955,12.955,0.1323568,4.510259
12956,12.956,0.13396473,4.4167914
12957,12.957,0.13062973,4.4270234
12958,12.958,0.13523597,4.4694552
12959,12.959,0.1368537,4.463835
12960,12.96,0.16161978,4.3921432
12961,12.961,0.14727567,4.4112387
12962,12.962,0.13828221,4.4130564
12963,12.963,0.1549439,4.368355
12964,12.964,0.17360073,4.3864574
12965,12.965,0.17949119,4.402092
12966,12.966,0.17631039,4.4048533
12967,12.967,0.17072563,4.404123
12968,12.968,0.16998486,4.446882
12969,12.969,0.15858342,4.415576
12970,12.97,0.15179268,4.4540024
12971,12.971,0.15072164,4.4302087
12972,12.972,0.15574673,4.4382286
12973,12.973,0.14381386,4.44916
12974,12.974,0.1531361,4.5048375
12975,12.975,0.15603288,4.418537
12976,12.976,0.15223022,4.4337
12977,12.977,0.16016509,4.464164
12978,12.978,0.15952227,4.5322723
12979,12.979,0.14540598,4.57903
12980,12.98,0.1523809,4.5782175
12981,12.981,0.14913636,4.494136
12982,12.982,0.15602617,4.471043
12983,12.983,0.14517519,4.457579
12984,12.984,0.14124317,4.4127088
12985,12.985,0.14134769,4.4186525
12986,12.986,0.1559603,4.406859
12987,12.987,0.1468749,4.47164
12988,12.988,0.14837946,4.4199605
12989,12.989,0.16368216,4.4150286
12990,12.99,0.15632205,4.423254
12991,12.991,0.16114742,4.4541693
12992,12.992,0.1476491,4.4004536
12993,12.993,0.14803447,4.468377
12994,12.994,0.14992926,4.5164566
12995,12.995,0.15098554,4.4532185
12996,12.996,0.15857294,4.4182477
12997,12.997,0.16300263,4.478037
12998,12.998,0.16621712,4.4297743
12999,12.999,0.16237067,4.4319987
13000,13.0,0.16493064,4.4624166
13001,13.001,0.15318592,4.442615
13002,13.002,0.15553682,4.490072
13003,13.003,0.15133192,4.451149
13004,13.004,0.14752528,4.463944
13005,13.005,0.13600177,4.5
13006,13.006,0.13650076,4.480906
13007,13.007,0.13974501,4.442496
13008,13.008,0.12183786,4.432314
13009,13.009,0.13525008,4.4778495
13010,13.01,0.12812732,4.443295
13011,13.011,0.1304393,4.4011254
13012,13.012,0.13734287,4.4422846
13013,13.013,0.14311095,4.4152775
13014,13.014,0.14282475,4.4235325
13015,13.015,0.14336051,4.396982
13016,13.016,0.14771992,4.454721
13017,13.017,0.14667913,4.4422297
13018,13.018,0.16577901,4.423814
13019,13.019,0.16521578,4.425663
13020,13.02,0.15823035,4.4012427
13021,13.021,0.15438418,4.43327
13022,13.022,0.1404709,4.5175395
13023,13.023,0.14082175,4.442118
13024,13.024,0.15073879,4.3900685
13025,13.025,0.15343754,4.4311905
13026,13.026,0.15861134,4.4591494
13027,13.027,0.16027184,4.443884
13028,13.028,0.15763624,4.4255586
13029,13.029,0.15648255,4.4303393
13030,13.03,0.16203421,4.4393454
13031,13.031,0.15622677,4.454541
13032,13.032,0.16605306,4.442822
13033,13.033,0.16797717,4.460148
13034,13.034,0.16896288,4.4190574
13035,13.035,0.16433716,4.446429
13036,13.036,0.15275192,4.4180427
13037,13.037,0.15506299,4.463576
13038,13.038,0.15793182,4.453357
13039,13.039,0.16152039,4.434807
13040,13.04,0.1562622,4.417489
13041,13.041,0.15977354,4.442559
13042,13.042,0.17501408,4.398894
13043,13.043,0.18142506,4.4326053
13044,13.044,0.16537285,4.4103622
13045,13.045,0.14847977,4.4106636
13046,13.046,0.15627638,5.3466935
13047,13.047,0.15843436,5.4290705
13048,13.048,0.16114666,4.3700023
13049,13.049,0.13351388,4.375075
13050,13.05,0.14088117,4.411179
13051,13.051,0.14563556,4.3800235
13052,13.052,0.16213784,4.4288316
13053,13.053,0.15663974,4.374168
13054,13.054,0.14547493,4.453317
13055,13.055,0.13361247,4.44601
13056,13.056,0.14287816,4.4052825
13057,13.057,0.13895555,4.423107
13058,13.058,0.14766493,4.383262
13059,13.059,0.139983,4.3962145
13060,13.06,0.15128638,4.387581
13061,13.061,0.15250884,4.392554
13062,13.062,0.14793469,4.371703
13063,13.063,0.13615777,4.3944345
13064,13.064,0.1351076,4.3939924
13065,13.065,0.13950925,4.390874
13066,13.066,0.12244486,4.3895054
13067,13.067,0.13334419,4.404422
13068,13.068,0.12972984,4.391801
13069,13.069,0.147034,4.397248
13070,13.07,0.14132157,4.418379
13071,13.071,0.14178449,4.396566
13072,13.072,0.1353542,4.4197536
13073,13.073,0.12805527,4.4339
13074,13.074,0.14467506,4.4130077
13075,13.075,0.14046872,4.392901
13076,13.076,0.12637411,4.414064
13077,13.077,0.14697456,4.3844237
13078,13.078,0.14908025,4.414551
13079,13.079,0.14711934,4.4297905
13080,13.08,0.15714681,4.4268513
13081,13.081,0.15304206,4.4889402
13082,13.082,0.14300385,4.465813
13083,13.083,0.1497605,4.435167
13084,13.084,0.1501302,4.4230785
13085,13.085,0.1471231,4.441908
13086,13.086,0.12984598,4.4328012
13087,13.087,0.13986075,4.4141173
13088,13.088,0.14998136,4.385988
13089,13.089,0.13461442,4.42116
13090,13.09,0.14120702,4.4038506
13091,13.091,0.14715447,4.405345
13092,13.092,0.15258306,4.3911886
13093,13.093,0.1505178,4.4302316
13094,13.094,0.14397421,4.3641915
13095,13.095,0.13036522,4.393342
13096,13.096,0.14012094,4.4198475
13097,13.097,0.13301016,4.4530287
13098,13.098,0.1400076,4.48314
13099,13.099,0.14393103,4.4627757
13100,13.1,0.15121967,4.436707
13101,13.101,0.15904753,4.430184
13102,13.102,0.16061506,4.4569135
13103,13.103,0.15218979,4.4453692
13104,13.104,0.16031484,4.421656
13105,13.105,0.16239454,4.408193
13106,13.106,0.1491248,4.4340596
13107,13.107,0.15896782,4.3938217
13108,13.108,0.15207979,4.4063487
13109,13.109,0.14360707,4.412479
13110,13.11,0.15308788,4.4371767
13111,13.111,0.1490047,4.4297233
13112,13.112,0.15165399,4.4736743
13113,13.113,0.16041076,4.439065
13114,13.114,0.16977298,4.4369535
13115,13.115,0.17000803,4.4035907
13116,13.116,0.1698335,4.4028172
13117,13.117,0.16772021,4.4179597
13118,13.118,0.16836828,4.4203806
13119,13.119,0.15381242,4.4621058
13120,13.12,0.16415511,4.4010167
13121,13.121,0.15973927,4.405998
13122,13.122,0.16907719,4.4116583
13123,13.123,0.16655546,4.4387383
13124,13.124,0.16762738,4.4505606
13125,13.125,0.16667327,4.40987
13126,13.126,0.16426414,4.4407926
13127,13.127,0.1638794,4.466473
13128,13.128,0.1594968,4.4130793
13129,13.129,0.16027644,4.4471536
13130,13.13,0.16182409,4.428828
13131,13.131,0.15411893,4.431848
13132,13.132,0.16811118,5.5458794
13133,13.133,0.17809023,4.361823
13134,13.134,0.1630317,4.4120893
13135,13.135,0.16307622,4.422442
13136,13.136,0.17298935,4.40518
13137,13.137,0.16564126,4.437277
13138,13.138,0.16443522,4.4069395
13139,13.139,0.16363141,4.394557
13140,13.14,0.16443597,4.3772836
13141,13.141,0.15973888,4.4379315
13142,13.142,0.16048361,4.404672
13143,13.143,0.15475477,4.464523
13144,13.144,0.15669905,4.43154
13145,13.145,0.15098105,4.4874563
13146,13.146,0.14689836,4.501533
13147,13.147,0.1538876,4.451251
13148,13.148,0.15351051,4.481684
13149,13.149,0.14167465,4.4772377
13150,13.15,0.147093,4.491683
13151,13.151,0.13916261,4.436163
13152,13.152,0.13857822,4.455313
13153,13.153,0.1493495,4.503279
13154,13.154,0.14730574,4.416044
13155,13.155,0.13174081,4.4460163
13156,13.156,0.14119568,4.441459
13157,13.157,0.14655283,4.487249
13158,13.158,0.14411047,4.473382
13159,13.159,0.15805839,4.4816127
13160,13.16,0.15931539,4.45443
13161,13.161,0.15486446,4.4445405
13162,13.162,0.14653519,4.476664
13163,13.163,0.1480033,4.5006065
13164,13.164,0.14002167,4.4872355
13165,13.165,0.13938218,4.4536853
13166,13.166,0.1274074,4.471522
13167,13.167,0.12741318,4.468584
13168,13.168,0.13611528,4.4576206
13169,13.169,0.13700467,5.7746572
13170,13.17,0.13354982,4.4341083
13171,13.171,0.13906576,5.733404
13172,13.172,0.14826372,4.431015
13173,13.173,0.14256561,5.85874
13174,13.174,0.1479663,5.941038
13175,13.175,0.13064574,4.4680076
13176,13.176,0.1418027,4.519006
13177,13.177,0.13792267,6.069537
13178,13.178,0.1368456,6.0536146
13179,13.179,0.14232244,5.9926157
13180,13.18,0.12686683,5.990063
13181,13.181,0.121754,5.921427
13182,13.182,0.12463671,5.9705553
13183,13.183,0.11130657,5.932709
13184,13.184,0.11955151,5.9375405
13185,13.185,0.11986452,6.0217533
13186,13.186,0.118382685,6.151466
13187,13.187,0.109088294,6.1403313
13188,13.188,0.10508185,6.131122
13189,13.189,0.1100435,6.153649
13190,13.19,0.10953633,5.986992
13191,13.191,0.10770902,5.9458804
13192,13.192,0.103665896,5.9980435
13193,13.193,0.10832647,6.0142474
13194,13.194,0.11023344,5.9655914
13195,13.195,0.104078755,5.981895
13196,13.196,0.110359505,6.091774
13197,13.197,0.094802685,6.196253
13198,13.198,0.103268065,6.2187862
13199,13.199,0.096512325,6.24278
13200,13.2,0.111276716,6.192084
13201,13.201,0.10386335,6.1708317
13202,13.202,0.11098272,6.0711718
13203,13.203,0.113282874,6.131122
13204,13.204,0.120174155,6.2743144
13205,13.205,0.12429512,6.136377
13206,13.206,0.12056519,6.06363
13207,13.207,0.13062549,6.059956
13208,13.208,0.11564104,4.5467124
13209,13.209,0.10837814,5.921182
13210,13.21,0.11998714,6.053618
13211,13.211,0.11135741,6.1529217
13212,13.212,0.117937475,6.1486382
13213,13.213,0.11230099,6.0477905
13214,13.214,0.12544173,6.0107994
13215,13.215,0.12139721,4.8435903
13216,13.216,0.13322695,4.745493
13217,13.217,0.12899214,4.642661
13218,13.218,0.13631402,4.655658
13219,13.219,0.13204357,4.6709094
13220,13.22,0.13446945,4.5119834
13221,13.221,0.1273359,4.474983
13222,13.222,0.13502151,4.471585
13223,13.223,0.14276874,4.472761
13224,13.224,0.13121106,4.5555234
13225,13.225,0.14013368,4.666136
13226,13.226,0.12747547,4.7187276
13227,13.227,0.1307512,4.654086
13228,13.228,0.13839118,4.651412
13229,13.229,0.14607596,4.4727063
13230,13.23,0.14075707,4.505884
13231,13.231,0.13352172,4.3666525
13232,13.232,0.13391927,5.8839855
13233,13.233,0.13161512,4.4055886
13234,13.234,0.13685325,4.3604026
13235,13.235,0.13421023,4.493541
13236,13.236,0.14458318,5.8687477
13237,13.237,0.13614105,5.926898
13238,13.238,0.13817538,5.835964
13239,13.239,0.13973707,5.891948
13240,13.24,0.13866699,5.7769384
13241,13.241,0.1308053,4.239702
13242,13.242,0.14052564,4.228747
13243,13.243,0.14925554,5.7023773
13244,13.244,0.15148593,5.5781245
13245,13.245,0.1598875,5.6951566
13246,13.246,0.14087373,5.69072
13247,13.247,0.14337681,5.7612505
13248,13.248,0.13699973,5.6697273
13249,13.249,0.13387468,5.694915
13250,13.25,0.1356743,5.708866
13251,13.251,0.13836494,5.7416973
13252,13.252,0.14667536,5.7410994
13253,13.253,0.14594406,5.8778024
13254,13.254,0.14161645,5.968379
13255,13.255,0.14031401,4.44592
13256,13.256,0.14301375,4.5155044
13257,13.257,0.14019556,5.8857303
13258,13.258,0.13643223,5.9045544
13259,13.259,0.1375792,5.8682957
13260,13.26,0.12678969,4.4693365
13261,13.261,0.14495972,5.9068418
13262,13.262,0.14716157,4.505017
13263,13.263,0.13673091,4.4802246
13264,13.264,0.131406,4.4493527
13265,13.265,0.14233929,4.4974384
13266,13.266,0.14390239,4.4483213
13267,13.267,0.1524935,4.445651
13268,13.268,0.14368331,2.2465267
13269,13.269,0.14375524,4.4452443
13270,13.27,0.15930575,2.2384915
13271,13.271,0.14964089,2.0459328
13272,13.272,0.14734332,2.1361427
13273,13.273,0.15926403,2.1988533
13274,13.274,0.15422428,2.207588
13275,13.275,0.1383307,2.1713345
13276,13.276,0.14485739,2.1549582
13277,13.277,0.13831335,2.1189966
13278,13.278,0.13453396,2.1284175
13279,13.279,0.13705182,2.0684917
13280,13.28,0.13615325,2.029102
13281,13.281,0.15038204,1.986787
13282,13.282,0.15185307,2.0241272
13283,13.283,0.15432559,2.0194054
13284,13.284,0.14535391,2.007071
13285,13.285,0.14686945,2.1176534
13286,13.286,0.15638107,2.0620856
13287,13.287,0.15280306,2.147275
13288,13.288,0.15644675,2.3192828
13289,13.289,0.16328059,2.4626417
13290,13.29,0.1537604,2.488821
13291,13.291,0.16403362,2.4527175
13292,13.292,0.1661101,2.3963337
13293,13.293,0.15955967,2.3231695
13294,13.294,0.16258235,2.2355268
13295,13.295,0.16806543,2.0838852
13296,13.296,0.17922361,2.04386
13297,13.297,0.1586544,1.991786
13298,13.298,0.1587614,2.0060987
13299,13.299,0.16108747,2.0002506
13300,13.3,0.15668255,2.069254
13301,13.301,0.134485,2.1069202
13302,13.302,0.14381386,2.0937672
13303,13.303,0.13338894,2.1060045
13304,13.304,0.1413725,2.1217737
13305,13.305,0.12518936,4.9830003
13306,13.306,0.11903781,2.0266914
13307,13.307,0.13620068,2.120717
13308,13.308,0.13868785,4.98202
13309,13.309,0.13600403,4.960198
13310,13.31,0.13708907,4.9064145
13311,13.311,0.13392662,4.860875
13312,13.312,0.13939631,4.910936
13313,13.313,0.13855025,4.8933854
13314,13.314,0.14285834,4.8875566
13315,13.315,0.14047572,4.966083
13316,13.316,0.141563,4.9479556
13317,13.317,0.14611891,4.921387
13318,13.318,0.14096718,4.8644547
13319,13.319,0.14589135,4.9016576
13320,13.32,0.1279149,4.837525
13321,13.321,0.12959696,4.9121785
13322,13.322,0.144363,4.885883
13323,13.323,0.14405368,4.852874
13324,13.324,0.13774502,4.7837844
13325,13.325,0.1519697,4.7714634
13326,13.326,0.13466698,4.785107
13327,13.327,0.1491508,4.887701
13328,13.328,0.1453154,4.9195137
13329,13.329,0.13492624,4.879147
13330,13.33,0.1436045,4.883194
13331,13.331,0.14695573,4.9585676
13332,13.332,0.14219095,5.0138626
13333,13.333,0.14294532,5.0166035
13334,13.334,0.1494541,5.053889
13335,13.335,0.15087464,2.0364063
13336,13.336,0.14698754,4.964717
13337,13.337,0.13491574,5.045832
13338,13.338,0.13368888,5.0685983
13339,13.339,0.13906753,5.178099
13340,13.34,0.13366495,2.1954947
13341,13.341,0.13667823,5.1162148
13342,13.342,0.13408226,4.9731846
13343,13.343,0.13333173,4.937518
13344,13.344,0.14309847,4.9009857
13345,13.345,0.14800122,4.9655757
13346,13.346,0.14408101,4.9810796
13347,13.347,0.14594954,5.0787706
13348,13.348,0.14913306,5.128139
13349,13.349,0.13410152,2.3805988
13350,13.35,0.15217079,5.0649133
13351,13.351,0.16422518,5.1317916
13352,13.352,0.14492534,5.007819
13353,13.353,0.14476477,4.9499216
13354,13.354,0.1367921,2.2849495
13355,13.355,0.13905603,2.229423
13356,13.356,0.14329396,2.1866734
13357,13.357,0.14230816,2.1203382
13358,13.358,0.14118218,5.167448
13359,13.359,0.14173761,5.083859
13360,13.36,0.13350882,5.0622563
13361,13.361,0.15471064,4.9945
13362,13.362,0.14882787,4.92393
13363,13.363,0.14175671,6.2322206
13364,13.364,0.14833093,6.1172786
13365,13.365,0.1384303,4.835379
13366,13.366,0.13550639,6.0858574
13367,13.367,0.1351759,6.124707
13368,13.368,0.1590839,6.060477
13369,13.369,0.15175903,5.9770346
13370,13.37,0.15035912,6.042819
13371,13.371,0.15333687,6.0302
13372,13.372,0.1492506,6.028208
13373,13.373,0.1451294,6.006123
13374,13.374,0.14905383,5.9152493
13375,13.375,0.14781652,5.9766655
13376,13.376,0.15573528,6.051089
13377,13.377,0.14803073,6.0541973
13378,13.378,0.16602749,6.037208
13379,13.379,0.15599345,6.061776
13380,13.38,0.14897785,6.1466904
13381,13.381,0.13879073,6.1861563
13382,13.382,0.14593057,6.173811
13383,13.383,0.15885012,6.2130013
13384,13.384,0.14524424,6.155662
13385,13.385,0.14297588,6.2824054
13386,13.386,0.14055322,6.2979593
13387,13.387,0.15035708,6.2325854
13388,13.388,0.13163942,6.2416344
13389,13.389,0.15308547,6.1868615
13390,13.39,0.13931109,6.2308016
13391,13.391,0.13733256,6.2083244
13392,13.392,0.14741221,4.4088125
13393,13.393,0.14496396,6.087795
13394,13.394,0.13528918,6.125954
13395,13.395,0.13300878,6.031495
13396,13.396,0.14358093,6.052083
13397,13.397,0.13624495,5.9977484
13398,13.398,0.12885948,5.9712825
13399,13.399,0.11537845,5.980318
13400,13.4,0.12613384,6.00993
13401,13.401,0.12720343,5.996848
13402,13.402,0.14026621,6.0665603
13403,13.403,0.13297963,5.98308
13404,13.404,0.13039778,5.9543066
13405,13.405,0.13632667,6.0356584
13406,13.406,0.1306302,6.166086
13407,13.407,0.1377133,6.0679255
13408,13.408,0.13907461,6.17091
13409,13.409,0.14406477,4.4437876
13410,13.41,0.14417748,4.4316163
13411,13.411,0.13980442,4.3962693
13412,13.412,0.1360063,4.3712525
13413,13.413,0.13416162,4.4083047
13414,13.414,0.1335056,4.403081
13415,13.415,0.13642998,6.3165884
13416,13.416,0.13959964,4.420607
13417,13.417,0.1441873,6.2317805
13418,13.418,0.13245903,6.206568
13419,13.419,0.13539465,6.0983386
13420,13.42,0.13900247,6.1656413
13421,13.421,0.13368244,6.112572
13422,13.422,0.12528418,6.2153664
13423,13.423,0.14631963,4.3391004
13424,13.424,0.13604112,4.38355
13425,13.425,0.14583695,4.401734
13426,13.426,0.15146522,4.398712
13427,13.427,0.13604791,4.37062
13428,13.428,0.13286622,6.2075553
13429,13.429,0.14108409,6.1002293
13430,13.43,0.13553545,6.2087708
13431,13.431,0.14799665,6.1999393
13432,13.432,0.13482359,6.079323
13433,13.433,0.1374293,4.4101653
13434,13.434,0.13711421,4.437565
13435,13.435,0.12552606,5.89831
13436,13.436,0.13017204,5.8877635
13437,13.437,0.12657794,5.9495935
13438,13.438,0.12270739,5.915127
13439,13.439,0.13523142,5.85847
13440,13.44,0.14211348,5.868744
13441,13.441,0.13821234,5.9289513
13442,13.442,0.13209762,5.9650364
13443,13.443,0.140214,5.882825
13444,13.444,0.13961153,6.5546765
13445,13.445,0.13452114,4.439972
13446,13.446,0.13107455,6.447576
13447,13.447,0.12695943,4.392221
13448,13.448,0.115742095,4.4403462
13449,13.449,0.12505709,4.4363017
13450,13.45,0.121053606,4.419456
13451,13.451,0.106168225,4.3868694
13452,13.452,0.122027084,4.4396763
13453,13.453,0.12516627,6.182773
13454,13.454,0.123069875,4.427728
13455,13.455,0.13078883,4.4248285
13456,13.456,0.1196873,4.414334
13457,13.457,0.12327468,4.4232435
13458,13.458,0.11903058,4.4083605
13459,13.459,0.12625135,4.4498625
13460,13.46,0.13437471,4.402053
13461,13.461,0.13444978,4.3971615
13462,13.462,0.14856097,4.4288507
13463,13.463,0.13673314,4.4213905
13464,13.464,0.13795702,4.424399
13465,13.465,0.13826619,4.3768644
13466,13.466,0.13453212,4.466081
13467,13.467,0.13375147,4.4179068
13468,13.468,0.13332297,4.3837557
13469,13.469,0.13985723,4.390022
13470,13.47,0.14182006,4.4148536
13471,13.471,0.13913299,6.3863044
13472,13.472,0.14130938,6.351831
13473,13.473,0.13795257,6.3114266
13474,13.474,0.1442402,6.2902
13475,13.475,0.14659438,6.2392898
13476,13.476,0.14182484,4.4175267
13477,13.477,0.14363493,4.4077363
13478,13.478,0.11996509,4.4414706
13479,13.479,0.14217363,6.350083
13480,13.48,0.13460025,6.310296
13481,13.481,0.13493946,4.4321055
13482,13.482,0.14399429,6.005019
13483,13.483,0.14140296,4.3984714
13484,13.484,0.13990033,4.4283705
13485,13.485,0.13848495,4.378973
13486,13.486,0.14341672,4.390576
13487,13.487,0.12879595,4.3930044
13488,13.488,0.13444611,4.3932505
13489,13.489,0.14235917,4.396716
13490,13.49,0.15065917,4.4139075
13491,13.491,0.14605616,4.3819146
13492,13.492,0.14822555,4.3674617
13493,13.493,0.141781,4.3605595
13494,13.494,0.13573551,4.351298
13495,13.495,0.15210083,4.3783627
13496,13.496,0.14678271,4.3584857
13497,13.497,0.15095782,4.3800583
13498,13.498,0.14639278,4.390276
13499,13.499,0.15113664,4.3790665
13500,13.5,0.14223766,4.3938556
13501,13.501,0.13839073,4.357566
13502,13.502,0.14332317,4.391104
13503,13.503,0.13391742,4.385778
13504,13.504,0.14624813,4.4280543
13505,13.505,0.15231507,4.392606
13506,13.506,0.14926668,4.435753
13507,13.507,0.15744214,4.386476
13508,13.508,0.16728862,4.394484
13509,13.509,0.16883501,4.428018
13510,13.51,0.1617233,4.38222
13511,13.511,0.1644659,4.414963
13512,13.512,0.15913224,4.3934298
13513,13.513,0.18468237,4.3619337
13514,13.514,0.17180805,4.3833356
13515,13.515,0.17122008,4.430064
13516,13.516,0.1615482,4.41466
13517,13.517,0.17053849,4.3867946
13518,13.518,0.1543782,4.398119
13519,13.519,0.16357312,4.4167004
13520,13.52,0.14906992,4.3918653
13521,13.521,0.15383722,4.433378
13522,13.522,0.14917803,4.446991
13523,13.523,0.14879686,4.3782916
13524,13.524,0.14343902,4.3774953
13525,13.525,0.14430289,4.46308
13526,13.526,0.14112552,4.4206214
13527,13.527,0.14486207,4.4859824
13528,13.528,0.1487646,4.4409814
13529,13.529,0.16596484,4.4419665
13530,13.53,0.17246251,4.4219832
13531,13.531,0.1589446,4.438762
13532,13.532,0.16681828,4.42035
13533,13.533,0.16392069,4.4058046
13534,13.534,0.16302226,4.3924546
13535,13.535,0.16453323,4.3764677
13536,13.536,0.1624843,4.400862
13537,13.537,0.16367014,5.5299335
13538,13.538,0.16090785,5.570766
13539,13.539,0.1546816,5.663828
13540,13.54,0.14907447,5.7122912
13541,13.541,0.14700052,4.4148726
13542,13.542,0.14554048,4.4115977
13543,13.543,0.15403546,4.45918
13544,13.544,0.15564795,4.4168572
13545,13.545,0.1453971,4.4220934
13546,13.546,0.14309072,4.4648666
13547,13.547,0.15540741,4.4189615
13548,13.548,0.16749078,4.428766
13549,13.549,0.15412132,4.4015856
13550,13.55,0.14318444,4.447179
13551,13.551,0.14317928,4.4676113
13552,13.552,0.14973132,4.4375386
13553,13.553,0.14574368,4.3809195
13554,13.554,0.14992063,4.4192214
13555,13.555,0.15083712,4.391381
13556,13.556,0.15289564,4.4372573
13557,13.557,0.14716074,4.413157
13558,13.558,0.14332746,4.4036183
13559,13.559,0.14696954,4.3862967
13560,13.56,0.14897703,4.408298
13561,13.561,0.15008634,4.4305453
13562,13.562,0.13762122,4.414657
13563,13.563,0.14572383,4.371047
13564,13.564,0.1383089,4.4006095
13565,13.565,0.13560762,4.3894577
13566,13.566,0.14317198,4.3903966
13567,13.567,0.14591877,4.3859506
13568,13.568,0.12549518,4.440698
13569,13.569,0.14188252,4.3801913
13570,13.57,0.14948703,4.3978467
13571,13.571,0.15837842,6.4965887
13572,13.572,0.14033988,4.449222
13573,13.573,0.1517943,6.463634
13574,13.574,0.15380882,4.459387
13575,13.575,0.1466397,4.4610543
13576,13.576,0.15045075,6.5161424
13577,13.577,0.13640697,4.455056
13578,13.578,0.14473204,4.4378266
13579,13.579,0.14713147,4.442591
13580,13.58,0.15912025,4.4456553
13581,13.581,0.13485143,4.4337993
13582,13.582,0.14506748,4.4627776
13583,13.583,0.14169072,4.445208
13584,13.584,0.13000557,4.434549
13585,13.585,0.1305812,4.468521
13586,13.586,0.13238004,4.460272
13587,13.587,0.133676,4.4568977
13588,13.588,0.11575698,4.4209213
13589,13.589,0.122741476,4.4068213
13590,13.59,0.11645489,4.426302
13591,13.591,0.12560299,4.458254
13592,13.592,0.13479666,4.4458084
13593,13.593,0.11950827,4.4342623
13594,13.594,0.12367133,4.3924313
13595,13.595,0.13825819,4.430773
13596,13.596,0.14536111,6.1935887
13597,13.597,0.14215675,6.1565485
13598,13.598,0.1427265,6.1468697
13599,13.599,0.1400981,6.2213564
13600,13.6,0.1401148,6.0380816
13601,13.601,0.13043788,5.9555755
13602,13.602,0.11706247,6.043064
13603,13.603,0.12781769,6.0084567
13604,13.604,0.12553783,5.9681115
13605,13.605,0.13873753,5.8901205
13606,13.606,0.14234447,5.8765755
13607,13.607,0.14864957,5.7890787
13608,13.608,0.14429478,5.728024
13609,13.609,0.14273684,5.7985587
13610,13.61,0.13834672,5.791985
13611,13.611,0.1487803,5.7097945
13612,13.612,0.13947396,5.6406574
13613,13.613,0.15142621,5.6470833
13614,13.614,0.1556519,5.619765
13615,13.615,0.14765744,5.7046
13616,13.616,0.14798792,5.7014103
13617,13.617,0.15579373,5.61761
13618,13.618,0.16076438,5.6513286
13619,13.619,0.15289727,5.658849
13620,13.62,0.15547352,5.734543
13621,13.621,0.15287593,5.675274
13622,13.622,0.14612018,4.3811183
13623,13.623,0.14649655,5.854596
13624,13.624,0.15737803,5.8544574
13625,13.625,0.14508446,5.967699
13626,13.626,0.14436556,4.4154444
13627,13.627,0.15587074,4.429399
13628,13.628,0.15312566,4.4222107
13629,13.629,0.14317627,4.39668
13630,13.63,0.14665188,4.473275
13631,13.631,0.14137858,4.4273953
13632,13.632,0.1554751,4.4349265
13633,13.633,0.1509248,4.4269223
13634,13.634,0.14706454,4.426143
13635,13.635,0.16008669,4.41363
13636,13.636,0.1557653,4.408828
13637,13.637,0.16212684,4.4030514
13638,13.638,0.15988326,5.9315095
13639,13.639,0.15961674,4.419806
13640,13.64,0.14488246,4.3856134
13641,13.641,0.1613199,4.409652
13642,13.642,0.16546546,4.393083
13643,13.643,0.16881315,5.92822
13644,13.644,0.1637453,5.915971
13645,13.645,0.16513158,4.389211
13646,13.646,0.17383415,5.8583884
13647,13.647,0.1692045,5.8389072
13648,13.648,0.16542085,5.8889275
13649,13.649,0.17250068,4.3833947
13650,13.65,0.18198885,6.003359
13651,13.651,0.16463229,6.092845
13652,13.652,0.17781363,4.410655
13653,13.653,0.17779563,4.3842773
13654,13.654,0.18072645,4.3758802
13655,13.655,0.16553424,4.3789163
13656,13.656,0.1551459,4.4014254
13657,13.657,0.16263835,4.4358797
13658,13.658,0.15697327,4.4097114
13659,13.659,0.16402237,6.003192
13660,13.66,0.16163158,5.8712068
13661,13.661,0.15584941,4.4586635
13662,13.662,0.15384762,5.871686
13663,13.663,0.13891082,6.0215206
13664,13.664,0.14986604,4.4867907
13665,13.665,0.15854926,4.4601574
13666,13.666,0.15064447,6.0575852
13667,13.667,0.13770525,6.0439663
13668,13.668,0.15647782,6.0553694
13669,13.669,0.16311583,4.53019
13670,13.67,0.15942195,4.5019207
13671,13.671,0.14668292,4.4900465
13672,13.672,0.15340827,4.495384
13673,13.673,0.15456381,4.516381
13674,13.674,0.15364672,4.54976
13675,13.675,0.15319757,6.0699754
13676,13.676,0.15674537,4.481306
13677,13.677,0.1506849,5.978056
13678,13.678,0.16071118,6.0029793
13679,13.679,0.16031714,6.0125732
13680,13.68,0.1568215,6.140327
13681,13.681,0.16208205,4.3762975
13682,13.682,0.14978555,6.089128
13683,13.683,0.14484933,6.06478
13684,13.684,0.1484064,6.067907
13685,13.685,0.15595241,4.4106536
13686,13.686,0.15851201,6.1872444
13687,13.687,0.14970337,6.234839
13688,13.688,0.15855432,6.2340126
13689,13.689,0.15594769,6.193608
13690,13.69,0.1430817,6.2917805
13691,13.691,0.13679343,4.4572563
13692,13.692,0.14923905,4.440195
13693,13.693,0.13714741,4.417753
13694,13.694,0.14425087,4.4217353
13695,13.695,0.15236838,4.4073906
13696,13.696,0.14590064,4.43777
13697,13.697,0.1457137,4.4163637
13698,13.698,0.14342014,4.394583
13699,13.699,0.1428971,4.4213305
13700,13.7,0.15053824,4.4316745
13701,13.701,0.15060812,4.4505644
13702,13.702,0.14067838,5.9382334
13703,13.703,0.14646757,4.4418163
13704,13.704,0.14705576,4.4326625
13705,13.705,0.14464104,4.3856087
13706,13.706,0.13820432,4.4510536
13707,13.707,0.15304929,4.4249206
13708,13.708,0.15304005,4.4315786
13709,13.709,0.15114681,4.4104166
13710,13.71,0.15933548,4.458009
13711,13.711,0.1514701,4.400847
13712,13.712,0.16398972,4.3891234
13713,13.713,0.14900635,4.425369
13714,13.714,0.1535554,4.4521165
13715,13.715,0.1555115,4.456078
13716,13.716,0.14814748,4.446011
13717,13.717,0.15082978,4.4709163
13718,13.718,0.1572697,4.4437313
13719,13.719,0.15656745,4.4356947
13720,13.72,0.15699443,4.4237003
13721,13.721,0.14505859,4.442069
13722,13.722,0.16571887,4.3745337
13723,13.723,0.1428282,4.4645095
13724,13.724,0.15782075,4.431411
13725,13.725,0.16412961,4.4456496
13726,13.726,0.1599275,4.4013605
13727,13.727,0.15253346,4.394087
13728,13.728,0.14386092,4.3955235
13729,13.729,0.15590073,4.4287024
13730,13.73,0.15120055,4.46159
13731,13.731,0.16066715,6.2861123
13732,13.732,0.15308025,4.4212794
13733,13.733,0.17038509,4.3904395
13734,13.734,0.15525809,4.4294767
13735,13.735,0.15986209,4.430929
13736,13.736,0.15661028,4.426261
13737,13.737,0.1568223,4.405195
13738,13.738,0.1561334,4.397806
13739,13.739,0.1536279,4.4658227
13740,13.74,0.14578378,4.5022535
13741,13.741,0.14357108,4.4766088
13742,13.742,0.14983484,4.4237714
13743,13.743,0.15606087,4.464095
13744,13.744,0.14425898,4.4159265
13745,13.745,0.13092472,4.467855
13746,13.746,0.13431562,4.4486485
13747,13.747,0.124167845,4.4615536
13748,13.748,0.1175377,4.4155684
13749,13.749,0.136193,4.430903
13750,13.75,0.13746645,4.4316974
13751,13.751,0.12827274,4.392964
13752,13.752,0.14635538,4.399566
13753,13.753,0.13241209,4.4088273
13754,13.754,0.13361937,4.418222
13755,13.755,0.146193,4.3944407
13756,13.756,0.14678523,4.3800316
13757,13.757,0.1545869,4.4405684
13758,13.758,0.15857372,4.3913493
13759,13.759,0.14205328,4.3764453
13760,13.76,0.14887705,4.428625
13761,13.761,0.14579137,4.422199
13762,13.762,0.15184982,4.404491
13763,13.763,0.14368974,4.391178
13764,13.764,0.13986251,4.4010777
13765,13.765,0.13825373,4.407422
13766,13.766,0.12986493,4.40596
13767,13.767,0.12395111,4.4589367
13768,13.768,0.12596887,4.426089
13769,13.769,0.11966879,4.445185
13770,13.77,0.12513529,4.4659863
13771,13.771,0.13152488,4.400533
13772,13.772,0.1319853,4.4288807
13773,13.773,0.13014416,4.3981676
13774,13.774,0.13177118,4.416268
13775,13.775,0.13712408,4.4300313
13776,13.776,0.1276973,4.4570127
13777,13.777,0.14060356,4.43158
13778,13.778,0.13344797,4.4407554
13779,13.779,0.13412906,4.430543
13780,13.78,0.13348255,4.4379306
13781,13.781,0.1310553,4.4640813
13782,13.782,0.112787545,4.4821396
13783,13.783,0.123033874,4.479492
13784,13.784,0.12676494,4.529306
13785,13.785,0.13017724,4.5010943
13786,13.786,0.13967763,4.4997334
13787,13.787,0.13828444,4.5360856
13788,13.788,0.13465692,4.498892
13789,13.789,0.1375698,4.472663
13790,13.79,0.13461168,4.4998155
13791,13.791,0.1325751,4.4325356
13792,13.792,0.13782227,4.450005
13793,13.793,0.14398147,4.4613395
13794,13.794,0.14080907,4.420705
13795,13.795,0.1505362,4.44599
13796,13.796,0.14095189,4.4029408
13797,13.797,0.13487378,4.401874
13798,13.798,0.14189944,4.426506
13799,13.799,0.14257467,4.4610114
13800,13.8,0.13726579,4.4111886
13801,13.801,0.14530142,4.406747
13802,13.802,0.15305573,4.431877
13803,13.803,0.14704278,4.4607496
13804,13.804,0.15432678,4.4603395
13805,13.805,0.1425423,4.497713
13806,13.806,0.14205717,4.4508333
13807,13.807,0.14212732,4.467503
13808,13.808,0.14457977,4.477109
13809,13.809,0.1366107,4.5512605
13810,13.81,0.15019043,4.4328423
13811,13.811,0.15144409,4.4134426
13812,13.812,0.14555486,4.4371443
13813,13.813,0.15745895,4.4425926
13814,13.814,0.15337217,4.4095078
13815,13.815,0.14960964,4.4006047
13816,13.816,0.14478688,4.3939815
13817,13.817,0.13971947,4.4083633
13818,13.818,0.13789278,4.4182773
13819,13.819,0.14585845,4.370706
13820,13.82,0.16356672,4.4043684
13821,13.821,0.15049532,4.3958135
13822,13.822,0.14586985,4.388423
13823,13.823,0.143403,4.387288
13824,13.824,0.14728151,4.4516387
13825,13.825,0.1261953,4.4837117
13826,13.826,0.15547115,4.507245
13827,13.827,0.14582472,4.4653583
13828,13.828,0.12922898,4.4742665
13829,13.829,0.13746376,4.448131
13830,13.83,0.13535148,4.4521236
13831,13.831,0.14193325,4.4871593
13832,13.832,0.14482383,4.460365
13833,13.833,0.13540828,4.4348907
13834,13.834,0.13548006,4.452414
13835,13.835,0.13894005,4.458883
13836,13.836,0.13726848,4.450559
13837,13.837,0.14553371,4.487283
13838,13.838,0.13313916,4.4724727
13839,13.839,0.12763995,4.457479
13840,13.84,0.13319507,4.4474864
13841,13.841,0.1339877,4.4963684
13842,13.842,0.13193077,4.4811435
13843,13.843,0.13910645,4.49041
13844,13.844,0.12798895,4.50102
13845,13.845,0.13486694,4.4887795
13846,13.846,0.13601579,4.493891
13847,13.847,0.13749062,4.4771066
13848,13.848,0.13482998,4.5143895
13849,13.849,0.13397485,4.5282044
13850,13.85,0.14046258,4.4607115
13851,13.851,0.13766593,4.4453425
13852,13.852,0.13972035,4.469689
13853,13.853,0.14787687,4.4764805
13854,13.854,0.14345962,4.449415
13855,13.855,0.14253151,4.4272575
13856,13.856,0.14767827,4.428914
13857,13.857,0.13900734,4.414742
13858,13.858,0.15412372,4.393676
13859,13.859,0.14609239,4.4104347
13860,13.86,0.16014089,4.4001055
13861,13.861,0.16663155,4.384235
13862,13.862,0.13651383,4.382397
13863,13.863,0.1512396,4.387999
13864,13.864,0.15606126,4.405977
13865,13.865,0.15054111,4.401598
13866,13.866,0.14530185,4.4239755
13867,13.867,0.15969536,4.4220743
13868,13.868,0.15463902,4.4091973
13869,13.869,0.15435748,4.3808575
13870,13.87,0.17547016,4.394215
13871,13.871,0.15628898,4.39274
13872,13.872,0.17640528,4.3620415
13873,13.873,0.17180124,4.382617
13874,13.874,0.17117193,4.3949356
13875,13.875,0.18706931,4.39318
13876,13.876,0.16917323,4.335445
13877,13.877,0.16796985,4.3621244
13878,13.878,0.17120895,4.359731
13879,13.879,0.16136108,4.3760734
13880,13.88,0.15739366,4.369295
13881,13.881,0.15077592,4.3829975
13882,13.882,0.16017699,4.313471
13883,13.883,0.15974273,4.3680305
13884,13.884,0.16116765,4.368145
13885,13.885,0.15532148,4.3832893
13886,13.886,0.16492318,4.3920383
13887,13.887,0.1599979,4.379881
13888,13.888,0.17088628,4.3294554
13889,13.889,0.18172969,4.359594
13890,13.89,0.16412249,4.4174185
13891,13.891,0.17442705,4.3933406
13892,13.892,0.1544778,4.405691
13893,13.893,0.15125912,4.4138536
13894,13.894,0.16788228,4.3942213
13895,13.895,0.1625146,4.39494
13896,13.896,0.16618972,4.398088
13897,13.897,0.15381162,4.3764024
13898,13.898,0.15713233,4.438318
13899,13.899,0.15063876,4.4556417
13900,13.9,0.13305457,4.471171
13901,13.901,0.13826086,4.449559
13902,13.902,0.12914087,4.4396954
13903,13.903,0.14156604,4.462408
13904,13.904,0.14425044,4.4680424
13905,13.905,0.14084971,4.4322605
13906,13.906,0.13355121,4.458396
13907,13.907,0.13085467,4.3852983
13908,13.908,0.14191331,4.3774967
13909,13.909,0.14212689,4.4033384
13910,13.91,0.13535102,4.4061613
13911,13.911,0.13618623,4.387071
13912,13.912,0.13458563,4.4114685
13913,13.913,0.13434906,4.369914
13914,13.914,0.12619433,4.3638062
13915,13.915,0.1306707,4.3878274
13916,13.916,0.12976824,4.373379
13917,13.917,0.13035673,4.375578
13918,13.918,0.12092342,4.384933
13919,13.919,0.12367631,4.3961563
13920,13.92,0.14011918,4.419594
13921,13.921,0.13015267,4.4496856
13922,13.922,0.12261509,4.483909
13923,13.923,0.11464286,4.4740233
13924,13.924,0.1269633,4.417358
13925,13.925,0.11790095,4.400147
13926,13.926,0.12543094,4.4348507
13927,13.927,0.13015361,4.3865495
13928,13.928,0.13847429,4.4062963
13929,13.929,0.13979079,4.3902245
13930,13.93,0.13869272,4.40032
13931,13.931,0.14506748,4.3995056
13932,13.932,0.13993332,4.361263
13933,13.933,0.14500386,4.3519125
13934,13.934,0.1428661,4.3756795
13935,13.935,0.14762285,4.4002104
13936,13.936,0.13711375,4.3858232
13937,13.937,0.1575851,4.3942866
13938,13.938,0.15549646,4.4244466
13939,13.939,0.13649671,4.4088817
13940,13.94,0.15049736,4.41525
13941,13.941,0.14996822,4.439574
13942,13.942,0.13897459,4.459085
13943,13.943,0.13712542,4.421262
13944,13.944,0.13704777,4.4612894
13945,13.945,0.134856,4.455196
13946,13.946,0.12563482,4.4374676
13947,13.947,0.14633645,4.4347863
13948,13.948,0.14552821,4.4244485
13949,13.949,0.12802644,4.4456177
13950,13.95,0.13882664,4.424812
13951,13.951,0.14402334,4.409979
13952,13.952,0.14339527,4.4412637
13953,13.953,0.15454829,4.450442
13954,13.954,0.16146134,4.466157
13955,13.955,0.1380123,4.4169836
13956,13.956,0.12847021,4.446469
13957,13.957,0.1350092,4.433884
13958,13.958,0.13767844,4.464823
13959,13.959,0.15730374,4.438988
13960,13.96,0.16007401,4.380397
13961,13.961,0.16024074,4.41246
13962,13.962,0.17191903,4.397966
13963,13.963,0.16224368,4.4101753
13964,13.964,0.17873512,4.376282
13965,13.965,0.16439818,4.4137053
13966,13.966,0.16680537,4.392056
13967,13.967,0.16279641,4.402199
13968,13.968,0.15424383,4.369425
13969,13.969,0.16714805,4.4113197
13970,13.97,0.16870269,4.40843
13971,13.971,0.15789364,4.417741
13972,13.972,0.14979541,4.44259
13973,13.973,0.15437421,4.4472246
13974,13.974,0.15852986,4.3984585
13975,13.975,0.16377197,4.418269
13976,13.976,0.15132622,4.377678
13977,13.977,0.14895017,4.355072
13978,13.978,0.14709675,4.352515
13979,13.979,0.13530828,4.3864775
13980,13.98,0.13594884,4.3972816
13981,13.981,0.1316011,4.3992414
13982,13.982,0.13768068,4.3896685
13983,13.983,0.14370815,4.373021
13984,13.984,0.13732137,4.395006
13985,13.985,0.1436906,4.399242
13986,13.986,0.14820021,4.405039
13987,13.987,0.14130329,4.386197
13988,13.988,0.14743058,4.3757524
13989,13.989,0.14807893,4.412583
13990,13.99,0.15167834,4.496016
13991,13.991,0.15659103,4.4231606
13992,13.992,0.15492126,4.481332
13993,13.993,0.15880634,4.4270635
13994,13.994,0.17386812,4.440896
13995,13.995,0.16473989,4.426388
13996,13.996,0.16215187,4.4337764
13997,13.997,0.15074123,4.406634
13998,13.998,0.16198522,4.399763
13999,13.999,0.1610313,4.3993955
14000,14.0,0.17672656,4.417142
14001,14.001,0.17099498,4.4191465
14002,14.002,0.17335033,4.409757
14003,14.003,0.1537452,4.4325643
14004,14.004,0.15285137,4.425557
14005,14.005,0.16497988,4.378781
14006,14.006,0.1546454,4.384957
14007,14.007,0.1664568,4.391802
14008,14.008,0.17605406,4.423284
14009,14.009,0.16998415,4.367507
14010,14.01,0.16477089,4.396544
14011,14.011,0.16738899,4.352895
14012,14.012,0.16248241,4.384092
14013,14.013,0.17406158,4.369881
14014,14.014,0.16278507,4.387313
14015,14.015,0.16207066,4.3382545
14016,14.016,0.15062568,4.4157643
14017,14.017,0.16414836,4.39272
14018,14.018,0.15895776,4.3967195
14019,14.019,0.16101411,4.362815
14020,14.02,0.16307548,4.3393903
14021,14.021,0.1676193,4.3683386
14022,14.022,0.17630933,4.3912582
14023,14.023,0.15247172,4.389782
14024,14.024,0.1456343,4.3943205
14025,14.025,0.1521445,4.38434
14026,14.026,0.15298536,4.429553
14027,14.027,0.14514254,4.42561
14028,14.028,0.14923204,4.4320974
14029,14.029,0.1465398,4.5456853
14030,14.03,0.14024778,4.480117
14031,14.031,0.13893296,4.4397807
14032,14.032,0.14628515,4.4965324
14033,14.033,0.14716366,4.4561357
14034,14.034,0.15308668,4.4431186
14035,14.035,0.16109052,4.495209
14036,14.036,0.16522656,4.4059496
14037,14.037,0.159174,4.4400597
14038,14.038,0.15328108,4.426768
14039,14.039,0.13471265,4.419749
14040,14.04,0.14299998,4.4269314
14041,14.041,0.12780374,4.4411144
14042,14.042,0.13543373,4.4908876
14043,14.043,0.1363912,4.470352
14044,14.044,0.1376239,4.4462924
14045,14.045,0.13002497,4.4585056
14046,14.046,0.13609086,4.4348598
14047,14.047,0.13445802,4.3999553
14048,14.048,0.13187619,4.406738
14049,14.049,0.12790817,4.4150085
14050,14.05,0.15536821,4.4589458
14051,14.051,0.14632595,4.430953
14052,14.052,0.14349993,4.3932276
14053,14.053,0.13864702,4.4448934
14054,14.054,0.1324279,4.4313645
14055,14.055,0.1392223,4.417855
14056,14.056,0.13441728,4.4071636
14057,14.057,0.1443272,4.402597
14058,14.058,0.14355052,4.3856497
14059,14.059,0.13655844,4.404044
14060,14.06,0.14387117,4.4092503
14061,14.061,0.13586871,4.450245
14062,14.062,0.13809209,4.418995
14063,14.063,0.16900767,4.473646
14064,14.064,0.15963985,4.4722705
14065,14.065,0.16099921,4.4537663
14066,14.066,0.15081632,4.449037
14067,14.067,0.14701475,4.476365
14068,14.068,0.1461909,4.4217296
14069,14.069,0.14111288,4.415102
14070,14.07,0.14089338,4.4045973
14071,14.071,0.13789278,4.428068
14072,14.072,0.1269095,4.419415
14073,14.073,0.13437195,4.482927
14074,14.074,0.14483999,4.4676547
14075,14.075,0.1292328,4.426773
14076,14.076,0.12399329,4.4256797
14077,14.077,0.141863,4.468739
14078,14.078,0.13915952,4.5259824
14079,14.079,0.13465327,4.441018
14080,14.08,0.14559585,4.4191647
14081,14.081,0.14184739,4.434262
14082,14.082,0.14370088,4.4337935
14083,14.083,0.1493495,4.4397535
14084,14.084,0.13789591,4.4314985
14085,14.085,0.1408698,4.434854
14086,14.086,0.1454521,4.3954535
14087,14.087,0.13495815,4.451571
14088,14.088,0.15143882,4.4006085
14089,14.089,0.14792222,4.3946795
14090,14.09,0.13987571,4.422364
14091,14.091,0.16430084,4.445216
14092,14.092,0.15405504,5.136393
14093,14.093,0.15014455,4.4064775
14094,14.094,0.14817572,4.402798
14095,14.095,0.1477649,4.43661
14096,14.096,0.14802325,4.450861
14097,14.097,0.14264198,5.2309146
14098,14.098,0.13987087,5.198646
14099,14.099,0.14976953,5.261483
14100,14.1,0.14332917,5.227259
14101,14.101,0.15800698,4.4449215
14102,14.102,0.14717118,4.4167137
14103,14.103,0.13740647,5.155426
14104,14.104,0.13860708,5.2123384
14105,14.105,0.1375367,5.176665
14106,14.106,0.13601625,5.081296
14107,14.107,0.15405065,4.9796343
14108,14.108,0.1413416,5.0562916
14109,14.109,0.14824338,5.0917935
14110,14.11,0.1437454,5.0782094
14111,14.111,0.15429926,5.040866
14112,14.112,0.15141931,5.065155
14113,14.113,0.15859932,5.0080924
14114,14.114,0.16018468,4.9834113
14115,14.115,0.15009618,4.948604
14116,14.116,0.14696494,4.9254823
14117,14.117,0.16271701,4.9769473
14118,14.118,0.14955494,4.9198036
14119,14.119,0.14693396,4.962291
14120,14.12,0.15814595,5.073883
14121,14.121,0.15465853,5.153936
14122,14.122,0.14904886,5.2382994
14123,14.123,0.14415102,5.3515067
14124,14.124,0.13422215,5.190219
14125,14.125,0.14306621,5.101638
14126,14.126,0.14529888,5.04086
14127,14.127,0.14825127,5.09154
14128,14.128,0.15321684,5.1404285
14129,14.129,0.15634015,5.091591
14130,14.13,0.15427893,5.1839724
14131,14.131,0.15555857,5.1072
14132,14.132,0.14900717,5.079621
14133,14.133,0.15309753,5.154915
14134,14.134,0.1588598,5.108103
14135,14.135,0.15381841,5.0891166
14136,14.136,0.15940265,5.0605965
14137,14.137,0.15341309,5.191594
14138,14.138,0.15619446,5.208272
14139,14.139,0.15161139,5.339855
14140,14.14,0.14669046,5.2842097
14141,14.141,0.12448457,5.2638164
14142,14.142,0.14050156,5.298724
14143,14.143,0.1502965,5.3433623
14144,14.144,0.14151344,5.379573
14145,14.145,0.1537412,5.406105
14146,14.146,0.13262382,5.4380736
14147,14.147,0.13037513,5.493036
14148,14.148,0.12534997,5.5860095
14149,14.149,0.12918088,5.500651
14150,14.15,0.1282382,5.4867253
14151,14.151,0.1292504,5.4790874
14152,14.152,0.13011721,5.4716363
14153,14.153,0.1312406,5.403538
14154,14.154,0.13059911,5.356973
14155,14.155,0.12964207,5.4211135
14156,14.156,0.1287128,5.468953
14157,14.157,0.12251369,5.3360567
14158,14.158,0.1319867,5.428721
14159,14.159,0.14101997,5.421128
14160,14.16,0.14028813,5.4712415
14161,14.161,0.13012809,5.3478765
14162,14.162,0.12600696,5.37987
14163,14.163,0.12828714,5.3278923
14164,14.164,0.12634294,5.408079
14165,14.165,0.13802569,5.33965
14166,14.166,0.14294575,5.3134847
14167,14.167,0.14194149,5.409035
14168,14.168,0.15147902,5.2684693
14169,14.169,0.13379148,5.309856
14170,14.17,0.1417476,5.2935824
14171,14.171,0.1502486,5.282105
14172,14.172,0.15745738,5.2680817
14173,14.173,0.13964987,5.3820376
14174,14.174,0.1499038,5.3627462
14175,14.175,0.14949486,5.4270816
14176,14.176,0.13902594,5.4523206
14177,14.177,0.13569379,5.4337835
14178,14.178,0.14237386,5.4210415
14179,14.179,0.13165392,5.428991
14180,14.18,0.13763955,5.5653405
14181,14.181,0.13359405,5.526439
14182,14.182,0.14451763,5.6306005
14183,14.183,0.15815605,5.595072
14184,14.184,0.13374732,5.5521345
14185,14.185,0.11891473,5.5182486
14186,14.186,0.13370408,4.363054
14187,14.187,0.13111068,5.558048
14188,14.188,0.1272397,5.6938825
14189,14.189,0.13179824,5.621183
14190,14.19,0.15051617,5.5340166
14191,14.191,0.1515444,5.4571505
14192,14.192,0.1319993,5.5740767
14193,14.193,0.12511808,5.4945827
14194,14.194,0.12847692,5.382369
14195,14.195,0.14209528,5.503503
14196,14.196,0.13615008,5.5053368
14197,14.197,0.13593978,5.53645
14198,14.198,0.14446951,5.4248514
14199,14.199,0.13928327,5.4624977
14200,14.2,0.12970185,5.429781
14201,14.201,0.14054272,5.394303
14202,14.202,0.13606781,5.495405
14203,14.203,0.1369638,5.5255294
14204,14.204,0.14696829,5.498721
14205,14.205,0.15354618,5.539492
14206,14.206,0.15038122,5.4943047
14207,14.207,0.16309056,5.512294
14208,14.208,0.14398232,5.50269
14209,14.209,0.1332625,5.437876
14210,14.21,0.14185303,5.262774
14211,14.211,0.1438652,5.261907
14212,14.212,0.14959525,5.283845
14213,14.213,0.12834324,5.2895455
14214,14.214,0.13961506,5.2341266
14215,14.215,0.124699384,5.235899
14216,14.216,0.12573665,5.3328266
14217,14.217,0.1270931,5.3193398
14218,14.218,0.14683887,5.395168
14219,14.219,0.13990253,5.354568
14220,14.22,0.14645833,5.369268
14221,14.221,0.13995223,5.3170614
14222,14.222,0.1407339,5.3314757
14223,14.223,0.13401479,5.347576
14224,14.224,0.12891293,5.401844
14225,14.225,0.12478274,5.5281615
14226,14.226,0.14186344,5.5008054
14227,14.227,0.13862705,5.6150136
14228,14.228,0.14290357,5.64776
14229,14.229,0.13427302,5.656318
14230,14.23,0.14112945,5.7364516
14231,14.231,0.15411094,5.6818814
14232,14.232,0.14877039,5.6108427
14233,14.233,0.14966679,5.62874
14234,14.234,0.13970713,5.6238303
14235,14.235,0.13444886,4.4678717
14236,14.236,0.13318676,4.4278555
14237,14.237,0.13072954,5.7771244
14238,14.238,0.11701516,5.7886376
14239,14.239,0.13493672,5.8129096
14240,14.24,0.13569334,5.8171234
14241,14.241,0.15409058,5.832883
14242,14.242,0.12672903,5.775922
14243,14.243,0.14581838,5.6229715
14244,14.244,0.14200735,5.58004
14245,14.245,0.15541057,5.591785
14246,14.246,0.1574351,5.5772967
14247,14.247,0.14822887,5.622539
14248,14.248,0.15631929,5.5803576
14249,14.249,0.15459287,5.624052
14250,14.25,0.15166454,5.816467
14251,14.251,0.162655,5.739515
14252,14.252,0.16290069,5.654628
14253,14.253,0.15394917,5.713479
14254,14.254,0.15651597,5.644343
14255,14.255,0.16066486,5.587229
14256,14.256,0.15083142,5.4934573
14257,14.257,0.14232458,5.605035
14258,14.258,0.13671695,5.5722613
14259,14.259,0.14023857,5.559851
14260,14.26,0.1496894,5.603554
14261,14.261,0.1598871,5.60487
14262,14.262,0.15856129,5.55182
14263,14.263,0.1586319,5.5668273
14264,14.264,0.16303697,5.5073705
14265,14.265,0.15083428,5.4538007
14266,14.266,0.14229476,5.5213537
14267,14.267,0.14684641,5.4396334
14268,14.268,0.13969173,5.492847
14269,14.269,0.1416538,5.522211
14270,14.27,0.15896435,5.473688
14271,14.271,0.1553987,5.503937
14272,14.272,0.14941251,5.557043
14273,14.273,0.14517264,5.3993
14274,14.274,0.15546718,5.422536
14275,14.275,0.15357022,5.388835
14276,14.276,0.15005355,5.4989843
14277,14.277,0.14489095,5.470771
14278,14.278,0.15477067,5.433247
14279,14.279,0.14380787,5.4864483
14280,14.28,0.14596851,5.5468616
14281,14.281,0.15024532,5.571322
14282,14.282,0.15336576,5.5552597
14283,14.283,0.16177656,5.6057878
14284,14.284,0.16992296,5.591253
14285,14.285,0.17330703,5.5789194
14286,14.286,0.18108764,5.5018077
14287,14.287,0.17951347,5.519356
14288,14.288,0.17130128,5.5646977
14289,14.289,0.16749592,4.432788
14290,14.29,0.18855953,5.6243415
14291,14.291,0.18624458,4.41739
14292,14.292,0.18450738,4.368846
14293,14.293,0.19023517,4.4252534
14294,14.294,0.19328904,4.4568896
14295,14.295,0.185993,5.771757
14296,14.296,0.20443025,5.765451
14297,14.297,0.18296094,5.750232
14298,14.298,0.19489907,4.4108987
14299,14.299,0.20413901,5.68845
14300,14.3,0.21085551,4.3995104
14301,14.301,0.2068023,4.3908043
14302,14.302,0.20384826,4.4068656
14303,14.303,0.2069385,5.6337824
14304,14.304,0.19621547,5.5725613
14305,14.305,0.19388433,5.614881
14306,14.306,0.18829636,4.382154
14307,14.307,0.21582608,4.3765974
14308,14.308,0.22539335,4.3989305
14309,14.309,0.1979935,4.4256606
14310,14.31,0.20389082,4.3805575
14311,14.311,0.21105851,4.400981
14312,14.312,0.21107805,4.4143977
14313,14.313,0.20727332,4.397872
14314,14.314,0.19904108,4.380626
14315,14.315,0.19451703,4.3735285
14316,14.316,0.18691301,4.4246016
14317,14.317,0.1744468,5.600107
14318,14.318,0.16915977,5.5314326
14319,14.319,0.17257093,5.5044928
14320,14.32,0.16163349,5.5494533
14321,14.321,0.17406228,5.575423
14322,14.322,0.16631556,5.600514
14323,14.323,0.16093422,5.699374
14324,14.324,0.18048492,5.717024
14325,14.325,0.17786899,5.7058873
14326,14.326,0.17491949,5.7581854
14327,14.327,0.17567445,5.8083
14328,14.328,0.16611381,5.7563596
14329,14.329,0.17548558,5.8174953
14330,14.33,0.17053777,5.7716904
14331,14.331,0.1684881,5.722013
14332,14.332,0.14993295,5.7452826
14333,14.333,0.16743125,5.676924
14334,14.334,0.153316,5.685372
14335,14.335,0.14997233,5.793416
14336,14.336,0.1661849,5.8303404
14337,14.337,0.14426152,4.4230337
14338,14.338,0.14412285,4.423077
14339,14.339,0.15542562,4.4200616
14340,14.34,0.15231912,4.432279
14341,14.341,0.15348446,4.4677563
14342,14.342,0.16022654,4.455511
14343,14.343,0.14610544,4.416695
14344,14.344,0.16579571,4.367156
14345,14.345,0.16666773,4.457277
14346,14.346,0.16882445,5.9454956
14347,14.347,0.16113596,4.4423304
14348,14.348,0.1646166,4.398531
14349,14.349,0.16330244,4.39926
14350,14.35,0.17136556,4.368866
14351,14.351,0.15488869,4.408293
14352,14.352,0.14760242,4.385539
14353,14.353,0.14133158,4.4293685
14354,14.354,0.15326422,4.400381
14355,14.355,0.14951132,4.404257
14356,14.356,0.14170027,4.4320645
14357,14.357,0.15344557,4.4326057
14358,14.358,0.14766869,4.396869
14359,14.359,0.16311735,4.3841667
14360,14.36,0.14657298,4.42881
14361,14.361,0.15250401,4.420026
14362,14.362,0.14668836,4.412405
14363,14.363,0.14717746,4.4254684
14364,14.364,0.14078811,4.462749
14365,14.365,0.12992555,4.4600034
14366,14.366,0.12330113,4.4249167
14367,14.367,0.1504892,4.4083595
14368,14.368,0.1444086,4.4065065
14369,14.369,0.1392108,4.4278927
14370,14.37,0.13604248,4.4402347
14371,14.371,0.13641329,4.435405
14372,14.372,0.141146,4.4298153
14373,14.373,0.13789725,4.4845457
14374,14.374,0.161764,4.463356
14375,14.375,0.1586288,4.463732
14376,14.376,0.15922578,4.478765
14377,14.377,0.15537138,4.425004
14378,14.378,0.13839161,4.407716
14379,14.379,0.13995662,4.427856
14380,14.38,0.14107712,4.377719
14381,14.381,0.14995593,4.3863063
14382,14.382,0.14611724,4.4138064
14383,14.383,0.14351751,4.4220815
14384,14.384,0.14519086,4.390159
14385,14.385,0.13694672,4.412048
14386,14.386,0.13751836,4.4044666
14387,14.387,0.1404052,4.426028
14388,14.388,0.14890225,4.430437
14389,14.389,0.1443208,4.3966374
14390,14.39,0.12173328,4.401858
14391,14.391,0.13043836,4.4294386
14392,14.392,0.12915516,4.4353886
14393,14.393,0.120838925,4.4151583
14394,14.394,0.13428126,4.3858447
14395,14.395,0.13122138,4.408267
14396,14.396,0.14714694,4.455274
14397,14.397,0.13461854,4.3922706
14398,14.398,0.1313526,4.391978
14399,14.399,0.12809034,4.428482
14400,14.4,0.12922803,4.3695374
14401,14.401,0.11431878,4.44331
14402,14.402,0.11775422,4.4339747
14403,14.403,0.1146391,4.4515977
14404,14.404,0.11375658,4.4269257
14405,14.405,0.114167444,4.456729
14406,14.406,0.13287595,4.4454384
14407,14.407,0.12918136,4.421433
14408,14.408,0.12494535,4.4193044
14409,14.409,0.11724156,4.435508
14410,14.41,0.12458931,4.4583044
14411,14.411,0.12970327,4.4827356
14412,14.412,0.117922865,4.4422436
14413,14.413,0.12831926,4.44377
14414,14.414,0.12336598,4.4047356
14415,14.415,0.12999941,4.4271855
14416,14.416,0.12268332,4.441397
14417,14.417,0.123712614,4.446796
14418,14.418,0.13175856,4.5049624
14419,14.419,0.12482711,4.461052
14420,14.42,0.11539284,4.4890175
14421,14.421,0.12719811,4.46733
14422,14.422,0.1354955,4.444897
14423,14.423,0.1323303,4.4443583
14424,14.424,0.13355304,4.4198
14425,14.425,0.13342999,4.4497995
14426,14.426,0.121336885,4.466003
14427,14.427,0.13900292,4.4299536
14428,14.428,0.13631944,4.42822
14429,14.429,0.15151557,4.460705
14430,14.43,0.14609575,4.4137697
14431,14.431,0.1421957,4.5012326
14432,14.432,0.1286449,4.457705
14433,14.433,0.11828597,4.4507403
14434,14.434,0.11649133,4.4466796
14435,14.435,0.11945575,4.4565763
14436,14.436,0.12134094,4.4649615
14437,14.437,0.12915277,4.411122
14438,14.438,0.11958701,4.443285
14439,14.439,0.122702874,4.4356103
14440,14.44,0.12302687,4.387225
14441,14.441,0.12676543,4.424637
14442,14.442,0.121019036,4.3943853
14443,14.443,0.1276973,4.370661
14444,14.444,0.12964633,4.3971043
14445,14.445,0.13051286,4.4095755
14446,14.446,0.13522595,4.3749695
14447,14.447,0.13309619,4.391732
14448,14.448,0.12971798,4.4115996
14449,14.449,0.13360234,4.3999305
14450,14.45,0.14564233,4.402637
14451,14.451,0.14973626,4.4076366
14452,14.452,0.14057556,4.398538
14453,14.453,0.12558094,4.438244
14454,14.454,0.14750567,4.436289
14455,14.455,0.1444776,4.448964
14456,14.456,0.13743602,4.401072
14457,14.457,0.15191382,4.3805194
14458,14.458,0.14973009,4.4234405
14459,14.459,0.14940634,4.4225154
14460,14.46,0.1508506,4.396663
14461,14.461,0.13793339,4.4223394
14462,14.462,0.13857467,4.4162817
14463,14.463,0.12552556,4.399654
14464,14.464,0.12171508,4.427535
14465,14.465,0.12743443,4.429399
14466,14.466,0.12341983,4.446498
14467,14.467,0.1193037,4.4465933
14468,14.468,0.12423373,4.4233856
14469,14.469,0.12130646,4.3969855
14470,14.47,0.12756135,4.3831186
14471,14.471,0.1206356,4.3925095
14472,14.472,0.12061877,4.3863363
14473,14.473,0.13171466,4.4449186
14474,14.474,0.13303931,4.4142795
14475,14.475,0.126128,4.439295
14476,14.476,0.124520645,4.41907
14477,14.477,0.13044496,4.422075
14478,14.478,0.12726583,4.427563
14479,14.479,0.13386641,4.4098268
14480,14.48,0.13012856,4.477303
14481,14.481,0.12976491,4.416081
14482,14.482,0.13163336,4.419504
14483,14.483,0.12027549,4.4152446
14484,14.484,0.12872045,4.399996
14485,14.485,0.12531905,4.3950553
14486,14.486,0.1071443,4.3978744
14487,14.487,0.11975565,4.4061074
14488,14.488,0.121883295,4.455699
14489,14.489,0.122885756,4.451504
14490,14.49,0.12593809,4.433222
14491,14.491,0.123282164,4.3972583
14492,14.492,0.10176827,4.418561
14493,14.493,0.11415828,4.4142184
14494,14.494,0.1146756,4.4344378
14495,14.495,0.11363266,4.42941
14496,14.496,0.120603465,4.4476175
14497,14.497,0.12948631,4.4328575
14498,14.498,0.122727945,4.417658
14499,14.499,0.12041762,4.3990297
14500,14.5,0.111834876,4.393293
14501,14.501,0.1291766,4.431401
14502,14.502,0.12643738,4.4203444
14503,14.503,0.12708053,4.413641
14504,14.504,0.1281907,4.4128795
14505,14.505,0.1314397,4.421599
14506,14.506,0.121562324,4.3983774
14507,14.507,0.13310681,4.3941274
14508,14.508,0.1412092,4.400592
14509,14.509,0.13772625,4.419821
14510,14.51,0.13962695,4.4089336
14511,14.511,0.13335526,4.396587
14512,14.512,0.13013707,4.382839
14513,14.513,0.1348464,4.3975105
14514,14.514,0.14320162,4.3704705
14515,14.515,0.15029117,4.389801
14516,14.516,0.13713619,4.3565536
14517,14.517,0.13458699,4.407806
14518,14.518,0.13241303,4.4074783
14519,14.519,0.1509407,4.378401
14520,14.52,0.12766068,4.3862796
14521,14.521,0.12503298,4.4175715
14522,14.522,0.122534774,4.3792877
14523,14.523,0.13069707,4.3842325
14524,14.524,0.1232662,4.394177
14525,14.525,0.1275218,4.4116325
14526,14.526,0.12791345,4.404164
14527,14.527,0.12946016,4.3844566
14528,14.528,0.1325375,4.422799
14529,14.529,0.12140025,4.416719
14530,14.53,0.1288924,4.4197288
14531,14.531,0.14406863,4.398115
14532,14.532,0.15733542,4.40388
14533,14.533,0.15455624,4.388732
14534,14.534,0.14256647,4.4485497
14535,14.535,0.15247092,4.420702
14536,14.536,0.14369188,4.4516406
14537,14.537,0.14604689,4.3785934
14538,14.538,0.1461505,4.4170485
14539,14.539,0.15267698,4.369907
14540,14.54,0.15481916,4.4411144
14541,14.541,0.14317757,4.385433
14542,14.542,0.14149822,4.4069242
14543,14.543,0.14282432,4.4205036
14544,14.544,0.1526403,4.4503784
14545,14.545,0.15049982,4.4177666
14546,14.546,0.14188425,4.406223
14547,14.547,0.14512262,4.405108
14548,14.548,0.13866611,4.430842
14549,14.549,0.1435578,4.441322
14550,14.55,0.1282262,4.4359517
14551,14.551,0.1351026,4.443942
14552,14.552,0.14127715,4.4016604
14553,14.553,0.14332616,4.4010954
14554,14.554,0.12983413,4.3912973
14555,14.555,0.13036004,4.4329376
14556,14.556,0.14454998,4.437792
14557,14.557,0.14362164,4.431519
14558,14.558,0.1407632,4.397323
14559,14.559,0.12494584,4.409419
14560,14.56,0.13697907,4.37784
14561,14.561,0.12820221,4.4455876
14562,14.562,0.1315389,4.432121
14563,14.563,0.12719135,4.393321
14564,14.564,0.13638577,4.4079013
14565,14.565,0.14725228,4.3916926
14566,14.566,0.14630365,4.4020486
14567,14.567,0.15145993,4.4058695
14568,14.568,0.14981347,4.4234233
14569,14.569,0.14978062,4.388537
14570,14.57,0.14993499,4.3636556
14571,14.571,0.14633477,4.352631
14572,14.572,0.15048306,4.4007406
14573,14.573,0.1491248,4.388621
14574,14.574,0.13538557,4.3884225
14575,14.575,0.14234664,4.3500757
14576,14.576,0.13285789,7.686481
14577,14.577,0.13650933,7.682157
14578,14.578,0.1257337,7.7440634
14579,14.579,0.13038269,7.6813965
14580,14.58,0.14075488,7.7349424
14581,14.581,0.14269803,7.738968
14582,14.582,0.13967763,7.6795917
14583,14.583,0.1433459,7.6916304
14584,14.584,0.15205106,7.6667967
14585,14.585,0.14955616,7.656366
14586,14.586,0.15219061,7.6382
14587,14.587,0.14856139,7.597723
14588,14.588,0.13942146,7.6063485
14589,14.589,0.13319877,7.579514
14590,14.59,0.14062631,7.6196384
14591,14.591,0.14703484,7.598985
14592,14.592,0.14900759,7.6822047
14593,14.593,0.14705409,7.668453
14594,14.594,0.15456143,7.5996594
14595,14.595,0.16474289,7.5692935
14596,14.596,0.14084534,7.562289
14597,14.597,0.14994238,7.5574613
14598,14.598,0.14562415,7.6111274
14599,14.599,0.14635159,7.5419416
14600,14.6,0.13703072,7.5785513
14601,14.601,0.15490459,7.4786735
14602,14.602,0.15892951,7.4828615
14603,14.603,0.16199775,7.4941
14604,14.604,0.14742808,7.5120974
14605,14.605,0.13855514,7.4628654
14606,14.606,0.15369998,7.432882
14607,14.607,0.14822306,7.431506
14608,14.608,0.14348705,7.46157
14609,14.609,0.13624811,7.531171
14610,14.61,0.13426065,7.557459
14611,14.611,0.13608906,4.3693423
14612,14.612,0.12531462,7.5625396
14613,14.613,0.11937537,7.588442
14614,14.614,0.124481104,7.6045856
14615,14.615,0.12135159,7.640442
14616,14.616,0.124927625,7.604064
14617,14.617,0.13345212,7.601436
14618,14.618,0.13482268,4.3746023
14619,14.619,0.11269149,4.399679
14620,14.62,0.11999688,7.5187583
14621,14.621,0.11270678,7.5274196
14622,14.622,0.11895043,7.505914
14623,14.623,0.11148276,4.347
14624,14.624,0.107681595,7.518872
14625,14.625,0.11193221,4.345954
14626,14.626,0.09754278,7.567104
14627,14.627,0.100995705,7.517829
14628,14.628,0.11051995,7.495884
14629,14.629,0.10893025,7.458157
14630,14.63,0.13131043,7.5112934
14631,14.631,0.12361609,7.583827
14632,14.632,0.1311501,7.512601
14633,14.633,0.11375442,7.5776625
14634,14.634,0.13104966,7.553544
14635,14.635,0.12993361,7.5255365
14636,14.636,0.13289957,7.5991592
14637,14.637,0.13056424,7.5317435
14638,14.638,0.1275078,7.610405
14639,14.639,0.12162051,7.609561
14640,14.64,0.11064181,7.5022345
14641,14.641,0.11265273,7.6201673
14642,14.642,0.12424264,7.6907854
14643,14.643,0.1251284,4.4486046
14644,14.644,0.121464096,4.435603
14645,14.645,0.12650064,7.717028
14646,14.646,0.12783359,7.6713543
14647,14.647,0.1217828,7.706048
14648,14.648,0.12897114,7.7284455
14649,14.649,0.1347953,7.7010503
14650,14.65,0.12498376,7.7398663
14651,14.651,0.11597682,7.660068
14652,14.652,0.12811004,7.653376
14653,14.653,0.1302571,7.5871572
14654,14.654,0.12388309,7.5978813
14655,14.655,0.1250679,7.5716724
14656,14.656,0.1101642,7.5760503
14657,14.657,0.11751833,7.5994577
14658,14.658,0.11070518,7.550252
14659,14.659,0.123466685,7.549201
14660,14.66,0.1217348,4.5083804
14661,14.661,0.12066364,4.448152
14662,14.662,0.12064835,4.4640074
14663,14.663,0.10010415,4.500477
14664,14.664,0.11407147,7.6847005
14665,14.665,0.12370317,4.5503106
14666,14.666,0.12756279,4.5396676
14667,14.667,0.14421844,4.549892
14668,14.668,0.13045391,4.5394864
14669,14.669,0.12615433,4.5850444
14670,14.67,0.13878453,4.5499606
14671,14.671,0.14010777,7.583912
14672,14.672,0.14237688,7.6200705
14673,14.673,0.14126278,4.598182
14674,14.674,0.14540216,4.5345216
14675,14.675,0.14841843,4.548484
14676,14.676,0.13583429,4.6416073
14677,14.677,0.1504753,4.5894384
14678,14.678,0.14497925,4.602196
14679,14.679,0.15223022,7.5155106
14680,14.68,0.15920143,4.5567102
14681,14.681,0.15241037,4.594885
14682,14.682,0.14112377,4.5964193
14683,14.683,0.15195878,4.53963
14684,14.684,0.15582849,4.5775785
14685,14.685,0.17325057,4.5643973
14686,14.686,0.16056716,4.592353
14687,14.687,0.14651251,4.526163
14688,14.688,0.15813467,4.5839686
14689,14.689,0.1570771,4.6010437
14690,14.69,0.14884894,4.575001
14691,14.691,0.1403434,4.6139946
14692,14.692,0.1450904,4.58798
14693,14.693,0.14924523,4.6098094
14694,14.694,0.14894977,4.5533595
14695,14.695,0.14184695,4.541521
14696,14.696,0.14363363,4.533136
14697,14.697,0.15928952,7.4435716
14698,14.698,0.14468145,4.529236
14699,14.699,0.14362422,7.4323287
14700,14.7,0.15796493,7.362249
14701,14.701,0.15669079,7.3379884
14702,14.702,0.1715873,7.3166647
14703,14.703,0.15638855,7.3135924
14704,14.704,0.17796686,7.343507
14705,14.705,0.16898909,7.2706375
14706,14.706,0.15858923,7.3048534
14707,14.707,0.15175052,7.2576156
14708,14.708,0.13786556,7.267383
14709,14.709,0.14472142,7.21777
14710,14.71,0.15537415,7.21701
14711,14.711,0.16464426,7.2563477
14712,14.712,0.17931217,7.2574368
14713,14.713,0.15775914,7.247123
14714,14.714,0.1648937,7.2378016
14715,14.715,0.16372012,7.2507896
14716,14.716,0.16550562,7.210536
14717,14.717,0.16036664,7.211287
14718,14.718,0.16051774,7.244925
14719,14.719,0.16413337,7.2271404
14720,14.72,0.16416073,7.152264
14721,14.721,0.16556546,7.144965
14722,14.722,0.16321576,7.111063
14723,14.723,0.1759338,7.1271415
14724,14.724,0.17558058,7.0870833
14725,14.725,0.1656602,7.174678
14726,14.726,0.16575043,7.2495995
14727,14.727,0.1761655,7.247169
14728,14.728,0.18033145,7.2430058
14729,14.729,0.17086864,7.271115
14730,14.73,0.16601637,7.1905475
14731,14.731,0.17238007,7.202946
14732,14.732,0.18554588,7.099183
14733,14.733,0.17622383,7.129989
14734,14.734,0.18193373,7.045544
14735,14.735,0.18098433,7.1114845
14736,14.736,0.17604427,7.1582026
14737,14.737,0.16797352,7.167606
14738,14.738,0.16395746,7.256432
14739,14.739,0.16624303,7.234449
14740,14.74,0.16524519,7.1548758
14741,14.741,0.15927485,7.1402955
14742,14.742,0.16678435,7.1066318
14743,14.743,0.1613748,7.0769444
14744,14.744,0.17801249,7.1397495
14745,14.745,0.17483644,7.065982
14746,14.746,0.16759728,7.1240454
14747,14.747,0.16808775,7.177779
14748,14.748,0.1697864,7.1166654
14749,14.749,0.13770927,7.050643
14750,14.75,0.15553524,7.0320706
14751,14.751,0.15357623,6.999399
14752,14.752,0.15883347,6.973825
14753,14.753,0.15452361,6.9788566
14754,14.754,0.1622414,7.0967903
14755,14.755,0.15000926,7.0975657
14756,14.756,0.14274374,7.032067
14757,14.757,0.16206914,7.057633
14758,14.758,0.14012752,7.074433
14759,14.759,0.13886607,6.9725537
14760,14.76,0.15964487,6.8511906
14761,14.761,0.15125912,6.881418
14762,14.762,0.15542285,6.8379846
14763,14.763,0.16522917,6.9255137
14764,14.764,0.16195104,6.909237
14765,14.765,0.17002685,6.912919
14766,14.766,0.15972887,7.0209694
14767,14.767,0.17798656,6.9199295
14768,14.768,0.1656145,7.006211
14769,14.769,0.17276193,7.0358863
14770,14.77,0.16150059,6.9844027
14771,14.771,0.15145141,7.0097117
14772,14.772,0.15740305,6.989702
14773,14.773,0.15854926,7.024071
14774,14.774,0.17387131,7.0757875
14775,14.775,0.17607293,6.9770513
14776,14.776,0.17174,6.897012
14777,14.777,0.16805884,6.9028835
14778,14.778,0.1660738,6.869474
14779,14.779,0.1804116,6.785021
14780,14.78,0.16990703,6.8390517
14781,14.781,0.16675225,4.4534273
14782,14.782,0.17131959,6.7537866
14783,14.783,0.1720428,6.8095694
14784,14.784,0.16713186,6.7847753
14785,14.785,0.15651597,6.7487593
14786,14.786,0.16141446,4.489421
14787,14.787,0.1536307,6.662991
14788,14.788,0.16288368,6.7393484
14789,14.789,0.18355721,6.723565
14790,14.79,0.1736918,6.663963
14791,14.791,0.15667431,6.5879903
14792,14.792,0.1531791,6.5862412
14793,14.793,0.1516905,6.506763
14794,14.794,0.14250518,6.4955096
14795,14.795,0.15065183,6.564629
14796,14.796,0.15521924,6.473324
14797,14.797,0.15715268,6.4443555
14798,14.798,0.175393,6.506652
14799,14.799,0.15462193,6.498463
14800,14.8,0.14609534,6.5121126
14801,14.801,0.1436375,6.481012
14802,14.802,0.14487821,6.514123
14803,14.803,0.14691679,6.44081
14804,14.804,0.14648059,6.4570713
14805,14.805,0.15270962,6.391417
14806,14.806,0.14946274,6.3869886
14807,14.807,0.15737218,6.330275
14808,14.808,0.15322648,6.278719
14809,14.809,0.13834403,6.310096
14810,14.81,0.13892233,6.4172487
14811,14.811,0.12982322,6.405042
14812,14.812,0.13556723,6.3566914
14813,14.813,0.14840682,6.371412
14814,14.814,0.13604476,6.339387
14815,14.815,0.13702263,6.380069
14816,14.816,0.13782138,6.398896
14817,14.817,0.13523734,6.336258
14818,14.818,0.14218315,6.310352
14819,14.819,0.14260401,6.3669615
14820,14.82,0.1324186,6.411095
14821,14.821,0.13768291,6.3793964
14822,14.822,0.13592078,6.3939304
14823,14.823,0.13251011,6.426681
14824,14.824,0.13006186,6.3573494
14825,14.825,0.1325853,6.2790184
14826,14.826,0.1229188,6.2661567
14827,14.827,0.12702967,6.2600055
14828,14.828,0.13329066,6.274293
14829,14.829,0.11915715,6.4673
14830,14.83,0.12509398,6.4561176
14831,14.831,0.121929735,6.411202
14832,14.832,0.1170099,6.30376
14833,14.833,0.119807534,6.3946767
14834,14.834,0.12287625,6.3676786
14835,14.835,0.11896646,6.4138384
14836,14.836,0.12142762,6.3787684
14837,14.837,0.120717175,6.4223895
14838,14.838,0.1305157,6.4444027
14839,14.839,0.12706503,6.510564
14840,14.84,0.12517314,6.444689
14841,14.841,0.13033171,6.464239
14842,14.842,0.10722811,6.460868
14843,14.843,0.12487738,4.445867
14844,14.844,0.1308796,4.4610496
14845,14.845,0.13729045,6.473699
14846,14.846,0.13537921,6.4763775
14847,14.847,0.13833204,4.4545665
14848,14.848,0.14104179,6.443749
14849,14.849,0.14549777,6.426157
14850,14.85,0.15951224,6.4905434
14851,14.851,0.1662878,6.4735203
14852,14.852,0.14702061,4.471597
14853,14.853,0.15586717,4.4788938
14854,14.854,0.15498044,4.512052
14855,14.855,0.16203801,6.607652
14856,14.856,0.15854384,4.458627
14857,14.857,0.14746939,4.487652
14858,14.858,0.15006584,4.5051193
14859,14.859,0.1507196,4.553302
14860,14.86,0.14772533,4.521942
14861,14.861,0.13859288,4.5516925
14862,14.862,0.16018122,4.4949455
14863,14.863,0.16360246,4.5135903
14864,14.864,0.1563126,4.5067577
14865,14.865,0.15233244,4.535586
14866,14.866,0.15578662,6.6449714
14867,14.867,0.1501007,6.6710205
14868,14.868,0.14710094,6.710753
14869,14.869,0.16454445,6.716275
14870,14.87,0.14803655,6.7118382
14871,14.871,0.15134941,4.49998
14872,14.872,0.15353134,6.7122154
14873,14.873,0.15183929,6.7022204
14874,14.874,0.14713314,4.5314565
14875,14.875,0.14123447,6.7979913
14876,14.876,0.14342101,6.831339
14877,14.877,0.13938218,6.840157
14878,14.878,0.13407905,6.8834095
14879,14.879,0.14121617,6.8922524
14880,14.88,0.12980664,6.780802
14881,14.881,0.13180758,6.706929
14882,14.882,0.13092142,6.7439117
14883,14.883,0.10987004,4.517572
14884,14.884,0.11211126,4.53999
14885,14.885,0.15021256,6.790026
14886,14.886,0.1390569,6.792936
14887,14.887,0.13993596,6.7824545
14888,14.888,0.15164709,6.8095984
14889,14.889,0.15633307,6.922267
14890,14.89,0.15953577,6.913792
14891,14.891,0.14677852,6.8132663
14892,14.892,0.14968899,6.8846483
14893,14.893,0.14310493,6.902762
14894,14.894,0.15911523,6.749648
14895,14.895,0.16346098,6.7776227
14896,14.896,0.16023421,6.8589096
14897,14.897,0.1654227,6.895398
14898,14.898,0.15908197,6.9033246
14899,14.899,0.16419971,4.6566963
14900,14.9,0.180355,6.980965
14901,14.901,0.17537194,6.8938494
14902,14.902,0.17297725,6.8376884
14903,14.903,0.17463046,6.9320126
14904,14.904,0.17886417,6.763391
14905,14.905,0.1788246,6.721995
14906,14.906,0.1684808,6.70637
14907,14.907,0.16275181,6.737589
14908,14.908,0.1612894,4.499114
14909,14.909,0.14976953,4.5210423
14910,14.91,0.1540786,6.7772417
14911,14.911,0.16844682,6.6640987
14912,14.912,0.16712414,6.711176
14913,14.913,0.17400149,6.610849
14914,14.914,0.16404037,6.6345887
14915,14.915,0.16252823,6.605535
14916,14.916,0.16497017,6.6562805
14917,14.917,0.16863593,6.684796
14918,14.918,0.15708062,6.746349
14919,14.919,0.16032788,6.6998763
14920,14.92,0.15849765,4.5931067
14921,14.921,0.16807714,4.5544143
14922,14.922,0.1632331,4.55131
14923,14.923,0.16732319,4.5570345
14924,14.924,0.17454235,4.5549526
14925,14.925,0.15792207,6.9105253
14926,14.926,0.17242827,6.745772
14927,14.927,0.16041382,4.6216993
14928,14.928,0.16830358,4.6154475
14929,14.929,0.16000865,6.8420715
14930,14.93,0.1602204,4.571891
14931,14.931,0.15274265,4.5644407
14932,14.932,0.15474443,6.6837826
14933,14.933,0.15554631,6.6927943
14934,14.934,0.13033123,6.7120595
14935,14.935,0.14210178,4.5596633
14936,14.936,0.14987548,6.823467
14937,14.937,0.16044182,4.525112
14938,14.938,0.1399808,6.980474
14939,14.939,0.15877418,4.509576
14940,14.94,0.15340467,4.5444183
14941,14.941,0.15878505,4.5011616
14942,14.942,0.14092745,4.6238256
14943,14.943,0.14989601,4.651693
14944,14.944,0.14167552,4.572848
14945,14.945,0.12795192,4.6463013
14946,14.946,0.14245293,4.5742726
14947,14.947,0.15038899,4.587863
14948,14.948,0.16307773,4.614347
14949,14.949,0.16259786,4.5629764
14950,14.95,0.16229486,4.6400623
14951,14.951,0.17025034,4.576285
14952,14.952,0.1653736,4.560335
14953,14.953,0.1587048,4.5827756
14954,14.954,0.16207142,4.569306
14955,14.955,0.15808058,4.555155
14956,14.956,0.15549567,4.589465
14957,14.957,0.14292121,4.5955787
14958,14.958,0.14354236,4.6012006
14959,14.959,0.15088321,4.6307306
14960,14.96,0.16354,4.625839
14961,14.961,0.18257819,4.6259274
14962,14.962,0.17745964,4.6570272
14963,14.963,0.16395521,4.6613955
14964,14.964,0.15158947,4.576911
14965,14.965,0.14803697,4.6149817
14966,14.966,0.15417281,6.787601
14967,14.967,0.15077756,4.5363564
14968,14.968,0.14501998,4.5950723
14969,14.969,0.13933317,4.550627
14970,14.97,0.135716,4.6057143
14971,14.971,0.14232719,4.5977564
14972,14.972,0.14862888,4.5929303
14973,14.973,0.15498003,4.588484
14974,14.974,0.1613138,4.5972776
14975,14.975,0.15736513,4.5640697
14976,14.976,0.1615958,4.5253267
14977,14.977,0.15208101,4.595125
14978,14.978,0.14764577,4.601261
14979,14.979,0.15974581,4.5515437
14980,14.98,0.14839688,4.533519
14981,14.981,0.14738967,4.596245
14982,14.982,0.13437471,4.5717883
14983,14.983,0.13530464,4.590595
14984,14.984,0.1369283,4.5633707
14985,14.985,0.14563936,4.5970764
14986,14.986,0.14943764,4.5273533
14987,14.987,0.14108801,4.550294
14988,14.988,0.15248746,4.539224
14989,14.989,0.1444265,4.560774
14990,14.99,0.15278052,4.613205
14991,14.991,0.14459084,4.5709906
14992,14.992,0.1421758,4.6179976
14993,14.993,0.14614923,6.808235
14994,14.994,0.12894443,4.549887
14995,14.995,0.14351964,4.5824776
14996,14.996,0.14329697,4.5598283
14997,14.997,0.14544955,4.5676126
14998,14.998,0.16089638,4.5522866
14999,14.999,0.15327065,4.6491194
15000,15.0,0.15695131,4.59665
15001,15.001,0.16075137,4.527293
15002,15.002,0.15406422,4.562782
15003,15.003,0.15411094,4.5724635
15004,15.004,0.15894732,4.583541
15005,15.005,0.15676421,4.5430365
15006,15.006,0.14521544,4.5678887
15007,15.007,0.15536623,4.6013536
15008,15.008,0.14547874,4.5438337
15009,15.009,0.14524679,4.5896173
15010,15.01,0.13949823,4.5770936
15011,15.011,0.13631944,4.5354342
15012,15.012,0.13650572,4.606899
15013,15.013,0.13517681,4.576185
15014,15.014,0.14574283,4.6073704
15015,15.015,0.13527645,4.564306
15016,15.016,0.12259803,4.564237
15017,15.017,0.14208488,4.545606
15018,15.018,0.13714382,4.5695696
15019,15.019,0.15891246,4.529774
15020,15.02,0.14889234,4.6082582
15021,15.021,0.14913389,4.5323515
15022,15.022,0.15594728,4.556764
15023,15.023,0.15103605,4.5780973
15024,15.024,0.1508665,4.570255
15025,15.025,0.14471759,4.577313
15026,15.026,0.15043195,4.56549
15027,15.027,0.13394591,4.5833335
15028,15.028,0.14786896,4.551918
15029,15.029,0.15979895,4.5908747
15030,15.03,0.15886329,4.562003
15031,15.031,0.15549567,4.581399
15032,15.032,0.15726188,4.5684133
15033,15.033,0.16773269,4.567091
15034,15.034,0.17168373,4.5396986
15035,15.035,0.15941384,4.5307093
15036,15.036,0.15572539,4.5641336
15037,15.037,0.14781153,4.511851
15038,15.038,0.14763534,4.5280595
15039,15.039,0.14810304,4.5480185
15040,15.04,0.13741498,4.513614
15041,15.041,0.12773728,4.495074
15042,15.042,0.13895598,4.552123
15043,15.043,0.13381033,4.575768
15044,15.044,0.13979606,4.536717
15045,15.045,0.14755447,4.5678015
15046,15.046,0.14686485,4.594921
15047,15.047,0.1514705,4.5914083
15048,15.048,0.16498248,4.5938277
15049,15.049,0.1519851,4.5537415
15050,15.05,0.15219302,4.5604553
15051,15.051,0.15430325,4.5303907
15052,15.052,0.14552398,4.5306387
15053,15.053,0.14323814,4.4998
15054,15.054,0.13515496,4.501408
15055,15.055,0.13626707,4.522546
15056,15.056,0.14809805,4.4396777
15057,15.057,0.14277606,4.5303974
15058,15.058,0.14810844,4.4868064
15059,15.059,0.15736435,4.4969826
15060,15.06,0.13412997,4.469578
15061,15.061,0.14373684,4.494793
15062,15.062,0.13914317,4.4905086
15063,15.063,0.136066,4.520459
15064,15.064,0.1428394,4.469256
15065,15.065,0.14208315,4.468404
15066,15.066,0.1382871,4.4654727
15067,15.067,0.14701098,4.4496326
15068,15.068,0.14689709,4.4451923
15069,15.069,0.16333559,4.467925
15070,15.07,0.159459,4.4464602
15071,15.071,0.13281065,4.453567
15072,15.072,0.15128516,4.459271
15073,15.073,0.14230384,4.503211
15074,15.074,0.13767353,4.457712
15075,15.075,0.13750538,4.4675474
15076,15.076,0.15137298,4.430829
15077,15.077,0.13869229,4.447495
15078,15.078,0.14731619,4.435053
15079,15.079,0.14000541,4.4218884
15080,15.08,0.14347248,4.458173
15081,15.081,0.14695321,4.435277
15082,15.082,0.13488838,4.4127054
15083,15.083,0.13416483,4.451891
15084,15.084,0.13428998,4.4450874
15085,15.085,0.13197878,4.4489746
15086,15.086,0.12301437,4.420048
15087,15.087,0.12962593,4.447974
15088,15.088,0.12448605,4.4098043
15089,15.089,0.13726085,4.378026
15090,15.09,0.121007346,4.366357
15091,15.091,0.12372555,4.4056163
15092,15.092,0.12578703,4.3984623
15093,15.093,0.1276385,4.374275
15094,15.094,0.12828329,4.398529
15095,15.095,0.1319233,4.3436456
15096,15.096,0.14234447,4.3424435
15097,15.097,0.13323756,4.3192334
15098,15.098,0.14041176,4.29192
15099,15.099,0.13859065,4.314305
15100,15.1,0.1340102,4.3405213
15101,15.101,0.12678339,4.345579
15102,15.102,0.12816429,4.3613343
15103,15.103,0.13580392,4.3082623
15104,15.104,0.15408938,4.3219132
15105,15.105,0.14919245,4.3267403
15106,15.106,0.15120584,4.3171697
15107,15.107,0.14882745,4.2967515
15108,15.108,0.13402213,4.328485
15109,15.109,0.13033171,4.298266
15110,15.11,0.12162254,4.3082767
15111,15.111,0.1266275,4.342154
15112,15.112,0.13929386,4.3286834
15113,15.113,0.13407308,4.286387
15114,15.114,0.13725235,4.322925
15115,15.115,0.13563983,4.3166738
15116,15.116,0.13619436,4.2593145
15117,15.117,0.12026986,4.2802176
15118,15.118,0.11439841,4.301338
15119,15.119,0.11693995,4.2122912
15120,15.12,0.1252552,4.22939
15121,15.121,0.12938553,4.230091
15122,15.122,0.124020584,4.2826824
15123,15.123,0.13604745,4.2759395
15124,15.124,0.14417237,4.2431526
15125,15.125,0.13750762,4.2384453
15126,15.126,0.14679612,4.296854
15127,15.127,0.14082044,4.28147
15128,15.128,0.14683007,4.2477894
15129,15.129,0.13472635,4.2302003
15130,15.13,0.13275596,4.2458034
15131,15.131,0.13703655,4.2099886
15132,15.132,0.12775655,4.269128
15133,15.133,0.12225327,4.2779965
15134,15.134,0.1320445,4.224275
15135,15.135,0.1396177,4.273831
15136,15.136,0.12994781,4.2337074
15137,15.137,0.13931064,4.206009
15138,15.138,0.13325742,4.1923876
15139,15.139,0.121530436,4.196543
15140,15.14,0.122931816,4.240736
15141,15.141,0.11758428,4.201792
15142,15.142,0.117978156,4.2048683
15143,15.143,0.11968524,4.2234745
15144,15.144,0.13024765,4.2209606
15145,15.145,0.11397651,4.2071486
15146,15.146,0.11656473,4.2071514
15147,15.147,0.1273045,4.2413363
15148,15.148,0.12543927,4.2204924
15149,15.149,0.11887333,4.230543
15150,15.15,0.12374941,4.26548
15151,15.151,0.1216453,4.2543116
15152,15.152,0.12944923,4.2548
15153,15.153,0.11881431,4.271639
15154,15.154,0.11101432,4.27987
15155,15.155,0.11969552,4.274788
15156,15.156,0.11790356,4.247927
15157,15.157,0.11843932,4.2444634
15158,15.158,0.112810455,4.252541
15159,15.159,0.10614562,4.224907
15160,15.16,0.10818609,4.230235
15161,15.161,0.1198101,4.254259
15162,15.162,0.11285026,4.2587633
15163,15.163,0.124546334,4.260162
15164,15.164,0.11913701,4.2963667
15165,15.165,0.10959473,4.29638
15166,15.166,0.10356495,4.3481307
15167,15.167,0.10725909,4.2847824
15168,15.168,0.12653613,4.2514677
15169,15.169,0.11826568,4.211965
15170,15.17,0.12568331,4.2282515
15171,15.171,0.13336448,4.225242
15172,15.172,0.12610117,4.2483263
15173,15.173,0.13544554,4.311073
15174,15.174,0.11862722,4.238971
15175,15.175,0.12415843,4.2371497
15176,15.176,0.12910084,4.2850285
15177,15.177,0.11516014,4.294331
15178,15.178,0.1138258,4.2550244
15179,15.179,0.110809065,4.2393274
15180,15.18,0.13167682,4.2348723
15181,15.181,0.12780374,4.257197
15182,15.182,0.13214931,4.240213
15183,15.183,0.12821181,4.2396646
15184,15.184,0.15343514,4.279519
15185,15.185,0.13565615,4.27699
15186,15.186,0.1431075,4.296604
15187,15.187,0.14375909,4.3048863
15188,15.188,0.13250965,4.3060718
15189,15.189,0.13684964,4.2976036
15190,15.19,0.13175435,4.3221617
15191,15.191,0.13477065,4.3489676
15192,15.192,0.14735627,4.3635755
15193,15.193,0.14053047,4.3232307
15194,15.194,0.15035503,4.33456
15195,15.195,0.14624645,4.304876
15196,15.196,0.14453806,4.382378
15197,15.197,0.13834494,4.388028
15198,15.198,0.15042989,4.3499155
15199,15.199,0.1512872,4.3505316
15200,15.2,0.15122129,4.3188586
15201,15.201,0.14658263,4.304834
15202,15.202,0.15127702,4.304558
15203,15.203,0.15768853,4.321195
15204,15.204,0.15729122,4.3700833
15205,15.205,0.15413688,4.307924
15206,15.206,0.13961065,4.353864
15207,15.207,0.14239763,4.359359
15208,15.208,0.14158559,4.3042927
15209,15.209,0.14842673,4.3150167
15210,15.21,0.14519341,4.321602
15211,15.211,0.1370132,4.2844543
15212,15.212,0.13999529,4.3292756
15213,15.213,0.14379162,4.332788
15214,15.214,0.13037609,4.3245893
15215,15.215,0.14203638,4.3269787
15216,15.216,0.13949601,4.374739
15217,15.217,0.13920593,4.265595
15218,15.218,0.13608047,4.3538923
15219,15.219,0.12850374,4.3935175
15220,15.22,0.14485103,4.3062854
15221,15.221,0.13779548,4.364191
15222,15.222,0.1395701,4.2999463
15223,15.223,0.13705316,4.342415
15224,15.224,0.12334154,4.369155
15225,15.225,0.12327218,4.295975
15226,15.226,0.10980394,4.2944
15227,15.227,0.12222206,4.290946
15228,15.228,0.115653284,4.295571
15229,15.229,0.12002098,4.2912364
15230,15.23,0.12412819,4.284828
15231,15.231,0.12586528,4.258233
15232,15.232,0.12781577,4.311927
15233,15.233,0.11803916,4.2911
15234,15.234,0.11981164,4.2940474
15235,15.235,0.122415215,4.3562994
15236,15.236,0.13743244,4.339739
15237,15.237,0.1421957,4.318482
15238,15.238,0.14955328,4.320742
15239,15.239,0.14509463,4.3353014
15240,15.24,0.15727635,4.3203464
15241,15.241,0.1406775,4.301497
15242,15.242,0.15764639,4.298011
15243,15.243,0.14597188,4.314905
15244,15.244,0.14941211,4.344273
15245,15.245,0.14638816,4.2825894
15246,15.246,0.13844408,4.2555346
15247,15.247,0.15315458,4.306527
15248,15.248,0.14996125,4.272005
15249,15.249,0.15304166,4.3053045
15250,15.25,0.15052679,4.3144627
15251,15.251,0.15210932,4.3001566
15252,15.252,0.14468017,4.3470974
15253,15.253,0.16468349,4.3220606
15254,15.254,0.14534461,4.3028107
15255,15.255,0.15612237,4.3129354
15256,15.256,0.14671604,4.3287735
15257,15.257,0.15608926,4.2792873
15258,15.258,0.15603091,4.299335
15259,15.259,0.16058403,4.3481164
15260,15.26,0.14625864,4.2997966
15261,15.261,0.15230094,4.320078
15262,15.262,0.15605338,4.3620872
15263,15.263,0.15791117,4.2785335
15264,15.264,0.14208965,4.2993436
15265,15.265,0.15092888,4.3211265
15266,15.266,0.1437959,4.3282356
15267,15.267,0.16075942,4.324789
15268,15.268,0.14799333,4.3193045
15269,15.269,0.16085966,4.340677
15270,15.27,0.1637314,4.34272
15271,15.271,0.16686328,4.322755
15272,15.272,0.16057904,4.3200383
15273,15.273,0.1660097,4.2817817
15274,15.274,0.15533613,4.2945657
15275,15.275,0.1402491,4.28289
15276,15.276,0.14724433,4.319434
15277,15.277,0.16939348,4.3212557
15278,15.278,0.15581822,4.290469
15279,15.279,0.16699117,4.2919087
15280,15.28,0.15771897,4.30734
15281,15.281,0.15367115,4.3414006
15282,15.282,0.15957278,4.320666
15283,15.283,0.1551106,4.320049
15284,15.284,0.1600594,4.3067317
15285,15.285,0.14663173,4.353801
15286,15.286,0.14340514,4.3301477
15287,15.287,0.1413133,4.3186855
15288,15.288,0.13199231,4.2953596
15289,15.289,0.14995018,4.3621907
15290,15.29,0.15711,4.3156614
15291,15.291,0.15503798,4.3501544
15292,15.292,0.14696075,4.3447723
15293,15.293,0.1448506,4.2886944
15294,15.294,0.13644215,4.307085
15295,15.295,0.14010777,4.323065
15296,15.296,0.14286223,4.3316717
15297,15.297,0.15014946,4.3433995
15298,15.298,0.15849066,4.361019
15299,15.299,0.13626526,4.355159
15300,15.3,0.15904018,4.3503885
15301,15.301,0.14311911,4.322373
15302,15.302,0.13813485,4.347911
15303,15.303,0.13934597,4.3555408
15304,15.304,0.14996167,4.3236594
15305,15.305,0.14473502,4.345363
15306,15.306,0.1400722,4.3075294
15307,15.307,0.1566794,4.2848797
15308,15.308,0.15225488,4.303707
15309,15.309,0.14723347,4.308916
15310,15.31,0.15370518,4.3232627
15311,15.311,0.14590822,4.336811
15312,15.312,0.14509548,4.327582
15313,15.313,0.15465772,4.290292
15314,15.314,0.14581753,4.3129683
15315,15.315,0.15191504,4.327775
15316,15.316,0.14734,4.2977552
15317,15.317,0.14987096,4.3385153
15318,15.318,0.14311738,4.3594
15319,15.319,0.1339041,4.3055835
15320,15.32,0.1458884,4.3614917
15321,15.321,0.14095014,4.3576035
15322,15.322,0.14684431,4.361431
15323,15.323,0.15474443,4.396201
15324,15.324,0.14675379,4.3512154
15325,15.325,0.13448684,4.3350925
15326,15.326,0.14588377,4.384504
15327,15.327,0.15238293,4.3559055
15328,15.328,0.1475282,4.4052606
15329,15.329,0.15208425,4.3870435
15330,15.33,0.15022197,4.3942714
15331,15.331,0.16179253,4.390366
15332,15.332,0.16376898,4.37437
15333,15.333,0.16881388,4.434227
15334,15.334,0.16832991,4.361553
15335,15.335,0.15931888,4.3602796
15336,15.336,0.1597901,4.3524704
15337,15.337,0.14919081,4.3644276
15338,15.338,0.16695395,4.3721724
15339,15.339,0.16368254,4.3594737
15340,15.34,0.1598998,4.357913
15341,15.341,0.14885762,4.3407645
15342,15.342,0.15504591,4.377826
15343,15.343,0.16099195,4.339242
15344,15.344,0.15868464,4.365174
15345,15.345,0.15790689,4.3473954
15346,15.346,0.1456816,4.331691
15347,15.347,0.1484317,4.3403654
15348,15.348,0.14463891,4.31542
15349,15.349,0.13473868,4.3604417
15350,15.35,0.14485613,4.3348184
15351,15.351,0.14360064,4.3517632
15352,15.352,0.15676971,4.3108153
15353,15.353,0.15563253,4.3148627
15354,15.354,0.14874391,4.3368216
15355,15.355,0.14576773,4.351038
15356,15.356,0.14302364,4.3580575
15357,15.357,0.1285808,4.375638
15358,15.358,0.14872819,4.367225
15359,15.359,0.14471291,4.4031534
15360,15.36,0.14688286,4.3701444
15361,15.361,0.14433871,4.393639
15362,15.362,0.14788644,4.359716
15363,15.363,0.1345559,4.3412113
15364,15.364,0.14625318,4.3389974
15365,15.365,0.14628136,4.359673
15366,15.366,0.13633072,4.381001
15367,15.367,0.13862483,4.386525
15368,15.368,0.14210957,4.3729095
15369,15.369,0.15056032,4.3249016
15370,15.37,0.14285663,4.326257
15371,15.371,0.15534563,4.3217177
15372,15.372,0.13990825,4.322925
15373,15.373,0.13514903,4.3125978
15374,15.374,0.13569425,4.3409
15375,15.375,0.13145328,4.309495
15376,15.376,0.13504976,4.352159
15377,15.377,0.1293879,4.3566656
15378,15.378,0.14430588,4.358124
15379,15.379,0.1328352,4.353937
15380,15.38,0.14212082,4.349705
15381,15.381,0.15508957,4.3498855
15382,15.382,0.15697405,4.332692
15383,15.383,0.16426902,4.309031
15384,15.384,0.16202092,4.294142
15385,15.385,0.1468506,4.3227224
15386,15.386,0.15807435,4.329638
15387,15.387,0.15405743,4.321179
15388,15.388,0.14737172,4.3186173
15389,15.389,0.14440349,4.3344398
15390,15.39,0.14088508,4.3305926
15391,15.391,0.13543646,4.358191
15392,15.392,0.1500597,4.301609
15393,15.393,0.15216392,4.3121567
15394,15.394,0.14868972,4.365741
15395,15.395,0.15353976,4.3356895
15396,15.396,0.1621773,4.366315
15397,15.397,0.1591933,4.377634
15398,15.398,0.1570391,4.297874
15399,15.399,0.1474744,4.287707
15400,15.4,0.13918959,4.2973666
15401,15.401,0.15061465,4.31187
15402,15.402,0.14341973,4.3037252
15403,15.403,0.1475474,4.342564
15404,15.404,0.13795881,4.316423
15405,15.405,0.13837606,4.2743654
15406,15.406,0.13141629,4.2396164
15407,15.407,0.12233578,4.233974
15408,15.408,0.13311282,4.2514477
15409,15.409,0.13392799,4.2891126
15410,15.41,0.13357608,4.2288237
15411,15.411,0.13808586,4.2466984
15412,15.412,0.14458829,4.241125
15413,15.413,0.12967718,4.254486
15414,15.414,0.13029394,4.225773
15415,15.415,0.14805858,4.2539005
15416,15.416,0.14387117,4.2071924
15417,15.417,0.1425751,4.179646
15418,15.418,0.15513082,4.250889
15419,15.419,0.14716993,4.277934
15420,15.42,0.14762743,4.25411
15421,15.421,0.16220689,4.322855
15422,15.422,0.1650261,4.256244
15423,15.423,0.15919602,4.2679644
15424,15.424,0.14916399,4.305036
15425,15.425,0.14440477,4.2720714
15426,15.426,0.13115197,4.235366
15427,15.427,0.13306381,4.225487
15428,15.428,0.13306937,4.2288065
15429,15.429,0.12054784,4.261917
15430,15.43,0.11722582,4.2878866
15431,15.431,0.14361435,4.2779417
15432,15.432,0.14276227,4.304387
15433,15.433,0.13356733,4.299733
15434,15.434,0.13287039,4.3335295
15435,15.435,0.13906974,4.3554654
15436,15.436,0.13530147,4.3445807
15437,15.437,0.13712004,4.302468
15438,15.438,0.12600891,4.270133
15439,15.439,0.12695071,4.306316
15440,15.44,0.12908845,4.3218455
15441,15.441,0.13633613,4.294157
15442,15.442,0.12685664,4.209994
15443,15.443,0.14975475,4.276172
15444,15.444,0.14206411,4.3018227
15445,15.445,0.1334286,4.2619395
15446,15.446,0.13703251,4.2661204
15447,15.447,0.14738885,4.238013
15448,15.448,0.14436811,4.2822742
15449,15.449,0.14545843,4.232605
15450,15.45,0.13253239,4.2406673
15451,15.451,0.1339133,4.2292957
15452,15.452,0.13897325,4.245707
15453,15.453,0.14158516,4.239791
15454,15.454,0.15099043,4.1794415
15455,15.455,0.15953691,4.209214
15456,15.456,0.13346319,4.187877
15457,15.457,0.14816284,4.25975
15458,15.458,0.14150822,4.17913
15459,15.459,0.13027363,4.194807
15460,15.46,0.13800117,4.1914473
15461,15.461,0.1388798,4.2199883
15462,15.462,0.1397406,4.201543
15463,15.463,0.14375952,4.2170467
15464,15.464,0.14916936,4.196047
15465,15.465,0.13843207,4.228723
15466,15.466,0.14754197,4.193597
15467,15.467,0.13393718,4.2123218
15468,15.468,0.13599363,4.202645
15469,15.469,0.13821457,4.2391977
15470,15.47,0.12953714,4.259243
15471,15.471,0.13357885,4.269177
15472,15.472,0.13061559,4.275714
15473,15.473,0.1474915,4.2441
15474,15.474,0.15856518,4.206425
15475,15.475,0.15348525,4.27949
15476,15.476,0.1533862,4.2745714
15477,15.477,0.1507237,4.316586
15478,15.478,0.1402605,4.3096056
15479,15.479,0.12848505,4.3503003
15480,15.48,0.13868518,4.3633914
15481,15.481,0.13999355,4.3342996
15482,15.482,0.13819675,4.3053045
15483,15.483,0.14384638,4.3442388
15484,15.484,0.14318357,4.320208
15485,15.485,0.1455709,4.3151164
15486,15.486,0.15289968,4.2662525
15487,15.487,0.15592204,4.2806916
15488,15.488,0.14822887,4.2542896
15489,15.489,0.16741104,4.264119
15490,15.49,0.15943275,4.3000555
15491,15.491,0.16292146,4.2636576
15492,15.492,0.15964834,4.252578
15493,15.493,0.16988276,4.310648
15494,15.494,0.16141446,4.343553
15495,15.495,0.16429035,4.3280873
15496,15.496,0.17147145,4.3711185
15497,15.497,0.18014643,4.42038
15498,15.498,0.18485586,4.361845
15499,15.499,0.1920753,4.332961
15500,15.5,0.1877253,4.296772
15501,15.501,0.19301572,4.29741
15502,15.502,0.1860413,4.314557
15503,15.503,0.16982843,4.279278
15504,15.504,0.17423081,4.3243427
15505,15.505,0.15665899,4.2875557
15506,15.506,0.15563726,4.289013
15507,15.507,0.15185428,4.265504
15508,15.508,0.16333786,4.290284
15509,15.509,0.16298829,4.275111
15510,15.51,0.16592702,4.258667
15511,15.511,0.16892537,4.276191
15512,15.512,0.16353136,4.2688227
15513,15.513,0.171109,4.3366275
15514,15.514,0.15465853,4.281595
15515,15.515,0.15036567,4.283924
15516,15.516,0.1479613,4.291011
15517,15.517,0.15587033,4.291284
15518,15.518,0.16045141,4.2671394
15519,15.519,0.15818173,4.261711
15520,15.52,0.16087343,4.277139
15521,15.521,0.16331638,4.247769
15522,15.522,0.16230775,4.2722597
15523,15.523,0.1647145,4.2341056
15524,15.524,0.16243698,4.244688
15525,15.525,0.1754386,4.2875605
15526,15.526,0.17916901,4.298456
15527,15.527,0.17147468,4.3309064
15528,15.528,0.16813533,4.3029857
15529,15.529,0.18235731,4.2899146
15530,15.53,0.16651188,4.293457
15531,15.531,0.16402762,4.3102593
15532,15.532,0.15628307,4.292559
15533,15.533,0.16448161,4.3192573
15534,15.534,0.16555394,4.2999773
15535,15.535,0.17404002,4.308949
15536,15.536,0.16658539,4.3197236
15537,15.537,0.16568731,4.334257
15538,15.538,0.16427387,4.302147
15539,15.539,0.17303629,4.2843056
15540,15.54,0.17202993,4.2602973
15541,15.541,0.1519855,4.2760186
15542,15.542,0.1687829,4.2925396
15543,15.543,0.17788352,4.2819595
15544,15.544,0.17610438,4.299774
15545,15.545,0.15257862,4.320064
15546,15.546,0.16649118,4.3359437
15547,15.547,0.16388914,4.2893558
15548,15.548,0.1655714,4.325369
15549,15.549,0.15174767,4.299228
15550,15.55,0.15852055,4.318975
15551,15.551,0.16628744,4.32725
15552,15.552,0.15613024,4.327286
15553,15.553,0.14100732,4.28974
15554,15.554,0.15642552,4.3506713
15555,15.555,0.16283685,4.3018255
15556,15.556,0.14720881,4.340021
15557,15.557,0.15171525,4.299403
15558,15.558,0.15719652,4.294194
15559,15.559,0.15083508,4.3188086
15560,15.56,0.14972927,4.3072577
15561,15.561,0.12733977,4.290442
15562,15.562,0.15787336,4.250129
15563,15.563,0.16657542,4.29575
15564,15.564,0.17421174,4.3286853
15565,15.565,0.15919563,4.383252
15566,15.566,0.15811755,4.339363
15567,15.567,0.14868557,4.3353786
15568,15.568,0.16536763,4.356029
15569,15.569,0.1830154,4.367511
15570,15.57,0.1683986,4.3572183
15571,15.571,0.16646494,4.3701234
15572,15.572,0.1596861,4.3681602
15573,15.573,0.15655488,4.348378
15574,15.574,0.1538756,4.2942076
15575,15.575,0.14243047,4.3005123
15576,15.576,0.13696155,4.323857
15577,15.577,0.15409417,4.214367
15578,15.578,0.15392998,4.3184395
15579,15.579,0.15133965,4.2944202
15580,15.58,0.14718457,4.282125
15581,15.581,0.15139493,4.272629
15582,15.582,0.15162599,4.245562
15583,15.583,0.14072953,4.243489
15584,15.584,0.1489411,4.279369
15585,15.585,0.15578623,4.2968335
15586,15.586,0.14660782,4.335076
15587,15.587,0.14079553,4.2960362
15588,15.588,0.1443907,4.32644
15589,15.589,0.15987901,4.3078027
15590,15.59,0.1597173,4.311824
15591,15.591,0.15313932,4.363536
15592,15.592,0.16998015,4.33336
15593,15.593,0.16855417,4.350007
15594,15.594,0.16206875,4.314802
15595,15.595,0.1639826,4.313189
15596,15.596,0.14379974,4.3603086
15597,15.597,0.15884508,4.3559623
15598,15.598,0.17120859,4.3887196
15599,15.599,0.1574855,4.3335676
15600,15.6,0.16076325,4.3667126
15601,15.601,0.16497576,4.321112
15602,15.602,0.16760205,4.331386
15603,15.603,0.17124344,4.3599668
15604,15.604,0.15662679,4.346454
15605,15.605,0.17192976,4.418028
15606,15.606,0.16406512,4.3344493
15607,15.607,0.17081858,4.3557315
15608,15.608,0.16430758,4.368422
15609,15.609,0.16520572,4.3741937
15610,15.61,0.1573921,4.350477
15611,15.611,0.17368542,4.322881
15612,15.612,0.15947752,4.322825
15613,15.613,0.1623881,4.3180976
15614,15.614,0.17205925,4.328781
15615,15.615,0.15527433,4.327968
15616,15.616,0.15076981,4.318899
15617,15.617,0.15964295,4.2990155
15618,15.618,0.14375909,4.2928395
15619,15.619,0.14246891,4.3054466
15620,15.62,0.14566514,4.3176155
15621,15.621,0.14939399,4.3310194
15622,15.622,0.15024287,4.3030143
15623,15.623,0.16076018,4.3505487
15624,15.624,0.15735145,4.324914
15625,15.625,0.14334764,4.3285055
15626,15.626,0.1440289,4.3455434
15627,15.627,0.1534179,4.3487396
15628,15.628,0.15564121,4.360599
15629,15.629,0.15058647,4.3637433
15630,15.63,0.15653445,4.2988553
15631,15.631,0.14960265,4.309128
15632,15.632,0.14800163,4.299142
15633,15.633,0.15635471,4.3134766
15634,15.634,0.1524031,4.351522
15635,15.635,0.1467412,4.327743
15636,15.636,0.16412811,4.3230553
15637,15.637,0.14216281,4.313871
15638,15.638,0.15860125,4.3271656
15639,15.639,0.15918481,4.3839808
15640,15.64,0.16387226,4.3496575
15641,15.641,0.16041689,4.3281627
15642,15.642,0.1580218,4.2953115
15643,15.643,0.16901714,4.3189726
15644,15.644,0.14852576,4.306497
15645,15.645,0.1550233,4.3253818
15646,15.646,0.15343393,4.3040376
15647,15.647,0.15992251,4.310399
15648,15.648,0.16240363,4.308772
15649,15.649,0.1520972,4.2767763
15650,15.65,0.16119628,4.3105283
15651,15.651,0.16657282,4.31937
15652,15.652,0.15990019,4.308891
15653,15.653,0.14751193,4.2112484
15654,15.654,0.14888407,4.2566276
15655,15.655,0.14147517,4.2244906
15656,15.656,0.13780619,4.270618
15657,15.657,0.14117041,4.25841
15658,15.658,0.14984018,4.255612
15659,15.659,0.14565668,4.2323604
15660,15.66,0.15757963,4.2804236
15661,15.661,0.14221084,4.214615
15662,15.662,0.1487224,4.23615
15663,15.663,0.13911353,4.2402124
15664,15.664,0.1622414,4.2508426
15665,15.665,0.16439407,4.2661686
15666,15.666,0.16139692,4.2709866
15667,15.667,0.16292033,4.276679
15668,15.668,0.15148918,4.2577367
15669,15.669,0.16158932,4.257228
15670,15.67,0.16023767,4.259103
15671,15.671,0.14964664,4.265904
15672,15.672,0.14439325,4.2231765
15673,15.673,0.1719541,4.310133
15674,15.674,0.16038084,4.266203
15675,15.675,0.16185412,4.218405
15676,15.676,0.15834656,4.245573
15677,15.677,0.1536299,4.2555356
15678,15.678,0.16663894,4.2481756
15679,15.679,0.16446778,4.279774
15680,15.68,0.1558194,4.288159
15681,15.681,0.13773385,4.236694
15682,15.682,0.14282776,4.270692
15683,15.683,0.14923865,4.244504
15684,15.684,0.13115713,4.243271
15685,15.685,0.14107014,4.2368245
15686,15.686,0.13688022,4.2725916
15687,15.687,0.13628875,4.1882935
15688,15.688,0.14192589,4.2051325
15689,15.689,0.14536957,4.2293243
15690,15.69,0.14260186,4.255325
15691,15.691,0.1504618,4.2382507
15692,15.692,0.14908148,4.2416863
15693,15.693,0.15003838,4.2587376
15694,15.694,0.15190086,4.235351
15695,15.695,0.15434313,4.2458086
15696,15.696,0.16117223,4.2534213
15697,15.697,0.1462132,4.24442
15698,15.698,0.1570818,4.2138247
15699,15.699,0.1552462,4.2582464
15700,15.7,0.13847917,4.230744
15701,15.701,0.14676385,4.270809
15702,15.702,0.15177444,4.2368875
15703,15.703,0.15054192,4.2950153
15704,15.704,0.14965776,4.249645
15705,15.705,0.16564274,4.2979436
15706,15.706,0.16664743,4.267115
15707,15.707,0.15853646,4.283626
15708,15.708,0.15285742,4.3000317
15709,15.709,0.15851046,4.2935357
15710,15.71,0.1719473,4.256062
15711,15.711,0.16607527,4.302874
15712,15.712,0.17056265,4.296657
15713,15.713,0.17151055,4.272477
15714,15.714,0.17833053,4.309163
15715,15.715,0.17216472,4.2875643
15716,15.716,0.17809162,4.297884
15717,15.717,0.1793132,4.258845
15718,15.718,0.17263225,4.2704697
15719,15.719,0.1748558,4.2652154
15720,15.72,0.19270372,4.275728
15721,15.721,0.17346956,4.279023
15722,15.722,0.16239984,4.254019
15723,15.723,0.16692153,4.2633376
15724,15.724,0.15841456,4.2858496
15725,15.725,0.15741986,4.2769427
15726,15.726,0.14363277,4.2759805
15727,15.727,0.15803425,4.2958026
15728,15.728,0.15702108,4.2945967
15729,15.729,0.16138816,4.280074
15730,15.73,0.15960632,4.2701106
15731,15.731,0.1636284,4.2681746
15732,15.732,0.15019944,4.2749014
15733,15.733,0.14393318,4.2254767
15734,15.734,0.15944164,4.247756
15735,15.735,0.14992966,4.2652936
15736,15.736,0.15935594,4.2304654
15737,15.737,0.15380922,4.2662373
15738,15.738,0.15040495,4.3227277
15739,15.739,0.13830446,4.279295
15740,15.74,0.1416273,4.2674265
15741,15.741,0.13847652,4.2547293
15742,15.742,0.14078505,4.216568
15743,15.743,0.13710748,4.246337
15744,15.744,0.120368555,4.2553797
15745,15.745,0.11758795,4.2242293
15746,15.746,0.12422333,4.2400975
15747,15.747,0.13218096,4.241621
15748,15.748,0.12750009,4.2385693
15749,15.749,0.13154264,4.2420173
15750,15.75,0.14164728,4.285302
15751,15.751,0.13266139,4.214394
15752,15.752,0.12605481,4.22231
15753,15.753,0.14370729,4.236739
15754,15.754,0.14624518,4.2416067
15755,15.755,0.15455107,4.2767487
15756,15.756,0.1552117,4.2655706
15757,15.757,0.13863815,4.2854295
15758,15.758,0.16606824,4.298743
15759,15.759,0.16233201,4.2468014
15760,15.76,0.16455978,4.3039145
15761,15.761,0.1520369,4.3950863
15762,15.762,0.15773925,4.3709216
15763,15.763,0.16579756,4.3424463
15764,15.764,0.15794039,4.3693576
15765,15.765,0.15716325,4.3869505
15766,15.766,0.15666567,4.3839836
15767,15.767,0.16983567,4.3654404
15768,15.768,0.17049627,4.346018
15769,15.769,0.1606526,4.351959
15770,15.77,0.1534632,4.288086
15771,15.771,0.1547981,4.2590537
15772,15.772,0.15113705,4.284661
15773,15.773,0.13842629,4.3263426
15774,15.774,0.15127255,4.3444753
15775,15.775,0.14412327,4.348789
15776,15.776,0.14555189,4.360537
15777,15.777,0.15827,4.3639765
15778,15.778,0.15182915,4.3582993
15779,15.779,0.1490146,4.364435
15780,15.78,0.15360788,4.394972
15781,15.781,0.1523385,4.403996
15782,15.782,0.15741791,4.4191856
15783,15.783,0.15466091,4.4239306
15784,15.784,0.15384562,4.367775
15785,15.785,0.15555818,4.397144
15786,15.786,0.15936019,4.4934163
15787,15.787,0.15427135,4.3710413
15788,15.788,0.14683217,4.422169
15789,15.789,0.15342872,4.4819403
15790,15.79,0.16223268,4.467448
15791,15.791,0.1575273,4.5108695
15792,15.792,0.1506167,4.492711
15793,15.793,0.14598665,4.4875593
15794,15.794,0.14095277,4.4302473
15795,15.795,0.12931037,4.4568477
15796,15.796,0.12630253,4.4478216
15797,15.797,0.13501923,4.39815
15798,15.798,0.13108721,4.367422
15799,15.799,0.12780519,4.4179554
15800,15.8,0.123430304,4.369094
15801,15.801,0.120459504,4.354434
15802,15.802,0.13679524,4.317399
15803,15.803,0.13222098,4.314628
15804,15.804,0.123268686,4.3364215
15805,15.805,0.13058545,4.340642
15806,15.806,0.12233678,4.36397
15807,15.807,0.1294977,4.328545
15808,15.808,0.13688381,4.3314433
15809,15.809,0.13553818,4.3133492
15810,15.81,0.11170331,4.3158507
15811,15.811,0.11697572,4.322786
15812,15.812,0.12075794,4.2596083
15813,15.813,0.1228462,4.2749257
15814,15.814,0.11459616,4.2614417
15815,15.815,0.12726969,4.297691
15816,15.816,0.12253126,4.268319
15817,15.817,0.13836539,4.251537
15818,15.818,0.13693999,4.228389
15819,15.819,0.12492368,4.251655
15820,15.82,0.12253528,4.239728
15821,15.821,0.13051853,4.200637
15822,15.822,0.12619969,4.214101
15823,15.823,0.12828234,4.20148
15824,15.824,0.12510136,4.1728644
15825,15.825,0.13535284,4.276938
15826,15.826,0.12496702,4.2311954
15827,15.827,0.11692259,4.223347
15828,15.828,0.12488575,4.207037
15829,15.829,0.11867545,4.1989217
15830,15.83,0.10921399,4.199043
15831,15.831,0.1068326,4.1982355
15832,15.832,0.1101251,4.158342
15833,15.833,0.10509414,4.19354
15834,15.834,0.11614487,4.198518
15835,15.835,0.11564317,4.235344
15836,15.836,0.107590705,4.163624
15837,15.837,0.10734166,4.190346
15838,15.838,0.11517189,4.177289
15839,15.839,0.11263197,4.1540923
15840,15.84,0.120928,4.176429
15841,15.841,0.12242878,4.161126
15842,15.842,0.11606856,4.186341
15843,15.843,0.10630954,4.215134
15844,15.844,0.123498574,4.172158
15845,15.845,0.11411947,4.217694
15846,15.846,0.11561763,4.137754
15847,15.847,0.100954875,4.1796284
15848,15.848,0.112101935,4.1782618
15849,15.849,0.118024044,4.1935225
15850,15.85,0.12110849,4.165363
15851,15.851,0.12626646,4.177375
15852,15.852,0.12176259,4.1426396
15853,15.853,0.12247451,4.1734715
15854,15.854,0.1215851,4.1612267
15855,15.855,0.10848142,4.188762
15856,15.856,0.11023344,4.1657686
15857,15.857,0.10447997,4.1875544
15858,15.858,0.08577769,4.131352
15859,15.859,0.09948638,4.1372056
15860,15.86,0.09641984,4.1195226
15861,15.861,0.1031882,4.1544757
15862,15.862,0.11278264,4.1594048
15863,15.863,0.100820705,4.1579337
15864,15.864,0.102214076,4.2018867
15865,15.865,0.10155281,4.1908503
15866,15.866,0.1043521,4.227012
15867,15.867,0.10879687,4.234736
15868,15.868,0.10840085,4.257346
15869,15.869,0.10735484,4.1982274
15870,15.87,0.10633326,4.214724
15871,15.871,0.10258841,4.2171493
15872,15.872,0.104537666,4.1769295
15873,15.873,0.107220076,4.213929
15874,15.874,0.09380839,4.1755567
15875,15.875,0.09459673,4.179556
15876,15.876,0.09850001,4.2095633
15877,15.877,0.10169327,4.2247753
15878,15.878,0.09980992,4.1805305
15879,15.879,0.11701621,4.1800594
15880,15.88,0.11094114,4.1955013
15881,15.881,0.11582499,4.1979566
15882,15.882,0.09948638,4.1962695
15883,15.883,0.09599391,4.161584
15884,15.884,0.093900174,4.1765404
15885,15.885,0.09459868,4.1537395
15886,15.886,0.09012067,4.154573
15887,15.887,0.09501792,4.136707
15888,15.888,0.09023326,4.2157316
15889,15.889,0.09026666,4.1715517
15890,15.89,0.084377594,4.16039
15891,15.891,0.0835466,4.1740103
15892,15.892,0.09491425,4.1816344
15893,15.893,0.092666104,4.20283
15894,15.894,0.09303123,4.1814632
15895,15.895,0.08768317,4.285047
15896,15.896,0.10060811,4.316207
15897,15.897,0.09981855,4.292041
15898,15.898,0.10440456,4.2922463
15899,15.899,0.101146676,4.2387652
15900,15.9,0.10557079,4.2304816
15901,15.901,0.1011199,4.1766067
15902,15.902,0.102663346,4.146587
15903,15.903,0.10263098,4.2171893
15904,15.904,0.113561705,4.20555
15905,15.905,0.10180575,4.221112
15906,15.906,0.09208263,4.2476697
15907,15.907,0.10246358,4.226033
15908,15.908,0.08886805,4.2372274
15909,15.909,0.09798647,4.2792864
15910,15.91,0.09776267,4.2991657
15911,15.911,0.09681531,4.33667
15912,15.912,0.10793842,4.294687
15913,15.913,0.10465884,4.358122
15914,15.914,0.108036414,4.3600597
15915,15.915,0.10952341,4.349853
15916,15.916,0.11246304,4.3455844
15917,15.917,0.111650966,4.2868977
15918,15.918,0.103428215,4.24766
15919,15.919,0.10782206,4.265845
15920,15.92,0.11250079,4.289681
15921,15.921,0.11659692,4.266101
15922,15.922,0.11659639,4.264309
15923,15.923,0.1243169,4.2890954
15924,15.924,0.11830782,4.2829576
15925,15.925,0.118820526,4.2887115
15926,15.926,0.12632054,4.296718
15927,15.927,0.12139873,4.368948
15928,15.928,0.13530555,4.3009706
15929,15.929,0.12606116,4.328812
15930,15.93,0.124288686,4.2928743
15931,15.931,0.12643543,4.2886515
15932,15.932,0.13055529,4.294634
15933,15.933,0.13986602,4.2934875
15934,15.934,0.15102057,4.285058
15935,15.935,0.14420778,4.3171673
15936,15.936,0.14180791,4.299039
15937,15.937,0.12806393,4.3430147
15938,15.938,0.15127417,4.319993
15939,15.939,0.1454487,4.27312
15940,15.94,0.14728779,4.231763
15941,15.941,0.15553485,4.2547307
15942,15.942,0.17617947,4.2335153
15943,15.943,0.18081495,4.22746
15944,15.944,0.16672678,4.2231107
15945,15.945,0.17401738,4.2411933
15946,15.946,0.17603798,4.2641487
15947,15.947,0.17862217,4.237973
15948,15.948,0.15642592,4.2523155
15949,15.949,0.15977085,4.254639
15950,15.95,0.15924278,4.2424393
15951,15.951,0.16332279,4.2956624
15952,15.952,0.15537138,4.254946
15953,15.953,0.15988596,4.251312
15954,15.954,0.16322216,4.2566686
15955,15.955,0.16131762,4.24373
15956,15.956,0.15447024,4.2506723
15957,15.957,0.159242,4.2285886
15958,15.958,0.15171929,4.2189517
15959,15.959,0.13525735,4.255179
15960,15.96,0.14133027,4.268589
15961,15.961,0.15846193,4.226741
15962,15.962,0.15803619,4.270218
15963,15.963,0.1401104,4.252418
15964,15.964,0.14682965,4.2725444
15965,15.965,0.15027562,4.2461424
15966,15.966,0.15738663,4.242514
15967,15.967,0.14789517,4.2312837
15968,15.968,0.1402412,4.223336
15969,15.969,0.1550606,4.2893243
15970,15.97,0.1330407,4.266593
15971,15.971,0.14589557,4.2454767
15972,15.972,0.15411852,4.3006
15973,15.973,0.13173848,4.2954073
15974,15.974,0.1503542,4.241814
15975,15.975,0.16333295,4.2366257
15976,15.976,0.14838858,4.2532134
15977,15.977,0.16293204,4.236698
15978,15.978,0.16865855,4.2188
15979,15.979,0.16270189,4.244239
15980,15.98,0.15671672,4.2590623
15981,15.981,0.16667068,4.209399
15982,15.982,0.15529494,4.212617
15983,15.983,0.15879822,4.2246447
15984,15.984,0.16429223,4.2518034
15985,15.985,0.16320708,4.273626
15986,15.986,0.18210985,4.2720494
15987,15.987,0.17226511,4.2470436
15988,15.988,0.17536107,4.234359
15989,15.989,0.18538001,4.280422
15990,15.99,0.17476042,4.266854
15991,15.991,0.17832431,4.259091
15992,15.992,0.17788213,4.201645
15993,15.993,0.17235367,4.166267
15994,15.994,0.1796632,4.184672
15995,15.995,0.17018129,4.1791553
15996,15.996,0.17819005,4.2022963
15997,15.997,0.17516448,4.250881
15998,15.998,0.17386493,4.223139
15999,15.999,0.17898108,4.201295
16000,16.0,0.17505345,4.23053
16001,16.001,0.16303736,4.1746826
16002,16.002,0.17162351,4.1940813
16003,16.003,0.16219361,4.1972136
16004,16.004,0.15865402,4.189506
16005,16.005,0.16339208,4.236316
16006,16.006,0.15816344,4.2148952
16007,16.007,0.15052189,4.19446
16008,16.008,0.15394317,4.2634773
16009,16.009,0.16724594,4.244004
16010,16.01,0.16500522,4.207022
16011,16.011,0.1688598,4.2422633
16012,16.012,0.15047365,4.215284
16013,16.013,0.1475257,4.2569427
16014,16.014,0.1384014,4.268515
16015,16.015,0.16320784,4.3045278
16016,16.016,0.13298842,4.3002195
16017,16.017,0.1477091,4.264031
16018,16.018,0.16210862,4.226769
16019,16.019,0.15254192,4.252429
16020,16.02,0.1512099,4.2408442
16021,16.021,0.15779346,4.253218
16022,16.022,0.15118344,4.1947365
16023,16.023,0.15538207,4.2524996
16024,16.024,0.15155537,4.209545
16025,16.025,0.15589678,4.219625
16026,16.026,0.16514127,4.226442
16027,16.027,0.15971653,4.214243
16028,16.028,0.172389,4.210048
16029,16.029,0.18083231,4.2096376
16030,16.03,0.17768313,4.179087
16031,16.031,0.16355205,4.2038536
16032,16.032,0.17287408,4.2455
16033,16.033,0.17054678,4.2313194
16034,16.034,0.17016973,4.2150126
16035,16.035,0.17110325,4.1944075
16036,16.036,0.16817851,4.2143307
16037,16.037,0.16773525,4.177344
16038,16.038,0.1646024,4.1945934
16039,16.039,0.1601935,4.2179694
16040,16.04,0.15394117,4.2046494
16041,16.041,0.15212874,4.1894255
16042,16.042,0.1603509,4.1941524
16043,16.043,0.14706537,4.176886
16044,16.044,0.1495755,4.205525
16045,16.045,0.14968406,4.170516
16046,16.046,0.14163643,4.224358
16047,16.047,0.16599709,4.202975
16048,16.048,0.16060281,4.2270613
16049,16.049,0.16745257,4.2492366
16050,16.05,0.17541264,4.2515655
16051,16.051,0.18334626,4.2668695
16052,16.052,0.17439318,4.2087755
16053,16.053,0.17158516,4.2352214
16054,16.054,0.17781363,4.1797066
16055,16.055,0.1989208,4.1971602
16056,16.056,0.17480794,4.1991577
16057,16.057,0.17644155,4.1862254
16058,16.058,0.18312061,4.1748776
16059,16.059,0.16023499,4.1948905
16060,16.06,0.142338,4.2248363
16061,16.061,0.13712542,4.178441
16062,16.062,0.14874846,4.1654077
16063,16.063,0.15775056,4.1616864
16064,16.064,0.15387721,4.198042
16065,16.065,0.1463499,4.185802
16066,16.066,0.14773367,4.1871557
16067,16.067,0.15194501,4.1791816
16068,16.068,0.1661801,4.2523146
16069,16.069,0.14719042,4.218253
16070,16.07,0.15995559,4.224119
16071,16.071,0.17144059,4.222213
16072,16.072,0.18019015,4.2391405
16073,16.073,0.1673493,4.2319045
16074,16.074,0.16840225,4.250581
16075,16.075,0.16307622,4.235055
16076,16.076,0.15496296,4.228852
16077,16.077,0.16176362,4.205273
16078,16.078,0.13920683,4.2054977
16079,16.079,0.14486377,4.2353916
16080,16.08,0.1434193,4.2067633
16081,16.081,0.139972,4.2057133
16082,16.082,0.13271101,4.2240853
16083,16.083,0.14713858,4.2290077
16084,16.084,0.14617322,4.228172
16085,16.085,0.14545166,4.238601
16086,16.086,0.14310105,4.192055
16087,16.087,0.13846673,4.2290516
16088,16.088,0.14264758,4.2427654
16089,16.089,0.154479,4.219715
16090,16.09,0.14317068,4.2451973
16091,16.091,0.14179143,4.2501774
16092,16.092,0.14560007,4.2949786
16093,16.093,0.13471676,4.265626
16094,16.094,0.13957803,4.2312684
16095,16.095,0.119893774,4.2817826
16096,16.096,0.13055435,4.259359
16097,16.097,0.12444601,4.268862
16098,16.098,0.13837561,4.276165
16099,16.099,0.13041289,4.2415714
16100,16.1,0.14408271,4.2695475
16101,16.101,0.13271657,4.297125
16102,16.102,0.13683885,4.259644
16103,16.103,0.14031401,4.259558
16104,16.104,0.155574,4.2425194
16105,16.105,0.14509337,4.2447605
16106,16.106,0.16784747,4.248548
16107,16.107,0.16328925,4.2160916
16108,16.108,0.14642388,4.2405357
16109,16.109,0.1484636,4.2249517
16110,16.11,0.15312888,4.210222
16111,16.111,0.16115238,4.220038
16112,16.112,0.14958003,4.184195
16113,16.113,0.14834006,4.2183623
16114,16.114,0.14467804,4.203746
16115,16.115,0.13954541,4.2168407
16116,16.116,0.12534162,4.178795
16117,16.117,0.12400173,4.1965265
16118,16.118,0.13114071,4.1877885
16119,16.119,0.13183372,4.172358
16120,16.12,0.13483363,4.180002
16121,16.121,0.13852893,4.191704
16122,16.122,0.13243301,4.178548
16123,16.123,0.13284723,4.1621046
16124,16.124,0.12757823,4.2162375
16125,16.125,0.12821996,4.163611
16126,16.126,0.1277787,4.203062
16127,16.127,0.12181412,4.195937
16128,16.128,0.12589607,4.180221
16129,16.129,0.13244973,4.160376
16130,16.13,0.13068764,4.1878986
16131,16.131,0.12951529,4.2176094
16132,16.132,0.12120396,4.240502
16133,16.133,0.11545788,4.219632
16134,16.134,0.116247594,4.1853113
16135,16.135,0.13120122,4.2279115
16136,16.136,0.12245994,4.2008896
16137,16.137,0.12791394,4.212595
16138,16.138,0.13601038,4.2021456
16139,16.139,0.14468825,4.2379584
16140,16.14,0.14294833,4.2033105
16141,16.141,0.1463558,4.224494
16142,16.142,0.15622795,4.1850276
16143,16.143,0.1348172,4.185197
16144,16.144,0.13997772,4.169456
16145,16.145,0.14750277,4.213592
16146,16.146,0.13908124,4.184285
16147,16.147,0.1441096,4.157423
16148,16.148,0.13740692,4.1857524
16149,16.149,0.13343136,4.1899595
16150,16.15,0.11786911,4.1526914
16151,16.151,0.11793121,4.2051644
16152,16.152,0.13188179,4.1950536
16153,16.153,0.13417356,4.2021036
16154,16.154,0.1503722,4.204721
16155,16.155,0.14549819,4.2171187
16156,16.156,0.13843563,4.1651545
16157,16.157,0.13890329,4.2191434
16158,16.158,0.13766637,4.1974387
16159,16.159,0.123059876,4.2106624
16160,16.16,0.12558143,4.2060933
16161,16.161,0.11114947,4.181981
16162,16.162,0.124607086,4.1876273
16163,16.163,0.120780356,4.2145495
16164,16.164,0.12881266,4.21585
16165,16.165,0.14945698,4.2347193
16166,16.166,0.1505697,4.2558217
16167,16.167,0.14507894,4.197556
16168,16.168,0.13983479,4.197129
16169,16.169,0.12034708,4.1923122
16170,16.17,0.11709716,4.158672
16171,16.171,0.13742213,4.1984324
16172,16.172,0.12533672,4.2282963
16173,16.173,0.13772893,4.2162213
16174,16.174,0.13725773,4.19682
16175,16.175,0.13283381,4.190557
16176,16.176,0.1322517,4.2126555
16177,16.177,0.13701634,4.2138047
16178,16.178,0.13587776,4.1602216
16179,16.179,0.12984361,4.1567736
16180,16.18,0.12166705,4.175328
16181,16.181,0.12433274,4.165788
16182,16.182,0.13174362,4.1758227
16183,16.183,0.1173858,4.166088
16184,16.184,0.1248138,4.155024
16185,16.185,0.11102319,4.2018933
16186,16.186,0.119745374,4.161442
16187,16.187,0.11976387,4.186455
16188,16.188,0.11323453,4.20714
16189,16.189,0.11819074,4.1794524
16190,16.19,0.11565914,4.1980443
16191,16.191,0.102139406,4.1968765
16192,16.192,0.10627191,4.2272983
16193,16.193,0.09624995,4.235365
16194,16.194,0.099556856,4.1612
16195,16.195,0.10100484,4.1654897
16196,16.196,0.10678825,4.182043
16197,16.197,0.11154731,4.136533
16198,16.198,0.10164486,4.109229
16199,16.199,0.12248857,4.1587524
16200,16.2,0.11655787,4.2192483
16201,16.201,0.11660167,4.1991234
16202,16.202,0.1228437,4.177323
16203,16.203,0.111643806,4.186142
16204,16.204,0.1250989,4.18252
16205,16.205,0.1174382,4.2019396
16206,16.206,0.11335618,4.199617
16207,16.207,0.11342672,4.1502433
16208,16.208,0.12192065,4.1970506
16209,16.209,0.11141265,4.2039294
16210,16.21,0.10137635,4.1731873
16211,16.211,0.11152029,4.195804
16212,16.212,0.12649333,4.2440233
16213,16.213,0.122425266,4.214903
16214,16.214,0.12292831,4.2082367
16215,16.215,0.123242736,4.222075
16216,16.216,0.12833461,4.227019
16217,16.217,0.13018434,4.3152766
16218,16.218,0.1305223,4.3086114
16219,16.219,0.13607821,4.3074803
16220,16.22,0.13440767,4.28914
16221,16.221,0.14948374,4.2677965
16222,16.222,0.14283077,4.254933
16223,16.223,0.12904459,4.264393
16224,16.224,0.1370774,4.207452
16225,16.225,0.13241303,4.2043114
16226,16.226,0.1436105,4.16677
16227,16.227,0.13210739,4.19142
16228,16.228,0.13510077,4.1905913
16229,16.229,0.14932108,4.170456
16230,16.23,0.15030469,4.106286
16231,16.231,0.13690314,4.163844
16232,16.232,0.13631268,4.207624
16233,16.233,0.12594591,4.1614504
16234,16.234,0.13887228,4.169299
16235,16.235,0.12230861,4.178478
16236,16.236,0.1381549,4.1523733
16237,16.237,0.12735765,4.180766
16238,16.238,0.11284372,4.196412
16239,16.239,0.12872952,4.2001853
16240,16.24,0.1252439,4.1533422
16241,16.241,0.1346286,4.1875744
16242,16.242,0.13115901,4.173408
16243,16.243,0.12687895,4.221586
16244,16.244,0.11923458,4.181488
16245,16.245,0.12186058,4.1529975
16246,16.246,0.12909608,4.146223
16247,16.247,0.13232239,4.158345
16248,16.248,0.13122185,4.1291256
16249,16.249,0.123113364,4.1534553
16250,16.25,0.14688034,4.184236
16251,16.251,0.13833204,4.1213865
16252,16.252,0.14357921,4.1486993
16253,16.253,0.15486605,4.143698
16254,16.254,0.1591879,4.1649213
16255,16.255,0.16809581,4.1839037
16256,16.256,0.16464089,4.1783543
16257,16.257,0.15763819,4.198288
16258,16.258,0.16074525,4.1663346
16259,16.259,0.15604983,4.1689954
16260,16.26,0.16207825,4.193429
16261,16.261,0.16468051,4.1893325
16262,16.262,0.17133181,4.20468
16263,16.263,0.16827872,4.161493
16264,16.264,0.17363192,4.167923
16265,16.265,0.15689172,4.1768517
16266,16.266,0.14593141,4.205029
16267,16.267,0.14886259,4.1804404
16268,16.268,0.16182561,4.203716
16269,16.269,0.15961404,4.2247524
16270,16.27,0.14202815,4.2021365
16271,16.271,0.15859815,4.2209373
16272,16.272,0.1462313,4.188355
16273,16.273,0.14821474,4.192604
16274,16.274,0.12813501,4.184618
16275,16.275,0.1381304,4.163114
16276,16.276,0.14116953,4.176275
16277,16.277,0.14847231,4.187768
16278,16.278,0.16050662,4.1541657
16279,16.279,0.16205698,4.1431212
16280,16.28,0.15087791,4.2218285
16281,16.281,0.1600621,4.2131033
16282,16.282,0.1447652,4.2037416
16283,16.283,0.13816515,4.1547785
16284,16.284,0.15006872,4.183431
16285,16.285,0.14314662,4.1711802
16286,16.286,0.15184577,4.209853
16287,16.287,0.13190185,4.163699
16288,16.288,0.13237353,4.171028
16289,16.289,0.1422169,4.172242
16290,16.29,0.12798703,4.1736617
16291,16.291,0.149645,4.1766214
16292,16.292,0.14135596,4.172529
16293,16.293,0.16105881,4.1787267
16294,16.294,0.162841,4.183657
16295,16.295,0.16068132,4.180582
16296,16.296,0.15480009,4.170862
16297,16.297,0.14618416,4.2174177
16298,16.298,0.15254353,4.181093
16299,16.299,0.15138598,4.1749344
16300,16.3,0.13576315,4.1914086
16301,16.301,0.15210244,4.181287
16302,16.302,0.15424582,4.216635
16303,16.303,0.15535079,4.217944
16304,16.304,0.15118264,4.228668
16305,16.305,0.1540087,4.216687
16306,16.306,0.16154629,4.2254705
16307,16.307,0.16487952,4.2254834
16308,16.308,0.1724097,4.190295
16309,16.309,0.16185983,4.2201114
16310,16.31,0.15886058,4.264365
16311,16.311,0.15429647,4.2208843
16312,16.312,0.1403675,4.218413
16313,16.313,0.15204297,4.2384157
16314,16.314,0.15178862,4.282677
16315,16.315,0.15573567,4.303333
16316,16.316,0.15828206,4.3010507
16317,16.317,0.14902039,4.258008
16318,16.318,0.16140303,4.2327275
16319,16.319,0.16150402,4.2539825
16320,16.32,0.17616376,4.2876835
16321,16.321,0.182121,4.2950935
16322,16.322,0.18329357,4.3373995
16323,16.323,0.17232725,4.4369307
16324,16.324,0.16752787,4.300152
16325,16.325,0.16616789,4.3186164
16326,16.326,0.16122414,4.3587465
16327,16.327,0.16201788,4.2731504
16328,16.328,0.15275393,4.299097
16329,16.329,0.1639447,4.289556
16330,16.33,0.15830149,4.3211327
16331,16.331,0.16705453,4.26003
16332,16.332,0.15215139,4.258998
16333,16.333,0.16021194,4.2881684
16334,16.334,0.1652556,4.2315755
16335,16.335,0.16104965,4.304172
16336,16.336,0.164088,4.2982526
16337,16.337,0.16500373,4.2841473
16338,16.338,0.15229487,4.2556357
16339,16.339,0.14778322,4.297597
16340,16.34,0.14457679,4.3234377
16341,16.341,0.15064038,4.298202
16342,16.342,0.13533738,4.3041186
16343,16.343,0.13607323,4.3568797
16344,16.344,0.13916306,4.3502884
16345,16.345,0.15558547,4.3600492
16346,16.346,0.15070654,4.341766
16347,16.347,0.14309847,4.353749
16348,16.348,0.13951586,4.336717
16349,16.349,0.13889045,4.3633037
16350,16.35,0.13294631,4.401065
16351,16.351,0.13358621,4.3550935
16352,16.352,0.14663005,4.388386
16353,16.353,0.15030837,4.361204
16354,16.354,0.1574523,4.3394704
16355,16.355,0.14817572,4.3337636
16356,16.356,0.13858622,4.3172326
16357,16.357,0.14626622,4.411985
16358,16.358,0.1467303,4.428356
16359,16.359,0.14282906,4.4016275
16360,16.36,0.12928657,4.370347
16361,16.361,0.12599866,4.314615
16362,16.362,0.12618263,4.286914
16363,16.363,0.13737915,4.3174953
16364,16.364,0.124669775,4.304408
16365,16.365,0.12891436,4.2803836
16366,16.366,0.14225757,4.273243
16367,16.367,0.13287687,4.3470407
16368,16.368,0.13443284,4.321708
16369,16.369,0.12221903,4.3106694
16370,16.37,0.1328954,4.3204236
16371,16.371,0.1316754,4.2825465
16372,16.372,0.12714878,4.277431
16373,16.373,0.14677684,4.3204684
16374,16.374,0.13854714,4.336507
16375,16.375,0.14817987,4.3344183
16376,16.376,0.1429479,4.3685718
16377,16.377,0.14768119,4.379725
16378,16.378,0.14616607,4.375988
16379,16.379,0.15612315,4.3235526
16380,16.38,0.15716209,4.3384204
16381,16.381,0.1559469,4.297874
16382,16.382,0.15549766,4.2847047
16383,16.383,0.15113501,4.324565
16384,16.384,0.16717456,4.3169093
16385,16.385,0.1611898,4.2923
16386,16.386,0.15613577,4.3086896
16387,16.387,0.15962097,4.341928
16388,16.388,0.16951984,4.3297467
16389,16.389,0.16013473,4.3072386
16390,16.39,0.17108455,4.321889
16391,16.391,0.16975668,4.3336205
16392,16.392,0.14807396,4.292315
16393,16.393,0.1600844,4.3308473
16394,16.394,0.15079756,4.341353
16395,16.395,0.16117413,4.3243604
16396,16.396,0.16664594,4.3171463
16397,16.397,0.1595458,4.3277974
16398,16.398,0.17246929,4.3073893
16399,16.399,0.15673359,4.3231764
16400,16.4,0.17330454,4.344108
16401,16.401,0.17420962,4.3143253
16402,16.402,0.17291749,4.3671174
16403,16.403,0.17965052,4.325048
16404,16.404,0.17160594,4.3457
16405,16.405,0.16156876,4.306185
16406,16.406,0.16924487,4.3107285
16407,16.407,0.16908519,4.374972
16408,16.408,0.17110686,4.331669
16409,16.409,0.17293563,4.327925
16410,16.41,0.17814447,4.363307
16411,16.411,0.16932592,4.3265986
16412,16.412,0.17051901,4.3374667
16413,16.413,0.17607607,4.312952
16414,16.414,0.17998105,4.3300405
16415,16.415,0.17160416,4.396191
16416,16.416,0.1661949,4.346712
16417,16.417,0.15733306,4.3454175
16418,16.418,0.1595184,4.327432
16419,16.419,0.15781178,4.307561
16420,16.42,0.16585842,4.2853994
16421,16.421,0.17867453,4.3135667
16422,16.422,0.15744019,4.328581
16423,16.423,0.16365246,4.3111196
16424,16.424,0.14596134,4.304227
16425,16.425,0.1505836,4.3086014
16426,16.426,0.14236349,4.338505
16427,16.427,0.1562181,4.3531065
16428,16.428,0.15207292,4.3564787
16429,16.429,0.16327229,4.4133787
16430,16.43,0.16179861,4.360752
16431,16.431,0.17355502,4.362617
16432,16.432,0.16818437,4.3796315
16433,16.433,0.15981667,4.408729
16434,16.434,0.16687176,4.436863
16435,16.435,0.17830154,4.432827
16436,16.436,0.17075698,4.4441695
16437,16.437,0.16276541,4.477655
16438,16.438,0.17169018,4.411145
16439,16.439,0.16381818,4.4569135
16440,16.44,0.16800757,4.362601
16441,16.441,0.16424017,4.400337
16442,16.442,0.16222206,4.414435
16443,16.443,0.15698816,4.3605065
16444,16.444,0.16815253,4.397145
16445,16.445,0.16406325,4.3944464
16446,16.446,0.1602515,4.4256167
16447,16.447,0.17742047,4.374517
16448,16.448,0.1574308,4.3881063
16449,16.449,0.16897053,4.3839893
16450,16.45,0.17295983,4.384555
16451,16.451,0.16238582,4.3475657
16452,16.452,0.16587585,4.3145514
16453,16.453,0.16472794,4.308939
16454,16.454,0.16441353,4.3533955
16455,16.455,0.16910884,4.3722544
16456,16.456,0.14961211,4.318093
16457,16.457,0.1638441,4.3230724
16458,16.458,0.16652112,4.346242
16459,16.459,0.167916,4.3143444
16460,16.46,0.16760461,4.314341
16461,16.461,0.1447278,4.333443
16462,16.462,0.14871827,4.297748
16463,16.463,0.16494556,4.322598
16464,16.464,0.15889078,4.334324
16465,16.465,0.16322896,4.3133698
16466,16.466,0.15351251,4.33236
16467,16.467,0.14832845,4.3178926
16468,16.468,0.15208748,4.3540974
16469,16.469,0.14684515,4.348654
16470,16.47,0.15430525,4.324874
16471,16.471,0.15686701,4.332602
16472,16.472,0.15919022,4.3423977
16473,16.473,0.16431507,4.34775
16474,16.474,0.15787181,4.3940806
16475,16.475,0.15448259,4.355114
16476,16.476,0.14731786,4.372205
16477,16.477,0.15862337,4.2994075
16478,16.478,0.151544,4.3344216
16479,16.479,0.16068515,4.3815713
16480,16.48,0.15243661,4.353006
16481,16.481,0.14862764,4.3952694
16482,16.482,0.14429308,4.341108
16483,16.483,0.15239301,4.327469
16484,16.484,0.15230942,4.3324876
16485,16.485,0.14982909,4.353853
16486,16.486,0.13550594,4.3412294
16487,16.487,0.15831548,4.3356805
16488,16.488,0.15179916,4.3570004
16489,16.489,0.15293026,4.348524
16490,16.49,0.15048796,4.34255
16491,16.491,0.16679652,4.39885
16492,16.492,0.16186135,4.3110237
16493,16.493,0.15487479,4.31125
16494,16.494,0.16568917,4.3214455
16495,16.495,0.1564389,4.328294
16496,16.496,0.16080725,4.364838
16497,16.497,0.16073415,4.3533497
16498,16.498,0.1436529,4.3735123
16499,16.499,0.16613936,4.3500977
16500,16.5,0.14624435,4.3031626
16501,16.501,0.15627047,4.3190384
16502,16.502,0.16792846,4.3535132
16503,16.503,0.15483546,4.3360243
16504,16.504,0.15434591,4.271704
16505,16.505,0.1526911,4.3033524
16506,16.506,0.13998476,4.3363786
16507,16.507,0.15947366,4.305487
16508,16.508,0.1611184,4.354187
16509,16.509,0.16032252,4.327134
16510,16.51,0.16611788,4.3232074
16511,16.511,0.15779033,4.3397956
16512,16.512,0.1717862,4.3446226
16513,16.513,0.17024167,4.3790965
16514,16.514,0.15404905,4.3519087
16515,16.515,0.13870382,4.2989774
16516,16.516,0.15472017,4.3255043
16517,16.517,0.14856428,4.3153133
16518,16.518,0.15442641,4.3225894
16519,16.519,0.14428711,4.30532
16520,16.52,0.14887044,4.307307
16521,16.521,0.15392038,4.328522
16522,16.522,0.15152167,4.288833
16523,16.523,0.1514965,4.324929
16524,16.524,0.14819773,4.325467
16525,16.525,0.15423027,4.329051
16526,16.526,0.15059096,4.356404
16527,16.527,0.13013329,4.3383417
16528,16.528,0.13977493,4.3252645
16529,16.529,0.1520709,4.377843
16530,16.53,0.14339784,4.4085145
16531,16.531,0.14841098,4.409181
16532,16.532,0.14956398,4.46737
16533,16.533,0.16582131,4.413278
16534,16.534,0.17452332,4.481814
16535,16.535,0.16588326,4.434433
16536,16.536,0.16635144,4.4946218
16537,16.537,0.1657122,4.4802914
16538,16.538,0.15502489,4.4514937
16539,16.539,0.15531355,4.435146
16540,16.54,0.15253346,4.4133625
16541,16.541,0.14079903,4.414663
16542,16.542,0.14709467,4.4270253
16543,16.543,0.13935171,4.4075346
16544,16.544,0.1489039,4.4338427
16545,16.545,0.13805065,4.424987
16546,16.546,0.13568382,4.455915
16547,16.547,0.13077143,4.4697886
16548,16.548,0.14181139,4.532063
16549,16.549,0.13617313,4.57202
16550,16.55,0.14686736,4.6054063
16551,16.551,0.13679254,4.5580645
16552,16.552,0.13961373,4.5899506
16553,16.553,0.14804694,4.6130543
16554,16.554,0.14663173,4.602635
16555,16.555,0.15761048,4.598491
16556,16.556,0.157193,4.655635
16557,16.557,0.1449644,4.6441545
16558,16.558,0.1578991,4.6328945
16559,16.559,0.15406463,4.6012115
16560,16.56,0.15221526,4.606132
16561,16.561,0.16467603,4.582611
16562,16.562,0.1521534,4.577709
16563,16.563,0.15881643,4.5595713
16564,16.564,0.15342471,4.604822
16565,16.565,0.14887787,4.587198
16566,16.566,0.16483174,4.5894723
16567,16.567,0.15902974,4.6001835
16568,16.568,0.14949568,4.5735674
16569,16.569,0.14240065,4.5374465
16570,16.57,0.15534762,4.5603337
16571,16.571,0.14752778,4.5994487
16572,16.572,0.14404897,4.609582
16573,16.573,0.14469591,4.586652
16574,16.574,0.13905735,4.603633
16575,16.575,0.15394437,4.56142
16576,16.576,0.14551848,4.616515
16577,16.577,0.14586225,4.5934114
16578,16.578,0.14634654,4.5759354
16579,16.579,0.15958898,4.5831285
16580,16.58,0.15173349,4.6014557
16581,16.581,0.1396415,4.589275
16582,16.582,0.145693,4.597395
16583,16.583,0.14195709,4.6193657
16584,16.584,0.15019207,4.530835
16585,16.585,0.15555067,4.6081495
16586,16.586,0.15092276,4.585081
16587,16.587,0.1400924,4.539851
16588,16.588,0.15435389,4.5806766
16589,16.589,0.14065474,4.5809727
16590,16.59,0.1402991,4.5875483
16591,16.591,0.13515086,4.578669
16592,16.592,0.14268683,4.5751443
16593,16.593,0.13999794,4.6197276
16594,16.594,0.14648774,4.586466
16595,16.595,0.13315764,4.6019907
16596,16.596,0.12472849,4.592259
16597,16.597,0.1303487,4.5684104
16598,16.598,0.14419456,4.5556765
16599,16.599,0.13799626,4.533472
16600,16.6,0.13380481,4.6119347
16601,16.601,0.14130764,4.5818644
16602,16.602,0.1458981,4.6303196
16603,16.603,0.14259496,4.6103344
16604,16.604,0.14688411,4.575924
16605,16.605,0.14266312,4.566444
16606,16.606,0.13211438,4.5610075
16607,16.607,0.15096027,4.5443625
16608,16.608,0.14074877,4.512334
16609,16.609,0.14524594,4.5978856
16610,16.61,0.13942543,4.620141
16611,16.611,0.15144856,4.631502
16612,16.612,0.14010513,4.593157
16613,16.613,0.13818786,4.604762
16614,16.614,0.14931735,4.586365
16615,16.615,0.13229263,4.6157436
16616,16.616,0.13383608,4.568724
16617,16.617,0.13456093,4.608829
16618,16.618,0.1407339,4.56524
16619,16.619,0.12809034,4.5865865
16620,16.62,0.14297932,4.6128945
16621,16.621,0.13355075,4.6062164
16622,16.622,0.13961022,4.6412616
16623,16.623,0.14281139,4.600803
16624,16.624,0.14133507,4.5755773
16625,16.625,0.1423704,4.54015
16626,16.626,0.14578757,4.537164
16627,16.627,0.14764869,4.529696
16628,16.628,0.14631459,4.544513
16629,16.629,0.14027497,4.5707397
16630,16.63,0.14256777,4.5333457
16631,16.631,0.15053047,4.5505357
16632,16.632,0.13841386,4.512119
16633,16.633,0.13768202,4.533116
16634,16.634,0.13963224,4.5803347
16635,16.635,0.14614882,4.558007
16636,16.636,0.14284241,4.55796
16637,16.637,0.14581415,4.496361
16638,16.638,0.14029077,4.4879336
16639,16.639,0.15411852,4.505296
16640,16.64,0.15277287,4.542189
16641,16.641,0.14136988,4.527478
16642,16.642,0.13778342,4.58243
16643,16.643,0.14698419,4.493807
16644,16.644,0.14595756,4.5420723
16645,16.645,0.15740618,4.5486283
16646,16.646,0.14180054,4.52581
16647,16.647,0.14826788,4.5165377
16648,16.648,0.14282002,4.518249
16649,16.649,0.13184026,4.513049
16650,16.65,0.1466053,4.557811
16651,16.651,0.15553088,4.53437
16652,16.652,0.14714694,4.4990816
16653,16.653,0.14260359,4.4802537
16654,16.654,0.13849917,4.540669
16655,16.655,0.1571198,4.5344543
16656,16.656,0.14637429,4.553209
16657,16.657,0.14026795,4.5833187
16658,16.658,0.15986593,4.591911
16659,16.659,0.15351652,4.549869
16660,16.66,0.1424663,4.616943
16661,16.661,0.14669718,4.5651875
16662,16.662,0.15298738,4.5359583
16663,16.663,0.1493458,4.56692
16664,16.664,0.14323942,4.5355206
16665,16.665,0.13633072,4.559683
16666,16.666,0.15192112,4.5774794
16667,16.667,0.15147252,4.556514
16668,16.668,0.15427254,4.585334
16669,16.669,0.15042827,4.5743732
16670,16.67,0.15059914,4.5821457
16671,16.671,0.13532056,4.5598507
16672,16.672,0.14648816,4.5497518
16673,16.673,0.1437317,4.5278425
16674,16.674,0.14255741,4.569836
16675,16.675,0.1453099,4.5114098
16676,16.676,0.16390905,4.523006
16677,16.677,0.15777123,4.5719047
16678,16.678,0.16578867,4.6253815
16679,16.679,0.1711144,4.541498
16680,16.68,0.16491348,4.576952
16681,16.681,0.17508473,4.552869
16682,16.682,0.17138278,4.608362
16683,16.683,0.18248245,4.5672894
16684,16.684,0.17656565,4.696838
16685,16.685,0.16514201,4.6489706
16686,16.686,0.1642323,4.6556816
16687,16.687,0.17012127,4.616906
16688,16.688,0.1677679,4.6048155
16689,16.689,0.19392113,4.618842
16690,16.69,0.16541898,4.596824
16691,16.691,0.1598948,4.595752
16692,16.692,0.1627881,4.625047
16693,16.693,0.15876527,4.608585
16694,16.694,0.15936714,4.6091976
16695,16.695,0.15692505,4.592164
16696,16.696,0.15830499,4.5922737
16697,16.697,0.16442886,4.560615
16698,16.698,0.17627305,4.607731
16699,16.699,0.16126536,4.6106873
16700,16.7,0.16743566,4.6277857
16701,16.701,0.15791468,4.6602483
16702,16.702,0.16355543,4.6648564
16703,16.703,0.16439556,4.6390963
16704,16.704,0.16561636,4.6334558
16705,16.705,0.15482035,4.5567155
16706,16.706,0.15125139,4.5677767
16707,16.707,0.14406863,4.6663713
16708,16.708,0.14778988,4.632341
16709,16.709,0.15936057,4.5811477
16710,16.71,0.14844164,4.534951
16711,16.711,0.16118713,4.479413
16712,16.712,0.16127604,4.515882
16713,16.713,0.16922341,4.5764394
16714,16.714,0.15480168,4.542627
16715,16.715,0.1590572,4.556752
16716,16.716,0.1538996,4.5168786
16717,16.717,0.14176452,4.54001
16718,16.718,0.14184739,4.585076
16719,16.719,0.14976625,4.528312
16720,16.72,0.1498956,4.529196
16721,16.721,0.1472485,4.542385
16722,16.722,0.16273177,4.5656667
16723,16.723,0.15526125,4.560215
16724,16.724,0.18082958,4.6145835
16725,16.725,0.17597786,4.5651
16726,16.726,0.1689658,4.5628104
16727,16.727,0.15938374,4.628344
16728,16.728,0.16434503,4.6001515
16729,16.729,0.16183169,4.5699034
16730,16.73,0.17910892,4.620289
16731,16.731,0.1810479,4.610593
16732,16.732,0.1874255,4.6092353
16733,16.733,0.17402941,4.60701
16734,16.734,0.17880465,4.5685024
16735,16.735,0.16447301,4.5178466
16736,16.736,0.16670908,4.575108
16737,16.737,0.15823735,4.57972
16738,16.738,0.16375846,4.561824
16739,16.739,0.18124184,4.596419
16740,16.74,0.16644202,4.64176
16741,16.741,0.1722294,4.619753
16742,16.742,0.16497837,4.6079087
16743,16.743,0.17089097,4.6248145
16744,16.744,0.16256078,4.5753617
16745,16.745,0.16940147,4.5378036
16746,16.746,0.16971028,4.5233235
16747,16.747,0.16897345,4.543402
16748,16.748,0.17221867,4.4923882
16749,16.749,0.16706853,4.5097284
16750,16.75,0.16453622,4.546772
16751,16.751,0.16303886,4.533105
16752,16.752,0.16449957,4.588207
16753,16.753,0.18050401,4.5608373
16754,16.754,0.19471778,4.561445
16755,16.755,0.18901582,4.5652533
16756,16.756,0.18363932,4.596954
16757,16.757,0.18637535,4.627328
16758,16.758,0.18651527,4.59477
16759,16.759,0.18645127,4.5570207
16760,16.76,0.18677504,4.551461
16761,16.761,0.18443868,4.585218
16762,16.762,0.18414322,4.552662
16763,16.763,0.17272596,4.6666574
16764,16.764,0.17911957,4.575839
16765,16.765,0.1617621,4.574527
16766,16.766,0.15816578,4.570514
16767,16.767,0.16683894,4.584637
16768,16.768,0.17584564,4.546917
16769,16.769,0.16959423,4.5662136
16770,16.77,0.1779212,4.6184735
16771,16.771,0.17555429,4.589154
16772,16.772,0.17433178,4.56132
16773,16.773,0.168827,4.5604696
16774,16.774,0.189008,4.5774446
16775,16.775,0.18487284,4.5304723
16776,16.776,0.18271899,4.5845385
16777,16.777,0.1864869,4.621454
16778,16.778,0.17040856,4.5494995
16779,16.779,0.17137669,4.606508
16780,16.78,0.17736843,4.6212025
16781,16.781,0.17712858,4.523419
16782,16.782,0.16262625,4.568824
16783,16.783,0.16909392,4.5669656
16784,16.784,0.15955041,4.5756555
16785,16.785,0.1530915,4.6108713
16786,16.786,0.16842784,4.6081314
16787,16.787,0.16495489,4.5748615
16788,16.788,0.18125814,4.5413275
16789,16.789,0.17774856,4.595178
16790,16.79,0.16244416,4.610275
16791,16.791,0.16481644,4.567197
16792,16.792,0.16818656,4.556109
16793,16.793,0.16315807,4.5589952
16794,16.794,0.16205548,4.53894
16795,16.795,0.15427135,4.538405
16796,16.796,0.16069128,4.5166664
16797,16.797,0.1644427,4.5214443
16798,16.798,0.15100184,4.4985976
16799,16.799,0.1596364,4.540032
16800,16.8,0.14124884,4.498908
16801,16.801,0.1413355,4.5215344
16802,16.802,0.15087913,4.4820046
16803,16.803,0.16214618,4.5519614
16804,16.804,0.15866448,4.584861
16805,16.805,0.15734753,4.5319037
16806,16.806,0.15920839,4.5882554
16807,16.807,0.16371335,4.555485
16808,16.808,0.15317146,4.5144835
16809,16.809,0.16142628,4.584114
16810,16.81,0.16371974,4.5800776
16811,16.811,0.15686034,4.5099893
16812,16.812,0.17075121,4.5202107
16813,16.813,0.17389819,4.4965353
16814,16.814,0.17239043,4.540149
16815,16.815,0.18851875,4.535207
16816,16.816,0.16335706,4.527877
16817,16.817,0.16286178,4.523683
16818,16.818,0.16634293,4.557484
16819,16.819,0.16143428,4.511045
16820,16.82,0.16960874,4.5372977
16821,16.821,0.16097896,4.5813856
16822,16.822,0.14466827,4.520976
16823,16.823,0.13816336,4.5031104
16824,16.824,0.14118567,4.5525055
16825,16.825,0.1445619,4.5325103
16826,16.826,0.16285875,4.515667
16827,16.827,0.15911986,4.502663
16828,16.828,0.15622598,4.5057917
16829,16.829,0.15992866,4.506039
16830,16.83,0.14768869,4.523371
16831,16.831,0.1509411,4.52688
16832,16.832,0.1450081,4.486498
16833,16.833,0.15388161,4.524656
16834,16.834,0.15245438,4.4970345
16835,16.835,0.15796182,4.5210543
16836,16.836,0.14373213,4.545167
16837,16.837,0.142213,4.5035124
16838,16.838,0.14922586,4.5377126
16839,16.839,0.12960978,4.518771
16840,16.84,0.13740377,4.550363
16841,16.841,0.15217403,4.500264
16842,16.842,0.15607192,4.5000677
16843,16.843,0.15483189,4.569729
16844,16.844,0.15737568,4.5232573
16845,16.845,0.15562502,4.519207
16846,16.846,0.15353777,4.4781218
16847,16.847,0.1518956,4.494361
16848,16.848,0.16182789,4.5181494
16849,16.849,0.14690086,4.5379953
16850,16.85,0.14657088,4.53616
16851,16.851,0.14721467,4.6507506
16852,16.852,0.15384842,4.5516677
16853,16.853,0.15343234,4.5048976
16854,16.854,0.15441287,4.488375
16855,16.855,0.15472654,4.459719
16856,16.856,0.15636298,4.4981813
16857,16.857,0.15945515,4.488702
16858,16.858,0.14798251,4.542459
16859,16.859,0.15918133,4.501198
16860,16.86,0.14718665,4.4804997
16861,16.861,0.14948703,4.5127296
16862,16.862,0.14722887,4.4653096
16863,16.863,0.1478856,4.498932
16864,16.864,0.14263982,4.467657
16865,16.865,0.1433017,4.5275674
16866,16.866,0.15000638,4.5291257
16867,16.867,0.15973195,4.5564885
16868,16.868,0.1624756,4.5724287
16869,16.869,0.15910129,4.538223
16870,16.87,0.14670682,4.542497
16871,16.871,0.1353942,4.5090632
16872,16.872,0.1438682,4.489612
16873,16.873,0.15369597,4.5498853
16874,16.874,0.15154643,4.5526967
16875,16.875,0.15719222,4.5276394
16876,16.876,0.16013166,4.519198
16877,16.877,0.15413888,4.54047
16878,16.878,0.16284251,4.5524654
16879,16.879,0.15133354,4.5322886
16880,16.88,0.15590152,4.5034103
16881,16.881,0.14788851,4.518077
16882,16.882,0.1542897,4.5333524
16883,16.883,0.15942156,4.5067573
16884,16.884,0.1596518,4.5337453
16885,16.885,0.16229486,4.5245147
16886,16.886,0.16515021,4.515852
16887,16.887,0.14878651,4.5141253
16888,16.888,0.16235438,4.5415616
16889,16.889,0.17435685,4.5692964
16890,16.89,0.16550562,4.5466266
16891,16.891,0.15737413,4.528432
16892,16.892,0.15441845,4.501287
16893,16.893,0.15340225,4.558331
16894,16.894,0.14327636,4.567528
16895,16.895,0.1376266,4.568623
16896,16.896,0.14178579,4.50619
16897,16.897,0.16110924,4.561601
16898,16.898,0.160344,4.563185
16899,16.899,0.1609327,4.5339823
16900,16.9,0.1583656,4.5596204
16901,16.901,0.16665998,4.572946
16902,16.902,0.1834231,4.5552564
16903,16.903,0.16375694,4.504662
16904,16.904,0.1676762,4.5437846
16905,16.905,0.18599896,4.520671
16906,16.906,0.17498313,4.539139
16907,16.907,0.18106522,4.547463
16908,16.908,0.17779875,4.5544443
16909,16.909,0.16530922,4.54792
16910,16.91,0.16985995,4.5677786
16911,16.911,0.16637473,4.5366983
16912,16.912,0.1643484,4.4835806
16913,16.913,0.15441129,4.501784
16914,16.914,0.14653267,4.5172
16915,16.915,0.16935171,4.526595
16916,16.916,0.16327833,4.518212
16917,16.917,0.17183419,4.538767
16918,16.918,0.15090686,4.523383
16919,16.919,0.13212882,4.5072446
16920,16.92,0.13804397,4.517433
16921,16.921,0.14368075,4.5145583
16922,16.922,0.15007651,4.529811
16923,16.923,0.13610579,4.5431795
16924,16.924,0.1302023,4.5573125
16925,16.925,0.15333286,4.487761
16926,16.926,0.16610825,4.5659547
16927,16.927,0.14790973,4.524734
16928,16.928,0.16306981,4.5621505
16929,16.929,0.15446545,4.5630736
16930,16.93,0.14535561,4.551619
16931,16.931,0.14923947,4.5413704
16932,16.932,0.1440571,4.5359015
16933,16.933,0.13316828,4.5430775
16934,16.934,0.15551348,4.5188317
16935,16.935,0.1498492,4.490782
16936,16.936,0.13950044,4.5381665
16937,16.937,0.13580483,4.5449843
16938,16.938,0.13836673,4.523296
16939,16.939,0.15332523,4.525951
16940,16.94,0.13503791,4.468935
16941,16.941,0.14485739,4.4959803
16942,16.942,0.14208359,4.474918
16943,16.943,0.15113217,4.4782457
16944,16.944,0.15301874,4.474297
16945,16.945,0.15776889,4.548597
16946,16.946,0.1608937,4.475333
16947,16.947,0.15673909,4.511578
16948,16.948,0.17153387,4.527425
16949,16.949,0.15310356,4.528164
16950,16.95,0.16384071,4.5195484
16951,16.951,0.16705601,4.5077133
16952,16.952,0.16055068,4.4930177
16953,16.953,0.16774882,4.4987764
16954,16.954,0.14800288,4.526558
16955,16.955,0.1517124,4.519009
16956,16.956,0.1502576,4.5299325
16957,16.957,0.1574011,4.5008636
16958,16.958,0.14467208,4.522031
16959,16.959,0.14589979,4.497808
16960,16.96,0.16719185,4.528159
16961,16.961,0.1544993,4.584443
16962,16.962,0.1422195,4.5642085
16963,16.963,0.16902877,4.541579
16964,16.964,0.16870852,4.5775485
16965,16.965,0.16550711,4.5818496
16966,16.966,0.16878982,4.5523815
16967,16.967,0.15542246,4.5400305
16968,16.968,0.16335216,4.5759826
16969,16.969,0.152921,4.598658
16970,16.97,0.16374606,4.529079
16971,16.971,0.16309245,4.546832
16972,16.972,0.17380795,4.5056143
16973,16.973,0.15951726,4.517698
16974,16.974,0.1656498,4.491678
16975,16.975,0.16218185,4.543431
16976,16.976,0.17553397,4.4815273
16977,16.977,0.1845734,4.4942203
16978,16.978,0.1857116,4.5031238
16979,16.979,0.1822375,4.5113792
16980,16.98,0.19184901,4.481906
16981,16.981,0.18630072,4.47222
16982,16.982,0.18270619,4.4391947
16983,16.983,0.18572089,4.475507
16984,16.984,0.19203462,4.4475574
16985,16.985,0.1846014,4.4716053
16986,16.986,0.18867795,4.455051
16987,16.987,0.19103752,4.4765787
16988,16.988,0.18345697,4.433711
16989,16.989,0.19918725,4.4902897
16990,16.99,0.19774008,4.457385
16991,16.991,0.19297078,4.4316053
16992,16.992,0.1889253,4.450593
16993,16.993,0.19819383,4.4544816
16994,16.994,0.1867803,4.4092345
16995,16.995,0.1828967,4.4154344
16996,16.996,0.18320593,4.3949122
16997,16.997,0.17776345,4.4146757
16998,16.998,0.19533108,4.4409227
16999,16.999,0.18952228,4.4255066
17000,17.0,0.17242862,4.441734
17001,17.001,0.18356392,4.4199414
17002,17.002,0.17472063,4.445988
17003,17.003,0.16793469,4.416845
17004,17.004,0.16560113,4.4207964
17005,17.005,0.17612848,4.495138
17006,17.006,0.17593205,4.4286284
17007,17.007,0.18192054,4.4371095
17008,17.008,0.1699302,4.3954244
17009,17.009,0.16475073,4.445
17010,17.01,0.16214353,4.41895
17011,17.011,0.15536068,4.431681
17012,17.012,0.16208698,4.4024444
17013,17.013,0.15802763,4.41772
17014,17.014,0.16326213,4.469056
17015,17.015,0.17681463,4.4634137
17016,17.016,0.1824919,4.4591827
17017,17.017,0.17862666,4.449185
17018,17.018,0.16378437,4.461243
17019,17.019,0.16752934,4.460635
17020,17.02,0.16796252,4.374709
17021,17.021,0.15672143,4.40974
17022,17.022,0.15630709,4.391902
17023,17.023,0.17623779,4.379385
17024,17.024,0.17946307,4.395882
17025,17.025,0.17699444,4.3171535
17026,17.026,0.19071743,4.345453
17027,17.027,0.17887242,4.374512
17028,17.028,0.16769893,4.342647
17029,17.029,0.19277331,4.3630624
17030,17.03,0.1905315,4.3327885
17031,17.031,0.19311516,4.371465
17032,17.032,0.18908091,4.4419613
17033,17.033,0.1884613,4.4001093
17034,17.034,0.19443066,4.419488
17035,17.035,0.1999943,4.427264
17036,17.036,0.18529636,4.416797
17037,17.037,0.18680468,4.429204
17038,17.038,0.19495621,4.392799
17039,17.039,0.20771751,4.4447474
17040,17.04,0.20867118,4.4206095
17041,17.041,0.21503955,4.440148
17042,17.042,0.22002213,4.4030056
17043,17.043,0.21128607,4.4021854
17044,17.044,0.2069623,4.3880773
17045,17.045,0.20584983,4.384772
17046,17.046,0.1956301,4.362279
17047,17.047,0.20315528,4.4187193
17048,17.048,0.20520529,4.457643
17049,17.049,0.20042115,4.50051
17050,17.05,0.19599867,4.4689183
17051,17.051,0.20330757,4.444353
17052,17.052,0.20026453,4.456975
17053,17.053,0.19895482,4.4836116
17054,17.054,0.18691827,4.4506793
17055,17.055,0.17135838,4.446074
17056,17.056,0.16222812,4.47046
17057,17.057,0.16066371,4.4445186
17058,17.058,0.1918721,4.4689407
17059,17.059,0.17292994,4.4990172
17060,17.06,0.17389394,4.510195
17061,17.061,0.17027743,4.5013967
17062,17.062,0.15914306,4.5469136
17063,17.063,0.14650412,4.5879483
17064,17.064,0.15554473,4.5987496
17065,17.065,0.14762868,4.566918
17066,17.066,0.15017118,4.57662
17067,17.067,0.15730648,4.565788
17068,17.068,0.15221202,4.5120063
17069,17.069,0.14387588,4.5214024
17070,17.07,0.14051427,4.498298
17071,17.071,0.14953724,4.5282035
17072,17.072,0.1526254,4.6138053
17073,17.073,0.16272269,4.612692
17074,17.074,0.16418096,4.584509
17075,17.075,0.16368404,4.6002383
17076,17.076,0.1575066,4.5290003
17077,17.077,0.15836367,4.4989552
17078,17.078,0.15212429,4.4691386
17079,17.079,0.16886927,4.4244184
17080,17.08,0.163103,4.5080614
17081,17.081,0.15044013,4.4982114
17082,17.082,0.14981307,4.4479017
17083,17.083,0.15430525,4.5024676
17084,17.084,0.15406543,4.4606075
17085,17.085,0.15369877,4.479723
17086,17.086,0.13662872,4.454757
17087,17.087,0.14570947,4.4542837
17088,17.088,0.14572932,4.494643
17089,17.089,0.1527471,4.4890246
17090,17.09,0.14857298,4.4360003
17091,17.091,0.14749901,4.502997
17092,17.092,0.14388528,4.586285
17093,17.093,0.15033293,4.504811
17094,17.094,0.14599338,4.4549327
17095,17.095,0.1409056,4.521846
17096,17.096,0.14821558,4.4785414
17097,17.097,0.1547317,4.5288486
17098,17.098,0.14996946,4.5502024
17099,17.099,0.15540543,4.560819
17100,17.1,0.15625945,4.6194973
17101,17.101,0.16006018,4.588516
17102,17.102,0.15014003,4.6166825
17103,17.103,0.14540724,4.5959044
17104,17.104,0.15471222,4.509281
17105,17.105,0.15348606,4.533634
17106,17.106,0.15192436,4.5387726
17107,17.107,0.14298879,4.5667667
17108,17.108,0.13128515,4.5365353
17109,17.109,0.14542459,4.5523314
17110,17.11,0.13633749,4.5635004
17111,17.111,0.13032699,4.585312
17112,17.112,0.13359267,4.5072117
17113,17.113,0.13556586,4.523141
17114,17.114,0.120462574,4.5680404
17115,17.115,0.13637675,4.5014405
17116,17.116,0.14192718,4.514763
17117,17.117,0.1415656,4.6052604
17118,17.118,0.1310736,4.5774817
17119,17.119,0.13141769,4.564452
17120,17.12,0.14342101,4.548101
17121,17.121,0.13570195,4.5679836
17122,17.122,0.13146357,4.5893583
17123,17.123,0.14324029,4.56697
17124,17.124,0.14087592,4.5881205
17125,17.125,0.13366081,4.5959506
17126,17.126,0.14432591,4.6619964
17127,17.127,0.14503653,4.6021657
17128,17.128,0.14607091,4.6524816
17129,17.129,0.14363149,4.5877337
17130,17.13,0.15645109,4.574085
17131,17.131,0.14952408,4.6050754
17132,17.132,0.15513241,4.592235
17133,17.133,0.15256451,4.617759
17134,17.134,0.15976161,4.5957656
17135,17.135,0.14366533,4.5032763
17136,17.136,0.15948793,4.540321
17137,17.137,0.1621572,4.536556
17138,17.138,0.15749957,4.605845
17139,17.139,0.17647502,4.6214895
17140,17.14,0.17251174,4.5722713
17141,17.141,0.17185782,4.6536565
17142,17.142,0.1652973,4.61411
17143,17.143,0.1712862,4.606158
17144,17.144,0.17255418,4.6242523
17145,17.145,0.17659213,4.6325293
17146,17.146,0.17276941,4.6770387
17147,17.147,0.17116438,4.649069
17148,17.148,0.1656472,4.6355844
17149,17.149,0.16957463,4.602201
17150,17.15,0.17175934,4.586564
17151,17.151,0.15835784,4.6319036
17152,17.152,0.16353475,4.596572
17153,17.153,0.15841183,4.5616217
17154,17.154,0.15118508,4.548223
17155,17.155,0.15438259,4.5507846
17156,17.156,0.14987548,4.5150094
17157,17.157,0.15933973,4.5384727
17158,17.158,0.17586383,4.5128207
17159,17.159,0.16889332,4.47936
17160,17.16,0.1726301,4.4749436
17161,17.161,0.1665636,4.518925
17162,17.162,0.16818985,4.53155
17163,17.163,0.17201707,4.470091
17164,17.164,0.176543,4.525286
17165,17.165,0.17852949,4.5139947
17166,17.166,0.17158408,4.4839053
17167,17.167,0.19100916,4.486176
17168,17.168,0.1857083,4.490812
17169,17.169,0.18371134,4.5666604
17170,17.17,0.17034608,4.5264425
17171,17.171,0.15870635,4.4937816
17172,17.172,0.16597708,4.5117755
17173,17.173,0.16815838,4.5209966
17174,17.174,0.16641688,4.494445
17175,17.175,0.1671834,4.5003147
17176,17.176,0.16877744,4.449174
17177,17.177,0.16349185,4.4858313
17178,17.178,0.15455186,4.4730477
17179,17.179,0.16687913,4.5209203
17180,17.18,0.1705605,4.480914
17181,17.181,0.16528502,4.4758105
17182,17.182,0.15839824,4.5085874
17183,17.183,0.15836367,4.5038733
17184,17.184,0.16744485,4.530769
17185,17.185,0.16300604,4.533893
17186,17.186,0.16336498,4.598362
17187,17.187,0.16020042,4.570484
17188,17.188,0.16064876,4.5123644
17189,17.189,0.17260765,4.619865
17190,17.19,0.16455941,4.5673003
17191,17.191,0.17171992,4.6097646
17192,17.192,0.16703796,4.6027246
17193,17.193,0.16570105,4.648295
17194,17.194,0.1752958,4.623495
17195,17.195,0.17513919,4.5925198
17196,17.196,0.16999248,4.5802684
17197,17.197,0.17322855,4.5919914
17198,17.198,0.17513989,4.5213394
17199,17.199,0.17574275,4.565829
17200,17.2,0.19616717,4.5490503
17201,17.201,0.17047028,4.5145144
17202,17.202,0.17338157,4.577489
17203,17.203,0.1778669,4.6179876
17204,17.204,0.1614156,4.5389423
17205,17.205,0.17289934,4.5976114
17206,17.206,0.15479134,4.54453
17207,17.207,0.1544559,4.603297
17208,17.208,0.161281,4.5252905
17209,17.209,0.16116345,4.580083
17210,17.21,0.14949238,4.554568
17211,17.211,0.15835512,4.5235662
17212,17.212,0.14125538,4.501976
17213,17.213,0.14548592,4.584233
17214,17.214,0.14641926,4.640297
17215,17.215,0.15287593,4.6247406
17216,17.216,0.14813918,4.5465646
17217,17.217,0.13445985,4.584284
17218,17.218,0.15060322,4.5957236
17219,17.219,0.15296043,4.6010475
17220,17.22,0.16208053,4.5549545
17221,17.221,0.15655015,4.5834355
17222,17.222,0.15055622,4.6242948
17223,17.223,0.15154156,4.634268
17224,17.224,0.17273664,4.572487
17225,17.225,0.16963667,4.642479
17226,17.226,0.15075389,4.663888
17227,17.227,0.15040086,4.5692525
17228,17.228,0.14985044,4.6264215
17229,17.229,0.1495002,4.5578628
17230,17.23,0.14867854,4.6099706
17231,17.231,0.15998675,4.5555634
17232,17.232,0.15755932,4.5392146
17233,17.233,0.16411537,4.6087084
17234,17.234,0.15898757,4.598942
17235,17.235,0.15677442,4.590705
17236,17.236,0.16050355,4.582414
17237,17.237,0.16312602,4.604423
17238,17.238,0.17187142,4.5936728
17239,17.239,0.18792415,4.6102033
17240,17.24,0.17282388,4.6484838
17241,17.241,0.18324657,4.5704017
17242,17.242,0.16436562,4.480992
17243,17.243,0.16694179,4.466088
17244,17.244,0.17198594,4.5135727
17245,17.245,0.16718929,4.4775023
17246,17.246,0.17860219,4.568015
17247,17.247,0.16814741,4.5038266
17248,17.248,0.19098179,4.5313067
17249,17.249,0.17584005,4.4883904
17250,17.25,0.18721758,4.489413
17251,17.251,0.18024443,4.478964
17252,17.252,0.1837589,4.533464
17253,17.253,0.17830534,4.50998
17254,17.254,0.17625071,4.4539285
17255,17.255,0.19507073,4.456849
17256,17.256,0.18112196,4.5033712
17257,17.257,0.18392958,4.498595
17258,17.258,0.18055002,4.4546027
17259,17.259,0.18567583,4.451723
17260,17.26,0.18295085,4.4852605
17261,17.261,0.1886998,4.44105
17262,17.262,0.17205782,4.4621406
17263,17.263,0.1710101,4.4424577
17264,17.264,0.1680105,4.467805
17265,17.265,0.17429437,4.459762
17266,17.266,0.1680874,4.4480195
17267,17.267,0.17203996,4.4255795
17268,17.268,0.18134773,4.463193
17269,17.269,0.15807083,4.449788
17270,17.27,0.16712081,4.4906898
17271,17.271,0.17194766,4.4910975
17272,17.272,0.17532703,4.487964
17273,17.273,0.1646663,4.40595
17274,17.274,0.16560449,4.4633665
17275,17.275,0.17174643,4.492005
17276,17.276,0.1708816,4.463594
17277,17.277,0.18058988,4.5119457
17278,17.278,0.17698297,4.470131
17279,17.279,0.17426825,4.4847193
17280,17.28,0.17952581,4.4653563
17281,17.281,0.17371872,4.403772
17282,17.282,0.17186604,4.4349847
17283,17.283,0.17454094,4.4038057
17284,17.284,0.16995917,4.4293194
17285,17.285,0.16876431,4.4474626
17286,17.286,0.18085273,4.478869
17287,17.287,0.18278195,4.4880605
17288,17.288,0.1759023,4.4366374
17289,17.289,0.18629247,4.438946
17290,17.29,0.16292222,4.465623
17291,17.291,0.1867803,4.4965243
17292,17.292,0.17606175,4.4787803
17293,17.293,0.1636987,4.4346385
17294,17.294,0.17376724,4.4260683
17295,17.295,0.16603489,4.428703
17296,17.296,0.15928759,4.4657874
17297,17.297,0.15506934,4.494567
17298,17.298,0.16331676,4.4237456
17299,17.299,0.16823813,4.4755244
17300,17.3,0.19391257,4.511976
17301,17.301,0.1991956,4.4767485
17302,17.302,0.19397888,4.5081363
17303,17.303,0.19035739,4.4470353
17304,17.304,0.17006919,4.4975333
17305,17.305,0.1793849,4.4868307
17306,17.306,0.168199,4.496429
17307,17.307,0.17871894,4.5194306
17308,17.308,0.17608446,4.458479
17309,17.309,0.17490682,4.548364
17310,17.31,0.17606035,4.546319
17311,17.311,0.1803062,4.5353646
17312,17.312,0.18597282,4.543199
17313,17.313,0.18057252,4.540723
17314,17.314,0.17340143,4.5531206
17315,17.315,0.18486917,4.597805
17316,17.316,0.18551205,4.6004915
17317,17.317,0.19755766,4.5681653
17318,17.318,0.19318238,4.5341916
17319,17.319,0.16832186,4.514453
17320,17.32,0.16937314,4.522553
17321,17.321,0.16319314,4.502347
17322,17.322,0.16974942,4.535696
17323,17.323,0.18257347,4.5037417
17324,17.324,0.1855429,4.506804
17325,17.325,0.1746456,4.5206666
17326,17.326,0.17512092,4.488012
17327,17.327,0.15801907,4.4622626
17328,17.328,0.16010553,4.4906597
17329,17.329,0.16076247,4.4722476
17330,17.33,0.15051617,4.4170856
17331,17.331,0.1495072,4.4675503
17332,17.332,0.15909433,4.44836
17333,17.333,0.15625158,4.4294724
17334,17.334,0.17054318,4.4624214
17335,17.335,0.17777556,4.5146627
17336,17.336,0.16998233,4.467834
17337,17.337,0.15057012,4.4851036
17338,17.338,0.1469729,4.496781
17339,17.339,0.15667234,4.4864974
17340,17.34,0.16362576,4.4744987
17341,17.341,0.161252,4.5201874
17342,17.342,0.14797212,4.60636
17343,17.343,0.15145384,4.5569797
17344,17.344,0.1507294,4.51192
17345,17.345,0.15297893,4.5301647
17346,17.346,0.15363671,4.6172805
17347,17.347,0.13458745,4.5409446
17348,17.348,0.14588884,4.549554
17349,17.349,0.1478311,4.5403566
17350,17.35,0.13899362,4.542952
17351,17.351,0.14959277,4.5170364
17352,17.352,0.1479039,4.5678926
17353,17.353,0.1512335,4.5441813
17354,17.354,0.14703609,4.538918
17355,17.355,0.15602854,4.5137234
17356,17.356,0.14694148,4.489856
17357,17.357,0.152481,4.4976516
17358,17.358,0.1616038,4.4620247
17359,17.359,0.1515704,4.444866
17360,17.36,0.16379151,4.4578333
17361,17.361,0.17047569,4.41024
17362,17.362,0.15264958,4.419399
17363,17.363,0.15029609,4.415603
17364,17.364,0.15606679,4.461595
17365,17.365,0.16459492,4.464233
17366,17.366,0.16429785,4.436259
17367,17.367,0.15621613,4.4322786
17368,17.368,0.16426526,4.4417176
17369,17.369,0.1625797,4.443652
17370,17.37,0.15564042,4.436752
17371,17.371,0.15355179,4.453152
17372,17.372,0.15565743,4.49364
17373,17.373,0.15570168,4.518018
17374,17.374,0.16261414,4.4862747
17375,17.375,0.17651163,4.4684544
17376,17.376,0.16873404,4.4707956
17377,17.377,0.15103972,4.412117
17378,17.378,0.17946103,4.3971496
17379,17.379,0.16557327,4.4243755
17380,17.38,0.1680193,4.4353175
17381,17.381,0.1585415,4.447006
17382,17.382,0.1763254,4.481459
17383,17.383,0.16169249,4.4616714
17384,17.384,0.16583245,4.450806
17385,17.385,0.18032122,4.4529786
17386,17.386,0.1701954,4.4302087
17387,17.387,0.16998486,4.4857616
17388,17.388,0.15758158,4.3685336
17389,17.389,0.16075903,4.4256077
17390,17.39,0.15357783,4.4115863
17391,17.391,0.17026985,4.491179
17392,17.392,0.17148149,4.4978495
17393,17.393,0.15666293,4.5232553
17394,17.394,0.1475699,4.5288463
17395,17.395,0.16026032,4.4805346
17396,17.396,0.14457977,4.4705706
17397,17.397,0.14732538,4.4511304
17398,17.398,0.13758993,4.4126363
17399,17.399,0.14818694,4.4310875
17400,17.4,0.13541919,4.418179
17401,17.401,0.15072328,4.4020233
17402,17.402,0.15881449,4.486044
17403,17.403,0.14510481,4.418217
17404,17.404,0.13908789,4.499779
17405,17.405,0.15433395,4.4369307
17406,17.406,0.16474251,4.4597015
17407,17.407,0.17025757,4.4473476
17408,17.408,0.17784512,4.4160047
17409,17.409,0.17321754,4.4337
17410,17.41,0.16862899,4.4460125
17411,17.411,0.17725427,4.444596
17412,17.412,0.16250362,4.468681
17413,17.413,0.16976973,4.466913
17414,17.414,0.16319616,4.5269604
17415,17.415,0.15085956,4.5320735
17416,17.416,0.15181254,4.539561
17417,17.417,0.16044681,4.483552
17418,17.418,0.15516612,4.470248
17419,17.419,0.15251973,4.4941936
17420,17.42,0.16316599,4.571532
17421,17.421,0.1701502,4.5529566
17422,17.422,0.17333685,4.5394526
17423,17.423,0.17188215,4.4388103
17424,17.424,0.1825701,4.4512415
17425,17.425,0.1796423,4.471527
17426,17.426,0.19324924,4.500597
17427,17.427,0.1833986,4.612184
17428,17.428,0.17779426,4.5666814
17429,17.429,0.17755844,4.624329
17430,17.43,0.18083061,4.614411
17431,17.431,0.1773934,4.6809855
17432,17.432,0.18578845,4.574334
17433,17.433,0.19197501,4.5357704
17434,17.434,0.18884288,4.555596
17435,17.435,0.18534283,4.6260304
17436,17.436,0.16923505,4.596731
17437,17.437,0.16645053,4.598102
17438,17.438,0.1555289,4.5201845
17439,17.439,0.15659575,4.570182
17440,17.44,0.15442483,4.5503473
17441,17.441,0.16446179,4.5628676
17442,17.442,0.15984322,4.5328007
17443,17.443,0.16596003,4.5620317
17444,17.444,0.15532544,4.530164
17445,17.445,0.1578983,4.5496492
17446,17.446,0.16229638,4.5517225
17447,17.447,0.16059437,4.593021
17448,17.448,0.15856208,4.574787
17449,17.449,0.16940475,4.5442986
17450,17.45,0.15805137,4.5307913
17451,17.451,0.1595346,4.580178
17452,17.452,0.15741868,4.5392604
17453,17.453,0.15992212,4.556463
17454,17.454,0.14470229,4.51979
17455,17.455,0.1448918,4.545852
17456,17.456,0.14391778,4.5302815
17457,17.457,0.13690808,4.5216827
17458,17.458,0.13638532,4.5486007
17459,17.459,0.12542014,4.542109
17460,17.46,0.14419284,4.4901476
17461,17.461,0.13097216,4.5491586
17462,17.462,0.14099379,4.5954185
17463,17.463,0.13510169,4.5769343
17464,17.464,0.14220695,4.6090536
17465,17.465,0.14910541,4.58593
17466,17.466,0.13252264,4.5886054
17467,17.467,0.13344751,4.630978
17468,17.468,0.13217723,4.640908
17469,17.469,0.1432798,4.5583234
17470,17.47,0.14689626,4.630062
17471,17.471,0.14442308,4.6507177
17472,17.472,0.15678972,4.606393
17473,17.473,0.1452561,4.6208606
17474,17.474,0.15203407,4.5319138
17475,17.475,0.1433339,4.590406
17476,17.476,0.15081184,4.5855083
17477,17.477,0.15617399,4.5868053
17478,17.478,0.14615807,4.6444173
17479,17.479,0.15296203,4.609945
17480,17.48,0.14730908,4.5796714
17481,17.481,0.14616776,4.5676785
17482,17.482,0.14510947,4.5769444
17483,17.483,0.14170678,4.6201944
17484,17.484,0.15082163,4.5940185
17485,17.485,0.14550072,4.591887
17486,17.486,0.15006502,4.595724
17487,17.487,0.13963489,4.573558
17488,17.488,0.15259637,4.6261606
17489,17.489,0.14072865,4.6279306
17490,17.49,0.15222496,4.6551294
17491,17.491,0.13711016,4.641664
17492,17.492,0.13145468,4.56563
17493,17.493,0.12968098,4.5869613
17494,17.494,0.12931037,4.50934
17495,17.495,0.12230811,4.53202
17496,17.496,0.12795962,4.5508666
17497,17.497,0.13272908,4.554235
17498,17.498,0.12913658,4.5451927
17499,17.499,0.12927848,4.5713763
17500,17.5,0.1488572,4.550786
17501,17.501,0.12518592,4.580578
17502,17.502,0.13672055,4.539868
17503,17.503,0.12392529,4.5542536
17504,17.504,0.13310543,4.5274096
17505,17.505,0.13631809,4.552943
17506,17.506,0.14528152,4.5300684
17507,17.507,0.1499235,4.5157495
17508,17.508,0.14017625,4.5105615
17509,17.509,0.13150382,4.518572
17510,17.51,0.12022535,4.5047503
17511,17.511,0.12971322,4.5344334
17512,17.512,0.12651522,4.49971
17513,17.513,0.12408556,4.48781
17514,17.514,0.13081376,4.5068564
17515,17.515,0.13186452,4.5678
17516,17.516,0.14032848,4.52172
17517,17.517,0.11789051,4.539611
17518,17.518,0.13800295,4.477414
17519,17.519,0.12982465,4.470072
17520,17.52,0.13512628,4.5031123
17521,17.521,0.13563302,4.519109
17522,17.522,0.13306288,4.530818
17523,17.523,0.12943022,4.4995337
17524,17.524,0.13165064,4.5520897
17525,17.525,0.11863967,4.5067935
17526,17.526,0.12359967,4.5251274
17527,17.527,0.12829241,4.5619373
17528,17.528,0.13405472,4.559781
17529,17.529,0.14447121,4.5570254
17530,17.53,0.14072908,4.567515
17531,17.531,0.14365804,4.5471973
17532,17.532,0.14632972,4.553695
17533,17.533,0.1335337,4.540712
17534,17.534,0.14529803,4.5153937
17535,17.535,0.13879961,4.4926085
17536,17.536,0.15133803,4.5334125
17537,17.537,0.14254662,4.5835156
17538,17.538,0.166857,4.577295
17539,17.539,0.16129625,4.5339236
17540,17.54,0.16945994,4.5536103
17541,17.541,0.16735739,4.54072
17542,17.542,0.15540978,4.5292025
17543,17.543,0.17212111,4.6074023
17544,17.544,0.18241635,4.610737
17545,17.545,0.17665866,4.5498805
17546,17.546,0.18674275,4.552299
17547,17.547,0.1867299,4.5706916
17548,17.548,0.17786415,4.5264845
17549,17.549,0.1687705,4.5512385
17550,17.55,0.16426939,4.516013
17551,17.551,0.16263004,4.544538
17552,17.552,0.16075252,4.566362
17553,17.553,0.15577556,4.483384
17554,17.554,0.1562311,4.5331473
17555,17.555,0.16406475,4.547587
17556,17.556,0.16069204,4.516646
17557,17.557,0.16905826,4.574762
17558,17.558,0.1606549,4.5146384
17559,17.559,0.1638088,4.512646
17560,17.56,0.16040193,4.5528135
17561,17.561,0.15451206,4.594334
17562,17.562,0.16635476,4.557977
17563,17.563,0.1515444,4.513651
17564,17.564,0.1769402,4.4181333
17565,17.565,0.18329793,4.421212
17566,17.566,0.16059284,4.408702
17567,17.567,0.16067405,4.4271245
17568,17.568,0.17173891,4.454915
17569,17.569,0.18390448,4.458561
17570,17.57,0.19729899,4.4330654
17571,17.571,0.20356947,4.4831095
17572,17.572,0.19385672,4.463194
17573,17.573,0.18619898,4.50428
17574,17.574,0.18544704,4.5706224
17575,17.575,0.19031407,4.5845375
17576,17.576,0.19673061,4.5222955
17577,17.577,0.20238395,4.507006
17578,17.578,0.17914326,4.3849382
17579,17.579,0.18637799,4.3453283
17580,17.58,0.17995712,4.3730116
17581,17.581,0.1725449,4.3748393
17582,17.582,0.17469704,4.380473
17583,17.583,0.17490998,4.426361
17584,17.584,0.17863183,4.408661
17585,17.585,0.17393994,4.4110303
17586,17.586,0.17147252,4.412599
17587,17.587,0.1775626,4.469031
17588,17.588,0.17671786,4.435468
17589,17.589,0.18022189,4.49041
17590,17.59,0.16413449,4.4367576
17591,17.591,0.15337738,4.5435786
17592,17.592,0.1592339,4.4733796
17593,17.593,0.16160342,4.486027
17594,17.594,0.16637437,4.477327
17595,17.595,0.1580218,4.498264
17596,17.596,0.16209875,4.4618883
17597,17.597,0.17275979,4.5081673
17598,17.598,0.17099966,4.4851727
17599,17.599,0.1618948,4.464051
17600,17.6,0.17241041,4.4883513
17601,17.601,0.17543264,4.459937
17602,17.602,0.16861987,4.4521403
17603,17.603,0.17741561,4.5003104
17604,17.604,0.16912994,4.3924294
17605,17.605,0.16959023,4.4021583
17606,17.606,0.1661875,4.393915
17607,17.607,0.17315146,4.4258714
17608,17.608,0.15983862,4.44132
17609,17.609,0.16710462,4.401672
17610,17.61,0.15153833,4.4672046
17611,17.611,0.14615765,4.4161825
17612,17.612,0.16071577,4.4060926
17613,17.613,0.15554552,4.482212
17614,17.614,0.17611696,4.4178157
17615,17.615,0.18125337,4.3969803
17616,17.616,0.17364007,4.3986115
17617,17.617,0.17617318,4.3633237
17618,17.618,0.17976384,4.3963895
17619,17.619,0.19016723,4.4055605
17620,17.62,0.17948742,4.4561563
17621,17.621,0.17319125,4.4626746
17622,17.622,0.16569363,4.392993
17623,17.623,0.16366336,4.4140024
17624,17.624,0.1659196,4.461383
17625,17.625,0.16562527,4.450662
17626,17.626,0.18745404,4.446962
17627,17.627,0.17350644,4.457417
17628,17.628,0.1779295,4.3953185
17629,17.629,0.17454623,4.404694
17630,17.63,0.15543948,4.4147105
17631,17.631,0.1558656,4.464976
17632,17.632,0.16312829,4.4910073
17633,17.633,0.17372227,4.5365753
17634,17.634,0.14949362,4.537372
17635,17.635,0.15744448,4.5231147
17636,17.636,0.14956933,4.5047517
17637,17.637,0.15561236,4.5740767
17638,17.638,0.16036242,4.562964
17639,17.639,0.1472694,4.5881095
17640,17.64,0.13699165,4.566295
17641,17.641,0.1458846,4.5102935
17642,17.642,0.15228114,4.531078
17643,17.643,0.17307362,4.522438
17644,17.644,0.16100417,4.5412903
17645,17.645,0.17148723,4.5307
17646,17.646,0.1808653,4.554087
17647,17.647,0.17597051,4.532436
17648,17.648,0.17972551,4.473731
17649,17.649,0.17558652,4.49485
17650,17.65,0.16427912,4.488751
17651,17.651,0.15672652,4.527599
17652,17.652,0.162686,4.5925736
17653,17.653,0.17212576,4.606243
17654,17.654,0.16328059,4.6042976
17655,17.655,0.1637111,4.5476294
17656,17.656,0.17953815,4.572289
17657,17.657,0.1813155,4.5694556
17658,17.658,0.18909326,4.5566297
17659,17.659,0.18436994,4.5990963
17660,17.66,0.17751165,4.5481954
17661,17.661,0.17368117,4.571243
17662,17.662,0.17399228,4.547978
17663,17.663,0.16220424,4.5659027
17664,17.664,0.16887692,4.5481067
17665,17.665,0.15610108,4.5708756
17666,17.666,0.15851627,4.5492263
17667,17.667,0.15544027,4.5958076
17668,17.668,0.18304265,4.5547194
17669,17.669,0.17063119,4.528744
17670,17.67,0.17609215,4.537296
17671,17.671,0.18479593,4.498672
17672,17.672,0.17693254,4.5087986
17673,17.673,0.17513075,4.497959
17674,17.674,0.17149872,4.494345
17675,17.675,0.17623605,4.557496
17676,17.676,0.17871068,4.568424
17677,17.677,0.18363664,4.5162506
17678,17.678,0.175116,4.5770893
17679,17.679,0.18187758,4.521106
17680,17.68,0.17159018,4.5384827
17681,17.681,0.17120571,4.514392
17682,17.682,0.17064884,4.573103
17683,17.683,0.1544539,4.514373
17684,17.684,0.16490713,4.472697
17685,17.685,0.1604307,4.4350824
17686,17.686,0.16864869,4.4023633
17687,17.687,0.16863301,4.434616
17688,17.688,0.17496169,4.43745
17689,17.689,0.1638775,4.420927
17690,17.69,0.17498912,4.4868407
17691,17.691,0.16491944,4.4479547
17692,17.692,0.17287621,4.450069
17693,17.693,0.16666293,4.420269
17694,17.694,0.17674676,4.423201
17695,17.695,0.16624932,4.4534597
17696,17.696,0.16111076,4.382144
17697,17.697,0.17168301,4.39963
17698,17.698,0.16342372,4.4740243
17699,17.699,0.15496773,4.4689984
17700,17.7,0.16363329,4.4833703
17701,17.701,0.15880984,4.4410377
17702,17.702,0.16080457,4.456564
17703,17.703,0.15945321,4.4774218
17704,17.704,0.17263366,4.4770837
17705,17.705,0.17512865,4.471451
17706,17.706,0.16952564,4.4554048
17707,17.707,0.16721615,4.437638
17708,17.708,0.16956411,4.387415
17709,17.709,0.16214429,4.4101725
17710,17.71,0.1771574,4.4925585
17711,17.711,0.16989146,4.410309
17712,17.712,0.17165937,4.383219
17713,17.713,0.18029802,4.339868
17714,17.714,0.18006307,4.3534775
17715,17.715,0.17795925,4.371288
17716,17.716,0.1907197,4.348863
17717,17.717,0.18614511,4.343811
17718,17.718,0.18228139,4.3600297
17719,17.719,0.19110417,4.3241787
17720,17.72,0.16443074,4.365357
17721,17.721,0.16632554,4.3423777
17722,17.722,0.15572737,4.3102803
17723,17.723,0.15497805,4.2729554
17724,17.724,0.15594137,4.288762
17725,17.725,0.1676472,4.2460704
17726,17.726,0.15903477,4.272461
17727,17.727,0.16182105,4.33522
17728,17.728,0.15343514,4.278153
17729,17.729,0.15495105,4.2950826
17730,17.73,0.16221827,4.278999
17731,17.731,0.14714944,4.258598
17732,17.732,0.14448187,4.2757897
17733,17.733,0.15395315,4.2821827
17734,17.734,0.14530651,4.3107557
17735,17.735,0.15065795,4.2486553
17736,17.736,0.17616132,4.290265
17737,17.737,0.15560643,4.2606134
17738,17.738,0.16196926,4.2969937
17739,17.739,0.15386802,4.291694
17740,17.74,0.15704419,4.3145423
17741,17.741,0.1488597,4.323683
17742,17.742,0.15341629,4.323579
17743,17.743,0.1556084,4.3083506
17744,17.744,0.14877783,4.3329935
17745,17.745,0.15661657,4.275735
17746,17.746,0.16000828,4.2508206
17747,17.747,0.16278544,4.302767
17748,17.748,0.15817085,4.3072114
17749,17.749,0.17686334,4.3413305
17750,17.75,0.1649299,4.354976
17751,17.751,0.16249074,4.321145
17752,17.752,0.16007325,4.280415
17753,17.753,0.16678472,4.2993393
17754,17.754,0.16374493,4.2578225
17755,17.755,0.17469844,4.224244
17756,17.756,0.18580005,4.2577815
17757,17.757,0.18135418,4.283476
17758,17.758,0.17080417,4.2895184
17759,17.759,0.17383131,4.326359
17760,17.76,0.17483822,4.2909307
17761,17.761,0.17184779,4.2483296
17762,17.762,0.18817674,4.2890096
17763,17.763,0.18492074,4.298273
17764,17.764,0.1887047,4.351355
17765,17.765,0.18400215,4.3063483
17766,17.766,0.18032701,4.328588
17767,17.767,0.17345713,4.3723993
17768,17.768,0.1877525,4.3298063
17769,17.769,0.18122894,4.3291674
17770,17.77,0.18352805,4.318341
17771,17.771,0.1796142,4.327046
17772,17.772,0.18402222,4.349367
17773,17.773,0.17907044,4.3717194
17774,17.774,0.18966831,4.314118
17775,17.775,0.19132395,4.3270917
17776,17.776,0.20363808,4.3313437
17777,17.777,0.18774725,4.313773
17778,17.778,0.1789522,4.351115
17779,17.779,0.18211018,4.3120213
17780,17.78,0.16993816,4.313123
17781,17.781,0.18079282,4.3656487
17782,17.782,0.16968346,4.3079453
17783,17.783,0.17216115,4.299131
17784,17.784,0.18038638,4.3686123
17785,17.785,0.18625283,4.3271365
17786,17.786,0.19308107,4.356397
17787,17.787,0.1867612,4.3718762
17788,17.788,0.17621335,4.3564453
17789,17.789,0.17455363,4.3482738
17790,17.79,0.17945382,4.3129225
17791,17.791,0.17482871,4.2789516
17792,17.792,0.1857391,4.3826137
17793,17.793,0.18082142,4.3360105
17794,17.794,0.17331271,4.337484
17795,17.795,0.16845267,4.328819
17796,17.796,0.17766686,4.3208423
17797,17.797,0.16087458,4.3386784
17798,17.798,0.15492167,4.3415246
17799,17.799,0.16794458,4.335811
17800,17.8,0.16385385,4.366228
17801,17.801,0.1645695,4.3039217
17802,17.802,0.16960548,4.299345
17803,17.803,0.16137405,4.3042216
17804,17.804,0.15946363,4.2727723
17805,17.805,0.15966491,4.2936993
17806,17.806,0.15134655,4.3010993
17807,17.807,0.15889233,4.3146806
17808,17.808,0.13503198,4.304577
17809,17.809,0.13430601,4.339292
17810,17.81,0.14641085,4.302616
17811,17.811,0.15597963,4.3191857
17812,17.812,0.16392106,4.311301
17813,17.813,0.1499194,4.340095
17814,17.814,0.17175934,4.329441
17815,17.815,0.164046,4.379658
17816,17.816,0.16357124,4.35455
17817,17.817,0.15756284,4.3827486
17818,17.818,0.16957936,4.341012
17819,17.819,0.16435775,4.2991714
17820,17.82,0.16579978,4.32807
17821,17.821,0.1733404,4.3377967
17822,17.822,0.17358372,4.330355
17823,17.823,0.17960805,4.3579416
17824,17.824,0.18408674,4.3443246
17825,17.825,0.17277724,4.2970014
17826,17.826,0.17462166,4.29029
17827,17.827,0.16063268,4.304356
17828,17.828,0.16474064,4.350325
17829,17.829,0.17034537,4.3011312
17830,17.83,0.16382268,4.342995
17831,17.831,0.16875118,4.3406615
17832,17.832,0.16448537,4.278398
17833,17.833,0.15140997,4.2994976
17834,17.834,0.15446228,4.30629
17835,17.835,0.15200736,4.312335
17836,17.836,0.15405664,4.288389
17837,17.837,0.16894941,4.273891
17838,17.838,0.1547659,4.315997
17839,17.839,0.15788583,4.328975
17840,17.84,0.17050168,4.3058314
17841,17.841,0.17402163,4.269978
17842,17.842,0.17631213,4.311563
17843,17.843,0.16687913,4.2756724
17844,17.844,0.17702642,4.31394
17845,17.845,0.17502357,4.310894
17846,17.846,0.1763055,4.271906
17847,17.847,0.18526447,4.3378906
17848,17.848,0.18322642,4.3429537
17849,17.849,0.17912953,4.3302774
17850,17.85,0.17084235,4.3000875
17851,17.851,0.17650187,4.270056
17852,17.852,0.15727165,4.2674694
17853,17.853,0.15225163,4.304122
17854,17.854,0.17444362,4.298195
17855,17.855,0.1768616,4.3329015
17856,17.856,0.1763383,4.3833194
17857,17.857,0.193233,4.3645134
17858,17.858,0.17389749,4.302645
17859,17.859,0.182198,4.2483683
17860,17.86,0.19094603,4.2643027
17861,17.861,0.18514687,4.2917995
17862,17.862,0.19948448,4.288932
17863,17.863,0.20196916,4.2874136
17864,17.864,0.19114923,4.3271384
17865,17.865,0.1823715,4.316991
17866,17.866,0.18698016,4.3006377
17867,17.867,0.17240043,4.316212
17868,17.868,0.17443164,4.33909
17869,17.869,0.19268297,4.287932
17870,17.87,0.19664897,4.3080816
17871,17.871,0.20737304,4.3211884
17872,17.872,0.20750265,4.3529515
17873,17.873,0.19687818,4.2789774
17874,17.874,0.19680315,4.3372254
17875,17.875,0.1959164,4.3141727
17876,17.876,0.189619,4.326896
17877,17.877,0.19023484,4.3402057
17878,17.878,0.18897024,4.3358107
17879,17.879,0.20046934,4.330021
17880,17.88,0.19000216,4.30122
17881,17.881,0.21284409,4.3346376
17882,17.882,0.21244392,4.331158
17883,17.883,0.19375831,4.3108463
17884,17.884,0.19979668,4.2971544
17885,17.885,0.19869891,4.319854
17886,17.886,0.20780575,4.3623295
17887,17.887,0.19808018,4.3539596
17888,17.888,0.1915306,4.367272
17889,17.889,0.19759037,4.3806763
17890,17.89,0.19890998,4.394314
17891,17.891,0.21062253,4.4215755
17892,17.892,0.19772172,4.3862324
17893,17.893,0.1886636,4.371148
17894,17.894,0.19548883,4.368846
17895,17.895,0.20312561,4.4226623
17896,17.896,0.20429297,4.3360934
17897,17.897,0.20352232,4.371227
17898,17.898,0.20313016,4.3553963
17899,17.899,0.19747137,4.3758273
17900,17.9,0.19783154,4.382124
17901,17.901,0.20354953,4.3333545
17902,17.902,0.20902382,4.3796406
17903,17.903,0.20934148,4.3686314
17904,17.904,0.19329412,4.363571
17905,17.905,0.19165105,4.3443613
17906,17.906,0.19776964,4.330079
17907,17.907,0.20070308,4.323607
17908,17.908,0.1984191,4.3533998
17909,17.909,0.1827685,4.357092
17910,17.91,0.18646215,4.3525405
17911,17.911,0.19323142,4.3460393
17912,17.912,0.19678345,4.3431525
17913,17.913,0.20573471,4.336665
17914,17.914,0.21102819,4.3926873
17915,17.915,0.19848357,4.3091345
17916,17.916,0.19959827,4.316882
17917,17.917,0.19702064,4.304518
17918,17.918,0.19216914,4.3056307
17919,17.919,0.19248745,4.293911
17920,17.92,0.1932954,4.2852383
17921,17.921,0.19245899,4.3681283
17922,17.922,0.19044302,4.3114753
17923,17.923,0.18028812,4.3508143
17924,17.924,0.18130429,4.378892
17925,17.925,0.19069001,4.3578205
17926,17.926,0.17883939,4.328804
17927,17.927,0.18973805,4.315806
17928,17.928,0.19165264,4.3268776
17929,17.929,0.18276142,4.338721
17930,17.93,0.1958693,4.338331
17931,17.931,0.20079748,4.360493
17932,17.932,0.19526336,4.305002
17933,17.933,0.18537934,4.3523545
17934,17.934,0.20806289,4.3161106
17935,17.935,0.18466371,4.338544
17936,17.936,0.17688039,4.3638988
17937,17.937,0.18042901,4.3527718
17938,17.938,0.17703997,4.3179803
17939,17.939,0.16162436,4.3291025
17940,17.94,0.15805332,4.29904
17941,17.941,0.156385,4.3294106
17942,17.942,0.15840523,4.334909
17943,17.943,0.17290646,4.3156934
17944,17.944,0.17713378,4.3194337
17945,17.945,0.1655086,4.2741084
17946,17.946,0.16350275,4.3304915
17947,17.947,0.16736288,4.3144646
17948,17.948,0.18644698,4.3245783
17949,17.949,0.16340941,4.3529496
17950,17.95,0.16466518,4.3358626
17951,17.951,0.16633108,4.316713
17952,17.952,0.1722701,4.306181
17953,17.953,0.16147467,4.288183
17954,17.954,0.16025226,4.2969594
17955,17.955,0.17858979,4.2964573
17956,17.956,0.16816936,4.327808
17957,17.957,0.16276807,4.3523946
17958,17.958,0.17768867,4.2935266
17959,17.959,0.16825166,4.3166676
17960,17.96,0.15471262,4.31662
17961,17.961,0.16478321,4.32455
17962,17.962,0.17202742,4.330757
17963,17.963,0.16352382,4.306693
17964,17.964,0.164079,4.3127885
17965,17.965,0.15580796,4.3473754
17966,17.966,0.16008325,4.2986293
17967,17.967,0.16919142,4.358379
17968,17.968,0.15102668,4.3315663
17969,17.969,0.15846892,4.334177
17970,17.97,0.15918288,4.3505263
17971,17.971,0.15609793,4.292143
17972,17.972,0.16404825,4.2864776
17973,17.973,0.15957317,4.3206735
17974,17.974,0.1717228,4.354786
17975,17.975,0.16208433,4.35812
17976,17.976,0.14291605,4.306642
17977,17.977,0.14780861,4.3555846
17978,17.978,0.14396395,4.351715
17979,17.979,0.15040699,4.315278
17980,17.98,0.15398073,4.292035
17981,17.981,0.15585415,4.338836
17982,17.982,0.14134377,4.370133
17983,17.983,0.14752194,4.3036666
17984,17.984,0.13976085,4.322635
17985,17.985,0.12202658,4.301273
17986,17.986,0.1328176,4.314124
17987,17.987,0.12065905,4.291656
17988,17.988,0.11856186,4.3140035
17989,17.989,0.12501723,4.361377
17990,17.99,0.13286252,4.3178525
17991,17.991,0.12979053,4.281075
17992,17.992,0.13629462,4.3374033
17993,17.993,0.14231119,4.326062
17994,17.994,0.13978066,4.293925
17995,17.995,0.13887893,4.319945
17996,17.996,0.13052936,4.305148
17997,17.997,0.12851714,4.258131
17998,17.998,0.12878543,4.2963834
17999,17.999,0.13087395,4.2946396
18000,18.0,0.12961738,4.307726
18001,18.001,0.123322584,4.285764
18002,18.002,0.10872333,4.2806664
18003,18.003,0.1334429,4.2993584
18004,18.004,0.14754905,4.2611504
18005,18.005,0.1223745,4.2648306
18006,18.006,0.13000414,4.31366
18007,18.007,0.13444383,4.317554
18008,18.008,0.13727878,4.3083515
18009,18.009,0.13749017,4.2613325
18010,18.01,0.14792803,4.291244
18011,18.011,0.1253156,4.2852974
18012,18.012,0.11607492,4.2351913
18013,18.013,0.12890673,4.2605615
18014,18.014,0.13170812,4.254887
18015,18.015,0.12394565,4.275422
18016,18.016,0.11391441,4.2693334
18017,18.017,0.123681776,4.302393
18018,18.018,0.12800048,4.3031917
18019,18.019,0.12971322,4.3027024
18020,18.02,0.1265337,4.2911797
18021,18.021,0.12414653,4.313056
18022,18.022,0.122827165,4.2999973
18023,18.023,0.12969568,4.3066974
18024,18.024,0.1367489,4.3427615
18025,18.025,0.14126496,4.2974534
18026,18.026,0.1492139,4.345836
18027,18.027,0.14716826,4.3138437
18028,18.028,0.14350635,4.2843566
18029,18.029,0.14134246,4.3062305
18030,18.03,0.13622192,4.299151
18031,18.031,0.1416108,4.277357
18032,18.032,0.13318722,4.3005214
18033,18.033,0.12199885,4.2537794
18034,18.034,0.13247621,4.300079
18035,18.035,0.13037467,4.262438
18036,18.036,0.12929752,4.3403416
18037,18.037,0.13182111,4.3687844
18038,18.038,0.13606374,4.39514
18039,18.039,0.11175507,4.3763623
18040,18.04,0.12121157,4.332399
18041,18.041,0.12187673,4.322245
18042,18.042,0.12733397,4.3258257
18043,18.043,0.13001077,4.2952104
18044,18.044,0.14543982,4.313537
18045,18.045,0.12353843,4.260321
18046,18.046,0.13011059,4.276996
18047,18.047,0.12467175,4.2793803
18048,18.048,0.13622734,4.304869
18049,18.049,0.118708104,4.2853055
18050,18.05,0.12671106,4.2433968
18051,18.051,0.14404982,4.279904
18052,18.052,0.13898212,4.3107357
18053,18.053,0.13833025,4.3192925
18054,18.054,0.13804173,4.2620993
18055,18.055,0.15393357,4.308079
18056,18.056,0.14869426,4.3242693
18057,18.057,0.13744228,4.2550764
18058,18.058,0.13504338,4.264347
18059,18.059,0.1361641,4.291521
18060,18.06,0.12792115,4.2809606
18061,18.061,0.12683578,4.2854223
18062,18.062,0.13028213,4.3214183
18063,18.063,0.13693774,4.333681
18064,18.064,0.118644856,4.3195457
18065,18.065,0.114003494,4.3233414
18066,18.066,0.12661925,4.314711
18067,18.067,0.1281787,4.276228
18068,18.068,0.12731947,4.320898
18069,18.069,0.13492897,4.32846
18070,18.07,0.11669134,4.3408327
18071,18.071,0.12275451,4.3596425
18072,18.072,0.120316915,4.3249173
18073,18.073,0.12249912,4.3475466
18074,18.074,0.13130201,4.322423
18075,18.075,0.12817678,4.34987
18076,18.076,0.1245577,4.372178
18077,18.077,0.13338755,4.3341002
18078,18.078,0.11514998,4.3035884
18079,18.079,0.12511119,4.2851477
18080,18.08,0.12231515,4.299057
18081,18.081,0.11946862,4.289788
18082,18.082,0.13558856,4.2835484
18083,18.083,0.12278809,4.254701
18084,18.084,0.12701079,4.27364
18085,18.085,0.12451719,4.2143207
18086,18.086,0.13565888,4.239333
18087,18.087,0.13640472,4.3011436
18088,18.088,0.13465099,4.2983356
18089,18.089,0.13109145,4.354923
18090,18.09,0.14307569,4.3325267
18091,18.091,0.13497958,4.330716
18092,18.092,0.13618216,4.3373404
18093,18.093,0.12957275,4.4053335
18094,18.094,0.12509447,4.3288107
18095,18.095,0.12614995,4.395948
18096,18.096,0.110507704,4.2892685
18097,18.097,0.093733594,4.2622194
18098,18.098,0.100859754,4.3020186
18099,18.099,0.10625859,4.3087587
18100,18.1,0.10421699,4.26416
18101,18.101,0.10938906,4.2794113
18102,18.102,0.10809733,4.2591987
18103,18.103,0.11265109,4.252859
18104,18.104,0.10446171,4.2964897
18105,18.105,0.12013524,4.305257
18106,18.106,0.108456455,4.276365
18107,18.107,0.110608436,4.286075
18108,18.108,0.11481983,4.312249
18109,18.109,0.11133531,4.2879405
18110,18.11,0.11321225,4.297378
18111,18.111,0.11311329,4.263097
18112,18.112,0.12501428,4.313277
18113,18.113,0.14566259,4.3081446
18114,18.114,0.14212991,4.3065686
18115,18.115,0.1333165,4.289294
18116,18.116,0.12770356,4.327611
18117,18.117,0.13015881,4.3226566
18118,18.118,0.13915908,4.3136697
18119,18.119,0.1412484,4.266655
18120,18.12,0.14399943,4.311625
18121,18.121,0.13050343,4.3349442
18122,18.122,0.14471972,4.3593
18123,18.123,0.13857555,4.3355055
18124,18.124,0.14834006,4.33475
18125,18.125,0.12238455,4.2927337
18126,18.126,0.1305666,4.31206
18127,18.127,0.13923334,4.3016424
18128,18.128,0.14670892,4.3547883
18129,18.129,0.13992453,4.3465395
18130,18.13,0.13614872,4.323978
18131,18.131,0.1332708,4.4084506
18132,18.132,0.13035107,4.319241
18133,18.133,0.12822813,4.3000216
18134,18.134,0.12609093,4.302958
18135,18.135,0.13326757,4.3307796
18136,18.136,0.13049589,4.3619184
18137,18.137,0.13206314,4.408146
18138,18.138,0.14319819,4.357392
18139,18.139,0.14184089,4.3147197
18140,18.14,0.14277004,4.343572
18141,18.141,0.14976254,4.3206925
18142,18.142,0.1441634,4.3175497
18143,18.143,0.14094883,4.2963037
18144,18.144,0.14303654,4.3224897
18145,18.145,0.13645929,4.315662
18146,18.146,0.13169877,4.3053093
18147,18.147,0.14963184,4.297405
18148,18.148,0.15380442,4.2738104
18149,18.149,0.14448398,4.2787595
18150,18.15,0.1501556,4.2745404
18151,18.151,0.1530911,4.288498
18152,18.152,0.15680464,4.315344
18153,18.153,0.14790931,4.295278
18154,18.154,0.14803988,4.33485
18155,18.155,0.1363208,4.3234925
18156,18.156,0.13071212,4.2545424
18157,18.157,0.15078695,4.262152
18158,18.158,0.14635453,4.2447877
18159,18.159,0.14446951,4.241699
18160,18.16,0.14101343,4.2887287
18161,18.161,0.14090125,4.2821574
18162,18.162,0.14853323,4.2970524
18163,18.163,0.14700806,4.29927
18164,18.164,0.15516056,4.360795
18165,18.165,0.15016094,4.339903
18166,18.166,0.1352287,4.3034434
18167,18.167,0.14311051,4.2851806
18168,18.168,0.13423085,4.304115
18169,18.169,0.1533148,4.2941318
18170,18.17,0.13591805,4.3434877
18171,18.171,0.14189424,4.261248
18172,18.172,0.14352907,4.27116
18173,18.173,0.13880181,4.27224
18174,18.174,0.15508838,4.304967
18175,18.175,0.15574515,4.2765594
18176,18.176,0.14571032,4.3002367
18177,18.177,0.12742864,4.3004413
18178,18.178,0.13852715,4.328398
18179,18.179,0.14171372,4.373722
18180,18.18,0.1444776,4.380937
18181,18.181,0.15291859,4.3560667
18182,18.182,0.14121182,4.307624
18183,18.183,0.15124692,4.262199
18184,18.184,0.15222052,4.325048
18185,18.185,0.15951416,4.2950845
18186,18.186,0.16281267,4.312037
18187,18.187,0.1566036,4.3349423
18188,18.188,0.15455148,4.3558927
18189,18.189,0.14800996,4.3523893
18190,18.19,0.16476828,4.3319125
18191,18.191,0.15262459,4.3668566
18192,18.192,0.15971346,4.3603225
18193,18.193,0.16348131,4.3636346
18194,18.194,0.15768072,4.341982
18195,18.195,0.16387112,4.370408
18196,18.196,0.15475516,4.3672757
18197,18.197,0.16067596,4.33834
18198,18.198,0.14598411,4.355057
18199,18.199,0.14678355,4.338559
18200,18.2,0.1503939,4.365082
18201,18.201,0.1540806,4.3416905
18202,18.202,0.16137595,4.3299885
18203,18.203,0.15808836,4.3971066
18204,18.204,0.1556677,4.4107676
18205,18.205,0.1562051,4.3633585
18206,18.206,0.15783244,4.3277216
18207,18.207,0.14143081,4.377942
18208,18.208,0.14045995,4.3655057
18209,18.209,0.15602933,4.339845
18210,18.21,0.16847421,4.3480196
18211,18.211,0.16668804,4.3135533
18212,18.212,0.16398972,4.3584676
18213,18.213,0.16803578,4.347504
18214,18.214,0.1706283,4.364977
18215,18.215,0.15083101,4.343757
18216,18.216,0.1665998,4.319913
18217,18.217,0.16924304,4.38417
18218,18.218,0.17572874,4.323725
18219,18.219,0.16037929,4.4040833
18220,18.22,0.16373214,4.381061
18221,18.221,0.16872238,4.3114085
18222,18.222,0.17137238,4.3150406
18223,18.223,0.1651584,4.3159394
18224,18.224,0.15883888,4.3113704
18225,18.225,0.14030129,4.3322043
18226,18.226,0.13104779,4.343359
18227,18.227,0.13742034,4.330722
18228,18.228,0.1347195,4.3628197
18229,18.229,0.136558,4.312953
18230,18.23,0.14843045,4.3135786
18231,18.231,0.13648362,4.3073664
18232,18.232,0.1337073,4.3178244
18233,18.233,0.14560471,4.3458548
18234,18.234,0.11818137,4.338496
18235,18.235,0.14207622,4.3829465
18236,18.236,0.13085702,4.3417645
18237,18.237,0.12572882,4.38761
18238,18.238,0.13975953,4.3001895
18239,18.239,0.13816425,4.314027
18240,18.24,0.14551975,4.324761
18241,18.241,0.14761493,4.319535
18242,18.242,0.14079247,4.296731
18243,18.243,0.12723053,4.315292
18244,18.244,0.121254206,4.2985926
18245,18.245,0.13396199,4.333744
18246,18.246,0.1268581,4.3443937
18247,18.247,0.12091426,4.343413
18248,18.248,0.12754592,4.3549047
18249,18.249,0.13715638,4.407603
18250,18.25,0.1360859,4.3543644
18251,18.251,0.13614014,4.352744
18252,18.252,0.15451683,4.3299503
18253,18.253,0.15951224,4.3458767
18254,18.254,0.15000392,4.3527236
18255,18.255,0.15337017,4.360106
18256,18.256,0.13161512,4.422695
18257,18.257,0.13653772,4.4087214
18258,18.258,0.1332491,4.373049
18259,18.259,0.13359773,4.431201
18260,18.26,0.14079596,4.361367
18261,18.261,0.13467795,4.401728
18262,18.262,0.14969474,4.4100156
18263,18.263,0.1427334,4.4415116
18264,18.264,0.13489978,4.3831606
18265,18.265,0.1297469,4.4072123
18266,18.266,0.1385085,4.3485866
18267,18.267,0.1391834,4.4229474
18268,18.268,0.15306257,4.413359
18269,18.269,0.14934167,4.397698
18270,18.27,0.13451749,4.3892016
18271,18.271,0.14126365,4.383991
18272,18.272,0.13283937,4.3436275
18273,18.273,0.14605406,4.327232
18274,18.274,0.14637387,4.3312936
18275,18.275,0.14055803,4.327941
18276,18.276,0.14575887,4.3307357
18277,18.277,0.15012406,4.3566422
18278,18.278,0.1396512,4.358826
18279,18.279,0.14145169,4.386077
18280,18.28,0.1509142,4.50799
18281,18.281,0.15874939,4.440121
18282,18.282,0.14488117,4.4453125
18283,18.283,0.14328709,4.3556542
18284,18.284,0.15331037,4.357055
18285,18.285,0.13037041,4.398776
18286,18.286,0.13658728,4.3166957
18287,18.287,0.13657016,4.348773
18288,18.288,0.14400071,4.3394094
18289,18.289,0.13734555,4.286429
18290,18.29,0.1324985,4.2826095
18291,18.291,0.13552229,4.2646036
18292,18.292,0.1340226,4.247497
18293,18.293,0.13482817,4.25853
18294,18.294,0.13243766,4.2471094
18295,18.295,0.14474608,4.285387
18296,18.296,0.135933,4.2619004
18297,18.297,0.12382844,4.281605
18298,18.298,0.12937316,4.2892337
18299,18.299,0.12414207,4.282722
18300,18.3,0.12696524,4.31401
18301,18.301,0.13100082,4.3042536
18302,18.302,0.1311698,4.346266
18303,18.303,0.14436896,4.3635173
18304,18.304,0.12669794,4.370772
18305,18.305,0.14530481,4.3439307
18306,18.306,0.13795033,4.3324466
18307,18.307,0.14174195,4.323174
18308,18.308,0.14377621,4.310638
18309,18.309,0.1431406,4.2644463
18310,18.31,0.13419968,4.291387
18311,18.311,0.15245034,4.324214
18312,18.312,0.15146765,4.2960763
18313,18.313,0.13960756,4.276353
18314,18.314,0.14207752,4.3386307
18315,18.315,0.12500246,4.2947106
18316,18.316,0.12745857,4.291066
18317,18.317,0.13269153,4.3103733
18318,18.318,0.13598503,4.3273997
18319,18.319,0.13960317,4.3626833
18320,18.32,0.12973505,4.317219
18321,18.321,0.12726389,4.2491755
18322,18.322,0.1341465,4.3067822
18323,18.323,0.13394591,4.32955
18324,18.324,0.14226319,4.34986
18325,18.325,0.13044213,4.293106
18326,18.326,0.14452189,4.288952
18327,18.327,0.13899495,4.2756023
18328,18.328,0.14232935,4.33135
18329,18.329,0.14146909,4.2803288
18330,18.33,0.14187731,4.3010945
18331,18.331,0.15084651,4.304847
18332,18.332,0.15454032,4.32102
18333,18.333,0.15470983,4.3071136
18334,18.334,0.15395436,4.3338404
18335,18.335,0.154379,4.3684945
18336,18.336,0.16313167,4.2910256
18337,18.337,0.15963948,4.3051972
18338,18.338,0.15833063,4.2807527
18339,18.339,0.1514709,4.269405
18340,18.34,0.14602077,4.281785
18341,18.341,0.15153873,4.233931
18342,18.342,0.14782318,4.281936
18343,18.343,0.14696243,4.231924
18344,18.344,0.15487678,4.265605
18345,18.345,0.1575191,4.266539
18346,18.346,0.14535688,4.237591
18347,18.347,0.15383402,4.2577586
18348,18.348,0.15479968,4.227796
18349,18.349,0.14945698,4.245202
18350,18.35,0.12659155,4.223099
18351,18.351,0.12866211,4.2508187
18352,18.352,0.13144954,4.202737
18353,18.353,0.12547459,4.2059455
18354,18.354,0.13551639,4.2184267
18355,18.355,0.12576552,4.226462
18356,18.356,0.12891962,4.23309
18357,18.357,0.12929276,4.2057376
18358,18.358,0.13545917,4.226503
18359,18.359,0.13559082,4.2109475
18360,18.36,0.13853782,4.218411
18361,18.361,0.13051757,4.2251177
18362,18.362,0.148913,4.2311263
18363,18.363,0.12544222,4.2241235
18364,18.364,0.13155434,4.214622
18365,18.365,0.13775618,4.2571635
18366,18.366,0.11972636,4.2144275
18367,18.367,0.12642473,4.2483497
18368,18.368,0.11858624,4.287534
18369,18.369,0.1376123,4.217548
18370,18.37,0.14057249,4.315458
18371,18.371,0.13859242,4.303569
18372,18.372,0.13341016,4.311353
18373,18.373,0.14230773,4.3270493
18374,18.374,0.14624602,4.2388263
18375,18.375,0.13097076,4.296529
18376,18.376,0.13906045,4.2858906
18377,18.377,0.14536028,4.3325596
18378,18.378,0.14074789,4.2959676
18379,18.379,0.14253841,4.2908354
18380,18.38,0.14430289,4.278624
18381,18.381,0.13344014,4.272441
18382,18.382,0.1320664,4.258833
18383,18.383,0.15044013,4.320413
18384,18.384,0.14347033,4.271537
18385,18.385,0.14391266,4.2981462
18386,18.386,0.14894646,4.312898
18387,18.387,0.15153994,4.269248
18388,18.388,0.15253991,4.2864833
18389,18.389,0.14960676,4.3279576
18390,18.39,0.14595376,4.289226
18391,18.391,0.1361826,4.298543
18392,18.392,0.1423946,4.295255
18393,18.393,0.1435578,4.268675
18394,18.394,0.13052136,4.2681994
18395,18.395,0.14631249,4.29183
18396,18.396,0.1486533,4.3211465
18397,18.397,0.14416169,4.3040304
18398,18.398,0.13728014,4.2919493
18399,18.399,0.15133111,4.323153
18400,18.4,0.16718192,4.3309817
18401,18.401,0.16402161,4.3417115
18402,18.402,0.16446702,4.3271284
18403,18.403,0.14705451,4.3373985
18404,18.404,0.16030793,4.292144
18405,18.405,0.15952265,4.3488092
18406,18.406,0.15642475,4.3584714
18407,18.407,0.15896666,4.318568
18408,18.408,0.15293911,4.3572183
18409,18.409,0.16358967,4.3478227
18410,18.41,0.14313243,4.336928
18411,18.411,0.1422593,4.3301086
18412,18.412,0.1536215,4.3233194
18413,18.413,0.1497309,4.3358626
18414,18.414,0.14106447,4.4007344
18415,18.415,0.15053211,4.410461
18416,18.416,0.15367836,4.3678656
18417,18.417,0.17179264,4.337633
18418,18.418,0.15823658,4.3895884
18419,18.419,0.15926634,4.373928
18420,18.42,0.15369156,4.3755913
18421,18.421,0.15795286,4.3590937
18422,18.422,0.15343514,4.392407
18423,18.423,0.14823633,4.3460255
18424,18.424,0.14508827,4.3111277
18425,18.425,0.1427989,4.3437524
18426,18.426,0.14580362,4.3812733
18427,18.427,0.15472734,4.3367333
18428,18.428,0.1376704,4.3494287
18429,18.429,0.14779072,4.329161
18430,18.43,0.13830535,4.3635745
18431,18.431,0.13870338,4.322104
18432,18.432,0.14972433,4.3229156
18433,18.433,0.1457424,4.353169
18434,18.434,0.13248643,4.335962
18435,18.435,0.14744435,4.3575397
18436,18.436,0.15200453,4.3687577
18437,18.437,0.14445205,4.4202213
18438,18.438,0.15040167,4.3346376
18439,18.439,0.13366312,4.312568
18440,18.44,0.13885589,4.329115
18441,18.441,0.1408899,4.348609
18442,18.442,0.13555044,4.3322926
18443,18.443,0.1347921,4.3373938
18444,18.444,0.13920683,4.285934
18445,18.445,0.13574637,4.3123207
18446,18.446,0.15028258,4.3304267
18447,18.447,0.13078412,4.272363
18448,18.448,0.13811794,4.3243003
18449,18.449,0.14445162,4.3345313
18450,18.45,0.13727969,4.3118925
18451,18.451,0.13710344,4.346233
18452,18.452,0.13308185,4.346343
18453,18.453,0.1389551,4.344431
18454,18.454,0.13637179,4.350861
18455,18.455,0.14536154,4.3487678
18456,18.456,0.13926913,4.342193
18457,18.457,0.14923081,4.389599
18458,18.458,0.13948809,4.3484097
18459,18.459,0.14654905,4.2973266
18460,18.46,0.1573229,4.30699
18461,18.461,0.1504663,4.315587
18462,18.462,0.1501138,4.3143845
18463,18.463,0.16394395,4.3223844
18464,18.464,0.17345075,4.2795815
18465,18.465,0.16947809,4.3050504
18466,18.466,0.1556262,4.356152
18467,18.467,0.15714212,4.2978215
18468,18.468,0.15076247,4.2695694
18469,18.469,0.1530718,4.2427855
18470,18.47,0.17028612,4.2768826
18471,18.471,0.15964834,4.259529
18472,18.472,0.1625816,4.262024
18473,18.473,0.15944318,4.2713046
18474,18.474,0.15798363,4.24991
18475,18.475,0.15079552,4.318303
18476,18.476,0.15946324,4.318476
18477,18.477,0.1568525,4.3408074
18478,18.478,0.14751068,4.373245
18479,18.479,0.14836453,4.2846375
18480,18.48,0.15068083,4.328867
18481,18.481,0.16497055,4.278046
18482,18.482,0.14958826,4.3233347
18483,18.483,0.1466611,4.312017
18484,18.484,0.15194866,4.33772
18485,18.485,0.15294836,4.260987
18486,18.486,0.14803489,4.280332
18487,18.487,0.14772908,4.296956
18488,18.488,0.13824616,4.2745605
18489,18.489,0.14247106,4.2832947
18490,18.49,0.14567146,4.2909684
18491,18.491,0.14964171,4.242032
18492,18.492,0.15296084,4.2599535
18493,18.493,0.14949115,4.266072
18494,18.494,0.14763077,4.2720146
18495,18.495,0.14947799,4.2598677
18496,18.496,0.14783941,4.283525
18497,18.497,0.14967625,4.2872405
18498,18.498,0.14299998,4.283571
18499,18.499,0.14104833,4.2416024
18500,18.5,0.14436257,4.251468
18501,18.501,0.13381907,4.225875
18502,18.502,0.13246042,4.220621
18503,18.503,0.12869988,4.2051105
18504,18.504,0.14980322,4.2035766
18505,18.505,0.14911573,4.1963468
18506,18.506,0.14440604,4.2434325
18507,18.507,0.15368555,4.2735953
18508,18.508,0.14845242,4.2290196
18509,18.509,0.15441845,4.2148423
18510,18.51,0.15799843,4.231873
18511,18.511,0.14621027,4.2841697
18512,18.512,0.15373279,4.2631617
18513,18.513,0.15367596,4.3067927
18514,18.514,0.14321709,4.3133063
18515,18.515,0.14851913,4.2659764
18516,18.516,0.14601065,4.2597995
18517,18.517,0.14228222,4.265768
18518,18.518,0.1538944,4.2768884
18519,18.519,0.14986604,4.2922006
18520,18.52,0.1434669,4.289741
18521,18.521,0.13559581,4.2962093
18522,18.522,0.1470407,4.30278
18523,18.523,0.15064366,4.236344
18524,18.524,0.1649325,4.2423563
18525,18.525,0.16732429,4.248766
18526,18.526,0.15938528,4.267798
18527,18.527,0.16297886,4.2809625
18528,18.528,0.14560345,4.285405
18529,18.529,0.13092472,4.280065
18530,18.53,0.13451475,4.3056326
18531,18.531,0.1428282,4.2570567
18532,18.532,0.14312126,4.317407
18533,18.533,0.13612975,4.294349
18534,18.534,0.13181552,4.3054085
18535,18.535,0.13395509,4.3171196
18536,18.536,0.14420736,4.2610803
18537,18.537,0.14438729,4.283903
18538,18.538,0.13459523,4.2883115
18539,18.539,0.12534261,4.2706046
18540,18.54,0.1305944,4.279887
18541,18.541,0.13428722,4.287189
18542,18.542,0.12503642,4.2205963
18543,18.543,0.12585257,4.2163167
18544,18.544,0.12238857,4.2284
18545,18.545,0.12902647,4.2074814
18546,18.546,0.1312556,4.2283487
18547,18.547,0.12160129,4.2146754
18548,18.548,0.12396501,4.22623
18549,18.549,0.1301314,4.284502
18550,18.55,0.11878842,4.225453
18551,18.551,0.12161293,4.162494
18552,18.552,0.12005225,4.1667924
18553,18.553,0.11912461,4.243398
18554,18.554,0.13362168,4.201519
18555,18.555,0.14008582,4.2446632
18556,18.556,0.12244486,4.2318296
18557,18.557,0.13139288,4.1930804
18558,18.558,0.13113038,4.246939
18559,18.559,0.14070942,4.2358046
18560,18.56,0.12721409,4.245314
18561,18.561,0.13658638,4.2636375
18562,18.562,0.1473496,4.265258
18563,18.563,0.14101735,4.277638
18564,18.564,0.15412411,4.2760983
18565,18.565,0.1347985,4.2626123
18566,18.566,0.13739392,4.250963
18567,18.567,0.13725054,4.2427454
18568,18.568,0.13393809,4.270813
18569,18.569,0.14153604,4.297419
18570,18.57,0.14753488,4.3191805
18571,18.571,0.13224006,4.310691
18572,18.572,0.13631809,4.3483863
18573,18.573,0.13906398,4.313612
18574,18.574,0.13608861,4.292944
18575,18.575,0.14736755,4.2934337
18576,18.576,0.14515229,4.2744975
18577,18.577,0.14616732,4.272188
18578,18.578,0.13951235,4.242438
18579,18.579,0.13482998,4.247502
18580,18.58,0.14021532,4.2605762
18581,18.581,0.1268193,4.24576
18582,18.582,0.12954473,4.285201
18583,18.583,0.13222936,4.2871604
18584,18.584,0.13122232,4.2998037
18585,18.585,0.11821469,4.303412
18586,18.586,0.11429456,4.301313
18587,18.587,0.124678664,4.2932124
18588,18.588,0.111961335,4.314241
18589,18.589,0.12638141,4.3325133
18590,18.59,0.122042716,4.3159914
18591,18.591,0.13951674,4.321651
18592,18.592,0.13840275,4.3234844
18593,18.593,0.13501239,4.260792
18594,18.594,0.13167354,4.3165226
18595,18.595,0.12783454,4.3021464
18596,18.596,0.14657381,4.3444767
18597,18.597,0.13814199,4.3206534
18598,18.598,0.13767666,4.3455086
18599,18.599,0.13067588,4.353449
18600,18.6,0.12586577,4.394927
18601,18.601,0.12633027,4.3271275
18602,18.602,0.12604602,4.3784933
18603,18.603,0.12553635,4.3445826
18604,18.604,0.11445433,4.374789
18605,18.605,0.11775631,4.308129
18606,18.606,0.10597623,4.311932
18607,18.607,0.11922271,4.353605
18608,18.608,0.105768755,4.321271
18609,18.609,0.107050076,4.324674
18610,18.61,0.11262159,4.3548336
18611,18.611,0.10489197,4.3065996
18612,18.612,0.09158953,4.3070307
18613,18.613,0.105003946,4.316169
18614,18.614,0.11273735,4.3212705
18615,18.615,0.110507704,4.385091
18616,18.616,0.1254633,4.357556
18617,18.617,0.111578755,4.3322935
18618,18.618,0.1146128,4.3294935
18619,18.619,0.09935518,4.280566
18620,18.62,0.10349542,4.286894
18621,18.621,0.109190896,4.276222
18622,18.622,0.11835773,4.322879
18623,18.623,0.09860739,4.3022146
18624,18.624,0.103916645,4.380588
18625,18.625,0.118180856,4.360569
18626,18.626,0.11116331,4.321528
18627,18.627,0.09936757,4.305012
18628,18.628,0.116576865,4.3026047
18629,18.629,0.10993106,4.307983
18630,18.63,0.115230635,4.3057766
18631,18.631,0.104315534,4.334218
18632,18.632,0.100177266,4.3191357
18633,18.633,0.097607724,4.360933
18634,18.634,0.0974923,4.346633
18635,18.635,0.078684516,4.324615
18636,18.636,0.08413369,4.283341
18637,18.637,0.09240613,4.2682533
18638,18.638,0.097223714,4.2579536
18639,18.639,0.10319118,4.2465
18640,18.64,0.10218638,4.257195
18641,18.641,0.10235784,4.2679915
18642,18.642,0.108966395,4.2728944
18643,18.643,0.09824232,4.297965
18644,18.644,0.112339884,4.263109
18645,18.645,0.11341044,4.300107
18646,18.646,0.09622182,4.305933
18647,18.647,0.09779413,4.2655993
18648,18.648,0.096881375,4.237191
18649,18.649,0.11069851,4.261245
18650,18.65,0.09368172,4.2519
18651,18.651,0.10376675,4.2510824
18652,18.652,0.0954598,4.2154627
18653,18.653,0.07809664,4.1641583
18654,18.654,0.09051851,4.2143054
18655,18.655,0.08954055,4.2675676
18656,18.656,0.08723151,4.1991315
18657,18.657,0.08724632,4.221975
18658,18.658,0.09194957,4.247741
18659,18.659,0.09824232,4.239162
18660,18.66,0.101044424,4.2319055
18661,18.661,0.08800396,4.2683372
18662,18.662,0.09521262,4.2708073
18663,18.663,0.09844378,4.2763023
18664,18.664,0.1056477,4.3329697
18665,18.665,0.08526329,4.284326
18666,18.666,0.089895785,4.3030963
18667,18.667,0.08841132,4.2782755
18668,18.668,0.08726466,4.210361
18669,18.669,0.08630186,4.229425
18670,18.67,0.08540028,4.2496142
18671,18.671,0.086094156,4.2304397
18672,18.672,0.08522215,4.215773
18673,18.673,0.08998881,4.252832
18674,18.674,0.08379221,4.22474
18675,18.675,0.09536952,4.271563
18676,18.676,0.098405644,4.2657557
18677,18.677,0.09437664,4.214693
18678,18.678,0.097129375,4.201799
18679,18.679,0.11860959,4.2277637
18680,18.68,0.12059989,4.2367153
18681,18.681,0.12339291,4.2369714
18682,18.682,0.11548505,4.258728
18683,18.683,0.12486999,4.260614
18684,18.684,0.13431472,4.25267
18685,18.685,0.11444627,4.21157
18686,18.686,0.120733485,4.24927
18687,18.687,0.13348669,4.2305803
18688,18.688,0.12679988,4.272939
18689,18.689,0.13560309,4.2713547
18690,18.69,0.12750491,4.3213706
18691,18.691,0.1307846,4.28627
18692,18.692,0.125985,4.299045
18693,18.693,0.12988245,4.233776
18694,18.694,0.12996864,4.2428107
18695,18.695,0.12605871,4.196931
18696,18.696,0.11331926,4.1862674
18697,18.697,0.122091606,4.1711826
18698,18.698,0.11513181,4.2020736
18699,18.699,0.12144991,4.2491574
18700,18.7,0.10658582,4.229988
18701,18.701,0.12030106,4.2256627
18702,18.702,0.11278591,4.2523346
18703,18.703,0.120928,4.198172
18704,18.704,0.1243748,4.218796
18705,18.705,0.12355685,4.2405663
18706,18.706,0.12167817,4.190322
18707,18.707,0.12853293,4.2527804
18708,18.708,0.12961833,4.257543
18709,18.709,0.13435136,4.2483063
18710,18.71,0.14569639,4.262319
18711,18.711,0.12644176,4.2314167
18712,18.712,0.12790431,4.255949
18713,18.713,0.12170447,4.2673073
18714,18.714,0.13190885,4.2774997
18715,18.715,0.116558924,4.26896
18716,18.716,0.11859921,4.3139205
18717,18.717,0.13404876,4.2698374
18718,18.718,0.12553684,4.2514863
18719,18.719,0.12936412,4.252405
18720,18.72,0.12956515,4.264179
18721,18.721,0.118232906,4.2146935
18722,18.722,0.12757342,4.2366767
18723,18.723,0.13073519,4.2743187
18724,18.724,0.134709,4.223377
18725,18.725,0.14108627,4.2525525
18726,18.726,0.13055152,4.23519
18727,18.727,0.13943161,4.208166
18728,18.728,0.14533234,4.2043366
18729,18.729,0.13337925,4.233623
18730,18.73,0.1366913,4.243588
18731,18.731,0.12942879,4.292734
18732,18.732,0.12678581,4.30006
18733,18.733,0.12712748,4.3255954
18734,18.734,0.12852001,4.249579
18735,18.735,0.1267727,4.2512755
18736,18.736,0.13642682,4.2831464
18737,18.737,0.14477327,4.2351794
18738,18.738,0.13409556,4.2860193
18739,18.739,0.128848,4.2656207
18740,18.74,0.1427364,4.2741966
18741,18.741,0.13752463,4.262398
18742,18.742,0.13879561,4.2582693
18743,18.743,0.13804708,4.2847614
18744,18.744,0.15178174,4.23288
18745,18.745,0.13662286,4.245244
18746,18.746,0.16411425,4.2208695
18747,18.747,0.15016134,4.251005
18748,18.748,0.1531124,4.2338543
18749,18.749,0.16438545,4.228255
18750,18.75,0.14296985,4.2163205
18751,18.751,0.14473076,4.1822424
18752,18.752,0.14799997,4.2361884
18753,18.753,0.14807312,4.268403
18754,18.754,0.17830154,4.237417
18755,18.755,0.16159922,4.2102876
18756,18.756,0.16213253,4.2680984
18757,18.757,0.17116581,4.230609
18758,18.758,0.18112196,4.255127
18759,18.759,0.18453373,4.2338653
18760,18.76,0.17227261,4.2820277
18761,18.761,0.17773299,4.2914767
18762,18.762,0.18391185,4.247937
18763,18.763,0.15571079,4.245641
18764,18.764,0.15108208,4.195589
18765,18.765,0.16124932,4.2740107
18766,18.766,0.16272572,4.298998
18767,18.767,0.16435963,4.3129344
18768,18.768,0.16982299,4.2938433
18769,18.769,0.153888,4.2433977
18770,18.77,0.16106646,4.235214
18771,18.771,0.14788519,4.201723
18772,18.772,0.15129125,4.232646
18773,18.773,0.13890906,4.1976957
18774,18.774,0.15242814,4.222857
18775,18.775,0.14538482,4.246446
18776,18.776,0.16402423,4.2580786
18777,18.777,0.15175214,4.223899
18778,18.778,0.15284494,4.2418156
18779,18.779,0.1514636,4.2442136
18780,18.78,0.14289753,4.2384467
18781,18.781,0.15562856,4.300726
18782,18.782,0.15158379,4.272144
18783,18.783,0.14257856,4.256032
18784,18.784,0.1564094,4.2833757
18785,18.785,0.15132785,4.263631
18786,18.786,0.16151658,4.2705383
18787,18.787,0.16018583,4.2456923
18788,18.788,0.15743198,4.268718
18789,18.789,0.16294752,4.2817006
18790,18.79,0.14922874,4.2629843
18791,18.791,0.15395036,4.2853713
18792,18.792,0.16116115,4.2894616
18793,18.793,0.15647823,4.276459
18794,18.794,0.15617438,4.2971897
18795,18.795,0.1714474,4.2752438
18796,18.796,0.16834342,4.279869
18797,18.797,0.17302385,4.263358
18798,18.798,0.16322066,4.3118577
18799,18.799,0.15675204,4.299708
18800,18.8,0.16063344,4.3803525
18801,18.801,0.17151664,4.3161297
18802,18.802,0.1661164,4.3226104
18803,18.803,0.16461734,4.280194
18804,18.804,0.16734487,4.2777114
18805,18.805,0.18025707,4.2815447
18806,18.806,0.16905753,4.342631
18807,18.807,0.17189254,4.3219786
18808,18.808,0.16679247,4.281335
18809,18.809,0.15770687,4.273719
18810,18.81,0.14466657,4.248069
18811,18.811,0.16026187,4.2938166
18812,18.812,0.17551258,4.2965517
18813,18.813,0.16459492,4.29358
18814,18.814,0.15862143,4.2873907
18815,18.815,0.16492243,4.272993
18816,18.816,0.15863074,4.3016553
18817,18.817,0.1657534,4.2975945
18818,18.818,0.1597435,4.250725
18819,18.819,0.15767097,4.32848
18820,18.82,0.15137948,4.3262873
18821,18.821,0.16503654,4.3124433
18822,18.822,0.15238696,4.2989674
18823,18.823,0.15029117,4.2972016
18824,18.824,0.15034357,4.257031
18825,18.825,0.15349127,4.30751
18826,18.826,0.14251381,4.229072
18827,18.827,0.15010233,4.275781
18828,18.828,0.13866077,4.3140807
18829,18.829,0.14458488,4.2904954
18830,18.83,0.14579855,4.286904
18831,18.831,0.16013013,4.293439
18832,18.832,0.1582354,4.3048344
18833,18.833,0.16245666,4.3154716
18834,18.834,0.1628497,4.3007913
18835,18.835,0.16575785,4.294191
18836,18.836,0.15311079,4.3077493
18837,18.837,0.15767956,4.331697
18838,18.838,0.15607546,4.3495336
18839,18.839,0.15245357,4.3126125
18840,18.84,0.14401309,4.307474
18841,18.841,0.14947346,4.3275495
18842,18.842,0.14824505,4.318315
18843,18.843,0.15506655,4.308975
18844,18.844,0.14845408,4.276722
18845,18.845,0.13638441,4.214123
18846,18.846,0.14361478,4.2188635
18847,18.847,0.1402855,4.283309
18848,18.848,0.15438777,4.2310586
18849,18.849,0.14242615,4.252268
18850,18.85,0.1434579,4.2386923
18851,18.851,0.13419326,4.205689
18852,18.852,0.12973031,4.2450433
18853,18.853,0.13285233,4.235348
18854,18.854,0.14891258,4.2177367
18855,18.855,0.13896617,4.2422996
18856,18.856,0.1493808,4.2632866
18857,18.857,0.13466012,4.186493
18858,18.858,0.14445162,4.253523
18859,18.859,0.14081214,4.2088866
18860,18.86,0.13532193,4.2862215
18861,18.861,0.12971891,4.219156
18862,18.862,0.13791777,4.1871057
18863,18.863,0.13269803,4.209024
18864,18.864,0.13033785,4.1918554
18865,18.865,0.122154586,4.1975937
18866,18.866,0.13475466,4.215988
18867,18.867,0.12678921,4.1778984
18868,18.868,0.11881224,4.218923
18869,18.869,0.112982675,4.254083
18870,18.87,0.10978264,4.1887946
18871,18.871,0.11418361,4.2169824
18872,18.872,0.115290426,4.2551575
18873,18.873,0.12038338,4.24255
18874,18.874,0.12451224,4.2018247
18875,18.875,0.11854317,4.2180777
18876,18.876,0.13828044,4.2703996
18877,18.877,0.13376848,4.2279873
18878,18.878,0.13158894,4.228944
18879,18.879,0.1272634,4.209039
18880,18.88,0.13850495,4.2394047
18881,18.881,0.1352073,4.233011
18882,18.882,0.13134183,4.223816
18883,18.883,0.12419212,4.2305794
18884,18.884,0.12875916,4.193248
18885,18.885,0.12500983,4.1563377
18886,18.886,0.13774367,4.209191
18887,18.887,0.14270882,4.2557583
18888,18.888,0.15247656,4.2314277
18889,18.889,0.13620837,4.269192
18890,18.89,0.13691571,4.229127
18891,18.891,0.14073609,4.221845
18892,18.892,0.1299871,4.196536
18893,18.893,0.13572961,4.2148814
18894,18.894,0.15570761,4.2398562
18895,18.895,0.15499432,4.215131
18896,18.896,0.14730825,4.221205
18897,18.897,0.14035171,4.193472
18898,18.898,0.14726523,4.2682867
18899,18.899,0.13821991,4.279724
18900,18.9,0.14711013,4.1962595
18901,18.901,0.14678565,4.2438507
18902,18.902,0.1499707,4.2269287
18903,18.903,0.15287472,4.2009616
18904,18.904,0.14731158,4.207434
18905,18.905,0.13537784,4.183397
18906,18.906,0.14300513,4.2341967
18907,18.907,0.15104339,4.1825724
18908,18.908,0.14693648,4.242454
18909,18.909,0.14994238,4.249144
18910,18.91,0.15433516,4.2512894
18911,18.911,0.15799414,4.2772117
18912,18.912,0.15843242,4.271561
18913,18.913,0.16094646,4.285696
18914,18.914,0.16308452,4.2344704
18915,18.915,0.16823813,4.31195
18916,18.916,0.16547997,4.231861
18917,18.917,0.16554762,4.2823873
18918,18.918,0.1656628,4.2922854
18919,18.919,0.15193245,4.310312
18920,18.92,0.15369196,4.232058
18921,18.921,0.15946941,4.2828846
18922,18.922,0.14658388,4.2782564
18923,18.923,0.14695615,4.31429
18924,18.924,0.13935392,4.2366815
18925,18.925,0.14654568,4.2477736
18926,18.926,0.14498943,4.217747
18927,18.927,0.16127717,4.2083135
18928,18.928,0.15575187,4.2182493
18929,18.929,0.14198396,4.198223
18930,18.93,0.1556254,4.206374
18931,18.931,0.15392238,4.267882
18932,18.932,0.15446585,4.272275
18933,18.933,0.15541454,4.255808
18934,18.934,0.15833646,4.225656
18935,18.935,0.15049328,4.2677917
18936,18.936,0.16094646,4.220677
18937,18.937,0.15290248,4.2030377
18938,18.938,0.15378882,4.230065
18939,18.939,0.13900779,4.2623477
18940,18.94,0.15715033,4.2517147
18941,18.941,0.15652265,4.222704
18942,18.942,0.15821907,4.262251
18943,18.943,0.14537,4.2194104
18944,18.944,0.15689172,4.222987
18945,18.945,0.15471262,4.21078
18946,18.946,0.14592972,4.1950164
18947,18.947,0.13725324,4.202124
18948,18.948,0.13748302,4.1710916
18949,18.949,0.13984975,4.2942963
18950,18.95,0.13866878,4.252794
18951,18.951,0.14432165,4.2887707
18952,18.952,0.11881483,4.280086
18953,18.953,0.11723159,4.2828417
18954,18.954,0.110163644,4.2566977
18955,18.955,0.11834474,4.209449
18956,18.956,0.12723342,4.2976446
18957,18.957,0.12541474,4.3641634
18958,18.958,0.13104261,4.3205056
18959,18.959,0.12418419,4.320363
18960,18.96,0.137116,4.329405
18961,18.961,0.13052653,4.2884836
18962,18.962,0.13399918,4.2786875
18963,18.963,0.1374848,4.297078
18964,18.964,0.15169252,4.289124
18965,18.965,0.1476095,4.2648144
18966,18.966,0.13489568,4.2908664
18967,18.967,0.15542601,4.3231297
18968,18.968,0.15042703,4.3124866
18969,18.969,0.1631396,4.252931
18970,18.97,0.16006403,4.199305
18971,18.971,0.15823968,4.2748847
18972,18.972,0.1656992,4.231438
18973,18.973,0.16249377,4.199847
18974,18.974,0.16947447,4.3384037
18975,18.975,0.15251692,4.3177147
18976,18.976,0.16876867,4.32404
18977,18.977,0.14798915,4.2735906
18978,18.978,0.17295484,4.3106437
18979,18.979,0.16554317,4.312346
18980,18.98,0.18916062,4.3133283
18981,18.981,0.19719075,4.1878963
18982,18.982,0.19155759,4.2074766
18983,18.983,0.19363888,4.178139
18984,18.984,0.18937613,4.216782
18985,18.985,0.1949846,4.170902
18986,18.986,0.1848279,4.148466
18987,18.987,0.17595688,4.1449094
18988,18.988,0.19488865,4.0867248
18989,18.989,0.17892711,4.1354246
18990,18.99,0.17775583,4.163507
18991,18.991,0.18786716,4.174278
18992,18.992,0.18323751,4.159553
18993,18.993,0.19001997,4.155216
18994,18.994,0.1810598,4.137356
18995,18.995,0.19310305,4.1629395
18996,18.996,0.18199426,4.156505
18997,18.997,0.18834634,4.1561937
18998,18.998,0.18900442,4.1294146
18999,18.999,0.18122147,4.206181
19000,19.0,0.18712883,4.1885657
19001,19.001,0.17849055,4.187329
19002,19.002,0.18091123,4.1595154
19003,19.003,0.17422199,4.129794
19004,19.004,0.17583095,4.1443563
19005,19.005,0.16849138,4.1442466
19006,19.006,0.16803943,4.1465855
19007,19.007,0.17569968,4.165815
19008,19.008,0.15913339,4.174316
19009,19.009,0.16928121,4.195257
19010,19.01,0.1694908,4.1658134
19011,19.011,0.18182041,4.138272
19012,19.012,0.18225574,4.131431
19013,19.013,0.17595968,4.1930656
19014,19.014,0.16770297,4.155396
19015,19.015,0.16082753,4.154259
19016,19.016,0.16959277,4.1465125
19017,19.017,0.16515096,4.120231
19018,19.018,0.17857464,4.1451507
19019,19.019,0.17732507,4.115388
19020,19.02,0.1756636,4.1403813
19021,19.021,0.1750095,4.1963935
19022,19.022,0.17314328,4.1677165
19023,19.023,0.17877436,4.1450677
19024,19.024,0.19302656,4.1879196
19025,19.025,0.17434837,4.204914
19026,19.026,0.17894532,4.1400633
19027,19.027,0.17999677,4.1876764
19028,19.028,0.17972003,4.2598405
19029,19.029,0.16173548,4.236915
19030,19.03,0.17870346,4.2361746
19031,19.031,0.17746416,4.2471814
19032,19.032,0.1806042,4.238431
19033,19.033,0.18090442,4.2766957
19034,19.034,0.18652582,4.2630296
19035,19.035,0.18393694,4.198312
19036,19.036,0.17849985,4.267578
19037,19.037,0.17361456,4.246618
19038,19.038,0.16312338,4.2540264
19039,19.039,0.17441717,4.2204423
19040,19.04,0.16465957,4.216592
19041,19.041,0.17014189,4.2272167
19042,19.042,0.18074791,4.157957
19043,19.043,0.1813596,4.173878
19044,19.044,0.17847297,4.235042
19045,19.045,0.17373218,4.270701
19046,19.046,0.18082789,4.2479596
19047,19.047,0.17257272,4.2531033
19048,19.048,0.17490366,4.3032746
19049,19.049,0.16379414,4.292586
19050,19.05,0.16348733,4.2339363
19051,19.051,0.17327791,4.2334995
19052,19.052,0.15666881,4.250724
19053,19.053,0.17525719,4.243643
19054,19.054,0.16240743,4.316286
19055,19.055,0.16917613,4.3209977
19056,19.056,0.16942145,4.327778
19057,19.057,0.16286783,4.2728453
19058,19.058,0.17627758,4.2431083
19059,19.059,0.1653881,4.250931
19060,19.06,0.16368367,4.2560225
19061,19.061,0.1748667,4.2911353
19062,19.062,0.1893677,4.2688775
19063,19.063,0.18291755,4.269312
19064,19.064,0.1746738,4.2191243
19065,19.065,0.17750402,4.2283983
19066,19.066,0.16969869,4.251944
19067,19.067,0.18316294,4.2425394
19068,19.068,0.16812985,4.233947
19069,19.069,0.15676735,4.2379317
19070,19.07,0.1473237,4.199271
19071,19.071,0.15918171,4.2440014
19072,19.072,0.1537732,4.1877627
19073,19.073,0.15665585,4.1936255
19074,19.074,0.15892176,4.2206016
19075,19.075,0.15553048,4.2107434
19076,19.076,0.166216,4.30244
19077,19.077,0.14504798,4.2745056
19078,19.078,0.14308643,4.2980514
19079,19.079,0.14551088,4.2779956
19080,19.08,0.1461244,4.2641697
19081,19.081,0.16103819,4.2766623
19082,19.082,0.15920529,4.245974
19083,19.083,0.16015126,4.2796464
19084,19.084,0.15163289,4.2825985
19085,19.085,0.14721215,4.2718143
19086,19.086,0.15464063,4.215684
19087,19.087,0.1708636,4.2539167
19088,19.088,0.16826482,4.240153
19089,19.089,0.17376794,4.244881
19090,19.09,0.16367164,4.2652774
19091,19.091,0.16848372,4.2511716
19092,19.092,0.16882007,4.265559
19093,19.093,0.16272648,4.2277365
19094,19.094,0.16846436,4.3100724
19095,19.095,0.15364753,4.318643
19096,19.096,0.13791287,4.2974367
19097,19.097,0.15895002,4.2840333
19098,19.098,0.16710424,4.330277
19099,19.099,0.1636833,4.30567
19100,19.1,0.16744044,4.266764
19101,19.101,0.17472556,4.296176
19102,19.102,0.17137381,4.293253
19103,19.103,0.17696106,4.2682853
19104,19.104,0.16849868,4.2646146
19105,19.105,0.17060305,4.2747226
19106,19.106,0.15504512,4.2727213
19107,19.107,0.1631279,4.2381353
19108,19.108,0.1705962,4.187816
19109,19.109,0.17705943,4.209127
19110,19.11,0.19083063,4.219341
19111,19.111,0.17760417,4.2460823
19112,19.112,0.19013165,4.23612
19113,19.113,0.18828034,4.245937
19114,19.114,0.17980252,4.2540236
19115,19.115,0.17671682,4.2753305
19116,19.116,0.17974569,4.2862487
19117,19.117,0.17378211,4.2643294
19118,19.118,0.17014803,4.2535615
19119,19.119,0.17100866,4.3069715
19120,19.12,0.1709356,4.323233
19121,19.121,0.17197126,4.3125434
19122,19.122,0.16612343,4.3369975
19123,19.123,0.17247571,4.328055
19124,19.124,0.17568427,4.333673
19125,19.125,0.16519268,4.4556346
19126,19.126,0.16652334,4.4103923
19127,19.127,0.15600646,4.3490868
19128,19.128,0.17180267,4.3309636
19129,19.129,0.15427694,4.345003
19130,19.13,0.1558127,4.278972
19131,19.131,0.16011436,4.3415446
19132,19.132,0.15308225,4.2845044
19133,19.133,0.1509949,4.2851357
19134,19.134,0.14794052,4.29394
19135,19.135,0.14364049,4.280709
19136,19.136,0.13526781,4.279686
19137,19.137,0.13243394,4.3041787
19138,19.138,0.13349085,4.3219376
19139,19.139,0.14808808,4.249648
19140,19.14,0.1371501,4.3201957
19141,19.141,0.15467404,4.286435
19142,19.142,0.14253627,4.320748
19143,19.143,0.15839358,4.34374
19144,19.144,0.15423505,4.3144603
19145,19.145,0.16372877,4.303321
19146,19.146,0.16044796,4.293418
19147,19.147,0.15837842,4.310799
19148,19.148,0.16302603,4.306152
19149,19.149,0.16170618,4.2973075
19150,19.15,0.17316106,4.270164
19151,19.151,0.15058647,4.2674103
19152,19.152,0.1550737,4.3274655
19153,19.153,0.15738037,4.3161077
19154,19.154,0.15259475,4.312573
19155,19.155,0.16024497,4.3261523
19156,19.156,0.15327385,4.292289
19157,19.157,0.14251295,4.2909126
19158,19.158,0.15701246,4.305475
19159,19.159,0.14435405,4.3120747
19160,19.16,0.13353509,4.3328214
19161,19.161,0.14580192,4.3392935
19162,19.162,0.1420381,4.3244333
19163,19.163,0.13591036,4.2901645
19164,19.164,0.15111059,4.350713
19165,19.165,0.14594871,4.3174887
19166,19.166,0.14219916,4.310415
19167,19.167,0.15000269,4.3227763
19168,19.168,0.15273097,4.349094
19169,19.169,0.14816119,4.3684654
19170,19.17,0.14691427,4.415335
19171,19.171,0.14981471,4.3203506
19172,19.172,0.15494588,4.317112
19173,19.173,0.14951584,4.27881
19174,19.174,0.14330642,4.2963634
19175,19.175,0.16936298,4.232398
19176,19.176,0.16522731,4.2452435
19177,19.177,0.16106646,4.2730517
19178,19.178,0.1596441,4.3070493
19179,19.179,0.15077348,4.2819066
19180,19.18,0.16326778,4.2723656
19181,19.181,0.1475995,4.274317
19182,19.182,0.1461126,4.2426147
19183,19.183,0.13860619,4.3010263
19184,19.184,0.14199609,4.302759
19185,19.185,0.14320894,4.2616916
19186,19.186,0.1351504,4.272619
19187,19.187,0.14617954,4.2788806
19188,19.188,0.14213814,4.295565
19189,19.189,0.14631122,4.263628
19190,19.19,0.13837917,4.2278123
19191,19.191,0.13311836,4.2419214
19192,19.192,0.13911708,4.319661
19193,19.193,0.15007815,4.3591866
19194,19.194,0.1423691,4.3485065
19195,19.195,0.13780932,4.310764
19196,19.196,0.13575998,4.329494
19197,19.197,0.13388985,4.2974896
19198,19.198,0.13322462,4.3043146
19199,19.199,0.14134334,4.343878
19200,19.2,0.14690673,4.3126626
19201,19.201,0.1322019,4.2951937
19202,19.202,0.13403867,4.3158517
19203,19.203,0.14119613,4.2907114
19204,19.204,0.13989595,4.2837543
19205,19.205,0.13589361,4.284588
19206,19.206,0.1495249,4.285752
19207,19.207,0.13428676,4.2576222
19208,19.208,0.121481314,4.2659774
19209,19.209,0.13738811,4.267376
19210,19.21,0.14748065,4.293145
19211,19.211,0.1478286,4.266548
19212,19.212,0.124699876,4.2977448
19213,19.213,0.13560535,4.252885
19214,19.214,0.1381923,4.280399
19215,19.215,0.14628515,4.2542725
19216,19.216,0.13022308,4.295144
19217,19.217,0.1335056,4.245584
19218,19.218,0.11702988,4.2292113
19219,19.219,0.1303657,4.289064
19220,19.22,0.1257895,4.24696
19221,19.221,0.12753579,4.286001
19222,19.222,0.13383147,4.2605934
19223,19.223,0.12325422,4.2870727
19224,19.224,0.14305547,4.32192
19225,19.225,0.15108982,4.304116
19226,19.226,0.13858044,4.316252
19227,19.227,0.14030656,4.305742
19228,19.228,0.14904061,4.293182
19229,19.229,0.14695196,4.294048
19230,19.23,0.13623998,4.2703133
19231,19.231,0.14834876,4.2690916
19232,19.232,0.13374089,4.247101
19233,19.233,0.14365248,4.259892
19234,19.234,0.14462274,4.2156496
19235,19.235,0.1526802,4.224538
19236,19.236,0.13127202,4.238211
19237,19.237,0.15011299,4.22801
19238,19.238,0.15241118,4.2143044
19239,19.239,0.14739135,4.2183237
19240,19.24,0.1639676,4.21254
19241,19.241,0.16037047,4.212645
19242,19.242,0.16227326,4.256341
19243,19.243,0.16611715,4.2520475
19244,19.244,0.17347133,4.2932563
19245,19.245,0.1640685,4.233851
19246,19.246,0.15908158,4.268596
19247,19.247,0.16669172,4.228468
19248,19.248,0.16839166,4.2124867
19249,19.249,0.15491253,4.2482696
19250,19.25,0.16244985,4.2692327
19251,19.251,0.17494164,4.2653127
19252,19.252,0.16377686,4.311904
19253,19.253,0.1606997,4.26047
19254,19.254,0.15789208,4.2657475
19255,19.255,0.17221902,4.2569246
19256,19.256,0.17650674,4.272707
19257,19.257,0.17147826,4.2773366
19258,19.258,0.18271495,4.2949524
19259,19.259,0.16379677,4.217307
19260,19.26,0.15988134,4.2713943
19261,19.261,0.17663464,4.306165
19262,19.262,0.16869758,4.2942863
19263,19.263,0.172526,4.2662754
19264,19.264,0.16908811,4.283966
19265,19.265,0.17337944,4.2775593
19266,19.266,0.17208357,4.274964
19267,19.267,0.16514872,4.2994804
19268,19.268,0.18354951,4.272964
19269,19.269,0.17070724,4.323617
19270,19.27,0.17988154,4.3155017
19271,19.271,0.15612315,4.255595
19272,19.272,0.16637103,4.3487945
19273,19.273,0.1620194,4.348498
19274,19.274,0.1594451,4.2864633
19275,19.275,0.15582612,4.3007545
19276,19.276,0.15203974,4.277297
19277,19.277,0.16444159,4.3219624
19278,19.278,0.15113501,4.274195
19279,19.279,0.16642724,4.2764363
19280,19.28,0.15670101,4.3110647
19281,19.281,0.15542008,4.285307
19282,19.282,0.161978,4.3154774
19283,19.283,0.16169097,4.3076086
19284,19.284,0.15772443,4.3414536
19285,19.285,0.15658827,4.301929
19286,19.286,0.16483623,4.314212
19287,19.287,0.15597688,4.2975802
19288,19.288,0.16672495,4.3125763
19289,19.289,0.16396046,4.273385
19290,19.29,0.15293267,4.273735
19291,19.291,0.16074488,4.2595196
19292,19.292,0.15166292,4.216232
19293,19.293,0.15601,4.2718387
19294,19.294,0.17306367,4.3019624
19295,19.295,0.16444159,4.3029127
19296,19.296,0.16330396,4.2842884
19297,19.297,0.17305371,4.295245
19298,19.298,0.17918894,4.2424583
19299,19.299,0.16198218,4.2644224
19300,19.3,0.18518275,4.2273855
19301,19.301,0.1800248,4.28208
19302,19.302,0.1840309,4.2994757
19303,19.303,0.18008119,4.2916703
19304,19.304,0.17782193,4.2224526
19305,19.305,0.17823114,4.2381697
19306,19.306,0.16473691,4.245183
19307,19.307,0.1605392,4.293944
19308,19.308,0.1631528,4.2758365
19309,19.309,0.17218615,4.258261
19310,19.31,0.17935608,4.2953033
19311,19.311,0.1662471,4.274669
19312,19.312,0.16870086,4.3289094
19313,19.313,0.17048256,4.341725
19314,19.314,0.18569106,4.30344
19315,19.315,0.18831858,4.298376
19316,19.316,0.19870882,4.3533974
19317,19.317,0.17203243,4.1903405
19318,19.318,0.18391152,4.257785
19319,19.319,0.17949085,4.2358665
19320,19.32,0.17086864,4.2418747
19321,19.321,0.15657295,4.216995
19322,19.322,0.15334609,4.193434
19323,19.323,0.15270317,4.22297
19324,19.324,0.13358897,4.226045
19325,19.325,0.14295049,4.2290125
19326,19.326,0.15261169,4.1836495
19327,19.327,0.14439283,4.2059813
19328,19.328,0.16393682,4.212411
19329,19.329,0.15933007,4.2351074
19330,19.33,0.15774119,4.219915
19331,19.331,0.17055833,4.2535906
19332,19.332,0.1600052,4.2515197
19333,19.333,0.17438859,4.280762
19334,19.334,0.16733862,4.285586
19335,19.335,0.15162437,4.269906
19336,19.336,0.16218413,4.295182
19337,19.337,0.15216392,4.2485795
19338,19.338,0.14649571,4.2769213
19339,19.339,0.16510849,4.262802
19340,19.34,0.1563425,4.265698
19341,19.341,0.16640653,4.299801
19342,19.342,0.16726765,4.299448
19343,19.343,0.17091653,4.331015
19344,19.344,0.16879019,4.2680087
19345,19.345,0.17067985,4.2294817
19346,19.346,0.1689221,4.2590547
19347,19.347,0.18119499,4.2568007
19348,19.348,0.17266288,4.278058
19349,19.349,0.16019274,4.2668767
19350,19.35,0.15649946,4.2455497
19351,19.351,0.15447383,4.226402
19352,19.352,0.14250647,4.231895
19353,19.353,0.15547115,4.24033
19354,19.354,0.16604194,4.2204337
19355,19.355,0.14460531,4.215999
19356,19.356,0.1577252,4.255936
19357,19.357,0.15585889,4.2563114
19358,19.358,0.16040999,4.235636
19359,19.359,0.16344818,4.2431965
19360,19.36,0.16751944,4.2452345
19361,19.361,0.1515371,4.270458
19362,19.362,0.15264232,4.2456627
19363,19.363,0.1535582,4.2094193
19364,19.364,0.16516958,4.226188
19365,19.365,0.16432855,4.215817
19366,19.366,0.15465853,4.2337847
19367,19.367,0.14817199,4.24113
19368,19.368,0.16343464,4.2537003
19369,19.369,0.15351933,4.2459855
19370,19.37,0.14899024,4.2357745
19371,19.371,0.16007824,4.238729
19372,19.372,0.15550557,4.246801
19373,19.373,0.15081388,4.2503414
19374,19.374,0.14701684,4.2648163
19375,19.375,0.15327024,4.2338023
19376,19.376,0.15282762,4.2504935
19377,19.377,0.13911796,4.238387
19378,19.378,0.15056644,4.255996
19379,19.379,0.15753669,4.227642
19380,19.38,0.15442044,4.2158937
19381,19.381,0.16437347,4.239833
19382,19.382,0.15602933,4.205162
19383,19.383,0.16493921,4.170016
19384,19.384,0.1520628,4.1888566
19385,19.385,0.16196813,4.1602116
19386,19.386,0.15985054,4.201574
19387,19.387,0.1455075,4.213679
19388,19.388,0.15956777,4.2426987
19389,19.389,0.15178822,4.2195067
19390,19.39,0.14265104,4.239749
19391,19.391,0.15011095,4.2358713
19392,19.392,0.15510623,4.3137145
19393,19.393,0.16275445,4.2726393
19394,19.394,0.1723626,4.2609406
19395,19.395,0.1608608,4.2861333
19396,19.396,0.16263041,4.288559
19397,19.397,0.15470149,4.2683873
19398,19.398,0.16110694,4.300063
19399,19.399,0.15118304,4.284798
19400,19.4,0.15152654,4.2993183
19401,19.401,0.1500597,4.3327937
19402,19.402,0.1770782,4.397441
19403,19.403,0.1733397,4.37521
19404,19.404,0.17105076,4.3901367
19405,19.405,0.17661408,4.3504257
19406,19.406,0.1633013,4.3341827
19407,19.407,0.1728787,4.361473
19408,19.408,0.16045256,4.3617682
19409,19.409,0.1568117,4.370558
19410,19.41,0.15706457,4.32809
19411,19.411,0.16262814,4.349923
19412,19.412,0.17503552,4.3785486
19413,19.413,0.17681985,4.398426
19414,19.414,0.17589742,4.3929043
19415,19.415,0.17911442,4.3319135
19416,19.416,0.1579139,4.3389487
19417,19.417,0.16384484,4.313398
19418,19.418,0.1609415,4.37552
19419,19.419,0.16690347,4.404637
19420,19.42,0.15726891,4.4045854
19421,19.421,0.15457536,4.41527
19422,19.422,0.15957472,4.366514
19423,19.423,0.153766,4.3322287
19424,19.424,0.1389489,4.314147
19425,19.425,0.15533534,4.3581843
19426,19.426,0.15327586,4.4130626
19427,19.427,0.15125018,4.410268
19428,19.428,0.1491343,4.341381
19429,19.429,0.15446545,4.3039346
19430,19.43,0.15768698,4.2763696
19431,19.431,0.14292552,4.378642
19432,19.432,0.17683202,4.313015
19433,19.433,0.16379264,4.3615494
19434,19.434,0.17394383,4.32366
19435,19.435,0.1763596,4.3498154
19436,19.436,0.15690152,4.3470163
19437,19.437,0.16025764,4.334279
19438,19.438,0.16211165,4.354621
19439,19.439,0.178484,4.2989736
19440,19.44,0.18532856,4.39779
19441,19.441,0.17986,4.340738
19442,19.442,0.18409207,4.319218
19443,19.443,0.17346175,4.320153
19444,19.444,0.16244075,4.345562
19445,19.445,0.17164503,4.2992177
19446,19.446,0.15629922,4.3326235
19447,19.447,0.1610313,4.321684
19448,19.448,0.16008669,4.3665266
19449,19.449,0.16709873,4.33241
19450,19.45,0.17021781,4.3399715
19451,19.451,0.16101755,4.4201894
19452,19.452,0.16307548,4.403466
19453,19.453,0.15663935,4.4318223
19454,19.454,0.15598753,4.4395933
19455,19.455,0.15642984,4.3996043
19456,19.456,0.15334609,4.444978
19457,19.457,0.15987094,4.398671
19458,19.458,0.15470864,4.4465656
19459,19.459,0.15397553,4.392492
19460,19.46,0.15848406,4.376769
19461,19.461,0.14220047,4.3351617
19462,19.462,0.15733072,4.2651534
19463,19.463,0.16499405,4.2728033
19464,19.464,0.16516623,4.2880487
19465,19.465,0.17446232,4.318966
19466,19.466,0.161097,4.326116
19467,19.467,0.1514969,4.2848487
19468,19.468,0.16980886,4.2738137
19469,19.469,0.16768903,4.352727
19470,19.47,0.15329754,4.3297224
19471,19.471,0.17126499,4.3124022
19472,19.472,0.17624442,4.2876053
19473,19.473,0.16995917,4.297966
19474,19.474,0.16812545,4.3182197
19475,19.475,0.16437384,4.336901
19476,19.476,0.16004364,4.3143396
19477,19.477,0.15262298,4.3286834
19478,19.478,0.15556332,4.3106055
19479,19.479,0.15917282,4.3021364
19480,19.48,0.15322648,4.2770305
19481,19.481,0.15607625,4.263154
19482,19.482,0.1687654,4.2920585
19483,19.483,0.17370313,4.2668843
19484,19.484,0.16190618,4.2817173
19485,19.485,0.1536223,4.266469
19486,19.486,0.15548934,4.311294
19487,19.487,0.16852131,4.284924
19488,19.488,0.16867569,4.273444
19489,19.489,0.17320901,4.3243876
19490,19.49,0.16632628,4.3351746
19491,19.491,0.17997558,4.3009257
19492,19.492,0.17672797,4.349847
19493,19.493,0.1630732,4.3205757
19494,19.494,0.17174393,4.372446
19495,19.495,0.18052992,4.3337474
19496,19.496,0.18423541,4.3947897
19497,19.497,0.17754179,4.365773
19498,19.498,0.16183132,4.3472314
19499,19.499,0.17703511,4.3273273
19500,19.5,0.17927681,4.355486
19501,19.501,0.17667991,4.329946
19502,19.502,0.17719144,4.37743
19503,19.503,0.16886562,4.372601
19504,19.504,0.16021425,4.428241
19505,19.505,0.16413936,4.3830004
19506,19.506,0.17033777,4.3369584
19507,19.507,0.16216554,4.378903
19508,19.508,0.14435405,4.3433537
19509,19.509,0.1562311,4.3498836
19510,19.51,0.16513121,4.361094
19511,19.511,0.16620824,4.3904448
19512,19.512,0.15651125,4.3961515
19513,19.513,0.16253504,4.410586
19514,19.514,0.15035094,4.3679986
19515,19.515,0.15780866,4.310589
19516,19.516,0.15112117,4.3525057
19517,19.517,0.14285663,4.375793
19518,19.518,0.14407845,4.4397326
19519,19.519,0.14642556,4.399931
19520,19.52,0.14674582,4.402311
19521,19.521,0.14603847,4.353622
19522,19.522,0.13873264,4.3374457
19523,19.523,0.14379033,4.3068895
19524,19.524,0.13749734,4.2797694
19525,19.525,0.14046171,4.2908745
19526,19.526,0.14690673,4.2668653
19527,19.527,0.13375054,4.312733
19528,19.528,0.12884276,4.26551
19529,19.529,0.12926468,4.271281
19530,19.53,0.14553878,4.2978234
19531,19.531,0.14034426,4.3483334
19532,19.532,0.1452993,4.3678713
19533,19.533,0.14027806,4.310903
19534,19.534,0.14912193,4.266167
19535,19.535,0.15399551,4.289902
19536,19.536,0.14811009,4.3062224
19537,19.537,0.17148651,4.3149295
19538,19.538,0.1617758,4.3249874
19539,19.539,0.16197534,4.3025246
19540,19.54,0.1567964,4.2550306
19541,19.541,0.15485771,4.300807
19542,19.542,0.16353549,4.293591
19543,19.543,0.14830065,4.2541947
19544,19.544,0.14585045,4.301491
19545,19.545,0.16161674,4.2989807
19546,19.546,0.15235667,4.3128214
19547,19.547,0.1605599,4.321044
19548,19.548,0.16184005,4.2989736
19549,19.549,0.16102175,4.292804
19550,19.55,0.16352421,4.312405
19551,19.551,0.15376522,4.279995
19552,19.552,0.15002976,4.283892
19553,19.553,0.14640917,4.293684
19554,19.554,0.164981,4.281131
19555,19.555,0.15791196,4.2425647
19556,19.556,0.16850343,4.3025246
19557,19.557,0.17253171,4.2931323
19558,19.558,0.1730338,4.2176676
19559,19.559,0.18807305,4.257033
19560,19.56,0.1596337,4.3474765
19561,19.561,0.15761594,4.340841
19562,19.562,0.16967547,4.344224
19563,19.563,0.1670037,4.3522935
19564,19.564,0.18110803,4.3059244
19565,19.565,0.16893885,4.294573
19566,19.566,0.15416084,4.2704983
19567,19.567,0.17205676,4.275633
19568,19.568,0.17463292,4.3251257
19569,19.569,0.17457937,4.311417
19570,19.57,0.17340499,4.3139796
19571,19.571,0.170246,4.293559
19572,19.572,0.15826263,4.324547
19573,19.573,0.15808406,4.3226833
19574,19.574,0.14638816,4.283208
19575,19.575,0.16025841,4.3288813
19576,19.576,0.16446553,4.2787967
19577,19.577,0.16320558,4.324055
19578,19.578,0.15906495,4.3289037
19579,19.579,0.1527616,4.344343
19580,19.58,0.16047862,4.337931
19581,19.581,0.15722392,4.348449
19582,19.582,0.15632205,4.344383
19583,19.583,0.15240069,4.3726945
19584,19.584,0.15519188,4.4030523
19585,19.585,0.1517562,4.3748617
19586,19.586,0.1437608,4.331941
19587,19.587,0.14404982,4.299431
19588,19.588,0.14788811,4.325579
19589,19.589,0.16389741,4.317114
19590,19.59,0.1493631,4.3465476
19591,19.591,0.15676147,4.324833
19592,19.592,0.1616449,4.265426
19593,19.593,0.17346884,4.3209934
19594,19.594,0.17393287,4.287722
19595,19.595,0.18133517,4.327347
19596,19.596,0.17546524,4.3274436
19597,19.597,0.17956693,4.3412995
19598,19.598,0.18484288,4.284553
19599,19.599,0.16802332,4.2799993
19600,19.6,0.17585368,4.329518
19601,19.601,0.16637917,4.262089
19602,19.602,0.16545431,4.3200674
19603,19.603,0.14655618,4.2554994
19604,19.604,0.15707318,4.2211566
19605,19.605,0.15410855,4.23183
19606,19.606,0.15619566,4.264501
19607,19.607,0.17227297,4.258762
19608,19.608,0.15124612,4.266546
19609,19.609,0.14757031,4.2505484
19610,19.61,0.14281398,4.282666
19611,19.611,0.15699208,4.2588596
19612,19.612,0.1443225,4.254896
19613,19.613,0.13537103,4.268229
19614,19.614,0.15257902,4.25108
19615,19.615,0.15489624,4.278944
19616,19.616,0.16025688,4.288904
19617,19.617,0.15438856,4.2505245
19618,19.618,0.1471574,4.319231
19619,19.619,0.13784325,4.28093
19620,19.62,0.13108957,4.26318
19621,19.621,0.13618036,4.25927
19622,19.622,0.1427502,4.268688
19623,19.623,0.1419094,4.2679696
19624,19.624,0.14234966,4.2592063
19625,19.625,0.13008364,4.2406054
19626,19.626,0.14264931,4.197824
19627,19.627,0.1530324,4.219257
19628,19.628,0.15824473,4.197143
19629,19.629,0.16129282,4.2033477
19630,19.63,0.17095935,4.2400875
19631,19.631,0.16244303,4.242817
19632,19.632,0.15405343,4.268608
19633,19.633,0.15385361,4.2073445
19634,19.634,0.16810057,4.2161627
19635,19.635,0.16413261,4.259433
19636,19.636,0.16628669,4.291291
19637,19.637,0.16198179,4.2870436
19638,19.638,0.16049741,4.276709
19639,19.639,0.15471262,4.2620387
19640,19.64,0.17326833,4.2728496
19641,19.641,0.16692115,4.2211742
19642,19.642,0.1620752,4.2148566
19643,19.643,0.15830693,4.2618217
19644,19.644,0.14870544,4.246272
19645,19.645,0.16241463,4.2586107
19646,19.646,0.15981628,4.221327
19647,19.647,0.14719126,4.1979737
19648,19.648,0.14366919,4.202778
19649,19.649,0.14605996,4.174406
19650,19.65,0.12318531,4.1886516
19651,19.651,0.13399138,4.1636086
19652,19.652,0.13304485,4.126385
19653,19.653,0.1298057,4.1489887
19654,19.654,0.12936507,4.1659703
19655,19.655,0.14768119,4.1953993
19656,19.656,0.13641058,4.187548
19657,19.657,0.14606543,4.1865473
19658,19.658,0.12728903,4.1858377
19659,19.659,0.14266613,4.235887
19660,19.66,0.12916136,4.2214255
19661,19.661,0.13035484,4.1874948
19662,19.662,0.13420014,4.147559
19663,19.663,0.1522585,4.184792
19664,19.664,0.13622689,4.1606607
19665,19.665,0.12824397,4.1823063
19666,19.666,0.12879786,4.2327485
19667,19.667,0.12246496,4.2179427
19668,19.668,0.10932211,4.2051435
19669,19.669,0.12600452,4.2287607
19670,19.67,0.11633172,4.221393
19671,19.671,0.11886764,4.201415
19672,19.672,0.13340923,4.2111883
19673,19.673,0.11546267,4.1719356
19674,19.674,0.11726466,4.2155437
19675,19.675,0.12084758,4.204922
19676,19.676,0.11554897,4.2023163
19677,19.677,0.13786334,4.2222958
19678,19.678,0.11795364,4.201892
19679,19.679,0.123307616,4.222691
19680,19.68,0.12387464,4.186425
19681,19.681,0.11966262,4.164874
19682,19.682,0.11866093,4.203426
19683,19.683,0.12588826,4.23986
19684,19.684,0.137116,4.2386937
19685,19.685,0.12771802,4.236836
19686,19.686,0.13626257,4.2035832
19687,19.687,0.15198267,4.2501645
19688,19.688,0.16359568,4.227017
19689,19.689,0.13413365,4.2697864
19690,19.69,0.13221261,4.218687
19691,19.691,0.1435115,4.242243
19692,19.692,0.14817116,4.251389
19693,19.693,0.12947442,4.275146
19694,19.694,0.13180852,4.2674637
19695,19.695,0.13256302,4.2252645
19696,19.696,0.12719183,4.213746
19697,19.697,0.14151257,4.2459846
19698,19.698,0.1547667,4.2242613
19699,19.699,0.15532227,4.20977
19700,19.7,0.14771242,4.2413626
19701,19.701,0.13931021,4.2205706
19702,19.702,0.13982292,4.210164
19703,19.703,0.136494,4.2050395
19704,19.704,0.13384527,4.2019973
19705,19.705,0.1361207,4.2806296
19706,19.706,0.14656961,4.197889
19707,19.707,0.13952954,4.2835913
19708,19.708,0.13805911,4.336367
19709,19.709,0.13845474,4.2561197
19710,19.71,0.13488747,4.2665915
19711,19.711,0.12801203,4.2823296
19712,19.712,0.134709,4.2478027
19713,19.713,0.13371557,4.3152223
19714,19.714,0.13269246,4.2656684
19715,19.715,0.15431122,4.279123
19716,19.716,0.13994344,4.2941146
19717,19.717,0.15724152,4.2283187
19718,19.718,0.13645478,4.2414384
19719,19.719,0.119536065,4.2586513
19720,19.72,0.117392085,4.173659
19721,19.721,0.119584955,4.259873
19722,19.722,0.13361293,4.2366133
19723,19.723,0.123519994,4.2291303
19724,19.724,0.12090001,4.209214
19725,19.725,0.15044911,4.2861805
19726,19.726,0.13383378,4.2340474
19727,19.727,0.12970185,4.205985
19728,19.728,0.13020891,4.2774715
19729,19.729,0.12502214,4.213915
19730,19.73,0.11939908,4.2284455
19731,19.731,0.119175225,4.22852
19732,19.732,0.11779183,4.2090716
19733,19.733,0.13871092,4.264797
19734,19.734,0.14227833,4.2452474
19735,19.735,0.13852893,4.2752385
19736,19.736,0.14468272,4.2382693
19737,19.737,0.12793991,4.2109585
19738,19.738,0.13984008,4.203744
19739,19.739,0.13110223,4.212147
19740,19.74,0.1332588,4.2335515
19741,19.741,0.13059393,4.225139
19742,19.742,0.13571782,4.2255125
19743,19.743,0.1444546,4.23087
19744,19.744,0.1537504,4.220836
19745,19.745,0.14756157,4.2305517
19746,19.746,0.14428498,4.236778
19747,19.747,0.1377986,4.265159
19748,19.748,0.1489349,4.2286606
19749,19.749,0.14365077,4.169128
19750,19.75,0.14798418,4.17904
19751,19.751,0.1367624,4.212205
19752,19.752,0.13919444,4.2289734
19753,19.753,0.14462955,4.2325296
19754,19.754,0.14168377,4.207296
19755,19.755,0.15742768,4.205002
19756,19.756,0.16157828,4.2044673
19757,19.757,0.16086845,4.24181
19758,19.758,0.1525391,4.222016
19759,19.759,0.15491888,4.219674
19760,19.76,0.1622668,4.248972
19761,19.761,0.15113379,4.2100673
19762,19.762,0.14751403,4.2685246
19763,19.763,0.1624631,4.2146387
19764,19.764,0.14623761,4.228211
19765,19.765,0.1425626,4.2027845
19766,19.766,0.14776616,4.2326427
19767,19.767,0.15393718,4.209105
19768,19.768,0.15706378,4.1810246
19769,19.769,0.14592087,4.167309
19770,19.77,0.14382756,4.185796
19771,19.771,0.15757456,4.1938353
19772,19.772,0.13527054,4.1998014
19773,19.773,0.14196402,4.203964
19774,19.774,0.15532385,4.19171
19775,19.775,0.16597894,4.139688
19776,19.776,0.16005288,4.1879272
19777,19.777,0.16875483,4.1794696
19778,19.778,0.18584077,4.1809072
19779,19.779,0.16146019,4.1943083
19780,19.78,0.14083485,4.1874986
19781,19.781,0.15386762,4.199334
19782,19.782,0.14483234,4.1685796
19783,19.783,0.14905094,4.1567583
19784,19.784,0.16120468,4.155334
19785,19.785,0.16171531,4.1433353
19786,19.786,0.16436225,4.1779113
19787,19.787,0.14531879,4.1674113
19788,19.788,0.13925631,4.1778584
19789,19.789,0.1458302,4.1924596
19790,19.79,0.13242418,4.242586
19791,19.791,0.13555951,4.2052245
19792,19.792,0.14535223,4.2167225
19793,19.793,0.1516982,4.2288465
19794,19.794,0.14530185,4.1956778
19795,19.795,0.14215718,4.2710423
19796,19.796,0.14606248,4.2317123
19797,19.797,0.15376881,4.2466054
19798,19.798,0.1366242,4.2790427
19799,19.799,0.14497457,4.2985587
19800,19.8,0.13963622,4.3020663
19801,19.801,0.14768785,4.2796745
19802,19.802,0.1435205,4.275124
19803,19.803,0.14515442,4.284889
19804,19.804,0.14507768,4.2773266
19805,19.805,0.14944711,4.2534137
19806,19.806,0.16333295,4.260958
19807,19.807,0.16296451,4.3393297
19808,19.808,0.18397808,4.3453183
19809,19.809,0.1743946,4.271666
19810,19.81,0.18568908,4.263671
19811,19.811,0.17201455,4.2416706
19812,19.812,0.17429826,4.2669935
19813,19.813,0.1737598,4.301927
19814,19.814,0.16880842,4.2420235
19815,19.815,0.15901658,4.220142
19816,19.816,0.18967903,4.2368884
19817,19.817,0.17992258,4.2112412
19818,19.818,0.16357312,4.281991
19819,19.819,0.16128367,4.2602277
19820,19.82,0.16943961,4.2459702
19821,19.821,0.15844019,4.2480016
19822,19.822,0.16261224,4.245123
19823,19.823,0.15219586,4.2212133
19824,19.824,0.15234536,4.2649255
19825,19.825,0.16777816,4.290729
19826,19.826,0.16580573,4.2465205
19827,19.827,0.16293015,4.1935606
19828,19.828,0.18758234,4.233575
19829,19.829,0.17814896,4.2456264
19830,19.83,0.18452972,4.2402177
19831,19.831,0.17966592,4.2202554
19832,19.832,0.18019561,4.2829843
19833,19.833,0.16872784,4.2557025
19834,19.834,0.15722783,4.306862
19835,19.835,0.15836406,4.249737
19836,19.836,0.14680618,4.247559
19837,19.837,0.14460318,4.337635
19838,19.838,0.15158622,4.2837815
19839,19.839,0.14986728,4.3310504
19840,19.84,0.14300212,4.3578854
19841,19.841,0.14579011,4.352746
19842,19.842,0.14531963,4.3442855
19843,19.843,0.13947573,4.3470364
19844,19.844,0.1507143,4.3731847
19845,19.845,0.1530316,4.360859
19846,19.846,0.14210308,4.4031034
19847,19.847,0.14160211,4.3700395
19848,19.848,0.13860975,4.363646
19849,19.849,0.1367156,4.3587284
19850,19.85,0.13584425,4.3422556
19851,19.851,0.15275192,4.34641
19852,19.852,0.14141905,4.3798885
19853,19.853,0.15835318,4.327278
19854,19.854,0.16752383,4.318487
19855,19.855,0.16088605,4.344165
19856,19.856,0.15353416,4.325377
19857,19.857,0.16348921,4.3638544
19858,19.858,0.17100579,4.2857866
19859,19.859,0.1659704,4.245364
19860,19.86,0.16059169,4.248371
19861,19.861,0.16113062,4.301083
19862,19.862,0.15188223,4.3303814
19863,19.863,0.14677936,4.3702965
19864,19.864,0.1503714,4.335389
19865,19.865,0.13095337,4.389668
19866,19.866,0.14715782,4.3373885
19867,19.867,0.151146,4.359139
19868,19.868,0.1505501,4.338352
19869,19.869,0.1472038,4.3997135
19870,19.87,0.14578293,4.4295745
19871,19.871,0.14708002,4.4018044
19872,19.872,0.13899937,4.4054694
19873,19.873,0.15072083,4.3658185
19874,19.874,0.15455306,4.364369
19875,19.875,0.15008593,4.406329
19876,19.876,0.16155887,4.3523965
19877,19.877,0.15953307,4.334883
19878,19.878,0.1527632,4.2970843
19879,19.879,0.15350811,4.3042617
19880,19.88,0.1569952,4.2995644
19881,19.881,0.16263987,4.3226852
19882,19.882,0.17157906,4.289722
19883,19.883,0.15744956,4.277886
19884,19.884,0.15715973,4.30542
19885,19.885,0.14710219,4.2861648
19886,19.886,0.15375121,4.342936
19887,19.887,0.16338229,4.3070445
19888,19.888,0.16491683,4.257868
19889,19.889,0.19238481,4.275642
19890,19.89,0.18985152,4.3084292
19891,19.891,0.19383736,4.3424463
19892,19.892,0.19255231,4.3780065
19893,19.893,0.17822424,4.3077464
19894,19.894,0.18364435,4.2876964
19895,19.895,0.184422,4.2824545
19896,19.896,0.1811145,4.3565855
19897,19.897,0.18360916,4.2669587
19898,19.898,0.16952492,4.3711195
19899,19.899,0.17545824,4.340217
19900,19.9,0.17989112,4.3478785
19901,19.901,0.16755322,4.388591
19902,19.902,0.17702363,4.3221655
19903,19.903,0.18091667,4.312844
19904,19.904,0.18068117,4.3311634
19905,19.905,0.1606162,4.385995
19906,19.906,0.15076818,4.321011
19907,19.907,0.17162782,4.3605757
19908,19.908,0.16828786,4.420977
19909,19.909,0.16724889,4.354318
19910,19.91,0.17875336,4.3032055
19911,19.911,0.18352906,4.2626863
19912,19.912,0.18403123,4.2474184
19913,19.913,0.17851123,4.2094316
19914,19.914,0.17588168,4.257774
19915,19.915,0.17513603,4.2941055
19916,19.916,0.17580435,4.261576
19917,19.917,0.166119,4.2693133
19918,19.918,0.1576659,4.3257957
19919,19.919,0.1833137,4.321879
19920,19.92,0.16465509,4.267152
19921,19.921,0.1746294,4.2296605
19922,19.922,0.1737173,4.225796
19923,19.923,0.169957,4.2634144
19924,19.924,0.15763976,4.28026
19925,19.925,0.16732024,4.2752104
19926,19.926,0.1530706,4.322699
19927,19.927,0.15145993,4.312701
19928,19.928,0.14885804,4.340972
19929,19.929,0.15380763,4.3170023
19930,19.93,0.16463491,4.311764
19931,19.931,0.17353302,4.242148
19932,19.932,0.17331377,4.2619166
19933,19.933,0.16722865,4.2685757
19934,19.934,0.1607686,4.2636266
19935,19.935,0.16556583,4.299931
19936,19.936,0.1695115,4.2755084
19937,19.937,0.151787,4.3020816
19938,19.938,0.1607219,4.2760363
19939,19.939,0.15608335,4.288255
19940,19.94,0.15741087,4.2889986
19941,19.941,0.17611101,4.2619724
19942,19.942,0.16979907,4.2994075
19943,19.943,0.1707505,4.248381
19944,19.944,0.17674571,4.3035507
19945,19.945,0.16839787,4.243637
19946,19.946,0.17668478,4.2648354
19947,19.947,0.16796692,4.1991606
19948,19.948,0.16079232,4.2156186
19949,19.949,0.170384,4.188435
19950,19.95,0.18122657,4.2014055
19951,19.951,0.18577223,4.1938896
19952,19.952,0.1739548,4.1939244
19953,19.953,0.17461143,4.200707
19954,19.954,0.16755909,4.269886
19955,19.955,0.16981031,4.212137
19956,19.956,0.16249491,4.232631
19957,19.957,0.16899784,4.2928333
19958,19.958,0.16133554,4.280169
19959,19.959,0.16022077,4.306837
19960,19.96,0.14872903,4.268121
19961,19.961,0.15779892,4.242784
19962,19.962,0.16094685,4.2387347
19963,19.963,0.16658428,4.2649455
19964,19.964,0.1619951,4.27388
19965,19.965,0.14018854,4.326483
19966,19.966,0.14677978,4.326779
19967,19.967,0.14361821,4.3424697
19968,19.968,0.14064644,4.3656497
19969,19.969,0.15695249,4.3112993
19970,19.97,0.1463209,4.400144
19971,19.971,0.15303884,4.4005666
19972,19.972,0.15053047,4.4349804
19973,19.973,0.1567956,4.497934
19974,19.974,0.15078858,4.5554914
19975,19.975,0.14921597,4.593767
19976,19.976,0.15613064,4.5596795
19977,19.977,0.1427459,4.515643
19978,19.978,0.15010849,4.5209966
19979,19.979,0.15843785,4.4724936
19980,19.98,0.15152614,4.4936223
19981,19.981,0.13037702,4.4910603
19982,19.982,0.15097493,4.48257
19983,19.983,0.14406307,4.4402857
19984,19.984,0.14518875,4.481041
19985,19.985,0.14890514,4.4669266
19986,19.986,0.14316425,4.483377
19987,19.987,0.13528419,4.5158143
19988,19.988,0.13534603,4.5462127
19989,19.989,0.13569516,4.5549655
19990,19.99,0.13956746,4.541363
19991,19.991,0.13050061,4.511381
19992,19.992,0.1322326,4.4687185
19993,19.993,0.14100601,4.511871
19994,19.994,0.1279601,4.570198
19995,19.995,0.12303537,4.56596
19996,19.996,0.1401903,4.5599756
19997,19.997,0.14379033,4.551936
19998,19.998,0.13167308,4.603972
19999,19.999,0.1357935,4.555588
