frame,time_ns,protein_ca_rmsd_nm,ligand_rmsd_nm
0,0.0,0.0,0.0
1,0.001,0.04586285,0.1286726
2,0.002,0.058865376,0.09722446
3,0.003,0.06706447,0.17468774
4,0.004,0.07182519,0.23989429
5,0.005,0.095118545,0.28281263
6,0.006,0.07851171,0.32020852
7,0.007,0.07682693,0.2636213
8,0.008,0.07670948,0.20610256
9,0.009,0.099274,0.27006134
10,0.01,0.09755203,0.394047
11,0.011,0.08116995,0.4786981
12,0.012,0.093801774,0.41064364
13,0.013,0.11116551,0.49570757
14,0.014,0.1080394,0.49771392
15,0.015,0.1153602,0.513074
16,0.016,0.10887288,0.55120873
17,0.017,0.11109685,0.51390356
18,0.018,0.09783601,0.5332232
19,0.019,0.08485185,0.4300712
20,0.02,0.06619004,0.51924646
21,0.021,0.053135097,0.46300924
22,0.022,0.08264057,0.5473463
23,0.023,0.0863749,0.5247699
24,0.024,0.08086746,0.38494542
25,0.025,0.0790195,0.29582205
26,0.026,0.083048016,0.37013316
27,0.027,0.06202471,0.3319004
28,0.028,0.05582141,0.35532898
29,0.029,0.075245835,0.37537125
30,0.03,0.08526771,0.37780315
31,0.031,0.07431214,0.34869382
32,0.032,0.07730093,7.010675
33,0.033,0.08411297,6.8278313
34,0.034,0.07481754,6.729971
35,0.035,0.10338992,6.807208
36,0.036,0.09999566,6.858818
37,0.037,0.12694356,6.8877883
38,0.038,0.109908484,7.019222
39,0.039,0.10998418,7.0287137
40,0.04,0.09543157,6.982164
41,0.041,0.11535419,7.0412083
42,0.042,0.14035676,7.1593223
43,0.043,0.117901474,7.032507
44,0.044,0.14690164,7.1334853
45,0.045,0.16449596,7.1218734
46,0.046,0.16714779,7.177201
47,0.047,0.17908692,7.306074
48,0.048,0.17130372,7.2334948
49,0.049,0.15305836,7.3417625
50,0.05,0.15212658,7.3974915
51,0.051,0.1468607,7.3493266
52,0.052,0.14782412,7.131163
53,0.053,0.15084612,7.1024547
54,0.054,0.14005005,7.0513167
55,0.055,0.1463782,6.919043
56,0.056,0.15096563,6.8246403
57,0.057,0.12675948,6.712674
58,0.058,0.117883824,6.653365
59,0.059,0.113704965,6.800199
60,0.06,0.1260755,6.7656336
61,0.061,0.11529003,6.785377
62,0.062,0.12840308,6.793127
63,0.063,0.12400468,6.861769
64,0.064,0.12330167,6.938102
65,0.065,0.12159674,6.802843
66,0.066,0.14628656,6.846203
67,0.067,0.14319742,6.859862
68,0.068,0.14309083,6.9244537
69,0.069,0.16010138,6.977949
70,0.07,0.1553582,6.915227
71,0.071,0.16703156,6.9334626
72,0.072,0.15696451,6.978768
73,0.073,0.13004369,7.14042
74,0.074,0.112843655,7.0937686
75,0.075,0.11966873,7.2076416
76,0.076,0.13026041,7.279609
77,0.077,0.13360566,7.061681
78,0.078,0.13821724,7.186041
79,0.079,0.15806971,7.1898594
80,0.08,0.16504738,7.3334274
81,0.081,0.14231966,7.1750774
82,0.082,0.14440483,7.1878586
83,0.083,0.14300355,6.9563923
84,0.084,0.14282075,6.8969374
85,0.085,0.14847021,6.993694
86,0.086,0.15267725,6.8946495
87,0.087,0.14037488,6.964783
88,0.088,0.12827338,6.9907203
89,0.089,0.13153386,6.9253397
90,0.09,0.14136289,6.8940773
91,0.091,0.1422498,6.7285414
92,0.092,0.141882,6.6456437
93,0.093,0.13480979,6.7033997
94,0.094,0.1357787,6.5975237
95,0.095,0.150984,6.4959083
96,0.096,0.13074581,6.5910215
97,0.097,0.1366883,6.5185366
98,0.098,0.13890967,6.4930415
99,0.099,0.13966158,6.4078918
100,0.1,0.13860475,6.297985
101,0.101,0.13936329,6.702172
102,0.102,0.13867979,6.7707
103,0.103,0.12273222,6.37896
104,0.104,0.1526288,6.7207766
105,0.105,0.13920395,6.751235
106,0.106,0.14387713,6.81396
107,0.107,0.14847487,6.804702
108,0.108,0.1353848,6.7415967
109,0.109,0.114709035,6.731485
110,0.11,0.12979099,6.0972047
111,0.111,0.13988984,6.05276
112,0.112,0.14153287,6.045629
113,0.113,0.13693503,6.0863943
114,0.114,0.12358635,6.2006507
115,0.115,0.12709646,6.3709574
116,0.116,0.10095746,6.2842264
117,0.117,0.08715032,6.061715
118,0.118,0.07992424,6.018579
119,0.119,0.097807646,5.9704704
120,0.12,0.08497165,6.0587497
121,0.121,0.086748816,6.02975
122,0.122,0.10444004,6.081106
123,0.123,0.10552573,5.9999166
124,0.124,0.100764915,6.0832067
125,0.125,0.10114507,6.238558
126,0.126,0.1146667,6.207734
127,0.127,0.15465719,6.1465673
128,0.128,0.14789605,6.2557344
129,0.129,0.1528165,6.1233077
130,0.13,0.13698229,6.1374097
131,0.131,0.16388485,6.210158
132,0.132,0.16749184,6.084156
133,0.133,0.16435254,6.193249
134,0.134,0.19230762,6.1538105
135,0.135,0.22156121,6.041582
136,0.136,0.21182998,6.153681
137,0.137,0.21554744,6.0872407
138,0.138,0.1898076,5.855903
139,0.139,0.18412188,5.7593656
140,0.14,0.21065782,5.7607665
141,0.141,0.21105255,5.559154
142,0.142,0.21071269,5.765446
143,0.143,0.17963473,5.714316
144,0.144,0.17507751,5.7254705
145,0.145,0.15614492,5.578484
146,0.146,0.1855802,5.6109443
147,0.147,0.18028608,5.7136126
148,0.148,0.18810198,5.8536
149,0.149,0.18290742,5.8332686
150,0.15,0.18203826,5.79035
151,0.151,0.18411435,5.7669063
152,0.152,0.17611763,5.65568
153,0.153,0.16046344,5.497175
154,0.154,0.13609843,5.3005643
155,0.155,0.10582108,5.3066726
156,0.156,0.13036864,5.4494743
157,0.157,0.12851647,5.6821823
158,0.158,0.12474635,5.763203
159,0.159,0.117353104,5.8360314
160,0.16,0.10769003,5.7945533
161,0.161,0.109245986,5.8062525
162,0.162,0.09124048,5.765437
163,0.163,0.093969226,5.7363486
164,0.164,0.11461628,5.798738
165,0.165,0.13320532,5.671025
166,0.166,0.11824022,5.9187355
167,0.167,0.11114471,5.864784
168,0.168,0.13267317,5.8636026
169,0.169,0.12582035,5.727964
170,0.17,0.14762537,5.73327
171,0.171,0.16793296,5.759733
172,0.172,0.16044758,5.788068
173,0.173,0.17074813,5.714474
174,0.174,0.16006094,5.715824
175,0.175,0.18087117,5.561503
176,0.176,0.18983805,5.6004863
177,0.177,0.16839902,5.561966
178,0.178,0.16504318,5.6675253
179,0.179,0.1557936,5.782781
180,0.18,0.13199706,5.745527
181,0.181,0.13435283,5.562016
182,0.182,0.14881705,5.4380994
183,0.183,0.16212328,5.231527
184,0.184,0.16643114,5.153542
185,0.185,0.13673228,5.1115055
186,0.186,0.13525154,5.189711
187,0.187,0.108891994,5.2278795
188,0.188,0.1157823,4.976683
189,0.189,0.14404896,5.2207713
190,0.19,0.11842583,5.134749
191,0.191,0.111487396,5.251717
192,0.192,0.11599775,5.240606
193,0.193,0.100987226,5.239001
194,0.194,0.09667356,5.2950325
195,0.195,0.09067876,5.224339
196,0.196,0.10782305,5.181106
197,0.197,0.11266937,5.4032726
198,0.198,0.1054819,5.388768
199,0.199,0.09854004,5.4179926
200,0.2,0.09726484,5.495066
201,0.201,0.08800826,5.535226
202,0.202,0.11436993,5.631881
203,0.203,0.12895826,5.72196
204,0.204,0.14683238,5.8342843
205,0.205,0.1407351,5.7894344
206,0.206,0.16242674,5.753638
207,0.207,0.14905609,5.639718
208,0.208,0.13771115,5.659707
209,0.209,0.12818864,5.593363
210,0.21,0.12959135,5.605492
211,0.211,0.12803344,5.7321095
212,0.212,0.13473946,5.682887
213,0.213,0.11059001,5.7027736
214,0.214,0.100443184,5.689016
215,0.215,0.10366237,5.6127906
216,0.216,0.117388554,5.583174
217,0.217,0.10774369,5.783417
218,0.218,0.10534593,5.6510286
219,0.219,0.094018415,5.5504994
220,0.22,0.07957346,5.5698104
221,0.221,0.096222915,5.6119413
222,0.222,0.101039864,5.710309
223,0.223,0.105984814,5.7085166
224,0.224,0.116995975,5.689784
225,0.225,0.12876269,5.7706623
226,0.226,0.11845901,5.768761
227,0.227,0.12331105,5.5946035
228,0.228,0.12372657,5.537479
229,0.229,0.11402982,5.608173
230,0.23,0.10587132,5.5960402
231,0.231,0.101523794,5.8216968
232,0.232,0.11991962,5.808918
233,0.233,0.11217582,5.841059
234,0.234,0.12511832,5.8341784
235,0.235,0.10522954,5.8237147
236,0.236,0.11534417,5.8051662
237,0.237,0.08926029,5.8921676
238,0.238,0.0932034,5.888697
239,0.239,0.101555675,5.7886343
240,0.24,0.10324447,5.810856
241,0.241,0.09645569,5.931374
242,0.242,0.08906063,5.9137974
243,0.243,0.102997854,5.8967085
244,0.244,0.12050812,5.9527974
245,0.245,0.10683649,5.8470135
246,0.246,0.093386784,5.975797
247,0.247,0.095375836,6.1477714
248,0.248,0.09461652,6.173059
249,0.249,0.09351543,6.48964
250,0.25,0.109605156,6.441069
251,0.251,0.09925771,6.4561443
252,0.252,0.113542184,6.4425125
253,0.253,0.09851422,6.526215
254,0.254,0.118831195,6.5312734
255,0.255,0.10458825,6.4102597
256,0.256,0.088956736,6.555845
257,0.257,0.0953225,6.4649396
258,0.258,0.08138613,6.646776
259,0.259,0.09690764,6.6906815
260,0.26,0.09479473,6.636543
261,0.261,0.09281564,6.681844
262,0.262,0.118644275,6.7649674
263,0.263,0.11175252,6.65177
264,0.264,0.11628042,6.6732893
265,0.265,0.11801319,6.716433
266,0.266,0.10070295,6.7026734
267,0.267,0.100150436,6.5477524
268,0.268,0.10418738,6.5581274
269,0.269,0.10491049,6.524823
270,0.27,0.093855985,6.604243
271,0.271,0.106326744,6.4930177
272,0.272,0.1073266,6.65067
273,0.273,0.12677589,6.661734
274,0.274,0.11962429,6.7062464
275,0.275,0.10953975,6.717544
276,0.276,0.11008083,6.893975
277,0.277,0.115221836,6.887812
278,0.278,0.11726442,6.906948
279,0.279,0.12252295,6.8420153
280,0.28,0.10993372,6.869012
281,0.281,0.10457278,6.854749
282,0.282,0.12133026,6.951978
283,0.283,0.11927202,6.9211836
284,0.284,0.11642746,7.038713
285,0.285,0.10341451,6.8728776
286,0.286,0.10963047,6.927198
287,0.287,0.10549724,6.8342595
288,0.288,0.11831841,6.9379706
289,0.289,0.113058574,6.730814
290,0.29,0.09397414,6.84606
291,0.291,0.090116106,6.8433604
292,0.292,0.082489364,6.85313
293,0.293,0.0993229,6.917085
294,0.294,0.101773985,6.94068
295,0.295,0.08608265,6.902665
296,0.296,0.09767992,6.849721
297,0.297,0.10151696,6.885694
298,0.298,0.1220522,6.89642
299,0.299,0.10624408,7.000199
300,0.3,0.110175304,6.9485526
301,0.301,0.106810525,6.9910393
302,0.302,0.10331163,6.774178
303,0.303,0.11512347,6.6632814
304,0.304,0.13525154,6.6299615
305,0.305,0.13351737,6.411464
306,0.306,0.11354625,6.459908
307,0.307,0.12476859,6.3958135
308,0.308,0.1355111,6.206535
309,0.309,0.13005614,6.7378073
310,0.31,0.14192925,6.727243
311,0.311,0.1521904,6.7172256
312,0.312,0.14199114,6.7791243
313,0.313,0.15604271,6.7372317
314,0.314,0.14027438,6.128064
315,0.315,0.13311158,6.715773
316,0.316,0.12930737,6.8121214
317,0.317,0.14219128,6.766116
318,0.318,0.123545185,6.7710595
319,0.319,0.121655665,6.69039
320,0.32,0.14361335,6.652531
321,0.321,0.14283046,6.6234317
322,0.322,0.13254066,6.650761
323,0.323,0.109165534,6.7008233
324,0.324,0.10792806,6.678591
325,0.325,0.13909096,6.71703
326,0.326,0.14229853,6.671219
327,0.327,0.13936494,6.705432
328,0.328,0.15800828,6.6752706
329,0.329,0.15707347,6.7075515
330,0.33,0.15903501,6.639361
331,0.331,0.16694017,6.5871015
332,0.332,0.15677439,6.6309423
333,0.333,0.15980218,6.6660223
334,0.334,0.14802887,6.7518287
335,0.335,0.1448556,6.7007904
336,0.336,0.13057418,6.6980953
337,0.337,0.12055607,6.715716
338,0.338,0.12537122,6.7541347
339,0.339,0.13219833,6.716169
340,0.34,0.1427009,6.715897
341,0.341,0.15218888,6.71963
342,0.342,0.16183496,6.805114
343,0.343,0.15276808,6.7715473
344,0.344,0.13726555,6.760556
345,0.345,0.15702341,6.758918
346,0.346,0.15017179,6.755556
347,0.347,0.14570856,6.710344
348,0.348,0.17497976,6.7254558
349,0.349,0.16342431,6.633971
350,0.35,0.17143053,6.6501513
351,0.351,0.15287247,6.134315
352,0.352,0.16837156,6.0268903
353,0.353,0.15689674,6.6440916
354,0.354,0.14627708,6.6821294
355,0.355,0.1408796,6.677438
356,0.356,0.13382524,6.671845
357,0.357,0.14069732,6.613912
358,0.358,0.12187401,6.6441746
359,0.359,0.10943417,6.6901183
360,0.36,0.12220364,6.7945404
361,0.361,0.14955316,6.7687554
362,0.362,0.14540361,11.252386
363,0.363,0.139597,11.227102
364,0.364,0.13883641,11.153431
365,0.365,0.1279142,11.1303
366,0.366,0.111362904,10.478151
367,0.367,0.10540735,10.580295
368,0.368,0.13003837,10.542777
369,0.369,0.114962704,10.564029
370,0.37,0.114341624,10.634821
371,0.371,0.12648927,10.698775
372,0.372,0.13030122,5.920907
373,0.373,0.14393657,10.732592
374,0.374,0.15227088,10.700664
375,0.375,0.1588692,10.684611
376,0.376,0.14644293,10.667255
377,0.377,0.17047575,10.695094
378,0.378,0.17043777,10.742279
379,0.379,0.15096563,6.106366
380,0.38,0.16200773,10.701668
381,0.381,0.1685047,10.563321
382,0.382,0.18456836,10.48252
383,0.383,0.19212961,10.49326
384,0.384,0.20648333,10.441067
385,0.385,0.21183652,10.478231
386,0.386,0.21299241,10.574091
387,0.387,0.2053606,10.652696
388,0.388,0.23218177,10.470275
389,0.389,0.23172528,10.4528885
390,0.39,0.2447353,10.416986
391,0.391,0.2320463,10.404148
392,0.392,0.20661318,10.430501
393,0.393,0.19417162,10.385822
394,0.394,0.19233045,10.338653
395,0.395,0.19973335,10.4425335
396,0.396,0.19109316,10.434099
397,0.397,0.19663496,10.396191
398,0.398,0.21995996,10.362258
399,0.399,0.18560262,10.315775
400,0.4,0.19534445,10.383023
401,0.401,0.19568974,10.3847275
402,0.402,0.17261189,10.301331
403,0.403,0.1512074,10.27592
404,0.404,0.15948938,10.280546
405,0.405,0.16966146,10.380505
406,0.406,0.17931657,5.077067
407,0.407,0.16435957,4.7450705
408,0.408,0.16469821,4.6499577
409,0.409,0.16721277,4.7800045
410,0.41,0.14037488,4.821938
411,0.411,0.16651447,4.7613406
412,0.412,0.14920339,4.8260684
413,0.413,0.1418217,4.61899
414,0.414,0.13227177,4.6154766
415,0.415,0.14839388,4.570254
416,0.416,0.13536772,9.85046
417,0.417,0.12704188,4.211005
418,0.418,0.11907414,9.834881
419,0.419,0.13616297,9.801667
420,0.42,0.12373965,9.839259
421,0.421,0.12881476,9.81996
422,0.422,0.13424438,9.85943
423,0.423,0.13163401,9.935995
424,0.424,0.13634452,4.2488084
425,0.425,0.12746155,9.871192
426,0.426,0.120824255,4.281287
427,0.427,0.11415748,4.392896
428,0.428,0.11857021,4.397988
429,0.429,0.124183536,4.4113264
430,0.43,0.122298196,9.837563
431,0.431,0.12878424,9.919044
432,0.432,0.1424739,9.943215
433,0.433,0.12841208,4.7083464
434,0.434,0.12930559,9.803584
435,0.435,0.13315499,9.846954
436,0.436,0.1481834,9.771656
437,0.437,0.14486678,9.76297
438,0.438,0.14052632,9.853874
439,0.439,0.15221775,9.745718
440,0.44,0.15673015,9.86361
441,0.441,0.16201344,9.811908
442,0.442,0.15462281,9.754224
443,0.443,0.15007785,9.796823
444,0.444,0.15224811,9.787981
445,0.445,0.14959799,9.880376
446,0.446,0.16929996,9.980988
447,0.447,0.15850206,9.9271345
448,0.448,0.15283313,9.903674
449,0.449,0.15175684,9.901466
450,0.45,0.15520185,9.997385
451,0.451,0.14860716,9.923424
452,0.452,0.1534265,9.883351
453,0.453,0.1600205,9.910808
454,0.454,0.17125243,9.866749
455,0.455,0.14749219,9.940697
456,0.456,0.14322808,9.940005
457,0.457,0.13947274,9.959405
458,0.458,0.12065,10.014399
459,0.459,0.12618183,10.022834
460,0.46,0.121917635,9.989071
461,0.461,0.1330247,10.0271
462,0.462,0.13193224,10.052678
463,0.463,0.15510648,10.111257
464,0.464,0.14590676,9.988659
465,0.465,0.13669,10.057594
466,0.466,0.14260042,10.242045
467,0.467,0.13973275,10.249464
468,0.468,0.1429421,10.339253
469,0.469,0.1365834,10.263115
470,0.47,0.13157076,10.242375
471,0.471,0.13441822,10.210296
472,0.472,0.13192172,10.209111
473,0.473,0.15967771,10.200673
474,0.474,0.15580103,10.134134
475,0.475,0.15362827,9.996114
476,0.476,0.15203993,10.0174265
477,0.477,0.15529865,10.038008
478,0.478,0.1585458,10.062429
479,0.479,0.1600985,9.910296
480,0.48,0.15479466,9.81205
481,0.481,0.14608096,9.800901
482,0.482,0.13521905,9.7582855
483,0.483,0.13267317,9.804281
484,0.484,0.13695191,9.879153
485,0.485,0.1375751,9.731083
486,0.486,0.14477259,9.64198
487,0.487,0.14277865,9.805134
488,0.488,0.13817541,9.773807
489,0.489,0.1262551,9.758364
490,0.49,0.13496576,9.855351
491,0.491,0.14421739,9.891911
492,0.492,0.14859629,9.888783
493,0.493,0.15992801,9.823361
494,0.494,0.16433987,9.688842
495,0.495,0.15510948,9.545675
496,0.496,0.14617273,9.70679
497,0.497,0.14888074,9.622986
498,0.498,0.13429949,9.63841
499,0.499,0.13022846,9.601395
500,0.5,0.13224904,9.561521
501,0.501,0.12956458,9.5142355
502,0.502,0.14669217,9.431462
503,0.503,0.1214274,9.35468
504,0.504,0.13457635,9.329349
505,0.505,0.11790735,9.254611
506,0.506,0.14909953,9.272482
507,0.507,0.15236044,9.2761135
508,0.508,0.18239859,9.231018
509,0.509,0.18447062,9.209224
510,0.51,0.19643146,9.122354
511,0.511,0.17577863,9.166452
512,0.512,0.16099995,9.100355
513,0.513,0.17590615,9.067757
514,0.514,0.18574333,9.099606
515,0.515,0.18690968,9.029002
516,0.516,0.17862158,9.170581
517,0.517,0.20040704,9.149023
518,0.518,0.20261787,9.213914
519,0.519,0.19938232,9.097226
520,0.52,0.20674518,9.031063
521,0.521,0.1959896,9.106614
522,0.522,0.19012524,8.927565
523,0.523,0.17408429,8.984474
524,0.524,0.16448753,8.94991
525,0.525,0.16035967,9.031624
526,0.526,0.1707874,8.917817
527,0.527,0.17637342,8.964464
528,0.528,0.15942559,8.99993
529,0.529,0.17721428,8.985401
530,0.53,0.19127817,8.959996
531,0.531,0.1707549,8.996795
532,0.532,0.17979683,8.930718
533,0.533,0.16736065,8.98933
534,0.534,0.18445559,9.056579
535,0.535,0.1817561,9.02253
536,0.536,0.19356582,8.963928
537,0.537,0.1934786,8.931395
538,0.538,0.17654374,9.029111
539,0.539,0.17919405,8.935466
540,0.54,0.16295111,8.938208
541,0.541,0.17891774,8.997545
542,0.542,0.16743523,9.021562
543,0.543,0.17963603,9.097998
544,0.544,0.18243662,9.100582
545,0.545,0.1880774,9.255568
546,0.546,0.1864899,9.265325
547,0.547,0.1936124,9.186894
548,0.548,0.1935025,9.100594
549,0.549,0.18482621,9.015019
550,0.55,0.17612551,9.127595
551,0.551,0.18538451,9.094786
552,0.552,0.18022965,9.156967
553,0.553,0.18124403,9.153825
554,0.554,0.1660473,9.154387
555,0.555,0.16927812,9.074982
556,0.556,0.17987268,9.178194
557,0.557,0.16596653,9.212786
558,0.558,0.15718383,9.218947
559,0.559,0.16561092,9.239779
560,0.56,0.15701164,9.335147
561,0.561,0.1482068,9.360821
562,0.562,0.14625338,9.28948
563,0.563,0.13960363,9.344821
564,0.564,0.1391674,9.294048
565,0.565,0.13763727,9.314325
566,0.566,0.13937822,9.41192
567,0.567,0.15694389,9.404402
568,0.568,0.15217064,9.446397
569,0.569,0.14442404,9.454516
570,0.57,0.15298887,9.412191
571,0.571,0.1742197,9.467562
572,0.572,0.16245236,9.414615
573,0.573,0.1658216,9.380761
574,0.574,0.17518972,9.159144
575,0.575,0.15882699,9.23911
576,0.576,0.1441773,9.115862
577,0.577,0.13306293,9.0602
578,0.578,0.16449034,8.972713
579,0.579,0.17625278,8.798755
580,0.58,0.18060127,8.796936
581,0.581,0.178155,8.777163
582,0.582,0.17189518,8.725213
583,0.583,0.16511461,8.769209
584,0.584,0.14963043,8.748635
585,0.585,0.1422124,8.848506
586,0.586,0.14397833,8.797814
587,0.587,0.13529596,8.830878
588,0.588,0.15532099,8.703272
589,0.589,0.173732,8.749769
590,0.59,0.1714238,8.752719
591,0.591,0.1506406,8.810588
592,0.592,0.14379676,8.909562
593,0.593,0.13789906,8.836115
594,0.594,0.15854144,8.761315
595,0.595,0.16006383,8.7104845
596,0.596,0.16118796,8.732057
597,0.597,0.15624705,8.766556
598,0.598,0.1682067,8.744116
599,0.599,0.16083328,8.761436
600,0.6,0.1644327,8.800847
601,0.601,0.15430549,8.637763
602,0.602,0.16438489,8.581876
603,0.603,0.16699556,8.548383
604,0.604,0.17963345,8.526122
605,0.605,0.1628901,8.449335
606,0.606,0.16315955,8.368033
607,0.607,0.18244295,8.424381
608,0.608,0.19501397,8.467474
609,0.609,0.1906171,8.3928175
610,0.61,0.18140087,8.410323
611,0.611,0.20701562,8.655546
612,0.612,0.21748547,8.664511
613,0.613,0.20933008,8.58504
614,0.614,0.20478113,4.221434
615,0.615,0.20314775,4.2535596
616,0.616,0.21974649,8.407658
617,0.617,0.21699594,8.492703
618,0.618,0.20997849,4.5913324
619,0.619,0.20163992,4.5707264
620,0.62,0.19765288,4.6254263
621,0.621,0.18682183,4.4023585
622,0.622,0.18857948,4.4676967
623,0.623,0.18990259,4.517042
624,0.624,0.17736425,4.526737
625,0.625,0.19013377,4.4903507
626,0.626,0.19449759,4.6178813
627,0.627,0.19234729,4.4650702
628,0.628,0.1824835,4.421218
629,0.629,0.15882699,4.4447436
630,0.63,0.15312482,4.481325
631,0.631,0.16271259,4.4448853
632,0.632,0.13105842,4.42265
633,0.633,0.13286993,8.806881
634,0.634,0.13555203,8.771261
635,0.635,0.143557,8.658746
636,0.636,0.1453209,8.697071
637,0.637,0.139597,8.8143
638,0.638,0.14331685,8.77613
639,0.639,0.14475982,8.75873
640,0.64,0.12684518,8.784971
641,0.641,0.12777677,8.859558
642,0.642,0.13614598,8.881881
643,0.643,0.112728864,8.7719755
644,0.644,0.089252524,8.793307
645,0.645,0.092588685,8.859826
646,0.646,0.1042628,8.777554
647,0.647,0.1044334,8.739527
648,0.648,0.10748158,8.699843
649,0.649,0.12923405,8.723565
650,0.65,0.111787684,8.718678
651,0.651,0.096879005,8.793266
652,0.652,0.093779586,8.900875
653,0.653,0.09754255,8.786879
654,0.654,0.093126476,8.638434
655,0.655,0.07226483,8.696724
656,0.656,0.07328144,8.598656
657,0.657,0.08151953,8.625795
658,0.658,0.080184154,8.658058
659,0.659,0.07348622,8.663215
660,0.66,0.079733096,8.659024
661,0.661,0.06314036,8.643839
662,0.662,0.07036837,8.599723
663,0.663,0.08101029,8.532905
664,0.664,0.091253154,8.518454
665,0.665,0.07009185,8.531239
666,0.666,0.07981135,8.504602
667,0.667,0.08336754,8.5706415
668,0.668,0.07845574,8.643332
669,0.669,0.0928754,8.690938
670,0.67,0.08977424,8.649295
671,0.671,0.0973575,8.660758
672,0.672,0.10079015,8.685368
673,0.673,0.10301132,8.704368
674,0.674,0.10409636,8.737307
675,0.675,0.11591201,8.737631
676,0.676,0.106576495,8.665349
677,0.677,0.103085354,8.673852
678,0.678,0.09641013,8.606982
679,0.679,0.11311991,8.7247925
680,0.68,0.112810865,8.743172
681,0.681,0.08947243,8.746698
682,0.682,0.08232103,8.723938
683,0.683,0.08138613,8.6584215
684,0.684,0.08070721,8.703022
685,0.685,0.07667331,8.738566
686,0.686,0.08266295,8.671641
687,0.687,0.078914106,8.69153
688,0.688,0.10172172,8.748857
689,0.689,0.08464725,8.679372
690,0.69,0.07378762,8.703525
691,0.691,0.07525812,8.648138
692,0.692,0.106008805,8.741321
693,0.693,0.09837331,8.693149
694,0.694,0.106721744,8.66835
695,0.695,0.10599572,8.58139
696,0.696,0.12283391,8.622084
697,0.697,0.1169347,8.738301
698,0.698,0.10114963,8.698023
699,0.699,0.08362782,8.727471
700,0.7,0.06774361,8.75447
701,0.701,0.08810016,8.685184
702,0.702,0.11104065,8.6414
703,0.703,0.10775442,8.762181
704,0.704,0.12570822,8.744126
705,0.705,0.12300694,8.710954
706,0.706,0.14183475,8.543004
707,0.707,0.13969137,8.583809
708,0.708,0.13233468,8.605318
709,0.709,0.12139694,8.495953
710,0.71,0.11878255,8.364981
711,0.711,0.100778684,8.316692
712,0.712,0.10634196,8.301185
713,0.713,0.11120293,8.262983
714,0.714,0.107985884,8.187416
715,0.715,0.11034724,8.270593
716,0.716,0.1182324,8.307107
717,0.717,0.12852186,8.227044
718,0.718,0.12944497,8.322693
719,0.719,0.12378822,8.191589
720,0.72,0.11380455,8.272184
721,0.721,0.12415374,8.282129
722,0.722,0.1314987,8.311741
723,0.723,0.1434958,8.294633
724,0.724,0.14365521,8.286267
725,0.725,0.15824513,8.33272
726,0.726,0.16142014,8.377194
727,0.727,0.16669486,8.295383
728,0.728,0.15998149,8.337097
729,0.729,0.14899871,8.390537
730,0.73,0.1561153,8.373425
731,0.731,0.14275922,8.28126
732,0.732,0.14199929,8.249434
733,0.733,0.14922352,8.17827
734,0.734,0.15372907,8.124091
735,0.735,0.15617748,8.145663
736,0.736,0.14055757,8.11761
737,0.737,0.14764103,8.079023
738,0.738,0.15393347,8.17171
739,0.739,0.18033993,8.274967
740,0.74,0.17762215,8.392724
741,0.741,0.1620648,8.397972
742,0.742,0.12528451,8.336846
743,0.743,0.13040054,8.39236
744,0.744,0.13062729,8.3986225
745,0.745,0.1501841,8.378077
746,0.746,0.13337877,8.3182125
747,0.747,0.10415409,8.36054
748,0.748,0.110535644,8.215657
749,0.749,0.10463687,8.207696
750,0.75,0.11130892,8.262487
751,0.751,0.12057908,8.244921
752,0.752,0.10312572,8.139269
753,0.753,0.10070295,8.071334
754,0.754,0.10100325,8.0383415
755,0.755,0.10138479,8.070854
756,0.756,0.1004685,8.082144
757,0.757,0.10416962,8.009907
758,0.758,0.12174305,8.001669
759,0.759,0.11322205,7.9789443
760,0.76,0.10981589,7.9830785
761,0.761,0.101862535,7.9744067
762,0.762,0.10576208,8.011971
763,0.763,0.10703324,7.971285
764,0.764,0.115412295,7.9138675
765,0.765,0.10604151,7.908169
766,0.766,0.11224794,7.865088
767,0.767,0.11887788,7.8497434
768,0.768,0.12258144,7.864095
769,0.769,0.13863644,7.841392
770,0.77,0.13306814,7.930286
771,0.771,0.13060428,7.89422
772,0.772,0.12781839,7.9899015
773,0.773,0.13561343,7.9932833
774,0.774,0.12757216,7.928178
775,0.775,0.11967066,7.8651614
776,0.776,0.12362563,7.7262816
777,0.777,0.13233817,7.7754803
778,0.778,0.11395275,7.7310987
779,0.779,0.11846096,7.759904
780,0.78,0.13643266,7.716557
781,0.781,0.16452546,7.7066827
782,0.782,0.1647712,7.7176404
783,0.783,0.1743802,7.677739
784,0.784,0.1676381,7.604546
785,0.785,0.17389959,7.5247993
786,0.786,0.17380784,7.5559897
787,0.787,0.17066686,7.6557198
788,0.788,0.1939083,7.7504425
789,0.789,0.19579367,7.7865214
790,0.79,0.20283456,7.748422
791,0.791,0.20453034,7.716653
792,0.792,0.20551704,7.7949634
793,0.793,0.21800892,7.671672
794,0.794,0.22923055,7.6832333
795,0.795,0.230038,7.762773
796,0.796,0.21866015,7.8958397
797,0.797,0.2060967,8.069307
798,0.798,0.19384392,8.016457
799,0.799,0.18424615,7.93866
800,0.8,0.18850225,7.7745943
801,0.801,0.20126465,7.8416104
802,0.802,0.18462221,7.7772093
803,0.803,0.17700802,7.7212605
804,0.804,0.18850225,7.820307
805,0.805,0.19076985,7.835564
806,0.806,0.1976365,7.8778987
807,0.807,0.20453034,7.9505606
808,0.808,0.22121869,8.006432
809,0.809,0.21742807,7.892794
810,0.81,0.23431483,7.9359026
811,0.811,0.20386575,7.842955
812,0.812,0.2242063,7.8543315
813,0.813,0.22705485,7.8471584
814,0.814,0.2124751,7.809077
815,0.815,0.18456586,7.791599
816,0.816,0.18065502,7.8612356
817,0.817,0.19474705,7.9288535
818,0.818,0.19588341,8.03727
819,0.819,0.19772772,7.888574
820,0.82,0.16670874,7.8736506
821,0.821,0.17483172,7.8305697
822,0.822,0.18840656,3.670518
823,0.823,0.18462972,3.631053
824,0.824,0.18712108,7.875992
825,0.825,0.19485031,3.4794989
826,0.826,0.17328563,7.74576
827,0.827,0.14544971,7.7066
828,0.828,0.12953424,7.6980143
829,0.829,0.14871915,7.9249554
830,0.83,0.14747338,7.96072
831,0.831,0.15036872,3.595204
832,0.832,0.13059366,3.5845606
833,0.833,0.14300677,3.5483692
834,0.834,0.14675835,3.735902
835,0.835,0.14455844,3.691016
836,0.836,0.15274993,3.7425137
837,0.837,0.16259888,3.7690997
838,0.838,0.16273957,3.6279202
839,0.839,0.1578238,3.5649054
840,0.84,0.17765468,3.5076492
841,0.841,0.16545591,3.4594
842,0.842,0.17676885,7.9142475
843,0.843,0.18983561,7.9251876
844,0.844,0.19835696,3.513895
845,0.845,0.19819954,3.4918244
846,0.846,0.20839252,3.5785356
847,0.847,0.1993452,8.019543
848,0.848,0.18294281,3.5189006
849,0.849,0.18999995,7.9657936
850,0.85,0.18382657,7.839698
851,0.851,0.16861853,7.877508
852,0.852,0.17296512,7.810365
853,0.853,0.16788752,7.850503
854,0.854,0.16619483,7.9235973
855,0.855,0.1325145,7.9154077
856,0.856,0.11584817,8.095693
857,0.857,0.13601857,8.190939
858,0.858,0.13821222,8.176314
859,0.859,0.13029057,8.158563
860,0.86,0.1371223,3.4139628
861,0.861,0.14662753,3.569765
862,0.862,0.15021643,3.5312812
863,0.863,0.14672211,3.3034787
864,0.864,0.14418852,3.18453
865,0.865,0.13265574,3.275347
866,0.866,0.11842193,3.234301
867,0.867,0.096506014,3.2478786
868,0.868,0.09975954,3.4111812
869,0.869,0.09132912,3.2723613
870,0.87,0.10961992,3.3391287
871,0.871,0.11606151,3.5632906
872,0.872,0.12032188,3.328644
873,0.873,0.10839191,3.3437514
874,0.874,0.105987,3.28145
875,0.875,0.10793449,3.159817
876,0.876,0.114230365,3.1348608
877,0.877,0.11025082,8.143187
878,0.878,0.117925,8.203006
879,0.879,0.13691139,8.203016
880,0.88,0.15045632,8.322367
881,0.881,0.16011149,3.0237203
882,0.882,0.14750786,2.8186913
883,0.883,0.12351898,2.8095758
884,0.884,0.13757005,2.6820874
885,0.885,0.14767705,2.7946906
886,0.886,0.14392854,8.166439
887,0.887,0.12230009,2.4100354
888,0.888,0.12344784,2.5040517
889,0.889,0.113362856,2.4471397
890,0.89,0.1218114,2.3858669
891,0.891,0.115324125,2.230222
892,0.892,0.13014321,2.0859978
893,0.893,0.13035977,2.0269918
894,0.894,0.116995975,2.0337775
895,0.895,0.10746437,2.1261904
896,0.896,0.10416962,2.1190877
897,0.897,0.11075504,2.202414
898,0.898,0.11193856,2.1650488
899,0.899,0.09915283,2.200645
900,0.9,0.10042938,2.1701872
901,0.901,0.10792806,2.4440403
902,0.902,0.11290511,2.4963233
903,0.903,0.122611605,2.536216
904,0.904,0.11071329,2.5404143
905,0.905,0.10802656,2.6415834
906,0.906,0.10605024,2.623054
907,0.907,0.107050516,2.7261002
908,0.908,0.0771902,2.2662668
909,0.909,0.10468988,2.1908376
910,0.91,0.11293172,2.109252
911,0.911,0.10606113,2.193016
912,0.912,0.084044226,1.9784466
913,0.913,0.097445324,2.0309904
914,0.914,0.10640716,7.834156
915,0.915,0.109750606,7.8105426
916,0.916,0.12082999,7.7876267
917,0.917,0.10883253,2.0200813
918,0.918,0.114386104,7.7151265
919,0.919,0.121613845,7.8136044
920,0.92,0.14374691,7.607867
921,0.921,0.1515495,7.4515305
922,0.922,0.14462559,7.4137135
923,0.923,0.14566413,1.9651062
924,0.924,0.13932513,7.3083
925,0.925,0.13653938,7.1295133
926,0.926,0.1205273,7.237588
927,0.927,0.13821724,7.228084
928,0.928,0.1499191,7.303607
929,0.929,0.15246814,7.268101
930,0.93,0.15556194,7.3343487
931,0.931,0.15543258,7.3121157
932,0.932,0.15082008,7.328897
933,0.933,0.16339885,7.310031
934,0.934,0.15197605,7.35374
935,0.935,0.16218601,7.4179335
936,0.936,0.17615306,7.505703
937,0.937,0.18145056,7.5028
938,0.938,0.19963957,7.6077585
939,0.939,0.20624247,7.5644717
940,0.94,0.20518266,7.597386
941,0.941,0.19924313,7.5817804
942,0.942,0.1955219,7.5283966
943,0.943,0.18164794,7.476635
944,0.944,0.20151721,7.5234847
945,0.945,0.18389572,7.5485973
946,0.946,0.16808158,7.4265947
947,0.947,0.15614639,7.4872694
948,0.948,0.116994,7.4603386
949,0.949,0.1282157,7.427745
950,0.95,0.11545836,7.4799757
951,0.951,0.091564246,7.5050344
952,0.952,0.100831434,7.406506
953,0.953,0.111146785,7.3708653
954,0.954,0.11955856,7.405515
955,0.955,0.12660801,7.3829803
956,0.956,0.12847689,7.5030155
957,0.957,0.1327829,7.542895
958,0.958,0.13202684,7.6266475
959,0.959,0.14045392,7.596905
960,0.96,0.1292716,7.5484557
961,0.961,0.14193903,7.5970993
962,0.962,0.11719145,7.516369
963,0.963,0.12388156,7.6285133
964,0.964,0.12840308,7.5957255
965,0.965,0.1005697,7.638795
966,0.966,0.099381074,7.631439
967,0.967,0.08757638,7.708147
968,0.968,0.092103,7.6548386
969,0.969,0.09169544,7.666504
970,0.97,0.09608105,7.6333194
971,0.971,0.08384317,7.6306853
972,0.972,0.09936711,7.5608582
973,0.973,0.10113364,7.591473
974,0.974,0.12527898,7.667128
975,0.975,0.104853176,7.766982
976,0.976,0.110788435,7.900135
977,0.977,0.117343254,8.020278
978,0.978,0.11115511,8.088868
979,0.979,0.109193064,8.060012
980,0.98,0.11825,8.070569
981,0.981,0.11502503,8.019975
982,0.982,0.11733734,7.9153852
983,0.983,0.1209065,7.8823905
984,0.984,0.11552242,7.904743
985,0.985,0.11674474,7.9545703
986,0.986,0.10700732,7.87979
987,0.987,0.102050744,8.003865
988,0.988,0.09678112,7.953673
989,0.989,0.109002344,7.9250035
990,0.99,0.10675423,7.8569207
991,0.991,0.10378942,7.738937
992,0.992,0.10918672,7.7282634
993,0.993,0.123344794,7.6519966
994,0.994,0.12247388,7.7273345
995,0.995,0.114129126,7.706796
996,0.996,0.11193856,7.7155414
997,0.997,0.12292798,7.689605
998,0.998,0.11216139,7.7354126
999,0.999,0.10948908,7.826366
1000,1.0,0.1230107,7.7024016
1001,1.001,0.115476385,7.7910028
1002,1.002,0.11614116,7.7789454
1003,1.003,0.105777375,7.835725
1004,1.004,0.124609135,7.7671022
1005,1.005,0.108201906,7.890333
1006,1.006,0.10069147,7.816932
1007,1.007,0.11232412,7.7527637
1008,1.008,0.1056571,7.758868
1009,1.009,0.11505316,7.710613
1010,1.01,0.13944787,7.762696
1011,1.011,0.121219695,7.844125
1012,1.012,0.12880039,7.7086124
1013,1.013,0.11763448,7.823492
1014,1.014,0.11207685,7.7836537
1015,1.015,0.10142583,7.8244205
1016,1.016,0.09979894,7.8444176
1017,1.017,0.107026756,7.845388
1018,1.018,0.13115013,7.8514757
1019,1.019,0.13219833,7.9214635
1020,1.02,0.129969,7.819335
1021,1.021,0.13454372,7.769003
1022,1.022,0.15758632,7.739087
1023,1.023,0.12592505,7.6840973
1024,1.024,0.11825977,7.6409206
1025,1.025,0.12592138,7.5934305
1026,1.026,0.112579055,7.546062
1027,1.027,0.13373192,7.4087024
1028,1.028,0.09866196,7.443232
1029,1.029,0.11612723,7.3225503
1030,1.03,0.09742634,7.4604754
1031,1.031,0.08846939,7.4649596
1032,1.032,0.117284134,7.4561667
1033,1.033,0.10571835,7.558406
1034,1.034,0.10422731,7.454933
1035,1.035,0.10221373,7.4002113
1036,1.036,0.10122275,7.369075
1037,1.037,0.11669324,7.3647194
1038,1.038,0.10749879,7.366936
1039,1.039,0.11276988,7.207341
1040,1.04,0.11442248,7.1235495
1041,1.041,0.10721237,7.1147447
1042,1.042,0.09285548,7.1159472
1043,1.043,0.10090248,7.1190443
1044,1.044,0.104943536,7.168637
1045,1.045,0.11982897,7.2104554
1046,1.046,0.100640945,7.3159633
1047,1.047,0.1186092,7.2366586
1048,1.048,0.12139313,7.229455
1049,1.049,0.14158513,7.1126757
1050,1.05,0.1499823,7.123289
1051,1.051,0.12950212,7.1986794
1052,1.052,0.14729142,7.322691
1053,1.053,0.1294664,7.313851
1054,1.054,0.10490608,7.2663736
1055,1.055,0.102342576,7.274679
1056,1.056,0.09653236,7.2862277
1057,1.057,0.10217753,7.277865
1058,1.058,0.1071455,7.344939
1059,1.059,0.095477596,7.347052
1060,1.06,0.10252088,7.3312826
1061,1.061,0.09109847,7.3237057
1062,1.062,0.09047456,7.3781557
1063,1.063,0.10165806,7.317882
1064,1.064,0.09229858,7.2239437
1065,1.065,0.10751599,7.2127976
1066,1.066,0.113111734,7.1949334
1067,1.067,0.09016227,7.279091
1068,1.068,0.09807911,7.4144034
1069,1.069,0.1120521,7.209542
1070,1.07,0.10519438,7.2498155
1071,1.071,0.10279339,7.2212095
1072,1.072,0.1034905,7.2857785
1073,1.073,0.09713402,7.4102764
1074,1.074,0.10867522,7.343501
1075,1.075,0.09046945,7.35752
1076,1.076,0.08964796,7.277282
1077,1.077,0.078243285,7.220281
1078,1.078,0.084217355,7.09133
1079,1.079,0.07255537,7.17924
1080,1.08,0.07318989,7.2320485
1081,1.081,0.07846458,7.108765
1082,1.082,0.09488005,7.196101
1083,1.083,0.06825361,7.1636095
1084,1.084,0.08185915,7.106823
1085,1.085,0.084600806,7.0760493
1086,1.086,0.07481754,7.2158427
1087,1.087,0.08590252,7.1933837
1088,1.088,0.07741152,7.3110194
1089,1.089,0.08407998,7.328977
1090,1.09,0.07479281,7.191302
1091,1.091,0.07371866,7.179353
1092,1.092,0.07185415,7.1417694
1093,1.093,0.08289197,7.1613245
1094,1.094,0.081542216,7.288808
1095,1.095,0.08943883,7.1994023
1096,1.096,0.09095624,7.2319555
1097,1.097,0.077124275,7.149663
1098,1.098,0.10752029,7.02367
1099,1.099,0.08878243,6.999595
1100,1.1,0.09944619,7.0915246
1101,1.101,0.11330166,7.0840077
1102,1.102,0.13206886,6.976206
1103,1.103,0.120960034,7.136886
1104,1.104,0.1256328,7.0709066
1105,1.105,0.11709869,6.9874845
1106,1.106,0.11935728,6.919266
1107,1.107,0.12448848,6.9672723
1108,1.108,0.11820893,6.8919992
1109,1.109,0.12753771,6.8322144
1110,1.11,0.115215816,6.8159137
1111,1.111,0.12737809,6.8603044
1112,1.112,0.11377814,6.721864
1113,1.113,0.12661166,6.800839
1114,1.114,0.1195044,6.8341475
1115,1.115,0.11160968,6.7606487
1116,1.116,0.11281702,6.9382353
1117,1.117,0.110913575,6.7599087
1118,1.118,0.12522729,6.720603
1119,1.119,0.10865607,6.7889233
1120,1.12,0.09777691,6.864741
1121,1.121,0.0928754,6.7725477
1122,1.122,0.09851422,6.8480325
1123,1.123,0.10076262,6.8895717
1124,1.124,0.090477124,7.07854
1125,1.125,0.1005743,7.124472
1126,1.126,0.09421984,6.986569
1127,1.127,0.07638026,6.9109917
1128,1.128,0.0872908,6.8484716
1129,1.129,0.088388346,6.8730907
1130,1.13,0.10210284,7.0087986
1131,1.131,0.10973796,7.191759
1132,1.132,0.115951896,7.2035527
1133,1.133,0.12257012,7.0848827
1134,1.134,0.11226852,6.963682
1135,1.135,0.1180739,6.876584
1136,1.136,0.12692535,6.8462677
1137,1.137,0.1300828,6.9066253
1138,1.138,0.12282073,7.021055
1139,1.139,0.11848828,6.989832
1140,1.14,0.116409585,6.992432
1141,1.141,0.10479804,7.025695
1142,1.142,0.120383345,7.049363
1143,1.143,0.091592014,6.9346395
1144,1.144,0.10466339,6.8696923
1145,1.145,0.119334035,6.808226
1146,1.146,0.106948964,6.9283495
1147,1.147,0.12308398,6.921588
1148,1.148,0.1374221,6.8325887
1149,1.149,0.13242374,6.964884
1150,1.15,0.120648086,6.7702
1151,1.151,0.13591485,6.713261
1152,1.152,0.1260425,6.719192
1153,1.153,0.13532843,6.606208
1154,1.154,0.13060781,6.504829
1155,1.155,0.13698736,6.5404696
1156,1.156,0.12876089,6.637274
1157,1.157,0.111860044,6.6369705
1158,1.158,0.11430118,6.6252627
1159,1.159,0.12399909,6.570261
1160,1.16,0.14411475,6.59676
1161,1.161,0.13391332,6.479318
1162,1.162,0.13399099,6.559353
1163,1.163,0.11961269,6.60702
1164,1.164,0.13702954,6.576714
1165,1.165,0.13221407,6.551691
1166,1.166,0.12609385,6.6960735
1167,1.167,0.11971316,6.729543
1168,1.168,0.11851755,6.672076
1169,1.169,0.12958063,6.643012
1170,1.17,0.12407178,6.6135583
1171,1.171,0.120233454,6.7613697
1172,1.172,0.120350696,6.7738595
1173,1.173,0.12342349,6.7706885
1174,1.174,0.12599847,6.6452994
1175,1.175,0.12928592,6.5057397
1176,1.176,0.119215794,6.5602794
1177,1.177,0.12010648,6.578202
1178,1.178,0.121976405,6.698559
1179,1.179,0.10976324,6.722165
1180,1.18,0.1149989,6.645965
1181,1.181,0.121227324,6.832818
1182,1.182,0.09547275,6.8620296
1183,1.183,0.11003672,6.944785
1184,1.184,0.12644722,6.812401
1185,1.185,0.13754821,6.648887
1186,1.186,0.15694979,6.6931205
1187,1.187,0.16029477,6.6651826
1188,1.188,0.13551281,6.5414286
1189,1.189,0.13630213,6.547975
1190,1.19,0.15386136,6.6793666
1191,1.191,0.15723675,6.796992
1192,1.192,0.1658202,6.8081126
1193,1.193,0.17010103,6.950044
1194,1.194,0.1559271,6.7563734
1195,1.195,0.15403406,6.7433934
1196,1.196,0.15329081,6.776716
1197,1.197,0.13170776,6.6974335
1198,1.198,0.1414103,6.6871037
1199,1.199,0.14973393,6.670676
1200,1.2,0.14873157,6.66576
1201,1.201,0.13642758,6.5913815
1202,1.202,0.14872691,6.6240444
1203,1.203,0.15616415,6.597706
1204,1.204,0.13982536,6.7701864
1205,1.205,0.13051751,6.7554445
1206,1.206,0.11048125,6.671445
1207,1.207,0.11243726,6.684846
1208,1.208,0.10068917,6.6011777
1209,1.209,0.104276106,6.6580334
1210,1.21,0.10922059,6.5833526
1211,1.211,0.12686522,6.4499702
1212,1.212,0.11589805,6.4214416
1213,1.213,0.1343666,6.501868
1214,1.214,0.11631422,6.534217
1215,1.215,0.11926427,6.605515
1216,1.216,0.11048962,6.4394083
1217,1.217,0.12292609,6.5987453
1218,1.218,0.11046241,6.532715
1219,1.219,0.113460705,6.625739
1220,1.22,0.10653527,6.83267
1221,1.221,0.094111815,6.7875934
1222,1.222,0.11024663,6.576336
1223,1.223,0.10361552,6.792755
1224,1.224,0.10607857,6.796776
1225,1.225,0.12789975,6.788476
1226,1.226,0.12570454,6.736401
1227,1.227,0.11542632,6.7611046
1228,1.228,0.13847125,6.8344193
1229,1.229,0.14597014,6.935118
1230,1.23,0.15314142,6.9018283
1231,1.231,0.13960694,6.8445153
1232,1.232,0.15800242,6.7762923
1233,1.233,0.16432722,6.70339
1234,1.234,0.1533074,6.664806
1235,1.235,0.15133731,6.7188683
1236,1.236,0.14478537,6.661971
1237,1.237,0.15354247,6.467919
1238,1.238,0.13474633,6.4384284
1239,1.239,0.13647333,6.546086
1240,1.24,0.1411452,6.4642973
1241,1.241,0.14732751,6.4374743
1242,1.242,0.137691,6.236025
1243,1.243,0.12939495,6.2453766
1244,1.244,0.12779306,6.3160715
1245,1.245,0.11545236,6.288342
1246,1.246,0.10791735,6.348786
1247,1.247,0.11775824,6.3805428
1248,1.248,0.1188059,6.370902
1249,1.249,0.11066107,6.161179
1250,1.25,0.13527375,6.2680783
1251,1.251,0.119215794,6.092387
1252,1.252,0.10641802,6.153961
1253,1.253,0.10775656,6.0798187
1254,1.254,0.105527915,6.008662
1255,1.255,0.1077394,6.0477257
1256,1.256,0.10534812,6.079044
1257,1.257,0.11645327,6.0326405
1258,1.258,0.1082425,5.9999495
1259,1.259,0.123911425,6.0825562
1260,1.26,0.11706512,6.074561
1261,1.261,0.12442718,6.1960006
1262,1.262,0.11265091,6.1708126
1263,1.263,0.117821045,6.327731
1264,1.264,0.09339916,6.3296957
1265,1.265,0.08287244,6.3074975
1266,1.266,0.092158206,6.3906198
1267,1.267,0.110292755,6.371462
1268,1.268,0.10558706,6.1546726
1269,1.269,0.11047288,6.3345675
1270,1.27,0.112776026,6.3426347
1271,1.271,0.1113276,6.185665
1272,1.272,0.11462032,6.0639076
1273,1.273,0.109495424,6.036199
1274,1.274,0.098128594,5.834702
1275,1.275,0.10062026,6.086757
1276,1.276,0.10510424,6.224283
1277,1.277,0.10793449,6.361076
1278,1.278,0.118482426,6.5
1279,1.279,0.12768447,6.4373393
1280,1.28,0.12178482,6.619601
1281,1.281,0.12881833,6.5864916
1282,1.282,0.11174631,6.7173624
1283,1.283,0.09866196,6.8762975
1284,1.284,0.10065932,7.00529
1285,1.285,0.095770136,7.035139
1286,1.286,0.093228206,7.0140796
1287,1.287,0.1132098,7.0969663
1288,1.288,0.10065243,6.965097
1289,1.289,0.1039519,7.0039425
1290,1.29,0.1133649,7.008477
1291,1.291,0.09351295,6.978523
1292,1.292,0.08661546,7.154094
1293,1.293,0.10519658,7.1507006
1294,1.294,0.08924734,7.2389565
1295,1.295,0.11392637,7.2376537
1296,1.296,0.12018922,7.179407
1297,1.297,0.112307645,7.246793
1298,1.298,0.11700388,7.1423874
1299,1.299,0.12442903,7.1533422
1300,1.3,0.11590005,7.197816
1301,1.301,0.12213363,7.1947203
1302,1.302,0.102959685,7.2009497
1303,1.303,0.106615536,7.0528555
1304,1.304,0.10351954,7.008078
1305,1.305,0.12008723,7.131899
1306,1.306,0.0946043,7.0140224
1307,1.307,0.09731949,6.8799253
1308,1.308,0.112064466,6.8082485
1309,1.309,0.121316925,6.7480125
1310,1.31,0.1362716,6.760587
1311,1.311,0.14322163,6.841199
1312,1.312,0.14483006,6.8348937
1313,1.313,0.14755802,6.9549003
1314,1.314,0.14736204,6.9780884
1315,1.315,0.15734112,6.9604096
1316,1.316,0.15896231,6.9656463
1317,1.317,0.16344412,7.0149994
1318,1.318,0.1564378,7.023017
1319,1.319,0.13750282,6.9874024
1320,1.32,0.11053774,7.0828447
1321,1.321,0.12040255,6.968256
1322,1.322,0.13147408,6.965466
1323,1.323,0.12979455,6.9590735
1324,1.324,0.12622945,6.954243
1325,1.325,0.13431153,6.893628
1326,1.326,0.14038147,7.073005
1327,1.327,0.15130523,7.0396
1328,1.328,0.15232098,6.990076
1329,1.329,0.13106547,7.0309286
1330,1.33,0.11703747,6.893982
1331,1.331,0.11777591,6.932521
1332,1.332,0.11069031,6.920351
1333,1.333,0.11551241,6.742826
1334,1.334,0.11815416,6.7196574
1335,1.335,0.1350976,6.875442
1336,1.336,0.14234403,6.844
1337,1.337,0.1394976,6.8527484
1338,1.338,0.1350959,6.726351
1339,1.339,0.12668468,6.739946
1340,1.34,0.13461758,6.851735
1341,1.341,0.105987,6.7892103
1342,1.342,0.1018194,6.720225
1343,1.343,0.11577032,6.708385
1344,1.344,0.11233852,6.694054
1345,1.345,0.10401415,6.558169
1346,1.346,0.113584936,6.6881943
1347,1.347,0.116029635,6.6414676
1348,1.348,0.11764038,6.4792852
1349,1.349,0.12283391,6.6187496
1350,1.35,0.091432855,6.6150045
1351,1.351,0.10074656,6.3998156
1352,1.352,0.10109934,6.276067
1353,1.353,0.11464654,6.3813925
1354,1.354,0.10228382,6.262414
1355,1.355,0.1083471,6.1459713
1356,1.356,0.107576184,6.3048673
1357,1.357,0.111371204,6.536577
1358,1.358,0.1078895,6.5966063
1359,1.359,0.10676073,6.688262
1360,1.36,0.10922482,6.7378488
1361,1.361,0.09906885,6.7249856
1362,1.362,0.09347586,6.715967
1363,1.363,0.09466538,6.667639
1364,1.364,0.08612293,6.7087216
1365,1.365,0.09739786,6.857196
1366,1.366,0.09413883,6.7952566
1367,1.367,0.11150813,6.827753
1368,1.368,0.11404604,6.7323875
1369,1.369,0.12526236,6.766142
1370,1.37,0.11630428,6.606071
1371,1.371,0.11288872,6.622161
1372,1.372,0.08732523,6.5617485
1373,1.373,0.08689527,6.3391814
1374,1.374,0.09182394,6.4680085
1375,1.375,0.09445511,6.329107
1376,1.376,0.099306606,6.1587334
1377,1.377,0.10249607,6.0842366
1378,1.378,0.10170127,6.1149335
1379,1.379,0.09849779,6.0331626
1380,1.38,0.111547515,6.0103083
1381,1.381,0.1110115,6.046751
1382,1.382,0.10980325,5.88712
1383,1.383,0.111356676,5.8854856
1384,1.384,0.14005665,5.9550953
1385,1.385,0.13999556,5.998929
1386,1.386,0.12807137,5.9263787
1387,1.387,0.123765804,6.0518064
1388,1.388,0.120998256,6.0980353
1389,1.389,0.12730184,6.1115522
1390,1.39,0.12387783,5.9117455
1391,1.391,0.12632649,5.8739986
1392,1.392,0.121051736,5.9032745
1393,1.393,0.117376745,5.9081388
1394,1.394,0.11935728,5.9164124
1395,1.395,0.12418725,5.91454
1396,1.396,0.12806955,5.9263005
1397,1.397,0.12975715,6.0574336
1398,1.398,0.14183149,5.8690014
1399,1.399,0.14689061,5.7847295
1400,1.4,0.13206536,6.0234666
1401,1.401,0.12017768,6.081802
1402,1.402,0.12346844,6.173229
1403,1.403,0.107608415,5.880754
1404,1.404,0.12586996,5.9880586
1405,1.405,0.10987903,6.150513
1406,1.406,0.12274918,6.0807977
1407,1.407,0.12913024,6.1425724
1408,1.408,0.12359757,6.1237397
1409,1.409,0.1345145,6.1861486
1410,1.41,0.12549838,6.2880907
1411,1.411,0.107543945,6.084899
1412,1.412,0.11406428,6.1480055
1413,1.413,0.12029882,6.3513317
1414,1.414,0.118118934,6.2388344
1415,1.415,0.121494025,6.0995274
1416,1.416,0.11334042,6.3542175
1417,1.417,0.11813068,6.2874665
1418,1.418,0.1123879,6.3757615
1419,1.419,0.12529188,6.3771687
1420,1.42,0.11694459,6.298846
1421,1.421,0.12093136,6.1522865
1422,1.422,0.119413435,6.1331186
1423,1.423,0.1263521,6.015661
1424,1.424,0.12783104,6.0438547
1425,1.425,0.13645808,6.0700927
1426,1.426,0.1370363,5.989231
1427,1.427,0.14199603,5.9454184
1428,1.428,0.12335229,5.9829884
1429,1.429,0.11666352,5.9407434
1430,1.43,0.12087208,5.82357
1431,1.431,0.11232412,5.8062367
1432,1.432,0.121126205,5.8072095
1433,1.433,0.12234356,5.9428024
1434,1.434,0.13680835,6.0803814
1435,1.435,0.13686748,5.9666767
1436,1.436,0.14743888,5.9373198
1437,1.437,0.13541895,6.005446
1438,1.438,0.13439757,5.9965796
1439,1.439,0.11451135,6.0284424
1440,1.44,0.14209042,6.260813
1441,1.441,0.14948049,6.3797803
1442,1.442,0.1764966,6.3052745
1443,1.443,0.17670998,6.4168415
1444,1.444,0.19028205,6.4215646
1445,1.445,0.17885181,6.415476
1446,1.446,0.16211045,6.4536786
1447,1.447,0.16402163,6.308376
1448,1.448,0.17594296,6.269793
1449,1.449,0.1890827,6.1611567
1450,1.45,0.17425421,6.117266
1451,1.451,0.19423471,6.1366744
1452,1.452,0.18297693,6.092398
1453,1.453,0.19746564,6.104899
1454,1.454,0.18620081,6.2467327
1455,1.455,0.17515144,6.2137856
1456,1.456,0.18852186,6.068317
1457,1.457,0.22274761,6.0621934
1458,1.458,0.22149964,6.171025
1459,1.459,0.22113717,6.1971183
1460,1.46,0.22374076,6.100531
1461,1.461,0.22519712,6.2923174
1462,1.462,0.25831866,6.3781195
1463,1.463,0.26757964,6.5077324
1464,1.464,0.27950436,6.642964
1465,1.465,0.2732658,6.803468
1466,1.466,0.24679078,6.849758
1467,1.467,0.24068698,6.937032
1468,1.468,0.263662,7.0291915
1469,1.469,0.2416839,6.910624
1470,1.47,0.22345641,6.986211
1471,1.471,0.22969201,7.1228023
1472,1.472,0.22396797,7.1177115
1473,1.473,0.21753863,7.125841
1474,1.474,0.22074161,6.986152
1475,1.475,0.23806867,6.8944197
1476,1.476,0.20399158,6.808089
1477,1.477,0.20580594,6.8463936
1478,1.478,0.19976228,6.833011
1479,1.479,0.18547802,6.8248973
1480,1.48,0.16230571,6.983667
1481,1.481,0.1600985,6.8404684
1482,1.482,0.13716446,7.075706
1483,1.483,0.15052854,7.0664473
1484,1.484,0.15202929,7.017094
1485,1.485,0.14783508,6.9550533
1486,1.486,0.1261305,6.8139906
1487,1.487,0.15222077,6.868733
1488,1.488,0.15606938,6.812854
1489,1.489,0.14193577,6.6069927
1490,1.49,0.14480133,6.57109
1491,1.491,0.13232769,6.630831
1492,1.492,0.13462274,6.344529
1493,1.493,0.13593185,6.3805923
1494,1.494,0.13252671,6.4055243
1495,1.495,0.13021958,6.2998357
1496,1.496,0.12844808,6.2672877
1497,1.497,0.12627341,6.265899
1498,1.498,0.11991191,6.080248
1499,1.499,0.12689073,6.038866
1500,1.5,0.11663578,5.9057546
1501,1.501,0.11528402,5.861727
1502,1.502,0.111055225,5.9310946
1503,1.503,0.11256056,5.970569
1504,1.504,0.108624145,6.0710545
1505,1.505,0.10712608,6.2488294
1506,1.506,0.106948964,6.150519
1507,1.507,0.13238533,6.0138135
1508,1.508,0.11716777,5.799033
1509,1.509,0.09149099,5.8981843
1510,1.51,0.09590764,5.724726
1511,1.511,0.105203174,5.9410214
1512,1.512,0.09790451,5.908018
1513,1.513,0.08921625,5.7523184
1514,1.514,0.086289205,5.776143
1515,1.515,0.08983088,5.6517963
1516,1.516,0.12052346,5.511166
1517,1.517,0.13510616,5.5455804
1518,1.518,0.13924547,5.4763703
1519,1.519,0.14723805,5.436044
1520,1.52,0.1410895,5.3774033
1521,1.521,0.14529227,5.448911
1522,1.522,0.13371463,5.5346513
1523,1.523,0.13246739,5.6245975
1524,1.524,0.13412379,5.6727777
1525,1.525,0.1465755,5.751147
1526,1.526,0.1718185,5.705652
1527,1.527,0.17931657,5.7889295
1528,1.528,0.16807745,5.67772
1529,1.529,0.13611712,5.569601
1530,1.53,0.11766789,5.604795
1531,1.531,0.12104983,5.4484534
1532,1.532,0.13715097,5.3787875
1533,1.533,0.13153736,5.4886975
1534,1.534,0.11302994,5.5239363
1535,1.535,0.119095504,5.561084
1536,1.536,0.14354251,5.5055256
1537,1.537,0.13895959,5.6363907
1538,1.538,0.14274788,5.6472464
1539,1.539,0.12823372,5.714987
1540,1.54,0.1209543,5.620313
1541,1.541,0.10547094,5.470131
1542,1.542,0.10562865,5.6561127
1543,1.543,0.1333285,5.5362887
1544,1.544,0.1151054,5.5924444
1545,1.545,0.0968814,5.5849037
1546,1.546,0.1005766,5.4982696
1547,1.547,0.12221689,5.3554296
1548,1.548,0.12239646,5.4464097
1549,1.549,0.12027383,5.44312
1550,1.55,0.10341004,5.375529
1551,1.551,0.08418441,5.3664145
1552,1.552,0.07725606,5.430595
1553,1.553,0.0823435,5.630632
1554,1.554,0.096364565,5.6161714
1555,1.555,0.07878803,5.4758673
1556,1.556,0.06906846,5.541199
1557,1.557,0.08673283,5.5084605
1558,1.558,0.09848371,5.40342
1559,1.559,0.10094143,5.4486475
1560,1.56,0.09544369,5.6226606
1561,1.561,0.10000028,5.5245595
1562,1.562,0.104459964,5.416459
1563,1.563,0.10700732,5.414016
1564,1.564,0.11140442,5.3368087
1565,1.565,0.11024663,5.290733
1566,1.566,0.097050674,5.3177586
1567,1.567,0.098680705,5.187802
1568,1.568,0.09214315,5.121109
1569,1.569,0.09281564,4.9183183
1570,1.57,0.08076734,5.101233
1571,1.571,0.09758757,4.992564
1572,1.572,0.096114725,4.8707995
1573,1.573,0.08212139,5.0576444
1574,1.574,0.08071007,4.9690347
1575,1.575,0.10024735,5.0540204
1576,1.576,0.10197369,5.153716
1577,1.577,0.113342464,5.1361003
1578,1.578,0.10043859,5.3828506
1579,1.579,0.10524712,5.326015
1580,1.58,0.10308087,5.2141356
1581,1.581,0.11252564,5.347782
1582,1.582,0.10910198,5.386156
1583,1.583,0.07941641,5.378313
1584,1.584,0.08650061,5.3125324
1585,1.585,0.08194948,5.347452
1586,1.586,0.07622573,5.2067246
1587,1.587,0.081559226,5.2964153
1588,1.588,0.07915689,5.3399725
1589,1.589,0.09179625,5.5017695
1590,1.59,0.07730392,5.3800635
1591,1.591,0.08562216,5.2590632
1592,1.592,0.0875843,5.297335
1593,1.593,0.091134,5.5660195
1594,1.594,0.10455287,5.6059856
1595,1.595,0.09730999,5.7385397
1596,1.596,0.09837801,5.735039
1597,1.597,0.103646755,5.642894
1598,1.598,0.099641286,5.728438
1599,1.599,0.1186735,5.578514
1600,1.6,0.12686522,5.5187554
1601,1.601,0.11146251,5.555152
1602,1.602,0.11388781,5.528707
1603,1.603,0.12079746,5.6117673
1604,1.604,0.10847719,5.5365605
1605,1.605,0.11724076,5.5040865
1606,1.606,0.12571742,5.5039434
1607,1.607,0.12897976,5.6792135
1608,1.608,0.12556468,5.546792
1609,1.609,0.11819328,5.4993515
1610,1.61,0.09767992,5.4762053
1611,1.611,0.0968623,5.3388896
1612,1.612,0.10122732,5.4362755
1613,1.613,0.09756151,5.5105405
1614,1.614,0.10414521,5.280136
1615,1.615,0.10447767,5.3087773
1616,1.616,0.10981379,5.2738914
1617,1.617,0.095557466,5.4399467
1618,1.618,0.0955139,5.267889
1619,1.619,0.1013711,5.426592
1620,1.62,0.09768229,5.6190786
1621,1.621,0.0997526,5.626738
1622,1.622,0.10139163,5.581789
1623,1.623,0.087689824,5.654841
1624,1.624,0.09569527,5.5534225
1625,1.625,0.10540516,5.333584
1626,1.626,0.10298888,5.323977
1627,1.627,0.11151642,5.4981194
1628,1.628,0.095409766,5.5532775
1629,1.629,0.10238774,5.630398
1630,1.63,0.08074158,5.647459
1631,1.631,0.069014885,5.6159725
1632,1.632,0.06881024,5.556618
1633,1.633,0.05778722,5.7613606
1634,1.634,0.07893168,5.797907
1635,1.635,0.076452866,5.6982703
1636,1.636,0.095375836,5.695255
1637,1.637,0.07758752,5.9204836
1638,1.638,0.0697546,6.0802264
1639,1.639,0.0716318,6.229668
1640,1.64,0.084217355,4.080639
1641,1.641,0.099204116,4.179859
1642,1.642,0.10168308,4.2542696
1643,1.643,0.08829937,4.2998114
1644,1.644,0.097233936,4.3042645
1645,1.645,0.10311675,4.214596
1646,1.646,0.111694574,4.1211185
1647,1.647,0.122139305,4.155749
1648,1.648,0.12070556,4.055853
1649,1.649,0.11559444,4.2107687
1650,1.65,0.11923131,4.130231
1651,1.651,0.110830165,4.1713214
1652,1.652,0.109095626,4.017987
1653,1.653,0.09249376,4.0967374
1654,1.654,0.09563002,4.0541077
1655,1.655,0.10163304,3.9486883
1656,1.656,0.099988714,3.8617857
1657,1.657,0.112564676,3.7815447
1658,1.658,0.101087905,3.863264
1659,1.659,0.104499795,3.9792
1660,1.66,0.13507877,3.9018667
1661,1.661,0.122551255,3.8971207
1662,1.662,0.109910585,3.9883811
1663,1.663,0.11725259,3.9249353
1664,1.664,0.12364246,4.021012
1665,1.665,0.14862274,4.1468296
1666,1.666,0.14667168,4.125126
1667,1.667,0.15445225,4.0690284
1668,1.668,0.14699131,4.0868216
1669,1.669,0.14818029,4.21944
1670,1.67,0.15552478,4.150165
1671,1.671,0.1631723,4.1732802
1672,1.672,0.16772771,4.1839957
1673,1.673,0.16366321,4.2357707
1674,1.674,0.15082927,4.315449
1675,1.675,0.15915562,4.2092624
1676,1.676,0.15359215,4.297175
1677,1.677,0.16147026,4.3405004
1678,1.678,0.14357471,4.4768114
1679,1.679,0.15121505,4.4296336
1680,1.68,0.14077617,4.524021
1681,1.681,0.14499599,4.4165297
1682,1.682,0.141983,4.296013
1683,1.683,0.15472892,4.5088787
1684,1.684,0.16193208,4.495101
1685,1.685,0.15456298,4.4733963
1686,1.686,0.1416341,4.5095096
1687,1.687,0.14862117,4.5593247
1688,1.688,0.13991627,4.5922785
1689,1.689,0.14348935,4.6489453
1690,1.69,0.13317929,4.7746043
1691,1.691,0.13737161,4.7862563
1692,1.692,0.14687644,4.7367787
1693,1.693,0.1479742,4.721518
1694,1.694,0.14832687,4.6659117
1695,1.695,0.14720035,4.7127056
1696,1.696,0.14421098,4.6319604
1697,1.697,0.13596417,4.595193
1698,1.698,0.1476739,4.673069
1699,1.699,0.13364719,4.5302196
1700,1.7,0.12995833,4.4229736
1701,1.701,0.14226767,4.339601
1702,1.702,0.15423955,4.373892
1703,1.703,0.1596198,4.415614
1704,1.704,0.15909752,4.4341316
1705,1.705,0.15291028,4.3597546
1706,1.706,0.14705579,4.3765345
1707,1.707,0.13260518,4.4546585
1708,1.708,0.12585342,4.4590282
1709,1.709,0.12872857,4.473584
1710,1.71,0.13496919,4.3355894
1711,1.711,0.13072637,4.315392
1712,1.712,0.13131924,4.394888
1713,1.713,0.13098608,4.391071
1714,1.714,0.14859472,4.4069376
1715,1.715,0.14085335,4.497157
1716,1.716,0.1473589,4.3440666
1717,1.717,0.1215587,4.4054637
1718,1.718,0.107354596,4.3372173
1719,1.719,0.121036455,4.3543463
1720,1.72,0.13226303,4.244056
1721,1.721,0.1382858,4.239267
1722,1.722,0.120887384,4.201949
1723,1.723,0.12511092,7.344473
1724,1.724,0.12608469,7.3613095
1725,1.725,0.10649403,7.300036
1726,1.726,0.11579827,7.2249627
1727,1.727,0.12514234,7.32943
1728,1.728,0.13154791,7.377378
1729,1.729,0.11496673,7.372455
1730,1.73,0.09753544,4.4231186
1731,1.731,0.1124866,4.4444885
1732,1.732,0.12191194,4.3958273
1733,1.733,0.115822226,4.312185
1734,1.734,0.114545666,4.391366
1735,1.735,0.10812282,4.3083816
1736,1.736,0.09317116,7.6565604
1737,1.737,0.1120521,7.5203724
1738,1.738,0.11742794,4.1627994
1739,1.739,0.11177734,4.1900697
1740,1.74,0.12565304,4.113968
1741,1.741,0.13419099,4.1326585
1742,1.742,0.13042891,4.271599
1743,1.743,0.15248027,4.1270833
1744,1.744,0.13731775,4.0929766
1745,1.745,0.13043778,3.9938173
1746,1.746,0.14451845,4.131215
1747,1.747,0.1471438,4.184778
1748,1.748,0.14334911,4.084245
1749,1.749,0.1329569,3.9161263
1750,1.75,0.12083191,3.9734144
1751,1.751,0.12335791,3.8107834
1752,1.752,0.12393568,3.8710368
1753,1.753,0.112579055,3.7836504
1754,1.754,0.123719096,3.7220454
1755,1.755,0.11989263,3.6871736
1756,1.756,0.11634403,3.5701737
1757,1.757,0.13934006,3.5168557
1758,1.758,0.13390468,3.5542543
1759,1.759,0.13406344,3.4997344
1760,1.76,0.13227701,3.4684598
1761,1.761,0.13557422,3.4396677
1762,1.762,0.13551621,3.499152
1763,1.763,0.14368257,3.626048
1764,1.764,0.13742377,3.6438112
1765,1.765,0.13177444,3.6556265
1766,1.766,0.14546242,3.5938354
1767,1.767,0.14814907,3.5796974
1768,1.768,0.15244995,3.6430197
1769,1.769,0.15947634,3.6223216
1770,1.77,0.13995427,3.5454779
1771,1.771,0.13726892,3.5921118
1772,1.772,0.16686815,3.5930502
1773,1.773,0.15909606,3.5448456
1774,1.774,0.18025401,3.496491
1775,1.775,0.15971535,3.5137472
1776,1.776,0.16490304,3.4058228
1777,1.777,0.17156804,3.3839123
1778,1.778,0.17702892,3.3318548
1779,1.779,0.17962702,3.2265654
1780,1.78,0.17774706,3.2520616
1781,1.781,0.18938325,3.3795097
1782,1.782,0.18047065,3.4831066
1783,1.783,0.16497733,3.4387717
1784,1.784,0.19074562,3.407055
1785,1.785,0.18392088,3.3898525
1786,1.786,0.18536706,3.3809948
1787,1.787,0.18238339,3.368372
1788,1.788,0.19561884,3.3628225
1789,1.789,0.19420376,3.2591891
1790,1.79,0.16413577,3.2491271
1791,1.791,0.17655684,3.2489934
1792,1.792,0.18948698,3.2635329
1793,1.793,0.19507916,3.3477128
1794,1.794,0.18891266,3.4260783
1795,1.795,0.19762364,3.5529788
1796,1.796,0.18761587,3.5104523
1797,1.797,0.19676542,3.425529
1798,1.798,0.18814008,3.5340848
1799,1.799,0.1893222,3.494554
1800,1.8,0.19347502,3.6631145
1801,1.801,0.1880774,3.5508258
1802,1.802,0.16771117,3.4498012
1803,1.803,0.17582071,3.3536568
1804,1.804,0.16462943,3.3516335
1805,1.805,0.17240952,3.4367177
1806,1.806,0.17228344,3.4722543
1807,1.807,0.16138576,3.4201574
1808,1.808,0.16597907,3.3705175
1809,1.809,0.13925874,3.3635876
1810,1.81,0.12455346,3.4064817
1811,1.811,0.1303225,3.4762435
1812,1.812,0.13105136,3.5154297
1813,1.813,0.12974112,3.5174544
1814,1.814,0.13836937,3.4108856
1815,1.815,0.14424464,3.355611
1816,1.816,0.14128272,3.3128028
1817,1.817,0.13283165,3.285729
1818,1.818,0.12450705,3.1556501
1819,1.819,0.14711237,3.2083118
1820,1.82,0.13591655,3.2011263
1821,1.821,0.14525884,3.1485834
1822,1.822,0.14444804,3.0735106
1823,1.823,0.13554692,3.107019
1824,1.824,0.14951915,3.0251489
1825,1.825,0.1505485,3.1525984
1826,1.826,0.158591,3.1841912
1827,1.827,0.14898318,3.2623317
1828,1.828,0.14666064,3.331592
1829,1.829,0.15565406,3.2953036
1830,1.83,0.15755698,3.2503254
1831,1.831,0.16255052,3.288179
1832,1.832,0.16251354,3.303536
1833,1.833,0.1633479,3.3360312
1834,1.834,0.16569746,3.2448924
1835,1.835,0.16336772,3.2152572
1836,1.836,0.16904852,3.2198336
1837,1.837,0.16904852,3.2223692
1838,1.838,0.16849509,3.2753408
1839,1.839,0.17122541,3.25384
1840,1.84,0.1666255,3.0972297
1841,1.841,0.1722029,3.11059
1842,1.842,0.19425733,3.1162264
1843,1.843,0.20024547,3.2788415
1844,1.844,0.20967878,3.2763817
1845,1.845,0.18040659,3.2888074
1846,1.846,0.17407499,3.2441742
1847,1.847,0.17997548,3.2610679
1848,1.848,0.18157029,3.2492435
1849,1.849,0.20139557,3.2673533
1850,1.85,0.21119054,3.3163373
1851,1.851,0.21295767,3.273274
1852,1.852,0.19041444,3.3447683
1853,1.853,0.19473518,3.290016
1854,1.854,0.19437392,3.3689244
1855,1.855,0.18470734,3.3408828
1856,1.856,0.18199508,3.3596249
1857,1.857,0.18431766,3.3991303
1858,1.858,0.1993139,3.3850553
1859,1.859,0.19617589,3.414432
1860,1.86,0.19936724,3.3992734
1861,1.861,0.2060967,3.4598577
1862,1.862,0.1905079,3.4871378
1863,1.863,0.19347024,3.5418425
1864,1.864,0.21343482,3.5001976
1865,1.865,0.20689161,3.4605927
1866,1.866,0.21436004,3.4529564
1867,1.867,0.23357365,3.4641616
1868,1.868,0.22550182,3.5115042
1869,1.869,0.23002091,3.504311
1870,1.87,0.23252405,3.4687808
1871,1.871,0.24625622,3.4152422
1872,1.872,0.23723593,3.399681
1873,1.873,0.24290526,3.461687
1874,1.874,0.24766888,3.4907284
1875,1.875,0.24807647,3.6175845
1876,1.876,0.24658366,3.5722167
1877,1.877,0.2308346,3.6325786
1878,1.878,0.24983904,3.6422153
1879,1.879,0.23601854,3.6900783
1880,1.88,0.222542,3.7552633
1881,1.881,0.22457823,3.743159
1882,1.882,0.23173524,3.7376354
1883,1.883,0.2422839,3.7208767
1884,1.884,0.23449826,3.7103946
1885,1.885,0.24824695,3.7946792
1886,1.886,0.24430984,3.7424717
1887,1.887,0.24563299,3.7195828
1888,1.888,0.26957414,3.792293
1889,1.889,0.25989977,3.7403333
1890,1.89,0.26609287,3.8415272
1891,1.891,0.26615974,3.8704128
1892,1.892,0.2705159,3.9238102
1893,1.893,0.26580423,3.9042077
1894,1.894,0.2691991,3.8825588
1895,1.895,0.27222574,3.817662
1896,1.896,0.25996736,3.9183211
1897,1.897,0.26156855,4.044338
1898,1.898,0.26889145,4.0163507
1899,1.899,0.2654535,4.1172843
1900,1.9,0.27229962,4.070272
1901,1.901,0.28190932,4.084146
1902,1.902,0.27971026,4.14683
1903,1.903,0.28550142,4.1779556
1904,1.904,0.28633428,4.247187
1905,1.905,0.28540504,4.2985296
1906,1.906,0.24838755,4.3352423
1907,1.907,0.25864422,4.2992053
1908,1.908,0.24205191,4.300204
1909,1.909,0.24777527,4.2355304
1910,1.91,0.23744342,4.1681943
1911,1.911,0.2499926,4.071828
1912,1.912,0.25255138,4.0548625
1913,1.913,0.26507086,4.1165085
1914,1.914,0.27710608,4.1155505
1915,1.915,0.29309973,4.090027
1916,1.916,0.29438108,4.0363894
1917,1.917,0.27395278,3.945466
1918,1.918,0.25818706,3.9527364
1919,1.919,0.26479423,3.8774493
1920,1.92,0.28052568,3.8679037
1921,1.921,0.27314734,3.8057597
1922,1.922,0.28253192,3.8799922
1923,1.923,0.2923581,3.8966649
1924,1.924,0.2800803,3.9594433
1925,1.925,0.27360147,3.9587717
1926,1.926,0.27002487,3.91888
1927,1.927,0.24445836,3.7911484
1928,1.928,0.22562277,3.7793
1929,1.929,0.21921453,3.7598407
1930,1.93,0.23653811,3.6121473
1931,1.931,0.24537495,3.6244595
1932,1.932,0.24761473,3.6344428
1933,1.933,0.22624594,3.544838
1934,1.934,0.2370146,3.5874264
1935,1.935,0.25757477,3.6127696
1936,1.936,0.24782471,3.571336
1937,1.937,0.25723433,3.6742678
1938,1.938,0.2641981,3.6508946
1939,1.939,0.27048597,3.671514
1940,1.94,0.2864126,3.5690498
1941,1.941,0.27602938,3.5200818
1942,1.942,0.26164806,3.5065703
1943,1.943,0.2555662,3.5649135
1944,1.944,0.2322196,3.6316047
1945,1.945,0.23859832,3.7684195
1946,1.946,0.2461238,3.6864116
1947,1.947,0.2533776,3.7008667
1948,1.948,0.24924701,3.7402043
1949,1.949,0.24082622,3.7493782
1950,1.95,0.2403313,3.7782671
1951,1.951,0.24394903,3.7294822
1952,1.952,0.2497798,3.7215874
1953,1.953,0.24869265,3.8160691
1954,1.954,0.25040933,3.7375975
1955,1.955,0.22850324,3.7811713
1956,1.956,0.21347381,3.6781113
1957,1.957,0.19834296,3.679016
1958,1.958,0.20090593,3.6251137
1959,1.959,0.20063417,3.519615
1960,1.96,0.21440856,3.4517045
1961,1.961,0.22221556,3.4600143
1962,1.962,0.22108696,3.429143
1963,1.963,0.2230173,3.5306559
1964,1.964,0.22136705,3.492206
1965,1.965,0.22751054,3.5525432
1966,1.966,0.23887722,3.517729
1967,1.967,0.26549092,3.5953066
1968,1.968,0.2674206,3.6329045
1969,1.969,0.27891147,3.572345
1970,1.97,0.27034575,3.5412416
1971,1.971,0.2697336,3.506731
1972,1.972,0.28274623,3.5045528
1973,1.973,0.28981096,3.5416245
1974,1.974,0.3032279,3.5656683
1975,1.975,0.29625604,3.4317718
1976,1.976,0.2920139,3.412817
1977,1.977,0.30106935,3.4384906
1978,1.978,0.27320236,3.2567065
1979,1.979,0.2684621,3.3832939
1980,1.98,0.2604729,3.3863611
1981,1.981,0.24598663,3.4293623
1982,1.982,0.25290173,3.3766353
1983,1.983,0.2654648,3.3493862
1984,1.984,0.24662396,3.4106023
1985,1.985,0.22686334,3.3613565
1986,1.986,0.22178233,3.3330755
1987,1.987,0.22040516,3.3780744
1988,1.988,0.23727004,3.342498
1989,1.989,0.2394572,3.4264364
1990,1.99,0.24653678,3.4570801
1991,1.991,0.26353395,3.400035
1992,1.992,0.27509978,3.4491591
1993,1.993,0.25799987,3.5897017
1994,1.994,0.25793982,3.4238143
1995,1.995,0.2580572,3.3088174
1996,1.996,0.26850858,3.129495
1997,1.997,0.25659093,3.0835865
1998,1.998,0.24930546,3.2959049
1999,1.999,0.25471807,3.3178794
2000,2.0,0.24839033,3.3563259
2001,2.001,0.25228208,3.2149937
2002,2.002,0.26838198,3.2950163
2003,2.003,0.26769367,3.3676271
2004,2.004,0.24577413,3.3468843
2005,2.005,0.2704774,3.3385472
2006,2.006,0.25341317,3.2950196
2007,2.007,0.28135848,3.3286307
2008,2.008,0.28379905,3.416133
2009,2.009,0.2727289,3.4063146
2010,2.01,0.2578717,3.3957827
2011,2.011,0.27459845,3.4060745
2012,2.012,0.27961352,3.4516184
2013,2.013,0.26490247,3.4901621
2014,2.014,0.27314058,3.3969889
2015,2.015,0.27225122,3.4559176
2016,2.016,0.27607962,3.5345433
2017,2.017,0.2915377,3.5763505
2018,2.018,0.2734671,3.5339363
2019,2.019,0.27617174,3.5328708
2020,2.02,0.25843766,3.6075563
2021,2.021,0.24910136,3.532661
2022,2.022,0.24943988,3.524602
2023,2.023,0.2528862,3.5838718
2024,2.024,0.2468657,3.763505
2025,2.025,0.27326158,3.808599
2026,2.026,0.25686738,3.6735108
2027,2.027,0.24241841,3.6497192
2028,2.028,0.26324517,3.5962415
2029,2.029,0.284398,3.6917408
2030,2.03,0.28354478,3.6837971
2031,2.031,0.28711078,3.5872772
2032,2.032,0.29612723,3.5684595
2033,2.033,0.3065507,3.563356
2034,2.034,0.2932677,3.6632993
2035,2.035,0.25071198,3.6108713
2036,2.036,0.2718518,3.690109
2037,2.037,0.29452866,3.6858892
2038,2.038,0.2898317,3.6353009
2039,2.039,0.2817805,3.6070454
2040,2.04,0.30219224,3.5358307
2041,2.041,0.28899372,3.5336058
2042,2.042,0.28931114,3.4834123
2043,2.043,0.28162622,3.611911
2044,2.044,0.28159586,3.615119
2045,2.045,0.31593096,3.5386724
2046,2.046,0.27619433,3.633535
2047,2.047,0.2889313,3.5204656
2048,2.048,0.27288312,3.4472249
2049,2.049,0.26582858,3.5697885
2050,2.05,0.27282044,3.5279224
2051,2.051,0.26407468,3.4404187
2052,2.052,0.26021802,3.4046702
2053,2.053,0.2644063,3.4458187
2054,2.054,0.25808766,3.537787
2055,2.055,0.25140172,3.6230295
2056,2.056,0.24940373,3.903313
2057,2.057,0.24410534,3.918808
2058,2.058,0.25277558,3.8526886
2059,2.059,0.24367782,3.8670335
2060,2.06,0.25505096,3.9550474
2061,2.061,0.23855276,3.9670284
2062,2.062,0.22479123,3.9405253
2063,2.063,0.22283165,3.9842548
2064,2.064,0.21562895,4.0728574
2065,2.065,0.21324626,4.1115623
2066,2.066,0.21068087,4.1319985
2067,2.067,0.21446787,4.081522
2068,2.068,0.21640274,4.125047
2069,2.069,0.19303836,4.1083517
2070,2.07,0.20869848,4.105757
2071,2.071,0.20240097,4.1485224
2072,2.072,0.19495589,4.0368667
2073,2.073,0.19645736,3.9448044
2074,2.074,0.18450321,3.9229467
2075,2.075,0.162196,3.9341888
2076,2.076,0.16951695,3.988919
2077,2.077,0.17397137,3.9119751
2078,2.078,0.17626198,4.009668
2079,2.079,0.17298652,3.9414697
2080,2.08,0.17328697,3.8583634
2081,2.081,0.15566444,3.7828522
2082,2.082,0.14240086,3.8110461
2083,2.083,0.12960383,3.7228253
2084,2.084,0.13213186,3.70237
2085,2.085,0.13456261,3.8093839
2086,2.086,0.1296074,3.8484643
2087,2.087,0.15770951,3.7566595
2088,2.088,0.16824792,3.7635365
2089,2.089,0.14529704,3.7360394
2090,2.09,0.15149304,3.6056643
2091,2.091,0.15208858,3.5837748
2092,2.092,0.1472082,3.5498302
2093,2.093,0.16342996,3.6126418
2094,2.094,0.16633387,3.6658947
2095,2.095,0.17119841,3.6542127
2096,2.096,0.19271953,3.6714056
2097,2.097,0.17850763,3.682674
2098,2.098,0.16910595,3.5686915
2099,2.099,0.16264296,3.5899284
2100,2.1,0.17551011,3.6452036
2101,2.101,0.15863474,3.6304932
2102,2.102,0.16427656,3.5516756
2103,2.103,0.17772365,3.6704063
2104,2.104,0.16747251,3.66416
2105,2.105,0.15740135,3.602765
2106,2.106,0.13956553,3.5691562
2107,2.107,0.14614426,3.6721556
2108,2.108,0.14747965,3.7451487
2109,2.109,0.14391409,3.8372629
2110,2.11,0.15336017,3.9004536
2111,2.111,0.17200139,3.8599875
2112,2.112,0.1815792,3.8717937
2113,2.113,0.15100697,3.893974
2114,2.114,0.1514961,3.8182106
2115,2.115,0.14672841,3.7150505
2116,2.116,0.13313067,3.7028072
2117,2.117,0.13651738,3.6479557
2118,2.118,0.13016808,3.580304
2119,2.119,0.119628154,3.5248196
2120,2.12,0.109853774,3.4387298
2121,2.121,0.115492396,3.3949451
2122,2.122,0.123282924,3.3522298
2123,2.123,0.13617994,3.3770611
2124,2.124,0.1303225,3.4489388
2125,2.125,0.11654456,3.4112055
2126,2.126,0.10889624,3.5527444
2127,2.127,0.10919942,3.5411983
2128,2.128,0.11085728,3.4680629
2129,2.129,0.1284013,3.406636
2130,2.13,0.12004102,3.3662984
2131,2.131,0.13087483,3.4354765
2132,2.132,0.123995356,3.474392
2133,2.133,0.11772682,3.4680614
2134,2.134,0.11128399,3.4058723
2135,2.135,0.108101435,3.3571732
2136,2.136,0.108114265,3.3415864
2137,2.137,0.10153063,3.331148
2138,2.138,0.112765774,3.3850026
2139,2.139,0.10520757,3.3374696
2140,2.14,0.1183692,3.298069
2141,2.141,0.10297989,3.3126624
2142,2.142,0.10973796,3.3991208
2143,2.143,0.113863446,3.4252267
2144,2.144,0.13113777,3.359373
2145,2.145,0.15736023,3.3757505
2146,2.146,0.15911931,3.3771703
2147,2.147,0.13888304,3.3819907
2148,2.148,0.14442724,3.4236832
2149,2.149,0.1566357,3.5057654
2150,2.15,0.16646448,3.366844
2151,2.151,0.17391156,3.3948107
2152,2.152,0.18134859,3.4088926
2153,2.153,0.17900299,3.366606
2154,2.154,0.16802931,3.3124704
2155,2.155,0.1545914,3.3692944
2156,2.156,0.13102137,3.289094
2157,2.157,0.13266446,3.3998702
2158,2.158,0.120348774,3.388715
2159,2.159,0.14334588,3.4166198
2160,2.16,0.16566257,3.4191604
2161,2.161,0.14816156,3.365265
2162,2.162,0.16000026,3.386743
2163,2.163,0.14766452,3.3938878
2164,2.164,0.15845683,3.3092172
2165,2.165,0.16615447,3.2736204
2166,2.166,0.1686953,3.3096323
2167,2.167,0.16993514,3.1775107
2168,2.168,0.17405242,3.1842065
2169,2.169,0.16859934,3.2831733
2170,2.17,0.15621004,3.2797675
2171,2.171,0.16130553,3.4227006
2172,2.172,0.16921118,3.473837
2173,2.173,0.16705509,3.4062502
2174,2.174,0.17517255,3.443547
2175,2.175,0.16016491,3.5505385
2176,2.176,0.16317372,3.5953057
2177,2.177,0.17196509,3.6608949
2178,2.178,0.1675567,3.6667097
2179,2.179,0.16571002,3.6768305
2180,2.18,0.17160037,3.673008
2181,2.181,0.17681853,3.5782862
2182,2.182,0.15725735,3.6020222
2183,2.183,0.15531205,3.6528614
2184,2.184,0.144608,3.6512675
2185,2.185,0.13935001,3.7167346
2186,2.186,0.15246965,3.656586
2187,2.187,0.14412276,3.6001208
2188,2.188,0.1522147,3.6748776
2189,2.189,0.1633394,3.694961
2190,2.19,0.14872536,3.622133
2191,2.191,0.155181,3.516794
2192,2.192,0.16972959,3.5766304
2193,2.193,0.17135635,3.5950956
2194,2.194,0.17202155,3.5428438
2195,2.195,0.1863026,3.5567353
2196,2.196,0.17352162,3.5100532
2197,2.197,0.18744697,3.4859126
2198,2.198,0.17253286,3.5805516
2199,2.199,0.16592473,3.5924594
2200,2.2,0.13222806,3.5730767
2201,2.201,0.13841614,3.504495
2202,2.202,0.14586556,3.4748766
2203,2.203,0.12448848,3.547638
2204,2.204,0.12946819,3.5518687
2205,2.205,0.13515405,3.5192702
2206,2.206,0.13076703,3.486387
2207,2.207,0.12866749,3.4902403
2208,2.208,0.13971785,3.4497209
2209,2.209,0.13928862,3.368129
2210,2.21,0.14205788,3.3716347
2211,2.211,0.14035842,3.2515304
2212,2.212,0.16155902,3.172234
2213,2.213,0.166167,3.1545284
2214,2.214,0.17546794,3.0249605
2215,2.215,0.18173192,2.9692543
2216,2.216,0.17784588,3.1075532
2217,2.217,0.17443322,3.0589871
2218,2.218,0.16829602,3.1215687
2219,2.219,0.16483012,3.1377583
2220,2.22,0.16471365,3.2316937
2221,2.221,0.16681549,3.3132513
2222,2.222,0.19129631,3.2352133
2223,2.223,0.1893222,3.1781704
2224,2.224,0.17229417,3.1270123
2225,2.225,0.17628558,3.1194391
2226,2.226,0.17532031,3.145757
2227,2.227,0.17288491,3.1818168
2228,2.228,0.18082899,3.206941
2229,2.229,0.1637183,3.3075433
2230,2.23,0.15979785,3.4170654
2231,2.231,0.17138602,3.4337418
2232,2.232,0.18127337,3.3960638
2233,2.233,0.19306113,3.3414989
2234,2.234,0.1802104,3.3688571
2235,2.235,0.17616488,3.3854654
2236,2.236,0.19095276,3.3322637
2237,2.237,0.18034506,3.2280107
2238,2.238,0.18427752,3.1867957
2239,2.239,0.18931854,3.1109962
2240,2.24,0.18190359,3.0704775
2241,2.241,0.1785659,3.218012
2242,2.242,0.19452612,3.1812334
2243,2.243,0.2022707,3.1755397
2244,2.244,0.20684132,3.1451666
2245,2.245,0.21092215,3.2633655
2246,2.246,0.19649735,3.261215
2247,2.247,0.20750754,3.146262
2248,2.248,0.19605681,3.255599
2249,2.249,0.19729346,3.2031672
2250,2.25,0.19545569,3.0746117
2251,2.251,0.20055465,3.1130066
2252,2.252,0.18249491,3.1214623
2253,2.253,0.20255396,3.0891082
2254,2.254,0.2131671,3.0766182
2255,2.255,0.21066003,3.149673
2256,2.256,0.21785511,3.0759234
2257,2.257,0.20053966,2.9536767
2258,2.258,0.1996361,2.991997
2259,2.259,0.18570848,7.611441
2260,2.26,0.20333545,7.573143
2261,2.261,0.22363016,7.6151814
2262,2.262,0.2248992,2.9388025
2263,2.263,0.22584501,2.905708
2264,2.264,0.25318223,7.5650296
2265,2.265,0.22143075,7.6266947
2266,2.266,0.22234245,2.8570879
2267,2.267,0.21557641,7.596807
2268,2.268,0.20432,7.613019
2269,2.269,0.20458235,7.6764116
2270,2.27,0.22348538,7.7178564
2271,2.271,0.21849091,7.736594
2272,2.272,0.22206882,7.670766
2273,2.273,0.21624991,3.1778128
2274,2.274,0.22183965,3.1829758
2275,2.275,0.22374178,3.2057679
2276,2.276,0.18648493,3.3092308
2277,2.277,0.1933806,3.3137743
2278,2.278,0.20252886,3.355569
2279,2.279,0.20821492,3.2529192
2280,2.28,0.20473936,3.2686608
2281,2.281,0.21051401,3.243574
2282,2.282,0.21423489,3.1434364
2283,2.283,0.2149965,3.1072812
2284,2.284,0.18636091,3.1316893
2285,2.285,0.17534669,3.2121782
2286,2.286,0.17493351,3.1571426
2287,2.287,0.16744076,3.0957656
2288,2.288,0.15675227,3.0997858
2289,2.289,0.1665464,3.1100895
2290,2.29,0.16402727,3.164505
2291,2.291,0.1764324,3.2380044
2292,2.292,0.18508497,3.2655694
2293,2.293,0.1831613,3.284909
2294,2.294,0.20317963,3.2666292
2295,2.295,0.18859543,3.1331363
2296,2.296,0.20028357,3.1617477
2297,2.297,0.21176448,3.088769
2298,2.298,0.1911863,3.0912821
2299,2.299,0.19420971,3.0701385
2300,2.3,0.18359752,2.899458
2301,2.301,0.17199199,3.045116
2302,2.302,0.17382912,3.0857444
2303,2.303,0.17026271,2.9923902
2304,2.304,0.17947379,3.024513
2305,2.305,0.16781177,3.0120502
2306,2.306,0.19005713,3.0699406
2307,2.307,0.19614524,2.909235
2308,2.308,0.18856111,2.989259
2309,2.309,0.1891475,3.0614288
2310,2.31,0.17092812,3.0917964
2311,2.311,0.17792647,3.0672817
2312,2.312,0.19320238,3.0893826
2313,2.313,0.19533616,3.0262532
2314,2.314,0.22493312,3.2344694
2315,2.315,0.21781266,3.1719007
2316,2.316,0.21791558,3.2402215
2317,2.317,0.20662773,3.2195413
2318,2.318,0.22732756,3.3540902
2319,2.319,0.21709181,3.4018843
2320,2.32,0.23094074,3.4445374
2321,2.321,0.21950333,3.4206908
2322,2.322,0.22550182,3.398062
2323,2.323,0.21619539,3.367077
2324,2.324,0.20187254,3.3723698
2325,2.325,0.17283276,3.3884993
2326,2.326,0.18344006,3.3200917
2327,2.327,0.18674509,3.2899783
2328,2.328,0.17939648,3.3238652
2329,2.329,0.17907143,3.2269466
2330,2.33,0.19158493,3.249558
2331,2.331,0.18218933,3.1915128
2332,2.332,0.18574457,3.1797123
2333,2.333,0.18601198,3.069207
2334,2.334,0.20310451,3.0281568
2335,2.335,0.17827176,2.9296346
2336,2.336,0.18941498,3.0540352
2337,2.337,0.17900558,3.133594
2338,2.338,0.1829782,3.1530519
2339,2.339,0.19593768,3.0645394
2340,2.34,0.19405729,3.0115888
2341,2.341,0.1931198,3.025273
2342,2.342,0.18892367,2.9709136
2343,2.343,0.17894098,2.935374
2344,2.344,0.17258912,2.9995496
2345,2.345,0.1686103,3.0070238
2346,2.346,0.19175018,2.8937669
2347,2.347,0.19635259,2.8055017
2348,2.348,0.20900069,2.8487544
2349,2.349,0.20293598,2.827297
2350,2.35,0.19281667,2.93942
2351,2.351,0.20661877,2.898267
2352,2.352,0.19575353,2.8480253
2353,2.353,0.19764704,2.7598794
2354,2.354,0.17681853,2.7657912
2355,2.355,0.18861872,2.903689
2356,2.356,0.18987337,2.932672
2357,2.357,0.16977724,2.8976579
2358,2.358,0.20878156,2.7374108
2359,2.359,0.2015413,2.6723185
2360,2.36,0.17542315,2.7669127
2361,2.361,0.20381472,2.8200178
2362,2.362,0.1963314,2.8570516
2363,2.363,0.20078622,2.9248183
2364,2.364,0.18291754,2.9078681
2365,2.365,0.1751092,2.9131663
2366,2.366,0.18102066,2.9089262
2367,2.367,0.17696624,2.8578205
2368,2.368,0.19439653,2.8739183
2369,2.369,0.1770942,2.8420103
2370,2.37,0.20001905,2.810955
2371,2.371,0.19654559,2.8385067
2372,2.372,0.17812125,2.8163886
2373,2.373,0.19003037,2.8961372
2374,2.374,0.21311395,2.937226
2375,2.375,0.20390317,2.8574805
2376,2.376,0.19645736,2.8307152
2377,2.377,0.20871621,2.9589124
2378,2.378,0.20998068,3.1007936
2379,2.379,0.22624083,3.0987499
2380,2.38,0.21158208,3.0622494
2381,2.381,0.20866525,3.0438173
2382,2.382,0.1972583,3.0051973
2383,2.383,0.18431014,3.1296175
2384,2.384,0.19987452,3.1789052
2385,2.385,0.18255569,3.1408927
2386,2.386,0.17358157,3.1660626
2387,2.387,0.16982763,3.0911305
2388,2.388,0.1745869,3.037777
2389,2.389,0.18517613,3.1095939
2390,2.39,0.17946477,3.2073133
2391,2.391,0.18262534,3.2716076
2392,2.392,0.15879643,3.132516
2393,2.393,0.1378454,3.0635855
2394,2.394,0.1439976,2.8951664
2395,2.395,0.13625802,2.6832976
2396,2.396,0.14127618,2.5967839
2397,2.397,0.14520632,2.5248344
2398,2.398,0.15812236,2.5663536
2399,2.399,0.1674297,2.546066
2400,2.4,0.18618342,2.519196
2401,2.401,0.18041684,2.5162575
2402,2.402,0.19634904,2.587025
2403,2.403,0.1826418,2.5110483
2404,2.404,0.14546083,2.4974997
2405,2.405,0.1603265,2.603953
2406,2.406,0.17071563,7.0706897
2407,2.407,0.16922621,7.058632
2408,2.408,0.16794536,7.2515917
2409,2.409,0.16033804,2.726398
2410,2.41,0.15212962,2.623132
2411,2.411,0.16794536,2.5359628
2412,2.412,0.16521819,2.4269347
2413,2.413,0.16393845,7.1131644
2414,2.414,0.17026542,7.1549582
2415,2.415,0.16254342,7.0999846
2416,2.416,0.15448818,7.023504
2417,2.417,0.14981727,7.0278897
2418,2.418,0.1364513,6.925795
2419,2.419,0.11832818,6.905431
2420,2.42,0.12391516,6.7578454
2421,2.421,0.11747715,6.762607
2422,2.422,0.12669381,6.878063
2423,2.423,0.13606445,6.8985853
2424,2.424,0.14088616,6.8945875
2425,2.425,0.1428612,7.001809
2426,2.426,0.12885602,6.839216
2427,2.427,0.15376817,2.452991
2428,2.428,0.15613455,2.5312612
2429,2.429,0.15184973,2.6381629
2430,2.43,0.119852126,2.5283253
2431,2.431,0.11732552,2.7251728
2432,2.432,0.13226652,2.5389352
2433,2.433,0.14685756,2.55417
2434,2.434,0.1448157,2.6061525
2435,2.435,0.1396268,2.6834462
2436,2.436,0.13455746,2.7202518
2437,2.437,0.12951103,2.6676614
2438,2.438,0.12927698,2.616385
2439,2.439,0.11943086,2.6181746
2440,2.44,0.13366795,2.542427
2441,2.441,0.13434768,2.4699967
2442,2.442,0.15269239,2.3958514
2443,2.443,0.15376516,2.2744582
2444,2.444,0.1619906,2.141147
2445,2.445,0.1509595,2.2344594
2446,2.446,0.15235133,2.218915
2447,2.447,0.15819837,2.1793234
2448,2.448,0.18686639,2.2545571
2449,2.449,0.18107557,2.3006902
2450,2.45,0.19116452,2.3220747
2451,2.451,0.18150024,2.3473132
2452,2.452,0.19404656,2.392513
2453,2.453,0.20132782,2.3081331
2454,2.454,0.20671274,2.4418468
2455,2.455,0.20314093,2.4503763
2456,2.456,0.19968472,2.4289832
2457,2.457,0.19906318,2.400708
2458,2.458,0.18562256,2.465522
2459,2.459,0.1896565,2.5214684
2460,2.46,0.18701479,2.459844
2461,2.461,0.21153508,2.6257937
2462,2.462,0.20738494,2.6022332
2463,2.463,0.19052853,2.6059055
2464,2.464,0.20272397,2.6155546
2465,2.465,0.18272026,2.5194187
2466,2.466,0.18925747,2.473012
2467,2.467,0.16755946,2.4583333
2468,2.468,0.15057768,2.354013
2469,2.469,0.16878435,2.2535741
2470,2.47,0.14848422,2.2915044
2471,2.471,0.15953866,2.396702
2472,2.472,0.16310143,2.3563905
2473,2.473,0.15945314,2.5503535
2474,2.474,0.14627708,2.4949896
2475,2.475,0.1429049,2.4440296
2476,2.476,0.15759659,2.4928894
2477,2.477,0.15835029,2.2697756
2478,2.478,0.1489273,2.161922
2479,2.479,0.17572732,2.1133282
2480,2.48,0.16529793,2.177571
2481,2.481,0.16776077,2.0375063
2482,2.482,0.18237324,1.9409817
2483,2.483,0.17096058,1.959232
2484,2.484,0.1768107,1.9622177
2485,2.485,0.19164044,1.9862955
2486,2.486,0.1654573,1.8535618
2487,2.487,0.1593313,1.8924017
2488,2.488,0.17899524,1.7667016
2489,2.489,0.18669558,1.7879515
2490,2.49,0.19968589,1.8541046
2491,2.491,0.207886,1.9209725
2492,2.492,0.20058462,1.8215226
2493,2.493,0.19551718,1.8262646
2494,2.494,0.18759245,1.8580486
2495,2.495,0.19049577,1.9409992
2496,2.496,0.19609927,1.8900995
2497,2.497,0.20341048,1.7083353
2498,2.498,0.20345253,1.6807358
2499,2.499,0.19237012,1.7516091
2500,2.5,0.191527,1.732261
2501,2.501,0.19027962,1.7414876
2502,2.502,0.19636907,1.8010064
2503,2.503,0.19949824,1.8438841
2504,2.504,0.18024889,1.9124471
2505,2.505,0.15305082,1.97319
2506,2.506,0.15850352,1.8889322
2507,2.507,0.15083693,1.8900502
2508,2.508,0.16138864,1.8443012
2509,2.509,0.17592718,1.788774
2510,2.51,0.14918788,1.7250226
2511,2.511,0.14488912,1.8411719
2512,2.512,0.15503493,1.9071922
2513,2.513,0.15650281,1.9307399
2514,2.514,0.14435999,1.7777686
2515,2.515,0.14908557,1.8441484
2516,2.516,0.14542586,1.9636688
2517,2.517,0.12881295,1.9844689
2518,2.518,0.13554181,1.9912086
2519,2.519,0.12901202,1.9990155
2520,2.52,0.12553339,2.046867
2521,2.521,0.13766414,1.9938434
2522,2.522,0.15175836,2.0754206
2523,2.523,0.1621518,1.9767616
2524,2.524,0.15100543,1.9499682
2525,2.525,0.18155247,1.9945542
2526,2.526,0.19686763,2.0820863
2527,2.527,0.18496875,2.2431808
2528,2.528,0.17618194,2.2870402
2529,2.529,0.173391,2.2274108
2530,2.53,0.17324427,2.2132576
2531,2.531,0.1658871,2.3064737
2532,2.532,0.16401458,2.3475578
2533,2.533,0.18644401,2.3474998
2534,2.534,0.16238831,2.3718498
2535,2.535,0.15112787,2.4513257
2536,2.536,0.16622265,2.5607266
2537,2.537,0.16295964,2.5910122
2538,2.538,0.1570823,2.5438597
2539,2.539,0.16397652,2.5240839
2540,2.54,0.1608879,2.470732
2541,2.541,0.14925295,2.4856365
2542,2.542,0.15070198,2.5296102
2543,2.543,0.1196668,2.5061355
2544,2.544,0.13470514,2.6290438
2545,2.545,0.11697819,2.562825
2546,2.546,0.12081277,2.5039275
2547,2.547,0.12850748,2.493163
2548,2.548,0.124276586,2.531866
2549,2.549,0.11770522,2.5221858
2550,2.55,0.1233804,2.4962928
2551,2.551,0.13503598,2.4958687
2552,2.552,0.1425842,2.558162
2553,2.553,0.13990802,2.5216901
2554,2.554,0.12999213,2.4705203
2555,2.555,0.1264783,2.507169
2556,2.556,0.11984248,2.5809906
2557,2.557,0.12970904,2.613422
2558,2.558,0.13462617,2.5063198
2559,2.559,0.13429087,2.4587178
2560,2.56,0.1479195,2.3912022
2561,2.561,0.14678985,2.3623524
2562,2.562,0.120296896,2.3157475
2563,2.563,0.12539703,2.3422651
2564,2.564,0.12050044,2.440238
2565,2.565,0.13058126,2.47259
2566,2.566,0.105816714,2.3864045
2567,2.567,0.12578544,2.4023807
2568,2.568,0.12386477,2.5510228
2569,2.569,0.12740895,2.445109
2570,2.57,0.098048456,2.4907973
2571,2.571,0.08856342,2.5192695
2572,2.572,0.08901389,2.5019503
2573,2.573,0.08919293,2.4893992
2574,2.574,0.09306688,2.56438
2575,2.575,0.084247544,2.452615
2576,2.576,0.09366118,2.4879239
2577,2.577,0.11392231,2.5208035
2578,2.578,0.1167388,2.6128263
2579,2.579,0.10020813,2.5799956
2580,2.58,0.09818748,2.6200066
2581,2.581,0.11581424,2.575934
2582,2.582,0.11896731,2.4772458
2583,2.583,0.12265308,2.5499935
2584,2.584,0.12995121,2.4946542
2585,2.585,0.123282924,2.5037062
2586,2.586,0.1473887,2.4733245
2587,2.587,0.14986357,2.497158
2588,2.588,0.15836051,2.4875984
2589,2.589,0.14442404,2.5309386
2590,2.59,0.1542845,2.5038261
2591,2.591,0.15875566,2.4873545
2592,2.592,0.15694241,2.4465935
2593,2.593,0.15170808,2.5222964
2594,2.594,0.15545638,2.4874756
2595,2.595,0.17023554,2.4248943
2596,2.596,0.15346114,2.6441596
2597,2.597,0.14351352,2.746078
2598,2.598,0.16249648,2.770211
2599,2.599,0.16084048,2.770401
2600,2.6,0.16230714,2.8452082
2601,2.601,0.18361013,2.9426725
2602,2.602,0.18808846,2.8218179
2603,2.603,0.20848458,2.854134
2604,2.604,0.2056666,2.884936
2605,2.605,0.22147042,2.8090348
2606,2.606,0.21551847,2.8354156
2607,2.607,0.22374696,2.87306
2608,2.608,0.2093091,2.8910224
2609,2.609,0.21146841,2.8934705
2610,2.61,0.22946644,2.7673776
2611,2.611,0.20873836,2.7113464
2612,2.612,0.2233374,2.6736112
2613,2.613,0.22737435,2.6477904
2614,2.614,0.2353348,2.7097588
2615,2.615,0.23298296,2.6475987
2616,2.616,0.23759331,2.6628191
2617,2.617,0.23319522,2.6743786
2618,2.618,0.23130485,2.7175248
2619,2.619,0.23435824,2.8065672
2620,2.62,0.21875845,2.7978988
2621,2.621,0.23184796,2.822208
2622,2.622,0.23290455,2.8053515
2623,2.623,0.23309804,2.8750045
2624,2.624,0.24598287,2.9553754
2625,2.625,0.25454283,3.0066555
2626,2.626,0.2733225,3.019413
2627,2.627,0.28382105,2.9848213
2628,2.628,0.2820823,2.907583
2629,2.629,0.27456224,2.7820656
2630,2.63,0.27367583,2.8519938
2631,2.631,0.29582572,2.841454
2632,2.632,0.30240333,2.8804634
2633,2.633,0.28871438,2.8571029
2634,2.634,0.29368207,2.9079955
2635,2.635,0.2760922,2.8824856
2636,2.636,0.27167994,3.1073155
2637,2.637,0.28171816,3.0456922
2638,2.638,0.29918283,3.079653
2639,2.639,0.30532724,3.0715916
2640,2.64,0.32237375,3.0279949
2641,2.641,0.31402916,3.1188562
2642,2.642,0.3011039,3.0183043
2643,2.643,0.33770362,2.9689815
2644,2.644,0.34255883,2.9643173
2645,2.645,0.35507375,2.9771147
2646,2.646,0.3576448,2.942677
2647,2.647,0.36386502,2.8900511
2648,2.648,0.3872976,2.953477
2649,2.649,0.3935238,2.9576273
2650,2.65,0.37321463,3.0402033
2651,2.651,0.35849452,2.9612517
2652,2.652,0.35234484,2.9976916
2653,2.653,0.3398036,2.953198
2654,2.654,0.36328506,2.931478
2655,2.655,0.3232103,2.9039237
2656,2.656,0.32886398,2.868468
2657,2.657,0.32690307,2.9130611
2658,2.658,0.3319832,2.8662472
2659,2.659,0.33905026,2.852287
2660,2.66,0.3281222,2.870706
2661,2.661,0.34105796,2.8946126
2662,2.662,0.35163745,2.9549177
2663,2.663,0.34533226,2.9740534
2664,2.664,0.3457638,2.9870408
2665,2.665,0.33800608,3.007546
2666,2.666,0.36337733,3.1604855
2667,2.667,0.37326542,3.09368
2668,2.668,0.3616548,3.0965557
2669,2.669,0.35985395,3.038182
2670,2.67,0.37009874,3.0052166
2671,2.671,0.3619781,3.0125406
2672,2.672,0.3850508,3.00995
2673,2.673,0.37637356,3.000107
2674,2.674,0.35766745,2.9797342
2675,2.675,0.3489824,2.8779125
2676,2.676,0.35146976,2.784436
2677,2.677,0.34967598,2.6632245
2678,2.678,0.36496508,2.5339465
2679,2.679,0.35178143,2.471579
2680,2.68,0.33690372,2.4796124
2681,2.681,0.3453791,2.5437157
2682,2.682,0.34798062,2.5942287
2683,2.683,0.31766272,2.6314206
2684,2.684,0.31593606,2.6360025
2685,2.685,0.32764482,2.6200502
2686,2.686,0.33495468,2.647351
2687,2.687,0.30231538,2.690535
2688,2.688,0.31591266,2.5938368
2689,2.689,0.2958179,2.5600498
2690,2.69,0.3146433,2.5729148
2691,2.691,0.29117826,2.5350468
2692,2.692,0.27166122,2.5818274
2693,2.693,0.30395362,2.5807545
2694,2.694,0.28782415,2.6727524
2695,2.695,0.27030984,2.5497637
2696,2.696,0.27135897,2.6175458
2697,2.697,0.2697199,2.690623
2698,2.698,0.27611145,2.682745
2699,2.699,0.27045178,2.7476873
2700,2.7,0.27635834,2.7764027
2701,2.701,0.28423616,2.8511646
2702,2.702,0.2883602,2.7983236
2703,2.703,0.29326847,2.7336183
2704,2.704,0.26846725,2.717588
2705,2.705,0.25969777,2.7817266
2706,2.706,0.25876668,2.8222306
2707,2.707,0.25513706,2.785774
2708,2.708,0.24445458,2.7479048
2709,2.709,0.248435,2.7510183
2710,2.71,0.2598197,2.8550842
2711,2.711,0.2608277,2.8634114
2712,2.712,0.26552054,2.8690586
2713,2.713,0.26615366,2.7789817
2714,2.714,0.26793796,2.876187
2715,2.715,0.27911532,2.8812435
2716,2.716,0.2792263,2.767208
2717,2.717,0.25673413,2.7874277
2718,2.718,0.27074483,2.6673074
2719,2.719,0.25850475,2.5922368
2720,2.72,0.26099074,2.6375518
2721,2.721,0.24011862,2.6306372
2722,2.722,0.2466699,2.6686034
2723,2.723,0.2385896,2.6296713
2724,2.724,0.22049326,2.6606827
2725,2.725,0.22230086,2.7057319
2726,2.726,0.22945233,2.7536483
2727,2.727,0.22955407,2.7172303
2728,2.728,0.22954501,2.7169588
2729,2.729,0.21270674,2.793898
2730,2.73,0.22514988,2.8679004
2731,2.731,0.21980119,2.8526318
2732,2.732,0.22115076,2.9488258
2733,2.733,0.21653092,2.892253
2734,2.734,0.19947621,2.8895333
2735,2.735,0.18486874,2.8304625
2736,2.736,0.1907941,2.8366995
2737,2.737,0.18491375,2.808615
2738,2.738,0.19982709,2.7263992
2739,2.739,0.19081953,2.6564338
2740,2.74,0.17866686,2.607608
2741,2.741,0.175026,2.5716674
2742,2.742,0.16650891,2.5255456
2743,2.743,0.16843745,2.529631
2744,2.744,0.18623805,2.6066165
2745,2.745,0.1988761,2.6336126
2746,2.746,0.18823223,2.5998242
2747,2.747,0.1679068,2.6822336
2748,2.748,0.17381316,2.6443508
2749,2.749,0.16592056,2.7283583
2750,2.75,0.17617801,2.6525226
2751,2.751,0.18302873,2.619568
2752,2.752,0.16693048,2.7336872
2753,2.753,0.17458558,2.6886396
2754,2.754,0.17528734,2.7053587
2755,2.755,0.19037558,2.7430375
2756,2.756,0.17272972,2.8305624
2757,2.757,0.1838643,2.8362677
2758,2.758,0.19675133,2.847396
2759,2.759,0.21043162,2.8369987
2760,2.76,0.21257845,2.9121094
2761,2.761,0.2342714,2.7715428
2762,2.762,0.2275004,2.7007353
2763,2.763,0.22164468,2.6937358
2764,2.764,0.23481749,2.7443986
2765,2.765,0.24130192,2.7614262
2766,2.766,0.2419191,2.770317
2767,2.767,0.23403838,2.8333848
2768,2.768,0.21073464,2.86253
2769,2.769,0.19466868,2.9547493
2770,2.77,0.19234487,2.9583192
2771,2.771,0.17202291,3.0621397
2772,2.772,0.16003062,3.259979
2773,2.773,0.16903894,3.2413025
2774,2.774,0.19095276,3.280249
2775,2.775,0.18349676,3.3002596
2776,2.776,0.17627509,3.2653248
2777,2.777,0.16107604,3.207182
2778,2.778,0.14612843,3.242445
2779,2.779,0.15385985,3.25435
2780,2.78,0.144219,3.205421
2781,2.781,0.14710608,3.1661565
2782,2.782,0.14639398,3.2202048
2783,2.783,0.15169893,3.2194257
2784,2.784,0.16585505,3.2366471
2785,2.785,0.18948942,3.1788542
2786,2.786,0.1816734,3.1829321
2787,2.787,0.17462133,3.1878414
2788,2.788,0.1717512,3.2293117
2789,2.789,0.16204341,3.1092885
2790,2.79,0.17289427,3.217925
2791,2.791,0.17087807,3.024461
2792,2.792,0.1577183,2.935998
2793,2.793,0.16838254,2.8944833
2794,2.794,0.17842472,3.0066519
2795,2.795,0.19076258,2.991002
2796,2.796,0.20544165,2.9015832
2797,2.797,0.20112216,2.9403715
2798,2.798,0.18976861,2.8000867
2799,2.799,0.20531558,2.7895203
2800,2.8,0.20670827,2.9164557
2801,2.801,0.20589131,2.941248
2802,2.802,0.18440795,3.0280845
2803,2.803,0.16740762,2.92412
2804,2.804,0.17945576,3.0217154
2805,2.805,0.17777567,2.9573753
2806,2.806,0.17891385,3.028398
2807,2.807,0.17103088,3.0552468
2808,2.808,0.15708819,2.9740133
2809,2.809,0.15878914,3.0953944
2810,2.81,0.15709996,3.025506
2811,2.811,0.13124704,3.0797348
2812,2.812,0.12132645,3.1270943
2813,2.813,0.11528402,3.0725722
2814,2.814,0.13490066,2.8881342
2815,2.815,0.14514579,2.9859757
2816,2.816,0.13903609,3.0335872
2817,2.817,0.1303704,3.0358846
2818,2.818,0.12465551,3.0811608
2819,2.819,0.1406398,3.0649068
2820,2.82,0.1270164,3.1604233
2821,2.821,0.12487972,3.118029
2822,2.822,0.13593526,3.0677528
2823,2.823,0.13774137,3.0493531
2824,2.824,0.12069406,3.019949
2825,2.825,0.12324916,2.9917734
2826,2.826,0.12891881,3.0262475
2827,2.827,0.1323504,3.09275
2828,2.828,0.14355056,2.9512956
2829,2.829,0.15648213,2.9492767
2830,2.83,0.13845456,2.7732267
2831,2.831,0.14770836,2.7750769
2832,2.832,0.1519365,2.8768392
2833,2.833,0.15884447,2.7554977
2834,2.834,0.15384032,2.7774475
2835,2.835,0.14890091,2.7195427
2836,2.836,0.12952174,2.812209
2837,2.837,0.11931079,2.8302789
2838,2.838,0.13086954,2.9455957
2839,2.839,0.13815366,2.9397497
2840,2.84,0.12626608,2.9464865
2841,2.841,0.12464067,2.9959714
2842,2.842,0.118296914,2.9819865
2843,2.843,0.10549067,2.930999
2844,2.844,0.09317116,2.9384713
2845,2.845,0.084044226,2.819959
2846,2.846,0.089915775,2.9022892
2847,2.847,0.08797673,2.9137046
2848,2.848,0.073859654,2.9827735
2849,2.849,0.0839947,2.9049644
2850,2.85,0.115446344,2.9234762
2851,2.851,0.11163868,2.978908
2852,2.852,0.13983032,3.1273215
2853,2.853,0.13703966,3.1798818
2854,2.854,0.13882975,3.1055038
2855,2.855,0.13982536,3.1461308
2856,2.856,0.13558786,3.0903099
2857,2.857,0.12909263,3.1940765
2858,2.858,0.12831303,3.3004603
2859,2.859,0.109370776,3.3446767
2860,2.86,0.13166034,3.2783751
2861,2.861,0.124371424,3.1806977
2862,2.862,0.1123735,3.371125
2863,2.863,0.1127063,3.3741064
2864,2.864,0.116895154,3.3256912
2865,2.865,0.12854165,3.3283017
2866,2.866,0.13806829,3.3200595
2867,2.867,0.124896385,3.4785984
2868,2.868,0.10556735,3.4948392
2869,2.869,0.13477206,3.4140708
2870,2.87,0.13371636,3.5415301
2871,2.871,0.13553669,3.507525
2872,2.872,0.11664767,3.5845323
2873,2.873,0.13284557,3.4802496
2874,2.874,0.12595259,3.430621
2875,2.875,0.11967259,3.4100702
2876,2.876,0.115111426,3.5168748
2877,2.877,0.114359826,3.5551486
2878,2.878,0.12921794,3.6356974
2879,2.879,0.13173231,3.546106
2880,2.88,0.14663385,3.7165017
2881,2.881,0.14095342,3.7133462
2882,2.882,0.13666631,3.7211487
2883,2.883,0.14847176,3.8531408
2884,2.884,0.1559449,3.8922417
2885,2.885,0.1363513,3.8184674
2886,2.886,0.13870314,3.7778056
2887,2.887,0.13098255,3.7556608
2888,2.888,0.13261566,3.7876427
2889,2.889,0.13435456,3.9089532
2890,2.89,0.14377426,3.8045094
2891,2.891,0.15188932,3.7807713
2892,2.892,0.1460493,3.7775993
2893,2.893,0.13766749,3.7055717
2894,2.894,0.14985894,3.643962
2895,2.895,0.12810566,3.655328
2896,2.896,0.111551665,3.5602982
2897,2.897,0.10497438,3.493476
2898,2.898,0.106355004,3.4672449
2899,2.899,0.099346176,3.4163687
2900,2.9,0.09179876,3.5786436
2901,2.901,0.088772014,3.5707946
2902,2.902,0.0970197,3.4905627
2903,2.903,0.110217266,3.537821
2904,2.904,0.12593606,3.480784
2905,2.905,0.13579912,3.5154002
2906,2.906,0.12349465,3.4043102
2907,2.907,0.14906695,3.4021177
2908,2.908,0.14713123,3.3772745
2909,2.909,0.12393941,3.530189
2910,2.91,0.11928559,3.5618348
2911,2.911,0.11714606,3.525933
2912,2.912,0.12209576,3.3809755
2913,2.913,0.11488223,3.5086346
2914,2.914,0.13076703,3.496985
2915,2.915,0.12674306,3.4723663
2916,2.916,0.1378085,3.5220978
2917,2.917,0.13257904,3.5405288
2918,2.918,0.10409636,3.5162973
2919,2.919,0.11444268,3.5108635
2920,2.92,0.13493149,3.4338021
2921,2.921,0.14681032,3.4672248
2922,2.922,0.14023647,3.6062956
2923,2.923,0.126048,3.5996628
2924,2.924,0.126158,3.6417322
2925,2.925,0.10539639,3.5424428
2926,2.926,0.10766641,3.5451653
2927,2.927,0.115221836,3.5444686
2928,2.928,0.12779126,3.438156
2929,2.929,0.13580593,3.4649074
2930,2.93,0.12617266,3.4156237
2931,2.931,0.12029497,3.4687698
2932,2.932,0.10929676,3.429668
2933,2.933,0.11711646,3.4986312
2934,2.934,0.1338926,3.596905
2935,2.935,0.12243046,3.5375335
2936,2.936,0.14345068,3.4499903
2937,2.937,0.1327202,3.3353348
2938,2.938,0.12014882,3.3562663
2939,2.939,0.108415365,3.3988638
2940,2.94,0.111092694,3.451676
2941,2.941,0.10775656,3.4491653
2942,2.942,0.0846691,3.404676
2943,2.943,0.07721116,3.4017398
2944,2.944,0.097989485,3.3973525
2945,2.945,0.09232864,3.3066056
2946,2.946,0.1091613,3.3316236
2947,2.947,0.111557886,3.330921
2948,2.948,0.11452144,3.2485502
2949,2.949,0.10946585,3.2380776
2950,2.95,0.12117963,3.1505694
2951,2.951,0.13773634,3.0421834
2952,2.952,0.1295146,3.076045
2953,2.953,0.10291926,3.1415772
2954,2.954,0.11348719,3.1368632
2955,2.955,0.10788736,3.2033484
2956,2.956,0.113664284,3.2467551
2957,2.957,0.104316,3.1925015
2958,2.958,0.10408304,3.2851105
2959,2.959,0.119527616,3.3237257
2960,2.96,0.109579846,3.3218315
2961,2.961,0.12484825,3.4004297
2962,2.962,0.11407036,3.3572414
2963,2.963,0.13429949,3.5006723
2964,2.964,0.13280205,3.4632628
2965,2.965,0.12348154,3.4368944
2966,2.966,0.12352834,3.3764935
2967,2.967,0.10824677,3.4118884
2968,2.968,0.109579846,3.3548014
2969,2.969,0.10504483,3.2646039
2970,2.97,0.12427286,3.278189
2971,2.971,0.116266504,3.3113353
2972,2.972,0.1264783,3.355478
2973,2.973,0.15364031,3.5140667
2974,2.974,0.16820258,3.543714
2975,2.975,0.14415164,3.4720917
2976,2.976,0.15547869,3.3911552
2977,2.977,0.12879321,3.365611
2978,2.978,0.1215549,3.453391
2979,2.979,0.12553339,3.5127528
2980,2.98,0.1276102,3.5133042
2981,2.981,0.12170696,3.3499775
2982,2.982,0.1092608,3.2693703
2983,2.983,0.13348447,3.3995957
2984,2.984,0.14999,3.3995173
2985,2.985,0.15319425,3.3393328
2986,2.986,0.16033371,3.3536327
2987,2.987,0.16686954,3.3074796
2988,2.988,0.16126539,3.1289444
2989,2.989,0.17004938,3.0801842
2990,2.99,0.15492155,3.1183288
2991,2.991,0.1620762,3.2502406
2992,2.992,0.14301002,3.2875617
2993,2.993,0.13097195,3.2680056
2994,2.994,0.13762887,3.2040846
2995,2.995,0.13140549,3.283529
2996,2.996,0.13343596,3.2395492
2997,2.997,0.1326871,3.213783
2998,2.998,0.14070718,3.1017013
2999,2.999,0.14469431,3.1565025
3000,3.0,0.14183637,3.0917184
3001,3.001,0.14460002,3.1858037
3002,3.002,0.13987826,3.2224343
3003,3.003,0.14920183,3.119117
3004,3.004,0.14419013,3.129745
3005,3.005,0.12676679,3.069516
3006,3.006,0.13071221,3.044489
3007,3.007,0.14239924,3.210855
3008,3.008,0.14078602,3.1495426
3009,3.009,0.15255758,3.191484
3010,3.01,0.1555872,3.1720881
3011,3.011,0.15812236,3.260854
3012,3.012,0.13150924,3.382878
3013,3.013,0.15144725,3.4055471
3014,3.014,0.15456897,3.3964672
3015,3.015,0.16787376,3.291464
3016,3.016,0.15831086,3.3606913
3017,3.017,0.15089516,3.439241
3018,3.018,0.14629604,3.4004953
3019,3.019,0.14201231,3.3906925
3020,3.02,0.15588558,3.3994744
3021,3.021,0.16368581,3.4290361
3022,3.022,0.14553392,3.4441032
3023,3.023,0.16982354,3.4682043
3024,3.024,0.160201,3.3143516
3025,3.025,0.17040794,3.370531
3026,3.026,0.173877,3.343175
3027,3.027,0.17600864,3.38824
3028,3.028,0.16767532,3.4651482
3029,3.029,0.17604278,3.4536622
3030,3.03,0.16342996,3.350976
3031,3.031,0.16605426,3.3577201
3032,3.032,0.18762326,3.2483947
3033,3.033,0.18768363,3.2972436
3034,3.034,0.19714692,3.3371809
3035,3.035,0.19953531,3.3749
3036,3.036,0.20075858,3.3932812
3037,3.037,0.19035372,3.317685
3038,3.038,0.18076761,3.2972069
3039,3.039,0.16522658,3.252255
3040,3.04,0.15757751,3.2650163
3041,3.041,0.14369544,3.2584054
3042,3.042,0.1617721,3.1766605
3043,3.043,0.15553072,3.332662
3044,3.044,0.15999305,3.3960314
3045,3.045,0.17800051,3.4603727
3046,3.046,0.17707463,3.5170114
3047,3.047,0.1842336,3.5995615
3048,3.048,0.19609809,3.5560908
3049,3.049,0.19470668,3.3917499
3050,3.05,0.20350821,3.3806658
3051,3.051,0.18595853,3.366357
3052,3.052,0.19525212,3.2883606
3053,3.053,0.18945892,3.3393767
3054,3.054,0.19726768,3.447489
3055,3.055,0.19508153,3.3505294
3056,3.056,0.20541802,3.4559772
3057,3.057,0.21413991,3.5280957
3058,3.058,0.2031853,3.5536463
3059,3.059,0.1988796,3.7040074
3060,3.06,0.20859322,3.6312077
3061,3.061,0.21344349,3.5814075
3062,3.062,0.2022787,3.4626262
3063,3.063,0.19063891,3.3214862
3064,3.064,0.20941289,3.237716
3065,3.065,0.20056617,3.3293145
3066,3.066,0.19163802,3.3340013
3067,3.067,0.19625837,3.2757785
3068,3.068,0.19248547,3.298132
3069,3.069,0.18191122,3.2051082
3070,3.07,0.19140987,3.1550553
3071,3.071,0.19708946,3.1654472
3072,3.072,0.2131812,3.1634388
3073,3.073,0.2152845,3.1095731
3074,3.074,0.22243705,3.0782776
3075,3.075,0.20659974,3.1000245
3076,3.076,0.19642557,3.0354598
3077,3.077,0.19092007,2.996031
3078,3.078,0.20873725,3.0419886
3079,3.079,0.19097334,3.105889
3080,3.08,0.20750977,3.0243344
3081,3.081,0.19077833,2.8900523
3082,3.082,0.19572045,2.9521773
3083,3.083,0.17677277,3.0739508
3084,3.084,0.17636555,3.117581
3085,3.085,0.19138572,3.1802285
3086,3.086,0.1885329,3.1755
3087,3.087,0.17757528,3.158396
3088,3.088,0.17523985,3.1789632
3089,3.089,0.16273533,3.0795684
3090,3.09,0.17210352,3.008195
3091,3.091,0.18122233,2.9834597
3092,3.092,0.17411616,3.0521946
3093,3.093,0.18301482,2.974424
3094,3.094,0.17665502,2.959709
3095,3.095,0.18372215,2.9362636
3096,3.096,0.1901362,2.931869
3097,3.097,0.17701064,2.9793274
3098,3.098,0.18243027,3.0111911
3099,3.099,0.2082771,3.0157878
3100,3.1,0.2037784,3.0539167
3101,3.101,0.2161494,3.1016657
3102,3.102,0.24385329,3.0950356
3103,3.103,0.25677288,3.1198232
3104,3.104,0.22758166,3.0786889
3105,3.105,0.2365039,2.9611323
3106,3.106,0.24807833,2.981822
3107,3.107,0.25485328,2.8777697
3108,3.108,0.24092412,2.9933562
3109,3.109,0.23634452,2.8466792
3110,3.11,0.22520842,2.9044676
3111,3.111,0.22434752,2.8686366
3112,3.112,0.24510345,2.8445253
3113,3.113,0.25853875,2.9743621
3114,3.114,0.2562402,2.8748512
3115,3.115,0.24568287,2.9555311
3116,3.116,0.27331996,2.892827
3117,3.117,0.25270057,2.9273877
3118,3.118,0.2466521,2.917928
3119,3.119,0.24042557,3.027096
3120,3.12,0.23875815,3.043356
3121,3.121,0.2188208,3.053468
3122,3.122,0.21282735,2.9918258
3123,3.123,0.22496909,3.0039797
3124,3.124,0.24067065,2.923359
3125,3.125,0.24554543,2.8636382
3126,3.126,0.22305876,2.8926435
3127,3.127,0.22421867,2.9077466
3128,3.128,0.24684791,2.8519547
3129,3.129,0.23752227,2.881005
3130,3.13,0.24911527,2.8713906
3131,3.131,0.25231692,2.8370364
3132,3.132,0.25497934,2.7704582
3133,3.133,0.25390807,2.8866515
3134,3.134,0.25313658,2.9084377
3135,3.135,0.24889801,2.9129336
3136,3.136,0.22783448,2.952377
3137,3.137,0.22166555,3.018588
3138,3.138,0.22107548,3.0083761
3139,3.139,0.20692737,2.943941
3140,3.14,0.19575943,2.8573904
3141,3.141,0.21007866,2.7991629
3142,3.142,0.19127576,2.8033967
3143,3.143,0.19148716,2.835228
3144,3.144,0.19079044,2.7810185
3145,3.145,0.19842455,2.7256806
3146,3.146,0.20091054,2.8466485
3147,3.147,0.19394526,2.9285698
3148,3.148,0.16092382,3.0369353
3149,3.149,0.17304397,3.0603633
3150,3.15,0.17572469,2.8934813
3151,3.151,0.15903792,2.8971136
3152,3.152,0.16472349,2.7949762
3153,3.153,0.1634144,2.7819026
3154,3.154,0.16060312,2.7793548
3155,3.155,0.15393196,2.83528
3156,3.156,0.15410459,2.8446338
3157,3.157,0.15276505,2.8743517
3158,3.158,0.13223681,2.8282816
3159,3.159,0.15503344,2.7339535
3160,3.16,0.14911813,2.8108528
3161,3.161,0.122055985,2.814829
3162,3.162,0.15056232,2.787482
3163,3.163,0.14345711,2.6717668
3164,3.164,0.11866961,2.7585099
3165,3.165,0.124235645,2.7417152
3166,3.166,0.1299619,2.6735003
3167,3.167,0.12120825,2.6115534
3168,3.168,0.10121819,2.5391488
3169,3.169,0.094999366,2.53765
3170,3.17,0.09841796,2.609515
3171,3.171,0.091488466,2.6600816
3172,3.172,0.096249335,2.5875037
3173,3.173,0.09066601,2.6205587
3174,3.174,0.11311991,2.7117844
3175,3.175,0.13280554,2.894111
3176,3.176,0.12091606,2.872742
3177,3.177,0.10981379,2.9150827
3178,3.178,0.097036384,2.9202974
3179,3.179,0.092120565,2.7776136
3180,3.18,0.099388056,2.8280637
3181,3.181,0.116964355,2.7840447
3182,3.182,0.11054192,2.9034564
3183,3.183,0.09548001,2.8472657
3184,3.184,0.0970483,2.814158
3185,3.185,0.10505584,2.82999
3186,3.186,0.13744228,2.8707335
3187,3.187,0.14348128,2.7992055
3188,3.188,0.15656485,2.7384663
3189,3.189,0.13503426,2.8159997
3190,3.19,0.13708858,2.794599
3191,3.191,0.14587824,2.8047366
3192,3.192,0.14612685,2.7846682
3193,3.193,0.13237834,2.8386998
3194,3.194,0.13971454,2.9298582
3195,3.195,0.13841948,2.8663716
3196,3.196,0.12713829,2.9306428
3197,3.197,0.12628621,2.944298
3198,3.198,0.14612685,2.9111764
3199,3.199,0.15115693,2.9727554
3200,3.2,0.1601981,2.8636281
3201,3.201,0.16815034,2.937736
3202,3.202,0.15438488,2.9723752
3203,3.203,0.15934145,2.9639578
3204,3.204,0.17073865,3.0374975
3205,3.205,0.16841549,3.1256773
3206,3.206,0.17988168,3.14992
3207,3.207,0.16999227,3.1145606
3208,3.208,0.16733992,3.0875537
3209,3.209,0.16634639,3.2138336
3210,3.21,0.17062622,3.1468568
3211,3.211,0.15594786,3.179331
3212,3.212,0.15889104,3.1152623
3213,3.213,0.15234677,3.1018007
3214,3.214,0.16143733,3.0247693
3215,3.215,0.19805369,2.9847105
3216,3.216,0.18575826,2.9363084
3217,3.217,0.18763928,2.9576926
3218,3.218,0.22460604,3.0128326
3219,3.219,0.22378518,2.9758134
3220,3.22,0.21252406,2.947204
3221,3.221,0.2203716,2.920146
3222,3.222,0.25653055,2.978093
3223,3.223,0.26300442,3.0277817
3224,3.224,0.31249705,2.9600163
3225,3.225,0.3035228,2.9314537
3226,3.226,0.2848212,2.9628255
3227,3.227,0.28721222,2.9330387
3228,3.228,0.28879926,2.935487
3229,3.229,0.29333705,2.9223042
3230,3.23,0.27187902,3.0002317
3231,3.231,0.27577212,2.968232
3232,3.232,0.2690075,2.8749774
3233,3.233,0.27721536,2.8158069
3234,3.234,0.29604366,2.8662934
3235,3.235,0.29960293,2.7886782
3236,3.236,0.30006558,2.7757123
3237,3.237,0.28240833,2.9279463
3238,3.238,0.2745673,2.9663694
3239,3.239,0.27942163,2.970371
3240,3.24,0.27159315,3.0215664
3241,3.241,0.27057058,3.1018782
3242,3.242,0.26400813,3.1709526
3243,3.243,0.25884527,3.2598789
3244,3.244,0.25337577,3.2764814
3245,3.245,0.26004916,3.2861474
3246,3.246,0.2615606,3.342206
3247,3.247,0.26150134,3.3701355
3248,3.248,0.26417884,3.3059447
3249,3.249,0.25883457,3.3047535
3250,3.25,0.2817116,3.2563026
3251,3.251,0.2656746,3.297864
3252,3.252,0.2608853,3.4158976
3253,3.253,0.28090948,3.3467667
3254,3.254,0.247681,3.458332
3255,3.255,0.23010533,3.3776326
3256,3.256,0.22963361,3.3706725
3257,3.257,0.22717902,3.3094862
3258,3.258,0.23443615,3.320668
3259,3.259,0.23502514,3.2498147
3260,3.26,0.24428524,3.2536497
3261,3.261,0.20857659,3.2605717
3262,3.262,0.21814674,3.1942997
3263,3.263,0.21987796,3.2807913
3264,3.264,0.21393791,3.3907294
3265,3.265,0.20431094,3.4630985
3266,3.266,0.20423512,3.464848
3267,3.267,0.19118388,3.509995
3268,3.268,0.18865794,3.5463898
3269,3.269,0.21294248,3.4723785
3270,3.27,0.25357825,3.4497585
3271,3.271,0.25556532,3.4733555
3272,3.272,0.26194745,3.406319
3273,3.273,0.2807201,3.376637
3274,3.274,0.28152606,3.3695612
3275,3.275,0.29261422,3.3512812
3276,3.276,0.2663777,3.3922393
3277,3.277,0.2662874,3.4215674
3278,3.278,0.28676513,3.3780603
3279,3.279,0.27664933,3.4029648
3280,3.28,0.2960593,3.4768696
3281,3.281,0.29740486,3.5104852
3282,3.282,0.28396192,3.4369864
3283,3.283,0.29702994,3.3980494
3284,3.284,0.29131398,3.364872
3285,3.285,0.30598757,3.3672066
3286,3.286,0.31881347,3.341548
3287,3.287,0.32998618,3.3544402
3288,3.288,0.31528485,3.3931422
3289,3.289,0.29575226,3.422308
3290,3.29,0.28142503,3.4112172
3291,3.291,0.27889326,3.3660858
3292,3.292,0.25975028,3.3036652
3293,3.293,0.24803732,3.3782117
3294,3.294,0.23785686,3.39041
3295,3.295,0.22715664,3.3893611
3296,3.296,0.22594737,3.4335802
3297,3.297,0.2248519,3.4769948
3298,3.298,0.24563958,3.463224
3299,3.299,0.2505967,3.5235462
3300,3.3,0.26082504,3.5315516
3301,3.301,0.24190667,3.4023416
3302,3.302,0.22289701,3.3665738
3303,3.303,0.20414,3.3421454
3304,3.304,0.22579587,3.2981
3305,3.305,0.21980329,3.4091647
3306,3.306,0.21706304,3.486904
3307,3.307,0.20040588,3.3503242
3308,3.308,0.21519858,3.4226964
3309,3.309,0.22505334,3.3549902
3310,3.31,0.22603637,3.2703316
3311,3.311,0.19800699,3.0663924
3312,3.312,0.20403919,3.1112084
3313,3.313,0.18526849,3.022456
3314,3.314,0.18103088,3.1559286
3315,3.315,0.17958453,3.1992972
3316,3.316,0.17502467,3.166399
3317,3.317,0.17134015,3.1673164
3318,3.318,0.1782069,3.160103
3319,3.319,0.21608093,3.153045
3320,3.32,0.19882263,3.0996752
3321,3.321,0.21489002,3.132262
3322,3.322,0.20436977,3.1932125
3323,3.323,0.19530302,3.2111764
3324,3.324,0.19641498,3.1920469
3325,3.325,0.18028224,3.0960505
3326,3.326,0.20463093,3.164752
3327,3.327,0.1970132,3.1808727
3328,3.328,0.20016117,3.1924171
3329,3.329,0.20229243,3.2821786
3330,3.33,0.19092128,3.1579094
3331,3.331,0.19018117,3.228225
3332,3.332,0.20285736,3.184381
3333,3.333,0.17833918,3.1877723
3334,3.334,0.17492425,3.1806848
3335,3.335,0.15458691,3.132543
3336,3.336,0.15899867,3.167991
3337,3.337,0.16519159,3.215721
3338,3.338,0.16390601,3.2596672
3339,3.339,0.16635473,3.2132049
3340,3.34,0.18727545,3.0476158
3341,3.341,0.20019813,3.073596
3342,3.342,0.18178153,3.1415052
3343,3.343,0.19955501,3.1076996
3344,3.344,0.17994207,3.2273593
3345,3.345,0.19566728,3.1498144
3346,3.346,0.17578387,3.179323
3347,3.347,0.16557184,3.2368062
3348,3.348,0.17301859,3.1984322
3349,3.349,0.16235271,3.1541545
3350,3.35,0.18411435,3.3813095
3351,3.351,0.19374967,3.3538105
3352,3.352,0.19323827,3.3283699
3353,3.353,0.20491995,3.3701394
3354,3.354,0.21841048,3.327256
3355,3.355,0.23091272,3.2862842
3356,3.356,0.22201571,3.3554356
3357,3.357,0.23822108,3.4845583
3358,3.358,0.23777132,3.4390724
3359,3.359,0.21865064,3.4406533
3360,3.36,0.21948436,3.436158
3361,3.361,0.22433928,3.4927554
3362,3.362,0.22757761,3.4931817
3363,3.363,0.23010834,3.5483074
3364,3.364,0.22676751,3.5255883
3365,3.365,0.2077258,3.5742264
3366,3.366,0.20361157,3.5760822
3367,3.367,0.20325358,3.6914258
3368,3.368,0.20169038,3.7263265
3369,3.369,0.18728903,3.8422897
3370,3.37,0.19543438,3.8603919
3371,3.371,0.20821714,3.857894
3372,3.372,0.20270914,3.963504
3373,3.373,0.19824037,4.039537
3374,3.374,0.21715249,4.1438365
3375,3.375,0.20955747,4.1344333
3376,3.376,0.20554854,4.102447
3377,3.377,0.19821471,4.1838636
3378,3.378,0.2028904,4.091912
3379,3.379,0.20089443,3.9617784
3380,3.38,0.20718195,3.949788
3381,3.381,0.18994641,4.039791
3382,3.382,0.17886345,4.1653476
3383,3.383,0.17832752,4.2154856
3384,3.384,0.21093422,4.236897
3385,3.385,0.19872144,4.2864003
3386,3.386,0.19881216,4.322309
3387,3.387,0.19033185,4.4288635
3388,3.388,0.17916822,4.489167
3389,3.389,0.17941067,4.4525228
3390,3.39,0.17925595,4.4995513
3391,3.391,0.16737032,4.527919
3392,3.392,0.17632754,4.42779
3393,3.393,0.17769632,4.437757
3394,3.394,0.16168919,4.370603
3395,3.395,0.17267618,4.367278
3396,3.396,0.1711687,4.416382
3397,3.397,0.16475576,4.3483543
3398,3.398,0.17105791,4.458718
3399,3.399,0.1730079,4.493232
3400,3.4,0.15206882,4.42133
3401,3.401,0.15914546,4.4779177
3402,3.402,0.16551597,4.5052533
3403,3.403,0.16526996,4.624603
3404,3.404,0.1564112,4.642673
3405,3.405,0.184875,4.584492
3406,3.406,0.18553036,4.556528
3407,3.407,0.1722123,4.5475287
3408,3.408,0.17764428,4.507941
3409,3.409,0.17349763,4.5032644
3410,3.41,0.18468106,4.5241375
3411,3.411,0.17537701,4.542373
3412,3.412,0.15918759,4.5861983
3413,3.413,0.17419183,4.4535394
3414,3.414,0.16485956,4.2764664
3415,3.415,0.1791179,4.1985593
3416,3.416,0.18015523,4.3856387
3417,3.417,0.17111737,4.3429847
3418,3.418,0.19371863,4.4365854
3419,3.419,0.19211516,4.521448
3420,3.42,0.18875962,4.633683
3421,3.421,0.17403781,4.5467963
3422,3.422,0.16784345,4.5365586
3423,3.423,0.16885284,4.6407638
3424,3.424,0.16520979,4.664739
3425,3.425,0.17425819,4.7282434
3426,3.426,0.16479224,4.731886
3427,3.427,0.17380385,4.6919117
3428,3.428,0.17784329,4.6047835
3429,3.429,0.18746547,4.7310667
3430,3.43,0.1835925,4.8113647
3431,3.431,0.18799995,4.882907
3432,3.432,0.17798233,4.8903937
3433,3.433,0.16392998,4.7546167
3434,3.434,0.1544747,4.770551
3435,3.435,0.15188019,4.7671385
3436,3.436,0.17125513,4.8388615
3437,3.437,0.18107557,4.8235664
3438,3.438,0.18631253,4.761229
3439,3.439,0.18205604,4.7559094
3440,3.44,0.1753058,4.831941
3441,3.441,0.17750497,4.8734117
3442,3.442,0.1747894,4.97188
3443,3.443,0.18132947,5.003931
3444,3.444,0.18165813,5.107423
3445,3.445,0.18611139,5.0337396
3446,3.446,0.18561633,5.0923142
3447,3.447,0.18482122,5.012052
3448,3.448,0.18021938,5.1464443
3449,3.449,0.17239746,5.2908354
3450,3.45,0.18503624,5.256187
3451,3.451,0.17010511,5.211561
3452,3.452,0.17298117,5.212849
3453,3.453,0.1859374,5.099254
3454,3.454,0.16400471,5.018722
3455,3.455,0.15926453,5.018951
3456,3.456,0.14228554,5.064531
3457,3.457,0.15768752,5.0323205
3458,3.458,0.15407458,4.979687
3459,3.459,0.16371407,4.977778
3460,3.46,0.16127256,5.0392575
3461,3.461,0.17717513,4.974033
3462,3.462,0.15912803,4.934681
3463,3.463,0.15372005,5.015731
3464,3.464,0.16258039,5.0732994
3465,3.465,0.168672,4.950008
3466,3.466,0.1639878,5.017038
3467,3.467,0.17224854,5.1254425
3468,3.468,0.18375234,5.1551456
3469,3.469,0.18115982,5.0857153
3470,3.47,0.19842687,5.1178837
3471,3.471,0.18705188,5.1423807
3472,3.472,0.17473912,5.0593877
3473,3.473,0.16497733,4.9797444
3474,3.474,0.16888432,5.0641804
3475,3.475,0.18189088,5.0254874
3476,3.476,0.17122002,4.9023623
3477,3.477,0.18171285,4.878635
3478,3.478,0.18623434,4.8536406
3479,3.479,0.17947637,4.796174
3480,3.48,0.16388485,4.7888527
3481,3.481,0.17716861,4.6923294
3482,3.482,0.16175637,4.6851997
3483,3.483,0.1679894,4.6356344
3484,3.484,0.18635844,4.654578
3485,3.485,0.18947113,4.6630683
3486,3.486,0.1821119,4.738455
3487,3.487,0.19188517,4.6832967
3488,3.488,0.1823745,4.632908
3489,3.489,0.17530449,4.672888
3490,3.49,0.15204753,4.717362
3491,3.491,0.15448219,4.709648
3492,3.492,0.15245602,4.686791
3493,3.493,0.1581326,4.630712
3494,3.494,0.1513541,4.4409804
3495,3.495,0.1558485,4.3364496
3496,3.496,0.14482687,4.3166265
3497,3.497,0.15897395,4.366822
3498,3.498,0.16376348,4.384478
3499,3.499,0.16135138,4.3758435
3500,3.5,0.1666907,4.3891425
3501,3.501,0.16619621,4.437888
3502,3.502,0.15817061,4.339581
3503,3.503,0.1603957,4.2741256
3504,3.504,0.15919484,4.2172494
3505,3.505,0.15870467,4.2443852
3506,3.506,0.1628319,4.2508554
3507,3.507,0.17996264,4.2159653
3508,3.508,0.19027476,4.3545628
3509,3.509,0.18341485,4.2985654
3510,3.51,0.19861554,4.268981
3511,3.511,0.19464493,4.2497563
3512,3.512,0.17393018,4.218831
3513,3.513,0.1788544,4.1494446
3514,3.514,0.17131856,4.1268463
3515,3.515,0.1572794,4.202938
3516,3.516,0.17772624,4.197121
3517,3.517,0.1813078,4.1679025
3518,3.518,0.18592994,4.1625237
3519,3.519,0.18867019,4.1305876
3520,3.52,0.19000968,4.118185
3521,3.521,0.18540321,4.184332
3522,3.522,0.1941359,4.1304855
3523,3.523,0.1883857,4.120701
3524,3.524,0.1854057,4.0274277
3525,3.525,0.17220558,4.0262733
3526,3.526,0.17347898,3.968726
3527,3.527,0.1793011,3.9694731
3528,3.528,0.18584289,4.036114
3529,3.529,0.16422588,3.944757
3530,3.53,0.15811212,3.9061587
3531,3.531,0.16444957,3.9374638
3532,3.532,0.15637572,3.941939
3533,3.533,0.14097802,3.9296405
3534,3.534,0.15131897,3.8268027
3535,3.535,0.1508921,3.8347125
3536,3.536,0.14872691,3.810088
3537,3.537,0.14272359,3.8696437
3538,3.538,0.14699131,3.878614
3539,3.539,0.15675227,3.900486
3540,3.54,0.16408081,3.9901547
3541,3.541,0.16212043,4.095428
3542,3.542,0.16711043,4.0914536
3543,3.543,0.16476698,4.211264
3544,3.544,0.16977724,4.1706023
3545,3.545,0.19201526,4.192773
3546,3.546,0.20071252,4.1562557
3547,3.547,0.19768213,4.112811
3548,3.548,0.20029972,4.085128
3549,3.549,0.20075513,4.033687
3550,3.55,0.19578187,4.2167783
3551,3.551,0.20942283,4.2629185
3552,3.552,0.19964305,4.2712445
3553,3.553,0.20619762,4.2101173
3554,3.554,0.20392583,4.2439885
3555,3.555,0.21458748,4.2315254
3556,3.556,0.22275902,4.284287
3557,3.557,0.22014277,4.2395177
3558,3.558,0.22379035,4.1247897
3559,3.559,0.23945914,4.0430155
3560,3.56,0.23424575,4.048085
3561,3.561,0.22478506,4.0916934
3562,3.562,0.23091772,3.9774594
3563,3.563,0.23970617,4.075694
3564,3.564,0.24192388,4.03297
3565,3.565,0.23266819,4.0177913
3566,3.566,0.23605773,4.009336
3567,3.567,0.219757,4.028236
3568,3.568,0.23241764,4.1264863
3569,3.569,0.22834736,4.2466865
3570,3.57,0.2218334,4.306989
3571,3.571,0.22080864,4.2873197
3572,3.572,0.21746422,4.190698
3573,3.573,0.21097367,4.2215986
3574,3.574,0.22819139,4.1996155
3575,3.575,0.22122915,4.1365056
3576,3.576,0.22741704,4.1386194
3577,3.577,0.24586065,4.244432
3578,3.578,0.2655684,4.3299994
3579,3.579,0.25279385,4.2715154
3580,3.58,0.24268529,4.1759405
3581,3.581,0.24353547,4.201175
3582,3.582,0.24653864,4.195031
3583,3.583,0.23852175,4.223031
3584,3.584,0.23326561,4.162884
3585,3.585,0.23729439,4.0573125
3586,3.586,0.22110265,4.0233335
3587,3.587,0.19699676,3.9312453
3588,3.588,0.18164667,3.9175751
3589,3.589,0.19506258,3.8219724
3590,3.59,0.19256951,3.770208
3591,3.591,0.19723837,3.6927679
3592,3.592,0.19120322,3.6069138
3593,3.593,0.18843722,3.6674175
3594,3.594,0.17366679,3.6479216
3595,3.595,0.18670918,3.6329908
3596,3.596,0.17352295,3.684857
3597,3.597,0.18791999,3.6289706
3598,3.598,0.21086624,9.240961
3599,3.599,0.18545683,3.5088878
3600,3.6,0.17514616,3.4539247
3601,3.601,0.17828342,3.3917422
3602,3.602,0.155804,3.318126
3603,3.603,0.1574087,3.3131049
3604,3.604,0.14923127,3.3638742
3605,3.605,0.16757877,3.3863256
3606,3.606,0.16138433,3.4348898
3607,3.607,0.16184068,3.4461517
3608,3.608,0.1528286,3.4838722
3609,3.609,0.14209531,3.5239987
3610,3.61,0.15224203,3.4107218
3611,3.611,0.15110493,3.4203527
3612,3.612,0.17219752,3.4900136
3613,3.613,0.1807612,3.491036
3614,3.614,0.18380518,3.56299
3615,3.615,0.19548407,3.678431
3616,3.616,0.18937348,3.6019485
3617,3.617,0.19018967,3.5768538
3618,3.618,0.18593368,3.5526595
3619,3.619,0.2093113,3.528046
3620,3.62,0.19097334,3.4760532
3621,3.621,0.19229078,3.5272512
3622,3.622,0.18155119,3.4766757
3623,3.623,0.19861321,3.4952364
3624,3.624,0.2065449,8.918382
3625,3.625,0.21268936,3.5403752
3626,3.626,0.21946225,3.504094
3627,3.627,0.20789379,8.93046
3628,3.628,0.20516463,8.95212
3629,3.629,0.19822054,8.953201
3630,3.63,0.193894,8.952168
3631,3.631,0.1951941,9.036616
3632,3.632,0.18864201,3.65472
3633,3.633,0.1916525,8.912657
3634,3.634,0.19446668,3.6069264
3635,3.635,0.21142685,3.5551631
3636,3.636,0.1963726,3.5604966
3637,3.637,0.18289731,3.4188356
3638,3.638,0.16994601,3.383732
3639,3.639,0.16942692,3.3801816
3640,3.64,0.16697203,3.4266064
3641,3.641,0.18159193,3.4632444
3642,3.642,0.18242522,3.3818254
3643,3.643,0.1828733,3.35413
3644,3.644,0.16017935,3.4732692
3645,3.645,0.13550086,3.461679
3646,3.646,0.13163224,3.5508316
3647,3.647,0.10969793,3.3613307
3648,3.648,0.13468282,3.419771
3649,3.649,0.1330664,3.468564
3650,3.65,0.13164629,3.5031598
3651,3.651,0.124447614,3.6024768
3652,3.652,0.09600402,3.639993
3653,3.653,0.10384732,3.617617
3654,3.654,0.103796095,3.603712
3655,3.655,0.10485759,3.681848
3656,3.656,0.1077394,3.7638996
3657,3.657,0.11763842,3.65905
3658,3.658,0.12322665,3.5682096
3659,3.659,0.12767904,3.4978535
3660,3.66,0.14306659,3.5292554
3661,3.661,0.13801134,3.4887393
3662,3.662,0.1335572,3.480581
3663,3.663,0.11689318,3.50268
3664,3.664,0.10527567,3.5458171
3665,3.665,0.11920028,3.5976536
3666,3.666,0.12491304,3.6525548
3667,3.667,0.11326492,3.7587137
3668,3.668,0.11479969,3.6575284
3669,3.669,0.118961476,3.6048539
3670,3.67,0.11966293,3.7422597
3671,3.671,0.13927865,3.7693462
3672,3.672,0.13729586,3.7217174
3673,3.673,0.13323657,3.5599504
3674,3.674,0.12690532,3.4842112
3675,3.675,0.13105313,3.4676557
3676,3.676,0.14036664,3.4135077
3677,3.677,0.16662134,3.3466494
3678,3.678,0.15904374,3.3041785
3679,3.679,0.16449034,3.4015713
3680,3.68,0.15433097,3.518969
3681,3.681,0.15820277,3.4118173
3682,3.682,0.16699971,8.676938
3683,3.683,0.14909177,8.564868
3684,3.684,0.14490667,8.504584
3685,3.685,0.14913674,8.448011
3686,3.686,0.15034719,8.448517
3687,3.687,0.11217994,8.491775
3688,3.688,0.103967465,8.53624
3689,3.689,0.11844339,8.489832
3690,3.69,0.122534275,8.339582
3691,3.691,0.15637276,8.289838
3692,3.692,0.13508391,8.299182
3693,3.693,0.12374152,8.377076
3694,3.694,0.13569012,8.381571
3695,3.695,0.15607975,8.360105
3696,3.696,0.16950469,8.350662
3697,3.697,0.1454815,8.260542
3698,3.698,0.14119597,8.342056
3699,3.699,0.14519517,8.421926
3700,3.7,0.13640724,8.376654
3701,3.701,0.11681206,8.517738
3702,3.702,0.12700729,8.518031
3703,3.703,0.12716556,8.570599
3704,3.704,0.12478527,8.401175
3705,3.705,0.13540357,8.460326
3706,3.706,0.147982,8.479825
3707,3.707,0.12242102,8.438211
3708,3.708,0.1386231,8.506735
3709,3.709,0.13663079,8.485013
3710,3.71,0.13663587,8.502601
3711,3.711,0.14502947,8.71421
3712,3.712,0.13529938,8.676997
3713,3.713,0.13214411,8.57324
3714,3.714,0.12627889,8.418292
3715,3.715,0.12662628,8.585996
3716,3.716,0.116816014,8.667969
3717,3.717,0.12251163,8.69602
3718,3.718,0.11253386,8.703054
3719,3.719,0.11044358,8.6567545
3720,3.72,0.0977509,8.755753
3721,3.721,0.097214915,8.815642
3722,3.722,0.118753344,8.842973
3723,3.723,0.12636857,8.885872
3724,3.724,0.12121588,8.888042
3725,3.725,0.1490375,9.010477
3726,3.726,0.15124103,9.033989
3727,3.727,0.1472349,9.03402
3728,3.728,0.16361518,9.046741
3729,3.729,0.16624768,9.054956
3730,3.73,0.16987664,9.080954
3731,3.731,0.165151,9.088759
3732,3.732,0.17416927,9.126109
3733,3.733,0.16392012,9.062635
3734,3.734,0.1457625,9.077222
3735,3.735,0.14130399,8.944579
3736,3.736,0.13106547,8.943608
3737,3.737,0.15085378,8.955211
3738,3.738,0.15138924,8.760004
3739,3.739,0.16497593,8.646557
3740,3.74,0.15563473,8.584308
3741,3.741,0.16526996,8.731233
3742,3.742,0.15728675,8.658977
3743,3.743,0.17733034,8.6320505
3744,3.744,0.14943717,8.578216
3745,3.745,0.13179374,8.543975
3746,3.746,0.11818546,8.544529
3747,3.747,0.12240213,8.460407
3748,3.748,0.13067506,8.482873
3749,3.749,0.12679048,8.463959
3750,3.75,0.11817568,8.367903
3751,3.751,0.13274111,8.433296
3752,3.752,0.12733634,8.373019
3753,3.753,0.13191998,8.602513
3754,3.754,0.16433987,8.688354
3755,3.755,0.16268843,8.638069
3756,3.756,0.15211746,8.590911
3757,3.757,0.14597331,8.598564
3758,3.758,0.14443363,8.743609
3759,3.759,0.1448572,8.7948265
3760,3.76,0.14091733,8.924714
3761,3.761,0.12734541,8.88037
3762,3.762,0.10923117,8.831955
3763,3.763,0.09232864,8.940409
3764,3.764,0.102306426,8.8747
3765,3.765,0.09708641,8.899569
3766,3.766,0.109178245,8.832966
3767,3.767,0.10025427,8.901808
3768,3.768,0.10903415,8.989466
3769,3.769,0.10094601,8.871716
3770,3.77,0.10357982,8.967088
3771,3.771,0.11126113,9.039603
3772,3.772,0.105334945,9.032732
3773,3.773,0.115219824,8.9631815
3774,3.774,0.12488342,8.974718
3775,3.775,0.13466223,8.991107
3776,3.776,0.16097985,8.989119
3777,3.777,0.17740464,9.023465
3778,3.778,0.17362684,9.045898
3779,3.779,0.16193636,8.979659
3780,3.78,0.1536057,5.7039113
3781,3.781,0.16302346,5.7130127
3782,3.782,0.16903484,8.9708605
3783,3.783,0.16749598,5.6870008
3784,3.784,0.16880353,8.897657
3785,3.785,0.16037984,8.93865
3786,3.786,0.16790129,5.6862473
3787,3.787,0.17450213,5.702453
3788,3.788,0.17412281,5.6389174
3789,3.789,0.15487678,5.6274037
3790,3.79,0.14830972,5.5836616
3791,3.791,0.14206114,5.6552773
3792,3.792,0.1500763,5.6560345
3793,3.793,0.14838454,8.833675
3794,3.794,0.1560279,8.821272
3795,3.795,0.1593255,5.645849
3796,3.796,0.17612813,8.791401
3797,3.797,0.18282905,5.6329474
3798,3.798,0.1891646,8.868604
3799,3.799,0.18464474,8.957559
3800,3.8,0.17916049,8.904435
3801,3.801,0.18357612,8.9071665
3802,3.802,0.19112703,8.869319
3803,3.803,0.16742833,5.6005006
3804,3.804,0.18837464,5.5832562
3805,3.805,0.18749383,8.819237
3806,3.806,0.1699188,8.735532
3807,3.807,0.18662374,8.65441
3808,3.808,0.18256076,8.598606
3809,3.809,0.16646032,5.5358176
3810,3.81,0.1718185,8.715345
3811,3.811,0.16646032,5.610947
3812,3.812,0.14889626,5.6343517
3813,3.813,0.15281953,5.568265
3814,3.814,0.14656603,5.601937
3815,3.815,0.16023707,3.7109206
3816,3.816,0.16843882,5.6271825
3817,3.817,0.1602212,3.7990456
3818,3.818,0.13660033,3.7844946
3819,3.819,0.1401672,3.7490747
3820,3.82,0.13368523,3.5837326
3821,3.821,0.13738675,5.576804
3822,3.822,0.13622577,5.5796833
3823,3.823,0.14163901,5.5162473
3824,3.824,0.15545787,5.5437427
3825,3.825,0.16391589,5.5559754
3826,3.826,0.1648876,5.554169
3827,3.827,0.16009562,3.5168118
3828,3.828,0.14893042,3.5178487
3829,3.829,0.16134995,5.6169243
3830,3.83,0.15128078,5.5878973
3831,3.831,0.15026413,5.6250434
3832,3.832,0.13908266,5.5771885
3833,3.833,0.13166562,5.587265
3834,3.834,0.12770256,5.572689
3835,3.835,0.1305848,5.510352
3836,3.836,0.1368151,5.52592
3837,3.837,0.121292144,5.5722733
3838,3.838,0.11931272,5.5522676
3839,3.839,0.12940387,5.5582657
3840,3.84,0.13744228,5.496285
3841,3.841,0.1302817,5.489948
3842,3.842,0.12562175,5.5631413
3843,3.843,0.12350588,5.5809193
3844,3.844,0.12594709,5.5832486
3845,3.845,0.11882342,5.645427
3846,3.846,0.11865402,5.66596
3847,3.847,0.12606084,5.680722
3848,3.848,0.12796481,5.663444
3849,3.849,0.13670014,3.9017956
3850,3.85,0.1350993,5.612327
3851,3.851,0.14324585,5.615072
3852,3.852,0.13831589,5.6503005
3853,3.853,0.14694412,3.6143935
3854,3.854,0.14310536,3.5104678
3855,3.855,0.14102066,3.5646954
3856,3.856,0.14619645,5.570457
3857,3.857,0.1574836,3.8725455
3858,3.858,0.16108896,5.442219
3859,3.859,0.17925337,5.438545
3860,3.86,0.20727232,3.667295
3861,3.861,0.17953046,3.4169405
3862,3.862,0.20984852,5.42275
3863,3.863,0.19508629,5.4073367
3864,3.864,0.20935658,5.453561
3865,3.865,0.20346276,5.4642296
3866,3.866,0.21127044,5.431462
3867,3.867,0.21242179,5.4791017
3868,3.868,0.21240328,5.5637827
3869,3.869,0.19556329,5.5511537
3870,3.87,0.19318563,5.5404
3871,3.871,0.1904909,5.5701528
3872,3.872,0.19939391,5.488662
3873,3.873,0.19793808,5.4681935
3874,3.874,0.2009301,5.5083613
3875,3.875,0.20181642,5.466117
3876,3.876,0.2079894,5.4594975
3877,3.877,0.21997677,5.4611034
3878,3.878,0.2008553,5.484236
3879,3.879,0.22224052,5.51338
3880,3.88,0.22044188,5.4349523
3881,3.881,0.2168158,5.506958
3882,3.882,0.19292934,11.86856
3883,3.883,0.2095663,5.5472727
3884,3.884,0.21473826,11.928669
3885,3.885,0.19533972,11.990149
3886,3.886,0.18637083,11.890738
3887,3.887,0.18621075,11.926102
3888,3.888,0.16073695,11.914706
3889,3.889,0.19552782,5.587603
3890,3.89,0.17745806,5.589223
3891,3.891,0.16678637,5.624984
3892,3.892,0.16895549,12.021839
3893,3.893,0.16270691,11.990531
3894,3.894,0.17438683,5.570593
3895,3.895,0.1792985,11.881467
3896,3.896,0.15251362,11.906049
3897,3.897,0.15041484,11.912613
3898,3.898,0.15508413,11.943993
3899,3.899,0.14709508,11.916523
3900,3.9,0.16412309,5.5542955
3901,3.901,0.1806691,5.527545
3902,3.902,0.18938568,5.5340424
3903,3.903,0.17475499,5.6093116
3904,3.904,0.17658304,5.578476
3905,3.905,0.1840817,3.3190095
3906,3.906,0.16648392,4.0668554
3907,3.907,0.16782829,4.0742726
3908,3.908,0.16264296,4.0935245
3909,3.909,0.14398155,5.5444617
3910,3.91,0.13807666,3.471825
3911,3.911,0.13773634,3.3541498
3912,3.912,0.1412107,4.297334
3913,3.913,0.1315444,4.3547316
3914,3.914,0.1391624,4.214348
3915,3.915,0.14373726,3.353904
3916,3.916,0.15266362,9.235438
3917,3.917,0.14664803,9.171302
3918,3.918,0.15584257,9.104397
3919,3.919,0.14636715,9.081375
3920,3.92,0.15727058,8.96893
3921,3.921,0.14614742,8.944533
3922,3.922,0.13036154,5.7565823
3923,3.923,0.12253993,3.997222
3924,3.924,0.12433424,3.998246
3925,3.925,0.099415965,3.9810538
3926,3.926,0.100309595,8.995891
3927,3.927,0.11480171,9.103003
3928,3.928,0.11624264,3.7193563
3929,3.929,0.11071955,5.806429
3930,3.93,0.11363174,5.7567916
3931,3.931,0.10494795,5.754481
3932,3.932,0.09862446,5.7653284
3933,3.933,0.11017111,5.7643266
3934,3.934,0.11511544,5.810986
3935,3.935,0.08080168,5.864707
3936,3.936,0.09921809,8.779459
3937,3.937,0.10594118,8.855703
3938,3.938,0.10511964,8.864197
3939,3.939,0.10886651,8.798362
3940,3.94,0.12950389,8.736396
3941,3.941,0.12096386,8.723154
3942,3.942,0.10935386,8.757558
3943,3.943,0.10682567,8.718914
3944,3.944,0.10405193,8.718359
3945,3.945,0.10402082,8.693692
3946,3.946,0.08822865,8.658085
3947,3.947,0.09298983,8.707153
3948,3.948,0.10160119,8.787387
3949,3.949,0.102721386,8.749554
3950,3.95,0.12573764,8.718923
3951,3.951,0.13782527,8.8404255
3952,3.952,0.12491119,8.80517
3953,3.953,0.15151593,8.79425
3954,3.954,0.14051645,8.651739
3955,3.955,0.14869894,8.745633
3956,3.956,0.14214087,8.724475
3957,3.957,0.1528891,8.738961
3958,3.958,0.14891955,8.614807
3959,3.959,0.14945884,8.499353
3960,3.96,0.17613207,8.482678
3961,3.961,0.17647302,8.49561
3962,3.962,0.17940035,8.525713
3963,3.963,0.176638,8.485126
3964,3.964,0.18242522,8.481302
3965,3.965,0.1747603,8.380137
3966,3.966,0.16676004,8.406943
3967,3.967,0.1762318,8.36425
3968,3.968,0.1583722,8.357891
3969,3.969,0.15901321,8.371401
3970,3.97,0.13913417,8.325371
3971,3.971,0.15579806,8.399758
3972,3.972,0.14517605,8.35365
3973,3.973,0.14922197,8.391947
3974,3.974,0.16183068,8.40591
3975,3.975,0.1610344,8.437559
3976,3.976,0.15198213,8.415261
3977,3.977,0.14866006,8.400236
3978,3.978,0.1531067,8.455887
3979,3.979,0.15852247,8.392518
3980,3.98,0.15948358,8.367699
3981,3.981,0.16953468,8.334699
3982,3.982,0.1722794,8.241828
3983,3.983,0.16323605,8.264531
3984,3.984,0.15146558,8.381794
3985,3.985,0.15723382,8.351606
3986,3.986,0.1597964,8.481994
3987,3.987,0.15726028,8.482695
3988,3.988,0.15020257,8.456329
3989,3.989,0.16140296,8.364173
3990,3.99,0.15837948,8.291094
3991,3.991,0.15563622,8.486791
3992,3.992,0.15345211,8.4310875
3993,3.993,0.15344307,8.486663
3994,3.994,0.15022103,8.468942
3995,3.995,0.15093039,8.4906025
3996,3.996,0.15355,8.423537
3997,3.997,0.15037948,8.234126
3998,3.998,0.15192433,8.153199
3999,3.999,0.14361657,8.16165
4000,4.0,0.14707308,8.25587
4001,4.001,0.15345211,8.22608
4002,4.002,0.14043252,8.195973
4003,4.003,0.13485952,8.18222
4004,4.004,0.13077056,8.259399
4005,4.005,0.13914746,8.2377825
4006,4.006,0.13580763,8.256648
4007,4.007,0.11344236,8.225157
4008,4.008,0.124291465,8.179567
4009,4.009,0.11719934,8.308218
4010,4.01,0.11194062,8.270259
4011,4.011,0.11925651,8.301596
4012,4.012,0.09683127,8.271357
4013,4.013,0.11268784,8.264552
4014,4.014,0.12336541,8.222717
4015,4.015,0.12476674,8.45087
4016,4.016,0.114890285,8.333921
4017,4.017,0.1284193,8.379842
4018,4.018,0.15260455,8.43654
4019,4.019,0.14632764,8.222829
4020,4.02,0.13759863,8.214992
4021,4.021,0.13962184,8.307425
4022,4.022,0.1433104,8.287845
4023,4.023,0.14841881,8.220018
4024,4.024,0.13309073,8.255269
4025,4.025,0.13896625,8.357712
4026,4.026,0.12793952,8.438998
4027,4.027,0.14216201,8.415134
4028,4.028,0.14173365,8.360745
4029,4.029,0.13999227,8.368299
4030,4.03,0.122935496,8.43468
4031,4.031,0.121212065,8.382454
4032,4.032,0.11741219,8.241217
4033,4.033,0.08976652,8.226152
4034,4.034,0.09365871,8.310495
4035,4.035,0.10835137,8.258325
4036,4.036,0.10384286,8.311244
4037,4.037,0.10687544,8.270725
4038,4.038,0.124572024,8.112808
4039,4.039,0.12340101,8.125396
4040,4.04,0.108600736,8.077294
4041,4.041,0.10480025,8.032859
4042,4.042,0.10506243,8.092107
4043,4.043,0.099369444,7.996272
4044,4.044,0.10023581,7.973335
4045,4.045,0.103401095,7.734802
4046,4.046,0.08720336,7.6644397
4047,4.047,0.089715,7.619283
4048,4.048,0.07678178,7.643241
4049,4.049,0.08524872,7.582226
4050,4.05,0.10691437,7.4991913
4051,4.051,0.10786807,7.579756
4052,4.052,0.10153063,7.5662427
4053,4.053,0.0872908,7.476142
4054,4.054,0.07882616,7.4076796
4055,4.055,0.07893168,7.3459663
4056,4.056,0.08192126,7.3304915
4057,4.057,0.08069861,7.4317575
4058,4.058,0.0790078,7.424417
4059,4.059,0.08750243,7.6293564
4060,4.06,0.08388453,7.6912236
4061,4.061,0.08771355,7.6550198
4062,4.062,0.09077814,7.6615424
4063,4.063,0.076310605,7.633517
4064,4.064,0.08358911,2.2753541
4065,4.065,0.091949746,7.7034016
4066,4.066,0.1006708,2.2964208
4067,4.067,0.11082808,7.643847
4068,4.068,0.11097401,7.6113143
4069,4.069,0.11440025,7.7378097
4070,4.07,0.10488625,2.414142
4071,4.071,0.11575234,7.7940493
4072,4.072,0.10918036,7.797117
4073,4.073,0.11893621,7.87692
4074,4.074,0.095859416,7.892583
4075,4.075,0.10631804,8.014519
4076,4.076,0.12309713,7.868909
4077,4.077,0.1159838,7.9804354
4078,4.078,0.104815684,8.106659
4079,4.079,0.120740026,8.067026
4080,4.08,0.09169544,8.022827
4081,4.081,0.1104038,8.090243
4082,4.082,0.106217965,8.268084
4083,4.083,0.11167388,8.265323
4084,4.084,0.117193416,8.191862
4085,4.085,0.11391014,8.257026
4086,4.086,0.102335796,8.253135
4087,4.087,0.09433755,8.229658
4088,4.088,0.10000028,8.298732
4089,4.089,0.105418324,8.159171
4090,4.09,0.099143505,8.255924
4091,4.091,0.11557844,8.205965
4092,4.092,0.09137468,8.365638
4093,4.093,0.087637074,8.426519
4094,4.094,0.10954397,8.388083
4095,4.095,0.11281907,8.474498
4096,4.096,0.10109477,8.262392
4097,4.097,0.1081613,8.44106
4098,4.098,0.106817015,8.366879
4099,4.099,0.11100109,8.361182
4100,4.1,0.09274587,8.375078
4101,4.101,0.09292268,8.379409
4102,4.102,0.10395635,8.426721
4103,4.103,0.101821676,8.438677
4104,4.104,0.107048355,8.403225
4105,4.105,0.10561333,8.450486
4106,4.106,0.110382855,8.485555
4107,4.107,0.10521856,8.461566
4108,4.108,0.10749018,8.417906
4109,4.109,0.12217148,8.384419
4110,4.11,0.11935534,8.360614
4111,4.111,0.121904366,8.401285
4112,4.112,0.1422433,8.416402
4113,4.113,0.1523559,8.378989
4114,4.114,0.14624704,8.304751
4115,4.115,0.12595075,8.374583
4116,4.116,0.14010286,8.347591
4117,4.117,0.13180076,8.484472
4118,4.118,0.13254765,8.46492
4119,4.119,0.12631734,8.47637
4120,4.12,0.12333729,8.554334
4121,4.121,0.13847458,8.477411
4122,4.122,0.13332504,8.4490795
4123,4.123,0.12126165,8.428333
4124,4.124,0.13171652,8.376811
4125,4.125,0.124362126,8.447489
4126,4.126,0.11762269,8.432325
4127,4.127,0.111727685,8.518738
4128,4.128,0.10535909,8.645576
4129,4.129,0.10295744,3.1400473
4130,4.13,0.117496826,3.1491935
4131,4.131,0.105954275,3.1119072
4132,4.132,0.11710461,3.0607631
4133,4.133,0.115572445,3.2557828
4134,4.134,0.11843364,3.2301698
4135,4.135,0.11888566,3.206194
4136,4.136,0.13267839,3.194878
4137,4.137,0.1141271,3.1487548
4138,4.138,0.11403388,3.2705476
4139,4.139,0.11472919,8.646115
4140,4.14,0.09981052,3.2687907
4141,4.141,0.09742634,8.837447
4142,4.142,0.09992858,8.84173
4143,4.143,0.12500185,3.4159622
4144,4.144,0.117923036,8.893293
4145,4.145,0.1131812,3.4590492
4146,4.146,0.10880491,3.5256877
4147,4.147,0.119366966,3.4158692
4148,4.148,0.11529204,3.3667645
4149,4.149,0.10428275,3.2537024
4150,4.15,0.11115719,3.266412
4151,4.151,0.11936503,3.3458076
4152,4.152,0.09139239,3.403616
4153,4.153,0.1038718,3.3855865
4154,4.154,0.11273707,3.3220818
4155,4.155,0.11257084,3.2723806
4156,4.156,0.114860095,3.3588479
4157,4.157,0.11555444,3.3516905
4158,4.158,0.11740037,3.314235
4159,4.159,0.11921386,3.3891087
4160,4.16,0.11139819,3.3249393
4161,4.161,0.118875936,3.2352812
4162,4.162,0.11332818,3.072341
4163,4.163,0.10409414,3.0823205
4164,4.164,0.11780339,3.0255427
4165,4.165,0.11762466,3.067174
4166,4.166,0.11797596,3.05724
4167,4.167,0.12553892,2.9985247
4168,4.168,0.15272874,2.9674106
4169,4.169,0.12636675,3.0924597
4170,4.17,0.13233817,2.9499967
4171,4.171,0.12673943,3.0896068
4172,4.172,0.14217989,3.1392388
4173,4.173,0.1425388,3.1650736
4174,4.174,0.1415345,3.1278
4175,4.175,0.13627668,2.936474
4176,4.176,0.1472239,2.9032533
4177,4.177,0.14728671,2.8581579
4178,4.178,0.15336621,2.9498272
4179,4.179,0.13655123,2.8683658
4180,4.18,0.13317062,2.7841024
4181,4.181,0.14218476,2.8615897
4182,4.182,0.13978899,2.7356532
4183,4.183,0.13004369,2.8160613
4184,4.184,0.12918214,2.6477735
4185,4.185,0.12587915,2.7431927
4186,4.186,0.12320038,2.6626782
4187,4.187,0.13526008,2.8717124
4188,4.188,0.13152331,2.841729
4189,4.189,0.14074825,2.7506957
4190,4.19,0.1438498,2.7135358
4191,4.191,0.1427414,2.6962607
4192,4.192,0.13886638,2.4842494
4193,4.193,0.14222866,2.5826533
4194,4.194,0.13640556,2.5890841
4195,4.195,0.15325461,2.5246403
4196,4.196,0.14486678,2.6011572
4197,4.197,0.13524298,2.6372974
4198,4.198,0.13840277,2.7584584
4199,4.199,0.14459522,2.7438583
4200,4.2,0.1304165,2.8408988
4201,4.201,0.13587402,2.895818
4202,4.202,0.122462556,2.8589056
4203,4.203,0.13136324,2.8836713
4204,4.204,0.13438381,2.955298
4205,4.205,0.12995656,2.912202
4206,4.206,0.1242896,2.854494
4207,4.207,0.1353626,2.9256284
4208,4.208,0.13832591,3.0158768
4209,4.209,0.14942016,2.9772725
4210,4.21,0.15212962,2.8718588
4211,4.211,0.15188171,3.0831552
4212,4.212,0.1598803,2.8690164
4213,4.213,0.1905807,2.66333
4214,4.214,0.17156264,2.7631898
4215,4.215,0.16885146,2.8808162
4216,4.216,0.17735381,2.8643825
4217,4.217,0.17775616,2.9417918
4218,4.218,0.17205516,2.8591554
4219,4.219,0.16026448,2.8483734
4220,4.22,0.18456836,2.8269691
4221,4.221,0.17959999,2.8696125
4222,4.222,0.18990259,3.0007896
4223,4.223,0.18214364,3.118485
4224,4.224,0.17950985,3.164991
4225,4.225,0.18736926,3.1819224
4226,4.226,0.17518048,3.2272184
4227,4.227,0.20645198,3.3071313
4228,4.228,0.21793997,3.3389034
4229,4.229,0.19884472,3.2835686
4230,4.23,0.21137546,2.899864
4231,4.231,0.23384568,2.92114
4232,4.232,0.23330525,2.8280253
4233,4.233,0.23526111,2.9110005
4234,4.234,0.21760239,2.8218865
4235,4.235,0.2044953,2.7958198
4236,4.236,0.19866093,2.7653792
4237,4.237,0.19465324,2.7729511
4238,4.238,0.19516921,2.6644666
4239,4.239,0.19697212,2.7061977
4240,4.24,0.21141155,2.861137
4241,4.241,0.2190035,2.8631134
4242,4.242,0.24395376,2.9121366
4243,4.243,0.24585219,2.9761915
4244,4.244,0.24828142,3.1085143
4245,4.245,0.26803544,3.1599412
4246,4.246,0.2495835,3.1526296
4247,4.247,0.2405323,3.0389702
4248,4.248,0.26329523,2.9630172
4249,4.249,0.26636726,3.1200678
4250,4.25,0.25314298,2.953095
4251,4.251,0.24632756,2.9504893
4252,4.252,0.24274911,2.89291
4253,4.253,0.22175314,2.8826396
4254,4.254,0.2284324,2.9684942
4255,4.255,0.24632756,2.9822624
4256,4.256,0.23538785,3.1134062
4257,4.257,0.2616092,3.140486
4258,4.258,0.25958645,3.0796413
4259,4.259,0.24431174,3.1526353
4260,4.26,0.2298188,3.195939
4261,4.261,0.21383306,3.2581482
4262,4.262,0.22102632,3.1332045
4263,4.263,0.21587862,3.220326
4264,4.264,0.20550242,3.230829
4265,4.265,0.22854875,3.1681314
4266,4.266,0.23012742,3.1866667
4267,4.267,0.22124274,3.2088013
4268,4.268,0.23056102,3.1764183
4269,4.269,0.24210157,3.106593
4270,4.27,0.22589517,3.135118
4271,4.271,0.21985273,3.187412
4272,4.272,0.1981097,3.1530068
4273,4.273,0.2181054,3.171386
4274,4.274,0.2204104,2.969833
4275,4.275,0.21692027,2.9990284
4276,4.276,0.20271483,2.9846423
4277,4.277,0.20953871,3.0194001
4278,4.278,0.20274791,3.0715883
4279,4.279,0.18916339,3.0512323
4280,4.28,0.18427752,3.076923
4281,4.281,0.16050953,3.1270692
4282,4.282,0.15843348,3.1179261
4283,4.283,0.15766552,3.074979
4284,4.284,0.1520156,3.086905
4285,4.285,0.1308607,3.111237
4286,4.286,0.1058036,3.0535927
4287,4.287,0.11884676,2.960395
4288,4.288,0.13616636,3.046969
4289,4.289,0.12529926,2.9747097
4290,4.29,0.10706779,3.0017295
4291,4.291,0.1071455,3.0404143
4292,4.292,0.111593105,3.0907965
4293,4.293,0.13712062,3.0820415
4294,4.294,0.13669677,3.0562391
4295,4.295,0.13864812,2.979651
4296,4.296,0.15318067,2.9659872
4297,4.297,0.122249044,2.9287884
4298,4.298,0.11488425,2.8013172
4299,4.299,0.08899052,2.7926276
4300,4.3,0.089236975,2.7449894
4301,4.301,0.095135555,2.797578
4302,4.302,0.095079646,2.805661
4303,4.303,0.100604184,2.8476014
4304,4.304,0.1185975,2.9119685
4305,4.305,0.11538225,2.861812
4306,4.306,0.109558746,2.7078712
4307,4.307,0.1322438,2.610162
4308,4.308,0.12443647,2.6473463
4309,4.309,0.11727033,2.7644608
4310,4.31,0.098746285,2.730137
4311,4.311,0.080787376,2.7379835
4312,4.312,0.10502062,2.878401
4313,4.313,0.12465736,2.879247
4314,4.314,0.12618,2.9579546
4315,4.315,0.112603694,2.9585526
4316,4.316,0.109472185,2.963716
4317,4.317,0.11570239,3.0779867
4318,4.318,0.12042175,3.033645
4319,4.319,0.11462839,3.0050247
4320,4.32,0.12536752,3.0622122
4321,4.321,0.13533868,3.185802
4322,4.322,0.14156227,3.0835288
4323,4.323,0.14503585,2.958444
4324,4.324,0.15792486,2.9604585
4325,4.325,0.15536563,3.0492105
4326,4.326,0.12982485,3.154533
4327,4.327,0.11261601,3.0850768
4328,4.328,0.12525497,3.1321712
4329,4.329,0.11752437,3.0371475
4330,4.33,0.1287573,2.9333334
4331,4.331,0.13213362,2.9812677
4332,4.332,0.13640894,3.0764632
4333,4.333,0.12991206,2.940406
4334,4.334,0.12835987,2.8120723
4335,4.335,0.12814355,2.8604667
4336,4.336,0.1275939,2.7079122
4337,4.337,0.12553154,2.6762166
4338,4.338,0.13346195,2.765775
4339,4.339,0.11581224,2.8892767
4340,4.34,0.12097341,2.895882
4341,4.341,0.1262496,2.9278889
4342,4.342,0.13599987,2.9776924
4343,4.343,0.12074577,3.0088067
4344,4.344,0.12389836,3.052838
4345,4.345,0.10848358,3.020803
4346,4.346,0.10235387,3.0017772
4347,4.347,0.09450405,2.974538
4348,4.348,0.08806866,2.8590345
4349,4.349,0.09583047,2.7477846
4350,4.35,0.09576049,2.8627796
4351,4.351,0.1039608,2.740086
4352,4.352,0.1021979,2.670056
4353,4.353,0.10802442,2.677392
4354,4.354,0.10999049,2.7693532
4355,4.355,0.13224728,2.8319573
4356,4.356,0.14067103,2.8325415
4357,4.357,0.122249044,2.7056139
4358,4.358,0.13144067,2.7111504
4359,4.359,0.14182007,2.6458375
4360,4.36,0.14450246,8.139681
4361,4.361,0.13009879,8.062333
4362,4.362,0.13001347,8.056161
4363,4.363,0.14058554,8.025379
4364,4.364,0.12057141,7.9284368
4365,4.365,0.114843994,7.894803
4366,4.366,0.1035307,7.9448233
4367,4.367,0.09751885,8.047533
4368,4.368,0.10589316,7.85547
4369,4.369,0.0843956,7.8369017
4370,4.37,0.08870167,7.837651
4371,4.371,0.085921355,7.824578
4372,4.372,0.10603934,7.868842
4373,4.373,0.094033174,7.8911448
4374,4.374,0.09371794,7.8112907
4375,4.375,0.08272725,7.673416
4376,4.376,0.07919777,7.728249
4377,4.377,0.09332983,7.757891
4378,4.378,0.08144008,2.681983
4379,4.379,0.097421594,7.773729
4380,4.38,0.1004639,2.4278424
4381,4.381,0.09598475,2.52058
4382,4.382,0.08528397,2.5602195
4383,4.383,0.08105023,2.5951774
4384,4.384,0.08729875,2.620697
4385,4.385,0.078405626,2.486997
4386,4.386,0.077715546,2.6202464
4387,4.387,0.08083601,2.6664057
4388,4.388,0.08615514,2.617303
4389,4.389,0.09275833,2.7092922
4390,4.39,0.092481256,7.427506
4391,4.391,0.10698138,7.367467
4392,4.392,0.094322845,7.370615
4393,4.393,0.08548975,7.371314
4394,4.394,0.083483934,7.2837214
4395,4.395,0.09992858,7.3608427
4396,4.396,0.10201902,7.28108
4397,4.397,0.10729213,7.2409487
4398,4.398,0.09889367,7.3493447
4399,4.399,0.10847293,7.4183598
4400,4.4,0.091283545,7.526398
4401,4.401,0.08681276,7.3570232
4402,4.402,0.11141064,7.4476714
4403,4.403,0.106539614,7.2322006
4404,4.404,0.104123004,7.2013626
4405,4.405,0.107171394,7.1181583
4406,4.406,0.11007033,7.1252184
4407,4.407,0.10866245,7.303141
4408,4.408,0.108244635,7.2076035
4409,4.409,0.1167685,7.249462
4410,4.41,0.11722301,7.3045535
4411,4.411,0.11216964,7.213638
4412,4.412,0.10650923,7.15851
4413,4.413,0.121581525,7.3388195
4414,4.414,0.11370292,7.3611603
4415,4.415,0.11913238,7.1362634
4416,4.416,0.12251918,7.2136497
4417,4.417,0.11275552,7.397948
4418,4.418,0.1181248,7.4312596
4419,4.419,0.12182468,7.608325
4420,4.42,0.123177856,7.494618
4421,4.421,0.12587915,7.482645
4422,4.422,0.11830668,7.438024
4423,4.423,0.12533432,7.4552383
4424,4.424,0.1338736,7.472362
4425,4.425,0.14448485,7.66779
4426,4.426,0.1325616,7.6858897
4427,4.427,0.13960528,7.61132
4428,4.428,0.13822058,7.3904862
4429,4.429,0.13597606,7.3252077
4430,4.43,0.1471438,7.4497995
4431,4.431,0.14987436,7.371643
4432,4.432,0.14996998,7.410115
4433,4.433,0.14623281,7.439718
4434,4.434,0.1357855,7.5474524
4435,4.435,0.15816037,7.548289
4436,4.436,0.174156,7.444535
4437,4.437,0.17413077,7.501194
4438,4.438,0.15275748,7.4909573
4439,4.439,0.15844224,7.574691
4440,4.44,0.16153325,7.535889
4441,4.441,0.16025005,7.6412473
4442,4.442,0.15160747,7.815837
4443,4.443,0.1258571,7.8133235
4444,4.444,0.12435469,7.825268
4445,4.445,0.13126642,7.7785587
4446,4.446,0.13472745,7.79944
4447,4.447,0.14463198,7.7482405
4448,4.448,0.13877979,7.6409917
4449,4.449,0.11740825,7.4855933
4450,4.45,0.127071,7.4561877
4451,4.451,0.1387248,7.517746
4452,4.452,0.1356816,2.6062005
4453,4.453,0.15720883,2.689699
4454,4.454,0.15177664,7.7306585
4455,4.455,0.16143017,7.547704
4456,4.456,0.15794095,7.596683
4457,4.457,0.15686727,7.509086
4458,4.458,0.17080905,7.62989
4459,4.459,0.15519887,2.433245
4460,4.46,0.15062065,2.3844187
4461,4.461,0.1505316,2.3847432
4462,4.462,0.14852314,2.4789536
4463,4.463,0.1294396,2.5534825
4464,4.464,0.12608835,2.5024905
4465,4.465,0.12682877,2.4911284
4466,4.466,0.13262437,2.5007854
4467,4.467,0.15126702,2.5168295
4468,4.468,0.15891722,2.5134513
4469,4.469,0.12873216,2.4676456
4470,4.47,0.1365089,7.5441184
4471,4.471,0.13024443,7.334781
4472,4.472,0.13292038,2.5018575
4473,4.473,0.14770521,2.6107564
4474,4.474,0.14101246,2.5777743
4475,4.475,0.1431732,2.6485684
4476,4.476,0.13896126,2.6887672
4477,4.477,0.15472594,2.7353468
4478,4.478,0.16242959,2.723904
4479,4.479,0.17866428,7.920546
4480,4.48,0.16871038,2.7030592
4481,4.481,0.15315351,7.8488092
4482,4.482,0.14935826,3.0571656
4483,4.483,0.13882476,3.0126085
4484,4.484,0.1109094,8.0889225
4485,4.485,0.10924175,3.0167837
4486,4.486,0.0941462,3.126224
4487,4.487,0.11158482,3.1131997
4488,4.488,0.10192607,8.299564
4489,4.489,0.10383841,8.385007
4490,4.49,0.09417321,8.481529
4491,4.491,0.10140987,8.446437
4492,4.492,0.11282112,8.272232
4493,4.493,0.11092816,8.117304
4494,4.494,0.12510353,8.333893
4495,4.495,0.12652217,8.210291
4496,4.496,0.11573636,8.061924
4497,4.497,0.122897886,8.174391
4498,4.498,0.122279294,8.27285
4499,4.499,0.11621081,8.332909
4500,4.5,0.11350553,8.364642
4501,4.501,0.10374486,8.375549
4502,4.502,0.1246926,8.435517
4503,4.503,0.122360565,8.510279
4504,4.504,0.12850568,8.499901
4505,4.505,0.12597644,8.683356
4506,4.506,0.14272197,8.708761
4507,4.507,0.13979726,8.517531
4508,4.508,0.14337006,8.578546
4509,4.509,0.13772961,8.288224
4510,4.51,0.16093819,8.285056
4511,4.511,0.13471028,8.175435
4512,4.512,0.11805824,7.9760203
4513,4.513,0.13188492,8.065608
4514,4.514,0.11745353,8.024305
4515,4.515,0.11223763,7.9305196
4516,4.516,0.12219986,7.998348
4517,4.517,0.12425053,8.042102
4518,4.518,0.12962702,7.989797
4519,4.519,0.123389766,7.954797
4520,4.52,0.11971895,8.017364
4521,4.521,0.12439744,7.9608
4522,4.522,0.12943068,3.3327732
4523,4.523,0.13121004,7.8664827
4524,4.524,0.13699917,7.811198
4525,4.525,0.1635643,7.7801633
4526,4.526,0.15836927,7.8676724
4527,4.527,0.14193088,7.8529816
4528,4.528,0.15400104,7.967302
4529,4.529,0.14006326,8.105309
4530,4.53,0.15542068,8.1014
4531,4.531,0.1699501,8.307093
4532,4.532,0.19637848,8.39405
4533,4.533,0.1914002,8.394995
4534,4.534,0.17546663,8.37917
4535,4.535,0.17943643,8.450595
4536,4.536,0.17183465,8.275283
4537,4.537,0.1623997,8.159992
4538,4.538,0.16068085,8.298551
4539,4.539,0.16063191,8.357958
4540,4.54,0.16209619,8.528379
4541,4.541,0.14341037,8.462094
4542,4.542,0.14183801,8.529886
4543,4.543,0.1514152,8.609539
4544,4.544,0.16054265,8.604954
4545,4.545,0.17165022,8.558541
4546,4.546,0.17743722,8.450175
4547,4.547,0.17556015,8.237073
4548,4.548,0.16342573,8.202072
4549,4.549,0.17330831,8.444599
4550,4.55,0.16478102,6.3104076
4551,4.551,0.16940509,6.320723
4552,4.552,0.15695862,6.3481646
4553,4.553,0.15657666,8.437788
4554,4.554,0.15361623,8.384989
4555,4.555,0.12825355,8.261621
4556,4.556,0.14292754,8.318323
4557,4.557,0.14182007,8.444485
4558,4.558,0.16604173,8.488409
4559,4.559,0.16070242,8.518249
4560,4.56,0.17122947,8.496622
4561,4.561,0.18421352,8.421008
4562,4.562,0.1920598,8.307664
4563,4.563,0.19681595,8.39311
4564,4.564,0.18966138,8.429594
4565,4.565,0.18545558,8.376826
4566,4.566,0.16013171,8.51753
4567,4.567,0.15612566,8.487255
4568,4.568,0.15874691,8.481773
4569,4.569,0.16882545,8.412308
4570,4.57,0.17643371,8.535112
4571,4.571,0.17083205,8.414262
4572,4.572,0.17095245,8.497282
4573,4.573,0.17744504,8.308183
4574,4.574,0.17126592,8.359098
4575,4.575,0.1688227,8.255463
4576,4.576,0.14945264,8.373246
4577,4.577,0.15973853,8.34362
4578,4.578,0.16291706,8.447668
4579,4.579,0.15748066,8.502139
4580,4.58,0.16190638,8.435838
4581,4.581,0.143726,8.455835
4582,4.582,0.14073183,8.364815
4583,4.583,0.1294789,8.427356
4584,4.584,0.118615046,8.427765
4585,4.585,0.123264164,8.476909
4586,4.586,0.14229368,8.337482
4587,4.587,0.15190454,8.182428
4588,4.588,0.16119656,8.304328
4589,4.589,0.15722059,8.285981
4590,4.59,0.16240823,8.214702
4591,4.591,0.15739255,8.186851
4592,4.592,0.1591164,8.099039
4593,4.593,0.1685047,8.238669
4594,4.594,0.17278592,7.9947505
4595,4.595,0.16305183,7.988366
4596,4.596,0.18526725,8.154591
4597,4.597,0.1830843,8.211358
4598,4.598,0.1852997,8.187318
4599,4.599,0.1743802,8.379777
4600,4.6,0.16919205,8.489978
4601,4.601,0.17133476,8.393637
4602,4.602,0.18008463,8.408594
4603,4.603,0.15819837,8.271021
4604,4.604,0.15345362,8.236703
4605,4.605,0.15275748,8.11931
4606,4.606,0.15173092,8.076346
4607,4.607,0.15092887,3.0059104
4608,4.608,0.14853714,8.253948
4609,4.609,0.12745975,8.320176
4610,4.61,0.13400823,3.1146047
4611,4.611,0.14256962,8.38052
4612,4.612,0.13690464,8.073157
4613,4.613,0.14346841,8.054707
4614,4.614,0.14363107,8.1448555
4615,4.615,0.15059917,8.189706
4616,4.616,0.14420295,8.161798
4617,4.617,0.15742044,8.071132
4618,4.618,0.1662602,8.095035
4619,4.619,0.17835344,8.12608
4620,4.62,0.17427808,8.097891
4621,4.621,0.18917683,8.004049
4622,4.622,0.18976496,8.144425
4623,4.623,0.18226673,8.2474165
4624,4.624,0.16760361,8.295645
4625,4.625,0.16754015,8.353302
4626,4.626,0.18318403,8.108417
4627,4.627,0.1736548,8.307127
4628,4.628,0.17887509,8.187797
4629,4.629,0.18185528,8.256565
4630,4.63,0.17633672,8.207257
4631,4.631,0.16599856,8.151399
4632,4.632,0.17363083,7.9489884
4633,4.633,0.15556787,7.9892764
4634,4.634,0.15033488,8.002496
4635,4.635,0.1570028,7.9646125
4636,4.636,0.17419448,8.172074
4637,4.637,0.17294775,8.2214
4638,4.638,0.16475296,8.282977
4639,4.639,0.1681517,8.381488
4640,4.64,0.1800795,8.511827
4641,4.641,0.19867839,8.542942
4642,4.642,0.21028765,8.644058
4643,4.643,0.20958725,8.69062
4644,4.644,0.20487143,8.658101
4645,4.645,0.22283062,8.700126
4646,4.646,0.24490057,8.705313
4647,4.647,0.26962474,8.716833
4648,4.648,0.2736733,8.901392
4649,4.649,0.27173102,8.864082
4650,4.65,0.27221045,8.855554
4651,4.651,0.2687074,8.808796
4652,4.652,0.2642305,8.830657
4653,4.653,0.24975574,8.605043
4654,4.654,0.25028098,8.514454
4655,4.655,0.26841125,8.413699
4656,4.656,0.30088347,8.383469
4657,4.657,0.30603895,8.281638
4658,4.658,0.30225804,8.33041
4659,4.659,0.27286366,8.234209
4660,4.66,0.27220535,8.380373
4661,4.661,0.2675105,8.360989
4662,4.662,0.2521666,8.262446
4663,4.663,0.24273959,8.175181
4664,4.664,0.25581667,8.221219
4665,4.665,0.24866012,8.101716
4666,4.666,0.25505096,8.1195545
4667,4.667,0.2593824,8.120172
4668,4.668,0.28304368,8.05468
4669,4.669,0.2768206,8.039377
4670,4.67,0.26275995,2.6249025
4671,4.671,0.2565062,2.6468675
4672,4.672,0.2617638,2.6213896
4673,4.673,0.26379526,2.5608666
4674,4.674,0.28128782,2.6530507
4675,4.675,0.29950103,2.6420481
4676,4.676,0.30163783,8.007519
4677,4.677,0.28855097,7.918384
4678,4.678,0.2755012,2.565612
4679,4.679,0.25871843,2.6057935
4680,4.68,0.24732137,2.5241413
4681,4.681,0.24237834,7.617844
4682,4.682,0.2286054,7.6340346
4683,4.683,0.22012912,2.6424162
4684,4.684,0.2247182,2.432327
4685,4.685,0.250086,2.4658947
4686,4.686,0.25996023,2.4723063
4687,4.687,0.26533064,2.5762079
4688,4.688,0.25275728,2.5844097
4689,4.689,0.25195107,2.4458935
4690,4.69,0.2569115,2.4896252
4691,4.691,0.27902254,2.4608767
4692,4.692,0.28550628,2.4571862
4693,4.693,0.28606206,2.3860302
4694,4.694,0.26815015,2.3813207
4695,4.695,0.28179365,2.3969417
4696,4.696,0.27023542,2.3619938
4697,4.697,0.26399326,2.300615
4698,4.698,0.24506195,2.3022153
4699,4.699,0.22038838,2.4098837
4700,4.7,0.22990228,2.3032222
4701,4.701,0.2499778,2.2662427
4702,4.702,0.27389455,2.254236
4703,4.703,0.2747937,2.1953413
4704,4.704,0.2481212,2.324258
4705,4.705,0.23759721,2.2357655
4706,4.706,0.2511892,2.4346876
4707,4.707,0.23649706,2.5087655
4708,4.708,0.24893051,2.5073915
4709,4.709,0.28817895,2.6608462
4710,4.71,0.2954159,2.6393528
4711,4.711,0.30053443,2.6332645
4712,4.712,0.3064074,2.7938826
4713,4.713,0.3030296,2.7742143
4714,4.714,0.2946158,2.6746483
4715,4.715,0.28206345,2.6728647
4716,4.716,0.28988272,2.677122
4717,4.717,0.29426402,2.6151903
4718,4.718,0.29543078,2.6926963
4719,4.719,0.28588337,2.7239344
4720,4.72,0.2934907,2.755385
4721,4.721,0.28836584,2.9102335
4722,4.722,0.2987962,2.69381
4723,4.723,0.3144875,2.6781607
4724,4.724,0.31967816,2.7747715
4725,4.725,0.3163975,2.7121701
4726,4.726,0.31497893,2.7357152
4727,4.727,0.32656983,2.7754064
4728,4.728,0.32424298,2.7852073
4729,4.729,0.30831042,2.802555
4730,4.73,0.32240602,2.8418093
4731,4.731,0.33171847,2.932895
4732,4.732,0.34164584,2.8948348
4733,4.733,0.34447426,2.890914
4734,4.734,0.33394542,2.7993708
4735,4.735,0.32673118,2.7225387
4736,4.736,0.33885044,2.7480998
4737,4.737,0.3164983,2.7207341
4738,4.738,0.33809704,2.6733997
4739,4.739,0.3440821,2.7820413
4740,4.74,0.31872427,2.8174279
4741,4.741,0.29497105,2.840265
4742,4.742,0.26812774,2.6817875
4743,4.743,0.26580685,2.778817
4744,4.744,0.27404895,2.7836826
4745,4.745,0.2588051,2.755372
4746,4.746,0.25706983,2.7622025
4747,4.747,0.2718535,2.8365355
4748,4.748,0.27301612,2.8581192
4749,4.749,0.25327262,2.8066456
4750,4.75,0.23175919,2.7314217
4751,4.751,0.22620097,2.7820344
4752,4.752,0.23143676,2.7389345
4753,4.753,0.24489962,2.7194195
4754,4.754,0.24267195,2.622595
4755,4.755,0.25251386,2.597349
4756,4.756,0.2811686,2.664662
4757,4.757,0.3047573,2.5736105
4758,4.758,0.29815796,2.6463737
4759,4.759,0.30604726,2.7109208
4760,4.76,0.3173824,2.6271873
4761,4.761,0.3500665,2.5342813
4762,4.762,0.33191076,2.4804952
4763,4.763,0.32069337,2.4884577
4764,4.764,0.29682437,2.440306
4765,4.765,0.29906148,2.311548
4766,4.766,0.29597962,2.1953857
4767,4.767,0.2941391,2.1056547
4768,4.768,0.2903107,2.2495904
4769,4.769,0.28253353,2.3116274
4770,4.77,0.2915916,2.3450875
4771,4.771,0.30851957,2.1922324
4772,4.772,0.3348028,2.0824907
4773,4.773,0.3239441,2.0701947
4774,4.774,0.33273447,1.9918079
4775,4.775,0.31890556,2.0319142
4776,4.776,0.324151,1.8904228
4777,4.777,0.3540141,1.951728
4778,4.778,0.33755365,2.0418255
4779,4.779,0.34834254,2.1413147
4780,4.78,0.34990007,2.0316508
4781,4.781,0.35847,2.099998
4782,4.782,0.33622986,2.0869362
4783,4.783,0.32883376,2.2462652
4784,4.784,0.3156989,2.2365234
4785,4.785,0.3042106,2.0524201
4786,4.786,0.29719335,2.1931744
4787,4.787,0.27708104,2.390222
4788,4.788,0.28403765,2.3028574
4789,4.789,0.284071,2.3564792
4790,4.79,0.2943418,2.1236193
4791,4.791,0.28776953,1.9740692
4792,4.792,0.290901,2.0671842
4793,4.793,0.29244667,2.1505382
4794,4.794,0.2939071,2.151026
4795,4.795,0.31898892,2.190524
4796,4.796,0.312198,2.2019627
4797,4.797,0.32521766,2.1264763
4798,4.798,0.31438825,2.0428076
4799,4.799,0.32798335,2.0815008
4800,4.8,0.32232428,2.1970022
4801,4.801,0.3356869,2.189673
4802,4.802,0.33571652,2.125486
4803,4.803,0.33050284,2.1538064
4804,4.804,0.32329327,2.0349262
4805,4.805,0.332183,1.9852182
4806,4.806,0.31108597,2.0917573
4807,4.807,0.3132729,2.139831
4808,4.808,0.3244105,2.196929
4809,4.809,0.33472407,2.019052
4810,4.81,0.33623743,1.9987166
4811,4.811,0.33920026,1.9496582
4812,4.812,0.34514475,1.8394003
4813,4.813,0.34744737,1.8740649
4814,4.814,0.3791368,1.9124583
4815,4.815,0.3726511,1.8999789
4816,4.816,0.36710185,1.9023517
4817,4.817,0.36730775,1.8794767
4818,4.818,0.3660284,1.8109777
4819,4.819,0.34608328,1.7470984
4820,4.82,0.33194003,1.6813352
4821,4.821,0.3246264,1.7100644
4822,4.822,0.3223967,1.7435228
4823,4.823,0.3192128,1.8677282
4824,4.824,0.3008896,1.813885
4825,4.825,0.28393832,1.8011382
4826,4.826,0.30000085,1.7483524
4827,4.827,0.29690146,1.7612453
4828,4.828,0.30162174,1.8227109
4829,4.829,0.26978332,1.7737864
4830,4.83,0.26833633,1.8096151
4831,4.831,0.25351623,1.8369756
4832,4.832,0.24356775,1.8395003
4833,4.833,0.2453985,7.537685
4834,4.834,0.2715293,7.5339336
4835,4.835,0.27561784,7.4251585
4836,4.836,0.2801843,7.499685
4837,4.837,0.2823166,2.0299885
4838,4.838,0.27299833,7.658264
4839,4.839,0.28770202,7.725183
4840,4.84,0.28555083,7.6905212
4841,4.841,0.29667947,7.756706
4842,4.842,0.3061492,7.6289954
4843,4.843,0.30604422,7.484584
4844,4.844,0.28914008,7.633528
4845,4.845,0.29398972,7.522163
4846,4.846,0.29670286,7.475191
4847,4.847,0.29463696,7.520617
4848,4.848,0.29468092,7.65623
4849,4.849,0.28880164,7.618938
4850,4.85,0.292645,7.659488
4851,4.851,0.2949295,2.0173476
4852,4.852,0.2939559,2.0087314
4853,4.853,0.29748413,1.9886869
4854,4.854,0.29014263,1.9401424
4855,4.855,0.3022045,2.0124032
4856,4.856,0.30767238,7.7010684
4857,4.857,0.306082,7.705951
4858,4.858,0.30825117,7.539681
4859,4.859,0.2907913,7.5460367
4860,4.86,0.3045137,7.6168523
4861,4.861,0.31946835,7.546914
4862,4.862,0.32658184,7.3409123
4863,4.863,0.3300352,1.5503163
4864,4.864,0.331924,1.5428194
4865,4.865,0.33363375,1.5335287
4866,4.866,0.32930025,7.3360057
4867,4.867,0.32520628,7.3873954
4868,4.868,0.37432617,7.429831
4869,4.869,0.37118345,7.5351524
4870,4.87,0.3974859,7.4821835
4871,4.871,0.41350767,7.2571077
4872,4.872,0.4313549,7.499905
4873,4.873,0.41326162,7.512025
4874,4.874,0.40400442,7.4717298
4875,4.875,0.40971127,1.6574521
4876,4.876,0.38591084,7.6268096
4877,4.877,0.39741668,7.4782977
4878,4.878,0.41389272,7.3402214
4879,4.879,0.41212156,1.4608783
4880,4.88,0.4170728,1.4381715
4881,4.881,0.41724294,1.4550928
4882,4.882,0.4089567,1.3220515
4883,4.883,0.4189886,1.3189565
4884,4.884,0.4279801,1.263162
4885,4.885,0.41049936,1.2457925
4886,4.886,0.39281464,1.2135401
4887,4.887,0.38889948,6.9756026
4888,4.888,0.38946503,6.7152157
4889,4.889,0.39890665,6.7826204
4890,4.89,0.4159566,6.7915764
4891,4.891,0.40732077,1.1812267
4892,4.892,0.4126637,1.1512035
4893,4.893,0.41575143,1.2165176
4894,4.894,0.4114563,7.056059
4895,4.895,0.4300551,7.029164
4896,4.896,0.4519126,7.140091
4897,4.897,0.48728472,6.938792
4898,4.898,0.48672882,6.9143467
4899,4.899,0.49094397,6.87078
4900,4.9,0.49454716,6.8393807
4901,4.901,0.47678366,6.9216986
4902,4.902,0.4666878,6.7482533
4903,4.903,0.47163776,6.8377614
4904,4.904,0.45821798,6.864073
4905,4.905,0.47339526,6.9127483
4906,4.906,0.47412896,7.005612
4907,4.907,0.44556424,7.156477
4908,4.908,0.44521958,7.305272
4909,4.909,0.437941,7.1963925
4910,4.91,0.4701302,7.2675986
4911,4.911,0.45962024,7.334534
4912,4.912,0.46025336,7.3805246
4913,4.913,0.46255276,1.517348
4914,4.914,0.44935614,1.4949179
4915,4.915,0.44137797,7.0757027
4916,4.916,0.43658537,1.4681021
4917,4.917,0.43409574,1.5872023
4918,4.918,0.4471342,7.343116
4919,4.919,0.44838113,1.5561533
4920,4.92,0.4521571,1.461178
4921,4.921,0.44991967,7.066909
4922,4.922,0.41102228,6.8955307
4923,4.923,0.41491422,6.8626
4924,4.924,0.4148975,7.044171
4925,4.925,0.4275488,6.8978043
4926,4.926,0.4216382,1.3445945
4927,4.927,0.3958674,1.2837089
4928,4.928,0.40062657,1.2002248
4929,4.929,0.40843004,1.1603701
4930,4.93,0.39075342,1.1670158
4931,4.931,0.3885551,1.1788129
4932,4.932,0.37945622,1.208184
4933,4.933,0.394765,1.2088273
4934,4.934,0.43509585,1.2451364
4935,4.935,0.45239225,7.06303
4936,4.936,0.4739136,6.9831223
4937,4.937,0.4702932,6.882783
4938,4.938,0.4482914,6.8538094
4939,4.939,0.4391767,6.8973002
4940,4.94,0.40689653,6.861705
4941,4.941,0.40536353,6.8718987
4942,4.942,0.41176632,1.1972532
4943,4.943,0.42791635,1.1535666
4944,4.944,0.4297413,7.225026
4945,4.945,0.4394493,7.199216
4946,4.946,0.43011236,7.1055803
4947,4.947,0.43190876,7.057088
4948,4.948,0.4172751,1.2168657
4949,4.949,0.42412955,7.061055
4950,4.95,0.43968916,7.176826
4951,4.951,0.45685112,7.0109687
4952,4.952,0.45021093,7.0792994
4953,4.953,0.45261553,7.1050677
4954,4.954,0.4669458,7.1567464
4955,4.955,0.43399188,7.0706277
4956,4.956,0.41797206,1.290542
4957,4.957,0.42672065,1.2893693
4958,4.958,0.4549286,7.1421967
4959,4.959,0.43442902,7.1401644
4960,4.96,0.44062096,7.1642733
4961,4.961,0.44964468,7.1763206
4962,4.962,0.4484461,7.124971
4963,4.963,0.46267217,7.0196314
4964,4.964,0.4707816,7.0252776
4965,4.965,0.470021,7.0130405
4966,4.966,0.49158376,6.9229913
4967,4.967,0.49568862,6.9200697
4968,4.968,0.47290832,7.076322
4969,4.969,0.46803603,7.092003
4970,4.97,0.47314978,7.126356
4971,4.971,0.4950282,1.3211395
4972,4.972,0.48898172,1.2520766
4973,4.973,0.4929746,1.3846747
4974,4.974,0.49124807,1.3582392
4975,4.975,0.49604926,1.414583
4976,4.976,0.5150393,1.4577947
4977,4.977,0.4802825,1.4726603
4978,4.978,0.48833144,1.4316945
4979,4.979,0.4687574,1.4091423
4980,4.98,0.49323013,1.3311617
4981,4.981,0.47262177,1.5232428
4982,4.982,0.47346434,1.4937751
4983,4.983,0.48504037,1.4567081
4984,4.984,0.47804105,1.5595634
4985,4.985,0.4736977,1.5388814
4986,4.986,0.46884543,1.5335336
4987,4.987,0.4856444,1.5071235
4988,4.988,0.4649442,1.4415215
4989,4.989,0.47030842,1.3244375
4990,4.99,0.4808182,1.3675598
4991,4.991,0.49407127,1.3315817
4992,4.992,0.5177926,1.3053108
4993,4.993,0.5060057,1.3180324
4994,4.994,0.5037624,1.3174516
4995,4.995,0.503416,1.4149723
4996,4.996,0.46589002,1.3651019
4997,4.997,0.46269366,1.4147792
4998,4.998,0.4630388,1.3644024
4999,4.999,0.46327665,1.4722236
5000,5.0,0.45452926,1.533357
5001,5.001,0.44040525,1.6531385
5002,5.002,0.43473545,1.6103125
5003,5.003,0.41639543,1.4968941
5004,5.004,0.41633603,1.4845544
5005,5.005,0.43035954,1.5177666
5006,5.006,0.41653088,1.4922055
5007,5.007,0.41058835,1.3408334
5008,5.008,0.40404448,1.2683032
5009,5.009,0.4018677,1.3175156
5010,5.01,0.40301606,1.4640366
5011,5.011,0.39131686,1.4575989
5012,5.012,0.39807177,1.5673076
5013,5.013,0.3900813,1.47061
5014,5.014,0.3906037,1.4853905
5015,5.015,0.38706893,1.5641865
5016,5.016,0.395266,1.6110512
5017,5.017,0.3814391,1.6771684
5018,5.018,0.36582115,1.7895141
5019,5.019,0.3758517,1.6977586
5020,5.02,0.33349514,1.8100349
5021,5.021,0.34564278,1.86406
5022,5.022,0.33374462,1.8814646
5023,5.023,0.34517288,2.1312118
5024,5.024,0.36755252,1.9857755
5025,5.025,0.352967,1.8562733
5026,5.026,0.36715287,1.8106695
5027,5.027,0.3552599,1.7816368
5028,5.028,0.360159,1.8515997
5029,5.029,0.34675667,1.8206089
5030,5.03,0.37117848,1.8241543
5031,5.031,0.36597344,1.9205073
5032,5.032,0.3726474,1.7816626
5033,5.033,0.37525886,1.7825363
5034,5.034,0.37454352,1.8618755
5035,5.035,0.38457012,1.8619391
5036,5.036,0.3887449,1.8837801
5037,5.037,0.39046696,1.8905933
5038,5.038,0.39517766,1.860793
5039,5.039,0.42653748,1.7538012
5040,5.04,0.42074788,1.7554284
5041,5.041,0.40770712,1.7684789
5042,5.042,0.3811996,1.6841742
5043,5.043,0.39033073,1.7607647
5044,5.044,0.3640124,1.4883428
5045,5.045,0.38641733,1.4672769
5046,5.046,0.37957317,1.5761122
5047,5.047,0.38407928,1.6170696
5048,5.048,0.3802724,1.587262
5049,5.049,0.39988434,1.4881419
5050,5.05,0.43043956,1.5223284
5051,5.051,0.41424727,1.384292
5052,5.052,0.40640193,1.3431559
5053,5.053,0.38640955,1.2872728
5054,5.054,0.40100497,1.3814664
5055,5.055,0.40374795,1.4040748
5056,5.056,0.41640097,1.4449689
5057,5.057,0.3924042,1.4692674
5058,5.058,0.37872255,1.4856586
5059,5.059,0.3797948,1.5018214
5060,5.06,0.4009058,1.470769
5061,5.061,0.39633727,1.5097933
5062,5.062,0.37047273,1.4810792
5063,5.063,0.36705777,1.2728158
5064,5.064,0.36840823,1.415839
5065,5.065,0.35928428,1.4070284
5066,5.066,0.35876977,1.397256
5067,5.067,0.38466993,1.4013048
5068,5.068,0.37546027,1.3401996
5069,5.069,0.3582758,1.3001405
5070,5.07,0.3673115,1.2952691
5071,5.071,0.3589495,1.3952038
5072,5.072,0.35840547,1.4261191
5073,5.073,0.3707154,1.4378762
5074,5.074,0.35634312,1.4272106
5075,5.075,0.33862314,1.4215575
5076,5.076,0.36007103,1.3955023
5077,5.077,0.34578454,1.3812747
5078,5.078,0.36673325,1.4460695
5079,5.079,0.37690267,1.4657964
5080,5.08,0.37667197,1.5130852
5081,5.081,0.38010636,1.3921827
5082,5.082,0.391706,1.4789903
5083,5.083,0.3949711,1.4068109
5084,5.084,0.40362138,1.3704634
5085,5.085,0.39730322,1.395356
5086,5.086,0.39997566,1.3576598
5087,5.087,0.40614298,1.3796252
5088,5.088,0.39003804,1.3715585
5089,5.089,0.40627047,1.4867715
5090,5.09,0.40231043,1.5726129
5091,5.091,0.38763952,1.5790763
5092,5.092,0.38852835,1.5073427
5093,5.093,0.40292314,1.384647
5094,5.094,0.41118422,1.3817675
5095,5.095,0.39569506,1.5227702
5096,5.096,0.39559808,7.484915
5097,5.097,0.39359018,1.5190413
5098,5.098,0.40272856,7.1621094
5099,5.099,0.398293,7.292715
5100,5.1,0.4101309,7.2421784
5101,5.101,0.4072901,7.277306
5102,5.102,0.38280827,7.3214664
5103,5.103,0.3837113,7.6139646
5104,5.104,0.38660216,7.6714563
5105,5.105,0.38714057,7.770599
5106,5.106,0.3690321,7.7843246
5107,5.107,0.38693213,7.8502116
5108,5.108,0.39575174,7.7286468
5109,5.109,0.3999861,7.652112
5110,5.11,0.4081775,7.6309237
5111,5.111,0.39031473,7.626281
5112,5.112,0.37025174,7.669106
5113,5.113,0.36129278,7.5938654
5114,5.114,0.3530888,7.6232452
5115,5.115,0.37673765,7.724738
5116,5.116,0.36936963,7.753453
5117,5.117,0.3793447,7.66419
5118,5.118,0.36279407,7.7937417
5119,5.119,0.37699038,7.6895666
5120,5.12,0.36722592,7.8104024
5121,5.121,0.36014616,7.740789
5122,5.122,0.35054433,7.6683836
5123,5.123,0.3575743,7.5960875
5124,5.124,0.33914164,7.602668
5125,5.125,0.32562405,7.644212
5126,5.126,0.3136999,7.7813463
5127,5.127,0.32238308,7.8485804
5128,5.128,0.33136562,7.6785083
5129,5.129,0.35104918,7.5634384
5130,5.13,0.3286242,7.608284
5131,5.131,0.32755026,7.8095503
5132,5.132,0.32074672,7.748968
5133,5.133,0.34678265,7.640677
5134,5.134,0.33089924,7.6454873
5135,5.135,0.3249147,7.655038
5136,5.136,0.31647494,7.644512
5137,5.137,0.3143191,7.6615534
5138,5.138,0.32848626,7.762623
5139,5.139,0.31596532,7.753505
5140,5.14,0.32556865,7.811294
5141,5.141,0.32279876,7.8602533
5142,5.142,0.32095855,8.007906
5143,5.143,0.30164015,7.9538646
5144,5.144,0.31690273,8.097446
5145,5.145,0.31178823,8.128987
5146,5.146,0.31567252,8.156465
5147,5.147,0.31741372,8.264172
5148,5.148,0.32778028,8.28789
5149,5.149,0.3353782,8.387557
5150,5.15,0.33212176,8.39988
5151,5.151,0.34378362,8.406273
5152,5.152,0.3398907,8.456355
5153,5.153,0.31788972,8.434642
5154,5.154,0.32580292,8.347893
5155,5.155,0.32449746,8.395918
5156,5.156,0.32099026,8.453761
5157,5.157,0.31631637,8.489563
5158,5.158,0.29974487,8.513696
5159,5.159,0.30051365,8.529912
5160,5.16,0.31723815,2.8498256
5161,5.161,0.302281,2.775387
5162,5.162,0.29922378,8.425114
5163,5.163,0.30770168,2.7120757
5164,5.164,0.32446894,8.440263
5165,5.165,0.30753258,8.422008
5166,5.166,0.3027586,8.36522
5167,5.167,0.29826108,2.7002404
5168,5.168,0.28111598,2.7444088
5169,5.169,0.27428928,2.7583332
5170,5.17,0.27947706,2.8247573
5171,5.171,0.27410126,2.9275727
5172,5.172,0.2565612,2.8523333
5173,5.173,0.26092693,2.7500095
5174,5.174,0.24034959,2.8107023
5175,5.175,0.23854405,2.7940786
5176,5.176,0.24097498,2.8954055
5177,5.177,0.24952976,2.8856926
5178,5.178,0.27159825,2.8991594
5179,5.179,0.26823118,2.9980025
5180,5.18,0.26849824,3.1677778
5181,5.181,0.24072829,3.1600504
5182,5.182,0.253037,3.148213
5183,5.183,0.2600785,3.1299775
5184,5.184,0.23646773,3.1749463
5185,5.185,0.23675598,3.3643234
5186,5.186,0.25889263,4.0987954
5187,5.187,0.26125723,3.2799327
5188,5.188,0.24620083,8.622305
5189,5.189,0.25510806,8.544704
5190,5.19,0.24765019,8.571274
5191,5.191,0.24604113,8.610703
5192,5.192,0.23445292,8.546648
5193,5.193,0.21565253,8.496407
5194,5.194,0.23239577,8.452185
5195,5.195,0.23383382,8.318643
5196,5.196,0.25654405,8.304182
5197,5.197,0.25754783,8.330239
5198,5.198,0.263225,8.351384
5199,5.199,0.267117,8.332685
5200,5.2,0.2618883,8.264055
5201,5.201,0.27834558,8.293968
5202,5.202,0.2746372,2.8887925
5203,5.203,0.2753711,2.8798826
5204,5.204,0.2648108,2.8926127
5205,5.205,0.26019672,2.9191456
5206,5.206,0.2642987,2.9413698
5207,5.207,0.2515194,2.9757142
5208,5.208,0.2444716,3.0874355
5209,5.209,0.22060332,3.1602416
5210,5.21,0.22174376,3.0811775
5211,5.211,0.20493123,3.2092917
5212,5.212,0.2075933,3.1497464
5213,5.213,0.23734993,3.2545397
5214,5.214,0.25317678,3.262851
5215,5.215,0.26379,3.3113494
5216,5.216,0.24359053,3.184923
5217,5.217,0.2557317,3.2861686
5218,5.218,0.2667775,3.2920887
5219,5.219,0.25386345,3.2023692
5220,5.22,0.23913838,3.2574291
5221,5.221,0.24390353,3.3627188
5222,5.222,0.2226417,3.321429
5223,5.223,0.22532643,3.2389677
5224,5.224,0.23452884,3.1833386
5225,5.225,0.23381998,3.0630877
5226,5.226,0.22703142,3.1061773
5227,5.227,0.2528231,3.1233828
5228,5.228,0.24567816,3.1260214
5229,5.229,0.23671399,5.3201866
5230,5.23,0.22720142,5.3035746
5231,5.231,0.22385542,5.3322306
5232,5.232,0.23004504,3.0436637
5233,5.233,0.22193551,3.0086992
5234,5.234,0.21505672,2.9573452
5235,5.235,0.1952971,5.35423
5236,5.236,0.20158833,3.0110471
5237,5.237,0.21326469,3.146484
5238,5.238,0.21673581,2.9913573
5239,5.239,0.20500118,2.8796394
5240,5.24,0.21575756,2.876563
5241,5.241,0.22880252,2.9562306
5242,5.242,0.23777618,2.9352033
5243,5.243,0.23607536,2.9059186
5244,5.244,0.23595682,2.8680484
5245,5.245,0.25862816,2.8459315
5246,5.246,0.24913292,2.7197566
5247,5.247,0.22453602,2.6933584
5248,5.248,0.22821368,2.7014496
5249,5.249,0.23768963,2.7462118
5250,5.25,0.22373351,2.933878
5251,5.251,0.23350038,2.9241824
5252,5.252,0.23209314,2.870483
5253,5.253,0.22914985,2.959078
5254,5.254,0.23039651,3.0941644
5255,5.255,0.22164886,3.1664486
5256,5.256,0.21296526,3.1903803
5257,5.257,0.23058207,8.318976
5258,5.258,0.23629755,8.372745
5259,5.259,0.22210732,8.247822
5260,5.26,0.21381468,8.095586
5261,5.261,0.21376386,8.138682
5262,5.262,0.21700765,8.148113
5263,5.263,0.21099778,3.0133777
5264,5.264,0.21618149,3.054412
5265,5.265,0.22123751,8.359141
5266,5.266,0.21111937,8.380964
5267,5.267,0.21249686,8.333077
5268,5.268,0.20664227,3.0260139
5269,5.269,0.19275312,2.957175
5270,5.27,0.21282084,3.0040886
5271,5.271,0.203632,2.8973649
5272,5.272,0.20132323,2.820987
5273,5.273,0.20162389,2.8089843
5274,5.274,0.19905621,2.7487867
5275,5.275,0.19684884,2.8223639
5276,5.276,0.20661877,2.719022
5277,5.277,0.19597661,2.6899016
5278,5.278,0.20370805,2.7663553
5279,5.279,0.20294964,2.8191295
5280,5.28,0.21280128,2.7511864
5281,5.281,0.22543517,8.1605215
5282,5.282,0.24154133,8.157504
5283,5.283,0.24279101,2.6720617
5284,5.284,0.23581667,2.8090947
5285,5.285,0.24588604,8.137385
5286,5.286,0.23503497,2.623267
5287,5.287,0.23343007,2.6170914
5288,5.288,0.23454657,7.9937754
5289,5.289,0.22440316,2.567314
5290,5.29,0.19583736,2.6363297
5291,5.291,0.19772539,2.6037133
5292,5.292,0.2180789,2.5838559
5293,5.293,0.19952604,7.823188
5294,5.294,0.1994878,2.3742805
5295,5.295,0.20678766,2.3395789
5296,5.296,0.20357749,2.379965
5297,5.297,0.21036899,7.9552574
5298,5.298,0.21802272,2.5391533
5299,5.299,0.21057001,2.5366652
5300,5.3,0.213038,2.5268838
5301,5.301,0.20771466,2.5279727
5302,5.302,0.21310093,7.930744
5303,5.303,0.20828487,7.9258547
5304,5.304,0.21340665,2.530472
5305,5.305,0.2122443,2.563031
5306,5.306,0.20240438,2.6833673
5307,5.307,0.22635628,2.6543903
5308,5.308,0.22674713,7.881219
5309,5.309,0.21649674,2.7172556
5310,5.31,0.2068905,2.8512726
5311,5.311,0.21448727,2.8151555
5312,5.312,0.19829401,7.9843926
5313,5.313,0.21310419,7.975688
5314,5.314,0.20380564,2.8101225
5315,5.315,0.21638672,2.7782292
5316,5.316,0.22308674,8.1795435
5317,5.317,0.21823469,4.662851
5318,5.318,0.21311504,4.7550435
5319,5.319,0.20715852,4.8939753
5320,5.32,0.18169503,2.7386014
5321,5.321,0.17185886,2.8303697
5322,5.322,0.18115854,2.5981567
5323,5.323,0.1764704,2.6652398
5324,5.324,0.1753058,4.972917
5325,5.325,0.1794828,5.158721
5326,5.326,0.18823467,5.0548773
5327,5.327,0.17255831,4.980889
5328,5.328,0.17825101,5.592778
5329,5.329,0.16759257,5.685443
5330,5.33,0.16410196,5.574147
5331,5.331,0.17687868,5.627638
5332,5.332,0.18381399,5.627156
5333,5.333,0.19273873,5.667466
5334,5.334,0.18563625,5.6525583
5335,5.335,0.18331146,5.5903397
5336,5.336,0.1829845,5.6135564
5337,5.337,0.18398874,5.5442724
5338,5.338,0.19249508,5.6392393
5339,5.339,0.21253712,5.7410913
5340,5.34,0.19576061,5.725881
5341,5.341,0.20776252,5.7807655
5342,5.342,0.20217124,5.8333364
5343,5.343,0.2097791,5.793663
5344,5.344,0.21633115,5.737048
5345,5.345,0.21045908,5.8402624
5346,5.346,0.20385215,5.788479
5347,5.347,0.18796058,5.8182015
5348,5.348,0.18355471,5.872619
5349,5.349,0.18447062,5.859987
5350,5.35,0.17547321,5.872034
5351,5.351,0.18171412,5.8459983
5352,5.352,0.18749014,5.825159
5353,5.353,0.18868367,5.8346415
5354,5.354,0.1866832,5.7971535
5355,5.355,0.18009362,5.8280315
5356,5.356,0.18146457,5.879918
5357,5.357,0.17616226,7.357009
5358,5.358,0.17504317,7.374621
5359,5.359,0.18453328,7.2404613
5360,5.36,0.17207128,7.1538815
5361,5.361,0.17689045,5.7941794
5362,5.362,0.18711613,7.162131
5363,5.363,0.18722484,5.7937317
5364,5.364,0.18008721,5.8055587
5365,5.365,0.17138737,5.895184
5366,5.366,0.17026813,7.2445226
5367,5.367,0.16737999,5.886005
5368,5.368,0.17200811,5.8445582
5369,5.369,0.17911403,7.197226
5370,5.37,0.16865143,7.1254563
5371,5.371,0.17455114,7.123212
5372,5.372,0.16792195,6.9983544
5373,5.373,0.15838242,7.0322676
5374,5.374,0.15556787,7.084788
5375,5.375,0.1561538,7.0951633
5376,5.376,0.1571647,6.9846406
5377,5.377,0.15115693,7.1232514
5378,5.378,0.14762537,7.029657
5379,5.379,0.12922688,6.9470806
5380,5.38,0.12359196,6.936579
5381,5.381,0.116415545,6.6830344
5382,5.382,0.12005257,6.6297097
5383,5.383,0.1295521,6.508345
5384,5.384,0.13172705,6.592791
5385,5.385,0.13963012,6.6587095
5386,5.386,0.14768016,6.8059034
5387,5.387,0.13229974,6.843879
5388,5.388,0.11979038,6.95713
5389,5.389,0.11865012,7.001808
5390,5.39,0.13005614,7.00272
5391,5.391,0.12872857,6.983446
5392,5.392,0.13424955,7.012708
5393,5.393,0.13073166,6.818375
5394,5.394,0.13580935,6.753834
5395,5.395,0.13431326,6.7857804
5396,5.396,0.14393657,6.698721
5397,5.397,0.1447087,6.8019485
5398,5.398,0.14929323,6.7885346
5399,5.399,0.139597,6.7493277
5400,5.4,0.15050088,6.7194176
5401,5.401,0.15399353,6.5613337
5402,5.402,0.13862643,6.558706
5403,5.403,0.1316305,6.437291
5404,5.404,0.12754677,6.3847895
5405,5.405,0.14661177,6.4260736
5406,5.406,0.13970958,6.5112247
5407,5.407,0.13480808,6.410181
5408,5.408,0.13797113,6.4093084
5409,5.409,0.13821556,6.42397
5410,5.41,0.14536703,6.5268793
5411,5.411,0.14483486,6.629636
5412,5.412,0.15074341,6.593863
5413,5.413,0.16046776,6.558477
5414,5.414,0.16978678,6.583127
5415,5.415,0.1654573,6.6344824
5416,5.416,0.18048346,6.7313175
5417,5.417,0.18498251,6.7428584
5418,5.418,0.189821,6.6791644
5419,5.419,0.20369215,6.738506
5420,5.42,0.19144249,6.7015758
5421,5.421,0.18954067,6.7996945
5422,5.422,0.18275063,6.925055
5423,5.423,0.16657555,6.7987924
5424,5.424,0.17676231,6.873314
5425,5.425,0.16783932,6.6574965
5426,5.426,0.16202913,6.7115526
5427,5.427,0.18622316,6.6120253
5428,5.428,0.17547849,6.629781
5429,5.429,0.18096957,6.584433
5430,5.43,0.1829188,6.559822
5431,5.431,0.17130911,6.7463455
5432,5.432,0.18182349,6.701089
5433,5.433,0.18434149,6.7455897
5434,5.434,0.18405406,6.6368217
5435,5.435,0.18223628,6.6801677
5436,5.436,0.17977625,6.546706
5437,5.437,0.19285983,6.7486196
5438,5.438,0.1942728,6.8618865
5439,5.439,0.2039179,7.0595446
5440,5.44,0.18382028,7.01086
5441,5.441,0.1995133,7.067301
5442,5.442,0.20052353,5.689944
5443,5.443,0.20029627,5.7180057
5444,5.444,0.18067421,5.616895
5445,5.445,0.19048485,6.7942533
5446,5.446,0.17608218,6.7270613
5447,5.447,0.1664242,6.767291
5448,5.448,0.15905683,6.756165
5449,5.449,0.17517915,6.723818
5450,5.45,0.15971102,6.666593
5451,5.451,0.17981741,6.70791
5452,5.452,0.1650782,6.690025
5453,5.453,0.17272303,6.7369905
5454,5.454,0.16950741,6.714192
5455,5.455,0.16696095,6.6319036
5456,5.456,0.1676243,6.658907
5457,5.457,0.17494936,6.627445
5458,5.458,0.17627902,6.659706
5459,5.459,0.1829049,5.695011
5460,5.46,0.17745806,5.7222905
5461,5.461,0.17642716,6.8240714
5462,5.462,0.16947195,6.8455515
5463,5.463,0.17351095,6.8544927
5464,5.464,0.17412014,6.885209
5465,5.465,0.18569604,5.6046906
5466,5.466,0.17988682,5.708067
5467,5.467,0.16814071,6.7796035
5468,5.468,0.16987255,6.746113
5469,5.469,0.17328697,6.705668
5470,5.47,0.17325895,6.8078485
5471,5.471,0.18689607,6.6551037
5472,5.472,0.19172968,6.551212
5473,5.473,0.18916705,5.4844265
5474,5.474,0.1909237,6.4681177
5475,5.475,0.18455708,5.4195304
5476,5.476,0.17476559,5.3895836
5477,5.477,0.17715034,5.3466153
5478,5.478,0.1772234,5.3368196
5479,5.479,0.17930238,5.366194
5480,5.48,0.16231853,6.225031
5481,5.481,0.183736,5.397704
5482,5.482,0.17804337,5.4110713
5483,5.483,0.17720905,5.373016
5484,5.484,0.16972414,6.0847745
5485,5.485,0.16385663,5.4114323
5486,5.486,0.16501096,6.104835
5487,5.487,0.15599973,6.1361423
5488,5.488,0.16174637,6.076804
5489,5.489,0.16577975,6.1009703
5490,5.49,0.17356025,6.305579
5491,5.491,0.1822274,6.3481336
5492,5.492,0.18881229,5.5070386
5493,5.493,0.18768363,6.422956
5494,5.494,0.18486123,5.5377946
5495,5.495,0.18077911,5.5651655
5496,5.496,0.18414699,6.5018826
5497,5.497,0.186729,6.585831
5498,5.498,0.17131992,5.500407
5499,5.499,0.16648808,5.532246
5500,5.5,0.17572863,5.5285053
5501,5.501,0.17345366,5.5050735
5502,5.502,0.1705571,5.595736
5503,5.503,0.17121866,5.5303254
5504,5.504,0.18092741,5.4644985
5505,5.505,0.17745806,5.566783
5506,5.506,0.1728769,5.4518447
5507,5.507,0.16828227,5.4938836
5508,5.508,0.15800388,5.4851575
5509,5.509,0.15037641,5.4982686
5510,5.51,0.1466228,5.496131
5511,5.511,0.14988361,5.584444
5512,5.512,0.15126395,5.6345096
5513,5.513,0.13993776,5.6363816
5514,5.514,0.13957216,5.60841
5515,5.515,0.147511,5.656245
5516,5.516,0.13901947,5.7494345
5517,5.517,0.14340715,5.7495637
5518,5.518,0.15656632,5.720378
5519,5.519,0.16460414,5.6601214
5520,5.52,0.16831937,5.680047
5521,5.521,0.16720033,5.7604837
5522,5.522,0.17016354,5.763319
5523,5.523,0.17749844,5.70798
5524,5.524,0.18561259,5.667565
5525,5.525,0.19045572,5.61356
5526,5.526,0.18080598,5.6194525
5527,5.527,0.17665894,5.556195
5528,5.528,0.18964918,5.5443864
5529,5.529,0.19155475,5.557384
5530,5.53,0.19387014,5.5865393
5531,5.531,0.17191401,5.621981
5532,5.532,0.1686432,5.6130157
5533,5.533,0.16740762,5.6296372
5534,5.534,0.17422237,5.6706667
5535,5.535,0.18502374,5.6829467
5536,5.536,0.17385972,5.741597
5537,5.537,0.17223512,5.749116
5538,5.538,0.16806507,5.650581
5539,5.539,0.15527335,5.676742
5540,5.54,0.18152317,5.6484747
5541,5.541,0.1786358,5.6454096
5542,5.542,0.16235414,5.652185
5543,5.543,0.1495238,5.678123
5544,5.544,0.14896145,5.665934
5545,5.545,0.16026303,5.6817102
5546,5.546,0.1605052,5.661342
5547,5.547,0.15635058,5.589376
5548,5.548,0.16187638,5.5916305
5549,5.549,0.15742044,5.5647035
5550,5.55,0.16079447,5.596525
5551,5.551,0.16992562,5.559356
5552,5.552,0.16889527,5.4951344
5553,5.553,0.16622403,5.5820446
5554,5.554,0.17447166,5.5423026
5555,5.555,0.17794596,5.514188
5556,5.556,0.18219315,5.5500894
5557,5.557,0.19540362,5.5575557
5558,5.558,0.20261674,5.5218067
5559,5.559,0.21206449,5.526509
5560,5.56,0.2000283,5.522549
5561,5.561,0.21144654,5.5853453
5562,5.562,0.20303848,5.5679755
5563,5.563,0.18441924,5.514915
5564,5.564,0.19899233,5.516788
5565,5.565,0.20071597,5.5549016
5566,5.566,0.20003754,5.5427876
5567,5.567,0.19669609,5.5022497
5568,5.568,0.19775812,5.4824185
5569,5.569,0.20413773,5.507136
5570,5.57,0.20246035,5.574884
5571,5.571,0.22104828,5.584976
5572,5.572,0.2202929,5.548108
5573,5.573,0.20614605,5.4843063
5574,5.574,0.19935563,5.443192
5575,5.575,0.20398365,5.483423
5576,5.576,0.20803052,5.473716
5577,5.577,0.20040128,5.5549045
5578,5.578,0.21184088,5.4471316
5579,5.579,0.1902468,5.5429287
5580,5.58,0.1793475,5.4863086
5581,5.581,0.17753753,5.49074
5582,5.582,0.18206492,5.5889688
5583,5.583,0.18432142,5.5945287
5584,5.584,0.20393832,5.58588
5585,5.585,0.19467819,5.6350193
5586,5.586,0.19996817,5.6322923
5587,5.587,0.1991317,5.5974603
5588,5.588,0.21429531,5.536226
5589,5.589,0.21164216,5.5026903
5590,5.59,0.2139779,5.504955
5591,5.591,0.21130654,5.4268465
5592,5.592,0.22101481,5.4765444
5593,5.593,0.23909971,5.474123
5594,5.594,0.24689849,5.512479
5595,5.595,0.2487921,5.452805
5596,5.596,0.24569227,5.467938
5597,5.597,0.2518253,5.446379
5598,5.598,0.24703422,5.4420776
5599,5.599,0.24591331,5.4266973
5600,5.6,0.24097595,5.426834
5601,5.601,0.24452361,5.4024796
5602,5.602,0.25784835,5.3742557
5603,5.603,0.2507664,5.327335
5604,5.604,0.25517875,5.339316
5605,5.605,0.2649653,5.2927923
5606,5.606,0.25530374,5.256473
5607,5.607,0.2499223,5.278725
5608,5.608,0.27009422,5.186279
5609,5.609,0.27664098,5.254509
5610,5.61,0.2794059,5.268591
5611,5.611,0.28829688,5.236235
5612,5.612,0.29596245,5.2735167
5613,5.613,0.29206538,5.2233815
5614,5.614,0.28913048,5.147301
5615,5.615,0.28149813,5.1646924
5616,5.616,0.26757273,5.092135
5617,5.617,0.2551724,5.0374537
5618,5.618,0.25052473,5.0567255
5619,5.619,0.24677765,5.0489874
5620,5.62,0.23587842,5.0810466
5621,5.621,0.22548132,5.0766654
5622,5.622,0.23432863,4.9317155
5623,5.623,0.21660243,5.0215464
5624,5.624,0.21570612,5.062323
5625,5.625,0.22115076,5.055209
5626,5.626,0.22819443,5.050673
5627,5.627,0.24186845,5.060999
5628,5.628,0.24070716,5.018006
5629,5.629,0.2378248,4.974968
5630,5.63,0.22760706,4.9969954
5631,5.631,0.20291433,4.98275
5632,5.632,0.20957622,4.972254
5633,5.633,0.2184761,4.900778
5634,5.634,0.21796544,4.9190974
5635,5.635,0.19753353,4.8591423
5636,5.636,0.19713168,4.823796
5637,5.637,0.20533021,4.8686237
5638,5.638,0.18909737,4.9240646
5639,5.639,0.17771584,4.9506435
5640,5.64,0.19413233,4.9668255
5641,5.641,0.19260673,4.962677
5642,5.642,0.18144418,5.0030904
5643,5.643,0.17325361,4.9943275
5644,5.644,0.16994058,4.9941425
5645,5.645,0.17794855,5.0121136
5646,5.646,0.1749388,4.969549
5647,5.647,0.17864099,4.985751
5648,5.648,0.18548799,4.898518
5649,5.649,0.1803207,4.8427253
5650,5.65,0.1654587,4.76009
5651,5.651,0.16786136,4.809535
5652,5.652,0.16828914,4.755525
5653,5.653,0.17493351,4.7976575
5654,5.654,0.17361087,4.8012543
5655,5.655,0.16364627,4.8176003
5656,5.656,0.17519763,4.7772284
5657,5.657,0.16340591,4.856965
5658,5.658,0.16562629,4.8616695
5659,5.659,0.16292842,4.861119
5660,5.66,0.14497367,4.895433
5661,5.661,0.12617816,4.877297
5662,5.662,0.1279106,4.8655615
5663,5.663,0.1313034,4.8692775
5664,5.664,0.11261807,4.8868957
5665,5.665,0.13099843,4.909346
5666,5.666,0.12932166,4.8781595
5667,5.667,0.1338477,4.875713
5668,5.668,0.14054771,4.845954
5669,5.669,0.12199915,4.8065276
5670,5.67,0.121611945,4.833117
5671,5.671,0.12219229,4.8288584
5672,5.672,0.12005642,4.8508606
5673,5.673,0.13263482,4.8449454
5674,5.674,0.14353284,4.8471055
5675,5.675,0.13717625,4.912811
5676,5.676,0.13685735,4.93681
5677,5.677,0.13841447,4.9722323
5678,5.678,0.13245167,5.0389376
5679,5.679,0.12500554,5.0026703
5680,5.68,0.12808579,5.034507
5681,5.681,0.12853625,4.958923
5682,5.682,0.13424265,4.9817386
5683,5.683,0.1485356,4.9128833
5684,5.684,0.13395648,4.9305124
5685,5.685,0.13116069,4.8914213
5686,5.686,0.13865145,4.9271464
5687,5.687,0.14107147,4.9369183
5688,5.688,0.15326215,4.999798
5689,5.689,0.13558786,4.950533
5690,5.69,0.13495378,4.9969807
5691,5.691,0.13786888,4.9526086
5692,5.692,0.12805511,4.917225
5693,5.693,0.13338745,4.927065
5694,5.694,0.13330942,4.8980722
5695,5.695,0.12725826,4.888689
5696,5.696,0.13968144,4.8949156
5697,5.697,0.16499975,4.8796787
5698,5.698,0.161652,4.897606
5699,5.699,0.15311123,4.877467
5700,5.7,0.13779171,4.9345913
5701,5.701,0.1430084,4.926553
5702,5.702,0.14151163,4.907889
5703,5.703,0.14503585,5.0068874
5704,5.704,0.15507817,5.0273223
5705,5.705,0.15720735,4.95534
5706,5.706,0.15571493,4.960768
5707,5.707,0.16123672,4.9534807
5708,5.708,0.16661303,4.850832
5709,5.709,0.16321622,4.9048157
5710,5.71,0.15769924,4.9372993
5711,5.711,0.15354398,4.88712
5712,5.712,0.15401454,4.9222956
5713,5.713,0.15186952,4.8852854
5714,5.714,0.16096692,4.8991337
5715,5.715,0.15573424,4.890883
5716,5.716,0.15028566,5.001768
5717,5.717,0.16677806,4.9388623
5718,5.718,0.17174312,4.9951982
5719,5.719,0.18281513,4.939648
5720,5.72,0.19523199,4.9407396
5721,5.721,0.19722548,4.882189
5722,5.722,0.21098572,4.9412694
5723,5.723,0.20445347,4.968506
5724,5.724,0.20587783,4.9445934
5725,5.725,0.19827068,5.001014
5726,5.726,0.19039865,4.9181395
5727,5.727,0.19898303,5.0152345
5728,5.728,0.19017388,4.940121
5729,5.729,0.18385549,4.935598
5730,5.73,0.16813247,4.9784822
5731,5.731,0.16196063,4.956445
5732,5.732,0.1550886,4.9175224
5733,5.733,0.1589434,4.9281564
5734,5.734,0.15580103,4.925
5735,5.735,0.16893086,4.876086
5736,5.736,0.16124389,4.8382707
5737,5.737,0.16913055,4.7914653
5738,5.738,0.16661024,4.7865295
5739,5.739,0.1543714,4.8047876
5740,5.74,0.15943573,4.776833
5741,5.741,0.18374732,4.7839046
5742,5.742,0.18558893,4.8044486
5743,5.743,0.1836781,4.8320894
5744,5.744,0.18326983,4.873345
5745,5.745,0.18979542,4.799592
5746,5.746,0.18288215,4.7805037
5747,5.747,0.19382006,4.8396044
5748,5.748,0.16934367,4.8277836
5749,5.749,0.17293707,4.9234586
5750,5.75,0.15743661,4.9193497
5751,5.751,0.1640174,4.909715
5752,5.752,0.1676891,4.842642
5753,5.753,0.16275094,4.8776917
5754,5.754,0.14779598,4.91096
5755,5.755,0.16416533,4.9484286
5756,5.756,0.16197632,4.8268695
5757,5.757,0.17005074,4.8921466
5758,5.758,0.15454054,4.8359313
5759,5.759,0.15098247,4.8577266
5760,5.76,0.1464461,4.8877325
5761,5.761,0.15071887,4.915555
5762,5.762,0.14849822,4.8669744
5763,5.763,0.1582875,4.904741
5764,5.764,0.14605406,4.8593135
5765,5.765,0.15310821,4.846149
5766,5.766,0.16121377,4.8633037
5767,5.767,0.14705107,4.7977843
5768,5.768,0.14341843,4.854454
5769,5.769,0.15094417,4.771031
5770,5.77,0.15291028,4.7624207
5771,5.771,0.13391504,4.7369676
5772,5.772,0.13947937,4.8448167
5773,5.773,0.14284016,4.7754455
5774,5.774,0.1773134,4.761789
5775,5.775,0.17153165,4.9502654
5776,5.776,0.15869884,4.9125357
5777,5.777,0.16662134,4.9101152
5778,5.778,0.166882,4.9717383
5779,5.779,0.17650838,4.9678645
5780,5.78,0.19287063,4.980964
5781,5.781,0.19612874,5.0129886
5782,5.782,0.20669149,5.0081663
5783,5.783,0.20430076,5.041944
5784,5.784,0.21184961,5.066483
5785,5.785,0.21340665,4.9799356
5786,5.786,0.22293021,4.946417
5787,5.787,0.21984327,4.9789863
5788,5.788,0.2191291,5.050076
5789,5.789,0.22727366,5.0134697
5790,5.79,0.23225047,5.014068
5791,5.791,0.21870561,4.9867625
5792,5.792,0.21714717,4.9747024
5793,5.793,0.21711417,4.966083
5794,5.794,0.23790449,4.9270954
5795,5.795,0.23906587,4.8956523
5796,5.796,0.24676174,4.8922744
5797,5.797,0.2423917,5.00699
5798,5.798,0.2362173,5.014527
5799,5.799,0.24827676,5.0351834
5800,5.8,0.23837438,5.0332623
5801,5.801,0.2350881,5.053564
5802,5.802,0.24322484,5.1215825
5803,5.803,0.23552923,5.147226
5804,5.804,0.2278152,5.16364
5805,5.805,0.23108386,5.1509433
5806,5.806,0.23678039,5.0990343
5807,5.807,0.23585784,5.110642
5808,5.808,0.2225285,5.150236
5809,5.809,0.22896414,5.19544
5810,5.81,0.21304342,5.1445518
5811,5.811,0.21466827,5.2339344
5812,5.812,0.2254003,5.175932
5813,5.813,0.20538425,5.2419395
5814,5.814,0.20512293,5.2544065
5815,5.815,0.20439918,5.2297354
5816,5.816,0.20303848,5.2029138
5817,5.817,0.21164763,5.145881
5818,5.818,0.20467046,5.1884947
5819,5.819,0.19745511,5.1542463
5820,5.82,0.19549234,5.137754
5821,5.821,0.19364701,5.144652
5822,5.822,0.17555752,5.142295
5823,5.823,0.19459146,5.100715
5824,5.824,0.19274952,5.04347
5825,5.825,0.20287901,5.0139422
5826,5.826,0.1948052,5.0213275
5827,5.827,0.19088495,5.072597
5828,5.828,0.19973913,5.080887
5829,5.829,0.21136561,5.076923
5830,5.83,0.20618978,5.120346
5831,5.831,0.20436299,5.1505136
5832,5.832,0.21880813,5.136149
5833,5.833,0.2069486,5.175734
5834,5.834,0.21551955,5.1476135
5835,5.835,0.21481577,5.2006507
5836,5.836,0.21528235,5.1433845
5837,5.837,0.2158797,5.1596494
5838,5.838,0.2068592,5.2440076
5839,5.839,0.21844858,5.2381244
5840,5.84,0.21352904,5.2644544
5841,5.841,0.20307036,5.345444
5842,5.842,0.20354114,5.3140497
5843,5.843,0.21264043,5.3537335
5844,5.844,0.1995249,5.411613
5845,5.845,0.20204084,5.3865576
5846,5.846,0.19693573,5.389761
5847,5.847,0.20738494,7.6937175
5848,5.848,0.22503075,7.6893744
5849,5.849,0.20303848,7.5521955
5850,5.85,0.21037559,7.6381507
5851,5.851,0.19551481,7.495124
5852,5.852,0.20613371,7.5853934
5853,5.853,0.20463657,7.5902467
5854,5.854,0.20636013,7.5633163
5855,5.855,0.20880148,7.4708347
5856,5.856,0.19682887,7.4959884
5857,5.857,0.1935682,7.447261
5858,5.858,0.18161356,7.426723
5859,5.859,0.18263926,7.4240713
5860,5.86,0.18832678,7.5074563
5861,5.861,0.20076434,7.5295787
5862,5.862,0.1915101,7.578282
5863,5.863,0.18301482,7.4787173
5864,5.864,0.16965738,7.43619
5865,5.865,0.16605286,7.4462037
5866,5.866,0.15128078,7.447869
5867,5.867,0.15089975,7.496881
5868,5.868,0.15609752,7.400116
5869,5.869,0.14967369,7.2744794
5870,5.87,0.14788824,7.218053
5871,5.871,0.15020104,7.185619
5872,5.872,0.15330438,7.19095
5873,5.873,0.14240898,7.277669
5874,5.874,0.14706679,7.261139
5875,5.875,0.14166349,7.343439
5876,5.876,0.15193498,7.352295
5877,5.877,0.14986974,7.335993
5878,5.878,0.14814596,7.501001
5879,5.879,0.1447119,7.4595737
5880,5.88,0.14891024,7.3444505
5881,5.881,0.1654615,7.258327
5882,5.882,0.17020838,7.176977
5883,5.883,0.17093353,7.1930685
5884,5.884,0.1775844,7.1425653
5885,5.885,0.18516114,7.0379057
5886,5.886,0.19482657,6.997147
5887,5.887,0.17475633,6.9952526
5888,5.888,0.1821779,6.8956876
5889,5.889,0.1761137,6.9927983
5890,5.89,0.17305332,7.057621
5891,5.891,0.18735814,7.1067824
5892,5.892,0.18629764,7.161424
5893,5.893,0.18225785,7.1566157
5894,5.894,0.17795634,7.1597652
5895,5.895,0.1720471,7.2828617
5896,5.896,0.15893176,7.33552
5897,5.897,0.17781468,7.2526383
5898,5.898,0.18376492,7.1633377
5899,5.899,0.18787324,7.212706
5900,5.9,0.16876107,7.210768
5901,5.901,0.1651818,7.1759667
5902,5.902,0.17051508,7.1224775
5903,5.903,0.18074714,7.147959
5904,5.904,0.16836332,7.1796927
5905,5.905,0.15465869,7.1310453
5906,5.906,0.17053406,7.0512652
5907,5.907,0.1639892,7.0570273
5908,5.908,0.15995403,7.069179
5909,5.909,0.16793847,7.029531
5910,5.91,0.15551437,7.0360513
5911,5.911,0.1548753,7.040118
5912,5.912,0.1606204,7.07836
5913,5.913,0.156618,7.129465
5914,5.914,0.16428079,7.142467
5915,5.915,0.15185735,7.1345024
5916,5.916,0.1618521,7.0770173
5917,5.917,0.15180862,7.100049
5918,5.918,0.15843058,7.0803657
5919,5.919,0.1627893,6.9989805
5920,5.92,0.16375783,6.9590926
5921,5.921,0.16416675,7.0557966
5922,5.922,0.16943647,7.102834
5923,5.923,0.162633,7.124218
5924,5.924,0.17720123,7.108991
5925,5.925,0.18514241,7.230661
5926,5.926,0.19065954,7.2534037
5927,5.927,0.18550044,7.4279637
5928,5.928,0.21073903,7.423565
5929,5.929,0.21793891,7.429803
5930,5.93,0.21481685,7.357151
5931,5.931,0.20645647,7.3695827
5932,5.932,0.24740736,7.2838373
5933,5.933,0.2603628,7.279154
5934,5.934,0.25905243,7.2261505
5935,5.935,0.2528588,7.1591334
5936,5.936,0.25483605,7.313936
5937,5.937,0.2627344,7.2856345
5938,5.938,0.24725968,7.3132973
5939,5.939,0.225309,7.3074036
5940,5.94,0.22370148,7.3819566
5941,5.941,0.20328201,7.1879735
5942,5.942,0.20374891,7.1842394
5943,5.943,0.20785151,7.278677
5944,5.944,0.19424187,7.3818254
5945,5.945,0.1927699,7.2380953
5946,5.946,0.214975,7.2824793
5947,5.947,0.21676141,7.352162
5948,5.948,0.21560642,7.2495894
5949,5.949,0.20833702,7.361254
5950,5.95,0.19976923,7.472127
5951,5.951,0.20100144,7.4293404
5952,5.952,0.1932598,7.369264
5953,5.953,0.18044373,7.4372487
5954,5.954,0.16980584,7.446202
5955,5.955,0.17092405,7.4330277
5956,5.956,0.15986294,7.4830737
5957,5.957,0.164078,7.528748
5958,5.958,0.16360952,7.590463
5959,5.959,0.1678035,7.638445
5960,5.96,0.170412,7.6914053
5961,5.961,0.15709555,7.6899214
5962,5.962,0.16998819,7.710582
5963,5.963,0.15825097,7.810238
5964,5.964,0.17424358,7.850203
5965,5.965,0.17027357,7.867722
5966,5.966,0.16975,7.7590504
5967,5.967,0.16064487,7.8357015
5968,5.968,0.16048649,7.8569403
5969,5.969,0.16277084,7.8739195
5970,5.97,0.15909316,7.88866
5971,5.971,0.15798926,7.877346
5972,5.972,0.15139535,7.8945208
5973,5.973,0.14378873,7.852632
5974,5.974,0.15049627,7.803989
5975,5.975,0.14460641,7.8464923
5976,5.976,0.15045787,7.9019666
5977,5.977,0.15940093,7.898629
5978,5.978,0.1621689,7.911961
5979,5.979,0.1717862,7.895671
5980,5.98,0.17568652,7.8305264
5981,5.981,0.16758981,7.934454
5982,5.982,0.16002484,7.946865
5983,5.983,0.1768813,8.027685
5984,5.984,0.16703433,8.056993
5985,5.985,0.18503249,8.002069
5986,5.986,0.17873414,8.10393
5987,5.987,0.17238405,8.061688
5988,5.988,0.16893497,8.080431
5989,5.989,0.17413476,8.057667
5990,5.99,0.16958241,8.006737
5991,5.991,0.18183112,7.9292827
5992,5.992,0.18265319,7.9047804
5993,5.993,0.1906947,7.9109073
5994,5.994,0.1939083,7.870204
5995,5.995,0.19500569,7.880177
5996,5.996,0.19834879,7.983889
5997,5.997,0.20220669,7.8933973
5998,5.998,0.21238913,7.8784018
5999,5.999,0.17514087,7.956484
6000,6.0,0.16538742,7.9902263
6001,6.001,0.1783716,8.014449
6002,6.002,0.17182791,8.0460615
6003,6.003,0.17428869,8.083042
6004,6.004,0.17408429,8.052211
6005,6.005,0.17622261,8.009531
6006,6.006,0.16570443,8.00658
6007,6.007,0.15271208,7.965729
6008,6.008,0.16837841,7.9659667
6009,6.009,0.17828472,7.969055
6010,6.01,0.1666699,8.040619
6011,6.011,0.1573323,7.958884
6012,6.012,0.15741459,8.001176
6013,6.013,0.16948831,7.994927
6014,6.014,0.1596864,7.8569875
6015,6.015,0.16696233,7.8649254
6016,6.016,0.17222841,7.9951215
6017,6.017,0.17117411,7.977754
6018,6.018,0.17081852,7.9701486
6019,6.019,0.16891718,7.932255
6020,6.02,0.1728381,7.883805
6021,6.021,0.15686727,7.9667606
6022,6.022,0.17050694,8.014247
6023,6.023,0.17160441,7.9427524
6024,6.024,0.18162504,7.961389
6025,6.025,0.17636293,8.006894
6026,6.026,0.1896431,8.079837
6027,6.027,0.1817103,8.166387
6028,6.028,0.18885514,8.266828
6029,6.029,0.18458965,8.324434
6030,6.03,0.18219315,8.317078
6031,6.031,0.15542515,8.207425
6032,6.032,0.1640639,8.267448
6033,6.033,0.16813934,8.327954
6034,6.034,0.17986882,8.415047
6035,6.035,0.16919069,8.417976
6036,6.036,0.18281513,8.450676
6037,6.037,0.17899781,8.424232
6038,6.038,0.18462972,8.405473
6039,6.039,0.18193917,8.346893
6040,6.04,0.17384243,8.337715
6041,6.041,0.18170139,8.293158
6042,6.042,0.17603227,8.213716
6043,6.043,0.19531013,8.236579
6044,6.044,0.19717741,8.241817
6045,6.045,0.20280035,8.145068
6046,6.046,0.1863758,8.15545
6047,6.047,0.17683685,8.249056
6048,6.048,0.1847937,8.178876
6049,6.049,0.16598882,8.187918
6050,6.05,0.175026,8.135839
6051,6.051,0.17434838,8.189913
6052,6.052,0.18597096,8.028059
6053,6.053,0.19196588,7.9994807
6054,6.054,0.2090781,8.074291
6055,6.055,0.20028126,8.157084
6056,6.056,0.20850231,8.199511
6057,6.057,0.20586547,8.229071
6058,6.058,0.22365394,8.308507
6059,6.059,0.22537774,8.424455
6060,6.06,0.22211774,8.388177
6061,6.061,0.22111416,8.442018
6062,6.062,0.21692027,8.397003
6063,6.063,0.21499005,8.318895
6064,6.064,0.2110876,8.446968
6065,6.065,0.21258715,8.449873
6066,6.066,0.20699328,6.1881256
6067,6.067,0.21905418,8.373574
6068,6.068,0.21610768,8.431932
6069,6.069,0.22540542,8.38334
6070,6.07,0.20721431,8.309907
6071,6.071,0.20223641,8.226444
6072,6.072,0.20406865,8.191786
6073,6.073,0.2168382,8.176464
6074,6.074,0.21779035,8.200264
6075,6.075,0.20313865,8.240001
6076,6.076,0.19036707,8.182698
6077,6.077,0.18279237,8.2033415
6078,6.078,0.19242059,8.239699
6079,6.079,0.18216015,8.173908
6080,6.08,0.19221622,8.2011595
6081,6.081,0.20460494,8.230822
6082,6.082,0.2116072,8.241147
6083,6.083,0.22035691,8.235228
6084,6.084,0.20095196,8.279011
6085,6.085,0.20716745,8.30218
6086,6.086,0.19867373,8.316454
6087,6.087,0.22537157,8.315282
6088,6.088,0.20090593,8.29477
6089,6.089,0.20094621,8.407197
6090,6.09,0.18515116,8.354759
6091,6.091,0.17157343,8.356454
6092,6.092,0.165186,8.392243
6093,6.093,0.18117258,8.505708
6094,6.094,0.16457184,8.504699
6095,6.095,0.16661718,8.491391
6096,6.096,0.18256962,8.399657
6097,6.097,0.1635643,8.350543
6098,6.098,0.1812453,8.271086
6099,6.099,0.16232137,8.322295
6100,6.1,0.15823929,8.465974
6101,6.101,0.15966178,8.473726
6102,6.102,0.173439,8.428955
6103,6.103,0.17502071,8.443779
6104,6.104,0.18171538,8.47699
6105,6.105,0.18185401,8.484714
6106,6.106,0.1615447,8.394076
6107,6.107,0.16900201,8.392284
6108,6.108,0.16501516,6.426155
6109,6.109,0.17123488,8.430228
6110,6.11,0.14989905,6.42042
6111,6.111,0.16739795,6.394528
6112,6.112,0.15925583,6.2928753
6113,6.113,0.15807703,6.314783
6114,6.114,0.15713675,6.4488206
6115,6.115,0.17087807,8.381371
6116,6.116,0.1720108,8.471804
6117,6.117,0.17689958,6.5057044
6118,6.118,0.19123103,6.4955134
6119,6.119,0.19929302,6.5450015
6120,6.12,0.21485882,8.55818
6121,6.121,0.21723978,8.509634
6122,6.122,0.20667136,8.318059
6123,6.123,0.19517988,8.164542
6124,6.124,0.18697275,8.25944
6125,6.125,0.1895736,8.270654
6126,6.126,0.19945651,8.23351
6127,6.127,0.18576449,8.13403
6128,6.128,0.17891644,8.182612
6129,6.129,0.18222867,8.144921
6130,6.13,0.18275315,8.142185
6131,6.131,0.17850505,8.058826
6132,6.132,0.17428605,7.9503427
6133,6.133,0.18761711,8.040537
6134,6.134,0.20096003,7.9938784
6135,6.135,0.1996222,8.019477
6136,6.136,0.19425733,8.086911
6137,6.137,0.2063691,8.039546
6138,6.138,0.2012233,7.9590926
6139,6.139,0.17976597,8.018157
6140,6.14,0.17468752,8.050294
6141,6.141,0.18299209,7.909316
6142,6.142,0.18856601,7.959944
6143,6.143,0.17530318,8.054155
6144,6.144,0.15451661,7.932606
6145,6.145,0.18677728,7.9348817
6146,6.146,0.17863321,7.939572
6147,6.147,0.17724298,8.077423
6148,6.148,0.19099876,7.9845223
6149,6.149,0.18491876,7.9899983
6150,6.15,0.1675912,7.904242
6151,6.151,0.17584306,7.893622
6152,6.152,0.1733043,7.882198
6153,6.153,0.1910157,7.9058375
6154,6.154,0.18673272,7.799014
6155,6.155,0.19887263,7.8291245
6156,6.156,0.20573291,7.762831
6157,6.157,0.211938,7.775299
6158,6.158,0.20899737,7.713366
6159,6.159,0.2175567,7.7299247
6160,6.16,0.20741281,7.6228275
6161,6.161,0.19898535,7.712655
6162,6.162,0.19950403,7.6664515
6163,6.163,0.18956994,7.7282133
6164,6.164,0.18383537,7.7755485
6165,6.165,0.18256456,7.857204
6166,6.166,0.18698017,7.8860245
6167,6.167,0.1766498,7.769508
6168,6.168,0.16260599,7.696384
6169,6.169,0.17756356,7.7779574
6170,6.17,0.16959876,7.799216
6171,6.171,0.14965206,7.744946
6172,6.172,0.13308725,7.82963
6173,6.173,0.12719646,7.7445965
6174,6.174,0.1262038,7.6995735
6175,6.175,0.1354087,7.603663
6176,6.176,0.13099137,7.565295
6177,6.177,0.13553499,7.6110773
6178,6.178,0.13264877,7.598824
6179,6.179,0.12252673,7.6335998
6180,6.18,0.12462769,7.697528
6181,6.181,0.1211052,7.793681
6182,6.182,0.1305547,7.796182
6183,6.183,0.13180952,7.7663536
6184,6.184,0.14731497,7.751027
6185,6.185,0.14890091,7.767564
6186,6.186,0.15049781,7.7412376
6187,6.187,0.16843197,7.668688
6188,6.188,0.18313985,7.5846972
6189,6.189,0.17394479,7.74352
6190,6.19,0.15266362,7.7271314
6191,6.191,0.1620648,7.576663
6192,6.192,0.15473789,7.5547705
6193,6.193,0.13344117,7.55455
6194,6.194,0.14159982,7.5254073
6195,6.195,0.14571491,7.393318
6196,6.196,0.14517605,7.3127704
6197,6.197,0.14735262,7.3567204
6198,6.198,0.15295562,7.2914853
6199,6.199,0.15645406,7.253245
6200,6.2,0.13914248,7.2722282
6201,6.201,0.15848893,7.1861963
6202,6.202,0.13827576,7.2157145
6203,6.203,0.13168141,7.178848
6204,6.204,0.15461981,7.291905
6205,6.205,0.14297606,7.1076727
6206,6.206,0.12992987,7.048109
6207,6.207,0.13360566,7.1436615
6208,6.208,0.14546242,7.1325464
6209,6.209,0.13600837,7.2174606
6210,6.21,0.14310859,7.11627
6211,6.211,0.14245443,7.117826
6212,6.212,0.15939513,7.216867
6213,6.213,0.15129453,7.232298
6214,6.214,0.13199356,7.393405
6215,6.215,0.12734905,7.5041103
6216,6.216,0.13369735,7.4280076
6217,6.217,0.13640046,7.4414005
6218,6.218,0.13925043,7.451354
6219,6.219,0.14734164,7.43739
6220,6.22,0.16652419,7.54705
6221,6.221,0.15816475,7.6094613
6222,6.222,0.18060383,7.540454
6223,6.223,0.17578125,7.491204
6224,6.224,0.16934912,7.5316396
6225,6.225,0.16229004,7.373913
6226,6.226,0.1663853,7.4595385
6227,6.227,0.16164914,7.4949455
6228,6.228,0.14628498,7.314746
6229,6.229,0.14756584,7.2737036
6230,6.23,0.15786922,7.248526
6231,6.231,0.15722795,7.308561
6232,6.232,0.18052061,7.1762943
6233,6.233,0.1639737,7.21337
6234,6.234,0.153705,7.2761183
6235,6.235,0.15844955,7.2514706
6236,6.236,0.15509903,7.331397
6237,6.237,0.15252121,7.414406
6238,6.238,0.16475296,7.3719544
6239,6.239,0.17076842,7.3368444
6240,6.24,0.17020567,7.390376
6241,6.241,0.16706477,7.453504
6242,6.242,0.18699254,7.535611
6243,6.243,0.1895614,7.508658
6244,6.244,0.18989164,7.550955
6245,6.245,0.20802164,7.5538383
6246,6.246,0.22024566,7.5058193
6247,6.247,0.22983691,7.4726353
6248,6.248,0.235899,7.530008
6249,6.249,0.24285005,7.636842
6250,6.25,0.2654883,7.640836
6251,6.251,0.2594332,7.6987677
6252,6.252,0.28348115,7.622061
6253,6.253,0.2634313,7.602273
6254,6.254,0.25905064,7.555941
6255,6.255,0.2751208,7.5580535
6256,6.256,0.25977165,7.6349306
6257,6.257,0.2574239,7.515218
6258,6.258,0.26678443,7.4651675
6259,6.259,0.22833927,7.4005723
6260,6.26,0.24203089,7.476792
6261,6.261,0.23496315,7.47409
6262,6.262,0.23674524,7.437157
6263,6.263,0.24971594,7.584626
6264,6.264,0.25647375,7.616433
6265,6.265,0.2834885,7.6105933
6266,6.266,0.28526324,7.5219584
6267,6.267,0.277056,7.597504
6268,6.268,0.2612935,7.62292
6269,6.269,0.26726407,7.572534
6270,6.27,0.23787436,7.5520816
6271,6.271,0.2387349,7.556925
6272,6.272,0.24613509,7.6020427
6273,6.273,0.24435905,7.479283
6274,6.274,0.2553137,7.4627967
6275,6.275,0.2336548,7.623086
6276,6.276,0.23044768,7.614861
6277,6.277,0.22472128,7.447847
6278,6.278,0.24943617,7.5000777
6279,6.279,0.2405467,7.5465918
6280,6.28,0.24094619,7.5132236
6281,6.281,0.22024147,7.5154133
6282,6.282,0.22474597,7.587267
6283,6.283,0.24464649,7.604854
6284,6.284,0.23259862,7.6636963
6285,6.285,0.22482723,7.6067796
6286,6.286,0.23550175,7.5324745
6287,6.287,0.2557037,7.5346165
6288,6.288,0.2483624,7.545533
6289,6.289,0.24630128,7.512569
6290,6.29,0.23913258,7.511382
6291,6.291,0.255898,7.5527654
6292,6.292,0.25524214,7.6927757
6293,6.293,0.26158267,7.6297364
6294,6.294,0.2565026,7.7357826
6295,6.295,0.25241312,7.7406516
6296,6.296,0.24661179,7.7319016
6297,6.297,0.27856892,7.7234488
6298,6.298,0.26381192,7.7651105
6299,6.299,0.24335124,7.6750436
6300,6.3,0.23177017,7.7579265
6301,6.301,0.23195066,7.71709
6302,6.302,0.23119688,7.7618685
6303,6.303,0.23712286,7.7950687
6304,6.304,0.23894398,7.65903
6305,6.305,0.23087066,7.640625
6306,6.306,0.23601952,7.5034366
6307,6.307,0.22657473,7.611987
6308,6.308,0.2337992,7.599433
6309,6.309,0.2240299,7.6350975
6310,6.31,0.22919121,7.6855307
6311,6.311,0.22204591,7.6826057
6312,6.312,0.21699807,7.7472754
6313,6.313,0.20344459,7.748818
6314,6.314,0.21674328,7.780152
6315,6.315,0.22829776,7.9003205
6316,6.316,0.206118,7.959568
6317,6.317,0.21119162,7.93186
6318,6.318,0.20753984,7.9192863
6319,6.319,0.21216914,8.025744
6320,6.32,0.20235184,8.057875
6321,6.321,0.21457994,8.077393
6322,6.322,0.20452356,7.9811506
6323,6.323,0.20744067,8.107146
6324,6.324,0.21100983,8.100587
6325,6.325,0.20901285,8.137073
6326,6.326,0.20955747,8.016667
6327,6.327,0.20187598,8.027356
6328,6.328,0.18938203,7.9867563
6329,6.329,0.19859575,8.053804
6330,6.33,0.20093125,8.005582
6331,6.331,0.20892435,8.015843
6332,6.332,0.22324525,8.02781
6333,6.333,0.22625412,8.106106
6334,6.334,0.2321519,8.101177
6335,6.335,0.21051401,8.05795
6336,6.336,0.2152179,7.976207
6337,6.337,0.22244537,7.8397985
6338,6.338,0.22969301,7.735133
6339,6.339,0.2272889,7.7425303
6340,6.34,0.22377175,7.694214
6341,6.341,0.22494443,7.628057
6342,6.342,0.23365973,7.74274
6343,6.343,0.24419153,7.700433
6344,6.344,0.23625156,7.552378
6345,6.345,0.23984887,7.612822
6346,6.346,0.23622318,7.764836
6347,6.347,0.20305556,7.684982
6348,6.348,0.21226391,7.6001945
6349,6.349,0.21633756,7.690353
6350,6.35,0.2278568,7.7082415
6351,6.351,0.21259476,7.7300706
6352,6.352,0.22451955,7.6504474
6353,6.353,0.22019422,7.6778107
6354,6.354,0.2245803,7.680658
6355,6.355,0.2181478,7.748638
6356,6.356,0.21785723,7.7319393
6357,6.357,0.18736185,7.5785317
6358,6.358,0.21506317,7.6059213
6359,6.359,0.20654379,7.5796237
6360,6.36,0.22343366,7.5781984
6361,6.361,0.23249622,7.5361853
6362,6.362,0.22996965,7.5185122
6363,6.363,0.22667982,7.5870395
6364,6.364,0.2211518,7.610355
6365,6.365,0.25192627,7.5244284
6366,6.366,0.23187089,7.5178533
6367,6.367,0.2367716,7.6028037
6368,6.368,0.2156311,7.6355023
6369,6.369,0.23053394,7.720256
6370,6.37,0.23530237,7.7688556
6371,6.371,0.24302515,7.8571243
6372,6.372,0.22954702,7.835824
6373,6.373,0.24146856,7.7384634
6374,6.374,0.24732979,7.7301083
6375,6.375,0.2562447,7.681937
6376,6.376,0.28117767,7.6227827
6377,6.377,0.29422945,7.5189304
6378,6.378,0.29382294,7.4907637
6379,6.379,0.2860669,7.511113
6380,6.38,0.27760953,7.4649153
6381,6.381,0.27490306,7.5220413
6382,6.382,0.25541055,7.4951563
6383,6.383,0.25150654,7.4978237
6384,6.384,0.22939086,7.6169925
6385,6.385,0.25041395,7.61404
6386,6.386,0.24593775,7.617107
6387,6.387,0.25671342,7.6426654
6388,6.388,0.25904438,7.65916
6389,6.389,0.23941858,7.599939
6390,6.39,0.25791383,7.420664
6391,6.391,0.2588024,7.4951215
6392,6.392,0.26254427,7.382729
6393,6.393,0.2648894,7.4224734
6394,6.394,0.26306948,7.3719807
6395,6.395,0.2671291,7.3140235
6396,6.396,0.26237252,7.278319
6397,6.397,0.24597818,7.2581477
6398,6.398,0.2665755,7.2356
6399,6.399,0.25889084,7.3096514
6400,6.4,0.26403177,7.3688297
6401,6.401,0.23976018,7.3747044
6402,6.402,0.24924609,7.408806
6403,6.403,0.23761861,7.5230775
6404,6.404,0.23606752,7.5349665
6405,6.405,0.24245845,7.5199513
6406,6.406,0.23606457,7.5036097
6407,6.407,0.22125423,7.5291266
6408,6.408,0.21675928,7.4011307
6409,6.409,0.22551514,7.324113
6410,6.41,0.20837699,7.314036
6411,6.411,0.19834414,7.3859024
6412,6.412,0.21791771,7.3327274
6413,6.413,0.20375118,7.4335127
6414,6.414,0.1875863,7.4712687
6415,6.415,0.20815606,7.503129
6416,6.416,0.19943565,7.469057
6417,6.417,0.20977029,7.4514165
6418,6.418,0.22044396,7.417131
6419,6.419,0.2134489,7.4074564
6420,6.42,0.22006714,7.36373
6421,6.421,0.20485339,7.3895736
6422,6.422,0.18564995,7.42092
6423,6.423,0.17291032,7.415573
6424,6.424,0.16292132,7.4728503
6425,6.425,0.16437504,7.501098
6426,6.426,0.16431034,7.6715155
6427,6.427,0.15092275,7.6369967
6428,6.428,0.13144243,7.532094
6429,6.429,0.15262575,7.5959115
6430,6.43,0.15084,7.530472
6431,6.431,0.15096256,7.5761256
6432,6.432,0.15490812,7.557021
6433,6.433,0.15691148,7.583403
6434,6.434,0.17440672,7.604588
6435,6.435,0.2002928,7.707701
6436,6.436,0.18836482,7.683979
6437,6.437,0.19527462,7.644178
6438,6.438,0.19937187,7.539432
6439,6.439,0.19025166,7.5060716
6440,6.44,0.1780083,7.48984
6441,6.441,0.17227538,7.534256
6442,6.442,0.18576947,7.569686
6443,6.443,0.18770458,7.6095552
6444,6.444,0.1810462,7.716119
6445,6.445,0.17647302,7.6829042
6446,6.446,0.18997562,7.6933446
6447,6.447,0.19279869,7.727199
6448,6.448,0.19235209,7.867226
6449,6.449,0.19109558,7.9032555
6450,6.45,0.189989,7.9105973
6451,6.451,0.17847525,7.819126
6452,6.452,0.17161384,7.73702
6453,6.453,0.1963255,7.6530123
6454,6.454,0.19961062,7.688865
6455,6.455,0.19882147,7.621939
6456,6.456,0.20458911,7.668604
6457,6.457,0.21392062,7.637148
6458,6.458,0.19216812,7.635986
6459,6.459,0.18952115,7.729676
6460,6.46,0.18647997,7.6436734
6461,6.461,0.19920714,7.5692625
6462,6.462,0.2064184,7.5278277
6463,6.463,0.21677314,7.471737
6464,6.464,0.20373756,7.48158
6465,6.465,0.23208119,7.513943
6466,6.466,0.25940025,7.5444627
6467,6.467,0.25573263,7.4783244
6468,6.468,0.24589263,7.4764214
6469,6.469,0.26277754,7.561886
6470,6.47,0.26305804,7.635328
6471,6.471,0.27508298,7.6013265
6472,6.472,0.2703543,7.5961366
6473,6.473,0.26092607,7.6334085
6474,6.474,0.2807819,7.720675
6475,6.475,0.27793747,7.6675615
6476,6.476,0.23341818,7.79561
6477,6.477,0.2626191,7.8401337
6478,6.478,0.2508208,7.75163
6479,6.479,0.26812428,7.6560645
6480,6.48,0.2945585,7.6594896
6481,6.481,0.2982696,7.5746293
6482,6.482,0.28393018,7.4825764
6483,6.483,0.30449775,7.547
6484,6.484,0.30076435,7.486938
6485,6.485,0.32169965,7.530925
6486,6.486,0.3139143,7.568024
6487,6.487,0.31259322,7.5866823
6488,6.488,0.30253097,7.5411425
6489,6.489,0.3146683,7.401017
6490,6.49,0.30213717,7.421139
6491,6.491,0.3010632,7.4372177
6492,6.492,0.29673946,7.329604
6493,6.493,0.30961993,7.40198
6494,6.494,0.28779283,7.463908
6495,6.495,0.2921912,7.511711
6496,6.496,0.27821684,7.4464912
6497,6.497,0.266826,7.3647075
6498,6.498,0.29403216,7.3782253
6499,6.499,0.29293007,7.576525
6500,6.5,0.30781287,7.580986
6501,6.501,0.31130812,7.6384583
6502,6.502,0.31290367,7.643252
6503,6.503,0.2969365,7.620296
6504,6.504,0.29111868,7.5436606
6505,6.505,0.27302372,7.530789
6506,6.506,0.28478062,7.4432178
6507,6.507,0.27599084,7.5240207
6508,6.508,0.26363832,7.525373
6509,6.509,0.2626825,7.4581394
6510,6.51,0.2621636,7.4746222
6511,6.511,0.26226586,7.414742
6512,6.512,0.27030215,7.3422813
6513,6.513,0.2553653,7.299087
6514,6.514,0.27336985,7.3632526
6515,6.515,0.26712996,7.4315524
6516,6.516,0.27297038,7.450257
6517,6.517,0.2935356,7.4664025
6518,6.518,0.30261657,7.4488764
6519,6.519,0.28455564,7.568144
6520,6.52,0.29236364,7.4240613
6521,6.521,0.298175,7.4307747
6522,6.522,0.32404613,7.3057284
6523,6.523,0.34594163,7.293197
6524,6.524,0.34174395,7.2211785
6525,6.525,0.312352,7.2505784
6526,6.526,0.33130282,7.314744
6527,6.527,0.3305154,7.3403616
6528,6.528,0.3332857,7.394213
6529,6.529,0.32543442,7.3786125
6530,6.53,0.31231722,7.334282
6531,6.531,0.3207777,7.340936
6532,6.532,0.3263871,7.332921
6533,6.533,0.30910203,7.2023273
6534,6.534,0.30896065,7.178276
6535,6.535,0.32502425,7.152157
6536,6.536,0.32526457,7.0901313
6537,6.537,0.32403544,7.0619335
6538,6.538,0.32671207,7.050058
6539,6.539,0.3462242,6.962926
6540,6.54,0.35710788,7.0024123
6541,6.541,0.34196576,6.997141
6542,6.542,0.36745375,7.070037
6543,6.543,0.36720514,7.039167
6544,6.544,0.35573205,7.0922413
6545,6.545,0.33827886,7.109975
6546,6.546,0.32152423,7.158338
6547,6.547,0.32962307,7.1450424
6548,6.548,0.33297688,7.130253
6549,6.549,0.3129857,7.1576757
6550,6.55,0.31717402,7.1534824
6551,6.551,0.3165202,7.1405463
6552,6.552,0.30359972,7.247171
6553,6.553,0.28869995,7.2698913
6554,6.554,0.2735778,7.296092
6555,6.555,0.27311432,7.3939953
6556,6.556,0.2975836,7.3756256
6557,6.557,0.30822343,7.301211
6558,6.558,0.3032767,7.3504305
6559,6.559,0.32039693,7.3802443
6560,6.56,0.29429936,7.3343067
6561,6.561,0.29012668,7.3263063
6562,6.562,0.31277287,7.386395
6563,6.563,0.30977595,7.4341884
6564,6.564,0.30957362,7.414981
6565,6.565,0.30073127,7.394029
6566,6.566,0.31125018,7.4577365
6567,6.567,0.3224684,7.451744
6568,6.568,0.32546496,7.488124
6569,6.569,0.32242468,7.483875
6570,6.57,0.34493503,7.533291
6571,6.571,0.33490705,7.5538473
6572,6.572,0.34119213,7.480486
6573,6.573,0.35094973,7.5073876
6574,6.574,0.3418163,7.549423
6575,6.575,0.32269058,7.5117307
6576,6.576,0.32217863,7.6123786
6577,6.577,0.3260845,7.637223
6578,6.578,0.3259824,7.6045246
6579,6.579,0.31049383,7.511656
6580,6.58,0.31576917,7.4565735
6581,6.581,0.30188453,7.518381
6582,6.582,0.27488792,7.510255
6583,6.583,0.28413367,7.5840516
6584,6.584,0.28481552,7.5294995
6585,6.585,0.30708644,7.490573
6586,6.586,0.29391733,7.4910426
6587,6.587,0.30447724,7.537972
6588,6.588,0.28841633,7.449782
6589,6.589,0.2685499,7.411742
6590,6.59,0.25309455,7.4552984
6591,6.591,0.27722785,7.4088655
6592,6.592,0.2796681,7.5065985
6593,6.593,0.27955565,7.583969
6594,6.594,0.27589786,7.5737896
6595,6.595,0.27085155,7.543335
6596,6.596,0.27997628,7.4802856
6597,6.597,0.26979446,7.446855
6598,6.598,0.2416992,7.520552
6599,6.599,0.2563836,7.489278
6600,6.6,0.27503842,7.4855003
6601,6.601,0.26884073,7.5537095
6602,6.602,0.28177068,7.715798
6603,6.603,0.27911118,7.721602
6604,6.604,0.28574264,7.805301
6605,6.605,0.28047624,7.779799
6606,6.606,0.28127384,7.7198567
6607,6.607,0.28501108,7.703203
6608,6.608,0.27496278,7.6506877
6609,6.609,0.27401015,7.6824965
6610,6.61,0.2637304,7.661008
6611,6.611,0.27501488,7.6420364
6612,6.612,0.26772302,7.5839806
6613,6.613,0.27119276,7.6224246
6614,6.614,0.28241977,7.6214595
6615,6.615,0.28918484,7.6220555
6616,6.616,0.30321342,7.648979
6617,6.617,0.2923834,7.604942
6618,6.618,0.29736677,7.5017433
6619,6.619,0.2833115,7.5766063
6620,6.62,0.2858114,7.579685
6621,6.621,0.29500946,7.570301
6622,6.622,0.30036667,7.4956603
6623,6.623,0.31964922,7.414886
6624,6.624,0.32784092,7.4541264
6625,6.625,0.31970346,7.430727
6626,6.626,0.31836355,7.3769426
6627,6.627,0.29554188,7.470331
6628,6.628,0.30180183,7.5010333
6629,6.629,0.28878802,7.348721
6630,6.63,0.3109819,7.260052
6631,6.631,0.31937426,7.281078
6632,6.632,0.32474172,7.3263993
6633,6.633,0.31464037,7.320649
6634,6.634,0.3261008,7.4144764
6635,6.635,0.3349243,7.3933425
6636,6.636,0.32534915,7.434291
6637,6.637,0.32757285,7.348793
6638,6.638,0.32421517,7.265939
6639,6.639,0.3113972,7.2593927
6640,6.64,0.31834903,7.3117447
6641,6.641,0.3094571,7.364055
6642,6.642,0.3016708,7.3746443
6643,6.643,0.31739187,7.342318
6644,6.644,0.32791495,7.4919014
6645,6.645,0.3273688,7.5998816
6646,6.646,0.3181725,7.533754
6647,6.647,0.32478872,7.4658704
6648,6.648,0.34263846,7.4680223
6649,6.649,0.35576457,7.623562
6650,6.65,0.35646504,7.676334
6651,6.651,0.36891243,7.696628
6652,6.652,0.3549272,7.6002464
6653,6.653,0.35635218,7.53658
6654,6.654,0.36170337,7.4438686
6655,6.655,0.3555286,7.4828634
6656,6.656,0.33653295,7.4054985
6657,6.657,0.32494387,7.361007
6658,6.658,0.33829802,7.4058495
6659,6.659,0.34086403,7.460648
6660,6.66,0.339188,7.405149
6661,6.661,0.35272193,7.447637
6662,6.662,0.37182817,7.509521
6663,6.663,0.37542516,7.5433187
6664,6.664,0.399388,7.573821
6665,6.665,0.3924955,7.554639
6666,6.666,0.37202272,7.645183
6667,6.667,0.35656428,7.651306
6668,6.668,0.35375866,7.6066775
6669,6.669,0.33865866,7.5270743
6670,6.67,0.32971492,7.554685
6671,6.671,0.3303958,7.6914387
6672,6.672,0.33888045,7.5630536
6673,6.673,0.3287332,7.5670037
6674,6.674,0.3189121,7.470156
6675,6.675,0.32162488,7.5057383
6676,6.676,0.33107036,7.546937
6677,6.677,0.34003213,7.5619297
6678,6.678,0.35682482,7.595064
6679,6.679,0.337592,7.5428495
6680,6.68,0.35432157,7.419979
6681,6.681,0.34830338,7.435339
6682,6.682,0.34592825,7.469492
6683,6.683,0.3634486,7.5378723
6684,6.684,0.37334284,7.469351
6685,6.685,0.3674764,7.573859
6686,6.686,0.3359478,7.5766816
6687,6.687,0.33268234,7.616104
6688,6.688,0.34327215,7.660248
6689,6.689,0.36584836,7.648036
6690,6.69,0.37102523,7.654688
6691,6.691,0.36686182,7.5770507
6692,6.692,0.363811,7.658536
6693,6.693,0.3596168,7.601821
6694,6.694,0.40282556,7.5867367
6695,6.695,0.40008143,7.7057977
6696,6.696,0.40204024,7.7023144
6697,6.697,0.3760091,7.720606
6698,6.698,0.37302566,7.676573
6699,6.699,0.38108802,7.6191425
6700,6.7,0.39103732,7.5480127
6701,6.701,0.35928684,7.602019
6702,6.702,0.36537662,7.574517
6703,6.703,0.35327145,7.695781
6704,6.704,0.3326476,7.7097154
6705,6.705,0.3445179,7.69113
6706,6.706,0.35189903,7.6974344
6707,6.707,0.35900685,7.6527505
6708,6.708,0.36876887,7.748855
6709,6.709,0.36973873,7.75749
6710,6.71,0.3522346,7.686139
6711,6.711,0.34762764,7.5697165
6712,6.712,0.35943353,7.5987277
6713,6.713,0.34229282,7.601747
6714,6.714,0.35491222,7.674181
6715,6.715,0.3257866,7.657407
6716,6.716,0.31107706,7.7546782
6717,6.717,0.3135768,7.667575
6718,6.718,0.3505727,7.558553
6719,6.719,0.35134542,7.5909476
6720,6.72,0.33846813,7.656664
6721,6.721,0.3266675,7.6432967
6722,6.722,0.33218092,7.634618
6723,6.723,0.31979385,7.6843963
6724,6.724,0.33045948,7.7061844
6725,6.725,0.33022222,7.7731657
6726,6.726,0.33253568,7.6928883
6727,6.727,0.33452648,7.636324
6728,6.728,0.29782125,7.6813006
6729,6.729,0.33135167,7.6126866
6730,6.73,0.34221178,7.5537424
6731,6.731,0.32669014,7.483968
6732,6.732,0.3120195,7.458052
6733,6.733,0.3131334,7.3459067
6734,6.734,0.32541594,7.4093084
6735,6.735,0.3311723,7.371396
6736,6.736,0.31008923,7.389067
6737,6.737,0.31814998,7.3219013
6738,6.738,0.30270976,7.3532343
6739,6.739,0.27599838,7.357958
6740,6.74,0.28589553,7.2605767
6741,6.741,0.2660129,7.19269
6742,6.742,0.27146798,7.160953
6743,6.743,0.26872632,7.184051
6744,6.744,0.27572015,7.2279887
6745,6.745,0.27858803,7.182138
6746,6.746,0.27817193,7.0596848
6747,6.747,0.24753535,7.192913
6748,6.748,0.25283408,7.1505504
6749,6.749,0.25181246,7.1323066
6750,6.75,0.24279958,7.1671605
6751,6.751,0.2426672,7.0827346
6752,6.752,0.26755458,7.1033335
6753,6.753,0.27102306,7.173383
6754,6.754,0.29606554,7.2241807
6755,6.755,0.2861057,7.2498536
6756,6.756,0.29430646,7.255857
6757,6.757,0.29268137,7.2089696
6758,6.758,0.28920484,7.281012
6759,6.759,0.2804713,7.247581
6760,6.76,0.27657828,7.3155527
6761,6.761,0.2884019,7.2624207
6762,6.762,0.28744557,7.0785356
6763,6.763,0.2834469,6.9404383
6764,6.764,0.2899601,7.1347384
6765,6.765,0.27554402,7.110351
6766,6.766,0.27553982,7.134477
6767,6.767,0.26445,7.054618
6768,6.768,0.2932046,7.055991
6769,6.769,0.27813038,7.206363
6770,6.77,0.27332672,7.1691146
6771,6.771,0.3025623,7.238242
6772,6.772,0.3204157,7.224925
6773,6.773,0.31202394,7.2208424
6774,6.774,0.3066902,7.166866
6775,6.775,0.2906585,7.076425
6776,6.776,0.29755718,7.0409756
6777,6.777,0.31246227,7.0492096
6778,6.778,0.31589875,7.0090637
6779,6.779,0.3180286,6.9955964
6780,6.78,0.3165633,6.9230137
6781,6.781,0.31110084,6.9160757
6782,6.782,0.31617454,7.02919
6783,6.783,0.2961686,6.977378
6784,6.784,0.300054,6.99562
6785,6.785,0.27562034,6.9731226
6786,6.786,0.27276957,7.008227
6787,6.787,0.2903115,7.00903
6788,6.788,0.2914901,7.1589437
6789,6.789,0.2921635,7.2455435
6790,6.79,0.30238727,7.164563
6791,6.791,0.33126304,7.1721435
6792,6.792,0.3443185,7.13802
6793,6.793,0.32228196,7.230562
6794,6.794,0.32150555,7.2340956
6795,6.795,0.32882956,7.242155
6796,6.796,0.32522336,7.1905093
6797,6.797,0.31736782,7.2383213
6798,6.798,0.31741735,7.139594
6799,6.799,0.3243585,7.0174456
6800,6.8,0.31397542,7.034698
6801,6.801,0.32920265,7.021675
6802,6.802,0.31107482,7.144647
6803,6.803,0.30688387,7.228174
6804,6.804,0.3133216,7.1463923
6805,6.805,0.3212926,7.1690564
6806,6.806,0.31693628,7.2225275
6807,6.807,0.31617746,7.1410017
6808,6.808,0.30568972,7.0306554
6809,6.809,0.28759995,7.174747
6810,6.81,0.29547304,7.215241
6811,6.811,0.2899848,7.2377796
6812,6.812,0.27373412,7.2622666
6813,6.813,0.2894845,7.2240577
6814,6.814,0.2973831,7.1713243
6815,6.815,0.29556534,7.0639725
6816,6.816,0.2787415,7.0062
6817,6.817,0.29923227,7.0050373
6818,6.818,0.28687716,6.9925323
6819,6.819,0.28267834,6.9941206
6820,6.82,0.3039468,6.9870152
6821,6.821,0.31990516,6.9470506
6822,6.822,0.33417383,6.7699323
6823,6.823,0.3341316,6.762708
6824,6.824,0.3469766,6.8102617
6825,6.825,0.35689285,6.7798185
6826,6.826,0.3443071,6.7481165
6827,6.827,0.3326754,6.7872505
6828,6.828,0.31834394,6.771192
6829,6.829,0.32191014,6.740196
6830,6.83,0.31760305,6.6594515
6831,6.831,0.32834828,6.7185225
6832,6.832,0.32189864,6.700995
6833,6.833,0.33362266,6.6982574
6834,6.834,0.34379303,6.7573586
6835,6.835,0.34002942,6.8702354
6836,6.836,0.3309202,6.983075
6837,6.837,0.33042377,7.036156
6838,6.838,0.33560836,6.9818664
6839,6.839,0.32389843,6.85119
6840,6.84,0.3401511,6.9945793
6841,6.841,0.32202646,7.077366
6842,6.842,0.31309646,7.152822
6843,6.843,0.2915274,7.1063
6844,6.844,0.31076252,7.098292
6845,6.845,0.31489962,7.0563803
6846,6.846,0.32769492,7.041248
6847,6.847,0.31732556,7.206999
6848,6.848,0.33392328,7.2223845
6849,6.849,0.3353596,7.045354
6850,6.85,0.34100643,7.0018053
6851,6.851,0.33736935,6.876999
6852,6.852,0.33812234,6.88077
6853,6.853,0.34194347,6.80008
6854,6.854,0.34867355,6.871583
6855,6.855,0.35037944,6.857193
6856,6.856,0.35089174,6.7879376
6857,6.857,0.32586747,6.6642513
6858,6.858,0.3350299,6.6755147
6859,6.859,0.33949935,6.7477365
6860,6.86,0.35843387,6.670658
6861,6.861,0.3396437,6.6975636
6862,6.862,0.344868,6.7202826
6863,6.863,0.36084843,6.828401
6864,6.864,0.35097277,6.9465566
6865,6.865,0.36280745,6.9977884
6866,6.866,0.35392526,7.1123385
6867,6.867,0.37205318,7.13558
6868,6.868,0.3512783,7.159758
6869,6.869,0.3602142,7.1341276
6870,6.87,0.36962992,7.034098
6871,6.871,0.3809454,7.105971
6872,6.872,0.39366361,7.2475286
6873,6.873,0.3723116,7.2330823
6874,6.874,0.34731293,7.0994515
6875,6.875,0.37325054,7.1257195
6876,6.876,0.36777762,7.1829586
6877,6.877,0.37970412,7.1546025
6878,6.878,0.37712222,7.0852184
6879,6.879,0.36247912,7.0260134
6880,6.88,0.389595,7.087651
6881,6.881,0.35234353,7.0590544
6882,6.882,0.33122325,6.904677
6883,6.883,0.33513063,6.870985
6884,6.884,0.36426255,6.823295
6885,6.885,0.34719443,6.7816596
6886,6.886,0.3343488,6.7708263
6887,6.887,0.31639895,6.7800674
6888,6.888,0.3080306,6.6314025
6889,6.889,0.30781436,6.6254597
6890,6.89,0.31575382,6.632338
6891,6.891,0.3200894,6.6964
6892,6.892,0.31861037,6.6984553
6893,6.893,0.33603176,6.751488
6894,6.894,0.32433996,6.6136675
6895,6.895,0.31379643,6.61451
6896,6.896,0.30551875,6.683913
6897,6.897,0.2885638,6.6220794
6898,6.898,0.284658,6.5989327
6899,6.899,0.30833367,6.494757
6900,6.9,0.29725245,6.5553875
6901,6.901,0.30274487,6.59627
6902,6.902,0.30776104,6.5698104
6903,6.903,0.323206,6.678951
6904,6.904,0.30380526,6.7290254
6905,6.905,0.29717156,6.666846
6906,6.906,0.27068418,6.687393
6907,6.907,0.27811873,6.7060156
6908,6.908,0.29197195,6.618458
6909,6.909,0.31652388,6.829344
6910,6.91,0.31866696,6.89929
6911,6.911,0.3272247,7.027386
6912,6.912,0.32544366,7.15499
6913,6.913,0.34330583,6.9927
6914,6.914,0.33133283,6.9685116
6915,6.915,0.33977434,6.834183
6916,6.916,0.37093297,6.926937
6917,6.917,0.3842261,6.840842
6918,6.918,0.39886722,6.729219
6919,6.919,0.43320113,6.8007555
6920,6.92,0.42813024,6.7488594
6921,6.921,0.41860878,6.6781373
6922,6.922,0.425183,6.565124
6923,6.923,0.41779006,6.5276065
6924,6.924,0.40535098,6.5945854
6925,6.925,0.41524452,6.638099
6926,6.926,0.4013006,6.727717
6927,6.927,0.42736655,6.6679153
6928,6.928,0.3940516,6.697475
6929,6.929,0.39600638,6.728381
6930,6.93,0.40136224,6.594528
6931,6.931,0.39806247,6.6195273
6932,6.932,0.3878351,6.8085127
6933,6.933,0.3904338,6.8347435
6934,6.934,0.39694053,6.8644757
6935,6.935,0.4040994,6.815786
6936,6.936,0.40839097,6.9053926
6937,6.937,0.39100242,6.8123713
6938,6.938,0.40298852,6.839892
6939,6.939,0.40689996,6.951622
6940,6.94,0.3782461,6.9583697
6941,6.941,0.3884968,6.9148283
6942,6.942,0.38746473,7.0099797
6943,6.943,0.39813274,6.9764967
6944,6.944,0.40505943,6.8854012
6945,6.945,0.39350325,6.910082
6946,6.946,0.40619594,7.063713
6947,6.947,0.40530363,6.9651933
6948,6.948,0.38363838,6.968151
6949,6.949,0.39814147,7.0217957
6950,6.95,0.38356066,7.1038723
6951,6.951,0.37223956,7.038052
6952,6.952,0.37902337,6.9709854
6953,6.953,0.38827416,7.140428
6954,6.954,0.36662164,7.004432
6955,6.955,0.35334212,7.023077
6956,6.956,0.3597203,6.975804
6957,6.957,0.35910147,7.0300903
6958,6.958,0.35006323,6.917247
6959,6.959,0.3563217,6.9010806
6960,6.96,0.34803575,6.881485
6961,6.961,0.3353279,6.7771
6962,6.962,0.3259753,6.9153
6963,6.963,0.32424086,6.9966865
6964,6.964,0.30644962,6.9243364
6965,6.965,0.3108778,6.916586
6966,6.966,0.29313678,6.856839
6967,6.967,0.2898859,6.858498
6968,6.968,0.27911532,6.921195
6969,6.969,0.28341183,6.935333
6970,6.97,0.26383734,6.9442677
6971,6.971,0.2663195,6.9771767
6972,6.972,0.26210538,6.968823
6973,6.973,0.26862907,6.8740025
6974,6.974,0.23550665,6.9324274
6975,6.975,0.22338088,6.7796717
6976,6.976,0.22589824,6.751275
6977,6.977,0.22598624,6.924707
6978,6.978,0.21578757,6.909626
6979,6.979,0.20260988,6.8654647
6980,6.98,0.19896443,6.8052473
6981,6.981,0.21997258,6.638331
6982,6.982,0.22003563,6.5381236
6983,6.983,0.22863676,6.517682
6984,6.984,0.2395904,6.3630686
6985,6.985,0.24260241,6.385034
6986,6.986,0.24874842,6.3216863
6987,6.987,0.23927079,6.4789114
6988,6.988,0.2476782,6.5114775
6989,6.989,0.2463285,6.5750313
6990,6.99,0.25929058,6.59479
6991,6.991,0.2741038,6.6142187
6992,6.992,0.27947044,6.592532
6993,6.993,0.27816862,6.7670627
6994,6.994,0.24714184,6.689669
6995,6.995,0.24068026,6.641198
6996,6.996,0.25076547,6.650937
6997,6.997,0.2407763,6.7192154
6998,6.998,0.24803825,6.711445
6999,6.999,0.23417072,6.777677
7000,7.0,0.22323075,6.778198
7001,7.001,0.22742212,6.8209534
7002,7.002,0.2412952,6.7046995
7003,7.003,0.25146425,6.7245164
7004,7.004,0.2577318,6.592111
7005,7.005,0.25224727,6.834455
7006,7.006,0.25767794,6.6990542
7007,7.007,0.26055717,6.8939686
7008,7.008,0.2460853,6.817013
7009,7.009,0.2554495,7.008024
7010,7.01,0.24325337,6.932683
7011,7.011,0.26472,6.9361997
7012,7.012,0.26566157,7.0097227
7013,7.013,0.24727182,7.119898
7014,7.014,0.23959427,7.1968465
7015,7.015,0.23013948,7.257442
7016,7.016,0.21937583,7.1031237
7017,7.017,0.22129603,7.234467
7018,7.018,0.20561601,7.1531806
7019,7.019,0.19790304,7.056882
7020,7.02,0.20412867,7.1036696
7021,7.021,0.20238496,6.996218
7022,7.022,0.21624564,6.862756
7023,7.023,0.21651703,6.8469386
7024,7.024,0.22060123,6.7935243
7025,7.025,0.20247178,6.786875
7026,7.026,0.21175575,6.819069
7027,7.027,0.19218735,6.829759
7028,7.028,0.19935216,6.726311
7029,7.029,0.20731358,6.9391055
7030,7.03,0.18914016,6.9031377
7031,7.031,0.19701554,7.0471582
7032,7.032,0.18147221,7.0517697
7033,7.033,0.16573094,6.991985
7034,7.034,0.1686953,6.8900423
7035,7.035,0.16660191,6.86934
7036,7.036,0.15025797,6.7332945
7037,7.037,0.14909177,6.805234
7038,7.038,0.15035181,6.789868
7039,7.039,0.1470432,6.7366905
7040,7.04,0.15708083,6.7256036
7041,7.041,0.16709383,6.8625793
7042,7.042,0.16773184,6.9652996
7043,7.043,0.17591536,7.031686
7044,7.044,0.16275094,6.88623
7045,7.045,0.14955471,6.8430505
7046,7.046,0.15994102,6.874494
7047,7.047,0.15940818,6.8911953
7048,7.048,0.16334365,6.5498667
7049,7.049,0.15472443,6.9565773
7050,7.05,0.17207128,6.8322344
7051,7.051,0.17072782,7.0130653
7052,7.052,0.14973238,6.9721622
7053,7.053,0.15944009,6.9972615
7054,7.054,0.15100238,6.9137435
7055,7.055,0.14428951,6.8999476
7056,7.056,0.13364545,6.91594
7057,7.057,0.1467426,7.0419917
7058,7.058,0.14757681,7.043389
7059,7.059,0.132422,6.9760847
7060,7.06,0.14590994,6.8427334
7061,7.061,0.15720883,6.71784
7062,7.062,0.1383727,6.860587
7063,7.063,0.1538824,6.7145977
7064,7.064,0.15144725,6.9245567
7065,7.065,0.14241223,6.8912044
7066,7.066,0.14731182,7.0904737
7067,7.067,0.15003471,6.9422946
7068,7.068,0.14594638,6.9754453
7069,7.069,0.13846791,6.885614
7070,7.07,0.1287914,6.837047
7071,7.071,0.1355401,6.820818
7072,7.072,0.13972116,6.736926
7073,7.073,0.14123034,6.6988945
7074,7.074,0.14579423,6.7315493
7075,7.075,0.14303587,6.854108
7076,7.076,0.14218314,6.990597
7077,7.077,0.1396682,7.026261
7078,7.078,0.13961025,7.1666117
7079,7.079,0.13345155,7.135255
7080,7.08,0.12758122,7.014074
7081,7.081,0.123072706,7.0201273
7082,7.082,0.14123362,7.067407
7083,7.083,0.1440602,7.1097207
7084,7.084,0.1390178,6.922871
7085,7.085,0.13610353,6.925503
7086,7.086,0.13861977,7.019598
7087,7.087,0.13661048,6.9538746
7088,7.088,0.130303,7.0501137
7089,7.089,0.13424955,6.895036
7090,7.09,0.1375583,6.7252398
7091,7.091,0.15814868,6.757155
7092,7.092,0.13536772,6.876383
7093,7.093,0.14957789,6.9340286
7094,7.094,0.14711079,6.840314
7095,7.095,0.14447205,6.754108
7096,7.096,0.1520749,6.6430345
7097,7.097,0.14811006,6.640233
7098,7.098,0.15207946,6.533108
7099,7.099,0.15826121,6.572398
7100,7.1,0.17034414,6.5858264
7101,7.101,0.16883092,6.581557
7102,7.102,0.15450165,6.588395
7103,7.103,0.17028442,6.5139565
7104,7.104,0.16227151,6.4545794
7105,7.105,0.15436691,6.242581
7106,7.106,0.16937506,6.1455345
7107,7.107,0.16533428,6.138625
7108,7.108,0.16682796,6.1523395
7109,7.109,0.16645059,6.0764046
7110,7.11,0.16831662,6.1910577
7111,7.111,0.16269554,6.229966
7112,7.112,0.17264806,6.3259315
7113,7.113,0.1828518,6.4753675
7114,7.114,0.17526492,6.621549
7115,7.115,0.17796284,6.5718656
7116,7.116,0.1761465,6.7136893
7117,7.117,0.16095112,6.6898804
7118,7.118,0.1428612,6.677607
7119,7.119,0.13155143,6.5734262
7120,7.12,0.14348291,6.4670424
7121,7.121,0.14010783,6.590236
7122,7.122,0.14272197,6.3590393
7123,7.123,0.15168217,6.6106706
7124,7.124,0.15900013,6.4209356
7125,7.125,0.15622188,6.472125
7126,7.126,0.16929314,6.360682
7127,7.127,0.15913239,6.333582
7128,7.128,0.17323226,6.4074826
7129,7.129,0.16553971,6.580268
7130,7.13,0.16869393,6.5663834
7131,7.131,0.17377059,6.303769
7132,7.132,0.17364149,6.4163976
7133,7.133,0.17949054,6.3581963
7134,7.134,0.17555225,6.3286314
7135,7.135,0.16329269,6.36342
7136,7.136,0.16145165,6.2938085
7137,7.137,0.15713087,6.4533324
7138,7.138,0.14147405,6.4695697
7139,7.139,0.13851632,6.48293
7140,7.14,0.13766918,6.5126324
7141,7.141,0.12773333,6.6635675
7142,7.142,0.13109723,6.572829
7143,7.143,0.12623861,6.7367296
7144,7.144,0.13799961,6.880782
7145,7.145,0.12373405,6.8208404
7146,7.146,0.1405181,7.0314636
7147,7.147,0.15111716,7.0282474
7148,7.148,0.14301163,6.4762363
7149,7.149,0.13051574,6.491569
7150,7.15,0.13696036,6.441583
7151,7.151,0.1310549,6.4600773
7152,7.152,0.12886141,7.1466794
7153,7.153,0.11537022,7.2447653
7154,7.154,0.12560335,7.3848815
7155,7.155,0.14073674,7.365667
7156,7.156,0.14243333,7.345125
7157,7.157,0.15298887,7.398256
7158,7.158,0.14400241,7.3902245
7159,7.159,0.13175339,7.4138656
7160,7.16,0.12838688,7.3270745
7161,7.161,0.1456435,7.3798456
7162,7.162,0.14636399,6.4666076
7163,7.163,0.15329534,7.219984
7164,7.164,0.14836428,6.3985167
7165,7.165,0.17469017,7.1728234
7166,7.166,0.17471398,6.459204
7167,7.167,0.15535223,7.15094
7168,7.168,0.16393422,6.9566936
7169,7.169,0.17181715,6.970763
7170,7.17,0.18031172,6.994083
7171,7.171,0.17838715,7.1056666
7172,7.172,0.16973367,7.025534
7173,7.173,0.17593244,6.943747
7174,7.174,0.17807454,6.9138975
7175,7.175,0.1857732,6.875332
7176,7.176,0.17104709,6.9110827
7177,7.177,0.18644401,6.4833546
7178,7.178,0.17892419,6.4307156
7179,7.179,0.18638076,6.4088645
7180,7.18,0.18201032,6.382291
7181,7.181,0.19396314,6.357577
7182,7.182,0.19511472,6.449489
7183,7.183,0.19242059,6.385995
7184,7.184,0.21222143,6.3412538
7185,7.185,0.2119609,6.3566136
7186,7.186,0.20696981,6.3660345
7187,7.187,0.20902945,6.3694124
7188,7.188,0.21658643,6.4062967
7189,7.189,0.23444995,6.414293
7190,7.19,0.24379355,6.4353013
7191,7.191,0.23688875,6.437428
7192,7.192,0.2617426,6.449385
7193,7.193,0.24980572,6.390932
7194,7.194,0.26638895,6.4409018
7195,7.195,0.27755874,6.417711
7196,7.196,0.26807082,6.379443
7197,7.197,0.26041076,6.3427377
7198,7.198,0.24568664,6.261241
7199,7.199,0.25926653,6.268598
7200,7.2,0.25863978,6.252901
7201,7.201,0.26633516,6.2398753
7202,7.202,0.26107132,6.2382526
7203,7.203,0.26530713,6.270617
7204,7.204,0.26539686,6.312155
7205,7.205,0.24049191,6.265266
7206,7.206,0.23223653,6.308501
7207,7.207,0.23506449,6.2832837
7208,7.208,0.24267767,6.3057885
7209,7.209,0.22691835,6.3291535
7210,7.21,0.22152366,6.399651
7211,7.211,0.22195739,6.4204383
7212,7.212,0.23327354,6.4389787
7213,7.213,0.22637568,6.4005046
7214,7.214,0.21285994,6.3606157
7215,7.215,0.20973833,6.3851066
7216,7.216,0.23898461,6.3220105
7217,7.217,0.20704688,6.402002
7218,7.218,0.19259113,6.3799887
7219,7.219,0.18355975,6.467742
7220,7.22,0.17037265,6.4907727
7221,7.221,0.17864357,6.3755198
7222,7.222,0.17105116,6.3615775
7223,7.223,0.15796144,6.3460374
7224,7.224,0.1716071,6.3450317
7225,7.225,0.16448893,6.335348
7226,7.226,0.19467936,6.3924046
7227,7.227,0.19055037,6.3287334
7228,7.228,0.19342841,6.3482985
7229,7.229,0.19937769,6.336093
7230,7.23,0.18764298,6.323251
7231,7.231,0.18390453,6.364304
7232,7.232,0.19449641,6.3250284
7233,7.233,0.21101531,6.4055595
7234,7.234,0.22215416,6.442087
7235,7.235,0.20710272,6.353586
7236,7.236,0.2129175,6.3556886
7237,7.237,0.21925566,6.315373
7238,7.238,0.18952969,6.320332
7239,7.239,0.17826529,6.338761
7240,7.24,0.18169886,6.355531
7241,7.241,0.17546399,6.3186255
7242,7.242,0.1813792,6.319633
7243,7.243,0.17356159,6.402275
7244,7.244,0.15727499,6.373878
7245,7.245,0.16624907,6.3746915
7246,7.246,0.15994824,6.368798
7247,7.247,0.16659221,6.3292212
7248,7.248,0.17745025,6.2719145
7249,7.249,0.17166638,6.337976
7250,7.25,0.18752097,6.3622503
7251,7.251,0.21228787,6.3724494
7252,7.252,0.22361155,6.381827
7253,7.253,0.22920837,6.3236976
7254,7.254,0.21866755,6.3409038
7255,7.255,0.23603323,6.40288
7256,7.256,0.22812451,6.4426837
7257,7.257,0.21661204,6.4368806
7258,7.258,0.220295,6.528936
7259,7.259,0.21251102,6.5570035
7260,7.26,0.20797384,6.592121
7261,7.261,0.23105684,6.548358
7262,7.262,0.23967241,6.5261006
7263,7.263,0.22663085,6.4775286
7264,7.264,0.24642234,6.48963
7265,7.265,0.22995155,6.4614944
7266,7.266,0.21844329,6.509114
7267,7.267,0.2214934,6.5404534
7268,7.268,0.20203969,6.536502
7269,7.269,0.1954048,6.525836
7270,7.27,0.20007569,6.514304
7271,7.271,0.18200904,6.498623
7272,7.272,0.19466037,6.424866
7273,7.273,0.20345253,6.505833
7274,7.274,0.20880702,6.514625
7275,7.275,0.19147268,6.5501413
7276,7.276,0.17359489,6.5736213
7277,7.277,0.17239612,6.540399
7278,7.278,0.16268274,6.5022316
7279,7.279,0.15226026,6.5248218
7280,7.28,0.1595633,6.563775
7281,7.281,0.17819782,6.599169
7282,7.282,0.17358822,6.640852
7283,7.283,0.16306885,6.618845
7284,7.284,0.17279395,6.631157
7285,7.285,0.17251544,7.0086226
7286,7.286,0.17449683,6.6283803
7287,7.287,0.18461218,6.5916443
7288,7.288,0.17479602,6.5707026
7289,7.289,0.16833586,6.535846
7290,7.29,0.17984697,6.574351
7291,7.291,0.17171486,6.5820856
7292,7.292,0.15775055,6.6470094
7293,7.293,0.16008984,6.7128477
7294,7.294,0.1450757,6.6593533
7295,7.295,0.14685756,6.6384873
7296,7.296,0.13676271,6.648268
7297,7.297,0.14862895,6.639377
7298,7.298,0.14273006,6.5830207
7299,7.299,0.14945884,6.6609654
7300,7.3,0.14968605,6.6002502
7301,7.301,0.1608606,6.668439
7302,7.302,0.16133133,6.6963673
7303,7.303,0.17354959,6.654391
7304,7.304,0.17619638,6.7478027
7305,7.305,0.19098546,6.830505
7306,7.306,0.20981437,6.757337
7307,7.307,0.21389252,6.8095627
7308,7.308,0.23075046,6.797149
7309,7.309,0.22693363,6.815378
7310,7.31,0.22515297,6.8154
7311,7.311,0.21668994,6.7705417
7312,7.312,0.20622565,6.781681
7313,7.313,0.20801719,6.753077
7314,7.314,0.21237934,6.7601333
7315,7.315,0.21554422,6.703724
7316,7.316,0.20096922,6.7221947
7317,7.317,0.1993162,6.7287016
7318,7.318,0.2020843,6.6736145
7319,7.319,0.2060967,6.672172
7320,7.32,0.20079774,6.7119904
7321,7.321,0.21115988,6.6897097
7322,7.322,0.2067776,6.627977
7323,7.323,0.21328312,6.7394648
7324,7.324,0.23777229,6.705926
7325,7.325,0.22158732,6.6427774
7326,7.326,0.20381357,6.614509
7327,7.327,0.18179807,6.585045
7328,7.328,0.1757181,6.5678687
7329,7.329,0.18573959,6.6044807
7330,7.33,0.20295192,6.5537357
7331,7.331,0.20403577,6.5953493
7332,7.332,0.19307669,6.5549
7333,7.333,0.19510761,6.5227895
7334,7.334,0.19891912,6.588055
7335,7.335,0.1984094,6.5115285
7336,7.336,0.18543938,6.465667
7337,7.337,0.18666708,6.4613085
7338,7.338,0.1975862,6.4481816
7339,7.339,0.19730987,6.3951073
7340,7.34,0.18938936,6.5200896
7341,7.341,0.19702141,6.6031327
7342,7.342,0.206331,6.578036
7343,7.343,0.2200955,6.5435905
7344,7.344,0.20161012,6.4785814
7345,7.345,0.20113826,6.589443
7346,7.346,0.21095613,6.6221657
7347,7.347,0.21613549,6.525703
7348,7.348,0.21327877,6.5516267
7349,7.349,0.21300869,6.587143
7350,7.35,0.21633223,6.629746
7351,7.351,0.21475227,6.607717
7352,7.352,0.20372848,6.6452494
7353,7.353,0.20072635,6.6748533
7354,7.354,0.19193938,6.680182
7355,7.355,0.16916746,6.648454
7356,7.356,0.17036043,6.618719
7357,7.357,0.17996906,6.6546807
7358,7.358,0.17659743,6.6800146
7359,7.359,0.1756918,6.6405067
7360,7.36,0.18780431,6.676531
7361,7.361,0.18050651,6.6200175
7362,7.362,0.17562993,6.5945454
7363,7.363,0.17859827,6.5486035
7364,7.364,0.18832923,6.6085396
7365,7.365,0.18662001,6.5594907
7366,7.366,0.19392022,6.5161896
7367,7.367,0.18180951,6.557261
7368,7.368,0.19300243,6.519576
7369,7.369,0.20150344,6.523441
7370,7.37,0.20495605,6.5413523
7371,7.371,0.22130124,6.4385877
7372,7.372,0.23292938,6.4878054
7373,7.373,0.22789334,6.4721646
7374,7.374,0.21741956,6.4363375
7375,7.375,0.22581635,6.462288
7376,7.376,0.20827265,6.492743
7377,7.377,0.1928898,6.466627
7378,7.378,0.19096123,6.5532546
7379,7.379,0.19030027,6.5164404
7380,7.38,0.17882466,6.517091
7381,7.381,0.17988425,6.4695563
7382,7.382,0.16808982,6.441806
7383,7.383,0.16831937,6.4861255
7384,7.384,0.14445125,6.488192
7385,7.385,0.15473042,6.4427905
7386,7.386,0.15685105,6.4444795
7387,7.387,0.15171264,6.359765
7388,7.388,0.15544745,6.349018
7389,7.389,0.1651622,6.343256
7390,7.39,0.15811066,6.334314
7391,7.391,0.15521228,6.3061976
7392,7.392,0.1440634,6.3272085
7393,7.393,0.15062526,6.3667154
7394,7.394,0.15444925,6.379883
7395,7.395,0.1596893,6.400026
7396,7.396,0.17406836,6.3543353
7397,7.397,0.18096957,6.4116287
7398,7.398,0.18154609,6.4205003
7399,7.399,0.17774835,6.47247
7400,7.4,0.18729274,6.479758
7401,7.401,0.1780135,6.474979
7402,7.402,0.17019887,6.5035815
7403,7.403,0.17003307,6.5050006
7404,7.404,0.18609898,6.5313954
7405,7.405,0.17616488,6.531702
7406,7.406,0.1706899,6.4852476
7407,7.407,0.17687605,6.4842925
7408,7.408,0.17992152,6.4807453
7409,7.409,0.16898149,6.406012
7410,7.41,0.1694433,6.4449773
7411,7.411,0.16681826,6.4917374
7412,7.412,0.18482621,6.606047
7413,7.413,0.17046762,6.5282106
7414,7.414,0.17346032,6.5728087
7415,7.415,0.1690444,6.55896
7416,7.416,0.14152797,6.542045
7417,7.417,0.15229973,6.554947
7418,7.418,0.14748435,7.7909017
7419,7.419,0.14841881,7.6812224
7420,7.42,0.14889005,6.549148
7421,7.421,0.15616415,6.4929276
7422,7.422,0.1714238,6.538337
7423,7.423,0.16909227,6.528683
7424,7.424,0.16858563,6.552461
7425,7.425,0.17168254,6.5790396
7426,7.426,0.17612287,6.5637417
7427,7.427,0.17742419,6.6155972
7428,7.428,0.1708997,6.543138
7429,7.429,0.18201159,6.605454
7430,7.43,0.17285147,6.540704
7431,7.431,0.19087163,6.5228786
7432,7.432,0.18335307,6.5213494
7433,7.433,0.18451825,6.508537
7434,7.434,0.18841636,6.488471
7435,7.435,0.19667728,6.4868593
7436,7.436,0.17290898,6.464362
7437,7.437,0.17618325,6.4940157
7438,7.438,0.18460718,6.5189147
7439,7.439,0.17884535,6.5924897
7440,7.44,0.17380385,6.6013093
7441,7.441,0.19406204,6.6162
7442,7.442,0.1927831,6.595373
7443,7.443,0.19317845,6.5843043
7444,7.444,0.2011394,6.557996
7445,7.445,0.19420971,6.516884
7446,7.446,0.19602261,6.6021013
7447,7.447,0.19087768,6.5767922
7448,7.448,0.19753587,6.5879226
7449,7.449,0.18207,6.5428576
7450,7.45,0.1815983,6.5727057
7451,7.451,0.18025273,6.4811926
7452,7.452,0.17069666,6.429977
7453,7.453,0.178369,6.420229
7454,7.454,0.18327488,6.392034
7455,7.455,0.17957038,6.370174
7456,7.456,0.18322062,6.4455276
7457,7.457,0.16973911,6.5267024
7458,7.458,0.19178514,6.498737
7459,7.459,0.18658656,6.4977145
7460,7.46,0.18906435,6.5056806
7461,7.461,0.17624229,6.453601
7462,7.462,0.17470075,6.3620596
7463,7.463,0.16615309,6.4249125
7464,7.464,0.15980652,6.4424605
7465,7.465,0.17508015,6.4211082
7466,7.466,0.16208334,6.434312
7467,7.467,0.1557951,6.4631953
7468,7.468,0.14201719,6.390517
7469,7.469,0.13493149,6.4577065
7470,7.47,0.12426914,6.4061356
7471,7.471,0.12268136,6.380907
7472,7.472,0.12746519,6.4038134
7473,7.473,0.123346664,6.4153996
7474,7.474,0.12504068,6.425602
7475,7.475,0.12860999,6.521964
7476,7.476,0.12898335,6.445422
7477,7.477,0.13973936,6.454871
7478,7.478,0.14015897,6.4642367
7479,7.479,0.15152815,6.5569596
7480,7.48,0.15181775,6.6009593
7481,7.481,0.16982491,6.511044
7482,7.482,0.16070099,6.4921284
7483,7.483,0.15129605,6.5108213
7484,7.484,0.14010783,6.544546
7485,7.485,0.15815307,6.5116997
7486,7.486,0.13670014,6.536982
7487,7.487,0.14266364,6.4644504
7488,7.488,0.14648871,6.4150023
7489,7.489,0.12676314,6.384509
7490,7.49,0.13055116,6.3461514
7491,7.491,0.14313929,6.3407254
7492,7.492,0.14561015,6.447821
7493,7.493,0.14438081,6.452493
7494,7.494,0.13627668,6.493802
7495,7.495,0.1242896,6.4624023
7496,7.496,0.1351763,6.565542
7497,7.497,0.1384078,6.5434437
7498,7.498,0.14688116,6.552761
7499,7.499,0.14496888,6.592373
7500,7.5,0.15917306,6.596761
7501,7.501,0.16599995,6.5419197
7502,7.502,0.1756273,6.5877976
7503,7.503,0.16626158,6.6288943
7504,7.504,0.16893086,6.584359
7505,7.505,0.17881303,6.624584
7506,7.506,0.17609662,6.6495485
7507,7.507,0.1731842,6.684237
7508,7.508,0.16452828,6.6242957
7509,7.509,0.1492545,6.6063557
7510,7.51,0.14171407,6.647317
7511,7.511,0.14809601,6.6448193
7512,7.512,0.14959644,6.63485
7513,7.513,0.13396682,6.5879645
7514,7.514,0.13093665,6.569265
7515,7.515,0.13609503,6.5086317
7516,7.516,0.13698229,6.5233827
7517,7.517,0.14310052,6.554129
7518,7.518,0.14539884,6.6021147
7519,7.519,0.15151899,6.5961595
7520,7.52,0.16198489,6.5837
7521,7.521,0.14864296,6.538543
7522,7.522,0.14602715,6.493883
7523,7.523,0.14778972,6.4846864
7524,7.524,0.1619692,6.499286
7525,7.525,0.16556625,6.387863
7526,7.526,0.1808865,6.3724365
7527,7.527,0.16704124,6.354145
7528,7.528,0.16045623,6.346794
7529,7.529,0.14053126,6.3694286
7530,7.53,0.15294354,6.3666587
7531,7.531,0.15152204,6.368739
7532,7.532,0.14265877,6.4411635
7533,7.533,0.14772713,6.3866806
7534,7.534,0.15572087,6.399603
7535,7.535,0.15640824,6.3831825
7536,7.536,0.15728822,6.3835206
7537,7.537,0.17640226,6.300381
7538,7.538,0.16344129,6.256432
7539,7.539,0.1629426,6.2690687
7540,7.54,0.14781319,6.2231936
7541,7.541,0.17048118,6.2246127
7542,7.542,0.1674946,6.3456297
7543,7.543,0.17066957,6.4458046
7544,7.544,0.17124027,6.047584
7545,7.545,0.16822594,6.412905
7546,7.546,0.15801413,6.2435193
7547,7.547,0.15673752,6.3892207
7548,7.548,0.15659586,6.3838096
7549,7.549,0.15343402,6.3977747
7550,7.55,0.16269127,6.351431
7551,7.551,0.16030198,6.4283648
7552,7.552,0.16498153,6.3958936
7553,7.553,0.1608031,6.373907
7554,7.554,0.1561834,6.396994
7555,7.555,0.15903066,6.4517756
7556,7.556,0.1605441,6.429278
7557,7.557,0.15690117,6.389305
7558,7.558,0.15953577,6.335945
7559,7.559,0.16248651,6.345609
7560,7.56,0.1670966,6.365722
7561,7.561,0.16646309,6.3802123
7562,7.562,0.16817921,6.4688873
7563,7.563,0.15023643,6.373748
7564,7.564,0.14520153,6.372119
7565,7.565,0.15987885,6.336563
7566,7.566,0.15479018,6.3010383
7567,7.567,0.15231644,6.4978714
7568,7.568,0.14656603,6.4641867
7569,7.569,0.14169776,6.326473
7570,7.57,0.14104524,6.4338474
7571,7.571,0.1353233,6.3950567
7572,7.572,0.14242034,6.4315414
7573,7.573,0.14862429,6.489039
7574,7.574,0.13603216,6.3946605
7575,7.575,0.12958242,6.502187
7576,7.576,0.13022135,6.4490623
7577,7.577,0.13319665,6.493541
7578,7.578,0.14250474,6.520943
7579,7.579,0.13606276,5.482768
7580,7.58,0.15039024,5.54823
7581,7.581,0.14418693,6.5661716
7582,7.582,0.14067267,5.5888414
7583,7.583,0.15112329,5.6533756
7584,7.584,0.15754963,5.578578
7585,7.585,0.1726735,5.5843616
7586,7.586,0.16912645,5.5983744
7587,7.587,0.16393422,5.534734
7588,7.588,0.15340237,6.525635
7589,7.589,0.1520156,6.492526
7590,7.59,0.1615218,6.4929647
7591,7.591,0.16882956,6.443642
7592,7.592,0.18272153,6.445932
7593,7.593,0.1821208,6.4540544
7594,7.594,0.18672776,6.4798355
7595,7.595,0.19557275,6.4931283
7596,7.596,0.22502972,5.0914607
7597,7.597,0.20808831,5.1899176
7598,7.598,0.21251972,6.4928017
7599,7.599,0.21276543,6.5134153
7600,7.6,0.2416992,6.5112553
7601,7.601,0.23220268,6.5241985
7602,7.602,0.24217604,6.554568
7603,7.603,0.2528405,6.5090413
7604,7.604,0.25565216,6.526474
7605,7.605,0.27096164,6.563181
7606,7.606,0.27474576,6.517703
7607,7.607,0.2750603,6.5415354
7608,7.608,0.29926473,6.517986
7609,7.609,0.28810033,6.5087214
7610,7.61,0.25941005,6.537512
7611,7.611,0.2540328,6.5009484
7612,7.612,0.26959643,6.4888144
7613,7.613,0.27234462,6.5140433
7614,7.614,0.26100934,5.501684
7615,7.615,0.26284,6.462821
7616,7.616,0.29989216,6.4426975
7617,7.617,0.29620686,6.4796853
7618,7.618,0.2931494,6.4797316
7619,7.619,0.27385825,6.4886765
7620,7.62,0.2630932,6.525798
7621,7.621,0.2637067,6.435871
7622,7.622,0.25835714,6.470398
7623,7.623,0.2483559,6.500423
7624,7.624,0.25790125,6.4117317
7625,7.625,0.27213654,6.392316
7626,7.626,0.2566747,6.3291173
7627,7.627,0.2686919,6.3167286
7628,7.628,0.27481642,6.295598
7629,7.629,0.27495855,6.19764
7630,7.63,0.2898277,6.1949677
7631,7.631,0.2844874,6.177077
7632,7.632,0.2748425,6.2710886
7633,7.633,0.27114585,6.274274
7634,7.634,0.2755767,6.2978153
7635,7.635,0.28744557,6.2569656
7636,7.636,0.28692633,6.298188
7637,7.637,0.29978728,6.2471976
7638,7.638,0.29057658,6.2290225
7639,7.639,0.2838813,6.2308245
7640,7.64,0.2889081,6.1885295
7641,7.641,0.26752865,6.142213
7642,7.642,0.2722198,6.1927304
7643,7.643,0.27770862,6.1791086
7644,7.644,0.29701513,6.156253
7645,7.645,0.31646323,6.204307
7646,7.646,0.299785,6.236861
7647,7.647,0.2843354,6.1996775
7648,7.648,0.28872478,6.182257
7649,7.649,0.29608506,6.2212024
7650,7.65,0.29316834,6.190214
7651,7.651,0.29732168,6.251885
7652,7.652,0.27700177,6.2350388
7653,7.653,0.2530105,6.2932515
7654,7.654,0.25958198,6.2544737
7655,7.655,0.25470355,6.230601
7656,7.656,0.27035773,6.2153177
7657,7.657,0.24606462,6.277526
7658,7.658,0.24706885,6.33743
7659,7.659,0.24067353,6.3086257
7660,7.66,0.25054964,6.3222
7661,7.661,0.28310984,6.2571225
7662,7.662,0.27774775,6.3210235
7663,7.663,0.287176,6.273259
7664,7.664,0.283349,6.250499
7665,7.665,0.28150144,6.2781096
7666,7.666,0.272449,6.303893
7667,7.667,0.26133245,6.271476
7668,7.668,0.27785844,6.2867813
7669,7.669,0.28601113,6.2570367
7670,7.67,0.282801,6.251562
7671,7.671,0.27375692,6.3608317
7672,7.672,0.25243786,6.4055343
7673,7.673,0.26559192,6.3444834
7674,7.674,0.28523085,6.369511
7675,7.675,0.27825007,6.3917913
7676,7.676,0.27391058,6.361994
7677,7.677,0.2688158,6.366772
7678,7.678,0.28670627,6.429581
7679,7.679,0.27724788,6.3981414
7680,7.68,0.26425236,6.392423
7681,7.681,0.26103944,6.447602
7682,7.682,0.24449241,6.445375
7683,7.683,0.2429614,6.439115
7684,7.684,0.24469846,6.466953
7685,7.685,0.22859123,6.4176965
7686,7.686,0.2425881,6.4135714
7687,7.687,0.23572057,6.496644
7688,7.688,0.2424413,6.4011726
7689,7.689,0.2474466,6.4231973
7690,7.69,0.23666221,6.3084407
7691,7.691,0.2372486,6.350671
7692,7.692,0.21890636,6.354965
7693,7.693,0.2134034,6.3533473
7694,7.694,0.20165941,6.4422355
7695,7.695,0.18238719,6.377018
7696,7.696,0.18075483,6.382496
7697,7.697,0.2077614,6.4404416
7698,7.698,0.20993334,6.3831563
7699,7.699,0.20678766,6.4101653
7700,7.7,0.19462235,6.4066095
7701,7.701,0.18973085,6.4254136
7702,7.702,0.20812942,6.494018
7703,7.703,0.19137122,6.505432
7704,7.704,0.17170542,6.4873238
7705,7.705,0.1635855,6.49541
7706,7.706,0.14721291,6.532439
7707,7.707,0.15911786,6.503477
7708,7.708,0.15674637,6.534515
7709,7.709,0.15998438,6.537699
7710,7.71,0.1518406,6.5651407
7711,7.711,0.16349927,6.5926237
7712,7.712,0.17143188,6.5952034
7713,7.713,0.17229551,6.564055
7714,7.714,0.18576449,6.601007
7715,7.715,0.19649853,6.667895
7716,7.716,0.1919141,6.6779337
7717,7.717,0.17310008,6.6528754
7718,7.718,0.16686122,6.6051893
7719,7.719,0.16145882,6.6288075
7720,7.72,0.17252749,6.603966
7721,7.721,0.18147604,6.5813947
7722,7.722,0.18416457,6.558704
7723,7.723,0.18349046,6.593665
7724,7.724,0.19609572,6.560136
7725,7.725,0.18958579,6.6659145
7726,7.726,0.18177772,6.6351147
7727,7.727,0.18512867,6.6379514
7728,7.728,0.19472687,6.6310344
7729,7.729,0.18566863,6.6628857
7730,7.73,0.18121086,6.6871886
7731,7.731,0.18753576,6.662217
7732,7.732,0.18491626,6.5993614
7733,7.733,0.1859063,6.5610633
7734,7.734,0.18326858,6.5746226
7735,7.735,0.18618467,6.600922
7736,7.736,0.17761043,6.63308
7737,7.737,0.16746008,6.65175
7738,7.738,0.16207479,6.62582
7739,7.739,0.14496729,6.6192575
7740,7.74,0.1517096,6.569363
7741,7.741,0.1308607,6.504171
7742,7.742,0.13737161,6.5280075
7743,7.743,0.15218432,6.5597754
7744,7.744,0.1291571,6.4929147
7745,7.745,0.13273764,6.5170336
7746,7.746,0.15252878,6.4597225
7747,7.747,0.15958068,6.526416
7748,7.748,0.16774562,6.5102735
7749,7.749,0.15858372,6.4118037
7750,7.75,0.14765513,6.426435
7751,7.751,0.15142742,6.447158
7752,7.752,0.15234073,6.3813653
7753,7.753,0.14929633,6.401381
7754,7.754,0.17215456,6.4499397
7755,7.755,0.160188,6.430292
7756,7.756,0.1498466,6.451875
7757,7.757,0.15233465,6.464064
7758,7.758,0.14977714,6.458208
7759,7.759,0.13974102,6.4013624
7760,7.76,0.1405148,6.3231454
7761,7.761,0.12292233,6.3243423
7762,7.762,0.1228245,6.365757
7763,7.763,0.11685361,6.376853
7764,7.764,0.11100109,6.289287
7765,7.765,0.10914012,6.286649
7766,7.766,0.11685559,6.3176293
7767,7.767,0.11565243,6.366897
7768,7.768,0.12872678,6.3185544
7769,7.769,0.12990496,6.3235607
7770,7.77,0.14220591,6.3649006
7771,7.771,0.14893973,6.3781776
7772,7.772,0.1325616,6.3662667
7773,7.773,0.12883808,6.315926
7774,7.774,0.1380666,6.3529296
7775,7.775,0.13971454,6.386026
7776,7.776,0.12772249,6.348323
7777,7.777,0.14665118,6.3715863
7778,7.778,0.16423574,6.353033
7779,7.779,0.16727637,6.284911
7780,7.78,0.16675727,6.380999
7781,7.781,0.14319903,6.348978
7782,7.782,0.14901732,6.4234505
7783,7.783,0.14725532,6.3586745
7784,7.784,0.13691814,6.426014
7785,7.785,0.15273024,6.3711696
7786,7.786,0.15301155,6.4597306
7787,7.787,0.15929793,6.3879194
7788,7.788,0.16105163,6.331036
7789,7.789,0.15410158,6.418072
7790,7.79,0.16335781,6.403046
7791,7.791,0.1752425,6.422558
7792,7.792,0.15561542,6.4279146
7793,7.793,0.16340734,5.5951495
7794,7.794,0.16294119,6.408904
7795,7.795,0.1766066,6.4329996
7796,7.796,0.18278603,5.618393
7797,7.797,0.17314014,5.704078
7798,7.798,0.16350634,5.7062607
7799,7.799,0.16579789,5.7458797
7800,7.8,0.17678455,5.8327513
7801,7.801,0.14873157,5.9398766
7802,7.802,0.14839388,6.0079618
7803,7.803,0.1433878,6.09916
7804,7.804,0.13506337,6.263386
7805,7.805,0.13637844,6.0333533
7806,7.806,0.14944182,5.944761
7807,7.807,0.13955393,6.0025005
7808,7.808,0.13716446,5.91744
7809,7.809,0.14239599,5.7352605
7810,7.81,0.15135258,5.54247
7811,7.811,0.1745432,5.673529
7812,7.812,0.16983308,5.650708
7813,7.813,0.18200904,5.5179768
7814,7.814,0.19283347,5.449915
7815,7.815,0.18461846,5.72733
7816,7.816,0.17168657,5.6319766
7817,7.817,0.1701024,5.6920404
7818,7.818,0.16921937,5.678411
7819,7.819,0.16983443,5.659023
7820,7.82,0.1716098,5.9877424
7821,7.821,0.18608034,5.812799
7822,7.822,0.1863634,5.7050247
7823,7.823,0.19469482,5.8410373
7824,7.824,0.19734266,6.421629
7825,7.825,0.19795793,5.914911
7826,7.826,0.19066803,5.7686834
7827,7.827,0.17877164,6.4256043
7828,7.828,0.17194897,6.3854637
7829,7.829,0.17377591,5.883052
7830,7.83,0.18035659,6.402883
7831,7.831,0.1801424,6.3835993
7832,7.832,0.17877813,6.4927106
7833,7.833,0.17079552,6.432151
7834,7.834,0.17152357,5.9812055
7835,7.835,0.17549956,6.4230595
7836,7.836,0.18357109,6.3767343
7837,7.837,0.17981741,6.3618913
7838,7.838,0.17581938,6.4099317
7839,7.839,0.17916565,6.401607
7840,7.84,0.19112824,6.3998036
7841,7.841,0.1855204,6.358347
7842,7.842,0.1835736,6.4506364
7843,7.843,0.17075625,6.382664
7844,7.844,0.18068318,6.434917
7845,7.845,0.16942556,6.4344583
7846,7.846,0.16918932,6.4527044
7847,7.847,0.17002355,6.465761
7848,7.848,0.16768359,6.4285903
7849,7.849,0.16608629,6.4099803
7850,7.85,0.15529567,6.4144
7851,7.851,0.1449641,6.403356
7852,7.852,0.16801141,6.3573217
7853,7.853,0.16422026,6.376139
7854,7.854,0.17135905,6.4114013
7855,7.855,0.1502272,6.357935
7856,7.856,0.16905262,6.398135
7857,7.857,0.16149317,6.382641
7858,7.858,0.14650765,6.305255
7859,7.859,0.15300247,6.3247375
7860,7.86,0.13421337,6.3799167
7861,7.861,0.15372907,6.3737764
7862,7.862,0.16325587,6.413884
7863,7.863,0.15629587,6.4457192
7864,7.864,0.16575605,6.454553
7865,7.865,0.16850057,6.4611497
7866,7.866,0.16579649,6.3618073
7867,7.867,0.1660835,6.339272
7868,7.868,0.15168521,6.285225
7869,7.869,0.15638164,6.281136
7870,7.87,0.1494975,6.226815
7871,7.871,0.13781185,6.2953396
7872,7.872,0.14074661,6.2933073
7873,7.873,0.14556094,6.336672
7874,7.874,0.13712905,6.354068
7875,7.875,0.13850297,6.429251
7876,7.876,0.14299062,6.5510383
7877,7.877,0.1430892,6.4205537
7878,7.878,0.13833761,6.509791
7879,7.879,0.14474225,6.4819293
7880,7.88,0.12774058,6.4902897
7881,7.881,0.13711557,6.454183
7882,7.882,0.14368257,6.4105563
7883,7.883,0.1645634,6.43866
7884,7.884,0.16199203,6.4506397
7885,7.885,0.15479615,6.4807215
7886,7.886,0.1448971,6.448871
7887,7.887,0.14506613,6.427138
7888,7.888,0.14212297,6.513236
7889,7.889,0.139076,6.4882607
7890,7.89,0.14993297,6.4654846
7891,7.891,0.15159678,6.4632177
7892,7.892,0.15499467,6.430969
7893,7.893,0.14738713,6.353621
7894,7.894,0.1401672,6.3861003
7895,7.895,0.14826919,6.3417077
7896,7.896,0.14024965,6.3573446
7897,7.897,0.13335277,6.3279696
7898,7.898,0.13098961,6.2706723
7899,7.899,0.13557422,6.290258
7900,7.9,0.14324263,6.284899
7901,7.901,0.123040766,6.3038054
7902,7.902,0.119006164,6.3483434
7903,7.903,0.125892,6.378943
7904,7.904,0.13772291,6.327277
7905,7.905,0.133273,6.276328
7906,7.906,0.13788565,6.288835
7907,7.907,0.12897259,6.269656
7908,7.908,0.13807666,6.2446475
7909,7.909,0.1415247,6.3042493
7910,7.91,0.1495578,6.3325734
7911,7.911,0.14924987,6.3761663
7912,7.912,0.14177932,6.4177866
7913,7.913,0.13844787,6.3856535
7914,7.914,0.1439703,6.405716
7915,7.915,0.1450231,6.3535457
7916,7.916,0.15360871,6.288009
7917,7.917,0.16085197,6.2716775
7918,7.918,0.14592578,6.313831
7919,7.919,0.13270278,6.3479624
7920,7.92,0.13957216,6.3994484
7921,7.921,0.14379516,6.340983
7922,7.922,0.14767705,6.3743773
7923,7.923,0.15624705,6.4041224
7924,7.924,0.16222592,6.436915
7925,7.925,0.14606673,6.412512
7926,7.926,0.14503266,6.445803
7927,7.927,0.14855738,6.445635
7928,7.928,0.14719564,6.459755
7929,7.929,0.14139886,6.4081078
7930,7.93,0.1533451,6.4558797
7931,7.931,0.14235052,6.4170384
7932,7.932,0.13803647,6.4397135
7933,7.933,0.14621069,6.42928
7934,7.934,0.16795361,6.41866
7935,7.935,0.16069667,6.4649296
7936,7.936,0.17026271,6.4932237
7937,7.937,0.1748079,6.4394565
7938,7.938,0.18329759,6.4242606
7939,7.939,0.18910837,6.4678855
7940,7.94,0.20183705,6.4610853
7941,7.941,0.19082439,6.4960446
7942,7.942,0.18322946,6.4648347
7943,7.943,0.17926885,6.4484744
7944,7.944,0.17307603,6.423059
7945,7.945,0.16238973,6.443083
7946,7.946,0.19438821,6.42371
7947,7.947,0.19498196,6.500862
7948,7.948,0.17267083,6.5155945
7949,7.949,0.16803342,6.442527
7950,7.95,0.16714916,6.40623
7951,7.951,0.17220424,6.419692
7952,7.952,0.17500222,6.4281282
7953,7.953,0.19201164,6.4379067
7954,7.954,0.18332155,6.4287057
7955,7.955,0.173411,6.373931
7956,7.956,0.17467825,6.397784
7957,7.957,0.17085776,6.3976936
7958,7.958,0.17352828,6.401059
7959,7.959,0.1716758,6.404298
7960,7.96,0.17208874,6.4402494
7961,7.961,0.17858273,6.3568683
7962,7.962,0.16326721,6.4084134
7963,7.963,0.17290898,6.5133376
7964,7.964,0.18957481,6.465095
7965,7.965,0.18336315,6.4934845
7966,7.966,0.16769876,6.4270387
7967,7.967,0.19587514,6.4236536
7968,7.968,0.19918276,6.3548374
7969,7.969,0.21887995,6.325772
7970,7.97,0.21787526,6.3421693
7971,7.971,0.21393143,6.354065
7972,7.972,0.22902371,6.4428453
7973,7.973,0.23726614,6.4499
7974,7.974,0.23309804,6.4170513
7975,7.975,0.25189418,6.446003
7976,7.976,0.23198454,6.587147
7977,7.977,0.21393035,6.576834
7978,7.978,0.21453145,6.529512
7979,7.979,0.2085655,6.571667
7980,7.98,0.21509647,6.563811
7981,7.981,0.19730401,6.5380783
7982,7.982,0.17794596,6.5424104
7983,7.983,0.2005362,6.5132775
7984,7.984,0.20535274,6.52
7985,7.985,0.20045894,6.5100493
7986,7.986,0.19940318,6.4728703
7987,7.987,0.20201565,6.4830747
7988,7.988,0.184885,6.48916
7989,7.989,0.18990989,6.5679016
7990,7.99,0.18335812,6.587342
7991,7.991,0.18030788,6.5002346
7992,7.992,0.17278726,6.468639
7993,7.993,0.16365756,6.4829226
7994,7.994,0.16614334,6.489043
7995,7.995,0.15901321,6.4979963
7996,7.996,0.16193351,6.4575744
7997,7.997,0.16282621,6.4230824
7998,7.998,0.16772632,6.461196
7999,7.999,0.16845392,6.4448013
8000,8.0,0.1682974,6.436761
8001,8.001,0.16056858,6.490741
8002,8.002,0.15190148,6.4070244
8003,8.003,0.15910478,6.484483
8004,8.004,0.15270753,6.5097036
8005,8.005,0.15779158,6.535379
8006,8.006,0.1614803,6.6144266
8007,8.007,0.17073865,6.63237
8008,8.008,0.16133276,6.6778326
8009,8.009,0.17326029,6.623803
8010,8.01,0.15716764,6.607032
8011,8.011,0.16807745,6.600087
8012,8.012,0.17184405,6.629843
8013,8.013,0.16489463,6.594315
8014,8.014,0.16057865,6.6173606
8015,8.015,0.15259394,6.703928
8016,8.016,0.14700232,6.611503
8017,8.017,0.1465471,6.6832747
8018,8.018,0.15062526,6.6737723
8019,8.019,0.15952417,6.687646
8020,8.02,0.16607237,6.7939134
8021,8.021,0.1559449,6.723145
8022,8.022,0.15534033,6.6637325
8023,8.023,0.14432475,6.5985193
8024,8.024,0.14861806,6.537059
8025,8.025,0.1587105,6.5046377
8026,8.026,0.15785457,6.546595
8027,8.027,0.14868495,6.528069
8028,8.028,0.16265716,6.580286
8029,8.029,0.17142513,6.518892
8030,8.03,0.15724264,6.519994
8031,8.031,0.15809166,6.432975
8032,8.032,0.1429615,6.503258
8033,8.033,0.14379676,6.528418
8034,8.034,0.15168978,6.465381
8035,8.035,0.13778333,6.486871
8036,8.036,0.12960562,6.5664334
8037,8.037,0.145553,6.481857
8038,8.038,0.15455401,6.44522
8039,8.039,0.15989909,6.4304266
8040,8.04,0.15635206,6.466477
8041,8.041,0.15318821,6.4468155
8042,8.042,0.16276658,6.485312
8043,8.043,0.1717862,6.5484934
8044,8.044,0.18804052,6.579262
8045,8.045,0.19506969,6.582599
8046,8.046,0.18880126,6.662597
8047,8.047,0.1860555,6.6144357
8048,8.048,0.18295293,6.502035
8049,8.049,0.17792387,6.471872
8050,8.05,0.18516988,6.4732456
8051,8.051,0.17326161,6.5049634
8052,8.052,0.17175256,6.483645
8053,8.053,0.19884704,6.4631057
8054,8.054,0.17783548,6.4829297
8055,8.055,0.19999132,6.4668937
8056,8.056,0.19312938,6.425341
8057,8.057,0.1982567,6.344073
8058,8.058,0.18325596,6.3476987
8059,8.059,0.17053813,6.3527217
8060,8.06,0.15769924,6.365717
8061,8.061,0.16245805,6.2973766
8062,8.062,0.15743072,6.3732505
8063,8.063,0.15217672,6.3746667
8064,8.064,0.1514503,6.3502507
8065,8.065,0.15249391,6.357031
8066,8.066,0.15611085,6.332444
8067,8.067,0.14921422,6.352286
8068,8.068,0.14086811,6.4411964
8069,8.069,0.13912255,6.425675
8070,8.07,0.124377,6.3428087
8071,8.071,0.12722737,6.34636
8072,8.072,0.13791582,6.37529
8073,8.073,0.13857974,6.4342175
8074,8.074,0.14062336,6.4437547
8075,8.075,0.16155759,6.4103394
8076,8.076,0.15468708,6.4559712
8077,8.077,0.16182497,6.3807397
8078,8.078,0.15887357,6.3961024
8079,8.079,0.14291945,6.416455
8080,8.08,0.13301775,6.434838
8081,8.081,0.122903526,6.4418674
8082,8.082,0.13199006,6.443353
8083,8.083,0.11671702,6.4857264
8084,8.084,0.11204178,6.5007334
8085,8.085,0.12275671,6.4309454
8086,8.086,0.1245813,6.4908605
8087,8.087,0.1237247,6.464748
8088,8.088,0.12390582,6.5060997
8089,8.089,0.1334221,6.4553123
8090,8.09,0.1335745,6.4901304
8091,8.091,0.13605936,6.454077
8092,8.092,0.13480122,6.411509
8093,8.093,0.15398002,6.4151893
8094,8.094,0.13589104,6.4406714
8095,8.095,0.1390677,6.4256315
8096,8.096,0.13820386,6.445931
8097,8.097,0.13616806,6.4077153
8098,8.098,0.15221623,6.3716106
8099,8.099,0.14471988,6.3859057
8100,8.1,0.14616007,6.3656435
8101,8.101,0.1324377,6.3865466
8102,8.102,0.13001347,6.3592615
8103,8.103,0.13081476,6.347279
8104,8.104,0.13603556,6.3773775
8105,8.105,0.14298737,6.384388
8106,8.106,0.1396715,6.3510885
8107,8.107,0.12680143,6.379587
8108,8.108,0.13606276,6.3891363
8109,8.109,0.13379586,6.3406267
8110,8.11,0.13455917,6.345288
8111,8.111,0.14041111,6.438723
8112,8.112,0.12350962,6.408732
8113,8.113,0.12397111,6.4026217
8114,8.114,0.12057333,6.382239
8115,8.115,0.11442248,6.342326
8116,8.116,0.11473523,6.3390064
8117,8.117,0.116936676,6.379039
8118,8.118,0.11203352,6.382331
8119,8.119,0.10485759,6.362031
8120,8.12,0.10999259,6.405353
8121,8.121,0.10696626,6.4317555
8122,8.122,0.11511946,6.453039
8123,8.123,0.11590803,6.4111757
8124,8.124,0.11909356,6.4336987
8125,8.125,0.11744172,6.4325814
8126,8.126,0.12646002,6.39284
8127,8.127,0.12596543,6.3756466
8128,8.128,0.12488157,6.3992305
8129,8.129,0.11145836,6.394878
8130,8.13,0.11763448,6.3331738
8131,8.131,0.11809544,6.378727
8132,8.132,0.1328125,6.3618546
8133,8.133,0.14010452,6.312064
8134,8.134,0.13783869,6.382516
8135,8.135,0.15122727,6.299044
8136,8.136,0.14377265,6.299983
8137,8.137,0.15460785,6.2731547
8138,8.138,0.14929323,6.307244
8139,8.139,0.1422758,6.2915006
8140,8.14,0.14223355,6.2921634
8141,8.141,0.13935666,6.326554
8142,8.142,0.13848962,6.3396835
8143,8.143,0.14015897,6.3433337
8144,8.144,0.14986666,6.3158593
8145,8.145,0.14184615,6.3545637
8146,8.146,0.14555459,6.355606
8147,8.147,0.15434444,6.332727
8148,8.148,0.15572533,6.3496203
8149,8.149,0.16598742,6.3213167
8150,8.15,0.16511041,6.3704824
8151,8.151,0.18013598,6.395042
8152,8.152,0.18075737,6.4101605
8153,8.153,0.1670011,6.3791237
8154,8.154,0.16608629,6.34445
8155,8.155,0.16768083,6.329397
8156,8.156,0.16154613,6.326371
8157,8.157,0.16414562,6.2517967
8158,8.158,0.1774281,6.334413
8159,8.159,0.17848432,6.3313093
8160,8.16,0.17073865,6.4128766
8161,8.161,0.17820041,6.399283
8162,8.162,0.16984805,6.445442
8163,8.163,0.15878768,6.47785
8164,8.164,0.15930519,6.4321795
8165,8.165,0.15532246,6.506461
8166,8.166,0.15692769,6.479602
8167,8.167,0.17508939,6.4506464
8168,8.168,0.17012823,6.496385
8169,8.169,0.17322825,6.5044518
8170,8.17,0.17858791,6.586317
8171,8.171,0.1739089,6.528608
8172,8.172,0.16135424,6.5514913
8173,8.173,0.15298736,6.4996867
8174,8.174,0.15453157,6.476134
8175,8.175,0.14908712,6.523614
8176,8.176,0.16219172,6.474511
8177,8.177,0.16917838,6.457308
8178,8.178,0.16566117,6.4891615
8179,8.179,0.16963829,6.489992
8180,8.18,0.18116494,6.5313153
8181,8.181,0.18036045,6.4805965
8182,8.182,0.17442527,6.446419
8183,8.183,0.16904715,6.358544
8184,8.184,0.17575626,6.416828
8185,8.185,0.17250739,6.465358
8186,8.186,0.18046424,6.4188085
8187,8.187,0.18771073,6.402283
8188,8.188,0.21463704,6.4071727
8189,8.189,0.19030148,6.378695
8190,8.19,0.16411322,6.3780727
8191,8.191,0.18585657,6.3509164
8192,8.192,0.1552108,6.437855
8193,8.193,0.15812968,6.34691
8194,8.194,0.1254855,6.293996
8195,8.195,0.14401366,6.3322425
8196,8.196,0.13091016,6.370621
8197,8.197,0.14675991,6.3652644
8198,8.198,0.13887803,6.4433775
8199,8.199,0.13887638,6.489877
8200,8.2,0.12965912,6.4868746
8201,8.201,0.103588745,6.455042
8202,8.202,0.115288034,6.4960823
8203,8.203,0.106008805,6.5464377
8204,8.204,0.1011862,6.5022035
8205,8.205,0.10409414,6.4574833
8206,8.206,0.10411635,6.442192
8207,8.207,0.103711426,6.4351225
8208,8.208,0.09073484,6.4573298
8209,8.209,0.10386957,6.5146933
8210,8.21,0.11062764,6.4888487
8211,8.211,0.115227856,6.4989924
8212,8.212,0.09905485,6.5857487
8213,8.213,0.09673811,6.5073833
8214,8.214,0.111990176,6.5555267
8215,8.215,0.11473322,6.517339
8216,8.216,0.09936711,6.488816
8217,8.217,0.10736967,6.5164666
8218,8.218,0.09216322,6.4136457
8219,8.219,0.097862,6.408326
8220,8.22,0.10949331,6.5092483
8221,8.221,0.1157763,6.5291085
8222,8.222,0.1183731,6.514056
8223,8.223,0.10316158,6.4923406
8224,8.224,0.11777394,6.505646
8225,8.225,0.12741439,6.502358
8226,8.226,0.12773877,6.505703
8227,8.227,0.11303403,6.450429
8228,8.228,0.12238324,6.4677544
8229,8.229,0.14009131,6.538116
8230,8.23,0.12386104,6.4645042
8231,8.231,0.11614116,6.4660497
8232,8.232,0.12020461,6.5441065
8233,8.233,0.105541065,6.491433
8234,8.234,0.12447362,6.509032
8235,8.235,0.11413925,6.474914
8236,8.236,0.11820893,6.505672
8237,8.237,0.12922688,6.489055
8238,8.238,0.11845901,6.448535
8239,8.239,0.11015852,6.472812
8240,8.24,0.11813459,6.4445906
8241,8.241,0.1241556,6.472782
8242,8.242,0.112577,6.4427557
8243,8.243,0.1092481,6.416193
8244,8.244,0.12364059,6.458144
8245,8.245,0.12059441,6.41346
8246,8.246,0.11436791,6.3969917
8247,8.247,0.12406246,6.394957
8248,8.248,0.11946764,6.4170537
8249,8.249,0.1175165,6.4082108
8250,8.25,0.10470976,6.414538
8251,8.251,0.09098928,6.435742
8252,8.252,0.08468548,6.415917
8253,8.253,0.08919293,6.386684
8254,8.254,0.0922585,6.385053
8255,8.255,0.08863649,6.430161
8256,8.256,0.09466538,6.43016
8257,8.257,0.08737817,6.3629208
8258,8.258,0.06743233,6.4038396
8259,8.259,0.09262364,6.4715757
8260,8.26,0.0871901,6.415839
8261,8.261,0.113830954,6.352354
8262,8.262,0.09764441,6.380812
8263,8.263,0.10875603,6.397757
8264,8.264,0.099741004,6.3542776
8265,8.265,0.10420513,6.405461
8266,8.266,0.12322853,6.392389
8267,8.267,0.1188876,6.357646
8268,8.268,0.12662445,6.3682694
8269,8.269,0.1249223,6.4083977
8270,8.27,0.10895143,6.4047017
8271,8.271,0.13463303,6.3772306
8272,8.272,0.117276244,6.3658047
8273,8.273,0.13487837,6.3806534
8274,8.274,0.1286603,6.3654103
8275,8.275,0.12173735,6.4195
8276,8.276,0.13738509,6.416808
8277,8.277,0.11465662,6.4264855
8278,8.278,0.117605,6.4223313
8279,8.279,0.10534593,6.439307
8280,8.28,0.105200976,6.461011
8281,8.281,0.09800364,6.3511105
8282,8.282,0.1278636,6.417185
8283,8.283,0.11528001,6.453774
8284,8.284,0.10512623,6.4300747
8285,8.285,0.10375822,6.391345
8286,8.286,0.11176493,6.41917
8287,8.287,0.105291046,6.434083
8288,8.288,0.1015124,6.4710817
8289,8.289,0.10556735,6.374015
8290,8.29,0.1102676,6.3849187
8291,8.291,0.10225217,6.429642
8292,8.292,0.11199637,6.451991
8293,8.293,0.11263654,6.384746
8294,8.294,0.113050394,6.419484
8295,8.295,0.119397946,6.4277225
8296,8.296,0.11453557,6.404469
8297,8.297,0.11449923,6.4402485
8298,8.298,0.104521915,6.437516
8299,8.299,0.109643124,6.3950353
8300,8.3,0.117439754,6.3957443
8301,8.301,0.11757944,6.518073
8302,8.302,0.12660071,6.461604
8303,8.303,0.121611945,6.4786444
8304,8.304,0.12446619,6.4202704
8305,8.305,0.0941953,6.4698777
8306,8.306,0.08958347,6.429673
8307,8.307,0.1018194,6.4633193
8308,8.308,0.10376714,6.48373
8309,8.309,0.110888556,6.4881835
8310,8.31,0.109893754,6.5173078
8311,8.311,0.10075115,6.5069227
8312,8.312,0.11839068,6.456607
8313,8.313,0.09573392,6.4490604
8314,8.314,0.10994634,6.479257
8315,8.315,0.1119179,6.496127
8316,8.316,0.110832244,6.5183816
8317,8.317,0.119745985,6.4897175
8318,8.318,0.12827699,6.5474596
8319,8.319,0.12399722,6.5234327
8320,8.32,0.11653266,6.491111
8321,8.321,0.13022135,6.4364586
8322,8.322,0.13454027,6.5474544
8323,8.323,0.11639171,6.5982265
8324,8.324,0.11187244,6.52911
8325,8.325,0.11688527,6.4711013
8326,8.326,0.124586865,6.519071
8327,8.327,0.15003625,6.525059
8328,8.328,0.14404736,6.5528774
8329,8.329,0.12765005,6.4567556
8330,8.33,0.14579898,6.478405
8331,8.331,0.13469656,6.4609704
8332,8.332,0.15503493,6.526412
8333,8.333,0.17556937,6.466873
8334,8.334,0.2011601,6.5112395
8335,8.335,0.17419448,6.4577365
8336,8.336,0.17765859,6.4662256
8337,8.337,0.1675429,6.430155
8338,8.338,0.14939694,6.4003844
8339,8.339,0.16128689,6.3895864
8340,8.34,0.16704816,6.4220614
8341,8.341,0.16270691,6.455614
8342,8.342,0.16530912,6.4300857
8343,8.343,0.15859975,6.3476114
8344,8.344,0.1534732,6.385977
8345,8.345,0.13290821,6.3398857
8346,8.346,0.13350178,6.3490543
8347,8.347,0.124990754,6.407576
8348,8.348,0.12234356,6.388322
8349,8.349,0.118706614,6.4230447
8350,8.35,0.13397546,6.4093637
8351,8.351,0.13283165,6.4368405
8352,8.352,0.12900665,6.39165
8353,8.353,0.13408585,6.4585104
8354,8.354,0.15307045,6.4043674
8355,8.355,0.1447007,6.416209
8356,8.356,0.14536226,6.438627
8357,8.357,0.13552646,6.4593697
8358,8.358,0.13203734,6.4483314
8359,8.359,0.12750146,6.4039965
8360,8.36,0.11789559,6.363779
8361,8.361,0.10521416,6.3940377
8362,8.362,0.13087837,6.3954964
8363,8.363,0.13693841,6.4070106
8364,8.364,0.13395129,6.469759
8365,8.365,0.14407785,6.422456
8366,8.366,0.14350869,6.475347
8367,8.367,0.13862143,6.4806767
8368,8.368,0.12276236,6.4701114
8369,8.369,0.114244536,6.4456816
8370,8.37,0.11021307,6.484265
8371,8.371,0.08807653,6.4895606
8372,8.372,0.1182324,6.4391065
8373,8.373,0.10852194,6.506766
8374,8.374,0.11157446,6.3920584
8375,8.375,0.111292295,6.442715
8376,8.376,0.13898121,6.4741435
8377,8.377,0.14425105,6.4604874
8378,8.378,0.1508875,6.4429984
8379,8.379,0.15244085,6.416504
8380,8.38,0.16283473,6.4206834
8381,8.381,0.15610641,6.4421215
8382,8.382,0.14226118,6.481307
8383,8.383,0.15523314,6.5197906
8384,8.384,0.12975894,6.484388
8385,8.385,0.15411359,6.4537597
8386,8.386,0.173459,6.4666123
8387,8.387,0.19411804,6.4873776
8388,8.388,0.2060204,6.4954376
8389,8.389,0.19504006,6.4758887
8390,8.39,0.18675995,6.453971
8391,8.391,0.22131273,6.412351
8392,8.392,0.19877495,6.429101
8393,8.393,0.18272026,6.396357
8394,8.394,0.15024567,6.4161882
8395,8.395,0.14701648,6.469379
8396,8.396,0.144929,6.4417605
8397,8.397,0.1513037,6.4339333
8398,8.398,0.16574629,6.4286003
8399,8.399,0.15707494,6.371101
8400,8.4,0.17875096,6.3902645
8401,8.401,0.19342363,6.4166946
8402,8.402,0.19366492,6.3716435
8403,8.403,0.19427636,6.349753
8404,8.404,0.19930345,6.3597875
8405,8.405,0.1965644,6.363181
8406,8.406,0.19870748,6.3200254
8407,8.407,0.19162957,6.337316
8408,8.408,0.1985189,6.318927
8409,8.409,0.19702259,6.3449383
8410,8.41,0.18888941,6.3632736
8411,8.411,0.19884355,6.434056
8412,8.412,0.20322172,6.459957
8413,8.413,0.20817384,6.4130616
8414,8.414,0.19265474,6.3782773
8415,8.415,0.18352573,6.4644465
8416,8.416,0.19821587,6.4566545
8417,8.417,0.19760491,6.458245
8418,8.418,0.20233355,6.4600916
8419,8.419,0.19425376,6.41563
8420,8.42,0.1757852,6.4293633
8421,8.421,0.17892547,6.441282
8422,8.422,0.17976467,6.471274
8423,8.423,0.15299642,6.4474254
8424,8.424,0.16097985,6.4531097
8425,8.425,0.17326029,6.4699793
8426,8.426,0.17793296,6.4442496
8427,8.427,0.14869738,6.407612
8428,8.428,0.13881476,6.4346323
8429,8.429,0.11796224,6.4611497
8430,8.43,0.10869649,6.4234123
8431,8.431,0.120950475,6.4126663
8432,8.432,0.10105588,6.3599625
8433,8.433,0.10267637,6.428437
8434,8.434,0.092025146,6.4052515
8435,8.435,0.07903121,6.3516507
8436,8.436,0.09059714,6.388302
8437,8.437,0.09847902,6.3601804
8438,8.438,0.09734562,6.3221617
8439,8.439,0.09206031,6.3606772
8440,8.44,0.09672616,6.3710403
8441,8.441,0.09736225,6.388632
8442,8.442,0.122086294,6.434373
8443,8.443,0.12225282,6.414516
8444,8.444,0.10848358,6.46243
8445,8.445,0.11012283,6.3783393
8446,8.446,0.11086354,6.397104
8447,8.447,0.11534617,6.4285707
8448,8.448,0.109548196,6.425496
8449,8.449,0.10668491,6.4257574
8450,8.45,0.09813802,6.3858414
8451,8.451,0.09564695,6.4379334
8452,8.452,0.11384923,6.4804997
8453,8.453,0.14008471,6.4889374
8454,8.454,0.12283202,6.540431
8455,8.455,0.1089684,6.4815187
8456,8.456,0.10439133,6.5118146
8457,8.457,0.12775686,6.470161
8458,8.458,0.12983197,6.5123153
8459,8.459,0.108276665,6.4947925
8460,8.46,0.12562175,6.454916
8461,8.461,0.11635794,6.4298234
8462,8.462,0.10111306,6.4035506
8463,8.463,0.08821292,6.404374
8464,8.464,0.100369506,6.370779
8465,8.465,0.08829152,6.3347144
8466,8.466,0.10049611,6.266511
8467,8.467,0.083073065,6.333441
8468,8.468,0.09841091,6.3632894
8469,8.469,0.09773908,6.401117
8470,8.47,0.109548196,6.4045954
8471,8.471,0.1016717,6.3940864
8472,8.472,0.09869945,6.4670167
8473,8.473,0.10919518,6.546787
8474,8.474,0.12585342,6.5196023
8475,8.475,0.14457923,6.5486407
8476,8.476,0.11904113,6.514743
8477,8.477,0.1039341,6.51716
8478,8.478,0.09803431,6.4660783
8479,8.479,0.100122735,6.465836
8480,8.48,0.102118686,6.4742875
8481,8.481,0.10958828,6.4823637
8482,8.482,0.11538024,6.4383607
8483,8.483,0.121133834,6.401547
8484,8.484,0.12071322,6.410951
8485,8.485,0.1416749,6.374564
8486,8.486,0.1475439,6.385847
8487,8.487,0.15001005,6.426707
8488,8.488,0.13461243,6.406471
8489,8.489,0.1378152,6.4669747
8490,8.49,0.1311078,6.481441
8491,8.491,0.11479164,6.439687
8492,8.492,0.11294196,6.48373
8493,8.493,0.12094665,6.49546
8494,8.494,0.111362904,6.483337
8495,8.495,0.12895826,6.4321704
8496,8.496,0.119749844,6.385989
8497,8.497,0.14616798,6.4409275
8498,8.498,0.14970613,6.4267344
8499,8.499,0.15441184,6.4803324
8500,8.5,0.12857942,6.4782686
8501,8.501,0.12223013,6.4523425
8502,8.502,0.11575034,6.392179
8503,8.503,0.10723177,6.427463
8504,8.504,0.10773295,6.410583
8505,8.505,0.09153899,6.4213557
8506,8.506,0.10106961,6.3718405
8507,8.507,0.10517681,6.4120626
8508,8.508,0.10917189,6.3762217
8509,8.509,0.10423175,6.3712263
8510,8.51,0.114547685,6.3878527
8511,8.511,0.11852925,6.374382
8512,8.512,0.124560885,6.405958
8513,8.513,0.11443864,6.437408
8514,8.514,0.103548564,6.359847
8515,8.515,0.10593026,6.3689103
8516,8.516,0.08880066,6.37697
8517,8.517,0.12201621,6.4344606
8518,8.518,0.118615046,6.439483
8519,8.519,0.121575825,6.4526787
8520,8.52,0.13074759,6.475841
8521,8.521,0.124168634,6.586691
8522,8.522,0.116224736,6.611316
8523,8.523,0.12433609,6.6046424
8524,8.524,0.1214274,6.561436
8525,8.525,0.1452684,6.558172
8526,8.526,0.15973273,6.525809
8527,8.527,0.14897077,6.5291414
8528,8.528,0.14701018,6.5207553
8529,8.529,0.15571345,6.5145273
8530,8.53,0.14734948,6.479851
8531,8.531,0.15387788,6.4807816
8532,8.532,0.1379795,6.4122186
8533,8.533,0.13036154,6.4606166
8534,8.534,0.11926815,6.4826307
8535,8.535,0.12003524,6.4960866
8536,8.536,0.11153716,6.4978843
8537,8.537,0.1320741,6.5255866
8538,8.538,0.13959369,6.48947
8539,8.539,0.15973997,6.4501424
8540,8.54,0.17379586,6.4095507
8541,8.541,0.15550694,6.397829
8542,8.542,0.13355374,6.4360323
8543,8.543,0.13580082,6.439612
8544,8.544,0.1452843,6.4450946
8545,8.545,0.15605752,6.4536943
8546,8.546,0.15305836,6.4590573
8547,8.547,0.15734553,6.5054274
8548,8.548,0.13718973,6.5226097
8549,8.549,0.14272359,6.5279202
8550,8.55,0.1410518,6.454116
8551,8.551,0.14729142,6.450617
8552,8.552,0.117699325,6.420559
8553,8.553,0.119025595,6.5240493
8554,8.554,0.095118545,6.5194087
8555,8.555,0.10871138,6.4528675
8556,8.556,0.11801515,6.5261054
8557,8.557,0.12339914,6.5294538
8558,8.558,0.10859009,6.53421
8559,8.559,0.10291701,6.52641
8560,8.56,0.10907443,6.5049186
8561,8.561,0.12222256,6.5996785
8562,8.562,0.11030533,6.4875464
8563,8.563,0.1110698,6.5254526
8564,8.564,0.10709586,6.569209
8565,8.565,0.099381074,6.5521536
8566,8.566,0.103392154,6.5357337
8567,8.567,0.116361916,6.581638
8568,8.568,0.11763842,6.5817776
8569,8.569,0.12592505,6.6229634
8570,8.57,0.1270637,6.4944324
8571,8.571,0.12611401,6.560847
8572,8.572,0.14156227,6.528991
8573,8.573,0.14678669,6.5518374
8574,8.574,0.13642588,6.522345
8575,8.575,0.14202045,6.5174384
8576,8.576,0.15331495,6.58562
8577,8.577,0.14316352,6.5682964
8578,8.578,0.13826908,6.5944533
8579,8.579,0.14199929,6.5577207
8580,8.58,0.14702277,6.549027
8581,8.581,0.13951914,6.5691576
8582,8.582,0.13055116,6.522401
8583,8.583,0.13316019,6.5395045
8584,8.584,0.13558614,6.513437
8585,8.585,0.13103372,6.486683
8586,8.586,0.13382006,6.555683
8587,8.587,0.12475191,6.514855
8588,8.588,0.1173984,6.4895244
8589,8.589,0.11386141,6.5270333
8590,8.59,0.11683977,6.504599
8591,8.591,0.11485607,6.469519
8592,8.592,0.11657828,6.527554
8593,8.593,0.14520949,6.454349
8594,8.594,0.13247961,6.465517
8595,8.595,0.14535113,6.4161735
8596,8.596,0.16454233,6.379574
8597,8.597,0.15097176,6.423102
8598,8.598,0.15467961,6.421629
8599,8.599,0.17736815,6.4635134
8600,8.6,0.17529657,6.433794
8601,8.601,0.17517519,6.4298196
8602,8.602,0.17371337,6.4878263
8603,8.603,0.17073323,6.398924
8604,8.604,0.15980074,6.386948
8605,8.605,0.15300247,6.3897333
8606,8.606,0.15634319,6.3467603
8607,8.607,0.1614402,6.310829
8608,8.608,0.17073594,6.3527446
8609,8.609,0.16104732,6.323461
8610,8.61,0.16409491,6.349097
8611,8.611,0.14817718,6.316489
8612,8.612,0.15082927,6.3887873
8613,8.613,0.13633604,6.3498206
8614,8.614,0.12687434,6.3236785
8615,8.615,0.12395992,6.3556504
8616,8.616,0.12232466,6.3138204
8617,8.617,0.1252439,6.3098927
8618,8.618,0.11458199,6.3002462
8619,8.619,0.120319955,6.280592
8620,8.62,0.11481178,6.291195
8621,8.621,0.10454403,6.289514
8622,8.622,0.10709802,6.2640123
8623,8.623,0.09073738,6.254408
8624,8.624,0.09413883,6.2497106
8625,8.625,0.083586335,6.2389197
8626,8.626,0.08328708,6.3357043
8627,8.627,0.097899795,6.3327303
8628,8.628,0.09832395,6.3294425
8629,8.629,0.100611076,6.35326
8630,8.63,0.10672824,6.370559
8631,8.631,0.08992606,6.3878407
8632,8.632,0.106104724,6.2971005
8633,8.633,0.10395857,6.3437853
8634,8.634,0.102457725,6.322326
8635,8.635,0.08808441,6.4340696
8636,8.636,0.11533014,6.3687224
8637,8.637,0.11533014,6.4003525
8638,8.638,0.112841606,6.4518332
8639,8.639,0.119266205,6.331204
8640,8.64,0.15075721,6.429388
8641,8.641,0.16911004,6.3825774
8642,8.642,0.17729515,6.3654976
8643,8.643,0.18396989,6.332352
8644,8.644,0.19008876,6.272746
8645,8.645,0.18271899,6.3161607
8646,8.646,0.17251275,6.271063
8647,8.647,0.15037332,6.2869616
8648,8.648,0.1299174,6.2516894
8649,8.649,0.13519682,6.3195286
8650,8.65,0.14567682,6.252201
8651,8.651,0.12968229,6.3340964
8652,8.652,0.13840947,6.344182
8653,8.653,0.15311123,6.339611
8654,8.654,0.16191208,6.2907915
8655,8.655,0.14936909,6.2907243
8656,8.656,0.14429112,6.3137617
8657,8.657,0.14456484,6.3153143
8658,8.658,0.16339177,6.2922096
8659,8.659,0.18016165,6.2487855
8660,8.66,0.187231,6.314002
8661,8.661,0.16793709,6.294503
8662,8.662,0.15344758,6.2539606
8663,8.663,0.153705,6.2996645
8664,8.664,0.15583515,6.3456197
8665,8.665,0.16898285,6.257683
8666,8.666,0.16949786,6.2875347
8667,8.667,0.15625444,6.247646
8668,8.668,0.16312411,6.33492
8669,8.669,0.14995918,6.3229904
8670,8.67,0.16596374,6.321741
8671,8.671,0.14665434,6.3233104
8672,8.672,0.14556094,6.3300343
8673,8.673,0.15206426,6.313109
8674,8.674,0.13747592,6.3161974
8675,8.675,0.13300732,6.2578654
8676,8.676,0.14103869,6.330647
8677,8.677,0.13329208,6.2905364
8678,8.678,0.15406558,6.3524446
8679,8.679,0.16873915,6.306933
8680,8.68,0.16291423,6.4060345
8681,8.681,0.16471225,6.4589458
8682,8.682,0.16329552,6.433488
8683,8.683,0.16678362,6.4020076
8684,8.684,0.1856512,6.370166
8685,8.685,0.17717904,6.376814
8686,8.686,0.17078468,6.342031
8687,8.687,0.18444681,6.291965
8688,8.688,0.19759907,6.299663
8689,8.689,0.19425733,6.3555098
8690,8.69,0.2013416,6.3313274
8691,8.691,0.20409809,6.3212843
8692,8.692,0.20445687,6.3585315
8693,8.693,0.1951941,6.320118
8694,8.694,0.18234408,6.349528
8695,8.695,0.1664367,6.350145
8696,8.696,0.16912235,6.4078083
8697,8.697,0.16913602,6.389597
8698,8.698,0.14036171,6.4440327
8699,8.699,0.122946784,6.4244084
8700,8.7,0.11629633,6.4996963
8701,8.701,0.12963949,6.506184
8702,8.702,0.117402345,6.4534287
8703,8.703,0.11605952,6.4219904
8704,8.704,0.14255501,6.4119864
8705,8.705,0.15852977,6.4226093
8706,8.706,0.15739255,6.3787093
8707,8.707,0.18305273,6.4529114
8708,8.708,0.17317887,6.3779125
8709,8.709,0.1822439,6.395185
8710,8.71,0.21121132,6.357605
8711,8.711,0.20939302,6.3249283
8712,8.712,0.19130114,6.3666215
8713,8.713,0.18444556,6.40211
8714,8.714,0.18132564,6.356374
8715,8.715,0.17649266,6.3623834
8716,8.716,0.16036975,6.377779
8717,8.717,0.12936816,6.313748
8718,8.718,0.10819977,6.3542356
8719,8.719,0.102714635,6.4194226
8720,8.72,0.09876501,6.4065547
8721,8.721,0.09146319,6.467704
8722,8.722,0.091483414,6.4394474
8723,8.723,0.08821031,6.501727
8724,8.724,0.09535159,6.4723887
8725,8.725,0.100141205,6.4494224
8726,8.726,0.084494166,6.4484634
8727,8.727,0.09939503,6.432411
8728,8.728,0.097755626,6.4157515
8729,8.729,0.08965313,6.4492426
8730,8.73,0.100028016,6.457489
8731,8.731,0.09488979,6.4838862
8732,8.732,0.10508664,6.3844094
8733,8.733,0.12364059,6.4283404
8734,8.734,0.11954115,6.4156566
8735,8.735,0.09844379,6.42356
8736,8.736,0.09764678,6.4366336
8737,8.737,0.11421823,6.4527173
8738,8.738,0.10315486,6.4821415
8739,8.739,0.101193056,6.5152464
8740,8.74,0.11236527,6.487919
8741,8.741,0.116665505,6.483939
8742,8.742,0.12787805,6.4954715
8743,8.743,0.12691078,6.5314703
8744,8.744,0.14655972,6.4998274
8745,8.745,0.12230387,6.433294
8746,8.746,0.122298196,6.448987
8747,8.747,0.11157446,6.4422455
8748,8.748,0.11538225,6.3980656
8749,8.749,0.08570852,6.4066024
8750,8.75,0.092195824,6.3980703
8751,8.751,0.10517241,6.4322834
8752,8.752,0.09969927,6.4286776
8753,8.753,0.10141899,6.4124846
8754,8.754,0.101932876,6.402627
8755,8.755,0.10642237,6.4410143
8756,8.756,0.09635257,6.4336405
8757,8.757,0.10792164,6.4321847
8758,8.758,0.1204659,6.427479
8759,8.759,0.12626058,6.4043536
8760,8.76,0.12329042,6.4652905
8761,8.761,0.110853106,6.448644
8762,8.762,0.13091546,6.447957
8763,8.763,0.15157391,6.477327
8764,8.764,0.14055593,6.424294
8765,8.765,0.16022408,6.4489317
8766,8.766,0.12738536,6.5103664
8767,8.767,0.13162522,6.5479264
8768,8.768,0.15233769,6.496089
8769,8.769,0.14678198,6.431078
8770,8.77,0.14186896,6.4720316
8771,8.771,0.16492827,6.4264565
8772,8.772,0.17086723,6.484746
8773,8.773,0.14346196,6.4263577
8774,8.774,0.16001906,6.432772
8775,8.775,0.15745129,6.4626617
8776,8.776,0.14452165,6.4491987
8777,8.777,0.16100138,6.497986
8778,8.778,0.15198366,6.508457
8779,8.779,0.15230732,6.5029917
8780,8.78,0.16360529,6.4609537
8781,8.781,0.14408267,6.4558563
8782,8.782,0.15312935,6.478161
8783,8.783,0.13928862,6.4728556
8784,8.784,0.13628007,6.458533
8785,8.785,0.13556227,6.4939933
8786,8.786,0.15886338,6.4873824
8787,8.787,0.15370801,6.476531
8788,8.788,0.17540337,6.4226975
8789,8.789,0.18506248,6.475608
8790,8.79,0.18765037,6.4768076
8791,8.791,0.1824987,6.4720597
8792,8.792,0.16808571,6.4746237
8793,8.793,0.18857214,6.517395
8794,8.794,0.1730707,6.58158
8795,8.795,0.16791093,6.4953327
8796,8.796,0.16460836,6.5048113
8797,8.797,0.16882408,6.5391846
8798,8.798,0.14678669,6.46226
8799,8.799,0.14309567,6.4683704
8800,8.8,0.13148463,6.3945494
8801,8.801,0.12865672,6.4170384
8802,8.802,0.1333389,6.4674172
8803,8.803,0.11150192,6.4446645
8804,8.804,0.12472782,6.34684
8805,8.805,0.1258075,6.375296
8806,8.806,0.12561807,6.3908567
8807,8.807,0.13150397,6.3779964
8808,8.808,0.14095834,6.388228
8809,8.809,0.15614046,6.331553
8810,8.81,0.13349833,6.362713
8811,8.811,0.16602084,6.322901
8812,8.812,0.14694412,6.3123937
8813,8.813,0.14782412,6.2845607
8814,8.814,0.17541128,6.334733
8815,8.815,0.16563466,6.3046618
8816,8.816,0.18067677,6.3257384
8817,8.817,0.16706339,6.321631
8818,8.818,0.161549,6.3675375
8819,8.819,0.16718651,6.367762
8820,8.82,0.14823332,6.3290305
8821,8.821,0.15907282,6.3419104
8822,8.822,0.15268634,6.3823724
8823,8.823,0.17033736,6.3599296
8824,8.824,0.1609037,6.338591
8825,8.825,0.1540971,6.360627
8826,8.826,0.14676937,6.392891
8827,8.827,0.15082774,6.3423343
8828,8.828,0.12769714,6.407848
8829,8.829,0.118953705,6.3961754
8830,8.83,0.11041636,6.3070416
8831,8.831,0.1131955,6.300836
8832,8.832,0.09756388,6.323816
8833,8.833,0.11534617,6.3937955
8834,8.834,0.09927168,6.3890576
8835,8.835,0.11332818,6.3666997
8836,8.836,0.103253424,6.415698
8837,8.837,0.122596525,6.4071426
8838,8.838,0.10703972,6.396498
8839,8.839,0.11865012,6.4017634
8840,8.84,0.12447176,6.387417
8841,8.841,0.13609843,6.4077315
8842,8.842,0.13390122,6.4326034
8843,8.843,0.12803344,6.470365
8844,8.844,0.11030952,6.523276
8845,8.845,0.12072471,6.4934044
8846,8.846,0.106719576,6.483768
8847,8.847,0.109324254,6.5465217
8848,8.848,0.10757403,6.557743
8849,8.849,0.09964593,6.5599513
8850,8.85,0.08676747,6.5271125
8851,8.851,0.08973046,6.60313
8852,8.852,0.08560326,6.5958705
8853,8.853,0.08333703,6.5525928
8854,8.854,0.10638543,6.5178127
8855,8.855,0.10177852,6.56102
8856,8.856,0.10806507,6.5641665
8857,8.857,0.11187864,6.553836
8858,8.858,0.09506262,6.4969707
8859,8.859,0.09284552,6.5466905
8860,8.86,0.10184438,6.596331
8861,8.861,0.1006708,6.575247
8862,8.862,0.12146928,6.55188
8863,8.863,0.10929888,6.4893055
8864,8.864,0.10524493,6.5089445
8865,8.865,0.09678112,6.482152
8866,8.866,0.07803024,6.4213734
8867,8.867,0.079177335,6.397475
8868,8.868,0.09767992,6.3662276
8869,8.869,0.08282221,6.3821673
8870,8.87,0.08692986,6.295075
8871,8.871,0.09253623,6.3032875
8872,8.872,0.09253873,6.2998652
8873,8.873,0.08836742,6.343197
8874,8.874,0.09774144,6.4043045
8875,8.875,0.11703352,6.4033127
8876,8.876,0.09519872,6.3792706
8877,8.877,0.10007885,6.325368
8878,8.878,0.104820095,6.323894
8879,8.879,0.10626801,6.349517
8880,8.88,0.10739551,6.259706
8881,8.881,0.10200543,6.281841
8882,8.882,0.11404604,6.325581
8883,8.883,0.097214915,6.280825
8884,8.884,0.100415565,6.2665105
8885,8.885,0.08103882,6.277644
8886,8.886,0.07145406,6.311036
8887,8.887,0.09597993,6.3222094
8888,8.888,0.08816049,6.307203
8889,8.889,0.09999797,6.31832
8890,8.89,0.09158949,6.35578
8891,8.891,0.085438356,6.265244
8892,8.892,0.092695996,6.198679
8893,8.893,0.116980165,6.2219067
8894,8.894,0.09232613,6.2154555
8895,8.895,0.11287848,6.216902
8896,8.896,0.10167853,6.2149343
8897,8.897,0.11933597,6.1898866
8898,8.898,0.108745396,6.1301517
8899,8.899,0.10183076,6.15282
8900,8.9,0.12582403,6.0804396
8901,8.901,0.13381314,6.0506554
8902,8.902,0.16011727,6.0053773
8903,8.903,0.16631025,6.031662
8904,8.904,0.14368257,6.054468
8905,8.905,0.15535074,6.042077
8906,8.906,0.15268937,6.055034
8907,8.907,0.127,6.065289
8908,8.908,0.1292555,6.0462613
8909,8.909,0.14045227,6.0105996
8910,8.91,0.13627328,5.987491
8911,8.911,0.15060838,6.0181365
8912,8.912,0.14251933,5.9817486
8913,8.913,0.1185585,6.0463943
8914,8.914,0.12665184,6.093221
8915,8.915,0.13251798,6.1004586
8916,8.916,0.1531218,6.165024
8917,8.917,0.14159493,6.136534
8918,8.918,0.13729586,6.1151013
8919,8.919,0.15569414,6.127409
8920,8.92,0.15456298,6.1116023
8921,8.921,0.14256799,6.164916
8922,8.922,0.14372279,6.1861267
8923,8.923,0.16116214,6.2044168
8924,8.924,0.13592845,6.1326656
8925,8.925,0.13250926,6.2004905
8926,8.926,0.13060251,6.19956
8927,8.927,0.12761927,6.168279
8928,8.928,0.12775144,6.1680017
8929,8.929,0.13938485,6.1528506
8930,8.93,0.16095974,6.155774
8931,8.931,0.18486749,6.006072
8932,8.932,0.19944724,6.0503807
8933,8.933,0.19387014,6.091245
8934,8.934,0.20107388,6.130233
8935,8.935,0.20431434,6.1681223
8936,8.936,0.19297847,6.1385612
8937,8.937,0.19698854,6.0739636
8938,8.938,0.1997669,6.0993786
8939,8.939,0.18424615,6.1283607
8940,8.94,0.1878117,6.0945573
8941,8.941,0.16749735,6.111424
8942,8.942,0.14655183,6.16328
8943,8.943,0.14494176,6.149488
8944,8.944,0.17079145,6.124501
8945,8.945,0.1492545,6.134796
8946,8.946,0.17129967,6.111966
8947,8.947,0.16388062,6.060552
8948,8.948,0.18267597,6.121687
8949,8.949,0.17478013,6.115459
8950,8.95,0.1769427,6.12911
8951,8.951,0.17515671,6.1174693
8952,8.952,0.17301057,6.1645927
8953,8.953,0.1718185,6.2021017
8954,8.954,0.15790875,6.1481442
8955,8.955,0.15942414,6.1758957
8956,8.956,0.1702206,6.164056
8957,8.957,0.15623817,6.210931
8958,8.958,0.14424464,6.0439577
8959,8.959,0.13656478,6.0899534
8960,8.96,0.13253717,6.107475
8961,8.961,0.12476118,6.132158
8962,8.962,0.12287719,6.1318674
8963,8.963,0.12901202,6.1535926
8964,8.964,0.13283165,6.158267
8965,8.965,0.12917142,6.248767
8966,8.966,0.11607147,6.237523
8967,8.967,0.12732363,6.2314577
8968,8.968,0.13568331,6.253989
8969,8.969,0.12319475,6.282574
8970,8.97,0.11019419,6.302269
8971,8.971,0.10025427,6.2755494
8972,8.972,0.085996665,6.328628
8973,8.973,0.10107418,6.37233
8974,8.974,0.10116335,6.3528643
8975,8.975,0.09829808,6.3636174
8976,8.976,0.08825485,6.4143147
8977,8.977,0.08318709,6.44004
8978,8.978,0.09008019,6.4432635
8979,8.979,0.08710786,6.4203525
8980,8.98,0.113371015,6.4685
8981,8.981,0.11423441,6.4515076
8982,8.982,0.10750094,6.407698
8983,8.983,0.11490437,6.3403077
8984,8.984,0.107022434,6.3394394
8985,8.985,0.118220665,6.3936152
8986,8.986,0.105075635,6.4450545
8987,8.987,0.11356457,6.433502
8988,8.988,0.112113975,6.449508
8989,8.989,0.12878244,6.403933
8990,8.99,0.118034735,6.4179807
8991,8.991,0.09947409,6.4438744
8992,8.992,0.10578175,6.4278574
8993,8.993,0.09433755,6.3071923
8994,8.994,0.096489236,6.4358916
8995,8.995,0.10573147,6.404472
8996,8.996,0.11146251,6.420782
8997,8.997,0.120494686,6.3939986
8998,8.998,0.118281275,6.4123063
8999,8.999,0.11439419,6.387275
9000,9.0,0.120820425,6.3604026
9001,9.001,0.121754445,6.372379
9002,9.002,0.10311451,6.3931265
9003,9.003,0.084985256,6.3789053
9004,9.004,0.094716646,6.392197
9005,9.005,0.085134745,6.372697
9006,9.006,0.08625705,6.417351
9007,9.007,0.10361329,6.4404407
9008,9.008,0.094442874,6.4079623
9009,9.009,0.10220016,6.4007516
9010,9.01,0.110982336,6.4225354
9011,9.011,0.10894293,6.356154
9012,9.012,0.12479638,6.3773894
9013,9.013,0.1290998,6.3561363
9014,9.014,0.13497947,6.3479304
9015,9.015,0.12657696,6.401391
9016,9.016,0.11592398,6.4183755
9017,9.017,0.11016901,6.4607987
9018,9.018,0.14002363,6.4260664
9019,9.019,0.14352319,6.4342976
9020,9.02,0.14753138,6.472697
9021,9.021,0.15155256,6.4949017
9022,9.022,0.13995261,6.474695
9023,9.023,0.14231154,6.452365
9024,9.024,0.12073428,6.4339447
9025,9.025,0.12057333,6.4380813
9026,9.026,0.117689505,6.3967285
9027,9.027,0.13606615,6.40525
9028,9.028,0.11720328,6.3924093
9029,9.029,0.1432523,6.384104
9030,9.03,0.11911103,6.3876143
9031,9.031,0.11533615,6.4089313
9032,9.032,0.12237002,6.4032755
9033,9.033,0.13214761,6.4421444
9034,9.034,0.11050426,6.4934974
9035,9.035,0.12216769,6.415675
9036,9.036,0.12489268,6.4409714
9037,9.037,0.1392222,6.4294233
9038,9.038,0.14784133,6.4444304
9039,9.039,0.15764499,6.389872
9040,9.04,0.16362225,6.379773
9041,9.041,0.17500882,6.335759
9042,9.042,0.19580549,6.2954335
9043,9.043,0.19267514,6.370222
9044,9.044,0.20995757,6.349759
9045,9.045,0.21058318,6.3397274
9046,9.046,0.20916103,6.3645945
9047,9.047,0.21980225,6.3249974
9048,9.048,0.20679885,6.3328466
9049,9.049,0.21085308,6.3092732
9050,9.05,0.1966091,6.3724523
9051,9.051,0.21842425,6.346509
9052,9.052,0.20869848,6.372507
9053,9.053,0.23244649,6.382021
9054,9.054,0.19562003,6.351567
9055,9.055,0.20805164,6.316887
9056,9.056,0.2230826,6.4266605
9057,9.057,0.19779554,6.3579216
9058,9.058,0.21502876,6.3602777
9059,9.059,0.20740613,6.374845
9060,9.06,0.18666585,6.33941
9061,9.061,0.17666811,6.3759656
9062,9.062,0.1575467,6.374153
9063,9.063,0.16948968,6.4041657
9064,9.064,0.14264095,6.4649076
9065,9.065,0.1371712,6.3304987
9066,9.066,0.16005951,6.2887797
9067,9.067,0.14042428,6.3845577
9068,9.068,0.14782412,6.3693304
9069,9.069,0.1571235,6.387791
9070,9.07,0.1787432,6.336535
9071,9.071,0.15435793,6.386262
9072,9.072,0.15814576,6.4060516
9073,9.073,0.15544002,6.4408827
9074,9.074,0.16762981,6.362382
9075,9.075,0.16366604,6.368269
9076,9.076,0.15158917,6.40097
9077,9.077,0.162119,6.416793
9078,9.078,0.17685384,6.389775
9079,9.079,0.17510523,6.438832
9080,9.08,0.16631442,6.467835
9081,9.081,0.18533462,6.4183903
9082,9.082,0.19558929,6.3712893
9083,9.083,0.2248406,6.371717
9084,9.084,0.21046568,6.4174495
9085,9.085,0.23000182,6.38131
9086,9.086,0.20681003,6.379115
9087,9.087,0.18445684,6.340658
9088,9.088,0.1836844,6.430815
9089,9.089,0.21055794,6.3888035
9090,9.09,0.1945986,6.38662
9091,9.091,0.19484675,6.3832393
9092,9.092,0.18863589,6.411361
9093,9.093,0.18318656,6.415337
9094,9.094,0.17763257,6.451281
9095,9.095,0.1635021,6.429329
9096,9.096,0.17573915,6.460191
9097,9.097,0.16234131,6.456131
9098,9.098,0.16732474,6.4783473
9099,9.099,0.15160593,6.476813
9100,9.1,0.15748066,6.471053
9101,9.101,0.14804135,6.436179
9102,9.102,0.14066939,6.408184
9103,9.103,0.14012267,6.4618006
9104,9.104,0.13711557,6.4723063
9105,9.105,0.15387939,6.4627137
9106,9.106,0.15985426,6.5333743
9107,9.107,0.16638114,6.465765
9108,9.108,0.1593371,6.5112267
9109,9.109,0.15815745,6.4457464
9110,9.11,0.15405206,6.4057994
9111,9.111,0.137412,6.4053726
9112,9.112,0.15245602,6.4377446
9113,9.113,0.13959038,6.4699316
9114,9.114,0.12826617,6.3910346
9115,9.115,0.11966486,6.459658
9116,9.116,0.12512016,6.488031
9117,9.117,0.11754405,6.4876695
9118,9.118,0.101796694,6.495786
9119,9.119,0.11968225,6.461952
9120,9.12,0.11203146,6.3605213
9121,9.121,0.10688842,6.3788548
9122,9.122,0.10068688,6.4061666
9123,9.123,0.09562035,6.455883
9124,9.124,0.09311158,6.4327517
9125,9.125,0.09749751,6.4670143
9126,9.126,0.11596585,6.408954
9127,9.127,0.1143214,6.353965
9128,9.128,0.11213047,6.360085
9129,9.129,0.11465863,6.3977165
9130,9.13,0.12024115,6.444094
9131,9.131,0.12032957,6.413707
9132,9.132,0.11874167,6.4300704
9133,9.133,0.10690572,6.431679
9134,9.134,0.101960085,6.454741
9135,9.135,0.10156477,6.430281
9136,9.136,0.11428702,6.438167
9137,9.137,0.13571398,6.3591557
9138,9.138,0.13402031,6.348827
9139,9.139,0.13393404,6.3829393
9140,9.14,0.117297925,6.338056
9141,9.141,0.11817372,6.3292403
9142,9.142,0.10583638,6.312797
9143,9.143,0.11832231,6.388735
9144,9.144,0.10066161,6.3096204
9145,9.145,0.12040831,6.30634
9146,9.146,0.12873934,6.3133907
9147,9.147,0.13245691,6.3378844
9148,9.148,0.11923325,6.3280163
9149,9.149,0.12808219,6.249447
9150,9.15,0.12149973,6.242927
9151,9.151,0.11994661,6.299829
9152,9.152,0.117610894,6.2925963
9153,9.153,0.122941144,6.31244
9154,9.154,0.09291522,6.3441706
9155,9.155,0.08939746,6.3625803
9156,9.156,0.09044134,6.2805805
9157,9.157,0.10886014,6.37312
9158,9.158,0.110692404,6.35302
9159,9.159,0.09787854,6.357036
9160,9.16,0.100512214,6.3783607
9161,9.161,0.11109685,6.3238916
9162,9.162,0.11103024,6.3274026
9163,9.163,0.1296502,6.441412
9164,9.164,0.1277641,6.464378
9165,9.165,0.14131545,6.456524
9166,9.166,0.1582948,6.4876595
9167,9.167,0.1635756,6.3566785
9168,9.168,0.1698113,6.434493
9169,9.169,0.18040915,6.43251
9170,9.17,0.18499126,6.4357705
9171,9.171,0.20062727,6.399148
9172,9.172,0.23461458,6.4199314
9173,9.173,0.21550883,6.4550185
9174,9.174,0.21598248,6.516204
9175,9.175,0.21430178,6.501676
9176,9.176,0.21835649,6.493499
9177,9.177,0.21883348,6.5392365
9178,9.178,0.2275644,6.544981
9179,9.179,0.23124488,6.547718
9180,9.18,0.20893653,6.53933
9181,9.181,0.20130026,6.546235
9182,9.182,0.20080234,6.585041
9183,9.183,0.1877403,6.6136384
9184,9.184,0.19360404,6.6547694
9185,9.185,0.17377591,6.6034875
9186,9.186,0.18014625,6.606606
9187,9.187,0.19721611,6.518757
9188,9.188,0.18598837,6.593824
9189,9.189,0.19493334,6.6294622
9190,9.19,0.16234559,6.6843653
9191,9.191,0.17393151,6.6350794
9192,9.192,0.17768852,6.573999
9193,9.193,0.17546399,6.5710926
9194,9.194,0.18322568,6.5585055
9195,9.195,0.18295419,6.5881443
9196,9.196,0.18007436,6.514204
9197,9.197,0.20602824,6.536805
9198,9.198,0.21414098,6.504249
9199,9.199,0.21807148,6.508558
9200,9.2,0.19600965,6.4851713
9201,9.201,0.2128643,6.5156374
9202,9.202,0.2182241,6.5191584
9203,9.203,0.22266352,6.529346
9204,9.204,0.2059811,6.5697913
9205,9.205,0.20900069,6.601159
9206,9.206,0.21144435,6.5293026
9207,9.207,0.21626917,6.575963
9208,9.208,0.20453261,6.519984
9209,9.209,0.1882703,6.5168214
9210,9.21,0.16471787,6.467111
9211,9.211,0.17082393,6.4886565
9212,9.212,0.19641145,6.4479785
9213,9.213,0.19805017,6.4195805
9214,9.214,0.2072634,6.405528
9215,9.215,0.20218839,6.41514
9216,9.216,0.21241742,6.432762
9217,9.217,0.2529429,6.420701
9218,9.218,0.23578726,6.406282
9219,9.219,0.25197217,6.444067
9220,9.22,0.27263904,6.462228
9221,9.221,0.27363527,6.4257846
9222,9.222,0.26010248,6.383971
9223,9.223,0.25597838,6.4436398
9224,9.224,0.25137874,6.4250793
9225,9.225,0.26404667,6.4266014
9226,9.226,0.2400204,6.4455075
9227,9.227,0.25640345,6.4666815
9228,9.228,0.26361728,6.406082
9229,9.229,0.24773608,6.4437017
9230,9.23,0.27766865,6.452952
9231,9.231,0.2728255,6.426013
9232,9.232,0.27200738,6.426074
9233,9.233,0.29182622,6.408201
9234,9.234,0.28560427,6.507807
9235,9.235,0.28875762,6.479534
9236,9.236,0.30626777,6.4010596
9237,9.237,0.3156403,6.433555
9238,9.238,0.32455587,6.4434104
9239,9.239,0.30602083,6.42969
9240,9.24,0.2999885,6.427095
9241,9.241,0.28835782,6.413166
9242,9.242,0.28678608,6.4100766
9243,9.243,0.27240232,6.4655895
9244,9.244,0.2848772,6.4530396
9245,9.245,0.28633508,6.4312253
9246,9.246,0.28759673,6.4078045
9247,9.247,0.3005844,6.47772
9248,9.248,0.30166772,6.446679
9249,9.249,0.29327083,6.502631
9250,9.25,0.2988488,6.6196017
9251,9.251,0.28643438,6.573784
9252,9.252,0.27990606,6.581496
9253,9.253,0.28358066,6.568417
9254,9.254,0.27239725,6.4998765
9255,9.255,0.2790267,6.5291147
9256,9.256,0.29103687,6.522183
9257,9.257,0.27948865,6.5142555
9258,9.258,0.26794574,6.494937
9259,9.259,0.27409872,6.4856043
9260,9.26,0.26473048,6.5279655
9261,9.261,0.2750628,6.51536
9262,9.262,0.2829244,6.529788
9263,9.263,0.2677541,6.5228953
9264,9.264,0.2690608,6.5756984
9265,9.265,0.27743042,6.4446783
9266,9.266,0.27746126,6.446648
9267,9.267,0.27155995,6.415406
9268,9.268,0.25452286,6.4246926
9269,9.269,0.291183,6.419754
9270,9.27,0.275246,6.478366
9271,9.271,0.2977832,6.4826784
9272,9.272,0.2994169,6.528494
9273,9.273,0.29623806,6.4415317
9274,9.274,0.3131393,6.3896384
9275,9.275,0.3082167,6.404638
9276,9.276,0.3045577,6.320738
9277,9.277,0.3171842,6.248803
9278,9.278,0.31894252,6.2532296
9279,9.279,0.32541877,6.2687716
9280,9.28,0.33365384,6.234568
9281,9.281,0.3632469,6.260646
9282,9.282,0.37011623,6.2394676
9283,9.283,0.37379214,6.1924796
9284,9.284,0.38557398,6.2238584
9285,9.285,0.4238591,6.1527667
9286,9.286,0.4269931,6.120616
9287,9.287,0.41795823,6.132106
9288,9.288,0.42464218,6.1215925
9289,9.289,0.4046357,6.2051654
9290,9.29,0.3955975,6.1610503
9291,9.291,0.39784694,6.1056175
9292,9.292,0.41912875,6.100502
9293,9.293,0.41547495,6.1443634
9294,9.294,0.4261129,6.1083064
9295,9.295,0.41761848,6.1159115
9296,9.296,0.4135977,6.112685
9297,9.297,0.40144405,6.140722
9298,9.298,0.40649408,6.1467557
9299,9.299,0.41740915,6.2621646
9300,9.3,0.4231494,6.221684
9301,9.301,0.43234852,6.196757
9302,9.302,0.4415827,6.2174187
9303,9.303,0.42110708,6.1788564
9304,9.304,0.41315195,6.191182
9305,9.305,0.4241846,6.192339
9306,9.306,0.41899687,6.2139344
9307,9.307,0.4168965,6.188197
9308,9.308,0.4526477,6.21199
9309,9.309,0.43288454,6.2488093
9310,9.31,0.419212,6.214879
9311,9.311,0.41644984,6.2400584
9312,9.312,0.40465683,6.3363237
9313,9.313,0.3965711,6.2647967
9314,9.314,0.400156,6.3252974
9315,9.315,0.41945517,6.3153806
9316,9.316,0.3982628,6.307887
9317,9.317,0.39378634,6.315498
9318,9.318,0.37729627,6.3753743
9319,9.319,0.38566634,6.3404574
9320,9.32,0.37871522,6.345008
9321,9.321,0.39304,6.3347707
9322,9.322,0.38581616,6.298737
9323,9.323,0.36740276,6.3023005
9324,9.324,0.3725475,6.340128
9325,9.325,0.35425696,6.351793
9326,9.326,0.3661446,6.3278036
9327,9.327,0.34102812,6.357804
9328,9.328,0.33810797,6.294773
9329,9.329,0.3208973,6.2589006
9330,9.33,0.3166619,6.3095455
9331,9.331,0.305574,6.31854
9332,9.332,0.31421465,6.3374577
9333,9.333,0.3022833,6.351602
9334,9.334,0.2990901,6.355074
9335,9.335,0.29824325,6.33651
9336,9.336,0.29886276,6.3315215
9337,9.337,0.29014263,6.339483
9338,9.338,0.2885782,6.3230715
9339,9.339,0.30370328,6.320553
9340,9.34,0.2960874,6.265376
9341,9.341,0.30451217,6.274206
9342,9.342,0.30964682,6.3343086
9343,9.343,0.31068587,6.351586
9344,9.344,0.32517287,6.343625
9345,9.345,0.32996657,6.353898
9346,9.346,0.34138656,6.3614926
9347,9.347,0.32782048,6.4274974
9348,9.348,0.32653156,6.4580398
9349,9.349,0.31829527,6.471541
9350,9.35,0.33229366,6.4723215
9351,9.351,0.34942997,6.4022765
9352,9.352,0.31640115,6.3872266
9353,9.353,0.30933678,6.3751345
9354,9.354,0.29417443,6.3443756
9355,9.355,0.3107677,6.3723183
9356,9.356,0.33725008,6.3293934
9357,9.357,0.3518524,6.3157144
9358,9.358,0.32847568,6.323107
9359,9.359,0.32392198,6.2548766
9360,9.36,0.3155795,6.3226914
9361,9.361,0.29112425,6.3068094
9362,9.362,0.28210935,6.327492
9363,9.363,0.3056156,6.317228
9364,9.364,0.31736055,6.289018
9365,9.365,0.31200764,6.291806
9366,9.366,0.32131997,6.32883
9367,9.367,0.3203594,6.260289
9368,9.368,0.31278396,6.2879295
9369,9.369,0.29870024,6.2563105
9370,9.37,0.27521408,6.247818
9371,9.371,0.26075146,6.324898
9372,9.372,0.27849174,6.3112273
9373,9.373,0.30520532,6.3358603
9374,9.374,0.30255315,6.258759
9375,9.375,0.2982572,6.282678
9376,9.376,0.31221431,6.340974
9377,9.377,0.3365522,6.3157215
9378,9.378,0.33352563,6.2820916
9379,9.379,0.32738364,6.3154464
9380,9.38,0.33429763,6.3043118
9381,9.381,0.34199822,6.308088
9382,9.382,0.32330686,6.3210106
9383,9.383,0.32990208,6.3309836
9384,9.384,0.3511124,6.3418927
9385,9.385,0.33383256,6.419804
9386,9.386,0.34794343,6.4169154
9387,9.387,0.35048434,6.446345
9388,9.388,0.3701668,6.4235277
9389,9.389,0.34745803,6.408343
9390,9.39,0.34608194,6.4268827
9391,9.391,0.33814898,6.3825784
9392,9.392,0.35487837,6.3463964
9393,9.393,0.3616957,6.3424063
9394,9.394,0.38009965,6.2869096
9395,9.395,0.37109998,6.3057213
9396,9.396,0.3771731,6.211365
9397,9.397,0.38682693,6.2266726
9398,9.398,0.40123552,6.2293754
9399,9.399,0.39900517,6.199735
9400,9.4,0.40858623,6.2300587
9401,9.401,0.38756973,6.215773
9402,9.402,0.3913907,6.2249794
9403,9.403,0.40523517,6.2148943
9404,9.404,0.4226913,6.163502
9405,9.405,0.4283381,6.133321
9406,9.406,0.42367414,6.1664615
9407,9.407,0.41083997,6.1949205
9408,9.408,0.4335911,6.265481
9409,9.409,0.4033068,6.2477875
9410,9.41,0.39333692,6.2209306
9411,9.411,0.40948212,6.1679597
9412,9.412,0.39691958,6.21017
9413,9.413,0.40032753,6.188766
9414,9.414,0.4199432,6.225737
9415,9.415,0.44366264,6.255857
9416,9.416,0.42780775,6.277431
9417,9.417,0.42248124,6.236236
9418,9.418,0.41903162,6.2360034
9419,9.419,0.43730813,6.195545
9420,9.42,0.4347498,6.2340984
9421,9.421,0.44486734,6.193309
9422,9.422,0.45602652,6.1719127
9423,9.423,0.46114612,6.1656046
9424,9.424,0.45757776,6.1527658
9425,9.425,0.47282645,6.109935
9426,9.426,0.5133584,6.113382
9427,9.427,0.5115075,6.176087
9428,9.428,0.5259618,6.2392826
9429,9.429,0.5232323,6.150615
9430,9.43,0.53271997,6.175009
9431,9.431,0.54261863,6.19167
9432,9.432,0.55155915,6.120027
9433,9.433,0.552388,6.145748
9434,9.434,0.54360217,6.168568
9435,9.435,0.55052704,6.174641
9436,9.436,0.5511788,6.1585064
9437,9.437,0.51967365,6.207896
9438,9.438,0.5111134,6.293421
9439,9.439,0.51401305,6.230541
9440,9.44,0.49811593,6.2662544
9441,9.441,0.5186329,6.2548056
9442,9.442,0.5114031,6.2785892
9443,9.443,0.5215763,6.296423
9444,9.444,0.537429,6.269505
9445,9.445,0.54954934,6.325188
9446,9.446,0.55285406,6.3180017
9447,9.447,0.5431497,6.328871
9448,9.448,0.5480901,6.3023515
9449,9.449,0.5468287,6.2917347
9450,9.45,0.5351893,6.256056
9451,9.451,0.5460417,6.3310165
9452,9.452,0.5418614,6.300008
9453,9.453,0.53396773,6.2455897
9454,9.454,0.51844656,6.2086673
9455,9.455,0.5126101,6.1907616
9456,9.456,0.51549584,6.1538944
9457,9.457,0.5242663,6.170398
9458,9.458,0.508094,6.1836605
9459,9.459,0.4969312,6.2796664
9460,9.46,0.48367023,6.2361536
9461,9.461,0.5040762,6.214676
9462,9.462,0.47572494,6.18116
9463,9.463,0.48501083,6.1413736
9464,9.464,0.48098093,6.164337
9465,9.465,0.45768183,6.2003956
9466,9.466,0.45593095,6.2025146
9467,9.467,0.47422647,6.226494
9468,9.468,0.4735903,6.199516
9469,9.469,0.45105386,6.1669183
9470,9.47,0.4679051,6.173596
9471,9.471,0.45528778,6.13309
9472,9.472,0.44220218,6.19274
9473,9.473,0.43734884,6.1941338
9474,9.474,0.42360726,6.1614347
9475,9.475,0.42250258,6.178666
9476,9.476,0.44207224,6.144316
9477,9.477,0.43362895,6.0536017
9478,9.478,0.45787147,6.0627213
9479,9.479,0.44330865,6.0671034
9480,9.48,0.42840987,6.103532
9481,9.481,0.44962335,6.081904
9482,9.482,0.43189216,6.1449904
9483,9.483,0.43122357,6.17407
9484,9.484,0.41872808,6.167882
9485,9.485,0.395889,6.170771
9486,9.486,0.38203627,6.168472
9487,9.487,0.36045095,6.1630945
9488,9.488,0.37447497,6.1696377
9489,9.489,0.40272167,6.1137004
9490,9.49,0.40117154,6.0854425
9491,9.491,0.38656446,6.177457
9492,9.492,0.38552424,6.186642
9493,9.493,0.37532845,6.231424
9494,9.494,0.38175175,6.272756
9495,9.495,0.39736143,6.201953
9496,9.496,0.38613662,6.217542
9497,9.497,0.38774267,6.2577724
9498,9.498,0.3830051,6.2014728
9499,9.499,0.36454675,6.1714873
9500,9.5,0.38033986,6.178942
9501,9.501,0.36514938,6.20205
9502,9.502,0.37184745,6.1840034
9503,9.503,0.39612603,6.1715784
9504,9.504,0.37355828,6.191618
9505,9.505,0.38015684,6.1791916
9506,9.506,0.38099337,6.1797113
9507,9.507,0.36453852,6.235661
9508,9.508,0.3465806,6.268103
9509,9.509,0.3425386,6.214344
9510,9.51,0.34103897,6.2478647
9511,9.511,0.32626453,6.266489
9512,9.512,0.34428695,6.254433
9513,9.513,0.33119255,6.297911
9514,9.514,0.32507473,6.252338
9515,9.515,0.3301991,6.234396
9516,9.516,0.3375653,6.215212
9517,9.517,0.31703112,6.239272
9518,9.518,0.330358,6.2577176
9519,9.519,0.33007374,6.178901
9520,9.52,0.32521197,6.191271
9521,9.521,0.33308655,6.2319503
9522,9.522,0.32361707,6.2928452
9523,9.523,0.31757683,6.2565556
9524,9.524,0.33314484,6.229265
9525,9.525,0.3496661,6.1652184
9526,9.526,0.31212097,6.172828
9527,9.527,0.31882071,6.2275996
9528,9.528,0.29189593,6.181705
9529,9.529,0.30960873,6.1991825
9530,9.53,0.31243637,6.2232924
9531,9.531,0.28528026,6.253942
9532,9.532,0.2965103,6.296697
9533,9.533,0.29762477,6.272251
9534,9.534,0.2922703,6.275355
9535,9.535,0.29151073,6.332116
9536,9.536,0.2938127,6.2448506
9537,9.537,0.3244547,6.2288146
9538,9.538,0.32546568,6.2344685
9539,9.539,0.30720088,6.2482
9540,9.54,0.31463155,6.241571
9541,9.541,0.30123746,6.228121
9542,9.542,0.30248052,6.245268
9543,9.543,0.2977001,6.2645035
9544,9.544,0.2958398,6.250595
9545,9.545,0.29079688,6.2838306
9546,9.546,0.3148754,6.192224
9547,9.547,0.30429876,6.2424526
9548,9.548,0.3017336,6.2128263
9549,9.549,0.29119015,6.275355
9550,9.55,0.28166318,6.260299
9551,9.551,0.2920337,6.227303
9552,9.552,0.2946864,6.1940465
9553,9.553,0.28782657,6.157132
9554,9.554,0.2854601,6.138895
9555,9.555,0.32372922,6.1857257
9556,9.556,0.33461216,6.1725726
9557,9.557,0.33266497,6.141042
9558,9.558,0.32136312,6.2633286
9559,9.559,0.3243592,6.286423
9560,9.56,0.341796,6.2967887
9561,9.561,0.3439322,6.2936044
9562,9.562,0.3342319,6.317123
9563,9.563,0.31121895,6.235909
9564,9.564,0.31744432,6.2555985
9565,9.565,0.32375705,6.2279677
9566,9.566,0.33397105,6.221462
9567,9.567,0.34595564,6.291528
9568,9.568,0.31150782,6.303182
9569,9.569,0.30118376,6.320396
9570,9.57,0.29916275,6.3390975
9571,9.571,0.2975129,6.3642163
9572,9.572,0.2914425,6.320069
9573,9.573,0.28773016,6.349238
9574,9.574,0.27282974,6.375488
9575,9.575,0.26469555,6.3815074
9576,9.576,0.2855322,6.3921266
9577,9.577,0.3028701,6.4043736
9578,9.578,0.2950416,6.3886046
9579,9.579,0.3042357,6.3002057
9580,9.58,0.2928393,6.3706493
9581,9.581,0.29930645,6.316254
9582,9.582,0.31374854,6.3068676
9583,9.583,0.3232132,6.2663193
9584,9.584,0.34525794,6.258003
9585,9.585,0.35887477,6.246328
9586,9.586,0.35739067,6.256564
9587,9.587,0.3494809,6.266553
9588,9.588,0.3383144,6.29718
9589,9.589,0.34916255,6.3314753
9590,9.59,0.36096436,6.3687086
9591,9.591,0.35885286,6.3846817
9592,9.592,0.38879842,6.312851
9593,9.593,0.3878649,6.399455
9594,9.594,0.3873418,6.400963
9595,9.595,0.39742774,6.418983
9596,9.596,0.38072446,6.421797
9597,9.597,0.38683888,6.4031878
9598,9.598,0.38157,6.2835684
9599,9.599,0.38364863,6.3537536
9600,9.6,0.372751,6.364834
9601,9.601,0.3950975,6.38409
9602,9.602,0.40521008,6.3521843
9603,9.603,0.40472198,6.3656187
9604,9.604,0.408434,6.3858976
9605,9.605,0.4021604,6.4026575
9606,9.606,0.3960893,6.444653
9607,9.607,0.40579447,6.4771852
9608,9.608,0.3950501,6.4574065
9609,9.609,0.39590126,6.4341116
9610,9.61,0.40232766,6.430298
9611,9.611,0.4005354,6.4745984
9612,9.612,0.39139542,6.4610605
9613,9.613,0.38875917,6.432219
9614,9.614,0.39052674,6.3911343
9615,9.615,0.39854947,6.344762
9616,9.616,0.37500986,6.4148364
9617,9.617,0.3727051,6.3892965
9618,9.618,0.36809307,6.3540807
9619,9.619,0.37788773,6.3770814
9620,9.62,0.37307584,6.3836946
9621,9.621,0.38939792,6.4483266
9622,9.622,0.39103258,6.412817
9623,9.623,0.39637402,6.3608704
9624,9.624,0.38222927,6.400537
9625,9.625,0.37767234,6.3739076
9626,9.626,0.3929088,6.372319
9627,9.627,0.40733042,6.438716
9628,9.628,0.42101812,6.5307574
9629,9.629,0.42391035,6.42457
9630,9.63,0.4268832,6.373234
9631,9.631,0.42063743,6.3722672
9632,9.632,0.40575173,6.332155
9633,9.633,0.39067414,6.3281627
9634,9.634,0.40586683,6.314621
9635,9.635,0.41356248,6.3387256
9636,9.636,0.42827982,6.3376994
9637,9.637,0.44603822,6.310935
9638,9.638,0.43249983,6.254048
9639,9.639,0.41143098,6.315367
9640,9.64,0.43424377,6.2914147
9641,9.641,0.4318413,6.2972074
9642,9.642,0.42812863,6.328373
9643,9.643,0.42875403,6.3941817
9644,9.644,0.42931393,6.356371
9645,9.645,0.42826578,6.3936114
9646,9.646,0.4362882,6.373094
9647,9.647,0.46280357,6.3879056
9648,9.648,0.4710359,6.371971
9649,9.649,0.45131367,6.393011
9650,9.65,0.4604969,6.351029
9651,9.651,0.45937747,6.398224
9652,9.652,0.46083567,6.427888
9653,9.653,0.4406498,6.3422174
9654,9.654,0.45860934,6.351979
9655,9.655,0.46060434,6.355963
9656,9.656,0.4465169,6.3963623
9657,9.657,0.45659095,6.3089857
9658,9.658,0.45769092,6.3092904
9659,9.659,0.4506811,6.2678094
9660,9.66,0.45918822,6.2680244
9661,9.661,0.46061587,6.239804
9662,9.662,0.47274575,6.258351
9663,9.663,0.459977,6.239947
9664,9.664,0.46766168,6.2030373
9665,9.665,0.46195957,6.1959333
9666,9.666,0.4548534,6.2265906
9667,9.667,0.4317524,6.238719
9668,9.668,0.43250838,6.1908164
9669,9.669,0.44642216,6.161137
9670,9.67,0.44017947,6.1604223
9671,9.671,0.44305566,6.14598
9672,9.672,0.43371317,6.1728425
9673,9.673,0.42087755,6.2125273
9674,9.674,0.42138645,6.211647
9675,9.675,0.3949067,6.338634
9676,9.676,0.40147457,6.2582526
9677,9.677,0.4174136,6.3926845
9678,9.678,0.39055574,6.331121
9679,9.679,0.3929035,6.2701225
9680,9.68,0.40038818,6.33973
9681,9.681,0.4078001,6.2652526
9682,9.682,0.41920924,6.3278174
9683,9.683,0.4375465,6.36438
9684,9.684,0.43740752,6.292413
9685,9.685,0.4580989,6.32826
9686,9.686,0.4453374,6.410637
9687,9.687,0.43820122,6.451093
9688,9.688,0.42343614,6.44664
9689,9.689,0.41259646,6.4050546
9690,9.69,0.4000427,6.3958087
9691,9.691,0.39121404,6.416328
9692,9.692,0.39962062,6.4122915
9693,9.693,0.38456714,6.386938
9694,9.694,0.38648492,6.3919644
9695,9.695,0.40278596,6.4035907
9696,9.696,0.4085619,6.3207097
9697,9.697,0.41374916,6.3015103
9698,9.698,0.44489282,6.270177
9699,9.699,0.4324421,6.3052125
9700,9.7,0.42463726,6.30511
9701,9.701,0.41662467,6.35119
9702,9.702,0.4094324,6.363155
9703,9.703,0.4270903,6.340237
9704,9.704,0.43612918,6.3772817
9705,9.705,0.46043038,6.39503
9706,9.706,0.4541061,6.360867
9707,9.707,0.441914,6.398402
9708,9.708,0.43967074,6.375414
9709,9.709,0.44632685,6.3974514
9710,9.71,0.43485296,6.3866024
9711,9.711,0.43122146,6.3616824
9712,9.712,0.41910335,6.378642
9713,9.713,0.4075239,6.29109
9714,9.714,0.42557976,6.2485557
9715,9.715,0.4184801,6.266805
9716,9.716,0.4355685,6.2230353
9717,9.717,0.40853813,6.291125
9718,9.718,0.4061891,6.273305
9719,9.719,0.4135295,6.2973876
9720,9.72,0.43027788,6.2848587
9721,9.721,0.443016,6.330803
9722,9.722,0.4470866,6.3808517
9723,9.723,0.43856403,6.375727
9724,9.724,0.43626168,6.371379
9725,9.725,0.41555008,6.3307443
9726,9.726,0.41116792,6.323851
9727,9.727,0.4016778,6.2502484
9728,9.728,0.41146076,6.3110604
9729,9.729,0.40950865,6.3308244
9730,9.73,0.39361545,6.3317347
9731,9.731,0.4037176,6.351342
9732,9.732,0.3971432,6.344533
9733,9.733,0.40248853,6.316415
9734,9.734,0.3725084,6.312331
9735,9.735,0.3677418,6.2808824
9736,9.736,0.3722607,6.309108
9737,9.737,0.3651152,6.314578
9738,9.738,0.3720389,6.2804327
9739,9.739,0.3675091,6.35046
9740,9.74,0.36224943,6.346646
9741,9.741,0.34747398,6.2832174
9742,9.742,0.34784573,6.2728515
9743,9.743,0.33474478,6.243774
9744,9.744,0.34289208,6.2695966
9745,9.745,0.3445736,6.242205
9746,9.746,0.3622373,6.213473
9747,9.747,0.37811527,6.2088666
9748,9.748,0.37015617,6.196119
9749,9.749,0.37398076,6.1672945
9750,9.75,0.3650164,6.188599
9751,9.751,0.3891853,6.1894517
9752,9.752,0.38816282,6.1939464
9753,9.753,0.40192577,6.1363263
9754,9.754,0.40652534,6.118358
9755,9.755,0.40557164,6.1492066
9756,9.756,0.37912157,6.279688
9757,9.757,0.38011062,6.254774
9758,9.758,0.37998348,6.268027
9759,9.759,0.38386312,6.26594
9760,9.76,0.38470837,6.2577834
9761,9.761,0.3809521,6.3022676
9762,9.762,0.36425173,6.340764
9763,9.763,0.35829258,6.313551
9764,9.764,0.35488486,6.336355
9765,9.765,0.35389197,6.309861
9766,9.766,0.3509036,6.3298473
9767,9.767,0.3582939,6.2979016
9768,9.768,0.36045095,6.2715573
9769,9.769,0.37241155,6.2549973
9770,9.77,0.38349795,6.224204
9771,9.771,0.39124417,6.2020464
9772,9.772,0.3837559,6.194211
9773,9.773,0.3846651,6.170423
9774,9.774,0.3982599,6.165174
9775,9.775,0.4081537,6.2277946
9776,9.776,0.4220498,6.195432
9777,9.777,0.4329449,6.17477
9778,9.778,0.4306227,6.2099023
9779,9.779,0.41978076,6.2215195
9780,9.78,0.39931676,6.2433953
9781,9.781,0.4116102,6.2247305
9782,9.782,0.4204395,6.212535
9783,9.783,0.42271537,6.172941
9784,9.784,0.40066466,6.2061205
9785,9.785,0.40828907,6.2123375
9786,9.786,0.40623862,6.1232586
9787,9.787,0.40928897,6.220499
9788,9.788,0.38774922,6.1777024
9789,9.789,0.4018372,6.2063236
9790,9.79,0.40698233,6.2495227
9791,9.791,0.39489207,6.22809
9792,9.792,0.39994043,6.2380157
9793,9.793,0.38951725,6.278718
9794,9.794,0.38502857,6.350651
9795,9.795,0.38528427,6.331301
9796,9.796,0.3997664,6.3143873
9797,9.797,0.38837302,6.2526116
9798,9.798,0.387137,6.309721
9799,9.799,0.38387576,6.2772336
9800,9.8,0.37896788,6.2540326
9801,9.801,0.38338882,6.2840266
9802,9.802,0.38894227,6.2276087
9803,9.803,0.39992598,6.2823296
9804,9.804,0.40941492,6.235821
9805,9.805,0.4133981,6.2240024
9806,9.806,0.4273281,6.1840053
9807,9.807,0.4302037,6.212399
9808,9.808,0.4572209,6.1919627
9809,9.809,0.45180005,6.1981106
9810,9.81,0.463673,6.2157087
9811,9.811,0.4832262,6.2134624
9812,9.812,0.49050418,6.2204933
9813,9.813,0.49442956,6.171467
9814,9.814,0.49416414,6.2137494
9815,9.815,0.506119,6.138
9816,9.816,0.49803308,6.1048164
9817,9.817,0.47290248,6.205151
9818,9.818,0.48820382,6.155518
9819,9.819,0.49861068,6.1597815
9820,9.82,0.48462504,6.1929603
9821,9.821,0.4702782,6.193209
9822,9.822,0.47456688,6.170352
9823,9.823,0.487326,6.219798
9824,9.824,0.4957229,6.1292334
9825,9.825,0.5037534,6.204944
9826,9.826,0.5384922,6.1837287
9827,9.827,0.5237764,6.212452
9828,9.828,0.5466465,6.259978
9829,9.829,0.5496051,6.2486606
9830,9.83,0.544346,6.241858
9831,9.831,0.54217196,6.2666025
9832,9.832,0.56087893,6.1885934
9833,9.833,0.55360925,6.218119
9834,9.834,0.5706335,6.189373
9835,9.835,0.563227,6.1872196
9836,9.836,0.5469249,6.200585
9837,9.837,0.53862184,6.291676
9838,9.838,0.5483661,6.2683907
9839,9.839,0.5297576,6.2075663
9840,9.84,0.5328795,6.2089486
9841,9.841,0.5359928,6.2111216
9842,9.842,0.5240998,6.22714
9843,9.843,0.52945226,6.2084618
9844,9.844,0.5242423,6.297482
9845,9.845,0.51230234,6.281671
9846,9.846,0.5250313,6.3176413
9847,9.847,0.53843,6.230077
9848,9.848,0.53741974,6.263609
9849,9.849,0.52891487,6.2769847
9850,9.85,0.536141,6.3423247
9851,9.851,0.5165548,6.294202
9852,9.852,0.499741,6.200335
9853,9.853,0.47431445,6.246142
9854,9.854,0.45586324,6.272823
9855,9.855,0.4249562,6.264452
9856,9.856,0.4366873,6.2005577
9857,9.857,0.43511233,6.187497
9858,9.858,0.41124156,6.161637
9859,9.859,0.41854304,6.264749
9860,9.86,0.45538372,6.2159944
9861,9.861,0.45156103,6.1550736
9862,9.862,0.448719,6.1636486
9863,9.863,0.44345596,6.0893626
9864,9.864,0.4732536,6.13194
9865,9.865,0.48604435,6.100185
9866,9.866,0.5102184,6.0729814
9867,9.867,0.5510135,6.0826235
9868,9.868,0.5142716,6.045808
9869,9.869,0.49955174,6.1653
9870,9.87,0.50695884,6.2299504
9871,9.871,0.5062478,6.1744328
9872,9.872,0.50467694,6.1916814
9873,9.873,0.5028802,6.15752
9874,9.874,0.49971256,6.11474
9875,9.875,0.5029352,6.0894547
9876,9.876,0.5055534,6.1198125
9877,9.877,0.48960263,6.076831
9878,9.878,0.4634251,6.130731
9879,9.879,0.4689847,6.13745
9880,9.88,0.4572204,6.1587214
9881,9.881,0.45954755,6.0843844
9882,9.882,0.48090932,6.1515994
9883,9.883,0.49299687,6.143384
9884,9.884,0.5142716,6.0852723
9885,9.885,0.49554098,6.0455327
9886,9.886,0.48369676,6.0763497
9887,9.887,0.4837228,6.091797
9888,9.888,0.4758442,6.0882115
9889,9.889,0.49772358,6.1654534
9890,9.89,0.5044036,6.1744127
9891,9.891,0.51165664,6.086295
9892,9.892,0.5040824,6.0710773
9893,9.893,0.49419665,6.0954037
9894,9.894,0.49552652,6.122127
9895,9.895,0.49392173,6.122835
9896,9.896,0.49798432,6.126707
9897,9.897,0.48134685,6.1123796
9898,9.898,0.49660218,6.1736627
9899,9.899,0.50947833,6.0910964
9900,9.9,0.51446396,6.07394
9901,9.901,0.5249353,6.0575175
9902,9.902,0.50762284,6.043645
9903,9.903,0.4928034,6.0464125
9904,9.904,0.47796124,6.082344
9905,9.905,0.46327168,6.084446
9906,9.906,0.46714208,6.1083117
9907,9.907,0.46375474,6.120817
9908,9.908,0.45626244,6.1530323
9909,9.909,0.46082312,6.196571
9910,9.91,0.48145297,6.165793
9911,9.911,0.46800885,6.1501703
9912,9.912,0.46215647,6.159087
9913,9.913,0.4612203,6.159152
9914,9.914,0.423649,6.1207743
9915,9.915,0.4503493,6.063568
9916,9.916,0.4595712,6.063987
9917,9.917,0.45806256,6.1059637
9918,9.918,0.46954957,6.10912
9919,9.919,0.49430236,6.172424
9920,9.92,0.50504375,6.102965
9921,9.921,0.5060407,6.0480514
9922,9.922,0.501586,6.0379534
9923,9.923,0.4897676,6.08002
9924,9.924,0.48999912,6.1197505
9925,9.925,0.487566,6.058826
9926,9.926,0.47231936,6.104785
9927,9.927,0.5173687,6.059976
9928,9.928,0.5093828,6.0464916
9929,9.929,0.52580947,6.0882773
9930,9.93,0.52613276,6.1595736
9931,9.931,0.55957586,6.1094027
9932,9.932,0.5790646,6.171435
9933,9.933,0.60469276,6.1976767
9934,9.934,0.5835984,6.1870866
9935,9.935,0.58398366,6.122845
9936,9.936,0.56269497,6.139846
9937,9.937,0.57983226,6.1771026
9938,9.938,0.56098235,6.203568
9939,9.939,0.5563996,6.26095
9940,9.94,0.52439445,6.1784134
9941,9.941,0.5269771,6.203462
9942,9.942,0.5240207,6.1713176
9943,9.943,0.5072502,6.2098503
9944,9.944,0.49778882,6.2243056
9945,9.945,0.49378878,6.2328157
9946,9.946,0.49527872,6.2165422
9947,9.947,0.49652138,6.206306
9948,9.948,0.49244085,6.2434916
9949,9.949,0.48827034,6.2172484
9950,9.95,0.49370846,6.1729403
9951,9.951,0.4837271,6.1532183
9952,9.952,0.506778,6.1570864
9953,9.953,0.5203192,6.275901
9954,9.954,0.53756493,6.3284793
9955,9.955,0.54215634,6.269041
9956,9.956,0.5754442,6.2749276
9957,9.957,0.5925218,6.3072066
9958,9.958,0.5964735,6.2745132
9959,9.959,0.5848085,6.234223
9960,9.96,0.578223,6.24907
9961,9.961,0.58217263,6.227571
9962,9.962,0.60918695,6.2326427
9963,9.963,0.59502345,6.2409735
9964,9.964,0.5958439,6.244443
9965,9.965,0.6117259,6.240373
9966,9.966,0.6239765,6.2581234
9967,9.967,0.61210716,6.305123
9968,9.968,0.5838865,6.2727675
9969,9.969,0.5776183,6.2996807
9970,9.97,0.60621154,6.224295
9971,9.971,0.62038314,6.26956
9972,9.972,0.6362631,6.1902204
9973,9.973,0.6081656,6.1295094
9974,9.974,0.63233334,6.092303
9975,9.975,0.650118,6.0768456
9976,9.976,0.6600067,6.0772076
9977,9.977,0.63682586,6.0825353
9978,9.978,0.64043987,6.083601
9979,9.979,0.64206135,6.1342826
9980,9.98,0.6266945,6.109408
9981,9.981,0.6221249,6.14144
9982,9.982,0.6118057,6.1505075
9983,9.983,0.6060851,6.1497755
9984,9.984,0.61413395,6.0997043
9985,9.985,0.6204461,6.125145
9986,9.986,0.6402969,6.1069417
9987,9.987,0.619809,6.10583
9988,9.988,0.61987144,6.218626
9989,9.989,0.6145513,6.1890807
9990,9.99,0.6226949,6.2475395
9991,9.991,0.6297708,6.215985
9992,9.992,0.6236964,6.2254415
9993,9.993,0.60250145,6.2045302
9994,9.994,0.5993397,6.21823
9995,9.995,0.60718554,6.171645
9996,9.996,0.6268841,6.2314167
9997,9.997,0.6125461,6.197191
9998,9.998,0.61352736,6.205955
9999,9.999,0.6209789,6.2202997
10000,10.0,0.62516,6.2239923
10001,10.001,0.6208549,6.1691265
10002,10.002,0.6462899,6.1688685
10003,10.003,0.63076967,6.2108984
10004,10.004,0.6050293,6.142404
10005,10.005,0.6259581,6.1444707
10006,10.006,0.60051566,6.124756
10007,10.007,0.60039896,6.1506853
10008,10.008,0.60272795,6.1926703
10009,10.009,0.613708,6.2048197
10010,10.01,0.611148,6.1340303
10011,10.011,0.5713653,6.1125336
10012,10.012,0.58106464,6.1160936
10013,10.013,0.57560676,6.118605
10014,10.014,0.5748433,6.169759
10015,10.015,0.5798528,6.1032605
10016,10.016,0.60240203,6.152614
10017,10.017,0.5822147,6.150218
10018,10.018,0.5738937,6.2199607
10019,10.019,0.57686293,6.1737795
10020,10.02,0.56349194,6.281124
10021,10.021,0.56986517,6.301865
10022,10.022,0.5765697,6.3162913
10023,10.023,0.57142663,6.3206015
10024,10.024,0.5635018,6.3195763
10025,10.025,0.56818634,6.408219
10026,10.026,0.56646645,6.2985735
10027,10.027,0.5644176,6.234315
10028,10.028,0.57084024,6.19907
10029,10.029,0.5767854,6.261231
10030,10.03,0.57204735,6.1980667
10031,10.031,0.5731508,6.150284
10032,10.032,0.5672563,6.2302146
10033,10.033,0.5659499,6.1662526
10034,10.034,0.5770953,6.1370344
10035,10.035,0.5603432,6.1968274
10036,10.036,0.5565834,6.2254934
10037,10.037,0.5805326,6.2184935
10038,10.038,0.59176785,6.1882424
10039,10.039,0.6023368,6.1739655
10040,10.04,0.62273425,6.2073464
10041,10.041,0.61536634,6.1932435
10042,10.042,0.61594146,6.222146
10043,10.043,0.6211609,6.204795
10044,10.044,0.6264373,6.2239513
10045,10.045,0.6341867,6.181271
10046,10.046,0.62374216,6.2138987
10047,10.047,0.60916764,6.202356
10048,10.048,0.60039955,6.1988673
10049,10.049,0.5939024,6.236874
10050,10.05,0.6145424,6.243204
10051,10.051,0.629655,6.175693
10052,10.052,0.6345608,6.2485256
10053,10.053,0.6335902,6.2449756
10054,10.054,0.6303031,6.2363853
10055,10.055,0.65150183,6.237777
10056,10.056,0.6211814,6.2392044
10057,10.057,0.6185243,6.255857
10058,10.058,0.6244675,6.2145047
10059,10.059,0.6157059,6.2595515
10060,10.06,0.5967771,6.2408824
10061,10.061,0.6162252,6.181619
10062,10.062,0.60768074,6.1849294
10063,10.063,0.61111397,6.224998
10064,10.064,0.60360557,6.2437253
10065,10.065,0.60124594,6.2210565
10066,10.066,0.59961313,6.213881
10067,10.067,0.61085206,6.1833267
10068,10.068,0.6294086,6.156201
10069,10.069,0.6362972,6.1442804
10070,10.07,0.6383523,6.2386107
10071,10.071,0.6341019,6.225325
10072,10.072,0.6535078,6.180379
10073,10.073,0.6580745,6.16943
10074,10.074,0.63931906,6.222537
10075,10.075,0.6362858,6.2358136
10076,10.076,0.6086953,6.2269397
10077,10.077,0.61857116,6.2841125
10078,10.078,0.61780435,6.2422576
10079,10.079,0.6218004,6.2231636
10080,10.08,0.62533784,6.2100983
10081,10.081,0.64852893,6.243675
10082,10.082,0.65035874,6.273669
10083,10.083,0.6566907,6.323288
10084,10.084,0.6626543,6.284564
10085,10.085,0.68878293,6.279055
10086,10.086,0.6824922,6.2471504
10087,10.087,0.68108714,6.2973514
10088,10.088,0.69222265,6.253446
10089,10.089,0.70670646,6.279611
10090,10.09,0.7142788,6.278769
10091,10.091,0.7293938,6.275
10092,10.092,0.73800516,6.2593565
10093,10.093,0.7386186,6.2444754
10094,10.094,0.73606193,6.233864
10095,10.095,0.7482602,6.275058
10096,10.096,0.76492923,6.277751
10097,10.097,0.7683558,6.2133923
10098,10.098,0.75070775,6.208416
10099,10.099,0.7586155,6.1842184
10100,10.1,0.74081606,6.1463675
10101,10.101,0.7294833,6.13606
10102,10.102,0.7422433,6.133425
10103,10.103,0.74172693,6.167196
10104,10.104,0.76603675,6.1053305
10105,10.105,0.7680395,6.0699315
10106,10.106,0.7644425,6.0910816
10107,10.107,0.75201774,6.1424327
10108,10.108,0.753066,6.1059237
10109,10.109,0.7449633,6.119391
10110,10.11,0.7479269,6.072616
10111,10.111,0.7313416,6.0774174
10112,10.112,0.7218658,6.0839796
10113,10.113,0.7398252,6.0935583
10114,10.114,0.7189954,6.1188107
10115,10.115,0.7295359,6.0840077
10116,10.116,0.71869355,6.0080304
10117,10.117,0.6775861,6.070724
10118,10.118,0.6868572,6.1219606
10119,10.119,0.6942262,6.1086574
10120,10.12,0.6861684,6.1041327
10121,10.121,0.6767709,6.149538
10122,10.122,0.6751917,6.1702976
10123,10.123,0.672127,6.135845
10124,10.124,0.6704429,6.1128597
10125,10.125,0.6677401,6.082739
10126,10.126,0.67329204,6.07784
10127,10.127,0.6736985,6.151362
10128,10.128,0.67398965,6.2159395
10129,10.129,0.6728311,6.234512
10130,10.13,0.67702556,6.203025
10131,10.131,0.6675867,6.1698146
10132,10.132,0.6702415,6.1551566
10133,10.133,0.64113164,6.106275
10134,10.134,0.6480525,6.1673083
10135,10.135,0.65147966,6.131065
10136,10.136,0.67176074,6.0673275
10137,10.137,0.69444776,6.0967193
10138,10.138,0.71204394,6.098157
10139,10.139,0.6977995,6.0598803
10140,10.14,0.7322528,6.014519
10141,10.141,0.7295846,6.06128
10142,10.142,0.73506254,6.0996714
10143,10.143,0.7317697,6.116898
10144,10.144,0.7286036,6.1097317
10145,10.145,0.74756795,6.1248136
10146,10.146,0.7517155,6.101171
10147,10.147,0.73681206,6.1606526
10148,10.148,0.71987045,6.118212
10149,10.149,0.6928117,6.172201
10150,10.15,0.6813412,6.128012
10151,10.151,0.6781169,6.1937356
10152,10.152,0.6612484,6.1562734
10153,10.153,0.6387981,6.240496
10154,10.154,0.6079692,6.2716
10155,10.155,0.62981546,6.273108
10156,10.156,0.64556456,6.2528143
10157,10.157,0.64997363,6.2268267
10158,10.158,0.6170241,6.24917
10159,10.159,0.59715647,6.2725444
10160,10.16,0.5972581,6.2912517
10161,10.161,0.5726007,6.282463
10162,10.162,0.5736629,6.2942066
10163,10.163,0.5859383,6.2684045
10164,10.164,0.56157017,6.275979
10165,10.165,0.5548065,6.2788687
10166,10.166,0.54515505,6.2236314
10167,10.167,0.54874563,6.296344
10168,10.168,0.55550903,6.249458
10169,10.169,0.5373522,6.3009133
10170,10.17,0.5250633,6.2316303
10171,10.171,0.5084465,6.3234777
10172,10.172,0.48606387,6.301669
10173,10.173,0.48935723,6.278703
10174,10.174,0.474872,6.2492185
10175,10.175,0.4836671,6.282835
10176,10.176,0.47509807,6.220173
10177,10.177,0.49389505,6.2409506
10178,10.178,0.48584524,6.2296124
10179,10.179,0.47586802,6.241626
10180,10.18,0.48527434,6.264568
10181,10.181,0.50543743,6.255917
10182,10.182,0.5023869,6.255919
10183,10.183,0.48042953,6.2435455
10184,10.184,0.475894,6.251378
10185,10.185,0.4793065,6.26683
10186,10.186,0.48424158,6.25411
10187,10.187,0.46927768,6.2266974
10188,10.188,0.4851171,6.2972884
10189,10.189,0.47665516,6.328458
10190,10.19,0.46700868,6.3317647
10191,10.191,0.46940845,6.355086
10192,10.192,0.46703887,6.298602
10193,10.193,0.45422345,6.2909307
10194,10.194,0.47677228,6.284664
10195,10.195,0.48463506,6.2650933
10196,10.196,0.47831422,6.2850266
10197,10.197,0.4743113,6.1965265
10198,10.198,0.48473904,6.267788
10199,10.199,0.47272766,6.273098
10200,10.2,0.47549185,6.267257
10201,10.201,0.48558512,6.309924
10202,10.202,0.4982368,6.3229175
10203,10.203,0.49916816,6.2311487
10204,10.204,0.5004857,6.2588468
10205,10.205,0.5008669,6.251297
10206,10.206,0.50215125,6.3233294
10207,10.207,0.48449597,6.308743
10208,10.208,0.49262768,6.2647038
10209,10.209,0.4903137,6.2963796
10210,10.21,0.48002708,6.2579722
10211,10.211,0.46242577,6.2596235
10212,10.212,0.46531996,6.239525
10213,10.213,0.45374575,6.2887917
10214,10.214,0.45077622,6.306559
10215,10.215,0.44665152,6.3398495
10216,10.216,0.46503246,6.2421002
10217,10.217,0.48390463,6.257051
10218,10.218,0.4730264,6.275525
10219,10.219,0.45694146,6.280558
10220,10.22,0.43743685,6.282723
10221,10.221,0.44106147,6.2610974
10222,10.222,0.46275863,6.2537875
10223,10.223,0.47535032,6.2340145
10224,10.224,0.46888536,6.233636
10225,10.225,0.4744007,6.252808
10226,10.226,0.49413115,6.2619452
10227,10.227,0.48549774,6.2643247
10228,10.228,0.46449074,6.2892
10229,10.229,0.4854287,6.315791
10230,10.23,0.48785305,6.316961
10231,10.231,0.48374504,6.381182
10232,10.232,0.46451735,6.337676
10233,10.233,0.48283875,6.340601
10234,10.234,0.45714074,6.3510785
10235,10.235,0.46090364,6.34206
10236,10.236,0.4564071,6.3723054
10237,10.237,0.46335676,6.321988
10238,10.238,0.4449219,6.4229665
10239,10.239,0.44640714,6.4138994
10240,10.24,0.45746103,6.446748
10241,10.241,0.4599752,6.325831
10242,10.242,0.4514924,6.3100214
10243,10.243,0.4631791,6.302842
10244,10.244,0.4636381,6.35093
10245,10.245,0.47874495,6.331271
10246,10.246,0.4803684,6.347836
10247,10.247,0.483708,6.3324986
10248,10.248,0.48070952,6.321222
10249,10.249,0.47541404,6.3209767
10250,10.25,0.46286178,6.314042
10251,10.251,0.47804204,6.3219357
10252,10.252,0.45588633,6.3150454
10253,10.253,0.47274452,6.390718
10254,10.254,0.47608247,6.3143444
10255,10.255,0.4730799,6.3439693
10256,10.256,0.4699556,6.374363
10257,10.257,0.486659,6.3466887
10258,10.258,0.49183178,6.2839327
10259,10.259,0.5139154,6.31972
10260,10.26,0.49197373,6.2877812
10261,10.261,0.49544927,6.2655973
10262,10.262,0.49252865,6.2509737
10263,10.263,0.50207573,6.343007
10264,10.264,0.4979437,6.345615
10265,10.265,0.50922143,6.368325
10266,10.266,0.51519597,6.38778
10267,10.267,0.5003772,6.3956356
10268,10.268,0.5000585,6.3807197
10269,10.269,0.4907499,6.3691287
10270,10.27,0.50266737,6.349325
10271,10.271,0.5132352,6.370665
10272,10.272,0.51890093,6.3709054
10273,10.273,0.5226558,6.3931913
10274,10.274,0.5297399,6.382372
10275,10.275,0.5354622,6.418504
10276,10.276,0.53943634,6.403407
10277,10.277,0.5337099,6.3695545
10278,10.278,0.55215824,6.4139647
10279,10.279,0.53561807,6.4067416
10280,10.28,0.5309185,6.37744
10281,10.281,0.54268193,6.432153
10282,10.282,0.5454084,6.4146347
10283,10.283,0.54133296,6.4501147
10284,10.284,0.5098689,6.398975
10285,10.285,0.5256666,6.4109454
10286,10.286,0.49966142,6.345983
10287,10.287,0.4991969,6.2984324
10288,10.288,0.5036605,6.201609
10289,10.289,0.50975823,6.246128
10290,10.29,0.5079345,6.265946
10291,10.291,0.52681804,6.272854
10292,10.292,0.51983553,6.2840858
10293,10.293,0.5115552,6.214752
10294,10.294,0.51491314,6.228634
10295,10.295,0.49554005,6.295208
10296,10.296,0.50376815,6.252504
10297,10.297,0.51944226,6.26244
10298,10.298,0.51006836,6.2997355
10299,10.299,0.5073691,6.256775
10300,10.3,0.49937886,6.221601
10301,10.301,0.5124589,6.2385893
10302,10.302,0.533864,6.274982
10303,10.303,0.51008743,6.2638073
10304,10.304,0.5518981,6.286696
10305,10.305,0.5729174,6.2940235
10306,10.306,0.5739004,6.3091598
10307,10.307,0.5806867,6.262247
10308,10.308,0.5845023,6.210678
10309,10.309,0.5642527,6.1534834
10310,10.31,0.5851429,6.168546
10311,10.311,0.6004252,6.189246
10312,10.312,0.603286,6.2417207
10313,10.313,0.5954555,6.2214904
10314,10.314,0.6061009,6.2723174
10315,10.315,0.59265697,6.2168036
10316,10.316,0.61109406,6.202067
10317,10.317,0.6184028,6.192618
10318,10.318,0.6327794,6.2447996
10319,10.319,0.6478684,6.3166914
10320,10.32,0.6389999,6.2560053
10321,10.321,0.6461976,6.230222
10322,10.322,0.61673,6.1941385
10323,10.323,0.636343,6.271487
10324,10.324,0.58979595,6.2382336
10325,10.325,0.6033554,6.17278
10326,10.326,0.581484,6.209191
10327,10.327,0.5951478,6.215192
10328,10.328,0.60732263,6.1490674
10329,10.329,0.6252293,6.1794624
10330,10.33,0.63166374,6.175235
10331,10.331,0.6310128,6.2190185
10332,10.332,0.6283568,6.170124
10333,10.333,0.6114052,6.2009115
10334,10.334,0.6040895,6.273113
10335,10.335,0.57546353,6.2763042
10336,10.336,0.57930773,6.192221
10337,10.337,0.55885816,6.2571077
10338,10.338,0.54321396,6.26025
10339,10.339,0.5368615,6.269776
10340,10.34,0.52892405,6.2271395
10341,10.341,0.5476272,6.2311206
10342,10.342,0.5460809,6.1951704
10343,10.343,0.5430281,6.230156
10344,10.344,0.53128874,6.2787437
10345,10.345,0.5484399,6.3097215
10346,10.346,0.533921,6.2165036
10347,10.347,0.5310217,6.2276096
10348,10.348,0.50933564,6.239083
10349,10.349,0.5255824,6.2461133
10350,10.35,0.5309135,6.211743
10351,10.351,0.5231282,6.2424617
10352,10.352,0.4950142,6.3387256
10353,10.353,0.5010624,6.260091
10354,10.354,0.481866,6.3043194
10355,10.355,0.48063785,6.3082123
10356,10.356,0.47994447,6.316152
10357,10.357,0.47709632,6.2925825
10358,10.358,0.47426936,6.3517623
10359,10.359,0.4707553,6.3513813
10360,10.36,0.48095208,6.3376412
10361,10.361,0.46459177,6.3661556
10362,10.362,0.4531541,6.340585
10363,10.363,0.4620469,6.330177
10364,10.364,0.46976712,6.3462443
10365,10.365,0.46579275,6.358245
10366,10.366,0.4722102,6.3292317
10367,10.367,0.46291697,6.306178
10368,10.368,0.46855143,6.344392
10369,10.369,0.46437177,6.3338156
10370,10.37,0.4717468,6.354143
10371,10.371,0.48207563,6.294696
10372,10.372,0.4929155,6.274846
10373,10.373,0.49715492,6.256438
10374,10.374,0.51028544,6.2834296
10375,10.375,0.54982823,6.318833
10376,10.376,0.55196744,6.3159385
10377,10.377,0.52267903,6.3016386
10378,10.378,0.54683864,6.394577
10379,10.379,0.5276284,6.3389797
10380,10.38,0.5320093,6.315
10381,10.381,0.5149816,6.3212104
10382,10.382,0.5199454,6.2939954
10383,10.383,0.53085256,6.2864594
10384,10.384,0.52668417,6.27611
10385,10.385,0.51548487,6.2909346
10386,10.386,0.53665173,6.309379
10387,10.387,0.5526908,6.3465905
10388,10.388,0.5403307,6.3657756
10389,10.389,0.55098623,6.3480296
10390,10.39,0.56498957,6.3601284
10391,10.391,0.5709004,6.346229
10392,10.392,0.5898561,6.326049
10393,10.393,0.58060545,6.3044677
10394,10.394,0.56289524,6.275409
10395,10.395,0.57324296,6.3070397
10396,10.396,0.58657104,6.2825694
10397,10.397,0.5762161,6.355596
10398,10.398,0.5840494,6.374294
10399,10.399,0.5551285,6.3654475
10400,10.4,0.5632018,6.367201
10401,10.401,0.5569057,6.3323574
10402,10.402,0.54278284,6.3753495
10403,10.403,0.52561706,6.3273087
10404,10.404,0.5289164,6.318016
10405,10.405,0.5175353,6.337586
10406,10.406,0.50230086,6.3369927
10407,10.407,0.4933597,6.2625127
10408,10.408,0.4861592,6.2777653
10409,10.409,0.49916816,6.345344
10410,10.41,0.4664125,6.294254
10411,10.411,0.450807,6.3301907
10412,10.412,0.46339244,6.3522744
10413,10.413,0.47594333,6.299617
10414,10.414,0.47126138,6.385639
10415,10.415,0.4686035,6.3890977
10416,10.416,0.45286012,6.345117
10417,10.417,0.44275916,6.3427043
10418,10.418,0.46586743,6.3965006
10419,10.419,0.47009602,6.391937
10420,10.42,0.4580759,6.3770537
10421,10.421,0.4656994,6.336663
10422,10.422,0.45907086,6.2788568
10423,10.423,0.47022852,6.279683
10424,10.424,0.48891532,6.2517657
10425,10.425,0.4995404,6.2420654
10426,10.426,0.5287944,6.258922
10427,10.427,0.52370065,6.2852793
10428,10.428,0.5154084,6.268521
10429,10.429,0.5168633,6.2240586
10430,10.43,0.5229826,6.2352886
10431,10.431,0.52131176,6.269223
10432,10.432,0.5306622,6.22105
10433,10.433,0.5252871,6.2093015
10434,10.434,0.51386505,6.2107534
10435,10.435,0.506663,6.252708
10436,10.436,0.4937101,6.2585607
10437,10.437,0.48904815,6.302564
10438,10.438,0.49049217,6.2893996
10439,10.439,0.49372345,6.289936
10440,10.44,0.49860582,6.2647758
10441,10.441,0.49753633,6.2787776
10442,10.442,0.49171755,6.274255
10443,10.443,0.4594922,6.2393117
10444,10.444,0.44655627,6.2061343
10445,10.445,0.4443869,6.2795005
10446,10.446,0.4266811,6.261352
10447,10.447,0.43773985,6.3220944
10448,10.448,0.4352972,6.2536783
10449,10.449,0.41796377,6.218931
10450,10.45,0.41373295,6.205384
10451,10.451,0.42667082,6.2502723
10452,10.452,0.4302365,6.364539
10453,10.453,0.4163882,6.340886
10454,10.454,0.41944742,6.3162894
10455,10.455,0.4499975,6.2913666
10456,10.456,0.44137064,6.327474
10457,10.457,0.43255594,6.335299
10458,10.458,0.4567671,6.308682
10459,10.459,0.46921018,6.3038206
10460,10.46,0.4637652,6.3500876
10461,10.461,0.45515853,6.3496027
10462,10.462,0.46323997,6.3181334
10463,10.463,0.46185973,6.272264
10464,10.464,0.46783468,6.311232
10465,10.465,0.4682612,6.2909493
10466,10.466,0.47831303,6.255199
10467,10.467,0.49858263,6.335513
10468,10.468,0.49988046,6.316863
10469,10.469,0.49730465,6.3012505
10470,10.47,0.48914886,6.3189993
10471,10.471,0.51890075,6.3342824
10472,10.472,0.5317737,6.384638
10473,10.473,0.50486106,6.36649
10474,10.474,0.4916891,6.3902535
10475,10.475,0.4655055,6.4081044
10476,10.476,0.48618963,6.315561
10477,10.477,0.47827217,6.3242726
10478,10.478,0.46065855,6.295102
10479,10.479,0.4646057,6.2699256
10480,10.48,0.45726743,6.2737503
10481,10.481,0.43387413,6.1649737
10482,10.482,0.43624738,6.2196813
10483,10.483,0.4407277,6.263751
10484,10.484,0.44826356,6.2876673
10485,10.485,0.45038193,6.240181
10486,10.486,0.46221098,6.258639
10487,10.487,0.48121065,6.1963153
10488,10.488,0.48295748,6.2428336
10489,10.489,0.4989347,6.1859555
10490,10.49,0.4864806,6.297059
10491,10.491,0.4704399,6.336736
10492,10.492,0.47975823,6.3755383
10493,10.493,0.4874797,6.3930407
10494,10.494,0.47358885,6.3832726
10495,10.495,0.45870084,6.409092
10496,10.496,0.45399484,6.4441633
10497,10.497,0.4417395,6.3766646
10498,10.498,0.44235665,6.3657417
10499,10.499,0.42574325,6.4022894
10500,10.5,0.44861183,6.416687
10501,10.501,0.4243192,6.436476
10502,10.502,0.4316528,6.326448
10503,10.503,0.45399538,6.3073993
10504,10.504,0.45126474,6.2676015
10505,10.505,0.44246116,6.232618
10506,10.506,0.45344633,6.3163114
10507,10.507,0.4482094,6.2044806
10508,10.508,0.4483043,6.240392
10509,10.509,0.44899198,6.2078085
10510,10.51,0.43798563,6.2405314
10511,10.511,0.43509477,6.2134843
10512,10.512,0.43355268,6.20933
10513,10.513,0.416993,6.2558856
10514,10.514,0.44646356,6.232863
10515,10.515,0.41925395,6.3175616
10516,10.516,0.40507996,6.3584027
10517,10.517,0.3927169,6.3436184
10518,10.518,0.39540341,6.375919
10519,10.519,0.39249316,6.3020945
10520,10.52,0.4060496,6.2999954
10521,10.521,0.4189784,6.2875195
10522,10.522,0.4151741,6.300616
10523,10.523,0.3999589,6.3403525
10524,10.524,0.40698007,6.3587317
10525,10.525,0.39972472,6.3637247
10526,10.526,0.4032615,6.3428063
10527,10.527,0.38549006,6.3254547
10528,10.528,0.40346155,6.3596296
10529,10.529,0.39621416,6.353548
10530,10.53,0.42033225,6.393899
10531,10.531,0.41194877,6.357824
10532,10.532,0.4107066,6.408858
10533,10.533,0.3841894,6.377065
10534,10.534,0.3933334,6.3606462
10535,10.535,0.40351483,6.2938056
10536,10.536,0.4197009,6.2692165
10537,10.537,0.42176485,6.256749
10538,10.538,0.43734196,6.303789
10539,10.539,0.4208682,6.277119
10540,10.54,0.40121707,6.2876143
10541,10.541,0.39603963,6.299085
10542,10.542,0.3754615,6.3990602
10543,10.543,0.3669135,6.333388
10544,10.544,0.37721968,6.271056
10545,10.545,0.38904095,6.2243276
10546,10.546,0.40657765,6.2329426
10547,10.547,0.41019514,6.2633743
10548,10.548,0.42087755,6.2724123
10549,10.549,0.40873334,6.226185
10550,10.55,0.3933481,6.22571
10551,10.551,0.38235325,6.2135134
10552,10.552,0.3865932,6.2151613
10553,10.553,0.3814876,6.181059
10554,10.554,0.37278074,6.233006
10555,10.555,0.37101835,6.201258
10556,10.556,0.36832663,6.210803
10557,10.557,0.35901004,6.2336397
10558,10.558,0.34922147,6.2707043
10559,10.559,0.3590242,6.188816
10560,10.56,0.37117848,6.189667
10561,10.561,0.39679083,6.139558
10562,10.562,0.37894836,6.1492114
10563,10.563,0.3738373,6.1796703
10564,10.564,0.35720947,6.2153015
10565,10.565,0.352948,6.2368402
10566,10.566,0.35916394,6.2387114
10567,10.567,0.37213582,6.200074
10568,10.568,0.39582127,6.244421
10569,10.569,0.3661383,6.208945
10570,10.57,0.36171165,6.2113795
10571,10.571,0.3848346,6.228988
10572,10.572,0.37534264,6.2015853
10573,10.573,0.3600993,6.254378
10574,10.574,0.3569097,6.207338
10575,10.575,0.36608902,6.199321
10576,10.576,0.35168546,6.190332
10577,10.577,0.35707483,6.1800756
10578,10.578,0.35370833,6.213697
10579,10.579,0.35994968,6.2301116
10580,10.58,0.39114076,6.1961346
10581,10.581,0.3858653,6.1830297
10582,10.582,0.40628755,6.1240077
10583,10.583,0.40076792,6.1448693
10584,10.584,0.3789093,6.1823854
10585,10.585,0.3915354,6.1117024
10586,10.586,0.3794946,6.152071
10587,10.587,0.39084452,6.0894
10588,10.588,0.36475918,6.1232424
10589,10.589,0.33872622,6.1037807
10590,10.59,0.3419394,6.027811
10591,10.591,0.319574,6.069875
10592,10.592,0.32465202,6.1336713
10593,10.593,0.3200959,6.2037888
10594,10.594,0.31232238,6.2018657
10595,10.595,0.3095445,6.227743
10596,10.596,0.2975129,6.1845293
10597,10.597,0.3035746,6.213772
10598,10.598,0.28422153,6.2573543
10599,10.599,0.28310657,6.275129
10600,10.6,0.27085495,6.284355
10601,10.601,0.26238748,6.180493
10602,10.602,0.24037844,6.189063
10603,10.603,0.2232266,6.1738405
10604,10.604,0.19878308,6.1498675
10605,10.605,0.20927595,6.180066
10606,10.606,0.251456,6.1980133
10607,10.607,0.23981032,6.1950603
10608,10.608,0.23961164,6.2510486
10609,10.609,0.21256866,6.247385
10610,10.61,0.1979334,6.3155603
10611,10.611,0.18436658,6.264737
10612,10.612,0.18511619,6.2706456
10613,10.613,0.1939083,6.1998186
10614,10.614,0.19179359,6.218811
10615,10.615,0.19178635,6.2135143
10616,10.616,0.19410731,6.199986
10617,10.617,0.17949697,6.2033486
10618,10.618,0.16727775,6.261663
10619,10.619,0.1621689,6.190144
10620,10.62,0.1688364,6.2308216
10621,10.621,0.14991756,6.2109084
10622,10.622,0.14504223,6.2084026
10623,10.623,0.16367029,6.2147436
10624,10.624,0.1683743,6.186218
10625,10.625,0.18652336,6.1504207
10626,10.626,0.1879323,6.206013
10627,10.627,0.1623641,6.206125
10628,10.628,0.16399767,6.1949577
10629,10.629,0.14836428,6.2796702
10630,10.63,0.14210345,6.2647986
10631,10.631,0.15382078,6.2707934
10632,10.632,0.15554707,6.278251
10633,10.633,0.16439474,6.2607956
10634,10.634,0.16873367,6.251547
10635,10.635,0.1681421,6.25251
10636,10.636,0.17382912,6.26931
10637,10.637,0.17713597,6.215767
10638,10.638,0.1780018,6.1916714
10639,10.639,0.19274952,6.183127
10640,10.64,0.18354842,6.211573
10641,10.641,0.16750564,6.2932534
10642,10.642,0.16260457,6.257285
10643,10.643,0.1662129,6.2683077
10644,10.644,0.18143782,6.2423835
10645,10.645,0.17681593,6.177363
10646,10.646,0.15698954,6.2002006
10647,10.647,0.14778502,6.2388916
10648,10.648,0.13806829,6.255589
10649,10.649,0.13468455,6.2751245
10650,10.65,0.15102229,6.2153625
10651,10.651,0.1449625,6.1717243
10652,10.652,0.15498273,6.2763147
10653,10.653,0.14655341,6.3158946
10654,10.654,0.14619328,6.3708553
10655,10.655,0.17711118,6.422117
10656,10.656,0.20484886,6.3973126
10657,10.657,0.17819522,6.351377
10658,10.658,0.17625147,6.406074
10659,10.659,0.17466237,6.375714
10660,10.66,0.19591172,6.35783
10661,10.661,0.18268609,6.3477435
10662,10.662,0.1680967,6.4137645
10663,10.663,0.16347948,6.323871
10664,10.664,0.16834134,6.2321157
10665,10.665,0.186594,6.308964
10666,10.666,0.19676778,6.2672467
10667,10.667,0.19995546,6.3120136
10668,10.668,0.23596466,6.2674828
10669,10.669,0.2511625,6.248081
10670,10.67,0.23681945,6.229168
10671,10.671,0.24486941,6.2176175
10672,10.672,0.2702149,6.2084546
10673,10.673,0.24319537,6.2084484
10674,10.674,0.24832797,6.3018327
10675,10.675,0.25448653,6.3046227
10676,10.676,0.25270972,6.2641196
10677,10.677,0.2671793,6.2190204
10678,10.678,0.2610536,6.237949
10679,10.679,0.25516877,6.2556496
10680,10.68,0.24555391,6.290781
10681,10.681,0.23280726,6.2781906
10682,10.682,0.21658963,6.3057656
10683,10.683,0.24357818,6.3401318
10684,10.684,0.2501359,6.337469
10685,10.685,0.25696817,6.3466907
10686,10.686,0.24421708,6.401851
10687,10.687,0.25388712,6.352696
10688,10.688,0.22613452,6.2844753
10689,10.689,0.20938087,6.3628054
10690,10.69,0.20628954,6.388468
10691,10.691,0.2141453,6.458324
10692,10.692,0.21260346,6.391989
10693,10.693,0.20243637,6.3709826
10694,10.694,0.20627497,6.411673
10695,10.695,0.19745627,6.366094
10696,10.696,0.193481,6.367088
10697,10.697,0.18270254,6.4090056
10698,10.698,0.20249575,6.314362
10699,10.699,0.17807193,6.356336
10700,10.7,0.18654567,6.30228
10701,10.701,0.18368061,6.3136725
10702,10.702,0.17828992,6.2917905
10703,10.703,0.19596954,6.2308598
10704,10.704,0.19233166,6.249211
10705,10.705,0.18657541,6.2681236
10706,10.706,0.18181333,6.3232093
10707,10.707,0.18506747,6.3917685
10708,10.708,0.16658388,6.3310785
10709,10.709,0.16560674,6.286274
10710,10.71,0.17035772,6.310651
10711,10.711,0.15271662,6.3382354
10712,10.712,0.15822321,6.3403635
10713,10.713,0.15687905,6.3440943
10714,10.714,0.1659122,6.28056
10715,10.715,0.1587003,6.2903614
10716,10.716,0.15355904,6.355626
10717,10.717,0.16677669,6.368005
10718,10.718,0.18008721,6.334806
10719,10.719,0.15990053,6.3285017
10720,10.72,0.12855065,6.367077
10721,10.721,0.11879812,6.369016
10722,10.722,0.13574804,6.357482
10723,10.723,0.14221565,6.3516254
10724,10.724,0.16396947,6.3164988
10725,10.725,0.1644341,6.33937
10726,10.726,0.13451965,6.390864
10727,10.727,0.14074497,6.3216944
10728,10.728,0.13443369,6.3905306
10729,10.729,0.11850584,6.3955216
10730,10.73,0.114222266,6.3854723
10731,10.731,0.09178869,6.395928
10732,10.732,0.0943596,6.3874054
10733,10.733,0.10225669,6.402277
10734,10.734,0.09866899,6.428217
10735,10.735,0.079677984,6.4197426
10736,10.736,0.09353026,6.3709035
10737,10.737,0.10774154,6.3823605
10738,10.738,0.104316,6.408326
10739,10.739,0.09389539,6.4145913
10740,10.74,0.08062409,6.380783
10741,10.741,0.08646318,6.3145623
10742,10.742,0.105310805,6.3683777
10743,10.743,0.10094143,6.3609686
10744,10.744,0.108334295,6.4026694
10745,10.745,0.09928798,6.4798603
10746,10.746,0.091604635,6.422366
10747,10.747,0.09267854,6.4216127
10748,10.748,0.09462385,6.386733
10749,10.749,0.086479224,6.406405
10750,10.75,0.10336532,6.4332213
10751,10.751,0.08996204,6.3673596
10752,10.752,0.09625173,6.366449
10753,10.753,0.088584304,6.390421
10754,10.754,0.08745486,6.3984222
10755,10.755,0.09640294,6.3072557
10756,10.756,0.093986444,6.343885
10757,10.757,0.08777678,6.3552575
10758,10.758,0.074594714,6.3618193
10759,10.759,0.05635315,6.3672733
10760,10.76,0.07665823,6.3765264
10761,10.761,0.07190883,6.3680844
10762,10.762,0.0719474,6.361597
10763,10.763,0.06271787,6.378089
10764,10.764,0.0884145,6.377303
10765,10.765,0.080129355,6.3974004
10766,10.766,0.0777988,6.4152427
10767,10.767,0.081004575,6.4658074
10768,10.768,0.076283336,6.496909
10769,10.769,0.097222045,6.483166
10770,10.77,0.11426679,6.4846516
10771,10.771,0.12038527,6.5110226
10772,10.772,0.12971616,6.4223976
10773,10.773,0.1388847,6.373834
10774,10.774,0.12550023,6.393281
10775,10.775,0.11729004,6.4340425
10776,10.776,0.11838287,6.3766026
10777,10.777,0.11156617,6.366101
10778,10.778,0.11022775,6.379379
10779,10.779,0.11468283,6.3620553
10780,10.78,0.10050992,6.40505
10781,10.781,0.10791735,6.3825183
10782,10.782,0.10997578,6.3467145
10783,10.783,0.12089311,6.359109
10784,10.784,0.120782144,6.3392787
10785,10.785,0.10967896,6.390112
10786,10.786,0.11091149,6.3481
10787,10.787,0.11100942,6.3618236
10788,10.788,0.111232035,6.3955536
10789,10.789,0.10902991,6.3609366
10790,10.79,0.108223274,6.468939
10791,10.791,0.10510863,6.486572
10792,10.792,0.12605351,6.450636
10793,10.793,0.09809796,6.5043244
10794,10.794,0.104256146,6.4709125
10795,10.795,0.09268602,6.465411
10796,10.796,0.09709593,6.5281944
10797,10.797,0.11067778,6.5589795
10798,10.798,0.106784545,6.519907
10799,10.799,0.10894718,6.5124674
10800,10.8,0.10001877,6.523885
10801,10.801,0.10184665,6.4727654
10802,10.802,0.10774154,6.4651875
10803,10.803,0.102716886,6.507556
10804,10.804,0.095975116,6.4681225
10805,10.805,0.10162849,6.3950143
10806,10.806,0.08320932,6.365447
10807,10.807,0.09075267,6.4098577
10808,10.808,0.085346304,6.416523
10809,10.809,0.076328784,6.4315825
10810,10.81,0.08009184,6.43158
10811,10.811,0.0883177,6.455596
10812,10.812,0.08461447,6.481261
10813,10.813,0.08389555,6.4554367
10814,10.814,0.06974134,6.445508
10815,10.815,0.0734516,6.487209
10816,10.816,0.073721796,6.48044
10817,10.817,0.06453468,6.4696426
10818,10.818,0.06416462,6.4549704
10819,10.819,0.07137313,6.3861504
10820,10.82,0.06856453,6.3376513
10821,10.821,0.07165116,6.393524
10822,10.822,0.072663635,6.4276767
10823,10.823,0.08487365,6.4852333
10824,10.824,0.104506426,6.4785743
10825,10.825,0.10244418,6.5649705
10826,10.826,0.10895567,6.5387845
10827,10.827,0.10471638,6.4669294
10828,10.828,0.12803887,6.4964333
10829,10.829,0.13508904,6.4890327
10830,10.83,0.13064145,6.4650397
10831,10.831,0.16258466,6.523687
10832,10.832,0.16848548,6.526318
10833,10.833,0.1678889,6.5119567
10834,10.834,0.16096549,6.537833
10835,10.835,0.13849296,6.507538
10836,10.836,0.14180051,6.5394316
10837,10.837,0.122443676,6.498155
10838,10.838,0.120619334,6.5078278
10839,10.839,0.121366456,6.5196767
10840,10.84,0.13092782,6.5367227
10841,10.841,0.12785274,6.461203
10842,10.842,0.12718374,6.4242406
10843,10.843,0.1475016,6.5449986
10844,10.844,0.14873002,6.5522385
10845,10.845,0.15039486,6.5563602
10846,10.846,0.12802081,6.502657
10847,10.847,0.103945225,6.423064
10848,10.848,0.1005697,6.4572434
10849,10.849,0.12072279,6.4436417
10850,10.85,0.11972281,6.421715
10851,10.851,0.1343408,6.382332
10852,10.852,0.13247088,6.4704604
10853,10.853,0.13682018,6.454332
10854,10.854,0.14034852,6.39909
10855,10.855,0.12411091,6.4294767
10856,10.856,0.12257955,6.4903793
10857,10.857,0.13467081,6.4670706
10858,10.858,0.14020678,6.4397917
10859,10.859,0.12419843,6.464442
10860,10.86,0.1346691,6.4521694
10861,10.861,0.14030734,6.4955454
10862,10.862,0.12707463,6.5104127
10863,10.863,0.12471113,6.4281497
10864,10.864,0.13994105,6.44735
10865,10.865,0.13326086,6.4791956
10866,10.866,0.14631185,6.498886
10867,10.867,0.15511246,6.485324
10868,10.868,0.1603957,6.4246297
10869,10.869,0.16425262,6.5554647
10870,10.87,0.1548917,6.5118914
10871,10.871,0.13685396,6.492518
10872,10.872,0.14458244,6.492888
10873,10.873,0.16044182,6.4668736
10874,10.874,0.14455844,6.5289593
10875,10.875,0.14765199,6.511579
10876,10.876,0.14917548,6.5497613
10877,10.877,0.16887747,6.4452467
10878,10.878,0.17586935,6.434299
10879,10.879,0.16169633,6.428805
10880,10.88,0.14833312,6.4540515
10881,10.881,0.1443584,6.508038
10882,10.882,0.14825359,6.5099134
10883,10.883,0.15763178,6.4021673
10884,10.884,0.17475103,6.4462996
10885,10.885,0.21772772,6.49756
10886,10.886,0.19886796,6.512715
10887,10.887,0.1954261,6.543905
10888,10.888,0.19413233,6.5048876
10889,10.889,0.19713871,6.4968495
10890,10.89,0.21428022,6.5491614
10891,10.891,0.19925123,6.5514054
10892,10.892,0.19026017,6.543293
10893,10.893,0.19189602,6.5574155
10894,10.894,0.2009278,6.6197305
10895,10.895,0.18652213,6.6102037
10896,10.896,0.19083771,6.624493
10897,10.897,0.1868404,6.620933
10898,10.898,0.21403623,6.607617
10899,10.899,0.1938618,6.5868707
10900,10.9,0.16302063,6.580168
10901,10.901,0.20760667,6.5764904
10902,10.902,0.19793692,6.529141
10903,10.903,0.1948052,6.572568
10904,10.904,0.17423828,6.5883007
10905,10.905,0.17736815,6.5597577
10906,10.906,0.17471531,6.58497
10907,10.907,0.15842474,6.577995
10908,10.908,0.16018945,6.5084147
10909,10.909,0.14048354,6.4822803
10910,10.91,0.12644356,6.6367855
10911,10.911,0.13677962,6.6354194
10912,10.912,0.14284341,6.6465096
10913,10.913,0.13672383,6.6060653
10914,10.914,0.12865132,6.5464115
10915,10.915,0.1384963,6.5579543
10916,10.916,0.14731653,6.6136403
10917,10.917,0.16070962,6.5669975
10918,10.918,0.15726176,6.5679393
10919,10.919,0.18053725,6.5864086
10920,10.92,0.1827481,6.5814843
10921,10.921,0.17119841,6.5677447
10922,10.922,0.17405906,6.52156
10923,10.923,0.15957923,6.49891
10924,10.924,0.13899119,6.5628767
10925,10.925,0.14681819,6.514467
10926,10.926,0.15762445,6.56493
10927,10.927,0.15893613,6.5363135
10928,10.928,0.16715607,6.500788
10929,10.929,0.17572995,6.5551515
10930,10.93,0.19172847,5.211375
10931,10.931,0.21373357,6.6102853
10932,10.932,0.20446818,6.5872755
10933,10.933,0.22066934,6.617379
10934,10.934,0.21871196,6.5928617
10935,10.935,0.21455085,6.5436344
10936,10.936,0.20288356,6.568388
10937,10.937,0.21307707,6.6007495
10938,10.938,0.21474257,6.5853477
10939,10.939,0.2137909,6.494531
10940,10.94,0.21695651,6.6190653
10941,10.941,0.22910848,6.6238875
10942,10.942,0.23131785,6.628812
10943,10.943,0.23671204,6.6151085
10944,10.944,0.23408481,6.6502576
10945,10.945,0.22721261,6.6205215
10946,10.946,0.20370351,6.6364174
10947,10.947,0.222731,6.607161
10948,10.948,0.21550454,6.588927
10949,10.949,0.23872909,6.5944166
10950,10.95,0.25330913,6.5889964
10951,10.951,0.25356364,6.5160604
10952,10.952,0.26232228,6.539661
10953,10.953,0.25928614,6.4755692
10954,10.954,0.23464414,6.5304847
10955,10.955,0.2457619,6.5467334
10956,10.956,0.2556675,6.4818106
10957,10.957,0.25277647,6.504162
10958,10.958,0.24423696,6.542388
10959,10.959,0.25476253,6.5650096
10960,10.96,0.2780647,6.5706744
10961,10.961,0.27600676,6.6012692
10962,10.962,0.2781046,6.5628943
10963,10.963,0.28848687,6.5434365
10964,10.964,0.29122192,6.636676
10965,10.965,0.30426684,6.6097326
10966,10.966,0.32007062,6.5614
10967,10.967,0.32372278,6.5524936
10968,10.968,0.32897294,6.576438
10969,10.969,0.30145305,6.619174
10970,10.97,0.2954754,6.5960298
10971,10.971,0.2701918,6.6258583
10972,10.972,0.24495342,6.5863395
10973,10.973,0.2597761,6.554546
10974,10.974,0.2603619,6.584056
10975,10.975,0.24872611,6.4914913
10976,10.976,0.24116103,6.6088943
10977,10.977,0.22714646,6.6589546
10978,10.978,0.21135248,6.6210017
10979,10.979,0.20591488,6.69505
10980,10.98,0.21482114,6.7267985
10981,10.981,0.20477548,6.722216
10982,10.982,0.20997958,6.759402
10983,10.983,0.23100281,6.6896653
10984,10.984,0.2564332,6.6958303
10985,10.985,0.2599389,6.6222043
10986,10.986,0.24961314,6.65152
10987,10.987,0.22883384,6.7025757
10988,10.988,0.23527978,6.6913934
10989,10.989,0.24443282,6.611815
10990,10.99,0.21853429,6.652146
10991,10.991,0.20799385,6.655587
10992,10.992,0.22096774,6.594486
10993,10.993,0.21654585,6.637941
10994,10.994,0.23640907,6.605293
10995,10.995,0.21899717,6.57136
10996,10.996,0.23409271,6.5090427
10997,10.997,0.23740155,6.512798
10998,10.998,0.22362602,6.552548
10999,10.999,0.22595248,6.5048013
11000,11.0,0.23705754,6.5011196
11001,11.001,0.2390881,6.4916773
11002,11.002,0.2054709,6.4755907
11003,11.003,0.19515973,6.512594
11004,11.004,0.20023046,6.5162334
11005,11.005,0.22626127,6.5815287
11006,11.006,0.20544277,6.4712563
11007,11.007,0.19974145,6.4660735
11008,11.008,0.20469531,6.437484
11009,11.009,0.22096145,6.476415
11010,11.01,0.22795825,6.55157
11011,11.011,0.2022787,6.5500245
11012,11.012,0.18866408,6.515861
11013,11.013,0.19650559,6.5439906
11014,11.014,0.17327228,6.5870123
11015,11.015,0.18124148,6.5890045
11016,11.016,0.16713533,6.579434
11017,11.017,0.16717544,6.5959506
11018,11.018,0.16120373,6.6107044
11019,11.019,0.15617453,6.6511173
11020,11.02,0.16114062,6.623197
11021,11.021,0.17635638,6.6018095
11022,11.022,0.1958232,6.5392184
11023,11.023,0.22073114,6.578146
11024,11.024,0.21094626,6.571422
11025,11.025,0.18651593,6.5790324
11026,11.026,0.19428708,6.553196
11027,11.027,0.19541073,6.5420895
11028,11.028,0.1807804,6.52594
11029,11.029,0.17999347,6.526528
11030,11.03,0.1863634,6.5991406
11031,11.031,0.17177139,6.5921316
11032,11.032,0.15745863,6.5598226
11033,11.033,0.15117224,6.535299
11034,11.034,0.13953736,6.524687
11035,11.035,0.12559599,6.5598693
11036,11.036,0.124963,6.5673003
11037,11.037,0.13438725,6.504924
11038,11.038,0.14143483,6.490408
11039,11.039,0.13705823,6.554592
11040,11.04,0.1345145,6.5206842
11041,11.041,0.13472745,6.5856643
11042,11.042,0.13835934,6.5133915
11043,11.043,0.11891483,6.513298
11044,11.044,0.11841217,6.474999
11045,11.045,0.120287284,6.532152
11046,11.046,0.1320776,6.5179706
11047,11.047,0.14826919,6.5209594
11048,11.048,0.14311829,6.5019894
11049,11.049,0.14203347,6.5010247
11050,11.05,0.14617589,6.5442405
11051,11.051,0.14736517,6.5174837
11052,11.052,0.15293294,6.5472245
11053,11.053,0.15963139,6.558281
11054,11.054,0.15523909,6.6060715
11055,11.055,0.1405181,6.6194
11056,11.056,0.1447007,6.625385
11057,11.057,0.14933813,6.576386
11058,11.058,0.13945782,6.5754843
11059,11.059,0.1303172,6.6
11060,11.06,0.12648743,6.5710254
11061,11.061,0.1279612,6.559666
11062,11.062,0.12342911,6.510669
11063,11.063,0.12299567,6.4633827
11064,11.064,0.10926926,6.444004
11065,11.065,0.1266135,6.39926
11066,11.066,0.11820111,6.409443
11067,11.067,0.10250059,6.4563756
11068,11.068,0.099812835,6.425381
11069,11.069,0.108067214,6.386516
11070,11.07,0.101220466,6.438515
11071,11.071,0.112749375,6.4350376
11072,11.072,0.10388293,6.4479003
11073,11.073,0.09369079,6.4235163
11074,11.074,0.10329148,6.4820094
11075,11.075,0.0973575,6.4558864
11076,11.076,0.085137464,6.447037
11077,11.077,0.08478643,6.3760347
11078,11.078,0.09707688,6.3893304
11079,11.079,0.09252124,6.4069333
11080,11.08,0.09787617,6.41492
11081,11.081,0.10091394,6.4415402
11082,11.082,0.10110163,6.41093
11083,11.083,0.095869064,6.3424463
11084,11.084,0.09408724,6.353036
11085,11.085,0.074984215,6.3712554
11086,11.086,0.08574089,6.3823843
11087,11.087,0.09245625,6.353817
11088,11.088,0.09051289,6.3592744
11089,11.089,0.09091556,6.3926325
11090,11.09,0.10771364,6.3210936
11091,11.091,0.10701379,6.32988
11092,11.092,0.10848145,6.3638496
11093,11.093,0.1091613,6.3593082
11094,11.094,0.11173596,6.3393054
11095,11.095,0.11692284,6.342545
11096,11.096,0.1158781,6.3197227
11097,11.097,0.120254606,6.2802677
11098,11.098,0.12387597,6.2554884
11099,11.099,0.11321184,6.264437
11100,11.1,0.09566628,6.259733
11101,11.101,0.098427355,6.2874007
11102,11.102,0.097088784,6.3292546
11103,11.103,0.0829756,6.307439
11104,11.104,0.06673618,6.333468
11105,11.105,0.08275799,6.330711
11106,11.106,0.09667595,6.3944817
11107,11.107,0.069475636,6.3193097
11108,11.108,0.07553716,6.3643084
11109,11.109,0.081991784,6.383497
11110,11.11,0.08603967,6.312392
11111,11.111,0.10269888,6.3894353
11112,11.112,0.07997918,6.3469076
11113,11.113,0.07621663,6.3294406
11114,11.114,0.07213033,6.3659935
11115,11.115,0.09270846,6.3957496
11116,11.116,0.094680026,6.3888903
11117,11.117,0.10842816,6.3752556
11118,11.118,0.09354015,6.3781466
11119,11.119,0.09534917,6.382807
11120,11.12,0.100604184,6.3391085
11121,11.121,0.103704736,6.3868666
11122,11.122,0.10257725,6.351417
11123,11.123,0.09227353,6.4236703
11124,11.124,0.09922741,6.4566836
11125,11.125,0.083586335,6.461497
11126,11.126,0.070012644,6.393318
11127,11.127,0.06599416,6.4256206
11128,11.128,0.09189945,6.388014
11129,11.129,0.08980514,6.386242
11130,11.13,0.103878476,6.4399295
11131,11.131,0.10314813,6.453138
11132,11.132,0.10191926,6.3623323
11133,11.133,0.09744058,6.3686647
11134,11.134,0.09712688,6.431641
11135,11.135,0.098121524,6.4391875
11136,11.136,0.121533975,6.3723664
11137,11.137,0.12862796,6.393337
11138,11.138,0.11923907,6.389094
11139,11.139,0.1401672,6.413938
11140,11.14,0.12140455,6.4151015
11141,11.141,0.11638178,6.4273295
11142,11.142,0.10792592,6.4203897
11143,11.143,0.1250148,6.35103
11144,11.144,0.1441757,6.353405
11145,11.145,0.1397956,6.37601
11146,11.146,0.16043462,6.3478003
11147,11.147,0.15485439,6.3380065
11148,11.148,0.14040782,6.295118
11149,11.149,0.14027603,6.250567
11150,11.15,0.1220844,6.311992
11151,11.151,0.1366071,6.3029265
11152,11.152,0.12487787,6.299513
11153,11.153,0.13239755,6.355526
11154,11.154,0.13758855,6.325082
11155,11.155,0.14205137,6.2984104
11156,11.156,0.16370276,6.3255987
11157,11.157,0.1611937,6.3624
11158,11.158,0.16233277,6.2716665
11159,11.159,0.15565999,6.294662
11160,11.16,0.12765369,6.3055615
11161,11.161,0.121192984,6.332788
11162,11.162,0.11152057,6.356915
11163,11.163,0.1305547,6.339375
11164,11.164,0.11784655,6.4178853
11165,11.165,0.13120653,6.3633785
11166,11.166,0.11608342,6.2924786
11167,11.167,0.111232035,6.3153343
11168,11.168,0.11236321,6.333727
11169,11.169,0.12790518,6.35007
11170,11.17,0.09914584,6.384718
11171,11.171,0.12221689,6.325742
11172,11.172,0.09350059,6.386547
11173,11.173,0.08471278,6.4204597
11174,11.174,0.07517206,6.3886995
11175,11.175,0.09146066,6.427095
11176,11.176,0.09308178,6.442157
11177,11.177,0.10474949,6.4107184
11178,11.178,0.11079678,6.45229
11179,11.179,0.118298866,6.4603157
11180,11.18,0.10857944,6.456178
11181,11.181,0.10066621,6.455927
11182,11.182,0.107091546,6.531576
11183,11.183,0.09920877,6.4861746
11184,11.184,0.093436286,6.491733
11185,11.185,0.08708397,6.462842
11186,11.186,0.08384317,6.5124583
11187,11.187,0.08439286,6.4948816
11188,11.188,0.0936439,6.499913
11189,11.189,0.092428744,6.5525303
11190,11.19,0.10034647,6.5786276
11191,11.191,0.093188524,6.5893154
11192,11.192,0.10910622,6.5530634
11193,11.193,0.09288536,6.5752354
11194,11.194,0.098253384,6.583678
11195,11.195,0.090308316,6.5464897
11196,11.196,0.07740853,6.58586
11197,11.197,0.07939603,6.612736
11198,11.198,0.091974884,6.5476804
11199,11.199,0.11967066,6.5868063
11200,11.2,0.12612684,6.5418863
11201,11.201,0.13142835,6.5672855
11202,11.202,0.13503255,6.591604
11203,11.203,0.1338667,6.5514174
11204,11.204,0.16166487,6.5455213
11205,11.205,0.17919274,6.590618
11206,11.206,0.16213183,6.5487566
11207,11.207,0.14537816,6.552746
11208,11.208,0.13794431,6.574397
11209,11.209,0.1339927,6.542671
11210,11.21,0.12800455,6.480025
11211,11.211,0.13855638,6.4787974
11212,11.212,0.12848228,6.4967847
11213,11.213,0.13852467,6.517584
11214,11.214,0.14768487,6.577214
11215,11.215,0.16126539,6.4695477
11216,11.216,0.15494245,6.487757
11217,11.217,0.15774176,6.4795794
11218,11.218,0.15574463,6.5324407
11219,11.219,0.14523178,6.4970646
11220,11.22,0.14619012,6.468181
11221,11.221,0.16605705,6.481426
11222,11.222,0.15720588,6.5619483
11223,11.223,0.15628698,6.5209503
11224,11.224,0.14878598,6.510542
11225,11.225,0.15471548,6.493017
11226,11.226,0.1516715,6.5123053
11227,11.227,0.17996906,6.553244
11228,11.228,0.17602965,6.5508804
11229,11.229,0.18962602,6.5456767
11230,11.23,0.20563737,6.5308
11231,11.231,0.21011937,6.509642
11232,11.232,0.21349655,6.549201
11233,11.233,0.21146731,6.533265
11234,11.234,0.20201565,6.5677066
11235,11.235,0.2189201,6.496292
11236,11.236,0.23805895,6.596632
11237,11.237,0.23444207,6.552573
11238,11.238,0.22128871,6.578792
11239,11.239,0.21955071,6.5652823
11240,11.24,0.20953651,6.624552
11241,11.241,0.20522772,6.6413546
11242,11.242,0.19870864,6.5995293
11243,11.243,0.19375443,6.6322846
11244,11.244,0.17326829,6.6376348
11245,11.245,0.19137484,6.7120585
11246,11.246,0.19201045,6.663377
11247,11.247,0.18626413,6.6787496
11248,11.248,0.17970166,6.645402
11249,11.249,0.19148837,6.544954
11250,11.25,0.18616977,6.497401
11251,11.251,0.17955235,6.4837136
11252,11.252,0.16824518,6.5253706
11253,11.253,0.14623123,6.524452
11254,11.254,0.1507158,6.5548925
11255,11.255,0.14767234,6.5644565
11256,11.256,0.18418215,6.199854
11257,11.257,0.18351188,6.5494394
11258,11.258,0.18881474,6.41628
11259,11.259,0.17358689,6.2747426
11260,11.26,0.14662753,6.159808
11261,11.261,0.16134135,6.1776395
11262,11.262,0.1669111,6.204013
11263,11.263,0.17441466,6.283033
11264,11.264,0.18499626,6.3055634
11265,11.265,0.14228392,6.365866
11266,11.266,0.17270027,6.256865
11267,11.267,0.19133739,6.1046615
11268,11.268,0.204277,6.223694
11269,11.269,0.20570707,6.252554
11270,11.27,0.20869294,6.2278895
11271,11.271,0.18599334,6.114917
11272,11.272,0.16002917,6.1002364
11273,11.273,0.14969686,6.1236
11274,11.274,0.16455919,6.129478
11275,11.275,0.16579789,6.1000385
11276,11.276,0.1675498,6.132659
11277,11.277,0.17103763,6.1828976
11278,11.278,0.17728993,6.1129704
11279,11.279,0.1415198,6.0826654
11280,11.28,0.14960726,5.923351
11281,11.281,0.16547826,5.972325
11282,11.282,0.13691814,5.875098
11283,11.283,0.16590244,5.8904624
11284,11.284,0.13992949,5.9179363
11285,11.285,0.13242723,5.9942164
11286,11.286,0.122387014,6.0300803
11287,11.287,0.1276247,6.0002575
11288,11.288,0.14035018,6.0617447
11289,11.289,0.122055985,6.184427
11290,11.29,0.11299107,6.1360707
11291,11.291,0.11403793,6.2718525
11292,11.292,0.118755296,6.3978124
11293,11.293,0.12833104,6.4699793
11294,11.294,0.13102843,6.3572803
11295,11.295,0.13822727,6.401239
11296,11.296,0.14138252,6.3991966
11297,11.297,0.14864606,6.455568
11298,11.298,0.15509456,6.3860435
11299,11.299,0.14685442,6.348465
11300,11.3,0.14743261,6.5115614
11301,11.301,0.14173527,6.465449
11302,11.302,0.16995555,6.437807
11303,11.303,0.16032794,6.426265
11304,11.304,0.1769427,6.465989
11305,11.305,0.18538202,6.5001698
11306,11.306,0.18460968,6.470784
11307,11.307,0.19382721,6.398368
11308,11.308,0.21415286,6.271761
11309,11.309,0.23815605,6.338275
11310,11.31,0.2322236,6.352739
11311,11.311,0.2321758,6.3523164
11312,11.312,0.23001689,6.32639
11313,11.313,0.24981128,6.3880544
11314,11.314,0.2429928,6.381037
11315,11.315,0.2503881,6.384428
11316,11.316,0.23335974,6.431669
11317,11.317,0.2450459,6.432854
11318,11.318,0.24659866,6.2831116
11319,11.319,0.24911527,6.316883
11320,11.32,0.25555354,6.228902
11321,11.321,0.25466087,6.303039
11322,11.322,0.22871661,6.3879337
11323,11.323,0.22385749,6.4231734
11324,11.324,0.2155882,6.517969
11325,11.325,0.22492078,6.425255
11326,11.326,0.23408481,6.3822684
11327,11.327,0.2534095,6.48549
11328,11.328,0.25163245,6.4728956
11329,11.329,0.25409374,6.5473003
11330,11.33,0.22753797,6.4297285
11331,11.331,0.21344022,6.5804105
11332,11.332,0.2103569,6.5925794
11333,11.333,0.22448248,6.691971
11334,11.334,0.21893488,6.773659
11335,11.335,0.24436566,6.900794
11336,11.336,0.2612891,6.8762035
11337,11.337,0.24958906,6.923833
11338,11.338,0.25757924,7.0060463
11339,11.339,0.2146058,6.9884048
11340,11.34,0.23920122,6.9474387
11341,11.341,0.23878816,6.8661957
11342,11.342,0.21704388,6.8356495
11343,11.343,0.19958282,6.919472
11344,11.344,0.18508247,6.9554462
11345,11.345,0.19689463,6.845275
11346,11.346,0.21435896,6.8097277
11347,11.347,0.19035615,6.8317156
11348,11.348,0.18735568,6.741074
11349,11.349,0.1974024,6.8461423
11350,11.35,0.17098896,6.9497504
11351,11.351,0.17017849,6.6651006
11352,11.352,0.18690225,6.6808863
11353,11.353,0.16257612,6.656847
11354,11.354,0.1535741,6.6271143
11355,11.355,0.1574601,6.6680536
11356,11.356,0.16057433,6.694171
11357,11.357,0.15024567,6.7187133
11358,11.358,0.13453856,6.72857
11359,11.359,0.1526197,6.711095
11360,11.36,0.14280778,6.6769605
11361,11.361,0.17153299,6.6718545
11362,11.362,0.16893359,6.674122
11363,11.363,0.16871311,6.623438
11364,11.364,0.15377869,6.6738334
11365,11.365,0.17073458,6.6427107
11366,11.366,0.17905077,6.706573
11367,11.367,0.17860734,6.662622
11368,11.368,0.17635901,6.6129475
11369,11.369,0.17354293,6.607582
11370,11.37,0.17134151,6.6772804
11371,11.371,0.19065954,6.567317
11372,11.372,0.18456209,6.596076
11373,11.373,0.18963091,6.653576
11374,11.374,0.19896095,6.587022
11375,11.375,0.21221162,6.6722627
11376,11.376,0.20821714,6.742683
11377,11.377,0.19920483,6.76362
11378,11.378,0.20869516,6.8161454
11379,11.379,0.19096123,6.862526
11380,11.38,0.15920646,6.9064903
11381,11.381,0.15944009,6.917044
11382,11.382,0.1745273,6.8608885
11383,11.383,0.19649853,6.8793473
11384,11.384,0.19304556,6.9125237
11385,11.385,0.18456586,6.9685555
11386,11.386,0.19213441,6.9342766
11387,11.387,0.17727166,6.978828
11388,11.388,0.15816475,6.9422216
11389,11.389,0.1535003,7.0012665
11390,11.39,0.15379372,7.0257573
11391,11.391,0.16342573,7.0622034
11392,11.392,0.15771976,6.90752
11393,11.393,0.1553701,6.831027
11394,11.394,0.1406398,6.8225503
11395,11.395,0.12280002,6.8787694
11396,11.396,0.121946074,6.8737516
11397,11.397,0.12795036,6.8957343
11398,11.398,0.10984115,7.029418
11399,11.399,0.090126365,7.0434303
11400,11.4,0.10990007,7.082814
11401,11.401,0.118691035,7.0671186
11402,11.402,0.1303704,7.076054
11403,11.403,0.1070937,7.0751123
11404,11.404,0.11315873,6.8547244
11405,11.405,0.10916765,7.050834
11406,11.406,0.10259527,7.040071
11407,11.407,0.11486211,7.0562644
11408,11.408,0.09333974,7.099773
11409,11.409,0.09389539,6.9982395
11410,11.41,0.10420291,7.1277747
11411,11.411,0.106165715,7.0438204
11412,11.412,0.08460354,6.9990387
11413,11.413,0.089818016,6.9769588
11414,11.414,0.079390205,7.0565286
11415,11.415,0.07142494,7.096944
11416,11.416,0.08640434,7.079291
11417,11.417,0.09066856,6.8875303
11418,11.418,0.08206506,7.0241976
11419,11.419,0.08666349,7.0512123
11420,11.42,0.0890035,6.87974
11421,11.421,0.08705211,6.7061086
11422,11.422,0.079996526,6.7510095
11423,11.423,0.0627584,6.796568
11424,11.424,0.0624963,6.727723
11425,11.425,0.047223885,10.898776
11426,11.426,0.057393804,10.857245
11427,11.427,0.052120313,10.972414
11428,11.428,0.0697115,10.900257
11429,11.429,0.08177438,10.835188
11430,11.43,0.0724278,10.976796
11431,11.431,0.07333505,10.972719
11432,11.432,0.07786712,10.944384
11433,11.433,0.075873084,10.949138
11434,11.434,0.07629848,10.943161
11435,11.435,0.08685802,10.98701
11436,11.436,0.087552615,10.988775
11437,11.437,0.076567695,10.9548855
11438,11.438,0.08356421,11.02064
11439,11.439,0.06933907,11.006857
11440,11.44,0.08305637,11.060885
11441,11.441,0.08828628,11.080404
11442,11.442,0.08004564,11.10773
11443,11.443,0.07508897,11.086704
11444,11.444,0.080051415,11.105502
11445,11.445,0.060572643,11.124533
11446,11.446,0.07104847,11.084524
11447,11.447,0.086642146,11.1228285
11448,11.448,0.07769472,11.048134
11449,11.449,0.058054652,11.046345
11450,11.45,0.07306659,11.072946
11451,11.451,0.06318794,11.038264
11452,11.452,0.075912684,11.080577
11453,11.453,0.072494805,10.990127
11454,11.454,0.07049311,10.946986
11455,11.455,0.07807171,10.954313
11456,11.456,0.0869405,10.947483
11457,11.457,0.10660253,10.929526
11458,11.458,0.103747085,10.820738
11459,11.459,0.0942689,10.741746
11460,11.46,0.099497326,10.8105
11461,11.461,0.12453861,10.792737
11462,11.462,0.12466107,10.787367
11463,11.463,0.10877091,10.71174
11464,11.464,0.11550441,10.648732
11465,11.465,0.106851645,10.602911
11466,11.466,0.11617102,10.582249
11467,11.467,0.11110934,10.554029
11468,11.468,0.097378865,10.514118
11469,11.469,0.1028923,10.3686
11470,11.47,0.082452916,10.275803
11471,11.471,0.094745934,10.288034
11472,11.472,0.06933907,10.196087
11473,11.473,0.07188632,10.201762
11474,11.474,0.091399975,10.125343
11475,11.475,0.0788848,10.159862
11476,11.476,0.08079882,10.169937
11477,11.477,0.09830043,10.196203
11478,11.478,0.11698807,10.302576
11479,11.479,0.13738509,10.329164
11480,11.48,0.15099166,10.275341
11481,11.481,0.15515716,10.321317
11482,11.482,0.1606204,10.339014
11483,11.483,0.1621133,10.300389
11484,11.484,0.16173637,10.402935
11485,11.485,0.15291329,10.380974
11486,11.486,0.14444965,10.284609
11487,11.487,0.116318196,10.363859
11488,11.488,0.13513523,10.329497
11489,11.489,0.120233454,10.369884
11490,11.49,0.14073183,10.471839
11491,11.491,0.14600182,10.437427
11492,11.492,0.14765355,10.41491
11493,11.493,0.13472573,10.22732
11494,11.494,0.14492263,10.322719
11495,11.495,0.15792924,10.143199
11496,11.496,0.15849331,10.116932
11497,11.497,0.1680128,10.163951
11498,11.498,0.14516172,10.117317
11499,11.499,0.14032876,10.002334
11500,11.5,0.15386437,9.968776
11501,11.501,0.16161339,9.9782295
11502,11.502,0.17129022,10.069037
11503,11.503,0.18411058,10.029686
11504,11.504,0.16274384,9.968978
11505,11.505,0.17267215,10.043865
11506,11.506,0.17655292,9.949628
11507,11.507,0.17510259,9.936514
11508,11.508,0.17696361,9.991682
11509,11.509,0.15986004,9.893408
11510,11.51,0.1731989,9.907544
11511,11.511,0.12904964,10.028364
11512,11.512,0.13743387,10.036602
11513,11.513,0.12051771,10.116758
11514,11.514,0.11926427,10.145648
11515,11.515,0.09758757,10.11364
11516,11.516,0.10875815,10.129035
11517,11.517,0.10747728,10.130921
11518,11.518,0.123963654,10.109702
11519,11.519,0.1269199,10.002421
11520,11.52,0.15984124,10.018316
11521,11.521,0.15087831,9.976879
11522,11.522,0.15045018,9.999556
11523,11.523,0.16681272,9.957988
11524,11.524,0.17906238,9.989952
11525,11.525,0.17507222,9.823416
11526,11.526,0.16588432,9.718807
11527,11.527,0.15746157,9.702164
11528,11.528,0.15589151,9.583931
11529,11.529,0.17073458,9.591786
11530,11.53,0.16347381,9.569396
11531,11.531,0.16577975,9.478191
11532,11.532,0.15499765,9.589978
11533,11.533,0.151033,9.359761
11534,11.534,0.15338127,9.425026
11535,11.535,0.15589003,9.431133
11536,11.536,0.15886338,9.5276575
11537,11.537,0.16499273,9.538423
11538,11.538,0.18050139,9.610258
11539,11.539,0.16413294,9.558007
11540,11.54,0.17689829,9.42048
11541,11.541,0.1884311,9.331178
11542,11.542,0.18543564,9.443522
11543,11.543,0.1948052,9.324365
11544,11.544,0.20067334,9.400521
11545,11.545,0.19686292,9.46147
11546,11.546,0.21995576,9.472638
11547,11.547,0.20874612,9.362068
11548,11.548,0.20893873,9.373612
11549,11.549,0.21870138,9.350913
11550,11.55,0.2151932,9.285504
11551,11.551,0.2006964,9.372662
11552,11.552,0.18700984,9.483805
11553,11.553,0.18078168,9.4672575
11554,11.554,0.17914501,9.462561
11555,11.555,0.17946993,9.409994
11556,11.556,0.1665464,9.391969
11557,11.557,0.16783656,9.418092
11558,11.558,0.16389896,9.479815
11559,11.559,0.13579743,9.445215
11560,11.56,0.15125325,9.301397
11561,11.561,0.17337367,9.345067
11562,11.562,0.16888979,9.234089
11563,11.563,0.18061279,9.317235
11564,11.564,0.19382602,9.445547
11565,11.565,0.18774644,9.617492
11566,11.566,0.20745072,9.5197525
11567,11.567,0.21558498,9.449434
11568,11.568,0.21684352,9.490486
11569,11.569,0.22432278,9.390908
11570,11.57,0.20684244,9.367189
11571,11.571,0.20223412,9.488859
11572,11.572,0.22184904,9.456141
11573,11.573,0.21878171,9.445983
11574,11.574,0.21676461,9.519385
11575,11.575,0.21616223,9.619451
11576,11.576,0.2042736,9.565886
11577,11.577,0.24472019,9.432328
11578,11.578,0.24065337,9.321162
11579,11.579,0.25043797,9.324502
11580,11.58,0.22277355,9.296134
11581,11.581,0.22380377,9.24435
11582,11.582,0.2217719,9.253917
11583,11.583,0.22542593,9.243124
11584,11.584,0.2340542,9.282319
11585,11.585,0.24450186,9.345112
11586,11.586,0.22727467,9.319151
11587,11.587,0.25489318,9.303986
11588,11.588,0.2407523,9.337127
11589,11.589,0.2275766,9.3587265
11590,11.59,0.22226548,9.351595
11591,11.591,0.19989881,9.419791
11592,11.592,0.2174759,9.453057
11593,11.593,0.23363104,9.497842
11594,11.594,0.23504382,9.487175
11595,11.595,0.25682417,9.574668
11596,11.596,0.23910068,9.708232
11597,11.597,0.22659822,9.834424
11598,11.598,0.24583244,9.838352
11599,11.599,0.24453685,9.848729
11600,11.6,0.24238692,9.843947
11601,11.601,0.25015622,9.873017
11602,11.602,0.2250215,9.8431015
11603,11.603,0.22691225,9.871701
11604,11.604,0.23313771,9.799134
11605,11.605,0.22977956,9.77866
11606,11.606,0.24104117,9.796267
11607,11.607,0.22558588,9.739624
11608,11.608,0.2265176,9.69567
11609,11.609,0.22440831,9.781093
11610,11.61,0.24578448,9.820191
11611,11.611,0.26207185,9.713379
11612,11.612,0.26095706,9.730563
11613,11.613,0.24574779,9.758214
11614,11.614,0.28039378,9.703976
11615,11.615,0.28919604,9.733723
11616,11.616,0.26150313,9.631243
11617,11.617,0.26921883,9.608639
11618,11.618,0.26287428,9.6199
11619,11.619,0.25891852,9.646798
11620,11.62,0.2648073,9.71305
11621,11.621,0.28938943,9.647566
11622,11.622,0.27377212,9.617497
11623,11.623,0.28426462,9.580531
11624,11.624,0.28176984,9.71325
11625,11.625,0.29018405,9.756471
11626,11.626,0.30245224,9.713315
11627,11.627,0.30838016,9.732756
11628,11.628,0.2983928,9.740029
11629,11.629,0.28135931,9.744175
11630,11.63,0.28635043,9.6660795
11631,11.631,0.2978616,9.710738
11632,11.632,0.27614912,9.704293
11633,11.633,0.2965571,9.74249
11634,11.634,0.29295453,9.720291
11635,11.635,0.29734266,9.692199
11636,11.636,0.29191414,9.781551
11637,11.637,0.2763893,9.864431
11638,11.638,0.25436383,9.94206
11639,11.639,0.21423166,9.869082
11640,11.64,0.20227985,9.903117
11641,11.641,0.19581729,9.977515
11642,11.642,0.2103547,9.918011
11643,11.643,0.21018319,9.766462
11644,11.644,0.21987796,9.729772
11645,11.645,0.22807688,9.680092
11646,11.646,0.21759176,9.608759
11647,11.647,0.23536427,9.562668
11648,11.648,0.23683798,9.599668
11649,11.649,0.2562041,9.654988
11650,11.65,0.23068532,9.68521
11651,11.651,0.23265427,9.566284
11652,11.652,0.22841418,9.612484
11653,11.653,0.2363895,9.579748
11654,11.654,0.23491888,9.593238
11655,11.655,0.22570883,9.495851
11656,11.656,0.20903498,9.481576
11657,11.657,0.20253228,9.347686
11658,11.658,0.19354671,9.426097
11659,11.659,0.17745547,9.400202
11660,11.66,0.19854452,9.288991
11661,11.661,0.1857284,9.351706
11662,11.662,0.1949618,9.26823
11663,11.663,0.19636671,9.256141
11664,11.664,0.21503091,9.220869
11665,11.665,0.20010918,9.248391
11666,11.666,0.20849566,9.248316
11667,11.667,0.22308777,9.229469
11668,11.668,0.2534624,9.36264
11669,11.669,0.23525521,9.447117
11670,11.67,0.2460261,9.306225
11671,11.671,0.25365847,9.25958
11672,11.672,0.23357165,9.196599
11673,11.673,0.24715306,9.242697
11674,11.674,0.27760455,9.181636
11675,11.675,0.28884807,9.285012
11676,11.676,0.28644165,9.295942
11677,11.677,0.28798154,9.3020735
11678,11.678,0.27210766,9.192595
11679,11.679,0.25766718,9.258701
11680,11.68,0.26678443,9.167556
11681,11.681,0.2798846,9.317721
11682,11.682,0.2887472,9.337517
11683,11.683,0.27084473,9.264498
11684,11.684,0.28239194,9.220675
11685,11.685,0.25832224,9.262499
11686,11.686,0.22312613,9.211063
11687,11.687,0.20359793,9.038964
11688,11.688,0.2172334,8.960057
11689,11.689,0.21174046,8.944518
11690,11.69,0.2018588,8.925282
11691,11.691,0.18920371,8.885097
11692,11.692,0.19908525,8.892553
11693,11.693,0.21226609,8.981477
11694,11.694,0.2393249,9.041015
11695,11.695,0.2436636,8.9942665
11696,11.696,0.24366455,8.857887
11697,11.697,0.21743019,8.772109
11698,11.698,0.23204233,8.875138
11699,11.699,0.22748819,8.72893
11700,11.7,0.22452572,8.746543
11701,11.701,0.22318,8.716633
11702,11.702,0.20297243,8.752611
11703,11.703,0.20686367,8.739505
11704,11.704,0.20912455,8.76733
11705,11.705,0.22675732,8.643771
11706,11.706,0.23792005,8.610844
11707,11.707,0.23173425,8.637362
11708,11.708,0.22562584,8.661769
11709,11.709,0.2324276,8.695458
11710,11.71,0.22646146,8.704301
11711,11.711,0.22207609,8.713525
11712,11.712,0.20402332,8.83893
11713,11.713,0.22002827,8.7108
11714,11.714,0.24467862,8.785371
11715,11.715,0.23534855,8.725491
11716,11.716,0.2381075,8.80819
11717,11.717,0.23785979,8.759864
11718,11.718,0.2209311,8.850232
11719,11.719,0.23327254,8.894696
11720,11.72,0.23807159,8.891617
11721,11.721,0.26721218,8.899064
11722,11.722,0.25934765,8.810192
11723,11.723,0.24609657,8.8450365
11724,11.724,0.24808952,8.89908
11725,11.725,0.24955757,8.900988
11726,11.726,0.23971583,8.880537
11727,11.727,0.24185316,8.972513
11728,11.728,0.23110487,9.022054
11729,11.729,0.24905401,9.050061
11730,11.73,0.24528638,8.930798
11731,11.731,0.26450595,8.966975
11732,11.732,0.25460732,9.014223
11733,11.733,0.23325074,9.014584
11734,11.734,0.20869184,9.044587
11735,11.735,0.21427374,9.024934
11736,11.736,0.20716074,9.011596
11737,11.737,0.20569807,9.051823
11738,11.738,0.18605797,9.00001
11739,11.739,0.16245379,8.955917
11740,11.74,0.17792127,8.9680805
11741,11.741,0.20522097,8.907402
11742,11.742,0.23311491,9.0106
11743,11.743,0.20849344,9.1243925
11744,11.744,0.19761077,9.043056
11745,11.745,0.19192132,8.95788
11746,11.746,0.17754012,8.836633
11747,11.747,0.19890168,8.830869
11748,11.748,0.20039782,8.895807
11749,11.749,0.19640438,8.921276
11750,11.75,0.19924195,8.8591795
11751,11.751,0.20451,8.837996
11752,11.752,0.180774,8.979466
11753,11.753,0.19482657,8.995262
11754,11.754,0.20057194,8.905592
11755,11.755,0.2049335,8.966081
11756,11.756,0.23412135,9.039323
11757,11.757,0.22707011,9.076446
11758,11.758,0.25713724,9.105222
11759,11.759,0.25600368,9.093105
11760,11.76,0.24960944,9.112759
11761,11.761,0.28570136,9.017695
11762,11.762,0.27271447,8.982946
11763,11.763,0.26065123,8.874564
11764,11.764,0.25858435,8.894019
11765,11.765,0.2572649,8.902707
11766,11.766,0.25635746,8.994166
11767,11.767,0.26772907,8.988198
11768,11.768,0.26091808,8.977945
11769,11.769,0.25050533,9.021751
11770,11.77,0.24623744,8.97521
11771,11.771,0.24863501,9.097499
11772,11.772,0.22855584,9.119424
11773,11.773,0.23801331,9.010841
11774,11.774,0.23486966,9.000085
11775,11.775,0.22369322,8.942154
11776,11.776,0.2022947,9.072047
11777,11.777,0.22221139,9.106094
11778,11.778,0.24711283,9.169569
11779,11.779,0.23147072,9.183314
11780,11.78,0.22253889,9.196926
11781,11.781,0.24669895,9.236338
11782,11.782,0.24734287,9.244115
11783,11.783,0.24219991,9.328358
11784,11.784,0.25922638,9.437016
11785,11.785,0.2240691,9.417321
11786,11.786,0.22968395,9.478773
11787,11.787,0.24574685,9.606555
11788,11.788,0.24558592,9.659179
11789,11.789,0.2560696,9.756158
11790,11.79,0.26159328,9.782194
11791,11.791,0.22952889,9.763709
11792,11.792,0.22741805,9.704738
11793,11.793,0.2515718,9.6173725
11794,11.794,0.28914645,9.602207
11795,11.795,0.29006532,9.6644
11796,11.796,0.28671435,9.582635
11797,11.797,0.26313186,9.577132
11798,11.798,0.2649496,9.517753
11799,11.799,0.25683588,9.502809
11800,11.8,0.24478064,9.534139
11801,11.801,0.2598793,9.534169
11802,11.802,0.2308987,9.505521
11803,11.803,0.24407977,9.460223
11804,11.804,0.25415835,9.463649
11805,11.805,0.28742546,9.429531
11806,11.806,0.28066328,9.381976
11807,11.807,0.2767922,9.307912
11808,11.808,0.26237428,9.30791
11809,11.809,0.26577032,9.339554
11810,11.81,0.2732734,9.393051
11811,11.811,0.27662927,9.31678
11812,11.812,0.27563292,9.317465
11813,11.813,0.2570815,9.341534
11814,11.814,0.25440928,9.219488
11815,11.815,0.27397385,9.440937
11816,11.816,0.25136033,9.461016
11817,11.817,0.26127404,9.403161
11818,11.818,0.25840816,9.425796
11819,11.819,0.25982502,9.358759
11820,11.82,0.2603939,9.385486
11821,11.821,0.28815973,9.38251
11822,11.822,0.28226745,9.360994
11823,11.823,0.26838627,9.314905
11824,11.824,0.25513345,9.513887
11825,11.825,0.2651354,9.585247
11826,11.826,0.26395908,9.525721
11827,11.827,0.23212102,9.52385
11828,11.828,0.23395538,9.625004
11829,11.829,0.2215466,9.73944
11830,11.83,0.24168581,9.809412
11831,11.831,0.21065015,9.801891
11832,11.832,0.2200682,9.839762
11833,11.833,0.22134407,9.817671
11834,11.834,0.2259095,9.850987
11835,11.835,0.2519795,9.845968
11836,11.836,0.23900977,9.913965
11837,11.837,0.24641858,9.884142
11838,11.838,0.24545221,9.882845
11839,11.839,0.24333698,9.991502
11840,11.84,0.22589721,9.93436
11841,11.841,0.21543372,10.010809
11842,11.842,0.19507088,9.973741
11843,11.843,0.1871569,10.014532
11844,11.844,0.21779779,9.977583
11845,11.845,0.20091975,9.963371
11846,11.846,0.18305273,9.911413
11847,11.847,0.18215887,9.855913
11848,11.848,0.18684164,9.89344
11849,11.849,0.18697275,10.019174
11850,11.85,0.17891127,10.027593
11851,11.851,0.17508939,9.969019
11852,11.852,0.17361885,9.997366
11853,11.853,0.1485854,9.970999
11854,11.854,0.1647319,9.948294
11855,11.855,0.15980652,9.967339
11856,11.856,0.18653327,10.024252
11857,11.857,0.20306695,10.108089
11858,11.858,0.20580369,10.155397
11859,11.859,0.2239721,10.194862
11860,11.86,0.19270153,10.17319
11861,11.861,0.20009878,10.20003
11862,11.862,0.17977369,10.153609
11863,11.863,0.18685895,10.162518
11864,11.864,0.171953,10.153245
11865,11.865,0.1924314,10.10159
11866,11.866,0.17397404,10.075913
11867,11.867,0.16944602,10.084624
11868,11.868,0.19589284,10.1047735
11869,11.869,0.1817103,10.060609
11870,11.87,0.18026043,10.072524
11871,11.871,0.1830123,10.112775
11872,11.872,0.20600244,10.067067
11873,11.873,0.20864642,10.104608
11874,11.874,0.1928862,10.112109
11875,11.875,0.20884466,10.121333
11876,11.876,0.21512765,10.117861
11877,11.877,0.178782,10.210188
11878,11.878,0.17819263,10.197892
11879,11.879,0.19008146,10.085076
11880,11.88,0.19578305,10.103425
11881,11.881,0.19066195,10.08768
11882,11.882,0.20499553,10.103644
11883,11.883,0.2019195,10.079944
11884,11.884,0.19321196,10.110839
11885,11.885,0.19350012,10.039027
11886,11.886,0.15834445,10.010908
11887,11.887,0.16219884,10.010924
11888,11.888,0.17066416,9.972904
11889,11.889,0.19380693,10.018185
11890,11.89,0.17626722,9.997328
11891,11.891,0.1803989,10.025774
11892,11.892,0.16643253,10.006307
11893,11.893,0.16938324,10.017728
11894,11.894,0.16885968,10.059016
11895,11.895,0.1588139,10.034215
11896,11.896,0.18333416,10.13472
11897,11.897,0.1736761,10.086361
11898,11.898,0.17673615,10.206582
11899,11.899,0.16782555,10.1795225
11900,11.9,0.16934094,10.182466
11901,11.901,0.17080905,10.267965
11902,11.902,0.1812249,10.25426
11903,11.903,0.17419316,10.257712
11904,11.904,0.18338712,10.336917
11905,11.905,0.17209949,10.277704
11906,11.906,0.2239721,10.396337
11907,11.907,0.24223809,10.406822
11908,11.908,0.25812975,10.388189
11909,11.909,0.26005006,10.416152
11910,11.91,0.24744381,10.450201
11911,11.911,0.2592032,10.455219
11912,11.912,0.23645306,10.374868
11913,11.913,0.24452361,10.393061
11914,11.914,0.25205198,10.382031
11915,11.915,0.25142932,10.5049925
11916,11.916,0.23254395,10.4383745
11917,11.917,0.22633687,10.490516
11918,11.918,0.23157358,10.550814
11919,11.919,0.23688094,10.619467
11920,11.92,0.2592121,10.660578
11921,11.921,0.25658822,10.6608095
11922,11.922,0.2620542,10.730189
11923,11.923,0.24997687,10.735776
11924,11.924,0.26158533,10.677166
11925,11.925,0.2703064,10.677082
11926,11.926,0.262862,10.662955
11927,11.927,0.2616145,10.537946
11928,11.928,0.2644806,10.513145
11929,11.929,0.25965503,10.347695
11930,11.93,0.25134102,10.2001295
11931,11.931,0.2280637,10.222918
11932,11.932,0.23212002,10.184731
11933,11.933,0.22340572,10.201523
11934,11.934,0.24082334,10.310763
11935,11.935,0.24345097,10.365301
11936,11.936,0.21447971,10.353049
11937,11.937,0.22843038,10.42192
11938,11.938,0.22846478,10.476347
11939,11.939,0.20417285,10.527633
11940,11.94,0.20413661,10.545105
11941,11.941,0.21168368,10.60992
11942,11.942,0.20438334,10.636504
11943,11.943,0.21770541,10.649965
11944,11.944,0.22555,10.7281885
11945,11.945,0.22875401,10.690698
11946,11.946,0.23817837,10.801681
11947,11.947,0.24427198,10.822195
11948,11.948,0.24037844,10.799877
11949,11.949,0.2483922,10.8568325
11950,11.95,0.2793513,10.904622
11951,11.951,0.2624254,10.804229
11952,11.952,0.26428822,10.7733135
11953,11.953,0.27632153,10.832775
11954,11.954,0.28961864,10.908803
11955,11.955,0.31475496,10.909068
11956,11.956,0.303519,10.903019
11957,11.957,0.31963983,10.986881
11958,11.958,0.30457366,10.950377
11959,11.959,0.28366542,10.931264
11960,11.96,0.28230923,10.952107
11961,11.961,0.2698947,10.889088
11962,11.962,0.2720686,10.93016
11963,11.963,0.26335844,10.938038
11964,11.964,0.26819324,10.905212
11965,11.965,0.2755247,10.875842
11966,11.966,0.23775576,10.960437
11967,11.967,0.23551647,10.863204
11968,11.968,0.21492982,10.820496
11969,11.969,0.21811494,10.8066635
11970,11.97,0.20120376,10.70405
11971,11.971,0.19001578,10.655423
11972,11.972,0.20487595,10.549003
11973,11.973,0.17817317,10.524177
11974,11.974,0.17262395,10.492241
11975,11.975,0.15209314,10.431887
11976,11.976,0.16797839,10.379785
11977,11.977,0.165095,10.353665
11978,11.978,0.15748653,10.27708
11979,11.979,0.15590338,10.216599
11980,11.98,0.1535515,10.230197
11981,11.981,0.14354412,10.155357
11982,11.982,0.13712905,10.169162
11983,11.983,0.13630891,10.297338
11984,11.984,0.14796169,10.298109
11985,11.985,0.1421929,10.421105
11986,11.986,0.11983476,10.429971
11987,11.987,0.15297678,10.545559
11988,11.988,0.1496706,10.452167
11989,11.989,0.14760815,10.446515
11990,11.99,0.16125679,10.447877
11991,11.991,0.17559439,10.478972
11992,11.992,0.16838804,10.5910425
11993,11.993,0.17543896,10.60048
11994,11.994,0.16688478,10.500123
11995,11.995,0.16538322,10.577157
11996,11.996,0.16329977,10.460828
11997,11.997,0.16936551,10.499034
11998,11.998,0.18852554,10.54228
11999,11.999,0.18467104,10.565473
12000,12.0,0.18823467,10.631341
12001,12.001,0.20326154,10.750007
12002,12.002,0.17664717,10.79685
12003,12.003,0.18039761,10.729429
12004,12.004,0.18612629,10.697746
12005,12.005,0.18910715,10.727347
12006,12.006,0.19657382,10.780518
12007,12.007,0.18957603,10.802522
12008,12.008,0.2002166,10.8702545
12009,12.009,0.19112945,10.786907
12010,12.01,0.20855442,10.771891
12011,12.011,0.19685589,10.729967
12012,12.012,0.17425554,10.691274
12013,12.013,0.1724511,10.663036
12014,12.014,0.15715735,10.6609955
12015,12.015,0.13527033,10.676735
12016,12.016,0.14231966,10.693039
12017,12.017,0.16575883,10.743778
12018,12.018,0.17440538,10.809448
12019,12.019,0.16206624,10.908862
12020,12.02,0.15450762,10.953749
12021,12.021,0.14397833,11.023884
12022,12.022,0.16117792,11.116582
12023,12.023,0.14594638,11.115057
12024,12.024,0.14368738,11.063344
12025,12.025,0.13995923,10.996474
12026,12.026,0.14027768,11.004798
12027,12.027,0.14351352,11.136118
12028,12.028,0.14988516,11.092608
12029,12.029,0.13627498,11.076132
12030,12.03,0.14517765,11.147476
12031,12.031,0.12459986,11.058703
12032,12.032,0.13678975,11.0331545
12033,12.033,0.13430464,11.00819
12034,12.034,0.12588465,10.965976
12035,12.035,0.13905771,11.026057
12036,12.036,0.14575933,11.019247
12037,12.037,0.15395899,10.949541
12038,12.038,0.14905456,10.904845
12039,12.039,0.15759952,10.830312
12040,12.04,0.14060856,10.795479
12041,12.041,0.13659695,10.838863
12042,12.042,0.15292086,10.762777
12043,12.043,0.15529121,10.683527
12044,12.044,0.17084153,10.702592
12045,12.045,0.1677594,10.615575
12046,12.046,0.20086451,10.674882
12047,12.047,0.22339019,10.672746
12048,12.048,0.2088026,10.615682
12049,12.049,0.20776474,10.594457
12050,12.05,0.18126443,10.572321
12051,12.051,0.20658745,10.476519
12052,12.052,0.19966736,10.490336
12053,12.053,0.19751598,10.385452
12054,12.054,0.19850492,10.406887
12055,12.055,0.20252886,10.35978
12056,12.056,0.20895755,10.383879
12057,12.057,0.23622318,10.377761
12058,12.058,0.22412482,10.438963
12059,12.059,0.216485,10.447681
12060,12.06,0.21479963,10.500821
12061,12.061,0.205971,10.44466
12062,12.062,0.19837676,10.363346
12063,12.063,0.21190855,10.405856
12064,12.064,0.22698152,10.386373
12065,12.065,0.26545608,10.340218
12066,12.066,0.27724037,10.378403
12067,12.067,0.2683725,10.363202
12068,12.068,0.2827503,10.23315
12069,12.069,0.27852577,10.087774
12070,12.07,0.2940345,10.130452
12071,12.071,0.27821848,10.093737
12072,12.072,0.29125127,10.144695
12073,12.073,0.308775,10.094607
12074,12.074,0.30955943,10.050534
12075,12.075,0.29427344,10.087868
12076,12.076,0.26596424,9.987449
12077,12.077,0.27256015,9.922907
12078,12.078,0.25479794,9.874031
12079,12.079,0.26874265,9.7003765
12080,12.08,0.28424025,9.653491
12081,12.081,0.27852246,9.656843
12082,12.082,0.2831417,9.725673
12083,12.083,0.29279113,9.797745
12084,12.084,0.29998928,9.888281
12085,12.085,0.2821159,9.756383
12086,12.086,0.26238924,9.741439
12087,12.087,0.24022835,9.663662
12088,12.088,0.20854445,9.493825
12089,12.089,0.23101282,9.44823
12090,12.09,0.22879444,9.425933
12091,12.091,0.23321901,9.403504
12092,12.092,0.22701919,9.411572
12093,12.093,0.22788115,9.316476
12094,12.094,0.20605293,9.26972
12095,12.095,0.20721765,9.269957
12096,12.096,0.1975581,9.167362
12097,12.097,0.20081961,9.152476
12098,12.098,0.21467474,9.032122
12099,12.099,0.19090311,9.025112
12100,12.1,0.17828733,8.858701
12101,12.101,0.18906926,8.925913
12102,12.102,0.1973415,8.855202
12103,12.103,0.18663365,8.816491
12104,12.104,0.17762865,8.782945
12105,12.105,0.21049973,8.751632
12106,12.106,0.20758885,8.758151
12107,12.107,0.21711843,8.893046
12108,12.108,0.22130647,8.828223
12109,12.109,0.21294248,8.8679695
12110,12.11,0.19882612,8.712369
12111,12.111,0.1822185,8.946876
12112,12.112,0.1807318,8.857646
12113,12.113,0.17389162,8.808287
12114,12.114,0.16571002,8.807045
12115,12.115,0.16339177,8.956222
12116,12.116,0.15800096,8.972649
12117,12.117,0.14983425,8.841124
12118,12.118,0.14014411,8.723152
12119,12.119,0.14449126,8.559094
12120,12.12,0.13746415,8.722176
12121,12.121,0.15406257,8.589258
12122,12.122,0.15815307,8.581643
12123,12.123,0.14671738,8.835515
12124,12.124,0.14893973,8.871276
12125,12.125,0.15797608,8.800748
12126,12.126,0.14649503,8.803249
12127,12.127,0.14891644,8.875624
12128,12.128,0.1448987,8.800666
12129,12.129,0.15033334,8.664105
12130,12.13,0.15548612,8.725568
12131,12.131,0.1679949,8.829078
12132,12.132,0.15935597,8.676069
12133,12.133,0.15820277,8.989258
12134,12.134,0.15535969,9.008797
12135,12.135,0.15877022,9.013702
12136,12.136,0.1395092,8.863067
12137,12.137,0.14260367,8.857716
12138,12.138,0.13659525,8.966982
12139,12.139,0.11712435,8.909124
12140,12.14,0.13080768,9.074121
12141,12.141,0.13351044,9.083822
12142,12.142,0.11568041,9.163266
12143,12.143,0.11235499,9.1275215
12144,12.144,0.11976143,9.026544
12145,12.145,0.1288309,8.82975
12146,12.146,0.13039345,8.835869
12147,12.147,0.12918036,8.973444
12148,12.148,0.1336316,9.108547
12149,12.149,0.13477378,9.134834
12150,12.15,0.12845708,9.040599
12151,12.151,0.12998146,9.116979
12152,12.152,0.12624411,9.175698
12153,12.153,0.12245689,9.168397
12154,12.154,0.10700732,9.250467
12155,12.155,0.112763725,9.149924
12156,12.156,0.11219231,9.218284
12157,12.157,0.12726006,9.173066
12158,12.158,0.14145444,9.146957
12159,12.159,0.14209531,9.124784
12160,12.16,0.13612051,9.138454
12161,12.161,0.13367312,9.26002
12162,12.162,0.14478697,9.223442
12163,12.163,0.12769172,9.177073
12164,12.164,0.12757035,9.163967
12165,12.165,0.1295164,9.168047
12166,12.166,0.13691646,9.2875805
12167,12.167,0.13579912,9.239873
12168,12.168,0.13238707,9.216318
12169,12.169,0.12672117,9.258776
12170,12.17,0.12939852,9.16653
12171,12.171,0.10671091,9.214728
12172,12.172,0.1168457,9.303472
12173,12.173,0.1380934,9.287186
12174,12.174,0.12748332,9.28869
12175,12.175,0.111578606,9.272437
12176,12.176,0.12312717,9.410579
12177,12.177,0.11795244,9.403945
12178,12.178,0.13154088,9.343838
12179,12.179,0.14878908,9.36109
12180,12.18,0.13625462,9.316757
12181,12.181,0.14179398,9.30343
12182,12.182,0.1391973,9.197297
12183,12.183,0.15889977,9.347687
12184,12.184,0.14043745,9.327644
12185,12.185,0.14923747,9.35361
12186,12.186,0.15466467,9.200057
12187,12.187,0.17150065,9.325532
12188,12.188,0.16794536,9.336349
12189,12.189,0.1521053,9.289117
12190,12.19,0.1554058,9.320315
12191,12.191,0.16782968,9.263443
12192,12.192,0.16297665,9.228744
12193,12.193,0.16614892,9.376974
12194,12.194,0.16222022,9.309333
12195,12.195,0.17927918,9.225028
12196,12.196,0.16891718,9.238745
12197,12.197,0.14588459,9.36344
12198,12.198,0.15601307,9.455118
12199,12.199,0.14550532,9.470131
12200,12.2,0.15682453,9.480399
12201,12.201,0.15713233,9.4857645
12202,12.202,0.15586036,9.580935
12203,12.203,0.15043789,9.719189
12204,12.204,0.1401903,9.779334
12205,12.205,0.14154756,9.713223
12206,12.206,0.13996583,9.629885
12207,12.207,0.13394439,9.480819
12208,12.208,0.14467993,9.557193
12209,12.209,0.14387392,9.50236
12210,12.21,0.13398236,9.621778
12211,12.211,0.13698061,9.66275
12212,12.212,0.11462233,9.684576
12213,12.213,0.116677396,9.67031
12214,12.214,0.11207891,9.766038
12215,12.215,0.104848765,9.810674
12216,12.216,0.111146785,9.76242
12217,12.217,0.108855896,9.773066
12218,12.218,0.11694656,9.807644
12219,12.219,0.11584617,9.885958
12220,12.22,0.111485325,9.822115
12221,12.221,0.09463606,9.743301
12222,12.222,0.10970215,9.680129
12223,12.223,0.1047517,9.569085
12224,12.224,0.12001982,9.637032
12225,12.225,0.11573636,9.741241
12226,12.226,0.12251352,9.776269
12227,12.227,0.13037926,9.814273
12228,12.228,0.1399642,9.845394
12229,12.229,0.14134817,9.864421
12230,12.23,0.1450231,9.913332
12231,12.231,0.15456747,9.944644
12232,12.232,0.1420058,9.886235
12233,12.233,0.13750955,9.990194
12234,12.234,0.12955745,10.081926
12235,12.235,0.12789252,10.120109
12236,12.236,0.13408068,10.074624
12237,12.237,0.12233034,10.081427
12238,12.238,0.14272843,10.154335
12239,12.239,0.14016391,10.103879
12240,12.24,0.15375915,10.127173
12241,12.241,0.1459828,10.046597
12242,12.242,0.13932182,10.175891
12243,12.243,0.13554864,10.067953
12244,12.244,0.14276408,9.915975
12245,12.245,0.1391242,9.899971
12246,12.246,0.1399807,10.001558
12247,12.247,0.13963012,10.091806
12248,12.248,0.1329656,10.151774
12249,12.249,0.11814829,10.141393
12250,12.25,0.118050404,10.029712
12251,12.251,0.114280954,10.084731
12252,12.252,0.11540228,10.195393
12253,12.253,0.11357068,10.192734
12254,12.254,0.12150163,10.2914915
12255,12.255,0.12140455,10.312281
12256,12.256,0.13030832,10.164093
12257,12.257,0.11481782,10.140915
12258,12.258,0.102660604,10.02005
12259,12.259,0.10714982,10.044052
12260,12.26,0.11979231,10.02632
12261,12.261,0.10818695,9.939399
12262,12.262,0.1043714,9.903337
12263,12.263,0.11194062,9.907956
12264,12.264,0.10095975,9.8766365
12265,12.265,0.10665456,9.979504
12266,12.266,0.10943206,9.935176
12267,12.267,0.09931359,9.826529
12268,12.268,0.09076286,9.641218
12269,12.269,0.10662638,9.656688
12270,12.27,0.117673784,9.629337
12271,12.271,0.119444415,9.622506
12272,12.272,0.12480935,9.733396
12273,12.273,0.11743581,9.60763
12274,12.274,0.12875012,9.669169
12275,12.275,0.15229367,9.556499
12276,12.276,0.15061298,9.597974
12277,12.277,0.1523316,9.625355
12278,12.278,0.12345533,9.557137
12279,12.279,0.11955856,9.514981
12280,12.28,0.110022016,9.5118885
12281,12.281,0.11537022,9.431558
12282,12.282,0.10405193,9.343639
12283,12.283,0.10825104,9.433378
12284,12.284,0.10642237,9.480794
12285,12.285,0.11517166,9.500985
12286,12.286,0.098928735,9.510263
12287,12.287,0.110604644,9.499824
12288,12.288,0.109307334,9.461925
12289,12.289,0.11373139,9.523746
12290,12.29,0.106304996,9.52838
12291,12.291,0.099555396,9.478651
12292,12.292,0.09668313,9.447375
12293,12.293,0.107024595,9.394177
12294,12.294,0.13717288,9.526128
12295,12.295,0.12415933,9.480935
12296,12.296,0.12622213,9.428557
12297,12.297,0.1158322,9.45628
12298,12.298,0.109731644,9.432537
12299,12.299,0.11199843,9.307481
12300,12.3,0.11200462,9.217259
12301,12.301,0.11963781,9.250982
12302,12.302,0.12974289,9.205391
12303,12.303,0.14182822,9.375552
12304,12.304,0.14224492,9.41596
12305,12.305,0.14791325,9.452581
12306,12.306,0.1416341,9.3546295
12307,12.307,0.14986974,9.37222
12308,12.308,0.15411209,9.559567
12309,12.309,0.14574665,9.473545
12310,12.31,0.13482352,9.366384
12311,12.311,0.12582955,9.4269085
12312,12.312,0.12242668,9.419195
12313,12.313,0.14102557,9.352396
12314,12.314,0.14289843,9.426937
12315,12.315,0.14172712,9.4885025
12316,12.316,0.14398155,9.438246
12317,12.317,0.1567213,9.400283
12318,12.318,0.13328688,9.35855
12319,12.319,0.13393748,9.230696
12320,12.32,0.1195044,9.15887
12321,12.321,0.10884528,9.254102
12322,12.322,0.10808218,9.24175
12323,12.323,0.1114791,9.212893
12324,12.324,0.11287233,9.243949
12325,12.325,0.1345815,9.165188
12326,12.326,0.11848048,9.361382
12327,12.327,0.092593685,9.457232
12328,12.328,0.106992185,9.506038
12329,12.329,0.08977424,9.464721
12330,12.33,0.1100031,9.419864
12331,12.331,0.112206735,9.415614
12332,12.332,0.1182324,9.527165
12333,12.333,0.12305016,9.498143
12334,12.334,0.11067778,9.614508
12335,12.335,0.09058948,9.644787
12336,12.336,0.097191125,9.636041
12337,12.337,0.10806507,9.648344
12338,12.338,0.10321535,9.714912
12339,12.339,0.09095624,9.728877
12340,12.34,0.092095464,9.665763
12341,12.341,0.091473304,9.714125
12342,12.342,0.09385352,9.748848
12343,12.343,0.10603497,9.708928
12344,12.344,0.08627581,9.726809
12345,12.345,0.08750772,9.698793
12346,12.346,0.09848606,9.805979
12347,12.347,0.08697771,9.792653
12348,12.348,0.103974134,9.926598
12349,12.349,0.10069836,9.97363
12350,12.35,0.11236733,9.9587555
12351,12.351,0.119446345,9.870817
12352,12.352,0.12954316,9.872928
12353,12.353,0.12875192,9.806692
12354,12.354,0.1172861,9.789791
12355,12.355,0.122298196,9.747152
12356,12.356,0.11514155,9.755009
12357,12.357,0.12942353,9.8039055
12358,12.358,0.120642334,9.8325615
12359,12.359,0.11934566,9.862069
12360,12.36,0.109095626,9.785117
12361,12.361,0.10646798,9.737757
12362,12.362,0.11566643,9.735424
12363,12.363,0.12670293,9.710146
12364,12.364,0.11975757,9.789263
12365,12.365,0.12464994,9.716481
12366,12.366,0.13271673,9.754802
12367,12.367,0.14379354,9.894441
12368,12.368,0.11114054,9.869915
12369,12.369,0.11812676,9.757033
12370,12.37,0.13766079,9.71789
12371,12.371,0.123284794,9.797238
12372,12.372,0.13015565,9.728445
12373,12.373,0.12818684,9.637535
12374,12.374,0.13327126,9.724417
12375,12.375,0.11316895,9.687154
12376,12.376,0.110907316,9.576713
12377,12.377,0.10394745,9.612629
12378,12.378,0.11037866,9.671936
12379,12.379,0.13510445,9.688179
12380,12.38,0.13104254,9.777771
12381,12.381,0.15302664,9.745981
12382,12.382,0.15707347,9.7910795
12383,12.383,0.11715593,9.684788
12384,12.384,0.12029497,9.485136
12385,12.385,0.12236246,9.452125
12386,12.386,0.12533247,9.470338
12387,12.387,0.13089073,9.512995
12388,12.388,0.14858694,9.625555
12389,12.389,0.13887803,9.719975
12390,12.39,0.1489956,9.718087
12391,12.391,0.14596856,9.746465
12392,12.392,0.14354573,9.686931
12393,12.393,0.12213741,9.720657
12394,12.394,0.12051962,9.777733
12395,12.395,0.10587788,9.64201
12396,12.396,0.117185526,9.72609
12397,12.397,0.11863063,9.647417
12398,12.398,0.13212661,9.648693
12399,12.399,0.13328515,9.570903
12400,12.4,0.13167791,9.559345
12401,12.401,0.13731438,9.587829
12402,12.402,0.13388224,9.5984745
12403,12.403,0.12372097,9.505946
12404,12.404,0.14020678,9.528756
12405,12.405,0.1251257,9.559658
12406,12.406,0.12995833,9.598847
12407,12.407,0.13111663,9.583735
12408,12.408,0.13194275,9.504722
12409,12.409,0.13869312,9.598737
12410,12.41,0.122247145,9.525165
12411,12.411,0.12373778,9.59605
12412,12.412,0.14363268,9.669614
12413,12.413,0.14221078,9.622676
12414,12.414,0.15581289,9.648693
12415,12.415,0.17385705,9.674448
12416,12.416,0.15883572,9.730125
12417,12.417,0.15241961,9.70884
12418,12.418,0.15577431,9.6207285
12419,12.419,0.1511187,9.553933
12420,12.42,0.13160063,9.428898
12421,12.421,0.1448939,9.433824
12422,12.422,0.1406891,9.42475
12423,12.423,0.1559953,9.440628
12424,12.424,0.15124714,9.392389
12425,12.425,0.15693505,9.4618635
12426,12.426,0.15538795,9.50429
12427,12.427,0.14553392,9.352374
12428,12.428,0.1651818,9.258677
12429,12.429,0.17187904,9.186864
12430,12.43,0.15045172,9.186449
12431,12.431,0.14529704,9.199021
12432,12.432,0.1490685,9.263802
12433,12.433,0.1374877,9.250647
12434,12.434,0.13942465,9.295645
12435,12.435,0.10518999,9.266815
12436,12.436,0.10637674,9.235965
12437,12.437,0.093362026,9.18753
12438,12.438,0.10949331,9.284597
12439,12.439,0.097717784,9.316357
12440,12.44,0.100514516,9.18078
12441,12.441,0.09355745,9.275123
12442,12.442,0.10432487,9.29643
12443,12.443,0.09921809,9.295395
12444,12.444,0.09899882,9.350087
12445,12.445,0.1092227,9.349465
12446,12.446,0.12116819,9.4396925
12447,12.447,0.12218283,9.405515
12448,12.448,0.123239785,9.318281
12449,12.449,0.11928171,9.353662
12450,12.45,0.12231521,9.364329
12451,12.451,0.11474329,9.341164
12452,12.452,0.11694459,9.424663
12453,12.453,0.11895565,9.500212
12454,12.454,0.122931734,9.538354
12455,12.455,0.12044863,9.502014
12456,12.456,0.11170286,9.466866
12457,12.457,0.11488626,9.640681
12458,12.458,0.112402305,9.697303
12459,12.459,0.11716382,9.638974
12460,12.46,0.12177154,9.5734625
12461,12.461,0.11722695,9.527491
12462,12.462,0.116137184,9.507341
12463,12.463,0.13123119,9.690938
12464,12.464,0.12049085,9.596755
12465,12.465,0.106250614,9.517292
12466,12.466,0.10355303,9.571412
12467,12.467,0.1276736,9.601787
12468,12.468,0.13246565,9.497852
12469,12.469,0.12325854,9.482248
12470,12.47,0.11432545,9.419024
12471,12.471,0.117770016,9.517733
12472,12.472,0.116121255,9.534354
12473,12.473,0.10607857,9.449492
12474,12.474,0.113273084,9.473042
12475,12.475,0.11460418,9.588639
12476,12.476,0.13314283,9.568852
12477,12.477,0.1304041,9.627697
12478,12.478,0.12991919,9.6702795
12479,12.479,0.13814028,9.713517
12480,12.48,0.13754989,9.631694
12481,12.481,0.1480679,9.637694
12482,12.482,0.12451261,9.664836
12483,12.483,0.143557,9.61314
12484,12.484,0.12698545,9.646208
12485,12.485,0.13545991,9.579584
12486,12.486,0.11993504,9.673876
12487,12.487,0.13590804,9.575137
12488,12.488,0.11875724,9.635121
12489,12.489,0.116121255,9.6687765
12490,12.49,0.10645278,9.7075405
12491,12.491,0.10433816,9.773999
12492,12.492,0.10764493,9.825813
12493,12.493,0.108280934,9.83554
12494,12.494,0.10259978,9.83554
12495,12.495,0.10402304,9.841773
12496,12.496,0.112611905,9.928114
12497,12.497,0.111845575,9.937319
12498,12.498,0.121250205,9.860925
12499,12.499,0.12186453,9.776703
12500,12.5,0.14039135,9.798359
12501,12.501,0.14223355,9.836025
12502,12.502,0.14007977,9.885933
12503,12.503,0.14565778,9.911236
12504,12.504,0.14766921,9.983514
12505,12.505,0.13799794,9.9657755
12506,12.506,0.12789975,9.985134
12507,12.507,0.12688345,10.081432
12508,12.508,0.13258776,10.002124
12509,12.509,0.13576338,9.971933
12510,12.51,0.12997968,10.056439
12511,12.511,0.1308766,10.052461
12512,12.512,0.13041827,9.980129
12513,12.513,0.13719817,10.050317
12514,12.514,0.12690167,9.996432
12515,12.515,0.12706916,9.993329
12516,12.516,0.13349485,9.987024
12517,12.517,0.12077449,9.949334
12518,12.518,0.1092227,9.984882
12519,12.519,0.11132968,9.980369
12520,12.52,0.11961076,9.978492
12521,12.521,0.119025595,9.984332
12522,12.522,0.11509937,10.067041
12523,12.523,0.09716972,10.089511
12524,12.524,0.09613397,10.0903635
12525,12.525,0.108915344,10.052854
12526,12.526,0.10956296,10.005429
12527,12.527,0.088010885,10.011579
12528,12.528,0.10432487,9.998329
12529,12.529,0.10915919,10.061316
12530,12.53,0.12540624,10.036936
12531,12.531,0.12733272,10.014475
12532,12.532,0.12386104,9.984451
12533,12.533,0.1297233,10.075471
12534,12.534,0.12406619,10.1446495
12535,12.535,0.1267303,10.246827
12536,12.536,0.1223738,10.325808
12537,12.537,0.100242734,10.380587
12538,12.538,0.09706973,10.362843
12539,12.539,0.10993583,10.416421
12540,12.54,0.101828486,10.327913
12541,12.541,0.101901114,10.369178
12542,12.542,0.103036,10.345475
12543,12.543,0.10104902,10.420562
12544,12.544,0.10382505,10.516631
12545,12.545,0.11900034,10.549057
12546,12.546,0.118427776,10.520574
12547,12.547,0.13636996,10.484097
12548,12.548,0.12973756,6.829598
12549,12.549,0.14086811,6.8698564
12550,12.55,0.1419211,6.897228
12551,12.551,0.15521526,7.086674
12552,12.552,0.13910092,6.9788604
12553,12.553,0.15183146,7.009385
12554,12.554,0.15138465,7.127169
12555,12.555,0.15477972,7.235962
12556,12.556,0.16069955,7.2832785
12557,12.557,0.18114324,7.2623134
12558,12.558,0.16987664,7.0869064
12559,12.559,0.16027024,7.0739155
12560,12.56,0.18262154,7.216269
12561,12.561,0.20155278,7.136303
12562,12.562,0.22166346,7.1336374
12563,12.563,0.23512742,7.2286863
12564,12.564,0.24584843,7.286571
12565,12.565,0.21982643,7.3846407
12566,12.566,0.20638143,7.5056443
12567,12.567,0.19863416,7.4362493
12568,12.568,0.21323325,7.3724074
12569,12.569,0.21336223,7.286282
12570,12.57,0.21418956,7.4170575
12571,12.571,0.22571394,7.506944
12572,12.572,0.22649106,7.5361676
12573,12.573,0.22639406,7.588211
12574,12.574,0.22945334,7.7177644
12575,12.575,0.21950121,7.630865
12576,12.576,0.20118883,7.714607
12577,12.577,0.17624229,7.92167
12578,12.578,0.18099001,10.899122
12579,12.579,0.18007308,10.8718605
12580,12.58,0.16193493,10.889776
12581,12.581,0.17366013,8.1515045
12582,12.582,0.15361623,8.084852
12583,12.583,0.15722795,7.9765496
12584,12.584,0.17437755,8.00835
12585,12.585,0.15541473,10.795688
12586,12.586,0.16052681,10.784836
12587,12.587,0.16345401,10.834365
12588,12.588,0.16765325,10.839516
12589,12.589,0.15420507,10.84831
12590,12.59,0.16098128,7.9399467
12591,12.591,0.14885122,7.9740186
12592,12.592,0.14130564,7.9735336
12593,12.593,0.15757605,7.8448176
12594,12.594,0.16244097,7.982312
12595,12.595,0.17496523,7.6780505
12596,12.596,0.18491751,7.695189
12597,12.597,0.16184211,7.5714693
12598,12.598,0.14655183,7.609213
12599,12.599,0.16001038,7.739314
12600,12.6,0.18855253,7.627678
12601,12.601,0.19159338,7.590796
12602,12.602,0.17989582,7.5852995
12603,12.603,0.19297728,7.5842257
12604,12.604,0.18139066,7.6365976
12605,12.605,0.16510901,10.854186
12606,12.606,0.15854727,7.758753
12607,12.607,0.13786888,7.6428485
12608,12.608,0.1537832,7.6536856
12609,12.609,0.15310065,7.6923943
12610,12.61,0.13800296,7.680591
12611,12.611,0.12937887,10.798267
12612,12.612,0.1275649,10.777608
12613,12.613,0.12136836,10.745563
12614,12.614,0.13855137,10.6910515
12615,12.615,0.15616268,10.706147
12616,12.616,0.15714853,10.671543
12617,12.617,0.16645615,10.697971
12618,12.618,0.16744213,10.762421
12619,12.619,0.16500255,10.673201
12620,12.62,0.15706758,10.69867
12621,12.621,0.14857605,10.739121
12622,12.622,0.13249704,10.709934
12623,12.623,0.14375496,10.712422
12624,12.624,0.16922347,10.622001
12625,12.625,0.1519228,10.632941
12626,12.626,0.17188038,10.682948
12627,12.627,0.17300656,10.611143
12628,12.628,0.17521742,10.543178
12629,12.629,0.17510392,10.493692
12630,12.63,0.18246956,10.457828
12631,12.631,0.17726645,10.465832
12632,12.632,0.17638522,10.440975
12633,12.633,0.17963345,10.407251
12634,12.634,0.17674007,10.438121
12635,12.635,0.16331251,10.480717
12636,12.636,0.14420456,10.378864
12637,12.637,0.16974594,10.38356
12638,12.638,0.18591005,10.355822
12639,12.639,0.18520983,10.337284
12640,12.64,0.20182788,10.350684
12641,12.641,0.22554795,10.430439
12642,12.642,0.1815932,10.418094
12643,12.643,0.17511976,10.37051
12644,12.644,0.17909466,10.321684
12645,12.645,0.18593492,10.33598
12646,12.646,0.17204171,10.239061
12647,12.647,0.16153325,10.292485
12648,12.648,0.18715566,10.382043
12649,12.649,0.20391677,10.417284
12650,12.65,0.19457008,10.35801
12651,12.651,0.1817052,10.26756
12652,12.652,0.19105323,10.3125105
12653,12.653,0.15580845,10.406991
12654,12.654,0.17822507,10.4161415
12655,12.655,0.16584808,10.40633
12656,12.656,0.1622886,10.446526
12657,12.657,0.14645399,10.489985
12658,12.658,0.15635502,10.483707
12659,12.659,0.14713909,10.478698
12660,12.66,0.16845392,10.505426
12661,12.661,0.16582856,10.561558
12662,12.662,0.16594145,10.500953
12663,12.663,0.13985513,10.586324
12664,12.664,0.14102885,10.432144
12665,12.665,0.14034523,10.556713
12666,12.666,0.14792888,10.444726
12667,12.667,0.14615533,10.430857
12668,12.668,0.14569905,10.367473
12669,12.669,0.14240573,10.320644
12670,12.67,0.15705729,10.341801
12671,12.671,0.15401004,10.393339
12672,12.672,0.15562731,10.306686
12673,12.673,0.15674637,10.329165
12674,12.674,0.16926582,10.317623
12675,12.675,0.1525121,10.226847
12676,12.676,0.15951258,10.221613
12677,12.677,0.17334433,10.293618
12678,12.678,0.16126682,10.283034
12679,12.679,0.1613743,10.284636
12680,12.68,0.16039282,10.241068
12681,12.681,0.18292007,10.07916
12682,12.682,0.17441997,10.024236
12683,12.683,0.168672,10.048285
12684,12.684,0.18008849,10.030101
12685,12.685,0.17711118,9.943095
12686,12.686,0.20539775,9.938834
12687,12.687,0.20677425,9.993212
12688,12.688,0.1944536,10.0621395
12689,12.689,0.21510616,10.065049
12690,12.69,0.20896418,10.014194
12691,12.691,0.2194675,10.050119
12692,12.692,0.23068833,10.11536
12693,12.693,0.21205686,10.056322
12694,12.694,0.20371032,10.043069
12695,12.695,0.19164406,9.920592
12696,12.696,0.20311818,9.866207
12697,12.697,0.20443311,9.903652
12698,12.698,0.18593243,7.2959924
12699,12.699,0.182619,7.3599806
12700,12.7,0.19081953,7.361374
12701,12.701,0.19957702,7.318478
12702,12.702,0.19602026,7.287194
12703,12.703,0.2286054,7.2463336
12704,12.704,0.20913781,7.2957053
12705,12.705,0.21593216,7.3332605
12706,12.706,0.21198817,7.27511
12707,12.707,0.20003407,7.322264
12708,12.708,0.2259801,7.3052564
12709,12.709,0.20571268,7.423454
12710,12.71,0.21695651,7.4081674
12711,12.711,0.21455409,7.32679
12712,12.712,0.21592681,7.323014
12713,12.713,0.1997264,7.371951
12714,12.714,0.19327776,7.2858005
12715,12.715,0.20135768,7.3254695
12716,12.716,0.18560636,7.296895
12717,12.717,0.18518737,7.407426
12718,12.718,0.17937328,7.3531046
12719,12.719,0.17835474,7.339784
12720,12.72,0.17383844,7.3569517
12721,12.721,0.18264812,7.2588654
12722,12.722,0.18029377,7.2795024
12723,12.723,0.19703314,10.207078
12724,12.724,0.1690403,7.339535
12725,12.725,0.17713729,10.183737
12726,12.726,0.15407008,10.177162
12727,12.727,0.15785457,10.208173
12728,12.728,0.16449596,10.212736
12729,12.729,0.17955363,10.187987
12730,12.73,0.18745807,10.24221
12731,12.731,0.18515241,10.239985
12732,12.732,0.1882568,10.26842
12733,12.733,0.18095808,10.265205
12734,12.734,0.17920823,10.274865
12735,12.735,0.17363617,10.375622
12736,12.736,0.1732149,10.505654
12737,12.737,0.18553036,10.528429
12738,12.738,0.17780818,10.529147
12739,12.739,0.17468223,10.471231
12740,12.74,0.18868858,10.505717
12741,12.741,0.20900069,10.64753
12742,12.742,0.22460191,10.556965
12743,12.743,0.21373466,10.473137
12744,12.744,0.21476625,10.501051
12745,12.745,0.20969643,10.5151825
12746,12.746,0.2064531,10.537063
12747,12.747,0.1916151,7.0649457
12748,12.748,0.18412565,10.564301
12749,12.749,0.19127938,10.449177
12750,12.75,0.19303717,10.482708
12751,12.751,0.17242964,10.494244
12752,12.752,0.19553609,10.481081
12753,12.753,0.19029905,10.51626
12754,12.754,0.18253164,10.524303
12755,12.755,0.18273038,10.522315
12756,12.756,0.19394526,10.520255
12757,12.757,0.1633479,10.524692
12758,12.758,0.15719558,10.548555
12759,12.759,0.16496612,6.951932
12760,12.76,0.1904812,7.0490623
12761,12.761,0.18327236,6.984072
12762,12.762,0.18066397,6.9791746
12763,12.763,0.17386104,7.0131936
12764,12.764,0.17538096,6.9798527
12765,12.765,0.17779388,6.9447722
12766,12.766,0.17046219,10.575382
12767,12.767,0.148007,10.607461
12768,12.768,0.1555218,10.604575
12769,12.769,0.1469158,7.040257
12770,12.77,0.15211746,10.543351
12771,12.771,0.1406891,10.4762535
12772,12.772,0.1219366,10.587133
12773,12.773,0.14540678,10.495105
12774,12.774,0.1499191,7.1098137
12775,12.775,0.15784138,7.0239477
12776,12.776,0.14825204,10.577685
12777,12.777,0.14168634,10.667388
12778,12.778,0.16633527,10.631529
12779,12.779,0.17331631,10.608156
12780,12.78,0.17049745,10.510543
12781,12.781,0.19491911,10.550389
12782,12.782,0.19769733,10.650674
12783,12.783,0.19306232,10.67239
12784,12.784,0.18131927,10.786894
12785,12.785,0.15576096,10.790665
12786,12.786,0.14085662,10.74945
12787,12.787,0.14194229,10.721179
12788,12.788,0.13471028,10.712265
12789,12.789,0.13150924,10.750708
12790,12.79,0.13250577,10.7429905
12791,12.791,0.15164405,10.886843
12792,12.792,0.15580103,10.83841
12793,12.793,0.16117647,10.860923
12794,12.794,0.1579995,10.815809
12795,12.795,0.16356148,10.8219385
12796,12.796,0.16660747,10.823736
12797,12.797,0.16414562,10.8774805
12798,12.798,0.16053978,10.892797
12799,12.799,0.16581881,10.821604
12800,12.8,0.16562907,10.86641
12801,12.801,0.16917156,10.815211
12802,12.802,0.17220558,10.877148
12803,12.803,0.17861639,10.848397
12804,12.804,0.1918201,10.90032
12805,12.805,0.18319665,10.937953
12806,12.806,0.17568916,10.849688
12807,12.807,0.18032198,10.844931
12808,12.808,0.1683331,10.774818
12809,12.809,0.18065758,10.817371
12810,12.81,0.17803687,10.880971
12811,12.811,0.1501764,10.873134
12812,12.812,0.15995403,10.847209
12813,12.813,0.17924048,10.819041
12814,12.814,0.17379586,10.791619
12815,12.815,0.17457366,10.833913
12816,12.816,0.19311021,10.904864
12817,12.817,0.16587874,10.932771
12818,12.818,0.1649591,6.839767
12819,12.819,0.16561373,6.8238654
12820,12.82,0.15835613,6.777886
12821,12.821,0.16411886,6.7286625
12822,12.822,0.17152761,10.823275
12823,12.823,0.17730817,6.848395
12824,12.824,0.17202155,6.8200936
12825,12.825,0.16241251,6.908375
12826,12.826,0.1543759,10.954189
12827,12.827,0.16089508,10.906065
12828,12.828,0.1676105,6.9706407
12829,12.829,0.17514616,6.9424496
12830,12.83,0.18006538,6.997115
12831,12.831,0.16052105,7.1988273
12832,12.832,0.16340591,7.1306233
12833,12.833,0.15644814,7.159568
12834,12.834,0.16214752,7.14251
12835,12.835,0.16122237,7.1746335
12836,12.836,0.15572236,7.159181
12837,12.837,0.13951914,11.009056
12838,12.838,0.14775999,11.004685
12839,12.839,0.14913519,7.113718
12840,12.84,0.15962848,7.093705
12841,12.841,0.14392854,7.0168204
12842,12.842,0.14410673,7.0799656
12843,12.843,0.14237164,7.1208363
12844,12.844,0.13790745,7.074124
12845,12.845,0.1486445,7.166462
12846,12.846,0.1558574,7.094149
12847,12.847,0.1559701,6.9202256
12848,12.848,0.14778815,7.025803
12849,12.849,0.14075975,7.0771337
12850,12.85,0.15570156,10.983144
12851,12.851,0.16295537,10.989384
12852,12.852,0.15570156,10.912069
12853,12.853,0.16787237,6.930294
12854,12.854,0.15442081,10.9361725
12855,12.855,0.14617905,10.845952
12856,12.856,0.13655631,10.905277
12857,12.857,0.13489895,7.0025716
12858,12.858,0.13144243,6.757384
12859,12.859,0.12481861,6.681834
12860,12.86,0.12922153,6.4712477
12861,12.861,0.12521252,6.4093094
12862,12.862,0.12525682,6.4245996
12863,12.863,0.13001703,6.4847636
12864,12.864,0.13629195,6.7373743
12865,12.865,0.13944456,6.727327
12866,12.866,0.12579647,6.646814
12867,12.867,0.13200757,6.788722
12868,12.868,0.135113,6.8186994
12869,12.869,0.14598598,6.875836
12870,12.87,0.14941087,6.9246426
12871,12.871,0.15590338,6.842212
12872,12.872,0.14968297,6.89312
12873,12.873,0.14698344,6.961119
12874,12.874,0.13596077,6.8327584
12875,12.875,0.12751052,6.9448776
12876,12.876,0.13662402,7.115321
12877,12.877,0.1284553,6.990947
12878,12.878,0.14109278,7.044695
12879,12.879,0.14116485,7.1764464
12880,12.88,0.14135307,7.140312
12881,12.881,0.14544018,7.190781
12882,12.882,0.15891285,7.3561273
12883,12.883,0.15770951,7.2410817
12884,12.884,0.14711393,7.401203
12885,12.885,0.14452325,7.32944
12886,12.886,0.15636094,7.254913
12887,12.887,0.16657555,7.388238
12888,12.888,0.1617478,7.4144344
12889,12.889,0.15911786,7.4261894
12890,12.89,0.1646182,7.3709106
12891,12.891,0.16697894,7.505178
12892,12.892,0.17291032,7.40897
12893,12.893,0.17148043,7.2735567
12894,12.894,0.16561373,7.2335668
12895,12.895,0.16094106,6.9789696
12896,12.896,0.16069235,7.0554247
12897,12.897,0.17497447,6.9561133
12898,12.898,0.1847111,7.0421286
12899,12.899,0.17080633,7.213577
12900,12.9,0.17131992,7.1043553
12901,12.901,0.17257841,7.2390676
12902,12.902,0.16903621,7.030916
12903,12.903,0.17121191,10.917579
12904,12.904,0.18711613,10.876005
12905,12.905,0.18099256,10.878791
12906,12.906,0.17875484,6.7251425
12907,12.907,0.17130911,10.814293
12908,12.908,0.16940099,10.779876
12909,12.909,0.16097553,10.766776
12910,12.91,0.16475014,10.774006
12911,12.911,0.16254626,10.720088
12912,12.912,0.15786189,6.490338
12913,12.913,0.16312838,10.69899
12914,12.914,0.17443852,10.607807
12915,12.915,0.17249666,10.681066
12916,12.916,0.17084017,10.67124
12917,12.917,0.14855115,10.605641
12918,12.918,0.14581959,6.280898
12919,12.919,0.15984124,10.646474
12920,12.92,0.14669532,10.600429
12921,12.921,0.1665686,10.57304
12922,12.922,0.17116736,10.721983
12923,12.923,0.16401458,6.467075
12924,12.924,0.17661838,6.4850464
12925,12.925,0.1872705,10.711683
12926,12.926,0.17874967,6.6093817
12927,12.927,0.18093763,6.4993997
12928,12.928,0.17032515,6.620083
12929,12.929,0.17254089,10.775969
12930,12.93,0.17992409,10.744461
12931,12.931,0.17784198,6.897002
12932,12.932,0.17459485,10.77047
12933,12.933,0.19231604,10.714114
12934,12.934,0.19533616,10.670951
12935,12.935,0.2258399,10.666557
12936,12.936,0.20720872,10.639665
12937,12.937,0.1896748,10.628948
12938,12.938,0.19934289,10.665976
12939,12.939,0.19568619,10.6822195
12940,12.94,0.19383079,10.680714
12941,12.941,0.17299987,10.594076
12942,12.942,0.17587987,10.584468
12943,12.943,0.17674923,10.713224
12944,12.944,0.17530185,10.755037
12945,12.945,0.18162249,10.720302
12946,12.946,0.18176118,10.667559
12947,12.947,0.18698388,10.582837
12948,12.948,0.18161868,10.557699
12949,12.949,0.18493626,10.52631
12950,12.95,0.18894938,10.490893
12951,12.951,0.19139658,10.53682
12952,12.952,0.18872288,10.628514
12953,12.953,0.19163923,10.7421
12954,12.954,0.18755917,10.798703
12955,12.955,0.19563775,10.741821
12956,12.956,0.17106332,10.6686535
12957,12.957,0.18352447,10.689241
12958,12.958,0.17733946,10.68467
12959,12.959,0.1651244,10.655053
12960,12.96,0.17729384,10.7108345
12961,12.961,0.16444394,10.617161
12962,12.962,0.15779011,10.598396
12963,12.963,0.17495202,10.616093
12964,12.964,0.17610581,10.507784
12965,12.965,0.17643633,10.557621
12966,12.966,0.1671713,10.499087
12967,12.967,0.14704792,10.404552
12968,12.968,0.15251666,10.463966
12969,12.969,0.1476144,10.443909
12970,12.97,0.14705107,10.494098
12971,12.971,0.14921422,10.471464
12972,12.972,0.16078153,10.459889
12973,12.973,0.1728809,10.437101
12974,12.974,0.16777731,10.511463
12975,12.975,0.16466874,10.584898
12976,12.976,0.17819911,10.579728
12977,12.977,0.17042014,10.558581
12978,12.978,0.15527484,10.50504
12979,12.979,0.14208229,10.520111
12980,12.98,0.15495439,10.495737
12981,12.981,0.1530055,10.532362
12982,12.982,0.14725845,10.643338
12983,12.983,0.15363128,10.523518
12984,12.984,0.15143962,10.514693
12985,12.985,0.16489883,10.610981
12986,12.986,0.15783846,10.574267
12987,12.987,0.16049369,10.577471
12988,12.988,0.13662909,10.648264
12989,12.989,0.1341927,10.678671
12990,12.99,0.1402002,10.673158
12991,12.991,0.13810846,10.589892
12992,12.992,0.13555716,10.6167755
12993,12.993,0.14237002,10.631073
12994,12.994,0.14853403,10.665562
12995,12.995,0.1472302,10.632485
12996,12.996,0.14128108,10.591322
12997,12.997,0.15151136,10.671518
12998,12.998,0.16474594,10.683931
12999,12.999,0.16301921,10.665902
13000,13.0,0.1586158,10.707187
13001,13.001,0.1519228,10.70603
13002,13.002,0.16140725,10.704579
13003,13.003,0.16949241,10.743973
13004,13.004,0.15449566,10.72483
13005,13.005,0.15498124,10.666138
13006,13.006,0.15732495,10.656887
13007,13.007,0.16310285,10.694815
13008,13.008,0.16687924,10.744103
13009,13.009,0.16552994,10.829793
13010,13.01,0.16709799,10.797337
13011,13.011,0.15271965,10.822882
13012,13.012,0.15810189,10.797347
13013,13.013,0.17688783,10.877197
13014,13.014,0.17747761,10.846077
13015,13.015,0.17900299,10.823589
13016,13.016,0.16689585,10.784487
13017,13.017,0.17344299,10.871134
13018,13.018,0.18030532,10.883197
13019,13.019,0.19160666,10.810442
13020,13.02,0.19659027,10.874554
13021,13.021,0.20021544,10.851121
13022,13.022,0.2153006,10.9240055
13023,13.023,0.23769255,10.95843
13024,13.024,0.22844657,10.97916
13025,13.025,0.23203735,10.893151
13026,13.026,0.23618208,10.8245735
13027,13.027,0.22753087,10.82185
13028,13.028,0.23577549,10.824405
13029,13.029,0.23669933,10.741007
13030,13.03,0.23214394,10.718276
13031,13.031,0.2312249,10.647831
13032,13.032,0.237532,10.6917
13033,13.033,0.23054497,10.686352
13034,13.034,0.23998572,10.708421
13035,13.035,0.22847186,10.708557
13036,13.036,0.2378559,10.653649
13037,13.037,0.25011188,10.603846
13038,13.038,0.25782505,10.68878
13039,13.039,0.25659004,10.579275
13040,13.04,0.2594439,10.688699
13041,13.041,0.2679095,10.704906
13042,13.042,0.27545422,10.687831
13043,13.043,0.2900701,10.715438
13044,13.044,0.3012106,10.587805
13045,13.045,0.28784424,10.6808405
13046,13.046,0.26460382,10.728638
13047,13.047,0.278909,10.740214
13048,13.048,0.28859985,10.799986
13049,13.049,0.28931832,10.8188305
13050,13.05,0.28470835,10.781148
13051,13.051,0.26823807,10.845638
13052,13.052,0.2794059,10.9828825
13053,13.053,0.27913603,10.986582
13054,13.054,0.27323705,11.033457
13055,13.055,0.27267462,11.014994
13056,13.056,0.27208728,11.054221
13057,13.057,0.24981776,11.025034
13058,13.058,0.25048044,11.104256
13059,13.059,0.25227752,11.091533
13060,13.06,0.25466815,11.114534
13061,13.061,0.25406098,11.106187
13062,13.062,0.22857304,11.092151
13063,13.063,0.23442926,11.063539
13064,13.064,0.24522321,11.200717
13065,13.065,0.20783038,11.263158
13066,13.066,0.20787488,11.337674
13067,13.067,0.2065214,11.311329
13068,13.068,0.19947968,11.361199
13069,13.069,0.19670315,11.407773
13070,13.07,0.19738367,11.3142185
13071,13.071,0.17682508,11.3403015
13072,13.072,0.1654531,11.31223
13073,13.073,0.16202913,11.30739
13074,13.074,0.16657832,11.3114605
13075,13.075,0.17232637,11.315591
13076,13.076,0.17248058,11.27068
13077,13.077,0.17810829,11.312884
13078,13.078,0.17258644,11.353345
13079,13.079,0.17147504,11.257109
13080,13.08,0.16168347,11.331841
13081,13.081,0.16172922,11.303891
13082,13.082,0.1548514,11.3445015
13083,13.083,0.17140086,11.300725
13084,13.084,0.17707594,11.296352
13085,13.085,0.16974321,11.330443
13086,13.086,0.16940372,11.361509
13087,13.087,0.17511712,11.326904
13088,13.088,0.19635965,11.29496
13089,13.089,0.19172487,11.305083
13090,13.09,0.19194902,11.3133955
13091,13.091,0.19956428,11.3400955
13092,13.092,0.19550417,11.321212
13093,13.093,0.1992315,11.445359
13094,13.094,0.17601126,11.327664
13095,13.095,0.18364915,11.36579
13096,13.096,0.18528597,11.3212595
13097,13.097,0.19207545,11.295146
13098,13.098,0.1855802,11.297923
13099,13.099,0.17470472,11.340393
13100,13.1,0.1865494,11.297759
13101,13.101,0.16446082,11.363657
13102,13.102,0.15779158,11.329563
13103,13.103,0.16115926,11.291921
13104,13.104,0.16822319,11.336469
13105,13.105,0.15886775,11.358186
13106,13.106,0.17076978,11.30256
13107,13.107,0.17421572,11.364641
13108,13.108,0.1763957,11.399298
13109,13.109,0.15661208,11.409166
13110,13.11,0.16226013,11.450232
13111,13.111,0.16475856,11.53027
13112,13.112,0.18567361,11.542472
13113,13.113,0.18678595,11.534476
13114,13.114,0.16987664,11.511905
13115,13.115,0.16386934,11.613882
13116,13.116,0.17331098,11.590878
13117,13.117,0.15383431,11.618553
13118,13.118,0.15086451,11.609876
13119,13.119,0.16296673,11.679743
13120,13.12,0.15722059,11.5708065
13121,13.121,0.16053833,11.657196
13122,13.122,0.16147886,5.969434
13123,13.123,0.13680835,11.556166
13124,13.124,0.14827543,5.8204136
13125,13.125,0.1619592,11.531189
13126,13.126,0.17028306,11.546571
13127,13.127,0.16624072,11.587825
13128,13.128,0.15888084,5.8659525
13129,13.129,0.1606463,5.809164
13130,13.13,0.16930543,11.622947
13131,13.131,0.18144675,5.785184
13132,13.132,0.19314134,5.776429
13133,13.133,0.18870328,5.7678175
13134,13.134,0.19030756,5.769388
13135,13.135,0.1807318,5.78568
13136,13.136,0.18937105,5.846616
13137,13.137,0.19664554,5.7491326
13138,13.138,0.18765406,5.862996
13139,13.139,0.19025531,5.858142
13140,13.14,0.20007683,5.8791857
13141,13.141,0.19632432,5.89184
13142,13.142,0.2088192,5.9352317
13143,13.143,0.203775,5.978533
13144,13.144,0.19528882,5.9065957
13145,13.145,0.20457104,5.999849
13146,13.146,0.20155737,5.9554443
13147,13.147,0.20269774,6.0099306
13148,13.148,0.19246504,5.9618816
13149,13.149,0.17977753,5.9759636
13150,13.15,0.18587646,5.922363
13151,13.151,0.19154872,8.481727
13152,13.152,0.19623834,8.366084
13153,13.153,0.20753984,11.570033
13154,13.154,0.21211246,11.476609
13155,13.155,0.20117618,8.291937
13156,13.156,0.20866303,11.467363
13157,13.157,0.22067563,11.440454
13158,13.158,0.22719735,11.422533
13159,13.159,0.21672516,11.463538
13160,13.16,0.22127722,11.472351
13161,13.161,0.22386679,11.472993
13162,13.162,0.21521361,11.444293
13163,13.163,0.21405244,11.46037
13164,13.164,0.22093947,11.461414
13165,13.165,0.21277629,11.495261
13166,13.166,0.21296853,5.781729
13167,13.167,0.20355819,11.52936
13168,13.168,0.2156343,11.577882
13169,13.169,0.21940324,11.5858
13170,13.17,0.24605241,5.750397
13171,13.171,0.23620655,5.7447352
13172,13.172,0.23875718,5.792678
13173,13.173,0.25611112,5.6751385
13174,13.174,0.2489426,5.78435
13175,13.175,0.25006658,5.7544975
13176,13.176,0.23404531,11.407411
13177,13.177,0.22321936,11.462495
13178,13.178,0.22733366,5.6966715
13179,13.179,0.23921958,11.454219
13180,13.18,0.24051306,5.6905794
13181,13.181,0.24175373,5.6792197
13182,13.182,0.23573233,5.7270837
13183,13.183,0.23075847,5.764373
13184,13.184,0.23426253,5.715926
13185,13.185,0.24435431,5.7745757
13186,13.186,0.23642763,5.7656703
13187,13.187,0.25131434,5.815754
13188,13.188,0.24365506,5.8344035
13189,13.189,0.2681898,5.7293396
13190,13.19,0.26736096,5.7433314
13191,13.191,0.2761508,5.7106485
13192,13.192,0.2698767,5.72335
13193,13.193,0.2597022,5.789294
13194,13.194,0.23046775,5.71862
13195,13.195,0.22007135,5.7193437
13196,13.196,0.21627451,5.7705503
13197,13.197,0.22336742,5.7608953
13198,13.198,0.21366325,5.781242
13199,13.199,0.2219376,5.6938586
13200,13.2,0.23154962,5.708014
13201,13.201,0.22626229,5.692881
13202,13.202,0.21026236,5.6286135
13203,13.203,0.2099994,5.5529423
13204,13.204,0.20497523,5.6065106
13205,13.205,0.21075878,5.52132
13206,13.206,0.20220211,5.589354
13207,13.207,0.18479495,5.5195985
13208,13.208,0.17757398,5.5607343
13209,13.209,0.17636818,5.579191
13210,13.21,0.17157882,5.533167
13211,13.211,0.17106062,5.5455623
13212,13.212,0.16370559,5.636743
13213,13.213,0.17326695,5.609947
13214,13.214,0.17869921,5.617353
13215,13.215,0.18335812,5.6144514
13216,13.216,0.1812925,5.619194
13217,13.217,0.19586924,5.6034837
13218,13.218,0.20401426,5.563382
13219,13.219,0.19611695,5.5556207
13220,13.22,0.21541548,5.607606
13221,13.221,0.21532315,5.5658903
13222,13.222,0.21424568,5.5854955
13223,13.223,0.20778923,5.5060043
13224,13.224,0.20533021,5.586887
13225,13.225,0.21915336,5.551387
13226,13.226,0.2220355,5.551509
13227,13.227,0.20866083,5.5047035
13228,13.228,0.20678096,5.506991
13229,13.229,0.22018898,5.5060325
13230,13.23,0.23015755,5.4860296
13231,13.231,0.22504614,5.457028
13232,13.232,0.20937425,5.4559717
13233,13.233,0.1962725,5.4771996
13234,13.234,0.19224508,5.45885
13235,13.235,0.184925,5.4573874
13236,13.236,0.18169758,5.4152603
13237,13.237,0.1715842,5.4023614
13238,13.238,0.19299644,5.4130673
13239,13.239,0.17738248,5.344522
13240,13.24,0.18067421,5.376822
13241,13.241,0.1906947,5.4643974
13242,13.242,0.20799161,5.4397697
13243,13.243,0.21928835,5.4206667
13244,13.244,0.21176775,5.3996425
13245,13.245,0.23623198,5.3641725
13246,13.246,0.23644231,5.350551
13247,13.247,0.2262582,5.327603
13248,13.248,0.21359292,5.3742194
13249,13.249,0.21812873,5.3403554
13250,13.25,0.22618666,5.320377
13251,13.251,0.21557641,5.392868
13252,13.252,0.2050925,5.3591986
13253,13.253,0.20944601,5.3675346
13254,13.254,0.20820604,5.3500123
13255,13.255,0.19347262,5.4283686
13256,13.256,0.22896817,5.4433355
13257,13.257,0.22804849,5.411965
13258,13.258,0.23604304,5.3620396
13259,13.259,0.24130863,5.396967
13260,13.26,0.2505321,5.444722
13261,13.261,0.26356903,5.399355
13262,13.262,0.27460268,5.3760276
13263,13.263,0.27599755,5.398341
13264,13.264,0.27286956,5.371513
13265,13.265,0.27187818,5.3462925
13266,13.266,0.2585262,5.3600945
13267,13.267,0.2514661,5.358322
13268,13.268,0.25702575,5.3784113
13269,13.269,0.24961129,5.434951
13270,13.27,0.23807159,5.4117684
13271,13.271,0.2708029,5.4381533
13272,13.272,0.25807154,5.406979
13273,13.273,0.26591206,5.4335318
13274,13.274,0.26043206,5.42109
13275,13.275,0.27216882,5.391236
13276,13.276,0.26115277,5.3528953
13277,13.277,0.25686738,5.3998446
13278,13.278,0.2751124,5.3441663
13279,13.279,0.27380672,5.3817735
13280,13.28,0.2729695,5.393616
13281,13.281,0.26824325,5.407623
13282,13.282,0.277821,5.4105887
13283,13.283,0.26858604,5.4452057
13284,13.284,0.2631301,5.4662037
13285,13.285,0.24451415,5.4720945
13286,13.286,0.25093505,5.494022
13287,13.287,0.2526612,5.4947877
13288,13.288,0.24994543,5.5118675
13289,13.289,0.25295112,5.5051723
13290,13.29,0.2327576,5.441412
13291,13.291,0.24869078,5.494778
13292,13.292,0.2406889,5.505822
13293,13.293,0.26352343,5.5069447
13294,13.294,0.25146517,5.5914025
13295,13.295,0.27857724,5.5785465
13296,13.296,0.2821782,5.521169
13297,13.297,0.28002498,5.550671
13298,13.298,0.28085926,5.47305
13299,13.299,0.28836742,5.4992228
13300,13.3,0.28003076,5.54393
13301,13.301,0.290959,5.4769783
13302,13.302,0.28892732,5.527879
13303,13.303,0.2831964,5.5589166
13304,13.304,0.28485042,5.525534
13305,13.305,0.28561965,5.5528474
13306,13.306,0.2723794,5.54097
13307,13.307,0.27121237,5.609857
13308,13.308,0.2643127,5.588504
13309,13.309,0.2575137,5.6141562
13310,13.31,0.24092892,5.620661
13311,13.311,0.23843741,5.5724063
13312,13.312,0.23936933,5.5643263
13313,13.313,0.24733633,5.5866423
13314,13.314,0.22322868,5.5587597
13315,13.315,0.20785487,5.5428514
13316,13.316,0.19474941,5.5670524
13317,13.317,0.20808387,5.56999
13318,13.318,0.21837978,5.592348
13319,13.319,0.2105217,5.571471
13320,13.32,0.2135994,5.5225115
13321,13.321,0.21212772,5.5346284
13322,13.322,0.20974824,5.5688767
13323,13.323,0.20892988,5.5473557
13324,13.324,0.20240782,5.5272365
13325,13.325,0.1993742,5.5356703
13326,13.326,0.19816105,5.5589256
13327,13.327,0.2017981,11.163998
13328,13.328,0.20313524,11.174193
13329,13.329,0.20222612,11.172152
13330,13.33,0.19621831,11.239345
13331,13.331,0.19986989,5.607575
13332,13.332,0.19530658,5.6210227
13333,13.333,0.21064135,5.5739503
13334,13.334,0.18919638,5.5742617
13335,13.335,0.1851474,5.51997
13336,13.336,0.18470985,5.5160465
13337,13.337,0.17337766,5.5320597
13338,13.338,0.17037265,5.558717
13339,13.339,0.1586391,5.576862
13340,13.34,0.16056858,5.5899906
13341,13.341,0.16898969,5.600145
13342,13.342,0.1698984,5.5836835
13343,13.343,0.1616849,5.5313363
13344,13.344,0.15394999,5.5663633
13345,13.345,0.14885743,5.534632
13346,13.346,0.14947121,5.516959
13347,13.347,0.15025029,5.5127034
13348,13.348,0.15534629,5.5351644
13349,13.349,0.16107461,5.5408497
13350,13.35,0.163779,5.5204
13351,13.351,0.15815014,5.483085
13352,13.352,0.14242198,5.526849
13353,13.353,0.15668441,5.5100045
13354,13.354,0.14784916,5.4683585
13355,13.355,0.15795706,5.4419694
13356,13.356,0.15644814,5.4641314
13357,13.357,0.13692491,5.4818873
13358,13.358,0.14221403,5.4891653
13359,13.359,0.14410512,5.4833884
13360,13.36,0.15247421,5.4641967
13361,13.361,0.15690705,5.4964895
13362,13.362,0.15756284,5.5088162
13363,13.363,0.15514971,5.5934634
13364,13.364,0.14074497,5.554103
13365,13.365,0.13064499,5.4842744
13366,13.366,0.14512031,5.4974537
13367,13.367,0.13160063,5.5384545
13368,13.368,0.12394687,5.574337
13369,13.369,0.13173057,5.569626
13370,13.37,0.14611894,5.5380015
13371,13.371,0.15278776,5.478256
13372,13.372,0.14885588,5.522145
13373,13.373,0.16871996,5.520922
13374,13.374,0.17532955,5.513367
13375,13.375,0.18248476,5.5645547
13376,13.376,0.17525305,5.5420823
13377,13.377,0.18076888,5.575827
13378,13.378,0.1940966,5.5525217
13379,13.379,0.19812721,5.6070533
13380,13.38,0.1747325,5.583395
13381,13.381,0.17689697,5.567852
13382,13.382,0.1842725,5.5501037
13383,13.383,0.18021938,5.546186
13384,13.384,0.18503374,5.6089306
13385,13.385,0.17528075,5.6146307
13386,13.386,0.18014112,5.6539445
13387,13.387,0.18093252,5.6633134
13388,13.388,0.18384418,5.6859074
13389,13.389,0.20059153,5.6705
13390,13.39,0.19645263,5.6166625
13391,13.391,0.1885746,5.6104584
13392,13.392,0.1808456,5.5993085
13393,13.393,0.20737268,5.5659347
13394,13.394,0.20254484,5.5354548
13395,13.395,0.20550354,5.545404
13396,13.396,0.21019527,5.5347347
13397,13.397,0.21579722,5.537433
13398,13.398,0.2074819,5.5512166
13399,13.399,0.21441503,5.491178
13400,13.4,0.22921945,5.550533
13401,13.401,0.23467074,5.5174623
13402,13.402,0.22763652,5.4402056
13403,13.403,0.23829484,5.5125947
13404,13.404,0.23679894,5.508114
13405,13.405,0.23637679,5.4752417
13406,13.406,0.23896334,5.463481
13407,13.407,0.23824729,5.4885807
13408,13.408,0.21713759,5.5288587
13409,13.409,0.23277746,5.526113
13410,13.41,0.23437105,5.485054
13411,13.411,0.23198354,5.517054
13412,13.412,0.21587755,5.550075
13413,13.413,0.20934223,5.5458226
13414,13.414,0.21512228,5.5907626
13415,13.415,0.21653838,5.546648
13416,13.416,0.22457618,5.5467486
13417,13.417,0.22790043,5.500481
13418,13.418,0.22265832,5.5451
13419,13.419,0.23476826,5.5429425
13420,13.42,0.23598523,5.5509334
13421,13.421,0.22216353,5.578771
13422,13.422,0.22006084,5.5760436
13423,13.423,0.22376865,5.564715
13424,13.424,0.2320473,5.6341567
13425,13.425,0.22885607,5.470665
13426,13.426,0.21079168,5.4718966
13427,13.427,0.21975806,5.5453563
13428,13.428,0.23617326,5.508359
13429,13.429,0.22587879,5.5156584
13430,13.43,0.21115002,5.487263
13431,13.431,0.19460097,5.483018
13432,13.432,0.18814254,5.4794774
13433,13.433,0.20774472,5.466694
13434,13.434,0.19679363,5.464604
13435,13.435,0.17967334,5.513898
13436,13.436,0.18911448,5.5200768
13437,13.437,0.20198132,5.4739985
13438,13.438,0.20139672,5.461265
13439,13.439,0.19946347,5.451617
13440,13.44,0.2112157,5.478501
13441,13.441,0.19671725,5.497678
13442,13.442,0.20048663,5.496193
13443,13.443,0.18785354,5.5195894
13444,13.444,0.19621006,5.5619946
13445,13.445,0.19867024,5.497852
13446,13.446,0.18922082,5.508412
13447,13.447,0.188838,5.566643
13448,13.448,0.18461344,5.557787
13449,13.449,0.22325975,5.630638
13450,13.45,0.22597192,5.5883737
13451,13.451,0.22441037,5.5943694
13452,13.452,0.21185507,5.5878034
13453,13.453,0.2235102,5.58673
13454,13.454,0.22155496,5.5950737
13455,13.455,0.23467173,5.5808573
13456,13.456,0.22362499,5.6361103
13457,13.457,0.2260251,5.680991
13458,13.458,0.24025531,5.7129645
13459,13.459,0.24103637,5.7438445
13460,13.46,0.25360376,5.7357154
13461,13.461,0.24330658,5.767675
13462,13.462,0.2531174,5.7891674
13463,13.463,0.2541338,5.758313
13464,13.464,0.22937474,5.696675
13465,13.465,0.22891061,5.7152643
13466,13.466,0.24082911,5.752523
13467,13.467,0.25443745,5.72676
13468,13.468,0.25301966,5.734943
13469,13.469,0.2514615,5.7385397
13470,13.47,0.24605429,5.724045
13471,13.471,0.23636897,5.695961
13472,13.472,0.2374843,5.7149744
13473,13.473,0.24957053,5.667434
13474,13.474,0.25800702,5.6920843
13475,13.475,0.22712712,5.6845207
13476,13.476,0.2581987,5.6889505
13477,13.477,0.25415564,5.6980915
13478,13.478,0.27074057,5.674461
13479,13.479,0.26248792,5.626961
13480,13.48,0.23143476,5.6455994
13481,13.481,0.25583476,5.655406
13482,13.482,0.2608906,5.7478237
13483,13.483,0.26319775,5.7067327
13484,13.484,0.25766897,5.728489
13485,13.485,0.27358964,5.7787046
13486,13.486,0.29184523,5.678393
13487,13.487,0.3027281,5.757619
13488,13.488,0.29167804,5.686957
13489,13.489,0.30203003,5.737963
13490,13.49,0.32817572,5.6691494
13491,13.491,0.30170375,5.6460767
13492,13.492,0.2865038,5.6560125
13493,13.493,0.28229448,5.686167
13494,13.494,0.2728933,5.7098565
13495,13.495,0.25915772,5.640468
13496,13.496,0.24025434,5.5852175
13497,13.497,0.24559534,5.57112
13498,13.498,0.25046197,5.6448135
13499,13.499,0.25110084,5.6033783
13500,13.5,0.2523114,5.627256
13501,13.501,0.25875863,5.6461563
13502,13.502,0.2534761,5.668199
13503,13.503,0.25154147,5.614525
13504,13.504,0.22751766,5.605455
13505,13.505,0.21420899,5.611495
13506,13.506,0.20885351,5.5825024
13507,13.507,0.20591488,5.5568337
13508,13.508,0.20874168,5.5952134
13509,13.509,0.20388502,5.610575
13510,13.51,0.17646909,5.5833564
13511,13.511,0.17300522,5.606016
13512,13.512,0.16880764,5.660058
13513,13.513,0.17876,5.7001915
13514,13.514,0.19382364,5.6507316
13515,13.515,0.17973767,5.684329
13516,13.516,0.1938606,5.6679106
13517,13.517,0.18888453,5.678292
13518,13.518,0.19269554,5.654541
13519,13.519,0.18937348,5.6594043
13520,13.52,0.19560702,5.610324
13521,13.521,0.19220781,5.578952
13522,13.522,0.18255189,5.602637
13523,13.523,0.19291377,5.6185136
13524,13.524,0.18114834,5.6193266
13525,13.525,0.16699141,5.5733285
13526,13.526,0.16590105,5.6006083
13527,13.527,0.17581807,5.5709586
13528,13.528,0.16354169,5.557911
13529,13.529,0.18479744,5.629601
13530,13.53,0.15511097,5.630852
13531,13.531,0.15263332,5.6477246
13532,13.532,0.18375361,5.715924
13533,13.533,0.17335632,5.7527485
13534,13.534,0.14982036,5.746504
13535,13.535,0.15742926,5.670362
13536,13.536,0.15804632,5.6775327
13537,13.537,0.15002854,5.7142253
13538,13.538,0.14631975,5.712949
13539,13.539,0.1559701,5.655723
13540,13.54,0.15225115,5.6631837
13541,13.541,0.15217368,5.6602364
13542,13.542,0.16172779,5.7374635
13543,13.543,0.15450014,5.706872
13544,13.544,0.1598369,5.703965
13545,13.545,0.1573132,5.661307
13546,13.546,0.17340167,5.7072563
13547,13.547,0.16079734,5.650527
13548,13.548,0.16124818,5.7022905
13549,13.549,0.16026448,5.6588855
13550,13.55,0.15361924,5.6760864
13551,13.551,0.14863984,5.646537
13552,13.552,0.13993776,5.6361012
13553,13.553,0.15450613,5.548824
13554,13.554,0.16255622,5.5653105
13555,13.555,0.16323179,5.592077
13556,13.556,0.15818669,5.610353
13557,13.557,0.17631312,5.6854453
13558,13.558,0.18915728,5.7632074
13559,13.559,0.16646726,5.754971
13560,13.56,0.15754817,5.7539988
13561,13.561,0.15401454,5.7291427
13562,13.562,0.14491305,5.7181554
13563,13.563,0.14471827,5.71825
13564,13.564,0.120371826,5.6788735
13565,13.565,0.13747424,5.7752094
13566,13.566,0.13730428,5.7779436
13567,13.567,0.13377686,5.76231
13568,13.568,0.131511,5.7295165
13569,13.569,0.12468703,5.782088
13570,13.57,0.123717226,5.7759933
13571,13.571,0.1356049,5.709037
13572,13.572,0.10290802,5.719411
13573,13.573,0.08356421,5.7304544
13574,13.574,0.09328771,5.7320423
13575,13.575,0.1028451,5.7597227
13576,13.576,0.103157096,5.7389164
13577,13.577,0.12449405,5.7266006
13578,13.578,0.12367798,5.7438197
13579,13.579,0.14902973,5.774154
13580,13.58,0.1482879,5.798246
13581,13.581,0.17062351,5.7734036
13582,13.582,0.18145694,5.789684
13583,13.583,0.18697028,5.771799
13584,13.584,0.20299862,5.7818336
13585,13.585,0.18908025,5.7551894
13586,13.586,0.19399533,5.796364
13587,13.587,0.19207907,5.772626
13588,13.588,0.18394224,5.7895093
13589,13.589,0.16626158,5.73469
13590,13.59,0.15616712,5.729263
13591,13.591,0.14203998,5.7706394
13592,13.592,0.17568257,5.8126407
13593,13.593,0.16645892,5.776561
13594,13.594,0.18888819,5.771555
13595,13.595,0.19658794,5.7640533
13596,13.596,0.21234341,5.8411326
13597,13.597,0.20919198,5.8233633
13598,13.598,0.21926515,5.7757797
13599,13.599,0.22749734,5.811169
13600,13.6,0.2521877,5.843704
13601,13.601,0.22861652,5.8700614
13602,13.602,0.22441655,5.839838
13603,13.603,0.21252732,5.81302
13604,13.604,0.20906264,5.8058825
13605,13.605,0.22794709,5.7640324
13606,13.606,0.23206824,5.70662
13607,13.607,0.2219376,5.717803
13608,13.608,0.24325526,5.753439
13609,13.609,0.23883462,5.7018948
13610,13.61,0.26255396,5.74153
13611,13.611,0.2604498,5.804935
13612,13.612,0.23679309,5.7792277
13613,13.613,0.23890238,5.7490635
13614,13.614,0.22930317,5.7254925
13615,13.615,0.2355744,5.7808976
13616,13.616,0.23681553,5.792482
13617,13.617,0.22282128,5.758388
13618,13.618,0.23666026,5.7703977
13619,13.619,0.23069035,5.729361
13620,13.62,0.24307175,5.750105
13621,13.621,0.2655484,5.786604
13622,13.622,0.2617205,5.7904305
13623,13.623,0.26940686,5.7743216
13624,13.624,0.27569833,5.820839
13625,13.625,0.2738211,5.822728
13626,13.626,0.2784577,5.784352
13627,13.627,0.27730706,5.7908893
13628,13.628,0.2819774,5.8188424
13629,13.629,0.2782135,5.8343716
13630,13.63,0.3035525,5.7594647
13631,13.631,0.31109563,5.806751
13632,13.632,0.30067593,5.7310786
13633,13.633,0.28358066,5.7042007
13634,13.634,0.29348597,5.7529407
13635,13.635,0.25279385,5.752133
13636,13.636,0.2517142,5.7906547
13637,13.637,0.26229674,5.765768
13638,13.638,0.270048,5.7411213
13639,13.639,0.2690943,5.7149553
13640,13.64,0.26263234,5.7067685
13641,13.641,0.26357868,5.72761
13642,13.642,0.25693938,5.739146
13643,13.643,0.26195186,5.694199
13644,13.644,0.25930753,5.6410046
13645,13.645,0.25358096,5.6839294
13646,13.646,0.22845466,5.6846476
13647,13.647,0.228012,5.6744223
13648,13.648,0.22596885,5.6623683
13649,13.649,0.22727467,5.701161
13650,13.65,0.21697143,5.6626773
13651,13.651,0.22644104,5.5736475
13652,13.652,0.23240471,5.645919
13653,13.653,0.22902471,5.5662475
13654,13.654,0.22279327,5.5619307
13655,13.655,0.22422588,5.5384154
13656,13.656,0.20862646,5.496414
13657,13.657,0.2068592,5.5251484
13658,13.658,0.21372384,5.532948
13659,13.659,0.17050965,11.64555
13660,13.66,0.15196235,11.63249
13661,13.661,0.16150606,11.65586
13662,13.662,0.17514747,11.699
13663,13.663,0.1941621,11.640069
13664,13.664,0.18030147,11.634067
13665,13.665,0.18561384,5.513984
13666,13.666,0.21887574,11.626587
13667,13.667,0.2303383,11.590059
13668,13.668,0.24538061,11.6219
13669,13.669,0.23136182,11.6240225
13670,13.67,0.2380677,11.642283
13671,13.671,0.23955856,11.6235695
13672,13.672,0.22352779,11.611528
13673,13.673,0.23141378,11.597027
13674,13.674,0.21366,11.61462
13675,13.675,0.21678701,11.557944
13676,13.676,0.2078849,11.614427
13677,13.677,0.20850897,11.598631
13678,13.678,0.22400306,11.601617
13679,13.679,0.25029853,11.589234
13680,13.68,0.23672375,11.6156025
13681,13.681,0.22537056,11.524204
13682,13.682,0.22911252,11.514866
13683,13.683,0.22184382,11.547317
13684,13.684,0.23834042,11.571216
13685,13.685,0.22070077,11.612506
13686,13.686,0.22484985,11.6419
13687,13.687,0.21374223,11.548865
13688,13.688,0.21367624,11.532511
13689,13.689,0.20355023,11.555695
13690,13.69,0.18714455,11.545939
13691,13.691,0.17315617,11.650764
13692,13.692,0.16323605,11.606791
13693,13.693,0.15888958,11.626455
13694,13.694,0.15053928,11.625601
13695,13.695,0.17125107,11.6562195
13696,13.696,0.1463229,11.697971
13697,13.697,0.15652053,11.629849
13698,13.698,0.15026106,11.609412
13699,13.699,0.13995098,11.621539
13700,13.7,0.14913054,11.668369
13701,13.701,0.1373228,11.676622
13702,13.702,0.13678975,11.616006
13703,13.703,0.14581643,11.571164
13704,13.704,0.15346415,11.604237
13705,13.705,0.13606276,11.620536
13706,13.706,0.13691646,11.617639
13707,13.707,0.14878908,11.630051
13708,13.708,0.16160195,11.671937
13709,13.709,0.15036103,11.610066
13710,13.71,0.15714557,11.652604
13711,13.711,0.17352028,11.649866
13712,13.712,0.19018967,11.643653
13713,13.713,0.20073555,11.641745
13714,13.714,0.1900839,11.576283
13715,13.715,0.19396195,11.619593
13716,13.716,0.2131454,11.625924
13717,13.717,0.2215946,11.628342
13718,13.718,0.21811707,11.562698
13719,13.719,0.18880616,11.589883
13720,13.72,0.18078296,11.517123
13721,13.721,0.17720385,11.522958
13722,13.722,0.17672175,11.478689
13723,13.723,0.15965456,11.447206
13724,13.724,0.1751224,11.41331
13725,13.725,0.15183146,11.4226885
13726,13.726,0.15898703,11.444136
13727,13.727,0.1506621,11.412394
13728,13.728,0.16969007,11.359272
13729,13.729,0.17135635,11.393514
13730,13.73,0.17827176,11.348759
13731,13.731,0.18020655,11.301749
13732,13.732,0.16795361,11.3266115
13733,13.733,0.1580507,11.280035
13734,13.734,0.18037327,11.291347
13735,13.735,0.17014453,11.322019
13736,13.736,0.14179726,11.393777
13737,13.737,0.15623817,11.375801
13738,13.738,0.15116306,11.354529
13739,13.739,0.1616148,11.3670225
13740,13.74,0.17487271,11.372703
13741,13.741,0.16144879,11.38911
13742,13.742,0.17210218,11.345831
13743,13.743,0.17574836,11.41726
13744,13.744,0.15580696,11.494279
13745,13.745,0.1689377,11.446722
13746,13.746,0.15610789,11.424845
13747,13.747,0.18454456,11.548224
13748,13.748,0.18490751,11.518749
13749,13.749,0.2013485,11.525329
13750,13.75,0.20709601,11.50591
13751,13.751,0.2108202,11.453727
13752,13.752,0.1893625,11.437783
13753,13.753,0.19182853,11.35417
13754,13.754,0.2015241,11.344025
13755,13.755,0.17882337,11.363575
13756,13.756,0.16582717,11.299819
13757,13.757,0.17456837,11.279257
13758,13.758,0.16091952,11.336364
13759,13.759,0.17126457,11.284156
13760,13.76,0.17844935,11.273163
13761,13.761,0.1830944,11.39023
13762,13.762,0.17325094,11.420228
13763,13.763,0.15641415,11.36112
13764,13.764,0.17763777,11.352139
13765,13.765,0.16726945,11.402208
13766,13.766,0.17917985,11.449463
13767,13.767,0.15966469,11.405565
13768,13.768,0.14727886,11.480338
13769,13.769,0.14613792,11.472797
13770,13.77,0.13681342,11.455032
13771,13.771,0.14012432,11.431604
13772,13.772,0.15384333,11.428568
13773,13.773,0.16492547,11.448364
13774,13.774,0.17533483,11.410197
13775,13.775,0.18192393,11.4619875
13776,13.776,0.18227687,11.538595
13777,13.777,0.1684553,11.468062
13778,13.778,0.16939281,11.486821
13779,13.779,0.18098746,11.447924
13780,13.78,0.19894467,11.500794
13781,13.781,0.2095034,11.536641
13782,13.782,0.19707654,11.476911
13783,13.783,0.19569801,11.504432
13784,13.784,0.19709884,11.58357
13785,13.785,0.19126247,11.589647
13786,13.786,0.22801605,11.646211
13787,13.787,0.23576568,11.57587
13788,13.788,0.20663443,11.549363
13789,13.789,0.21190855,11.4631815
13790,13.79,0.22412893,11.502309
13791,13.791,0.23256682,11.583589
13792,13.792,0.21250883,11.484684
13793,13.793,0.19376756,11.477169
13794,13.794,0.22172916,11.4616995
13795,13.795,0.22512832,11.485235
13796,13.796,0.24325337,11.489928
13797,13.797,0.24087614,11.478821
13798,13.798,0.21363403,11.461385
13799,13.799,0.23985659,11.486552
13800,13.8,0.24571392,11.441042
13801,13.801,0.2443155,11.466182
13802,13.802,0.24564146,11.469007
13803,13.803,0.25506184,11.389351
13804,13.804,0.26502988,11.390535
13805,13.805,0.24749051,11.390635
13806,13.806,0.25671974,11.404702
13807,13.807,0.25273257,11.445891
13808,13.808,0.23509201,11.461162
13809,13.809,0.21275239,11.469821
13810,13.81,0.20593284,11.424358
13811,13.811,0.21284474,11.463004
13812,13.812,0.2339119,11.497729
13813,13.813,0.21927674,11.495763
13814,13.814,0.22032543,11.384858
13815,13.815,0.23010331,11.400295
13816,13.816,0.24359812,11.400716
13817,13.817,0.23819198,11.5417595
13818,13.818,0.25281855,11.590062
13819,13.819,0.2475727,11.601716
13820,13.82,0.2538762,11.606428
13821,13.821,0.26143768,11.630696
13822,13.822,0.2724312,11.630877
13823,13.823,0.25477433,11.619101
13824,13.824,0.2863585,11.611823
13825,13.825,0.29183018,11.647341
13826,13.826,0.2883065,11.592116
13827,13.827,0.28509626,11.640687
13828,13.828,0.30234292,11.715178
13829,13.829,0.30169454,11.663699
13830,13.83,0.31403136,11.705754
13831,13.831,0.31752515,11.753853
13832,13.832,0.32995397,11.725537
13833,13.833,0.3295466,11.791387
13834,13.834,0.32389343,11.761657
13835,13.835,0.31186756,11.787839
13836,13.836,0.3030479,11.716088
13837,13.837,0.28880084,11.683176
13838,13.838,0.3178679,11.690237
13839,13.839,0.31309426,11.763678
13840,13.84,0.29752535,11.729779
13841,13.841,0.30850458,11.7710905
13842,13.842,0.33669984,11.745948
13843,13.843,0.32419094,11.781047
13844,13.844,0.3319233,11.728958
13845,13.845,0.35365343,11.6739
13846,13.846,0.33464116,11.684212
13847,13.847,0.35029233,11.645918
13848,13.848,0.35100308,11.70057
13849,13.849,0.35058457,11.661697
13850,13.85,0.35945156,11.6860895
13851,13.851,0.39550984,11.718183
13852,13.852,0.3750148,11.7195215
13853,13.853,0.35903904,11.700652
13854,13.854,0.3591916,11.724386
13855,13.855,0.35014907,11.648655
13856,13.856,0.31938583,11.592172
13857,13.857,0.3132094,11.618732
13858,13.858,0.3168188,11.639905
13859,13.859,0.32365066,11.618806
13860,13.86,0.3065688,11.664137
13861,13.861,0.30441725,11.652653
13862,13.862,0.27839294,11.7361145
13863,13.863,0.28151622,11.692251
13864,13.864,0.2880642,11.743837
13865,13.865,0.27750793,11.663212
13866,13.866,0.27390382,11.70036
13867,13.867,0.27321336,11.742583
13868,13.868,0.2711399,11.750129
13869,13.869,0.26492953,11.764444
13870,13.87,0.25716424,11.767546
13871,13.871,0.27300003,11.807428
13872,13.872,0.27959615,11.841509
13873,13.873,0.28849247,11.838521
13874,13.874,0.2905368,11.848629
13875,13.875,0.30456153,11.867971
13876,13.876,0.3057215,11.886271
13877,13.877,0.3159536,11.902915
13878,13.878,0.31261835,11.886267
13879,13.879,0.31300637,11.854989
13880,13.88,0.31733796,11.886577
13881,13.881,0.3258235,11.853374
13882,13.882,0.33092856,11.878443
13883,13.883,0.36044195,11.941101
13884,13.884,0.3813045,11.962947
13885,13.885,0.36035216,11.95251
13886,13.886,0.36867985,11.915161
13887,13.887,0.38004798,11.857593
13888,13.888,0.35264656,11.793628
13889,13.889,0.38188496,11.755672
13890,13.89,0.384495,11.765934
13891,13.891,0.37584922,11.80064
13892,13.892,0.40495497,11.780819
13893,13.893,0.3788922,11.752288
13894,13.894,0.35493177,11.83575
13895,13.895,0.33603245,11.855147
13896,13.896,0.30968714,11.943662
13897,13.897,0.30181485,11.967374
13898,13.898,0.29324245,11.914448
13899,13.899,0.28131986,11.908067
13900,13.9,0.26295343,11.865236
13901,13.901,0.27443844,11.906932
13902,13.902,0.29110837,11.91788
13903,13.903,0.26982957,11.971041
13904,13.904,0.26750186,11.878058
13905,13.905,0.29436615,11.96582
13906,13.906,0.282351,11.926559
13907,13.907,0.2732345,11.938302
13908,13.908,0.2721357,11.895876
13909,13.909,0.26346463,11.867406
13910,13.91,0.2662596,11.855497
13911,13.911,0.25653145,11.881605
13912,13.912,0.26589903,11.895505
13913,13.913,0.25853696,11.910504
13914,13.914,0.24590203,11.890156
13915,13.915,0.27418223,11.89527
13916,13.916,0.26322675,11.821774
13917,13.917,0.24075997,11.8553505
13918,13.918,0.23802496,11.842984
13919,13.919,0.25845376,11.723613
13920,13.92,0.2614642,11.804608
13921,13.921,0.27177864,11.891365
13922,13.922,0.24039575,11.860277
13923,13.923,0.25792727,11.870601
13924,13.924,0.2641981,11.852792
13925,13.925,0.2641526,11.889756
13926,13.926,0.25961494,11.87086
13927,13.927,0.24932678,11.922234
13928,13.928,0.24652646,11.934077
13929,13.929,0.22665533,11.905514
13930,13.93,0.24050729,11.876305
13931,13.931,0.23353504,11.798082
13932,13.932,0.23240869,11.803144
13933,13.933,0.2641412,11.75217
13934,13.934,0.26694643,11.752244
13935,13.935,0.25218678,11.745999
13936,13.936,0.24650395,11.67557
13937,13.937,0.21489432,11.73129
13938,13.938,0.20987055,11.735171
13939,13.939,0.2388869,11.7050905
13940,13.94,0.23054096,11.6993885
13941,13.941,0.23415296,11.783978
13942,13.942,0.2484592,11.799574
13943,13.943,0.22322972,11.781525
13944,13.944,0.2229499,11.790561
13945,13.945,0.21820821,11.751912
13946,13.946,0.21502231,11.781072
13947,13.947,0.23210111,11.761126
13948,13.948,0.21516311,11.712261
13949,13.949,0.22244225,11.791251
13950,13.95,0.21415934,11.726369
13951,13.951,0.18938325,11.752506
13952,13.952,0.16451563,11.747368
13953,13.953,0.15681568,11.799153
13954,13.954,0.16663522,11.737503
13955,13.955,0.1820916,11.730591
13956,13.956,0.16766568,11.671618
13957,13.957,0.17522798,11.773171
13958,13.958,0.16957831,11.714275
13959,13.959,0.1680692,11.743034
13960,13.96,0.16710627,11.719506
13961,13.961,0.1785672,11.673698
13962,13.962,0.18759122,11.700981
13963,13.963,0.17919274,11.608752
13964,13.964,0.1700657,11.63524
13965,13.965,0.17065738,11.665742
13966,13.966,0.15130523,11.739901
13967,13.967,0.13780682,11.8321
13968,13.968,0.1226512,11.82043
13969,13.969,0.1265386,11.952183
13970,13.97,0.13047498,5.702718
13971,13.971,0.11475941,11.891287
13972,13.972,0.13225953,11.897841
13973,13.973,0.11856826,11.962553
13974,13.974,0.10577301,11.979448
13975,13.975,0.1136826,12.042668
13976,13.976,0.121172,11.976258
13977,13.977,0.13159887,11.956547
13978,13.978,0.11630627,11.963801
13979,13.979,0.11645327,12.023814
13980,13.98,0.09859163,5.6015053
13981,13.981,0.09485324,5.545188
13982,13.982,0.08800826,11.895369
13983,13.983,0.10971479,11.967869
13984,13.984,0.10605024,5.610814
13985,13.985,0.10654179,5.613022
13986,13.986,0.12640698,5.672179
13987,13.987,0.11538825,5.6820426
13988,13.988,0.12518851,5.6551547
13989,13.989,0.13363335,5.6671047
13990,13.99,0.10529983,5.6407495
13991,13.991,0.10887288,5.7039685
13992,13.992,0.11971702,5.6835065
13993,13.993,0.13280727,5.6368785
13994,13.994,0.14118123,5.65602
13995,13.995,0.14898784,5.622656
13996,13.996,0.1453543,5.626587
13997,13.997,0.118377015,5.6418056
13998,13.998,0.12800455,5.6355
13999,13.999,0.13624784,5.6808343
14000,14.0,0.13892631,5.6996074
14001,14.001,0.10813351,5.693254
14002,14.002,0.11083851,5.708945
14003,14.003,0.11552042,5.7025948
14004,14.004,0.10907231,5.762972
14005,14.005,0.12592688,12.177019
14006,14.006,0.12630635,5.730199
14007,14.007,0.11758534,5.6561847
14008,14.008,0.12283014,5.601881
14009,14.009,0.12357325,5.601072
14010,14.01,0.11201495,3.3228445
14011,14.011,0.11476143,12.099096
14012,14.012,0.11033048,5.680659
14013,14.013,0.12494635,12.103752
14014,14.014,0.1315198,5.7038236
14015,14.015,0.109370776,5.6293225
14016,14.016,0.10451749,5.6434755
14017,14.017,0.1073029,5.644278
14018,14.018,0.11302381,5.659803
14019,14.019,0.12662445,5.662835
14020,14.02,0.117899515,5.6719923
14021,14.021,0.120604,5.6910167
14022,14.022,0.12408855,5.6780972
14023,14.023,0.11576831,5.718891
14024,14.024,0.13555203,5.744448
14025,14.025,0.11576232,5.7811947
14026,14.026,0.114291064,5.7633824
14027,14.027,0.111090615,5.731181
14028,14.028,0.10238097,5.7114105
14029,14.029,0.092882864,5.703728
14030,14.03,0.10660686,5.6951447
14031,14.031,0.13292038,5.744272
14032,14.032,0.12561254,5.7401066
14033,14.033,0.13489209,5.740945
14034,14.034,0.12548733,5.662441
14035,14.035,0.13218434,5.657867
14036,14.036,0.11742006,5.6516914
14037,14.037,0.113203675,5.6762266
14038,14.038,0.09631897,5.698543
14039,14.039,0.100275025,5.6558976
14040,14.04,0.11113223,5.670772
14041,14.041,0.10886014,5.692412
14042,14.042,0.112060346,5.6539645
14043,14.043,0.09714592,5.6633954
14044,14.044,0.10754179,5.6475954
14045,14.045,0.10649621,5.6623425
14046,14.046,0.116107315,5.6587443
14047,14.047,0.11507125,5.6273274
14048,14.048,0.11663974,5.681709
14049,14.049,0.116123244,5.656113
14050,14.05,0.11100317,11.870662
14051,14.051,0.12518482,11.843765
14052,14.052,0.13041118,5.6790295
14053,14.053,0.1295396,5.722535
14054,14.054,0.124525614,11.878228
14055,14.055,0.13841447,11.8946085
14056,14.056,0.1293735,11.860827
14057,14.057,0.13271324,11.873577
14058,14.058,0.13812688,11.885983
14059,14.059,0.14245768,5.696822
14060,14.06,0.14822553,11.974695
14061,14.061,0.14282721,11.925616
14062,14.062,0.14939694,11.953541
14063,14.063,0.1476285,11.964514
14064,14.064,0.120531134,11.904487
14065,14.065,0.13013433,11.897466
14066,14.066,0.1414054,11.730359
14067,14.067,0.15545936,11.768283
14068,14.068,0.14792575,11.808695
14069,14.069,0.14699918,11.840574
14070,14.07,0.13661048,11.775615
14071,14.071,0.12938958,11.707133
14072,14.072,0.11153923,11.817212
14073,14.073,0.09873926,11.8348
14074,14.074,0.11907414,11.835402
14075,14.075,0.11162418,5.672122
14076,14.076,0.114475,5.6738505
14077,14.077,0.11373545,5.6614156
14078,14.078,0.1172861,11.830988
14079,14.079,0.11564644,11.8279705
14080,14.08,0.12126165,5.5330095
14081,14.081,0.115109414,5.5607734
14082,14.082,0.12592688,5.551423
14083,14.083,0.130113,5.569118
14084,14.084,0.10050302,5.5448017
14085,14.085,0.11501699,5.5998907
14086,14.086,0.12515527,5.6109095
14087,14.087,0.12026037,5.6783867
14088,14.088,0.12793952,5.591709
14089,14.089,0.13401169,5.5933204
14090,14.09,0.122241475,5.5578227
14091,14.091,0.14654237,11.731568
14092,14.092,0.14692838,11.719444
14093,14.093,0.1471548,11.791566
14094,14.094,0.15879934,11.757975
14095,14.095,0.13868813,11.736491
14096,14.096,0.13956057,11.764253
14097,14.097,0.14283046,5.6522527
14098,14.098,0.1354582,5.6639743
14099,14.099,0.13969468,5.663395
14100,14.1,0.12963416,5.6406894
14101,14.101,0.14058718,5.6424108
14102,14.102,0.1475016,5.618405
14103,14.103,0.15225722,5.6608524
14104,14.104,0.16079591,5.6283784
14105,14.105,0.16759671,5.606009
14106,14.106,0.14784133,5.6087403
14107,14.107,0.1246518,5.673348
14108,14.108,0.12653495,5.5984898
14109,14.109,0.12801538,5.6399736
14110,14.11,0.13424611,5.630443
14111,14.111,0.13449903,5.6496024
14112,14.112,0.13746919,11.656449
14113,14.113,0.14298576,11.625353
14114,14.114,0.13754654,11.750906
14115,14.115,0.1398237,5.633438
14116,14.116,0.15438338,5.657681
14117,14.117,0.1549514,11.586692
14118,14.118,0.14839388,11.604013
14119,14.119,0.16768497,11.610458
14120,14.12,0.16054697,11.654783
14121,14.121,0.15825683,11.702871
14122,14.122,0.15308556,11.680978
14123,14.123,0.15654564,11.722038
14124,14.124,0.1577564,11.690359
14125,14.125,0.14531772,11.6651945
14126,14.126,0.1487067,11.591283
14127,14.127,0.13589273,5.6327057
14128,14.128,0.16083041,11.632784
14129,14.129,0.15764353,11.675028
14130,14.13,0.15679356,11.708081
14131,14.131,0.14307305,11.784569
14132,14.132,0.14699604,11.597238
14133,14.133,0.14303264,11.730807
14134,14.134,0.13878144,11.660516
14135,14.135,0.12200484,11.693785
14136,14.136,0.11467275,11.714216
14137,14.137,0.12079554,11.626617
14138,14.138,0.1082788,11.674688
14139,14.139,0.11105939,11.542588
14140,14.14,0.11791716,11.516801
14141,14.141,0.12801538,11.4574
14142,14.142,0.13496234,11.586126
14143,14.143,0.14280455,11.551056
14144,14.144,0.13784036,11.561398
14145,14.145,0.1413727,11.520378
14146,14.146,0.15893903,11.421101
14147,14.147,0.15493499,11.347024
14148,14.148,0.1464082,11.386676
14149,14.149,0.1519228,11.411257
14150,14.15,0.14300516,11.406894
14151,14.151,0.1408402,11.420804
14152,14.152,0.13853134,11.385369
14153,14.153,0.14305851,11.361988
14154,14.154,0.15101309,11.314491
14155,14.155,0.15056385,11.458552
14156,14.156,0.14646031,11.45974
14157,14.157,0.16952787,11.459274
14158,14.158,0.1624182,11.468639
14159,14.159,0.15678619,11.442418
14160,14.16,0.16310994,11.405691
14161,14.161,0.16279498,11.479166
14162,14.162,0.15004857,11.523231
14163,14.163,0.18352951,11.507805
14164,14.164,0.15094417,11.4905615
14165,14.165,0.14206766,11.408412
14166,14.166,0.14941706,5.6265564
14167,14.167,0.15381177,11.437671
14168,14.168,0.16044326,11.451426
14169,14.169,0.16459149,11.572332
14170,14.17,0.16108753,11.6003
14171,14.171,0.16551597,11.623524
14172,14.172,0.14982808,11.608152
14173,14.173,0.15655008,5.717616
14174,14.174,0.15902483,5.6781178
14175,14.175,0.14877044,11.738998
14176,14.176,0.15954301,11.754175
14177,14.177,0.1532018,11.696046
14178,14.178,0.14455684,11.721242
14179,14.179,0.15047324,11.684003
14180,14.18,0.16043462,5.6353703
14181,14.181,0.15846267,11.6883335
14182,14.182,0.16280776,11.679131
14183,14.183,0.16087496,5.6101494
14184,14.184,0.16039714,5.578449
14185,14.185,0.15778865,5.6254225
14186,14.186,0.152365,11.630211
14187,14.187,0.16916472,5.632259
14188,14.188,0.18165304,11.68964
14189,14.189,0.18256076,11.630038
14190,14.19,0.1851886,11.58321
14191,14.191,0.17016898,11.557097
14192,14.192,0.15860996,11.483168
14193,14.193,0.14643978,11.464759
14194,14.194,0.15339936,11.417411
14195,14.195,0.16241251,11.370552
14196,14.196,0.1555768,11.505652
14197,14.197,0.14814596,11.476259
14198,14.198,0.14649345,11.450821
14199,14.199,0.13755326,11.491832
14200,14.2,0.13162346,11.450623
14201,14.201,0.13804317,11.493263
14202,14.202,0.13639878,11.477132
14203,14.203,0.12526421,11.506378
14204,14.204,0.11529405,11.450925
14205,14.205,0.12571558,11.530718
14206,14.206,0.12454047,11.527792
14207,14.207,0.13185863,11.566447
14208,14.208,0.1457974,11.543367
14209,14.209,0.13014854,11.557694
14210,14.21,0.1271601,11.543172
14211,14.211,0.12864053,11.5011
14212,14.212,0.14558157,11.536366
14213,14.213,0.13282295,11.530695
14214,14.214,0.13207236,11.606311
14215,14.215,0.14152797,11.641367
14216,14.216,0.14597172,11.656218
14217,14.217,0.13913417,5.59457
14218,14.218,0.13916905,5.6388054
14219,14.219,0.112968564,11.626346
14220,14.22,0.12248332,11.661799
14221,14.221,0.11226029,11.639619
14222,14.222,0.11742991,11.551766
14223,14.223,0.11982512,5.5387545
14224,14.224,0.12761927,5.573933
14225,14.225,0.15147015,5.581065
14226,14.226,0.1438032,5.61126
14227,14.227,0.14840634,5.6208453
14228,14.228,0.13105665,5.5803003
14229,14.229,0.13249704,11.623646
14230,14.23,0.14711866,11.665342
14231,14.231,0.1472773,11.595315
14232,14.232,0.15563029,11.652009
14233,14.233,0.13567138,11.756285
14234,14.234,0.13463132,11.692978
14235,14.235,0.13450934,11.788335
14236,14.236,0.12937172,11.772211
14237,14.237,0.14689061,11.816258
14238,14.238,0.16270122,11.799549
14239,14.239,0.13617654,11.743032
14240,14.24,0.12273034,11.725716
14241,14.241,0.11836138,11.827935
14242,14.242,0.13271673,11.83818
14243,14.243,0.12397111,11.808038
14244,14.244,0.1367644,11.843203
14245,14.245,0.13766247,11.892435
14246,14.246,0.12217526,11.831039
14247,14.247,0.11105939,5.6864014
14248,14.248,0.09871819,5.6879964
14249,14.249,0.108244635,5.667008
14250,14.25,0.11599974,5.6836452
14251,14.251,0.12525867,5.682674
14252,14.252,0.14007317,5.707391
14253,14.253,0.14333136,5.7646866
14254,14.254,0.13926207,11.9509735
14255,14.255,0.14468473,11.8824005
14256,14.256,0.14122708,5.7347484
14257,14.257,0.12306707,5.6441736
14258,14.258,0.13227177,11.822581
14259,14.259,0.123296045,11.795477
14260,14.26,0.12579279,11.848805
14261,14.261,0.13662064,11.858225
14262,14.262,0.15186192,11.911258
14263,14.263,0.15233617,11.922946
14264,14.264,0.13251625,11.875974
14265,14.265,0.14455204,11.912354
14266,14.266,0.13543943,11.896601
14267,14.267,0.13533014,11.883443
14268,14.268,0.12733816,11.883779
14269,14.269,0.13012011,11.87368
14270,14.27,0.14399439,11.828919
14271,14.271,0.14868338,11.836724
14272,14.272,0.14696771,11.816242
14273,14.273,0.14964435,11.704081
14274,14.274,0.1524833,11.695999
14275,14.275,0.13799961,11.697501
14276,14.276,0.1544343,11.592339
14277,14.277,0.14955935,11.579553
14278,14.278,0.14447366,11.561216
14279,14.279,0.14075646,11.658553
14280,14.28,0.14504223,11.629107
14281,14.281,0.13017696,11.606812
14282,14.282,0.1473589,11.598346
14283,14.283,0.15470651,11.664959
14284,14.284,0.15909025,11.61278
14285,14.285,0.15739255,11.597779
14286,14.286,0.15608272,11.614663
14287,14.287,0.1680403,11.591118
14288,14.288,0.15641415,11.727509
14289,14.289,0.15386887,11.54846
14290,14.29,0.14604773,11.557851
14291,14.291,0.13382179,11.514138
14292,14.292,0.13581105,11.543326
14293,14.293,0.13770948,11.624781
14294,14.294,0.13000102,11.57286
14295,14.295,0.11147288,11.691763
14296,14.296,0.10937711,11.608578
14297,14.297,0.111273594,11.504123
14298,14.298,0.12163286,11.5591755
14299,14.299,0.11606151,11.565743
14300,14.3,0.13097373,11.547254
14301,14.301,0.121989675,11.556257
14302,14.302,0.11671702,11.581446
14303,14.303,0.12959135,11.58135
14304,14.304,0.12398976,11.582204
14305,14.305,0.127641,11.555326
14306,14.306,0.14099115,11.555481
14307,14.307,0.15152662,11.513368
14308,14.308,0.13045017,11.550333
14309,14.309,0.12698181,11.567081
14310,14.31,0.13401169,11.506332
14311,14.311,0.11920804,11.506825
14312,14.312,0.10890897,11.4794655
14313,14.313,0.115828216,11.506662
14314,14.314,0.12123685,11.535977
14315,14.315,0.10891747,11.595409
14316,14.316,0.12095812,11.550411
14317,14.317,0.10909774,11.65406
14318,14.318,0.13128403,11.670099
14319,14.319,0.13745406,11.671506
14320,14.32,0.12709099,11.671084
14321,14.321,0.12554811,11.664653
14322,14.322,0.12690349,11.652331
14323,14.323,0.12212605,11.684053
14324,14.324,0.11654852,11.688252
14325,14.325,0.12581667,11.650617
14326,14.326,0.10777587,11.684007
14327,14.327,0.12203136,11.601501
14328,14.328,0.12023538,11.587477
14329,14.329,0.11540629,11.655836
14330,14.33,0.12232088,11.674651
14331,14.331,0.11617102,11.614235
14332,14.332,0.13380969,11.711682
14333,14.333,0.13936494,11.721296
14334,14.334,0.11990613,11.717286
14335,14.335,0.12398044,5.637371
14336,14.336,0.11942312,5.663231
14337,14.337,0.14446566,11.810055
14338,14.338,0.1375583,11.8461485
14339,14.339,0.144624,11.903181
14340,14.34,0.14022328,11.869192
14341,14.341,0.14422059,11.830881
14342,14.342,0.1393384,11.8271475
14343,14.343,0.124380715,11.936536
14344,14.344,0.11260574,11.843311
14345,14.345,0.101272985,11.786477
14346,14.346,0.10290354,11.808583
14347,14.347,0.11492046,11.665097
14348,14.348,0.12280191,11.642987
14349,14.349,0.09914584,11.734798
14350,14.35,0.10099181,11.666118
14351,14.351,0.103619985,11.636529
14352,14.352,0.124380715,11.727905
14353,14.353,0.12179051,11.7035
14354,14.354,0.11513552,11.6850395
14355,14.355,0.11072581,11.686023
14356,14.356,0.11630428,11.673805
14357,14.357,0.122177154,11.714941
14358,14.358,0.12052346,11.839495
14359,14.359,0.1063637,11.718373
14360,14.36,0.12371162,11.844422
14361,14.361,0.111779414,11.798325
14362,14.362,0.14385784,11.803974
14363,14.363,0.13767421,11.804636
14364,14.364,0.13723186,11.84971
14365,14.365,0.115233876,11.812031
14366,14.366,0.12078023,11.765251
14367,14.367,0.11672494,11.802614
14368,14.368,0.12823193,11.799851
14369,14.369,0.14294048,11.719519
14370,14.37,0.14193903,11.7545395
14371,14.371,0.14792575,11.729371
14372,14.372,0.13399962,11.734581
14373,14.373,0.13851465,11.76755
14374,14.374,0.14303587,11.683527
14375,14.375,0.14347485,11.712867
14376,14.376,0.14007317,11.70696
14377,14.377,0.13939148,11.80903
14378,14.378,0.14323455,11.819591
14379,14.379,0.14490986,11.700266
14380,14.38,0.1399014,11.5452795
14381,14.381,0.1399807,11.581453
14382,14.382,0.12250597,11.572826
14383,14.383,0.12111284,11.647895
14384,14.384,0.13094372,11.61173
14385,14.385,0.11553643,11.651329
14386,14.386,0.1019238,11.614908
14387,14.387,0.101764895,11.607049
14388,14.388,0.10478701,11.515374
14389,14.389,0.11257084,11.527117
14390,14.39,0.120858684,11.53023
14391,14.391,0.11178355,11.5274
14392,14.392,0.11933791,11.495026
14393,14.393,0.116089396,11.518515
14394,14.394,0.12882014,11.502596
14395,14.395,0.11708092,11.512269
14396,14.396,0.13953073,11.549742
14397,14.397,0.13827075,11.523112
14398,14.398,0.13895127,11.441062
14399,14.399,0.13648857,11.617659
14400,14.4,0.1349709,11.4558935
14401,14.401,0.13311853,11.480729
14402,14.402,0.15076794,11.383988
14403,14.403,0.13267317,11.468985
14404,14.404,0.14753763,11.504534
14405,14.405,0.13220708,11.518965
14406,14.406,0.13170072,11.546483
14407,14.407,0.12042559,11.499672
14408,14.408,0.1232773,11.476304
14409,14.409,0.1451235,11.587085
14410,14.41,0.15834883,11.584687
14411,14.411,0.1475345,11.550842
14412,14.412,0.15113857,11.647257
14413,14.413,0.16302346,11.671139
14414,14.414,0.15708967,11.687828
14415,14.415,0.16721831,11.576162
14416,14.416,0.1650852,11.539881
14417,14.417,0.16534267,11.493402
14418,14.418,0.16847588,11.407266
14419,14.419,0.15061758,11.31427
14420,14.42,0.13335277,11.320056
14421,14.421,0.1311889,11.377026
14422,14.422,0.12226606,11.358254
14423,14.423,0.13701943,11.388153
14424,14.424,0.11535619,11.461208
14425,14.425,0.11688527,11.448773
14426,14.426,0.119854055,11.434227
14427,14.427,0.113483116,11.406166
14428,14.428,0.123100884,11.3513565
14429,14.429,0.13871147,11.287122
14430,14.43,0.11410279,11.372152
14431,14.431,0.1305547,11.370636
14432,14.432,0.12366676,11.395262
14433,14.433,0.13615787,11.299005
14434,14.434,0.114183806,11.293393
14435,14.435,0.127822,11.321692
14436,14.436,0.12088929,11.413244
14437,14.437,0.1158342,11.47253
14438,14.438,0.1233804,11.469336
14439,14.439,0.13444573,11.398787
14440,14.44,0.14018865,11.401878
14441,14.441,0.124931544,11.470471
14442,14.442,0.12627523,11.471724
14443,14.443,0.13145298,11.548008
14444,14.444,0.15399954,11.583175
14445,14.445,0.16424277,11.604477
14446,14.446,0.17201753,11.502762
14447,14.447,0.17889963,11.478881
14448,14.448,0.15845683,11.511826
14449,14.449,0.17596923,11.4906435
14450,14.45,0.18713836,11.42181
14451,14.451,0.21064246,11.420844
14452,14.452,0.2025277,11.430763
14453,14.453,0.19962451,11.379026
14454,14.454,0.21546914,11.409934
14455,14.455,0.18244548,11.327886
14456,14.456,0.1730266,11.401416
14457,14.457,0.1772482,11.450772
14458,14.458,0.1642484,11.460433
14459,14.459,0.15940093,11.539342
14460,14.46,0.1656207,11.496842
14461,14.461,0.17704982,11.517355
14462,14.462,0.18483497,11.445854
14463,14.463,0.17039165,11.423554
14464,14.464,0.15054235,11.443612
14465,14.465,0.12940031,11.503381
14466,14.466,0.12359009,11.417783
14467,14.467,0.085743584,11.513348
14468,14.468,0.10923329,11.538626
14469,14.469,0.11684965,11.511021
14470,14.47,0.1133241,11.495884
14471,14.471,0.1154103,11.381944
14472,14.472,0.12664087,11.471674
14473,14.473,0.14779128,11.436835
14474,14.474,0.12132455,11.364464
14475,14.475,0.1307246,11.350065
14476,14.476,0.14882638,11.397817
14477,14.477,0.14261502,11.457114
14478,14.478,0.1648764,11.3186035
14479,14.479,0.13638522,11.349556
14480,14.48,0.1327324,11.38425
14481,14.481,0.14716423,11.325904
14482,14.482,0.135639,11.265919
14483,14.483,0.1245349,11.393856
14484,14.484,0.12866211,11.399134
14485,14.485,0.11957596,11.417608
14486,14.486,0.12285273,11.449882
14487,14.487,0.1336835,11.397131
14488,14.488,0.12112238,11.318118
14489,14.489,0.10989796,11.3022175
14490,14.49,0.09247375,11.335767
14491,14.491,0.109921105,11.467564
14492,14.492,0.11664767,11.304116
14493,14.493,0.11920416,11.338108
14494,14.494,0.12092371,11.165871
14495,14.495,0.102565974,11.232838
14496,14.496,0.09319845,11.244789
14497,14.497,0.0959462,11.229012
14498,14.498,0.10850063,11.261485
14499,14.499,0.11931659,11.256134
14500,14.5,0.11977108,11.276728
14501,14.501,0.10561114,11.263373
14502,14.502,0.10758693,11.247048
14503,14.503,0.096597,11.197889
14504,14.504,0.09777455,11.20108
14505,14.505,0.10544902,11.232435
14506,14.506,0.122575775,11.187549
14507,14.507,0.12007375,11.15645
14508,14.508,0.12802984,11.151655
14509,14.509,0.123504005,11.145286
14510,14.51,0.11680414,11.090082
14511,14.511,0.13049094,11.106556
14512,14.512,0.13022846,11.06873
14513,14.513,0.12608285,10.942879
14514,14.514,0.13484067,10.94317
14515,14.515,0.11885649,11.011968
14516,14.516,0.09660897,10.979109
14517,14.517,0.098053165,10.980558
14518,14.518,0.12656966,10.952241
14519,14.519,0.13882808,11.039846
14520,14.52,0.12940387,10.998144
14521,14.521,0.114547685,11.053875
14522,14.522,0.121879704,11.069477
14523,14.523,0.13971289,11.123352
14524,14.524,0.15667409,11.17307
14525,14.525,0.15953287,11.099492
14526,14.526,0.15059917,11.128058
14527,14.527,0.15405658,11.062411
14528,14.528,0.13396682,11.016203
14529,14.529,0.1554772,11.119565
14530,14.53,0.14865072,11.215725
14531,14.531,0.14945728,11.131409
14532,14.532,0.1302675,11.236497
14533,14.533,0.12718192,11.2302475
14534,14.534,0.13359873,11.199246
14535,14.535,0.11838482,11.174674
14536,14.536,0.12207872,11.201931
14537,14.537,0.12669016,11.338164
14538,14.538,0.115468375,11.245181
14539,14.539,0.13244644,11.189945
14540,14.54,0.12532325,11.180002
14541,14.541,0.11831646,11.293566
14542,14.542,0.11331186,11.18975
14543,14.543,0.12964663,11.202765
14544,14.544,0.14228718,11.259166
14545,14.545,0.17487271,11.236426
14546,14.546,0.15887648,11.272476
14547,14.547,0.15292841,11.152273
14548,14.548,0.15698513,11.223152
14549,14.549,0.16422026,11.236806
14550,14.55,0.15783992,11.255939
14551,14.551,0.16361094,11.222319
14552,14.552,0.14826919,11.191761
14553,14.553,0.1541421,11.299196
14554,14.554,0.1642681,11.310225
14555,14.555,0.14884502,11.232659
14556,14.556,0.17086588,11.337577
14557,14.557,0.17445046,11.321496
14558,14.558,0.16300927,11.300302
14559,14.559,0.16967918,11.191458
14560,14.56,0.15298434,11.270944
14561,14.561,0.15485588,11.331045
14562,14.562,0.14931026,11.355173
14563,14.563,0.17246853,11.391809
14564,14.564,0.1784623,11.400789
14565,14.565,0.18132183,11.338585
14566,14.566,0.16385381,11.308871
14567,14.567,0.17149256,11.2896595
14568,14.568,0.19265954,11.30719
14569,14.569,0.16685984,11.32913
14570,14.57,0.16929041,11.321737
14571,14.571,0.16259888,11.339656
14572,14.572,0.15170655,11.330063
14573,14.573,0.14112882,11.248885
14574,14.574,0.14488114,11.258305
14575,14.575,0.1517873,11.24379
14576,14.576,0.17271902,11.33188
14577,14.577,0.16597907,11.337199
14578,14.578,0.18016165,11.385468
14579,14.579,0.19876564,11.344223
14580,14.58,0.2132712,11.363144
14581,14.581,0.20594294,11.35865
14582,14.582,0.17853613,11.210059
14583,14.583,0.18311587,11.2373705
14584,14.584,0.16599718,11.227111
14585,14.585,0.16966009,11.303682
14586,14.586,0.183595,11.375525
14587,14.587,0.19802566,11.341735
14588,14.588,0.19756864,11.364088
14589,14.589,0.18731865,11.267022
14590,14.59,0.18442175,11.309559
14591,14.591,0.19008024,11.244134
14592,14.592,0.17263332,11.270614
14593,14.593,0.17422104,11.333956
14594,14.594,0.1484453,11.371495
14595,14.595,0.12399163,11.265491
14596,14.596,0.13629873,11.259748
14597,14.597,0.16322188,11.322674
14598,14.598,0.15820567,11.310877
14599,14.599,0.16577418,11.390608
14600,14.6,0.1773447,11.430429
14601,14.601,0.1689979,11.364908
14602,14.602,0.1541196,11.26879
14603,14.603,0.15792339,11.292877
14604,14.604,0.1648736,11.300796
14605,14.605,0.18464224,11.336378
14606,14.606,0.16656722,11.395976
14607,14.607,0.17577073,11.376786
14608,14.608,0.1776716,11.367656
14609,14.609,0.16576861,11.341035
14610,14.61,0.15434144,11.312846
14611,14.611,0.1568201,11.258656
14612,14.612,0.14933038,11.276179
14613,14.613,0.15486035,11.304034
14614,14.614,0.15371855,11.216823
14615,14.615,0.13679482,11.201495
14616,14.616,0.14091897,11.139268
14617,14.617,0.14114684,11.227493
14618,14.618,0.15441632,11.158369
14619,14.619,0.17011462,11.092226
14620,14.62,0.19794393,11.017816
14621,14.621,0.18851574,11.079332
14622,14.622,0.18607289,11.0329895
14623,14.623,0.18617474,11.077177
14624,14.624,0.18946137,11.049494
14625,14.625,0.17052321,11.077203
14626,14.626,0.17813814,11.203675
14627,14.627,0.17130777,11.158869
14628,14.628,0.17688651,11.198604
14629,14.629,0.15709996,11.155254
14630,14.63,0.16221167,11.1652975
14631,14.631,0.1651608,11.24484
14632,14.632,0.16717544,11.194068
14633,14.633,0.16708691,11.133132
14634,14.634,0.16345118,11.185475
14635,14.635,0.15665784,11.124462
14636,14.636,0.1752913,11.106155
14637,14.637,0.17670737,5.37809
14638,14.638,0.16389754,11.064905
14639,14.639,0.17247924,11.03641
14640,14.64,0.176136,11.084091
14641,14.641,0.18589014,5.388584
14642,14.642,0.20542252,5.4012914
14643,14.643,0.206118,5.4019074
14644,14.644,0.2050147,5.4237924
14645,14.645,0.19938579,5.3604927
14646,14.646,0.19511709,5.3631506
14647,14.647,0.17185348,5.3517194
14648,14.648,0.17013909,5.3740425
14649,14.649,0.1696015,5.394322
14650,14.65,0.17389295,5.3314238
14651,14.651,0.18743834,11.151857
14652,14.652,0.18757766,5.398911
14653,14.653,0.14737459,5.4146748
14654,14.654,0.159698,5.3948755
14655,14.655,0.13913584,5.438107
14656,14.656,0.14066774,5.416759
14657,14.657,0.12917678,5.408136
14658,14.658,0.1431199,5.4423895
14659,14.659,0.14398155,5.4393125
14660,14.66,0.15253484,5.4250407
14661,14.661,0.15483199,5.411997
14662,14.662,0.14945574,5.4412384
14663,14.663,0.14814907,5.3847995
14664,14.664,0.15685695,5.378892
14665,14.665,0.14049013,5.370569
14666,14.666,0.16060889,5.3871074
14667,14.667,0.16033515,5.3953986
14668,14.668,0.15079094,5.4153495
14669,14.669,0.1596864,5.4349713
14670,14.67,0.17181446,5.405744
14671,14.671,0.1658439,5.3893657
14672,14.672,0.17430195,5.3808775
14673,14.673,0.1637183,5.395533
14674,14.674,0.14942326,5.430545
14675,14.675,0.1515678,5.451566
14676,14.676,0.15116917,5.411836
14677,14.677,0.15648213,5.40744
14678,14.678,0.1491848,5.417951
14679,14.679,0.15490066,5.44034
14680,14.68,0.1406628,5.3609843
14681,14.681,0.11516162,5.3587475
14682,14.682,0.10855815,5.4004965
14683,14.683,0.12384797,5.327437
14684,14.684,0.10680187,5.4147086
14685,14.685,0.12431936,5.4450293
14686,14.686,0.14246416,5.388242
14687,14.687,0.14125818,5.479834
14688,14.688,0.118965365,5.412954
14689,14.689,0.13168493,5.4235187
14690,14.69,0.12897618,5.458598
14691,14.691,0.14188853,5.4769545
14692,14.692,0.1257211,5.4751263
14693,14.693,0.124776006,5.4942126
14694,14.694,0.12814355,5.4997478
14695,14.695,0.14317805,5.5193186
14696,14.696,0.12631367,5.45084
14697,14.697,0.1395705,5.499234
14698,14.698,0.13103196,5.466122
14699,14.699,0.14886364,5.4822254
14700,14.7,0.1382858,5.4822135
14701,14.701,0.15370952,5.465397
14702,14.702,0.1510636,5.4367304
14703,14.703,0.15042098,5.3974376
14704,14.704,0.14967832,5.4113913
14705,14.705,0.1485356,5.4619393
14706,14.706,0.1388847,5.491862
14707,14.707,0.15707935,5.423361
14708,14.708,0.16280065,5.4194765
14709,14.709,0.151348,5.4536324
14710,14.71,0.1436697,5.455437
14711,14.711,0.17402054,5.376638
14712,14.712,0.16647142,5.424445
14713,14.713,0.15462281,10.945435
14714,14.714,0.15482004,10.897313
14715,14.715,0.17039436,10.900451
14716,14.716,0.15844662,10.993276
14717,14.717,0.15602937,11.050689
14718,14.718,0.15686138,11.012646
14719,14.719,0.16576721,10.979256
14720,14.72,0.16662411,11.016764
14721,14.721,0.17886733,10.997102
14722,14.722,0.17524117,5.408967
14723,14.723,0.16826305,5.4164248
14724,14.724,0.16482592,10.882748
14725,14.725,0.17155994,5.372241
14726,14.726,0.16076283,5.370429
14727,14.727,0.18158175,10.85865
14728,14.728,0.1813639,5.3308477
14729,14.729,0.18156774,5.318797
14730,14.73,0.17779648,5.3441887
14731,14.731,0.18248223,5.393236
14732,14.732,0.18094529,5.448862
14733,14.733,0.18220963,5.4155498
14734,14.734,0.18178916,5.415219
14735,14.735,0.16801141,5.427299
14736,14.736,0.16063191,5.4258113
14737,14.737,0.15904956,5.4168363
14738,14.738,0.1589594,5.5029364
14739,14.739,0.16935594,5.424009
14740,14.74,0.16842647,5.4815617
14741,14.741,0.17387035,5.439252
14742,14.742,0.17905205,5.4488263
14743,14.743,0.18634728,5.513235
14744,14.744,0.18698017,5.5348516
14745,14.745,0.17301725,5.484711
14746,14.746,0.16017501,5.4414606
14747,14.747,0.17271902,5.465966
14748,14.748,0.1750577,5.4655256
14749,14.749,0.16560116,5.453749
14750,14.75,0.17212233,5.471087
14751,14.751,0.16812146,5.5122595
14752,14.752,0.18630756,5.5007253
14753,14.753,0.18646014,5.4657516
14754,14.754,0.18449193,5.4729037
14755,14.755,0.19218375,5.4480143
14756,14.756,0.17300923,5.4543476
14757,14.757,0.1811815,5.480322
14758,14.758,0.18046808,5.433208
14759,14.759,0.17165829,5.403497
14760,14.76,0.1838492,5.4493337
14761,14.761,0.17995492,5.476515
14762,14.762,0.17721689,5.4584045
14763,14.763,0.16227438,5.4536276
14764,14.764,0.16278645,5.4622884
14765,14.765,0.16062328,5.474952
14766,14.766,0.16372395,5.5018444
14767,14.767,0.16127113,5.4771333
14768,14.768,0.15593451,5.4739227
14769,14.769,0.16155902,5.5223913
14770,14.77,0.1449944,5.491077
14771,14.771,0.13866645,5.4945235
14772,14.772,0.15922679,5.4317446
14773,14.773,0.15957199,5.4679174
14774,14.774,0.16340026,5.490359
14775,14.775,0.1521904,5.404129
14776,14.776,0.15911205,5.4278655
14777,14.777,0.1589274,5.406137
14778,14.778,0.16963013,5.322016
14779,14.779,0.15854873,5.366065
14780,14.78,0.17132665,5.343216
14781,14.781,0.18894938,5.3210483
14782,14.782,0.17473383,5.384736
14783,14.783,0.15875274,5.3725085
14784,14.784,0.16531332,5.369643
14785,14.785,0.16038561,5.3645587
14786,14.786,0.15674637,5.363968
14787,14.787,0.15814283,5.4169164
14788,14.788,0.1684896,5.403873
14789,14.789,0.18390578,5.43612
14790,14.79,0.1562929,5.4399486
14791,14.791,0.16300786,5.4107385
14792,14.792,0.14026284,5.3980417
14793,14.793,0.14877199,5.370849
14794,14.794,0.14431675,5.3937817
14795,14.795,0.15357259,5.3873615
14796,14.796,0.15281801,5.4089236
14797,14.797,0.16196777,5.416711
14798,14.798,0.17993437,5.41843
14799,14.799,0.16499273,5.386083
14800,14.8,0.14867406,5.366759
14801,14.801,0.15783992,5.439499
14802,14.802,0.1425323,5.3755093
14803,14.803,0.13135621,5.4083824
14804,14.804,0.1425242,5.4402127
14805,14.805,0.13762048,5.390828
14806,14.806,0.14136943,5.472747
14807,14.807,0.14852002,5.4659142
14808,14.808,0.15062833,5.452108
14809,14.809,0.1678214,5.438771
14810,14.81,0.1765241,5.4326344
14811,14.811,0.17303729,5.387323
14812,14.812,0.18744697,5.3777995
14813,14.813,0.19552663,5.364005
14814,14.814,0.20627946,5.3524966
14815,14.815,0.21496746,5.3967543
14816,14.816,0.21827282,5.3648353
14817,14.817,0.22359398,5.3458967
14818,14.818,0.20688602,5.316841
14819,14.819,0.21162468,5.3175983
14820,14.82,0.2178689,5.368695
14821,14.821,0.21251644,5.2927437
14822,14.822,0.24017157,5.347975
14823,14.823,0.25731793,5.3883677
14824,14.824,0.2303383,5.35297
14825,14.825,0.21826011,5.3805885
14826,14.826,0.23707508,5.325902
14827,14.827,0.23836662,5.338294
14828,14.828,0.2347968,5.3010907
14829,14.829,0.23063321,5.3044705
14830,14.83,0.18997319,5.293667
14831,14.831,0.17701064,5.280954
14832,14.832,0.18515989,5.2685447
14833,14.833,0.20080234,5.337661
14834,14.834,0.19866325,5.381237
14835,14.835,0.19745861,5.4201016
14836,14.836,0.19055887,5.347358
14837,14.837,0.20455973,5.313015
14838,14.838,0.23446377,5.3021545
14839,14.839,0.2369912,5.3458147
14840,14.84,0.2351225,5.3814683
14841,14.841,0.22649412,5.349627
14842,14.842,0.23142578,5.3611436
14843,14.843,0.22442995,5.2750316
14844,14.844,0.2321768,5.317937
14845,14.845,0.23003499,5.3466625
14846,14.846,0.22237884,5.2629595
14847,14.847,0.22067143,5.2511625
14848,14.848,0.20261331,5.3034735
14849,14.849,0.20550467,5.359676
14850,14.85,0.20466256,5.400251
14851,14.851,0.20393945,5.36073
14852,14.852,0.20301683,5.382473
14853,14.853,0.19326459,5.415479
14854,14.854,0.18630756,5.405742
14855,14.855,0.1750392,5.346473
14856,14.856,0.17610057,5.3840556
14857,14.857,0.18962847,5.402895
14858,14.858,0.18810567,5.3903275
14859,14.859,0.19225591,5.4162183
14860,14.86,0.21677741,5.464267
14861,14.861,0.22242562,5.3933573
14862,14.862,0.23898558,5.3467875
14863,14.863,0.22947852,5.3856874
14864,14.864,0.22815694,5.39493
14865,14.865,0.23134483,5.4146504
14866,14.866,0.20931682,5.3847394
14867,14.867,0.20572841,5.3552155
14868,14.868,0.21251753,5.3385973
14869,14.869,0.21713439,5.3669386
14870,14.87,0.212635,5.361853
14871,14.871,0.2236467,5.407866
14872,14.872,0.20249917,5.3450527
14873,14.873,0.20668478,5.428886
14874,14.874,0.1883906,5.4207726
14875,14.875,0.17328297,5.429276
14876,14.876,0.17059912,5.3676634
14877,14.877,0.14466396,5.410931
14878,14.878,0.16369711,5.4125686
14879,14.879,0.18307798,5.406472
14880,14.88,0.19190446,5.379145
14881,14.881,0.20216666,5.370234
14882,14.882,0.18567237,5.473881
14883,14.883,0.17926885,5.3551083
14884,14.884,0.16974048,5.3701525
14885,14.885,0.19220419,5.3424363
14886,14.886,0.18552288,5.365732
14887,14.887,0.17106062,5.4020042
14888,14.888,0.1821868,5.361361
14889,14.889,0.16187353,5.4046583
14890,14.89,0.15503791,5.3749604
14891,14.891,0.14754549,5.347477
14892,14.892,0.12693264,5.3346167
14893,14.893,0.14973702,5.3695593
14894,14.894,0.14581801,5.3618636
14895,14.895,0.13690464,5.3573065
14896,14.896,0.14499758,5.414855
14897,14.897,0.13650043,5.369729
14898,14.898,0.13043778,5.358124
14899,14.899,0.13803814,11.004257
14900,14.9,0.15379071,10.9339485
14901,14.901,0.16305324,10.874816
14902,14.902,0.17779648,10.983591
14903,14.903,0.17067635,10.791727
14904,14.904,0.17726515,10.822399
14905,14.905,0.16544193,10.806154
14906,14.906,0.13915078,10.799185
14907,14.907,0.15264091,10.774296
14908,14.908,0.14095014,10.844457
14909,14.909,0.13439757,10.803446
14910,14.91,0.13103372,10.819153
14911,14.911,0.13939148,10.837241
14912,14.912,0.14539406,10.874891
14913,14.913,0.14893042,10.919019
14914,14.914,0.1385814,10.859395
14915,14.915,0.15979785,10.764209
14916,14.916,0.13173759,10.796501
14917,14.917,0.13673058,10.793629
14918,14.918,0.13836603,10.847344
14919,14.919,0.13535063,10.86788
14920,14.92,0.13426161,10.925296
14921,14.921,0.12908368,10.927729
14922,14.922,0.124386296,10.893531
14923,14.923,0.13267839,10.865223
14924,14.924,0.13273415,10.825326
14925,14.925,0.13964668,10.793052
14926,14.926,0.116009705,10.936222
14927,14.927,0.11106147,10.884569
14928,14.928,0.108692236,10.914345
14929,14.929,0.11512147,10.976023
14930,14.93,0.11985984,10.872847
14931,14.931,0.13544284,10.805234
14932,14.932,0.13477892,10.842942
14933,14.933,0.14119925,10.904403
14934,14.934,0.12954673,10.845711
14935,14.935,0.14129908,10.831159
14936,14.936,0.15283313,10.925231
14937,14.937,0.1529526,10.939676
14938,14.938,0.12596543,10.973517
14939,14.939,0.12811467,10.8772335
14940,14.94,0.12066724,10.920287
14941,14.941,0.14795545,10.978048
14942,14.942,0.13005081,10.974563
14943,14.943,0.13485952,10.962392
14944,14.944,0.12320601,10.982868
14945,14.945,0.123191,10.961095
14946,14.946,0.11759124,10.937853
14947,14.947,0.11617301,10.892569
14948,14.948,0.109480634,10.920206
14949,14.949,0.10151924,10.931429
14950,14.95,0.10576426,10.987835
14951,14.951,0.1148299,5.3553505
14952,14.952,0.13011657,10.885513
14953,14.953,0.13799292,5.364296
14954,14.954,0.1276736,5.3251433
14955,14.955,0.1457165,10.836531
14956,14.956,0.15276052,10.8270445
14957,14.957,0.16762291,5.4211397
14958,14.958,0.18166831,5.383157
14959,14.959,0.17598237,5.4035583
14960,14.96,0.17256099,5.3885865
14961,14.961,0.1883501,5.3015013
14962,14.962,0.17420246,10.73283
14963,14.963,0.18550044,10.739077
14964,14.964,0.18028992,10.771009
14965,14.965,0.19022979,10.7431345
14966,14.966,0.17935525,10.764333
14967,14.967,0.1752702,10.853075
14968,14.968,0.1610459,10.80901
14969,14.969,0.18687752,10.833826
14970,14.97,0.17107819,10.880288
14971,14.971,0.16762705,10.906999
14972,14.972,0.14832687,5.2999616
14973,14.973,0.13111663,10.879527
14974,14.974,0.15315954,5.372799
14975,14.975,0.15601456,10.859436
14976,14.976,0.14628498,5.345008
14977,14.977,0.13648519,10.868969
14978,14.978,0.1354326,5.342935
14979,14.979,0.13425988,5.297977
14980,14.98,0.13677454,5.318902
14981,14.981,0.14864606,5.408538
14982,14.982,0.13743387,5.344158
14983,14.983,0.13947108,5.3451114
14984,14.984,0.13497776,5.330928
14985,14.985,0.146424,5.34113
14986,14.986,0.1639737,5.3480873
14987,14.987,0.17352961,5.3251166
14988,14.988,0.16977316,5.326012
14989,14.989,0.175518,5.283854
14990,14.99,0.18257469,10.542843
14991,14.991,0.16949241,10.576755
14992,14.992,0.17392752,10.523994
14993,14.993,0.16679747,10.579895
14994,14.994,0.16689724,10.609557
14995,14.995,0.16407518,10.614057
14996,14.996,0.17535327,10.615944
14997,14.997,0.17337367,10.521771
14998,14.998,0.1415541,10.596396
14999,14.999,0.15240292,10.601044
15000,15.0,0.13768262,10.640224
15001,15.001,0.13981213,10.670531
15002,15.002,0.14234728,10.709444
15003,15.003,0.13402031,10.829456
15004,15.004,0.14693467,10.79539
15005,15.005,0.1255297,10.872755
15006,15.006,0.12240969,10.784695
15007,15.007,0.115047134,10.758651
15008,15.008,0.11897897,10.809375
15009,15.009,0.1029552,10.879753
15010,15.01,0.093275316,11.020999
15011,15.011,0.09678112,11.035305
15012,15.012,0.09413883,11.039902
15013,15.013,0.090518,10.952721
15014,15.014,0.08342576,10.938486
15015,15.015,0.08892554,10.912763
15016,15.016,0.08030228,10.923489
15017,15.017,0.08176024,10.961718
15018,15.018,0.096585035,10.98746
15019,15.019,0.09235367,10.968993
15020,15.02,0.096553914,10.947136
15021,15.021,0.09122021,11.0130005
15022,15.022,0.09595343,11.059808
15023,15.023,0.12570639,11.052053
15024,15.024,0.15253636,11.098655
15025,15.025,0.14455044,11.120138
15026,15.026,0.165123,11.072835
15027,15.027,0.17369872,11.036331
15028,15.028,0.19465917,11.055713
15029,15.029,0.19281067,11.053111
15030,15.03,0.1999705,11.114649
15031,15.031,0.22731332,5.5256743
15032,15.032,0.22733265,5.4933743
15033,15.033,0.23057204,5.5577307
15034,15.034,0.21934211,11.26971
15035,15.035,0.21290664,11.208255
15036,15.036,0.1941621,11.246079
15037,15.037,0.21553564,11.249053
15038,15.038,0.21249577,11.257
15039,15.039,0.23129886,11.210976
15040,15.04,0.22340363,11.22505
15041,15.041,0.23981032,11.199938
15042,15.042,0.24577978,11.173817
15043,15.043,0.23278044,11.239214
15044,15.044,0.22411656,11.148992
15045,15.045,0.25321695,11.151593
15046,15.046,0.26310462,11.209991
15047,15.047,0.2775787,11.253488
15048,15.048,0.27570924,11.185547
15049,15.049,0.30814466,11.262472
15050,15.05,0.31826767,11.338585
15051,15.051,0.32305148,11.293135
15052,15.052,0.29418546,11.370892
15053,15.053,0.30590445,5.5799127
15054,15.054,0.30248588,5.5716553
15055,15.055,0.30452052,5.5928283
15056,15.056,0.31939742,11.546304
15057,15.057,0.31839478,5.6086082
15058,15.058,0.3013702,5.615224
15059,15.059,0.30440053,5.613933
15060,15.06,0.30652884,5.537685
15061,15.061,0.29252648,11.451968
15062,15.062,0.28314087,5.5352936
15063,15.063,0.27975324,5.497697
15064,15.064,0.27553394,5.4914856
15065,15.065,0.30159184,11.38263
15066,15.066,0.30698857,11.334726
15067,15.067,0.29022628,11.446511
15068,15.068,0.2980494,11.425118
15069,15.069,0.28963378,11.3176
15070,15.07,0.29753232,5.4514403
15071,15.071,0.3108592,5.443951
15072,15.072,0.34401086,5.4945154
15073,15.073,0.33205214,5.467819
15074,15.074,0.3301333,5.0579143
15075,15.075,0.3257284,5.2309184
15076,15.076,0.31454042,5.2480946
15077,15.077,0.33068258,5.182578
15078,15.078,0.33793288,5.4618726
15079,15.079,0.34796137,5.4527273
15080,15.08,0.33447185,5.4961076
15081,15.081,0.33679253,5.5108967
15082,15.082,0.35041308,5.2618585
15083,15.083,0.3531785,5.178678
15084,15.084,0.37081516,5.2068605
15085,15.085,0.34118807,5.0414147
15086,15.086,0.3639622,5.526789
15087,15.087,0.35737902,5.074714
15088,15.088,0.36507022,5.151189
15089,15.089,0.37059626,5.128154
15090,15.09,0.38582635,5.064953
15091,15.091,0.3980079,5.0075836
15092,15.092,0.40819052,5.0932336
15093,15.093,0.3964405,5.1391335
15094,15.094,0.40261546,5.4964247
15095,15.095,0.40066466,4.874217
15096,15.096,0.3968782,5.5157986
15097,15.097,0.39445448,5.4911118
15098,15.098,0.40065715,5.5630455
15099,15.099,0.36545822,5.504938
15100,15.1,0.37344748,5.053017
15101,15.101,0.37765092,5.1398344
15102,15.102,0.38255513,5.5557165
15103,15.103,0.38519365,5.563198
15104,15.104,0.3630024,5.0529084
15105,15.105,0.38238588,5.5576897
15106,15.106,0.36870053,5.569816
15107,15.107,0.34475,5.5826845
15108,15.108,0.35667384,5.6167083
15109,15.109,0.3707765,4.975329
15110,15.11,0.36827326,5.522328
15111,15.111,0.3576073,5.566578
15112,15.112,0.36012754,5.548945
15113,15.113,0.35747927,4.9268055
15114,15.114,0.35399973,4.8729553
15115,15.115,0.35125396,4.9714947
15116,15.116,0.32994765,5.0172944
15117,15.117,0.34605387,4.9283643
15118,15.118,0.335474,4.888388
15119,15.119,0.3495272,4.8827877
15120,15.12,0.37057132,4.7857127
15121,15.121,0.37133914,4.8314323
15122,15.122,0.36034575,4.7390113
15123,15.123,0.3628686,4.8330564
15124,15.124,0.3378843,4.962776
15125,15.125,0.3364134,4.9867477
15126,15.126,0.31306988,5.1031284
15127,15.127,0.29606086,5.1416216
15128,15.128,0.2711979,5.0814395
15129,15.129,0.2642926,5.113799
15130,15.13,0.26443252,5.18208
15131,15.131,0.26702783,5.2733555
15132,15.132,0.26832253,5.184272
15133,15.133,0.2951309,5.393621
15134,15.134,0.3068703,5.4315214
15135,15.135,0.30652356,5.482388
15136,15.136,0.2982944,5.469993
15137,15.137,0.30517122,5.6297317
15138,15.138,0.28882325,5.795532
15139,15.139,0.29704005,5.7860136
15140,15.14,0.29981968,5.8220463
15141,15.141,0.306267,5.6062484
15142,15.142,0.29458833,5.825809
15143,15.143,0.32174492,5.824313
15144,15.144,0.3242273,5.830319
15145,15.145,0.32093334,5.7705812
15146,15.146,0.33855486,5.27449
15147,15.147,0.3604426,5.2110224
15148,15.148,0.35090953,5.284411
15149,15.149,0.3738404,5.7113934
15150,15.15,0.342886,5.2340674
15151,15.151,0.36791465,5.6812654
15152,15.152,0.3685864,5.7025924
15153,15.153,0.37598452,5.460875
15154,15.154,0.3781067,5.724577
15155,15.155,0.36995062,5.4240103
15156,15.156,0.36310685,5.286669
15157,15.157,0.3582913,5.65974
15158,15.158,0.34754252,5.668588
15159,15.159,0.35755947,5.71385
15160,15.16,0.37397766,5.7517905
15161,15.161,0.37979603,5.752235
15162,15.162,0.3808495,5.7891893
15163,15.163,0.36377984,5.7142553
15164,15.164,0.35472327,5.806123
15165,15.165,0.35031146,5.7662745
15166,15.166,0.36911917,5.734657
15167,15.167,0.3649429,5.7052402
15168,15.168,0.3439665,5.7373247
15169,15.169,0.35784578,5.7167
15170,15.17,0.35164404,5.684288
15171,15.171,0.34743738,5.673166
15172,15.172,0.3585648,5.7336936
15173,15.173,0.37420878,5.7269588
15174,15.174,0.38137665,5.8005605
15175,15.175,0.38551104,5.746413
15176,15.176,0.3934774,5.7913766
15177,15.177,0.4075097,5.778238
15178,15.178,0.42167658,5.7394366
15179,15.179,0.39847174,5.6959004
15180,15.18,0.44442278,5.736487
15181,15.181,0.43955898,5.7791753
15182,15.182,0.4399136,5.739603
15183,15.183,0.4454768,5.74933
15184,15.184,0.44527304,5.706048
15185,15.185,0.44871205,5.7330575
15186,15.186,0.4387667,5.763306
15187,15.187,0.4495799,5.683271
15188,15.188,0.4217906,5.7198606
15189,15.189,0.41227692,5.7161565
15190,15.19,0.4281162,5.705276
15191,15.191,0.42805788,5.6676254
15192,15.192,0.43798274,5.6675525
15193,15.193,0.42223543,5.6274223
15194,15.194,0.4315331,5.6532083
15195,15.195,0.43379313,5.737877
15196,15.196,0.42377397,5.752626
15197,15.197,0.45038295,5.765417
15198,15.198,0.41507524,5.7164507
15199,15.199,0.37953296,5.7387676
15200,15.2,0.3907102,5.7006965
15201,15.201,0.39586857,5.695155
15202,15.202,0.39167887,5.7064886
15203,15.203,0.4003893,5.684638
15204,15.204,0.39760688,5.7132554
15205,15.205,0.3874492,5.674613
15206,15.206,0.38209134,5.741049
15207,15.207,0.38150212,5.7674975
15208,15.208,0.3937558,5.7172785
15209,15.209,0.3895048,5.781088
15210,15.21,0.4241437,5.7477465
15211,15.211,0.4145117,5.7239456
15212,15.212,0.39756617,5.73362
15213,15.213,0.4070982,5.762154
15214,15.214,0.42117184,5.7882266
15215,15.215,0.4099025,5.7686424
15216,15.216,0.42526293,5.7333417
15217,15.217,0.4309388,5.7264795
15218,15.218,0.4481395,5.7333198
15219,15.219,0.47183084,5.740798
15220,15.22,0.4442584,5.725771
15221,15.221,0.43655676,5.703211
15222,15.222,0.4449097,5.7270923
15223,15.223,0.46790388,5.667845
15224,15.224,0.4681864,5.6222825
15225,15.225,0.45215148,5.669259
15226,15.226,0.44991505,5.721753
15227,15.227,0.4537924,5.850946
15228,15.228,0.4478115,5.800478
15229,15.229,0.46812245,5.8320932
15230,15.23,0.45896837,5.809935
15231,15.231,0.4548595,5.803807
15232,15.232,0.45700544,5.7048864
15233,15.233,0.45040682,5.7280593
15234,15.234,0.43092272,5.685602
15235,15.235,0.44571155,5.7399535
15236,15.236,0.4600612,5.787109
15237,15.237,0.47715932,5.812103
15238,15.238,0.4839763,5.7798686
15239,15.239,0.51532227,5.749617
15240,15.24,0.5185203,5.774446
15241,15.241,0.5236782,5.736671
15242,15.242,0.5085568,5.745727
15243,15.243,0.4987537,5.7355194
15244,15.244,0.5116668,5.750554
15245,15.245,0.5119525,5.77229
15246,15.246,0.5207766,5.743788
15247,15.247,0.5136362,5.6959248
15248,15.248,0.4868091,5.7912087
15249,15.249,0.4954143,5.8311563
15250,15.25,0.5145071,5.8261495
15251,15.251,0.49324185,5.8409886
15252,15.252,0.46091443,5.9029617
15253,15.253,0.4508529,5.872717
15254,15.254,0.47757486,5.8602276
15255,15.255,0.455707,5.7680535
15256,15.256,0.4588155,5.788565
15257,15.257,0.45420182,5.7140923
15258,15.258,0.44652313,5.715956
15259,15.259,0.44571415,5.8244376
15260,15.26,0.43697864,5.8015494
15261,15.261,0.4175105,5.759704
15262,15.262,0.41764393,5.7251983
15263,15.263,0.39370176,5.6712775
15264,15.264,0.40837964,5.6009536
15265,15.265,0.40748647,5.575792
15266,15.266,0.39191312,5.5333934
15267,15.267,0.39813912,5.488877
15268,15.268,0.40346497,5.508493
15269,15.269,0.40120035,5.5400734
15270,15.27,0.42595226,5.557444
15271,15.271,0.4161205,5.619116
15272,15.272,0.4131967,5.539682
15273,15.273,0.4280163,5.4927697
15274,15.274,0.43403554,5.5503354
15275,15.275,0.41719255,5.535085
15276,15.276,0.41882744,5.5119157
15277,15.277,0.40921724,5.498333
15278,15.278,0.40368554,5.6192336
15279,15.279,0.39680305,5.60435
15280,15.28,0.40095308,5.6195855
15281,15.281,0.40507656,5.6623487
15282,15.282,0.40022993,5.6657166
15283,15.283,0.41561294,5.648441
15284,15.284,0.42779097,5.656841
15285,15.285,0.41480893,5.59593
15286,15.286,0.42101595,5.690677
15287,15.287,0.43209553,5.705135
15288,15.288,0.4552715,5.661759
15289,15.289,0.45090827,5.5863724
15290,15.29,0.47763294,5.6038113
15291,15.291,0.46428362,5.6753283
15292,15.292,0.45704466,5.6616096
15293,15.293,0.45183128,5.720197
15294,15.294,0.45279324,5.6919513
15295,15.295,0.44727868,5.592657
15296,15.296,0.43048415,5.7089987
15297,15.297,0.43189752,5.658139
15298,15.298,0.42899096,5.7007647
15299,15.299,0.40659642,5.790245
15300,15.3,0.40922004,5.7926183
15301,15.301,0.41258526,5.7577615
15302,15.302,0.3929653,5.754309
15303,15.303,0.424997,5.73285
15304,15.304,0.41516322,5.7265067
15305,15.305,0.41921863,5.7813025
15306,15.306,0.40363458,5.7967978
15307,15.307,0.41774192,5.753145
15308,15.308,0.4002403,5.689055
15309,15.309,0.3864969,5.700532
15310,15.31,0.36702627,5.7487226
15311,15.311,0.40985626,5.6862364
15312,15.312,0.41275388,5.748017
15313,15.313,0.39222917,5.8490763
15314,15.314,0.38695422,5.741169
15315,15.315,0.36703196,5.822952
15316,15.316,0.35541803,5.779976
15317,15.317,0.3759876,5.84113
15318,15.318,0.3997901,5.7902
15319,15.319,0.40636525,5.78715
15320,15.32,0.4002952,5.7948675
15321,15.321,0.39321113,5.699622
15322,15.322,0.39541277,5.774808
15323,15.323,0.406028,5.7369046
15324,15.324,0.40986416,5.6979504
15325,15.325,0.398358,5.672049
15326,15.326,0.38907245,5.7130566
15327,15.327,0.39037573,5.7385416
15328,15.328,0.40906522,5.690612
15329,15.329,0.39705178,5.714913
15330,15.33,0.37959692,5.715152
15331,15.331,0.34813207,5.71682
15332,15.332,0.3289167,5.5990767
15333,15.333,0.301552,5.506988
15334,15.334,0.30230698,5.5786858
15335,15.335,0.30953777,5.475062
15336,15.336,0.316244,5.5094223
15337,15.337,0.34754452,5.4336324
15338,15.338,0.34309766,5.5102997
15339,15.339,0.34693998,5.4770217
15340,15.34,0.37140638,5.4720364
15341,15.341,0.38044196,5.517053
15342,15.342,0.39418712,5.538321
15343,15.343,0.39543793,5.5175586
15344,15.344,0.392383,5.487579
15345,15.345,0.40579677,5.515251
15346,15.346,0.3920983,5.486212
15347,15.347,0.3743521,5.549111
15348,15.348,0.34822303,5.498895
15349,15.349,0.3380471,5.5112724
15350,15.35,0.35166508,5.414011
15351,15.351,0.35962453,5.481557
15352,15.352,0.3603836,5.4649687
15353,15.353,0.34882933,5.533109
15354,15.354,0.35263607,5.591155
15355,15.355,0.35931838,5.674777
15356,15.356,0.3462903,5.70527
15357,15.357,0.32947433,5.7159443
15358,15.358,0.31959715,5.769407
15359,15.359,0.35349387,5.74537
15360,15.36,0.34657258,5.787364
15361,15.361,0.3433671,5.8077545
15362,15.362,0.3445219,5.7544327
15363,15.363,0.33229017,5.7686877
15364,15.364,0.33365455,5.7536926
15365,15.365,0.33125538,5.764326
15366,15.366,0.33985734,5.754918
15367,15.367,0.34811014,5.7389016
15368,15.368,0.3449377,5.7346883
15369,15.369,0.353096,5.6853733
15370,15.37,0.34661728,5.661817
15371,15.371,0.35260722,5.6642766
15372,15.372,0.34309092,5.602383
15373,15.373,0.36540255,5.570688
15374,15.374,0.37537035,5.6652718
15375,15.375,0.39989996,5.66145
15376,15.376,0.39560628,5.63335
15377,15.377,0.40892276,5.5778017
15378,15.378,0.4090053,5.5315914
15379,15.379,0.38823667,5.597604
15380,15.38,0.38107467,5.6531982
15381,15.381,0.40109834,5.707025
15382,15.382,0.404917,5.7110066
15383,15.383,0.41720584,5.676573
15384,15.384,0.41142255,5.595508
15385,15.385,0.40774396,5.6681476
15386,15.386,0.42105848,5.6103573
15387,15.387,0.40015137,5.658136
15388,15.388,0.39080843,5.7093973
15389,15.389,0.3715271,5.8187876
15390,15.39,0.36439833,5.8636837
15391,15.391,0.38133726,5.893564
15392,15.392,0.38060054,5.9221263
15393,15.393,0.36653084,5.9031672
15394,15.394,0.35232714,5.866743
15395,15.395,0.35835132,5.808896
15396,15.396,0.37331372,5.7844553
15397,15.397,0.38273337,5.7004685
15398,15.398,0.3738107,5.7036285
15399,15.399,0.396416,5.7661505
15400,15.4,0.37762582,5.691948
15401,15.401,0.3871185,5.641821
15402,15.402,0.38062727,5.7120123
15403,15.403,0.36636552,5.681564
15404,15.404,0.39059302,5.665804
15405,15.405,0.36539686,5.6283712
15406,15.406,0.35416165,5.6834345
15407,15.407,0.3587459,5.7003255
15408,15.408,0.35406438,5.6966853
15409,15.409,0.36173978,5.7030225
15410,15.41,0.34326878,5.691748
15411,15.411,0.33335158,5.5860796
15412,15.412,0.35146976,5.654441
15413,15.413,0.36945787,5.619131
15414,15.414,0.37083635,5.5892863
15415,15.415,0.37244198,5.6511526
15416,15.416,0.3906321,5.7073464
15417,15.417,0.39401877,5.7015386
15418,15.418,0.37650436,5.6969247
15419,15.419,0.35971066,5.7138476
15420,15.42,0.3731403,5.773114
15421,15.421,0.35634115,5.7790594
15422,15.422,0.36861274,5.770478
15423,15.423,0.33669162,5.768617
15424,15.424,0.35171306,5.8130045
15425,15.425,0.35078236,5.828329
15426,15.426,0.33511755,5.8141766
15427,15.427,0.3231445,5.7876916
15428,15.428,0.34769017,5.814832
15429,15.429,0.345614,5.773935
15430,15.43,0.3375927,5.7776833
15431,15.431,0.32528874,5.7438054
15432,15.432,0.3304287,5.8093214
15433,15.433,0.3246449,5.8158045
15434,15.434,0.30225343,5.8612275
15435,15.435,0.30131727,5.866064
15436,15.436,0.3041422,5.815288
15437,15.437,0.30857053,5.873522
15438,15.438,0.29093835,5.7873755
15439,15.439,0.30197567,5.7995596
15440,15.44,0.2857305,5.822131
15441,15.441,0.2745471,5.8272376
15442,15.442,0.29135525,5.8039203
15443,15.443,0.28970483,5.857565
15444,15.444,0.2734764,5.8632774
15445,15.445,0.26950467,5.8864837
15446,15.446,0.26219004,5.945817
15447,15.447,0.25262734,5.9246373
15448,15.448,0.23390597,5.8890553
15449,15.449,0.2416992,5.793039
15450,15.45,0.24957888,5.802342
15451,15.451,0.23491396,5.728188
15452,15.452,0.25834373,5.7337065
15453,15.453,0.24757084,5.76104
15454,15.454,0.2569025,5.8499126
15455,15.455,0.24426347,5.824778
15456,15.456,0.2601185,5.882513
15457,15.457,0.27094626,5.835478
15458,15.458,0.26242095,5.8343716
15459,15.459,0.25722715,5.8272266
15460,15.46,0.27063295,5.898648
15461,15.461,0.27593973,5.928488
15462,15.462,0.26069203,5.951418
15463,15.463,0.26339442,6.006214
15464,15.464,0.268716,6.023919
15465,15.465,0.2830486,6.0717964
15466,15.466,0.28404415,6.0834174
15467,15.467,0.25519234,5.987766
15468,15.468,0.25139254,5.968246
15469,15.469,0.24735409,5.9338093
15470,15.47,0.26123068,5.887195
15471,15.471,0.26422873,5.90427
15472,15.472,0.27708104,5.901982
15473,15.473,0.2890065,5.889705
15474,15.474,0.29871884,5.911433
15475,15.475,0.27874482,5.9391313
15476,15.476,0.27236837,5.8568106
15477,15.477,0.276401,5.8562226
15478,15.478,0.2779724,5.8837023
15479,15.479,0.29011074,5.881699
15480,15.48,0.2864247,5.8973823
15481,15.481,0.29708362,5.908083
15482,15.482,0.2879069,5.909613
15483,15.483,0.29444233,5.9235272
15484,15.484,0.29026052,5.933999
15485,15.485,0.3064851,6.0324965
15486,15.486,0.31190908,6.0607314
15487,15.487,0.3209247,6.059354
15488,15.488,0.30210656,6.031452
15489,15.489,0.3103732,5.978499
15490,15.49,0.3017635,5.9816275
15491,15.491,0.2969778,6.0588455
15492,15.492,0.29578742,5.9890227
15493,15.493,0.27727038,5.9387302
15494,15.494,0.29828587,5.9789124
15495,15.495,0.3052371,5.993494
15496,15.496,0.31005418,6.029748
15497,15.497,0.29128143,6.020829
15498,15.498,0.295563,6.052522
15499,15.499,0.30791348,5.9639416
15500,15.5,0.30159643,5.9697146
15501,15.501,0.2977374,5.9411798
15502,15.502,0.31186756,5.940509
15503,15.503,0.29959288,5.8292584
15504,15.504,0.2721595,5.7778225
15505,15.505,0.27436176,5.802393
15506,15.506,0.27003172,5.779857
15507,15.507,0.28847003,5.8178396
15508,15.508,0.27091983,5.759348
15509,15.509,0.2657816,5.7227087
15510,15.51,0.2534816,5.6665998
15511,15.511,0.2543311,5.6658235
15512,15.512,0.2376799,5.6632905
15513,15.513,0.23096177,5.6843386
15514,15.514,0.23633865,5.6749177
15515,15.515,0.22650127,5.7241883
15516,15.516,0.22654922,5.672972
15517,15.517,0.23588039,5.7298326
15518,15.518,0.23343007,5.757948
15519,15.519,0.22119674,5.7717314
15520,15.52,0.2088668,5.7978983
15521,15.521,0.21644334,5.828274
15522,15.522,0.22278912,5.7864323
15523,15.523,0.23690338,5.7763267
15524,15.524,0.23734018,5.762374
15525,15.525,0.21321264,5.739527
15526,15.526,0.19792406,5.7191887
15527,15.527,0.19287781,5.708385
15528,15.528,0.17624623,5.7155004
15529,15.529,0.19655383,5.6924157
15530,15.53,0.18782277,5.7212043
15531,15.531,0.18062815,5.722359
15532,15.532,0.1773473,5.704428
15533,15.533,0.16221167,5.71085
15534,15.534,0.16200773,5.6599016
15535,15.535,0.1612023,5.6486373
15536,15.536,0.17575626,5.635783
15537,15.537,0.17222707,5.68454
15538,15.538,0.17220156,5.696205
15539,15.539,0.15763472,5.7207537
15540,15.54,0.14471668,5.6819086
15541,15.541,0.15493797,5.6011534
15542,15.542,0.15383431,5.643607
15543,15.543,0.17103899,5.6532817
15544,15.544,0.16783932,5.697365
15545,15.545,0.17315082,5.6830835
15546,15.546,0.19649146,5.66224
15547,15.547,0.19360642,5.637269
15548,15.548,0.19061346,5.614418
15549,15.549,0.18369699,5.6057925
15550,15.55,0.17827046,5.6224885
15551,15.551,0.18752219,5.6734185
15552,15.552,0.18477742,5.646877
15553,15.553,0.17671783,5.6528873
15554,15.554,0.1865494,5.6681743
15555,15.555,0.18201159,5.6815863
15556,15.556,0.15892595,5.651876
15557,15.557,0.17350696,5.633951
15558,15.558,0.16139007,5.6295824
15559,15.559,0.17573784,5.583588
15560,15.56,0.1773447,5.573275
15561,15.561,0.18628523,5.639089
15562,15.562,0.1797261,5.617885
15563,15.563,0.18010646,5.587439
15564,15.564,0.17040251,5.584888
15565,15.565,0.18150279,5.572865
15566,15.566,0.16431034,5.562267
15567,15.567,0.17707463,5.630131
15568,15.568,0.19001941,5.5804915
15569,15.569,0.17755575,5.525586
15570,15.57,0.20320694,5.522609
15571,15.571,0.20716074,5.4869065
15572,15.572,0.20369898,5.574013
15573,15.573,0.21492982,5.6265244
15574,15.574,0.20724554,5.6380115
15575,15.575,0.19890285,5.676156
15576,15.576,0.18756287,5.679692
15577,15.577,0.20867854,5.7008076
15578,15.578,0.19040594,5.6576595
15579,15.579,0.21658535,5.7617908
15580,15.58,0.229284,5.774419
15581,15.581,0.21623388,5.8080754
15582,15.582,0.19030392,5.7749753
15583,15.583,0.1939381,5.789742
15584,15.584,0.17289026,5.765434
15585,15.585,0.17151548,5.7041388
15586,15.586,0.16002484,5.694658
15587,15.587,0.17131586,5.742752
15588,15.588,0.19758971,5.7191334
15589,15.589,0.19426447,5.747757
15590,15.59,0.17924434,5.6308813
15591,15.591,0.18385927,5.6298056
15592,15.592,0.19303478,5.6300364
15593,15.593,0.21750781,5.5877457
15594,15.594,0.19836278,5.616839
15595,15.595,0.18449694,5.6160817
15596,15.596,0.19388923,5.655056
15597,15.597,0.17689958,5.574232
15598,15.598,0.17789398,5.6194687
15599,15.599,0.18646385,5.609721
15600,15.6,0.19082801,5.5920687
15601,15.601,0.20597775,5.590239
15602,15.602,0.19606389,5.6311646
15603,15.603,0.16760913,5.642618
15604,15.604,0.17739421,5.641647
15605,15.605,0.16846079,5.6390195
15606,15.606,0.16768497,5.636907
15607,15.607,0.13911588,5.649971
15608,15.608,0.15019488,5.6201315
15609,15.609,0.1661517,5.6856537
15610,15.61,0.16484554,5.6440225
15611,15.611,0.15151441,5.7685695
15612,15.612,0.15574017,5.788772
15613,15.613,0.1630107,5.739712
15614,15.614,0.15076487,5.734644
15615,15.615,0.13810346,5.7467833
15616,15.616,0.13701773,5.798174
15617,15.617,0.14683709,5.8151674
15618,15.618,0.13885473,5.7762837
15619,15.619,0.14469592,5.7695055
15620,15.62,0.13563219,5.7890954
15621,15.621,0.13287516,5.777549
15622,15.622,0.13454543,5.7612844
15623,15.623,0.115348175,5.7744346
15624,15.624,0.13098079,10.203295
15625,15.625,0.121661365,10.134212
15626,15.626,0.1209218,10.072105
15627,15.627,0.13190946,10.055713
15628,15.628,0.11053774,10.152078
15629,15.629,0.09865025,10.159348
15630,15.63,0.09126582,10.288955
15631,15.631,0.09300475,10.284828
15632,15.632,0.089444004,10.252098
15633,15.633,0.087747805,10.153189
15634,15.634,0.093123995,10.272343
15635,15.635,0.09566145,10.217382
15636,15.636,0.0820876,10.257072
15637,15.637,0.09348823,10.309764
15638,15.638,0.0937204,10.353846
15639,15.639,0.09909919,10.401904
15640,15.64,0.11266117,10.401697
15641,15.641,0.12904607,10.369283
15642,15.642,0.13092606,10.350997
15643,15.643,0.12432866,10.359308
15644,15.644,0.13263135,5.7385054
15645,15.645,0.14412919,5.746515
15646,15.646,0.13737835,5.7191677
15647,15.647,0.13092606,5.719175
15648,15.648,0.13330422,5.8079004
15649,15.649,0.1139284,5.786772
15650,15.65,0.10153291,5.7811704
15651,15.651,0.1175991,5.782167
15652,15.652,0.11020888,10.546017
15653,15.653,0.10692518,5.7500978
15654,15.654,0.11679424,5.8211927
15655,15.655,0.11715001,5.821732
15656,15.656,0.12892777,5.782985
15657,15.657,0.12540808,5.7998
15658,15.658,0.12471855,5.7679133
15659,15.659,0.12588282,5.7931013
15660,15.66,0.13449214,5.786493
15661,15.661,0.11807978,5.8380933
15662,15.662,0.123003185,10.629263
15663,15.663,0.13262087,10.671472
15664,15.664,0.1242896,10.614544
15665,15.665,0.12892239,10.609181
15666,15.666,0.12537305,10.569214
15667,15.667,0.12585527,10.582984
15668,15.668,0.1376087,10.62949
15669,15.669,0.1383727,10.597074
15670,15.67,0.15738961,10.61343
15671,15.671,0.13214935,10.631769
15672,15.672,0.11727033,10.614476
15673,15.673,0.119177006,5.818489
15674,15.674,0.10456614,5.8094387
15675,15.675,0.120429434,10.714101
15676,15.676,0.11220261,10.612432
15677,15.677,0.114363864,10.652799
15678,15.678,0.11764038,5.799865
15679,15.679,0.11521381,5.8009953
15680,15.68,0.12159674,5.810994
15681,15.681,0.12635942,5.8139405
15682,15.682,0.15339032,5.822613
15683,15.683,0.14990675,5.792365
15684,15.684,0.14785853,5.7923527
15685,15.685,0.16736479,5.8008347
15686,15.686,0.16604313,5.824718
15687,15.687,0.17439479,5.8160124
15688,15.688,0.1648792,5.829038
15689,15.689,0.18927702,5.875569
15690,15.69,0.18296556,5.8119564
15691,15.691,0.18729644,5.787644
15692,15.692,0.18285812,5.7842317
15693,15.693,0.15837948,5.741589
15694,15.694,0.16686122,5.710491
15695,15.695,0.15917887,5.735487
15696,15.696,0.15789704,5.746962
15697,15.697,0.14870204,5.699371
15698,15.698,0.15090282,5.758207
15699,15.699,0.13863477,5.749529
15700,15.7,0.13782024,5.713932
15701,15.701,0.14178257,5.709282
15702,15.702,0.13266271,5.731008
15703,15.703,0.12268889,5.747694
15704,15.704,0.13329902,5.7430034
15705,15.705,0.15696746,5.782787
15706,15.706,0.14745927,5.732505
15707,15.707,0.15946908,5.715873
15708,15.708,0.13674581,5.6931796
15709,15.709,0.13015032,5.6855264
15710,15.71,0.11798968,5.7600927
15711,15.711,0.10970215,5.709588
15712,15.712,0.1078745,5.7610292
15713,15.713,0.1315198,5.738454
15714,15.714,0.14438881,5.7112446
15715,15.715,0.13862477,5.775562
15716,15.716,0.12685247,5.696235
15717,15.717,0.12256446,5.699691
15718,15.718,0.1267449,5.7129254
15719,15.719,0.16799077,10.208652
15720,15.72,0.15342046,5.7113447
15721,15.721,0.16180496,5.6575923
15722,15.722,0.16139579,10.142788
15723,15.723,0.16148745,10.07887
15724,15.724,0.15906408,5.645292
15725,15.725,0.14985894,5.6502504
15726,15.726,0.1648736,5.6330943
15727,15.727,0.18017448,5.6763134
15728,15.728,0.16758843,5.705599
15729,15.729,0.18468231,5.7280936
15730,15.73,0.18582173,5.695591
15731,15.731,0.17518048,5.716153
15732,15.732,0.17667727,5.7866383
15733,15.733,0.16854997,5.754714
15734,15.734,0.175435,5.759124
15735,15.735,0.18091974,5.76958
15736,15.736,0.1859486,5.7735176
15737,15.737,0.18771936,10.182451
15738,15.738,0.19151734,10.088322
15739,15.739,0.21545947,10.071301
15740,15.74,0.21520609,10.155549
15741,15.741,0.21821244,10.164995
15742,15.742,0.2179612,10.191546
15743,15.743,0.20201793,10.164601
15744,15.744,0.19403704,10.160754
15745,15.745,0.16920298,9.996946
15746,15.746,0.14954853,5.726499
15747,15.747,0.15715587,10.080023
15748,15.748,0.14720505,5.744118
15749,15.749,0.15499169,5.7791643
15750,15.75,0.15368846,10.143724
15751,15.751,0.14274465,10.0387945
15752,15.752,0.1288309,10.08291
15753,15.753,0.14205626,10.061652
15754,15.754,0.15072347,10.018861
15755,15.755,0.1336368,9.918517
15756,15.756,0.12747426,9.911018
15757,15.757,0.1183145,9.828901
15758,15.758,0.12575419,9.788506
15759,15.759,0.13221057,5.6347003
15760,15.76,0.13978072,9.8119335
15761,15.761,0.13526008,9.808299
15762,15.762,0.120740026,9.781631
15763,15.763,0.14875178,9.785318
15764,15.764,0.13942465,9.656216
15765,15.765,0.120816596,5.6420856
15766,15.766,0.12905324,5.638366
15767,15.767,0.113322064,5.654281
15768,15.768,0.11661793,9.7656765
15769,15.769,0.098305136,9.906976
15770,15.77,0.10677156,9.827117
15771,15.771,0.1033161,9.842882
15772,15.772,0.13238358,5.7092457
15773,15.773,0.12366115,9.851089
15774,15.774,0.1304431,9.763026
15775,15.775,0.123222895,9.711206
15776,15.776,0.1317253,9.735844
15777,15.777,0.1259379,9.837448
15778,15.778,0.11251126,9.887265
15779,15.779,0.12158343,9.983906
15780,15.78,0.1231497,9.9095335
15781,15.781,0.10992952,9.946718
15782,15.782,0.11686152,9.989623
15783,15.783,0.11973826,9.816548
15784,15.784,0.116518766,9.739422
15785,15.785,0.101496466,9.621565
15786,15.786,0.0970483,9.648652
15787,15.787,0.09835451,9.633142
15788,15.788,0.10651357,9.619793
15789,15.789,0.10278664,9.674153
15790,15.79,0.101991825,9.635463
15791,15.791,0.10601753,9.536403
15792,15.792,0.11560244,9.616905
15793,15.793,0.07893754,9.598563
15794,15.794,0.08753149,9.591972
15795,15.795,0.0952764,9.468829
15796,15.796,0.11033886,9.521224
15797,15.797,0.11375172,9.443684
15798,15.798,0.09846258,9.631825
15799,15.799,0.106814854,9.595952
15800,15.8,0.10437361,5.7570944
15801,15.801,0.105832,5.7354617
15802,15.802,0.09708641,5.722027
15803,15.803,0.061763234,5.7278633
15804,15.804,0.08718215,5.6788883
15805,15.805,0.06328666,5.733888
15806,15.806,0.073237255,5.7010193
15807,15.807,0.080054305,5.6893473
15808,15.808,0.06825361,5.72321
15809,15.809,0.0789756,5.687989
15810,15.81,0.08105593,5.6616507
15811,15.811,0.06458839,5.651504
15812,15.812,0.06521889,5.7081
15813,15.813,0.0706569,5.6826053
15814,15.814,0.08973818,5.693791
15815,15.815,0.07103545,5.695849
15816,15.816,0.058038723,5.7335124
15817,15.817,0.07705829,5.7254148
15818,15.818,0.06592405,5.668406
15819,15.819,0.06181562,5.6933665
15820,15.82,0.06375617,5.738769
15821,15.821,0.063792415,5.7179203
15822,15.822,0.077778,5.7461452
15823,15.823,0.06873628,5.728239
15824,15.824,0.08399745,5.7047677
15825,15.825,0.08724577,5.711598
15826,15.826,0.08425852,5.7217913
15827,15.827,0.093490705,5.747664
15828,15.828,0.09808617,5.7624044
15829,15.829,0.09612675,5.77021
15830,15.83,0.096857525,5.777083
15831,15.831,0.10597827,5.7683563
15832,15.832,0.096446104,5.7589746
15833,15.833,0.09923208,5.7362432
15834,15.834,0.09519872,5.760594
15835,15.835,0.08421186,5.7622476
15836,15.836,0.08852687,5.713991
15837,15.837,0.094072506,5.6691008
15838,15.838,0.110454045,5.7039995
15839,15.839,0.1274398,5.726738
15840,15.84,0.10794734,5.7150087
15841,15.841,0.123500265,5.7419972
15842,15.842,0.13897124,5.749669
15843,15.843,0.13620032,5.639356
15844,15.844,0.13733964,5.6419063
15845,15.845,0.13693334,5.632948
15846,15.846,0.12857942,5.658274
15847,15.847,0.13028704,5.6703796
15848,15.848,0.11914402,5.7262254
15849,15.849,0.12043903,5.6757464
15850,15.85,0.12419098,5.616501
15851,15.851,0.114337586,5.638815
15852,15.852,0.108336434,5.6500015
15853,15.853,0.12880757,5.705403
15854,15.854,0.1267084,5.7024784
15855,15.855,0.12358261,5.733124
15856,15.856,0.09953914,5.6981783
15857,15.857,0.11210779,5.698128
15858,15.858,0.1318183,5.6940775
15859,15.859,0.12231332,5.7035723
15860,15.86,0.122249044,5.7040043
15861,15.861,0.12345533,5.714409
15862,15.862,0.13404964,5.6391244
15863,15.863,0.11880007,5.642461
15864,15.864,0.118513644,5.6635475
15865,15.865,0.10952075,5.689323
15866,15.866,0.12246633,5.6995955
15867,15.867,0.11350756,5.730115
15868,15.868,0.119099386,5.6857142
15869,15.869,0.10787878,5.7005906
15870,15.87,0.11489833,5.7195063
15871,15.871,0.12690349,5.7312946
15872,15.872,0.12589568,5.6848116
15873,15.873,0.11646915,5.7327237
15874,15.874,0.11238379,5.770339
15875,15.875,0.11949279,5.735909
15876,15.876,0.09636936,5.704905
15877,15.877,0.10470755,5.7249117
15878,15.878,0.10893657,5.7204275
15879,15.879,0.114363864,5.6597414
15880,15.88,0.11468686,5.697493
15881,15.881,0.099685356,5.6744084
15882,15.882,0.10414521,5.6887045
15883,15.883,0.118296914,5.7365065
15884,15.884,0.1272764,5.711111
15885,15.885,0.12980881,5.697145
15886,15.886,0.13936329,5.6571507
15887,15.887,0.13810346,5.656463
15888,15.888,0.15298736,5.599383
15889,15.889,0.16244951,5.626257
15890,15.89,0.14759092,5.6361947
15891,15.891,0.13080768,5.609195
15892,15.892,0.12609018,5.690868
15893,15.893,0.109245986,5.654622
15894,15.894,0.11674672,5.682
15895,15.895,0.1057271,5.7038755
15896,15.896,0.10690139,5.718212
15897,15.897,0.115358196,5.720521
15898,15.898,0.14269929,5.696375
15899,15.899,0.15310971,5.6854625
15900,15.9,0.164047,5.6574016
15901,15.901,0.15905972,5.667216
15902,15.902,0.15584701,5.6490216
15903,15.903,0.15279078,5.6381426
15904,15.904,0.16492265,5.5988955
15905,15.905,0.15793803,5.6235666
15906,15.906,0.17269492,5.6509852
15907,15.907,0.18727176,5.6704197
15908,15.908,0.16299935,5.687633
15909,15.909,0.15874837,5.710499
15910,15.91,0.15633875,5.6922593
15911,15.911,0.15185735,5.71476
15912,15.912,0.1507664,5.764893
15913,15.913,0.15054542,5.693833
15914,15.914,0.14287253,5.675287
15915,15.915,0.13210736,5.6674547
15916,15.916,0.15204753,5.655876
15917,15.917,0.14986357,5.6532917
15918,15.918,0.16587874,5.6362057
15919,15.919,0.16681272,5.6628633
15920,15.92,0.16565838,5.612597
15921,15.921,0.16246232,5.6238623
15922,15.922,0.14790855,5.69063
15923,15.923,0.1535756,5.7085304
15924,15.924,0.15930809,5.69662
15925,15.925,0.1533858,5.6673865
15926,15.926,0.13338745,5.7067237
15927,15.927,0.1279142,5.6961584
15928,15.928,0.13588423,5.7148585
15929,15.929,0.14857294,5.6961355
15930,15.93,0.13951086,5.7078557
15931,15.931,0.12521991,5.7175193
15932,15.932,0.13850965,5.6907077
15933,15.933,0.15044712,5.7123256
15934,15.934,0.14717364,5.7642164
15935,15.935,0.14955162,5.744198
15936,15.936,0.14703535,5.7719154
15937,15.937,0.15200344,5.777572
15938,15.938,0.16614473,5.7496815
15939,15.939,0.15642893,5.712539
15940,15.94,0.16179924,5.742219
15941,15.941,0.15405357,5.691545
15942,15.942,0.15743954,5.7189035
15943,15.943,0.15014869,5.7181306
15944,15.944,0.13229623,5.7652583
15945,15.945,0.1348698,5.75501
15946,15.946,0.13574123,5.7451987
15947,15.947,0.14383535,5.719419
15948,15.948,0.14430232,5.7013803
15949,15.949,0.1278021,5.6977453
15950,15.95,0.13005435,9.2558775
15951,15.951,0.12976784,9.168178
15952,15.952,0.1329256,9.163202
15953,15.953,0.14494975,5.7762675
15954,15.954,0.13287167,9.308757
15955,15.955,0.13625632,5.76821
15956,15.956,0.14592104,5.7908587
15957,15.957,0.14903438,5.7376914
15958,15.958,0.14769113,5.698636
15959,15.959,0.14629921,5.745737
15960,15.96,0.13297603,5.764854
15961,15.961,0.13767925,5.812382
15962,15.962,0.13312373,9.154191
15963,15.963,0.14408748,9.330659
15964,15.964,0.12970904,9.331172
15965,15.965,0.12877525,9.4856205
15966,15.966,0.12876089,9.496615
15967,15.967,0.14323777,9.543107
15968,15.968,0.12805511,9.5503435
15969,15.969,0.13677286,9.527984
15970,15.97,0.151432,9.607188
15971,15.971,0.1543804,9.524476
15972,15.972,0.14322647,9.587433
15973,15.973,0.14106655,9.560515
15974,15.974,0.14744672,9.6814785
15975,15.975,0.15066363,9.663127
15976,15.976,0.15222685,9.713001
15977,15.977,0.13307683,9.689537
15978,15.978,0.12560886,9.46305
15979,15.979,0.117974006,9.388893
15980,15.98,0.12907831,9.296151
15981,15.981,0.11640363,9.337602
15982,15.982,0.13031009,9.31061
15983,15.983,0.11691493,9.325504
15984,15.984,0.11684174,9.395235
15985,15.985,0.11977687,9.459705
15986,15.986,0.1113276,9.59804
15987,15.987,0.12361441,9.709095
15988,15.988,0.115951896,9.698652
15989,15.989,0.08857647,9.67085
15990,15.99,0.11639767,9.674808
15991,15.991,0.121389315,9.527948
15992,15.992,0.11662586,9.508083
15993,15.993,0.12802804,9.704089
15994,15.994,0.15142131,9.712559
15995,15.995,0.15242416,9.643233
15996,15.996,0.14792575,9.659654
15997,15.997,0.14781474,9.875309
15998,15.998,0.14919253,9.840445
15999,15.999,0.14139722,9.80601
16000,16.0,0.14642715,9.926288
16001,16.001,0.13107078,5.7106104
16002,16.002,0.13962018,5.6994853
16003,16.003,0.12979634,5.6927867
16004,16.004,0.14124016,5.630788
16005,16.005,0.14273816,5.6359997
16006,16.006,0.14233916,5.641988
16007,16.007,0.152008,5.6535916
16008,16.008,0.13271324,5.6316705
16009,16.009,0.13004191,5.6751575
16010,16.01,0.13335277,5.65584
16011,16.011,0.12058099,5.6454554
16012,16.012,0.114080496,5.559334
16013,16.013,0.11105315,5.6318893
16014,16.014,0.119583696,5.6299324
16015,16.015,0.11668928,5.587252
16016,16.016,0.1282842,5.653086
16017,16.017,0.16582717,5.6671605
16018,16.018,0.18372215,5.6530643
16019,16.019,0.17463854,5.717898
16020,16.02,0.15205057,5.7539124
16021,16.021,0.17013909,5.7628927
16022,16.022,0.16304898,5.7738504
16023,16.023,0.15074493,5.7346625
16024,16.024,0.13513523,5.6868505
16025,16.025,0.14842193,5.7137103
16026,16.026,0.15161203,5.7260804
16027,16.027,0.13649873,5.7118506
16028,16.028,0.12835626,5.6405888
16029,16.029,0.119237125,5.6909013
16030,16.03,0.10793449,5.7411933
16031,16.031,0.108585835,5.642821
16032,16.032,0.10240807,5.6191945
16033,16.033,0.12509984,5.520566
16034,16.034,0.12597094,5.464
16035,16.035,0.123123415,5.532492
16036,16.036,0.12486676,5.637755
16037,16.037,0.10589316,5.6566114
16038,16.038,0.112794474,5.680659
16039,16.039,0.116258554,5.6830935
16040,16.04,0.1347652,5.6365395
16041,16.041,0.13502912,5.6593766
16042,16.042,0.09393969,5.720992
16043,16.043,0.08722986,5.6773562
16044,16.044,0.09123288,5.6544175
16045,16.045,0.09045412,5.7013135
16046,16.046,0.1031302,5.7470837
16047,16.047,0.08015244,5.753768
16048,16.048,0.08636151,5.7477303
16049,16.049,0.07969249,5.728943
16050,16.05,0.106389776,5.748199
16051,16.051,0.11618893,5.7643304
16052,16.052,0.11455172,5.763438
16053,16.053,0.09059714,5.6487355
16054,16.054,0.09769648,5.6226707
16055,16.055,0.096287765,5.606161
16056,16.056,0.08697505,5.569279
16057,16.057,0.09714116,5.5329437
16058,16.058,0.0826014,5.437268
16059,16.059,0.06234815,5.348941
16060,16.06,0.085438356,5.3403363
16061,16.061,0.08995176,5.3249593
16062,16.062,0.10110392,5.3187594
16063,16.063,0.10223409,5.2958927
16064,16.064,0.10239904,5.280144
16065,16.065,0.11195714,5.2696867
16066,16.066,0.120314196,5.295996
16067,16.067,0.087855764,5.3006873
16068,16.068,0.08445859,5.2502875
16069,16.069,0.074172005,5.2238593
16070,16.07,0.08744693,5.2033463
16071,16.071,0.088152625,5.2294
16072,16.072,0.09488248,5.2625113
16073,16.073,0.09235868,5.2386804
16074,16.074,0.08816049,5.272158
16075,16.075,0.08534088,5.273997
16076,16.076,0.094303235,5.304947
16077,16.077,0.08980514,5.22258
16078,16.078,0.07269226,5.2477484
16079,16.079,0.098551765,5.2302113
16080,16.08,0.079124756,5.2182164
16081,16.081,0.0935871,5.2435513
16082,16.082,0.099108525,5.236539
16083,16.083,0.11141272,5.2515664
16084,16.084,0.1205273,5.235763
16085,16.085,0.11756174,5.164028
16086,16.086,0.1155024,5.2142644
16087,16.087,0.11838482,5.223185
16088,16.088,0.09409953,5.1968894
16089,16.089,0.090213545,5.2466497
16090,16.09,0.101496466,5.2223444
16091,16.091,0.10569648,5.185564
16092,16.092,0.07488857,5.1643705
16093,16.093,0.07450478,5.2049165
16094,16.094,0.06514085,5.273658
16095,16.095,0.06386124,5.259148
16096,16.096,0.079648964,5.197866
16097,16.097,0.07693519,5.182206
16098,16.098,0.072453335,5.2402654
16099,16.099,0.06926901,5.253739
16100,16.1,0.06644802,5.2839203
16101,16.101,0.073859654,5.232874
16102,16.102,0.09265109,5.2342625
16103,16.103,0.08727491,5.251598
16104,16.104,0.090103276,5.242202
16105,16.105,0.08828104,5.2636514
16106,16.106,0.07823442,5.239589
16107,16.107,0.06928235,5.2658234
16108,16.108,0.092648596,5.196538
16109,16.109,0.09172318,5.2060204
16110,16.11,0.08551139,5.1666164
16111,16.111,0.08320376,5.148841
16112,16.112,0.09471909,5.151163
16113,16.113,0.107902355,5.1373024
16114,16.114,0.12946104,5.1385746
16115,16.115,0.12272846,5.0966306
16116,16.116,0.11715593,5.107319
16117,16.117,0.10318175,5.1682396
16118,16.118,0.096580245,5.2010007
16119,16.119,0.10915283,5.1948743
16120,16.12,0.113430135,5.173214
16121,16.121,0.11925845,5.1203485
16122,16.122,0.12591404,5.1464286
16123,16.123,0.11552642,5.1474624
16124,16.124,0.12052922,5.0855985
16125,16.125,0.11263654,5.171649
16126,16.126,0.11981547,5.0898337
16127,16.127,0.12838688,5.1039977
16128,16.128,0.15320028,5.1357894
16129,16.129,0.11663181,5.07652
16130,16.13,0.11999286,5.072829
16131,16.131,0.11897897,5.094942
16132,16.132,0.10138479,5.1109977
16133,16.133,0.11119046,5.0988574
16134,16.134,0.108626276,5.1324663
16135,16.135,0.09560584,5.136308
16136,16.136,0.09635497,5.09652
16137,16.137,0.10036489,5.163489
16138,16.138,0.08970211,5.1185927
16139,16.139,0.08355591,5.1264896
16140,16.14,0.08606385,5.0684757
16141,16.141,0.0998082,5.0336127
16142,16.142,0.09478497,5.089996
16143,16.143,0.123016335,5.1791935
16144,16.144,0.110343054,5.1422176
16145,16.145,0.12472597,5.0976653
16146,16.146,0.12565304,5.102288
16147,16.147,0.11741416,5.129226
16148,16.148,0.1272328,5.0823646
16149,16.149,0.13163927,5.083064
16150,16.15,0.13353816,5.0859103
16151,16.151,0.13566798,5.1338844
16152,16.152,0.11431332,5.203747
16153,16.153,0.11253181,5.1984215
16154,16.154,0.1199254,5.1801763
16155,16.155,0.10560457,5.1975803
16156,16.156,0.1255076,5.17906
16157,16.157,0.13178672,5.163364
16158,16.158,0.14028098,5.163974
16159,16.159,0.14900026,5.164374
16160,16.16,0.14311829,5.2049465
16161,16.161,0.14693783,5.187977
16162,16.162,0.13469656,5.2540746
16163,16.163,0.14555459,5.3407354
16164,16.164,0.14893351,5.3040147
16165,16.165,0.14028098,5.3132205
16166,16.166,0.1495037,5.2508197
16167,16.167,0.14136451,5.2106705
16168,16.168,0.14425105,5.3297634
16169,16.169,0.15012713,5.375088
16170,16.17,0.14412919,5.4132204
16171,16.171,0.15806387,5.4199796
16172,16.172,0.15281045,5.441837
16173,16.173,0.15106055,5.4491534
16174,16.174,0.16300361,5.47825
16175,16.175,0.15595527,5.4225297
16176,16.176,0.15820715,5.341487
16177,16.177,0.17504449,5.2653894
16178,16.178,0.18226165,5.2877507
16179,16.179,0.1793127,5.27805
16180,16.18,0.17923273,5.3571124
16181,16.181,0.18597221,5.421642
16182,16.182,0.20322286,5.393906
16183,16.183,0.17400193,5.4583864
16184,16.184,0.15791167,5.4450216
16185,16.185,0.19257553,5.422356
16186,16.186,0.20292458,5.45283
16187,16.187,0.20793049,5.4558997
16188,16.188,0.19868304,5.4588923
16189,16.189,0.21226718,5.4637303
16190,16.19,0.19222945,5.4526258
16191,16.191,0.16785172,5.467255
16192,16.192,0.17700411,5.4755387
16193,16.193,0.17920952,5.5041504
16194,16.194,0.1640639,5.5950317
16195,16.195,0.18793353,5.5180225
16196,16.196,0.18724336,5.511231
16197,16.197,0.2017133,5.5004697
16198,16.198,0.19026989,5.5069027
16199,16.199,0.1731615,5.5006967
16200,16.2,0.16869804,5.4994125
16201,16.201,0.15594934,5.5681424
16202,16.202,0.1553567,5.530651
16203,16.203,0.17049745,5.5375633
16204,16.204,0.16861305,5.562715
16205,16.205,0.16268843,5.4805465
16206,16.206,0.16790956,5.5132546
16207,16.207,0.17730817,5.516743
16208,16.208,0.1755562,5.4817395
16209,16.209,0.17024912,5.4690924
16210,16.21,0.158744,5.4623356
16211,16.211,0.14553392,5.5264897
16212,16.212,0.1506621,5.509512
16213,16.213,0.14066117,5.5326266
16214,16.214,0.13246913,5.5505195
16215,16.215,0.14442883,5.573355
16216,16.216,0.11832231,5.5279684
16217,16.217,0.11037238,5.619753
16218,16.218,0.10640716,5.5347905
16219,16.219,0.12048317,5.649283
16220,16.22,0.12305204,5.623616
16221,16.221,0.12679778,5.5978017
16222,16.222,0.11383908,5.6072497
16223,16.223,0.1063637,5.6409063
16224,16.224,0.103494965,5.610982
16225,16.225,0.11033467,5.6022453
16226,16.226,0.111804225,5.6046805
16227,16.227,0.105424896,5.560062
16228,16.228,0.09880948,5.5615973
16229,16.229,0.11705722,5.549978
16230,16.23,0.12227173,5.586366
16231,16.231,0.10226348,5.5595136
16232,16.232,0.10445332,5.550113
16233,16.233,0.11743188,5.501312
16234,16.234,0.12601314,5.4938245
16235,16.235,0.13303512,5.505514
16236,16.236,0.1172309,5.5176516
16237,16.237,0.10683,5.522437
16238,16.238,0.11761483,5.5342956
16239,16.239,0.12136836,5.496984
16240,16.24,0.12610851,5.4837656
16241,16.241,0.12440488,5.5337815
16242,16.242,0.12279249,5.521129
16243,16.243,0.13029413,5.5030556
16244,16.244,0.12964663,5.505462
16245,16.245,0.1379594,5.524143
16246,16.246,0.14778502,5.5620646
16247,16.247,0.15427703,5.5532045
16248,16.248,0.16359256,5.5758862
16249,16.249,0.14101246,5.507903
16250,16.25,0.1450725,5.5149293
16251,16.251,0.15251514,5.522685
16252,16.252,0.12476674,5.472349
16253,16.253,0.14457603,5.4760423
16254,16.254,0.14453764,5.4117703
16255,16.255,0.1318218,5.428828
16256,16.256,0.13017341,5.3809934
16257,16.257,0.12303325,5.4956183
16258,16.258,0.12701458,5.4931087
16259,16.259,0.107668556,5.499274
16260,16.26,0.11607346,5.5739856
16261,16.261,0.13865311,5.5568943
16262,16.262,0.15459888,5.5358505
16263,16.263,0.16868022,5.470116
16264,16.264,0.16007538,5.4487076
16265,16.265,0.18333794,5.441986
16266,16.266,0.1785672,5.430081
16267,16.267,0.17716861,5.4407806
16268,16.268,0.17610581,5.4180994
16269,16.269,0.16807333,5.463209
16270,16.27,0.16471507,5.506527
16271,16.271,0.16215037,5.5020733
16272,16.272,0.18330514,5.5165825
16273,16.273,0.17545477,5.4812717
16274,16.274,0.17627114,5.520436
16275,16.275,0.18589388,5.5360827
16276,16.276,0.17487799,5.4377403
16277,16.277,0.17439611,5.508454
16278,16.278,0.17536514,5.4813375
16279,16.279,0.14966443,5.491958
16280,16.28,0.14915843,5.474326
16281,16.281,0.1613299,5.5521097
16282,16.282,0.13754486,5.5088387
16283,16.283,0.14196834,5.496509
16284,16.284,0.13256508,5.578256
16285,16.285,0.13465193,5.54962
16286,16.286,0.14091897,5.4642935
16287,16.287,0.15069279,5.427273
16288,16.288,0.11948699,5.3835983
16289,16.289,0.13366795,5.423483
16290,16.29,0.13872313,5.463181
16291,16.291,0.14201231,5.424793
16292,16.292,0.12964128,5.4159927
16293,16.293,0.11552642,5.4625273
16294,16.294,0.10564178,5.4562035
16295,16.295,0.10918036,5.489794
16296,16.296,0.11248866,5.5166283
16297,16.297,0.11629434,5.523407
16298,16.298,0.10898113,5.502662
16299,16.299,0.1069295,5.5287886
16300,16.3,0.11170079,5.4541626
16301,16.301,0.13925542,5.5258365
16302,16.302,0.13892631,5.4946733
16303,16.303,0.15365386,5.5006332
16304,16.304,0.15820421,5.609084
16305,16.305,0.13925377,5.553153
16306,16.306,0.14672369,5.603576
16307,16.307,0.15467812,5.5811114
16308,16.308,0.13161469,5.6564198
16309,16.309,0.09659939,5.6153755
16310,16.31,0.1063876,5.6281524
16311,16.311,0.11023824,5.610702
16312,16.312,0.11815807,5.6490707
16313,16.313,0.09442818,5.5541077
16314,16.314,0.103713654,5.5677238
16315,16.315,0.10146912,5.62553
16316,16.316,0.11275962,5.664009
16317,16.317,0.12006798,5.6627617
16318,16.318,0.09818983,5.6461596
16319,16.319,0.09555989,5.6947956
16320,16.32,0.088432804,5.6523376
16321,16.321,0.08888654,5.7512875
16322,16.322,0.11339344,5.828357
16323,16.323,0.12136836,5.7925253
16324,16.324,0.13850798,5.847718
16325,16.325,0.14460322,5.8277874
16326,16.326,0.13197954,5.831545
16327,16.327,0.14347002,5.823785
16328,16.328,0.12548365,5.7838655
16329,16.329,0.13459353,5.79642
16330,16.33,0.12552233,5.7548213
16331,16.331,0.12192712,5.6743603
16332,16.332,0.11801711,5.7073154
16333,16.333,0.10695545,5.7476325
16334,16.334,0.11716185,5.7197785
16335,16.335,0.115864135,5.7050405
16336,16.336,0.11237556,5.6889567
16337,16.337,0.09935316,5.707101
16338,16.338,0.10297091,5.7324076
16339,16.339,0.12839589,5.811565
16340,16.34,0.13236786,5.7349377
16341,16.341,0.13464162,5.732831
16342,16.342,0.13685903,5.7369757
16343,16.343,0.12285837,5.7604103
16344,16.344,0.1236705,5.7921853
16345,16.345,0.1291374,5.827056
16346,16.346,0.118028864,5.812812
16347,16.347,0.13047498,5.7727766
16348,16.348,0.119562425,5.8120575
16349,16.349,0.119283654,5.7659874
16350,16.35,0.10198502,5.8231053
16351,16.351,0.10826599,5.7717996
16352,16.352,0.1045197,5.739325
16353,16.353,0.10210284,5.7079206
16354,16.354,0.09742871,5.6718316
16355,16.355,0.09095116,5.7596164
16356,16.356,0.0972791,5.694908
16357,16.357,0.12608652,5.7456055
16358,16.358,0.12739988,5.728835
16359,16.359,0.13450418,5.6896443
16360,16.36,0.11717171,5.778184
16361,16.361,0.10549505,5.85816
16362,16.362,0.100159675,5.942686
16363,16.363,0.09806496,5.8517666
16364,16.364,0.08610145,5.78638
16365,16.365,0.10637239,5.8515034
16366,16.366,0.09707688,5.8526115
16367,16.367,0.10613522,5.8546357
16368,16.368,0.10915706,5.8392854
16369,16.369,0.12403451,5.8714285
16370,16.37,0.12645087,5.8658104
16371,16.371,0.10355303,5.8010683
16372,16.372,0.110474974,5.8587008
16373,16.373,0.08905544,5.8636327
16374,16.374,0.09473129,5.817639
16375,16.375,0.08301739,5.830758
16376,16.376,0.11093859,5.796842
16377,16.377,0.12064425,5.8915215
16378,16.378,0.117439754,5.8130727
16379,16.379,0.11605753,5.9088635
16380,16.38,0.14161126,5.852007
16381,16.381,0.13820386,5.8153186
16382,16.382,0.12355267,5.900628
16383,16.383,0.111485325,5.9161158
16384,16.384,0.10428275,5.929051
16385,16.385,0.11832036,5.923324
16386,16.386,0.12101927,5.8871636
16387,16.387,0.13023555,5.863197
16388,16.388,0.14356184,5.894103
16389,16.389,0.16539161,5.9805617
16390,16.39,0.18686515,5.9165893
16391,16.391,0.19035372,5.9082146
16392,16.392,0.17949311,5.9171433
16393,16.393,0.16420195,5.978698
16394,16.394,0.16368017,5.937015
16395,16.395,0.16886653,5.962053
16396,16.396,0.18938203,5.8459487
16397,16.397,0.20244436,5.8983803
16398,16.398,0.2330167,5.898651
16399,16.399,0.21380387,5.91687
16400,16.4,0.2169629,5.944499
16401,16.401,0.19602498,5.872258
16402,16.402,0.23177914,5.868228
16403,16.403,0.21721956,5.850366
16404,16.404,0.21357667,5.885562
16405,16.405,0.21534248,5.9128895
16406,16.406,0.20387936,5.8637843
16407,16.407,0.18390328,5.852845
16408,16.408,0.17579965,5.85716
16409,16.409,0.16446503,5.864506
16410,16.41,0.16830838,5.8951583
16411,16.411,0.16229574,5.8872695
16412,16.412,0.14750944,5.890555
16413,16.413,0.15247571,5.892658
16414,16.414,0.13846791,5.923895
16415,16.415,0.14162758,5.8948064
16416,16.416,0.13886638,5.784087
16417,16.417,0.17510656,5.815992
16418,16.418,0.17218545,5.8625145
16419,16.419,0.15879351,5.8760567
16420,16.42,0.17086723,5.8866153
16421,16.421,0.1802694,5.8631153
16422,16.422,0.15864931,5.9146576
16423,16.423,0.15234677,5.9305863
16424,16.424,0.15373208,5.962098
16425,16.425,0.15289062,5.9698925
16426,16.426,0.15759511,6.0161705
16427,16.427,0.16451283,5.960121
16428,16.428,0.15170655,5.9804373
16429,16.429,0.16849372,5.9574523
16430,16.43,0.15317161,5.948679
16431,16.431,0.15068665,5.9286785
16432,16.432,0.14670634,5.9039774
16433,16.433,0.17745677,5.890336
16434,16.434,0.17950857,5.9558883
16435,16.435,0.16461538,5.9285135
16436,16.436,0.14647451,6.0011816
16437,16.437,0.15269239,5.927539
16438,16.438,0.13698061,6.0133805
16439,16.439,0.14813036,5.9871736
16440,16.44,0.14736517,6.0063376
16441,16.441,0.14249176,5.99008
16442,16.442,0.13781856,6.0123205
16443,16.443,0.14417249,5.973223
16444,16.444,0.14545606,5.9983735
16445,16.445,0.13218084,5.957086
16446,16.446,0.11138781,5.8903103
16447,16.447,0.12042175,5.9603014
16448,16.448,0.14169776,5.998999
16449,16.449,0.13233991,5.9668217
16450,16.45,0.12749238,5.957109
16451,16.451,0.14383855,5.9161053
16452,16.452,0.1471328,5.884737
16453,16.453,0.14457603,5.9165425
16454,16.454,0.15505134,5.967455
16455,16.455,0.13759695,5.8922086
16456,16.456,0.1330803,5.841892
16457,16.457,0.121902466,5.868978
16458,16.458,0.12232655,5.91551
16459,16.459,0.11388781,5.9987435
16460,16.46,0.09745481,5.959533
16461,16.461,0.10242161,6.00491
16462,16.462,0.105928086,5.9649444
16463,16.463,0.12330917,6.0308676
16464,16.464,0.13246214,6.0389853
16465,16.465,0.13388915,6.0684013
16466,16.466,0.13373365,6.1078086
16467,16.467,0.12011033,6.0875025
16468,16.468,0.1104038,6.114158
16469,16.469,0.08645783,6.094674
16470,16.47,0.097179234,6.1016474
16471,16.471,0.08550327,6.0844493
16472,16.472,0.07847342,6.018336
16473,16.473,0.08604773,5.97994
16474,16.474,0.095191434,5.9884343
16475,16.475,0.080336824,6.044087
16476,16.476,0.08251178,6.027711
16477,16.477,0.06957207,6.0290723
16478,16.478,0.08442026,6.069757
16479,16.479,0.10493473,6.060575
16480,16.48,0.12276801,6.0796814
16481,16.481,0.12851468,6.0620556
16482,16.482,0.13781017,6.118998
16483,16.483,0.12543757,6.0746727
16484,16.484,0.12333354,6.0730352
16485,16.485,0.13258077,6.0928264
16486,16.486,0.1429987,6.1401434
16487,16.487,0.13210562,6.0472302
16488,16.488,0.11734522,6.058807
16489,16.489,0.1386948,6.080779
16490,16.49,0.14477898,6.1020856
16491,16.491,0.17161654,6.152876
16492,16.492,0.1726427,6.1224966
16493,16.493,0.18943207,6.1830025
16494,16.494,0.19721375,6.1719966
16495,16.495,0.19623363,6.17403
16496,16.496,0.19523673,6.1308265
16497,16.497,0.19633491,6.172455
16498,16.498,0.21227589,6.2036977
16499,16.499,0.2182368,6.1541677
16500,16.5,0.21336873,6.0885806
16501,16.501,0.21166511,6.1986833
16502,16.502,0.24189235,6.1095185
16503,16.503,0.24024087,6.1419
16504,16.504,0.24900296,6.1837425
16505,16.505,0.258016,6.2129254
16506,16.506,0.25896227,6.172164
16507,16.507,0.25798282,6.1521735
16508,16.508,0.27242863,6.1918025
16509,16.509,0.29042456,6.160981
16510,16.51,0.29113138,6.1421003
16511,16.511,0.28218064,6.1656437
16512,16.512,0.29990527,6.214229
16513,16.513,0.2912489,6.224345
16514,16.514,0.2955106,6.1839204
16515,16.515,0.29382765,6.19265
16516,16.516,0.27350092,6.201626
16517,16.517,0.26123068,6.2034974
16518,16.518,0.27611816,6.1768026
16519,16.519,0.2835741,6.1531625
16520,16.52,0.30349994,6.1520777
16521,16.521,0.30874205,6.130135
16522,16.522,0.3149613,6.112355
16523,16.523,0.30021656,6.1102505
16524,16.524,0.29924542,6.167129
16525,16.525,0.302466,6.2054806
16526,16.526,0.30807564,6.245632
16527,16.527,0.32345915,6.151337
16528,16.528,0.31703547,6.152146
16529,16.529,0.33714244,6.2133965
16530,16.53,0.34972757,6.2277684
16531,16.531,0.3392691,6.1905546
16532,16.532,0.3418116,6.228964
16533,16.533,0.33826658,6.192946
16534,16.534,0.3188584,6.197097
16535,16.535,0.32952273,6.2075396
16536,16.536,0.32690802,6.209336
16537,16.537,0.3291177,6.1865106
16538,16.538,0.32862347,6.1681643
16539,16.539,0.33132306,6.0916524
16540,16.54,0.33897662,6.0948644
16541,16.541,0.3171937,6.1718335
16542,16.542,0.3072874,6.2205644
16543,16.543,0.31621474,6.2163587
16544,16.544,0.34140077,6.3136096
16545,16.545,0.35783932,6.290459
16546,16.546,0.3606914,6.2396755
16547,16.547,0.3656429,6.2723055
16548,16.548,0.3611968,6.224218
16549,16.549,0.35345268,6.240578
16550,16.55,0.36874443,6.240124
16551,16.551,0.368213,6.2573485
16552,16.552,0.37545717,6.228854
16553,16.553,0.38750827,6.215926
16554,16.554,0.39271164,6.198695
16555,16.555,0.37310496,6.2457848
16556,16.556,0.39010143,6.286509
16557,16.557,0.39403284,6.2506156
16558,16.558,0.40290534,6.2256994
16559,16.559,0.42805463,6.2637696
16560,16.56,0.41080397,6.2516003
16561,16.561,0.38480213,6.2321606
16562,16.562,0.39432725,6.216941
16563,16.563,0.38095695,6.205526
16564,16.564,0.4087667,6.2404766
16565,16.565,0.40197468,6.2391663
16566,16.566,0.37911302,6.225234
16567,16.567,0.3649353,6.1728253
16568,16.568,0.38381916,6.1676216
16569,16.569,0.38370228,6.169889
16570,16.57,0.40230697,6.230248
16571,16.571,0.41245523,6.187216
16572,16.572,0.4264177,6.2356043
16573,16.573,0.4072833,6.2479076
16574,16.574,0.42114443,6.2554007
16575,16.575,0.4081973,6.3033004
16576,16.576,0.41889644,6.2908363
16577,16.577,0.40794292,6.2823157
16578,16.578,0.4129006,6.325631
16579,16.579,0.4022202,6.3056946
16580,16.58,0.38785774,6.227532
16581,16.581,0.37575015,6.205593
16582,16.582,0.3951917,6.228737
16583,16.583,0.40664816,7.9813805
16584,16.584,0.4153937,7.978737
16585,16.585,0.40250978,7.938259
16586,16.586,0.40653104,6.2406335
16587,16.587,0.38910213,7.9754233
16588,16.588,0.40649292,7.9724255
16589,16.589,0.4314637,8.024529
16590,16.59,0.38537908,7.8853493
16591,16.591,0.3819273,7.9562564
16592,16.592,0.37490135,8.042461
16593,16.593,0.3650069,7.9341335
16594,16.594,0.39034733,8.036669
16595,16.595,0.38542646,8.012179
16596,16.596,0.3796146,7.9678645
16597,16.597,0.36630306,8.05478
16598,16.598,0.35470894,8.201525
16599,16.599,0.36493784,7.9993324
16600,16.6,0.36656553,8.0029335
16601,16.601,0.35254493,7.76201
16602,16.602,0.35367435,7.844083
16603,16.603,0.33887225,7.9151015
16604,16.604,0.3454086,7.963731
16605,16.605,0.34249538,8.130639
16606,16.606,0.36996564,8.31382
16607,16.607,0.4080721,8.119996
16608,16.608,0.4049909,8.087703
16609,16.609,0.4015805,8.052859
16610,16.61,0.40452826,8.187265
16611,16.611,0.4026436,8.347751
16612,16.612,0.39895013,8.4109745
16613,16.613,0.409072,8.3943
16614,16.614,0.4081265,8.255798
16615,16.615,0.4147175,8.364336
16616,16.616,0.40510964,8.305495
16617,16.617,0.41829884,8.321066
16618,16.618,0.41962597,8.389858
16619,16.619,0.4309361,8.537027
16620,16.62,0.44346794,8.557901
16621,16.621,0.44223905,8.531123
16622,16.622,0.42623848,8.433335
16623,16.623,0.4463657,8.263403
16624,16.624,0.45334765,8.472393
16625,16.625,0.4385588,8.558267
16626,16.626,0.4379801,8.635829
16627,16.627,0.44227904,8.59148
16628,16.628,0.44624007,8.46948
16629,16.629,0.4196348,8.586687
16630,16.63,0.4206462,8.670232
16631,16.631,0.4172668,8.573428
16632,16.632,0.41001078,8.529149
16633,16.633,0.42424616,8.4972315
16634,16.634,0.4218613,8.539734
16635,16.635,0.43208268,8.500071
16636,16.636,0.41730613,8.633091
16637,16.637,0.43092433,8.705244
16638,16.638,0.42808706,8.802477
16639,16.639,0.41516435,8.85325
16640,16.64,0.4385846,8.913787
16641,16.641,0.44376683,8.925889
16642,16.642,0.42080227,8.833412
16643,16.643,0.41135398,8.751509
16644,16.644,0.42261964,8.725034
16645,16.645,0.41302824,8.651253
16646,16.646,0.3993492,8.72661
16647,16.647,0.4194827,8.570345
16648,16.648,0.43327692,8.692248
16649,16.649,0.43122733,8.628666
16650,16.65,0.43905824,8.544393
16651,16.651,0.43058163,8.617419
16652,16.652,0.43702784,8.547026
16653,16.653,0.42220095,8.502071
16654,16.654,0.44158953,8.453265
16655,16.655,0.3892685,8.365813
16656,16.656,0.3722998,8.233037
16657,16.657,0.38416713,8.28874
16658,16.658,0.39346448,8.349873
16659,16.659,0.42330208,8.208789
16660,16.66,0.43870002,8.113506
16661,16.661,0.4320265,8.050048
16662,16.662,0.44512868,8.1610775
16663,16.663,0.40580243,8.089572
16664,16.664,0.40019643,8.152722
16665,16.665,0.40756193,8.119474
16666,16.666,0.40502918,8.019051
16667,16.667,0.4127875,8.206371
16668,16.668,0.40951258,8.212982
16669,16.669,0.4061202,8.241426
16670,16.67,0.41462216,8.264902
16671,16.671,0.41130286,8.384272
16672,16.672,0.37475333,8.441217
16673,16.673,0.37187418,8.251129
16674,16.674,0.3664015,8.2574415
16675,16.675,0.37388244,8.212372
16676,16.676,0.36842138,8.057956
16677,16.677,0.35708326,8.003159
16678,16.678,0.33204448,7.9771795
16679,16.679,0.33994305,7.8237
16680,16.68,0.34460378,7.7798376
16681,16.681,0.32498157,7.885786
16682,16.682,0.32736528,7.9160576
16683,16.683,0.33868256,7.968954
16684,16.684,0.3337162,8.019534
16685,16.685,0.34096235,7.9853926
16686,16.686,0.36420098,8.104952
16687,16.687,0.3556664,8.156184
16688,16.688,0.35728198,8.0198555
16689,16.689,0.33770838,7.814564
16690,16.69,0.383598,8.045603
16691,16.691,0.38515285,8.1046715
16692,16.692,0.3875053,8.154916
16693,16.693,0.39103082,8.028102
16694,16.694,0.3659128,7.971231
16695,16.695,0.35883936,8.066851
16696,16.696,0.36356306,8.091437
16697,16.697,0.35026988,8.099667
16698,16.698,0.33940876,8.139194
16699,16.699,0.35375866,7.9849815
16700,16.7,0.35054433,7.7997756
16701,16.701,0.3432991,7.8962674
16702,16.702,0.329893,7.8820367
16703,16.703,0.32149115,7.9048347
16704,16.704,0.31665897,7.8302765
16705,16.705,0.32249707,7.909927
16706,16.706,0.32467693,7.790224
16707,16.707,0.33383325,7.870405
16708,16.708,0.34504426,7.9891543
16709,16.709,0.37457868,7.9540687
16710,16.71,0.3665567,7.867802
16711,16.711,0.3406218,7.7694416
16712,16.712,0.34908772,7.864758
16713,16.713,0.36170208,7.9711103
16714,16.714,0.36949104,7.91806
16715,16.715,0.37671185,7.873367
16716,16.716,0.37803638,7.8676214
16717,16.717,0.3500117,7.830515
16718,16.718,0.34917116,7.896046
16719,16.719,0.3581635,7.9939985
16720,16.72,0.36429045,8.067073
16721,16.721,0.37947327,8.2796955
16722,16.722,0.38282034,8.1911
16723,16.723,0.40505144,8.157565
16724,16.724,0.38285056,8.249196
16725,16.725,0.40080371,8.236858
16726,16.726,0.390654,8.304547
16727,16.727,0.39738587,8.487523
16728,16.728,0.378037,8.481363
16729,16.729,0.35827324,8.586229
16730,16.73,0.3397764,8.8646555
16731,16.731,0.31541023,8.73923
16732,16.732,0.30598757,8.77791
16733,16.733,0.31333783,8.874879
16734,16.734,0.30408746,8.797202
16735,16.735,0.3160224,8.824072
16736,16.736,0.33533755,8.825216
16737,16.737,0.33527824,8.847538
16738,16.738,0.3493949,8.875853
16739,16.739,0.36186886,8.885802
16740,16.74,0.34999454,8.843342
16741,16.741,0.35575414,8.862911
16742,16.742,0.3439692,6.167759
16743,16.743,0.331129,8.824867
16744,16.744,0.34048262,8.755188
16745,16.745,0.34703523,8.782842
16746,16.746,0.34104574,8.7966175
16747,16.747,0.34289005,6.1862836
16748,16.748,0.33751872,6.186706
16749,16.749,0.3159624,6.2086196
16750,16.75,0.3085473,6.2309256
16751,16.751,0.31999767,6.174374
16752,16.752,0.34222662,6.17623
16753,16.753,0.3303104,6.141641
16754,16.754,0.32260245,6.1974583
16755,16.755,0.31153676,6.243953
16756,16.756,0.33078322,8.872655
16757,16.757,0.3015995,6.217673
16758,16.758,0.31286895,8.965661
16759,16.759,0.32378992,8.912867
16760,16.76,0.3245345,8.748504
16761,16.761,0.3541793,8.775127
16762,16.762,0.31650195,8.857709
16763,16.763,0.3174028,8.795313
16764,16.764,0.29344106,8.779448
16765,16.765,0.3067377,8.811932
16766,16.766,0.28816372,8.665302
16767,16.767,0.2735119,8.561681
16768,16.768,0.26249585,8.621839
16769,16.769,0.24914868,8.669137
16770,16.77,0.24068698,8.576554
16771,16.771,0.21795589,8.451514
16772,16.772,0.2281458,8.433322
16773,16.773,0.21074122,8.501493
16774,16.774,0.21600068,8.456393
16775,16.775,0.19110405,8.4665985
16776,16.776,0.16562907,8.668236
16777,16.777,0.20866857,8.45594
16778,16.778,0.20577337,8.533984
16779,16.779,0.2296145,8.355673
16780,16.78,0.2545092,8.378906
16781,16.781,0.26448497,8.253353
16782,16.782,0.27734375,8.170014
16783,16.783,0.28800723,8.042508
16784,16.784,0.27770612,7.8778825
16785,16.785,0.2690247,7.8818064
16786,16.786,0.26458985,7.8327384
16787,16.787,0.28761846,7.797037
16788,16.788,0.30066517,7.69115
16789,16.789,0.2688287,7.7705803
16790,16.79,0.2636164,7.920187
16791,16.791,0.2745328,7.963375
16792,16.792,0.28751552,7.8234987
16793,16.793,0.29314387,7.740328
16794,16.794,0.28107733,7.731767
16795,16.795,0.2822642,7.8119807
16796,16.796,0.27390382,7.7532754
16797,16.797,0.253498,7.9071946
16798,16.798,0.25938776,8.112493
16799,16.799,0.2855832,7.9851174
16800,16.8,0.25662607,8.119829
16801,16.801,0.25323886,8.120096
16802,16.802,0.24366644,7.971529
16803,16.803,0.23632984,7.9239483
16804,16.804,0.22874998,8.068041
16805,16.805,0.25498477,7.969958
16806,16.806,0.24754469,8.009473
16807,16.807,0.23526603,8.09177
16808,16.808,0.2247398,8.241532
16809,16.809,0.22965476,8.224936
16810,16.81,0.20679997,8.003007
16811,16.811,0.21263282,8.228358
16812,16.812,0.21162142,8.31365
16813,16.813,0.20529193,8.375113
16814,16.814,0.21112703,8.308901
16815,16.815,0.22250563,8.130531
16816,16.816,0.22268948,8.110348
16817,16.817,0.20343548,7.980677
16818,16.818,0.23272383,7.89916
16819,16.819,0.2319636,8.0884285
16820,16.82,0.22950472,8.142265
16821,16.821,0.22268014,8.059291
16822,16.822,0.19032821,8.183843
16823,16.823,0.1917116,8.063429
16824,16.824,0.1861325,8.056343
16825,16.825,0.17763516,8.111791
16826,16.826,0.16932727,6.139725
16827,16.827,0.17429931,6.1417193
16828,16.828,0.18197855,6.2065854
16829,16.829,0.18198365,6.1945214
16830,16.83,0.15021335,6.161134
16831,16.831,0.1695265,6.1926875
16832,16.832,0.17667204,6.163956
16833,16.833,0.1649479,6.1413302
16834,16.834,0.15940239,6.10689
16835,16.835,0.1684402,6.134226
16836,16.836,0.16991065,6.126619
16837,16.837,0.17764688,6.125574
16838,16.838,0.16126108,6.151463
16839,16.839,0.17256233,6.190092
16840,16.84,0.17269625,6.1621294
16841,16.841,0.17525174,6.1970983
16842,16.842,0.19791472,6.223318
16843,16.843,0.18274683,6.2918324
16844,16.844,0.18398497,6.284056
16845,16.845,0.18099384,6.302844
16846,16.846,0.17288357,6.3270187
16847,16.847,0.17602834,6.4088397
16848,16.848,0.17776527,6.3088055
16849,16.849,0.17322025,6.3627214
16850,16.85,0.16389896,6.3288007
16851,16.851,0.15043174,6.344806
16852,16.852,0.11740037,6.337476
16853,16.853,0.13241501,6.314737
16854,16.854,0.13526008,6.329018
16855,16.855,0.1476426,6.3262353
16856,16.856,0.17030072,6.3169518
16857,16.857,0.15979207,6.3186
16858,16.858,0.16491987,6.2878957
16859,16.859,0.17863064,6.288536
16860,16.86,0.17896295,6.3220687
16861,16.861,0.18091719,6.2981906
16862,16.862,0.1762659,6.298524
16863,16.863,0.18941987,6.291778
16864,16.864,0.17551275,6.283314
16865,16.865,0.18534085,6.3104887
16866,16.866,0.16948423,6.2920766
16867,16.867,0.17219752,6.3244877
16868,16.868,0.18585657,6.2920947
16869,16.869,0.19586688,6.3889494
16870,16.87,0.21061942,6.382142
16871,16.871,0.21865591,6.4365396
16872,16.872,0.22562788,6.487528
16873,16.873,0.23528764,6.5048966
16874,16.874,0.22339329,6.5527253
16875,16.875,0.21143015,6.5715795
16876,16.876,0.21718763,6.59503
16877,16.877,0.23221861,6.5770097
16878,16.878,0.23697364,6.5686555
16879,16.879,0.2459415,6.5917964
16880,16.88,0.25518146,6.617005
16881,16.881,0.24924332,6.57194
16882,16.882,0.22409284,6.5493965
16883,16.883,0.21247402,6.521525
16884,16.884,0.22168432,6.521926
16885,16.885,0.22332497,6.499263
16886,16.886,0.23169234,6.466643
16887,16.887,0.2349976,6.4192457
16888,16.888,0.23996837,6.4371696
16889,16.889,0.222542,6.5257883
16890,16.89,0.24703704,6.519577
16891,16.891,0.25564128,6.5092554
16892,16.892,0.25826138,6.5530634
16893,16.893,0.24506949,6.4806285
16894,16.894,0.26871255,6.56736
16895,16.895,0.26922056,6.570748
16896,16.896,0.25885153,6.585952
16897,16.897,0.25433838,6.58113
16898,16.898,0.25541148,6.571767
16899,16.899,0.24461152,6.6312866
16900,16.9,0.25800344,6.636016
16901,16.901,0.2452694,6.5821757
16902,16.902,0.23921184,6.5152583
16903,16.903,0.25740775,6.549683
16904,16.904,0.23648924,6.47953
16905,16.905,0.26592773,6.5435567
16906,16.906,0.26932532,6.54445
16907,16.907,0.25760078,6.5335875
16908,16.908,0.27379662,6.4615026
16909,16.909,0.24090782,6.410247
16910,16.91,0.25083646,6.4556985
16911,16.911,0.23117189,6.4561124
16912,16.912,0.24325716,6.411493
16913,16.913,0.2004601,6.4124694
16914,16.914,0.1909346,6.47198
16915,16.915,0.19919555,6.382711
16916,16.916,0.1968136,6.3484063
16917,16.917,0.19407992,6.364527
16918,16.918,0.1805539,6.292685
16919,16.919,0.16141441,6.249582
16920,16.92,0.17612813,6.2560267
16921,16.921,0.16418083,6.28481
16922,16.922,0.16753876,6.2291617
16923,16.923,0.1775792,6.2117105
16924,16.924,0.16135138,6.2652383
16925,16.925,0.13597436,6.396172
16926,16.926,0.16353744,6.4165874
16927,16.927,0.15986149,6.5130486
16928,16.928,0.14247066,6.503426
16929,16.929,0.15170503,6.535324
16930,16.93,0.1622701,6.503451
16931,16.931,0.16928084,6.539967
16932,16.932,0.1729531,6.563383
16933,16.933,0.15967193,6.5683146
16934,16.934,0.1520749,6.5824246
16935,16.935,0.13616636,6.547416
16936,16.936,0.17020838,6.5337276
16937,16.937,0.17200273,6.495751
16938,16.938,0.20669821,6.5473886
16939,16.939,0.19857712,6.5510726
16940,16.94,0.19806302,6.574689
16941,16.941,0.18548924,6.543969
16942,16.942,0.18419845,6.5801783
16943,16.943,0.17997676,6.5203376
16944,16.944,0.18149643,6.570405
16945,16.945,0.15748946,6.516561
16946,16.946,0.14295827,6.5601954
16947,16.947,0.14793044,6.5244355
16948,16.948,0.13596247,6.487104
16949,16.949,0.13084656,6.443168
16950,16.95,0.12934849,6.3669486
16951,16.951,0.13551793,6.377056
16952,16.952,0.12698181,6.295516
16953,16.953,0.13259995,6.263361
16954,16.954,0.14589092,6.2958727
16955,16.955,0.13904607,6.288769
16956,16.956,0.13726723,6.275311
16957,16.957,0.13803479,6.305123
16958,16.958,0.1336662,6.2734313
16959,16.959,0.15737197,6.315654
16960,16.96,0.117418095,6.34213
16961,16.961,0.10867734,6.277869
16962,16.962,0.10939402,6.24188
16963,16.963,0.09319596,6.267801
16964,16.964,0.08872513,6.319301
16965,16.965,0.1029215,6.3083625
16966,16.966,0.118199155,6.4164352
16967,16.967,0.11682195,6.474324
16968,16.968,0.120391026,6.381099
16969,16.969,0.1334117,6.3973556
16970,16.97,0.13247961,6.478371
16971,16.971,0.12623678,6.3349824
16972,16.972,0.1218854,6.3446593
16973,16.973,0.11367446,6.3534055
16974,16.974,0.11566043,6.3837376
16975,16.975,0.115933955,6.3794513
16976,16.976,0.109091386,6.3593273
16977,16.977,0.0949945,6.3512163
16978,16.978,0.12700365,6.3531666
16979,16.979,0.1388797,6.2976627
16980,16.98,0.12336728,6.399457
16981,16.981,0.11058583,6.3548164
16982,16.982,0.13334584,6.308836
16983,16.983,0.13104078,6.2622867
16984,16.984,0.13411516,6.2193336
16985,16.985,0.1466764,6.250775
16986,16.986,0.15571196,6.251379
16987,16.987,0.16407941,6.227952
16988,16.988,0.1689199,6.27204
16989,16.989,0.15263787,6.238727
16990,16.99,0.16525736,6.261629
16991,16.991,0.16956195,6.3040085
16992,16.992,0.16167203,6.2584305
16993,16.993,0.16137718,6.2571793
16994,16.994,0.15994535,6.241628
16995,16.995,0.17139816,6.300857
16996,16.996,0.16322471,6.323553
16997,16.997,0.15058535,6.2821774
16998,16.998,0.15850206,6.3106894
16999,16.999,0.15184821,6.3193955
17000,17.0,0.14048354,6.310781
17001,17.001,0.13964503,6.3607492
17002,17.002,0.15072806,6.3973284
17003,17.003,0.14766608,6.4099793
17004,17.004,0.15714116,6.389132
17005,17.005,0.15209314,6.407685
17006,17.006,0.13751796,6.430815
17007,17.007,0.14993452,6.4540386
17008,17.008,0.1508078,6.3856483
17009,17.009,0.15659438,6.3716
17010,17.01,0.15913384,6.3365927
17011,17.011,0.1567331,6.3347955
17012,17.012,0.13769941,6.3547435
17013,17.013,0.15165168,6.4085755
17014,17.014,0.14859939,6.4049487
17015,17.015,0.11606948,6.3330073
17016,17.016,0.12501295,6.410732
17017,17.017,0.116823934,6.3207192
17018,17.018,0.10295744,6.3278728
17019,17.019,0.11331798,6.33317
17020,17.02,0.10974639,6.24053
17021,17.021,0.12078406,6.221836
17022,17.022,0.10279114,6.2475467
17023,17.023,0.09443553,6.221886
17024,17.024,0.104692094,6.2201033
17025,17.025,0.09168032,6.1910563
17026,17.026,0.09266357,6.1859818
17027,17.027,0.09116443,6.2445393
17028,17.028,0.097857274,6.2426786
17029,17.029,0.08587291,6.2375855
17030,17.03,0.08575976,6.204879
17031,17.031,0.107782304,6.2296815
17032,17.032,0.11708684,6.2748885
17033,17.033,0.09596788,6.258231
17034,17.034,0.09582806,6.259706
17035,17.035,0.0986479,6.205815
17036,17.036,0.103224315,6.2486963
17037,17.037,0.10094601,6.3103623
17038,17.038,0.100095026,6.291649
17039,17.039,0.107983746,6.2159247
17040,17.04,0.110234044,6.226382
17041,17.041,0.099239066,6.2580357
17042,17.042,0.1112549,6.3397627
17043,17.043,0.093456075,6.2422876
17044,17.044,0.10091623,6.2882643
17045,17.045,0.11287439,6.244086
17046,17.046,0.12225849,6.288834
17047,17.047,0.11285595,6.273416
17048,17.048,0.11440429,6.307799
17049,17.049,0.12156061,6.3715935
17050,17.05,0.13152507,6.3572345
17051,17.051,0.12948604,6.393907
17052,17.052,0.12536936,6.4065237
17053,17.053,0.12835626,6.4069486
17054,17.054,0.12779668,6.414282
17055,17.055,0.12242857,6.4750485
17056,17.056,0.11400549,6.5173483
17057,17.057,0.098535344,6.5145493
17058,17.058,0.09080615,6.344609
17059,17.059,0.10202809,6.335823
17060,17.06,0.09664007,6.3439765
17061,17.061,0.099567,6.3991833
17062,17.062,0.11984055,6.42271
17063,17.063,0.12023538,6.4073524
17064,17.064,0.12830582,6.403842
17065,17.065,0.14483327,6.4340835
17066,17.066,0.15455699,6.3696713
17067,17.067,0.1548499,6.4060307
17068,17.068,0.16085772,6.4445724
17069,17.069,0.16821632,6.4445333
17070,17.07,0.15971826,6.4561343
17071,17.071,0.16096692,6.4171295
17072,17.072,0.15621744,6.3893137
17073,17.073,0.1464161,6.339242
17074,17.074,0.12969299,6.4428453
17075,17.075,0.12379756,6.467527
17076,17.076,0.116713054,6.452745
17077,17.077,0.10633978,6.471192
17078,17.078,0.12807497,6.431853
17079,17.079,0.12774058,6.5138164
17080,17.08,0.11917119,6.505102
17081,17.081,0.1273309,6.459936
17082,17.082,0.14894904,6.459809
17083,17.083,0.12785093,6.494024
17084,17.084,0.14669374,6.507761
17085,17.085,0.14889936,6.4256744
17086,17.086,0.14715165,6.4259133
17087,17.087,0.13926207,6.4736314
17088,17.088,0.14624704,6.436398
17089,17.089,0.16040291,6.420904
17090,17.09,0.15744394,6.484401
17091,17.091,0.15619524,6.490826
17092,17.092,0.13455401,6.514943
17093,17.093,0.1518132,6.4670634
17094,17.094,0.16578394,6.4166956
17095,17.095,0.14231642,6.3860006
17096,17.096,0.15289515,6.392867
17097,17.097,0.16774562,6.376117
17098,17.098,0.1754271,6.3764076
17099,17.099,0.17286085,6.3714113
17100,17.1,0.17201349,6.360721
17101,17.101,0.17513032,6.422104
17102,17.102,0.15366289,6.4331107
17103,17.103,0.16100283,6.4481597
17104,17.104,0.17771454,6.441742
17105,17.105,0.18901299,6.3798614
17106,17.106,0.19248426,6.4609523
17107,17.107,0.1943204,6.4810157
17108,17.108,0.18882331,6.483566
17109,17.109,0.18644898,6.4765253
17110,17.11,0.1912262,6.4796286
17111,17.111,0.20080926,6.40786
17112,17.112,0.2252741,6.437898
17113,17.113,0.22885808,6.434131
17114,17.114,0.21575649,6.47457
17115,17.115,0.21241634,6.5534353
17116,17.116,0.22498862,6.475132
17117,17.117,0.22336845,6.441853
17118,17.118,0.21629375,6.481709
17119,17.119,0.19554555,6.4067845
17120,17.12,0.21015348,6.4016614
17121,17.121,0.20707591,6.2817574
17122,17.122,0.21015568,6.2939477
17123,17.123,0.19646323,6.254157
17124,17.124,0.18446687,6.2403736
17125,17.125,0.17507486,6.2156696
17126,17.126,0.1782147,6.3087163
17127,17.127,0.18732853,6.2571793
17128,17.128,0.18530467,6.27087
17129,17.129,0.19316408,6.333314
17130,17.13,0.19739772,6.319795
17131,17.131,0.1906183,6.416894
17132,17.132,0.18051164,6.376471
17133,17.133,0.162839,6.4218106
17134,17.134,0.16282053,6.439501
17135,17.135,0.15887794,6.46541
17136,17.136,0.18666957,6.549604
17137,17.137,0.18417586,6.5499516
17138,17.138,0.18175991,6.561777
17139,17.139,0.18593118,6.4814177
17140,17.14,0.17275783,6.5364194
17141,17.141,0.18109983,6.5585256
17142,17.142,0.16667268,7.135345
17143,17.143,0.1755641,7.0418053
17144,17.144,0.16458026,7.0584188
17145,17.145,0.15719706,7.1041374
17146,17.146,0.14407143,6.497361
17147,17.147,0.1354821,7.184501
17148,17.148,0.1391242,6.5371175
17149,17.149,0.12525867,6.4473805
17150,17.15,0.14611578,7.30293
17151,17.151,0.1487782,6.4175754
17152,17.152,0.14709665,6.416038
17153,17.153,0.12399909,7.1818767
17154,17.154,0.11313217,7.1811333
17155,17.155,0.11103649,7.18239
17156,17.156,0.115288034,6.361293
17157,17.157,0.10571616,7.2072186
17158,17.158,0.11701771,7.1479816
17159,17.159,0.0978927,7.268285
17160,17.16,0.099592544,7.243733
17161,17.161,0.089776814,7.276262
17162,17.162,0.0989521,7.273894
17163,17.163,0.12456646,6.3882804
17164,17.164,0.11267963,6.367861
17165,17.165,0.08966086,6.3434663
17166,17.166,0.10288331,6.32692
17167,17.167,0.11790735,6.2866216
17168,17.168,0.12432494,6.303073
17169,17.169,0.115125485,7.206666
17170,17.17,0.13640894,7.121176
17171,17.171,0.12753953,7.0813637
17172,17.172,0.13165508,7.004681
17173,17.173,0.12617633,7.0868645
17174,17.174,0.12359009,7.0130982
17175,17.175,0.12659706,7.063181
17176,17.176,0.13055116,7.1219306
17177,17.177,0.14347163,7.1524873
17178,17.178,0.12484083,7.2308154
17179,17.179,0.09611713,7.2489624
17180,17.18,0.10508004,7.271544
17181,17.181,0.089920916,7.2408357
17182,17.182,0.07114602,7.264774
17183,17.183,0.073721796,6.2238684
17184,17.184,0.0652047,6.256327
17185,17.185,0.08577054,6.2199173
17186,17.186,0.08155639,6.269413
17187,17.187,0.09674289,6.231284
17188,17.188,0.07819007,6.2367444
17189,17.189,0.10969371,6.2498317
17190,17.19,0.10819977,6.224717
17191,17.191,0.11954115,6.1689215
17192,17.192,0.119701564,6.1348386
17193,17.193,0.16253915,6.1120887
17194,17.194,0.16590662,6.133997
17195,17.195,0.16558021,6.1869493
17196,17.196,0.15690559,6.1437707
17197,17.197,0.15118904,6.156266
17198,17.198,0.16040146,6.169313
17199,17.199,0.16126682,6.1459618
17200,17.2,0.17643109,6.175821
17201,17.201,0.18223882,6.2659874
17202,17.202,0.18693936,6.3111854
17203,17.203,0.21046239,6.302212
17204,17.204,0.24573272,6.2810335
17205,17.205,0.24526846,6.310071
17206,17.206,0.24466728,6.320651
17207,17.207,0.261128,6.290164
17208,17.208,0.24662866,6.2666135
17209,17.209,0.24732417,6.227184
17210,17.21,0.25092676,6.152925
17211,17.211,0.224098,6.1621356
17212,17.212,0.21497393,6.1471868
17213,17.213,0.2280708,6.1442575
17214,17.214,0.23490214,6.1469736
17215,17.215,0.22918516,6.2068934
17216,17.216,0.26136604,6.1886687
17217,17.217,0.25222802,6.1205444
17218,17.218,0.26424885,6.145924
17219,17.219,0.2874697,6.150334
17220,17.22,0.26924977,6.1771865
17221,17.221,0.28006378,6.1937256
17222,17.222,0.27089936,6.1658206
17223,17.223,0.25174084,6.1090207
17224,17.224,0.25161684,6.100113
17225,17.225,0.26268867,6.0478783
17226,17.226,0.25588986,6.1184034
17227,17.227,0.25401276,6.117941
17228,17.228,0.25663507,6.1563635
17229,17.229,0.26190948,6.21298
17230,17.23,0.26977903,6.135444
17231,17.231,0.2525825,6.164913
17232,17.232,0.2513668,6.1050506
17233,17.233,0.24863872,6.050878
17234,17.234,0.24031591,6.106555
17235,17.235,0.24911343,6.127684
17236,17.236,0.23128287,6.130994
17237,17.237,0.24463609,6.1548305
17238,17.238,0.24110925,6.1462307
17239,17.239,0.23091772,6.1486974
17240,17.24,0.24537967,6.1814976
17241,17.241,0.23853047,6.119903
17242,17.242,0.23002794,6.151137
17243,17.243,0.2267512,6.144602
17244,17.244,0.22404021,6.144019
17245,17.245,0.21378657,6.1022816
17246,17.246,0.23408778,6.1752214
17247,17.247,0.20157227,6.1124277
17248,17.248,0.1902225,6.062784
17249,17.249,0.16828777,6.1172404
17250,17.25,0.19822404,6.099039
17251,17.251,0.20237926,6.048373
17252,17.252,0.19853637,6.032803
17253,17.253,0.20149426,6.082148
17254,17.254,0.1923016,6.0431714
17255,17.255,0.1845145,5.9871426
17256,17.256,0.18425745,5.9172945
17257,17.257,0.17684731,5.9654946
17258,17.258,0.17569573,5.958693
17259,17.259,0.21163124,5.9236813
17260,17.26,0.22436091,5.906886
17261,17.261,0.23102382,5.886382
17262,17.262,0.24991953,5.903515
17263,17.263,0.24459735,5.831985
17264,17.264,0.25655758,5.7311277
17265,17.265,0.25458732,5.7674537
17266,17.266,0.2884011,5.6955147
17267,17.267,0.3059989,5.6826463
17268,17.268,0.29003662,5.7450438
17269,17.269,0.2899314,5.7344284
17270,17.27,0.29943773,5.819786
17271,17.271,0.28186092,5.9198265
17272,17.272,0.2847238,5.9679103
17273,17.273,0.25447834,5.901427
17274,17.274,0.2869795,5.8852315
17275,17.275,0.2788626,5.815095
17276,17.276,0.28702462,5.8384767
17277,17.277,0.2807794,5.8121142
17278,17.278,0.28483662,5.843238
17279,17.279,0.30668342,5.9076257
17280,17.28,0.30394375,5.8635902
17281,17.281,0.29273114,5.905149
17282,17.282,0.28686187,5.9063725
17283,17.283,0.28130588,5.809518
17284,17.284,0.30623,5.8767967
17285,17.285,0.3208332,5.7780995
17286,17.286,0.33500645,5.8056498
17287,17.287,0.29842302,5.808839
17288,17.288,0.3318195,5.821945
17289,17.289,0.34211716,5.767147
17290,17.29,0.35935697,5.683556
17291,17.291,0.39318115,5.829043
17292,17.292,0.397458,5.870629
17293,17.293,0.39622408,5.799416
17294,17.294,0.3924154,5.7288857
17295,17.295,0.3892661,5.666953
17296,17.296,0.38736507,5.680619
17297,17.297,0.39864576,5.6783032
17298,17.298,0.39179394,5.6805406
17299,17.299,0.3910503,5.7271447
17300,17.3,0.38345876,5.7359276
17301,17.301,0.37880433,5.695082
17302,17.302,0.38107285,5.7473392
17303,17.303,0.39213723,5.7110023
17304,17.304,0.38389322,5.663281
17305,17.305,0.39415956,5.6944237
17306,17.306,0.38521945,5.670206
17307,17.307,0.36164647,5.7483654
17308,17.308,0.38254243,5.772935
17309,17.309,0.36785492,5.7691846
17310,17.31,0.38320485,5.7792
17311,17.311,0.40178138,5.719068
17312,17.312,0.39001727,5.715494
17313,17.313,0.38768008,5.694596
17314,17.314,0.3824554,5.7165174
17315,17.315,0.37479404,5.6683397
17316,17.316,0.37505054,5.7386417
17317,17.317,0.3714244,5.6888866
17318,17.318,0.35704377,5.6523376
17319,17.319,0.36301196,5.690845
17320,17.32,0.33863476,5.6482587
17321,17.321,0.36754432,5.6597533
17322,17.322,0.38131058,5.7235026
17323,17.323,0.39112362,5.737978
17324,17.324,0.36535636,5.7548995
17325,17.325,0.3373913,5.7476373
17326,17.326,0.3619104,5.749825
17327,17.327,0.35686177,5.745485
17328,17.328,0.37731954,5.827336
17329,17.329,0.36258182,5.880485
17330,17.33,0.36994377,5.8820844
17331,17.331,0.34999782,5.907252
17332,17.332,0.3600871,5.873286
17333,17.333,0.35311237,5.8899193
17334,17.334,0.3370485,5.9656086
17335,17.335,0.3617596,5.9669123
17336,17.336,0.37161797,5.9949884
17337,17.337,0.4019879,5.9556093
17338,17.338,0.4092048,5.961687
17339,17.339,0.39578155,5.9972386
17340,17.34,0.36711192,5.9457192
17341,17.341,0.3737612,5.9773407
17342,17.342,0.39036688,6.1045732
17343,17.343,0.40456885,6.129897
17344,17.344,0.40562183,6.179969
17345,17.345,0.41640544,6.2139015
17346,17.346,0.40776607,6.2536674
17347,17.347,0.41244346,6.199341
17348,17.348,0.42657435,6.276484
17349,17.349,0.4336812,6.253239
17350,17.35,0.42356062,6.2487435
17351,17.351,0.4068971,6.327337
17352,17.352,0.40385047,6.29023
17353,17.353,0.42470804,6.3010774
17354,17.354,0.44381478,6.216775
17355,17.355,0.4437236,6.201453
17356,17.356,0.42961434,6.2096105
17357,17.357,0.38968518,6.2094917
17358,17.358,0.37602755,6.189849
17359,17.359,0.39515835,6.1575513
17360,17.36,0.4000358,6.19091
17361,17.361,0.39561853,6.1894474
17362,17.362,0.37242088,6.219927
17363,17.363,0.3576293,6.2134914
17364,17.364,0.37736857,6.307791
17365,17.365,0.37371236,6.330217
17366,17.366,0.37442496,6.3690042
17367,17.367,0.38355583,6.4280033
17368,17.368,0.39175147,6.4037213
17369,17.369,0.37442744,6.480149
17370,17.37,0.37693948,6.4498243
17371,17.371,0.37572125,6.421684
17372,17.372,0.39636,6.4563136
17373,17.373,0.39778012,6.412861
17374,17.374,0.4055551,6.473282
17375,17.375,0.4250318,6.447599
17376,17.376,0.39653262,6.4118323
17377,17.377,0.39234176,6.323679
17378,17.378,0.41754428,6.3595123
17379,17.379,0.38656986,6.385014
17380,17.38,0.39901733,6.354732
17381,17.381,0.38102612,6.341773
17382,17.382,0.38922036,6.353438
17383,17.383,0.35311303,6.373435
17384,17.384,0.35227332,6.3874745
17385,17.385,0.3599638,6.3558755
17386,17.386,0.34642848,6.4454765
17387,17.387,0.3131031,6.386526
17388,17.388,0.3141241,6.379481
17389,17.389,0.31961304,6.4031987
17390,17.39,0.31274036,6.3807893
17391,17.391,0.3225695,6.2894535
17392,17.392,0.34116164,6.2653265
17393,17.393,0.3390087,6.3253984
17394,17.394,0.3410559,6.3138065
17395,17.395,0.34843212,6.2863116
17396,17.396,0.3355388,6.2953634
17397,17.397,0.35452312,6.2884912
17398,17.398,0.36823058,6.325471
17399,17.399,0.36849856,6.2078085
17400,17.4,0.35434505,6.2421913
17401,17.401,0.33542576,6.2855177
17402,17.402,0.34252846,6.163145
17403,17.403,0.36140794,6.23211
17404,17.404,0.35647544,6.2487855
17405,17.405,0.37185305,6.235125
17406,17.406,0.37357622,6.276334
17407,17.407,0.37021863,6.285813
17408,17.408,0.39456582,6.277389
17409,17.409,0.38090718,6.2568974
17410,17.41,0.39921835,6.2495255
17411,17.411,0.42079675,6.1954956
17412,17.412,0.4377842,6.1687503
17413,17.413,0.40896574,6.2187514
17414,17.414,0.43181506,6.1852803
17415,17.415,0.42596635,6.222527
17416,17.416,0.4277083,6.2956524
17417,17.417,0.41102058,6.3432655
17418,17.418,0.3979951,6.357059
17419,17.419,0.4050229,6.3189383
17420,17.42,0.39203638,6.2863126
17421,17.421,0.40403473,6.2945733
17422,17.422,0.42244345,6.259948
17423,17.423,0.41115388,6.2771826
17424,17.424,0.38970476,6.259519
17425,17.425,0.4010384,6.284385
17426,17.426,0.4150552,6.284085
17427,17.427,0.42081657,6.2867827
17428,17.428,0.41461992,6.2956147
17429,17.429,0.42161572,6.3240647
17430,17.43,0.4246803,6.284701
17431,17.431,0.43276915,6.306565
17432,17.432,0.4281783,6.2505198
17433,17.433,0.4245131,6.3096128
17434,17.434,0.4276045,6.3360143
17435,17.435,0.4413392,6.307025
17436,17.436,0.44886503,6.301188
17437,17.437,0.43683103,6.2845206
17438,17.438,0.4498873,6.316143
17439,17.439,0.44953823,6.3040433
17440,17.44,0.43734935,6.3210673
17441,17.441,0.4350597,6.3210974
17442,17.442,0.45664108,6.303478
17443,17.443,0.44291684,6.315079
17444,17.444,0.41975763,6.2554083
17445,17.445,0.4267234,6.2269173
17446,17.446,0.40942678,6.251908
17447,17.447,0.40983483,6.257206
17448,17.448,0.39533734,6.221926
17449,17.449,0.40188724,6.206087
17450,17.45,0.38291213,6.214778
17451,17.451,0.3838878,6.1723537
17452,17.452,0.39842242,6.2519403
17453,17.453,0.39918417,6.2683167
17454,17.454,0.40195167,6.3263683
17455,17.455,0.38717344,6.338373
17456,17.456,0.38030094,6.254485
17457,17.457,0.37506163,6.250265
17458,17.458,0.3945834,6.2448044
17459,17.459,0.38554642,6.1787143
17460,17.46,0.39757258,6.148795
17461,17.461,0.39050364,6.1889377
17462,17.462,0.3647338,6.1972737
17463,17.463,0.3563911,6.1363807
17464,17.464,0.32371208,6.1578403
17465,17.465,0.3197461,6.1600637
17466,17.466,0.304377,6.125032
17467,17.467,0.30407226,6.2012467
17468,17.468,0.286645,6.177522
17469,17.469,0.29126397,6.174782
17470,17.47,0.27422777,6.166007
17471,17.471,0.24993803,6.06652
17472,17.472,0.24144846,6.122029
17473,17.473,0.25596303,6.161381
17474,17.474,0.27640185,6.163312
17475,17.475,0.2659086,6.133324
17476,17.476,0.27233443,6.174441
17477,17.477,0.2630598,6.171337
17478,17.478,0.28243697,6.15327
17479,17.479,0.25388074,6.0896626
17480,17.48,0.27606875,6.091888
17481,17.481,0.2753837,6.149069
17482,17.482,0.26529318,6.1779118
17483,17.483,0.27512583,6.22163
17484,17.484,0.27216628,6.220676
17485,17.485,0.2537505,6.217261
17486,17.486,0.28000104,6.1716104
17487,17.487,0.26608068,6.235466
17488,17.488,0.24456899,6.2197604
17489,17.489,0.2402861,6.176626
17490,17.49,0.2380978,6.177533
17491,17.491,0.25064743,6.216214
17492,17.492,0.24666615,6.2476068
17493,17.493,0.244586,6.2041483
17494,17.494,0.21871723,6.1509843
17495,17.495,0.20495944,6.0808525
17496,17.496,0.22363429,6.086181
17497,17.497,0.21818595,6.1093965
17498,17.498,0.22245577,6.098126
17499,17.499,0.22904894,6.130605
17500,17.5,0.2417958,6.097869
17501,17.501,0.24560946,6.147014
17502,17.502,0.23692681,6.021078
17503,17.503,0.23730901,6.081473
17504,17.504,0.22973831,6.038989
17505,17.505,0.21696503,6.0540967
17506,17.506,0.2356156,6.0075436
17507,17.507,0.22984394,6.0203547
17508,17.508,0.20998068,5.942151
17509,17.509,0.23050386,6.0848093
17510,17.51,0.2380978,6.099746
17511,17.511,0.21971597,6.074257
17512,17.512,0.21393575,6.0289674
17513,17.513,0.22361362,6.0138836
17514,17.514,0.23244451,6.0306816
17515,17.515,0.21702896,5.992601
17516,17.516,0.21371086,5.964893
17517,17.517,0.22305462,5.9782605
17518,17.518,0.22425371,5.8833885
17519,17.519,0.21454008,5.9364767
17520,17.52,0.20928478,5.980287
17521,17.521,0.21400815,5.965165
17522,17.522,0.2080672,5.9911823
17523,17.523,0.20826711,6.068933
17524,17.524,0.2038079,6.025524
17525,17.525,0.22106397,6.0135655
17526,17.526,0.22859123,6.0004916
17527,17.527,0.2224516,6.0259495
17528,17.528,0.23745316,6.026903
17529,17.529,0.24288717,6.020742
17530,17.53,0.23174323,6.0010056
17531,17.531,0.24764553,6.0225587
17532,17.532,0.24675798,6.005553
17533,17.533,0.24176137,6.0541663
17534,17.534,0.22471306,6.0527945
17535,17.535,0.24349084,6.0775495
17536,17.536,0.22197196,6.071198
17537,17.537,0.2381211,6.1749816
17538,17.538,0.22540133,6.1808467
17539,17.539,0.23834625,6.200657
17540,17.54,0.21871723,6.237457
17541,17.541,0.21331021,6.134314
17542,17.542,0.23866226,6.086152
17543,17.543,0.25579768,6.040402
17544,17.544,0.25319776,6.014921
17545,17.545,0.24028417,6.1217704
17546,17.546,0.23913646,6.0845304
17547,17.547,0.2597645,6.0642443
17548,17.548,0.23152165,6.069418
17549,17.549,0.20415698,6.0521026
17550,17.55,0.2303363,6.0754027
17551,17.551,0.22756237,6.025579
17552,17.552,0.23425561,6.068569
17553,17.553,0.26617798,6.069709
17554,17.554,0.2555608,6.0260205
17555,17.555,0.22937573,6.0132804
17556,17.556,0.21103393,6.07558
17557,17.557,0.19048849,6.037741
17558,17.558,0.21367732,6.0291257
17559,17.559,0.21187799,6.0375075
17560,17.56,0.20993444,5.976997
17561,17.561,0.23500645,5.95166
17562,17.562,0.24303372,5.9389224
17563,17.563,0.21435572,5.94861
17564,17.564,0.22764261,5.997126
17565,17.565,0.2329899,5.9277816
17566,17.566,0.22107337,5.921303
17567,17.567,0.23269501,5.8850045
17568,17.568,0.23953733,5.9056373
17569,17.569,0.22458236,5.9530153
17570,17.57,0.23121388,5.951453
17571,17.571,0.23569115,5.9583735
17572,17.572,0.21842106,5.9813914
17573,17.573,0.22175314,5.982109
17574,17.574,0.23327354,5.96839
17575,17.575,0.22923559,5.982331
17576,17.576,0.22635014,5.972834
17577,17.577,0.2524479,6.0177016
17578,17.578,0.24194586,6.073557
17579,17.579,0.22470482,6.055132
17580,17.58,0.21415825,6.0605555
17581,17.581,0.20821272,6.019371
17582,17.582,0.22710676,6.055963
17583,17.583,0.22744651,6.027849
17584,17.584,0.22334878,6.051477
17585,17.585,0.2436987,6.046873
17586,17.586,0.23743466,6.0887604
17587,17.587,0.22245471,6.088339
17588,17.588,0.2507664,6.086055
17589,17.589,0.24495059,6.0616345
17590,17.59,0.2558221,6.0547214
17591,17.591,0.24568945,6.0697274
17592,17.592,0.24024184,6.0897202
17593,17.593,0.23089969,6.1322236
17594,17.594,0.24710909,6.133919
17595,17.595,0.23866807,6.0180864
17596,17.596,0.23178613,5.992375
17597,17.597,0.22922249,6.0033402
17598,17.598,0.22311059,6.070804
17599,17.599,0.2209018,6.083319
17600,17.6,0.20331384,6.1527004
17601,17.601,0.20252086,6.1211896
17602,17.602,0.18667452,6.0405374
17603,17.603,0.19287781,6.0522623
17604,17.604,0.18930756,6.037134
17605,17.605,0.19295691,6.0536647
17606,17.606,0.21509433,6.084791
17607,17.607,0.21472427,6.04991
17608,17.608,0.21063368,6.0346904
17609,17.609,0.19330287,6.0514855
17610,17.61,0.22109115,6.064825
17611,17.611,0.24149442,6.0757446
17612,17.612,0.22565453,6.0852904
17613,17.613,0.21140389,6.1565123
17614,17.614,0.23137681,6.110931
17615,17.615,0.22557767,6.0845165
17616,17.616,0.21042943,6.1334324
17617,17.617,0.21755987,6.1314535
17618,17.618,0.23509988,6.1576734
17619,17.619,0.22532849,6.234884
17620,17.62,0.24118882,6.1822042
17621,17.621,0.25640523,6.196479
17622,17.622,0.27158973,6.267362
17623,17.623,0.2708353,6.215358
17624,17.624,0.26329434,6.2458835
17625,17.625,0.27548778,6.2389774
17626,17.626,0.28033525,6.238679
17627,17.627,0.28393912,6.1948066
17628,17.628,0.28180268,6.1689315
17629,17.629,0.27706602,6.100727
17630,17.63,0.2692987,6.05178
17631,17.631,0.27542567,6.125847
17632,17.632,0.2957632,6.0830593
17633,17.633,0.29150677,6.0802307
17634,17.634,0.28046224,6.086053
17635,17.635,0.30663064,6.0835347
17636,17.636,0.32015076,6.0817046
17637,17.637,0.2979966,6.1244593
17638,17.638,0.2976504,6.0200586
17639,17.639,0.2882319,6.0575495
17640,17.64,0.2714927,6.038111
17641,17.641,0.27969787,6.0815725
17642,17.642,0.26807255,6.045617
17643,17.643,0.27181014,5.99938
17644,17.644,0.25185835,5.9727845
17645,17.645,0.26909944,5.9862695
17646,17.646,0.25049242,5.973185
17647,17.647,0.26065212,5.8960495
17648,17.648,0.24312882,5.8814497
17649,17.649,0.24313357,5.831779
17650,17.65,0.23717356,5.8581324
17651,17.651,0.22276317,5.831759
17652,17.652,0.21753544,5.8770695
17653,17.653,0.23902525,5.868504
17654,17.654,0.24231538,5.905274
17655,17.655,0.26428297,5.9401565
17656,17.656,0.2623302,5.9359703
17657,17.657,0.27526698,5.89344
17658,17.658,0.26259184,5.9443197
17659,17.659,0.2519428,5.9584274
17660,17.66,0.25909168,6.0153184
17661,17.661,0.26277402,6.0466595
17662,17.662,0.25773895,6.054102
17663,17.663,0.23914999,6.0356274
17664,17.664,0.24133258,6.024877
17665,17.665,0.2335776,6.0160265
17666,17.666,0.24640921,6.0044875
17667,17.667,0.2416064,6.0286255
17668,17.668,0.24184264,5.9526324
17669,17.669,0.2658199,6.0799136
17670,17.67,0.2935356,6.1388206
17671,17.671,0.2836923,6.1389637
17672,17.672,0.26342514,6.187513
17673,17.673,0.24339493,6.1795917
17674,17.674,0.2679354,6.2126665
17675,17.675,0.2775329,6.1308327
17676,17.676,0.25475892,6.2181315
17677,17.677,0.24970019,6.3177595
17678,17.678,0.24137281,6.244865
17679,17.679,0.2313998,6.2309504
17680,17.68,0.23249026,6.211598
17681,17.681,0.23859444,6.134663
17682,17.682,0.23340333,6.1201596
17683,17.683,0.24969742,6.06549
17684,17.684,0.25010818,6.1387053
17685,17.685,0.2767855,6.7246294
17686,17.686,0.27229366,6.150955
17687,17.687,0.24711376,6.0990086
17688,17.688,0.21887574,6.075528
17689,17.689,0.2208903,6.0988674
17690,17.69,0.20129336,6.0710707
17691,17.691,0.20430076,6.04901
17692,17.692,0.19929996,6.05786
17693,17.693,0.19212359,6.050414
17694,17.694,0.16336629,6.080426
17695,17.695,0.17912178,7.238747
17696,17.696,0.18171285,7.246491
17697,17.697,0.19921528,7.082027
17698,17.698,0.19249988,7.1211114
17699,17.699,0.20299862,7.026278
17700,17.7,0.22234453,6.918326
17701,17.701,0.2306773,6.9216495
17702,17.702,0.23621143,6.8482585
17703,17.703,0.24293666,6.8105555
17704,17.704,0.24276245,6.9289737
17705,17.705,0.26094112,6.972955
17706,17.706,0.24875028,7.102626
17707,17.707,0.2630106,6.9575844
17708,17.708,0.27515104,6.8601832
17709,17.709,0.26223943,6.975132
17710,17.71,0.2817124,7.085521
17711,17.711,0.282581,7.1963067
17712,17.712,0.29687268,7.3192177
17713,17.713,0.29762167,7.250975
17714,17.714,0.29161066,7.152356
17715,17.715,0.29739165,7.217248
17716,17.716,0.298075,7.1591563
17717,17.717,0.29463542,7.169541
17718,17.718,0.3057162,6.937595
17719,17.719,0.3018761,7.0798697
17720,17.72,0.32307294,6.9641905
17721,17.721,0.32241535,7.05701
17722,17.722,0.29543078,7.0869613
17723,17.723,0.27872825,7.1475663
17724,17.724,0.28399205,7.1357465
17725,17.725,0.30215934,6.9624667
17726,17.726,0.3092329,7.068146
17727,17.727,0.2956201,7.1970367
17728,17.728,0.31448087,7.0449343
17729,17.729,0.31066653,7.400643
17730,17.73,0.30835542,7.356339
17731,17.731,0.292502,7.293564
17732,17.732,0.2901681,7.3509483
17733,17.733,0.28130752,7.433169
17734,17.734,0.27044067,7.5719585
17735,17.735,0.27864364,7.550094
17736,17.736,0.2655545,7.795427
17737,17.737,0.2674258,7.67646
17738,17.738,0.2963153,7.673432
17739,17.739,0.27378562,7.724533
17740,17.74,0.26836303,7.7676907
17741,17.741,0.28266445,7.5139008
17742,17.742,0.29650486,7.4385877
17743,17.743,0.30216852,7.2925315
17744,17.744,0.3171441,7.2996483
17745,17.745,0.3176518,7.3010197
17746,17.746,0.31855303,7.3413863
17747,17.747,0.3112806,7.423968
17748,17.748,0.32064363,7.168284
17749,17.749,0.3311416,7.344685
17750,17.75,0.3610444,7.424058
17751,17.751,0.3716671,7.5322385
17752,17.752,0.34444,7.663964
17753,17.753,0.33439028,7.553233
17754,17.754,0.3382454,7.497787
17755,17.755,0.35596725,7.505978
17756,17.756,0.3499866,7.7806907
17757,17.757,0.35558906,7.7997737
17758,17.758,0.36755252,7.651928
17759,17.759,0.3634104,7.7340755
17760,17.76,0.38015625,7.675671
17761,17.761,0.36320168,7.7503285
17762,17.762,0.33811343,7.7745075
17763,17.763,0.32128686,7.5380545
17764,17.764,0.34428763,7.5550795
17765,17.765,0.33593887,7.414305
17766,17.766,0.31488717,7.118111
17767,17.767,0.34375536,7.044184
17768,17.768,0.3393679,6.9909925
17769,17.769,0.31982854,7.052972
17770,17.77,0.32053474,6.7779984
17771,17.771,0.32325464,6.7169714
17772,17.772,0.30569956,6.587797
17773,17.773,0.33060843,6.7140703
17774,17.774,0.32547206,6.6787424
17775,17.775,0.33016828,6.5710316
17776,17.776,0.33641204,6.4477654
17777,17.777,0.33532995,6.585655
17778,17.778,0.3320055,6.709672
17779,17.779,0.31142244,6.7799745
17780,17.78,0.31473145,6.821931
17781,17.781,0.32829335,6.839455
17782,17.782,0.31876633,6.940266
17783,17.783,0.30760774,6.87022
17784,17.784,0.3055967,6.735466
17785,17.785,0.3126716,6.4070406
17786,17.786,0.3060299,6.214015
17787,17.787,0.3051735,6.152542
17788,17.788,0.2926545,6.4285207
17789,17.789,0.288353,6.3566246
17790,17.79,0.29962683,6.042253
17791,17.791,0.29820758,6.17566
17792,17.792,0.29729447,6.1648955
17793,17.793,0.29587963,6.1080375
17794,17.794,0.29221416,6.0629954
17795,17.795,0.27442834,6.067126
17796,17.796,0.2831719,6.020714
17797,17.797,0.30505073,6.2729406
17798,17.798,0.29539087,6.134399
17799,17.799,0.2967044,6.216657
17800,17.8,0.29754552,6.4037395
17801,17.801,0.31048414,6.4254017
17802,17.802,0.3015075,6.54428
17803,17.803,0.28959626,6.453729
17804,17.804,0.2910488,6.5467443
17805,17.805,0.29436615,6.786336
17806,17.806,0.2973341,6.839633
17807,17.807,0.31452718,6.753334
17808,17.808,0.31488788,7.0689034
17809,17.809,0.31291845,6.9196734
17810,17.81,0.3217413,7.037904
17811,17.811,0.29799196,7.295403
17812,17.812,0.30605027,7.326564
17813,17.813,0.3062753,7.3838377
17814,17.814,0.30127355,7.386569
17815,17.815,0.2831319,7.481729
17816,17.816,0.28646746,7.4602137
17817,17.817,0.2883065,7.5566893
17818,17.818,0.31986395,7.6176558
17819,17.819,0.32540813,7.6690245
17820,17.82,0.31586727,7.625039
17821,17.821,0.29746783,7.5650387
17822,17.822,0.30880794,7.5668077
17823,17.823,0.30948624,7.6602902
17824,17.824,0.3104767,7.6778927
17825,17.825,0.2943465,7.71819
17826,17.826,0.28779843,7.637426
17827,17.827,0.2781354,7.659819
17828,17.828,0.27048853,7.5940585
17829,17.829,0.26647922,7.5493793
17830,17.83,0.26183093,7.693136
17831,17.831,0.27157867,7.8094087
17832,17.832,0.29684618,7.7647195
17833,17.833,0.27881864,7.7756867
17834,17.834,0.26962474,7.5763445
17835,17.835,0.24016483,7.543713
17836,17.836,0.23451208,7.4732475
17837,17.837,0.24612005,7.5703773
17838,17.838,0.23620361,7.501608
17839,17.839,0.23466976,7.5932565
17840,17.84,0.21727915,7.718016
17841,17.841,0.21083446,7.746486
17842,17.842,0.21196963,7.7985606
17843,17.843,0.20928147,7.7891607
17844,17.844,0.2252977,7.747942
17845,17.845,0.24638106,7.683335
17846,17.846,0.23633277,7.834702
17847,17.847,0.24041018,7.651658
17848,17.848,0.22775634,7.6668725
17849,17.849,0.22188863,7.6623535
17850,17.85,0.23572646,7.7846475
17851,17.851,0.23397417,7.6388445
17852,17.852,0.24497513,7.556315
17853,17.853,0.22966784,7.5572224
17854,17.854,0.22303285,7.624128
17855,17.855,0.22442274,7.579979
17856,17.856,0.22596885,7.539215
17857,17.857,0.22825927,7.7136164
17858,17.858,0.24460964,7.7678695
17859,17.859,0.22434855,7.7837286
17860,17.86,0.21273392,7.790235
17861,17.861,0.24216744,7.9337206
17862,17.862,0.25245064,7.928704
17863,17.863,0.23665734,8.035279
17864,17.864,0.20835146,8.062309
17865,17.865,0.20071368,7.960209
17866,17.866,0.20996086,7.9870653
17867,17.867,0.20227413,7.9611845
17868,17.868,0.22217186,7.9687724
17869,17.869,0.21488355,7.896784
17870,17.87,0.22437946,7.8348117
17871,17.871,0.21743338,7.9621854
17872,17.872,0.23476924,7.9812684
17873,17.873,0.21435033,7.650827
17874,17.874,0.22947651,7.7005067
17875,17.875,0.2303373,7.691948
17876,17.876,0.23740251,7.740718
17877,17.877,0.2332557,7.610432
17878,17.878,0.24824695,7.8019004
17879,17.879,0.26375493,7.671783
17880,17.88,0.27681977,7.759482
17881,17.881,0.30208972,7.849107
17882,17.882,0.28822228,7.732222
17883,17.883,0.28747934,7.699681
17884,17.884,0.2687917,7.778222
17885,17.885,0.28494292,7.5759554
17886,17.886,0.2812278,7.5553823
17887,17.887,0.2882736,7.5885215
17888,17.888,0.30026504,7.4399977
17889,17.889,0.28067645,7.6244245
17890,17.89,0.30150905,7.597473
17891,17.891,0.30695394,7.6464677
17892,17.892,0.29592574,7.5313697
17893,17.893,0.31221431,7.41244
17894,17.894,0.30288687,7.325713
17895,17.895,0.30954674,7.4203944
17896,17.896,0.30767086,7.537154
17897,17.897,0.32215208,7.336762
17898,17.898,0.34369755,7.4208765
17899,17.899,0.34874782,7.3915596
17900,17.9,0.33850092,7.383101
17901,17.901,0.3206285,7.36615
17902,17.902,0.31781408,7.405633
17903,17.903,0.3046268,7.5685134
17904,17.904,0.30972892,7.689503
17905,17.905,0.33376884,7.530579
17906,17.906,0.3381729,7.6261854
17907,17.907,0.3360125,7.575344
17908,17.908,0.35078895,7.4986157
17909,17.909,0.36718372,7.491631
17910,17.91,0.346106,7.4933863
17911,17.911,0.35005862,7.385415
17912,17.912,0.337455,7.396221
17913,17.913,0.33825153,7.5003767
17914,17.914,0.33649653,7.542453
17915,17.915,0.34445345,7.6333914
17916,17.916,0.35187277,7.7349906
17917,17.917,0.3450195,7.626997
17918,17.918,0.35301873,7.5849953
17919,17.919,0.3389589,7.5250907
17920,17.92,0.3261228,7.468786
17921,17.921,0.3469573,7.2056174
17922,17.922,0.34479827,7.4125643
17923,17.923,0.31793046,7.20502
17924,17.924,0.29918516,7.106545
17925,17.925,0.30722946,7.316038
17926,17.926,0.2946966,7.4238887
17927,17.927,0.31333858,7.228017
17928,17.928,0.33231035,6.97833
17929,17.929,0.32384846,6.8776035
17930,17.93,0.3121832,6.906716
17931,17.931,0.300739,6.822919
17932,17.932,0.30078125,6.9124823
17933,17.933,0.29007965,6.7442064
17934,17.934,0.29868013,6.9500966
17935,17.935,0.30014798,6.960883
17936,17.936,0.2988759,7.058084
17937,17.937,0.32741684,7.0953407
17938,17.938,0.31373453,7.119425
17939,17.939,0.31503177,7.1195154
17940,17.94,0.32268342,7.072486
17941,17.941,0.32189003,7.0290275
17942,17.942,0.3152614,6.960197
17943,17.943,0.2908056,6.9996004
17944,17.944,0.32144514,7.206038
17945,17.945,0.31907806,7.195791
17946,17.946,0.3309691,7.177487
17947,17.947,0.3097506,7.078076
17948,17.948,0.33304074,7.2004743
17949,17.949,0.3289624,7.2274356
17950,17.95,0.33385405,7.1378117
17951,17.951,0.3354506,7.3458476
17952,17.952,0.3295424,7.2549133
17953,17.953,0.31510147,7.347126
17954,17.954,0.3373008,7.391418
17955,17.955,0.3216292,7.451876
17956,17.956,0.33550847,7.52083
17957,17.957,0.34726435,7.400669
17958,17.958,0.34276462,7.4811807
17959,17.959,0.33913073,7.4226265
17960,17.96,0.33208835,7.3699784
17961,17.961,0.33614045,7.3446817
17962,17.962,0.3754541,7.5031075
17963,17.963,0.37094483,7.3284864
17964,17.964,0.35840937,7.2755938
17965,17.965,0.3661402,7.350766
17966,17.966,0.3860983,7.514254
17967,17.967,0.3766959,7.75237
17968,17.968,0.37646446,7.9308786
17969,17.969,0.3957903,7.9581656
17970,17.97,0.39801022,7.841954
17971,17.971,0.37915328,7.7084694
17972,17.972,0.38859499,7.7085857
17973,17.973,0.3842544,7.6869063
17974,17.974,0.4038579,7.4590573
17975,17.975,0.40828168,7.3362203
17976,17.976,0.39490905,7.3277836
17977,17.977,0.4083406,7.3832083
17978,17.978,0.38644186,7.131595
17979,17.979,0.3895932,7.3692913
17980,17.98,0.39759582,7.4149528
17981,17.981,0.41947278,7.4658637
17982,17.982,0.40885773,7.5810227
17983,17.983,0.4174518,7.39402
17984,17.984,0.39594448,7.17126
17985,17.985,0.38405037,7.168119
17986,17.986,0.4049818,6.9756646
17987,17.987,0.3945506,6.8033333
17988,17.988,0.41335782,6.962574
17989,17.989,0.40268666,7.0168867
17990,17.99,0.4047768,7.0079093
17991,17.991,0.4254999,7.148195
17992,17.992,0.40629724,6.9444985
17993,17.993,0.4095222,6.706153
17994,17.994,0.41860548,6.8714476
17995,17.995,0.43386346,6.8817525
17996,17.996,0.42556456,6.7589817
17997,17.997,0.3962766,6.677318
17998,17.998,0.37696096,6.6058455
17999,17.999,0.3797023,6.425118
18000,18.0,0.38565853,6.443807
18001,18.001,0.3934903,6.555148
18002,18.002,0.3786676,6.4372373
18003,18.003,0.40483904,6.4398108
18004,18.004,0.41389328,6.4710884
18005,18.005,0.41446042,6.6008925
18006,18.006,0.40820467,6.441494
18007,18.007,0.4232849,6.3961306
18008,18.008,0.4124401,6.3766975
18009,18.009,0.39333105,6.5193977
18010,18.01,0.3784172,6.4453773
18011,18.011,0.37003624,6.502681
18012,18.012,0.391422,6.4534883
18013,18.013,0.3920234,6.349325
18014,18.014,0.38070866,6.230297
18015,18.015,0.4010136,6.1321373
18016,18.016,0.40988052,6.201896
18017,18.017,0.41156077,6.328858
18018,18.018,0.40625513,6.2104626
18019,18.019,0.3904474,6.270111
18020,18.02,0.40466198,6.678161
18021,18.021,0.40247014,6.560163
18022,18.022,0.37312976,6.6104746
18023,18.023,0.35299712,6.542995
18024,18.024,0.3474507,6.6884127
18025,18.025,0.3087705,6.693658
18026,18.026,0.3296932,6.7246485
18027,18.027,0.31788027,6.9385333
18028,18.028,0.3138318,6.9573784
18029,18.029,0.30874655,6.9534287
18030,18.03,0.3260831,6.869836
18031,18.031,0.33621612,7.0504107
18032,18.032,0.30983043,7.037787
18033,18.033,0.32236156,7.1286187
18034,18.034,0.31592143,7.163554
18035,18.035,0.31717545,7.2819185
18036,18.036,0.3160085,7.199487
18037,18.037,0.33295673,7.3158364
18038,18.038,0.31963766,7.35742
18039,18.039,0.3084806,7.4292707
18040,18.04,0.313126,7.4135575
18041,18.041,0.30627757,7.4212503
18042,18.042,0.3092329,7.5197706
18043,18.043,0.30450457,7.357196
18044,18.044,0.31061146,7.327673
18045,18.045,0.29870257,7.386446
18046,18.046,0.2895915,7.564782
18047,18.047,0.29464796,7.4236503
18048,18.048,0.30596036,7.4131927
18049,18.049,0.3085443,7.43165
18050,18.05,0.31284901,7.4343524
18051,18.051,0.30437624,7.5074015
18052,18.052,0.31641793,7.63697
18053,18.053,0.32279015,7.579946
18054,18.054,0.31144693,7.5694184
18055,18.055,0.30548623,7.569233
18056,18.056,0.30429038,7.672486
18057,18.057,0.3171463,7.7865686
18058,18.058,0.32444116,7.6510983
18059,18.059,0.32819825,7.598916
18060,18.06,0.33307615,7.338474
18061,18.061,0.31527898,7.2853737
18062,18.062,0.33043146,7.4217916
18063,18.063,0.31687793,7.4531784
18064,18.064,0.31493562,7.4524827
18065,18.065,0.2995219,7.6165934
18066,18.066,0.30640963,7.4302993
18067,18.067,0.28722027,7.404715
18068,18.068,0.28986678,7.4983044
18069,18.069,0.30412927,7.570753
18070,18.07,0.32445613,7.5978107
18071,18.071,0.3478311,7.336965
18072,18.072,0.33448294,7.3074327
18073,18.073,0.34500608,7.398112
18074,18.074,0.36184075,7.3265157
18075,18.075,0.35878137,7.3308797
18076,18.076,0.36526966,7.206084
18077,18.077,0.35073423,7.173684
18078,18.078,0.35426545,7.416294
18079,18.079,0.33507133,7.4671936
18080,18.08,0.32295558,7.398231
18081,18.081,0.32463136,7.5279317
18082,18.082,0.31778497,7.3647356
18083,18.083,0.33067068,7.375441
18084,18.084,0.31779954,7.4271274
18085,18.085,0.30753785,7.401133
18086,18.086,0.3244091,7.2728624
18087,18.087,0.31350526,7.478362
18088,18.088,0.32940486,7.4809775
18089,18.089,0.34201783,7.295205
18090,18.09,0.33066437,7.301238
18091,18.091,0.3176671,7.376308
18092,18.092,0.32929957,7.4750843
18093,18.093,0.28977266,7.557771
18094,18.094,0.2964456,7.4631886
18095,18.095,0.2876707,7.5005755
18096,18.096,0.2837135,7.5417924
18097,18.097,0.2786295,7.683513
18098,18.098,0.280716,7.7886314
18099,18.099,0.28756297,7.681614
18100,18.1,0.2811308,7.792094
18101,18.101,0.2662162,7.5166574
18102,18.102,0.27168676,7.4246664
18103,18.103,0.2602429,7.367693
18104,18.104,0.25005734,7.4655867
18105,18.105,0.24205382,7.583406
18106,18.106,0.24415743,7.5200415
18107,18.107,0.2463651,7.537668
18108,18.108,0.22659822,7.371189
18109,18.109,0.24740082,7.3792667
18110,18.11,0.24273197,7.4131985
18111,18.111,0.23053996,7.2957726
18112,18.112,0.23992117,7.3417754
18113,18.113,0.23159254,7.434849
18114,18.114,0.23746483,7.44023
18115,18.115,0.22739366,7.3418765
18116,18.116,0.21639313,7.312579
18117,18.117,0.22103573,7.620706
18118,18.118,0.21769373,7.5383835
18119,18.119,0.20869516,7.5284066
18120,18.12,0.20190805,7.725159
18121,18.121,0.20867412,7.75823
18122,18.122,0.21417877,7.6687794
18123,18.123,0.19263434,7.6803017
18124,18.124,0.2117623,7.6854544
18125,18.125,0.20962255,7.660537
18126,18.126,0.20978682,7.8763337
18127,18.127,0.21060954,7.980758
18128,18.128,0.22285034,8.053689
18129,18.129,0.22919929,7.9696493
18130,18.13,0.19609572,7.9856563
18131,18.131,0.20361157,8.089962
18132,18.132,0.21458533,7.9193
18133,18.133,0.20862314,7.9475694
18134,18.134,0.22103155,7.9434767
18135,18.135,0.20494702,7.929551
18136,18.136,0.20926932,8.03325
18137,18.137,0.21650101,8.120559
18138,18.138,0.2209876,8.085079
18139,18.139,0.23039952,7.9699254
18140,18.14,0.23154762,7.9499817
18141,18.141,0.2066143,7.916964
18142,18.142,0.19517277,7.8969326
18143,18.143,0.20207173,7.816404
18144,18.144,0.19563775,7.863967
18145,18.145,0.19148354,7.7139735
18146,18.146,0.19724658,7.6078205
18147,18.147,0.17387433,7.588533
18148,18.148,0.19321914,7.471327
18149,18.149,0.19317964,7.5232177
18150,18.15,0.22054987,7.5285487
18151,18.151,0.20761113,7.3312845
18152,18.152,0.20957401,7.183775
18153,18.153,0.21795271,7.3763943
18154,18.154,0.18344888,7.36054
18155,18.155,0.19548288,7.367183
18156,18.156,0.18883432,7.383888
18157,18.157,0.18379009,7.3422756
18158,18.158,0.1832711,7.1860466
18159,18.159,0.15269846,7.179063
18160,18.16,0.17642584,7.231418
18161,18.161,0.17891514,7.2725105
18162,18.162,0.17434175,7.1414447
18163,18.163,0.19618885,7.18246
18164,18.164,0.1838077,7.1041956
18165,18.165,0.1776846,7.1894326
18166,18.166,0.17022604,7.299687
18167,18.167,0.15927035,7.294907
18168,18.168,0.1555099,7.1745358
18169,18.169,0.17139277,7.2579184
18170,18.17,0.18849611,7.2353563
18171,18.171,0.1848112,7.269589
18172,18.172,0.19654323,7.277115
18173,18.173,0.2009416,7.4126587
18174,18.174,0.20095196,7.332745
18175,18.175,0.20440485,7.204005
18176,18.176,0.19732276,7.1793704
18177,18.177,0.18327488,7.224401
18178,18.178,0.20184849,7.2392263
18179,18.179,0.19869003,7.4002795
18180,18.18,0.2023644,7.3412952
18181,18.181,0.20272967,7.2426624
18182,18.182,0.19038408,7.2167535
18183,18.183,0.2112387,7.1606455
18184,18.184,0.22048591,7.0853987
18185,18.185,0.2091765,7.01833
18186,18.186,0.21495456,6.9664164
18187,18.187,0.21632473,7.2555413
18188,18.188,0.19132772,7.1197906
18189,18.189,0.19592115,7.1882167
18190,18.19,0.18030404,7.163842
18191,18.191,0.16469401,7.262384
18192,18.192,0.16655196,7.237179
18193,18.193,0.17306134,7.127954
18194,18.194,0.17070073,7.130305
18195,18.195,0.18407919,7.1643047
18196,18.196,0.17493747,7.243409
18197,18.197,0.15951402,7.31768
18198,18.198,0.17757659,7.4096117
18199,18.199,0.1727565,7.461929
18200,18.2,0.143241,7.3760643
18201,18.201,0.15106666,7.403838
18202,18.202,0.1460778,7.503635
18203,18.203,0.13757005,7.6426497
18204,18.204,0.14448485,7.756223
18205,18.205,0.1474279,7.59045
18206,18.206,0.14919253,7.6012397
18207,18.207,0.14715008,7.697999
18208,18.208,0.1438498,7.746829
18209,18.209,0.15454502,7.664417
18210,18.21,0.14649819,7.7142124
18211,18.211,0.1495377,7.8510027
18212,18.212,0.13753308,7.7878275
18213,18.213,0.13242024,7.8009014
18214,18.214,0.11767968,7.7537127
18215,18.215,0.117923036,7.8463902
18216,18.216,0.12742709,7.838924
18217,18.217,0.12639052,7.93669
18218,18.218,0.1330108,7.827676
18219,18.219,0.12681055,7.8810143
18220,18.22,0.13010056,7.952377
18221,18.221,0.12353583,6.06761
18222,18.222,0.108325765,5.9938507
18223,18.223,0.13250229,6.0045
18224,18.224,0.13110605,6.0273657
18225,18.225,0.13034202,6.0194345
18226,18.226,0.13140373,5.958596
18227,18.227,0.13894461,5.98947
18228,18.228,0.15077867,6.0221667
18229,18.229,0.11394261,6.0639524
18230,18.23,0.10901931,6.0274525
18231,18.231,0.12589751,6.0435
18232,18.232,0.12010263,6.0484967
18233,18.233,0.1258424,5.990756
18234,18.234,0.14022164,6.0169377
18235,18.235,0.14774747,5.9647985
18236,18.236,0.15495886,5.998381
18237,18.237,0.13789068,5.998426
18238,18.238,0.15393797,5.9299955
18239,18.239,0.13825068,5.8746157
18240,18.24,0.13461587,5.9233694
18241,18.241,0.14484923,5.9252963
18242,18.242,0.13665617,5.9318323
18243,18.243,0.14579105,7.885276
18244,18.244,0.13970792,7.919532
18245,18.245,0.13373537,7.7781253
18246,18.246,0.12616166,7.807361
18247,18.247,0.13032784,7.8829556
18248,18.248,0.14416286,7.982189
18249,18.249,0.14861962,5.8738995
18250,18.25,0.1477991,5.8302903
18251,18.251,0.14806634,5.8532705
18252,18.252,0.19259953,5.890536
18253,18.253,0.19668081,5.872272
18254,18.254,0.20730467,5.865521
18255,18.255,0.20845242,7.6510553
18256,18.256,0.19933708,5.8779993
18257,18.257,0.2114837,5.881459
18258,18.258,0.22206673,5.8582864
18259,18.259,0.21976858,5.951859
18260,18.26,0.22143492,5.985747
18261,18.261,0.21347488,5.9697585
18262,18.262,0.1966091,7.647203
18263,18.263,0.21692668,6.022933
18264,18.264,0.20217466,7.5180244
18265,18.265,0.19256473,7.3877854
18266,18.266,0.19089827,7.5582967
18267,18.267,0.19747032,7.4317017
18268,18.268,0.19727471,7.692039
18269,18.269,0.21105912,7.659492
18270,18.27,0.22810526,7.698482
18271,18.271,0.23306532,7.829794
18272,18.272,0.20565648,7.591372
18273,18.273,0.20975927,7.5665407
18274,18.274,0.19826251,7.714854
18275,18.275,0.20361497,7.656071
18276,18.276,0.19453087,7.766306
18277,18.277,0.18588145,7.7913465
18278,18.278,0.18052316,7.8336697
18279,18.279,0.16837704,7.8638687
18280,18.28,0.1620976,7.980102
18281,18.281,0.15238623,7.9283595
18282,18.282,0.16951422,8.091651
18283,18.283,0.19012767,7.9267893
18284,18.284,0.19057342,8.108644
18285,18.285,0.2074808,8.087867
18286,18.286,0.21552598,7.9566154
18287,18.287,0.20417736,8.035867
18288,18.288,0.19897489,8.104223
18289,18.289,0.21867177,8.140097
18290,18.29,0.23904072,8.088488
18291,18.291,0.2412061,8.11116
18292,18.292,0.24371673,8.075597
18293,18.293,0.23349147,7.8423834
18294,18.294,0.23195761,7.776055
18295,18.295,0.22198343,7.705565
18296,18.296,0.24464461,7.8277836
18297,18.297,0.23452489,7.804912
18298,18.298,0.22917911,7.6944947
18299,18.299,0.21103063,7.715847
18300,18.3,0.2210556,7.678717
18301,18.301,0.22469762,7.6693187
18302,18.302,0.22332913,7.787606
18303,18.303,0.22089867,7.665667
18304,18.304,0.20229013,7.6456337
18305,18.305,0.20217466,7.6642766
18306,18.306,0.1996882,7.7623444
18307,18.307,0.20486128,7.7287383
18308,18.308,0.21245007,7.729765
18309,18.309,0.2092881,7.914677
18310,18.31,0.2351756,7.9827714
18311,18.311,0.22581021,7.9670715
18312,18.312,0.20709155,8.02688
18313,18.313,0.2025106,8.043734
18314,18.314,0.17336166,8.020156
18315,18.315,0.15660767,7.779972
18316,18.316,0.13875645,7.807998
18317,18.317,0.11362156,7.6929092
18318,18.318,0.1310196,7.769398
18319,18.319,0.13964337,7.8065786
18320,18.32,0.13265225,7.974165
18321,18.321,0.15123644,8.114704
18322,18.322,0.14313605,8.08983
18323,18.323,0.14247066,8.145451
18324,18.324,0.13340825,8.200805
18325,18.325,0.12911771,8.12427
18326,18.326,0.11388578,8.185742
18327,18.327,0.122835785,8.043491
18328,18.328,0.10603061,8.07742
18329,18.329,0.10481349,8.06748
18330,18.33,0.10758693,8.143597
18331,18.331,0.116677396,8.103521
18332,18.332,0.117288075,8.006203
18333,18.333,0.117205255,8.118334
18334,18.334,0.10959883,8.061179
18335,18.335,0.10728782,8.024716
18336,18.336,0.11767772,7.983549
18337,18.337,0.11084893,8.087464
18338,18.338,0.106814854,8.12267
18339,18.339,0.10717355,8.031936
18340,18.34,0.101687625,8.090904
18341,18.341,0.10526908,8.000607
18342,18.342,0.12094665,8.010229
18343,18.343,0.13262437,7.9967723
18344,18.344,0.12375833,8.015416
18345,18.345,0.12055031,7.9068174
18346,18.346,0.10772223,7.84301
18347,18.347,0.12298814,7.9836445
18348,18.348,0.123108394,7.8987527
18349,18.349,0.116029635,7.877858
18350,18.35,0.11233852,7.731495
18351,18.351,0.1322333,7.6310954
18352,18.352,0.12621664,7.6725726
18353,18.353,0.13988818,7.621031
18354,18.354,0.1290604,7.481923
18355,18.355,0.13740696,7.519037
18356,18.356,0.14897543,7.5236216
18357,18.357,0.12023538,7.44945
18358,18.358,0.14078602,7.508942
18359,18.359,0.1294664,7.47705
18360,18.36,0.12226417,7.390272
18361,18.361,0.1327951,7.3494625
18362,18.362,0.13783365,7.2594748
18363,18.363,0.12154539,7.0822644
18364,18.364,0.121915735,7.0738935
18365,18.365,0.12270962,7.221309
18366,18.366,0.1259379,7.1932416
18367,18.367,0.12988359,7.1792665
18368,18.368,0.13967979,7.204762
18369,18.369,0.13003303,7.1996408
18370,18.37,0.1311325,7.199291
18371,18.371,0.1318025,7.2499223
18372,18.372,0.12608835,7.195269
18373,18.373,0.12352086,7.368495
18374,18.374,0.10556735,7.096438
18375,18.375,0.13224554,7.2851515
18376,18.376,0.15158612,7.1687794
18377,18.377,0.1455784,7.178462
18378,18.378,0.15055925,7.3030186
18379,18.379,0.17059505,7.36466
18380,18.38,0.15128383,7.356874
18381,18.381,0.14446084,7.2984247
18382,18.382,0.12360131,7.4012537
18383,18.383,0.116863504,7.4665527
18384,18.384,0.13109723,7.4648943
18385,18.385,0.11368666,7.388211
18386,18.386,0.12724553,7.545129
18387,18.387,0.15405507,7.5938635
18388,18.388,0.15626036,7.494351
18389,18.389,0.16492407,7.5539804
18390,18.39,0.15092427,7.5408554
18391,18.391,0.1626657,7.6021066
18392,18.392,0.16630468,7.637434
18393,18.393,0.17749976,7.7802877
18394,18.394,0.15265757,7.884952
18395,18.395,0.14597172,7.882545
18396,18.396,0.13831756,7.9402437
18397,18.397,0.14223191,7.881925
18398,18.398,0.12744342,7.750108
18399,18.399,0.13448012,7.6503124
18400,18.4,0.12449962,7.6291366
18401,18.401,0.13592845,7.771377
18402,18.402,0.13162346,7.7857184
18403,18.403,0.13009702,7.8038573
18404,18.404,0.16460976,7.8509927
18405,18.405,0.17226197,7.935669
18406,18.406,0.17789137,8.119619
18407,18.407,0.16996643,8.069588
18408,18.408,0.1536343,8.166003
18409,18.409,0.16123384,8.09452
18410,18.41,0.19492148,8.19693
18411,18.411,0.20828487,8.149316
18412,18.412,0.20505416,7.968471
18413,18.413,0.20764676,8.039205
18414,18.414,0.2286428,8.168166
18415,18.415,0.24084061,8.340779
18416,18.416,0.21223776,8.381793
18417,18.417,0.20585199,8.416544
18418,18.418,0.21269587,8.499112
18419,18.419,0.22018267,8.4380455
18420,18.42,0.1849225,8.442427
18421,18.421,0.196012,8.4420395
18422,18.422,0.21011828,8.396253
18423,18.423,0.21112703,8.407935
18424,18.424,0.2145627,8.43217
18425,18.425,0.2181425,8.360955
18426,18.426,0.20078853,8.380688
18427,18.427,0.18703829,8.37277
18428,18.428,0.18703456,8.330921
18429,18.429,0.18803929,8.272499
18430,18.43,0.19959788,8.401323
18431,18.431,0.20311476,8.529654
18432,18.432,0.20060998,8.511133
18433,18.433,0.18961383,8.553202
18434,18.434,0.1981797,8.507324
18435,18.435,0.17638129,8.501358
18436,18.436,0.19341646,8.587619
18437,18.437,0.17882209,8.459015
18438,18.438,0.1417255,8.53733
18439,18.439,0.14093702,8.538138
18440,18.44,0.15950243,8.470872
18441,18.441,0.16635612,8.571894
18442,18.442,0.1402002,8.541423
18443,18.443,0.13801134,8.491987
18444,18.444,0.14400883,8.401497
18445,18.445,0.12974824,8.364984
18446,18.446,0.13761207,8.399862
18447,18.447,0.15234073,8.450719
18448,18.448,0.1521752,8.3565855
18449,18.449,0.13764063,8.428299
18450,18.45,0.13259298,8.332202
18451,18.451,0.14435679,8.404226
18452,18.452,0.13812521,8.379584
18453,18.453,0.14049836,8.438233
18454,18.454,0.12602782,8.566672
18455,18.455,0.12844089,8.568395
18456,18.456,0.14108458,8.512261
18457,18.457,0.14211483,8.513755
18458,18.458,0.1247445,8.509951
18459,18.459,0.11639965,8.5864935
18460,18.46,0.10579705,8.642182
18461,18.461,0.114705004,8.749674
18462,18.462,0.1319375,8.757305
18463,18.463,0.1264271,8.698852
18464,18.464,0.12811829,8.788429
18465,18.465,0.11178975,8.766281
18466,18.466,0.104289405,8.727874
18467,18.467,0.09726722,8.692605
18468,18.468,0.08595902,8.645908
18469,18.469,0.1069295,8.643064
18470,18.47,0.08874076,8.616033
18471,18.471,0.10004419,8.723052
18472,18.472,0.1118187,8.551895
18473,18.473,0.10874327,8.531577
18474,18.474,0.10988324,8.6459875
18475,18.475,0.113940574,8.65018
18476,18.476,0.15653235,8.585432
18477,18.477,0.16287875,8.602377
18478,18.478,0.13769773,8.638203
18479,18.479,0.1373733,8.612129
18480,18.48,0.13502057,8.6101
18481,18.481,0.12160244,8.669084
18482,18.482,0.11249276,8.681916
18483,18.483,0.103282526,8.684587
18484,18.484,0.1069122,8.80715
18485,18.485,0.097857274,8.77523
18486,18.486,0.09097149,8.855409
18487,18.487,0.085832514,8.843349
18488,18.488,0.081263885,8.856358
18489,18.489,0.09101215,8.815521
18490,18.49,0.092153184,8.832894
18491,18.491,0.083250985,8.850585
18492,18.492,0.08532192,8.856477
18493,18.493,0.08492538,8.671226
18494,18.494,0.090681314,8.60624
18495,18.495,0.07569004,8.672267
18496,18.496,0.08534901,8.676335
18497,18.497,0.08099316,8.597746
18498,18.498,0.08938194,8.615476
18499,18.499,0.096553914,8.677687
18500,18.5,0.09779819,8.672266
18501,18.501,0.091949746,8.72189
18502,18.502,0.08047197,8.796235
18503,18.503,0.070597984,8.791265
18504,18.504,0.07504278,8.858666
18505,18.505,0.08535172,8.8064165
18506,18.506,0.07747123,5.954262
18507,18.507,0.0877399,8.919637
18508,18.508,0.096812166,8.887589
18509,18.509,0.09868773,8.895492
18510,18.51,0.09191454,8.858803
18511,18.511,0.100115806,8.925999
18512,18.512,0.09673094,8.918433
18513,18.513,0.117433846,5.9607
18514,18.514,0.11002412,5.9924755
18515,18.515,0.11580026,5.9991584
18516,18.516,0.114359826,8.6383705
18517,18.517,0.13495548,8.602968
18518,18.518,0.13750955,8.697307
18519,18.519,0.13663417,8.6384
18520,18.52,0.12510723,8.5506315
18521,18.521,0.13470514,8.574624
18522,18.522,0.13308725,8.585692
18523,18.523,0.13360393,8.687102
18524,18.524,0.12849848,8.666443
18525,18.525,0.13401859,8.701377
18526,18.526,0.15926018,8.635926
18527,18.527,0.13698904,8.754568
18528,18.528,0.14286767,8.750203
18529,18.529,0.14503904,8.698706
18530,18.53,0.16042309,8.70598
18531,18.531,0.15209314,8.723796
18532,18.532,0.1392355,8.855823
18533,18.533,0.13268536,8.792712
18534,18.534,0.1183731,8.68324
18535,18.535,0.11515359,8.755378
18536,18.536,0.13843618,8.831349
18537,18.537,0.12763737,8.932444
18538,18.538,0.12629354,8.869555
18539,18.539,0.12029113,8.8725
18540,18.54,0.13007213,8.805468
18541,18.541,0.12250219,8.609804
18542,18.542,0.1088389,8.674487
18543,18.543,0.12713465,8.675787
18544,18.544,0.12900665,8.898084
18545,18.545,0.10892596,8.891758
18546,18.546,0.098408565,8.766291
18547,18.547,0.10573147,8.76433
18548,18.548,0.11310355,8.76954
18549,18.549,0.10699003,8.771392
18550,18.55,0.09850718,8.772016
18551,18.551,0.08589713,8.890171
18552,18.552,0.087950446,8.986439
18553,18.553,0.07555246,8.947885
18554,18.554,0.07576331,8.924803
18555,18.555,0.080192804,8.958894
18556,18.556,0.0846691,8.902665
18557,18.557,0.08338418,8.981776
18558,18.558,0.09744058,8.89917
18559,18.559,0.09104262,8.9871645
18560,18.56,0.08304523,8.874093
18561,18.561,0.07927072,8.7685375
18562,18.562,0.09042344,8.750914
18563,18.563,0.1045396,8.694107
18564,18.564,0.11071955,8.680842
18565,18.565,0.11947344,8.759075
18566,18.566,0.10049611,8.754673
18567,18.567,0.097807646,8.642884
18568,18.568,0.10772652,8.692219
18569,18.569,0.10747513,8.594014
18570,18.57,0.12245501,8.619195
18571,18.571,0.10597827,8.59747
18572,18.572,0.10357982,8.602729
18573,18.573,0.10714982,8.693959
18574,18.574,0.11446894,8.706534
18575,18.575,0.10672607,8.777228
18576,18.576,0.1143032,8.818118
18577,18.577,0.11136913,8.776942
18578,18.578,0.10900658,8.676106
18579,18.579,0.106691405,8.714833
18580,18.58,0.13532671,8.627218
18581,18.581,0.13286471,8.602032
18582,18.582,0.13525154,8.663941
18583,18.583,0.124036364,8.621563
18584,18.584,0.1250943,8.592413
18585,18.585,0.13872813,8.446357
18586,18.586,0.12238135,8.410475
18587,18.587,0.098213375,8.361256
18588,18.588,0.09445021,8.313729
18589,18.589,0.093983985,8.411046
18590,18.59,0.0943596,8.375358
18591,18.591,0.08821031,8.356964
18592,18.592,0.09256371,8.404902
18593,18.593,0.11023194,8.287435
18594,18.594,0.088505976,8.26682
18595,18.595,0.08857126,8.266511
18596,18.596,0.083447926,8.340177
18597,18.597,0.09599679,8.2165
18598,18.598,0.108745396,8.29345
18599,18.599,0.116980165,8.172131
18600,18.6,0.09377219,8.25291
18601,18.601,0.11654654,8.292256
18602,18.602,0.111491546,8.2872
18603,18.603,0.11560644,8.391215
18604,18.604,0.11488827,8.496014
18605,18.605,0.10597608,8.587241
18606,18.606,0.11732946,8.616198
18607,18.607,0.11363784,8.628336
18608,18.608,0.119215794,8.545012
18609,18.609,0.11724076,8.497219
18610,18.61,0.11126529,8.617963
18611,18.611,0.116610005,8.647552
18612,18.612,0.11805628,8.665613
18613,18.613,0.12247388,8.702887
18614,18.614,0.12108993,8.692779
18615,18.615,0.12931274,8.7002
18616,18.616,0.13559808,8.684276
18617,18.617,0.12749784,8.749074
18618,18.618,0.10737828,8.693527
18619,18.619,0.096812166,8.638722
18620,18.62,0.10240581,8.603253
18621,18.621,0.10837484,8.577895
18622,18.622,0.100125045,8.692543
18623,18.623,0.11910909,8.739259
18624,18.624,0.11595788,8.705668
18625,18.625,0.11734522,8.685818
18626,18.626,0.11968998,8.724082
18627,18.627,0.11989263,8.72794
18628,18.628,0.13465707,8.701715
18629,18.629,0.12893136,8.791706
18630,18.63,0.12775144,8.796565
18631,18.631,0.13220358,8.835445
18632,18.632,0.12260218,8.807179
18633,18.633,0.12753409,8.802021
18634,18.634,0.114327475,8.890603
18635,18.635,0.116909,8.907062
18636,18.636,0.111159265,8.932416
18637,18.637,0.11840045,9.033862
18638,18.638,0.091116235,5.998216
18639,18.639,0.09681694,5.937335
18640,18.64,0.091131456,8.5429
18641,18.641,0.099399686,5.9656177
18642,18.642,0.10663289,8.5046625
18643,18.643,0.09854942,8.3911705
18644,18.644,0.09203771,5.99037
18645,18.645,0.104036376,6.048713
18646,18.646,0.1149446,8.26272
18647,18.647,0.107642785,6.011355
18648,18.648,0.08879805,9.093775
18649,18.649,0.096489236,9.146167
18650,18.65,0.101746716,8.397248
18651,18.651,0.120025605,9.230553
18652,18.652,0.13078648,9.269773
18653,18.653,0.102545686,9.207263
18654,18.654,0.10474287,8.3115835
18655,18.655,0.12125211,9.094038
18656,18.656,0.12887037,9.015378
18657,18.657,0.12372284,9.038569
18658,18.658,0.13029945,8.892576
18659,18.659,0.1375852,8.967462
18660,18.66,0.12574317,8.905827
18661,18.661,0.12105365,8.886506
18662,18.662,0.12585893,7.9374833
18663,18.663,0.13010946,8.925581
18664,18.664,0.12413884,8.952464
18665,18.665,0.13873146,9.0040045
18666,18.666,0.12128071,8.989703
18667,18.667,0.11808174,9.0565815
18668,18.668,0.10480686,9.090677
18669,18.669,0.1320706,8.311028
18670,18.67,0.14086154,8.149819
18671,18.671,0.15231644,9.082712
18672,18.672,0.16837567,8.291365
18673,18.673,0.17075625,6.0013905
18674,18.674,0.16201487,5.9949694
18675,18.675,0.16040291,8.202685
18676,18.676,0.14629921,8.09966
18677,18.677,0.16536924,8.099171
18678,18.678,0.18306787,5.9759026
18679,18.679,0.19198154,8.290116
18680,18.68,0.18543315,5.987112
18681,18.681,0.16861168,5.9859767
18682,18.682,0.16733164,5.9085245
18683,18.683,0.1839925,5.960358
18684,18.684,0.16450298,8.193247
18685,18.685,0.15831232,8.196258
18686,18.686,0.15621004,8.135172
18687,18.687,0.1522891,8.268433
18688,18.688,0.15261666,8.356112
18689,18.689,0.16318505,8.2413025
18690,18.69,0.16193779,8.190192
18691,18.691,0.16890486,8.2057085
18692,18.692,0.16378748,8.28002
18693,18.693,0.17258912,8.315129
18694,18.694,0.17502996,8.279589
18695,18.695,0.17585751,8.300471
18696,18.696,0.16371407,8.333406
18697,18.697,0.16272111,8.278494
18698,18.698,0.15749975,8.270232
18699,18.699,0.14994068,8.222633
18700,18.7,0.12863874,8.228084
18701,18.701,0.12279249,8.062794
18702,18.702,0.11678434,8.051014
18703,18.703,0.1124167,8.230776
18704,18.704,0.120244995,8.29052
18705,18.705,0.115951896,8.255472
18706,18.706,0.13252148,8.371506
18707,18.707,0.12883629,8.281721
18708,18.708,0.12311215,8.371217
18709,18.709,0.11544835,8.501327
18710,18.71,0.113297574,8.463775
18711,18.711,0.10956718,8.451943
18712,18.712,0.11364191,8.42997
18713,18.713,0.09539038,8.240835
18714,18.714,0.091341786,8.256012
18715,18.715,0.084696405,8.471628
18716,18.716,0.08166687,8.333946
18717,18.717,0.09234616,8.216524
18718,18.718,0.101491906,8.310838
18719,18.719,0.09701494,8.286028
18720,18.72,0.1201084,8.252736
18721,18.721,0.10755469,8.346717
18722,18.722,0.110604644,8.428091
18723,18.723,0.10731367,9.031921
18724,18.724,0.09533462,9.062484
18725,18.725,0.098140374,9.102279
18726,18.726,0.098708816,8.520884
18727,18.727,0.11120917,8.438488
18728,18.728,0.099954024,8.501385
18729,18.729,0.1083407,8.553769
18730,18.73,0.11686746,8.49678
18731,18.731,0.09961808,8.724607
18732,18.732,0.09702447,8.582239
18733,18.733,0.097784005,8.611851
18734,18.734,0.1025547,8.627704
18735,18.735,0.11489431,8.544564
18736,18.736,0.11658819,8.621275
18737,18.737,0.09078578,8.560739
18738,18.738,0.11348515,8.621874
18739,18.739,0.11600173,8.540807
18740,18.74,0.124218896,8.980333
18741,18.741,0.12001405,8.551813
18742,18.742,0.1268233,8.508105
18743,18.743,0.12405314,8.452327
18744,18.744,0.1424382,8.378888
18745,18.745,0.13353989,8.541094
18746,18.746,0.13636318,8.581068
18747,18.747,0.14139558,8.6870575
18748,18.748,0.143241,8.707385
18749,18.749,0.1309596,8.909352
18750,18.75,0.14963971,8.874763
18751,18.751,0.16497593,8.832196
18752,18.752,0.16376913,8.827817
18753,18.753,0.16501236,8.822333
18754,18.754,0.15721324,8.769944
18755,18.755,0.13238184,8.730345
18756,18.756,0.13976417,8.618641
18757,18.757,0.13411516,8.591544
18758,18.758,0.14179398,8.648208
18759,18.759,0.11260574,8.638359
18760,18.76,0.1399328,8.587975
18761,18.761,0.14586556,8.610228
18762,18.762,0.14949594,8.644133
18763,18.763,0.13224554,8.621715
18764,18.764,0.13628177,8.78808
18765,18.765,0.12767722,8.598985
18766,18.766,0.13379414,8.580134
18767,18.767,0.15138924,8.735631
18768,18.768,0.16927266,8.8704195
18769,18.769,0.19935912,8.816479
18770,18.77,0.17462,8.837284
18771,18.771,0.17751539,8.779702
18772,18.772,0.18687133,8.752869
18773,18.773,0.16505578,8.844247
18774,18.774,0.16539441,8.560139
18775,18.775,0.14910108,8.538884
18776,18.776,0.15292841,8.591154
18777,18.777,0.17156804,8.52281
18778,18.778,0.17608349,8.874302
18779,18.779,0.15634023,8.943859
18780,18.78,0.14363427,8.589554
18781,18.781,0.14210182,8.935166
18782,18.782,0.13148814,8.667187
18783,18.783,0.11361343,8.913062
18784,18.784,0.110894814,8.805604
18785,18.785,0.10960938,8.896168
18786,18.786,0.11157031,8.90271
18787,18.787,0.11136083,8.879745
18788,18.788,0.13115542,8.8640785
18789,18.789,0.11304017,8.910259
18790,18.79,0.11563244,8.728144
18791,18.791,0.13131043,9.012107
18792,18.792,0.12329042,8.998225
18793,18.793,0.12157392,9.117648
18794,18.794,0.11755978,9.030614
18795,18.795,0.13062552,8.895365
18796,18.796,0.12465365,9.034157
18797,18.797,0.13250403,9.094057
18798,18.798,0.1211243,9.098298
18799,18.799,0.12148831,8.96998
18800,18.8,0.13110428,8.90239
18801,18.801,0.13345155,8.931387
18802,18.802,0.1284553,8.875255
18803,18.803,0.13206361,8.9521055
18804,18.804,0.1477506,8.928691
18805,18.805,0.13815533,8.974638
18806,18.806,0.13301253,8.899505
18807,18.807,0.14750473,6.062299
18808,18.808,0.14538135,6.064881
18809,18.809,0.1452286,6.062378
18810,18.81,0.13456433,6.0193634
18811,18.811,0.13882142,6.0372047
18812,18.812,0.13562025,6.009069
18813,18.813,0.12996723,6.00999
18814,18.814,0.13792756,6.0154715
18815,18.815,0.13254416,9.098407
18816,18.816,0.13200757,6.085351
18817,18.817,0.13631569,6.095214
18818,18.818,0.1368489,6.0523486
18819,18.819,0.15005474,6.0406284
18820,18.82,0.13307858,6.088363
18821,18.821,0.14284988,6.092135
18822,18.822,0.16409631,6.070669
18823,18.823,0.1824024,6.1240187
18824,18.824,0.1581516,6.105878
18825,18.825,0.1582539,6.155572
18826,18.826,0.14867716,6.0815625
18827,18.827,0.14796638,6.118898
18828,18.828,0.14641768,6.15333
18829,18.829,0.13794935,6.1368413
18830,18.83,0.156826,6.1026225
18831,18.831,0.12898514,6.1004667
18832,18.832,0.12340663,6.1562233
18833,18.833,0.12235679,6.131051
18834,18.834,0.14314897,6.1355057
18835,18.835,0.16009705,6.070405
18836,18.836,0.14856984,6.0659733
18837,18.837,0.16731507,6.129137
18838,18.838,0.18100917,6.0605106
18839,18.839,0.1820154,6.0664263
18840,18.84,0.18130398,6.1319222
18841,18.841,0.18671662,6.0902395
18842,18.842,0.19855267,6.1144547
18843,18.843,0.19398102,6.043558
18844,18.844,0.18398245,6.075989
18845,18.845,0.19994852,6.0690827
18846,18.846,0.20425776,6.015379
18847,18.847,0.2015436,5.989345
18848,18.848,0.2119838,6.0023336
18849,18.849,0.21126495,6.0486403
18850,18.85,0.18681565,6.0473094
18851,18.851,0.15674785,6.0648704
18852,18.852,0.15917887,6.077207
18853,18.853,0.1650992,6.094329
18854,18.854,0.15964586,6.048881
18855,18.855,0.17654637,6.0926237
18856,18.856,0.18145949,6.0737596
18857,18.857,0.17473118,6.0347443
18858,18.858,0.17797063,6.0713553
18859,18.859,0.1601447,6.07769
18860,18.86,0.15647621,6.1068983
18861,18.861,0.1371476,6.145314
18862,18.862,0.13896126,6.1985493
18863,18.863,0.1566549,6.1621227
18864,18.864,0.1438257,6.133609
18865,18.865,0.14520313,6.070196
18866,18.866,0.156826,6.058261
18867,18.867,0.16078584,6.0698457
18868,18.868,0.17924048,6.021651
18869,18.869,0.17987011,6.0024266
18870,18.87,0.20708819,5.960406
18871,18.871,0.19326459,6.0284853
18872,18.872,0.17107143,6.0247717
18873,18.873,0.17177947,6.0753136
18874,18.874,0.16656584,6.0549088
18875,18.875,0.18536082,6.064431
18876,18.876,0.16698171,6.065889
18877,18.877,0.1548499,6.078093
18878,18.878,0.13928862,6.163564
18879,18.879,0.15675817,6.1588035
18880,18.88,0.17470737,6.1546125
18881,18.881,0.18272153,6.113157
18882,18.882,0.18165557,6.1294713
18883,18.883,0.17831714,6.095872
18884,18.884,0.18244928,6.1557035
18885,18.885,0.15749827,6.12059
18886,18.886,0.14987127,6.131152
18887,18.887,0.15932114,6.15312
18888,18.888,0.15183604,6.1457253
18889,18.889,0.14784758,6.168073
18890,18.89,0.14698973,6.1987004
18891,18.891,0.15672572,6.145998
18892,18.892,0.16324596,6.1280365
18893,18.893,0.15458691,6.081179
18894,18.894,0.16291565,6.1130056
18895,18.895,0.13128051,6.1413255
18896,18.896,0.13033138,6.1850476
18897,18.897,0.11821284,6.165972
18898,18.898,0.106461465,6.165057
18899,18.899,0.11293991,6.136864
18900,18.9,0.116334096,6.2059555
18901,18.901,0.12833644,6.2160306
18902,18.902,0.13673396,6.199415
18903,18.903,0.14261338,6.156632
18904,18.904,0.13211787,6.2337694
18905,18.905,0.14676465,6.2079606
18906,18.906,0.14614584,6.2126565
18907,18.907,0.1473934,6.1937003
18908,18.908,0.12824996,6.241754
18909,18.909,0.11994661,6.1788287
18910,18.91,0.13637504,6.1760736
18911,18.911,0.13892464,6.2347927
18912,18.912,0.1462597,6.2262735
18913,18.913,0.1533647,6.187651
18914,18.914,0.121727854,6.259154
18915,18.915,0.12313656,6.2726254
18916,18.916,0.109853774,6.219174
18917,18.917,0.10171263,6.293099
18918,18.918,0.08507498,6.2511983
18919,18.919,0.07915105,6.20032
18920,18.92,0.10127984,6.2622204
18921,18.921,0.09854707,6.239343
18922,18.922,0.09615561,6.2179465
18923,18.923,0.098842226,6.1621547
18924,18.924,0.10112906,6.20149
18925,18.925,0.093653776,9.448861
18926,18.926,0.10053062,9.431778
18927,18.927,0.09472397,9.29189
18928,18.928,0.0953928,9.184749
18929,18.929,0.11529605,9.099584
18930,18.93,0.10871351,9.182979
18931,18.931,0.104873024,9.408884
18932,18.932,0.10453297,9.34363
18933,18.933,0.105381034,9.214705
18934,18.934,0.10199863,8.699587
18935,18.935,0.102084726,8.6457
18936,18.936,0.091197394,8.641699
18937,18.937,0.10470976,8.625413
18938,18.938,0.090704255,8.57431
18939,18.939,0.1057424,8.582189
18940,18.94,0.10176035,8.496255
18941,18.941,0.11145836,8.51426
18942,18.942,0.11505116,8.484307
18943,18.943,0.11212634,8.537711
18944,18.944,0.10365567,8.469814
18945,18.945,0.10939191,8.478148
18946,18.946,0.11867739,8.832094
18947,18.947,0.10649621,8.998128
18948,18.948,0.0898386,9.068798
18949,18.949,0.08145144,8.956154
18950,18.95,0.087552615,8.837383
18951,18.951,0.08978455,8.614371
18952,18.952,0.08040586,9.052357
18953,18.953,0.08037998,8.811302
18954,18.954,0.083931364,8.880971
18955,18.955,0.08112151,8.649729
18956,18.956,0.099608794,8.555002
18957,18.957,0.08664749,8.423611
18958,18.958,0.076929174,8.413047
18959,18.959,0.06844303,8.469564
18960,18.96,0.089410394,8.510572
18961,18.961,0.104493156,8.401429
18962,18.962,0.08605579,8.515459
18963,18.963,0.08958606,8.39786
18964,18.964,0.10296193,8.478482
18965,18.965,0.06795147,8.491418
18966,18.966,0.06296436,8.544432
18967,18.967,0.06472784,8.546539
18968,18.968,0.06321721,8.643025
18969,18.969,0.06684348,8.529048
18970,18.97,0.079352334,8.549125
18971,18.971,0.0825566,8.594746
18972,18.972,0.09420266,8.482893
18973,18.973,0.08262938,8.529636
18974,18.974,0.090405546,8.776694
18975,18.975,0.11631621,8.721791
18976,18.976,0.1142162,8.678153
18977,18.977,0.10678238,8.919629
18978,18.978,0.109834835,8.934274
18979,18.979,0.13084127,8.96209
18980,18.98,0.10799659,9.029154
18981,18.981,0.11008294,9.232303
18982,18.982,0.11336693,9.303507
18983,18.983,0.11935147,6.041445
18984,18.984,0.11672494,6.096001
18985,18.985,0.12135313,6.1037283
18986,18.986,0.11025502,6.067177
18987,18.987,0.10460372,6.098725
18988,18.988,0.12325666,6.084962
18989,18.989,0.12550023,5.9921045
18990,18.99,0.13032074,5.9963284
18991,18.991,0.1449322,6.0555396
18992,18.992,0.1267613,6.121281
18993,18.993,0.13506337,6.0544534
18994,18.994,0.1233148,6.0610213
18995,18.995,0.11924101,8.94461
18996,18.996,0.1212483,8.971294
18997,18.997,0.13267665,6.02863
18998,18.998,0.14231642,5.999898
18999,18.999,0.15951838,5.9852557
19000,19.0,0.15511693,5.9974303
19001,19.001,0.15427402,6.016302
19002,19.002,0.16790405,6.0353994
19003,19.003,0.15844662,6.0696635
19004,19.004,0.15971102,6.0746183
19005,19.005,0.14905766,6.1176586
19006,19.006,0.12879321,6.132629
19007,19.007,0.11907997,6.1610847
19008,19.008,0.11334042,9.065615
19009,19.009,0.11661793,9.102279
19010,19.01,0.13055116,8.912572
19011,19.011,0.11241259,8.925519
19012,19.012,0.1391458,9.005072
19013,19.013,0.16013026,9.128792
19014,19.014,0.1486896,9.162786
19015,19.015,0.12788348,9.155334
19016,19.016,0.11836725,9.192396
19017,19.017,0.112431094,9.232374
19018,19.018,0.1230821,9.211443
19019,19.019,0.105310805,9.224031
19020,19.02,0.11861114,9.268536
19021,19.021,0.12258521,9.390534
19022,19.022,0.11624463,9.39864
19023,19.023,0.1159838,9.372352
19024,19.024,0.09523999,9.311947
19025,19.025,0.09890302,9.304002
19026,19.026,0.09612675,9.363315
19027,19.027,0.09213311,6.17538
19028,19.028,0.08332594,6.146372
19029,19.029,0.08151953,6.2176576
19030,19.03,0.08992606,6.2280736
19031,19.031,0.07379389,6.193151
19032,19.032,0.068618454,6.159076
19033,19.033,0.0764317,6.144404
19034,19.034,0.10003264,9.322688
19035,19.035,0.09895911,9.362399
19036,19.036,0.094369404,9.228457
19037,19.037,0.09451873,9.187639
19038,19.038,0.08043174,9.1947155
19039,19.039,0.07531033,9.014594
19040,19.04,0.09008019,9.142877
19041,19.041,0.093740135,9.198424
19042,19.042,0.09284303,9.124131
19043,19.043,0.11247016,9.267826
19044,19.044,0.11267758,6.1572227
19045,19.045,0.09952056,9.328756
19046,19.046,0.10334295,6.133136
19047,19.047,0.107214525,6.0840907
19048,19.048,0.11525193,6.129266
19049,19.049,0.12825176,9.072559
19050,19.05,0.12079172,9.1016035
19051,19.051,0.10198049,9.069394
19052,19.052,0.103298195,9.029905
19053,19.053,0.0944649,8.986979
19054,19.054,0.11498885,9.03677
19055,19.055,0.11915566,9.01715
19056,19.056,0.11959143,8.839558
19057,19.057,0.13275504,8.883604
19058,19.058,0.14372762,8.897957
19059,19.059,0.120271906,8.992487
19060,19.06,0.118036695,8.963829
19061,19.061,0.113342464,9.072939
19062,19.062,0.10555421,9.176639
19063,19.063,0.09755203,9.29507
19064,19.064,0.102272525,9.40303
19065,19.065,0.09020842,9.381182
19066,19.066,0.09553327,9.432644
19067,19.067,0.110389136,6.129908
19068,19.068,0.116411574,6.16841
19069,19.069,0.09369573,9.554619
19070,19.07,0.09453585,6.2285023
19071,19.071,0.11119254,6.229534
19072,19.072,0.113755785,6.2235007
19073,19.073,0.10813351,6.2687864
19074,19.074,0.11052937,6.230592
19075,19.075,0.112944,6.2433796
19076,19.076,0.11150813,6.243834
19077,19.077,0.09687185,6.258233
19078,19.078,0.11512347,6.334088
19079,19.079,0.12861177,6.359234
19080,19.08,0.11428297,6.3615274
19081,19.081,0.11138989,6.3052473
19082,19.082,0.13165858,6.2753825
19083,19.083,0.15003316,6.224501
19084,19.084,0.13580082,6.224986
19085,19.085,0.1578941,6.2748814
19086,19.086,0.15362677,6.248804
19087,19.087,0.13035977,6.272268
19088,19.088,0.13997574,6.232075
19089,19.089,0.13437693,6.2479224
19090,19.09,0.14314252,6.244916
19091,19.091,0.14981419,9.262542
19092,19.092,0.16537204,6.271148
19093,19.093,0.15919921,9.055657
19094,19.094,0.15305384,9.206516
19095,19.095,0.16960831,9.102764
19096,19.096,0.16680163,9.2131405
19097,19.097,0.14636557,9.153556
19098,19.098,0.15602048,6.161478
19099,19.099,0.1481834,6.1368675
19100,19.1,0.1449928,9.182306
19101,19.101,0.13784707,9.161813
19102,19.102,0.1378236,6.1673546
19103,19.103,0.12610485,9.110704
19104,19.104,0.1460968,9.163152
19105,19.105,0.1324831,9.008126
19106,19.106,0.13355027,8.979902
19107,19.107,0.12891881,9.000988
19108,19.108,0.1291732,8.905447
19109,19.109,0.107810184,8.966778
19110,19.11,0.10408747,9.008822
19111,19.111,0.11034096,9.160288
19112,19.112,0.099949405,9.1457205
19113,19.113,0.13788061,9.097038
19114,19.114,0.1492607,8.901599
19115,19.115,0.14961034,8.856363
19116,19.116,0.14006986,8.886676
19117,19.117,0.1408008,8.956287
19118,19.118,0.14191459,9.075351
19119,19.119,0.1612152,9.104066
19120,19.12,0.17007658,9.085906
19121,19.121,0.16690694,8.947803
19122,19.122,0.1631057,9.101298
19123,19.123,0.16017646,9.208273
19124,19.124,0.14984196,9.120118
19125,19.125,0.14209369,6.1084223
19126,19.126,0.12344971,6.165671
19127,19.127,0.12602232,6.17531
19128,19.128,0.13623255,9.308163
19129,19.129,0.12877885,9.337423
19130,19.13,0.10365567,9.3102455
19131,19.131,0.09939503,9.259866
19132,19.132,0.09310165,9.503814
19133,19.133,0.07494104,9.478697
19134,19.134,0.0909232,9.32582
19135,19.135,0.09995634,9.382865
19136,19.136,0.099290304,9.250679
19137,19.137,0.108088605,9.215924
19138,19.138,0.109055355,9.178344
19139,19.139,0.099066526,9.247481
19140,19.14,0.10764708,9.295417
19141,19.141,0.10243064,6.131145
19142,19.142,0.11027808,6.1028953
19143,19.143,0.10532398,9.426094
19144,19.144,0.08914885,9.486163
19145,19.145,0.0693424,9.4418335
19146,19.146,0.08012647,9.467605
19147,19.147,0.0881054,9.427161
19148,19.148,0.09367105,9.320031
19149,19.149,0.089340545,9.349948
19150,19.15,0.09048223,9.319712
19151,19.151,0.10696842,9.257679
19152,19.152,0.098568186,9.185842
19153,19.153,0.09738361,9.332498
19154,19.154,0.099852204,9.236535
19155,19.155,0.09464827,9.060792
19156,19.156,0.0926935,9.058752
19157,19.157,0.091346845,9.225953
19158,19.158,0.09544127,9.313795
19159,19.159,0.10380946,6.175948
19160,19.16,0.110495895,6.132449
19161,19.161,0.1298729,6.166395
19162,19.162,0.11440429,6.182877
19163,19.163,0.11508531,6.207766
19164,19.164,0.109868504,6.1753464
19165,19.165,0.111551665,6.2106504
19166,19.166,0.104444474,6.162697
19167,19.167,0.09569527,6.1495247
19168,19.168,0.09806024,6.073581
19169,19.169,0.09224847,6.1478963
19170,19.17,0.098392114,6.135507
19171,19.171,0.09244875,6.1746607
19172,19.172,0.08223111,6.112367
19173,19.173,0.09976882,6.1072206
19174,19.174,0.10112906,6.077604
19175,19.175,0.09074503,9.60494
19176,19.176,0.088215545,9.63812
19177,19.177,0.09178869,9.78323
19178,19.178,0.08150819,9.807205
19179,19.179,0.09093082,9.866059
19180,19.18,0.08379904,9.93472
19181,19.181,0.09764204,6.1444206
19182,19.182,0.07975919,9.846605
19183,19.183,0.07639237,9.693838
19184,19.184,0.07281619,9.733807
19185,19.185,0.08720336,9.7170105
19186,19.186,0.081649885,6.1206
19187,19.187,0.108077906,6.1562433
19188,19.188,0.103450276,6.1795654
19189,19.189,0.10494574,6.1816063
19190,19.19,0.102710135,6.1649246
19191,19.191,0.11411697,6.1909018
19192,19.192,0.092138134,6.1484685
19193,19.193,0.08967375,10.015019
19194,19.194,0.08086175,9.976126
19195,19.195,0.087981984,9.924888
19196,19.196,0.08885271,9.95576
19197,19.197,0.09840151,9.90629
19198,19.198,0.09962736,9.893507
19199,19.199,0.10076262,9.806726
19200,19.2,0.09547275,9.818809
19201,19.201,0.10510863,9.73288
19202,19.202,0.10969371,9.733158
19203,19.203,0.108515546,9.681689
19204,19.204,0.10144862,9.684574
19205,19.205,0.103282526,9.700139
19206,19.206,0.10489506,9.701657
19207,19.207,0.09805788,9.699785
19208,19.208,0.096898094,9.674372
19209,19.209,0.096225314,9.737578
19210,19.21,0.1005743,9.643926
19211,19.211,0.08751564,9.562977
19212,19.212,0.09010584,9.620203
19213,19.213,0.0925787,9.671939
19214,19.214,0.09692673,9.68796
19215,19.215,0.083070286,9.763952
19216,19.216,0.0778968,9.732687
19217,19.217,0.102505095,9.684312
19218,19.218,0.11024872,9.672381
19219,19.219,0.10948908,9.65796
19220,19.22,0.10881128,9.571498
19221,19.221,0.13576166,9.528728
19222,19.222,0.1363547,9.540759
19223,19.223,0.14423181,9.4368515
19224,19.224,0.14611103,9.482498
19225,19.225,0.14912587,9.463123
19226,19.226,0.15790875,9.429319
19227,19.227,0.13814195,9.437402
19228,19.228,0.14409229,9.399205
19229,19.229,0.14326683,9.364492
19230,19.23,0.1362088,9.459747
19231,19.231,0.15280743,9.451323
19232,19.232,0.1429599,9.424789
19233,19.233,0.14570221,9.451808
19234,19.234,0.15068819,9.387151
19235,19.235,0.14616165,9.567088
19236,19.236,0.15248786,9.609262
19237,19.237,0.15848164,9.552109
19238,19.238,0.17711379,9.457402
19239,19.239,0.16207194,9.483305
19240,19.24,0.15965456,9.445908
19241,19.241,0.16843471,9.477102
19242,19.242,0.16179353,9.509949
19243,19.243,0.16147026,9.524884
19244,19.244,0.16675727,9.481028
19245,19.245,0.1766079,9.415619
19246,19.246,0.1558752,9.554384
19247,19.247,0.16406673,9.537502
19248,19.248,0.16486238,9.479154
19249,19.249,0.1610545,9.604339
19250,19.25,0.17354959,9.49232
19251,19.251,0.19771369,9.414677
19252,19.252,0.18997683,9.3894205
19253,19.253,0.18291502,9.325503
19254,19.254,0.18340728,7.693282
19255,19.255,0.1887633,7.6814256
19256,19.256,0.17097409,7.735117
19257,19.257,0.19120201,7.8644576
19258,19.258,0.20695865,7.8784876
19259,19.259,0.18912427,9.310419
19260,19.26,0.1781602,9.311313
19261,19.261,0.19103144,9.415689
19262,19.262,0.17253688,9.32595
19263,19.263,0.18796673,9.19657
19264,19.264,0.19556092,9.227126
19265,19.265,0.20573291,9.140805
19266,19.266,0.20398705,9.185238
19267,19.267,0.2107105,9.232647
19268,19.268,0.21383415,9.304559
19269,19.269,0.19574289,9.43361
19270,19.27,0.198555,9.5166235
19271,19.271,0.21480177,9.535354
19272,19.272,0.23012643,9.532909
19273,19.273,0.2305881,9.410724
19274,19.274,0.19547461,9.408356
19275,19.275,0.22173332,9.489225
19276,19.276,0.20749083,9.495462
19277,19.277,0.20759888,7.7548423
19278,19.278,0.21334814,7.756165
19279,19.279,0.23024595,7.5936947
19280,19.28,0.23699705,9.29655
19281,19.281,0.24667272,7.7386127
19282,19.282,0.25770935,7.63552
19283,19.283,0.23043564,7.6028485
19284,19.284,0.22756034,7.563894
19285,19.285,0.23767406,9.169592
19286,19.286,0.26078513,9.17669
19287,19.287,0.25884527,8.99679
19288,19.288,0.27128825,9.077265
19289,19.289,0.25556892,9.107196
19290,19.29,0.23074746,9.037305
19291,19.291,0.24928504,9.014413
19292,19.292,0.2780273,9.032503
19293,19.293,0.2905113,8.956188
19294,19.294,0.27971107,8.887425
19295,19.295,0.2814883,8.913091
19296,19.296,0.2817346,8.9148035
19297,19.297,0.2889465,8.896948
19298,19.298,0.2953134,8.805741
19299,19.299,0.28842837,9.079634
19300,19.3,0.3095811,9.005014
19301,19.301,0.29345524,8.950685
19302,19.302,0.29328343,9.049328
19303,19.303,0.3071783,9.037264
19304,19.304,0.28851813,9.119431
19305,19.305,0.2882744,8.936814
19306,19.306,0.27555156,8.892024
19307,19.307,0.2835521,8.875041
19308,19.308,0.27733624,8.823729
19309,19.309,0.27776107,8.954259
19310,19.31,0.30823544,9.030299
19311,19.311,0.29474446,9.117996
19312,19.312,0.28594887,9.030345
19313,19.313,0.30107012,9.117104
19314,19.314,0.3052606,9.068427
19315,19.315,0.31163245,9.1516285
19316,19.316,0.29071578,9.168191
19317,19.317,0.27924287,9.081026
19318,19.318,0.28013808,9.137256
19319,19.319,0.2611218,9.225336
19320,19.32,0.24611817,9.126205
19321,19.321,0.23178014,9.033883
19322,19.322,0.2456584,9.115768
19323,19.323,0.24013692,9.058098
19324,19.324,0.24889709,9.081799
19325,19.325,0.26629782,9.162495
19326,19.326,0.24274054,9.182704
19327,19.327,0.23653616,9.143339
19328,19.328,0.23209214,9.180211
19329,19.329,0.23415394,9.305546
19330,19.33,0.22366531,9.290514
19331,19.331,0.23060815,9.309513
19332,19.332,0.21702257,9.348001
19333,19.333,0.22792478,9.235309
19334,19.334,0.24497986,9.246136
19335,19.335,0.22347504,9.302558
19336,19.336,0.22497115,9.383098
19337,19.337,0.2319317,9.41445
19338,19.338,0.23542222,9.503711
19339,19.339,0.23067531,9.518816
19340,19.34,0.20184277,9.510169
19341,19.341,0.20467499,9.47275
19342,19.342,0.21380171,9.430848
19343,19.343,0.22713222,9.44248
19344,19.344,0.23749599,9.3459635
19345,19.345,0.22322144,9.32775
19346,19.346,0.22744855,9.387295
19347,19.347,0.23376262,9.355425
19348,19.348,0.19415018,9.392051
19349,19.349,0.19407754,9.386284
19350,19.35,0.21780309,9.287664
19351,19.351,0.20904604,9.330454
19352,19.352,0.17830548,9.264583
19353,19.353,0.17143728,9.211713
19354,19.354,0.17933461,9.24219
19355,19.355,0.17730558,9.166132
19356,19.356,0.17293572,9.235317
19357,19.357,0.15801266,9.181524
19358,19.358,0.13999887,9.02901
19359,19.359,0.13419616,9.152738
19360,19.36,0.15627515,9.308387
19361,19.361,0.1626131,9.182273
19362,19.362,0.1653958,9.086603
19363,19.363,0.17183195,9.141064
19364,19.364,0.16095543,9.084787
19365,19.365,0.15889977,8.982305
19366,19.366,0.13857473,9.000584
19367,19.367,0.13362987,8.978399
19368,19.368,0.15194562,9.060881
19369,19.369,0.16722246,9.016154
19370,19.37,0.16233705,8.974098
19371,19.371,0.16567235,8.913672
19372,19.372,0.14564191,8.895361
19373,19.373,0.15559016,8.864071
19374,19.374,0.11594193,8.846294
19375,19.375,0.1284103,8.925129
19376,19.376,0.13698736,8.958171
19377,19.377,0.1441805,8.969737
19378,19.378,0.1471218,8.895523
19379,19.379,0.15432796,8.836594
19380,19.38,0.12933955,8.875686
19381,19.381,0.14341037,8.827541
19382,19.382,0.11782301,8.91668
19383,19.383,0.13072282,8.868975
19384,19.384,0.11122164,8.876153
19385,19.385,0.12837428,8.887135
19386,19.386,0.11911297,8.878178
19387,19.387,0.12403264,8.843955
19388,19.388,0.13881142,8.80341
19389,19.389,0.13702618,8.916516
19390,19.39,0.12804608,8.912909
19391,19.391,0.12770256,8.945692
19392,19.392,0.13105313,8.952219
19393,19.393,0.13667308,8.968626
19394,19.394,0.14434397,8.972115
19395,19.395,0.1321791,8.957897
19396,19.396,0.12139122,8.92885
19397,19.397,0.11536822,8.781632
19398,19.398,0.1253749,8.729185
19399,19.399,0.1038718,8.687844
19400,19.4,0.10568554,8.767238
19401,19.401,0.10374931,8.675608
19402,19.402,0.10626366,8.681668
19403,19.403,0.09727435,8.700967
19404,19.404,0.09881884,8.67528
19405,19.405,0.10259527,8.55874
19406,19.406,0.10240581,8.576656
19407,19.407,0.11518972,8.453055
19408,19.408,0.13719478,8.3990755
19409,19.409,0.115460366,8.427246
19410,19.41,0.122339785,8.355449
19411,19.411,0.117110536,8.301053
19412,19.412,0.1267686,8.246413
19413,19.413,0.13492636,8.254764
19414,19.414,0.13614088,8.296705
19415,19.415,0.14304234,8.2566805
19416,19.416,0.14488114,8.257966
19417,19.417,0.14751257,8.328312
19418,19.418,0.14743418,8.381278
19419,19.419,0.14796326,8.494573
19420,19.42,0.14435679,8.513879
19421,19.421,0.16697618,8.510466
19422,19.422,0.15867554,8.584899
19423,19.423,0.12464994,8.610073
19424,19.424,0.12815978,8.608398
19425,19.425,0.12383117,8.653699
19426,19.426,0.11869883,8.675278
19427,19.427,0.11976336,8.700773
19428,19.428,0.16157761,8.6463175
19429,19.429,0.17044863,8.697816
19430,19.43,0.15436392,8.649451
19431,19.431,0.15827143,8.639595
19432,19.432,0.14435199,8.66971
19433,19.433,0.14247715,8.555125
19434,19.434,0.13428399,8.5352745
19435,19.435,0.14040782,8.662407
19436,19.436,0.14232616,8.721428
19437,19.437,0.13487494,8.613029
19438,19.438,0.14420135,8.657009
19439,19.439,0.1293181,8.669679
19440,19.44,0.14918633,8.639343
19441,19.441,0.14434397,8.649838
19442,19.442,0.16379595,8.699584
19443,19.443,0.16516781,8.652846
19444,19.444,0.1897881,8.631606
19445,19.445,0.1850225,8.684478
19446,19.446,0.17474045,8.703368
19447,19.447,0.1711822,8.632685
19448,19.448,0.1744266,8.598549
19449,19.449,0.1900985,8.582842
19450,19.45,0.19177671,8.566976
19451,19.451,0.18152317,8.579753
19452,19.452,0.19681829,8.583804
19453,19.453,0.19106653,8.613562
19454,19.454,0.16585505,8.512458
19455,19.455,0.16722798,8.577611
19456,19.456,0.18663985,8.592934
19457,19.457,0.17937844,8.59282
19458,19.458,0.19634317,8.572504
19459,19.459,0.20247406,8.5718
19460,19.46,0.21398762,8.55387
19461,19.461,0.22337364,8.4603615
19462,19.462,0.22275072,8.393722
19463,19.463,0.22266455,8.41876
19464,19.464,0.2404371,8.417248
19465,19.465,0.2164177,8.4291315
19466,19.466,0.22680217,8.484637
19467,19.467,0.20484999,8.453327
19468,19.468,0.20436299,8.374058
19469,19.469,0.20594633,8.420393
19470,19.47,0.20295875,8.451567
19471,19.471,0.20209232,8.476998
19472,19.472,0.19913517,8.432207
19473,19.473,0.19636083,8.541337
19474,19.474,0.21625847,8.616665
19475,19.475,0.21044481,8.557104
19476,19.476,0.20980005,8.56838
19477,19.477,0.21672729,8.5446415
19478,19.478,0.20964572,8.621469
19479,19.479,0.21153072,8.730048
19480,19.48,0.22933844,8.774139
19481,19.481,0.22628988,8.799085
19482,19.482,0.22559509,8.774783
19483,19.483,0.23824632,8.794142
19484,19.484,0.22108907,8.783963
19485,19.485,0.22088297,8.794188
19486,19.486,0.19779904,8.766746
19487,19.487,0.20996197,8.805068
19488,19.488,0.2038045,8.8235655
19489,19.489,0.20834813,8.7646265
19490,19.49,0.20176257,8.710723
19491,19.491,0.19470906,8.820851
19492,19.492,0.1715815,8.83653
19493,19.493,0.14336362,8.709469
19494,19.494,0.14999771,8.773435
19495,19.495,0.14998539,8.725117
19496,19.496,0.15456747,8.697143
19497,19.497,0.15774028,8.674171
19498,19.498,0.15138619,8.659801
19499,19.499,0.16162768,8.705771
19500,19.5,0.16126825,8.760979
19501,19.501,0.15694536,8.794147
19502,19.502,0.17251007,8.868333
19503,19.503,0.16522798,8.844503
19504,19.504,0.17071292,8.805711
19505,19.505,0.19094913,8.670873
19506,19.506,0.1862753,8.744151
19507,19.507,0.18029249,8.799957
19508,19.508,0.1606607,8.76348
19509,19.509,0.1499823,8.780646
19510,19.51,0.14970304,8.914259
19511,19.511,0.14263609,8.996422
19512,19.512,0.1339116,9.041319
19513,19.513,0.136881,8.978933
19514,19.514,0.16156474,8.963091
19515,19.515,0.15582922,8.906125
19516,19.516,0.16525736,8.913408
19517,19.517,0.15202169,8.929747
19518,19.518,0.1501333,8.97416
19519,19.519,0.14048189,9.000087
19520,19.52,0.13688268,9.050566
19521,19.521,0.1332834,8.977676
19522,19.522,0.14551169,8.989958
19523,19.523,0.14465916,8.8968115
19524,19.524,0.15405658,8.95856
19525,19.525,0.14001209,8.962222
19526,19.526,0.14749846,8.965582
19527,19.527,0.15579212,8.915214
19528,19.528,0.15683337,8.930106
19529,19.529,0.18142252,8.971494
19530,19.53,0.16790129,8.965215
19531,19.531,0.15854436,8.899447
19532,19.532,0.15674195,8.908936
19533,19.533,0.16035677,8.94084
19534,19.534,0.15190454,8.911996
19535,19.535,0.13926207,8.84158
19536,19.536,0.12923762,8.871215
19537,19.537,0.11233441,8.954815
19538,19.538,0.13036864,8.828366
19539,19.539,0.14202045,8.914624
19540,19.54,0.12554075,8.965922
19541,19.541,0.13025507,8.984619
19542,19.542,0.11823044,8.906505
19543,19.543,0.11814829,8.895441
19544,19.544,0.115191735,8.909679
19545,19.545,0.13147056,8.922699
19546,19.546,0.115614444,8.894648
19547,19.547,0.11382892,8.8514805
19548,19.548,0.12341974,8.855085
19549,19.549,0.11473926,8.84169
19550,19.55,0.12113956,8.780023
19551,19.551,0.113962896,8.694213
19552,19.552,0.10701811,8.681938
19553,19.553,0.10783806,8.618238
19554,19.554,0.10702892,8.555037
19555,19.555,0.10682567,8.546116
19556,19.556,0.09829338,8.552573
19557,19.557,0.1082788,8.429534
19558,19.558,0.08697771,8.516832
19559,19.559,0.10671524,8.529957
19560,19.56,0.12729275,8.552987
19561,19.561,0.11740037,8.541451
19562,19.562,0.124176085,8.528283
19563,19.563,0.13366447,9.26605
19564,19.564,0.115888074,8.5224905
19565,19.565,0.13460213,8.555811
19566,19.566,0.13194275,8.483335
19567,19.567,0.1247445,8.454846
19568,19.568,0.111169666,8.440989
19569,19.569,0.104468815,8.425565
19570,19.57,0.09948105,8.433542
19571,19.571,0.10035799,8.477156
19572,19.572,0.11255235,8.510375
19573,19.573,0.12727278,8.565976
19574,19.574,0.13270104,8.592779
19575,19.575,0.115197755,8.625327
19576,19.576,0.10562208,8.62934
19577,19.577,0.12003139,8.528587
19578,19.578,0.1272419,8.586066
19579,19.579,0.11287029,8.572276
19580,19.58,0.12025653,8.539707
19581,19.581,0.11101566,8.557638
19582,19.582,0.11151228,8.446501
19583,19.583,0.12296747,8.408169
19584,19.584,0.131203,8.372748
19585,19.585,0.13403584,8.324067
19586,19.586,0.118298866,8.307274
19587,19.587,0.13089603,8.324061
19588,19.588,0.116606034,8.336452
19589,19.589,0.11453557,8.348659
19590,19.59,0.13740022,8.325209
19591,19.591,0.13266271,8.278536
19592,19.592,0.14724432,8.33283
19593,19.593,0.13722849,8.453941
19594,19.594,0.12357513,8.382662
19595,19.595,0.114902355,8.520487
19596,19.596,0.11104065,8.513369
19597,19.597,0.11570639,8.465162
19598,19.598,0.11324655,8.446487
19599,19.599,0.107863784,8.456898
19600,19.6,0.121347405,8.427772
19601,19.601,0.112917386,8.4775505
19602,19.602,0.111694574,8.475971
19603,19.603,0.12581667,8.547773
19604,19.604,0.11943861,8.596971
19605,19.605,0.12050812,8.531361
19606,19.606,0.1334429,8.536084
19607,19.607,0.12808579,8.654717
19608,19.608,0.10414299,8.532995
19609,19.609,0.11229941,8.420773
19610,19.61,0.12325479,8.495642
19611,19.611,0.12735268,8.557776
19612,19.612,0.120740026,8.626005
19613,19.613,0.11888955,8.742528
19614,19.614,0.13812855,8.688469
19615,19.615,0.13163401,8.703155
19616,19.616,0.1277804,8.683426
19617,19.617,0.12519404,8.67857
19618,19.618,0.13208637,8.64302
19619,19.619,0.1263393,8.749795
19620,19.62,0.13078824,8.737811
19621,19.621,0.12932166,8.757879
19622,19.622,0.13557592,8.800621
19623,19.623,0.14091077,8.808272
19624,19.624,0.15423356,8.892591
19625,19.625,0.13837104,8.898777
19626,19.626,0.16256475,8.926045
19627,19.627,0.15975733,8.949725
19628,19.628,0.14929633,8.866523
19629,19.629,0.14306012,8.8140335
19630,19.63,0.15030567,8.86244
19631,19.631,0.14330716,8.805001
19632,19.632,0.13772795,8.779532
19633,19.633,0.1432636,8.676109
19634,19.634,0.16215464,8.692741
19635,19.635,0.181929,8.655798
19636,19.636,0.16034237,8.679329
19637,19.637,0.16751392,8.697323
19638,19.638,0.16252635,8.622024
19639,19.639,0.17437224,8.708974
19640,19.64,0.1702043,8.744355
19641,19.641,0.15538795,8.705254
19642,19.642,0.13769269,8.664356
19643,19.643,0.14451206,8.6323595
19644,19.644,0.15006553,8.623397
19645,19.645,0.16113344,8.686037
19646,19.646,0.17166503,8.784121
19647,19.647,0.15044403,8.626572
19648,19.648,0.14213598,8.85275
19649,19.649,0.14069404,8.686548
19650,19.65,0.11798184,8.5961895
19651,19.651,0.12314595,8.649
19652,19.652,0.11825977,8.565929
19653,19.653,0.13975094,8.613117
19654,19.654,0.13878478,8.564544
19655,19.655,0.13538137,8.538204
19656,19.656,0.13098961,8.522259
19657,19.657,0.14855738,8.673019
19658,19.658,0.16169776,8.707011
19659,19.659,0.15834153,8.718428
19660,19.66,0.14118779,8.781756
19661,19.661,0.1492514,6.0087495
19662,19.662,0.16156903,8.742275
19663,19.663,0.15216912,8.868496
19664,19.664,0.14911503,9.3545065
19665,19.665,0.14687644,9.235579
19666,19.666,0.13876645,9.229847
19667,19.667,0.1505961,9.117186
19668,19.668,0.14363107,9.298953
19669,19.669,0.124012135,9.372568
19670,19.67,0.13335104,8.774638
19671,19.671,0.12831303,8.799619
19672,19.672,0.12352647,8.810664
19673,19.673,0.13436316,8.771981
19674,19.674,0.15128689,8.7797785
19675,19.675,0.13361257,8.69871
19676,19.676,0.1404457,8.714205
19677,19.677,0.14023647,8.640702
19678,19.678,0.14912744,8.712332
19679,19.679,0.16573931,8.686098
19680,19.68,0.15397252,8.672403
19681,19.681,0.13413928,8.575246
19682,19.682,0.14216363,9.149735
19683,19.683,0.12568799,8.425569
19684,19.684,0.13659017,9.023944
19685,19.685,0.12915173,8.8580475
19686,19.686,0.13974433,8.159485
19687,19.687,0.13418065,8.232762
19688,19.688,0.13356757,8.184237
19689,19.689,0.12534724,8.175041
19690,19.69,0.12533617,9.023906
19691,19.691,0.1205062,8.996916
19692,19.692,0.12630452,8.939445
19693,19.693,0.12079554,8.920541
19694,19.694,0.12634479,9.073175
19695,19.695,0.12487232,8.903512
19696,19.696,0.12078023,8.968484
19697,19.697,0.11801711,8.352557
19698,19.698,0.11489431,8.408513
19699,19.699,0.11548239,8.339075
19700,19.7,0.104954556,8.332175
19701,19.701,0.11671504,8.426309
19702,19.702,0.10605241,8.451341
19703,19.703,0.10449094,8.37426
19704,19.704,0.10642237,8.381742
19705,19.705,0.11351978,8.397202
19706,19.706,0.12329792,8.360303
19707,19.707,0.13446636,8.416544
19708,19.708,0.122443676,8.392977
19709,19.709,0.13500002,8.445527
19710,19.71,0.14111899,8.3753
19711,19.711,0.14537816,8.348471
19712,19.712,0.14692366,8.402165
19713,19.713,0.14509162,8.303173
19714,19.714,0.1503887,8.397164
19715,19.715,0.13894628,8.403547
19716,19.716,0.13122943,8.453363
19717,19.717,0.13915078,8.499896
19718,19.718,0.13705653,8.55903
19719,19.719,0.15627663,8.593547
19720,19.72,0.16807333,8.631504
19721,19.721,0.15959372,8.689713
19722,19.722,0.1607125,8.73834
19723,19.723,0.1554876,8.731854
19724,19.724,0.16695818,8.832766
19725,19.725,0.17299588,8.798182
19726,19.726,0.16525036,8.778385
19727,19.727,0.17059912,8.678054
19728,19.728,0.19570628,8.654501
19729,19.729,0.1990237,8.640168
19730,19.73,0.17562598,8.574876
19731,19.731,0.17755315,8.673489
19732,19.732,0.18582173,8.705534
19733,19.733,0.1831449,8.702527
19734,19.734,0.19229318,8.6412945
19735,19.735,0.20965011,8.557508
19736,19.736,0.22096564,8.577386
19737,19.737,0.22495778,8.526916
19738,19.738,0.21450882,8.575383
19739,19.739,0.22571804,8.564348
19740,19.74,0.21596856,8.555704
19741,19.741,0.2267196,8.509968
19742,19.742,0.23260358,8.466589
19743,19.743,0.21539508,8.56099
19744,19.744,0.2114367,8.570476
19745,19.745,0.21094845,8.520137
19746,19.746,0.2158829,8.58384
19747,19.747,0.23198554,8.516367
19748,19.748,0.23473082,8.417876
19749,19.749,0.22586241,8.54277
19750,19.75,0.24031015,8.558805
19751,19.751,0.23415196,8.532378
19752,19.752,0.23067531,8.630247
19753,19.753,0.23428817,8.571606
19754,19.754,0.23939347,8.584448
19755,19.755,0.23092173,8.603054
19756,19.756,0.23403345,8.588377
19757,19.757,0.23522966,8.494036
19758,19.758,0.23554102,8.492373
19759,19.759,0.22657473,8.552159
19760,19.76,0.23730025,8.618435
19761,19.761,0.2396097,8.567313
19762,19.762,0.24554074,8.578279
19763,19.763,0.24005988,8.43612
19764,19.764,0.25201344,8.38312
19765,19.765,0.25145507,8.438565
19766,19.766,0.24936295,8.392438
19767,19.767,0.2215967,8.280067
19768,19.768,0.22983791,8.292772
19769,19.769,0.23145273,8.139973
19770,19.77,0.22666146,8.181217
19771,19.771,0.23807839,8.207101
19772,19.772,0.24769127,8.333133
19773,19.773,0.24050249,8.294151
19774,19.774,0.23727784,8.319244
19775,19.775,0.23978911,8.282119
19776,19.776,0.23445785,8.364567
19777,19.777,0.23294128,8.352888
19778,19.778,0.23165044,8.347891
19779,19.779,0.23601365,8.302983
19780,19.78,0.21691708,8.359195
19781,19.781,0.23680285,8.375168
19782,19.782,0.24997687,8.339085
19783,19.783,0.2508604,8.374162
19784,19.784,0.24869823,8.391377
19785,19.785,0.25228485,8.307763
19786,19.786,0.2477314,8.393262
19787,19.787,0.26068404,8.379942
19788,19.788,0.2377081,8.423278
19789,19.789,0.23707606,8.436312
19790,19.79,0.23755342,8.484138
19791,19.791,0.23792976,8.414714
19792,19.792,0.23153864,8.453876
19793,19.793,0.23171729,8.584776
19794,19.794,0.24692002,8.569385
19795,19.795,0.24279577,8.470733
19796,19.796,0.23642373,8.500664
19797,19.797,0.24038133,8.420229
19798,19.798,0.24123389,8.396223
19799,19.799,0.25531098,8.454257
19800,19.8,0.2388685,8.592052
19801,19.801,0.2459885,8.5890465
19802,19.802,0.24360286,8.575473
19803,19.803,0.26283208,8.478029
19804,19.804,0.25927097,8.481847
19805,19.805,0.25905865,8.496337
19806,19.806,0.24837545,8.53991
19807,19.807,0.2504121,8.653561
19808,19.808,0.23721254,8.646072
19809,19.809,0.24685541,8.6368685
19810,19.81,0.24224286,8.539945
19811,19.811,0.23005207,8.647695
19812,19.812,0.2419707,8.695162
19813,19.813,0.24667458,8.527423
19814,19.814,0.24414702,8.533758
19815,19.815,0.2585477,8.536779
19816,19.816,0.2664627,8.602516
19817,19.817,0.26633948,8.642297
19818,19.818,0.27311096,8.539354
19819,19.819,0.28291053,8.5752125
19820,19.82,0.29800206,8.529453
19821,19.821,0.3024576,8.448835
19822,19.822,0.30480736,8.45405
19823,19.823,0.29820216,8.562494
19824,19.824,0.2979625,8.603129
19825,19.825,0.29740098,8.643489
19826,19.826,0.31280023,8.609991
19827,19.827,0.29406047,8.570911
19828,19.828,0.2942868,8.603533
19829,19.829,0.3044651,8.60657
19830,19.83,0.29561698,8.549636
19831,19.831,0.3031219,8.469735
19832,19.832,0.32479227,8.484498
19833,19.833,0.34088436,8.534089
19834,19.834,0.33981654,8.651366
19835,19.835,0.36998314,8.598428
19836,19.836,0.35399124,8.609467
19837,19.837,0.34151182,8.651251
19838,19.838,0.33447462,8.641846
19839,19.839,0.3266597,8.588737
19840,19.84,0.33182788,8.556602
19841,19.841,0.32006267,8.49256
19842,19.842,0.32369277,8.480507
19843,19.843,0.31586215,8.376168
19844,19.844,0.322735,8.464803
19845,19.845,0.31795734,8.424888
19846,19.846,0.30418706,8.439023
19847,19.847,0.30337805,8.360972
19848,19.848,0.2971451,8.244957
19849,19.849,0.29831687,8.302562
19850,19.85,0.30983937,8.430215
19851,19.851,0.32086274,8.353544
19852,19.852,0.32513094,8.441609
19853,19.853,0.31280613,8.47875
19854,19.854,0.30050442,8.388363
19855,19.855,0.30669245,8.460095
19856,19.856,0.3252795,8.630107
19857,19.857,0.30520988,8.578937
19858,19.858,0.30775577,8.652488
19859,19.859,0.30618092,8.661933
19860,19.86,0.28548524,8.576455
19861,19.861,0.3037794,8.612
19862,19.862,0.3147469,8.583418
19863,19.863,0.32440624,8.559442
19864,19.864,0.3189454,8.546281
19865,19.865,0.32579014,8.645483
19866,19.866,0.3202533,8.732613
19867,19.867,0.3406245,8.87109
19868,19.868,0.3316655,9.053725
19869,19.869,0.34152943,9.0733795
19870,19.87,0.34056884,9.049964
19871,19.871,0.3407134,8.9879465
19872,19.872,0.33694834,8.978119
19873,19.873,0.3493724,9.028897
19874,19.874,0.32371992,8.971475
19875,19.875,0.32711235,8.899492
19876,19.876,0.340484,8.709366
19877,19.877,0.3557431,8.743473
19878,19.878,0.35512388,8.727807
19879,19.879,0.33444282,8.73304
19880,19.88,0.31371245,8.663132
19881,19.881,0.34903142,8.690315
19882,19.882,0.34057766,8.54601
19883,19.883,0.33437645,8.749099
19884,19.884,0.33564764,8.782797
19885,19.885,0.32406896,8.772457
19886,19.886,0.31698808,8.760651
19887,19.887,0.30627152,8.7558365
19888,19.888,0.3048377,8.8446045
19889,19.889,0.30052212,8.692611
19890,19.89,0.30308527,8.7101965
19891,19.891,0.3090624,8.643254
19892,19.892,0.32941046,8.713688
19893,19.893,0.32859603,8.689858
19894,19.894,0.32927006,8.738993
19895,19.895,0.3310913,8.835001
19896,19.896,0.31315184,8.778747
19897,19.897,0.30618396,8.787054
19898,19.898,0.30576384,8.780312
19899,19.899,0.30530226,8.793864
19900,19.9,0.2953032,8.7226
19901,19.901,0.27929336,8.772582
19902,19.902,0.27655572,8.699818
19903,19.903,0.2963754,8.715395
19904,19.904,0.3044279,8.755574
19905,19.905,0.263882,8.668209
19906,19.906,0.25771922,8.630182
19907,19.907,0.2423898,8.73364
19908,19.908,0.23993368,8.577068
19909,19.909,0.2303403,8.508783
19910,19.91,0.24298614,8.5225315
19911,19.911,0.22948961,8.5286
19912,19.912,0.2319327,8.501506
19913,19.913,0.24602892,8.634275
19914,19.914,0.25938597,8.615811
19915,19.915,0.26689446,8.589288
19916,19.916,0.27039108,8.505933
19917,19.917,0.27069274,8.478497
19918,19.918,0.28090125,8.409634
19919,19.919,0.27986395,8.388461
19920,19.92,0.27776608,8.40025
19921,19.921,0.26080996,8.273416
19922,19.922,0.27263224,8.234379
19923,19.923,0.28961304,8.380155
19924,19.924,0.27299494,8.35533
19925,19.925,0.28475788,8.346784
19926,19.926,0.2975976,8.315527
19927,19.927,0.32315165,8.255779
19928,19.928,0.29564905,8.371916
19929,19.929,0.29060838,8.415948
19930,19.93,0.29366314,8.407582
19931,19.931,0.29366,8.329129
19932,19.932,0.29641986,8.180168
19933,19.933,0.3178868,8.201597
19934,19.934,0.3145632,8.403155
19935,19.935,0.3096565,8.513175
19936,19.936,0.2924024,8.323737
19937,19.937,0.29776612,8.34785
19938,19.938,0.31846955,8.324872
19939,19.939,0.30294564,8.331693
19940,19.94,0.2990151,8.271926
19941,19.941,0.30017725,8.3519535
19942,19.942,0.29348913,8.356247
19943,19.943,0.2865272,8.365316
19944,19.944,0.2581208,8.291657
19945,19.945,0.25488502,8.272386
19946,19.946,0.27343413,8.409877
19947,19.947,0.30475578,8.440994
19948,19.948,0.28885847,8.454037
19949,19.949,0.2796036,8.502593
19950,19.95,0.29825565,8.509726
19951,19.951,0.32817432,8.490061
19952,19.952,0.3244611,8.372306
19953,19.953,0.31931126,8.346839
19954,19.954,0.3322373,8.318488
19955,19.955,0.3309048,8.261907
19956,19.956,0.32762155,8.185456
19957,19.957,0.35113874,8.359037
19958,19.958,0.343867,8.398654
19959,19.959,0.3373337,8.433776
19960,19.96,0.33965868,8.5118065
19961,19.961,0.34674066,8.495091
19962,19.962,0.36370483,8.411221
19963,19.963,0.3563814,8.44522
19964,19.964,0.341081,8.55877
19965,19.965,0.3349954,8.475355
19966,19.966,0.3283377,8.376676
19967,19.967,0.30851057,8.336926
19968,19.968,0.31871846,8.377889
19969,19.969,0.32987195,8.533183
19970,19.97,0.3376365,8.607672
19971,19.971,0.34963897,8.624259
19972,19.972,0.3574062,8.553548
19973,19.973,0.3614962,8.547918
19974,19.974,0.3665239,8.528226
19975,19.975,0.36858767,8.516948
19976,19.976,0.3679536,8.532015
19977,19.977,0.3862013,8.629071
19978,19.978,0.38951904,8.614871
19979,19.979,0.39067945,8.661016
19980,19.98,0.39788762,8.646523
19981,19.981,0.4145318,8.660281
19982,19.982,0.41941878,8.610781
19983,19.983,0.44273332,8.620586
19984,19.984,0.4578841,8.498571
19985,19.985,0.48431987,8.528187
19986,19.986,0.4679775,8.551695
19987,19.987,0.4656036,8.523439
19988,19.988,0.45282233,8.587416
19989,19.989,0.46844584,8.590525
19990,19.99,0.4870458,8.577604
19991,19.991,0.46519253,8.511169
19992,19.992,0.48477623,8.585388
19993,19.993,0.51083654,8.570972
19994,19.994,0.5069636,8.774608
19995,19.995,0.51432264,8.697411
19996,19.996,0.51974636,8.689939
19997,19.997,0.50886154,8.5485115
19998,19.998,0.50415874,8.447732
19999,19.999,0.52378255,8.360829
