frame,time_ns,protein_ca_rmsd_nm,ligand_rmsd_nm
0,0.0,0.0,0.0
1,0.001,0.04124301,0.08054338
2,0.002,0.06988681,0.12589334
3,0.003,0.07192169,0.15093453
4,0.004,0.068635136,0.10821907
5,0.005,0.067646414,0.1569577
6,0.006,0.065308504,0.19893518
7,0.007,0.06241035,0.22285613
8,0.008,0.06551074,0.29376575
9,0.009,0.07788443,0.26175842
10,0.01,0.063834436,0.28085098
11,0.011,0.075502545,0.2718549
12,0.012,0.094703995,0.22189777
13,0.013,0.0906401,0.18343206
14,0.014,0.08651263,0.23363636
15,0.015,0.08530008,0.20192346
16,0.016,0.09018347,0.20141421
17,0.017,0.08388542,0.16555011
18,0.018,0.08153774,0.14631161
19,0.019,0.0802163,0.11806136
20,0.02,0.094637044,0.12204451
21,0.021,0.07892889,0.08617187
22,0.022,0.07436534,0.13836579
23,0.023,0.06733828,0.1444732
24,0.024,0.07530835,0.11290596
25,0.025,0.0770401,0.09143396
26,0.026,0.084827766,0.110676624
27,0.027,0.083872214,0.079359196
28,0.028,0.089485556,0.110670246
29,0.029,0.07514068,0.110367484
30,0.03,0.071752965,0.17316641
31,0.031,0.07232435,0.08967723
32,0.032,0.0718438,0.1192572
33,0.033,0.062269215,0.16205017
34,0.034,0.070587605,0.15510921
35,0.035,0.06693229,0.12215111
36,0.036,0.08306209,0.13042887
37,0.037,0.078415066,0.14662638
38,0.038,0.08109358,0.20988633
39,0.039,0.076344535,0.20288509
40,0.04,0.07076693,0.17882076
41,0.041,0.064829096,0.20511699
42,0.042,0.06872383,0.16437368
43,0.043,0.06535465,0.18559551
44,0.044,0.0635785,0.18613818
45,0.045,0.07402118,0.17910838
46,0.046,0.069547035,0.11076017
47,0.047,0.072159976,0.12572329
48,0.048,0.06762549,0.15513316
49,0.049,0.06989297,0.17570686
50,0.05,0.06700671,0.2274751
51,0.051,0.06578161,0.26649988
52,0.052,0.06275053,0.2826819
53,0.053,0.06935834,0.200001
54,0.054,0.07984883,0.20655511
55,0.055,0.088671215,0.21182714
56,0.056,0.101475224,0.22534728
57,0.057,0.093921795,0.23588082
58,0.058,0.08914594,0.24615477
59,0.059,0.0874928,0.26201752
60,0.06,0.07679292,0.23855023
61,0.061,0.09737042,0.21673962
62,0.062,0.08940026,4.5404515
63,0.063,0.08028147,4.515194
64,0.064,0.09715978,4.4878936
65,0.065,0.099298194,4.4798746
66,0.066,0.104751095,0.16298755
67,0.067,0.11044923,0.153109
68,0.068,0.10966769,0.16930147
69,0.069,0.102046594,0.18670382
70,0.07,0.08890336,0.19991796
71,0.071,0.086792395,0.20049621
72,0.072,0.09667794,0.21573722
73,0.073,0.08255685,0.20649526
74,0.074,0.085615434,0.23983797
75,0.075,0.1111467,0.31770203
76,0.076,0.0995309,0.33073512
77,0.077,0.116822556,0.3496677
78,0.078,0.106230795,0.33338407
79,0.079,0.10978992,0.3611729
80,0.08,0.1137014,0.3591995
81,0.081,0.114869654,0.33065835
82,0.082,0.11828077,0.2091843
83,0.083,0.11930937,0.29066175
84,0.084,0.11548345,0.25622615
85,0.085,0.10871654,0.22068095
86,0.086,0.10381357,0.16183239
87,0.087,0.11424341,0.1648802
88,0.088,0.10990643,0.25192347
89,0.089,0.11212059,0.19128372
90,0.09,0.10295838,0.19284593
91,0.091,0.10545708,0.17574872
92,0.092,0.10294643,0.25390875
93,0.093,0.098833,0.21958521
94,0.094,0.091204464,0.17473409
95,0.095,0.09557317,0.15551667
96,0.096,0.10371218,0.1365066
97,0.097,0.109496444,0.16168106
98,0.098,0.102398105,0.20558232
99,0.099,0.10539288,0.18260522
100,0.1,0.11491357,0.18330063
101,0.101,0.11811628,0.2193745
102,0.102,0.110882334,0.18655898
103,0.103,0.12146359,4.4914217
104,0.104,0.1078774,4.4821415
105,0.105,0.10744249,4.478621
106,0.106,0.10360237,4.480557
107,0.107,0.10753637,4.4857183
108,0.108,0.114876084,4.476641
109,0.109,0.0993112,4.472316
110,0.11,0.11309643,4.4540086
111,0.111,0.13301526,4.511465
112,0.112,0.131962,4.4580135
113,0.113,0.12165087,4.4110026
114,0.114,0.10930804,4.328671
115,0.115,0.113717094,4.3623376
116,0.116,0.11895818,4.400338
117,0.117,0.1151425,4.5033803
118,0.118,0.10526203,4.3830023
119,0.119,0.12457449,4.442559
120,0.12,0.10605574,4.432207
121,0.121,0.101691455,4.5191183
122,0.122,0.09380708,4.480875
123,0.123,0.0976531,4.4886665
124,0.124,0.102905184,4.4953065
125,0.125,0.09641474,4.493817
126,0.126,0.09360617,4.562286
127,0.127,0.10663315,4.3851123
128,0.128,0.10931986,0.22550566
129,0.129,0.09955871,4.494021
130,0.13,0.10573269,4.5472465
131,0.131,0.0973679,0.13971718
132,0.132,0.10640672,0.161362
133,0.133,0.10298527,0.23427139
134,0.134,0.09552552,0.19962308
135,0.135,0.08265889,0.3044838
136,0.136,0.08862887,0.30347988
137,0.137,0.09196495,0.29629794
138,0.138,0.089122474,0.2997312
139,0.139,0.07597615,0.25442138
140,0.14,0.08053628,0.33820543
141,0.141,0.07590971,0.33024836
142,0.142,0.077362075,0.27951717
143,0.143,0.07405858,0.2223966
144,0.144,0.06298541,0.24165028
145,0.145,0.071009964,0.21178885
146,0.146,0.07857732,0.23877169
147,0.147,0.085807815,0.24096134
148,0.148,0.07786468,0.22233531
149,0.149,0.083639346,0.21563333
150,0.15,0.0805317,0.3133299
151,0.151,0.08391988,0.24438582
152,0.152,0.09579437,0.19006656
153,0.153,0.08499225,0.22959428
154,0.154,0.08603124,0.2605493
155,0.155,0.07964592,0.22790532
156,0.156,0.08653397,0.1323288
157,0.157,0.08464479,0.16321118
158,0.158,0.08334088,0.15812075
159,0.159,0.08726113,0.15506853
160,0.16,0.073914714,0.13143387
161,0.161,0.07119082,0.17460476
162,0.162,0.07012586,0.19578756
163,0.163,0.07057802,0.14478736
164,0.164,0.07879704,0.18846262
165,0.165,0.07999818,0.22127378
166,0.166,0.067568146,0.19574971
167,0.167,0.07117008,0.28929317
168,0.168,0.072865084,0.22221553
169,0.169,0.08509571,4.463854
170,0.17,0.071262516,0.31039947
171,0.171,0.07822653,0.31702116
172,0.172,0.072941884,0.25921273
173,0.173,0.06213469,0.2577754
174,0.174,0.07136088,0.20663011
175,0.175,0.07578316,0.17900646
176,0.176,0.0875645,0.15342714
177,0.177,0.08645643,0.13279706
178,0.178,0.091016054,0.1184739
179,0.179,0.08897046,4.5589375
180,0.18,0.0999793,0.11101814
181,0.181,0.089111425,0.2152064
182,0.182,0.08649983,4.5351195
183,0.183,0.0894326,4.5311317
184,0.184,0.08876483,4.535545
185,0.185,0.09202849,4.5160866
186,0.186,0.073927194,0.2216764
187,0.187,0.084992975,0.19526277
188,0.188,0.08287966,0.15747394
189,0.189,0.07829021,0.20943056
190,0.19,0.083065055,0.20803627
191,0.191,0.070848614,0.24616404
192,0.192,0.084827036,0.2142199
193,0.193,0.08408468,0.24766727
194,0.194,0.07576287,0.23308359
195,0.195,0.07917717,0.23420003
196,0.196,0.07674323,0.21426123
197,0.197,0.07964515,0.24372412
198,0.198,0.073714666,0.18569745
199,0.199,0.08478786,0.21866313
200,0.2,0.08793961,0.23294623
201,0.201,0.09734578,0.1893108
202,0.202,0.09619112,0.2996122
203,0.203,0.10770673,0.2327554
204,0.204,0.082624644,0.21492238
205,0.205,0.095827766,0.25659043
206,0.206,0.091396526,0.2261584
207,0.207,0.10163154,0.24361984
208,0.208,0.09638347,0.18109429
209,0.209,0.09814958,0.18421961
210,0.21,0.09707742,0.20603167
211,0.211,0.088414796,0.17182487
212,0.212,0.107710734,0.21392265
213,0.213,0.09545142,0.25829324
214,0.214,0.0916634,0.23349369
215,0.215,0.09558283,0.20791005
216,0.216,0.094620794,0.23540317
217,0.217,0.10536486,0.2705545
218,0.218,0.11341153,0.24357122
219,0.219,0.11473567,0.19934767
220,0.22,0.10487554,0.15527773
221,0.221,0.10062401,0.15081763
222,0.222,0.09171507,0.15728942
223,0.223,0.09261961,0.15435213
224,0.224,0.1219595,0.16127461
225,0.225,0.12084758,0.1880713
226,0.226,0.12473638,0.17582922
227,0.227,0.11797712,0.15854119
228,0.228,0.12522621,0.19273132
229,0.229,0.13342445,0.19701546
230,0.23,0.11829481,0.20133539
231,0.231,0.12660272,0.20301963
232,0.232,0.12223716,0.19159807
233,0.233,0.1322275,0.1681942
234,0.234,0.11413726,0.16411482
235,0.235,0.09632152,0.17246787
236,0.236,0.09184244,0.1698568
237,0.237,0.077701725,0.1255005
238,0.238,0.081527926,0.14349756
239,0.239,0.08971903,0.1707923
240,0.24,0.08421191,0.16597962
241,0.241,0.08409053,0.18635413
242,0.242,0.09590286,0.23993088
243,0.243,0.09883986,0.33113065
244,0.244,0.088964924,0.26581457
245,0.245,0.078359336,0.2729488
246,0.246,0.08644504,0.27916718
247,0.247,0.09178279,0.24480337
248,0.248,0.09332375,0.23575181
249,0.249,0.08799347,0.26708028
250,0.25,0.06934858,0.24005646
251,0.251,0.08807944,0.2591649
252,0.252,0.0806447,0.21433829
253,0.253,0.09149678,0.29368067
254,0.254,0.083708465,0.19839677
255,0.255,0.0911822,0.18129915
256,0.256,0.09250396,0.17078272
257,0.257,0.09495897,0.16854446
258,0.258,0.090377696,0.10042639
259,0.259,0.08015645,0.121080756
260,0.26,0.091018766,0.09088059
261,0.261,0.10230072,0.17452563
262,0.262,0.108597055,0.20065735
263,0.263,0.10036932,0.20760772
264,0.264,0.10617576,0.24191998
265,0.265,0.105129264,0.2209945
266,0.266,0.092953816,0.2520423
267,0.267,0.11823915,0.21367241
268,0.268,0.12005788,0.27137634
269,0.269,0.121365786,0.27097645
270,0.27,0.12361858,0.27276713
271,0.271,0.13743064,0.28393248
272,0.272,0.12952003,0.3022769
273,0.273,0.11190802,0.35457197
274,0.274,0.11855978,0.41624722
275,0.275,0.117366925,0.46759963
276,0.276,0.1136267,0.39503694
277,0.277,0.110484324,0.47193423
278,0.278,0.121959,0.47737488
279,0.279,0.11639517,0.37445962
280,0.28,0.1099803,0.42740196
281,0.281,0.11342075,0.41680998
282,0.282,0.108395174,0.4372709
283,0.283,0.1020267,0.42493984
284,0.284,0.103761405,0.49595922
285,0.285,0.10167875,0.4445893
286,0.286,0.098880924,0.38969293
287,0.287,0.10389947,0.41229895
288,0.288,0.09612202,0.4247631
289,0.289,0.092284866,0.36326215
290,0.29,0.08797879,0.4246979
291,0.291,0.07637193,0.4100485
292,0.292,0.0750735,0.35410422
293,0.293,0.0860341,0.3589617
294,0.294,0.07466919,0.34206647
295,0.295,0.08104805,0.35160542
296,0.296,0.081974976,0.27610815
297,0.297,0.091656014,0.2903888
298,0.298,0.08389568,0.32046533
299,0.299,0.096606635,0.3626888
300,0.3,0.09861238,0.3865235
301,0.301,0.08684484,0.40357763
302,0.302,0.09469879,0.41882735
303,0.303,0.084569156,0.37596807
304,0.304,0.07685699,0.39861217
305,0.305,0.071818106,0.38618895
306,0.306,0.07778404,0.33417672
307,0.307,0.08154226,0.34628972
308,0.308,0.08216989,0.42252263
309,0.309,0.08640304,0.4662557
310,0.31,0.087147534,0.47311458
311,0.311,0.08963806,0.5035195
312,0.312,0.08843567,0.4323988
313,0.313,0.1019193,0.33871597
314,0.314,0.10448998,0.3380678
315,0.315,0.1090505,0.39296302
316,0.316,0.10163456,0.47080296
317,0.317,0.104873784,0.32416338
318,0.318,0.10452295,0.30713254
319,0.319,0.11226702,0.38517123
320,0.32,0.11473567,0.31937298
321,0.321,0.10023989,4.638167
322,0.322,0.10129073,4.6693172
323,0.323,0.09819345,4.669943
324,0.324,0.1225905,4.6935563
325,0.325,0.10997974,4.7168183
326,0.326,0.13192517,4.722527
327,0.327,0.123315096,4.723584
328,0.328,0.11546694,4.7104964
329,0.329,0.1097619,4.7044506
330,0.33,0.11065404,4.737134
331,0.331,0.10959642,4.7335873
332,0.332,0.115369916,4.708096
333,0.333,0.11091174,4.7198915
334,0.334,0.11093448,4.7361293
335,0.335,0.10982971,4.6823926
336,0.336,0.12667754,4.723774
337,0.337,0.10075966,4.6163445
338,0.338,0.11300664,4.683422
339,0.339,0.10745337,4.699125
340,0.34,0.10420282,4.6860137
341,0.341,0.10348174,4.7397923
342,0.342,0.09897111,4.73422
343,0.343,0.09803041,4.743002
344,0.344,0.11230264,4.7123127
345,0.345,0.10191447,4.726964
346,0.346,0.10808879,4.6898236
347,0.347,0.10286332,4.6798925
348,0.348,0.093144916,4.6803026
349,0.349,0.08873156,4.6879187
350,0.35,0.08907828,4.6742325
351,0.351,0.08740766,4.687258
352,0.352,0.09286574,4.685371
353,0.353,0.09090106,4.72009
354,0.354,0.09863671,4.6737227
355,0.355,0.09635473,4.66917
356,0.356,0.10149584,4.613322
357,0.357,0.10416325,4.6465306
358,0.358,0.09952904,4.610022
359,0.359,0.10849049,4.6727657
360,0.36,0.1071466,4.63492
361,0.361,0.105764106,4.6600957
362,0.362,0.1081548,4.6704016
363,0.363,0.10288605,4.6638527
364,0.364,0.113834985,4.688775
365,0.365,0.10536836,4.689649
366,0.366,0.098657295,4.656344
367,0.367,0.09728508,4.6461606
368,0.368,0.09860989,4.643608
369,0.369,0.09023735,4.6602983
370,0.37,0.1048374,4.684156
371,0.371,0.09976245,4.7129154
372,0.372,0.097111635,4.6983433
373,0.373,0.09304247,4.364225
374,0.374,0.09007629,4.3343163
375,0.375,0.10003529,4.35211
376,0.376,0.0998968,4.6547327
377,0.377,0.09262559,0.3620855
378,0.378,0.10348174,4.6355767
379,0.379,0.110876784,4.3614917
380,0.38,0.104004234,4.377469
381,0.381,0.11698151,4.2052913
382,0.382,0.118380085,4.1960983
383,0.383,0.112905316,4.1920776
384,0.384,0.11784301,4.1844544
385,0.385,0.11077519,4.1940045
386,0.386,0.104357995,4.1680355
387,0.387,0.119466566,4.215891
388,0.388,0.11228291,4.205072
389,0.389,0.11078519,4.190807
390,0.39,0.12780374,0.40388286
391,0.391,0.12380757,0.42241323
392,0.392,0.14023198,0.41332966
393,0.393,0.12757437,4.235744
394,0.394,0.13396153,0.42593592
395,0.395,0.12778255,4.233228
396,0.396,0.14905341,4.2521954
397,0.397,0.1446874,4.224625
398,0.398,0.13658278,4.2588277
399,0.399,0.13577493,4.2583637
400,0.4,0.13508438,4.19645
401,0.401,0.12467126,4.1753755
402,0.402,0.12160534,4.2788353
403,0.403,0.114874475,0.39966226
404,0.404,0.123001866,4.200146
405,0.405,0.12930514,4.1921086
406,0.406,0.13277173,4.2268577
407,0.407,0.12850182,4.220723
408,0.408,0.13557585,4.234207
409,0.409,0.12511857,4.249807
410,0.41,0.1297706,4.2167153
411,0.411,0.13235633,4.2917175
412,0.412,0.15109959,4.218954
413,0.413,0.1369566,4.275191
414,0.414,0.1440524,4.2076373
415,0.415,0.12551038,4.2177887
416,0.416,0.117994845,4.2541533
417,0.417,0.13082035,4.2476377
418,0.418,0.121163845,4.231266
419,0.419,0.130527,4.296461
420,0.42,0.12090663,4.291599
421,0.421,0.10367717,4.298165
422,0.422,0.107722156,4.311283
423,0.423,0.10058976,4.2931933
424,0.424,0.11300445,4.2931895
425,0.425,0.1180772,4.3335834
426,0.426,0.10022147,4.3744016
427,0.427,0.10794696,4.3550935
428,0.428,0.10092744,4.3454304
429,0.429,0.10883419,0.36669394
430,0.43,0.1030002,4.262409
431,0.431,0.08516581,0.39996776
432,0.432,0.10216772,0.3180641
433,0.433,0.10735885,0.338765
434,0.434,0.11409682,4.243075
435,0.435,0.123315096,0.42097342
436,0.436,0.1186127,0.41499415
437,0.437,0.10142307,0.3756185
438,0.438,0.10743218,0.4063427
439,0.439,0.1265157,4.2166767
440,0.44,0.11244936,4.264194
441,0.441,0.11511525,4.3273106
442,0.442,0.110541664,4.2329817
443,0.443,0.1216802,4.2991
444,0.444,0.11890438,4.2298193
445,0.445,0.11545521,4.237571
446,0.446,0.12140025,4.27864
447,0.447,0.11135133,4.31991
448,0.448,0.13082552,4.2878604
449,0.449,0.121689305,4.258778
450,0.45,0.123208284,4.291177
451,0.451,0.12421491,4.3030453
452,0.452,0.1317184,4.2935314
453,0.453,0.121842906,4.3640876
454,0.454,0.11218039,4.3395524
455,0.455,0.12310486,4.2661977
456,0.456,0.1280548,4.291524
457,0.457,0.13850628,4.284081
458,0.458,0.13451017,4.262975
459,0.459,0.12932988,4.2656775
460,0.46,0.11509333,4.257373
461,0.461,0.12714538,4.2401037
462,0.462,0.1236355,4.2762146
463,0.463,0.12213242,4.27304
464,0.464,0.120882705,4.31047
465,0.465,0.11081073,4.3229976
466,0.466,0.10868427,4.267375
467,0.467,0.11633595,4.189201
468,0.468,0.10636856,4.170772
469,0.469,0.10620589,4.209768
470,0.47,0.11063514,4.2641973
471,0.471,0.10301394,4.2231436
472,0.472,0.09685597,4.227498
473,0.473,0.10742245,0.40577832
474,0.474,0.1039427,0.3806781
475,0.475,0.1019036,0.41347215
476,0.476,0.09971494,4.2174287
477,0.477,0.109360375,0.3544149
478,0.478,0.103729375,0.40636873
479,0.479,0.103352636,0.4165367
480,0.48,0.100452654,0.38641617
481,0.481,0.099482045,0.37456164
482,0.482,0.09123415,0.37110582
483,0.483,0.10588794,4.238467
484,0.484,0.10604994,0.37618998
485,0.485,0.10731471,0.43437845
486,0.486,0.08746326,0.4189055
487,0.487,0.09253521,0.39835986
488,0.488,0.08942296,0.36174828
489,0.489,0.09075475,0.38029027
490,0.49,0.08095994,0.40164098
491,0.491,0.09209332,0.36126155
492,0.492,0.10207734,0.41741988
493,0.493,0.082929395,0.43026015
494,0.494,0.08509354,0.3973715
495,0.495,0.08744638,0.47643206
496,0.496,0.10484503,0.46013805
497,0.497,0.0939493,0.5205607
498,0.498,0.092009105,0.43212867
499,0.499,0.100929275,0.42135006
500,0.5,0.093119144,0.3973781
501,0.501,0.09088956,0.3944574
502,0.502,0.08800186,0.47242007
503,0.503,0.094677344,0.4159381
504,0.504,0.10020121,4.215126
505,0.505,0.09906928,4.1893497
506,0.506,0.09008995,4.1256847
507,0.507,0.086907156,4.123691
508,0.508,0.0901589,4.132707
509,0.509,0.090436906,4.1755886
510,0.51,0.08582717,4.2236676
511,0.511,0.09937995,0.5731487
512,0.512,0.10459297,0.60883856
513,0.513,0.101961546,4.0868807
514,0.514,0.0999713,4.0436587
515,0.515,0.09818594,0.77427477
516,0.516,0.095107876,0.7517324
517,0.517,0.09499136,0.7313525
518,0.518,0.09179486,0.72100765
519,0.519,0.0972971,0.6452851
520,0.52,0.11806522,0.5951661
521,0.521,0.13330173,0.60909957
522,0.522,0.122976854,0.64614564
523,0.523,0.11747539,0.624105
524,0.524,0.1149762,0.72030115
525,0.525,0.1144812,0.73911285
526,0.526,0.11981934,0.7423747
527,0.527,0.12307537,0.7496552
528,0.528,0.109470025,0.82437897
529,0.529,0.11653253,0.8047503
530,0.53,0.10967611,0.76062876
531,0.531,0.116261885,0.76475435
532,0.532,0.135185,0.858881
533,0.533,0.13315856,0.82051086
534,0.534,0.12340239,0.8285061
535,0.535,0.12576991,0.8424945
536,0.536,0.12429216,0.8174518
537,0.537,0.12680377,0.80100685
538,0.538,0.11643164,0.7956249
539,0.539,0.12775896,0.82059574
540,0.54,0.12480591,0.8362925
541,0.541,0.11495747,0.80841357
542,0.542,0.115270674,0.7826819
543,0.543,0.11990507,0.7843602
544,0.544,0.12406126,0.76553
545,0.545,0.12291379,0.7579371
546,0.546,0.1243748,0.76261127
547,0.547,0.13900779,0.77009034
548,0.548,0.13196433,0.7672015
549,0.549,0.13383195,0.8231672
550,0.55,0.12860042,0.8082295
551,0.551,0.13427348,0.8122233
552,0.552,0.15418717,0.8078178
553,0.553,0.14451039,0.8049604
554,0.554,0.13230006,0.84217453
555,0.555,0.11598,0.7661797
556,0.556,0.097994,0.77116585
557,0.557,0.113920346,0.72118706
558,0.558,0.11015639,0.7838739
559,0.559,0.10549733,0.68130517
560,0.56,0.11972277,0.76092446
561,0.561,0.11822302,0.7463589
562,0.562,0.109531835,0.7755058
563,0.563,0.11873713,0.7751744
564,0.564,0.12620553,0.74846494
565,0.565,0.13135308,0.7862014
566,0.566,0.12463967,0.76510924
567,0.567,0.12601233,0.76903194
568,0.568,0.11387929,0.7416989
569,0.569,0.13163008,0.7686556
570,0.57,0.11827869,0.70872587
571,0.571,0.11741095,0.7697093
572,0.572,0.12964301,0.78450674
573,0.573,0.12409448,0.76452214
574,0.574,0.118493855,0.72897726
575,0.575,0.110412456,0.76411396
576,0.576,0.09717624,0.7671019
577,0.577,0.11149987,0.7477825
578,0.578,0.113310575,0.83632445
579,0.579,0.097499244,0.83774376
580,0.58,0.09855808,0.77211297
581,0.581,0.09609705,0.7826103
582,0.582,0.1011935,0.7718729
583,0.583,0.09492462,0.7764956
584,0.584,0.090466835,0.8267395
585,0.585,0.10107304,0.7903994
586,0.586,0.10837701,0.80496955
587,0.587,0.10244316,0.7594375
588,0.588,0.101745896,0.73362476
589,0.589,0.09789789,0.7849686
590,0.59,0.104071654,0.81199044
591,0.591,0.10318402,0.81117344
592,0.592,0.10631127,0.79651296
593,0.593,0.10622558,0.8296891
594,0.594,0.10821964,0.8396745
595,0.595,0.10241913,0.81973076
596,0.596,0.11380634,0.7946414
597,0.597,0.09108836,0.81377137
598,0.598,0.109801136,0.80411905
599,0.599,0.103429995,0.8239004
600,0.6,0.10483094,0.7738087
601,0.601,0.1079481,0.83257675
602,0.602,0.096546106,0.8222926
603,0.603,0.100705296,0.8233645
604,0.604,0.10100118,0.8152876
605,0.605,0.10046,0.7861043
606,0.606,0.087670535,0.7828138
607,0.607,0.08210922,0.7853833
608,0.608,0.09359893,0.81418097
609,0.609,0.104389235,0.8032232
610,0.61,0.094016075,0.7795424
611,0.611,0.09854435,0.7788607
612,0.612,0.082970925,0.7912763
613,0.613,0.094642244,0.7880244
614,0.614,0.08286556,0.77259046
615,0.615,0.085803516,0.832874
616,0.616,0.09018892,0.832713
617,0.617,0.08669167,0.7600951
618,0.618,0.08915629,0.7892127
619,0.619,0.08745623,0.80702597
620,0.62,0.0897204,0.81444055
621,0.621,0.10076943,0.8195697
622,0.622,0.10149341,0.7886025
623,0.623,0.09519905,0.8101447
624,0.624,0.097754486,0.82901186
625,0.625,0.11405421,0.8033508
626,0.626,0.11401699,0.79372734
627,0.627,0.11944544,0.8145738
628,0.628,0.119154565,0.7548202
629,0.629,0.104848556,0.76769924
630,0.63,0.10244917,0.75983804
631,0.631,0.10293447,0.7934533
632,0.632,0.10625454,0.74260193
633,0.633,0.11665706,0.7573579
634,0.634,0.10331096,0.76012594
635,0.635,0.10608706,0.76477385
636,0.636,0.106310114,0.776555
637,0.637,0.10409294,0.7887067
638,0.638,0.10232958,0.7633532
639,0.639,0.110693514,0.76188487
640,0.64,0.10473523,0.7876415
641,0.641,0.10948014,0.7332921
642,0.642,0.11435161,0.80066556
643,0.643,0.114318244,0.86245257
644,0.644,0.110158056,0.87343085
645,0.645,0.10954026,0.81731945
646,0.646,0.10966993,0.8120406
647,0.647,0.115884475,0.79872656
648,0.648,0.09241412,0.8100532
649,0.649,0.08991631,0.8173594
650,0.65,0.08331356,0.77585757
651,0.651,0.08411907,0.756652
652,0.652,0.08936102,0.77773845
653,0.653,0.09359565,0.74947715
654,0.654,0.08948487,0.7433352
655,0.655,0.09918102,0.76313996
656,0.656,0.09622438,0.73509276
657,0.657,0.09600866,0.76615876
658,0.658,0.09161707,0.7472849
659,0.659,0.09173452,0.78729826
660,0.66,0.09303123,0.79940116
661,0.661,0.087953605,0.8256363
662,0.662,0.08717577,0.7622614
663,0.663,0.08839183,0.76754487
664,0.664,0.09316605,0.79095185
665,0.665,0.09843815,0.8052451
666,0.666,0.09002641,0.7788132
667,0.667,0.08992794,0.8132005
668,0.668,0.08175251,0.797663
669,0.669,0.08065537,0.8408336
670,0.67,0.073621124,0.8091911
671,0.671,0.078634456,0.81325454
672,0.672,0.09649894,0.7918651
673,0.673,0.09424159,0.7688721
674,0.674,0.09378347,0.82577586
675,0.675,0.09302991,0.7996852
676,0.676,0.08688167,0.7736157
677,0.677,0.10846213,0.79680383
678,0.678,0.0950354,0.8085434
679,0.679,0.10607372,0.7912113
680,0.68,0.10961382,0.735022
681,0.681,0.10956553,0.7847108
682,0.682,0.102193005,0.77699924
683,0.683,0.09477932,0.78806037
684,0.684,0.091203116,0.7614445
685,0.685,0.11035393,0.7466668
686,0.686,0.101346605,0.74986064
687,0.687,0.094497815,0.79120994
688,0.688,0.09246936,0.8048784
689,0.689,0.102764584,0.8061298
690,0.69,0.09728698,0.8167511
691,0.691,0.10943349,0.7675148
692,0.692,0.11254508,0.79022986
693,0.693,0.10272386,0.7929012
694,0.694,0.10878274,0.73256713
695,0.695,0.11881328,0.75811434
696,0.696,0.11838788,0.77598983
697,0.697,0.106683336,0.7832056
698,0.698,0.12112169,0.7982123
699,0.699,0.13058828,0.7886959
700,0.7,0.1355636,0.8106554
701,0.701,0.11628411,0.77980846
702,0.702,0.10771644,0.80356
703,0.703,0.10070163,0.7768511
704,0.704,0.09504122,0.74959093
705,0.705,0.10960877,0.75201577
706,0.706,0.09435186,0.75935197
707,0.707,0.09692836,0.8165171
708,0.708,0.09261762,0.81717885
709,0.709,0.10920273,0.8417318
710,0.71,0.094321206,0.8315393
711,0.711,0.101364814,0.7349183
712,0.712,0.08918458,0.7872002
713,0.713,0.08688096,0.80407465
714,0.714,0.08556295,0.7869326
715,0.715,0.08398145,0.80247223
716,0.716,0.0984369,0.7943318
717,0.717,0.09946473,0.737201
718,0.718,0.10575305,0.7973934
719,0.719,0.0998241,0.80609727
720,0.72,0.0991022,0.79582685
721,0.721,0.102783136,0.79996413
722,0.722,0.1250807,0.7920304
723,0.723,0.11362291,0.81055516
724,0.724,0.105619736,0.78242373
725,0.725,0.1009762,0.78720677
726,0.726,0.0938674,0.8141255
727,0.727,0.099088535,0.7949423
728,0.728,0.098015346,0.8038823
729,0.729,0.09703177,0.77704513
730,0.73,0.08548813,0.8304652
731,0.731,0.086858295,0.79776514
732,0.732,0.09588746,0.7877703
733,0.733,0.10275201,0.82464075
734,0.734,0.10286751,0.79894495
735,0.735,0.09507682,0.8054903
736,0.736,0.10557487,0.7782455
737,0.737,0.098279886,0.77739525
738,0.738,0.09894189,0.8288319
739,0.739,0.10776613,0.7520895
740,0.74,0.12154359,0.8066359
741,0.741,0.112645626,0.7814307
742,0.742,0.10859592,0.8343699
743,0.743,0.110271946,0.794635
744,0.744,0.111117914,0.79715085
745,0.745,0.10016067,0.7663627
746,0.746,0.098890886,0.77810174
747,0.747,0.09550297,0.8046098
748,0.748,0.09917357,0.79549426
749,0.749,0.105941966,0.82106745
750,0.75,0.11242693,0.78401905
751,0.751,0.110266365,0.8259637
752,0.752,0.12926944,0.82770556
753,0.753,0.13663636,0.79979974
754,0.754,0.12679164,0.8091519
755,0.755,0.12751408,0.80577487
756,0.756,0.12135108,0.8138437
757,0.757,0.13704912,0.82134223
758,0.758,0.14766619,0.84258354
759,0.759,0.14346905,0.8231845
760,0.76,0.13949293,0.838362
761,0.761,0.13918516,0.83806616
762,0.762,0.13865058,0.8182052
763,0.763,0.13665438,0.7872607
764,0.764,0.12278608,0.817039
765,0.765,0.12433125,0.7802563
766,0.766,0.1169773,0.8087039
767,0.767,0.11691943,0.76899195
768,0.768,0.13132074,0.75769186
769,0.769,0.121293776,0.8002675
770,0.77,0.118816905,0.77420926
771,0.771,0.12514414,0.79258394
772,0.772,0.13138773,0.7967536
773,0.773,0.116850466,0.7765867
774,0.774,0.10856023,0.82002914
775,0.775,0.09177811,0.741784
776,0.776,0.099605665,0.81579155
777,0.777,0.09936509,0.7875708
778,0.778,0.10788424,0.8118465
779,0.779,0.10831624,0.7714657
780,0.78,0.09587398,0.80151135
781,0.781,0.11091285,0.8045124
782,0.782,0.096031725,0.7915909
783,0.783,0.09888591,0.74040693
784,0.784,0.099645816,0.803117
785,0.785,0.09664993,0.76077104
786,0.786,0.10646048,0.80773646
787,0.787,0.12150309,0.7889697
788,0.788,0.12283318,0.76029325
789,0.789,0.12134347,0.790277
790,0.79,0.11392521,0.79795647
791,0.791,0.11225934,0.8030037
792,0.792,0.097432956,0.70284605
793,0.793,0.09454794,0.77989537
794,0.794,0.08472107,0.7729145
795,0.795,0.09462144,0.74435604
796,0.796,0.09315878,0.7505189
797,0.797,0.09319114,0.79246664
798,0.798,0.10257821,0.7986829
799,0.799,0.10184381,0.80332
800,0.8,0.10850807,0.79346615
801,0.801,0.11669925,0.81298316
802,0.802,0.10695578,0.74826866
803,0.803,0.10974116,0.85002685
804,0.804,0.099022076,0.83747196
805,0.805,0.092780896,0.8312162
806,0.806,0.085415415,0.8047822
807,0.807,0.091359496,0.7912426
808,0.808,0.09017528,0.75163287
809,0.809,0.088825114,0.7616205
810,0.81,0.08911902,0.75651616
811,0.811,0.08894072,0.76671225
812,0.812,0.0982586,0.8038734
813,0.813,0.08693335,0.8265537
814,0.814,0.08011115,0.78769034
815,0.815,0.084532045,0.79564285
816,0.816,0.076808944,0.7786279
817,0.817,0.0892501,0.7679431
818,0.818,0.084595345,0.74503136
819,0.819,0.09426313,0.7744653
820,0.82,0.10083657,0.77979773
821,0.821,0.10175436,0.79928714
822,0.822,0.110820174,0.7934535
823,0.823,0.11269641,0.79120827
824,0.824,0.11673299,0.7625603
825,0.825,0.12317032,0.7363892
826,0.826,0.11655998,0.8008675
827,0.827,0.114863224,0.81120956
828,0.828,0.113875516,0.75250435
829,0.829,0.13399138,0.7837972
830,0.83,0.12573715,0.7943702
831,0.831,0.1186433,0.80309993
832,0.832,0.11798181,0.8188708
833,0.833,0.12153651,0.77699435
834,0.834,0.11977877,0.829172
835,0.835,0.13178611,0.86104983
836,0.836,0.12264469,0.8281807
837,0.837,0.12157852,0.8368243
838,0.838,0.117580615,0.8742246
839,0.839,0.1266591,0.84937114
840,0.84,0.128475,0.849477
841,0.841,0.1191556,0.8411653
842,0.842,0.109159335,0.8646681
843,0.843,0.10097682,0.9033706
844,0.844,0.10787341,0.8509095
845,0.845,0.11227852,0.85475487
846,0.846,0.12112779,0.89083344
847,0.847,0.11640733,0.9208997
848,0.848,0.12266676,0.84141415
849,0.849,0.12480444,0.8482805
850,0.85,0.10765645,0.8652024
851,0.851,0.10322099,0.85633045
852,0.852,0.11379714,0.8391125
853,0.853,0.10950487,0.8419404
854,0.854,0.09641729,0.8695873
855,0.855,0.0960125,0.8562398
856,0.856,0.101274334,0.81643015
857,0.857,0.10381831,0.832475
858,0.858,0.10062462,0.81729466
859,0.859,0.09348843,0.77894956
860,0.86,0.08800606,0.7988241
861,0.861,0.08831871,0.7921208
862,0.862,0.09904072,0.7840829
863,0.863,0.091837086,0.76650935
864,0.864,0.11290477,0.77815413
865,0.865,0.10772159,0.76136935
866,0.866,0.10542149,0.73422843
867,0.867,0.112864986,0.78238404
868,0.868,0.11286553,0.7275788
869,0.869,0.112805,0.7828033
870,0.87,0.11692627,0.7415545
871,0.871,0.098840475,0.7513388
872,0.872,0.096112415,0.7894883
873,0.873,0.101751335,0.7895194
874,0.874,0.09156467,0.77262306
875,0.875,0.099557474,0.7567482
876,0.876,0.108051784,0.69403076
877,0.877,0.110945575,0.7593321
878,0.878,0.10306649,0.74581105
879,0.879,0.11011728,0.7591723
880,0.88,0.11535445,0.75340945
881,0.881,0.10684527,0.7024446
882,0.882,0.11431125,0.7727194
883,0.883,0.10819405,0.767793
884,0.884,0.114838585,0.74781865
885,0.885,0.11743977,0.74308604
886,0.886,0.12960029,0.7717992
887,0.887,0.123112366,0.7919669
888,0.888,0.14871909,0.7598683
889,0.889,0.13417676,0.73343694
890,0.89,0.13887139,0.800871
891,0.891,0.1467303,0.8089329
892,0.892,0.13907947,0.80608505
893,0.893,0.13703476,0.8139269
894,0.894,0.13341016,0.77951676
895,0.895,0.12513922,0.8058561
896,0.896,0.1226783,0.7915873
897,0.897,0.12463226,0.8018661
898,0.898,0.11253141,0.81432515
899,0.899,0.10214664,0.7746186
900,0.9,0.09811573,0.84197336
901,0.901,0.09796323,0.7847267
902,0.902,0.09527916,0.80608976
903,0.903,0.08755888,0.80435854
904,0.904,0.07206953,0.7754926
905,0.905,0.08011653,0.81706494
906,0.906,0.09674537,0.8778338
907,0.907,0.09676191,0.79352045
908,0.908,0.09457266,0.8506086
909,0.909,0.09247934,0.7893035
910,0.91,0.09418477,0.8446259
911,0.911,0.08332538,0.7693995
912,0.912,0.079571724,0.85680014
913,0.913,0.08540893,0.81858087
914,0.914,0.06409895,0.7572938
915,0.915,0.0651642,0.7869042
916,0.916,0.06514626,0.77760696
917,0.917,0.07241107,0.786434
918,0.918,0.09342457,0.8151919
919,0.919,0.101446725,0.7662194
920,0.92,0.09827425,0.7647896
921,0.921,0.09790292,0.7895317
922,0.922,0.096615545,0.78450257
923,0.923,0.09972605,0.8321512
924,0.924,0.111967385,0.7619576
925,0.925,0.10635467,0.78924376
926,0.926,0.11225715,0.8111294
927,0.927,0.10177975,0.76885164
928,0.928,0.089519925,0.7627767
929,0.929,0.09125505,0.795058
930,0.93,0.1006234,0.7759588
931,0.931,0.119171605,0.7771995
932,0.932,0.10157401,0.7572815
933,0.933,0.107129365,0.786999
934,0.934,0.11385498,0.7252015
935,0.935,0.11505269,0.75685
936,0.936,0.12150917,0.78925824
937,0.937,0.11184587,0.7639522
938,0.938,0.11597682,0.8121998
939,0.939,0.10098595,0.7920518
940,0.94,0.10816618,0.8118848
941,0.941,0.10608938,0.76956195
942,0.942,0.09216144,0.80361027
943,0.943,0.11105699,0.800658
944,0.944,0.1105027,0.7968523
945,0.945,0.10832647,0.79761493
946,0.946,0.10696038,0.8287636
947,0.947,0.10833499,0.83962834
948,0.948,0.09680768,0.8283379
949,0.949,0.09898355,0.77559227
950,0.95,0.09858305,0.75761
951,0.951,0.108957365,0.76426756
952,0.952,0.10681705,0.8070791
953,0.953,0.09961679,0.7635687
954,0.954,0.109942816,0.8198941
955,0.955,0.10358811,0.86710346
956,0.956,0.093225464,0.83601695
957,0.957,0.08715248,0.8311529
958,0.958,0.08618772,0.82299715
959,0.959,0.08595826,0.80150056
960,0.96,0.092780896,0.7598769
961,0.961,0.09066317,0.77744806
962,0.962,0.09347,0.75355285
963,0.963,0.085585244,0.7966731
964,0.964,0.0857167,0.7899564
965,0.965,0.08786822,0.769566
966,0.966,0.08075524,0.7793944
967,0.967,0.07886338,0.8078287
968,0.968,0.082225285,0.7661682
969,0.969,0.07875799,0.7691383
970,0.97,0.08436374,0.74096036
971,0.971,0.08869618,0.7901475
972,0.972,0.09244141,0.7778454
973,0.973,0.08938099,0.74918973
974,0.974,0.08577267,0.74543935
975,0.975,0.075691365,0.75087094
976,0.976,0.07407769,0.7399001
977,0.977,0.07436451,0.7943792
978,0.978,0.071653426,0.76179165
979,0.979,0.06708196,0.7988577
980,0.98,0.07874393,0.7823275
981,0.981,0.07735969,0.79439414
982,0.982,0.07598587,0.7740507
983,0.983,0.077111945,0.8002357
984,0.984,0.09068421,0.75796264
985,0.985,0.08660362,0.7528853
986,0.986,0.08870937,0.78781956
987,0.987,0.073965475,0.75196594
988,0.988,0.07290307,0.7541875
989,0.989,0.07562224,0.7833638
990,0.99,0.07575718,0.7473369
991,0.991,0.08048661,0.7525617
992,0.992,0.08239422,0.7214384
993,0.993,0.076149255,0.7926672
994,0.994,0.0796938,0.7623653
995,0.995,0.07848565,0.7446865
996,0.996,0.07978022,0.76611054
997,0.997,0.08708115,0.7572379
998,0.998,0.09135006,0.7711565
999,0.999,0.08371067,0.78852564
1000,1.0,0.08127396,0.79939747
1001,1.001,0.08596327,0.75841457
1002,1.002,0.08626835,0.7865482
1003,1.003,0.089981295,0.7811701
1004,1.004,0.088161826,0.79915243
1005,1.005,0.088315226,0.80471814
1006,1.006,0.08630115,0.7698777
1007,1.007,0.094383806,0.83398014
1008,1.008,0.095893875,0.7094973
1009,1.009,0.087665625,0.7119113
1010,1.01,0.091774754,0.75716245
1011,1.011,0.099127024,0.7659549
1012,1.012,0.10732962,0.7516968
1013,1.013,0.100754775,0.7850245
1014,1.014,0.09446004,0.7852933
1015,1.015,0.10164304,0.7749076
1016,1.016,0.095727555,0.8107079
1017,1.017,0.0945538,0.80558145
1018,1.018,0.09948329,0.8196177
1019,1.019,0.11118212,0.7949879
1020,1.02,0.09837938,0.8051305
1021,1.021,0.09039948,0.77370054
1022,1.022,0.09587398,0.73200506
1023,1.023,0.08622341,0.7771388
1024,1.024,0.10165999,0.7302549
1025,1.025,0.1071598,0.71916765
1026,1.026,0.106198356,0.69854784
1027,1.027,0.1015019,0.69352484
1028,1.028,0.10207252,0.71382993
1029,1.029,0.10709835,0.718303
1030,1.03,0.110562816,0.7639685
1031,1.031,0.12848985,0.79393625
1032,1.032,0.1132454,0.84665155
1033,1.033,0.12248606,0.7670152
1034,1.034,0.12317731,0.75635993
1035,1.035,0.123610124,0.76612836
1036,1.036,0.12502165,0.75632983
1037,1.037,0.13867986,0.7814649
1038,1.038,0.13667375,0.8023747
1039,1.039,0.15002319,0.81919605
1040,1.04,0.1398436,0.8194961
1041,1.041,0.16005018,0.7628777
1042,1.042,0.15389161,0.77516216
1043,1.043,0.14846568,0.76346153
1044,1.044,0.137862,0.8118082
1045,1.045,0.13782182,0.8124861
1046,1.046,0.13576043,0.7952627
1047,1.047,0.14869468,0.84328717
1048,1.048,0.15832908,0.8089491
1049,1.049,0.14871205,0.7915319
1050,1.05,0.14561021,0.7956009
1051,1.051,0.15416802,0.7975047
1052,1.052,0.16393006,0.7477107
1053,1.053,0.15109675,0.795024
1054,1.054,0.15165521,0.77018815
1055,1.055,0.13501194,0.7481129
1056,1.056,0.12733011,0.73200434
1057,1.057,0.13522686,0.7352901
1058,1.058,0.1365278,0.76100004
1059,1.059,0.12592588,0.72295374
1060,1.06,0.1349896,0.74978775
1061,1.061,0.12483796,0.7726221
1062,1.062,0.12806441,0.75912994
1063,1.063,0.13868386,0.8092099
1064,1.064,0.11978545,0.7782368
1065,1.065,0.117856584,0.7784827
1066,1.066,0.12560642,0.7590283
1067,1.067,0.13305457,0.8065053
1068,1.068,0.1403973,0.770788
1069,1.069,0.14370002,0.7425789
1070,1.07,0.15138882,0.78655773
1071,1.071,0.14167726,0.7522305
1072,1.072,0.14937134,0.7262754
1073,1.073,0.15383202,0.77799284
1074,1.074,0.15624213,0.7696189
1075,1.075,0.16495226,0.7339884
1076,1.076,0.14015606,0.7916168
1077,1.077,0.14452955,0.75686306
1078,1.078,0.13598141,0.753314
1079,1.079,0.13734198,0.7027267
1080,1.08,0.11919587,0.7353661
1081,1.081,0.1095279,0.7974943
1082,1.082,0.11606379,0.7271599
1083,1.083,0.114858404,0.7615604
1084,1.084,0.11860648,0.7755118
1085,1.085,0.13380527,0.7775731
1086,1.086,0.12384236,0.8033235
1087,1.087,0.13248457,0.7839402
1088,1.088,0.12926134,0.7956465
1089,1.089,0.13987966,0.8114222
1090,1.09,0.12908892,0.8373965
1091,1.091,0.14315479,0.83274454
1092,1.092,0.1519041,0.7724905
1093,1.093,0.13177396,0.7789481
1094,1.094,0.14621237,0.6837067
1095,1.095,0.12402852,0.76231605
1096,1.096,0.13367784,0.76127505
1097,1.097,0.13067918,0.78078914
1098,1.098,0.12724552,0.7778011
1099,1.099,0.12019412,0.8120568
1100,1.1,0.12403448,0.8013207
1101,1.101,0.116966255,0.8008681
1102,1.102,0.12728612,0.79534554
1103,1.103,0.10438275,0.70804346
1104,1.104,0.11001945,0.7257545
1105,1.105,0.09759197,0.6855109
1106,1.106,0.10242995,0.67724025
1107,1.107,0.0989792,0.7468361
1108,1.108,0.1009055,0.8009499
1109,1.109,0.108602725,0.7825592
1110,1.11,0.10730038,0.7653815
1111,1.111,0.11431394,0.76972926
1112,1.112,0.10863274,0.7877329
1113,1.113,0.11705512,0.77693814
1114,1.114,0.118825704,0.8545258
1115,1.115,0.11507997,0.7779714
1116,1.116,0.12121259,0.77691334
1117,1.117,0.1148568,0.8112337
1118,1.118,0.12605724,0.80810153
1119,1.119,0.12705244,0.7958151
1120,1.12,0.119690895,0.80224043
1121,1.121,0.12278257,0.73191196
1122,1.122,0.12273295,0.7760167
1123,1.123,0.12714538,0.76539564
1124,1.124,0.11264781,0.81504554
1125,1.125,0.107110985,0.79025716
1126,1.126,0.12370317,0.79786456
1127,1.127,0.1245493,0.791676
1128,1.128,0.1014825,0.7792357
1129,1.129,0.09893443,0.78293
1130,1.13,0.11375172,0.7627902
1131,1.131,0.117312394,0.7874412
1132,1.132,0.114723876,0.7904958
1133,1.133,0.12141039,0.79845005
1134,1.134,0.12074214,0.8242944
1135,1.135,0.107240155,0.82561344
1136,1.136,0.10533741,0.80165386
1137,1.137,0.10286691,0.7779612
1138,1.138,0.12391934,0.8115052
1139,1.139,0.11328831,0.79643655
1140,1.14,0.11618248,0.80001783
1141,1.141,0.13025048,0.79779047
1142,1.142,0.104454055,0.80913335
1143,1.143,0.10598552,0.8224283
1144,1.144,0.11257514,0.74784297
1145,1.145,0.1022935,0.75559294
1146,1.146,0.100350924,0.77136886
1147,1.147,0.09606952,0.7820233
1148,1.148,0.10084023,0.7663406
1149,1.149,0.095052876,0.77801216
1150,1.15,0.09336791,0.78527284
1151,1.151,0.09239946,0.7751698
1152,1.152,0.08719412,0.76483697
1153,1.153,0.09728634,0.7719359
1154,1.154,0.108941555,0.799806
1155,1.155,0.0985687,0.7781533
1156,1.156,0.09691948,0.75039434
1157,1.157,0.09682166,0.74716043
1158,1.158,0.103266284,0.75270146
1159,1.159,0.1016388,0.7871981
1160,1.16,0.10026014,0.7510925
1161,1.161,0.10355722,0.7658134
1162,1.162,0.09455965,0.7663831
1163,1.163,0.10344428,0.80039775
1164,1.164,0.1036463,0.8038497
1165,1.165,0.10681705,0.8138496
1166,1.166,0.10042692,0.8029245
1167,1.167,0.1083895,0.7955459
1168,1.168,0.12386024,0.80922884
1169,1.169,0.11486751,0.8214564
1170,1.17,0.09172312,0.8186074
1171,1.171,0.10277416,0.80554104
1172,1.172,0.09916488,0.8087287
1173,1.173,0.11370952,0.80540884
1174,1.174,0.10750432,0.83075726
1175,1.175,0.119424835,0.82570297
1176,1.176,0.117510475,0.8466596
1177,1.177,0.113799304,0.8549311
1178,1.178,0.0990084,0.8217955
1179,1.179,0.09825735,0.8506199
1180,1.18,0.095593125,0.83425146
1181,1.181,0.09739128,0.83524275
1182,1.182,0.10286033,0.8326485
1183,1.183,0.110266365,0.8223702
1184,1.184,0.10230252,0.8172829
1185,1.185,0.103695564,0.8114089
1186,1.186,0.094067104,0.85405433
1187,1.187,0.09782559,0.8241526
1188,1.188,0.100613005,0.8209634
1189,1.189,0.10088964,0.8515697
1190,1.19,0.08517087,0.802353
1191,1.191,0.091939524,0.8007813
1192,1.192,0.091345355,0.78930855
1193,1.193,0.088523984,0.7527902
1194,1.194,0.09621671,0.8224368
1195,1.195,0.09749672,0.8485459
1196,1.196,0.0906401,0.8315087
1197,1.197,0.105643034,0.79592943
1198,1.198,0.102384284,0.8109602
1199,1.199,0.10271428,0.8155539
1200,1.2,0.09714331,0.8526749
1201,1.201,0.10521351,0.8490004
1202,1.202,0.114840195,0.7992918
1203,1.203,0.09897049,0.8011559
1204,1.204,0.10706617,0.807608
1205,1.205,0.107468255,0.78937733
1206,1.206,0.09437468,0.7728713
1207,1.207,0.091042414,0.79988015
1208,1.208,0.090787284,0.7580739
1209,1.209,0.08436228,0.79973316
1210,1.21,0.09401149,0.7534458
1211,1.211,0.09538823,0.7268763
1212,1.212,0.09040901,0.73672813
1213,1.213,0.08658515,0.72698957
1214,1.214,0.08115426,0.72823864
1215,1.215,0.09301932,0.7388376
1216,1.216,0.09541338,0.7724707
1217,1.217,0.097190805,0.7847834
1218,1.218,0.10585249,0.7853883
1219,1.219,0.09689916,0.78628665
1220,1.22,0.0987726,0.7840375
1221,1.221,0.10356257,0.7261896
1222,1.222,0.09919529,0.7789077
1223,1.223,0.10293747,0.7843197
1224,1.224,0.109058395,0.8290878
1225,1.225,0.095346294,0.7379014
1226,1.226,0.107155785,0.76064473
1227,1.227,0.10877764,0.7911334
1228,1.228,0.10276338,0.7937001
1229,1.229,0.090280294,0.7326236
1230,1.23,0.08971765,0.7640012
1231,1.231,0.08053705,0.77450913
1232,1.232,0.08378634,0.72161263
1233,1.233,0.093105935,0.7907084
1234,1.234,0.09799776,0.76681805
1235,1.235,0.09549009,0.7647445
1236,1.236,0.09775071,0.7718371
1237,1.237,0.096630834,0.7702684
1238,1.238,0.09155459,0.78251123
1239,1.239,0.11346523,0.7473565
1240,1.24,0.10545825,0.7763593
1241,1.241,0.1004845,0.7560249
1242,1.242,0.08943604,0.784493
1243,1.243,0.09663019,0.7110708
1244,1.244,0.100788355,0.7644118
1245,1.245,0.08867468,0.7372176
1246,1.246,0.09620711,0.80091375
1247,1.247,0.099671744,0.7813843
1248,1.248,0.10413372,0.8166667
1249,1.249,0.10679631,0.782881
1250,1.25,0.10552124,0.78785497
1251,1.251,0.10049001,0.797619
1252,1.252,0.10035154,0.7793602
1253,1.253,0.104481734,0.79270434
1254,1.254,0.109844275,0.80986416
1255,1.255,0.12143927,0.77445656
1256,1.256,0.117102414,0.80284345
1257,1.257,0.12570728,0.7834724
1258,1.258,0.11229825,0.78531384
1259,1.259,0.11938877,0.8046865
1260,1.26,0.12037929,0.77208036
1261,1.261,0.12188027,0.8007394
1262,1.262,0.11474318,0.80605084
1263,1.263,0.11296634,0.77020717
1264,1.264,0.09673902,0.797964
1265,1.265,0.10282862,0.77629906
1266,1.266,0.105467,0.72679675
1267,1.267,0.09646833,0.76567113
1268,1.268,0.11182387,0.7841361
1269,1.269,0.09644281,0.8059589
1270,1.27,0.100470416,0.79589856
1271,1.271,0.10886811,0.81036216
1272,1.272,0.10331096,0.797484
1273,1.273,0.101265825,0.83276004
1274,1.274,0.098621115,0.80765766
1275,1.275,0.10804495,0.79801625
1276,1.276,0.11071241,0.84102345
1277,1.277,0.10926581,0.8263001
1278,1.278,0.109871715,0.84617746
1279,1.279,0.10918864,0.84283817
1280,1.28,0.10218458,0.86518776
1281,1.281,0.113683544,0.82051784
1282,1.282,0.11167907,0.7626498
1283,1.283,0.113275275,0.8068094
1284,1.284,0.11351401,0.8371167
1285,1.285,0.109145805,0.8280997
1286,1.286,0.11833017,0.86080164
1287,1.287,0.12092596,0.8478085
1288,1.288,0.12563139,0.85304767
1289,1.289,0.12696281,0.85442793
1290,1.29,0.14249611,0.8205411
1291,1.291,0.12545644,0.8086472
1292,1.292,0.13070601,0.8196724
1293,1.293,0.13293152,0.8268535
1294,1.294,0.12979716,0.79715174
1295,1.295,0.10828841,0.7783243
1296,1.296,0.11457575,0.83645797
1297,1.297,0.11221275,0.75222147
1298,1.298,0.111886576,0.8106467
1299,1.299,0.12141393,0.79318875
1300,1.3,0.12476006,0.8072798
1301,1.301,0.13099095,0.80530864
1302,1.302,0.12533672,0.8070939
1303,1.303,0.11892197,0.7747906
1304,1.304,0.12324023,0.78975344
1305,1.305,0.12410291,0.77306867
1306,1.306,0.13026135,0.8058232
1307,1.307,0.13034162,0.8349101
1308,1.308,0.1223936,0.7888924
1309,1.309,0.12934843,0.7925942
1310,1.31,0.1325867,0.8095322
1311,1.311,0.12912515,0.81956357
1312,1.312,0.13351296,0.8156791
1313,1.313,0.1417528,0.8346544
1314,1.314,0.12876919,0.818612
1315,1.315,0.13199277,0.85674727
1316,1.316,0.1415756,0.85694414
1317,1.317,0.15048102,0.838448
1318,1.318,0.1301366,0.8376618
1319,1.319,0.12748224,0.8458623
1320,1.32,0.12253528,0.8557012
1321,1.321,0.121159784,0.83797604
1322,1.322,0.10430964,0.828287
1323,1.323,0.11845802,0.81853664
1324,1.324,0.13882664,0.8105984
1325,1.325,0.1427584,0.8516439
1326,1.326,0.1321791,0.83947617
1327,1.327,0.13937688,0.8543688
1328,1.328,0.12900263,0.838193
1329,1.329,0.14070679,0.8404373
1330,1.33,0.12699431,0.8204802
1331,1.331,0.12795,0.8584172
1332,1.332,0.13949117,0.8390012
1333,1.333,0.12740982,0.85122097
1334,1.334,0.13145,0.84030265
1335,1.335,0.13773027,0.8242962
1336,1.336,0.13765162,0.8558769
1337,1.337,0.14177276,0.82064986
1338,1.338,0.13032322,0.8693282
1339,1.339,0.13571465,0.8027936
1340,1.34,0.14081651,0.74783313
1341,1.341,0.1438113,0.8106727
1342,1.342,0.15026456,0.8094987
1343,1.343,0.1333931,0.8290689
1344,1.344,0.1337602,0.81896645
1345,1.345,0.14325833,0.8286769
1346,1.346,0.14076188,0.8747987
1347,1.347,0.13217723,0.820711
1348,1.348,0.123033874,0.8312348
1349,1.349,0.117972426,0.8235726
1350,1.35,0.12012807,0.8518309
1351,1.351,0.1132329,0.8289976
1352,1.352,0.11448174,0.83915704
1353,1.353,0.12702434,0.8360468
1354,1.354,0.13344106,0.83652127
1355,1.355,0.13417171,0.843861
1356,1.356,0.121110514,0.8344459
1357,1.357,0.12640136,0.8368489
1358,1.358,0.13350329,0.7947595
1359,1.359,0.13042279,0.81703484
1360,1.36,0.11637085,0.8367976
1361,1.361,0.11916593,0.78158784
1362,1.362,0.10901777,0.8321302
1363,1.363,0.10638475,0.83669686
1364,1.364,0.11153684,0.7973268
1365,1.365,0.11358338,0.8048446
1366,1.366,0.114171214,0.7942256
1367,1.367,0.11185688,0.87420267
1368,1.368,0.11138448,0.80320776
1369,1.369,0.0986024,0.80407876
1370,1.37,0.095543556,0.8276111
1371,1.371,0.09291542,0.8059535
1372,1.372,0.09119907,0.8516548
1373,1.373,0.09019916,0.8220321
1374,1.374,0.086764745,0.79788625
1375,1.375,0.09497322,0.8441075
1376,1.376,0.09756737,0.8118022
1377,1.377,0.08619914,0.82503045
1378,1.378,0.0835974,0.7965601
1379,1.379,0.09172178,0.7593283
1380,1.38,0.090528026,0.8335245
1381,1.381,0.08857471,0.78015214
1382,1.382,0.10361721,0.7591713
1383,1.383,0.10598726,0.77032125
1384,1.384,0.100192,0.8253439
1385,1.385,0.09542821,0.7554471
1386,1.386,0.11437205,0.8266999
1387,1.387,0.11223412,0.7999181
1388,1.388,0.11789103,0.7828342
1389,1.389,0.11237603,0.79589397
1390,1.39,0.110087104,0.7693082
1391,1.391,0.10662276,0.77388376
1392,1.392,0.09753647,0.79681075
1393,1.393,0.09957416,0.82206976
1394,1.394,0.09456095,0.7958424
1395,1.395,0.0925957,0.7636839
1396,1.396,0.1026022,0.76170117
1397,1.397,0.11557239,0.8079872
1398,1.398,0.11788112,0.79692894
1399,1.399,0.12037316,0.81475884
1400,1.4,0.107947536,0.79728645
1401,1.401,0.118777536,0.83689535
1402,1.402,0.11637614,0.71225697
1403,1.403,0.11131486,0.8072943
1404,1.404,0.1247497,0.8123196
1405,1.405,0.13068812,0.8095351
1406,1.406,0.12107546,0.80660594
1407,1.407,0.12672466,0.82272524
1408,1.408,0.11922787,0.83399844
1409,1.409,0.12550546,0.8090344
1410,1.41,0.12669212,0.79201126
1411,1.411,0.11896129,0.79715973
1412,1.412,0.12962878,0.8196148
1413,1.413,0.116148576,0.78932625
1414,1.414,0.11278973,0.8116611
1415,1.415,0.10330798,0.8065559
1416,1.416,0.10772787,0.760467
1417,1.417,0.1010024,0.826737
1418,1.418,0.10223876,0.78788865
1419,1.419,0.10727285,0.8219303
1420,1.42,0.10794468,0.85851496
1421,1.421,0.11326441,0.784738
1422,1.422,0.10435623,0.8338038
1423,1.423,0.09714078,0.839762
1424,1.424,0.105787955,0.8184004
1425,1.425,0.10072851,0.84743434
1426,1.426,0.09979944,0.8448044
1427,1.427,0.10285554,0.84132844
1428,1.428,0.10043366,0.81708723
1429,1.429,0.07987271,0.8140843
1430,1.43,0.09011385,0.83404994
1431,1.431,0.08765088,0.82625264
1432,1.432,0.08816531,0.80283934
1433,1.433,0.085552886,0.7551496
1434,1.434,0.08914594,0.77894396
1435,1.435,0.0810488,0.76148945
1436,1.436,0.08465932,0.7900954
1437,1.437,0.07925484,0.77216536
1438,1.438,0.084702194,0.8408417
1439,1.439,0.09210401,0.82191765
1440,1.44,0.0824987,0.832993
1441,1.441,0.07439346,0.8351106
1442,1.442,0.083641544,0.8116569
1443,1.443,0.0734496,0.77636284
1444,1.444,0.07761299,0.8005747
1445,1.445,0.08137609,0.8281861
1446,1.446,0.09223485,0.8457916
1447,1.447,0.08491186,0.85843897
1448,1.448,0.06729533,0.89568466
1449,1.449,0.07935337,0.81090957
1450,1.45,0.086798064,0.789956
1451,1.451,0.07691221,0.7957235
1452,1.452,0.08225521,0.80853486
1453,1.453,0.102464184,0.8562983
1454,1.454,0.11050103,0.8411079
1455,1.455,0.08189989,0.82337624
1456,1.456,0.09731922,0.8298169
1457,1.457,0.099384286,0.8024414
1458,1.458,0.105105266,0.7987881
1459,1.459,0.10451176,0.80294913
1460,1.46,0.10284717,0.840002
1461,1.461,0.10540631,0.8265521
1462,1.462,0.104995154,0.80742013
1463,1.463,0.09912206,0.85991144
1464,1.464,0.107783824,0.8002566
1465,1.465,0.0961617,0.82336503
1466,1.466,0.09192012,0.9328719
1467,1.467,0.09844627,1.039655
1468,1.468,0.10105112,1.0728894
1469,1.469,0.10313929,0.98181784
1470,1.47,0.12515889,0.9976309
1471,1.471,0.109805055,0.9070867
1472,1.472,0.10232358,0.88602954
1473,1.473,0.117523044,0.9363678
1474,1.474,0.11029426,0.9695333
1475,1.475,0.117160715,0.93115425
1476,1.476,0.11537151,0.93845785
1477,1.477,0.09393358,0.8648302
1478,1.478,0.111200936,0.885036
1479,1.479,0.095436595,0.84424794
1480,1.48,0.096722476,0.8041544
1481,1.481,0.092585064,0.84975463
1482,1.482,0.10416975,0.80073404
1483,1.483,0.10058364,0.8224574
1484,1.484,0.10342227,0.8362966
1485,1.485,0.10794354,0.82790685
1486,1.486,0.09333957,0.8356183
1487,1.487,0.102663346,0.8547705
1488,1.488,0.10614272,0.8016876
1489,1.489,0.0985868,0.8067705
1490,1.49,0.09791611,0.81412226
1491,1.491,0.08405687,0.83764374
1492,1.492,0.09173385,0.82041806
1493,1.493,0.09345947,0.76245296
1494,1.494,0.08943329,0.79481083
1495,1.495,0.09702099,0.84362143
1496,1.496,0.09660472,0.74785006
1497,1.497,0.09022985,0.7608336
1498,1.498,0.092812724,0.8569216
1499,1.499,0.09747842,0.82140994
1500,1.5,0.10868937,0.8496406
1501,1.501,0.109659836,0.86311185
1502,1.502,0.11365377,0.8347138
1503,1.503,0.12565197,0.7925196
1504,1.504,0.10432321,0.8626889
1505,1.505,0.112515554,0.8576401
1506,1.506,0.115230635,0.8563276
1507,1.507,0.1285066,0.91418976
1508,1.508,0.12674262,0.89207214
1509,1.509,0.12068659,0.8754185
1510,1.51,0.13895068,0.9164205
1511,1.511,0.12533525,0.84345454
1512,1.512,0.11417661,0.8915484
1513,1.513,0.12421788,0.89643395
1514,1.514,0.12402108,0.90930945
1515,1.515,0.13062124,0.8903335
1516,1.516,0.13041148,0.87100846
1517,1.517,0.12315734,0.9078172
1518,1.518,0.12300336,0.9150204
1519,1.519,0.12030567,0.926198
1520,1.52,0.11584199,0.9082734
1521,1.521,0.12463473,0.8932535
1522,1.522,0.13771598,1.0103174
1523,1.523,0.14446227,0.9133746
1524,1.524,0.13345212,0.96402687
1525,1.525,0.13529782,0.85420895
1526,1.526,0.13720976,0.9288683
1527,1.527,0.1361537,0.88503474
1528,1.528,0.1205167,0.90872985
1529,1.529,0.12903982,0.9241796
1530,1.53,0.12777099,0.9076358
1531,1.531,0.12591366,0.90136987
1532,1.532,0.118836574,0.85097575
1533,1.533,0.13029866,0.92859715
1534,1.534,0.13612702,0.94791406
1535,1.535,0.12810332,0.9502663
1536,1.536,0.13151224,0.8217763
1537,1.537,0.12923612,0.8713063
1538,1.538,0.11608923,0.8995302
1539,1.539,0.11632115,0.8635189
1540,1.54,0.11345546,0.9410438
1541,1.541,0.098720886,0.9013752
1542,1.542,0.10834805,0.8517721
1543,1.543,0.10349185,0.864713
1544,1.544,0.11242365,0.8444603
1545,1.545,0.10440515,0.84982705
1546,1.546,0.10145764,0.8241597
1547,1.547,0.104094714,0.81433964
1548,1.548,0.10278732,0.82798636
1549,1.549,0.1053672,0.8352756
1550,1.55,0.11341749,0.8174095
1551,1.551,0.107681595,0.846013
1552,1.552,0.11127561,0.88616645
1553,1.553,0.11584996,0.8463487
1554,1.554,0.11859818,0.85821337
1555,1.555,0.11270896,0.8462984
1556,1.556,0.124652006,0.87931705
1557,1.557,0.12926944,0.80594486
1558,1.558,0.11853642,0.8606427
1559,1.559,0.12082416,0.8795626
1560,1.56,0.12641695,0.86572623
1561,1.561,0.12451916,0.8884821
1562,1.562,0.13148603,0.8337982
1563,1.563,0.13363503,0.89438945
1564,1.564,0.1245982,0.84550995
1565,1.565,0.120010726,0.83237
1566,1.566,0.13035531,0.85835767
1567,1.567,0.13002971,0.8546284
1568,1.568,0.13815401,0.86685866
1569,1.569,0.12241974,0.7959567
1570,1.57,0.12025656,0.8028404
1571,1.571,0.10661814,0.8317671
1572,1.572,0.11848398,0.8031513
1573,1.573,0.11367326,0.8121162
1574,1.574,0.10946609,0.7785787
1575,1.575,0.120123975,0.7765894
1576,1.576,0.10133871,0.8054686
1577,1.577,0.10277296,0.79176885
1578,1.578,0.09887844,0.8106696
1579,1.579,0.11098161,0.81506795
1580,1.58,0.094090655,0.81986266
1581,1.581,0.10109313,0.84287894
1582,1.582,0.097941875,0.8777887
1583,1.583,0.09435121,0.8243057
1584,1.584,0.0936607,0.8349755
1585,1.585,0.09848252,0.8302679
1586,1.586,0.09390607,0.82396775
1587,1.587,0.09180357,0.83509797
1588,1.588,0.09497452,0.81559485
1589,1.589,0.09204721,0.82993525
1590,1.59,0.102796905,0.81345385
1591,1.591,0.08905272,0.8192016
1592,1.592,0.09679496,0.8289984
1593,1.593,0.109659836,0.85445887
1594,1.594,0.094980344,0.85181236
1595,1.595,0.09378084,0.8475085
1596,1.596,0.10533274,0.82231385
1597,1.597,0.08620128,0.8431063
1598,1.598,0.09746453,0.84554493
1599,1.599,0.086618535,0.8643137
1600,1.6,0.09199305,0.8692869
1601,1.601,0.095698625,0.84232783
1602,1.602,0.07827056,0.78133917
1603,1.603,0.07603848,0.8491207
1604,1.604,0.092624925,0.8439194
1605,1.605,0.07200889,0.8325004
1606,1.606,0.08248154,0.8367342
1607,1.607,0.081815705,0.8297397
1608,1.608,0.08142522,0.7828426
1609,1.609,0.08653041,0.8065938
1610,1.61,0.08975948,0.8397605
1611,1.611,0.09967915,0.8363637
1612,1.612,0.09970445,0.8693775
1613,1.613,0.089723825,0.83709466
1614,1.614,0.094916195,0.84735316
1615,1.615,0.0946572,0.88715273
1616,1.616,0.095397905,0.90431136
1617,1.617,0.10507892,0.871674
1618,1.618,0.113026775,0.8966553
1619,1.619,0.09523976,0.8953299
1620,1.62,0.09323075,0.87950873
1621,1.621,0.09176738,0.8497705
1622,1.622,0.08656099,0.8827459
1623,1.623,0.09303784,0.8897632
1624,1.624,0.09375591,0.85826373
1625,1.625,0.105308786,0.81758845
1626,1.626,0.102798104,0.8279587
1627,1.627,0.098278634,0.8144109
1628,1.628,0.08571455,0.8385646
1629,1.629,0.07364619,0.8081194
1630,1.63,0.08140784,0.82330054
1631,1.631,0.07980027,0.857629
1632,1.632,0.07788443,0.8083195
1633,1.633,0.08577411,0.8377388
1634,1.634,0.075391635,0.8209014
1635,1.635,0.07983111,0.79598325
1636,1.636,0.083534084,0.81300443
1637,1.637,0.07990352,0.78773445
1638,1.638,0.09198368,0.80725664
1639,1.639,0.0966773,0.7650991
1640,1.64,0.08591602,0.8902885
1641,1.641,0.08529504,0.84084153
1642,1.642,0.0897958,0.87724304
1643,1.643,0.083442695,0.8976321
1644,1.644,0.085214205,0.85055244
1645,1.645,0.1054174,0.8464207
1646,1.646,0.10390599,0.86550415
1647,1.647,0.09157878,0.7984981
1648,1.648,0.09789412,0.85417575
1649,1.649,0.10689939,0.84896034
1650,1.65,0.11209974,0.84522706
1651,1.651,0.10009985,0.82725257
1652,1.652,0.09507164,0.82456136
1653,1.653,0.09331848,0.8245749
1654,1.654,0.09276432,0.8397267
1655,1.655,0.09081235,0.8471617
1656,1.656,0.094396845,0.8236523
1657,1.657,0.09203919,0.8009903
1658,1.658,0.09806806,0.8570873
1659,1.659,0.08650268,0.8678247
1660,1.66,0.086553164,0.8745914
1661,1.661,0.090831995,0.8804618
1662,1.662,0.10059649,0.81124747
1663,1.663,0.09452451,0.81366736
1664,1.664,0.10088964,0.8046155
1665,1.665,0.09646259,0.8352465
1666,1.666,0.10399418,0.840709
1667,1.667,0.09257908,0.8270206
1668,1.668,0.09396698,0.87522006
1669,1.669,0.08243528,0.82858735
1670,1.67,0.09629278,0.85354036
1671,1.671,0.09507941,0.8552131
1672,1.672,0.08436447,0.84844816
1673,1.673,0.09023326,0.79978305
1674,1.674,0.083770186,0.8067346
1675,1.675,0.08841201,0.803022
1676,1.676,0.0847327,0.8013756
1677,1.677,0.0931786,0.8049117
1678,1.678,0.07653208,0.85202956
1679,1.679,0.09374803,0.78939885
1680,1.68,0.09338637,0.812564
1681,1.681,0.08832637,0.7807431
1682,1.682,0.08499225,0.8512679
1683,1.683,0.099252954,0.826066
1684,1.684,0.10933449,0.8666693
1685,1.685,0.1009311,0.87361187
1686,1.686,0.09142682,0.84353
1687,1.687,0.094786465,0.8109309
1688,1.688,0.10402376,0.862718
1689,1.689,0.08873918,0.8724164
1690,1.69,0.08884659,0.8239171
1691,1.691,0.10006788,0.8496356
1692,1.692,0.108718805,0.87718993
1693,1.693,0.10554747,0.83449346
1694,1.694,0.10360474,0.8176777
1695,1.695,0.096394315,0.85102665
1696,1.696,0.095906064,0.84172237
1697,1.697,0.091284715,0.8263579
1698,1.698,0.09553389,0.8150356
1699,1.699,0.09373819,0.8176641
1700,1.7,0.08696307,0.84157556
1701,1.701,0.106421754,0.8413305
1702,1.702,0.092827305,0.78778803
1703,1.703,0.09340679,0.8208741
1704,1.704,0.08801515,0.8469268
1705,1.705,0.08764035,0.8013915
1706,1.706,0.08313761,0.88486284
1707,1.707,0.0928611,0.85558975
1708,1.708,0.09573398,0.79569685
1709,1.709,0.08737669,0.7933401
1710,1.71,0.096022114,0.82341045
1711,1.711,0.08362021,0.8040622
1712,1.712,0.085511886,0.7925699
1713,1.713,0.098743945,0.78241676
1714,1.714,0.09801472,0.8295511
1715,1.715,0.0967282,0.8281721
1716,1.716,0.11101487,0.83819485
1717,1.717,0.1059199,0.81091064
1718,1.718,0.10298945,0.8212509
1719,1.719,0.097746305,0.7801159
1720,1.72,0.104648255,0.7659175
1721,1.721,0.09570441,0.8183915
1722,1.722,0.096714206,0.87816393
1723,1.723,0.091343336,0.7862916
1724,1.724,0.09731037,0.77946204
1725,1.725,0.098591164,0.8204313
1726,1.726,0.101822056,0.84588814
1727,1.727,0.10820315,0.8155298
1728,1.728,0.0979626,0.8958159
1729,1.729,0.10319476,0.84406704
1730,1.73,0.096099615,0.8772732
1731,1.731,0.088230886,0.8633903
1732,1.732,0.08598402,0.84765345
1733,1.733,0.098352484,0.80415
1734,1.734,0.09302991,0.87279564
1735,1.735,0.102428146,0.8564773
1736,1.736,0.09935395,0.8277876
1737,1.737,0.116361864,0.8677658
1738,1.738,0.100754164,0.9296133
1739,1.739,0.09927464,0.91201234
1740,1.74,0.09750681,0.84596515
1741,1.741,0.08386121,0.89562666
1742,1.742,0.08530946,0.8599093
1743,1.743,0.10648996,0.8619629
1744,1.744,0.110529974,0.82168597
1745,1.745,0.09526947,0.7743912
1746,1.746,0.10085731,0.7639841
1747,1.747,0.10696095,0.7894764
1748,1.748,0.113692746,0.7804857
1749,1.749,0.12170194,0.75274354
1750,1.75,0.110396855,0.7597971
1751,1.751,0.11639305,0.77055466
1752,1.752,0.12069729,0.7718857
1753,1.753,0.12217624,0.78407127
1754,1.754,0.10742875,0.77094775
1755,1.755,0.11605213,0.7525894
1756,1.756,0.11602297,0.7914561
1757,1.757,0.11435806,0.8035813
1758,1.758,0.12230861,0.77782583
1759,1.759,0.12616654,0.82742476
1760,1.76,0.10616997,0.7888684
1761,1.761,0.12197111,0.78157425
1762,1.762,0.12157346,0.8151489
1763,1.763,0.11314701,0.77733696
1764,1.764,0.11032772,0.80402035
1765,1.765,0.111086346,0.75470024
1766,1.766,0.111535735,0.7673261
1767,1.767,0.11553618,0.7674666
1768,1.768,0.12206288,0.77847034
1769,1.769,0.123078875,0.76256883
1770,1.77,0.11058618,0.81922185
1771,1.771,0.098485015,0.80709565
1772,1.772,0.123143345,0.8285996
1773,1.773,0.12025605,0.86301947
1774,1.774,0.11744082,0.8347498
1775,1.775,0.10065947,0.80167365
1776,1.776,0.107586704,0.7698692
1777,1.777,0.103029475,0.7894729
1778,1.778,0.107039735,0.7606338
1779,1.779,0.10041957,0.7795128
1780,1.78,0.10911029,0.78505737
1781,1.781,0.10314944,0.7591775
1782,1.782,0.105232805,0.77442485
1783,1.783,0.11114559,0.8008822
1784,1.784,0.11104646,0.78360265
1785,1.785,0.09980622,0.7810659
1786,1.786,0.0964141,0.7672592
1787,1.787,0.1218621,0.7581221
1788,1.788,0.11459992,0.75142187
1789,1.789,0.10998478,0.7533351
1790,1.79,0.10475932,0.7834734
1791,1.791,0.1306222,0.7928995
1792,1.792,0.11940577,0.77235806
1793,1.793,0.11363807,0.74962986
1794,1.794,0.10641655,0.7921265
1795,1.795,0.09895619,0.74847084
1796,1.796,0.091860525,0.8302129
1797,1.797,0.095337905,0.79756993
1798,1.798,0.101786405,0.81879896
1799,1.799,0.11536885,0.8177924
1800,1.8,0.11412217,0.8861511
1801,1.801,0.11300827,0.82584274
1802,1.802,0.11842841,0.87285614
1803,1.803,0.11077019,0.84542865
1804,1.804,0.12621139,0.8209018
1805,1.805,0.12208556,0.85338086
1806,1.806,0.12463769,0.8364884
1807,1.807,0.118475154,0.84181637
1808,1.808,0.11683045,0.81459844
1809,1.809,0.13639164,0.8406951
1810,1.81,0.13358991,0.8635688
1811,1.811,0.1402605,0.8042918
1812,1.812,0.14041789,0.81752
1813,1.813,0.12215106,0.81160635
1814,1.814,0.13038221,0.80457073
1815,1.815,0.13704823,0.836914
1816,1.816,0.13133761,0.89471483
1817,1.817,0.12381652,0.86261445
1818,1.818,0.12803221,0.87531984
1819,1.819,0.13227077,0.82329047
1820,1.82,0.13569197,0.84112155
1821,1.821,0.13014841,0.85558796
1822,1.822,0.12297635,0.87603533
1823,1.823,0.12130138,0.85162926
1824,1.824,0.12771705,0.8369962
1825,1.825,0.11440002,0.82741326
1826,1.826,0.10603427,0.8081958
1827,1.827,0.10856589,0.82499725
1828,1.828,0.10713167,0.81753635
1829,1.829,0.11368301,0.82458204
1830,1.83,0.12958415,0.84566325
1831,1.831,0.12546085,0.74883574
1832,1.832,0.12068659,0.8101012
1833,1.833,0.11526961,0.81606984
1834,1.834,0.113029495,0.8014654
1835,1.835,0.12312435,0.8079395
1836,1.836,0.11666339,0.8263673
1837,1.837,0.12279861,0.76223254
1838,1.838,0.12606847,0.7854461
1839,1.839,0.11248055,0.7612954
1840,1.84,0.12253026,0.7454205
1841,1.841,0.117077716,0.7885161
1842,1.842,0.11400133,0.76177377
1843,1.843,0.12436886,0.7090019
1844,1.844,0.12713474,0.77022815
1845,1.845,0.12192469,0.79023856
1846,1.846,0.12229,0.78962934
1847,1.847,0.11940216,0.7828596
1848,1.848,0.11527815,0.828553
1849,1.849,0.11594392,0.8012782
1850,1.85,0.12726872,0.8105457
1851,1.851,0.13335156,0.8096479
1852,1.852,0.11452419,0.7916336
1853,1.853,0.11519058,0.829425
1854,1.854,0.11367542,0.82838994
1855,1.855,0.11961377,0.8444845
1856,1.856,0.1168194,0.7702007
1857,1.857,0.12788892,0.7913634
1858,1.858,0.11150594,0.7915162
1859,1.859,0.13270313,0.78780454
1860,1.86,0.12721843,0.7777091
1861,1.861,0.11710662,0.8309141
1862,1.862,0.10724532,0.7994757
1863,1.863,0.10526437,0.79888767
1864,1.864,0.10531346,0.81910557
1865,1.865,0.1040415,0.73446095
1866,1.866,0.09848064,0.8185477
1867,1.867,0.10778326,0.75054234
1868,1.868,0.12187068,0.80054843
1869,1.869,0.11226976,0.80979496
1870,1.87,0.12170447,0.7947045
1871,1.871,0.1296302,0.8365078
1872,1.872,0.13066834,0.7773065
1873,1.873,0.117879555,0.84322107
1874,1.874,0.121246085,0.82846653
1875,1.875,0.1239928,0.8016664
1876,1.876,0.11640733,0.81593335
1877,1.877,0.10819462,0.8453689
1878,1.878,0.108742,0.8014834
1879,1.879,0.11623966,0.7995736
1880,1.88,0.11220507,0.84238744
1881,1.881,0.10889184,0.8359736
1882,1.882,0.11989686,0.80354774
1883,1.883,0.122279935,0.82398707
1884,1.884,0.13101915,0.8482523
1885,1.885,0.13338572,0.79754025
1886,1.886,0.11939237,0.81125724
1887,1.887,0.1044517,0.79903674
1888,1.888,0.115695834,0.79480344
1889,1.889,0.09548944,0.82026035
1890,1.89,0.09602852,0.78021026
1891,1.891,0.103775635,0.82945853
1892,1.892,0.0873626,0.80356467
1893,1.893,0.10085914,0.82336587
1894,1.894,0.09437272,0.7739352
1895,1.895,0.097716086,0.79175854
1896,1.896,0.09467215,0.83653325
1897,1.897,0.10004882,0.8405016
1898,1.898,0.10202187,0.82043666
1899,1.899,0.099849984,0.8618439
1900,1.9,0.11108302,0.8542487
1901,1.901,0.10839177,0.84799224
1902,1.902,0.114309095,0.8250182
1903,1.903,0.09918598,0.84347296
1904,1.904,0.09297235,0.82347083
1905,1.905,0.106519416,0.8419308
1906,1.906,0.11123745,0.8258442
1907,1.907,0.113227464,0.809993
1908,1.908,0.11194045,0.812226
1909,1.909,0.10459121,0.8265047
1910,1.91,0.115722954,0.8716771
1911,1.911,0.10491954,0.8249618
1912,1.912,0.11704671,0.8364586
1913,1.913,0.09819659,0.82512623
1914,1.914,0.11131431,0.8031575
1915,1.915,0.11319757,0.8174384
1916,1.916,0.12575915,0.8518377
1917,1.917,0.12262212,0.8301575
1918,1.918,0.11509974,0.8677512
1919,1.919,0.11881379,0.8337685
1920,1.92,0.12811051,0.8888193
1921,1.921,0.12239209,0.8119928
1922,1.922,0.112089306,0.85077494
1923,1.923,0.0985687,0.829735
1924,1.924,0.09066996,0.8632544
1925,1.925,0.09219415,0.83581686
1926,1.926,0.10124639,0.8026571
1927,1.927,0.0938733,0.80959666
1928,1.928,0.10553582,0.8323293
1929,1.929,0.09959393,0.8349845
1930,1.93,0.096648656,0.831798
1931,1.931,0.10635582,0.8652625
1932,1.932,0.09512922,0.7717789
1933,1.933,0.10666718,0.81103194
1934,1.934,0.10480277,0.7934446
1935,1.935,0.098264866,0.7828068
1936,1.936,0.10685218,0.8209545
1937,1.937,0.111947596,0.81159973
1938,1.938,0.10466413,0.7872632
1939,1.939,0.112773366,0.7990506
1940,1.94,0.12210319,0.7860155
1941,1.941,0.11475872,0.8150809
1942,1.942,0.10977367,0.72971046
1943,1.943,0.1081548,0.8073674
1944,1.944,0.10485149,0.79003274
1945,1.945,0.10294882,0.78562397
1946,1.946,0.09759071,0.81350416
1947,1.947,0.089509614,0.82607037
1948,1.948,0.079971254,0.83874273
1949,1.949,0.07445216,0.8420332
1950,1.95,0.08551908,0.83930796
1951,1.951,0.096674755,0.7813644
1952,1.952,0.10786942,0.81710756
1953,1.953,0.093480535,0.8349283
1954,1.954,0.095591195,0.8077547
1955,1.955,0.08872393,0.8130816
1956,1.956,0.0954411,0.82186586
1957,1.957,0.08295164,0.76763934
1958,1.958,0.07591052,0.8034398
1959,1.959,0.0887787,0.79037136
1960,1.96,0.074724376,0.8266122
1961,1.961,0.086061984,0.7961763
1962,1.962,0.08067521,0.78915066
1963,1.963,0.07625019,0.8360979
1964,1.964,0.08619557,0.81786513
1965,1.965,0.07212159,0.76564926
1966,1.966,0.07508252,0.77784806
1967,1.967,0.08658941,0.8101985
1968,1.968,0.08642156,0.7808666
1969,1.969,0.0865887,0.75483644
1970,1.97,0.08644291,0.7680282
1971,1.971,0.08962296,0.7692331
1972,1.972,0.0986417,0.8043742
1973,1.973,0.09380839,0.77764785
1974,1.974,0.09642367,0.80194867
1975,1.975,0.09116196,0.8246764
1976,1.976,0.101446725,0.7934466
1977,1.977,0.109861076,0.7739288
1978,1.978,0.107947536,0.7974954
1979,1.979,0.09074458,0.79763585
1980,1.98,0.09013023,0.75290823
1981,1.981,0.0930947,0.8332353
1982,1.982,0.091052555,0.83294684
1983,1.983,0.09977786,0.7671225
1984,1.984,0.10415735,0.7504666
1985,1.985,0.08726818,0.74453145
1986,1.986,0.09345157,0.74183524
1987,1.987,0.0935529,0.80079967
1988,1.988,0.10405037,0.77059555
1989,1.989,0.09438772,0.8141927
1990,1.99,0.08585011,0.7464506
1991,1.991,0.09008107,0.8381529
1992,1.992,0.09550297,0.77811843
1993,1.993,0.09074593,0.8106872
1994,1.994,0.08758066,0.81824166
1995,1.995,0.1041792,0.81190693
1996,1.996,0.09675364,0.83422875
1997,1.997,0.10426067,0.8159388
1998,1.998,0.10458886,0.83566356
1999,1.999,0.100685135,0.83741933
2000,2.0,0.11223084,0.83373195
2001,2.001,0.099439986,0.827804
2002,2.002,0.111978374,0.8284776
2003,2.003,0.10868427,0.8129418
2004,2.004,0.10182629,0.8345675
2005,2.005,0.10083352,0.7505048
2006,2.006,0.113218226,0.79198843
2007,2.007,0.107179895,0.79993093
2008,2.008,0.108149685,0.7719445
2009,2.009,0.10924272,0.79606533
2010,2.01,0.122425266,0.76126426
2011,2.011,0.10931535,0.8286334
2012,2.012,0.111283354,0.8159051
2013,2.013,0.10438275,0.7993257
2014,2.014,0.10421758,0.7412425
2015,2.015,0.09582841,0.78156894
2016,2.016,0.11538911,0.8179235
2017,2.017,0.116519324,0.77803046
2018,2.018,0.11114061,0.7627239
2019,2.019,0.10553756,0.7463962
2020,2.02,0.095163494,0.68793446
2021,2.021,0.08823507,0.7490313
2022,2.022,0.1031715,0.7837653
2023,2.023,0.092800125,0.7663829
2024,2.024,0.08863373,0.82605875
2025,2.025,0.09272584,0.867746
2026,2.026,0.096151456,0.7938156
2027,2.027,0.092151426,0.77045906
2028,2.028,0.10201705,0.8172406
2029,2.029,0.10135935,0.80790687
2030,2.03,0.09328683,0.7994958
2031,2.031,0.10805235,0.79673713
2032,2.032,0.10156371,0.8403122
2033,2.033,0.104558855,0.7942589
2034,2.034,0.083301,0.7934349
2035,2.035,0.088537194,0.81066126
2036,2.036,0.09164862,0.80098104
2037,2.037,0.0912011,0.7767499
2038,2.038,0.097766444,0.7897755
2039,2.039,0.09368763,0.79347897
2040,2.04,0.092071936,0.7879052
2041,2.041,0.087587684,0.8099105
2042,2.042,0.092837244,0.7574606
2043,2.043,0.098880924,0.76043046
2044,2.044,0.09454924,0.8234354
2045,2.045,0.101122335,0.8004852
2046,2.046,0.10112172,0.8045124
2047,2.047,0.10680092,0.7476348
2048,2.048,0.10492364,0.78197277
2049,2.049,0.09244407,0.802313
2050,2.05,0.10155523,0.794111
2051,2.051,0.09391982,0.84333616
2052,2.052,0.09104445,0.83240473
2053,2.053,0.09573591,0.82675993
2054,2.054,0.10466589,0.8969565
2055,2.055,0.104512945,0.8390364
2056,2.056,0.10074378,0.82602286
2057,2.057,0.107264824,0.7751152
2058,2.058,0.112997375,0.79721594
2059,2.059,0.12227893,0.82084006
2060,2.06,0.0957404,0.80242836
2061,2.061,0.104905464,0.75423914
2062,2.062,0.10230012,0.800311
2063,2.063,0.10680035,0.777808
2064,2.064,0.104337946,0.7894287
2065,2.065,0.10176464,0.7837572
2066,2.066,0.10140426,0.78662634
2067,2.067,0.09635601,0.80250794
2068,2.068,0.10353405,0.72951204
2069,2.069,0.104165025,0.7357164
2070,2.07,0.11705197,0.73055047
2071,2.071,0.10121599,0.76350766
2072,2.072,0.10422172,0.7251687
2073,2.073,0.08830129,0.7868154
2074,2.074,0.08744638,0.7945835
2075,2.075,0.09002231,0.7865863
2076,2.076,0.096398786,0.7450627
2077,2.077,0.09185249,0.81928605
2078,2.078,0.09018688,0.83921164
2079,2.079,0.095121466,0.8303292
2080,2.08,0.09534952,0.8310898
2081,2.081,0.10098413,0.8395488
2082,2.082,0.10829978,0.78908676
2083,2.083,0.09651424,0.78409547
2084,2.084,0.10497289,0.81002796
2085,2.085,0.10976527,0.75452894
2086,2.086,0.106280014,0.7675202
2087,2.087,0.10344546,0.83312035
2088,2.088,0.12013678,0.83338356
2089,2.089,0.11780228,0.80897933
2090,2.09,0.1149778,0.7810421
2091,2.091,0.12105157,0.80839235
2092,2.092,0.111118466,0.8391647
2093,2.093,0.10941605,0.8160778
2094,2.094,0.11212608,0.8029571
2095,2.095,0.116384596,0.76388043
2096,2.096,0.11488733,0.7937771
2097,2.097,0.10866106,0.77784604
2098,2.098,0.12569897,0.79753923
2099,2.099,0.11373766,0.7993325
2100,2.1,0.10903921,0.7863388
2101,2.101,0.1011345,0.78564346
2102,2.102,0.11180516,0.77650017
2103,2.103,0.1063159,0.7746116
2104,2.104,0.10691147,0.794141
2105,2.105,0.11568573,0.8011008
2106,2.106,0.11064459,0.85454154
2107,2.107,0.08907828,0.7822562
2108,2.108,0.094419,0.8098931
2109,2.109,0.09838876,0.7846521
2110,2.11,0.0965837,0.7863023
2111,2.111,0.09616362,0.79113925
2112,2.112,0.103344895,0.7815599
2113,2.113,0.10713167,0.7667539
2114,2.114,0.09607464,0.8840125
2115,2.115,0.10614852,0.80768114
2116,2.116,0.10380646,0.7793879
2117,2.117,0.09011727,0.8355555
2118,2.118,0.10294942,0.77430004
2119,2.119,0.11039741,0.7783303
2120,2.12,0.11158537,0.76792276
2121,2.121,0.10895284,0.802606
2122,2.122,0.11952217,0.79142994
2123,2.123,0.114735134,0.8325924
2124,2.124,0.118820526,0.80027544
2125,2.125,0.11950003,0.796507
2126,2.126,0.11710872,0.82228285
2127,2.127,0.12112322,0.79031956
2128,2.128,0.11319649,0.7971708
2129,2.129,0.11408927,0.79452324
2130,2.13,0.12770309,0.7242742
2131,2.131,0.12129784,0.7637887
2132,2.132,0.114311785,0.7559852
2133,2.133,0.11173911,0.7961869
2134,2.134,0.09968594,0.7714551
2135,2.135,0.09686359,0.83596134
2136,2.136,0.09514992,0.84631306
2137,2.137,0.101052344,0.8448327
2138,2.138,0.10025401,0.8203638
2139,2.139,0.09996638,0.8162606
2140,2.14,0.10268851,0.8065664
2141,2.141,0.09649639,0.8194541
2142,2.142,0.10857156,0.79168975
2143,2.143,0.09546238,0.7941714
2144,2.144,0.097450644,0.79028666
2145,2.145,0.10215688,0.8023231
2146,2.146,0.10571057,0.8284575
2147,2.147,0.11773436,0.8104751
2148,2.148,0.10692587,0.81702816
2149,2.149,0.09760898,0.7651191
2150,2.15,0.099116474,0.8107155
2151,2.151,0.10545533,0.7995376
2152,2.152,0.11319051,0.78188866
2153,2.153,0.1058368,0.80295503
2154,2.154,0.10690284,0.8427713
2155,2.155,0.10610562,0.83054525
2156,2.156,0.0966773,0.83503586
2157,2.157,0.10810815,0.8579865
2158,2.158,0.101961546,0.8310186
2159,2.159,0.11267457,0.8399967
2160,2.16,0.122240685,0.8266384
2161,2.161,0.12800866,0.88768464
2162,2.162,0.1331327,0.8838552
2163,2.163,0.11080962,0.86556387
2164,2.164,0.12082874,0.88534904
2165,2.165,0.10859876,0.8482528
2166,2.166,0.11659639,0.8610358
2167,2.167,0.12431641,0.84669644
2168,2.168,0.11689837,0.803893
2169,2.169,0.11716755,0.7934294
2170,2.17,0.13039874,0.78555036
2171,2.171,0.12017723,0.81505436
2172,2.172,0.11736064,0.8141
2173,2.173,0.14188296,0.8350471
2174,2.174,0.13567929,0.79374456
2175,2.175,0.13444611,0.79685736
2176,2.176,0.13293521,0.7796285
2177,2.177,0.13249107,0.8338151
2178,2.178,0.13155901,0.8649092
2179,2.179,0.121648334,0.8197986
2180,2.18,0.13486831,0.8314704
2181,2.181,0.12232521,0.8178013
2182,2.182,0.11865626,0.81559163
2183,2.183,0.14167769,0.8536431
2184,2.184,0.11802509,0.8781845
2185,2.185,0.13298704,0.8309826
2186,2.186,0.11659534,0.8311268
2187,2.187,0.13407262,0.82183594
2188,2.188,0.14102434,0.82485986
2189,2.189,0.14013456,0.8013617
2190,2.19,0.12409944,0.8290253
2191,2.191,0.12689254,0.8698225
2192,2.192,0.12526993,0.8403839
2193,2.193,0.13057695,0.85500443
2194,2.194,0.13587096,0.90683275
2195,2.195,0.13843608,0.8768805
2196,2.196,0.1273132,0.82856417
2197,2.197,0.1154163,0.8303213
2198,2.198,0.13153422,0.80838424
2199,2.199,0.12430057,0.8295069
2200,2.2,0.12305288,0.8287912
2201,2.201,0.123051375,0.84391046
2202,2.202,0.12806007,0.8468022
2203,2.203,0.13772178,0.85071915
2204,2.204,0.121771686,0.83332694
2205,2.205,0.122795604,0.8367182
2206,2.206,0.12451224,0.81475747
2207,2.207,0.13381033,0.77252585
2208,2.208,0.13617042,0.88581735
2209,2.209,0.12843812,0.84637535
2210,2.21,0.12257042,0.8519714
2211,2.211,0.111741856,0.7956342
2212,2.212,0.122265846,0.8291195
2213,2.213,0.11995483,0.85734355
2214,2.214,0.118542135,0.82618034
2215,2.215,0.10926244,0.8042532
2216,2.216,0.11861737,0.80632097
2217,2.217,0.109878436,0.8190328
2218,2.218,0.12053712,0.85859406
2219,2.219,0.11439249,0.8302032
2220,2.22,0.12642619,0.82796335
2221,2.221,0.11486216,0.8026781
2222,2.222,0.11272371,0.8064874
2223,2.223,0.107444786,0.7606939
2224,2.224,0.11268494,0.80009186
2225,2.225,0.11020832,0.8702624
2226,2.226,0.11643164,0.789555
2227,2.227,0.11982653,0.82411844
2228,2.228,0.108032994,0.82101685
2229,2.229,0.10982186,0.7999157
2230,2.23,0.10396282,0.8391483
2231,2.231,0.108015336,0.8340913
2232,2.232,0.1137014,0.85263944
2233,2.233,0.112475626,0.8313402
2234,2.234,0.12093003,0.85954046
2235,2.235,0.12286022,0.80165213
2236,2.236,0.122674786,0.8747403
2237,2.237,0.11269969,0.79754466
2238,2.238,0.1289368,0.83870584
2239,2.239,0.123790674,0.80229294
2240,2.24,0.113818765,0.8216525
2241,2.241,0.110435866,0.8577727
2242,2.242,0.10522696,0.8508933
2243,2.243,0.123466186,0.7847049
2244,2.244,0.12392977,0.8262716
2245,2.245,0.12580612,0.80120844
2246,2.246,0.12796347,0.8238484
2247,2.247,0.12781624,0.8689774
2248,2.248,0.11993226,0.86187273
2249,2.249,0.12126943,0.8503869
2250,2.25,0.11714023,0.8673985
2251,2.251,0.114677206,0.8510108
2252,2.252,0.12217523,0.856361
2253,2.253,0.1322047,0.85883254
2254,2.254,0.13358897,0.8472674
2255,2.255,0.12673146,0.86884797
2256,2.256,0.13651563,0.82295686
2257,2.257,0.115761764,0.8432042
2258,2.258,0.12836625,0.8312752
2259,2.259,0.11121864,0.83820224
2260,2.26,0.12466879,0.88566875
2261,2.261,0.11858416,0.8486947
2262,2.262,0.11008542,0.8389376
2263,2.263,0.11850268,0.8473581
2264,2.264,0.11656737,0.850134
2265,2.265,0.110404655,0.8288189
2266,2.266,0.113188334,0.8258373
2267,2.267,0.11946296,0.87883544
2268,2.268,0.117251016,0.8187177
2269,2.269,0.09921947,0.8270282
2270,2.27,0.10486205,0.8307865
2271,2.271,0.12379266,0.8368071
2272,2.272,0.11270842,0.89180446
2273,2.273,0.12064885,0.9053738
2274,2.274,0.10968676,0.9006655
2275,2.275,0.10170416,0.9136553
2276,2.276,0.11950467,0.8858081
2277,2.277,0.118887305,0.8687786
2278,2.278,0.109034136,0.8540984
2279,2.279,0.12511463,0.8731407
2280,2.28,0.12919708,0.84830135
2281,2.281,0.12412968,0.8663675
2282,2.282,0.13398723,0.8526588
2283,2.283,0.124903984,0.87444204
2284,2.284,0.12984408,0.85306287
2285,2.285,0.1195093,0.84140974
2286,2.286,0.12607823,0.879062
2287,2.287,0.13867453,0.8923526
2288,2.288,0.12936507,0.8799442
2289,2.289,0.12778063,0.8440659
2290,2.29,0.13863327,0.8527908
2291,2.291,0.1301399,0.8726147
2292,2.292,0.12931608,0.84000534
2293,2.293,0.13294539,0.89494723
2294,2.294,0.13787672,0.9051057
2295,2.295,0.13154592,0.9192592
2296,2.296,0.13077566,0.90046805
2297,2.297,0.15379162,0.8937106
2298,2.298,0.14975186,0.88981575
2299,2.299,0.14007966,0.87789863
2300,2.3,0.1367111,0.9094841
2301,2.301,0.15003264,0.9010985
2302,2.302,0.12235187,0.9159968
2303,2.303,0.12588483,0.87738806
2304,2.304,0.13190044,0.85114545
2305,2.305,0.13751031,0.8916313
2306,2.306,0.14511795,0.8457737
2307,2.307,0.13771822,0.8542247
2308,2.308,0.12621577,0.85215276
2309,2.309,0.13202819,0.8587503
2310,2.31,0.14157777,0.821689
2311,2.311,0.13318445,0.8506441
2312,2.312,0.12878448,0.8886678
2313,2.313,0.13418318,0.8579918
2314,2.314,0.12251369,0.83121395
2315,2.315,0.13255282,0.8613897
2316,2.316,0.13412584,0.8672497
2317,2.317,0.13573232,0.87351316
2318,2.318,0.1373778,0.8619783
2319,2.319,0.15493755,0.85537916
2320,2.32,0.14490029,0.84782463
2321,2.321,0.14183828,0.8304753
2322,2.322,0.1337441,0.88343084
2323,2.323,0.14410321,0.8814261
2324,2.324,0.14150779,0.8356324
2325,2.325,0.120451845,0.8397005
2326,2.326,0.13121717,0.83902675
2327,2.327,0.13640292,0.85229594
2328,2.328,0.11599114,0.83045375
2329,2.329,0.12834707,0.87292594
2330,2.33,0.12159775,0.81315964
2331,2.331,0.12876345,0.81690097
2332,2.332,0.12117502,0.8061377
2333,2.333,0.12883034,0.85005087
2334,2.334,0.124972925,0.8091897
2335,2.335,0.117322356,0.88473684
2336,2.336,0.11190087,0.8210644
2337,2.337,0.119471714,0.7897644
2338,2.338,0.12880932,0.85128945
2339,2.339,0.12567301,0.84494114
2340,2.34,0.12578997,0.8716777
2341,2.341,0.12144484,0.887979
2342,2.342,0.12749043,0.8031547
2343,2.343,0.12031232,0.8099722
2344,2.344,0.12740788,0.837239
2345,2.345,0.120483,0.8725088
2346,2.346,0.11944081,0.80756336
2347,2.347,0.1269381,0.8380715
2348,2.348,0.11828909,0.85200036
2349,2.349,0.12427037,0.83593655
2350,2.35,0.11810742,0.8225328
2351,2.351,0.12518986,0.7641798
2352,2.352,0.116251834,0.8131018
2353,2.353,0.109649174,0.77085215
2354,2.354,0.11666919,0.76651436
2355,2.355,0.11859714,0.79801595
2356,2.356,0.12474724,0.7999184
2357,2.357,0.1292085,0.82254744
2358,2.358,0.14225887,0.8881449
2359,2.359,0.1313348,0.87528056
2360,2.36,0.13255468,0.85025054
2361,2.361,0.12399677,0.8813995
2362,2.362,0.11828285,0.82737565
2363,2.363,0.111148916,0.82245624
2364,2.364,0.11428648,0.8241817
2365,2.365,0.11742667,0.789319
2366,2.366,0.11494569,0.8227857
2367,2.367,0.11158096,0.8826489
2368,2.368,0.115725085,0.8367467
2369,2.369,0.1262957,0.87294745
2370,2.37,0.13557631,0.92037314
2371,2.371,0.13021505,0.8735308
2372,2.372,0.12155068,0.8643538
2373,2.373,0.13587596,0.8152584
2374,2.374,0.13313824,0.798591
2375,2.375,0.12907939,0.83761144
2376,2.376,0.12585892,0.83394283
2377,2.377,0.13250965,0.8220278
2378,2.378,0.13011153,0.82609886
2379,2.379,0.1301971,0.82111335
2380,2.38,0.122116804,0.93544585
2381,2.381,0.12386868,0.85713327
2382,2.382,0.11820324,0.85219824
2383,2.383,0.13457328,0.86343884
2384,2.384,0.12761778,0.9014455
2385,2.385,0.124304034,0.84217846
2386,2.386,0.121504106,0.8383523
2387,2.387,0.11121477,0.80415654
2388,2.388,0.11012175,0.8478094
2389,2.389,0.113440275,0.8406534
2390,2.39,0.09878506,0.8134923
2391,2.391,0.101468556,0.7945007
2392,2.392,0.096467055,0.830896
2393,2.393,0.109491386,0.85199964
2394,2.394,0.11444519,0.8052723
2395,2.395,0.10289143,0.8283351
2396,2.396,0.10737203,0.793758
2397,2.397,0.09826611,0.78366846
2398,2.398,0.11032326,0.84353966
2399,2.399,0.112641804,0.8209471
2400,2.4,0.10513746,0.78688616
2401,2.401,0.10501801,0.837166
2402,2.402,0.11653094,0.8010273
2403,2.403,0.11473674,0.7558653
2404,2.404,0.11441884,0.79450345
2405,2.405,0.10716899,0.8122559
2406,2.406,0.12109223,0.7723307
2407,2.407,0.12034862,0.72742766
2408,2.408,0.11134968,0.7241796
2409,2.409,0.107439056,0.8029871
2410,2.41,0.11666339,0.8019049
2411,2.411,0.11092728,0.81107235
2412,2.412,0.11398352,0.84069955
2413,2.413,0.11594233,0.7683912
2414,2.414,0.10545825,0.81255937
2415,2.415,0.121218175,0.80356675
2416,2.416,0.1322503,0.7958032
2417,2.417,0.1187677,0.81084734
2418,2.418,0.12813693,0.8282179
2419,2.419,0.12948012,0.8275616
2420,2.42,0.11821781,0.7436288
2421,2.421,0.13300693,0.80460805
2422,2.422,0.12869845,0.7904701
2423,2.423,0.1355527,0.8576018
2424,2.424,0.11478446,0.8294147
2425,2.425,0.1184601,0.7816404
2426,2.426,0.115907304,0.7657785
2427,2.427,0.11834422,0.83069676
2428,2.428,0.14070722,0.81934345
2429,2.429,0.12712699,0.8567242
2430,2.43,0.13761318,0.83142006
2431,2.431,0.12472159,0.85480785
2432,2.432,0.11943205,0.8220359
2433,2.433,0.11463481,0.79069734
2434,2.434,0.101898775,0.7983436
2435,2.435,0.0981013,0.8434987
2436,2.436,0.10928721,0.7924266
2437,2.437,0.104035,0.778397
2438,2.438,0.11113231,0.83356434
2439,2.439,0.099007785,0.7732469
2440,2.44,0.096456215,0.8198388
2441,2.441,0.0936653,0.8337024
2442,2.442,0.096790515,0.82968813
2443,2.443,0.093219526,0.8192384
2444,2.444,0.10231516,0.7942125
2445,2.445,0.09765121,0.83952296
2446,2.446,0.10268672,0.8426996
2447,2.447,0.11286717,0.8312716
2448,2.448,0.1083929,0.82233584
2449,2.449,0.10916948,0.77979875
2450,2.45,0.12698172,0.77087474
2451,2.451,0.11876718,0.8014027
2452,2.452,0.11419008,0.77287847
2453,2.453,0.12236947,0.8049281
2454,2.454,0.11250681,0.8231435
2455,2.455,0.10642349,0.7951782
2456,2.456,0.12348214,0.78991866
2457,2.457,0.11861374,0.84869015
2458,2.458,0.11337517,0.8139913
2459,2.459,0.11802613,0.8513247
2460,2.46,0.11249805,0.8567443
2461,2.461,0.11053387,0.8954642
2462,2.462,0.10306171,0.79080796
2463,2.463,0.113770105,0.8314737
2464,2.464,0.10639111,0.7815629
2465,2.465,0.10798685,0.82054347
2466,2.466,0.10906686,0.8593758
2467,2.467,0.10690399,0.8024399
2468,2.468,0.112311944,0.81029
2469,2.469,0.12219688,0.7670201
2470,2.47,0.103796974,0.7803223
2471,2.471,0.11775787,0.8842222
2472,2.472,0.10422644,0.86399466
2473,2.473,0.0920559,0.84660506
2474,2.474,0.10013426,0.8599844
2475,2.475,0.10824522,0.83601695
2476,2.476,0.09392703,0.8731802
2477,2.477,0.09575262,0.85694414
2478,2.478,0.098535605,0.8823308
2479,2.479,0.09658625,0.89679116
2480,2.48,0.105224036,0.8526633
2481,2.481,0.10622326,0.8803289
2482,2.482,0.10033683,0.82142156
2483,2.483,0.1073021,0.9650493
2484,2.484,0.09628447,0.88420844
2485,2.485,0.101788215,0.82544863
2486,2.486,0.09285779,0.78478295
2487,2.487,0.10051572,0.7907251
2488,2.488,0.09573655,0.8212098
2489,2.489,0.10754609,0.825897
2490,2.49,0.10864917,0.8539348
2491,2.491,0.117592126,0.8389318
2492,2.492,0.108365655,0.8246645
2493,2.493,0.10281007,0.7751761
2494,2.494,0.10415794,0.82862306
2495,2.495,0.107430466,0.84138554
2496,2.496,0.10802388,0.8021835
2497,2.497,0.096624464,0.81743735
2498,2.498,0.08213769,0.815197
2499,2.499,0.0936896,0.83286536
2500,2.5,0.08321528,0.81603736
2501,2.501,0.08124746,0.8447779
2502,2.502,0.09565233,0.83964366
2503,2.503,0.10608358,0.8619984
2504,2.504,0.09408804,0.7982418
2505,2.505,0.09057898,0.79049957
2506,2.506,0.09658944,0.8363452
2507,2.507,0.10779067,0.8427343
2508,2.508,0.1061462,0.86412585
2509,2.509,0.10060199,0.86815435
2510,2.51,0.10345914,0.8398531
2511,2.511,0.097941875,0.78576094
2512,2.512,0.10610098,0.808778
2513,2.513,0.11406501,0.80227906
2514,2.514,0.104492925,0.78956276
2515,2.515,0.09186588,0.7837861
2516,2.516,0.08599118,0.76581043
2517,2.517,0.08652544,0.73836386
2518,2.518,0.08579491,0.76796234
2519,2.519,0.09359565,0.7821905
2520,2.52,0.07848409,0.7834014
2521,2.521,0.08871491,0.7719966
2522,2.522,0.11116331,0.8176073
2523,2.523,0.110018335,0.82103586
2524,2.524,0.101960346,0.82828224
2525,2.525,0.109281585,0.861234
2526,2.526,0.107468255,0.786088
2527,2.527,0.10882345,0.8110108
2528,2.528,0.10858459,0.82675415
2529,2.529,0.11450216,0.81503135
2530,2.53,0.11211291,0.8141283
2531,2.531,0.12545693,0.82483876
2532,2.532,0.11046761,0.8698126
2533,2.533,0.10495765,0.81499046
2534,2.534,0.118517734,0.80024505
2535,2.535,0.11588076,0.8035833
2536,2.536,0.11242529,0.79946005
2537,2.537,0.10739954,0.8528059
2538,2.538,0.11195859,0.7546562
2539,2.539,0.1048198,0.6595127
2540,2.54,0.10864238,0.7530578
2541,2.541,0.123083875,0.6650477
2542,2.542,0.12667803,0.7243908
2543,2.543,0.12387613,0.83064675
2544,2.544,0.1096531,0.81527245
2545,2.545,0.1175848,0.804883
2546,2.546,0.10137574,0.8324864
2547,2.547,0.10457062,0.8014196
2548,2.548,0.11119486,0.7825669
2549,2.549,0.114863224,0.80254656
2550,2.55,0.106531546,0.7878292
2551,2.551,0.10719827,0.79547685
2552,2.552,0.11690469,0.8557645
2553,2.553,0.10414317,0.8456175
2554,2.554,0.104187466,0.81338537
2555,2.555,0.11540671,0.79712605
2556,2.556,0.09982225,0.8346873
2557,2.557,0.09422657,0.80633897
2558,2.558,0.1112745,0.8450668
2559,2.559,0.10227486,0.84419566
2560,2.56,0.09519647,0.8275767
2561,2.561,0.09807496,0.75859106
2562,2.562,0.090236664,0.7956224
2563,2.563,0.09346342,0.80082774
2564,2.564,0.08227391,0.7903737
2565,2.565,0.090608865,0.79343283
2566,2.566,0.0911822,0.81605
2567,2.567,0.08097438,0.83035547
2568,2.568,0.0921314,0.7956393
2569,2.569,0.09842315,0.7685285
2570,2.57,0.08674701,0.772382
2571,2.571,0.08984375,0.7542837
2572,2.572,0.10516789,0.8000516
2573,2.573,0.096322164,0.77935463
2574,2.574,0.08989989,0.75882435
2575,2.575,0.094941474,0.79209465
2576,2.576,0.08462225,0.83068514
2577,2.577,0.09344696,0.78619856
2578,2.578,0.109637946,0.7877603
2579,2.579,0.10470703,0.7595832
2580,2.58,0.10726368,0.80890894
2581,2.581,0.098826155,0.80560374
2582,2.582,0.102325976,0.7743844
2583,2.583,0.09194489,0.78429013
2584,2.584,0.11220617,0.73190385
2585,2.585,0.108216226,0.77727675
2586,2.586,0.118658856,0.79770005
2587,2.587,0.110966094,0.7918306
2588,2.588,0.09939357,0.79001856
2589,2.589,0.09438641,0.8147694
2590,2.59,0.09576161,0.81087226
2591,2.591,0.097683966,0.8148495
2592,2.592,0.09667603,0.8506908
2593,2.593,0.10208277,0.9067831
2594,2.594,0.10664065,0.81620455
2595,2.595,0.094941474,0.80005175
2596,2.596,0.09932731,0.79911506
2597,2.597,0.099835195,0.7906924
2598,2.598,0.09693788,0.7987851
2599,2.599,0.09150149,0.83933514
2600,2.6,0.099949755,0.79934376
2601,2.601,0.08978895,0.8006224
2602,2.602,0.08580208,0.7712171
2603,2.603,0.092312194,0.7724632
2604,2.604,0.08295535,0.80269957
2605,2.605,0.09426509,0.7902007
2606,2.606,0.11310677,0.7763006
2607,2.607,0.09735779,0.81844205
2608,2.608,0.092730485,0.80871874
2609,2.609,0.086997025,0.79527223
2610,2.61,0.09211804,0.7473048
2611,2.611,0.09965445,0.7873933
2612,2.612,0.09584253,0.7635781
2613,2.613,0.110968865,0.7865131
2614,2.614,0.11295272,0.822532
2615,2.615,0.102236345,0.7742491
2616,2.616,0.11881793,0.7168019
2617,2.617,0.10303485,0.7328932
2618,2.618,0.10150129,0.77277285
2619,2.619,0.09258839,0.76633453
2620,2.62,0.0910681,0.8015341
2621,2.621,0.09334419,0.80825704
2622,2.622,0.09456876,0.79146206
2623,2.623,0.10156734,0.7883777
2624,2.624,0.11232016,0.7604504
2625,2.625,0.10273224,0.8150891
2626,2.626,0.08904857,0.81155443
2627,2.627,0.09770475,0.7944134
2628,2.628,0.11833174,0.7578421
2629,2.629,0.10307186,0.7623523
2630,2.63,0.10367183,0.7631834
2631,2.631,0.11152911,0.7780369
2632,2.632,0.11188768,0.7664181
2633,2.633,0.12914087,0.7947177
2634,2.634,0.10994953,0.7888016
2635,2.635,0.11550157,0.78068715
2636,2.636,0.12131711,0.78640246
2637,2.637,0.11953452,0.7762146
2638,2.638,0.118663006,0.7781428
2639,2.639,0.13393167,0.78440946
2640,2.64,0.13903257,0.7321474
2641,2.641,0.13734062,0.78667235
2642,2.642,0.12731415,0.7756444
2643,2.643,0.1335443,0.7890315
2644,2.644,0.1332154,0.81247115
2645,2.645,0.12603089,0.7779876
2646,2.646,0.12719038,0.7783702
2647,2.647,0.13698311,0.7229034
2648,2.648,0.14376338,0.73242694
2649,2.649,0.14603677,0.72985536
2650,2.65,0.13272724,0.78336287
2651,2.651,0.14544828,0.78660107
2652,2.652,0.14167856,0.83577615
2653,2.653,0.13465555,0.8458507
2654,2.654,0.15091053,0.8381148
2655,2.655,0.16028835,0.7848614
2656,2.656,0.1557416,0.79693097
2657,2.657,0.14505774,0.81422395
2658,2.658,0.14503229,0.7904672
2659,2.659,0.11808033,0.83419585
2660,2.66,0.10673869,0.8124818
2661,2.661,0.11144357,0.80628717
2662,2.662,0.122517705,0.7872908
2663,2.663,0.13448226,0.7888599
2664,2.664,0.1392245,0.76958823
2665,2.665,0.13312715,0.753571
2666,2.666,0.13021977,0.80583155
2667,2.667,0.12915325,0.83551383
2668,2.668,0.12280462,0.7670308
2669,2.669,0.11564317,0.8004127
2670,2.67,0.11797033,0.81946987
2671,2.671,0.11392197,0.77091384
2672,2.672,0.11984502,0.77475154
2673,2.673,0.098995976,0.7414876
2674,2.674,0.09815209,0.77221805
2675,2.675,0.10582982,0.769704
2676,2.676,0.10652866,0.7560531
2677,2.677,0.099647045,0.80081874
2678,2.678,0.10125306,0.766821
2679,2.679,0.099573545,0.78165686
2680,2.68,0.0940985,0.8126725
2681,2.681,0.09695882,0.77768743
2682,2.682,0.09976553,0.8277624
2683,2.683,0.09625443,0.7770979
2684,2.684,0.097350836,0.7539569
2685,2.685,0.10649053,0.7667388
2686,2.686,0.10596578,0.75893855
2687,2.687,0.10792758,0.78841645
2688,2.688,0.101018846,0.76088613
2689,2.689,0.10931029,0.76428044
2690,2.69,0.104739934,0.7504933
2691,2.691,0.11168183,0.7282592
2692,2.692,0.10404683,0.7673521
2693,2.693,0.09743359,0.7945798
2694,2.694,0.10596926,0.78897625
2695,2.695,0.10699891,0.7472828
2696,2.696,0.11616924,0.7393587
2697,2.697,0.118984565,0.73827946
2698,2.698,0.12104801,0.7614912
2699,2.699,0.1281547,0.778601
2700,2.7,0.13865812,0.7359427
2701,2.701,0.13048127,0.7720216
2702,2.702,0.11560752,0.7581142
2703,2.703,0.13974103,0.75413644
2704,2.704,0.13314563,0.7725842
2705,2.705,0.12842855,0.73976153
2706,2.706,0.10493302,0.7864129
2707,2.707,0.11063791,0.7714388
2708,2.708,0.11579205,0.74232215
2709,2.709,0.12856548,0.7381102
2710,2.71,0.116576865,0.7691393
2711,2.711,0.11849437,0.7483272
2712,2.712,0.123196796,0.78542006
2713,2.713,0.12735088,0.7373198
2714,2.714,0.13167495,0.71814245
2715,2.715,0.13467886,0.7439048
2716,2.716,0.1355468,0.73900986
2717,2.717,0.13393074,0.7446767
2718,2.718,0.1342579,0.72987473
2719,2.719,0.13456643,0.75635713
2720,2.72,0.12028163,0.78024864
2721,2.721,0.11539338,0.77569675
2722,2.722,0.11795156,0.75832283
2723,2.723,0.11197452,0.7531123
2724,2.724,0.10195431,0.74237037
2725,2.725,0.10802559,0.8053027
2726,2.726,0.112620495,0.7761106
2727,2.727,0.11538378,0.8015493
2728,2.728,0.11661539,0.80079603
2729,2.729,0.115461074,0.7726809
2730,2.73,0.108855106,0.788438
2731,2.731,0.09480009,0.7921124
2732,2.732,0.10337823,0.81067497
2733,2.733,0.11181671,0.8113913
2734,2.734,0.108470075,0.80278677
2735,2.735,0.10782549,0.78205335
2736,2.736,0.1128737,0.81763685
2737,2.737,0.11910757,0.7824272
2738,2.738,0.1254221,0.85106957
2739,2.739,0.12385229,0.7721476
2740,2.74,0.123142846,0.76789945
2741,2.741,0.11435752,0.81084025
2742,2.742,0.1247428,0.80158526
2743,2.743,0.12929514,0.81572783
2744,2.744,0.12026986,0.870235
2745,2.745,0.10832193,0.87381893
2746,2.746,0.106093444,0.8587076
2747,2.747,0.105297685,0.78264964
2748,2.748,0.102965556,0.7795932
2749,2.749,0.09673456,0.79657733
2750,2.75,0.097853884,0.78584456
2751,2.751,0.10116066,0.77530766
2752,2.752,0.10710869,0.7782269
2753,2.753,0.120618254,0.8204488
2754,2.754,0.10093476,0.80135345
2755,2.755,0.11189318,0.83113045
2756,2.756,0.11288734,0.84324527
2757,2.757,0.10356316,0.76760215
2758,2.758,0.114306405,0.7794868
2759,2.759,0.10483094,0.8438972
2760,2.76,0.10756726,0.798107
2761,2.761,0.11511631,0.8060642
2762,2.762,0.11463964,0.8011235
2763,2.763,0.11759736,0.79761827
2764,2.764,0.12144434,0.8431943
2765,2.765,0.12646902,0.8301833
2766,2.766,0.110730745,0.7797115
2767,2.767,0.110484324,0.81674135
2768,2.768,0.11175782,0.7554043
2769,2.769,0.11180296,0.7980984
2770,2.77,0.11936557,0.8011431
2771,2.771,0.116099834,0.7799764
2772,2.772,0.11718855,0.7977839
2773,2.773,0.11206516,0.82828647
2774,2.774,0.12460462,0.76548976
2775,2.775,0.12190601,0.77638596
2776,2.776,0.11684205,0.7690084
2777,2.777,0.11382039,0.79385394
2778,2.778,0.11553618,0.83181447
2779,2.779,0.11411624,0.7453843
2780,2.78,0.11806522,0.80520785
2781,2.781,0.12211277,0.7500639
2782,2.782,0.1263293,0.79819024
2783,2.783,0.13175763,0.74262476
2784,2.784,0.11793069,0.7870515
2785,2.785,0.11353678,0.8050761
2786,2.786,0.11478178,0.8062788
2787,2.787,0.12008607,0.7984487
2788,2.788,0.11958341,0.7925341
2789,2.789,0.105935,0.81503266
2790,2.79,0.117804885,0.79082006
2791,2.791,0.099207066,0.7556352
2792,2.792,0.11312635,0.7993255
2793,2.793,0.11170826,0.8069018
2794,2.794,0.13104449,0.80465704
2795,2.795,0.120631516,0.8222967
2796,2.796,0.12060193,0.8078356
2797,2.797,0.12204927,0.78275114
2798,2.798,0.12045696,0.79293656
2799,2.799,0.11151036,0.8123455
2800,2.8,0.10501273,0.7989255
2801,2.801,0.10565701,0.8000343
2802,2.802,0.09934899,0.78201944
2803,2.803,0.09783313,0.77029383
2804,2.804,0.102215886,0.7892209
2805,2.805,0.10346152,0.7919529
2806,2.806,0.10796349,0.79163194
2807,2.807,0.121491954,0.76008284
2808,2.808,0.10999653,0.7874078
2809,2.809,0.10634715,0.75614697
2810,2.81,0.121289715,0.80428857
2811,2.811,0.11353245,0.77373797
2812,2.812,0.10020613,0.78415316
2813,2.813,0.10993442,0.79025173
2814,2.814,0.09585024,0.78344405
2815,2.815,0.097111,0.787652
2816,2.816,0.09909413,0.74660784
2817,2.817,0.10753694,0.7858751
2818,2.818,0.09877634,0.79279315
2819,2.819,0.105153255,0.76657814
2820,2.82,0.096948676,0.8258992
2821,2.821,0.09486627,0.8014647
2822,2.822,0.107842036,0.80037934
2823,2.823,0.10062218,0.7700707
2824,2.824,0.10004759,0.7793843
2825,2.825,0.08950756,0.74781024
2826,2.826,0.10028162,0.74761415
2827,2.827,0.091080256,0.7418679
2828,2.828,0.08455169,0.7992328
2829,2.829,0.084741406,0.8391975
2830,2.83,0.097331874,0.7754838
2831,2.831,0.0923202,0.85655177
2832,2.832,0.086139165,0.7771735
2833,2.833,0.09991097,0.8071594
2834,2.834,0.08971148,0.82143795
2835,2.835,0.09605222,0.8340685
2836,2.836,0.08076438,0.81609553
2837,2.837,0.089863606,0.80712724
2838,2.838,0.08279797,0.7923281
2839,2.839,0.10109069,0.77928674
2840,2.84,0.08042467,0.78425163
2841,2.841,0.073264234,0.7882385
2842,2.842,0.08802633,0.7781984
2843,2.843,0.08159356,0.8169555
2844,2.844,0.088760674,0.8398594
2845,2.845,0.09890706,0.8242514
2846,2.846,0.099950984,0.84389013
2847,2.847,0.10085854,0.8316587
2848,2.848,0.08827063,0.8080095
2849,2.849,0.08394114,0.82885945
2850,2.85,0.09173251,0.797204
2851,2.851,0.083414674,0.8145252
2852,2.852,0.095934935,0.81211805
2853,2.853,0.08842871,0.794626
2854,2.854,0.0973325,0.77976537
2855,2.855,0.10201645,0.8365083
2856,2.856,0.10596287,0.79458773
2857,2.857,0.10892574,0.83975995
2858,2.858,0.10722065,0.80472714
2859,2.859,0.10754152,0.7881915
2860,2.86,0.10381357,0.8189625
2861,2.861,0.09388576,0.7885656
2862,2.862,0.098375626,0.8604725
2863,2.863,0.09427422,0.7981386
2864,2.864,0.10006173,0.79766995
2865,2.865,0.093094036,0.8336816
2866,2.866,0.100776754,0.79888374
2867,2.867,0.09599584,0.8150383
2868,2.868,0.09509235,0.8392887
2869,2.869,0.09273181,0.8173679
2870,2.87,0.095919535,0.8083564
2871,2.871,0.09528239,0.80326515
2872,2.872,0.09049539,0.775955
2873,2.873,0.11737636,0.77804816
2874,2.874,0.11793226,0.8400411
2875,2.875,0.11681308,0.8195091
2876,2.876,0.11809388,0.8514758
2877,2.877,0.11595507,0.8146129
2878,2.878,0.12848362,0.8344272
2879,2.879,0.116665505,0.8122489
2880,2.88,0.112086564,0.84507644
2881,2.881,0.11465467,0.81728315
2882,2.882,0.102298915,0.78274465
2883,2.883,0.110967204,0.77947456
2884,2.884,0.10390184,0.8080498
2885,2.885,0.11306378,0.78265655
2886,2.886,0.10705295,0.786998
2887,2.887,0.09766129,0.8004477
2888,2.888,0.0984544,0.7835248
2889,2.889,0.10937725,0.7838785
2890,2.89,0.12365441,0.79919547
2891,2.891,0.13518637,0.8092177
2892,2.892,0.12121614,0.8280632
2893,2.893,0.12080837,0.82196015
2894,2.894,0.104066335,0.84182554
2895,2.895,0.10040732,0.8066745
2896,2.896,0.10366292,0.81968844
2897,2.897,0.10959361,0.8762032
2898,2.898,0.10552124,0.8617205
2899,2.899,0.11987684,0.8025452
2900,2.9,0.12072635,0.8298759
2901,2.901,0.1175712,0.8161113
2902,2.902,0.117784515,0.82556564
2903,2.903,0.12438024,0.83840257
2904,2.904,0.11095445,0.8297745
2905,2.905,0.12273747,0.8824291
2906,2.906,0.113737114,0.793539
2907,2.907,0.119088456,0.80492514
2908,2.908,0.10869673,0.8120238
2909,2.909,0.1267164,0.79093075
2910,2.91,0.13775751,0.78419447
2911,2.911,0.14024515,0.78496563
2912,2.912,0.1367318,0.7851895
2913,2.913,0.1321535,0.80047935
2914,2.914,0.12549026,0.7992801
2915,2.915,0.11444304,0.80059576
2916,2.916,0.13092847,0.79554456
2917,2.917,0.13850184,0.80900806
2918,2.918,0.124998026,0.81236196
2919,2.919,0.12905365,0.80225176
2920,2.92,0.11562296,0.7840118
2921,2.921,0.10792644,0.8252551
2922,2.922,0.113048546,0.806487
2923,2.923,0.11387929,0.8240114
2924,2.924,0.11021892,0.8186488
2925,2.925,0.12045389,0.8116352
2926,2.926,0.113490164,0.8128823
2927,2.927,0.105683796,0.83703154
2928,2.928,0.12269434,0.76784414
2929,2.929,0.123335555,0.79631406
2930,2.93,0.11468203,0.77022725
2931,2.931,0.108411066,0.743806
2932,2.932,0.11293474,0.7284797
2933,2.933,0.10294942,0.76321924
2934,2.934,0.10367717,0.74403244
2935,2.935,0.13090074,0.7737428
2936,2.936,0.09924365,0.7572879
2937,2.937,0.120533034,0.8015347
2938,2.938,0.13322462,0.8076834
2939,2.939,0.13222238,0.7779697
2940,2.94,0.12350106,0.7602687
2941,2.941,0.12786487,0.7324964
2942,2.942,0.11225167,0.7728425
2943,2.943,0.10099387,0.76768565
2944,2.944,0.10831398,0.7817363
2945,2.945,0.11082794,0.78855515
2946,2.946,0.114708856,0.84640485
2947,2.947,0.116632804,0.8293195
2948,2.948,0.122596525,0.84539115
2949,2.949,0.11833434,0.82474065
2950,2.95,0.11915147,0.82195616
2951,2.951,0.13011816,0.77514416
2952,2.952,0.13333727,0.82045525
2953,2.953,0.12077475,0.79173577
2954,2.954,0.117908254,0.8258297
2955,2.955,0.12819982,0.81564283
2956,2.956,0.12925468,0.8547892
2957,2.957,0.12324173,0.76028246
2958,2.958,0.12164328,0.7681246
2959,2.959,0.13025285,0.77524686
2960,2.96,0.14155126,0.7405785
2961,2.961,0.12902504,0.7540146
2962,2.962,0.12512594,0.780947
2963,2.963,0.12975639,0.81945837
2964,2.964,0.13466743,0.7813376
2965,2.965,0.12616654,0.7642353
2966,2.966,0.12397543,0.7703053
2967,2.967,0.121423565,0.7515631
2968,2.968,0.12763754,0.8045657
2969,2.969,0.12839404,0.8520966
2970,2.97,0.14941788,0.8400497
2971,2.971,0.15214653,0.867848
2972,2.972,0.1423596,0.77886844
2973,2.973,0.14063375,0.86639875
2974,2.974,0.14958537,0.8728433
2975,2.975,0.13992365,0.8688039
2976,2.976,0.1383347,0.79844046
2977,2.977,0.1481396,0.83083713
2978,2.978,0.13547733,0.84040296
2979,2.979,0.1339358,0.8166259
2980,2.98,0.12222608,0.78693634
2981,2.981,0.11095999,0.9109517
2982,2.982,0.11807668,0.8595011
2983,2.983,0.11239737,0.8556733
2984,2.984,0.10828386,0.85153645
2985,2.985,0.112089306,0.78758705
2986,2.986,0.103724636,0.82136637
2987,2.987,0.10709375,0.7861164
2988,2.988,0.10437274,0.81521034
2989,2.989,0.10187099,0.82287323
2990,2.99,0.09511499,0.77400106
2991,2.991,0.108659364,0.7828636
2992,2.992,0.11831666,0.76803076
2993,2.993,0.11226811,0.8190301
2994,2.994,0.11270733,0.82322925
2995,2.995,0.11358717,0.8665253
2996,2.996,0.115835086,0.82250077
2997,2.997,0.10718736,0.7791528
2998,2.998,0.09481632,0.76534265
2999,2.999,0.10098229,0.7721955
3000,3.0,0.10861575,0.75147444
3001,3.001,0.10768845,0.77458024
3002,3.002,0.1135487,0.821946
3003,3.003,0.100990824,0.75493795
3004,3.004,0.0904682,0.76344067
3005,3.005,0.10279032,0.7440679
3006,3.006,0.087458335,0.8300624
3007,3.007,0.09626018,0.80222106
3008,3.008,0.08462225,0.8030299
3009,3.009,0.08842245,0.8300249
3010,3.01,0.08667677,0.8286449
3011,3.011,0.08212346,0.8037616
3012,3.012,0.07651359,0.76228815
3013,3.013,0.070539646,0.79324037
3014,3.014,0.07301608,0.81596464
3015,3.015,0.091471896,0.8161812
3016,3.016,0.08305394,0.8122197
3017,3.017,0.09132245,0.78343165
3018,3.018,0.099075496,0.8575906
3019,3.019,0.10374421,0.8482748
3020,3.02,0.1019193,0.83975923
3021,3.021,0.09736284,0.8518375
3022,3.022,0.09414884,0.83582985
3023,3.023,0.1016049,0.8717128
3024,3.024,0.097418435,0.81769013
3025,3.025,0.093455516,0.8320705
3026,3.026,0.10001683,0.8459981
3027,3.027,0.095054165,0.86718535
3028,3.028,0.10075722,0.89362925
3029,3.029,0.111035936,0.8397519
3030,3.03,0.10454884,0.8580755
3031,3.031,0.1010773,0.8607451
3032,3.032,0.102223106,0.8796463
3033,3.033,0.10209482,0.8488092
3034,3.034,0.11185798,0.8359151
3035,3.035,0.11175287,0.8696837
3036,3.036,0.118189186,0.8209749
3037,3.037,0.115084775,0.85747445
3038,3.038,0.10658756,0.81969774
3039,3.039,0.11377335,0.84475005
3040,3.04,0.118553035,0.87336046
3041,3.041,0.119947135,0.86032575
3042,3.042,0.11394087,0.8673971
3043,3.043,0.11673562,0.8564277
3044,3.044,0.11548345,0.8513672
3045,3.045,0.11730557,0.88856155
3046,3.046,0.11631532,0.82697284
3047,3.047,0.10988011,0.81582177
3048,3.048,0.112506256,0.82614183
3049,3.049,0.11207613,0.8755409
3050,3.05,0.10277655,0.8445007
3051,3.051,0.101059034,0.8579701
3052,3.052,0.1067554,0.83726937
3053,3.053,0.09540371,0.80157787
3054,3.054,0.10070347,0.8366937
3055,3.055,0.111591436,0.83735424
3056,3.056,0.1030438,0.8161855
3057,3.057,0.11631586,0.8867686
3058,3.058,0.110372886,0.8512131
3059,3.059,0.10167391,0.839967
3060,3.06,0.10564886,0.81191003
3061,3.061,0.12080481,0.8127711
3062,3.062,0.10257701,0.83064216
3063,3.063,0.110528305,0.79311866
3064,3.064,0.11447207,0.7781665
3065,3.065,0.11196354,0.79605293
3066,3.066,0.11986041,0.79292756
3067,3.067,0.119374335,0.84255284
3068,3.068,0.112836085,0.8155179
3069,3.069,0.11456448,0.87193584
3070,3.07,0.121782295,0.822166
3071,3.071,0.123553365,0.81398475
3072,3.072,0.1074757,0.7993058
3073,3.073,0.11648183,0.8369732
3074,3.074,0.11733337,0.80159694
3075,3.075,0.119350106,0.7870718
3076,3.076,0.10966208,0.800978
3077,3.077,0.118656784,0.8201814
3078,3.078,0.1323898,0.8119
3079,3.079,0.12565833,0.8087399
3080,3.08,0.124023564,0.849897
3081,3.081,0.109875634,0.824088
3082,3.082,0.11608659,0.7752985
3083,3.083,0.12450878,0.80215585
3084,3.084,0.1236972,0.83687764
3085,3.085,0.12267128,0.8248583
3086,3.086,0.1282713,0.86333513
3087,3.087,0.12255737,0.7885503
3088,3.088,0.10926356,0.8233728
3089,3.089,0.09704635,0.8151658
3090,3.09,0.08961061,0.7668031
3091,3.091,0.0858157,0.8019127
3092,3.092,0.086442195,0.76114976
3093,3.093,0.102328986,0.7440467
3094,3.094,0.10398116,0.7479288
3095,3.095,0.09246137,0.7974968
3096,3.096,0.10793556,0.76898724
3097,3.097,0.10024296,0.76757693
3098,3.098,0.09811761,0.78214467
3099,3.099,0.11095833,0.7730613
3100,3.1,0.10095609,0.76039326
3101,3.101,0.100325786,0.79477304
3102,3.102,0.10573617,0.793112
3103,3.103,0.1090409,0.7869264
3104,3.104,0.10581761,0.77589107
3105,3.105,0.110483766,0.76194954
3106,3.106,0.109896354,0.76982987
3107,3.107,0.107063875,0.8082794
3108,3.108,0.10237827,0.76829684
3109,3.109,0.11261612,0.79406977
3110,3.11,0.118434645,0.79396325
3111,3.111,0.11237219,0.78955716
3112,3.112,0.11181396,0.78922683
3113,3.113,0.11823811,0.8264335
3114,3.114,0.10768788,0.7703198
3115,3.115,0.10395157,0.75687313
3116,3.116,0.0987427,0.80840975
3117,3.117,0.10998366,0.8424172
3118,3.118,0.11413996,0.8241075
3119,3.119,0.11859869,0.8101421
3120,3.12,0.104828015,0.81307983
3121,3.121,0.1060656,0.7804472
3122,3.122,0.10297392,0.7732661
3123,3.123,0.10230433,0.76695234
3124,3.124,0.09612778,0.79810405
3125,3.125,0.10293627,0.7603174
3126,3.126,0.104512945,0.7979328
3127,3.127,0.10335025,0.82480377
3128,3.128,0.12722859,0.8174485
3129,3.129,0.12531413,0.7688542
3130,3.13,0.12639844,0.81294596
3131,3.131,0.12333256,0.7734611
3132,3.132,0.1144339,0.784429
3133,3.133,0.12974738,0.7523802
3134,3.134,0.14576267,0.75492287
3135,3.135,0.12999941,0.8008278
3136,3.136,0.12604943,0.77830905
3137,3.137,0.14603806,0.80413866
3138,3.138,0.13523142,0.8176837
3139,3.139,0.12827419,0.83423215
3140,3.14,0.11708928,0.8165711
3141,3.141,0.11055057,0.893465
3142,3.142,0.10885285,0.8588763
3143,3.143,0.11243349,0.81757283
3144,3.144,0.11230537,0.78682184
3145,3.145,0.11254672,0.7714072
3146,3.146,0.097851366,0.7827987
3147,3.147,0.11039296,0.7654946
3148,3.148,0.101527356,0.754768
3149,3.149,0.10501801,0.75428313
3150,3.15,0.1077804,0.7901032
3151,3.151,0.10662276,0.8103759
3152,3.152,0.11622643,0.78954715
3153,3.153,0.12059938,0.76938367
3154,3.154,0.11426602,0.8400659
3155,3.155,0.1140267,0.8022639
3156,3.156,0.11602986,0.818173
3157,3.157,0.105590604,0.8025051
3158,3.158,0.09240879,0.81843835
3159,3.159,0.1039498,0.7704388
3160,3.16,0.105314046,0.8101963
3161,3.161,0.106051676,0.7533398
3162,3.162,0.10816959,0.7872576
3163,3.163,0.10845022,0.79811805
3164,3.164,0.1227144,0.7346174
3165,3.165,0.12165087,0.80197304
3166,3.166,0.11079296,0.771496
3167,3.167,0.108534716,0.7705856
3168,3.168,0.10047348,0.79095775
3169,3.169,0.10638128,0.7824965
3170,3.17,0.096516155,0.79321754
3171,3.171,0.10309932,0.7993695
3172,3.172,0.105054915,0.83897084
3173,3.173,0.10716612,0.797768
3174,3.174,0.11194375,0.81160223
3175,3.175,0.11755026,0.7911809
3176,3.176,0.116510876,0.78751254
3177,3.177,0.122659236,0.8002485
3178,3.178,0.10681302,0.82695276
3179,3.179,0.106600255,0.84473157
3180,3.18,0.111525804,0.79191273
3181,3.181,0.10983251,0.80283284
3182,3.182,0.119573124,0.8008804
3183,3.183,0.11832238,0.7297473
3184,3.184,0.119290814,0.79466355
3185,3.185,0.12218329,0.77845085
3186,3.186,0.11319757,0.80095804
3187,3.187,0.10462709,0.76593804
3188,3.188,0.09545335,0.74863666
3189,3.189,0.09251792,0.7926252
3190,3.19,0.10194586,0.81688935
3191,3.191,0.102440156,0.76947325
3192,3.192,0.10337942,0.8292196
3193,3.193,0.09921203,0.7828544
3194,3.194,0.10462121,0.7941492
3195,3.195,0.10398057,0.7664017
3196,3.196,0.1123366,0.76727897
3197,3.197,0.11332306,0.7740373
3198,3.198,0.11218807,0.727701
3199,3.199,0.11423048,0.7825393
3200,3.2,0.11242966,0.73907816
3201,3.201,0.10236325,0.7546589
3202,3.202,0.10496585,0.7324626
3203,3.203,0.10925455,0.74097204
3204,3.204,0.121035814,0.74157375
3205,3.205,0.11823134,0.74079573
3206,3.206,0.1292723,0.7198819
3207,3.207,0.12371311,0.71366614
3208,3.208,0.12401661,0.7500268
3209,3.209,0.12583302,0.7667563
3210,3.21,0.12702774,0.7597916
3211,3.211,0.13230798,0.7508456
3212,3.212,0.12392877,0.678643
3213,3.213,0.11506446,0.6547328
3214,3.214,0.11066961,0.57521105
3215,3.215,0.11937073,0.6602519
3216,3.216,0.10786086,0.67394483
3217,3.217,0.1007853,0.70729154
3218,3.218,0.10276338,0.7209374
3219,3.219,0.11336649,0.7507798
3220,3.22,0.10644199,0.7508183
3221,3.221,0.10472525,0.746498
3222,3.222,0.105305865,0.75571537
3223,3.223,0.09813204,0.7773755
3224,3.224,0.102500804,0.768045
3225,3.225,0.09697723,0.75176203
3226,3.226,0.09513117,0.7668373
3227,3.227,0.09593172,0.74315584
3228,3.228,0.09618409,0.7382553
3229,3.229,0.10478046,0.7614397
3230,3.23,0.09567033,0.77498186
3231,3.231,0.09797453,0.7646299
3232,3.232,0.10652346,0.7049796
3233,3.233,0.10197301,0.78288215
3234,3.234,0.1096329,0.8016259
3235,3.235,0.09553196,0.78200126
3236,3.236,0.08980333,0.74362576
3237,3.237,0.10053959,0.7687397
3238,3.238,0.10789908,0.78715074
3239,3.239,0.10521,0.77831185
3240,3.24,0.08951924,0.7716169
3241,3.241,0.10518777,0.77734
3242,3.242,0.116702415,0.8019533
3243,3.243,0.11325246,0.7659877
3244,3.244,0.10885002,0.737046
3245,3.245,0.101913266,0.81949145
3246,3.246,0.102211066,0.7960409
3247,3.247,0.1137198,0.7969264
3248,3.248,0.10724876,0.8075996
3249,3.249,0.09516996,0.76945025
3250,3.25,0.110260226,0.74266434
3251,3.251,0.10720458,0.76653284
3252,3.252,0.11485412,0.73158586
3253,3.253,0.10982915,0.7707981
3254,3.254,0.104560025,0.78283364
3255,3.255,0.11493284,0.77849776
3256,3.256,0.106376655,0.762798
3257,3.257,0.11940577,0.7819281
3258,3.258,0.13922583,0.75972444
3259,3.259,0.13187665,0.8141738
3260,3.26,0.14065431,0.79082584
3261,3.261,0.13457465,0.80878985
3262,3.262,0.1295224,0.72242546
3263,3.263,0.13764313,0.7248259
3264,3.264,0.13659133,0.7016564
3265,3.265,0.1338949,0.74289566
3266,3.266,0.13095619,0.81548977
3267,3.267,0.11801205,0.8195523
3268,3.268,0.12114556,0.7962076
3269,3.269,0.111818366,0.742576
3270,3.27,0.107916184,0.77909803
3271,3.271,0.12005378,0.8352062
3272,3.272,0.11659745,0.8411473
3273,3.273,0.11656895,0.8784841
3274,3.274,0.11942174,0.77994305
3275,3.275,0.12995538,0.7690851
3276,3.276,0.12340787,0.77260196
3277,3.277,0.110792406,0.8172116
3278,3.278,0.110324934,0.79123145
3279,3.279,0.11906779,0.8058838
3280,3.28,0.13295695,0.8836853
3281,3.281,0.15846387,0.87247217
3282,3.282,0.14281182,0.86784387
3283,3.283,0.13146637,0.8404825
3284,3.284,0.12716426,0.82735455
3285,3.285,0.13427256,0.8710145
3286,3.286,0.123321585,0.8089382
3287,3.287,0.12597424,0.83503574
3288,3.288,0.11891784,0.81088156
3289,3.289,0.13274716,0.84945804
3290,3.29,0.13504702,0.83139807
3291,3.291,0.1407234,0.86615735
3292,3.292,0.123328075,0.8527636
3293,3.293,0.12620017,0.7805729
3294,3.294,0.13272259,0.79044974
3295,3.295,0.1137793,0.7985452
3296,3.296,0.10521994,0.8159278
3297,3.297,0.11557292,0.8404476
3298,3.298,0.11062012,0.81308377
3299,3.299,0.11251774,0.80927426
3300,3.3,0.12104394,0.81790435
3301,3.301,0.11077908,0.826332
3302,3.302,0.10569078,0.8195052
3303,3.303,0.09911772,0.80131
3304,3.304,0.10264297,0.7894498
3305,3.305,0.09684771,0.76803386
3306,3.306,0.088778004,0.78275853
3307,3.307,0.09501273,0.81290305
3308,3.308,0.0988884,0.79793215
3309,3.309,0.11158813,0.7814241
3310,3.31,0.12987061,0.77971333
3311,3.311,0.11490179,0.74812126
3312,3.312,0.11123469,0.7766812
3313,3.313,0.111516975,0.77347875
3314,3.314,0.095679335,0.7286104
3315,3.315,0.10385505,0.73434615
3316,3.316,0.095235236,0.81167454
3317,3.317,0.10934124,0.7884033
3318,3.318,0.09839564,0.7785109
3319,3.319,0.1061033,0.72447836
3320,3.32,0.113084465,0.7901479
3321,3.321,0.107492305,0.7686682
3322,3.322,0.113979205,0.7782663
3323,3.323,0.112905316,0.7852653
3324,3.324,0.10785972,0.7993213
3325,3.325,0.11175727,0.79740024
3326,3.326,0.11042862,0.82335067
3327,3.327,0.112119496,0.76701397
3328,3.328,0.09603813,0.77679014
3329,3.329,0.110060275,0.8129286
3330,3.33,0.10934293,0.81653076
3331,3.331,0.10150978,0.82095647
3332,3.332,0.103037834,0.77626556
3333,3.333,0.113522686,0.77654433
3334,3.334,0.11314266,0.76359063
3335,3.335,0.10893986,0.7598596
3336,3.336,0.12118212,0.7584107
3337,3.337,0.11507302,0.7657969
3338,3.338,0.12657161,0.76280177
3339,3.339,0.12755123,0.7557873
3340,3.34,0.1286449,0.8112187
3341,3.341,0.12072838,0.80896646
3342,3.342,0.09945607,0.77456254
3343,3.343,0.102516405,0.8119362
3344,3.344,0.10544133,0.7986562
3345,3.345,0.105403975,0.81031746
3346,3.346,0.1103333,0.8143118
3347,3.347,0.109994285,0.7879816
3348,3.348,0.10573501,0.80336577
3349,3.349,0.10593093,0.8033324
3350,3.35,0.10211471,0.8002223
3351,3.351,0.099949144,0.8001142
3352,3.352,0.117271475,0.8326312
3353,3.353,0.12159269,0.7864617
3354,3.354,0.12142914,0.7849458
3355,3.355,0.11546587,0.8582849
3356,3.356,0.121633165,0.8261217
3357,3.357,0.14038941,0.8161179
3358,3.358,0.14049456,0.81588894
3359,3.359,0.13905823,0.8590212
3360,3.36,0.13221586,0.8315961
3361,3.361,0.123431794,0.8264697
3362,3.362,0.13219865,0.8422192
3363,3.363,0.11739733,0.83923095
3364,3.364,0.12512201,0.83770406
3365,3.365,0.12422135,0.83573484
3366,3.366,0.13485508,0.84120125
3367,3.367,0.14154214,0.85017055
3368,3.368,0.13982159,0.8304457
3369,3.369,0.1258115,0.8169199
3370,3.37,0.14313243,0.8147501
3371,3.371,0.14203161,0.83304787
3372,3.372,0.13922185,0.8855313
3373,3.373,0.13668004,0.8458226
3374,3.374,0.14403403,0.80781597
3375,3.375,0.1543196,0.815329
3376,3.376,0.14458871,0.8016504
3377,3.377,0.14948127,0.83151877
3378,3.378,0.14875633,0.80671585
3379,3.379,0.13870071,0.80127966
3380,3.38,0.1327694,0.8491626
3381,3.381,0.12260757,0.7854935
3382,3.382,0.12221551,0.83284324
3383,3.383,0.12013832,0.7854771
3384,3.384,0.12445442,0.7627872
3385,3.385,0.1155037,0.7834937
3386,3.386,0.13603027,0.7690886
3387,3.387,0.13101068,0.79591006
3388,3.388,0.12967622,0.820424
3389,3.389,0.13194056,0.80403394
3390,3.39,0.1303874,0.8486968
3391,3.391,0.13216513,0.7737934
3392,3.392,0.1292423,0.77108985
3393,3.393,0.11162562,0.81209856
3394,3.394,0.103187606,0.8256896
3395,3.395,0.10877594,0.8070167
3396,3.396,0.100657634,0.7602168
3397,3.397,0.10231756,0.74831843
3398,3.398,0.09646833,0.7822528
3399,3.399,0.0990873,0.78052306
3400,3.4,0.09678925,0.80893373
3401,3.401,0.09820348,0.8203197
3402,3.402,0.115411505,0.83127636
3403,3.403,0.13038693,0.8318501
3404,3.404,0.12217724,0.8044113
3405,3.405,0.108617455,0.821761
3406,3.406,0.11918967,0.82141924
3407,3.407,0.117430866,0.7813079
3408,3.408,0.11108302,0.7982464
3409,3.409,0.11509868,0.8167392
3410,3.41,0.10578854,0.8163038
3411,3.411,0.107947536,0.8424004
3412,3.412,0.10409117,0.8062678
3413,3.413,0.119232,0.85073936
3414,3.414,0.10439042,0.8246185
3415,3.415,0.104420476,0.8144874
3416,3.416,0.115185775,0.814293
3417,3.417,0.11817304,0.7970113
3418,3.418,0.1109988,0.8106438
3419,3.419,0.1124231,0.8039994
3420,3.42,0.116803594,0.8287421
3421,3.421,0.1036558,0.8340118
3422,3.422,0.10211109,0.8100952
3423,3.423,0.09450042,0.82204217
3424,3.424,0.096992455,0.8014044
3425,3.425,0.0930266,0.79689646
3426,3.426,0.09542821,0.79817164
3427,3.427,0.09548944,0.79848087
3428,3.428,0.10121356,0.8014054
3429,3.429,0.11737426,0.83506215
3430,3.43,0.11195859,0.8565913
3431,3.431,0.10853869,0.8256081
3432,3.432,0.11329591,0.8217714
3433,3.433,0.103168525,0.8203485
3434,3.434,0.10919653,0.7655666
3435,3.435,0.10628465,0.764578
3436,3.436,0.12782395,0.8382929
3437,3.437,0.12681638,0.7976659
3438,3.438,0.12208858,0.7794768
3439,3.439,0.11459026,0.77744204
3440,3.44,0.11447207,0.76588976
3441,3.441,0.10752264,0.78492755
3442,3.442,0.112498604,0.79646033
3443,3.443,0.10670929,0.78331834
3444,3.444,0.09997623,0.80762947
3445,3.445,0.10877764,0.82369214
3446,3.446,0.12893394,0.80311495
3447,3.447,0.13594386,0.81800574
3448,3.448,0.13243905,0.7885684
3449,3.449,0.13520138,0.79109293
3450,3.45,0.14371371,0.79365975
3451,3.451,0.14425044,0.78596646
3452,3.452,0.1433193,0.7850027
3453,3.453,0.14310105,0.77793866
3454,3.454,0.12869081,0.813068
3455,3.455,0.1318384,0.79237175
3456,3.456,0.14327851,0.78475314
3457,3.457,0.13787717,0.7614392
3458,3.458,0.1393654,0.7708442
3459,3.459,0.134672,0.79108757
3460,3.46,0.14998792,0.7914444
3461,3.461,0.14937092,0.78982717
3462,3.462,0.15267819,0.77942353
3463,3.463,0.13821012,0.8008687
3464,3.464,0.13789591,0.793119
3465,3.465,0.14332746,0.76514375
3466,3.466,0.14455594,0.7278544
3467,3.467,0.13863549,0.8125934
3468,3.468,0.1426562,0.78626823
3469,3.469,0.13520001,0.8112323
3470,3.47,0.14737089,0.78623855
3471,3.471,0.14091566,0.75814146
3472,3.472,0.15671985,0.81906664
3473,3.473,0.15687564,0.78635967
3474,3.474,0.15076777,0.79929626
3475,3.475,0.15531434,0.8238225
3476,3.476,0.14078067,0.8271185
3477,3.477,0.14951667,0.7870158
3478,3.478,0.13927487,0.806669
3479,3.479,0.14619175,0.75735927
3480,3.48,0.1469059,0.77673954
3481,3.481,0.14698923,0.76166517
3482,3.482,0.14844537,0.7459829
3483,3.483,0.14287212,0.7365082
3484,3.484,0.13936761,0.75213987
3485,3.485,0.14786313,0.79061574
3486,3.486,0.14691763,0.77674633
3487,3.487,0.15119404,0.76069605
3488,3.488,0.1434017,0.7864127
3489,3.489,0.15589835,0.82370293
3490,3.49,0.16192937,0.82596225
3491,3.491,0.15313128,0.8090559
3492,3.492,0.14579897,0.7739055
3493,3.493,0.13767353,0.84080774
3494,3.494,0.13711286,0.8591412
3495,3.495,0.13704059,0.8002799
3496,3.496,0.14872861,0.8373646
3497,3.497,0.14250043,0.81985587
3498,3.498,0.16855893,0.8449674
3499,3.499,0.15003754,0.81615734
3500,3.5,0.15301552,0.86260456
3501,3.501,0.15298295,0.8144633
3502,3.502,0.13207385,0.8360273
3503,3.503,0.14905837,0.8476545
3504,3.504,0.1417311,0.80647063
3505,3.505,0.13749151,0.7973453
3506,3.506,0.14803614,0.8167082
3507,3.507,0.145869,0.82261324
3508,3.508,0.14912233,0.8282009
3509,3.509,0.15228194,0.8237324
3510,3.51,0.15273702,0.8492722
3511,3.511,0.16564126,0.83577585
3512,3.512,0.16435926,0.7638988
3513,3.513,0.17649141,0.7677104
3514,3.514,0.16285989,0.754741
3515,3.515,0.16267808,0.7617886
3516,3.516,0.16266596,0.7643892
3517,3.517,0.1528719,0.7802076
3518,3.518,0.14645708,0.7625033
3519,3.519,0.14456658,0.80802995
3520,3.52,0.15099898,0.7822265
3521,3.521,0.14077237,0.7455116
3522,3.522,0.13465509,0.7648327
3523,3.523,0.13506387,0.74609286
3524,3.524,0.12624453,0.7814641
3525,3.525,0.14241621,0.7707633
3526,3.526,0.13849074,0.77975845
3527,3.527,0.13624811,0.74833864
3528,3.528,0.13708863,0.7942186
3529,3.529,0.13328096,0.7346079
3530,3.53,0.13585784,0.7705797
3531,3.531,0.1449075,0.7522571
3532,3.532,0.13772759,0.7569477
3533,3.533,0.13881113,0.76655805
3534,3.534,0.12969045,0.77273
3535,3.535,0.12976635,0.76201457
3536,3.536,0.12555596,0.7808691
3537,3.537,0.14200953,0.78832597
3538,3.538,0.1343312,0.7675132
3539,3.539,0.13184632,0.79134023
3540,3.54,0.14528194,0.7918254
3541,3.541,0.14127715,0.8243778
3542,3.542,0.14617239,0.8008175
3543,3.543,0.14207104,0.8093286
3544,3.544,0.14926833,0.78479505
3545,3.545,0.1494364,0.7788763
3546,3.546,0.13714427,0.7879614
3547,3.547,0.14742097,0.79401773
3548,3.548,0.14747272,0.7976263
3549,3.549,0.15867534,0.8019183
3550,3.55,0.1608784,0.8102519
3551,3.551,0.15649867,0.8058506
3552,3.552,0.16947664,0.81121415
3553,3.553,0.17448384,0.82543343
3554,3.554,0.17510721,0.83537906
3555,3.555,0.16636327,0.8026977
3556,3.556,0.17232475,0.82523596
3557,3.557,0.16064762,0.7575033
3558,3.558,0.15130672,0.79559296
3559,3.559,0.16523401,0.79249316
3560,3.56,0.15741596,0.80508196
3561,3.561,0.15567324,0.7905424
3562,3.562,0.14821018,0.7860787
3563,3.563,0.15194298,0.82152766
3564,3.564,0.15499909,0.7818031
3565,3.565,0.1552129,0.7449668
3566,3.566,0.16505072,0.8248359
3567,3.567,0.16475633,0.8151711
3568,3.568,0.1658176,0.82448524
3569,3.569,0.16131914,0.82985425
3570,3.57,0.14747314,0.8503941
3571,3.571,0.161576,0.77305114
3572,3.572,0.15747456,0.8002038
3573,3.573,0.16232708,0.8220356
3574,3.574,0.15241845,0.8122643
3575,3.575,0.1600817,0.8179624
3576,3.576,0.15690662,0.8154561
3577,3.577,0.16486011,0.8068113
3578,3.578,0.14546098,0.7884458
3579,3.579,0.14921184,0.8115188
3580,3.58,0.14405966,0.8267646
3581,3.581,0.14877576,0.79062647
3582,3.582,0.1520361,0.81786674
3583,3.583,0.1457593,0.8528243
3584,3.584,0.15095048,0.82560605
3585,3.585,0.14953148,0.8583305
3586,3.586,0.1383934,0.83724195
3587,3.587,0.14624056,0.8188154
3588,3.588,0.13585104,0.7850512
3589,3.589,0.13963489,0.8055249
3590,3.59,0.16041191,0.82851964
3591,3.591,0.14817987,0.84098333
3592,3.592,0.14276874,0.8360846
3593,3.593,0.14141035,0.8220009
3594,3.594,0.1268387,0.804349
3595,3.595,0.12398288,0.802678
3596,3.596,0.13458379,0.81785303
3597,3.597,0.123214275,0.7818517
3598,3.598,0.12308037,0.7989358
3599,3.599,0.12673485,0.81513274
3600,3.6,0.12910037,0.8071804
3601,3.601,0.13597554,0.8272398
3602,3.602,0.13544281,0.82606447
3603,3.603,0.13677724,0.81703824
3604,3.604,0.14521247,0.83536494
3605,3.605,0.14014289,0.8422527
3606,3.606,0.13919754,0.82970744
3607,3.607,0.13038835,0.8126409
3608,3.608,0.12262964,0.7992643
3609,3.609,0.122039184,0.81382483
3610,3.61,0.11563839,0.86297774
3611,3.611,0.14880884,0.85140926
3612,3.612,0.14025743,0.85486346
3613,3.613,0.14853404,0.84887654
3614,3.614,0.13611753,0.8610134
3615,3.615,0.13691078,0.8690835
3616,3.616,0.1543778,0.88012236
3617,3.617,0.1584332,0.8460015
3618,3.618,0.13911575,0.8405888
3619,3.619,0.14437748,0.8751183
3620,3.62,0.14078723,0.89168125
3621,3.621,0.14792304,0.8778898
3622,3.622,0.1507739,0.8716359
3623,3.623,0.13875616,0.86569536
3624,3.624,0.1391498,0.8369909
3625,3.625,0.15104339,0.7912628
3626,3.626,0.14130764,0.808422
3627,3.627,0.14261307,0.8612508
3628,3.628,0.13945499,0.8450502
3629,3.629,0.1438545,0.861643
3630,3.63,0.13112101,0.8130833
3631,3.631,0.12953857,0.82464045
3632,3.632,0.13481356,0.8390241
3633,3.633,0.14036004,0.84185886
3634,3.634,0.14131504,0.86228395
3635,3.635,0.13875304,0.8415881
3636,3.636,0.13757116,0.82176185
3637,3.637,0.13537374,0.80875576
3638,3.638,0.12238606,0.80705094
3639,3.639,0.11849437,0.80589104
3640,3.64,0.14558993,0.7721318
3641,3.641,0.13930623,0.804263
3642,3.642,0.13698806,0.85149455
3643,3.643,0.13341661,0.82751286
3644,3.644,0.12943973,0.85195386
3645,3.645,0.12608995,0.8485456
3646,3.646,0.13203098,0.81585085
3647,3.647,0.14398447,0.8348702
3648,3.648,0.13902682,0.8145044
3649,3.649,0.15874007,0.8261639
3650,3.65,0.16181687,0.85787666
3651,3.651,0.16453885,0.8305926
3652,3.652,0.1709302,0.8499647
3653,3.653,0.15391599,0.8158268
3654,3.654,0.17221974,0.8637971
3655,3.655,0.16822058,0.8861267
3656,3.656,0.1641701,0.8722261
3657,3.657,0.15557162,0.8455789
3658,3.658,0.16919614,0.84432715
3659,3.659,0.16842638,0.8448565
3660,3.66,0.16373779,0.8393374
3661,3.661,0.17383415,0.8359094
3662,3.662,0.1631147,0.90841216
3663,3.663,0.1679878,0.8728411
3664,3.664,0.17386706,0.90302724
3665,3.665,0.15434113,0.86016434
3666,3.666,0.17233689,0.89989233
3667,3.667,0.16943489,0.8835272
3668,3.668,0.17668165,0.8726323
3669,3.669,0.16092123,0.8753516
3670,3.67,0.15052475,0.8925787
3671,3.671,0.15229811,0.83948433
3672,3.672,0.1542562,0.8662278
3673,3.673,0.1492844,0.8524663
3674,3.674,0.16310565,0.8415918
3675,3.675,0.16269736,0.8666589
3676,3.676,0.14476988,0.81588185
3677,3.677,0.13942322,0.8240573
3678,3.678,0.13679613,0.8285311
3679,3.679,0.14852245,0.83563244
3680,3.68,0.14108671,0.823736
3681,3.681,0.14260186,0.8179103
3682,3.682,0.14209051,0.8188592
3683,3.683,0.14494486,0.8729852
3684,3.684,0.1366904,0.79654807
3685,3.685,0.13995178,0.8124893
3686,3.686,0.13719405,0.8290892
3687,3.687,0.12026884,0.79196
3688,3.688,0.12753771,0.8128922
3689,3.689,0.12666686,0.79035693
3690,3.69,0.14329697,0.81323206
3691,3.691,0.12425898,0.80091304
3692,3.692,0.13238096,0.8424497
3693,3.693,0.12620993,0.7647456
3694,3.694,0.12514463,0.7831074
3695,3.695,0.1187765,0.7851881
3696,3.696,0.12304138,0.7975942
3697,3.697,0.11502274,0.778862
3698,3.698,0.121918626,0.7871432
3699,3.699,0.107310705,0.78119093
3700,3.7,0.10557079,0.8016525
3701,3.701,0.09913013,0.7765784
3702,3.702,0.09976738,0.7733747
3703,3.703,0.10365759,0.80221844
3704,3.704,0.11321877,0.7575749
3705,3.705,0.10567157,0.773139
3706,3.706,0.109130025,0.77469647
3707,3.707,0.1126194,0.79789895
3708,3.708,0.12934367,0.7745715
3709,3.709,0.12911561,0.7815612
3710,3.71,0.13273743,0.73046595
3711,3.711,0.11683204,0.8106601
3712,3.712,0.1134137,0.7382754
3713,3.713,0.11993072,0.7862652
3714,3.714,0.114337616,0.7690741
3715,3.715,0.11119541,0.7923282
3716,3.716,0.124362424,0.8067181
3717,3.717,0.11622537,0.81497294
3718,3.718,0.120651916,0.86193514
3719,3.719,0.118208446,0.7601549
3720,3.72,0.12786534,0.80380833
3721,3.721,0.12961406,0.784137
3722,3.722,0.12774114,0.804832
3723,3.723,0.13009356,0.80017126
3724,3.724,0.15332402,0.79048926
3725,3.725,0.16860674,0.7817011
3726,3.726,0.15304407,0.7705714
3727,3.727,0.15319315,0.7426186
3728,3.728,0.1506306,0.7766186
3729,3.729,0.13241722,0.7585234
3730,3.73,0.15036567,0.79289466
3731,3.731,0.14783068,0.7880331
3732,3.732,0.14588629,0.7916394
3733,3.733,0.17845055,0.8237246
3734,3.734,0.17498103,0.83435166
3735,3.735,0.1779212,0.78163886
3736,3.736,0.1732115,0.79353017
3737,3.737,0.16825606,0.76323956
3738,3.738,0.16514984,0.7950171
3739,3.739,0.15574278,0.8095476
3740,3.74,0.14299653,0.7975563
3741,3.741,0.13618803,0.8025622
3742,3.742,0.13739751,0.81064796
3743,3.743,0.12455819,0.7558876
3744,3.744,0.123740464,0.7856693
3745,3.745,0.12566763,0.8451389
3746,3.746,0.13812995,0.7675657
3747,3.747,0.13223866,0.7917914
3748,3.748,0.13870293,0.79732317
3749,3.749,0.13290328,0.8320567
3750,3.75,0.12804854,0.7858906
3751,3.751,0.14008185,0.79956156
3752,3.752,0.14927615,0.8108706
3753,3.753,0.15165399,0.79146713
3754,3.754,0.13894093,0.7593158
3755,3.755,0.13628966,0.771984
3756,3.756,0.13846718,0.7507622
3757,3.757,0.14606038,0.7757141
3758,3.758,0.14720798,0.7278721
3759,3.759,0.14198743,0.75684273
3760,3.76,0.1313006,0.7531846
3761,3.761,0.1351249,0.74997365
3762,3.762,0.14701894,0.71916133
3763,3.763,0.16686511,0.7621719
3764,3.764,0.15694779,0.73590255
3765,3.765,0.14615175,0.74981713
3766,3.766,0.15172619,0.7794661
3767,3.767,0.14251986,0.8152019
3768,3.768,0.14671648,0.75470906
3769,3.769,0.12659495,0.78623974
3770,3.77,0.14079379,0.7480276
3771,3.771,0.14051382,0.70998055
3772,3.772,0.13175155,0.7474195
3773,3.773,0.122741476,0.7643407
3774,3.774,0.12857506,0.7612111
3775,3.775,0.11512433,0.7541917
3776,3.776,0.11653886,0.71334547
3777,3.777,0.11955254,0.78409415
3778,3.778,0.111738555,0.7645866
3779,3.779,0.11083405,0.7814466
3780,3.78,0.10614968,0.7943119
3781,3.781,0.12179594,0.75059545
3782,3.782,0.11953555,0.7431355
3783,3.783,0.10959642,0.7433814
3784,3.784,0.12160686,0.7769503
3785,3.785,0.12593614,0.7910404
3786,3.786,0.118940085,0.8217088
3787,3.787,0.11489804,0.8086013
3788,3.788,0.12107901,0.77498925
3789,3.789,0.11668185,0.7713157
3790,3.79,0.12369023,0.7233303
3791,3.791,0.117673725,0.74826896
3792,3.792,0.13027835,0.7639112
3793,3.793,0.12695603,0.7845721
3794,3.794,0.124499395,0.75925297
3795,3.795,0.12419856,0.82886106
3796,3.796,0.13664357,0.86343753
3797,3.797,0.13148089,0.8431991
3798,3.798,0.1494224,0.76692826
3799,3.799,0.15085222,0.78496814
3800,3.8,0.1406705,0.7881736
3801,3.801,0.14053747,0.80340844
3802,3.802,0.14401737,0.7879347
3803,3.803,0.13891082,0.7893955
3804,3.804,0.13414787,0.77697676
3805,3.805,0.12638043,0.7794821
3806,3.806,0.13916394,0.75880903
3807,3.807,0.124247596,0.7953819
3808,3.808,0.124199055,0.7564123
3809,3.809,0.13797173,0.76905835
3810,3.81,0.13417125,0.78062665
3811,3.811,0.12122172,0.79720396
3812,3.812,0.11440594,0.80161136
3813,3.813,0.11842685,0.7914515
3814,3.814,0.12692066,0.7820807
3815,3.815,0.13557675,0.7515673
3816,3.816,0.12997575,0.7474733
3817,3.817,0.15190533,0.7712778
3818,3.818,0.14311266,0.72117597
3819,3.819,0.13173848,0.7783721
3820,3.82,0.13092095,0.7964339
3821,3.821,0.13938439,0.80554205
3822,3.822,0.13102336,0.7828909
3823,3.823,0.14338583,0.81017745
3824,3.824,0.13549823,0.8029012
3825,3.825,0.14129545,0.7968606
3826,3.826,0.13126732,0.821141
3827,3.827,0.14353508,0.785227
3828,3.828,0.14654946,0.7893001
3829,3.829,0.14617659,0.80295324
3830,3.83,0.13349545,0.76294804
3831,3.831,0.14278123,0.7962804
3832,3.832,0.15027316,0.7842914
3833,3.833,0.15288559,0.7649008
3834,3.834,0.14109543,0.7861305
3835,3.835,0.14303353,0.7638874
3836,3.836,0.15085834,0.77376413
3837,3.837,0.14900304,0.79223716
3838,3.838,0.1415908,0.77220505
3839,3.839,0.14512813,0.79138994
3840,3.84,0.14150214,0.7992392
3841,3.841,0.12648313,0.80332303
3842,3.842,0.13149774,0.78459597
3843,3.843,0.1288394,0.7808453
3844,3.844,0.13276477,0.77861416
3845,3.845,0.1250187,0.77711684
3846,3.846,0.12238254,0.7858071
3847,3.847,0.1145924,0.7868261
3848,3.848,0.11716965,0.8076924
3849,3.849,0.116012886,0.82126284
3850,3.85,0.12729192,0.80947334
3851,3.851,0.116251305,0.7957914
3852,3.852,0.12242074,0.76519716
3853,3.853,0.11247891,0.78996885
3854,3.854,0.11496924,0.7646857
3855,3.855,0.11699992,0.79959726
3856,3.856,0.10848028,0.74433607
3857,3.857,0.104705274,0.7966774
3858,3.858,0.108491056,0.7710704
3859,3.859,0.11045202,0.7831464
3860,3.86,0.10161459,0.7862105
3861,3.861,0.10964749,0.83371896
3862,3.862,0.10884097,0.8549984
3863,3.863,0.100841455,0.80116755
3864,3.864,0.112532504,0.82844436
3865,3.865,0.109674424,0.80514675
3866,3.866,0.121161304,0.76678103
3867,3.867,0.12858893,0.7938942
3868,3.868,0.11390415,0.7898673
3869,3.869,0.11608923,0.7638355
3870,3.87,0.10739438,0.78650683
3871,3.871,0.11478821,0.7597652
3872,3.872,0.103354424,0.776516
3873,3.873,0.11014745,0.76312923
3874,3.874,0.11099437,0.7664907
3875,3.875,0.11115334,0.744429
3876,3.876,0.10637434,0.81001735
3877,3.877,0.11946347,0.7574904
3878,3.878,0.1092309,0.76189405
3879,3.879,0.118290134,0.768996
3880,3.88,0.13284168,0.75218195
3881,3.881,0.12929514,0.7315578
3882,3.882,0.12942737,0.7888278
3883,3.883,0.12367581,0.8537085
3884,3.884,0.13387744,0.7595941
3885,3.885,0.12707423,0.7664995
3886,3.886,0.13480078,0.7807218
3887,3.887,0.12759367,0.7814192
3888,3.888,0.12599377,0.7816426
3889,3.889,0.11983424,0.757105
3890,3.89,0.12976208,0.8053084
3891,3.891,0.13499416,0.77421486
3892,3.892,0.13637044,0.7704856
3893,3.893,0.12815854,0.7889908
3894,3.894,0.12355237,0.7909042
3895,3.895,0.12905079,0.7596328
3896,3.896,0.13045534,0.79318964
3897,3.897,0.13643087,0.7754444
3898,3.898,0.13136853,0.76753765
3899,3.899,0.13008364,0.85752255
3900,3.9,0.12799135,0.7429528
3901,3.901,0.12971702,0.760722
3902,3.902,0.14154257,0.75268847
3903,3.903,0.15511099,0.76524115
3904,3.904,0.1547134,0.8173267
3905,3.905,0.1662719,0.775756
3906,3.906,0.15664092,0.74066496
3907,3.907,0.15675871,0.7347195
3908,3.908,0.14185867,0.78339475
3909,3.909,0.13840584,0.7919742
3910,3.91,0.13746287,0.7935198
3911,3.911,0.13622327,0.7626246
3912,3.912,0.12772332,0.79716545
3913,3.913,0.13351987,0.81225675
3914,3.914,0.13818918,0.7799673
3915,3.915,0.13621785,0.78864783
3916,3.916,0.13552003,0.7479133
3917,3.917,0.14443587,0.7988998
3918,3.918,0.1284793,0.7344933
3919,3.919,0.1332117,0.7698996
3920,3.92,0.14198352,0.7546985
3921,3.921,0.12928705,0.7657325
3922,3.922,0.114687935,0.79283834
3923,3.923,0.12246295,0.8459317
3924,3.924,0.1223745,0.7556532
3925,3.925,0.12162203,0.7145434
3926,3.926,0.12304988,0.75273514
3927,3.927,0.12677369,0.7737912
3928,3.928,0.1288461,0.77429473
3929,3.929,0.13015313,0.78203756
3930,3.93,0.13333127,0.75820804
3931,3.931,0.12727308,0.7407585
3932,3.932,0.12949295,0.73547745
3933,3.933,0.11927534,0.8069547
3934,3.934,0.12500049,0.7725151
3935,3.935,0.12448061,0.8055844
3936,3.936,0.12585501,0.80657387
3937,3.937,0.13202633,0.78720623
3938,3.938,0.1339629,0.82774526
3939,3.939,0.1478698,0.7473761
3940,3.94,0.15393038,0.7508923
3941,3.941,0.16290937,0.80196905
3942,3.942,0.14355822,0.81958795
3943,3.943,0.13218234,0.8343733
3944,3.944,0.1414643,0.7959906
3945,3.945,0.14201863,0.82657933
3946,3.946,0.13940822,0.81327945
3947,3.947,0.13205941,0.77964777
3948,3.948,0.13623592,0.7601384
3949,3.949,0.13269292,0.75140035
3950,3.95,0.12821661,0.7898408
3951,3.951,0.14364734,0.7863524
3952,3.952,0.15204622,0.75522673
3953,3.953,0.14218359,0.77817404
3954,3.954,0.14492407,0.7405125
3955,3.955,0.13935216,0.8006043
3956,3.956,0.1522573,0.80975485
3957,3.957,0.14324458,0.7995096
3958,3.958,0.14043367,0.78116196
3959,3.959,0.13564709,0.8069621
3960,3.96,0.14391693,0.7714967
3961,3.961,0.13412723,0.79410523
3962,3.962,0.1373863,0.8399013
3963,3.963,0.13149258,0.7996887
3964,3.964,0.14099553,0.7482082
3965,3.965,0.14026885,0.77882254
3966,3.966,0.14403915,0.7986147
3967,3.967,0.12789999,0.7883685
3968,3.968,0.12510382,0.79664004
3969,3.969,0.13555224,0.7899496
3970,3.97,0.13930315,0.8099793
3971,3.971,0.13484915,0.79545593
3972,3.972,0.15582019,0.77867633
3973,3.973,0.13682851,0.77108926
3974,3.974,0.15175457,0.80153424
3975,3.975,0.14771076,0.790144
3976,3.976,0.13564618,0.81983984
3977,3.977,0.13580167,0.8294678
3978,3.978,0.1452324,0.81412274
3979,3.979,0.14799166,0.83616066
3980,3.98,0.14553541,0.8205021
3981,3.981,0.13104591,0.7731371
3982,3.982,0.1381883,0.8242094
3983,3.983,0.12881505,0.8360608
3984,3.984,0.1216625,0.8281775
3985,3.985,0.12796059,0.81477326
3986,3.986,0.13417584,0.78613997
3987,3.987,0.13733345,0.72895545
3988,3.988,0.13850628,0.78698194
3989,3.989,0.14456062,0.7805797
3990,3.99,0.1305402,0.7952637
3991,3.991,0.12542407,0.7943622
3992,3.992,0.12197363,0.8003396
3993,3.993,0.12796828,0.78267175
3994,3.994,0.14517221,0.7838626
3995,3.995,0.13375837,0.75875103
3996,3.996,0.13583201,0.79136086
3997,3.997,0.1392815,0.79328173
3998,3.998,0.14195405,0.7738508
3999,3.999,0.13949691,0.7910472
4000,4.0,0.14514764,0.8043808
4001,4.001,0.13925543,0.8024834
4002,4.002,0.13707516,0.8093134
4003,4.003,0.13855602,0.7977424
4004,4.004,0.13451977,0.7809307
4005,4.005,0.12646902,0.77237314
4006,4.006,0.13332757,0.79990053
4007,4.007,0.11986195,0.8052418
4008,4.008,0.11684415,0.8084087
4009,4.009,0.1275411,0.79679114
4010,4.01,0.12990898,0.7816411
4011,4.011,0.11952268,0.7199103
4012,4.012,0.11869152,0.7633395
4013,4.013,0.12880406,0.8102821
4014,4.014,0.1301191,0.74686015
4015,4.015,0.137238,0.734579
4016,4.016,0.13194288,0.7665455
4017,4.017,0.12914087,0.7624517
4018,4.018,0.11418954,0.79538625
4019,4.019,0.13681413,0.78816634
4020,4.02,0.13822168,0.76331735
4021,4.021,0.12830584,0.7534253
4022,4.022,0.12177573,0.7617494
4023,4.023,0.12597083,0.77347535
4024,4.024,0.13100646,0.7807132
4025,4.025,0.12004507,0.76604426
4026,4.026,0.120168015,0.7711181
4027,4.027,0.10701329,0.7737457
4028,4.028,0.109588,0.7358616
4029,4.029,0.122523226,0.7433252
4030,4.03,0.1307013,0.8027512
4031,4.031,0.1262494,0.76721334
4032,4.032,0.12175653,0.78632665
4033,4.033,0.122605056,0.8052086
4034,4.034,0.11386849,0.76326245
4035,4.035,0.116264,0.76684433
4036,4.036,0.110022254,0.7961896
4037,4.037,0.10608648,0.804796
4038,4.038,0.106803805,0.7443917
4039,4.039,0.11380093,0.7702141
4040,4.04,0.11998612,0.7414859
4041,4.041,0.10969574,0.779474
4042,4.042,0.11658584,0.80357444
4043,4.043,0.12524144,0.73364216
4044,4.044,0.117602065,0.7599341
4045,4.045,0.117035665,0.7559001
4046,4.046,0.11451667,0.72484434
4047,4.047,0.11852604,0.81021076
4048,4.048,0.10863218,0.7941803
4049,4.049,0.117484815,0.7843353
4050,4.05,0.11848555,0.7588992
4051,4.051,0.111476146,0.7975133
4052,4.052,0.12408209,0.7636031
4053,4.053,0.123638,0.7785434
4054,4.054,0.12706213,0.8086145
4055,4.055,0.11031992,0.7489766
4056,4.056,0.10510059,0.76826274
4057,4.057,0.11284645,0.7982731
4058,4.058,0.11602986,0.8301412
4059,4.059,0.11372034,0.7690082
4060,4.06,0.10805805,0.7571766
4061,4.061,0.0928558,0.77873206
4062,4.062,0.10354356,0.7492349
4063,4.063,0.09251592,0.76593286
4064,4.064,0.09189669,0.83139414
4065,4.065,0.093414694,0.7480771
4066,4.066,0.0929333,0.8090178
4067,4.067,0.09521004,0.7556735
4068,4.068,0.10621284,0.75740814
4069,4.069,0.10922188,0.7691183
4070,4.07,0.11347661,0.8155394
4071,4.071,0.112055816,0.8117563
4072,4.072,0.10945878,0.79209214
4073,4.073,0.09764869,0.7764399
4074,4.074,0.10427837,0.78712064
4075,4.075,0.10318641,0.7594968
4076,4.076,0.10756497,0.83521056
4077,4.077,0.11300827,0.78732216
4078,4.078,0.10990027,0.82289153
4079,4.079,0.10775756,0.7807128
4080,4.08,0.10645297,0.7931678
4081,4.081,0.11338603,0.7888068
4082,4.082,0.10011829,0.78198487
4083,4.083,0.10746253,0.7838602
4084,4.084,0.103177465,0.7970832
4085,4.085,0.106529236,0.7809097
4086,4.086,0.12192822,0.7804419
4087,4.087,0.119173154,0.7836992
4088,4.088,0.11885211,0.77811086
4089,4.089,0.10998701,0.82162344
4090,4.09,0.09902829,0.7565473
4091,4.091,0.10596287,0.80884886
4092,4.092,0.10777754,0.79310036
4093,4.093,0.10650613,0.7927026
4094,4.094,0.12259351,0.78196716
4095,4.095,0.094360985,0.7651794
4096,4.096,0.100820705,0.7676273
4097,4.097,0.11207339,0.77483845
4098,4.098,0.10762787,0.75596714
4099,4.099,0.121246085,0.7956747
4100,4.1,0.11507248,0.75126016
4101,4.101,0.11720745,0.7139948
4102,4.102,0.117292464,0.7276579
4103,4.103,0.12612946,0.730912
4104,4.104,0.11487287,0.7204346
4105,4.105,0.12324723,0.7812615
4106,4.106,0.109671056,0.7754293
4107,4.107,0.11036564,0.73681486
4108,4.108,0.1140445,0.7681435
4109,4.109,0.106660835,0.796491
4110,4.11,0.107114434,0.763052
4111,4.111,0.10312617,0.80916667
4112,4.112,0.107686736,0.8195209
4113,4.113,0.107274,0.8358997
4114,4.114,0.112430215,0.81373966
4115,4.115,0.11274062,0.7875399
4116,4.116,0.11400835,0.814006
4117,4.117,0.11429025,0.78195757
4118,4.118,0.09825985,0.7390282
4119,4.119,0.08926664,0.75279236
4120,4.12,0.10091891,0.7915068
4121,4.121,0.10204781,0.7930133
4122,4.122,0.099142544,0.7475235
4123,4.123,0.10603079,0.7345676
4124,4.124,0.1081713,0.76218784
4125,4.125,0.10213399,0.7757967
4126,4.126,0.11068184,0.8033082
4127,4.127,0.11653147,0.81154513
4128,4.128,0.11036286,0.76380235
4129,4.129,0.110209435,0.75974435
4130,4.13,0.0954656,0.7678528
4131,4.131,0.10127798,0.7920466
4132,4.132,0.09941399,0.7860753
4133,4.133,0.09636304,0.7675468
4134,4.134,0.11360883,0.7162409
4135,4.135,0.096230775,0.7508931
4136,4.136,0.10391132,0.74827635
4137,4.137,0.10781978,0.7499232
4138,4.138,0.10759699,0.7634251
4139,4.139,0.11636345,0.78346676
4140,4.14,0.1168115,0.72675616
4141,4.141,0.118163675,0.7609418
4142,4.142,0.11002114,0.741923
4143,4.143,0.11076964,0.75771046
4144,4.144,0.11399432,0.7714467
4145,4.145,0.108711444,0.75823706
4146,4.146,0.10256621,0.7682244
4147,4.147,0.091360845,0.78598315
4148,4.148,0.10487613,0.827242
4149,4.149,0.10928214,0.7836324
4150,4.15,0.09816526,0.81226295
4151,4.151,0.103315726,0.8164016
4152,4.152,0.10024787,0.82815653
4153,4.153,0.10033315,0.87426305
4154,4.154,0.10826284,0.82493234
4155,4.155,0.11282791,0.8120003
4156,4.156,0.10402376,0.85514617
4157,4.157,0.098642945,0.8443666
4158,4.158,0.105619736,0.78140783
4159,4.159,0.10634136,0.74912506
4160,4.16,0.114593476,0.7444103
4161,4.161,0.09207862,0.7873628
4162,4.162,0.10033192,0.79525745
4163,4.163,0.10393322,0.77138126
4164,4.164,0.099075496,0.75676066
4165,4.165,0.09407758,0.7586786
4166,4.166,0.0946507,0.7638478
4167,4.167,0.098594286,0.7054279
4168,4.168,0.09803543,0.7609662
4169,4.169,0.10050103,0.77136207
4170,4.17,0.10854662,0.76260895
4171,4.171,0.10933674,0.7487789
4172,4.172,0.11663491,0.7374331
4173,4.173,0.11393763,0.72617674
4174,4.174,0.11545788,0.7224161
4175,4.175,0.1179672,0.750604
4176,4.176,0.10496937,0.7252002
4177,4.177,0.106171705,0.6898076
4178,4.178,0.11436721,0.7482452
4179,4.179,0.12368725,0.7449983
4180,4.18,0.1301763,0.75297993
4181,4.181,0.12377427,0.76272595
4182,4.182,0.12746485,0.7766146
4183,4.183,0.13050485,0.76313734
4184,4.184,0.13193682,0.76928306
4185,4.185,0.12504429,0.7595877
4186,4.186,0.11630792,0.7479394
4187,4.187,0.12028572,0.7509752
4188,4.188,0.11546214,0.72501194
4189,4.189,0.1245651,0.7775985
4190,4.19,0.12420253,0.732138
4191,4.191,0.11457468,0.7410207
4192,4.192,0.105402805,0.76080084
4193,4.193,0.10679862,0.7334422
4194,4.194,0.11456609,0.7982235
4195,4.195,0.11988249,0.7733744
4196,4.196,0.11334152,0.73045194
4197,4.197,0.10945878,0.77220017
4198,4.198,0.1194336,0.77177036
4199,4.199,0.11637931,0.7659595
4200,4.2,0.12130037,0.75620526
4201,4.201,0.11366244,0.7372257
4202,4.202,0.116525136,0.78422946
4203,4.203,0.11466862,0.7730815
4204,4.204,0.112581156,0.74229443
4205,4.205,0.10241133,0.7748782
4206,4.206,0.10268312,0.79562664
4207,4.207,0.12466928,0.79356134
4208,4.208,0.11263798,0.7592943
4209,4.209,0.11508157,0.7549618
4210,4.21,0.11658795,0.7643124
4211,4.211,0.107535794,0.77594185
4212,4.212,0.12157144,0.759315
4213,4.213,0.11930628,0.7751189
4214,4.214,0.12518592,0.7575317
4215,4.215,0.121956475,0.74763536
4216,4.216,0.1169773,0.77926373
4217,4.217,0.114302635,0.76395774
4218,4.218,0.11659956,0.7946874
4219,4.219,0.12372654,0.78964317
4220,4.22,0.12334853,0.79677767
4221,4.221,0.1152221,0.77969724
4222,4.222,0.13386136,0.8177555
4223,4.223,0.123287655,0.7972143
4224,4.224,0.12836,0.78690696
4225,4.225,0.13092895,0.80795693
4226,4.226,0.12182422,0.74465394
4227,4.227,0.12564217,0.74116254
4228,4.228,0.1154275,0.7616791
4229,4.229,0.116689764,0.79791397
4230,4.23,0.12447419,0.828936
4231,4.231,0.115243986,0.8415011
4232,4.232,0.10645991,0.8564444
4233,4.233,0.12686537,0.8651781
4234,4.234,0.123429306,0.8109579
4235,4.235,0.117043026,0.83706874
4236,4.236,0.1278894,0.7700921
4237,4.237,0.123680785,0.74909276
4238,4.238,0.1172043,0.75634074
4239,4.239,0.1273272,0.7651105
4240,4.24,0.11460099,0.7939045
4241,4.241,0.120298,0.7937481
4242,4.242,0.113844715,0.7763079
4243,4.243,0.120799206,0.79820216
4244,4.244,0.11728826,0.751975
4245,4.245,0.14677726,0.7830579
4246,4.246,0.13300045,0.8275866
4247,4.247,0.13198392,0.8347506
4248,4.248,0.13211763,0.76968175
4249,4.249,0.11645859,0.77155685
4250,4.25,0.13810413,0.85134095
4251,4.251,0.13086924,0.8225659
4252,4.252,0.13989682,0.8470955
4253,4.253,0.13450834,0.8064198
4254,4.254,0.13150662,0.79199034
4255,4.255,0.13362168,0.7966934
4256,4.256,0.1267295,0.8162315
4257,4.257,0.13442369,0.81536657
4258,4.258,0.117281966,0.80840856
4259,4.259,0.13105717,0.81759006
4260,4.26,0.13116182,0.77182835
4261,4.261,0.13465099,0.7788357
4262,4.262,0.13155948,0.76830846
4263,4.263,0.13103463,0.77791864
4264,4.264,0.123307616,0.7987777
4265,4.265,0.1224117,0.7585155
4266,4.266,0.12613776,0.81824166
4267,4.267,0.13779503,0.8340231
4268,4.268,0.12723681,0.7755173
4269,4.269,0.1149778,0.78830314
4270,4.27,0.12791249,0.75434536
4271,4.271,0.12274699,0.7786639
4272,4.272,0.11556813,0.78109103
4273,4.273,0.12121005,0.7561848
4274,4.274,0.11477321,0.7729094
4275,4.275,0.117809065,0.76496124
4276,4.276,0.11043252,0.76563525
4277,4.277,0.10329309,0.7467721
4278,4.278,0.112123884,0.7408883
4279,4.279,0.12084045,0.7635653
4280,4.28,0.13047467,0.8062702
4281,4.281,0.13050674,0.7380325
4282,4.282,0.13470398,0.7540775
4283,4.283,0.124648064,0.76659715
4284,4.284,0.1265371,0.7824504
4285,4.285,0.12762259,0.8214411
4286,4.286,0.12273997,0.8496424
4287,4.287,0.12841225,0.8260034
4288,4.288,0.122033134,0.78763586
4289,4.289,0.11800423,0.7459435
4290,4.29,0.11565967,0.7860991
4291,4.291,0.11782421,0.79433614
4292,4.292,0.11604046,0.74170715
4293,4.293,0.11298322,0.7536687
4294,4.294,0.113099694,0.7640949
4295,4.295,0.11193056,0.74200684
4296,4.296,0.1093041,0.814518
4297,4.297,0.11866508,0.7889975
4298,4.298,0.110143535,0.79322547
4299,4.299,0.11306378,0.79359066
4300,4.3,0.10951161,0.80406964
4301,4.301,0.100441016,0.79669905
4302,4.302,0.1159922,0.7737896
4303,4.303,0.10677269,0.79758775
4304,4.304,0.12193074,0.78104436
4305,4.305,0.11977158,0.7923849
4306,4.306,0.10738521,0.78099453
4307,4.307,0.11233331,0.7896751
4308,4.308,0.10741214,0.7659351
4309,4.309,0.10850977,0.8184565
4310,4.31,0.11066072,0.7636994
4311,4.311,0.13520913,0.7797613
4312,4.312,0.140495,0.7916063
4313,4.313,0.1280841,0.8488952
4314,4.314,0.12234231,0.7757838
4315,4.315,0.12963495,0.79708004
4316,4.316,0.12701757,0.7286724
4317,4.317,0.12833604,0.77032715
4318,4.318,0.12862624,0.80102324
4319,4.319,0.121065296,0.8213956
4320,4.32,0.14113292,0.84283286
4321,4.321,0.12766646,0.8077127
4322,4.322,0.13033454,0.8561317
4323,4.323,0.145059,0.84930575
4324,4.324,0.1428058,0.8351375
4325,4.325,0.1352123,0.8482813
4326,4.326,0.136342,0.8189655
4327,4.327,0.1382742,0.83769995
4328,4.328,0.13884392,0.82479507
4329,4.329,0.12112525,0.7961989
4330,4.33,0.14718874,0.82389593
4331,4.331,0.1378803,0.82880217
4332,4.332,0.13609177,0.8367328
4333,4.333,0.1479979,0.8232388
4334,4.334,0.15307221,0.8605273
4335,4.335,0.14298965,0.7974432
4336,4.336,0.14356808,0.77282053
4337,4.337,0.13259968,0.79945105
4338,4.338,0.13111678,0.7918999
4339,4.339,0.12799808,0.74140525
4340,4.34,0.1236151,0.7718983
4341,4.341,0.13599454,0.7773074
4342,4.342,0.12522572,0.81307685
4343,4.343,0.13445482,0.79282355
4344,4.344,0.13109331,0.80079937
4345,4.345,0.12718795,0.815492
4346,4.346,0.12384683,0.8151215
4347,4.347,0.11367759,0.82306945
4348,4.348,0.121754505,0.81552815
4349,4.349,0.119770035,0.8567539
4350,4.35,0.13068624,0.8539613
4351,4.351,0.12730788,0.80866987
4352,4.352,0.12814893,0.81800306
4353,4.353,0.13388066,0.86191475
4354,4.354,0.12864299,0.81192285
4355,4.355,0.12517953,0.8099758
4356,4.356,0.11996765,0.84994054
4357,4.357,0.11999688,0.8064004
4358,4.358,0.15028954,0.87102777
4359,4.359,0.13840096,0.91801035
4360,4.36,0.14643396,0.8502973
4361,4.361,0.14694987,0.8683033
4362,4.362,0.16465546,0.89230037
4363,4.363,0.16551751,0.8784911
4364,4.364,0.17871137,0.915142
4365,4.365,0.1603509,0.953239
4366,4.366,0.15781373,0.9519188
4367,4.367,0.16671868,0.98246485
4368,4.368,0.17960188,0.94436216
4369,4.369,0.16770701,0.9060149
4370,4.37,0.17070942,0.894228
4371,4.371,0.16335519,0.88376915
4372,4.372,0.1725581,0.88335043
4373,4.373,0.1777984,0.87411875
4374,4.374,0.17329709,0.9257975
4375,4.375,0.16459043,0.8882516
4376,4.376,0.15415764,0.8937829
4377,4.377,0.15054888,0.93578404
4378,4.378,0.14685856,0.91763765
4379,4.379,0.15200372,0.9099357
4380,4.38,0.14631249,0.9074748
4381,4.381,0.13376296,0.89760774
4382,4.382,0.13085796,0.8543328
4383,4.383,0.14151779,0.8623136
4384,4.384,0.14349864,0.85974735
4385,4.385,0.12853485,0.8735697
4386,4.386,0.13662376,0.85498184
4387,4.387,0.13764268,0.8774593
4388,4.388,0.13906045,0.8331501
4389,4.389,0.14492024,0.8378078
4390,4.39,0.14354794,0.84401065
4391,4.391,0.15656234,0.84107757
4392,4.392,0.15594532,0.8449939
4393,4.393,0.15233244,0.829064
4394,4.394,0.15277328,0.81888044
4395,4.395,0.13945852,0.82842
4396,4.396,0.15046465,0.8044815
4397,4.397,0.14194539,0.8304577
4398,4.398,0.1439896,0.8501353
4399,4.399,0.14659229,0.8665431
4400,4.4,0.13944396,0.85262215
4401,4.401,0.120233536,0.8369929
4402,4.402,0.12780133,0.8813609
4403,4.403,0.11983167,0.847573
4404,4.404,0.12031794,0.84585434
4405,4.405,0.114427984,0.87574494
4406,4.406,0.120988525,0.82028687
4407,4.407,0.12997006,0.83718956
4408,4.408,0.12806104,0.8369327
4409,4.409,0.12726583,0.82707167
4410,4.41,0.12447073,0.83001566
4411,4.411,0.11721794,0.7737822
4412,4.412,0.12803605,0.7820663
4413,4.413,0.12641597,0.8118517
4414,4.414,0.12896352,0.8175323
4415,4.415,0.13985151,0.8362625
4416,4.416,0.13428172,0.85902816
4417,4.417,0.13715324,0.8700283
4418,4.418,0.13729268,0.80932087
4419,4.419,0.13104872,0.8512396
4420,4.42,0.13190138,0.771517
4421,4.421,0.13578536,0.802998
4422,4.422,0.12595324,0.7831892
4423,4.423,0.12501131,0.84068674
4424,4.424,0.13188785,0.8140114
4425,4.425,0.12983602,0.831412
4426,4.426,0.14036004,0.8530713
4427,4.427,0.13334326,0.8372977
4428,4.428,0.13650256,0.79822433
4429,4.429,0.12635902,0.8223045
4430,4.43,0.13221215,0.8393897
4431,4.431,0.1383147,0.8274936
4432,4.432,0.13964282,0.83288854
4433,4.433,0.13321263,0.82075447
4434,4.434,0.12626696,0.8344541
4435,4.435,0.13130763,0.8384338
4436,4.436,0.12624794,0.8109063
4437,4.437,0.1318384,0.8491111
4438,4.438,0.14388871,0.8396381
4439,4.439,0.13400424,0.8313842
4440,4.44,0.13888867,0.8136772
4441,4.441,0.14312427,0.8239483
4442,4.442,0.12720683,0.8008254
4443,4.443,0.13133293,0.80956095
4444,4.444,0.14117086,0.79986835
4445,4.445,0.14292681,0.8066498
4446,4.446,0.13770302,0.8101489
4447,4.447,0.12501378,0.79778135
4448,4.448,0.13402857,0.8348929
4449,4.449,0.13095431,0.8305471
4450,4.45,0.13343276,0.81972593
4451,4.451,0.12606163,0.8181848
4452,4.452,0.12969045,0.83550656
4453,4.453,0.13617358,0.82347894
4454,4.454,0.14665061,0.7977183
4455,4.455,0.13541146,0.8433615
4456,4.456,0.13596241,0.79900163
4457,4.457,0.13648678,0.8455002
4458,4.458,0.13833293,0.8322944
4459,4.459,0.13362674,0.8286504
4460,4.46,0.14311953,0.8165677
4461,4.461,0.15335453,0.84828496
4462,4.462,0.14436683,0.8005519
4463,4.463,0.14687616,0.82973516
4464,4.464,0.14429906,0.8450466
4465,4.465,0.13640292,0.7968186
4466,4.466,0.14042798,0.7974495
4467,4.467,0.13352679,0.79292136
4468,4.468,0.14449932,0.84452236
4469,4.469,0.12675524,0.8035131
4470,4.47,0.12976018,0.78837097
4471,4.471,0.11804437,0.82310224
4472,4.472,0.12941216,0.8203646
4473,4.473,0.11912255,0.82244533
4474,4.474,0.11836345,0.8169355
4475,4.475,0.13141863,0.77286756
4476,4.476,0.12324872,0.7546796
4477,4.477,0.11811628,0.7879911
4478,4.478,0.12724648,0.761046
4479,4.479,0.12819166,0.80057883
4480,4.48,0.13400973,0.8175141
4481,4.481,0.11926966,0.8191091
4482,4.482,0.121361725,0.79682314
4483,4.483,0.12212285,0.77009994
4484,4.484,0.12289077,0.7972948
4485,4.485,0.12611483,0.77801794
4486,4.486,0.124143556,0.79575163
4487,4.487,0.12689884,0.79518133
4488,4.488,0.13023017,0.7746156
4489,4.489,0.13361385,0.77705014
4490,4.49,0.11467238,0.82495064
4491,4.491,0.113279626,0.83624524
4492,4.492,0.12231868,0.83639246
4493,4.493,0.13308832,0.8085805
4494,4.494,0.12750684,0.83060163
4495,4.495,0.12380459,0.8131241
4496,4.496,0.12939504,0.8203516
4497,4.497,0.121222235,0.85509425
4498,4.498,0.119696036,0.8113406
4499,4.499,0.109518915,0.8186103
4500,4.5,0.10527372,0.7956726
4501,4.501,0.11254454,0.7885011
4502,4.502,0.11208272,0.793037
4503,4.503,0.11934805,0.82151675
4504,4.504,0.12463621,0.7922011
4505,4.505,0.10854719,0.80382144
4506,4.506,0.1051199,0.80054706
4507,4.507,0.10899745,0.7816197
4508,4.508,0.1046318,0.83139366
4509,4.509,0.10840028,0.8119869
4510,4.51,0.10841617,0.81783724
4511,4.511,0.10884324,0.81298786
4512,4.512,0.09472867,0.81474125
4513,4.513,0.10752549,0.8231328
4514,4.514,0.104211085,0.8063481
4515,4.515,0.096251234,0.83334464
4516,4.516,0.105894916,0.81339794
4517,4.517,0.1178759,0.7987934
4518,4.518,0.11220946,0.81103176
4519,4.519,0.12926468,0.8448584
4520,4.52,0.114340305,0.8157156
4521,4.521,0.11975925,0.8025623
4522,4.522,0.110064745,0.8252368
4523,4.523,0.099600725,0.7598952
4524,4.524,0.101168565,0.8174531
4525,4.525,0.10069491,0.8222704
4526,4.526,0.09483967,0.76046264
4527,4.527,0.09766129,0.78851956
4528,4.528,0.10076332,0.7923071
4529,4.529,0.09243342,0.72466046
4530,4.53,0.10354237,0.81105626
4531,4.531,0.10772844,0.78296435
4532,4.532,0.10223153,0.8186789
4533,4.533,0.09601122,0.7955827
4534,4.534,0.09961617,0.80453366
4535,4.535,0.10816277,0.8249014
4536,4.536,0.091825694,0.82439274
4537,4.537,0.09934837,0.81819683
4538,4.538,0.11125626,0.8599149
4539,4.539,0.0956401,0.79072005
4540,4.54,0.08736613,0.83327925
4541,4.541,0.1034639,0.8190518
4542,4.542,0.103071265,0.8501926
4543,4.543,0.08716801,0.77563506
4544,4.544,0.097102135,0.8168388
4545,4.545,0.09413446,0.80130565
4546,4.546,0.103600584,0.81479156
4547,4.547,0.108321354,0.8045563
4548,4.548,0.10501918,0.81610304
4549,4.549,0.1101089,0.8138592
4550,4.55,0.11192671,0.82510716
4551,4.551,0.12308187,0.8129476
4552,4.552,0.11936609,0.8167149
4553,4.553,0.105071895,0.8165516
4554,4.554,0.096785426,0.79430133
4555,4.555,0.10669775,0.8260943
4556,4.556,0.10946666,0.8542266
4557,4.557,0.11611044,0.8303694
4558,4.558,0.11104535,0.8536153
4559,4.559,0.109112546,0.7911248
4560,4.56,0.115319245,0.80843276
4561,4.561,0.10748772,0.82516277
4562,4.562,0.10763302,0.8381173
4563,4.563,0.108701825,0.82606345
4564,4.564,0.109446414,0.8492162
4565,4.565,0.10253621,0.79762423
4566,4.566,0.1133768,0.8032174
4567,4.567,0.10603775,0.795074
4568,4.568,0.10506077,0.8109724
4569,4.569,0.09945359,0.8106171
4570,4.57,0.09999715,0.8004736
4571,4.571,0.09344894,0.7590762
4572,4.572,0.09540822,0.8060192
4573,4.573,0.10860442,0.7832243
4574,4.574,0.13223076,0.83536506
4575,4.575,0.13059722,0.83496934
4576,4.576,0.13399689,0.827466
4577,4.577,0.123613104,0.8564497
4578,4.578,0.12140481,0.81966686
4579,4.579,0.12491284,0.8228621
4580,4.58,0.13999398,0.8400332
4581,4.581,0.12659593,0.8568044
4582,4.582,0.11909879,0.8196554
4583,4.583,0.12730739,0.82440054
4584,4.584,0.118083455,0.81485933
4585,4.585,0.13821857,0.8531263
4586,4.586,0.15006544,0.8269919
4587,4.587,0.13680917,0.81980467
4588,4.588,0.14145169,0.8375632
4589,4.589,0.12634733,0.7909151
4590,4.59,0.12815805,0.83039653
4591,4.591,0.14094709,0.814901
4592,4.592,0.13271518,0.810983
4593,4.593,0.1292961,0.78336406
4594,4.594,0.116945736,0.81715804
4595,4.595,0.12065804,0.82763296
4596,4.596,0.11880447,0.81645685
4597,4.597,0.119673416,0.8138512
4598,4.598,0.12583546,0.80433625
4599,4.599,0.13077377,0.7839727
4600,4.6,0.12816094,0.8132984
4601,4.601,0.15864858,0.82784843
4602,4.602,0.15506299,0.8040255
4603,4.603,0.16188073,0.7836116
4604,4.604,0.14298749,0.7877146
4605,4.605,0.14029033,0.8203404
4606,4.606,0.13968775,0.7939363
4607,4.607,0.12974453,0.8324289
4608,4.608,0.13261129,0.8115303
4609,4.609,0.13182625,0.786934
4610,4.61,0.12892677,0.8052081
4611,4.611,0.12587261,0.8119432
4612,4.612,0.10613576,0.7973933
4613,4.613,0.11233003,0.8094626
4614,4.614,0.11797295,0.81760395
4615,4.615,0.11453333,0.82553035
4616,4.616,0.10579668,0.8210097
4617,4.617,0.11652302,0.829009
4618,4.618,0.11021613,0.7770203
4619,4.619,0.091933504,0.81058246
4620,4.62,0.10991986,0.8301352
4621,4.621,0.10089269,0.81127924
4622,4.622,0.10757298,0.8013686
4623,4.623,0.10736344,0.82040775
4624,4.624,0.10176343,0.80316126
4625,4.625,0.10500687,0.80777144
4626,4.626,0.11223632,0.7801019
4627,4.627,0.113583915,0.80290306
4628,4.628,0.1132405,0.77912414
4629,4.629,0.104210496,0.79355866
4630,4.63,0.11754817,0.80483085
4631,4.631,0.11886764,0.8239122
4632,4.632,0.1146493,0.82243097
4633,4.633,0.114653595,0.7829002
4634,4.634,0.11828441,0.8059133
4635,4.635,0.12120142,0.8244934
4636,4.636,0.1144812,0.798363
4637,4.637,0.11898559,0.7845901
4638,4.638,0.12655121,0.81926423
4639,4.639,0.13281435,0.82456654
4640,4.64,0.11098328,0.8101265
4641,4.641,0.13160531,0.84018576
4642,4.642,0.12083434,0.8150265
4643,4.643,0.13570195,0.8552041
4644,4.644,0.117602594,0.83525836
4645,4.645,0.120127045,0.8336557
4646,4.646,0.12099412,0.8320038
4647,4.647,0.124633744,0.7912706
4648,4.648,0.124145545,0.8027479
4649,4.649,0.11355033,0.79289633
4650,4.65,0.1122988,0.794038
4651,4.651,0.10855682,0.8010695
4652,4.652,0.10461944,0.8060592
4653,4.653,0.09752007,0.8234632
4654,4.654,0.08957215,0.79932797
4655,4.655,0.09939604,0.81939787
4656,4.656,0.11450753,0.8290409
4657,4.657,0.124270864,0.8541337
4658,4.658,0.11908122,0.80738306
4659,4.659,0.12139924,0.7937813
4660,4.66,0.11748534,0.8362731
4661,4.661,0.11605478,0.82265484
4662,4.662,0.122326724,0.8108345
4663,4.663,0.12948915,0.8277698
4664,4.664,0.11612262,0.84101754
4665,4.665,0.12272092,0.81882256
4666,4.666,0.12247853,0.77355003
4667,4.667,0.124799505,0.8219897
4668,4.668,0.11677041,0.8184479
4669,4.669,0.12746967,0.81937265
4670,4.67,0.13247435,0.8085676
4671,4.671,0.12690562,0.79385334
4672,4.672,0.120210506,0.83219934
4673,4.673,0.116156,0.85187
4674,4.674,0.11100268,0.7944273
4675,4.675,0.10713971,0.79015064
4676,4.676,0.10554281,0.87110215
4677,4.677,0.10465237,0.80894417
4678,4.678,0.11212224,0.798762
4679,4.679,0.10848199,0.83597416
4680,4.68,0.09966742,0.8126999
4681,4.681,0.11198606,0.81996256
4682,4.682,0.1038035,0.8379509
4683,4.683,0.1098846,0.85457087
4684,4.684,0.11207613,0.8218803
4685,4.685,0.113125265,0.7710238
4686,4.686,0.11362616,0.8224595
4687,4.687,0.110830165,0.8123403
4688,4.688,0.11964463,0.81733704
4689,4.689,0.11875941,0.81340927
4690,4.69,0.13998167,0.8404192
4691,4.691,0.1482218,0.8173511
4692,4.692,0.12952478,0.8239214
4693,4.693,0.12780903,0.82233894
4694,4.694,0.14183438,0.8644944
4695,4.695,0.1312767,0.84834164
4696,4.696,0.122659236,0.7850778
4697,4.697,0.120484024,0.86840993
4698,4.698,0.124562144,0.8345492
4699,4.699,0.118649006,0.82978785
4700,4.7,0.110344455,0.8242468
4701,4.701,0.11671454,0.90037215
4702,4.702,0.120368555,0.8305734
4703,4.703,0.11994406,0.8268428
4704,4.704,0.10553406,0.845147
4705,4.705,0.100556724,0.8547313
4706,4.706,0.10243055,0.83327436
4707,4.707,0.09604774,0.8948048
4708,4.708,0.09208129,0.8697761
4709,4.709,0.108130336,0.84759545
4710,4.71,0.10983587,0.87090904
4711,4.711,0.118188664,0.80424416
4712,4.712,0.121464096,0.78145194
4713,4.713,0.12100124,0.8165013
4714,4.714,0.12840171,0.8201334
4715,4.715,0.12165744,0.7978311
4716,4.716,0.1151409,0.7695401
4717,4.717,0.12861955,0.75579995
4718,4.718,0.11652197,0.740886
4719,4.719,0.12390941,0.77655286
4720,4.72,0.1244203,0.768841
4721,4.721,0.1272402,0.8345947
4722,4.722,0.120156236,0.8136263
4723,4.723,0.13360465,0.8210396
4724,4.724,0.12861381,0.7777633
4725,4.725,0.12939931,0.80298346
4726,4.726,0.12471468,0.75022876
4727,4.727,0.11091285,0.790931
4728,4.728,0.11631426,0.76966006
4729,4.729,0.10801819,0.7821182
4730,4.73,0.1185686,0.78133595
4731,4.731,0.1149398,0.81346405
4732,4.732,0.13379286,0.81134826
4733,4.733,0.13320616,0.8047707
4734,4.734,0.120930545,0.803171
4735,4.735,0.12621772,0.8153947
4736,4.736,0.12696427,0.813017
4737,4.737,0.13976042,0.8254867
4738,4.738,0.13108957,0.8148616
4739,4.739,0.15012282,0.7454407
4740,4.74,0.1427114,0.722724
4741,4.741,0.12037622,0.7353156
4742,4.742,0.1210719,0.7785264
4743,4.743,0.11935835,0.7836524
4744,4.744,0.12311486,0.80534506
4745,4.745,0.12035987,0.81214386
4746,4.746,0.11368409,0.8128943
4747,4.747,0.13093176,0.81685936
4748,4.748,0.10613461,0.76910293
4749,4.749,0.113582835,0.77699167
4750,4.75,0.11474639,0.7863857
4751,4.751,0.11676988,0.78502357
4752,4.752,0.09817842,0.8134381
4753,4.753,0.10638591,0.8031065
4754,4.754,0.10596171,0.82201594
4755,4.755,0.10944867,0.8051752
4756,4.756,0.11299683,0.8028559
4757,4.757,0.116434276,0.82056177
4758,4.758,0.11324975,0.7659834
4759,4.759,0.11844295,0.768527
4760,4.76,0.11651035,0.7708064
4761,4.761,0.09792365,0.7836289
4762,4.762,0.1112192,0.7877675
4763,4.763,0.09574169,0.7594416
4764,4.764,0.094768934,0.83218354
4765,4.765,0.10322874,0.787992
4766,4.766,0.09973098,0.7588267
4767,4.767,0.10841617,0.78197664
4768,4.768,0.10663776,0.77147365
4769,4.769,0.10013856,0.8191319
4770,4.77,0.11073408,0.78759336
4771,4.771,0.113567665,0.75845057
4772,4.772,0.119899936,0.81004655
4773,4.773,0.11873091,0.807112
4774,4.774,0.1153107,0.78581357
4775,4.775,0.119855285,0.8108136
4776,4.776,0.11189043,0.75166017
4777,4.777,0.12676543,0.7673314
4778,4.778,0.10491074,0.78987
4779,4.779,0.11300718,0.86315
4780,4.78,0.12344326,0.85960436
4781,4.781,0.12329963,0.80813074
4782,4.782,0.11087012,0.7934951
4783,4.783,0.11681624,0.8247138
4784,4.784,0.12424958,0.7717045
4785,4.785,0.11868738,0.76053745
4786,4.786,0.12288075,0.7537337
4787,4.787,0.12115674,0.7255112
4788,4.788,0.11749581,0.7946172
4789,4.789,0.11984707,0.8306325
4790,4.79,0.11616447,0.8236007
4791,4.791,0.1002804,0.7967293
4792,4.792,0.100983515,0.76574045
4793,4.793,0.0937874,0.8513247
4794,4.794,0.0990786,0.8162905
4795,4.795,0.11814492,0.8683141
4796,4.796,0.10173501,0.87972206
4797,4.797,0.10634946,0.8634139
4798,4.798,0.10098413,0.8378114
4799,4.799,0.10516789,0.80932903
4800,4.8,0.1218323,0.8467298
4801,4.801,0.12557164,0.888058
4802,4.802,0.12514561,0.8058513
4803,4.803,0.11968268,0.85285604
4804,4.804,0.13315488,0.81307894
4805,4.805,0.12538236,0.8348545
4806,4.806,0.12324972,0.84235495
4807,4.807,0.13375744,0.84527296
4808,4.808,0.12725712,0.83269966
4809,4.809,0.13393718,0.8239263
4810,4.81,0.12091273,0.807254
4811,4.811,0.1240439,0.80179054
4812,4.812,0.11769045,0.824583
4813,4.813,0.11785815,0.81631756
4814,4.814,0.11687048,0.84520364
4815,4.815,0.11931969,0.83971953
4816,4.816,0.1147791,0.7939194
4817,4.817,0.11586111,0.7967954
4818,4.818,0.10653328,0.80491465
4819,4.819,0.1202673,0.80032676
4820,4.82,0.12366387,0.7717033
4821,4.821,0.120690666,0.7850318
4822,4.822,0.11113065,0.77939284
4823,4.823,0.121214114,0.83993953
4824,4.824,0.123645455,0.8036601
4825,4.825,0.12262513,0.82906175
4826,4.826,0.12110036,0.8166546
4827,4.827,0.12263867,0.8401952
4828,4.828,0.1112944,0.85831314
4829,4.829,0.11601236,0.8344213
4830,4.83,0.13125092,0.81387055
4831,4.831,0.121230856,0.8279707
4832,4.832,0.1251697,0.79548794
4833,4.833,0.13165204,0.8135038
4834,4.834,0.116489224,0.84189415
4835,4.835,0.113644026,0.8199923
4836,4.836,0.117864415,0.8247874
4837,4.837,0.13473503,0.8479422
4838,4.838,0.14220263,0.78894067
4839,4.839,0.1369885,0.84149104
4840,4.84,0.12608555,0.842859
4841,4.841,0.1410636,0.85400724
4842,4.842,0.12995633,0.81980526
4843,4.843,0.1426053,0.851129
4844,4.844,0.1451489,0.8339241
4845,4.845,0.14151648,0.8012357
4846,4.846,0.12843093,0.8394921
4847,4.847,0.12711054,0.77527183
4848,4.848,0.13448136,0.8571092
4849,4.849,0.12836912,0.8395105
4850,4.85,0.13103276,0.8462357
4851,4.851,0.12960172,0.8405069
4852,4.852,0.12190097,0.8427919
4853,4.853,0.1238657,0.8312594
4854,4.854,0.1265337,0.857903
4855,4.855,0.13652825,0.82972884
4856,4.856,0.122656226,0.8576996
4857,4.857,0.12497243,0.84957945
4858,4.858,0.123128854,0.8114037
4859,4.859,0.1342547,0.84237474
4860,4.86,0.1397265,0.82759047
4861,4.861,0.13505112,0.80619913
4862,4.862,0.13809967,0.81734246
4863,4.863,0.14992309,0.8414284
4864,4.864,0.15242612,0.808589
4865,4.865,0.14954877,0.8313207
4866,4.866,0.13615143,0.8395061
4867,4.867,0.13104779,0.8149552
4868,4.868,0.14295737,0.826442
4869,4.869,0.14718665,0.8005814
4870,4.87,0.12655218,0.83454657
4871,4.871,0.11875371,0.8194679
4872,4.872,0.118261,0.8063124
4873,4.873,0.116675,0.8031001
4874,4.874,0.115826055,0.8319498
4875,4.875,0.13015172,0.7883215
4876,4.876,0.12657064,0.8309878
4877,4.877,0.12129834,0.84550625
4878,4.878,0.11863189,0.8343853
4879,4.879,0.12866403,0.86236066
4880,4.88,0.13359359,0.85777646
4881,4.881,0.13676824,0.8173435
4882,4.882,0.14101866,0.78961146
4883,4.883,0.15329392,0.81204003
4884,4.884,0.14075227,0.8257394
4885,4.885,0.12673727,0.79348814
4886,4.886,0.13108346,0.817878
4887,4.887,0.1319676,0.8347867
4888,4.888,0.13545008,0.85112095
4889,4.889,0.14923865,0.798781
4890,4.89,0.1598263,0.82632715
4891,4.891,0.13322416,0.8136074
4892,4.892,0.15327707,0.8244802
4893,4.893,0.14438644,0.83169913
4894,4.894,0.14470144,0.8462713
4895,4.895,0.15090686,0.8262993
4896,4.896,0.14408614,0.8386662
4897,4.897,0.13809656,0.8521496
4898,4.898,0.14630575,0.84572786
4899,4.899,0.14461423,0.8358678
4900,4.9,0.14186864,0.79368836
4901,4.901,0.12342582,0.84017986
4902,4.902,0.12911943,0.8158686
4903,4.903,0.1288991,0.8202657
4904,4.904,0.14589135,0.8201349
4905,4.905,0.15948485,0.8673221
4906,4.906,0.14490241,0.8549812
4907,4.907,0.14966062,0.83006954
4908,4.908,0.13639253,0.8160005
4909,4.909,0.13988274,0.84514356
4910,4.91,0.13742168,0.81578326
4911,4.911,0.11843049,0.85870546
4912,4.912,0.113767944,0.783351
4913,4.913,0.12600501,0.763532
4914,4.914,0.11712027,0.81084335
4915,4.915,0.13183932,0.8357528
4916,4.916,0.1309125,0.8532641
4917,4.917,0.1199856,0.82004774
4918,4.918,0.12364446,0.8418699
4919,4.919,0.12336049,0.8270256
4920,4.92,0.13112664,0.86659724
4921,4.921,0.14605784,0.8025925
4922,4.922,0.14342058,0.82887584
4923,4.923,0.15218455,0.81899524
4924,4.924,0.15034153,0.80766016
4925,4.925,0.14395839,0.8118035
4926,4.926,0.13775395,0.79329944
4927,4.927,0.14281268,0.782598
4928,4.928,0.14850546,0.78196925
4929,4.929,0.14795049,0.8292588
4930,4.93,0.15489624,0.8547907
4931,4.931,0.13995266,0.8434385
4932,4.932,0.14904805,0.8271988
4933,4.933,0.15530285,0.81348455
4934,4.934,0.14963925,0.797118
4935,4.935,0.14426665,0.79169416
4936,4.936,0.14729948,0.77312684
4937,4.937,0.14646338,0.8328877
4938,4.938,0.14823343,0.8491015
4939,4.939,0.13607323,0.797348
4940,4.94,0.13130951,0.7738844
4941,4.941,0.14297588,0.81533927
4942,4.942,0.14455807,0.8121657
4943,4.943,0.15306899,0.84440285
4944,4.944,0.14202468,0.825903
4945,4.945,0.13246274,0.8074989
4946,4.946,0.13621694,0.8221889
4947,4.947,0.14084184,0.8023484
4948,4.948,0.13110833,0.8003111
4949,4.949,0.14722177,0.7982261
4950,4.95,0.1473354,0.79466856
4951,4.951,0.14483403,0.84030354
4952,4.952,0.1469528,0.8586945
4953,4.953,0.15370238,0.83143795
4954,4.954,0.14773367,0.82624155
4955,4.955,0.13957936,0.77700424
4956,4.956,0.14127497,0.8089348
4957,4.957,0.13284354,0.80425614
4958,4.958,0.13604203,0.8173672
4959,4.959,0.144961,0.8435516
4960,4.96,0.13422306,0.8020243
4961,4.961,0.1341254,0.8594876
4962,4.962,0.11889093,0.82452714
4963,4.963,0.12848648,0.8243604
4964,4.964,0.12783262,0.82703125
4965,4.965,0.12884943,0.8474281
4966,4.966,0.13345765,0.80592555
4967,4.967,0.14680493,0.8292152
4968,4.968,0.13911618,0.82020795
4969,4.969,0.13048929,0.83052975
4970,4.97,0.14746521,0.8230656
4971,4.971,0.13716355,0.82828975
4972,4.972,0.14138556,0.8035174
4973,4.973,0.13237958,0.83668065
4974,4.974,0.13255282,0.83061
4975,4.975,0.12084453,0.84517723
4976,4.976,0.12792549,0.79528826
4977,4.977,0.11715809,0.82147735
4978,4.978,0.12573762,0.8190377
4979,4.979,0.12609287,0.8441637
4980,4.98,0.12547262,0.8187472
4981,4.981,0.1109733,0.8270859
4982,4.982,0.119722255,0.7934158
4983,4.983,0.12914373,0.8134562
4984,4.984,0.12774065,0.8076252
4985,4.985,0.11977466,0.8173957
4986,4.986,0.13686988,0.8263366
4987,4.987,0.14443032,0.82577085
4988,4.988,0.14193238,0.80459744
4989,4.989,0.13069707,0.8143761
4990,4.99,0.14088859,0.83107436
4991,4.991,0.14054579,0.79362524
4992,4.992,0.13429226,0.8475772
4993,4.993,0.14467208,0.7989548
4994,4.994,0.13710119,0.7797411
4995,4.995,0.14455679,0.81630427
4996,4.996,0.1503894,0.8246564
4997,4.997,0.13752149,0.819825
4998,4.998,0.13873975,0.7928947
4999,4.999,0.14265664,0.78649116
5000,5.0,0.14449634,0.81844664
5001,5.001,0.1535574,0.81759644
5002,5.002,0.15253627,0.82141477
5003,5.003,0.14786355,0.8456294
5004,5.004,0.15932274,0.86406153
5005,5.005,0.14933796,0.83967865
5006,5.006,0.14599296,0.85486925
5007,5.007,0.15296203,0.83372146
5008,5.008,0.14788352,0.83378875
5009,5.009,0.13927045,0.81661546
5010,5.01,0.14133507,0.8137061
5011,5.011,0.13580756,0.7965288
5012,5.012,0.13356733,0.75321317
5013,5.013,0.13762616,0.79956746
5014,5.014,0.14320979,0.81357586
5015,5.015,0.14120309,0.8107665
5016,5.016,0.15772715,0.8235254
5017,5.017,0.1546621,0.8173829
5018,5.018,0.15203042,0.801787
5019,5.019,0.16339096,0.8253162
5020,5.02,0.16705674,0.80532324
5021,5.021,0.17180195,0.8357436
5022,5.022,0.1763404,0.8188441
5023,5.023,0.17589007,0.83594644
5024,5.024,0.17129374,0.806304
5025,5.025,0.16696243,0.8239222
5026,5.026,0.16044374,0.8173885
5027,5.027,0.13856535,0.81911767
5028,5.028,0.13015646,0.8234782
5029,5.029,0.13375422,0.8259892
5030,5.03,0.14459041,0.81627214
5031,5.031,0.15490101,0.82461417
5032,5.032,0.15742768,0.82559067
5033,5.033,0.14552271,0.8166763
5034,5.034,0.13025568,0.8174271
5035,5.035,0.13994695,0.76512176
5036,5.036,0.12654293,0.8268102
5037,5.037,0.13835517,0.7834563
5038,5.038,0.14518705,0.7903966
5039,5.039,0.1322624,0.8154537
5040,5.04,0.14245681,0.8232336
5041,5.041,0.14379162,0.8125441
5042,5.042,0.12986256,0.78911865
5043,5.043,0.12990567,0.81781685
5044,5.044,0.13135542,0.83404255
5045,5.045,0.14811924,0.80427736
5046,5.046,0.14991571,0.8360714
5047,5.047,0.14801992,0.8452136
5048,5.048,0.15022893,0.86931026
5049,5.049,0.1542909,0.79590535
5050,5.05,0.13801767,0.7958079
5051,5.051,0.1481641,0.79816103
5052,5.052,0.14733917,0.7808918
5053,5.053,0.14954711,0.8390335
5054,5.054,0.1467387,0.81994975
5055,5.055,0.15177363,0.7739341
5056,5.056,0.14510693,0.80549884
5057,5.057,0.14264543,0.785725
5058,5.058,0.1456533,0.771418
5059,5.059,0.14221907,0.78672564
5060,5.06,0.14472651,0.79863304
5061,5.061,0.15297048,0.79590875
5062,5.062,0.14238207,0.80261743
5063,5.063,0.14253627,0.79460675
5064,5.064,0.14320034,0.8288709
5065,5.065,0.1323898,0.75256175
5066,5.066,0.122896776,0.78899246
5067,5.067,0.13546053,0.7759675
5068,5.068,0.13230844,0.7744012
5069,5.069,0.12543681,0.7542587
5070,5.07,0.12483746,0.7640283
5071,5.071,0.13076389,0.79388
5072,5.072,0.13738005,0.786914
5073,5.073,0.11727672,0.775341
5074,5.074,0.123288155,0.79894423
5075,5.075,0.14009371,0.79791456
5076,5.076,0.12619092,0.8276088
5077,5.077,0.11301153,0.79964364
5078,5.078,0.11599433,0.8077756
5079,5.079,0.122944325,0.7944292
5080,5.08,0.12220846,0.7890474
5081,5.081,0.10973051,0.7929155
5082,5.082,0.12140836,0.7826791
5083,5.083,0.123901464,0.7986147
5084,5.084,0.12001739,0.81487185
5085,5.085,0.13027269,0.82244307
5086,5.086,0.13819675,0.8081447
5087,5.087,0.14590865,0.7666373
5088,5.088,0.13088994,0.79273224
5089,5.089,0.12399479,0.8147569
5090,5.09,0.12129784,0.7989073
5091,5.091,0.12481134,0.7743111
5092,5.092,0.124263436,0.82486343
5093,5.093,0.1373872,0.79581106
5094,5.094,0.14017713,0.76460487
5095,5.095,0.1403583,0.8103603
5096,5.096,0.13802524,0.8159504
5097,5.097,0.14075445,0.8293734
5098,5.098,0.14048186,0.8211826
5099,5.099,0.15132785,0.8103504
5100,5.1,0.15299703,0.8364686
5101,5.101,0.15912141,0.79550254
5102,5.102,0.15763585,0.7893262
5103,5.103,0.14408655,0.812751
5104,5.104,0.14687155,0.8341748
5105,5.105,0.13725907,0.80159277
5106,5.106,0.12395161,0.8217381
5107,5.107,0.12720247,0.7803544
5108,5.108,0.12846111,0.8100931
5109,5.109,0.12608214,0.782674
5110,5.11,0.12488871,0.8165001
5111,5.111,0.122556865,0.78230697
5112,5.112,0.12543535,0.80263036
5113,5.113,0.11049991,0.7881635
5114,5.114,0.10981346,0.8081882
5115,5.115,0.12088322,0.83416927
5116,5.116,0.1371963,0.80466485
5117,5.117,0.12222256,0.787874
5118,5.118,0.11526161,0.7797446
5119,5.119,0.11868426,0.78443
5120,5.12,0.119345985,0.82963836
5121,5.121,0.10855682,0.8168844
5122,5.122,0.11338223,0.8220288
5123,5.123,0.10517608,0.70704037
5124,5.124,0.1013132,0.6936743
5125,5.125,0.108663894,0.7143312
5126,5.126,0.12304787,0.7501434
5127,5.127,0.11592217,0.8160068
5128,5.128,0.12375886,0.8132265
5129,5.129,0.11329646,0.80263233
5130,5.13,0.117804885,0.77259654
5131,5.131,0.12403745,0.76003754
5132,5.132,0.11859766,0.72004
5133,5.133,0.114672914,0.7519434
5134,5.134,0.12261459,0.73336977
5135,5.135,0.11920155,0.69421643
5136,5.136,0.120112196,0.76504594
5137,5.137,0.10625917,0.77103686
5138,5.138,0.09532435,0.76954246
5139,5.139,0.10725278,0.7821572
5140,5.14,0.1156602,0.73511434
5141,5.141,0.12171862,0.7498538
5142,5.142,0.12923421,0.7118631
5143,5.143,0.12860376,0.7286484
5144,5.144,0.13139804,0.7289672
5145,5.145,0.13754477,0.7582651
5146,5.146,0.1351199,0.70604545
5147,5.147,0.12697735,0.6926293
5148,5.148,0.13161933,0.7509499
5149,5.149,0.13290095,0.7662685
5150,5.15,0.14493214,0.73998284
5151,5.151,0.139837,0.76164913
5152,5.152,0.15188345,0.7026616
5153,5.153,0.13688876,0.77145153
5154,5.154,0.1378428,0.7858756
5155,5.155,0.14691804,0.7732689
5156,5.156,0.14686191,0.7809045
5157,5.157,0.15168117,0.78468204
5158,5.158,0.15833919,0.77524257
5159,5.159,0.14914297,0.7699471
5160,5.16,0.14683259,0.76465833
5161,5.161,0.16362652,0.78844184
5162,5.162,0.16487914,0.76894987
5163,5.163,0.13661115,0.73017615
5164,5.164,0.12952194,0.7026374
5165,5.165,0.12913421,0.77267545
5166,5.166,0.14032936,0.7783719
5167,5.167,0.13178937,0.7631044
5168,5.168,0.11314701,0.7599253
5169,5.169,0.12311486,0.71431094
5170,5.17,0.12199885,0.73452747
5171,5.171,0.115981065,0.74202967
5172,5.172,0.11308882,0.7891207
5173,5.173,0.11402238,0.8082368
5174,5.174,0.12751938,0.8224249
5175,5.175,0.13191584,0.77481717
5176,5.176,0.1610271,0.8074586
5177,5.177,0.15531078,0.81137383
5178,5.178,0.16091166,0.76092845
5179,5.179,0.15149243,0.75178945
5180,5.18,0.15684034,0.7721944
5181,5.181,0.14559247,0.7800643
5182,5.182,0.14481491,0.7645621
5183,5.183,0.14130023,0.7766262
5184,5.184,0.14131548,0.7585994
5185,5.185,0.14596471,0.782816
5186,5.186,0.14601782,0.7597618
5187,5.187,0.14259452,0.7973936
5188,5.188,0.1380658,0.78603345
5189,5.189,0.12740932,0.7857287
5190,5.19,0.13044167,0.8109588
5191,5.191,0.1324855,0.7827842
5192,5.192,0.15053171,0.82403255
5193,5.193,0.16411725,0.820623
5194,5.194,0.15820196,0.7975396
5195,5.195,0.17179587,0.8013371
5196,5.196,0.17286198,0.78150034
5197,5.197,0.17279363,0.77474874
5198,5.198,0.15194178,0.79249763
5199,5.199,0.14209312,0.78527635
5200,5.2,0.14386904,0.8447408
5201,5.201,0.15762337,0.80051214
5202,5.202,0.14165163,0.78007007
5203,5.203,0.14830232,0.8126089
5204,5.204,0.13694538,0.8203276
5205,5.205,0.14585087,0.8098382
5206,5.206,0.13632034,0.8080895
5207,5.207,0.13398816,0.8145122
5208,5.208,0.13920063,0.85401076
5209,5.209,0.1374763,0.82352954
5210,5.21,0.14823717,0.8372169
5211,5.211,0.14029515,0.82124436
5212,5.212,0.15249069,0.8447291
5213,5.213,0.15540068,0.8417172
5214,5.214,0.1507796,0.8464548
5215,5.215,0.15233769,0.8402752
5216,5.216,0.13780977,0.8309691
5217,5.217,0.14215286,0.8656941
5218,5.218,0.13895732,0.8532847
5219,5.219,0.14267993,0.8165462
5220,5.22,0.14082044,0.8144339
5221,5.221,0.14889647,0.8096401
5222,5.222,0.14321364,0.8320254
5223,5.223,0.15531157,0.81658095
5224,5.224,0.15619525,0.8606399
5225,5.225,0.1596017,0.76681155
5226,5.226,0.15621102,0.77240795
5227,5.227,0.16255018,0.8364174
5228,5.228,0.13891304,0.8062665
5229,5.229,0.13375974,0.76525617
5230,5.23,0.13533375,0.8242438
5231,5.231,0.13524097,0.78644496
5232,5.232,0.12678193,0.80513537
5233,5.233,0.1325231,0.8106084
5234,5.234,0.115564406,0.8222184
5235,5.235,0.12045798,0.786289
5236,5.236,0.1491244,0.80975544
5237,5.237,0.1610569,0.7999982
5238,5.238,0.17065641,0.804644
5239,5.239,0.1581615,0.7873145
5240,5.24,0.15161991,0.8290793
5241,5.241,0.14000057,0.8312715
5242,5.242,0.1223066,0.76128674
5243,5.243,0.1282761,0.778024
5244,5.244,0.12080735,0.76413864
5245,5.245,0.1326753,0.7827437
5246,5.246,0.13378918,0.74888486
5247,5.247,0.1340382,0.80572146
5248,5.248,0.1214337,0.7765619
5249,5.249,0.13135026,0.76813525
5250,5.25,0.12940978,0.7548256
5251,5.251,0.14296512,0.80512494
5252,5.252,0.13520913,0.76388854
5253,5.253,0.13162822,0.75820595
5254,5.254,0.13017346,0.7772351
5255,5.255,0.12671155,0.7664283
5256,5.256,0.13044354,0.7828417
5257,5.257,0.12931655,0.74421173
5258,5.258,0.13585739,0.774346
5259,5.259,0.12920374,0.7857954
5260,5.26,0.1260304,0.82272214
5261,5.261,0.1226482,0.77455825
5262,5.262,0.12265222,0.82076466
5263,5.263,0.12898403,0.7814327
5264,5.264,0.13018338,0.78530115
5265,5.265,0.13862306,0.7810081
5266,5.266,0.13470261,0.7918379
5267,5.267,0.13613878,0.7905362
5268,5.268,0.13329943,0.81480026
5269,5.269,0.13743334,0.77340394
5270,5.27,0.13672686,0.81569207
5271,5.271,0.1227144,0.80783546
5272,5.272,0.11372575,0.8297586
5273,5.273,0.123186804,0.7911277
5274,5.274,0.11438012,0.7860085
5275,5.275,0.12797405,0.76288587
5276,5.276,0.11674143,0.74710727
5277,5.277,0.12337695,0.7300447
5278,5.278,0.12617189,0.7660039
5279,5.279,0.11958187,0.77612275
5280,5.28,0.11535604,0.7319967
5281,5.281,0.11558517,0.7367859
5282,5.282,0.11916231,0.7944787
5283,5.283,0.12876967,0.7925598
5284,5.284,0.1395917,0.79291064
5285,5.285,0.13084103,0.7984902
5286,5.286,0.11815638,0.79183954
5287,5.287,0.1142768,0.8147294
5288,5.288,0.11925625,0.8303515
5289,5.289,0.120615706,0.80523896
5290,5.29,0.13197413,0.7865983
5291,5.291,0.12020487,0.78017884
5292,5.292,0.122108236,0.81215745
5293,5.293,0.12548587,0.844557
5294,5.294,0.136882,0.76902395
5295,5.295,0.13562213,0.7970136
5296,5.296,0.12785813,0.84500694
5297,5.297,0.12317182,0.821499
5298,5.298,0.12196152,0.7936916
5299,5.299,0.124002725,0.7972846
5300,5.3,0.12226535,0.831269
5301,5.301,0.12337845,0.7984939
5302,5.302,0.1268804,0.81491494
5303,5.303,0.1405668,0.8494055
5304,5.304,0.13741587,0.83635986
5305,5.305,0.12826219,0.8321315
5306,5.306,0.12444799,0.7992904
5307,5.307,0.119479954,0.79224366
5308,5.308,0.12649041,0.78363997
5309,5.309,0.110403545,0.80398273
5310,5.31,0.13073471,0.7765689
5311,5.311,0.12574203,0.7869725
5312,5.312,0.13306566,0.81492615
5313,5.313,0.12042477,0.7884746
5314,5.314,0.11387281,0.829985
5315,5.315,0.11883451,0.78841835
5316,5.316,0.13032226,0.8437971
5317,5.317,0.12595813,0.82180655
5318,5.318,0.11811785,0.83533114
5319,5.319,0.11344462,0.7984425
5320,5.32,0.115158,0.8566941
5321,5.321,0.11713814,0.83460903
5322,5.322,0.12067996,0.813342
5323,5.323,0.13569379,0.8570369
5324,5.324,0.12322925,0.8179368
5325,5.325,0.13385032,0.84560066
5326,5.326,0.15013921,0.8330719
5327,5.327,0.15022525,0.7886982
5328,5.328,0.13091813,0.8195118
5329,5.329,0.14325619,0.83782256
5330,5.33,0.15109877,0.82421863
5331,5.331,0.15294474,0.872119
5332,5.332,0.17118306,0.8410372
5333,5.333,0.149841,0.85339296
5334,5.334,0.16616492,0.8595618
5335,5.335,0.15987441,0.8447814
5336,5.336,0.17815,0.8552381
5337,5.337,0.17616306,0.83701384
5338,5.338,0.16235475,0.85787857
5339,5.339,0.17800695,0.82503915
5340,5.34,0.15579927,0.8513926
5341,5.341,0.16840044,0.8141
5342,5.342,0.1633597,0.8391423
5343,5.343,0.16446553,0.85977817
5344,5.344,0.14897785,0.84412575
5345,5.345,0.1624131,0.8403265
5346,5.346,0.14015694,0.81016684
5347,5.347,0.14274071,0.82329625
5348,5.348,0.15183443,0.8323565
5349,5.349,0.15211782,0.82459694
5350,5.35,0.15059341,0.81973505
5351,5.351,0.1527217,0.84710157
5352,5.352,0.15767644,0.84795475
5353,5.353,0.1536215,0.860539
5354,5.354,0.1589144,0.8266749
5355,5.355,0.14400284,0.8590335
5356,5.356,0.15320961,0.8741374
5357,5.357,0.15321764,0.84676874
5358,5.358,0.1523603,0.8524685
5359,5.359,0.14503992,0.8641634
5360,5.36,0.15742494,0.8126364
5361,5.361,0.14555486,0.81347555
5362,5.362,0.15259112,0.8337374
5363,5.363,0.15059014,0.80166
5364,5.364,0.1469955,0.7845691
5365,5.365,0.1423168,0.8473148
5366,5.366,0.12662946,0.8203748
5367,5.367,0.1235688,0.82089525
5368,5.368,0.13267113,0.8432428
5369,5.369,0.12653953,0.83935297
5370,5.37,0.11763084,0.82960683
5371,5.371,0.115483984,0.8194556
5372,5.372,0.12777196,0.8517827
5373,5.373,0.1334973,0.82347304
5374,5.374,0.13217631,0.82954764
5375,5.375,0.12780951,0.8454502
5376,5.376,0.12558731,0.83476263
5377,5.377,0.13594522,0.8364753
5378,5.378,0.123313606,0.78602785
5379,5.379,0.12467422,0.7690415
5380,5.38,0.12622552,0.78525823
5381,5.381,0.12052691,0.7997802
5382,5.382,0.11711135,0.83921784
5383,5.383,0.09908792,0.78347623
5384,5.384,0.1059501,0.76666653
5385,5.385,0.09793119,0.7810001
5386,5.386,0.09211336,0.7624561
5387,5.387,0.090602756,0.8017017
5388,5.388,0.094405316,0.72890764
5389,5.389,0.10226222,0.78250575
5390,5.39,0.0908618,0.7846714
5391,5.391,0.09760142,0.75979275
5392,5.392,0.086919904,0.79320097
5393,5.393,0.09383987,0.77115893
5394,5.394,0.09496998,0.7602072
5395,5.395,0.097076155,0.7632413
5396,5.396,0.09748473,0.770578
5397,5.397,0.08720541,0.79337263
5398,5.398,0.088866666,0.8070419
5399,5.399,0.09337056,0.7617578
5400,5.4,0.0864187,0.7892469
5401,5.401,0.08925148,0.76460075
5402,5.402,0.08384653,0.779931
5403,5.403,0.095773816,0.81293976
5404,5.404,0.10459768,0.81816214
5405,5.405,0.10037422,0.7852798
5406,5.406,0.11557079,0.79192513
5407,5.407,0.102073126,0.78179026
5408,5.408,0.11895353,0.7551215
5409,5.409,0.12677126,0.7292251
5410,5.41,0.13794185,0.7430685
5411,5.411,0.12821326,0.8050127
5412,5.412,0.10722639,0.8124737
5413,5.413,0.13717522,0.779715
5414,5.414,0.12425106,0.8192347
5415,5.415,0.117349625,0.8254447
5416,5.416,0.12861189,0.79178536
5417,5.417,0.13562894,0.78400403
5418,5.418,0.13923422,0.7188056
5419,5.419,0.13923997,0.7877616
5420,5.42,0.14208272,0.7963445
5421,5.421,0.134672,0.8078621
5422,5.422,0.12250063,0.81374365
5423,5.423,0.12724358,0.785573
5424,5.424,0.13691257,0.76377386
5425,5.425,0.1265692,0.7779669
5426,5.426,0.1404661,0.7960093
5427,5.427,0.12254582,0.79915154
5428,5.428,0.1168273,0.7822553
5429,5.429,0.11862463,0.7942053
5430,5.43,0.11986247,0.778423
5431,5.431,0.112656005,0.7298555
5432,5.432,0.12017723,0.7257499
5433,5.433,0.12522326,0.7305266
5434,5.434,0.1094571,0.7685796
5435,5.435,0.111720935,0.75926
5436,5.436,0.1408152,0.78944993
5437,5.437,0.11847256,0.7955538
5438,5.438,0.12829193,0.7941949
5439,5.439,0.13604927,0.79992175
5440,5.44,0.13553183,0.79134476
5441,5.441,0.12480148,0.7469163
5442,5.442,0.13972826,0.79232836
5443,5.443,0.12765923,0.7398865
5444,5.444,0.12243682,0.83171195
5445,5.445,0.117633455,0.8020839
5446,5.446,0.11631321,0.7770331
5447,5.447,0.13126451,0.7708269
5448,5.448,0.13505568,0.7562268
5449,5.449,0.13237864,0.7664936
5450,5.45,0.13808718,0.7881256
5451,5.451,0.14428072,0.7381463
5452,5.452,0.13941838,0.7954192
5453,5.453,0.14194842,0.77872056
5454,5.454,0.13679118,0.7550324
5455,5.455,0.15763897,0.7724628
5456,5.456,0.14989232,0.7714053
5457,5.457,0.16018698,0.81443113
5458,5.458,0.16003597,0.7753219
5459,5.459,0.15706104,0.8043324
5460,5.46,0.16028452,0.74959606
5461,5.461,0.14766744,0.80567396
5462,5.462,0.1381963,0.79169506
5463,5.463,0.14816535,0.76836777
5464,5.464,0.14200649,0.7913424
5465,5.465,0.14368717,0.7714098
5466,5.466,0.15770297,0.79718125
5467,5.467,0.15477823,0.8212727
5468,5.468,0.152954,0.7951055
5469,5.469,0.16241537,0.7967561
5470,5.47,0.17036414,0.8212457
5471,5.471,0.16542456,0.80452865
5472,5.472,0.17441364,0.7895987
5473,5.473,0.19554831,0.77854955
5474,5.474,0.17941919,0.779602
5475,5.475,0.17114353,0.79380524
5476,5.476,0.15886794,0.77660334
5477,5.477,0.16039579,0.78791
5478,5.478,0.15222861,0.8016405
5479,5.479,0.15340948,0.8018609
5480,5.48,0.15192315,0.83786
5481,5.481,0.15894498,0.81518286
5482,5.482,0.13932832,0.7715288
5483,5.483,0.14813377,0.7996545
5484,5.484,0.15349127,0.78079724
5485,5.485,0.1489985,0.7840459
5486,5.486,0.15618226,0.83755165
5487,5.487,0.1538684,0.78931135
5488,5.488,0.14495675,0.81125426
5489,5.489,0.14075664,0.78134304
5490,5.49,0.14509463,0.8055916
5491,5.491,0.12515102,0.78740096
5492,5.492,0.13306427,0.81322736
5493,5.493,0.13211344,0.8076227
5494,5.494,0.13152628,0.8203946
5495,5.495,0.12649626,0.8257215
5496,5.496,0.13399138,0.80751616
5497,5.497,0.13848184,0.81288785
5498,5.498,0.13723755,0.8024939
5499,5.499,0.14031927,0.7952589
5500,5.5,0.14281225,0.82660234
5501,5.501,0.13413548,0.8102249
5502,5.502,0.13008079,0.8075067
5503,5.503,0.1321926,0.7700065
5504,5.504,0.14000365,0.7809063
5505,5.505,0.13399321,0.749655
5506,5.506,0.12927182,0.776516
5507,5.507,0.1365215,0.77504534
5508,5.508,0.13054821,0.7813567
5509,5.509,0.13725728,0.81155896
5510,5.51,0.14186907,0.8283255
5511,5.511,0.13935171,0.80901945
5512,5.512,0.14080559,0.8350762
5513,5.513,0.14084272,0.82160795
5514,5.514,0.14432336,0.780822
5515,5.515,0.14891878,0.822376
5516,5.516,0.14518154,0.81904936
5517,5.517,0.16785516,0.79573566
5518,5.518,0.15794234,0.81255203
5519,5.519,0.15449733,0.83847153
5520,5.52,0.16413936,0.80475146
5521,5.521,0.15080082,0.82792914
5522,5.522,0.16078773,0.8614354
5523,5.523,0.1534576,0.8184438
5524,5.524,0.15561591,0.8464064
5525,5.525,0.14910872,0.82538223
5526,5.526,0.15635078,0.8454909
5527,5.527,0.15681836,0.8037508
5528,5.528,0.16300829,0.8220805
5529,5.529,0.17711051,0.8505436
5530,5.53,0.15215382,0.82546264
5531,5.531,0.1494574,0.837475
5532,5.532,0.14706036,0.8584253
5533,5.533,0.1442372,0.8346945
5534,5.534,0.14846817,0.83756727
5535,5.535,0.15249473,0.8175891
5536,5.536,0.15862453,0.8461365
5537,5.537,0.15437102,0.831274
5538,5.538,0.14647934,0.81370044
5539,5.539,0.15157567,0.8192278
5540,5.54,0.14438644,0.8561596
5541,5.541,0.1566912,0.8386025
5542,5.542,0.14488712,0.80808735
5543,5.543,0.13752864,0.7947371
5544,5.544,0.1366071,0.80696607
5545,5.545,0.13316366,0.8095388
5546,5.546,0.12631567,0.8176741
5547,5.547,0.13704194,0.8070762
5548,5.548,0.14196315,0.8545747
5549,5.549,0.13267298,0.8139258
5550,5.55,0.12123746,0.80490726
5551,5.551,0.13725413,0.7970939
5552,5.552,0.12766887,0.82797426
5553,5.553,0.14247495,0.8016785
5554,5.554,0.12978151,0.80058235
5555,5.555,0.13894978,0.78924084
5556,5.556,0.14499155,0.77100503
5557,5.557,0.14006121,0.76339346
5558,5.558,0.13739796,0.76896834
5559,5.559,0.1434283,0.78915024
5560,5.56,0.13629462,0.7780535
5561,5.561,0.15164061,0.77168524
5562,5.562,0.16510886,0.81699634
5563,5.563,0.16116956,0.8097627
5564,5.564,0.15016052,0.813253
5565,5.565,0.16069357,0.7753866
5566,5.566,0.15913996,0.8067328
5567,5.567,0.16017315,0.8137729
5568,5.568,0.15528622,0.8100924
5569,5.569,0.15626457,0.81667006
5570,5.57,0.15019535,0.7924543
5571,5.571,0.13074884,0.8127011
5572,5.572,0.13940734,0.8502242
5573,5.573,0.12532346,0.79706293
5574,5.574,0.121412925,0.78994745
5575,5.575,0.12907273,0.7887889
5576,5.576,0.121835336,0.7677293
5577,5.577,0.1307013,0.7367048
5578,5.578,0.13640065,0.8331367
5579,5.579,0.14311437,0.80583715
5580,5.58,0.13786066,0.78011787
5581,5.581,0.13406529,0.801795
5582,5.582,0.13062501,0.7809466
5583,5.583,0.13011625,0.8095772
5584,5.584,0.13218608,0.7524553
5585,5.585,0.14410108,0.79407245
5586,5.586,0.14769076,0.80657136
5587,5.587,0.13998388,0.79674804
5588,5.588,0.12855113,0.7815214
5589,5.589,0.123627044,0.7926801
5590,5.59,0.14431697,0.7753832
5591,5.591,0.1443272,0.75598425
5592,5.592,0.13659765,0.7795864
5593,5.593,0.13354291,0.8088808
5594,5.594,0.13448913,0.83248717
5595,5.595,0.13944264,0.79797393
5596,5.596,0.1391803,0.8115365
5597,5.597,0.14060706,0.7985502
5598,5.598,0.14603636,0.7878454
5599,5.599,0.16236499,0.7922021
5600,5.6,0.16302113,0.81756735
5601,5.601,0.1529536,0.78928137
5602,5.602,0.1485473,0.82846
5603,5.603,0.14776365,0.85475755
5604,5.604,0.15994328,0.85705304
5605,5.605,0.16426039,0.8266573
5606,5.606,0.166226,0.7926978
5607,5.607,0.15545334,0.8202396
5608,5.608,0.14665145,0.8043407
5609,5.609,0.14561613,0.8099178
5610,5.61,0.16546546,0.8431007
5611,5.611,0.1661538,0.88222754
5612,5.612,0.16106187,0.8621619
5613,5.613,0.14848848,0.8677913
5614,5.614,0.15789129,0.87286216
5615,5.615,0.1683639,0.8208978
5616,5.616,0.16899638,0.80144304
5617,5.617,0.18368956,0.8035225
5618,5.618,0.19121489,0.8019543
5619,5.619,0.17048363,0.8241949
5620,5.62,0.16553016,0.7968554
5621,5.621,0.18014507,0.81757444
5622,5.622,0.17960119,0.8171549
5623,5.623,0.17221296,0.81515175
5624,5.624,0.15899724,0.80204993
5625,5.625,0.16405424,0.8376778
5626,5.626,0.15705948,0.8472036
5627,5.627,0.16187274,0.84758985
5628,5.628,0.1745635,0.84080154
5629,5.629,0.16429035,0.8375693
5630,5.63,0.1674364,0.8230971
5631,5.631,0.15432478,0.8268968
5632,5.632,0.16806214,0.8231598
5633,5.633,0.19123451,0.872453
5634,5.634,0.17750749,0.8415359
5635,5.635,0.18592717,0.8434816
5636,5.636,0.19544287,0.79658467
5637,5.637,0.1703226,0.79990846
5638,5.638,0.18342443,0.8323674
5639,5.639,0.18789664,0.78131145
5640,5.64,0.19127442,0.87263495
5641,5.641,0.19620481,0.83061427
5642,5.642,0.19965158,0.81643647
5643,5.643,0.19670777,0.7953678
5644,5.644,0.1861732,0.84508353
5645,5.645,0.19485267,0.8502706
5646,5.646,0.19009377,0.8271406
5647,5.647,0.17279433,0.82489413
5648,5.648,0.17035294,0.83369464
5649,5.649,0.1816186,0.88117516
5650,5.65,0.1831505,0.9178322
5651,5.651,0.17388369,0.8701039
5652,5.652,0.20470095,0.86369777
5653,5.653,0.18424909,0.7925881
5654,5.654,0.17790496,0.83981335
5655,5.655,0.18138708,0.8534136
5656,5.656,0.18174899,0.8581641
5657,5.657,0.1801478,0.8408891
5658,5.658,0.19682504,0.840672
5659,5.659,0.18543243,0.8088725
5660,5.66,0.18898945,0.84672683
5661,5.661,0.19411395,0.8495322
5662,5.662,0.21176252,0.87935656
5663,5.663,0.18598738,0.85235846
5664,5.664,0.18953982,0.8535558
5665,5.665,0.18836987,0.8681619
5666,5.666,0.19517069,0.7769955
5667,5.667,0.2024332,0.8751173
5668,5.668,0.19678783,0.8853305
5669,5.669,0.20332119,0.85533935
5670,5.67,0.1947121,0.8549526
5671,5.671,0.20110886,0.8597059
5672,5.672,0.20176251,0.8447279
5673,5.673,0.20446156,0.8306288
5674,5.674,0.20083486,0.8277281
5675,5.675,0.18100882,0.8538679
5676,5.676,0.19478066,0.8319235
5677,5.677,0.19451608,0.829035
5678,5.678,0.1948915,0.84146553
5679,5.679,0.20527753,0.86744136
5680,5.68,0.18875,0.82407814
5681,5.681,0.20978716,0.8542147
5682,5.682,0.21065904,0.8238246
5683,5.683,0.21285132,0.82188267
5684,5.684,0.2141651,0.84781843
5685,5.685,0.21624304,0.8409341
5686,5.686,0.22763051,0.88740504
5687,5.687,0.21377288,0.8380302
5688,5.688,0.2217705,0.84600943
5689,5.689,0.21123976,0.83786356
5690,5.69,0.21485521,0.80401874
5691,5.691,0.21708645,0.7911512
5692,5.692,0.21532491,0.8127016
5693,5.693,0.20978218,0.85808796
5694,5.694,0.2052005,0.8777773
5695,5.695,0.20059974,0.8140078
5696,5.696,0.19298035,0.78464675
5697,5.697,0.20594366,0.8378515
5698,5.698,0.18919346,0.7795613
5699,5.699,0.19622833,0.81312335
5700,5.7,0.19774225,0.8462816
5701,5.701,0.19457237,0.85437924
5702,5.702,0.19381896,0.81260127
5703,5.703,0.20306775,0.8071406
5704,5.704,0.18613817,0.7888856
5705,5.705,0.19479644,0.7887063
5706,5.706,0.1863245,0.8398112
5707,5.707,0.19561689,0.8352663
5708,5.708,0.19494231,0.7574405
5709,5.709,0.19695815,0.79445934
5710,5.71,0.20766182,0.79616916
5711,5.711,0.22082046,0.79973334
5712,5.712,0.2283179,0.8199549
5713,5.713,0.21565896,0.78011346
5714,5.714,0.21009988,0.78577244
5715,5.715,0.2101312,0.80680275
5716,5.716,0.22153343,0.8084868
5717,5.717,0.2030235,0.7974499
5718,5.718,0.22036944,0.8164771
5719,5.719,0.20561954,0.78630954
5720,5.72,0.18882138,0.8029144
5721,5.721,0.19563136,0.78418887
5722,5.722,0.19992168,0.7798132
5723,5.723,0.19332023,0.8014105
5724,5.724,0.19733486,0.8128765
5725,5.725,0.18512526,0.79823816
5726,5.726,0.1738989,0.81351614
5727,5.727,0.18546131,0.78974
5728,5.728,0.19708307,0.7817222
5729,5.729,0.17908728,0.80548865
5730,5.73,0.17504817,0.80518544
5731,5.731,0.18167517,0.81943136
5732,5.732,0.17832226,0.8575933
5733,5.733,0.19136639,0.8007041
5734,5.734,0.1849344,0.81038564
5735,5.735,0.20224832,0.8085745
5736,5.736,0.18607932,0.81171393
5737,5.737,0.17422834,0.79913676
5738,5.738,0.18044026,0.82139945
5739,5.739,0.17563207,0.83235025
5740,5.74,0.16745478,0.7700987
5741,5.741,0.16541265,0.78469783
5742,5.742,0.15628779,0.7815428
5743,5.743,0.15447542,0.76887447
5744,5.744,0.15950221,0.7499185
5745,5.745,0.16463754,0.7387525
5746,5.746,0.15240029,0.8311639
5747,5.747,0.17326833,0.8217314
5748,5.748,0.15054233,0.8249681
5749,5.749,0.15848756,0.85395163
5750,5.75,0.15677206,0.8476394
5751,5.751,0.16913904,0.8376813
5752,5.752,0.16243394,0.8172033
5753,5.753,0.15616098,0.79712313
5754,5.754,0.13391742,0.79374045
5755,5.755,0.1331327,0.78771824
5756,5.756,0.12606993,0.8118463
5757,5.757,0.1432042,0.833183
5758,5.758,0.14363962,0.8488445
5759,5.759,0.14471972,0.8275548
5760,5.76,0.13792491,0.82038367
5761,5.761,0.14280191,0.84292865
5762,5.762,0.13370775,0.8444948
5763,5.763,0.14117783,0.8399748
5764,5.764,0.14202079,0.8272543
5765,5.765,0.15781178,0.8367397
5766,5.766,0.14277089,0.8404343
5767,5.767,0.14644572,0.82012427
5768,5.768,0.14594027,0.8352022
5769,5.769,0.14595334,0.810179
5770,5.77,0.13147855,0.8136337
5771,5.771,0.13245252,0.8139893
5772,5.772,0.13396336,0.8343581
5773,5.773,0.14856511,0.82434326
5774,5.774,0.14120746,0.81883436
5775,5.775,0.13893385,0.8121017
5776,5.776,0.12706648,0.7826678
5777,5.777,0.12281815,0.82044065
5778,5.778,0.12440596,0.8559033
5779,5.779,0.12637119,0.81620216
5780,5.78,0.14112115,0.8514205
5781,5.781,0.12895493,0.82259893
5782,5.782,0.12639795,0.81562674
5783,5.783,0.13162307,0.80038786
5784,5.784,0.13594295,0.78177875
5785,5.785,0.13634652,0.75888956
5786,5.786,0.13704643,0.769182
5787,5.787,0.12825595,0.7579487
5788,5.788,0.14650202,0.8219529
5789,5.789,0.15192436,0.8104711
5790,5.79,0.1457289,0.83561385
5791,5.791,0.1482853,0.81685483
5792,5.792,0.15034439,0.829842
5793,5.793,0.14753988,0.80474865
5794,5.794,0.1356253,0.83691967
5795,5.795,0.13983083,0.83765334
5796,5.796,0.13232379,0.8169485
5797,5.797,0.1275956,0.8251524
5798,5.798,0.14822637,0.7991163
5799,5.799,0.14454445,0.7843342
5800,5.8,0.1543794,0.86192936
5801,5.801,0.1555831,0.81062216
5802,5.802,0.15796882,0.80633634
5803,5.803,0.1463621,0.8173984
5804,5.804,0.13266325,0.8021841
5805,5.805,0.13402076,0.7871822
5806,5.806,0.15606442,0.81555885
5807,5.807,0.1497383,0.82454115
5808,5.808,0.15073389,0.80642676
5809,5.809,0.13488017,0.79990137
5810,5.81,0.14788644,0.81476414
5811,5.811,0.14952448,0.78651863
5812,5.812,0.13654448,0.8377909
5813,5.813,0.12560152,0.7970671
5814,5.814,0.13373443,0.8090654
5815,5.815,0.13363318,0.8329111
5816,5.816,0.1324971,0.82646525
5817,5.817,0.1291604,0.80482143
5818,5.818,0.14502083,0.8106378
5819,5.819,0.15336415,0.81984526
5820,5.82,0.15157932,0.81277704
5821,5.821,0.16028911,0.82595766
5822,5.822,0.15227063,0.7874133
5823,5.823,0.14762285,0.81079483
5824,5.824,0.14162643,0.8268839
5825,5.825,0.14996988,0.8290258
5826,5.826,0.1576542,0.8533342
5827,5.827,0.15447661,0.7922218
5828,5.828,0.16055875,0.84047717
5829,5.829,0.1623737,0.8382146
5830,5.83,0.18103872,0.80352193
5831,5.831,0.17521435,0.8470267
5832,5.832,0.18214025,0.8774609
5833,5.833,0.18286642,0.85597634
5834,5.834,0.17544456,0.857747
5835,5.835,0.1933422,0.8333529
5836,5.836,0.18969493,0.87773263
5837,5.837,0.18581726,0.8373951
5838,5.838,0.18876825,0.87094426
5839,5.839,0.18876761,0.83010215
5840,5.84,0.18871675,0.80553174
5841,5.841,0.17874303,0.83665097
5842,5.842,0.16768976,0.8328994
5843,5.843,0.1544543,0.8494334
5844,5.844,0.15163574,0.77789414
5845,5.845,0.15059137,0.81797767
5846,5.846,0.17508683,0.82595366
5847,5.847,0.15928875,0.8163089
5848,5.848,0.1536339,0.7927222
5849,5.849,0.1431221,0.8305704
5850,5.85,0.13961947,0.80807865
5851,5.851,0.13083117,0.8477441
5852,5.852,0.13312206,0.8512613
5853,5.853,0.13075496,0.7700699
5854,5.854,0.13544463,0.7863699
5855,5.855,0.12369421,0.83932567
5856,5.856,0.13964282,0.8228627
5857,5.857,0.1403355,0.8092713
5858,5.858,0.12777244,0.8261575
5859,5.859,0.14099728,0.8636356
5860,5.86,0.13557312,0.85071105
5861,5.861,0.13243718,0.8241023
5862,5.862,0.1265478,0.8185065
5863,5.863,0.13915466,0.83481914
5864,5.864,0.1342116,0.8126247
5865,5.865,0.12003687,0.83382696
5866,5.866,0.13003017,0.7995927
5867,5.867,0.12596545,0.8186851
5868,5.868,0.12713377,0.7722494
5869,5.869,0.13447174,0.77857137
5870,5.87,0.13797665,0.82894003
5871,5.871,0.12930419,0.83659106
5872,5.872,0.11957724,0.8170667
5873,5.873,0.12731029,0.79009706
5874,5.874,0.11495853,0.8205695
5875,5.875,0.12521197,0.8023135
5876,5.876,0.11476623,0.84525734
5877,5.877,0.12274098,0.83518255
5878,5.878,0.12562895,0.82444847
5879,5.879,0.13152392,0.8063164
5880,5.88,0.12625672,0.8085655
5881,5.881,0.13948543,0.8147813
5882,5.882,0.13990562,0.81927544
5883,5.883,0.13216373,0.85022104
5884,5.884,0.12487393,0.8512078
5885,5.885,0.117737494,0.83702767
5886,5.886,0.13038787,0.852304
5887,5.887,0.13008931,0.83622354
5888,5.888,0.13222982,0.84643877
5889,5.889,0.13762167,0.8466617
5890,5.89,0.13820566,0.84365356
5891,5.891,0.13950263,0.82181555
5892,5.892,0.13183185,0.8159937
5893,5.893,0.122721925,0.80690384
5894,5.894,0.12646511,0.8428814
5895,5.895,0.12762934,0.8101809
5896,5.896,0.12694198,0.7996115
5897,5.897,0.13119371,0.8329701
5898,5.898,0.13466285,0.7575243
5899,5.899,0.1294112,0.84839565
5900,5.9,0.1352205,0.85825133
5901,5.901,0.13280323,0.8030517
5902,5.902,0.13470626,0.8329272
5903,5.903,0.12723634,0.82085615
5904,5.904,0.13077143,0.808127
5905,5.905,0.13623412,0.8032592
5906,5.906,0.13509166,0.79866755
5907,5.907,0.14368846,0.81412786
5908,5.908,0.13605832,0.81351364
5909,5.909,0.13295557,0.78954715
5910,5.91,0.12865447,0.77842414
5911,5.911,0.13739213,0.8010607
5912,5.912,0.14411132,0.78259903
5913,5.913,0.13687663,0.82814044
5914,5.914,0.12505512,0.8590166
5915,5.915,0.118897654,0.8192113
5916,5.916,0.11311329,0.8554993
5917,5.917,0.10739839,0.8166622
5918,5.918,0.10874936,0.7946459
5919,5.919,0.112630874,0.83942574
5920,5.92,0.11452742,0.8002542
5921,5.921,0.11995483,0.8141648
5922,5.922,0.12897305,0.81980664
5923,5.923,0.13556994,0.7781384
5924,5.924,0.13856268,0.78595555
5925,5.925,0.13275968,0.7973274
5926,5.926,0.13861951,0.801046
5927,5.927,0.14597441,0.81586
5928,5.928,0.14374839,0.8048805
5929,5.929,0.1397472,0.8031595
5930,5.93,0.13230658,0.80932736
5931,5.931,0.1337418,0.83060503
5932,5.932,0.13141441,0.7848775
5933,5.933,0.1315319,0.8129785
5934,5.934,0.13331188,0.8410934
5935,5.935,0.13032605,0.8238471
5936,5.936,0.11728616,0.8342288
5937,5.937,0.11353353,0.8082678
5938,5.938,0.10561158,0.81701905
5939,5.939,0.10991594,0.8348351
5940,5.94,0.11509974,0.8592337
5941,5.941,0.12485964,0.83106554
5942,5.942,0.11649767,0.8189463
5943,5.943,0.11908536,0.80162597
5944,5.944,0.11635393,0.8136342
5945,5.945,0.116256066,0.7898319
5946,5.946,0.122009434,0.77194995
5947,5.947,0.12407415,0.76594603
5948,5.948,0.11563945,0.7585805
5949,5.949,0.12788844,0.79227453
5950,5.95,0.13538966,0.7784962
5951,5.951,0.13277914,0.7984864
5952,5.952,0.13825819,0.79064953
5953,5.953,0.13606916,0.77655977
5954,5.954,0.13901132,0.79352325
5955,5.955,0.13384712,0.7985777
5956,5.956,0.13279119,0.78248996
5957,5.957,0.12051568,0.8021521
5958,5.958,0.11558517,0.8145155
5959,5.959,0.10899407,0.77044076
5960,5.96,0.11661962,0.82115966
5961,5.961,0.11807616,0.8064437
5962,5.962,0.10728375,0.7908977
5963,5.963,0.11768156,0.806486
5964,5.964,0.13321309,0.8513413
5965,5.965,0.14717788,0.8216117
5966,5.966,0.14021093,0.8200403
5967,5.967,0.13554545,0.77534294
5968,5.968,0.1350616,0.8199992
5969,5.969,0.13290188,0.7859376
5970,5.97,0.14384039,0.83388627
5971,5.971,0.14244471,0.78856856
5972,5.972,0.1465398,0.82432836
5973,5.973,0.14940758,0.8186022
5974,5.974,0.15771428,0.82018346
5975,5.975,0.14829858,0.7672649
5976,5.976,0.16014549,0.8304443
5977,5.977,0.15794468,0.80953175
5978,5.978,0.16021079,0.78896254
5979,5.979,0.15547036,0.7852376
5980,5.98,0.14723012,0.7789873
5981,5.981,0.1468728,0.7847154
5982,5.982,0.18306348,0.83286804
5983,5.983,0.17492616,0.83293045
5984,5.984,0.16647086,0.79303443
5985,5.985,0.1636269,0.7978789
5986,5.986,0.17609215,0.7275657
5987,5.987,0.15505703,0.7823262
5988,5.988,0.14909552,0.7574295
5989,5.989,0.14847563,0.7956983
5990,5.99,0.14222339,0.78837436
5991,5.991,0.14707583,0.79423267
5992,5.992,0.15365472,0.7876928
5993,5.993,0.16285989,0.78386676
5994,5.994,0.1712269,0.7908767
5995,5.995,0.1608436,0.7734987
5996,5.996,0.16137977,0.80194044
5997,5.997,0.15447581,0.7935066
5998,5.998,0.15624724,0.77766633
5999,5.999,0.14874806,0.8266121
6000,6.0,0.14299437,0.7857496
6001,6.001,0.15726735,0.7695148
6002,6.002,0.16356184,0.8298381
6003,6.003,0.16790207,0.82702327
6004,6.004,0.19510101,0.7551915
6005,6.005,0.19968979,0.8088098
6006,6.006,0.19246379,0.8126647
6007,6.007,0.18320459,0.78269243
6008,6.008,0.17345962,0.79855865
6009,6.009,0.16093537,0.80439425
6010,6.01,0.16460015,0.8015145
6011,6.011,0.15306056,0.82713366
6012,6.012,0.16319917,0.8169525
6013,6.013,0.15825096,0.8335012
6014,6.014,0.15941115,0.7872079
6015,6.015,0.15579413,0.80310297
6016,6.016,0.15576687,0.82100594
6017,6.017,0.16683488,0.8167778
6018,6.018,0.16417085,0.76030445
6019,6.019,0.16960548,0.79629785
6020,6.02,0.1573229,0.8101805
6021,6.021,0.15518436,0.83618295
6022,6.022,0.16039081,0.79668367
6023,6.023,0.1682491,0.84679055
6024,6.024,0.17408101,0.82532984
6025,6.025,0.15396595,0.8294365
6026,6.026,0.14912356,0.79571646
6027,6.027,0.14752111,0.83135086
6028,6.028,0.15247212,0.81351185
6029,6.029,0.17005037,0.8051913
6030,6.03,0.18297103,0.81504995
6031,6.031,0.17971043,0.8094163
6032,6.032,0.18317504,0.8450221
6033,6.033,0.1691765,0.76905644
6034,6.034,0.1687231,0.8103245
6035,6.035,0.17918722,0.8065181
6036,6.036,0.18375756,0.7804357
6037,6.037,0.16291428,0.798058
6038,6.038,0.17380618,0.7666802
6039,6.039,0.15833996,0.7974669
6040,6.04,0.16309093,0.78508943
6041,6.041,0.15299703,0.83093184
6042,6.042,0.16168106,0.8071485
6043,6.043,0.13725637,0.8029217
6044,6.044,0.15161464,0.8124579
6045,6.045,0.15972348,0.77304316
6046,6.046,0.16568768,0.80002904
6047,6.047,0.1586063,0.85323083
6048,6.048,0.15077838,0.7881365
6049,6.049,0.16787532,0.8248211
6050,6.05,0.1598132,0.8328466
6051,6.051,0.16347001,0.7958855
6052,6.052,0.17557357,0.87622184
6053,6.053,0.1824221,0.8064183
6054,6.054,0.16767839,0.8419742
6055,6.055,0.15081184,0.8218711
6056,6.056,0.1540151,0.810117
6057,6.057,0.14270969,0.81313366
6058,6.058,0.14408101,0.8057602
6059,6.059,0.14386562,0.81311303
6060,6.06,0.13990122,0.83905005
6061,6.061,0.14208402,0.8372083
6062,6.062,0.1581226,0.8543257
6063,6.063,0.15059668,0.8697068
6064,6.064,0.14570694,0.8547065
6065,6.065,0.15523787,0.82275647
6066,6.066,0.15920182,0.8224308
6067,6.067,0.16617861,0.8243876
6068,6.068,0.15999712,0.7962959
6069,6.069,0.17889582,0.825276
6070,6.07,0.19139725,0.8130502
6071,6.071,0.17947714,0.8335121
6072,6.072,0.17118163,0.8718202
6073,6.073,0.16024458,0.82849956
6074,6.074,0.16346437,0.8155079
6075,6.075,0.15024942,0.81416893
6076,6.076,0.15523271,0.8092256
6077,6.077,0.14554681,0.81014127
6078,6.078,0.12911086,0.825095
6079,6.079,0.13293798,0.7849878
6080,6.08,0.13133949,0.8156536
6081,6.081,0.11798859,0.8267714
6082,6.082,0.12733252,0.8285899
6083,6.083,0.13987306,0.8072811
6084,6.084,0.13151644,0.81000525
6085,6.085,0.13914846,0.8043217
6086,6.086,0.13585375,0.81817293
6087,6.087,0.13644665,0.82016855
6088,6.088,0.13141769,0.81840986
6089,6.089,0.13401662,0.8492729
6090,6.09,0.14113554,0.8070145
6091,6.091,0.1399087,0.79489785
6092,6.092,0.16804163,0.85715
6093,6.093,0.15073185,0.83309036
6094,6.094,0.14143994,0.85315174
6095,6.095,0.14533699,0.811826
6096,6.096,0.13178985,0.82595897
6097,6.097,0.14740136,0.85764366
6098,6.098,0.15309873,0.88481075
6099,6.099,0.14862764,0.82957965
6100,6.1,0.16523401,0.8393053
6101,6.101,0.14734834,0.8747643
6102,6.102,0.1437852,0.83905643
6103,6.103,0.13599001,0.8005421
6104,6.104,0.1506947,0.80107623
6105,6.105,0.13815935,0.8306507
6106,6.106,0.13805243,0.8255383
6107,6.107,0.13349131,0.8114123
6108,6.108,0.11020888,0.7964426
6109,6.109,0.11826309,0.80797386
6110,6.11,0.11914734,0.80367124
6111,6.111,0.12443315,0.8043358
6112,6.112,0.1310196,0.7760423
6113,6.113,0.14220436,0.79445755
6114,6.114,0.12800482,0.8073381
6115,6.115,0.13417308,0.7613941
6116,6.116,0.13557404,0.7799061
6117,6.117,0.12335451,0.7732775
6118,6.118,0.13901797,0.7724529
6119,6.119,0.13162214,0.77420855
6120,6.12,0.14277218,0.7716993
6121,6.121,0.14112334,0.78439057
6122,6.122,0.14158037,0.7763054
6123,6.123,0.12965155,0.7867544
6124,6.124,0.13123357,0.77699894
6125,6.125,0.124155946,0.76965886
6126,6.126,0.11909362,0.81675047
6127,6.127,0.12110595,0.7589322
6128,6.128,0.11753142,0.772925
6129,6.129,0.13743064,0.8080838
6130,6.13,0.117098734,0.7911025
6131,6.131,0.119142175,0.760844
6132,6.132,0.12408605,0.7441047
6133,6.133,0.11851722,0.8034677
6134,6.134,0.10987675,0.78541964
6135,6.135,0.1058583,0.7833322
6136,6.136,0.10757698,0.8247166
6137,6.137,0.11230318,0.82869506
6138,6.138,0.113926835,0.8387174
6139,6.139,0.11202891,0.82040083
6140,6.14,0.109709196,0.82012224
6141,6.141,0.11592535,0.7969277
6142,6.142,0.11368842,0.8047289
6143,6.143,0.11409575,0.8094375
6144,6.144,0.110969976,0.8063078
6145,6.145,0.122341305,0.7976917
6146,6.146,0.122377515,0.80405635
6147,6.147,0.11379444,0.817464
6148,6.148,0.112312496,0.8277328
6149,6.149,0.12529892,0.8538703
6150,6.15,0.12756184,0.84074837
6151,6.151,0.13388388,0.82797194
6152,6.152,0.1181543,0.8138052
6153,6.153,0.12451224,0.8650743
6154,6.154,0.13148323,0.85106444
6155,6.155,0.13574184,0.83022875
6156,6.156,0.12197716,0.8300679
6157,6.157,0.12018338,0.8160234
6158,6.158,0.12115928,0.8205343
6159,6.159,0.13058732,0.842927
6160,6.16,0.13297732,0.84512055
6161,6.161,0.12839451,0.8235354
6162,6.162,0.11548771,0.8370558
6163,6.163,0.11564477,0.8440412
6164,6.164,0.13835427,0.8662224
6165,6.165,0.13138914,0.82657456
6166,6.166,0.12398387,0.8338976
6167,6.167,0.1280173,0.8430449
6168,6.168,0.13774547,0.83386606
6169,6.169,0.13059486,0.8399781
6170,6.17,0.12888381,0.8436324
6171,6.171,0.13455865,0.8590144
6172,6.172,0.12555254,0.83444554
6173,6.173,0.12317232,0.79877746
6174,6.174,0.12516183,0.8449078
6175,6.175,0.14281526,0.84857315
6176,6.176,0.14867938,0.87108576
6177,6.177,0.1350607,0.8561165
6178,6.178,0.12903315,0.8215441
6179,6.179,0.13240188,0.80045503
6180,6.18,0.13651879,0.8388738
6181,6.181,0.1458399,0.8325446
6182,6.182,0.14497331,0.81354284
6183,6.183,0.14926833,0.80256367
6184,6.184,0.1444708,0.7700665
6185,6.185,0.15356421,0.79925174
6186,6.186,0.15570761,0.80272704
6187,6.187,0.1563791,0.80222446
6188,6.188,0.14197096,0.75586295
6189,6.189,0.14965652,0.76881665
6190,6.19,0.14489733,0.7722
6191,6.191,0.12949343,0.7725548
6192,6.192,0.1299729,0.7866792
6193,6.193,0.14574113,0.805749
6194,6.194,0.14647219,0.7958818
6195,6.195,0.14666069,0.8330046
6196,6.196,0.15057461,0.83479726
6197,6.197,0.15983668,0.86577696
6198,6.198,0.14901088,0.80934876
6199,6.199,0.15927021,0.8068889
6200,6.2,0.15861872,0.8436228
6201,6.201,0.15148471,0.8448868
6202,6.202,0.15899917,0.82355756
6203,6.203,0.17424741,0.81298274
6204,6.204,0.1586478,0.8371653
6205,6.205,0.16086501,0.8568994
6206,6.206,0.17262334,0.8417051
6207,6.207,0.16423455,0.8376792
6208,6.208,0.17545578,0.8460979
6209,6.209,0.15625355,0.8364889
6210,6.21,0.15948021,0.8597871
6211,6.211,0.14837697,0.8488727
6212,6.212,0.13965516,0.8398187
6213,6.213,0.14790307,0.8259121
6214,6.214,0.13794453,0.8046632
6215,6.215,0.14175497,0.8283771
6216,6.216,0.14971283,0.8255728
6217,6.217,0.14794217,0.842841
6218,6.218,0.15060158,0.8241559
6219,6.219,0.14545928,0.79912096
6220,6.22,0.14951009,0.82125366
6221,6.221,0.15476868,0.7993781
6222,6.222,0.14846982,0.8204809
6223,6.223,0.14482893,0.7857515
6224,6.224,0.15180038,0.7763151
6225,6.225,0.14967541,0.77270234
6226,6.226,0.14621362,0.7893041
6227,6.227,0.14247149,0.8306998
6228,6.228,0.15620668,0.8162136
6229,6.229,0.1452739,0.8174559
6230,6.23,0.14214636,0.79705393
6231,6.231,0.14556837,0.82552016
6232,6.232,0.13694808,0.8295482
6233,6.233,0.1300983,0.822141
6234,6.234,0.13591263,0.82077897
6235,6.235,0.15010683,0.8544478
6236,6.236,0.14037451,0.8294039
6237,6.237,0.16966097,0.831727
6238,6.238,0.16941346,0.80178183
6239,6.239,0.16491608,0.848549
6240,6.24,0.17830569,0.7813851
6241,6.241,0.1929966,0.82667387
6242,6.242,0.17625664,0.8406243
6243,6.243,0.17676416,0.80940336
6244,6.244,0.1683354,0.8374376
6245,6.245,0.1612829,0.8067691
6246,6.246,0.165288,0.837869
6247,6.247,0.16422218,0.8228304
6248,6.248,0.1740096,0.8235389
6249,6.249,0.17180052,0.8428709
6250,6.25,0.17496029,0.8610744
6251,6.251,0.17182738,0.8494841
6252,6.252,0.16485041,0.8568896
6253,6.253,0.16389027,0.85689235
6254,6.254,0.17156292,0.85503453
6255,6.255,0.16792442,0.87310684
6256,6.256,0.18479261,0.8863075
6257,6.257,0.17460684,0.9080781
6258,6.258,0.1816281,0.8570389
6259,6.259,0.17460191,0.8545765
6260,6.26,0.17656878,0.8807285
6261,6.261,0.15862685,0.8342728
6262,6.262,0.15854926,0.8701445
6263,6.263,0.16189326,0.84199405
6264,6.264,0.16051659,0.8329936
6265,6.265,0.1637701,0.86233205
6266,6.266,0.16975306,0.84109926
6267,6.267,0.16401748,0.8561103
6268,6.268,0.17084128,0.84517235
6269,6.269,0.17513321,0.84581494
6270,6.27,0.17255488,0.861269
6271,6.271,0.16599709,0.8407319
6272,6.272,0.15070368,0.82134604
6273,6.273,0.15816851,0.8233684
6274,6.274,0.15825601,0.7993232
6275,6.275,0.15075593,0.841651
6276,6.276,0.1537308,0.8170586
6277,6.277,0.15115781,0.81490636
6278,6.278,0.16758113,0.78718686
6279,6.279,0.17279397,0.78898627
6280,6.28,0.16247371,0.8475768
6281,6.281,0.1587366,0.8229087
6282,6.282,0.157128,0.8629045
6283,6.283,0.16009477,0.8377812
6284,6.284,0.16062464,0.79936093
6285,6.285,0.1671072,0.83775276
6286,6.286,0.1503984,0.81717056
6287,6.287,0.16288747,0.8243753
6288,6.288,0.16512972,0.83033687
6289,6.289,0.15989211,0.8215511
6290,6.29,0.16301057,0.8106756
6291,6.291,0.17043382,0.8301666
6292,6.292,0.16104315,0.8340806
6293,6.293,0.15988557,0.8397641
6294,6.294,0.15861678,0.8181101
6295,6.295,0.1498533,0.8158358
6296,6.296,0.1464369,0.7983865
6297,6.297,0.12936841,0.8020111
6298,6.298,0.12238606,0.7963126
6299,6.299,0.12484486,0.78953415
6300,6.3,0.13721782,0.7849931
6301,6.301,0.13350005,0.7949227
6302,6.302,0.13194194,0.81482375
6303,6.303,0.13369395,0.79990244
6304,6.304,0.12853293,0.79510665
6305,6.305,0.1278047,0.78155035
6306,6.306,0.1279298,0.7787287
6307,6.307,0.12921518,0.81980133
6308,6.308,0.1387464,0.81077915
6309,6.309,0.14525017,0.82390636
6310,6.31,0.15647902,0.7983246
6311,6.311,0.15393357,0.83296394
6312,6.312,0.1505362,0.82942027
6313,6.313,0.16080764,0.82716477
6314,6.314,0.16076821,0.80813533
6315,6.315,0.16097589,0.82544065
6316,6.316,0.17133145,0.8512425
6317,6.317,0.16159505,0.8323944
6318,6.318,0.16081184,0.8368137
6319,6.319,0.16611715,0.8656028
6320,6.32,0.15790221,0.81712127
6321,6.321,0.14794841,0.80634075
6322,6.322,0.14509633,0.82198554
6323,6.323,0.1459702,0.79566735
6324,6.324,0.14470866,0.7916296
6325,6.325,0.14282475,0.8144673
6326,6.326,0.14232719,0.7750926
6327,6.327,0.15209477,0.7907546
6328,6.328,0.123127356,0.78488487
6329,6.329,0.120337375,0.7678246
6330,6.33,0.12888047,0.7673659
6331,6.331,0.14392121,0.8095277
6332,6.332,0.14724725,0.8045683
6333,6.333,0.1591821,0.7924469
6334,6.334,0.13991573,0.8155455
6335,6.335,0.16415998,0.82840395
6336,6.336,0.15777747,0.8355547
6337,6.337,0.15531434,0.834784
6338,6.338,0.15994366,0.8146203
6339,6.339,0.15164669,0.7978963
6340,6.34,0.1505697,0.7822859
6341,6.341,0.14633855,0.81349
6342,6.342,0.15142094,0.80529326
6343,6.343,0.1499391,0.8125358
6344,6.344,0.14772034,0.79221696
6345,6.345,0.14828198,0.800308
6346,6.346,0.16217501,0.80149764
6347,6.347,0.16855928,0.8101423
6348,6.348,0.17536001,0.81110245
6349,6.349,0.1719795,0.79863197
6350,6.35,0.17773783,0.78051436
6351,6.351,0.16029909,0.83904845
6352,6.352,0.15820779,0.7974973
6353,6.353,0.16868736,0.8123417
6354,6.354,0.1702019,0.8254805
6355,6.355,0.14554639,0.8141938
6356,6.356,0.15768503,0.7931555
6357,6.357,0.14737172,0.7881904
6358,6.358,0.15847786,0.82161534
6359,6.359,0.15082815,0.8183243
6360,6.36,0.13788967,0.78450215
6361,6.361,0.14851582,0.7821449
6362,6.362,0.14200953,0.80686754
6363,6.363,0.14137381,0.7738162
6364,6.364,0.15289807,0.81462514
6365,6.365,0.15564913,0.83502084
6366,6.366,0.15997943,0.80384934
6367,6.367,0.14691804,0.8152448
6368,6.368,0.1436649,0.8234498
6369,6.369,0.13390549,0.83653045
6370,6.37,0.13592982,0.8377445
6371,6.371,0.14882621,0.8317911
6372,6.372,0.14363621,0.7784106
6373,6.373,0.12859371,0.82235456
6374,6.374,0.114441425,0.78766775
6375,6.375,0.13426477,0.82358915
6376,6.376,0.12991135,0.8414714
6377,6.377,0.12479457,0.82683676
6378,6.378,0.11902179,0.80131024
6379,6.379,0.12712699,0.84208727
6380,6.38,0.14590949,0.8093949
6381,6.381,0.14171027,0.84304106
6382,6.382,0.14679152,0.8234778
6383,6.383,0.15104543,0.8299556
6384,6.384,0.15392879,0.86030704
6385,6.385,0.16894394,0.8253049
6386,6.386,0.16072382,0.82064116
6387,6.387,0.1593795,0.86026305
6388,6.388,0.15815295,0.8269261
6389,6.389,0.15378602,0.8053331
6390,6.39,0.1532337,0.8412829
6391,6.391,0.15039226,0.8308876
6392,6.392,0.16325459,0.82497245
6393,6.393,0.16048859,0.8095259
6394,6.394,0.14866322,0.80720556
6395,6.395,0.15160652,0.8276592
6396,6.396,0.1494574,0.8099384
6397,6.397,0.15664406,0.85132784
6398,6.398,0.14984715,0.85301983
6399,6.399,0.1463415,0.86128294
6400,6.4,0.15907268,0.8522303
6401,6.401,0.15184659,0.8195679
6402,6.402,0.16253959,0.8232774
6403,6.403,0.14852576,0.81831515
6404,6.404,0.14459892,0.8277
6405,6.405,0.14470229,0.8212019
6406,6.406,0.13821457,0.8122217
6407,6.407,0.1465503,0.8272741
6408,6.408,0.13889398,0.80333394
6409,6.409,0.13913034,0.85804117
6410,6.41,0.14264198,0.8481343
6411,6.411,0.13312808,0.8365889
6412,6.412,0.16039388,0.7708731
6413,6.413,0.15810782,0.8636325
6414,6.414,0.1585221,0.8240136
6415,6.415,0.15847668,0.84080935
6416,6.416,0.1700945,0.84369826
6417,6.417,0.16984437,0.80588984
6418,6.418,0.16246803,0.82906944
6419,6.419,0.15849765,0.80895704
6420,6.42,0.15593071,0.8487064
6421,6.421,0.16095564,0.8433736
6422,6.422,0.15861173,0.8634254
6423,6.423,0.1767325,0.856164
6424,6.424,0.16610381,0.8393918
6425,6.425,0.17315608,0.8609515
6426,6.426,0.17661722,0.83887106
6427,6.427,0.18530001,0.840472
6428,6.428,0.18340833,0.82695276
6429,6.429,0.18280585,0.8260959
6430,6.43,0.16443223,0.835169
6431,6.431,0.16900147,0.852259
6432,6.432,0.16515468,0.8279766
6433,6.433,0.19324861,0.83963925
6434,6.434,0.1709626,0.81415206
6435,6.435,0.16033594,0.79365647
6436,6.436,0.15786363,0.82944584
6437,6.437,0.1697835,0.82139856
6438,6.438,0.15776889,0.78786874
6439,6.439,0.16318598,0.8132194
6440,6.44,0.1524927,0.7958811
6441,6.441,0.15012898,0.83000463
6442,6.442,0.16017124,0.84437525
6443,6.443,0.15980242,0.76308626
6444,6.444,0.15847008,0.80375993
6445,6.445,0.16355355,0.7987457
6446,6.446,0.14547704,0.8135441
6447,6.447,0.15626417,0.8023041
6448,6.448,0.15670258,0.81637233
6449,6.449,0.15628189,0.81026316
6450,6.45,0.14356937,0.84692544
6451,6.451,0.15100591,0.8540693
6452,6.452,0.14226276,0.8213508
6453,6.453,0.14082131,0.8529902
6454,6.454,0.14744519,0.82388496
6455,6.455,0.1466548,0.77930933
6456,6.456,0.1538956,0.7944502
6457,6.457,0.15032965,0.77908343
6458,6.458,0.15436105,0.8083082
6459,6.459,0.13869406,0.7739576
6460,6.46,0.14790682,0.82742774
6461,6.461,0.14331329,0.7997297
6462,6.462,0.13273048,0.8171051
6463,6.463,0.1240439,0.78203964
6464,6.464,0.13497137,0.8160167
6465,6.465,0.12366387,0.852685
6466,6.466,0.115805864,0.8095823
6467,6.467,0.13267392,0.83801407
6468,6.468,0.13164084,0.78660923
6469,6.469,0.13060524,0.76426095
6470,6.47,0.12520508,0.783064
6471,6.471,0.12718795,0.794535
6472,6.472,0.12810427,0.7843359
6473,6.473,0.12960172,0.8472303
6474,6.474,0.12377825,0.8041643
6475,6.475,0.12476647,0.78875124
6476,6.476,0.1257391,0.78420794
6477,6.477,0.12559222,0.83447903
6478,6.478,0.12603576,0.7819663
6479,6.479,0.14623088,0.79776186
6480,6.48,0.16025418,0.7602892
6481,6.481,0.13132356,0.8313794
6482,6.482,0.13055764,0.79481494
6483,6.483,0.14490369,0.79536563
6484,6.484,0.14640497,0.82218057
6485,6.485,0.12852672,0.8649745
6486,6.486,0.13240606,0.83403474
6487,6.487,0.13452572,0.8314088
6488,6.488,0.13336311,0.82541364
6489,6.489,0.15015642,0.78399163
6490,6.49,0.1566527,0.81446576
6491,6.491,0.14063638,0.8377088
6492,6.492,0.1420693,0.82938623
6493,6.493,0.12521,0.8217103
6494,6.494,0.13453075,0.8065353
6495,6.495,0.1349846,0.8199587
6496,6.496,0.15052763,0.78278196
6497,6.497,0.15338942,0.81610835
6498,6.498,0.15166576,0.8016245
6499,6.499,0.13920991,0.8244966
6500,6.5,0.1455261,0.816886
6501,6.501,0.12477732,0.79062927
6502,6.502,0.1293841,0.8047472
6503,6.503,0.11866197,0.8408439
6504,6.504,0.12423323,0.7960989
6505,6.505,0.1376239,0.79800636
6506,6.506,0.14319861,0.77757627
6507,6.507,0.12868986,0.6711687
6508,6.508,0.13435823,0.74631244
6509,6.509,0.12750393,0.80540866
6510,6.51,0.13320616,0.8028711
6511,6.511,0.12614019,0.76169544
6512,6.512,0.1363438,0.7939912
6513,6.513,0.13640472,0.8165004
6514,6.514,0.12313185,0.82124233
6515,6.515,0.1478444,0.80737156
6516,6.516,0.14433317,0.81960106
6517,6.517,0.13587458,0.7962298
6518,6.518,0.13764402,0.8061621
6519,6.519,0.12892295,0.8213553
6520,6.52,0.13915864,0.8123714
6521,6.521,0.15190938,0.80534077
6522,6.522,0.14426324,0.8227341
6523,6.523,0.13828176,0.7909581
6524,6.524,0.13148136,0.80579716
6525,6.525,0.13006519,0.8028371
6526,6.526,0.13330173,0.8097041
6527,6.527,0.15396675,0.82988435
6528,6.528,0.15419076,0.8210887
6529,6.529,0.13724338,0.79647845
6530,6.53,0.13622779,0.8291089
6531,6.531,0.15598083,0.8068391
6532,6.532,0.1428816,0.810247
6533,6.533,0.15225932,0.78874916
6534,6.534,0.13934244,0.844489
6535,6.535,0.14086805,0.8756756
6536,6.536,0.15809652,0.81817544
6537,6.537,0.1487373,0.8589281
6538,6.538,0.14833757,0.8646573
6539,6.539,0.1633661,0.8740867
6540,6.54,0.15399031,0.86890405
6541,6.541,0.1457137,0.8496363
6542,6.542,0.15356901,0.8734451
6543,6.543,0.15538286,0.8353532
6544,6.544,0.14975679,0.83683586
6545,6.545,0.15411413,0.84334046
6546,6.546,0.15021951,0.807235
6547,6.547,0.1649974,0.80452037
6548,6.548,0.16105117,0.84294736
6549,6.549,0.14604057,0.8261689
6550,6.55,0.13224053,0.82172614
6551,6.551,0.12154613,0.7951191
6552,6.552,0.13195127,0.80300814
6553,6.553,0.1297578,0.8027305
6554,6.554,0.119471714,0.8026804
6555,6.555,0.13480169,0.78741145
6556,6.556,0.13109003,0.8034688
6557,6.557,0.15593505,0.8596286
6558,6.558,0.15102302,0.7850936
6559,6.559,0.14682001,0.8260354
6560,6.56,0.15013963,0.8424527
6561,6.561,0.1552026,0.7909828
6562,6.562,0.15674812,0.80176896
6563,6.563,0.17970394,0.81092405
6564,6.564,0.15299945,0.8225332
6565,6.565,0.15370238,0.8351435
6566,6.566,0.16223268,0.7697404
6567,6.567,0.17003626,0.7973338
6568,6.568,0.18033555,0.8234815
6569,6.569,0.16480076,0.7447029
6570,6.57,0.16879201,0.780718
6571,6.571,0.15203407,0.7856016
6572,6.572,0.16547067,0.7744942
6573,6.573,0.16925758,0.7914431
6574,6.574,0.17499404,0.81251204
6575,6.575,0.1684713,0.7951577
6576,6.576,0.17113023,0.7557565
6577,6.577,0.1529395,0.76839846
6578,6.578,0.15672967,0.7452271
6579,6.579,0.15034235,0.7747634
6580,6.58,0.15415564,0.78029335
6581,6.581,0.14051339,0.69626635
6582,6.582,0.14819773,0.7116139
6583,6.583,0.15772754,0.7591843
6584,6.584,0.14898033,0.7033866
6585,6.585,0.14881049,0.7518665
6586,6.586,0.13864392,0.77379787
6587,6.587,0.1345943,0.77115643
6588,6.588,0.13465007,0.7811638
6589,6.589,0.14085539,0.7268099
6590,6.59,0.13199836,0.7509211
6591,6.591,0.1193599,0.76366454
6592,6.592,0.12372555,0.7484658
6593,6.593,0.12396104,0.7991801
6594,6.594,0.13162774,0.8125724
6595,6.595,0.13602258,0.7490865
6596,6.596,0.13681142,0.74325544
6597,6.597,0.14027497,0.7740234
6598,6.598,0.12767224,0.75493234
6599,6.599,0.1317721,0.79253596
6600,6.6,0.15547985,0.76161903
6601,6.601,0.15537652,0.78181523
6602,6.602,0.15706104,0.79964024
6603,6.603,0.15066612,0.7645342
6604,6.604,0.14740929,0.79410255
6605,6.605,0.13448958,0.7870022
6606,6.606,0.12544467,0.762611
6607,6.607,0.115554824,0.8076671
6608,6.608,0.12246848,0.82277566
6609,6.609,0.1067894,0.7694481
6610,6.61,0.10816789,0.7817459
6611,6.611,0.12813789,0.78201526
6612,6.612,0.12481725,0.80716145
6613,6.613,0.12698802,0.75806385
6614,6.614,0.13560218,0.7709549
6615,6.615,0.137359,0.7770885
6616,6.616,0.12065396,0.77754873
6617,6.617,0.12830488,0.7686882
6618,6.618,0.13485691,0.75671774
6619,6.619,0.1415017,0.74317765
6620,6.62,0.14404213,0.78437984
6621,6.621,0.15058728,0.766618
6622,6.622,0.13610037,0.7355706
6623,6.623,0.13949293,0.73507506
6624,6.624,0.13565435,0.74128497
6625,6.625,0.1428394,0.77651346
6626,6.626,0.12890959,0.7493029
6627,6.627,0.14838734,0.7483637
6628,6.628,0.1371317,0.81344455
6629,6.629,0.13560309,0.8116736
6630,6.63,0.14798583,0.783926
6631,6.631,0.13668859,0.8097978
6632,6.632,0.14278166,0.81289953
6633,6.633,0.1395679,0.80722725
6634,6.634,0.13864836,0.8188435
6635,6.635,0.13310404,0.79193574
6636,6.636,0.13366127,0.78545296
6637,6.637,0.1352619,0.78601724
6638,6.638,0.15280025,0.79828036
6639,6.639,0.14380103,0.76415354
6640,6.64,0.1298493,0.7744873
6641,6.641,0.124822676,0.76904297
6642,6.642,0.14019161,0.8279643
6643,6.643,0.13583383,0.80634815
6644,6.644,0.14873853,0.76442903
6645,6.645,0.14117739,0.80224144
6646,6.646,0.16091588,0.8266719
6647,6.647,0.1501978,0.805106
6648,6.648,0.16146325,0.7640248
6649,6.649,0.1554846,0.74313176
6650,6.65,0.1488601,0.81322545
6651,6.651,0.1507743,0.7950455
6652,6.652,0.13530147,0.80063033
6653,6.653,0.15047693,0.7648584
6654,6.654,0.15174767,0.8273592
6655,6.655,0.15005682,0.79958975
6656,6.656,0.14278813,0.7850707
6657,6.657,0.15250723,0.7858269
6658,6.658,0.16158362,0.76864505
6659,6.659,0.14694902,0.8073331
6660,6.66,0.16048822,0.8050927
6661,6.661,0.1689851,0.81989574
6662,6.662,0.17278971,0.8106219
6663,6.663,0.17411247,0.79335386
6664,6.664,0.17591876,0.7966191
6665,6.665,0.14899644,0.8288438
6666,6.666,0.14699508,0.81238973
6667,6.667,0.15778372,0.78664124
6668,6.668,0.16028759,0.7852546
6669,6.669,0.15600054,0.7867685
6670,6.67,0.17580365,0.8131196
6671,6.671,0.1849141,0.8065221
6672,6.672,0.15926132,0.7987461
6673,6.673,0.15414567,0.83881944
6674,6.674,0.16165708,0.82620955
6675,6.675,0.16001981,0.8359256
6676,6.676,0.1674217,0.81148064
6677,6.677,0.17140721,0.8146904
6678,6.678,0.17448418,0.8258493
6679,6.679,0.16491085,0.82435536
6680,6.68,0.15431522,0.8301682
6681,6.681,0.15800036,0.8035028
6682,6.682,0.16671129,0.7542565
6683,6.683,0.17832363,0.84147877
6684,6.684,0.1640715,0.80729115
6685,6.685,0.18100235,0.8354048
6686,6.686,0.17311877,0.8230455
6687,6.687,0.17800626,0.7911808
6688,6.688,0.17299967,0.8387381
6689,6.689,0.16574226,0.78194547
6690,6.69,0.15468876,0.85113317
6691,6.691,0.16030177,0.8025416
6692,6.692,0.1577685,0.84941584
6693,6.693,0.16016623,0.8252562
6694,6.694,0.15842155,0.82276523
6695,6.695,0.17206998,0.7879951
6696,6.696,0.18930237,0.8161264
6697,6.697,0.17422128,0.83532155
6698,6.698,0.17482835,0.82164365
6699,6.699,0.17078689,0.7906922
6700,6.7,0.15833491,0.8218027
6701,6.701,0.15657885,0.8192534
6702,6.702,0.16752237,0.8274037
6703,6.703,0.17643458,0.82634073
6704,6.704,0.16423418,0.8139641
6705,6.705,0.15028176,0.8065462
6706,6.706,0.16237634,0.7984081
6707,6.707,0.16592258,0.80693626
6708,6.708,0.16775873,0.83358264
6709,6.709,0.16039734,0.81596696
6710,6.71,0.16170086,0.81719494
6711,6.711,0.16233732,0.76659155
6712,6.712,0.15443717,0.8332597
6713,6.713,0.15273258,0.799127
6714,6.714,0.17206497,0.8367027
6715,6.715,0.14991161,0.80332434
6716,6.716,0.15492682,0.80408484
6717,6.717,0.15590902,0.8091886
6718,6.718,0.15859467,0.82067055
6719,6.719,0.15344878,0.8241181
6720,6.72,0.15027398,0.7940041
6721,6.721,0.16024996,0.78719676
6722,6.722,0.15641609,0.82713115
6723,6.723,0.16009246,0.8202397
6724,6.724,0.16770114,0.8353079
6725,6.725,0.19171555,0.79245657
6726,6.726,0.18593046,0.8038661
6727,6.727,0.20029618,0.79798985
6728,6.728,0.19445059,0.81397396
6729,6.729,0.18870795,0.84941137
6730,6.73,0.19065677,0.811952
6731,6.731,0.19513474,0.84561795
6732,6.732,0.19818981,0.87115675
6733,6.733,0.20370121,0.88279593
6734,6.734,0.20386033,0.818011
6735,6.735,0.19608812,0.8083866
6736,6.736,0.20888102,0.827824
6737,6.737,0.20343857,0.8705275
6738,6.738,0.20241283,0.8027359
6739,6.739,0.18864664,0.7963569
6740,6.74,0.19392209,0.819728
6741,6.741,0.19593807,0.80179596
6742,6.742,0.19343637,0.7749208
6743,6.743,0.18457739,0.8382408
6744,6.744,0.20087866,0.8164741
6745,6.745,0.19558951,0.80559886
6746,6.746,0.19982655,0.7907461
6747,6.747,0.20799014,0.7706642
6748,6.748,0.19791798,0.7733689
6749,6.749,0.20130792,0.8169518
6750,6.75,0.19331291,0.80825645
6751,6.751,0.1914445,0.8153079
6752,6.752,0.19979791,0.75769806
6753,6.753,0.18429717,0.82094383
6754,6.754,0.20876463,0.7627107
6755,6.755,0.21541718,0.7878995
6756,6.756,0.2089723,0.774805
6757,6.757,0.19497387,0.81345963
6758,6.758,0.20089673,0.80351454
6759,6.759,0.20025593,0.7897129
6760,6.76,0.19688067,0.7789056
6761,6.761,0.19713022,0.8222723
6762,6.762,0.20550999,0.8117812
6763,6.763,0.2102158,0.79638195
6764,6.764,0.19998506,0.80242074
6765,6.765,0.19836824,0.7847115
6766,6.766,0.19440629,0.7677192
6767,6.767,0.21103345,0.82450545
6768,6.768,0.21642165,0.7760277
6769,6.769,0.21492192,0.8036119
6770,6.77,0.21367615,0.8064494
6771,6.771,0.2085591,0.7869874
6772,6.772,0.20846085,0.8110237
6773,6.773,0.1910459,0.82091933
6774,6.774,0.19638503,0.81894845
6775,6.775,0.20234595,0.7737272
6776,6.776,0.20279214,0.83148557
6777,6.777,0.18887807,0.8505147
6778,6.778,0.19486246,0.84933054
6779,6.779,0.20664336,0.85191244
6780,6.78,0.22199261,0.79516655
6781,6.781,0.22241017,0.83449244
6782,6.782,0.21104889,0.7925084
6783,6.783,0.21344393,0.8026828
6784,6.784,0.21989374,0.8141493
6785,6.785,0.19892204,0.81992465
6786,6.786,0.18860653,0.8160548
6787,6.787,0.18435425,0.8274631
6788,6.788,0.17819454,0.8103428
6789,6.789,0.18046993,0.77933896
6790,6.79,0.18320628,0.79436064
6791,6.791,0.19196123,0.71297467
6792,6.792,0.1910327,0.79875076
6793,6.793,0.20052704,0.79838324
6794,6.794,0.20381927,0.7926114
6795,6.795,0.19499691,0.80120724
6796,6.796,0.2015694,0.83038366
6797,6.797,0.1980746,0.80353665
6798,6.798,0.21573484,0.7741467
6799,6.799,0.20141946,0.8184738
6800,6.8,0.19797766,0.81938875
6801,6.801,0.20775394,0.8207329
6802,6.802,0.21469966,0.8505105
6803,6.803,0.21465552,0.7950967
6804,6.804,0.21929245,0.8735851
6805,6.805,0.2053947,0.7772233
6806,6.806,0.20250128,0.794841
6807,6.807,0.19335587,0.7730702
6808,6.808,0.19612074,0.8156546
6809,6.809,0.19400647,0.8416968
6810,6.81,0.19133133,0.8249254
6811,6.811,0.19348025,0.82046026
6812,6.812,0.18597746,0.8239279
6813,6.813,0.19026977,0.80698824
6814,6.814,0.20040672,0.7976714
6815,6.815,0.19707902,0.8217201
6816,6.816,0.19894245,0.77826136
6817,6.817,0.19252324,0.796917
6818,6.818,0.20196338,0.81451315
6819,6.819,0.18880412,0.784156
6820,6.82,0.18709594,0.8016483
6821,6.821,0.18852039,0.81203467
6822,6.822,0.1769635,0.8330345
6823,6.823,0.17733444,0.85410386
6824,6.824,0.18635917,0.81088907
6825,6.825,0.17531721,0.7945082
6826,6.826,0.16507047,0.8544825
6827,6.827,0.15758705,0.85841465
6828,6.828,0.15512805,0.8475403
6829,6.829,0.13737065,0.8252365
6830,6.83,0.14034426,0.8650116
6831,6.831,0.13972871,0.80791634
6832,6.832,0.15112932,0.84995115
6833,6.833,0.14830065,0.80274224
6834,6.834,0.14870875,0.82676536
6835,6.835,0.1398889,0.80025995
6836,6.836,0.16507085,0.80643296
6837,6.837,0.16507792,0.7431917
6838,6.838,0.16484518,0.70176446
6839,6.839,0.15760775,0.74481875
6840,6.84,0.15812182,0.78191334
6841,6.841,0.1574308,0.74587387
6842,6.842,0.16255018,0.76709896
6843,6.843,0.16783352,0.8062862
6844,6.844,0.17166653,0.7469512
6845,6.845,0.16137367,0.7783748
6846,6.846,0.16811118,0.773717
6847,6.847,0.17364858,0.77822065
6848,6.848,0.1661738,0.8389615
6849,6.849,0.1699646,0.7660822
6850,6.85,0.18535013,0.8030456
6851,6.851,0.1873237,0.7804414
6852,6.852,0.17212433,0.7970286
6853,6.853,0.18573812,0.77989054
6854,6.854,0.17559564,0.79599607
6855,6.855,0.17462412,0.7521848
6856,6.856,0.20129783,0.7261967
6857,6.857,0.20273083,0.77423877
6858,6.858,0.198884,0.7958219
6859,6.859,0.19219603,0.7445912
6860,6.86,0.1863681,0.77019054
6861,6.861,0.19675188,0.84871054
6862,6.862,0.18190803,0.830851
6863,6.863,0.195503,0.7999593
6864,6.864,0.18037273,0.78693944
6865,6.865,0.18068969,0.82920825
6866,6.866,0.17050023,0.79002637
6867,6.867,0.1566146,0.7901404
6868,6.868,0.17329034,0.7559018
6869,6.869,0.18161522,0.7113978
6870,6.87,0.17009668,0.76838654
6871,6.871,0.15872845,0.75325805
6872,6.872,0.16787861,0.77681243
6873,6.873,0.16610454,0.7625768
6874,6.874,0.16888931,0.8369465
6875,6.875,0.1872511,0.7845945
6876,6.876,0.17970565,0.8123145
6877,6.877,0.18517743,0.8685015
6878,6.878,0.18465938,0.81437874
6879,6.879,0.18292597,0.82012194
6880,6.88,0.20776372,0.8391212
6881,6.881,0.20098552,0.8499529
6882,6.882,0.19876298,0.83153176
6883,6.883,0.20161974,0.83356154
6884,6.884,0.18651693,0.8179036
6885,6.885,0.19234611,0.8345602
6886,6.886,0.18555616,0.8387157
6887,6.887,0.19210798,0.8087276
6888,6.888,0.19329636,0.7979224
6889,6.889,0.18877412,0.7797311
6890,6.89,0.17275551,0.7801483
6891,6.891,0.17174572,0.7658008
6892,6.892,0.17161384,0.7968628
6893,6.893,0.18270148,0.7783695
6894,6.894,0.18440965,0.8056126
6895,6.895,0.17935264,0.80018264
6896,6.896,0.18523225,0.79190713
6897,6.897,0.18290478,0.8027659
6898,6.898,0.19186762,0.81446314
6899,6.899,0.19143936,0.8190369
6900,6.9,0.1856092,0.7747034
6901,6.901,0.19524004,0.77106434
6902,6.902,0.17308713,0.7966096
6903,6.903,0.15864432,0.7943732
6904,6.904,0.17080237,0.8125296
6905,6.905,0.18343852,0.73844194
6906,6.906,0.18257312,0.8077905
6907,6.907,0.17113166,0.7775077
6908,6.908,0.18019663,0.7359721
6909,6.909,0.19382657,0.7913278
6910,6.91,0.1895476,0.7650329
6911,6.911,0.20104153,0.7805015
6912,6.912,0.19997399,0.81239384
6913,6.913,0.2049917,0.79863936
6914,6.914,0.20598698,0.76412433
6915,6.915,0.19882953,0.8147037
6916,6.916,0.19268872,0.81337315
6917,6.917,0.18105741,0.81620896
6918,6.918,0.1785681,0.7723968
6919,6.919,0.17561981,0.8228292
6920,6.92,0.17902164,0.8182326
6921,6.921,0.18661058,0.7998627
6922,6.922,0.16439669,0.76150936
6923,6.923,0.18413152,0.8195255
6924,6.924,0.16978133,0.76638204
6925,6.925,0.1766935,0.8008796
6926,6.926,0.19293506,0.77454185
6927,6.927,0.17592435,0.79412234
6928,6.928,0.17380087,0.79725754
6929,6.929,0.16259786,0.7706014
6930,6.93,0.15187089,0.74207324
6931,6.931,0.15905063,0.80938625
6932,6.932,0.15432718,0.8080899
6933,6.933,0.15656824,0.7499313
6934,6.934,0.16682824,0.79668564
6935,6.935,0.15367675,0.81189126
6936,6.936,0.15911213,0.7836413
6937,6.937,0.16196433,0.79976547
6938,6.938,0.16972369,0.8360517
6939,6.939,0.16487691,0.78135335
6940,6.94,0.18828787,0.7820727
6941,6.941,0.17151701,0.8067329
6942,6.942,0.177106,0.8063149
6943,6.943,0.16187769,0.8111192
6944,6.944,0.15060689,0.8342552
6945,6.945,0.15092644,0.84987694
6946,6.946,0.1494541,0.8512491
6947,6.947,0.16001213,0.8157721
6948,6.948,0.1648616,0.8057519
6949,6.949,0.17150338,0.8127834
6950,6.95,0.1674827,0.7957438
6951,6.951,0.15157527,0.7996839
6952,6.952,0.14797793,0.7815571
6953,6.953,0.16625413,0.8368226
6954,6.954,0.15326342,0.8328027
6955,6.955,0.14711349,0.78288
6956,6.956,0.15604945,0.7764231
6957,6.957,0.15946093,0.7676983
6958,6.958,0.15733033,0.80931973
6959,6.959,0.16784343,0.79614735
6960,6.96,0.16239,0.8145326
6961,6.961,0.17422234,0.7928188
6962,6.962,0.18523058,0.7640551
6963,6.963,0.1740128,0.7532224
6964,6.964,0.17709209,0.7239338
6965,6.965,0.1882091,0.80669636
6966,6.966,0.17801042,0.78551716
6967,6.967,0.18369861,0.8095759
6968,6.968,0.18195435,0.81690294
6969,6.969,0.16558924,0.8035798
6970,6.97,0.17466146,0.82313395
6971,6.971,0.17684908,0.791676
6972,6.972,0.16000636,0.8464065
6973,6.973,0.18721725,0.82844085
6974,6.974,0.1765437,0.81536114
6975,6.975,0.18120687,0.8224128
6976,6.976,0.16229145,0.84052056
6977,6.977,0.17221332,0.7977371
6978,6.978,0.19272926,0.81087476
6979,6.979,0.18885462,0.80408245
6980,6.98,0.17086504,0.8128961
6981,6.981,0.19298735,0.8128163
6982,6.982,0.19141106,0.83050567
6983,6.983,0.19509408,0.7969352
6984,6.984,0.1873999,0.82715243
6985,6.985,0.17429295,0.8350962
6986,6.986,0.18835092,0.8214244
6987,6.987,0.19825189,0.75890934
6988,6.988,0.204476,0.8388956
6989,6.989,0.18781999,0.8158693
6990,6.99,0.19265965,0.8243318
6991,6.991,0.17120966,0.80864066
6992,6.992,0.16646567,0.8378216
6993,6.993,0.16803505,0.8591014
6994,6.994,0.17134546,0.8566129
6995,6.995,0.16424167,0.8303894
6996,6.996,0.16736731,0.79362875
6997,6.997,0.17437448,0.8039503
6998,6.998,0.16350539,0.8620836
6999,6.999,0.16390379,0.82827276
7000,7.0,0.1658573,0.83359754
7001,7.001,0.16232558,0.8377788
7002,7.002,0.16397697,0.8342102
7003,7.003,0.15435548,0.8319248
7004,7.004,0.1529564,0.81806046
7005,7.005,0.15242249,0.82286054
7006,7.006,0.16620193,0.82881844
7007,7.007,0.16610381,0.8165159
7008,7.008,0.17586489,0.8232814
7009,7.009,0.17099859,0.7892924
7010,7.01,0.18064474,0.8270703
7011,7.011,0.16704202,0.81258416
7012,7.012,0.17568812,0.8044174
7013,7.013,0.17258555,0.8406432
7014,7.014,0.17856051,0.8101037
7015,7.015,0.17938009,0.8184403
7016,7.016,0.16727869,0.8263742
7017,7.017,0.154959,0.8059465
7018,7.018,0.15993328,0.8138117
7019,7.019,0.1530111,0.8014432
7020,7.02,0.17510861,0.79199314
7021,7.021,0.17243254,0.76800156
7022,7.022,0.15893531,0.77182215
7023,7.023,0.1492139,0.7708978
7024,7.024,0.13887583,0.8064917
7025,7.025,0.11728669,0.8050382
7026,7.026,0.13776734,0.810298
7027,7.027,0.14213641,0.7973835
7028,7.028,0.14672779,0.74461603
7029,7.029,0.15855548,0.7993123
7030,7.03,0.16827068,0.8153518
7031,7.031,0.17214543,0.7980616
7032,7.032,0.16110426,0.76755255
7033,7.033,0.16097742,0.8010824
7034,7.034,0.15594374,0.71888703
7035,7.035,0.15675911,0.840574
7036,7.036,0.14183004,0.76598793
7037,7.037,0.16230965,0.81060654
7038,7.038,0.16961636,0.8231856
7039,7.039,0.16698307,0.8222628
7040,7.04,0.15681091,0.8089492
7041,7.041,0.16523923,0.80377007
7042,7.042,0.17027418,0.7929618
7043,7.043,0.16411537,0.8507037
7044,7.044,0.15962175,0.8147473
7045,7.045,0.17782782,0.8313387
7046,7.046,0.18244772,0.81815165
7047,7.047,0.17435825,0.8151829
7048,7.048,0.16310188,0.7957699
7049,7.049,0.15378562,0.854406
7050,7.05,0.16580276,0.80218947
7051,7.051,0.16208509,0.8207476
7052,7.052,0.15299381,0.8598003
7053,7.053,0.14664012,0.8079719
7054,7.054,0.15448457,0.7985078
7055,7.055,0.1591968,0.86487764
7056,7.056,0.14658347,0.8128463
7057,7.057,0.14701223,0.8021452
7058,7.058,0.1494718,0.7910222
7059,7.059,0.15055172,0.81532663
7060,7.06,0.17167549,0.8192464
7061,7.061,0.17141725,0.8194282
7062,7.062,0.16946974,0.8252005
7063,7.063,0.16295356,0.78241545
7064,7.064,0.16956484,0.81854814
7065,7.065,0.16546471,0.8065173
7066,7.066,0.18092245,0.8119689
7067,7.067,0.18441032,0.82792455
7068,7.068,0.18688437,0.81254256
7069,7.069,0.1803376,0.82523465
7070,7.07,0.17252743,0.8022773
7071,7.071,0.18886407,0.75947547
7072,7.072,0.18249391,0.7985367
7073,7.073,0.1785512,0.8146858
7074,7.074,0.17601037,0.7669102
7075,7.075,0.18046412,0.8080779
7076,7.076,0.18020244,0.808732
7077,7.077,0.17521435,0.82715195
7078,7.078,0.18003096,0.8667894
7079,7.079,0.18724617,0.8313246
7080,7.08,0.18347843,0.8394947
7081,7.081,0.18605353,0.7841941
7082,7.082,0.18902265,0.83931303
7083,7.083,0.19633552,0.85792726
7084,7.084,0.19376053,0.85499954
7085,7.085,0.19505338,0.8344503
7086,7.086,0.19449711,0.820965
7087,7.087,0.19587871,0.85707283
7088,7.088,0.20025961,0.8838824
7089,7.089,0.19740656,0.87811846
7090,7.09,0.19994813,0.8686368
7091,7.091,0.20028727,0.8475079
7092,7.092,0.20504212,0.90196216
7093,7.093,0.19511299,0.8477871
7094,7.094,0.19614929,0.80122375
7095,7.095,0.18311825,0.84009165
7096,7.096,0.18843485,0.8286551
7097,7.097,0.18301676,0.7951377
7098,7.098,0.17738196,0.8149139
7099,7.099,0.17711885,0.83331406
7100,7.1,0.17181341,0.7565351
7101,7.101,0.17422305,0.7946543
7102,7.102,0.168984,0.8015121
7103,7.103,0.17211361,0.8140402
7104,7.104,0.19418874,0.81663203
7105,7.105,0.1956603,0.8108418
7106,7.106,0.19624963,0.81417894
7107,7.107,0.18599565,0.8023455
7108,7.108,0.1760233,0.78577614
7109,7.109,0.1780225,0.82289106
7110,7.11,0.17554833,0.7870886
7111,7.111,0.18317235,0.83663595
7112,7.112,0.1815949,0.82626766
7113,7.113,0.1934195,0.8392854
7114,7.114,0.19730929,0.78110117
7115,7.115,0.19642858,0.82610804
7116,7.116,0.20128104,0.8752579
7117,7.117,0.20281126,0.82112277
7118,7.118,0.19686036,0.84235257
7119,7.119,0.21385258,0.8225346
7120,7.12,0.20064299,0.79147524
7121,7.121,0.18813388,0.8199428
7122,7.122,0.17973885,0.8430885
7123,7.123,0.17510054,0.82229334
7124,7.124,0.19410221,0.8314292
7125,7.125,0.19093765,0.87241775
7126,7.126,0.19886295,0.86415
7127,7.127,0.21484146,0.83344966
7128,7.128,0.19844173,0.8143197
7129,7.129,0.20007241,0.80715925
7130,7.13,0.1957329,0.8128357
7131,7.131,0.20376131,0.8174835
7132,7.132,0.19904356,0.81276697
7133,7.133,0.2068478,0.83238447
7134,7.134,0.19494358,0.8197373
7135,7.135,0.21317193,0.86185324
7136,7.136,0.20568746,0.84288675
7137,7.137,0.20724927,0.8535518
7138,7.138,0.20167497,0.8955666
7139,7.139,0.18835615,0.8500171
7140,7.14,0.19897121,0.8417281
7141,7.141,0.20408717,0.83315295
7142,7.142,0.20477909,0.8556515
7143,7.143,0.19769745,0.8536498
7144,7.144,0.2036704,0.79904354
7145,7.145,0.20706691,0.8094236
7146,7.146,0.19763301,0.8083662
7147,7.147,0.20097849,0.8067192
7148,7.148,0.21599138,0.8516868
7149,7.149,0.2123205,0.79303306
7150,7.15,0.20183234,0.81375605
7151,7.151,0.19555177,0.849066
7152,7.152,0.21578531,0.8788297
7153,7.153,0.21100225,0.80905324
7154,7.154,0.21254034,0.83944005
7155,7.155,0.20598607,0.8272089
7156,7.156,0.1919484,0.8098525
7157,7.157,0.18677866,0.84103334
7158,7.158,0.20788361,0.8337681
7159,7.159,0.20073864,0.86001265
7160,7.16,0.21374698,0.88007736
7161,7.161,0.22261867,0.863624
7162,7.162,0.20522419,0.8399337
7163,7.163,0.20106877,0.8456142
7164,7.164,0.21703996,0.8843418
7165,7.165,0.22328816,0.88443494
7166,7.166,0.2212177,0.868906
7167,7.167,0.22252163,0.86253166
7168,7.168,0.21848743,0.8491841
7169,7.169,0.21228023,0.790125
7170,7.17,0.2118639,0.8214866
7171,7.171,0.2082432,0.797245
7172,7.172,0.20751807,0.81658727
7173,7.173,0.22341818,0.801427
7174,7.174,0.19834837,0.82501966
7175,7.175,0.17707403,0.7808291
7176,7.176,0.17785618,0.7890313
7177,7.177,0.1853946,0.79157
7178,7.178,0.18310112,0.7704605
7179,7.179,0.16220765,0.823616
7180,7.18,0.17165291,0.79780936
7181,7.181,0.16807422,0.8263124
7182,7.182,0.16141903,0.7547394
7183,7.183,0.161252,0.7880566
7184,7.184,0.16172215,0.79493994
7185,7.185,0.15845416,0.8290964
7186,7.186,0.17433284,0.78955805
7187,7.187,0.17087369,0.7882522
7188,7.188,0.18421103,0.8262618
7189,7.189,0.18396236,0.8071829
7190,7.19,0.18207808,0.8148067
7191,7.191,0.17455505,0.8164546
7192,7.192,0.16846253,0.80991244
7193,7.193,0.16733238,0.7800504
7194,7.194,0.17355253,0.80794626
7195,7.195,0.17048328,0.8133314
7196,7.196,0.19210798,0.792118
7197,7.197,0.183259,0.8482818
7198,7.198,0.18000703,0.8338262
7199,7.199,0.1869693,0.8384352
7200,7.2,0.18451805,0.76842624
7201,7.201,0.18112129,0.83225465
7202,7.202,0.19804695,0.8089969
7203,7.203,0.1833033,0.7869619
7204,7.204,0.19091445,0.8188007
7205,7.205,0.16403775,0.77983403
7206,7.206,0.17949873,0.82474905
7207,7.207,0.1869479,0.83361065
7208,7.208,0.18795459,0.84480935
7209,7.209,0.17892985,0.7557301
7210,7.21,0.17651337,0.7651572
7211,7.211,0.1927184,0.8182538
7212,7.212,0.17851467,0.79328936
7213,7.213,0.1891167,0.783198
7214,7.214,0.187801,0.7819277
7215,7.215,0.19089833,0.8087306
7216,7.216,0.20853285,0.78712666
7217,7.217,0.20940937,0.7984258
7218,7.218,0.19480024,0.7935537
7219,7.219,0.18890576,0.7922555
7220,7.22,0.18261188,0.8539562
7221,7.221,0.19200417,0.8499066
7222,7.222,0.18526945,0.80150175
7223,7.223,0.1835257,0.8040768
7224,7.224,0.17103384,0.804011
7225,7.225,0.16682602,0.79965997
7226,7.226,0.18386166,0.76471144
7227,7.227,0.15967917,0.8084057
7228,7.228,0.16543758,0.7803399
7229,7.229,0.17753486,0.77008146
7230,7.23,0.16980307,0.7909361
7231,7.231,0.18790679,0.83434796
7232,7.232,0.19640164,0.83395475
7233,7.233,0.1758124,0.80796695
7234,7.234,0.18147661,0.819527
7235,7.235,0.17818211,0.76790553
7236,7.236,0.1835438,0.8304889
7237,7.237,0.18557672,0.79489213
7238,7.238,0.16920014,0.7709619
7239,7.239,0.18618444,0.7934104
7240,7.24,0.18991211,0.83492446
7241,7.241,0.20769945,0.78857684
7242,7.242,0.1876181,0.7907694
7243,7.243,0.17764954,0.79708
7244,7.244,0.19145414,0.8256629
7245,7.245,0.19561468,0.8476933
7246,7.246,0.19985797,0.86345273
7247,7.247,0.21122928,0.841412
7248,7.248,0.20580408,0.86404634
7249,7.249,0.20170732,0.84395796
7250,7.25,0.21557821,0.8828657
7251,7.251,0.2042469,0.813944
7252,7.252,0.21320772,0.8200705
7253,7.253,0.20008256,0.8365633
7254,7.254,0.20783596,0.7762232
7255,7.255,0.21240483,0.80378085
7256,7.256,0.20342223,0.7759794
7257,7.257,0.206638,0.77410454
7258,7.258,0.18605949,0.77544564
7259,7.259,0.17837986,0.7745493
7260,7.26,0.17542,0.8119544
7261,7.261,0.1882555,0.8101692
7262,7.262,0.19944994,0.79483575
7263,7.263,0.17741561,0.79829586
7264,7.264,0.18504183,0.799459
7265,7.265,0.15973157,0.7948863
7266,7.266,0.15853414,0.76112294
7267,7.267,0.14796005,0.75636566
7268,7.268,0.13880935,0.7887377
7269,7.269,0.15777318,0.7527765
7270,7.27,0.1440682,0.7707966
7271,7.271,0.1396816,0.7749546
7272,7.272,0.15187332,0.7632123
7273,7.273,0.16338079,0.7898225
7274,7.274,0.15168765,0.7299175
7275,7.275,0.17313227,0.78295976
7276,7.276,0.1540159,0.72735333
7277,7.277,0.1511,0.7466614
7278,7.278,0.14847729,0.79404336
7279,7.279,0.15406781,0.7489202
7280,7.28,0.16492094,0.8207046
7281,7.281,0.159459,0.79144734
7282,7.282,0.15842699,0.8247102
7283,7.283,0.15461715,0.7436285
7284,7.284,0.17313796,0.8244456
7285,7.285,0.17957275,0.81192404
7286,7.286,0.17922053,0.7978656
7287,7.287,0.1768115,0.7983229
7288,7.288,0.16280322,0.7962102
7289,7.289,0.17395833,0.8039114
7290,7.29,0.15878348,0.81538147
7291,7.291,0.17997934,0.7968518
7292,7.292,0.16809142,0.81070286
7293,7.293,0.1654677,0.7719119
7294,7.294,0.1560597,0.83548725
7295,7.295,0.17810026,0.801906
7296,7.296,0.1780142,0.7948709
7297,7.297,0.1827493,0.8373968
7298,7.298,0.15622716,0.82228816
7299,7.299,0.15673281,0.8329247
7300,7.3,0.159179,0.79931855
7301,7.301,0.15026498,0.8188518
7302,7.302,0.14659941,0.77587175
7303,7.303,0.16457473,0.73589826
7304,7.304,0.15794195,0.8085771
7305,7.305,0.17525543,0.81209755
7306,7.306,0.16784343,0.79764885
7307,7.307,0.15109959,0.81002945
7308,7.308,0.14907157,0.7870121
7309,7.309,0.13225076,0.80832916
7310,7.31,0.15164912,0.81831145
7311,7.311,0.14927039,0.8370855
7312,7.312,0.16618787,0.8246251
7313,7.313,0.17226833,0.82666814
7314,7.314,0.16145334,0.8239872
7315,7.315,0.16879201,0.8051127
7316,7.316,0.19318014,0.7891909
7317,7.317,0.20382382,0.8162539
7318,7.318,0.1913532,0.80088305
7319,7.319,0.19583537,0.8096121
7320,7.32,0.20768078,0.76997375
7321,7.321,0.20260455,0.8120501
7322,7.322,0.21952325,0.8341094
7323,7.323,0.2161494,0.7934117
7324,7.324,0.20233166,0.7950081
7325,7.325,0.1893222,0.8201128
7326,7.326,0.1857411,0.82596225
7327,7.327,0.17944525,0.78415954
7328,7.328,0.19440375,0.82144517
7329,7.329,0.19593275,0.7873837
7330,7.33,0.20057489,0.8222566
7331,7.331,0.20622429,0.7930085
7332,7.332,0.1943053,0.77911663
7333,7.333,0.2078638,0.80808043
7334,7.334,0.21738553,0.79690003
7335,7.335,0.22021164,0.8263303
7336,7.336,0.21992368,0.8389237
7337,7.337,0.21007644,0.86978376
7338,7.338,0.22093885,0.88397014
7339,7.339,0.22280183,0.8480962
7340,7.34,0.21913023,0.8116199
7341,7.341,0.21553881,0.8247192
7342,7.342,0.21585089,0.78451675
7343,7.343,0.21603751,0.78023577
7344,7.344,0.22116151,0.76665026
7345,7.345,0.22345397,0.8456685
7346,7.346,0.21781164,0.80215853
7347,7.347,0.22238915,0.80104166
7348,7.348,0.20129052,0.7876398
7349,7.349,0.20191523,0.7738047
7350,7.35,0.2121309,0.74628174
7351,7.351,0.2109477,0.7452134
7352,7.352,0.19934502,0.78322935
7353,7.353,0.20058563,0.78867215
7354,7.354,0.19974647,0.8025189
7355,7.355,0.2021975,0.8135924
7356,7.356,0.21951596,0.7319853
7357,7.357,0.20262611,0.82187164
7358,7.358,0.2116643,0.81065786
7359,7.359,0.20975432,0.80813915
7360,7.36,0.19884099,0.8019116
7361,7.361,0.19548914,0.80388683
7362,7.362,0.19612734,0.8006853
7363,7.363,0.20791292,0.84399253
7364,7.364,0.18867013,0.804535
7365,7.365,0.18018843,0.7897817
7366,7.366,0.17538036,0.7968102
7367,7.367,0.17976452,0.81677675
7368,7.368,0.17236723,0.8336733
7369,7.369,0.1806151,0.8663793
7370,7.37,0.1834781,0.82556653
7371,7.371,0.18068628,0.8042591
7372,7.372,0.18680468,0.84204185
7373,7.373,0.1850039,0.81086886
7374,7.374,0.17794092,0.75570256
7375,7.375,0.16102634,0.7354746
7376,7.376,0.15889427,0.7773536
7377,7.377,0.16045485,0.85345453
7378,7.378,0.17011584,0.84252316
7379,7.379,0.17140038,0.8510205
7380,7.38,0.17477767,0.8616303
7381,7.381,0.17546034,0.8510751
7382,7.382,0.17414957,0.83992577
7383,7.383,0.18283144,0.84068143
7384,7.384,0.18051936,0.846796
7385,7.385,0.19614616,0.77914196
7386,7.386,0.1693735,0.80646944
7387,7.387,0.1597408,0.8427963
7388,7.388,0.1577135,0.8325953
7389,7.389,0.16420232,0.876497
7390,7.39,0.1747562,0.8651151
7391,7.391,0.1668157,0.881398
7392,7.392,0.1684651,0.87219054
7393,7.393,0.16962723,0.8507748
7394,7.394,0.18234685,0.8352638
7395,7.395,0.184433,0.8382978
7396,7.396,0.17791672,0.8266305
7397,7.397,0.18571956,0.84207314
7398,7.398,0.18120007,0.86629725
7399,7.399,0.20832238,0.8286456
7400,7.4,0.22566536,0.83865035
7401,7.401,0.19669934,0.8501341
7402,7.402,0.19490981,0.8225658
7403,7.403,0.19847521,0.8133502
7404,7.404,0.20110397,0.8255876
7405,7.405,0.18759973,0.8394857
7406,7.406,0.19026104,0.8208861
7407,7.407,0.18712357,0.84123296
7408,7.408,0.18721955,0.8022254
7409,7.409,0.18583217,0.80300325
7410,7.41,0.1856871,0.7967385
7411,7.411,0.17390987,0.82342046
7412,7.412,0.17416865,0.8343408
7413,7.413,0.16139425,0.79434216
7414,7.414,0.16339247,0.7921635
7415,7.415,0.16477649,0.81933343
7416,7.416,0.17142838,0.8312256
7417,7.417,0.17575815,0.8336091
7418,7.418,0.17025866,0.8459805
7419,7.419,0.18300162,0.78113294
7420,7.42,0.18691598,0.80322385
7421,7.421,0.18358336,0.81559247
7422,7.422,0.18000089,0.8079503
7423,7.423,0.1835133,0.78117925
7424,7.424,0.18248853,0.8313851
7425,7.425,0.19890007,0.7948803
7426,7.426,0.18628785,0.7797636
7427,7.427,0.18350726,0.7760518
7428,7.428,0.19833598,0.8637756
7429,7.429,0.20203647,0.84231377
7430,7.43,0.20281337,0.8659662
7431,7.431,0.19639724,0.82691425
7432,7.432,0.19296122,0.8492471
7433,7.433,0.19835645,0.875967
7434,7.434,0.19477528,0.84406346
7435,7.435,0.20072179,0.8386793
7436,7.436,0.20542286,0.8379768
7437,7.437,0.2068368,0.81451964
7438,7.438,0.2052131,0.8657007
7439,7.439,0.19359471,0.8328007
7440,7.44,0.19466785,0.8501342
7441,7.441,0.19279087,0.8615958
7442,7.442,0.20340045,0.82591605
7443,7.443,0.22202143,0.86240965
7444,7.444,0.21822509,0.8348688
7445,7.445,0.24518752,0.8844973
7446,7.446,0.23466831,0.8315935
7447,7.447,0.22990663,0.8401408
7448,7.448,0.23990427,0.8522129
7449,7.449,0.23534326,0.856414
7450,7.45,0.2427848,0.8327503
7451,7.451,0.24187635,0.78964806
7452,7.452,0.2366528,0.7998264
7453,7.453,0.24159433,0.82540065
7454,7.454,0.25589928,0.82912976
7455,7.455,0.2549869,0.83386904
7456,7.456,0.25032833,0.8502559
7457,7.457,0.24932475,0.81253994
7458,7.458,0.25453624,0.81709194
7459,7.459,0.24184786,0.84588134
7460,7.46,0.2457873,0.84949535
7461,7.461,0.25524014,0.8130891
7462,7.462,0.26637998,0.8356727
7463,7.463,0.25043967,0.81495506
7464,7.464,0.24923244,0.79295987
7465,7.465,0.25160173,0.8298458
7466,7.466,0.22714941,0.8282192
7467,7.467,0.24902992,0.8355896
7468,7.468,0.23174956,0.8036907
7469,7.469,0.23650041,0.86309063
7470,7.47,0.22975136,0.84593713
7471,7.471,0.23008105,0.8335621
7472,7.472,0.2139199,0.8691315
7473,7.473,0.21058543,0.8483237
7474,7.474,0.22457513,0.8556825
7475,7.475,0.21183951,0.80962676
7476,7.476,0.19899039,0.8150219
7477,7.477,0.21038637,0.7863104
7478,7.478,0.22396718,0.819596
7479,7.479,0.22374427,0.8323688
7480,7.48,0.207411,0.8388609
7481,7.481,0.20504332,0.8201692
7482,7.482,0.19241199,0.8231157
7483,7.483,0.20569076,0.85028404
7484,7.484,0.20796677,0.85348934
7485,7.485,0.20488063,0.83260846
7486,7.486,0.20157886,0.86327916
7487,7.487,0.20947312,0.8525838
7488,7.488,0.21065584,0.844523
7489,7.489,0.20402144,0.8613708
7490,7.49,0.19816156,0.8036414
7491,7.491,0.19664365,0.8342479
7492,7.492,0.19736074,0.78656155
7493,7.493,0.21160877,0.77198297
7494,7.494,0.19675626,0.7776568
7495,7.495,0.18962096,0.8120121
7496,7.496,0.19506349,0.7995389
7497,7.497,0.18634465,0.78964037
7498,7.498,0.18109173,0.81857204
7499,7.499,0.18609983,0.7996022
7500,7.5,0.18145864,0.8248395
7501,7.501,0.19452177,0.87090695
7502,7.502,0.21101916,0.8243432
7503,7.503,0.2086992,0.81235725
7504,7.504,0.19404864,0.82155627
7505,7.505,0.18984342,0.8230446
7506,7.506,0.18990855,0.80421305
7507,7.507,0.19301382,0.79328126
7508,7.508,0.2011627,0.8234676
7509,7.509,0.19711366,0.8578315
7510,7.51,0.17619798,0.7824758
7511,7.511,0.20128134,0.84740996
7512,7.512,0.19494073,0.79961777
7513,7.513,0.17612115,0.7985306
7514,7.514,0.15804671,0.75986046
7515,7.515,0.16309811,0.77952826
7516,7.516,0.17070653,0.76513094
7517,7.517,0.18134975,0.7612506
7518,7.518,0.1878164,0.7969831
7519,7.519,0.19370241,0.7675784
7520,7.52,0.18832904,0.8447131
7521,7.521,0.1962277,0.85282916
7522,7.522,0.18513125,0.7949439
7523,7.523,0.20037541,0.7833865
7524,7.524,0.18184578,0.776826
7525,7.525,0.1828469,0.79770917
7526,7.526,0.18556975,0.7869704
7527,7.527,0.1911605,0.8320475
7528,7.528,0.1975969,0.8069622
7529,7.529,0.19878064,0.82543564
7530,7.53,0.18579872,0.84395
7531,7.531,0.18095067,0.82368654
7532,7.532,0.1916857,0.8314749
7533,7.533,0.19961552,0.8291182
7534,7.534,0.1959456,0.8160975
7535,7.535,0.19676784,0.8397129
7536,7.536,0.20803155,0.8007681
7537,7.537,0.20318739,0.819846
7538,7.538,0.20477128,0.8255124
7539,7.539,0.21374956,0.8225769
7540,7.54,0.20911977,0.845132
7541,7.541,0.20356856,0.860797
7542,7.542,0.19034316,0.8732548
7543,7.543,0.20683709,0.83505434
7544,7.544,0.20904884,0.8138016
7545,7.545,0.21712866,0.80172163
7546,7.546,0.2149348,0.84040344
7547,7.547,0.21764237,0.8215697
7548,7.548,0.2074816,0.85767776
7549,7.549,0.20621446,0.8496255
7550,7.55,0.20671241,0.8701583
7551,7.551,0.20360515,0.8375185
7552,7.552,0.19927928,0.86448205
7553,7.553,0.19922955,0.83967465
7554,7.554,0.20179544,0.8578733
7555,7.555,0.18617749,0.8077082
7556,7.556,0.17888653,0.82580274
7557,7.557,0.17781363,0.80913717
7558,7.558,0.17155969,0.81139815
7559,7.559,0.16258842,0.8031587
7560,7.56,0.17350183,0.7959679
7561,7.561,0.1773046,0.793193
7562,7.562,0.16520385,0.78799844
7563,7.563,0.16755615,0.7966786
7564,7.564,0.17896356,0.74300206
7565,7.565,0.18836692,0.72721577
7566,7.566,0.18506078,0.7597306
7567,7.567,0.18924321,0.74148303
7568,7.568,0.17879984,0.7517986
7569,7.569,0.17324063,0.75072116
7570,7.57,0.1680442,0.7906177
7571,7.571,0.18271023,0.7672697
7572,7.572,0.19236627,0.7250294
7573,7.573,0.19705062,0.7900194
7574,7.574,0.19247241,0.78699565
7575,7.575,0.20258026,0.77726835
7576,7.576,0.20727688,0.81495935
7577,7.577,0.19481823,0.761545
7578,7.578,0.19237906,0.79916286
7579,7.579,0.19555837,0.795917
7580,7.58,0.19354035,0.79271775
7581,7.581,0.20719196,0.8009173
7582,7.582,0.20464233,0.84374094
7583,7.583,0.20959938,0.8144016
7584,7.584,0.21260867,0.79994977
7585,7.585,0.22474931,0.8364702
7586,7.586,0.21073234,0.7632705
7587,7.587,0.21443498,0.81009495
7588,7.588,0.21925485,0.82023513
7589,7.589,0.20352142,0.8771132
7590,7.59,0.21677162,0.9147221
7591,7.591,0.19653505,0.8754733
7592,7.592,0.19083966,0.87447524
7593,7.593,0.20019877,0.8705203
7594,7.594,0.19878156,0.83580655
7595,7.595,0.21507703,0.82108486
7596,7.596,0.21383505,0.81498855
7597,7.597,0.21231732,0.8700064
7598,7.598,0.21574567,0.8563371
7599,7.599,0.21675089,0.859796
7600,7.6,0.21038257,0.8429915
7601,7.601,0.21533033,0.8252426
7602,7.602,0.21235326,0.8406695
7603,7.603,0.19115408,0.8808462
7604,7.604,0.19648464,0.8426212
7605,7.605,0.20676391,0.84735733
7606,7.606,0.20921095,0.8798141
7607,7.607,0.19644518,0.8996022
7608,7.608,0.18759711,0.822698
7609,7.609,0.19879487,0.88638884
7610,7.61,0.20696288,0.8267139
7611,7.611,0.20408536,0.8545782
7612,7.612,0.21135071,0.8186851
7613,7.613,0.20180307,0.81237495
7614,7.614,0.19556844,0.9272982
7615,7.615,0.2043255,0.9722651
7616,7.616,0.20402807,0.917224
7617,7.617,0.2063451,0.9094822
7618,7.618,0.20411822,0.9082668
7619,7.619,0.20796648,0.9581947
7620,7.62,0.20184757,0.8829322
7621,7.621,0.19036353,0.89830047
7622,7.622,0.1875748,0.8678507
7623,7.623,0.19056089,0.8691128
7624,7.624,0.18037751,0.8377458
7625,7.625,0.1891206,0.87585086
7626,7.626,0.20082413,0.8679413
7627,7.627,0.20266195,0.8517888
7628,7.628,0.19464825,0.837959
7629,7.629,0.17695934,0.81157064
7630,7.63,0.19412124,0.8647586
7631,7.631,0.20804042,0.80567306
7632,7.632,0.21575566,0.87312186
7633,7.633,0.21972215,0.9243374
7634,7.634,0.20814155,0.8743045
7635,7.635,0.20827748,0.8554784
7636,7.636,0.21596602,0.84170705
7637,7.637,0.2341239,0.83182704
7638,7.638,0.21584234,0.8879257
7639,7.639,0.23161891,0.8132717
7640,7.64,0.22656494,0.8062745
7641,7.641,0.23257431,0.86872536
7642,7.642,0.22511011,0.8641907
7643,7.643,0.22184151,0.8458185
7644,7.644,0.21954146,0.8524496
7645,7.645,0.20243928,0.7906205
7646,7.646,0.20199141,0.8228797
7647,7.647,0.20570691,0.88348615
7648,7.648,0.21005154,0.877989
7649,7.649,0.19610915,0.85829115
7650,7.65,0.19648589,0.77385455
7651,7.651,0.1944547,0.85674137
7652,7.652,0.19433348,0.7846321
7653,7.653,0.19588909,0.82707214
7654,7.654,0.21046269,0.84620094
7655,7.655,0.22049366,0.8889756
7656,7.656,0.22361499,0.7831681
7657,7.657,0.216144,0.85623527
7658,7.658,0.21135361,0.86567146
7659,7.659,0.21272583,0.8332739
7660,7.66,0.20093378,0.8187967
7661,7.661,0.2111515,0.77921903
7662,7.662,0.19605297,0.79922396
7663,7.663,0.19924839,0.7608714
7664,7.664,0.19839366,0.8086108
7665,7.665,0.19610977,0.87265295
7666,7.666,0.20304926,0.87743074
7667,7.667,0.20346124,0.8687643
7668,7.668,0.20542826,0.8490956
7669,7.669,0.19906335,0.8576075
7670,7.67,0.20706245,0.85748225
7671,7.671,0.21258232,0.84839314
7672,7.672,0.2100697,0.7929931
7673,7.673,0.20430833,0.8554264
7674,7.674,0.20133696,0.8053531
7675,7.675,0.20940466,0.86640525
7676,7.676,0.21072505,0.8683582
7677,7.677,0.22269936,0.8661097
7678,7.678,0.22104603,0.85383797
7679,7.679,0.21725927,0.8966657
7680,7.68,0.2208681,0.88596684
7681,7.681,0.21826062,0.8496399
7682,7.682,0.23224656,0.9030753
7683,7.683,0.22933027,0.8669085
7684,7.684,0.21641028,0.8887859
7685,7.685,0.20911887,0.8387755
7686,7.686,0.20568117,0.8274912
7687,7.687,0.21103139,0.8396731
7688,7.688,0.22617084,0.883095
7689,7.689,0.2285945,0.8701519
7690,7.69,0.22026668,0.87388533
7691,7.691,0.2246028,0.83925086
7692,7.692,0.23321839,0.8663491
7693,7.693,0.22431444,0.8380354
7694,7.694,0.23326191,0.85788655
7695,7.695,0.2415732,0.8450671
7696,7.696,0.23095386,0.8641814
7697,7.697,0.24286638,0.8800412
7698,7.698,0.23556198,0.8647041
7699,7.699,0.22900191,0.8577315
7700,7.7,0.23599282,0.85878974
7701,7.701,0.23815547,0.83382887
7702,7.702,0.2369986,0.7963204
7703,7.703,0.2413538,0.811503
7704,7.704,0.2319072,0.8362907
7705,7.705,0.24675041,0.84509575
7706,7.706,0.2405387,0.8610741
7707,7.707,0.24373555,0.83169895
7708,7.708,0.24157217,0.8819334
7709,7.709,0.24098592,0.8572875
7710,7.71,0.21522059,0.83133775
7711,7.711,0.21238251,0.8604289
7712,7.712,0.21569605,0.8586852
7713,7.713,0.20842779,0.8733632
7714,7.714,0.20568985,0.86896235
7715,7.715,0.21311998,0.84721
7716,7.716,0.21353588,0.84065783
7717,7.717,0.20670468,0.8309245
7718,7.718,0.19796555,0.8290843
7719,7.719,0.19494547,0.8420509
7720,7.72,0.2111104,0.80327404
7721,7.721,0.19933084,0.8408278
7722,7.722,0.20163226,0.80159503
7723,7.723,0.19878651,0.8073675
7724,7.724,0.19851148,0.7893533
7725,7.725,0.19917613,0.8455955
7726,7.726,0.20681389,0.86225224
7727,7.727,0.18979965,0.86613035
7728,7.728,0.19967254,0.8605813
7729,7.729,0.217514,0.8762656
7730,7.73,0.20717296,0.8507042
7731,7.731,0.19902068,0.87443
7732,7.732,0.21199077,0.87860215
7733,7.733,0.21026964,0.86165065
7734,7.734,0.21267028,0.83927006
7735,7.735,0.19957206,0.84218496
7736,7.736,0.19823667,0.84529954
7737,7.737,0.22363509,0.82607603
7738,7.738,0.23181115,0.79110646
7739,7.739,0.23117699,0.8584379
7740,7.74,0.23610516,0.8359593
7741,7.741,0.22433966,0.827762
7742,7.742,0.22343801,0.8425087
7743,7.743,0.2193034,0.8053641
7744,7.744,0.23992915,0.7981273
7745,7.745,0.22290233,0.84014285
7746,7.746,0.22041523,0.81025785
7747,7.747,0.20254867,0.808317
7748,7.748,0.23050025,0.79107106
7749,7.749,0.21371992,0.821894
7750,7.75,0.21289699,0.77450925
7751,7.751,0.22867092,0.8031399
7752,7.752,0.24250181,0.7765452
7753,7.753,0.22533658,0.80748653
7754,7.754,0.2373483,0.81917185
7755,7.755,0.23817097,0.82029814
7756,7.756,0.23479466,0.82998043
7757,7.757,0.22170003,0.8408877
7758,7.758,0.21843222,0.91453767
7759,7.759,0.22265653,0.87301093
7760,7.76,0.22150093,0.8194834
7761,7.761,0.21519114,0.8117447
7762,7.762,0.21393801,0.8012345
7763,7.763,0.19978899,0.7912307
7764,7.764,0.20461918,0.80571294
7765,7.765,0.20572545,0.78134656
7766,7.766,0.20786674,0.776702
7767,7.767,0.20554054,0.7479078
7768,7.768,0.1865753,0.74418706
7769,7.769,0.19338006,0.75199425
7770,7.77,0.20711178,0.80585873
7771,7.771,0.19951995,0.75294495
7772,7.772,0.19980931,0.812685
7773,7.773,0.18125305,0.8059088
7774,7.774,0.18705188,0.81583905
7775,7.775,0.18686396,0.84437114
7776,7.776,0.20123395,0.8556093
7777,7.777,0.19978006,0.80056095
7778,7.778,0.20634927,0.7433326
7779,7.779,0.2067258,0.7552494
7780,7.78,0.21332312,0.8165227
7781,7.781,0.20166552,0.840957
7782,7.782,0.2159643,0.8205006
7783,7.783,0.22282586,0.83576924
7784,7.784,0.2174294,0.8250477
7785,7.785,0.2188979,0.7916434
7786,7.786,0.22447729,0.82668746
7787,7.787,0.20820273,0.81522864
7788,7.788,0.21285449,0.7635786
7789,7.789,0.21421652,0.82055604
7790,7.79,0.22074075,0.7872565
7791,7.791,0.22447428,0.8416313
7792,7.792,0.21785882,0.7443252
7793,7.793,0.21713746,0.7760464
7794,7.794,0.19996813,0.78529674
7795,7.795,0.19478287,0.78472185
7796,7.796,0.21714,0.7724027
7797,7.797,0.20686772,0.814588
7798,7.798,0.20879145,0.7553832
7799,7.799,0.20949015,0.76443475
7800,7.8,0.20197374,0.7756743
7801,7.801,0.20058134,0.7752777
7802,7.802,0.20288768,0.77220625
7803,7.803,0.19787073,0.7749567
7804,7.804,0.20012069,0.77291596
7805,7.805,0.19995491,0.792935
7806,7.806,0.19866577,0.76480573
7807,7.807,0.18386936,0.7764892
7808,7.808,0.18508106,0.7589792
7809,7.809,0.18615206,0.7478965
7810,7.81,0.18554555,0.75813466
7811,7.811,0.19280076,0.78592664
7812,7.812,0.19528604,0.7715311
7813,7.813,0.19697909,0.7964871
7814,7.814,0.19507703,0.7625545
7815,7.815,0.17873546,0.74656916
7816,7.816,0.1889761,0.78540474
7817,7.817,0.19721134,0.7841173
7818,7.818,0.18877316,0.77234197
7819,7.819,0.19359216,0.8113654
7820,7.82,0.18873665,0.8075314
7821,7.821,0.19006367,0.76404136
7822,7.822,0.18999761,0.7549888
7823,7.823,0.20013453,0.7889469
7824,7.824,0.19909486,0.78869265
7825,7.825,0.2162712,0.801398
7826,7.826,0.21033958,0.77981436
7827,7.827,0.20334056,0.77691793
7828,7.828,0.20142527,0.79686743
7829,7.829,0.19969934,0.7645922
7830,7.83,0.20493166,0.7903832
7831,7.831,0.19938421,0.77416474
7832,7.832,0.2126972,0.84079957
7833,7.833,0.20430954,0.831307
7834,7.834,0.19642764,0.8203797
7835,7.835,0.20990884,0.8503413
7836,7.836,0.20169267,0.8244838
7837,7.837,0.21279494,0.8249484
7838,7.838,0.21331649,0.76793104
7839,7.839,0.19471715,0.839299
7840,7.84,0.19062547,0.8057581
7841,7.841,0.19995214,0.78088725
7842,7.842,0.20196703,0.76701176
7843,7.843,0.19387735,0.7603463
7844,7.844,0.20117769,0.8347358
7845,7.845,0.19574675,0.8405148
7846,7.846,0.19512875,0.84368646
7847,7.847,0.20333268,0.81854767
7848,7.848,0.19700782,0.8137509
7849,7.849,0.20639995,0.83218795
7850,7.85,0.19690254,0.778721
7851,7.851,0.19609973,0.8583597
7852,7.852,0.19342905,0.819697
7853,7.853,0.20851663,0.81802225
7854,7.854,0.2016472,0.8295476
7855,7.855,0.1975072,0.8439765
7856,7.856,0.20281944,0.7721029
7857,7.857,0.21842462,0.806553
7858,7.858,0.20106265,0.7642862
7859,7.859,0.20515911,0.76503605
7860,7.86,0.20205657,0.8305443
7861,7.861,0.21150552,0.81011176
7862,7.862,0.22151427,0.82965136
7863,7.863,0.22067691,0.8189852
7864,7.864,0.22723933,0.8123697
7865,7.865,0.22371733,0.8088538
7866,7.866,0.21651715,0.7493604
7867,7.867,0.2287874,0.7868758
7868,7.868,0.2124254,0.8524033
7869,7.869,0.21971123,0.8207091
7870,7.87,0.20997947,0.82543457
7871,7.871,0.2171842,0.78872067
7872,7.872,0.22560264,0.8498342
7873,7.873,0.21046473,0.81317925
7874,7.874,0.21878263,0.8000924
7875,7.875,0.21594949,0.8072202
7876,7.876,0.21132654,0.75582916
7877,7.877,0.2039593,0.80246675
7878,7.878,0.21478389,0.77715075
7879,7.879,0.21516654,0.80726665
7880,7.88,0.19737975,0.82946354
7881,7.881,0.18545865,0.8403125
7882,7.882,0.18496932,0.837318
7883,7.883,0.1886036,0.83047736
7884,7.884,0.18623334,0.7976851
7885,7.885,0.19114248,0.80084026
7886,7.886,0.1905089,0.8121898
7887,7.887,0.20186038,0.8310253
7888,7.888,0.20864877,0.83812326
7889,7.889,0.20296955,0.7974292
7890,7.89,0.1879559,0.7576976
7891,7.891,0.18799551,0.7512133
7892,7.892,0.19251685,0.7864233
7893,7.893,0.17845504,0.7756328
7894,7.894,0.17788213,0.8025919
7895,7.895,0.15852404,0.76406276
7896,7.896,0.1841148,0.74895054
7897,7.897,0.17979841,0.7876789
7898,7.898,0.18598871,0.72685516
7899,7.899,0.16933136,0.7422181
7900,7.9,0.16266748,0.78356975
7901,7.901,0.1690022,0.79828525
7902,7.902,0.15247495,0.7898107
7903,7.903,0.15901001,0.80829227
7904,7.904,0.15248261,0.825093
7905,7.905,0.14700094,0.8073244
7906,7.906,0.15136687,0.8190952
7907,7.907,0.15775172,0.79944897
7908,7.908,0.15547471,0.79151815
7909,7.909,0.16430983,0.7910608
7910,7.91,0.16607973,0.781117
7911,7.911,0.17617494,0.77642643
7912,7.912,0.18782131,0.75109375
7913,7.913,0.18496767,0.7954555
7914,7.914,0.1874465,0.7893951
7915,7.915,0.20085078,0.8016782
7916,7.916,0.20502082,0.78827304
7917,7.917,0.19814262,0.8413431
7918,7.918,0.20278151,0.8133103
7919,7.919,0.20675646,0.77661884
7920,7.92,0.18238565,0.82623076
7921,7.921,0.17340179,0.82030284
7922,7.922,0.17867109,0.8046767
7923,7.923,0.19215761,0.7776313
7924,7.924,0.20367675,0.82566464
7925,7.925,0.2071979,0.83245003
7926,7.926,0.20878054,0.81039
7927,7.927,0.21411596,0.84045887
7928,7.928,0.21382152,0.8292238
7929,7.929,0.21783763,0.8297273
7930,7.93,0.22972807,0.8181526
7931,7.931,0.219929,0.87613153
7932,7.932,0.2251164,0.84114045
7933,7.933,0.22345893,0.8203074
7934,7.934,0.22920977,0.82779634
7935,7.935,0.23183133,0.8434262
7936,7.936,0.22138064,0.8061099
7937,7.937,0.21743053,0.8308693
7938,7.938,0.22739469,0.82784384
7939,7.939,0.22579455,0.8532734
7940,7.94,0.22580901,0.826867
7941,7.941,0.2239812,0.80889946
7942,7.942,0.21676281,0.81636333
7943,7.943,0.21968071,0.80376107
7944,7.944,0.22244033,0.78896916
7945,7.945,0.21813992,0.800252
7946,7.946,0.21554652,0.8357583
7947,7.947,0.21914622,0.74273974
7948,7.948,0.20862606,0.79959315
7949,7.949,0.21145518,0.78728193
7950,7.95,0.20822784,0.8206766
7951,7.951,0.21231298,0.7882516
7952,7.952,0.21135303,0.8053703
7953,7.953,0.2236846,0.8031334
7954,7.954,0.2136027,0.83342016
7955,7.955,0.22329642,0.7910599
7956,7.956,0.22676012,0.79946476
7957,7.957,0.224152,0.8456389
7958,7.958,0.21816812,0.833419
7959,7.959,0.21791615,0.800948
7960,7.96,0.22064485,0.86930823
7961,7.961,0.23485544,0.84230477
7962,7.962,0.22292247,0.8510591
7963,7.963,0.22986168,0.8771666
7964,7.964,0.21655579,0.8793973
7965,7.965,0.23366934,0.8763186
7966,7.966,0.22759429,0.853843
7967,7.967,0.23360719,0.8631692
7968,7.968,0.23143049,0.838308
7969,7.969,0.22863999,0.88192797
7970,7.97,0.24169643,0.8254874
7971,7.971,0.23029383,0.7762848
7972,7.972,0.2487946,0.8884446
7973,7.973,0.23976111,0.8408318
7974,7.974,0.22747639,0.8854687
7975,7.975,0.23065636,0.87978107
7976,7.976,0.21335138,0.85435283
7977,7.977,0.2158543,0.8949988
7978,7.978,0.2254515,0.831372
7979,7.979,0.21981259,0.82252324
7980,7.98,0.23009202,0.79378575
7981,7.981,0.23436056,0.82869756
7982,7.982,0.25856364,0.8617685
7983,7.983,0.25870302,0.8643077
7984,7.984,0.25107786,0.8670084
7985,7.985,0.24581808,0.8455185
7986,7.986,0.23171611,0.84841985
7987,7.987,0.24071078,0.83381695
7988,7.988,0.23451619,0.80213356
7989,7.989,0.21728957,0.84475005
7990,7.99,0.22519264,0.869322
7991,7.991,0.21870948,0.8298077
7992,7.992,0.22703534,0.8496407
7993,7.993,0.22155844,0.80330086
7994,7.994,0.22760943,0.8418032
7995,7.995,0.2335877,0.8093684
7996,7.996,0.22793303,0.87355274
7997,7.997,0.22867282,0.87686956
7998,7.998,0.22673136,0.88655186
7999,7.999,0.21701926,0.87664264
8000,8.0,0.21280275,0.86523414
8001,8.001,0.20752221,0.8838729
8002,8.002,0.207878,0.9048729
8003,8.003,0.21120131,0.8483479
8004,8.004,0.20723888,0.8479632
8005,8.005,0.20526734,0.8801211
8006,8.006,0.21554968,0.8481854
8007,8.007,0.22022533,0.8125743
8008,8.008,0.22354813,0.90961397
8009,8.009,0.22127083,0.9118357
8010,8.01,0.2325849,0.87350076
8011,8.011,0.22028485,0.8408826
8012,8.012,0.22191083,0.78838915
8013,8.013,0.23043884,0.85711336
8014,8.014,0.23771587,0.86232305
8015,8.015,0.24239193,0.87342215
8016,8.016,0.22810951,0.87118304
8017,8.017,0.22306402,0.9029503
8018,8.018,0.24051236,0.9217257
8019,8.019,0.23599699,0.88348705
8020,8.02,0.22616294,0.8926974
8021,8.021,0.21530004,0.8708482
8022,8.022,0.21487439,0.75385183
8023,8.023,0.20728074,0.73723304
8024,8.024,0.2143776,0.8153107
8025,8.025,0.21154973,0.7302502
8026,8.026,0.2193982,0.73488474
8027,8.027,0.21964009,0.7318033
8028,8.028,0.21106726,0.7927733
8029,8.029,0.21033226,0.765935
8030,8.03,0.22229008,0.85446674
8031,8.031,0.23880665,0.8251212
8032,8.032,0.23866671,0.848715
8033,8.033,0.23178726,0.8017075
8034,8.034,0.22102544,0.85343117
8035,8.035,0.22572097,0.7661336
8036,8.036,0.22676446,0.83796835
8037,8.037,0.22492883,0.76115626
8038,8.038,0.21828936,0.74098766
8039,8.039,0.20180185,0.75094324
8040,8.04,0.2157876,0.7678176
8041,8.041,0.2184277,0.7653571
8042,8.042,0.20254746,0.7903123
8043,8.043,0.2093262,0.7411283
8044,8.044,0.19334729,0.75275815
8045,8.045,0.19581527,0.7748332
8046,8.046,0.18842277,0.75761867
8047,8.047,0.19218738,0.716111
8048,8.048,0.19158842,0.69934833
8049,8.049,0.19071324,0.7103962
8050,8.05,0.18632154,0.7164683
8051,8.051,0.20014098,0.70679647
8052,8.052,0.22173527,0.6898486
8053,8.053,0.22424448,0.75507325
8054,8.054,0.21301833,0.7765897
8055,8.055,0.21345662,0.7693898
8056,8.056,0.23823245,0.7677778
8057,8.057,0.21952353,0.7668299
8058,8.058,0.22018845,0.8654046
8059,8.059,0.22830418,0.75597423
8060,8.06,0.2029253,0.74649936
8061,8.061,0.20870331,0.8226422
8062,8.062,0.22394988,0.80834514
8063,8.063,0.22112785,0.8409835
8064,8.064,0.21291259,0.8410049
8065,8.065,0.21474178,0.8274223
8066,8.066,0.20690669,0.8089498
8067,8.067,0.21917064,0.848377
8068,8.068,0.22202171,0.8129303
8069,8.069,0.2158526,0.8224275
8070,8.07,0.22306596,0.7728252
8071,8.071,0.23841575,0.7666987
8072,8.072,0.21850291,0.82925826
8073,8.073,0.21626495,0.80696106
8074,8.074,0.220177,0.8317315
8075,8.075,0.21619894,0.83833617
8076,8.076,0.21610557,0.8125172
8077,8.077,0.21748175,0.8115049
8078,8.078,0.22510901,0.78704524
8079,8.079,0.20844726,0.80446434
8080,8.08,0.21439911,0.8341547
8081,8.081,0.21872132,0.917949
8082,8.082,0.20464173,0.92696
8083,8.083,0.21162157,0.82807976
8084,8.084,0.21542403,0.84753436
8085,8.085,0.21945821,0.8531541
8086,8.086,0.20861721,0.8013849
8087,8.087,0.20063809,0.7581439
8088,8.088,0.20717445,0.7997901
8089,8.089,0.21558763,0.7466382
8090,8.09,0.2094273,0.7831193
8091,8.091,0.20776431,0.7784432
8092,8.092,0.21409643,0.78328717
8093,8.093,0.21365714,0.8042726
8094,8.094,0.22572425,0.7740853
8095,8.095,0.20695218,0.7823384
8096,8.096,0.20274663,0.7774666
8097,8.097,0.18962258,0.80091375
8098,8.098,0.20253196,0.83967036
8099,8.099,0.1986224,0.7820149
8100,8.1,0.20825887,0.7693811
8101,8.101,0.20458339,0.77411956
8102,8.102,0.21077876,0.8021449
8103,8.103,0.21832544,0.77452
8104,8.104,0.21844292,0.80076456
8105,8.105,0.22729374,0.75924
8106,8.106,0.21874775,0.8036152
8107,8.107,0.21795905,0.8357375
8108,8.108,0.224301,0.84124064
8109,8.109,0.22122745,0.79932636
8110,8.11,0.2339546,0.8123447
8111,8.111,0.23733924,0.87119186
8112,8.112,0.24969044,0.8388166
8113,8.113,0.24413356,0.85267645
8114,8.114,0.24445267,0.8038052
8115,8.115,0.24681823,0.8177084
8116,8.116,0.26132467,0.8089952
8117,8.117,0.26376122,0.80691844
8118,8.118,0.2696182,0.8320134
8119,8.119,0.26591206,0.8150284
8120,8.12,0.2668443,0.8303759
8121,8.121,0.2763679,0.7757225
8122,8.122,0.26620066,0.80320036
8123,8.123,0.26424274,0.8332449
8124,8.124,0.25805962,0.82451385
8125,8.125,0.27184108,0.83836615
8126,8.126,0.26102784,0.7898719
8127,8.127,0.2680695,0.7801958
8128,8.128,0.26774365,0.8607534
8129,8.129,0.2662247,0.8497493
8130,8.13,0.26977333,0.8490175
8131,8.131,0.27506918,0.8524136
8132,8.132,0.28274652,0.901697
8133,8.133,0.28749487,0.8628524
8134,8.134,0.27928388,0.82651806
8135,8.135,0.29369554,0.8763144
8136,8.136,0.3022865,0.8745116
8137,8.137,0.29751328,0.8490033
8138,8.138,0.29462695,0.8326732
8139,8.139,0.3007839,0.8550294
8140,8.14,0.28999922,0.80686736
8141,8.141,0.2858295,0.8973567
8142,8.142,0.2738631,0.86547726
8143,8.143,0.2642581,0.8684245
8144,8.144,0.2744529,0.87711126
8145,8.145,0.26897573,0.86015093
8146,8.146,0.27375525,0.87037706
8147,8.147,0.25434253,0.8448887
8148,8.148,0.24334523,0.85516775
8149,8.149,0.24189568,0.8591215
8150,8.15,0.25308052,0.83463466
8151,8.151,0.26115182,0.785157
8152,8.152,0.24263828,0.7867213
8153,8.153,0.24510396,0.77724814
8154,8.154,0.2399412,0.77525455
8155,8.155,0.25497484,0.7502245
8156,8.156,0.26231146,0.74871176
8157,8.157,0.25564235,0.800267
8158,8.158,0.25591925,0.81118745
8159,8.159,0.25657234,0.7898866
8160,8.16,0.2706557,0.74290353
8161,8.161,0.2698176,0.7757519
8162,8.162,0.25880244,0.7967084
8163,8.163,0.24143612,0.77954376
8164,8.164,0.25594592,0.7927672
8165,8.165,0.27384266,0.8039316
8166,8.166,0.26983878,0.79936785
8167,8.167,0.26609874,0.84232587
8168,8.168,0.2555297,0.8453872
8169,8.169,0.25900397,0.8322716
8170,8.17,0.26442987,0.8374435
8171,8.171,0.26965654,0.80921316
8172,8.172,0.27068886,0.809832
8173,8.173,0.27918053,0.7743752
8174,8.174,0.2852559,0.804903
8175,8.175,0.27997214,0.6823369
8176,8.176,0.2676694,0.7415393
8177,8.177,0.25577086,0.8035857
8178,8.178,0.26043934,0.73225236
8179,8.179,0.25616387,0.7496508
8180,8.18,0.26597545,0.7547329
8181,8.181,0.27512106,0.77780014
8182,8.182,0.26549688,0.78895396
8183,8.183,0.2655951,0.8227114
8184,8.184,0.2682767,0.7900388
8185,8.185,0.28938925,0.8060124
8186,8.186,0.26746544,0.80967236
8187,8.187,0.28573114,0.7808779
8188,8.188,0.26266843,0.79287946
8189,8.189,0.2675181,0.83165294
8190,8.19,0.2749226,0.85466975
8191,8.191,0.28258282,0.83402085
8192,8.192,0.28731996,0.7154129
8193,8.193,0.28573284,0.81954175
8194,8.194,0.2878764,0.8626602
8195,8.195,0.29580593,0.8690233
8196,8.196,0.29967317,0.84833264
8197,8.197,0.3153925,0.8749421
8198,8.198,0.30554634,0.85353494
8199,8.199,0.30526307,0.7925604
8200,8.2,0.30820513,0.80710155
8201,8.201,0.3043056,0.77404433
8202,8.202,0.30590275,0.79156405
8203,8.203,0.30719733,0.81330955
8204,8.204,0.29115555,0.85744715
8205,8.205,0.29393908,0.8088772
8206,8.206,0.2985463,0.8125464
8207,8.207,0.29478082,0.82549876
8208,8.208,0.2822194,0.80963564
8209,8.209,0.30278194,0.79188955
8210,8.21,0.29475847,0.8238161
8211,8.211,0.28071398,0.78249174
8212,8.212,0.283414,0.79583246
8213,8.213,0.27730292,0.83096164
8214,8.214,0.26123685,0.85756946
8215,8.215,0.28066286,0.8661282
8216,8.216,0.29403096,0.8524676
8217,8.217,0.28716186,0.8035318
8218,8.218,0.28517264,0.82375425
8219,8.219,0.28527576,0.79741883
8220,8.22,0.29364735,0.79703003
8221,8.221,0.28655702,0.8584695
8222,8.222,0.27093354,0.8381675
8223,8.223,0.27252692,0.8652455
8224,8.224,0.27235958,0.8566321
8225,8.225,0.2897995,0.85648584
8226,8.226,0.29895493,0.8630065
8227,8.227,0.28222445,0.9044152
8228,8.228,0.2776074,0.8407397
8229,8.229,0.28950086,0.8139327
8230,8.23,0.27752584,0.8314187
8231,8.231,0.26421967,0.79772437
8232,8.232,0.2797822,0.8462178
8233,8.233,0.25071147,0.75323546
8234,8.234,0.25877059,0.7284241
8235,8.235,0.25664166,0.74515885
8236,8.236,0.2526781,0.7653214
8237,8.237,0.2645229,0.8630474
8238,8.238,0.26045915,0.87086195
8239,8.239,0.26746657,0.82708627
8240,8.24,0.26555806,0.81028205
8241,8.241,0.26751742,0.79289675
8242,8.242,0.27379122,0.82957894
8243,8.243,0.2697421,0.8719313
8244,8.244,0.26876086,0.84228736
8245,8.245,0.26306495,0.82576144
8246,8.246,0.24548846,0.85649234
8247,8.247,0.25694832,0.9123898
8248,8.248,0.23751518,0.8795313
8249,8.249,0.23243855,0.86027426
8250,8.25,0.22970958,0.87968826
8251,8.251,0.2387149,0.87969434
8252,8.252,0.25415185,0.83521336
8253,8.253,0.23785973,0.8628915
8254,8.254,0.23263514,0.8430105
8255,8.255,0.2475627,0.891638
8256,8.256,0.2536682,0.8082443
8257,8.257,0.26702893,0.81248015
8258,8.258,0.27166903,0.8599915
8259,8.259,0.2555774,0.827715
8260,8.26,0.26371154,0.813572
8261,8.261,0.26457664,0.80458313
8262,8.262,0.24222484,0.8070056
8263,8.263,0.22254956,0.7902303
8264,8.264,0.21847193,0.8138248
8265,8.265,0.21725614,0.8148154
8266,8.266,0.23070249,0.7962372
8267,8.267,0.22732946,0.78723425
8268,8.268,0.23195921,0.8330708
8269,8.269,0.24055481,0.8011981
8270,8.27,0.22542311,0.79728496
8271,8.271,0.23507959,0.7835137
8272,8.272,0.2500389,0.8049087
8273,8.273,0.24783719,0.86607355
8274,8.274,0.24810119,0.8127794
8275,8.275,0.24428473,0.8475158
8276,8.276,0.2383427,0.8273177
8277,8.277,0.24645126,0.7863644
8278,8.278,0.24483846,0.79244715
8279,8.279,0.24915022,0.82034993
8280,8.28,0.24274449,0.82445055
8281,8.281,0.2461645,0.84141874
8282,8.282,0.2549642,0.8427125
8283,8.283,0.2590422,0.81409615
8284,8.284,0.26122507,0.83350885
8285,8.285,0.24030583,0.77051723
8286,8.286,0.244391,0.7964203
8287,8.287,0.24186388,0.7988845
8288,8.288,0.23050185,0.79299873
8289,8.289,0.24417943,0.7642167
8290,8.29,0.25497195,0.6976759
8291,8.291,0.2561682,0.7846476
8292,8.292,0.24517222,0.85612744
8293,8.293,0.2282853,0.8118138
8294,8.294,0.24669206,0.8050814
8295,8.295,0.23826215,0.78343153
8296,8.296,0.24560724,0.78245926
8297,8.297,0.23818518,0.7349265
8298,8.298,0.2550641,0.72472644
8299,8.299,0.2697925,0.7399516
8300,8.3,0.25644496,0.809403
8301,8.301,0.26013815,0.8438048
8302,8.302,0.25467423,0.77407515
8303,8.303,0.24557893,0.820171
8304,8.304,0.24539948,0.8305565
8305,8.305,0.23241208,0.81832707
8306,8.306,0.22231057,0.82336223
8307,8.307,0.22673379,0.80586696
8308,8.308,0.23352025,0.84817374
8309,8.309,0.23395012,0.79284936
8310,8.31,0.24445242,0.8134352
8311,8.311,0.24681799,0.8213219
8312,8.312,0.2499557,0.8475447
8313,8.313,0.2566637,0.84414995
8314,8.314,0.24877086,0.79692733
8315,8.315,0.24288462,0.83403736
8316,8.316,0.26319075,0.7941292
8317,8.317,0.24593544,0.826388
8318,8.318,0.24142823,0.78699154
8319,8.319,0.23712708,0.77647495
8320,8.32,0.23484339,0.8488659
8321,8.321,0.22867496,0.82412827
8322,8.322,0.23263012,0.7869657
8323,8.323,0.2192324,0.8082798
8324,8.324,0.2373128,0.8584255
8325,8.325,0.24587715,0.82969826
8326,8.326,0.2387577,0.80213106
8327,8.327,0.23758072,0.8517342
8328,8.328,0.23980321,0.8493819
8329,8.329,0.2402756,0.8418295
8330,8.33,0.23127492,0.84038144
8331,8.331,0.22326887,0.8979264
8332,8.332,0.24313529,0.85159826
8333,8.333,0.24935831,0.830746
8334,8.334,0.26455292,0.8175748
8335,8.335,0.25101927,0.87006146
8336,8.336,0.2449706,0.8966159
8337,8.337,0.23616691,0.8708211
8338,8.338,0.23806116,0.8459548
8339,8.339,0.22692584,0.85658956
8340,8.34,0.23855479,0.8453341
8341,8.341,0.23965742,0.8632389
8342,8.342,0.24092565,0.90020525
8343,8.343,0.2250147,0.8758734
8344,8.344,0.23377043,0.92838633
8345,8.345,0.23120095,0.88405466
8346,8.346,0.23244491,0.8912185
8347,8.347,0.2400058,0.9369999
8348,8.348,0.25428906,0.90822303
8349,8.349,0.25170833,0.9154074
8350,8.35,0.24507834,0.9006605
8351,8.351,0.24743567,0.9230606
8352,8.352,0.27028716,0.943961
8353,8.353,0.25925422,0.92559123
8354,8.354,0.26140684,0.9276878
8355,8.355,0.28185752,0.9231625
8356,8.356,0.27512217,0.8889211
8357,8.357,0.25877985,0.89955825
8358,8.358,0.25106388,0.8926952
8359,8.359,0.25408018,0.87484026
8360,8.36,0.23942703,0.86852413
8361,8.361,0.2573479,0.83821046
8362,8.362,0.25052857,0.8142027
8363,8.363,0.24304265,0.87543285
8364,8.364,0.23681422,0.8183982
8365,8.365,0.23346598,0.87545186
8366,8.366,0.23950411,0.85995567
8367,8.367,0.2500812,0.89761984
8368,8.368,0.2500214,0.83437175
8369,8.369,0.2618666,0.91019094
8370,8.37,0.25226527,0.8876968
8371,8.371,0.25179875,0.8734594
8372,8.372,0.24225989,0.87591517
8373,8.373,0.2439349,0.8034351
8374,8.374,0.24804911,0.81320703
8375,8.375,0.24456163,0.83789426
8376,8.376,0.24297377,0.8561753
8377,8.377,0.23011743,0.82476425
8378,8.378,0.24560623,0.8441539
8379,8.379,0.24772693,0.8124793
8380,8.38,0.26531816,0.81489944
8381,8.381,0.263914,0.8189023
8382,8.382,0.24651167,0.82650924
8383,8.383,0.2475212,0.8641988
8384,8.384,0.2797602,0.8057068
8385,8.385,0.26672575,0.82876796
8386,8.386,0.26375446,0.8653244
8387,8.387,0.2753504,0.82420176
8388,8.388,0.27533007,0.82907075
8389,8.389,0.29712877,0.79215384
8390,8.39,0.30075938,0.7728465
8391,8.391,0.3199783,0.8196387
8392,8.392,0.3185352,0.76664764
8393,8.393,0.31746292,0.83283216
8394,8.394,0.3087887,0.8217939
8395,8.395,0.31957173,0.81562626
8396,8.396,0.33418292,0.8366249
8397,8.397,0.34187213,0.8386697
8398,8.398,0.33081266,0.8393517
8399,8.399,0.33595416,0.8594761
8400,8.4,0.3382659,0.84384245
8401,8.401,0.3338917,0.8656058
8402,8.402,0.3129423,0.84169793
8403,8.403,0.32045174,0.83012646
8404,8.404,0.3165326,0.82116914
8405,8.405,0.31646517,0.81324416
8406,8.406,0.3024727,0.8033847
8407,8.407,0.3124939,0.7756463
8408,8.408,0.30137306,0.79808646
8409,8.409,0.30148268,0.78419095
8410,8.41,0.289341,0.7928423
8411,8.411,0.29798317,0.8216425
8412,8.412,0.2967268,0.79815954
8413,8.413,0.3074422,0.8086281
8414,8.414,0.30390075,0.8030146
8415,8.415,0.31568146,0.8206807
8416,8.416,0.30217394,0.81880987
8417,8.417,0.29739702,0.7888248
8418,8.418,0.29515418,0.80564606
8419,8.419,0.28881612,0.83360755
8420,8.42,0.2902429,0.81912416
8421,8.421,0.29061174,0.81579024
8422,8.422,0.29457203,0.8158535
8423,8.423,0.30894864,0.81169236
8424,8.424,0.313865,0.8066362
8425,8.425,0.29831707,0.8285709
8426,8.426,0.29599828,0.80461407
8427,8.427,0.28239617,0.8354043
8428,8.428,0.29201964,0.800707
8429,8.429,0.2976185,0.8154046
8430,8.43,0.28974602,0.8336902
8431,8.431,0.30401593,0.7683028
8432,8.432,0.28179702,0.80611706
8433,8.433,0.29541215,0.82441306
8434,8.434,0.29027936,0.8294836
8435,8.435,0.2872846,0.83112186
8436,8.436,0.2757249,0.80557704
8437,8.437,0.26951322,0.8067805
8438,8.438,0.26204228,0.80945116
8439,8.439,0.25821218,0.8255174
8440,8.44,0.26987186,0.8617413
8441,8.441,0.2783438,0.8406226
8442,8.442,0.26553002,0.8449056
8443,8.443,0.2671897,0.8180536
8444,8.444,0.2645378,0.84546375
8445,8.445,0.2590707,0.82969874
8446,8.446,0.24902202,0.8441275
8447,8.447,0.25753528,0.79963994
8448,8.448,0.2604242,0.8604239
8449,8.449,0.2472195,0.8151921
8450,8.45,0.25841367,0.80030113
8451,8.451,0.26159152,0.8375764
8452,8.452,0.25239035,0.82109475
8453,8.453,0.2570161,0.8402009
8454,8.454,0.26362777,0.8204058
8455,8.455,0.25048092,0.8285633
8456,8.456,0.2502423,0.86751705
8457,8.457,0.25036988,0.82538545
8458,8.458,0.2499072,0.83950067
8459,8.459,0.23456761,0.8495999
8460,8.46,0.22092353,0.7905458
8461,8.461,0.22427823,0.836141
8462,8.462,0.23055577,0.8665061
8463,8.463,0.22367223,0.8358885
8464,8.464,0.21363238,0.824473
8465,8.465,0.20149672,0.79604465
8466,8.466,0.20869122,0.88042605
8467,8.467,0.21493365,0.8440234
8468,8.468,0.20391737,0.78865343
8469,8.469,0.20244627,0.81565243
8470,8.47,0.20190486,0.8020183
8471,8.471,0.19160448,0.81395864
8472,8.472,0.20410737,0.82073784
8473,8.473,0.19607149,0.7917658
8474,8.474,0.19753586,0.8467827
8475,8.475,0.20846173,0.76522565
8476,8.476,0.19775781,0.83516425
8477,8.477,0.2133681,0.832836
8478,8.478,0.2130163,0.7988513
8479,8.479,0.2068609,0.7858065
8480,8.48,0.21157183,0.84022254
8481,8.481,0.2234124,0.8750516
8482,8.482,0.21771531,0.85138667
8483,8.483,0.20951982,0.84309727
8484,8.484,0.19996229,0.84997016
8485,8.485,0.20635284,0.85253084
8486,8.486,0.2069403,0.86383283
8487,8.487,0.2106608,0.785966
8488,8.488,0.24700761,0.87827045
8489,8.489,0.22185427,0.86814046
8490,8.49,0.21054101,0.80672807
8491,8.491,0.22272809,0.8214785
8492,8.492,0.21338598,0.8709003
8493,8.493,0.20557286,0.868866
8494,8.494,0.21082692,0.8641271
8495,8.495,0.20080085,0.81059927
8496,8.496,0.21238106,0.8591531
8497,8.497,0.20905149,0.86620986
8498,8.498,0.21709098,0.873439
8499,8.499,0.2055118,0.837046
8500,8.5,0.21507074,0.7974874
8501,8.501,0.19890782,0.86085904
8502,8.502,0.19650625,0.8742743
8503,8.503,0.20298259,0.9055502
8504,8.504,0.20882268,0.8632696
8505,8.505,0.19058092,0.83094174
8506,8.506,0.21164453,0.8805265
8507,8.507,0.20530212,0.8542594
8508,8.508,0.19523059,0.8355038
8509,8.509,0.20105898,0.8809662
8510,8.51,0.21045391,0.87424713
8511,8.511,0.20312741,0.8227521
8512,8.512,0.20489533,0.86883146
8513,8.513,0.20805342,0.9067679
8514,8.514,0.21424466,0.82847524
8515,8.515,0.20380962,0.8488793
8516,8.516,0.21075073,0.8693936
8517,8.517,0.20751244,0.91388685
8518,8.518,0.21845025,0.8723226
8519,8.519,0.22801617,0.9192748
8520,8.52,0.2104358,0.90735817
8521,8.521,0.20889457,0.84937364
8522,8.522,0.2029938,0.9103012
8523,8.523,0.21368018,0.8295092
8524,8.524,0.20465916,0.88845295
8525,8.525,0.20508413,0.81127167
8526,8.526,0.20122324,0.8921859
8527,8.527,0.20477578,0.87786144
8528,8.528,0.19064192,0.8750836
8529,8.529,0.19745205,0.8417124
8530,8.53,0.18087076,0.88205886
8531,8.531,0.1902232,0.84258825
8532,8.532,0.19533204,0.85092777
8533,8.533,0.2000432,0.83483547
8534,8.534,0.20459843,0.82239056
8535,8.535,0.20950983,0.8325904
8536,8.536,0.21717967,0.89432615
8537,8.537,0.20180734,0.8862257
8538,8.538,0.20337081,0.9002825
8539,8.539,0.20835043,0.81622285
8540,8.54,0.21439911,0.8552301
8541,8.541,0.20804013,0.8668606
8542,8.542,0.20839295,0.8652542
8543,8.543,0.20809986,0.86105436
8544,8.544,0.20728786,0.8748246
8545,8.545,0.21275821,0.8305782
8546,8.546,0.22931229,0.8438148
8547,8.547,0.21793194,0.8374527
8548,8.548,0.22432156,0.8462385
8549,8.549,0.22692232,0.85655236
8550,8.55,0.23185495,0.83249694
8551,8.551,0.23018399,0.8322146
8552,8.552,0.22977707,0.83861226
8553,8.553,0.22145788,0.81606513
8554,8.554,0.21946186,0.8507738
8555,8.555,0.2228946,0.87762785
8556,8.556,0.22102682,0.8326505
8557,8.557,0.22734435,0.836036
8558,8.558,0.23408289,0.8492439
8559,8.559,0.22068834,0.8038927
8560,8.56,0.21889368,0.7854077
8561,8.561,0.21286374,0.86707276
8562,8.562,0.21487553,0.8461207
8563,8.563,0.20759337,0.879754
8564,8.564,0.22597243,0.8957175
8565,8.565,0.21119256,0.83580273
8566,8.566,0.22108166,0.8219918
8567,8.567,0.20895728,0.8143053
8568,8.568,0.21560875,0.8237611
8569,8.569,0.21588965,0.82515746
8570,8.57,0.20235142,0.79060155
8571,8.571,0.19459197,0.8670109
8572,8.572,0.21250966,0.8376767
8573,8.573,0.19858864,0.84637797
8574,8.574,0.22017588,0.85047174
8575,8.575,0.21932022,0.80007285
8576,8.576,0.2177413,0.86709833
8577,8.577,0.20709276,0.8039682
8578,8.578,0.22343057,0.80279666
8579,8.579,0.22137146,0.8106958
8580,8.58,0.21375647,0.80886763
8581,8.581,0.22059186,0.85033506
8582,8.582,0.20160906,0.7463973
8583,8.583,0.20462188,0.84900266
8584,8.584,0.1979503,0.793788
8585,8.585,0.19030857,0.8327247
8586,8.586,0.2027108,0.78217256
8587,8.587,0.18817641,0.7955873
8588,8.588,0.19672905,0.83528155
8589,8.589,0.19742307,0.84863293
8590,8.59,0.19450818,0.7981311
8591,8.591,0.2085001,0.82794356
8592,8.592,0.20475085,0.7940516
8593,8.593,0.19835521,0.8191263
8594,8.594,0.19978806,0.88991696
8595,8.595,0.18944176,0.85784924
8596,8.596,0.1902413,0.85591406
8597,8.597,0.18873893,0.8521248
8598,8.598,0.18542546,0.83918816
8599,8.599,0.18296263,0.7305425
8600,8.6,0.18379873,0.8508204
8601,8.601,0.1775477,0.78219575
8602,8.602,0.19334824,0.7563212
8603,8.603,0.18750492,0.8768035
8604,8.604,0.18553759,0.8807797
8605,8.605,0.17607641,0.8203679
8606,8.606,0.183954,0.7790768
8607,8.607,0.1733773,0.814333
8608,8.608,0.18047231,0.79001766
8609,8.609,0.17940512,0.8482638
8610,8.61,0.1595909,0.7973459
8611,8.611,0.17670776,0.812007
8612,8.612,0.16991282,0.8394367
8613,8.613,0.18105878,0.83803284
8614,8.614,0.17373076,0.8421085
8615,8.615,0.17397955,0.8341269
8616,8.616,0.16982335,0.85824573
8617,8.617,0.15567957,0.7717174
8618,8.618,0.15449454,0.83323365
8619,8.619,0.15431522,0.8241243
8620,8.62,0.15971886,0.82494473
8621,8.621,0.15820545,0.83872825
8622,8.622,0.14970379,0.82260174
8623,8.623,0.16062886,0.7728138
8624,8.624,0.18031439,0.7961913
8625,8.625,0.17521611,0.8596259
8626,8.626,0.18587255,0.86233354
8627,8.627,0.18895167,0.8516352
8628,8.628,0.18013892,0.8840468
8629,8.629,0.17716366,0.82728356
8630,8.63,0.16850454,0.83022404
8631,8.631,0.1708157,0.8105973
8632,8.632,0.18790056,0.75713295
8633,8.633,0.18024033,0.78567404
8634,8.634,0.1814081,0.7697951
8635,8.635,0.19116277,0.84306735
8636,8.636,0.19232884,0.8598177
8637,8.637,0.1940591,0.8857965
8638,8.638,0.16572556,0.81592286
8639,8.639,0.17237794,0.8431884
8640,8.64,0.17431201,0.83272016
8641,8.641,0.16787276,0.8223786
8642,8.642,0.18341404,0.8204879
8643,8.643,0.15449971,0.8089136
8644,8.644,0.17327721,0.8117077
8645,8.645,0.17670986,0.8327319
8646,8.646,0.18999957,0.7742106
8647,8.647,0.192667,0.8192479
8648,8.648,0.18757349,0.7819793
8649,8.649,0.19717328,0.80707675
8650,8.65,0.2053132,0.81648445
8651,8.651,0.2072665,0.8090208
8652,8.652,0.19315593,0.8850806
8653,8.653,0.20870538,0.8178905
8654,8.654,0.21389833,0.8977247
8655,8.655,0.19644831,0.7768414
8656,8.656,0.18611568,0.79019165
8657,8.657,0.20283128,0.81401926
8658,8.658,0.21028692,0.80954117
8659,8.659,0.21180843,0.8632088
8660,8.66,0.20362781,0.78921086
8661,8.661,0.22032672,0.82900405
8662,8.662,0.23447159,0.81877244
8663,8.663,0.23358192,0.83444935
8664,8.664,0.230015,0.8010954
8665,8.665,0.23507565,0.82878196
8666,8.666,0.2403908,0.8250905
8667,8.667,0.21960479,0.8150146
8668,8.668,0.23317881,0.7981536
8669,8.669,0.22117877,0.8129669
8670,8.67,0.21231472,0.8018607
8671,8.671,0.22008951,0.8122959
8672,8.672,0.22322312,0.825456
8673,8.673,0.24422202,0.8059697
8674,8.674,0.22017811,0.8739417
8675,8.675,0.23513244,0.8893269
8676,8.676,0.24109414,0.9055973
8677,8.677,0.24095757,0.87574375
8678,8.678,0.24369945,0.8614921
8679,8.679,0.24398583,0.88738126
8680,8.68,0.23678875,0.87406385
8681,8.681,0.21989065,0.8466843
8682,8.682,0.21648163,0.8740468
8683,8.683,0.21526575,0.8397479
8684,8.684,0.21401939,0.8537177
8685,8.685,0.2204998,0.8689024
8686,8.686,0.2014842,0.85115093
8687,8.687,0.19147182,0.8538638
8688,8.688,0.1947917,0.79097646
8689,8.689,0.20261578,0.86532235
8690,8.69,0.19986165,0.79353756
8691,8.691,0.1973071,0.8358827
8692,8.692,0.21386266,0.81451494
8693,8.693,0.21300648,0.80947393
8694,8.694,0.21139291,0.86133933
8695,8.695,0.21760958,0.83572286
8696,8.696,0.23427312,0.8245503
8697,8.697,0.2187905,0.80537397
8698,8.698,0.23959272,0.7471187
8699,8.699,0.24901214,0.7770223
8700,8.7,0.22368322,0.8746451
8701,8.701,0.2319502,0.8357379
8702,8.702,0.2413431,0.82678026
8703,8.703,0.2641088,0.84764135
8704,8.704,0.25763607,0.8316085
8705,8.705,0.26602912,0.881247
8706,8.706,0.2776998,0.81035143
8707,8.707,0.2665901,0.8853901
8708,8.708,0.27381098,0.8459436
8709,8.709,0.27689415,0.8718791
8710,8.71,0.26944062,0.8367717
8711,8.711,0.25624913,0.8531001
8712,8.712,0.27321553,0.878139
8713,8.713,0.27521408,0.8609915
8714,8.714,0.27813926,0.8393929
8715,8.715,0.26747417,0.87514395
8716,8.716,0.27443922,0.8468566
8717,8.717,0.27691504,0.8223809
8718,8.718,0.27977803,0.82640296
8719,8.719,0.27683058,0.84618783
8720,8.72,0.26749232,0.8162244
8721,8.721,0.25384882,0.80688053
8722,8.722,0.25943333,0.8447422
8723,8.723,0.2583551,0.7551805
8724,8.724,0.27398667,0.8469966
8725,8.725,0.2711839,0.83763754
8726,8.726,0.2691269,0.823906
8727,8.727,0.27551237,0.8643313
8728,8.728,0.26066908,0.8380424
8729,8.729,0.26739618,0.7942783
8730,8.73,0.26731056,0.81274754
8731,8.731,0.2664915,0.82623595
8732,8.732,0.25704432,0.8156038
8733,8.733,0.25729865,0.84484303
8734,8.734,0.26242143,0.7419173
8735,8.735,0.2581707,0.8215129
8736,8.736,0.24928083,0.7630125
8737,8.737,0.24299455,0.82924974
8738,8.738,0.24196358,0.83359873
8739,8.739,0.24770483,0.8498131
8740,8.74,0.26604277,0.87323654
8741,8.741,0.27753624,0.8879971
8742,8.742,0.27888948,0.89408165
8743,8.743,0.27284914,0.8693392
8744,8.744,0.27201644,0.88219976
8745,8.745,0.2637561,0.90598196
8746,8.746,0.2586714,0.8259188
8747,8.747,0.25105947,0.8321217
8748,8.748,0.26455897,0.8950166
8749,8.749,0.2584232,0.83104545
8750,8.75,0.26148307,0.8305164
8751,8.751,0.2602791,0.86266124
8752,8.752,0.28281745,0.8521447
8753,8.753,0.27665874,0.87038994
8754,8.754,0.25774306,0.87927216
8755,8.755,0.2729073,0.8973481
8756,8.756,0.27216998,0.9343493
8757,8.757,0.2574691,0.8899542
8758,8.758,0.2515731,0.90406287
8759,8.759,0.25536305,0.95037276
8760,8.76,0.25409445,0.86851525
8761,8.761,0.24088147,0.8625442
8762,8.762,0.2516225,0.8649379
8763,8.763,0.26181114,0.94151497
8764,8.764,0.26811197,0.88217497
8765,8.765,0.2673092,0.903047
8766,8.766,0.25502598,0.89474505
8767,8.767,0.24236095,0.8708306
8768,8.768,0.24073558,0.8638105
8769,8.769,0.25189742,0.8814363
8770,8.77,0.24633041,0.8152836
8771,8.771,0.25676844,0.8326056
8772,8.772,0.24790198,0.8987259
8773,8.773,0.25114056,0.84878725
8774,8.774,0.25767857,0.7939302
8775,8.775,0.2565443,0.82659215
8776,8.776,0.2473061,0.8004045
8777,8.777,0.23602568,0.80452806
8778,8.778,0.23020457,0.783851
8779,8.779,0.24458201,0.82040036
8780,8.78,0.23450911,0.83777505
8781,8.781,0.22718734,0.8729435
8782,8.782,0.22889064,0.8135722
8783,8.783,0.22759402,0.83177644
8784,8.784,0.21898502,0.85517085
8785,8.785,0.22509782,0.8253371
8786,8.786,0.22370137,0.8683815
8787,8.787,0.21335052,0.8257049
8788,8.788,0.20928799,0.8472124
8789,8.789,0.21550256,0.85205364
8790,8.79,0.20586596,0.8001608
8791,8.791,0.2200459,0.83133394
8792,8.792,0.22803856,0.8159515
8793,8.793,0.23308617,0.78284484
8794,8.794,0.22896484,0.84655637
8795,8.795,0.21701416,0.81438804
8796,8.796,0.20495658,0.75819
8797,8.797,0.19131944,0.7725333
8798,8.798,0.21091999,0.7443624
8799,8.799,0.20956767,0.7213928
8800,8.8,0.21809113,0.7790286
8801,8.801,0.22877745,0.7979146
8802,8.802,0.22052184,0.80332273
8803,8.803,0.22410725,0.78559345
8804,8.804,0.20560518,0.8140318
8805,8.805,0.20291498,0.7790341
8806,8.806,0.19011772,0.79592127
8807,8.807,0.2110629,0.8013253
8808,8.808,0.2060873,0.82800627
8809,8.809,0.20112202,0.81475484
8810,8.81,0.1993049,0.82089734
8811,8.811,0.19375163,0.8505009
8812,8.812,0.20068377,0.81750673
8813,8.813,0.215486,0.8001756
8814,8.814,0.19654444,0.8097734
8815,8.815,0.19774413,0.81408155
8816,8.816,0.18564865,0.753884
8817,8.817,0.18467005,0.7860644
8818,8.818,0.18973838,0.7874953
8819,8.819,0.18192832,0.83897907
8820,8.82,0.18761842,0.81660455
8821,8.821,0.19056252,0.8223504
8822,8.822,0.17942812,0.8475356
8823,8.823,0.18067914,0.83101344
8824,8.824,0.18638955,0.81084067
8825,8.825,0.18811558,0.8197227
8826,8.826,0.18117665,0.8050199
8827,8.827,0.18450437,0.8547077
8828,8.828,0.19563042,0.80768484
8829,8.829,0.17744854,0.80883056
8830,8.83,0.19237714,0.79361427
8831,8.831,0.19636467,0.789876
8832,8.832,0.19766788,0.7749718
8833,8.833,0.1936322,0.7828969
8834,8.834,0.19367668,0.75655645
8835,8.835,0.19543596,0.7740668
8836,8.836,0.16957137,0.7636199
8837,8.837,0.17296197,0.7722051
8838,8.838,0.15716404,0.77580345
8839,8.839,0.17567621,0.7604094
8840,8.84,0.15629764,0.6722733
8841,8.841,0.16429523,0.73016447
8842,8.842,0.16352646,0.7583315
8843,8.843,0.16886272,0.7607183
8844,8.844,0.17076778,0.7661589
8845,8.845,0.18792021,0.74939114
8846,8.846,0.17317136,0.74990076
8847,8.847,0.18995163,0.7683587
8848,8.848,0.17052802,0.78791076
8849,8.849,0.17277262,0.793852
8850,8.85,0.18127443,0.76911724
8851,8.851,0.17988497,0.75469255
8852,8.852,0.19141558,0.76756805
8853,8.853,0.17890681,0.76502013
8854,8.854,0.16863191,0.7727404
8855,8.855,0.1727231,0.78367853
8856,8.856,0.18332444,0.7928914
8857,8.857,0.19180636,0.7525083
8858,8.858,0.19349267,0.71816933
8859,8.859,0.20755187,0.7793842
8860,8.86,0.18305205,0.7539489
8861,8.861,0.16685848,0.7887723
8862,8.862,0.16376258,0.7664123
8863,8.863,0.17164753,0.7548478
8864,8.864,0.17843297,0.7533286
8865,8.865,0.18714198,0.7527924
8866,8.866,0.17277972,0.7451716
8867,8.867,0.17249925,0.81681746
8868,8.868,0.16789877,0.79277015
8869,8.869,0.16700996,0.7697278
8870,8.87,0.1748463,0.8026733
8871,8.871,0.16688724,0.795909
8872,8.872,0.18761088,0.76923764
8873,8.873,0.17441224,0.8337122
8874,8.874,0.18267252,0.791686
8875,8.875,0.16669467,0.8029565
8876,8.876,0.1735823,0.8088146
8877,8.877,0.18618411,0.8301328
8878,8.878,0.18405029,0.8157358
8879,8.879,0.19185671,0.81705785
8880,8.88,0.16544203,0.8037961
8881,8.881,0.17998788,0.79727
8882,8.882,0.1613344,0.8118151
8883,8.883,0.16478658,0.77902484
8884,8.884,0.16095717,0.7626794
8885,8.885,0.17314862,0.7589374
8886,8.886,0.16385497,0.7782083
8887,8.887,0.16362576,0.7730304
8888,8.888,0.15651439,0.7631476
8889,8.889,0.1621902,0.8261922
8890,8.89,0.16437647,0.7832947
8891,8.891,0.16335669,0.82884306
8892,8.892,0.18231378,0.7684705
8893,8.893,0.18416525,0.7905682
8894,8.894,0.1973046,0.8003022
8895,8.895,0.18101153,0.79970574
8896,8.896,0.18114303,0.77473843
8897,8.897,0.18432489,0.7650645
8898,8.898,0.15878929,0.8320959
8899,8.899,0.16269396,0.82635623
8900,8.9,0.17313725,0.80889475
8901,8.901,0.17499228,0.78861654
8902,8.902,0.16771324,0.81130105
8903,8.903,0.1637389,0.8054782
8904,8.904,0.17452332,0.8003368
8905,8.905,0.15794039,0.78400916
8906,8.906,0.15154603,0.77139735
8907,8.907,0.16865198,0.7410304
8908,8.908,0.16275294,0.7449944
8909,8.909,0.15496892,0.8023771
8910,8.91,0.14957179,0.78684145
8911,8.911,0.15931655,0.7788964
8912,8.912,0.1603298,0.7657757
8913,8.913,0.16962326,0.8214003
8914,8.914,0.18135214,0.76412076
8915,8.915,0.19749506,0.77545345
8916,8.916,0.1909399,0.7875827
8917,8.917,0.18167415,0.75480545
8918,8.918,0.17915632,0.7888394
8919,8.919,0.18706338,0.8076461
8920,8.92,0.18160675,0.8223195
8921,8.921,0.17988497,0.7984579
8922,8.922,0.19020379,0.76308715
8923,8.923,0.19912392,0.81420875
8924,8.924,0.18338987,0.75393957
8925,8.925,0.18435025,0.7786429
8926,8.926,0.1782584,0.7911154
8927,8.927,0.17212218,0.7970347
8928,8.928,0.19858585,0.79939955
8929,8.929,0.19746421,0.7635331
8930,8.93,0.19923851,0.79392916
8931,8.931,0.19230291,0.7669044
8932,8.932,0.18745734,0.8153193
8933,8.933,0.19210444,0.8054109
8934,8.934,0.19532415,0.72656775
8935,8.935,0.17781225,0.7836535
8936,8.936,0.1880315,0.74003077
8937,8.937,0.19264048,0.7092862
8938,8.938,0.20033364,0.7491848
8939,8.939,0.19884625,0.76017976
8940,8.94,0.1908329,0.71443266
8941,8.941,0.19439775,0.70071095
8942,8.942,0.19787073,0.7706166
8943,8.943,0.19255935,0.73031354
8944,8.944,0.20548515,0.76925766
8945,8.945,0.19710211,0.76691383
8946,8.946,0.20885274,0.7820093
8947,8.947,0.19812678,0.802297
8948,8.948,0.20062397,0.8003545
8949,8.949,0.1985217,0.8055748
8950,8.95,0.20651379,0.77197677
8951,8.951,0.18765974,0.7837774
8952,8.952,0.19603351,0.77434665
8953,8.953,0.1958674,0.78314346
8954,8.954,0.21075949,0.7430579
8955,8.955,0.19070776,0.7503256
8956,8.956,0.1945085,0.77410084
8957,8.957,0.18842016,0.8121615
8958,8.958,0.203758,0.752792
8959,8.959,0.19769278,0.7912775
8960,8.96,0.22227569,0.7585589
8961,8.961,0.22162479,0.7323513
8962,8.962,0.21755727,0.72034657
8963,8.963,0.20402415,0.73284155
8964,8.964,0.20230399,0.7226894
8965,8.965,0.18807894,0.77307874
8966,8.966,0.194714,0.7602304
8967,8.967,0.1847037,0.74560547
8968,8.968,0.1821166,0.78483945
8969,8.969,0.17059764,0.8002792
8970,8.97,0.17006484,0.7991209
8971,8.971,0.14833799,0.790541
8972,8.972,0.16793175,0.7854049
8973,8.973,0.1518243,0.785294
8974,8.974,0.16131647,0.765681
8975,8.975,0.16187769,0.7656449
8976,8.976,0.16677107,0.7518678
8977,8.977,0.18094252,0.7751947
8978,8.978,0.17914258,0.70646864
8979,8.979,0.16794677,0.79433787
8980,8.98,0.14506155,0.7631797
8981,8.981,0.16739194,0.7687061
8982,8.982,0.15728927,0.78161865
8983,8.983,0.16068247,0.7446718
8984,8.984,0.17256914,0.75283605
8985,8.985,0.16338116,0.78689855
8986,8.986,0.17425095,0.78176713
8987,8.987,0.15561433,0.81584394
8988,8.988,0.15682583,0.81145746
8989,8.989,0.15010028,0.8158378
8990,8.99,0.16299585,0.80114657
8991,8.991,0.15795597,0.7913362
8992,8.992,0.16974,0.77515787
8993,8.993,0.16474923,0.8238236
8994,8.994,0.15959051,0.807884
8995,8.995,0.17662488,0.8187729
8996,8.996,0.14916317,0.7941159
8997,8.997,0.16757157,0.7920305
8998,8.998,0.16107066,0.79915494
8999,8.999,0.15919293,0.8163401
9000,9.0,0.1637652,0.790673
9001,9.001,0.16738531,0.78950685
9002,9.002,0.18091701,0.79042953
9003,9.003,0.18709496,0.7645354
9004,9.004,0.1750401,0.79517704
9005,9.005,0.16780053,0.78665215
9006,9.006,0.17422234,0.76918036
9007,9.007,0.16396159,0.791801
9008,9.008,0.15930034,0.8385647
9009,9.009,0.16223381,0.7905958
9010,9.01,0.15669394,0.79868925
9011,9.011,0.16196926,0.79587626
9012,9.012,0.16120811,0.7983834
9013,9.013,0.16511706,0.75363505
9014,9.014,0.15549646,0.7944654
9015,9.015,0.15405343,0.7695074
9016,9.016,0.16837741,0.7888604
9017,9.017,0.15780476,0.8008796
9018,9.018,0.17233868,0.80149347
9019,9.019,0.18065973,0.76322544
9020,9.02,0.178414,0.79176927
9021,9.021,0.18909556,0.8341446
9022,9.022,0.174942,0.7949565
9023,9.023,0.1973492,0.77727246
9024,9.024,0.2007319,0.7968936
9025,9.025,0.19231412,0.784994
9026,9.026,0.17661686,0.79589576
9027,9.027,0.20171554,0.7816348
9028,9.028,0.19480182,0.81200397
9029,9.029,0.18949112,0.7854106
9030,9.03,0.1834345,0.7961494
9031,9.031,0.17272738,0.78515196
9032,9.032,0.16442588,0.7740309
9033,9.033,0.17750332,0.7914141
9034,9.034,0.18342544,0.7833524
9035,9.035,0.18146034,0.7766956
9036,9.036,0.18596852,0.7598105
9037,9.037,0.18330967,0.81638455
9038,9.038,0.17874303,0.7873286
9039,9.039,0.1749128,0.77735496
9040,9.04,0.2075495,0.785688
9041,9.041,0.1871857,0.8042828
9042,9.042,0.1768616,0.8157593
9043,9.043,0.18228173,0.8160669
9044,9.044,0.18503883,0.8200953
9045,9.045,0.20443627,0.7602747
9046,9.046,0.19592677,0.80885094
9047,9.047,0.19290508,0.82309747
9048,9.048,0.20399249,0.8384983
9049,9.049,0.18777348,0.81599385
9050,9.05,0.19979791,0.8371891
9051,9.051,0.196541,0.77853584
9052,9.052,0.18452606,0.8108328
9053,9.053,0.19467449,0.82353467
9054,9.054,0.19335938,0.79053694
9055,9.055,0.18111958,0.7076274
9056,9.056,0.18902591,0.7456967
9057,9.057,0.17401633,0.7870267
9058,9.058,0.17184207,0.80005395
9059,9.059,0.17809542,0.78955144
9060,9.06,0.1698259,0.7913878
9061,9.061,0.17067264,0.757507
9062,9.062,0.16590069,0.773282
9063,9.063,0.15156917,0.7528447
9064,9.064,0.15394317,0.774444
9065,9.065,0.14745896,0.79575336
9066,9.066,0.15548736,0.82415974
9067,9.067,0.13842763,0.8163826
9068,9.068,0.14328194,0.7371505
9069,9.069,0.14958908,0.85418695
9070,9.07,0.13625127,0.76968277
9071,9.071,0.13360924,0.82636464
9072,9.072,0.1290975,0.790433
9073,9.073,0.13512355,0.7897422
9074,9.074,0.13201141,0.81424594
9075,9.075,0.13964239,0.6997353
9076,9.076,0.14339055,0.8164275
9077,9.077,0.16070199,0.7413553
9078,9.078,0.12913086,0.7898576
9079,9.079,0.12545644,0.7887889
9080,9.08,0.12082416,0.7720702
9081,9.081,0.11610142,0.7369667
9082,9.082,0.11413402,0.79301256
9083,9.083,0.13108957,0.75414336
9084,9.084,0.13562213,0.7808601
9085,9.085,0.14266269,0.7893174
9086,9.086,0.13785486,0.7560205
9087,9.087,0.14158168,0.8058369
9088,9.088,0.13978286,0.7436632
9089,9.089,0.12772717,0.7639069
9090,9.09,0.13813931,0.74488705
9091,9.091,0.14394471,0.75729245
9092,9.092,0.14053965,0.78046703
9093,9.093,0.13152534,0.73848045
9094,9.094,0.13706978,0.7467154
9095,9.095,0.14588629,0.7437425
9096,9.096,0.13829556,0.7298308
9097,9.097,0.14229994,0.70968676
9098,9.098,0.12927516,0.7571929
9099,9.099,0.12791249,0.77225626
9100,9.1,0.119837314,0.76202947
9101,9.101,0.12934843,0.7491193
9102,9.102,0.12593564,0.746416
9103,9.103,0.12486112,0.75356334
9104,9.104,0.14027235,0.7274303
9105,9.105,0.13938394,0.74955463
9106,9.106,0.13556586,0.75497407
9107,9.107,0.12311436,0.76863116
9108,9.108,0.13705093,0.75126284
9109,9.109,0.12923469,0.7424886
9110,9.11,0.12457301,0.7623859
9111,9.111,0.12785764,0.7512869
9112,9.112,0.11177104,0.7598662
9113,9.113,0.11904866,0.7545294
9114,9.114,0.105904214,0.7625273
9115,9.115,0.12320728,0.78073287
9116,9.116,0.11953144,0.77072155
9117,9.117,0.116801485,0.7115191
9118,9.118,0.115213014,0.7352822
9119,9.119,0.11616818,0.7337249
9120,9.12,0.111702755,0.7450535
9121,9.121,0.124704815,0.761472
9122,9.122,0.12352448,0.7428275
9123,9.123,0.11796251,0.760806
9124,9.124,0.10173319,0.7755933
9125,9.125,0.11089843,0.7592861
9126,9.126,0.11825996,0.76532567
9127,9.127,0.11360775,0.7689902
9128,9.128,0.11915818,0.76931876
9129,9.129,0.11718907,0.7778331
9130,9.13,0.12392977,0.7892989
9131,9.131,0.12212839,0.7512981
9132,9.132,0.12820126,0.72767633
9133,9.133,0.11959473,0.77405
9134,9.134,0.12169031,0.7580959
9135,9.135,0.10742875,0.7742539
9136,9.136,0.118272446,0.76409906
9137,9.137,0.13386136,0.74013114
9138,9.138,0.14138424,0.7342041
9139,9.139,0.14272909,0.7246538
9140,9.14,0.15322326,0.7198442
9141,9.141,0.14701475,0.70910907
9142,9.142,0.14250647,0.715877
9143,9.143,0.12380061,0.72916275
9144,9.144,0.12882651,0.7641703
9145,9.145,0.11984502,0.7583505
9146,9.146,0.114724405,0.7897747
9147,9.147,0.11946038,0.7880985
9148,9.148,0.12324073,0.7892483
9149,9.149,0.11587757,0.78683305
9150,9.15,0.12979147,0.787629
9151,9.151,0.13122326,0.79571885
9152,9.152,0.13878807,0.8021689
9153,9.153,0.12604846,0.79691505
9154,9.154,0.12959507,0.7836674
9155,9.155,0.13786334,0.76991373
9156,9.156,0.14004627,0.77955353
9157,9.157,0.123220764,0.7769077
9158,9.158,0.1282641,0.7498957
9159,9.159,0.11726256,0.7374473
9160,9.16,0.113706276,0.7499458
9161,9.161,0.11921342,0.7500126
9162,9.162,0.11721637,0.79889446
9163,9.163,0.12388706,0.7814072
9164,9.164,0.13351573,0.7955547
9165,9.165,0.14489605,0.7659063
9166,9.166,0.13946426,0.7516411
9167,9.167,0.13032888,0.75504595
9168,9.168,0.13479257,0.7927168
9169,9.169,0.13204543,0.7571344
9170,9.17,0.13651519,0.72348756
9171,9.171,0.13784637,0.7848438
9172,9.172,0.11781064,0.74510497
9173,9.173,0.13362858,0.7737926
9174,9.174,0.13268319,0.73846763
9175,9.175,0.12641889,0.7962743
9176,9.176,0.14685144,0.7565292
9177,9.177,0.13489568,0.8138392
9178,9.178,0.11672667,0.78392863
9179,9.179,0.12384782,0.8001406
9180,9.18,0.1180746,0.8102453
9181,9.181,0.11835721,0.8227374
9182,9.182,0.11732498,0.82010114
9183,9.183,0.12374792,0.77925533
9184,9.184,0.11282736,0.811363
9185,9.185,0.111217536,0.76852244
9186,9.186,0.11074631,0.8150099
9187,9.187,0.116845205,0.7734931
9188,9.188,0.12441189,0.8233865
9189,9.189,0.10951442,0.7657819
9190,9.19,0.12082263,0.8206853
9191,9.191,0.11789677,0.80181175
9192,9.192,0.114677206,0.7991829
9193,9.193,0.1252606,0.8436127
9194,9.194,0.119608104,0.7926092
9195,9.195,0.12338144,0.8129748
9196,9.196,0.11412055,0.8092256
9197,9.197,0.12366984,0.7538883
9198,9.198,0.12663674,0.81769615
9199,9.199,0.13175343,0.80368805
9200,9.2,0.13018906,0.80077547
9201,9.201,0.12297135,0.789867
9202,9.202,0.1268159,0.7845823
9203,9.203,0.12624112,0.79720503
9204,9.204,0.1353801,0.79727507
9205,9.205,0.1319937,0.7896666
9206,9.206,0.11450109,0.7420285
9207,9.207,0.12272443,0.79931635
9208,9.208,0.12357577,0.7916362
9209,9.209,0.126829,0.7859947
9210,9.21,0.11510616,0.75944537
9211,9.211,0.119231485,0.7472624
9212,9.212,0.11651299,0.7652776
9213,9.213,0.11246852,0.79309595
9214,9.214,0.10899576,0.82065296
9215,9.215,0.11422186,0.79891413
9216,9.216,0.10950094,0.8069672
9217,9.217,0.11192121,0.7288938
9218,9.218,0.10430964,0.78417504
9219,9.219,0.105571374,0.80193204
9220,9.22,0.11428702,0.76921576
9221,9.221,0.118794635,0.79890555
9222,9.222,0.121521324,0.7897861
9223,9.223,0.11028645,0.7689276
9224,9.224,0.108694464,0.736671
9225,9.225,0.108378716,0.73984385
9226,9.226,0.11796616,0.71701443
9227,9.227,0.115461074,0.7577589
9228,9.228,0.12023149,0.78390825
9229,9.229,0.11616764,0.77546835
9230,9.23,0.11807616,0.8200802
9231,9.231,0.12179796,0.7905903
9232,9.232,0.11929648,0.76000845
9233,9.233,0.11245046,0.7728441
9234,9.234,0.12839213,0.81134695
9235,9.235,0.11655312,0.799401
9236,9.236,0.101612166,0.8316366
9237,9.237,0.11952783,0.76150286
9238,9.238,0.11623066,0.7929438
9239,9.239,0.11811159,0.7751383
9240,9.24,0.12537451,0.76218075
9241,9.241,0.14019425,0.7286277
9242,9.242,0.13387422,0.7339083
9243,9.243,0.12300436,0.75902563
9244,9.244,0.13594928,0.7313177
9245,9.245,0.14605996,0.75725317
9246,9.246,0.15383802,0.7460777
9247,9.247,0.14018723,0.7399818
9248,9.248,0.14207709,0.71317774
9249,9.249,0.13451062,0.73684114
9250,9.25,0.12326719,0.7702139
9251,9.251,0.12125674,0.75470966
9252,9.252,0.12851474,0.7607117
9253,9.253,0.14096455,0.7422494
9254,9.254,0.12680231,0.76602125
9255,9.255,0.10789052,0.73463804
9256,9.256,0.09112483,0.7462875
9257,9.257,0.09493629,0.77166057
9258,9.258,0.11793852,0.7482182
9259,9.259,0.12088322,0.7076695
9260,9.26,0.12129479,0.7760684
9261,9.261,0.12498425,0.76345503
9262,9.262,0.123060375,0.77964824
9263,9.263,0.11272534,0.75353044
9264,9.264,0.10990923,0.76132035
9265,9.265,0.11384849,0.74930906
9266,9.266,0.1077844,0.73266137
9267,9.267,0.11271934,0.7444171
9268,9.268,0.10928383,0.73122793
9269,9.269,0.10119593,0.7819855
9270,9.27,0.10382306,0.78799057
9271,9.271,0.09581428,0.83543897
9272,9.272,0.104882,0.84080124
9273,9.273,0.10937444,0.81259
9274,9.274,0.09839126,0.7590475
9275,9.275,0.1019887,0.7759432
9276,9.276,0.11631532,0.77763724
9277,9.277,0.11865368,0.802013
9278,9.278,0.11109521,0.8015843
9279,9.279,0.11158923,0.77840906
9280,9.28,0.11269149,0.8131977
9281,9.281,0.10158855,0.8082838
9282,9.282,0.1041857,0.7768169
9283,9.283,0.105946615,0.7696362
9284,9.284,0.099723585,0.7865498
9285,9.285,0.10337288,0.8347573
9286,9.286,0.09274508,0.7514318
9287,9.287,0.09890706,0.8100526
9288,9.288,0.09995345,0.78997976
9289,9.289,0.10519304,0.7925975
9290,9.29,0.095157035,0.78866464
9291,9.291,0.11073797,0.76813674
9292,9.292,0.10305515,0.7643172
9293,9.293,0.1089918,0.7636695
9294,9.294,0.101709,0.7274429
9295,9.295,0.110279195,0.7191337
9296,9.296,0.099270925,0.7914107
9297,9.297,0.09004691,0.7515674
9298,9.298,0.09674729,0.82810515
9299,9.299,0.10380409,0.76453155
9300,9.3,0.10634599,0.76541966
9301,9.301,0.09676063,0.73619527
9302,9.302,0.1168968,0.77018213
9303,9.303,0.11963948,0.7731083
9304,9.304,0.11523277,0.7538925
9305,9.305,0.10337228,0.7185065
9306,9.306,0.11171818,0.7469025
9307,9.307,0.11618619,0.797591
9308,9.308,0.12356681,0.74585575
9309,9.309,0.120394625,0.7638167
9310,9.31,0.1106974,0.77386576
9311,9.311,0.11286389,0.79088265
9312,9.312,0.10892009,0.80144596
9313,9.313,0.101142414,0.79173654
9314,9.314,0.094419,0.8133413
9315,9.315,0.111834876,0.73633766
9316,9.316,0.10811327,0.7576757
9317,9.317,0.10069063,0.7797732
9318,9.318,0.111824416,0.7556132
9319,9.319,0.102215275,0.7209612
9320,9.32,0.109824665,0.76261765
9321,9.321,0.11599645,0.76507854
9322,9.322,0.12254783,0.7116819
9323,9.323,0.10446819,0.78206867
9324,9.324,0.12377328,0.7349763
9325,9.325,0.10896696,0.75569594
9326,9.326,0.109088294,0.7854263
9327,9.327,0.1138593,0.8032729
9328,9.328,0.12321278,0.77940404
9329,9.329,0.12098751,0.76811564
9330,9.33,0.11431017,0.748271
9331,9.331,0.11996611,0.7562263
9332,9.332,0.11803655,0.7692202
9333,9.333,0.118520856,0.7395613
9334,9.334,0.11803916,0.74204355
9335,9.335,0.12743251,0.7640123
9336,9.336,0.12143775,0.7454504
9337,9.337,0.11555855,0.7992892
9338,9.338,0.11426549,0.7610186
9339,9.339,0.10880027,0.81551516
9340,9.34,0.09995037,0.79588395
9341,9.341,0.10834862,0.7519858
9342,9.342,0.120049685,0.77885103
9343,9.343,0.1192031,0.7569844
9344,9.344,0.11579577,0.8145486
9345,9.345,0.121282615,0.791736
9346,9.346,0.12561524,0.80336255
9347,9.347,0.12634246,0.7798044
9348,9.348,0.13183746,0.7706002
9349,9.349,0.1299085,0.80274594
9350,9.35,0.124116294,0.75333923
9351,9.351,0.11586483,0.78879684
9352,9.352,0.10371396,0.8185269
9353,9.353,0.10310887,0.842337
9354,9.354,0.10328892,0.8613121
9355,9.355,0.1024972,0.80453247
9356,9.356,0.10051327,0.79939604
9357,9.357,0.108039826,0.8320658
9358,9.358,0.10545475,0.8328169
9359,9.359,0.1071443,0.79096985
9360,9.36,0.101833545,0.8110957
9361,9.361,0.11553512,0.8232671
9362,9.362,0.12436688,0.7991997
9363,9.363,0.116433755,0.80414134
9364,9.364,0.11331926,0.824493
9365,9.365,0.117099784,0.81046236
9366,9.366,0.12209715,0.86161715
9367,9.367,0.13344751,0.8524561
9368,9.368,0.13810813,0.89105904
9369,9.369,0.13439256,0.88047093
9370,9.37,0.14836328,0.8345682
9371,9.371,0.14442734,0.7611883
9372,9.372,0.14191937,0.78805023
9373,9.373,0.13329665,0.77827644
9374,9.374,0.12547801,0.7511029
9375,9.375,0.13688517,0.8242845
9376,9.376,0.13088287,0.7629072
9377,9.377,0.13505705,0.7878505
9378,9.378,0.14453423,0.7875385
9379,9.379,0.1317763,0.85766566
9380,9.38,0.1336143,0.81104296
9381,9.381,0.15098268,0.8027613
9382,9.382,0.1520976,0.8052984
9383,9.383,0.15856247,0.8520499
9384,9.384,0.14231205,0.81892526
9385,9.385,0.14094797,0.7945475
9386,9.386,0.14039248,0.8239261
9387,9.387,0.13594069,0.83632684
9388,9.388,0.12520705,4.82722
9389,9.389,0.13434356,4.790375
9390,9.39,0.13984272,4.7721105
9391,9.391,0.13369441,0.82091147
9392,9.392,0.14189075,0.8361755
9393,9.393,0.13033596,4.7803097
9394,9.394,0.13827331,0.8485105
9395,9.395,0.124966525,4.764447
9396,9.396,0.13161466,4.82172
9397,9.397,0.13723576,0.77390057
9398,9.398,0.12762067,0.7748118
9399,9.399,0.11317148,0.8186787
9400,9.4,0.1161454,0.7804456
9401,9.401,0.10363859,0.7777223
9402,9.402,0.124073654,0.8003926
9403,9.403,0.13292827,0.83998066
9404,9.404,0.12853676,4.7981133
9405,9.405,0.120240696,4.8187056
9406,9.406,0.12097022,4.8347683
9407,9.407,0.12316732,4.846821
9408,9.408,0.118200116,4.8020616
9409,9.409,0.1090014,4.8417544
9410,9.41,0.11257405,4.826429
9411,9.411,0.11149159,4.843238
9412,9.412,0.099622965,4.78056
9413,9.413,0.10369853,4.8083143
9414,9.414,0.103351444,4.7860518
9415,9.415,0.109028496,4.7624655
9416,9.416,0.12213292,4.777081
9417,9.417,0.12792307,4.742469
9418,9.418,0.114002414,4.7732143
9419,9.419,0.121909045,4.798494
9420,9.42,0.12078087,4.805817
9421,9.421,0.12126841,4.758118
9422,9.422,0.12268633,4.78165
9423,9.423,0.110167,4.7582226
9424,9.424,0.11427087,4.784558
9425,9.425,0.116136394,4.771202
9426,9.426,0.11126621,4.787655
9427,9.427,0.1185411,4.7902985
9428,9.428,0.11293638,4.7528076
9429,9.429,0.12553537,4.7894263
9430,9.43,0.12984455,4.8406596
9431,9.431,0.13786334,4.811759
9432,9.432,0.12261359,4.7654195
9433,9.433,0.11637297,4.7855954
9434,9.434,0.10959024,4.7932496
9435,9.435,0.10758899,4.8029943
9436,9.436,0.11976952,4.8116436
9437,9.437,0.111158326,4.7847223
9438,9.438,0.1362287,4.8134093
9439,9.439,0.13732854,4.76144
9440,9.44,0.1400221,4.7901363
9441,9.441,0.14070679,4.7504005
9442,9.442,0.12133891,4.7728972
9443,9.443,0.14697331,4.7667346
9444,9.444,0.16099119,4.762417
9445,9.445,0.15184902,4.7365146
9446,9.446,0.15528701,4.7384987
9447,9.447,0.14412925,4.725127
9448,9.448,0.13754788,4.741776
9449,9.449,0.14554724,4.7258954
9450,9.45,0.12824588,4.7145796
9451,9.451,0.1361537,4.7245173
9452,9.452,0.13537556,4.735189
9453,9.453,0.12718166,4.745889
9454,9.454,0.12815422,4.7480536
9455,9.455,0.118908525,4.753072
9456,9.456,0.129026,4.7612934
9457,9.457,0.14077543,4.8002324
9458,9.458,0.14871827,4.758258
9459,9.459,0.14471929,4.777822
9460,9.46,0.15671435,4.7732844
9461,9.461,0.14508446,4.805744
9462,9.462,0.14422314,4.801054
9463,9.463,0.1486566,4.7676263
9464,9.464,0.15656666,4.8342867
9465,9.465,0.1603156,4.8110623
9466,9.466,0.17142874,4.7735424
9467,9.467,0.16018352,4.7708197
9468,9.468,0.16255245,4.828582
9469,9.469,0.17208321,4.8147917
9470,9.47,0.16544464,4.7845397
9471,9.471,0.16895196,4.7715893
9472,9.472,0.19351014,4.80754
9473,9.473,0.19679472,4.803885
9474,9.474,0.17542948,4.8161287
9475,9.475,0.16419257,4.831487
9476,9.476,0.17259696,4.793481
9477,9.477,0.17001128,4.7851295
9478,9.478,0.17396152,4.8146048
9479,9.479,0.17967346,4.8159127
9480,9.48,0.18373176,4.8391666
9481,9.481,0.16848262,4.7747793
9482,9.482,0.1758495,4.819103
9483,9.483,0.14216238,4.783809
9484,9.484,0.14537466,4.8055573
9485,9.485,0.15195675,4.798136
9486,9.486,0.15138802,4.8387723
9487,9.487,0.14845408,4.8156676
9488,9.488,0.14446482,4.806946
9489,9.489,0.1452095,4.812317
9490,9.49,0.14157951,4.8321524
9491,9.491,0.14813668,4.8463035
9492,9.492,0.15404706,4.8329086
9493,9.493,0.14142428,4.856745
9494,9.494,0.14131112,4.8249207
9495,9.495,0.1551911,4.8369017
9496,9.496,0.16477388,4.8755417
9497,9.497,0.16522694,4.894789
9498,9.498,0.15789285,4.818461
9499,9.499,0.15612827,4.8557286
9500,9.5,0.15451404,4.8186054
9501,9.501,0.15751794,4.8454165
9502,9.502,0.1636596,4.8997846
9503,9.503,0.18012422,4.879165
9504,9.504,0.16656655,4.8921165
9505,9.505,0.16428137,4.8540483
9506,9.506,0.16087267,4.782414
9507,9.507,0.15911792,4.7979083
9508,9.508,0.13820522,4.843566
9509,9.509,0.13979122,4.833222
9510,9.51,0.14435661,4.828195
9511,9.511,0.15565702,4.819746
9512,9.512,0.14313845,4.7981772
9513,9.513,0.12556821,4.8331723
9514,9.514,0.13911441,4.8253865
9515,9.515,0.15099694,4.8431015
9516,9.516,0.15661225,4.806532
9517,9.517,0.14339098,4.83593
9518,9.518,0.13182858,4.8371935
9519,9.519,0.13151598,4.891504
9520,9.52,0.14894687,4.854035
9521,9.521,0.15409896,4.8730993
9522,9.522,0.14484337,4.8519516
9523,9.523,0.14630114,4.8605213
9524,9.524,0.15312125,4.852573
9525,9.525,0.1470796,4.8717246
9526,9.526,0.14343473,4.9108644
9527,9.527,0.13874108,4.906387
9528,9.528,0.136984,4.89358
9529,9.529,0.15048714,4.850314
9530,9.53,0.15371919,4.909172
9531,9.531,0.15570328,4.897666
9532,9.532,0.14373426,4.8982472
9533,9.533,0.1393495,4.888434
9534,9.534,0.12767802,4.8992543
9535,9.535,0.13949646,4.9473696
9536,9.536,0.13854402,4.904042
9537,9.537,0.1367687,4.9093637
9538,9.538,0.13823994,4.927525
9539,9.539,0.14974447,4.8859496
9540,9.54,0.1561854,4.866343
9541,9.541,0.146599,4.8387566
9542,9.542,0.13993199,4.890819
9543,9.543,0.1371631,4.8984437
9544,9.544,0.1491248,4.9079957
9545,9.545,0.13537239,4.9183364
9546,9.546,0.13309711,4.922205
9547,9.547,0.13217026,4.9004035
9548,9.548,0.12917422,4.9345345
9549,9.549,0.12511759,4.9554076
9550,9.55,0.10983699,4.930851
9551,9.551,0.1212887,4.935652
9552,9.552,0.10716268,4.946265
9553,9.553,0.11426441,4.924761
9554,9.554,0.1217444,4.8745575
9555,9.555,0.12391884,4.871883
9556,9.556,0.13185053,4.9126554
9557,9.557,0.120004065,4.8788815
9558,9.558,0.12886615,4.8529916
9559,9.559,0.12371709,4.8976946
9560,9.56,0.11518471,4.879554
9561,9.561,0.11980342,4.892302
9562,9.562,0.122350864,4.9303336
9563,9.563,0.11909413,4.9395
9564,9.564,0.12407217,4.9425893
9565,9.565,0.13706753,4.97235
9566,9.566,0.13557948,4.94905
9567,9.567,0.12281564,4.9291635
9568,9.568,0.1270321,4.9183354
9569,9.569,0.10454944,4.9339976
9570,9.57,0.11285572,4.9363
9571,9.571,0.123790674,4.9428616
9572,9.572,0.12577383,4.902193
9573,9.573,0.12406671,4.9144874
9574,9.574,0.12120954,4.901789
9575,9.575,0.12629083,4.9419804
9576,9.576,0.13495131,4.913519
9577,9.577,0.12004558,4.8812094
9578,9.578,0.11960142,4.9053044
9579,9.579,0.12003226,4.955445
9580,9.58,0.13510396,4.9087563
9581,9.581,0.13045391,4.937204
9582,9.582,0.12119126,4.943027
9583,9.583,0.1259547,4.904297
9584,9.584,0.1263332,4.908543
9585,9.585,0.12035169,4.8842945
9586,9.586,0.1215279,4.9147563
9587,9.587,0.11439034,4.940575
9588,9.588,0.11744239,4.929125
9589,9.589,0.11130436,4.9433846
9590,9.59,0.12350953,4.949085
9591,9.591,0.13113038,4.9534945
9592,9.592,0.13568518,4.915618
9593,9.593,0.1363948,4.9211364
9594,9.594,0.13089605,4.898399
9595,9.595,0.12103225,4.9942446
9596,9.596,0.12456115,4.951367
9597,9.597,0.1343486,4.926893
9598,9.598,0.1502576,4.9144106
9599,9.599,0.1313512,4.92609
9600,9.6,0.13043836,4.9159417
9601,9.601,0.12533574,4.914727
9602,9.602,0.13001929,4.9218683
9603,9.603,0.12774692,4.901819
9604,9.604,0.13537057,4.9119706
9605,9.605,0.14552568,4.940387
9606,9.606,0.1318314,4.920414
9607,9.607,0.13726445,4.949706
9608,9.608,0.14056636,4.9853606
9609,9.609,0.13889797,4.922577
9610,9.61,0.14093573,4.9262853
9611,9.611,0.12670329,4.9217496
9612,9.612,0.13954057,4.956414
9613,9.613,0.1364417,4.9495397
9614,9.614,0.14469293,4.9585905
9615,9.615,0.14466485,4.9623713
9616,9.616,0.14237905,4.989848
9617,9.617,0.12825595,4.937621
9618,9.618,0.12848458,4.9488897
9619,9.619,0.1325802,4.9606895
9620,9.62,0.12479901,4.976059
9621,9.621,0.10802388,4.936289
9622,9.622,0.12702434,4.972028
9623,9.623,0.13414235,4.980351
9624,9.624,0.12958604,4.974551
9625,9.625,0.11649451,4.947155
9626,9.626,0.12095395,4.9484715
9627,9.627,0.11941557,4.9886203
9628,9.628,0.121557266,4.9232426
9629,9.629,0.12312535,4.9637375
9630,9.63,0.117715545,4.9512596
9631,9.631,0.12552017,5.035051
9632,9.632,0.12727839,5.0292654
9633,9.633,0.12518936,4.99165
9634,9.634,0.12215559,4.9775877
9635,9.635,0.123209774,4.999677
9636,9.636,0.12189895,5.0054126
9637,9.637,0.12686926,4.9985337
9638,9.638,0.1425751,4.9628897
9639,9.639,0.12875868,4.980986
9640,9.64,0.11122805,4.958965
9641,9.641,0.116183005,4.9665504
9642,9.642,0.11942638,4.99633
9643,9.643,0.118686855,4.96475
9644,9.644,0.095387585,4.962745
9645,9.645,0.0948241,4.9747815
9646,9.646,0.09247003,4.9970765
9647,9.647,0.10358515,5.014973
9648,9.648,0.11019324,4.9965415
9649,9.649,0.117259935,4.960323
9650,9.65,0.127333,4.9496236
9651,9.651,0.11880085,4.954032
9652,9.652,0.1343289,4.9545207
9653,9.653,0.12684016,4.9292006
9654,9.654,0.13533328,4.9707685
9655,9.655,0.13195361,0.83063173
9656,9.656,0.1297744,4.941926
9657,9.657,0.12545203,0.8456443
9658,9.658,0.13885766,0.801357
9659,9.659,0.13521367,0.7634851
9660,9.66,0.1457424,0.85086936
9661,9.661,0.1450378,0.721695
9662,9.662,0.13445298,0.76736325
9663,9.663,0.13984184,0.79311264
9664,9.664,0.117220044,0.75941336
9665,9.665,0.11842945,0.77588934
9666,9.666,0.096618734,0.7679206
9667,9.667,0.09935642,0.80434626
9668,9.668,0.10108887,0.8068207
9669,9.669,0.10588329,0.7992537
9670,9.67,0.11108081,0.75443685
9671,9.671,0.12276553,0.7560634
9672,9.672,0.12954806,0.7892698
9673,9.673,0.12521344,0.74192894
9674,9.674,0.111225285,0.7825755
9675,9.675,0.11290477,0.80643344
9676,9.676,0.12771368,0.80046254
9677,9.677,0.12379167,0.78491867
9678,9.678,0.106111996,0.7434538
9679,9.679,0.11184478,0.7747146
9680,9.68,0.11777093,0.79445034
9681,9.681,0.12185099,0.78307253
9682,9.682,0.11276518,0.8229252
9683,9.683,0.11725049,0.8345049
9684,9.684,0.1131829,0.8022519
9685,9.685,0.10248999,0.86680996
9686,9.686,0.10823555,0.8267577
9687,9.687,0.11620842,0.81964195
9688,9.688,0.118851595,0.7588881
9689,9.689,0.11803291,0.79323506
9690,9.69,0.11379011,0.7801226
9691,9.691,0.11779549,0.8316404
9692,9.692,0.107722156,0.799046
9693,9.693,0.10772616,0.82083666
9694,9.694,0.11566712,0.7999141
9695,9.695,0.12318231,0.8372291
9696,9.696,0.11160632,0.88084054
9697,9.697,0.1173685,0.81458944
9698,9.698,0.12118466,0.843107
9699,9.699,0.12632103,0.81684905
9700,9.7,0.12695603,0.814923
9701,9.701,0.13717881,0.8138881
9702,9.702,0.13347563,0.76433146
9703,9.703,0.14125668,0.812802
9704,9.704,0.13025805,0.7780621
9705,9.705,0.12590633,0.7842592
9706,9.706,0.13662061,0.7933414
9707,9.707,0.14139774,0.7658751
9708,9.708,0.13936761,0.77087057
9709,9.709,0.11803603,0.7965144
9710,9.71,0.12513676,0.81735975
9711,9.711,0.12576845,4.884469
9712,9.712,0.11632485,0.83423924
9713,9.713,0.115995914,4.893252
9714,9.714,0.1274692,4.8946977
9715,9.715,0.12371759,4.900713
9716,9.716,0.12505364,4.91803
9717,9.717,0.13182393,4.8690057
9718,9.718,0.12418073,4.931605
9719,9.719,0.11267839,4.9371214
9720,9.72,0.119231485,4.9253073
9721,9.721,0.11905228,4.8435764
9722,9.722,0.12010144,4.9171395
9723,9.723,0.110018894,4.883461
9724,9.724,0.11335238,4.8934865
9725,9.725,0.108244084,4.9269357
9726,9.726,0.0946572,4.885431
9727,9.727,0.08634605,4.8937016
9728,9.728,0.09528497,4.8138075
9729,9.729,0.08979991,4.82691
9730,9.73,0.08927422,4.90449
9731,9.731,0.08635746,4.8902082
9732,9.732,0.089136966,4.878734
9733,9.733,0.082737006,4.822397
9734,9.734,0.09944246,4.804554
9735,9.735,0.11274935,4.8682323
9736,9.736,0.090859085,4.8545365
9737,9.737,0.08846558,4.8187575
9738,9.738,0.094267696,4.831792
9739,9.739,0.08784091,4.836387
9740,9.74,0.08989715,4.8453546
9741,9.741,0.0917211,4.8498516
9742,9.742,0.08780798,4.8552465
9743,9.743,0.09808437,4.800431
9744,9.744,0.10013795,4.7764773
9745,9.745,0.10407048,4.8502326
9746,9.746,0.095229425,4.8149643
9747,9.747,0.10298348,4.8312316
9748,9.748,0.10048205,4.7847433
9749,9.749,0.10693737,4.8079605
9750,9.75,0.1226798,4.8494215
9751,9.751,0.12826027,4.7999244
9752,9.752,0.11167852,4.832033
9753,9.753,0.120682,4.8495154
9754,9.754,0.12065039,4.8497458
9755,9.755,0.10931535,4.8562694
9756,9.756,0.12062284,4.876237
9757,9.757,0.11286335,4.8307853
9758,9.758,0.112324,4.8220706
9759,9.759,0.12019617,4.8066945
9760,9.76,0.11430963,4.8334255
9761,9.761,0.121076986,4.840357
9762,9.762,0.12332358,4.839321
9763,9.763,0.11925574,4.837527
9764,9.764,0.104618855,4.8646293
9765,9.765,0.11164105,4.842255
9766,9.766,0.12057846,4.828408
9767,9.767,0.113975964,4.8335094
9768,9.768,0.12453398,4.809814
9769,9.769,0.105821684,4.859101
9770,9.77,0.11579896,4.816319
9771,9.771,0.10587051,0.74129647
9772,9.772,0.0988467,4.849384
9773,9.773,0.099656925,0.72038007
9774,9.774,0.11690469,4.7914257
9775,9.775,0.11649767,0.75082564
9776,9.776,0.12047585,0.7205057
9777,9.777,0.12013319,0.7624591
9778,9.778,0.12941976,0.7451905
9779,9.779,0.12658037,0.739957
9780,9.78,0.11371547,0.71435875
9781,9.781,0.1258555,0.727017
9782,9.782,0.12512103,4.8386593
9783,9.783,0.12407862,4.8228703
9784,9.784,0.12598547,4.837612
9785,9.785,0.111345254,4.7823973
9786,9.786,0.11669925,4.8125825
9787,9.787,0.12492812,4.8538313
9788,9.788,0.11511257,4.7991567
9789,9.789,0.115284555,4.8488326
9790,9.79,0.11897112,4.8161182
9791,9.791,0.11490768,4.8071556
9792,9.792,0.11878272,4.831876
9793,9.793,0.11398676,4.7982774
9794,9.794,0.1124707,4.8205166
9795,9.795,0.11473674,4.816014
9796,9.796,0.120803274,4.8170114
9797,9.797,0.10802787,4.7979436
9798,9.798,0.10939469,4.783861
9799,9.799,0.107597575,4.802598
9800,9.8,0.116440095,4.780339
9801,9.801,0.11296089,4.7335033
9802,9.802,0.11097829,4.796863
9803,9.803,0.09797704,4.7751484
9804,9.804,0.0997569,4.7786164
9805,9.805,0.11155228,4.7696157
9806,9.806,0.111174926,4.7684393
9807,9.807,0.09728824,4.780699
9808,9.808,0.09772931,4.7761574
9809,9.809,0.101510994,4.740254
9810,9.81,0.11246797,4.8291698
9811,9.811,0.11561497,4.828766
9812,9.812,0.106761165,4.7490406
9813,9.813,0.11279955,4.7439713
9814,9.814,0.11749529,4.7921753
9815,9.815,0.09269332,4.71438
9816,9.816,0.09779413,4.7885528
9817,9.817,0.105429076,0.78842664
9818,9.818,0.10823101,4.7474504
9819,9.819,0.09947958,4.786408
9820,9.82,0.10222792,4.794992
9821,9.821,0.12030004,4.7953105
9822,9.822,0.11711345,4.796109
9823,9.823,0.10592803,4.784796
9824,9.824,0.11184587,4.781129
9825,9.825,0.12028777,4.791568
9826,9.826,0.10208639,4.7815166
9827,9.827,0.10707192,4.824538
9828,9.828,0.11362291,4.7834153
9829,9.829,0.1059472,4.7709837
9830,9.83,0.1061972,4.682687
9831,9.831,0.10934293,4.745927
9832,9.832,0.121652886,4.726858
9833,9.833,0.12673582,4.7857223
9834,9.834,0.12050547,4.7712674
9835,9.835,0.12490201,4.75262
9836,9.836,0.12730062,4.809863
9837,9.837,0.13021694,4.8342137
9838,9.838,0.1326535,4.770432
9839,9.839,0.13950175,4.794884
9840,9.84,0.13148136,4.8099394
9841,9.841,0.13692965,4.7927046
9842,9.842,0.15099938,4.800836
9843,9.843,0.12735812,4.8148723
9844,9.844,0.12996912,4.8106666
9845,9.845,0.11879049,4.8127284
9846,9.846,0.11240723,4.7872148
9847,9.847,0.11554204,4.833304
9848,9.848,0.11881173,4.8056526
9849,9.849,0.11041859,4.8045263
9850,9.85,0.119081736,4.7597294
9851,9.851,0.1154712,4.7912393
9852,9.852,0.117037244,4.797599
9853,9.853,0.13663682,4.779107
9854,9.854,0.12350106,4.789434
9855,9.855,0.126713,4.7381754
9856,9.856,0.12531659,4.77152
9857,9.857,0.11093115,4.744312
9858,9.858,0.11643587,4.787068
9859,9.859,0.12386968,4.8377604
9860,9.86,0.122761026,4.8489156
9861,9.861,0.11717122,4.8038077
9862,9.862,0.14393489,4.8284564
9863,9.863,0.12075641,4.814744
9864,9.864,0.123112865,4.822017
9865,9.865,0.12726001,4.813572
9866,9.866,0.13013235,4.803732
9867,9.867,0.11665127,4.842143
9868,9.868,0.11799589,4.8577023
9869,9.869,0.11818189,4.8252006
9870,9.87,0.11896957,4.8182907
9871,9.871,0.1167957,4.7954073
9872,9.872,0.12808362,4.8261647
9873,9.873,0.14205761,4.8203063
9874,9.874,0.13913432,4.819022
9875,9.875,0.13209435,4.806987
9876,9.876,0.1434609,4.7690005
9877,9.877,0.13542828,4.727094
9878,9.878,0.14434169,4.797287
9879,9.879,0.13914272,4.7783685
9880,9.88,0.13703746,4.785827
9881,9.881,0.14124884,4.764592
9882,9.882,0.15182875,4.798838
9883,9.883,0.14856511,4.8109527
9884,9.884,0.15041189,4.8159957
9885,9.885,0.15208142,4.8861065
9886,9.886,0.14470185,4.842179
9887,9.887,0.13689415,4.8231344
9888,9.888,0.13079025,4.8468347
9889,9.889,0.13718778,4.7865057
9890,9.89,0.13784236,4.7894497
9891,9.891,0.13216746,4.8030715
9892,9.892,0.13501649,4.7919145
9893,9.893,0.15255201,4.7605233
9894,9.894,0.14010206,4.7264895
9895,9.895,0.116214775,4.795259
9896,9.896,0.1354151,4.7857947
9897,9.897,0.13303745,4.809666
9898,9.898,0.14239849,4.811367
9899,9.899,0.1298962,4.792683
9900,9.9,0.13137321,4.754333
9901,9.901,0.121367306,4.7971416
9902,9.902,0.12806344,4.8249955
9903,9.903,0.12543535,4.814544
9904,9.904,0.11732655,4.8089986
9905,9.905,0.1308335,4.817795
9906,9.906,0.13187525,4.786589
9907,9.907,0.113356724,4.753924
9908,9.908,0.13059534,4.8037205
9909,9.909,0.12728418,4.756175
9910,9.91,0.115741566,4.749681
9911,9.911,0.105464086,4.764364
9912,9.912,0.09915124,4.800515
9913,9.913,0.10915426,4.7154865
9914,9.914,0.10498695,4.7467117
9915,9.915,0.10916666,4.7717595
9916,9.916,0.10286452,4.778766
9917,9.917,0.11620789,4.8158712
9918,9.918,0.11368192,4.7730427
9919,9.919,0.10788424,4.740947
9920,9.92,0.1275575,4.7670884
9921,9.921,0.11328016,4.7535367
9922,9.922,0.121074945,4.7523093
9923,9.923,0.11688995,4.790576
9924,9.924,0.117471725,4.7798815
9925,9.925,0.117383175,4.7356877
9926,9.926,0.11950364,4.7314553
9927,9.927,0.12779315,4.7388105
9928,9.928,0.12848601,4.741112
9929,9.929,0.12785909,4.725152
9930,9.93,0.13915686,4.79174
9931,9.931,0.13201748,4.731571
9932,9.932,0.12243532,4.7278476
9933,9.933,0.13983612,4.737039
9934,9.934,0.12544565,4.740831
9935,9.935,0.13168009,4.7775745
9936,9.936,0.13196667,4.770323
9937,9.937,0.12994875,4.753937
9938,9.938,0.13006519,4.717221
9939,9.939,0.11761672,4.6847944
9940,9.94,0.12654634,4.664358
9941,9.941,0.1138566,4.712521
9942,9.942,0.12382049,4.679488
9943,9.943,0.10936656,4.708711
9944,9.944,0.11644274,4.70318
9945,9.945,0.11837125,4.6923566
9946,9.946,0.13475741,4.6879287
9947,9.947,0.12116994,4.6624064
9948,9.948,0.13600132,4.7319236
9949,9.949,0.12890387,4.721104
9950,9.95,0.12391735,4.7303677
9951,9.951,0.12429562,4.733626
9952,9.952,0.1278307,4.7676225
9953,9.953,0.1367417,4.7941995
9954,9.954,0.13995662,4.786425
9955,9.955,0.13750583,4.8212433
9956,9.956,0.13388894,4.7804165
9957,9.957,0.1442611,4.8026333
9958,9.958,0.13410841,4.772384
9959,9.959,0.13667645,4.7686877
9960,9.96,0.1407492,4.7504163
9961,9.961,0.14310707,4.7413836
9962,9.962,0.12715216,4.7891808
9963,9.963,0.13665663,4.7677774
9964,9.964,0.14563006,4.7714686
9965,9.965,0.13589406,4.755899
9966,9.966,0.12453991,4.7245007
9967,9.967,0.120707996,4.7385006
9968,9.968,0.13260062,4.7116117
9969,9.969,0.14288548,4.766103
9970,9.97,0.14124274,4.734888
9971,9.971,0.15033334,4.769502
9972,9.972,0.1567014,4.7959375
9973,9.973,0.14763492,4.759404
9974,9.974,0.15314053,4.7838397
9975,9.975,0.15279622,4.7948003
9976,9.976,0.13982159,4.775949
9977,9.977,0.16132486,4.8347216
9978,9.978,0.15996405,4.8190956
9979,9.979,0.15077062,4.794175
9980,9.98,0.15799063,4.8381715
9981,9.981,0.16799146,4.8125615
9982,9.982,0.16813497,4.8474126
9983,9.983,0.17623673,4.8229394
9984,9.984,0.16770408,4.8641253
9985,9.985,0.16396496,4.805464
9986,9.986,0.1766914,4.841136
9987,9.987,0.17015056,4.8471184
9988,9.988,0.16820484,4.8389745
9989,9.989,0.15719144,4.8581147
9990,9.99,0.17149979,4.8721743
9991,9.991,0.15182713,4.912368
9992,9.992,0.17106694,4.898273
9993,9.993,0.15577556,4.8926044
9994,9.994,0.15364552,4.868577
9995,9.995,0.15284011,4.8448014
9996,9.996,0.16386174,4.9254837
9997,9.997,0.15171929,4.9355183
9998,9.998,0.1532333,4.912878
9999,9.999,0.14534333,4.9648023
10000,10.0,0.16996026,4.936583
10001,10.001,0.17551292,4.915619
10002,10.002,0.167953,4.8980427
10003,10.003,0.18032873,4.8722897
10004,10.004,0.17169484,4.891538
10005,10.005,0.1718188,4.8227596
10006,10.006,0.18199155,4.849654
10007,10.007,0.1874104,4.876866
10008,10.008,0.18703708,4.8825626
10009,10.009,0.17268498,4.8611145
10010,10.01,0.16793725,4.9073014
10011,10.011,0.18322273,4.8547697
10012,10.012,0.16393945,4.9151545
10013,10.013,0.16358101,4.8678
10014,10.014,0.15672417,4.884622
10015,10.015,0.16278923,4.9016056
10016,10.016,0.15111548,4.9051237
10017,10.017,0.14924318,4.9019957
10018,10.018,0.14153126,4.9176884
10019,10.019,0.15956277,4.8338575
10020,10.02,0.14392206,4.851084
10021,10.021,0.13975029,4.816661
10022,10.022,0.14413522,4.887253
10023,10.023,0.13285373,4.8656297
10024,10.024,0.14214854,4.9046516
10025,10.025,0.13683975,4.9227777
10026,10.026,0.15211862,4.906539
10027,10.027,0.1522585,4.924329
10028,10.028,0.11778922,4.865975
10029,10.029,0.10849843,4.811401
10030,10.03,0.117477484,4.813484
10031,10.031,0.12497145,4.8045964
10032,10.032,0.1235454,4.784821
10033,10.033,0.13643403,4.7779737
10034,10.034,0.13160998,4.7851915
10035,10.035,0.1370352,4.752647
10036,10.036,0.12410936,4.67905
10037,10.037,0.1255971,4.689264
10038,10.038,0.11145406,4.7166395
10039,10.039,0.122751005,4.7358947
10040,10.04,0.13339725,4.7159243
10041,10.041,0.118872814,4.7527695
10042,10.042,0.1131742,4.704407
10043,10.043,0.11937898,4.7135005
10044,10.044,0.13278887,4.7484636
10045,10.045,0.13773921,4.7280917
10046,10.046,0.14752904,4.7428584
10047,10.047,0.1383596,4.746636
10048,10.048,0.12628254,4.756398
10049,10.049,0.13437562,4.74671
10050,10.05,0.14118524,4.7111554
10051,10.051,0.14510015,4.735308
10052,10.052,0.14717746,4.7506914
10053,10.053,0.1471369,4.7671475
10054,10.054,0.15194501,4.7493324
10055,10.055,0.15119077,4.753637
10056,10.056,0.15969881,4.7770376
10057,10.057,0.15635116,4.7347045
10058,10.058,0.14962567,4.7861466
10059,10.059,0.1384614,4.7469535
10060,10.06,0.14502719,4.757601
10061,10.061,0.14374411,4.7246876
10062,10.062,0.14064775,4.7081428
10063,10.063,0.14551806,4.7335587
10064,10.064,0.14855848,4.735941
10065,10.065,0.16360621,4.7730246
10066,10.066,0.17324595,4.7666616
10067,10.067,0.17617528,4.7898307
10068,10.068,0.16412774,4.706754
10069,10.069,0.16871727,4.7155347
10070,10.07,0.14965199,4.7346997
10071,10.071,0.1441284,4.7362514
10072,10.072,0.14637218,4.7194424
10073,10.073,0.12846446,4.7269077
10074,10.074,0.14492746,4.745731
10075,10.075,0.14384937,4.740761
10076,10.076,0.14985414,4.777218
10077,10.077,0.14043543,4.7741413
10078,10.078,0.15093581,4.7514
10079,10.079,0.14941622,4.775962
10080,10.08,0.14365505,4.7336383
10081,10.081,0.15718165,4.7659965
10082,10.082,0.15233204,4.8321147
10083,10.083,0.14588377,4.764269
10084,10.084,0.13708459,4.73704
10085,10.085,0.15075348,4.799624
10086,10.086,0.15528066,4.791496
10087,10.087,0.13757339,4.807188
10088,10.088,0.14860983,4.7786665
10089,10.089,0.16381742,4.8434753
10090,10.09,0.16448423,4.8063464
10091,10.091,0.15009864,4.7829146
10092,10.092,0.1592648,4.7731943
10093,10.093,0.1490146,4.741496
10094,10.094,0.16239606,4.8032
10095,10.095,0.16125047,4.7944446
10096,10.096,0.15745541,4.7647586
10097,10.097,0.16132906,4.7555804
10098,10.098,0.17182846,4.7787476
10099,10.099,0.18033521,4.7193284
10100,10.1,0.18490878,4.7348166
10101,10.101,0.17489803,4.7582526
10102,10.102,0.17766963,4.7418623
10103,10.103,0.18156779,4.7960067
10104,10.104,0.1903325,4.7348614
10105,10.105,0.17314754,4.7605076
10106,10.106,0.18180686,4.7716656
10107,10.107,0.18310784,4.7935653
10108,10.108,0.18474932,4.790078
10109,10.109,0.19474874,4.7758317
10110,10.11,0.1883764,4.812529
10111,10.111,0.19075517,4.786601
10112,10.112,0.19153446,4.8085093
10113,10.113,0.20488691,4.825389
10114,10.114,0.18683168,4.849037
10115,10.115,0.18834765,4.812218
10116,10.116,0.17286554,4.8236375
10117,10.117,0.18384525,4.8189
10118,10.118,0.17260444,0.8139722
10119,10.119,0.18992798,0.79719687
10120,10.12,0.1811702,0.8067238
10121,10.121,0.16295847,0.81832373
10122,10.122,0.16525078,0.77315587
10123,10.123,0.16216174,0.75701123
10124,10.124,0.14303438,0.8005465
10125,10.125,0.14946933,0.78914404
10126,10.126,0.15099898,0.7933455
10127,10.127,0.16185412,0.8180819
10128,10.128,0.14592002,0.80879724
10129,10.129,0.15615231,0.8258937
10130,10.13,0.15597568,0.8467351
10131,10.131,0.16834342,0.8529484
10132,10.132,0.15483268,0.83220017
10133,10.133,0.1667231,0.86232084
10134,10.134,0.15916781,0.8502281
10135,10.135,0.14030656,0.840375
10136,10.136,0.13924085,0.86326915
10137,10.137,0.14766535,0.81753004
10138,10.138,0.15960671,0.82431597
10139,10.139,0.14625023,0.8039305
10140,10.14,0.13795657,0.80671793
10141,10.141,0.13545553,0.78803825
10142,10.142,0.12235689,0.78699654
10143,10.143,0.1413442,0.78569645
10144,10.144,0.15563805,0.8142822
10145,10.145,0.15559892,0.8188682
10146,10.146,0.13745795,0.8091616
10147,10.147,0.14014816,0.8070103
10148,10.148,0.15191828,0.8038167
10149,10.149,0.15497805,0.8004798
10150,10.15,0.16697386,0.8128302
10151,10.151,0.1538728,0.7577276
10152,10.152,0.16888821,0.77994233
10153,10.153,0.16089103,0.8390406
10154,10.154,0.15566178,0.8282762
10155,10.155,0.16226985,0.8053443
10156,10.156,0.1529737,0.82899594
10157,10.157,0.15191747,0.7859025
10158,10.158,0.15602736,0.78271466
10159,10.159,0.14517052,0.8315733
10160,10.16,0.14657591,0.8082751
10161,10.161,0.1272315,0.769819
10162,10.162,0.12993881,0.77518195
10163,10.163,0.122083545,0.84853804
10164,10.164,0.13635509,0.80524504
10165,10.165,0.13409373,0.8040835
10166,10.166,0.14115691,0.7751819
10167,10.167,0.151438,0.7545442
10168,10.168,0.15430804,0.74686044
10169,10.169,0.14034995,0.81803954
10170,10.17,0.14451465,0.78870535
10171,10.171,0.1406858,0.780984
10172,10.172,0.1410383,0.8042738
10173,10.173,0.13358068,0.79597664
10174,10.174,0.14009283,0.82040894
10175,10.175,0.13986251,0.7805197
10176,10.176,0.14647387,0.8147679
10177,10.177,0.15869822,0.7757543
10178,10.178,0.14889771,0.7895914
10179,10.179,0.1444942,0.84816146
10180,10.18,0.16126879,0.85744524
10181,10.181,0.15477663,0.8403138
10182,10.182,0.15594256,0.85898465
10183,10.183,0.16278583,0.8514859
10184,10.184,0.16393682,0.82968056
10185,10.185,0.17137921,0.81930786
10186,10.186,0.1702272,0.8226377
10187,10.187,0.15840445,0.8053352
10188,10.188,0.17492335,0.82277
10189,10.189,0.16741766,0.82346475
10190,10.19,0.15592834,0.82769203
10191,10.191,0.16124895,0.834015
10192,10.192,0.16959459,0.82207704
10193,10.193,0.16786285,0.8316855
10194,10.194,0.16505109,0.8347534
10195,10.195,0.15631968,0.7845626
10196,10.196,0.15661971,0.7496734
10197,10.197,0.16512376,0.7717513
10198,10.198,0.15230498,0.6807278
10199,10.199,0.14587785,0.7621463
10200,10.2,0.1537316,0.7768816
10201,10.201,0.15433235,0.73013717
10202,10.202,0.14510396,0.74412054
10203,10.203,0.15800193,0.79199713
10204,10.204,0.16614862,0.78173006
10205,10.205,0.15449454,0.7646566
10206,10.206,0.13948323,0.7705526
10207,10.207,0.16303396,0.80019754
10208,10.208,0.15860009,0.7942841
10209,10.209,0.1711198,0.8479899
10210,10.21,0.17120607,0.82498735
10211,10.211,0.16887875,0.78348273
10212,10.212,0.15108371,0.7903623
10213,10.213,0.15042949,0.7950999
10214,10.214,0.14984263,0.81226647
10215,10.215,0.13627747,0.8041893
10216,10.216,0.13195454,0.7951282
10217,10.217,0.14038591,0.7801698
10218,10.218,0.13527873,0.77942216
10219,10.219,0.1261114,0.76514846
10220,10.22,0.1205606,0.8002069
10221,10.221,0.1290732,0.77823234
10222,10.222,0.1195129,0.7385729
10223,10.223,0.13005714,0.689765
10224,10.224,0.110782415,0.70895565
10225,10.225,0.11398352,0.74551463
10226,10.226,0.1147405,0.75602907
10227,10.227,0.12015573,0.8031419
10228,10.228,0.109389625,0.7660979
10229,10.229,0.12756135,0.80001724
10230,10.23,0.120436005,0.7659145
10231,10.231,0.12929086,0.7763177
10232,10.232,0.124335214,0.85867417
10233,10.233,0.11019213,0.88238496
10234,10.234,0.12724793,0.7786764
10235,10.235,0.11228236,0.81045747
10236,10.236,0.11799902,0.7917444
10237,10.237,0.11126731,0.8339589
10238,10.238,0.123784214,0.8239349
10239,10.239,0.11214968,0.7924689
10240,10.24,0.108361684,0.8038354
10241,10.241,0.11359204,0.79813415
10242,10.242,0.11445702,0.83458406
10243,10.243,0.10982019,0.7886616
10244,10.244,0.10499633,0.8264081
10245,10.245,0.11792756,0.85617626
10246,10.246,0.113717094,0.8448224
10247,10.247,0.10595358,0.79375863
10248,10.248,0.096252516,0.8278366
10249,10.249,0.09814269,0.84734017
10250,10.25,0.103583954,0.77740395
10251,10.251,0.107053526,0.8655127
10252,10.252,0.1163423,0.8409731
10253,10.253,0.116247065,0.84187424
10254,10.254,0.1073428,0.8247234
10255,10.255,0.11104258,0.7704333
10256,10.256,0.12768719,0.80721927
10257,10.257,0.10374539,0.7674969
10258,10.258,0.112297155,0.75459754
10259,10.259,0.11247289,0.754129
10260,10.26,0.11135244,0.72615796
10261,10.261,0.10062279,0.7081179
10262,10.262,0.109450914,0.6681291
10263,10.263,0.11380634,0.7137088
10264,10.264,0.109637946,0.8172865
10265,10.265,0.11187008,0.7185493
10266,10.266,0.10860159,0.7687856
10267,10.267,0.119509816,0.7854855
10268,10.268,0.13343045,0.86172926
10269,10.269,0.14074963,0.8158065
10270,10.27,0.13432066,0.76442116
10271,10.271,0.12106224,0.7165715
10272,10.272,0.122751504,0.7649831
10273,10.273,0.13290188,0.8347995
10274,10.274,0.1335056,0.7922681
10275,10.275,0.11641209,0.77382594
10276,10.276,0.12094529,0.8151472
10277,10.277,0.111889325,0.8084197
10278,10.278,0.10647089,0.72683835
10279,10.279,0.103801124,0.83329684
10280,10.28,0.11471797,0.82776827
10281,10.281,0.12248355,0.7621477
10282,10.282,0.126662,0.77636975
10283,10.283,0.11740047,0.7089699
10284,10.284,0.11269314,0.7669378
10285,10.285,0.10812465,0.8183459
10286,10.286,0.12040127,0.75356674
10287,10.287,0.10977199,0.69421154
10288,10.288,0.10442283,0.7270828
10289,10.289,0.11745444,0.69736814
10290,10.29,0.11741881,0.65938324
10291,10.291,0.111381166,0.69894797
10292,10.292,0.11335618,0.6743963
10293,10.293,0.12140785,0.682701
10294,10.294,0.116663925,0.70762
10295,10.295,0.11817148,0.79036427
10296,10.296,0.1115975,0.77788055
10297,10.297,0.112107426,0.7191316
10298,10.298,0.12711683,0.7359932
10299,10.299,0.11642318,0.76961446
10300,10.3,0.11853486,0.78159094
10301,10.301,0.11977209,0.81229496
10302,10.302,0.13179918,0.7521663
10303,10.303,0.1384503,0.72924125
10304,10.304,0.11909879,0.7616348
10305,10.305,0.12000868,0.72779304
10306,10.306,0.12492615,0.7420112
10307,10.307,0.119872734,0.7900548
10308,10.308,0.1202233,0.77614576
10309,10.309,0.12639894,0.7254533
10310,10.31,0.11668238,0.7853445
10311,10.311,0.13028355,0.79948735
10312,10.312,0.112438425,0.7824795
10313,10.313,0.12183281,0.7802709
10314,10.314,0.11419331,0.78985214
10315,10.315,0.10989076,0.82737
10316,10.316,0.10586819,0.80900747
10317,10.317,0.102745414,0.7732867
10318,10.318,0.104749925,0.80361414
10319,10.319,0.11881483,0.76893896
10320,10.32,0.11267239,0.7819542
10321,10.321,0.11183652,0.74737865
10322,10.322,0.11713498,0.7713894
10323,10.323,0.13050108,0.7672834
10324,10.324,0.15220192,0.7594021
10325,10.325,0.15697561,0.7567471
10326,10.326,0.13755997,0.73568195
10327,10.327,0.1549034,0.752671
10328,10.328,0.14572595,0.7603941
10329,10.329,0.13179171,0.71785605
10330,10.33,0.11714917,0.7340204
10331,10.331,0.1170856,0.7725792
10332,10.332,0.116654955,0.7399903
10333,10.333,0.10520356,0.78367394
10334,10.334,0.111547865,0.83048004
10335,10.335,0.1002006,0.83270305
10336,10.336,0.112569675,0.8206019
10337,10.337,0.11014018,0.8338861
10338,10.338,0.112975046,0.8165241
10339,10.339,0.1113773,0.78747934
10340,10.34,0.12591317,0.8256411
10341,10.341,0.1279755,0.8211549
10342,10.342,0.11337246,0.8269664
10343,10.343,0.1241936,0.8394643
10344,10.344,0.11869048,0.76451784
10345,10.345,0.12473836,0.8002435
10346,10.346,0.12685567,0.7537448
10347,10.347,0.12597033,0.71830726
10348,10.348,0.11283664,0.71080273
10349,10.349,0.115205005,0.74186975
10350,10.35,0.12308087,0.7034795
10351,10.351,0.11388794,0.7620721
10352,10.352,0.1156969,0.75535923
10353,10.353,0.124903485,0.739638
10354,10.354,0.1121162,0.7945178
10355,10.355,0.124614984,0.74952143
10356,10.356,0.12972414,0.772288
10357,10.357,0.1344873,0.78797454
10358,10.358,0.12565246,0.7330734
10359,10.359,0.1163222,0.8301273
10360,10.36,0.120376736,0.81873685
10361,10.361,0.12067639,0.79638904
10362,10.362,0.1464789,0.77714986
10363,10.363,0.12977393,0.7760235
10364,10.364,0.13327773,0.7871767
10365,10.365,0.13231122,0.76429814
10366,10.366,0.14003089,0.7372615
10367,10.367,0.12962165,0.73218846
10368,10.368,0.12744989,0.7828863
10369,10.369,0.13008977,0.88702816
10370,10.37,0.13320893,0.887536
10371,10.371,0.13579985,0.8547969
10372,10.372,0.13898787,0.7686427
10373,10.373,0.14631416,0.78364575
10374,10.374,0.14139426,0.7677086
10375,10.375,0.15790689,0.7889372
10376,10.376,0.14711432,0.73226404
10377,10.377,0.13401295,0.7580246
10378,10.378,0.14253971,0.75782865
10379,10.379,0.12644322,0.73805046
10380,10.38,0.13813709,0.79704297
10381,10.381,0.13503382,0.8329657
10382,10.382,0.12744941,0.8638533
10383,10.383,0.12395955,0.84121746
10384,10.384,0.12485816,0.8418278
10385,10.385,0.12779507,0.8212076
10386,10.386,0.12411134,0.8012233
10387,10.387,0.124708265,0.8476445
10388,10.388,0.12711295,0.865866
10389,10.389,0.12486457,0.83545476
10390,10.39,0.12815133,0.81888044
10391,10.391,0.13032416,0.8391229
10392,10.392,0.11263525,0.8186591
10393,10.393,0.101788215,0.85225844
10394,10.394,0.11215351,0.8673218
10395,10.395,0.120070696,0.8343243
10396,10.396,0.119584955,0.8261464
10397,10.397,0.10583389,0.7738344
10398,10.398,0.09230086,0.7657383
10399,10.399,0.108706914,0.71447194
10400,10.4,0.11301426,0.7671667
10401,10.401,0.111707166,0.79017025
10402,10.402,0.13750717,0.7767682
10403,10.403,0.12446282,0.78525233
10404,10.404,0.12839021,0.79521984
10405,10.405,0.12424215,0.81289107
10406,10.406,0.13672909,0.8179348
10407,10.407,0.12912467,0.77348965
10408,10.408,0.1284884,0.75719905
10409,10.409,0.121672615,0.7664747
10410,10.41,0.10287289,0.7552667
10411,10.411,0.122976854,0.75776386
10412,10.412,0.121070884,0.83824426
10413,10.413,0.10480688,0.8681925
10414,10.414,0.105227545,0.7868895
10415,10.415,0.111308224,0.7570983
10416,10.416,0.11734543,0.7559156
10417,10.417,0.11006195,0.7643744
10418,10.418,0.1039995,0.7877815
10419,10.419,0.11385228,0.7559569
10420,10.42,0.12476253,0.81411767
10421,10.421,0.10603775,0.7795486
10422,10.422,0.119549446,0.79951113
10423,10.423,0.11850891,0.743042
10424,10.424,0.12337695,0.82968885
10425,10.425,0.12590683,0.8006174
10426,10.426,0.12765874,0.7960646
10427,10.427,0.14610629,0.80136514
10428,10.428,0.1367012,0.7989519
10429,10.429,0.13354707,0.8048092
10430,10.43,0.12692793,0.7890225
10431,10.431,0.11892301,0.78757054
10432,10.432,0.1232657,0.7901164
10433,10.433,0.11751309,0.78628504
10434,10.434,0.114503235,0.78435934
10435,10.435,0.12210622,0.81895703
10436,10.436,0.120662116,0.7928515
10437,10.437,0.117883205,0.7697419
10438,10.438,0.11789469,0.7808944
10439,10.439,0.111369014,0.79749495
10440,10.44,0.11907502,0.741273
10441,10.441,0.12014907,0.76715374
10442,10.442,0.1287324,0.77171636
10443,10.443,0.10877368,0.7451063
10444,10.444,0.12533918,0.8172987
10445,10.445,0.11032159,0.75810677
10446,10.446,0.1153187,0.74621135
10447,10.447,0.11261448,0.7954232
10448,10.448,0.11923561,0.8235597
10449,10.449,0.13300878,0.73067844
10450,10.45,0.10475285,0.77257717
10451,10.451,0.110877894,0.81693536
10452,10.452,0.10559294,0.8154087
10453,10.453,0.13127482,0.8053918
10454,10.454,0.1222427,0.76371264
10455,10.455,0.12210521,0.7754445
10456,10.456,0.12850948,0.815589
10457,10.457,0.12702677,0.8237907
10458,10.458,0.13070412,0.7498551
10459,10.459,0.13138866,0.785075
10460,10.46,0.14370729,0.77215576
10461,10.461,0.13634336,0.7909809
10462,10.462,0.12779073,0.7678571
10463,10.463,0.13180012,0.7832411
10464,10.464,0.11900938,0.77606344
10465,10.465,0.13199511,0.7821742
10466,10.466,0.1295889,0.7852383
10467,10.467,0.11528935,0.7579585
10468,10.468,0.13411714,0.75425
10469,10.469,0.13898167,0.7553105
10470,10.47,0.13205895,0.78544575
10471,10.471,0.13323617,0.7376481
10472,10.472,0.1443063,0.6982308
10473,10.473,0.1445436,0.76432025
10474,10.474,0.15093662,0.7468528
10475,10.475,0.17800729,0.7311505
10476,10.476,0.17002359,0.75421953
10477,10.477,0.16879967,0.7457737
10478,10.478,0.17291784,0.7445376
10479,10.479,0.16208737,0.7571713
10480,10.48,0.16783462,0.7239393
10481,10.481,0.17981927,0.7359106
10482,10.482,0.18290275,0.7132686
10483,10.483,0.18098536,0.713247
10484,10.484,0.19949313,0.7753024
10485,10.485,0.2063925,0.71368086
10486,10.486,0.20956004,0.69327015
10487,10.487,0.19965312,0.738504
10488,10.488,0.20253773,0.7421717
10489,10.489,0.19243662,0.76617056
10490,10.49,0.19351746,0.7320204
10491,10.491,0.2088592,0.7673967
10492,10.492,0.19814664,0.7790231
10493,10.493,0.20543814,0.6989482
10494,10.494,0.21876968,0.7119448
10495,10.495,0.21355806,0.7108406
10496,10.496,0.22286727,0.73911786
10497,10.497,0.22349665,0.6662688
10498,10.498,0.21187928,0.7293754
10499,10.499,0.21531405,0.669286
10500,10.5,0.20661774,0.72548896
10501,10.501,0.21013589,0.7047571
10502,10.502,0.20366375,0.7127636
10503,10.503,0.22205828,0.70919406
10504,10.504,0.20750532,0.7251495
10505,10.505,0.22655597,0.71018577
10506,10.506,0.20501031,0.6851819
10507,10.507,0.20547587,0.7091343
10508,10.508,0.1936484,0.68785346
10509,10.509,0.19840358,0.7246756
10510,10.51,0.20855764,0.68550617
10511,10.511,0.20560548,0.70452875
10512,10.512,0.20361602,0.70644504
10513,10.513,0.20378608,0.66350335
10514,10.514,0.21213816,0.706373
10515,10.515,0.20372689,0.64248335
10516,10.516,0.1930868,0.7069264
10517,10.517,0.1880351,0.7017386
10518,10.518,0.18420468,0.7324453
10519,10.519,0.1877987,0.70893204
10520,10.52,0.16466555,0.6918279
10521,10.521,0.17191903,0.73083067
10522,10.522,0.18587454,0.725108
10523,10.523,0.19254498,0.710979
10524,10.524,0.1958872,0.7387267
10525,10.525,0.19294049,0.7164907
10526,10.526,0.19334091,0.69682765
10527,10.527,0.2048644,0.7052648
10528,10.528,0.20744956,0.6963366
10529,10.529,0.19452083,0.7112719
10530,10.53,0.1938891,0.7051632
10531,10.531,0.18985929,0.71577704
10532,10.532,0.18409608,0.6912272
10533,10.533,0.1957304,0.61186767
10534,10.534,0.19726157,0.67997587
10535,10.535,0.18695119,0.7290939
10536,10.536,0.18883213,0.72984844
10537,10.537,0.18740481,0.72432053
10538,10.538,0.18178993,0.73103
10539,10.539,0.18673617,0.755204
10540,10.54,0.1730594,0.7703219
10541,10.541,0.18164366,0.76466584
10542,10.542,0.18336505,0.72711986
10543,10.543,0.19423373,0.74822587
10544,10.544,0.1943395,0.71769595
10545,10.545,0.19149207,0.67954165
10546,10.546,0.19666773,0.64252275
10547,10.547,0.20208946,0.68682426
10548,10.548,0.20363203,0.69945765
10549,10.549,0.18014711,0.68167824
10550,10.55,0.17916285,0.67251503
10551,10.551,0.17719734,0.6590157
10552,10.552,0.15660949,0.70895636
10553,10.553,0.16133592,0.69835716
10554,10.554,0.18120518,0.69719255
10555,10.555,0.16956846,0.6672936
10556,10.556,0.16999102,0.6731776
10557,10.557,0.16274045,0.68269247
10558,10.558,0.15356702,0.6328355
10559,10.559,0.1544073,0.65755
10560,10.56,0.16807164,0.6729069
10561,10.561,0.17294666,0.6581495
10562,10.562,0.15853956,0.68658835
10563,10.563,0.1402219,0.7035527
10564,10.564,0.14167291,0.71037155
10565,10.565,0.16292033,4.2888813
10566,10.566,0.1647679,4.293003
10567,10.567,0.16595669,4.295333
10568,10.568,0.19054605,0.69552815
10569,10.569,0.17153889,0.7230036
10570,10.57,0.15428212,4.301948
10571,10.571,0.15291779,4.346098
10572,10.572,0.14818527,4.31177
10573,10.573,0.13853382,4.305247
10574,10.574,0.1279678,4.266813
10575,10.575,0.13936232,0.6887441
10576,10.576,0.13216373,0.7006162
10577,10.577,0.12487393,0.71620864
10578,10.578,0.12239461,0.7131767
10579,10.579,0.13324495,4.307848
10580,10.58,0.13392845,4.278554
10581,10.581,0.12453695,4.122191
10582,10.582,0.11792756,0.7382403
10583,10.583,0.12821278,0.7223336
10584,10.584,0.12334154,4.2787905
10585,10.585,0.12102768,0.7153165
10586,10.586,0.11534111,0.7408037
10587,10.587,0.1274412,0.7425811
10588,10.588,0.12097531,0.7210505
10589,10.589,0.12357079,0.71194685
10590,10.59,0.11212005,0.74507934
10591,10.591,0.12712167,0.7585701
10592,10.592,0.12216617,0.7403008
10593,10.593,0.12273045,0.76876503
10594,10.594,0.115451485,0.7673042
10595,10.595,0.12352298,0.73943543
10596,10.596,0.123088874,0.75832844
10597,10.597,0.12132421,0.7615414
10598,10.598,0.12756425,0.7536338
10599,10.599,0.11112013,0.6989224
10600,10.6,0.13268828,0.729547
10601,10.601,0.124143064,0.7046258
10602,10.602,0.11847204,0.7495059
10603,10.603,0.13031755,0.7436546
10604,10.604,0.12846398,0.78965443
10605,10.605,0.1208939,0.7496681
10606,10.606,0.13501422,0.72199225
10607,10.607,0.120182864,0.7416388
10608,10.608,0.12682414,0.73687524
10609,10.609,0.12567547,0.7941663
10610,10.61,0.12687895,0.80352163
10611,10.611,0.12322526,0.78604007
10612,10.612,0.11060065,0.78450453
10613,10.613,0.110491,0.779336
10614,10.614,0.12500393,0.7865016
10615,10.615,0.12689205,0.7996499
10616,10.616,0.12633224,0.7689642
10617,10.617,0.12502411,0.77043885
10618,10.618,0.11651669,0.789248
10619,10.619,0.10953745,0.7771075
10620,10.62,0.11024013,0.74217874
10621,10.621,0.10216471,0.80802375
10622,10.622,0.1126773,0.7374992
10623,10.623,0.11453869,0.7823745
10624,10.624,0.11156993,0.74826694
10625,10.625,0.11726308,0.723994
10626,10.626,0.11056671,0.74537224
10627,10.627,0.11633013,0.78275955
10628,10.628,0.107281454,0.7660027
10629,10.629,0.11518791,0.77170223
10630,10.63,0.114291325,0.78544784
10631,10.631,0.116276704,0.75638705
10632,10.632,0.13181318,0.7794383
10633,10.633,0.11632696,0.7733332
10634,10.634,0.11408604,0.7855234
10635,10.635,0.12720875,0.8203152
10636,10.636,0.13588636,0.810754
10637,10.637,0.13116229,0.8479596
10638,10.638,0.13292363,0.8363826
10639,10.639,0.12528957,0.85591596
10640,10.64,0.13264051,0.8519248
10641,10.641,0.1250064,0.87643
10642,10.642,0.1309327,0.8154386
10643,10.643,0.13606781,0.818361
10644,10.644,0.12369769,0.7906387
10645,10.645,0.12063661,0.75581634
10646,10.646,0.13256952,0.80118215
10647,10.647,0.13827643,0.8116054
10648,10.648,0.13955115,0.78783137
10649,10.649,0.13039024,0.77150416
10650,10.65,0.12540935,0.8208866
10651,10.651,0.11845646,4.2296705
10652,10.652,0.12169587,0.77185476
10653,10.653,0.13000603,0.8266468
10654,10.654,0.118796185,0.80232775
10655,10.655,0.111779846,0.8215223
10656,10.656,0.11216613,0.80684423
10657,10.657,0.10208819,0.8004253
10658,10.658,0.11067962,0.76396495
10659,10.659,0.11289006,0.79299164
10660,10.66,0.11047207,0.764514
10661,10.661,0.11525092,0.8144687
10662,10.662,0.12559858,0.759685
10663,10.663,0.11780802,0.8315241
10664,10.664,0.11815377,0.8725762
10665,10.665,0.11588766,0.80510265
10666,10.666,0.11619836,0.8262908
10667,10.667,0.096502125,0.8450743
10668,10.668,0.09366136,0.8188589
10669,10.669,0.105612166,0.76817286
10670,10.67,0.11632802,0.76510173
10671,10.671,0.10482449,0.78840965
10672,10.672,0.109709196,0.80658084
10673,10.673,0.10089147,0.80214405
10674,10.674,0.099758744,0.7772047
10675,10.675,0.09109107,0.78413033
10676,10.676,0.09933041,0.73504
10677,10.677,0.10320549,4.2292438
10678,10.678,0.10487671,0.78603274
10679,10.679,0.11429187,0.7985531
10680,10.68,0.11146179,4.2217374
10681,10.681,0.106398046,4.281347
10682,10.682,0.10758613,4.2930794
10683,10.683,0.11119928,4.28204
10684,10.684,0.10453884,4.278703
10685,10.685,0.110158056,4.2458525
10686,10.686,0.118178256,4.2747183
10687,10.687,0.12323774,0.7565054
10688,10.688,0.12392679,0.76402897
10689,10.689,0.123275176,0.79412407
10690,10.69,0.120300554,0.81773967
10691,10.691,0.10749287,0.76116645
10692,10.692,0.121247604,0.82140386
10693,10.693,0.1282003,0.80705345
10694,10.694,0.14173543,4.8899055
10695,10.695,0.13055953,4.8834352
10696,10.696,0.13021977,4.8758063
10697,10.697,0.120621316,0.8496932
10698,10.698,0.12576258,0.80265796
10699,10.699,0.11502007,0.79391193
10700,10.7,0.12441288,0.75139534
10701,10.701,0.12510873,0.76758814
10702,10.702,0.12884276,0.79425293
10703,10.703,0.14470015,0.742283
10704,10.704,0.13728327,0.76822376
10705,10.705,0.12310187,0.75880384
10706,10.706,0.13143642,0.8161982
10707,10.707,0.12754206,0.78060615
10708,10.708,0.13375606,0.7581813
10709,10.709,0.13322277,0.7487294
10710,10.71,0.132505,0.78437823
10711,10.711,0.12808026,0.79695064
10712,10.712,0.11872055,0.77217215
10713,10.713,0.11655206,0.722687
10714,10.714,0.11426225,0.8034639
10715,10.715,0.123098366,0.82512665
10716,10.716,0.11609878,0.78713447
10717,10.717,0.12395111,0.8000057
10718,10.718,0.10812465,0.8113298
10719,10.719,0.11089621,0.81459767
10720,10.72,0.09653782,0.864359
10721,10.721,0.105055496,0.8110253
10722,10.722,0.10579493,0.81066954
10723,10.723,0.106827416,0.7808014
10724,10.724,0.120278046,0.79720366
10725,10.725,0.112348646,0.81905985
10726,10.726,0.11833017,0.75987566
10727,10.727,0.11310513,0.7847336
10728,10.728,0.12349309,0.832674
10729,10.729,0.12644614,0.792997
10730,10.73,0.12714441,0.7949362
10731,10.731,0.1140623,0.7793057
10732,10.732,0.12350455,0.7590733
10733,10.733,0.11737846,0.7663409
10734,10.734,0.114937656,0.78275216
10735,10.735,0.10845703,0.8007224
10736,10.736,0.12180755,0.7953636
10737,10.737,0.1139425,0.78267723
10738,10.738,0.1173255,0.78177375
10739,10.739,0.110782966,0.75063324
10740,10.74,0.11520607,0.75647074
10741,10.741,0.12206439,0.7748659
10742,10.742,0.118498005,0.77422744
10743,10.743,0.116666034,0.7594521
10744,10.744,0.11366352,0.7859348
10745,10.745,0.108973734,0.75214976
10746,10.746,0.13914935,0.77313036
10747,10.747,0.12281514,0.7479703
10748,10.748,0.122848704,0.7406318
10749,10.749,0.13559763,0.75612754
10750,10.75,0.13230053,0.8047294
10751,10.751,0.118528634,0.8135947
10752,10.752,0.13694133,0.7652839
10753,10.753,0.13438891,0.7806945
10754,10.754,0.13357055,0.7889888
10755,10.755,0.12809034,0.7654492
10756,10.756,0.12926516,0.75395644
10757,10.757,0.12121259,0.7948603
10758,10.758,0.11429779,0.7397725
10759,10.759,0.13042043,0.79566926
10760,10.76,0.12979668,0.7648252
10761,10.761,0.13411988,0.73098063
10762,10.762,0.14298277,0.79040235
10763,10.763,0.13103744,0.7992044
10764,10.764,0.124042906,0.79159194
10765,10.765,0.12706357,0.72335434
10766,10.766,0.12886949,0.75590134
10767,10.767,0.1372528,0.7403951
10768,10.768,0.13351756,0.7534627
10769,10.769,0.14479452,0.7280931
10770,10.77,0.13778119,0.77169675
10771,10.771,0.15127824,0.7678128
10772,10.772,0.14607216,0.7569322
10773,10.773,0.13947043,0.7435103
10774,10.774,0.130112,0.7691056
10775,10.775,0.1299194,0.79992837
10776,10.776,0.12487689,0.7491816
10777,10.777,0.13042516,0.78318554
10778,10.778,0.12319879,0.7672328
10779,10.779,0.120422214,0.75201213
10780,10.78,0.1254687,0.79101586
10781,10.781,0.12489265,0.80961007
10782,10.782,0.1197613,0.7856973
10783,10.783,0.12353693,0.7714512
10784,10.784,0.13667959,0.7647092
10785,10.785,0.12634489,0.78898823
10786,10.786,0.13680333,0.76272094
10787,10.787,0.12974975,0.7564847
10788,10.788,0.14253108,0.7710097
10789,10.789,0.13663636,0.77763027
10790,10.79,0.16090861,0.80148
10791,10.791,0.15107924,0.76474625
10792,10.792,0.15685093,0.776634
10793,10.793,0.15506774,0.756989
10794,10.794,0.16200155,0.7995736
10795,10.795,0.15659614,0.80853736
10796,10.796,0.15161666,0.84362894
10797,10.797,0.12897305,0.77741945
10798,10.798,0.12876107,0.79729384
10799,10.799,0.14082743,0.77922416
10800,10.8,0.1448387,0.8344448
10801,10.801,0.15283608,0.8612152
10802,10.802,0.16324705,0.80883145
10803,10.803,0.15839125,0.80904704
10804,10.804,0.15479572,0.77886146
10805,10.805,0.14270408,0.79484165
10806,10.806,0.16192709,0.77424586
10807,10.807,0.14263205,0.8269945
10808,10.808,0.15376641,0.77316034
10809,10.809,0.13989595,0.77163815
10810,10.81,0.1549705,0.82147515
10811,10.811,0.156146,0.7919675
10812,10.812,0.15385962,0.8002943
10813,10.813,0.1501978,0.7544045
10814,10.814,0.14267735,0.78493565
10815,10.815,0.14552018,0.82033944
10816,10.816,0.1422035,0.79438335
10817,10.817,0.14540344,0.8402821
10818,10.818,0.13515131,0.7644947
10819,10.819,0.14538482,0.80079997
10820,10.82,0.14728945,0.78384984
10821,10.821,0.1245735,0.8093257
10822,10.822,0.115851015,0.79118675
10823,10.823,0.117829956,0.7860306
10824,10.824,0.12887427,0.78537357
10825,10.825,0.13247621,0.7858555
10826,10.826,0.13336034,0.7871156
10827,10.827,0.12819742,0.8053512
10828,10.828,0.1191463,0.8137878
10829,10.829,0.1287754,0.8189716
10830,10.83,0.1221566,0.81936306
10831,10.831,0.13276431,0.7980212
10832,10.832,0.1418257,0.7953317
10833,10.833,0.14409809,0.8121207
10834,10.834,0.1383267,0.79169816
10835,10.835,0.1368393,0.7696685
10836,10.836,0.14111026,0.7984724
10837,10.837,0.13528281,0.79469913
10838,10.838,0.13220516,0.77248913
10839,10.839,0.13412768,0.8273089
10840,10.84,0.13712677,0.7728618
10841,10.841,0.14518917,0.785119
10842,10.842,0.14220652,0.8255295
10843,10.843,0.13278331,0.7812924
10844,10.844,0.14002298,0.7948436
10845,10.845,0.15487798,0.7170287
10846,10.846,0.15541612,0.7301518
10847,10.847,0.17120355,0.715939
10848,10.848,0.1704396,0.64053744
10849,10.849,0.18228374,0.73386693
10850,10.85,0.17695202,0.7753018
10851,10.851,0.16642724,0.78729606
10852,10.852,0.16447376,0.7786785
10853,10.853,0.16772278,0.7673929
10854,10.854,0.16373703,0.77081704
10855,10.855,0.15798868,0.7767973
10856,10.856,0.1761889,0.74987394
10857,10.857,0.16722718,0.7562715
10858,10.858,0.17847124,0.7939319
10859,10.859,0.16745478,0.75346035
10860,10.86,0.16728236,4.49173
10861,10.861,0.17019142,0.76717794
10862,10.862,0.18659377,4.466862
10863,10.863,0.18002959,4.4921513
10864,10.864,0.1808966,4.501934
10865,10.865,0.17469,4.4158826
10866,10.866,0.17227297,4.4657307
10867,10.867,0.17376794,4.4876547
10868,10.868,0.1754365,4.482006
10869,10.869,0.1567289,4.4631643
10870,10.87,0.1598236,4.4778595
10871,10.871,0.15806071,4.4663453
10872,10.872,0.15817124,4.456042
10873,10.873,0.1647541,4.465008
10874,10.874,0.16260467,4.5146103
10875,10.875,0.16588475,4.482916
10876,10.876,0.1383396,4.423091
10877,10.877,0.15706378,4.456256
10878,10.878,0.14181355,4.478095
10879,10.879,0.15690741,4.4915123
10880,10.88,0.16107868,4.456065
10881,10.881,0.15670101,4.4413652
10882,10.882,0.15924045,4.41858
10883,10.883,0.14755364,4.3760185
10884,10.884,0.15348646,4.428288
10885,10.885,0.15111262,4.4574037
10886,10.886,0.15263185,4.4249816
10887,10.887,0.15727401,4.465828
10888,10.888,0.15225972,4.4298344
10889,10.889,0.16359755,4.4617887
10890,10.89,0.15427893,4.462641
10891,10.891,0.15371118,4.4675407
10892,10.892,0.14751151,4.4766088
10893,10.893,0.1561728,4.466369
10894,10.894,0.1384614,4.453015
10895,10.895,0.15066326,4.455262
10896,10.896,0.13354568,4.46979
10897,10.897,0.14645791,4.4316306
10898,10.898,0.1427002,0.80410445
10899,10.899,0.1428002,0.82867575
10900,10.9,0.1405808,0.8119483
10901,10.901,0.14229476,4.518982
10902,10.902,0.14262214,0.79373044
10903,10.903,0.15085874,0.832625
10904,10.904,0.14626579,0.78570205
10905,10.905,0.15057299,0.7716269
10906,10.906,0.15942928,0.77208763
10907,10.907,0.14700136,0.745331
10908,10.908,0.14424703,0.78938437
10909,10.909,0.149429,0.8493966
10910,10.91,0.15137461,0.8090722
10911,10.911,0.15280387,4.4350753
10912,10.912,0.14639698,4.436319
10913,10.913,0.14599802,4.4057207
10914,10.914,0.15899067,4.4097614
10915,10.915,0.15161951,4.3714886
10916,10.916,0.14179316,4.451081
10917,10.917,0.13791242,4.4482584
10918,10.918,0.12778784,4.4140034
10919,10.919,0.14297028,4.422163
10920,10.92,0.14323857,4.4185705
10921,10.921,0.14801909,4.386852
10922,10.922,0.13955379,4.325046
10923,10.923,0.12864059,4.3503113
10924,10.924,0.12979195,4.315774
10925,10.925,0.14178883,4.255617
10926,10.926,0.151994,4.2887774
10927,10.927,0.13925764,4.3532314
10928,10.928,0.16028988,4.348661
10929,10.929,0.14602794,4.3258705
10930,10.93,0.1550733,4.3555946
10931,10.931,0.1277002,4.227095
10932,10.932,0.12150208,4.290941
10933,10.933,0.12310986,4.2967043
10934,10.934,0.12760861,4.299341
10935,10.935,0.11710714,4.3406444
10936,10.936,0.13046478,4.332844
10937,10.937,0.13545735,4.276976
10938,10.938,0.13351296,4.291878
10939,10.939,0.13392891,4.2443542
10940,10.94,0.1356811,4.2704024
10941,10.941,0.1293213,4.27467
10942,10.942,0.13831647,4.261722
10943,10.943,0.12468853,4.239863
10944,10.944,0.1257841,4.2640195
10945,10.945,0.13505204,4.2330112
10946,10.946,0.14542755,4.228383
10947,10.947,0.13609041,4.274587
10948,10.948,0.14259365,4.3105326
10949,10.949,0.13517134,4.330728
10950,10.95,0.12606506,4.3379645
10951,10.951,0.14218706,4.307039
10952,10.952,0.13085702,4.2927723
10953,10.953,0.13396382,4.2880354
10954,10.954,0.12988341,4.2358193
10955,10.955,0.1387832,4.2173295
10956,10.956,0.1277994,4.224435
10957,10.957,0.13479438,4.197846
10958,10.958,0.13836806,4.2653317
10959,10.959,0.14482087,4.2580795
10960,10.96,0.13958068,4.272881
10961,10.961,0.13974896,4.2198086
10962,10.962,0.14246805,4.266447
10963,10.963,0.1368874,4.3598666
10964,10.964,0.12843524,4.298869
10965,10.965,0.1293646,4.2943997
10966,10.966,0.13466515,4.281988
10967,10.967,0.13309896,4.3150644
10968,10.968,0.12357278,4.300251
10969,10.969,0.12372704,4.266807
10970,10.97,0.13511398,4.338416
10971,10.971,0.13561578,4.3497925
10972,10.972,0.12607433,4.3161597
10973,10.973,0.12299336,4.312161
10974,10.974,0.13438936,4.304855
10975,10.975,0.11925779,4.3713226
10976,10.976,0.12613483,4.3876953
10977,10.977,0.13639435,4.3597016
10978,10.978,0.13292503,4.252259
10979,10.979,0.1197911,4.302742
10980,10.98,0.12476499,4.2889256
10981,10.981,0.15413849,4.371816
10982,10.982,0.13891347,4.3099585
10983,10.983,0.11518471,4.3108687
10984,10.984,0.122234136,4.301085
10985,10.985,0.1397133,4.2952514
10986,10.986,0.14668292,4.3244267
10987,10.987,0.14383739,4.3241687
10988,10.988,0.13540737,4.312559
10989,10.989,0.12711635,4.311866
10990,10.99,0.13503335,4.3130827
10991,10.991,0.12787353,4.293749
10992,10.992,0.134163,4.2700415
10993,10.993,0.13000509,4.218518
10994,10.994,0.12982987,4.2053266
10995,10.995,0.12564413,4.2664742
10996,10.996,0.13810189,4.2795177
10997,10.997,0.1341795,4.2346396
10998,10.998,0.12004302,4.219283
10999,10.999,0.117706135,4.264327
11000,11.0,0.12154967,4.193987
11001,11.001,0.12266075,4.270037
11002,11.002,0.13319877,4.2525964
11003,11.003,0.13395831,4.243175
11004,11.004,0.13198158,4.225669
11005,11.005,0.13574955,4.261801
11006,11.006,0.118766144,4.2251296
11007,11.007,0.1367453,4.252178
11008,11.008,0.1346199,4.2298007
11009,11.009,0.14261566,4.2163963
11010,11.01,0.14140122,4.238318
11011,11.011,0.14714777,4.2127233
11012,11.012,0.13641463,0.81139785
11013,11.013,0.13706663,4.213375
11014,11.014,0.13152768,4.1899633
11015,11.015,0.13775842,4.2533565
11016,11.016,0.12976208,0.7582794
11017,11.017,0.12100276,4.2559285
11018,11.018,0.13094726,4.2181854
11019,11.019,0.11133862,4.2355685
11020,11.02,0.12113591,4.1744895
11021,11.021,0.122469485,4.1693473
11022,11.022,0.12312186,0.8177015
11023,11.023,0.12848458,0.75658554
11024,11.024,0.13079259,0.71691185
11025,11.025,0.1371833,0.7859417
11026,11.026,0.1255584,0.8167205
11027,11.027,0.14175107,0.79343367
11028,11.028,0.12590438,0.8029458
11029,11.029,0.14513151,0.81509656
11030,11.03,0.13126077,0.8005435
11031,11.031,0.11795469,0.7699319
11032,11.032,0.11968216,0.77923954
11033,11.033,0.12885422,0.7955986
11034,11.034,0.13228565,0.76837975
11035,11.035,0.12282817,0.7644141
11036,11.036,0.13339816,0.7830376
11037,11.037,0.12130595,0.7785924
11038,11.038,0.12865303,0.8026781
11039,11.039,0.123288654,0.75772387
11040,11.04,0.11670558,0.8160181
11041,11.041,0.10374065,0.79829407
11042,11.042,0.10775357,0.8418295
11043,11.043,0.11432309,0.79883295
11044,11.044,0.11790095,0.82755214
11045,11.045,0.13194849,0.8131842
11046,11.046,0.12404985,0.79162097
11047,11.047,0.12657113,0.78937024
11048,11.048,0.13149212,0.8070908
11049,11.049,0.137986,0.80385107
11050,11.05,0.1302127,0.711722
11051,11.051,0.13004626,0.75069743
11052,11.052,0.1180944,0.7167368
11053,11.053,0.11341424,0.7491038
11054,11.054,0.1246451,0.710971
11055,11.055,0.12559271,0.7013341
11056,11.056,0.122718416,0.7368332
11057,11.057,0.13187525,0.737002
11058,11.058,0.13758457,0.7766112
11059,11.059,0.14008273,0.66645557
11060,11.06,0.13570876,4.2607856
11061,11.061,0.12695168,4.3182163
11062,11.062,0.12799472,4.306088
11063,11.063,0.12703888,0.7598139
11064,11.064,0.1303789,0.79763573
11065,11.065,0.12609287,4.3305078
11066,11.066,0.13247946,4.316959
11067,11.067,0.11673879,4.2959614
11068,11.068,0.128752,4.318277
11069,11.069,0.123974435,4.298059
11070,11.07,0.13421665,0.75027823
11071,11.071,0.14508572,0.78141606
11072,11.072,0.14872696,4.354716
11073,11.073,0.14583527,4.3396297
11074,11.074,0.15701403,4.3372154
11075,11.075,0.13754699,4.337547
11076,11.076,0.15328309,4.305546
11077,11.077,0.1564629,4.271821
11078,11.078,0.16607232,4.229228
11079,11.079,0.17321648,4.2695837
11080,11.08,0.1411264,4.2960935
11081,11.081,0.14291088,4.2373347
11082,11.082,0.15078491,4.2480435
11083,11.083,0.15655723,4.2676144
11084,11.084,0.16048016,4.2855487
11085,11.085,0.15597884,0.76107997
11086,11.086,0.1513372,0.76606584
11087,11.087,0.13889974,4.213485
11088,11.088,0.13119325,0.76826483
11089,11.089,0.13794632,4.2201247
11090,11.09,0.12497391,4.257924
11091,11.091,0.12289828,4.239693
11092,11.092,0.13233958,0.75966966
11093,11.093,0.14334805,0.7144248
11094,11.094,0.12999326,0.78189254
11095,11.095,0.14669046,0.74573034
11096,11.096,0.16548666,0.7332605
11097,11.097,0.15285137,0.7415696
11098,11.098,0.14935403,0.74335146
11099,11.099,0.14350207,0.72773594
11100,11.1,0.14423423,0.72710323
11101,11.101,0.15689525,0.73251975
11102,11.102,0.15026498,0.713861
11103,11.103,0.16706227,0.7330164
11104,11.104,0.16061659,0.7298073
11105,11.105,0.17519644,0.6720574
11106,11.106,0.16926594,0.75151813
11107,11.107,0.16477425,0.7495948
11108,11.108,0.153732,0.6983196
11109,11.109,0.15482593,0.7293533
11110,11.11,0.17417006,0.73668224
11111,11.111,0.15864006,0.7394877
11112,11.112,0.15061302,0.72658813
11113,11.113,0.15307342,0.6884273
11114,11.114,0.15164709,0.7007861
11115,11.115,0.15079674,4.3127637
11116,11.116,0.15872923,4.349409
11117,11.117,0.17304873,4.356086
11118,11.118,0.17737642,4.3905387
11119,11.119,0.17135873,4.354065
11120,11.12,0.14594913,4.3403053
11121,11.121,0.16535462,4.304831
11122,11.122,0.1688598,4.306506
11123,11.123,0.16294186,4.261981
11124,11.124,0.1667194,4.3126235
11125,11.125,0.16779247,4.288558
11126,11.126,0.18120992,4.331404
11127,11.127,0.18104722,4.2801137
11128,11.128,0.18551835,4.394663
11129,11.129,0.2053111,4.314707
11130,11.13,0.18729316,4.2346787
11131,11.131,0.18994613,4.1855497
11132,11.132,0.19614804,4.2872944
11133,11.133,0.20360303,4.32925
11134,11.134,0.18515451,4.3055806
11135,11.135,0.20217894,4.321309
11136,11.136,0.19865803,4.2497253
11137,11.137,0.17885694,0.7587563
11138,11.138,0.14864501,0.7281052
11139,11.139,0.14658767,0.7310958
11140,11.14,0.15324254,0.74755913
11141,11.141,0.15955235,0.72173876
11142,11.142,0.16394958,0.75571495
11143,11.143,0.15493357,0.75839955
11144,11.144,0.15129818,0.708647
11145,11.145,0.1589024,0.74985504
11146,11.146,0.15217039,0.7726847
11147,11.147,0.14033505,0.75594014
11148,11.148,0.13710792,0.7494956
11149,11.149,0.13233122,0.75185317
11150,11.15,0.13450743,0.7577113
11151,11.151,0.12589656,0.77840173
11152,11.152,0.12239862,0.77615577
11153,11.153,0.14019293,0.7216761
11154,11.154,0.14604984,0.7346265
11155,11.155,0.13575001,0.71777266
11156,11.156,0.13693325,0.7613155
11157,11.157,0.14895761,0.6921413
11158,11.158,0.14344332,0.71396214
11159,11.159,0.15164222,0.6959169
11160,11.16,0.14629398,0.74150217
11161,11.161,0.1333308,0.7422257
11162,11.162,0.12772717,0.7316675
11163,11.163,0.12421243,0.73681027
11164,11.164,0.120106556,0.74235487
11165,11.165,0.12087253,0.76074725
11166,11.166,0.1264228,0.7698749
11167,11.167,0.13174455,0.7653484
11168,11.168,0.13304208,0.72136533
11169,11.169,0.1410492,0.79163253
11170,11.17,0.1454521,0.81315464
11171,11.171,0.14861025,0.7921645
11172,11.172,0.12475217,0.77981657
11173,11.173,0.13892455,0.7719036
11174,11.174,0.14856759,0.7987234
11175,11.175,0.14376636,0.8049215
11176,11.176,0.1355173,0.8119679
11177,11.177,0.13740826,0.7616809
11178,11.178,0.16067481,4.224873
11179,11.179,0.15934126,4.2663755
11180,11.18,0.12341934,4.2172394
11181,11.181,0.15275434,4.1189656
11182,11.182,0.14242572,0.83485144
11183,11.183,0.15113786,0.80284476
11184,11.184,0.16841906,4.1753674
11185,11.185,0.14747731,4.195248
11186,11.186,0.15132542,0.8234927
11187,11.187,0.14888324,0.8140829
11188,11.188,0.14399044,0.8008035
11189,11.189,0.14035654,0.7968122
11190,11.19,0.14047134,0.800975
11191,11.191,0.13374779,0.80653334
11192,11.192,0.14131461,0.8186514
11193,11.193,0.14887911,0.7985495
11194,11.194,0.15646918,0.8496621
11195,11.195,0.15634212,0.8021237
11196,11.196,0.15532623,0.79578686
11197,11.197,0.15651046,0.84336
11198,11.198,0.16428287,4.330329
11199,11.199,0.15035339,0.7703619
11200,11.2,0.15866992,0.7953544
11201,11.201,0.15658318,0.79964525
11202,11.202,0.14991653,0.786886
11203,11.203,0.1501638,0.79618275
11204,11.204,0.15415764,0.7941768
11205,11.205,0.14813918,0.7867947
11206,11.206,0.16003904,0.7801578
11207,11.207,0.15416363,0.78772765
11208,11.208,0.14428797,0.7571368
11209,11.209,0.13082081,0.81403655
11210,11.21,0.12934795,0.82701373
11211,11.211,0.13601942,0.7940199
11212,11.212,0.14945658,0.8215755
11213,11.213,0.13955203,0.7988832
11214,11.214,0.1504753,0.80431724
11215,11.215,0.13953263,0.76673275
11216,11.216,0.15353134,0.81585276
11217,11.217,0.14329697,0.80811626
11218,11.218,0.14786562,0.7902509
11219,11.219,0.14194626,0.7780817
11220,11.22,0.14611596,0.77397287
11221,11.221,0.16358252,0.77702475
11222,11.222,0.16438994,0.69978017
11223,11.223,0.16972442,0.7358245
11224,11.224,0.17790185,0.77151877
11225,11.225,0.18536507,0.782707
11226,11.226,0.19697815,0.74850476
11227,11.227,0.17371128,0.6821553
11228,11.228,0.17423646,0.7888248
11229,11.229,0.17236508,0.75381005
11230,11.23,0.1707159,0.7919287
11231,11.231,0.18594205,0.796294
11232,11.232,0.19412917,0.78712875
11233,11.233,0.17034246,0.8025552
11234,11.234,0.18731812,0.76776826
11235,11.235,0.16041574,0.79251826
11236,11.236,0.16644055,0.81759655
11237,11.237,0.14706664,0.82975143
11238,11.238,0.15361188,0.82569015
11239,11.239,0.15438299,0.79945415
11240,11.24,0.15041026,0.74071
11241,11.241,0.14014201,0.80363166
11242,11.242,0.15450051,0.84216547
11243,11.243,0.15016094,0.78914905
11244,11.244,0.16224633,0.7117331
11245,11.245,0.16046368,0.7192771
11246,11.246,0.1536251,0.7685193
11247,11.247,0.151312,0.7511689
11248,11.248,0.13786735,0.7814839
11249,11.249,0.1489382,0.7391937
11250,11.25,0.1410902,0.7519875
11251,11.251,0.1346062,0.7828089
11252,11.252,0.1459116,0.8253804
11253,11.253,0.1638501,0.79793745
11254,11.254,0.15890047,0.8039792
11255,11.255,0.16442437,0.8051177
11256,11.256,0.15002525,0.8046341
11257,11.257,0.13369809,0.8206403
11258,11.258,0.14671521,0.8296729
11259,11.259,0.1582175,0.7955518
11260,11.26,0.15905412,0.7958877
11261,11.261,0.14729404,0.76030546
11262,11.262,0.14508276,0.76014584
11263,11.263,0.1564688,0.77034146
11264,11.264,0.14742891,0.765078
11265,11.265,0.15168725,0.7763232
11266,11.266,0.142139,0.77092105
11267,11.267,0.14264025,0.8069551
11268,11.268,0.1291904,0.8375592
11269,11.269,0.12307238,0.860574
11270,11.27,0.14685814,0.8387794
11271,11.271,0.1473617,0.8625687
11272,11.272,0.14354451,0.8318424
11273,11.273,0.16039388,0.8043788
11274,11.274,0.17811441,0.799736
11275,11.275,0.17884937,0.760424
11276,11.276,0.15131281,0.7961465
11277,11.277,0.1495356,0.85706854
11278,11.278,0.15779501,0.7372248
11279,11.279,0.16053,0.7843182
11280,11.28,0.15442602,0.7576011
11281,11.281,0.14848971,0.81624556
11282,11.282,0.1537384,0.78480107
11283,11.283,0.1561732,0.77159816
11284,11.284,0.14352436,0.78331524
11285,11.285,0.13859554,0.78788555
11286,11.286,0.13968687,0.7407122
11287,11.287,0.14980444,0.7101456
11288,11.288,0.1366814,0.77724266
11289,11.289,0.14771117,0.7556523
11290,11.29,0.1571797,0.7716245
11291,11.291,0.15953691,0.7244468
11292,11.292,0.17016757,0.75233394
11293,11.293,0.1620866,0.71273106
11294,11.294,0.17173176,0.7836628
11295,11.295,0.16072229,0.8003618
11296,11.296,0.14873026,0.7956476
11297,11.297,0.15437661,0.7845836
11298,11.298,0.1720968,0.7880091
11299,11.299,0.17208643,0.8315362
11300,11.3,0.18753642,0.78394717
11301,11.301,0.17558722,0.80715615
11302,11.302,0.15957625,0.81767195
11303,11.303,0.19612482,0.78420293
11304,11.304,0.18427381,0.8199744
11305,11.305,0.19370876,0.8474178
11306,11.306,0.18840873,0.80433977
11307,11.307,0.19212848,0.7844069
11308,11.308,0.1922834,0.84299356
11309,11.309,0.17505556,0.83967555
11310,11.31,0.1765071,0.8436497
11311,11.311,0.16933608,0.8396429
11312,11.312,0.16662528,0.802727
11313,11.313,0.17248677,0.8300698
11314,11.314,0.18487848,0.77489895
11315,11.315,0.163371,0.81617457
11316,11.316,0.16348884,0.78404444
11317,11.317,0.16769637,0.8092101
11318,11.318,0.16813058,0.80952233
11319,11.319,0.18325932,0.77878135
11320,11.32,0.16966859,0.81059444
11321,11.321,0.1682407,0.8103027
11322,11.322,0.1634975,0.8184531
11323,11.323,0.15293469,0.8326804
11324,11.324,0.15605693,0.7955983
11325,11.325,0.14736211,0.8281249
11326,11.326,0.16251953,0.8037456
11327,11.327,0.18731023,0.8206383
11328,11.328,0.17708689,0.7832941
11329,11.329,0.17684247,0.8111755
11330,11.33,0.16777119,0.847697
11331,11.331,0.15910478,0.7916562
11332,11.332,0.16132867,0.79266846
11333,11.333,0.14979541,0.79431564
11334,11.334,0.15221971,0.7880539
11335,11.335,0.14269115,0.7929701
11336,11.336,0.14558908,0.8032807
11337,11.337,0.1553884,0.79610455
11338,11.338,0.141241,0.78185976
11339,11.339,0.15399192,0.77626634
11340,11.34,0.14753905,0.7886971
11341,11.341,0.17771153,0.8013714
11342,11.342,0.16201712,0.7565657
11343,11.343,0.15624213,0.8080495
11344,11.344,0.14443246,0.80694336
11345,11.345,0.14025962,0.8315274
11346,11.346,0.14010733,0.83880574
11347,11.347,0.13930137,0.8010498
11348,11.348,0.13677275,0.7557307
11349,11.349,0.13591307,0.7934704
11350,11.35,0.15403706,0.8110885
11351,11.351,0.16210444,0.7492847
11352,11.352,0.15642984,0.779429
11353,11.353,0.14781485,0.80563885
11354,11.354,0.16472794,0.77792305
11355,11.355,0.14797045,0.77348155
11356,11.356,0.16845523,0.8397378
11357,11.357,0.1490497,0.7772111
11358,11.358,0.15532623,0.8690016
11359,11.359,0.1681712,0.8490426
11360,11.36,0.16850051,0.8622949
11361,11.361,0.15780671,0.8462223
11362,11.362,0.16177085,0.861336
11363,11.363,0.16368291,0.81642985
11364,11.364,0.15585731,0.83996916
11365,11.365,0.14951338,0.82759047
11366,11.366,0.15915349,0.84045357
11367,11.367,0.15216877,0.8408699
11368,11.368,0.1534997,0.86136913
11369,11.369,0.16216174,0.8300095
11370,11.37,0.15711275,0.8637644
11371,11.371,0.16395746,0.90002936
11372,11.372,0.18165858,0.92341965
11373,11.373,0.18180145,0.9170581
11374,11.374,0.1816562,0.87744695
11375,11.375,0.17677844,0.90492177
11376,11.376,0.18634795,0.8651447
11377,11.377,0.18358804,0.8460492
11378,11.378,0.17165722,0.83321774
11379,11.379,0.17834227,0.8282545
11380,11.38,0.17531335,0.8789051
11381,11.381,0.17323601,0.8005127
11382,11.382,0.16308755,0.81269217
11383,11.383,0.17593275,0.8053218
11384,11.384,0.181307,0.8715564
11385,11.385,0.18912125,0.84256154
11386,11.386,0.18296498,0.8283434
11387,11.387,0.18175745,0.82502735
11388,11.388,0.17563207,0.8174296
11389,11.389,0.16135347,0.79973453
11390,11.39,0.14646211,0.83367336
11391,11.391,0.15474284,0.7898385
11392,11.392,0.16288255,0.7445395
11393,11.393,0.15714917,0.7764406
11394,11.394,0.16390868,0.76884335
11395,11.395,0.17353623,0.7867589
11396,11.396,0.16341355,0.7532826
11397,11.397,0.16383807,0.81030595
11398,11.398,0.16246803,0.7984354
11399,11.399,0.15951455,0.8218177
11400,11.4,0.15432559,0.7921311
11401,11.401,0.16847458,0.7873666
11402,11.402,0.17532353,0.8388434
11403,11.403,0.16816899,0.8268201
11404,11.404,0.18209632,0.7747434
11405,11.405,0.18903045,0.81636345
11406,11.406,0.17364539,0.8210756
11407,11.407,0.16247332,0.75941426
11408,11.408,0.1713379,0.7764541
11409,11.409,0.16234869,0.7723826
11410,11.41,0.15255482,0.81270957
11411,11.411,0.14988165,0.8519097
11412,11.412,0.15902974,0.7950465
11413,11.413,0.17044863,0.7453278
11414,11.414,0.15383083,0.80878407
11415,11.415,0.15693799,0.85476464
11416,11.416,0.16379677,0.8421811
11417,11.417,0.15932274,0.8106594
11418,11.418,0.1625763,0.80493695
11419,11.419,0.16944323,4.2886405
11420,11.42,0.15573725,4.2595735
11421,11.421,0.1596861,4.2901053
11422,11.422,0.15415724,4.276872
11423,11.423,0.15317346,4.3301196
11424,11.424,0.14711851,4.3330317
11425,11.425,0.16625339,4.3497224
11426,11.426,0.1643248,4.36733
11427,11.427,0.16804455,4.293053
11428,11.428,0.18379706,4.3173842
11429,11.429,0.18940277,4.381196
11430,11.43,0.18022873,4.354918
11431,11.431,0.1833825,4.3486066
11432,11.432,0.17331555,4.3609734
11433,11.433,0.18991277,4.350668
11434,11.434,0.17784408,4.3534293
11435,11.435,0.16521354,4.29387
11436,11.436,0.15839592,4.365224
11437,11.437,0.15810664,4.388196
11438,11.438,0.16541786,4.3973985
11439,11.439,0.169067,4.355548
11440,11.44,0.16753413,0.90405345
11441,11.441,0.15873,4.3352065
11442,11.442,0.1443583,0.8118033
11443,11.443,0.14904103,4.292147
11444,11.444,0.16085966,4.3389287
11445,11.445,0.16401412,4.3388934
11446,11.446,0.15765029,4.3884044
11447,11.447,0.15842038,4.3814526
11448,11.448,0.1498492,4.383312
11449,11.449,0.1488882,4.365414
11450,11.45,0.15694857,4.3788276
11451,11.451,0.16846947,4.380955
11452,11.452,0.15002443,4.3259525
11453,11.453,0.15515184,4.320851
11454,11.454,0.14699006,4.307885
11455,11.455,0.16031176,4.295588
11456,11.456,0.15455784,4.299709
11457,11.457,0.153112,4.338557
11458,11.458,0.15835123,4.329601
11459,11.459,0.16448049,4.3270817
11460,11.46,0.16986212,4.3229294
11461,11.461,0.1523389,4.343377
11462,11.462,0.159242,4.3078246
11463,11.463,0.16426452,4.3020473
11464,11.464,0.15482512,4.292754
11465,11.465,0.15364191,4.350142
11466,11.466,0.15791973,4.359791
11467,11.467,0.14981553,4.2860246
11468,11.468,0.15427454,4.2673903
11469,11.469,0.17468753,4.289748
11470,11.47,0.17442705,4.2921042
11471,11.471,0.1763226,4.2794027
11472,11.472,0.17485756,4.3335004
11473,11.473,0.17112951,4.272819
11474,11.474,0.17807123,4.329245
11475,11.475,0.18260042,4.380606
11476,11.476,0.1687096,4.3264656
11477,11.477,0.18395132,4.37537
11478,11.478,0.17697115,4.3103185
11479,11.479,0.16858448,4.325141
11480,11.48,0.17406087,4.3129163
11481,11.481,0.17953095,4.2818427
11482,11.482,0.16941129,4.2849345
11483,11.483,0.16785443,4.265491
11484,11.484,0.17567375,4.286652
11485,11.485,0.17519608,4.287527
11486,11.486,0.17595828,4.291488
11487,11.487,0.1782981,4.32848
11488,11.488,0.17680071,4.3151994
11489,11.489,0.16412099,4.3070054
11490,11.49,0.16253465,4.2782593
11491,11.491,0.1620042,4.318821
11492,11.492,0.16622119,4.3112493
11493,11.493,0.1700511,4.329888
11494,11.494,0.15728574,4.304789
11495,11.495,0.1608956,4.344775
11496,11.496,0.15224761,4.326758
11497,11.497,0.16399536,4.3067303
11498,11.498,0.14775616,4.335781
11499,11.499,0.15534604,4.3622847
11500,11.5,0.15632126,4.322556
11501,11.501,0.13794008,4.266075
11502,11.502,0.12568721,4.2389407
11503,11.503,0.1303808,4.2477784
11504,11.504,0.113294825,4.278826
11505,11.505,0.12154359,4.265689
11506,11.506,0.1316656,4.258089
11507,11.507,0.120438054,4.2178755
11508,11.508,0.13390225,4.2376823
11509,11.509,0.122617595,4.2426543
11510,11.51,0.1399821,4.2503033
11511,11.511,0.13017866,4.2676425
11512,11.512,0.1319606,4.270143
11513,11.513,0.13571647,4.3089085
11514,11.514,0.14000013,4.2632403
11515,11.515,0.13882929,4.3015227
11516,11.516,0.13685864,4.261862
11517,11.517,0.13018292,4.2161646
11518,11.518,0.12893058,4.2468386
11519,11.519,0.12816477,4.253775
11520,11.52,0.12747112,4.246347
11521,11.521,0.12941548,4.1899233
11522,11.522,0.12876298,4.118976
11523,11.523,0.14776073,4.1730447
11524,11.524,0.15966761,4.0753317
11525,11.525,0.15076695,4.2170243
11526,11.526,0.1474218,4.1818976
11527,11.527,0.12566322,4.156571
11528,11.528,0.12816669,4.2179937
11529,11.529,0.13319091,4.1773586
11530,11.53,0.15411533,4.2139587
11531,11.531,0.15479532,4.2111783
11532,11.532,0.14973378,4.200963
11533,11.533,0.13773295,4.16188
11534,11.534,0.14371029,4.190716
11535,11.535,0.15684544,4.1561427
11536,11.536,0.15322287,4.129216
11537,11.537,0.16186287,4.1028547
11538,11.538,0.16203876,4.0320764
11539,11.539,0.16535723,4.0685797
11540,11.54,0.18258728,4.142994
11541,11.541,0.17352417,4.1396255
11542,11.542,0.16553387,4.1675663
11543,11.543,0.16481532,4.1586523
11544,11.544,0.17789562,4.193175
11545,11.545,0.16992188,4.138539
11546,11.546,0.16205965,4.096259
11547,11.547,0.1607464,4.1177425
11548,11.548,0.16591813,4.092758
11549,11.549,0.1642027,4.1027374
11550,11.55,0.16575563,4.1608505
11551,11.551,0.17500213,4.116977
11552,11.552,0.17962039,4.1658354
11553,11.553,0.17266575,4.11008
11554,11.554,0.17520276,4.1511545
11555,11.555,0.17101082,4.1225557
11556,11.556,0.17737225,4.157618
11557,11.557,0.16605602,4.0946593
11558,11.558,0.1751044,4.0889435
11559,11.559,0.18309708,4.107274
11560,11.56,0.19560462,4.113485
11561,11.561,0.20825148,3.9947953
11562,11.562,0.20870008,4.053959
11563,11.563,0.19476612,4.0204687
11564,11.564,0.19531187,4.0358634
11565,11.565,0.20160845,4.0252037
11566,11.566,0.18816921,4.071656
11567,11.567,0.184431,4.0516057
11568,11.568,0.19149143,4.101802
11569,11.569,0.19387767,4.121815
11570,11.57,0.18835223,4.1002483
11571,11.571,0.20343433,4.10845
11572,11.572,0.19244014,4.1321344
11573,11.573,0.19110578,4.1042624
11574,11.574,0.17972174,4.0998926
11575,11.575,0.1914355,4.125028
11576,11.576,0.17231047,4.092619
11577,11.577,0.18547027,4.096413
11578,11.578,0.16369382,4.070642
11579,11.579,0.15875016,4.0872636
11580,11.58,0.14400369,4.1763067
11581,11.581,0.13725503,4.106891
11582,11.582,0.14158343,4.123401
11583,11.583,0.14301503,4.16513
11584,11.584,0.145896,4.0788383
11585,11.585,0.15194055,4.125319
11586,11.586,0.15842155,4.085018
11587,11.587,0.17502885,4.134597
11588,11.588,0.15113583,4.2057033
11589,11.589,0.16084895,4.1769547
11590,11.59,0.17237437,4.2110133
11591,11.591,0.15511297,4.1925783
11592,11.592,0.17085892,4.1933274
11593,11.593,0.16769306,4.242445
11594,11.594,0.160553,4.2247887
11595,11.595,0.16137901,4.224197
11596,11.596,0.15840368,4.185193
11597,11.597,0.15484856,4.2136474
11598,11.598,0.17195803,4.220829
11599,11.599,0.1846284,4.188357
11600,11.6,0.1749522,4.1799235
11601,11.601,0.16495152,4.2432623
11602,11.602,0.1670667,4.3019543
11603,11.603,0.15091053,4.198576
11604,11.604,0.15581901,4.310299
11605,11.605,0.17525086,4.269274
11606,11.606,0.17296481,4.251987
11607,11.607,0.16389252,4.2428083
11608,11.608,0.15367715,4.2534275
11609,11.609,0.17111333,4.2225337
11610,11.61,0.18074791,4.2615776
11611,11.611,0.16949335,4.301941
11612,11.612,0.16803174,4.2834945
11613,11.613,0.16997437,4.278426
11614,11.614,0.16598189,4.3293066
11615,11.615,0.15822724,4.271644
11616,11.616,0.14020917,4.233863
11617,11.617,0.15165319,4.2603145
11618,11.618,0.14873937,4.295308
11619,11.619,0.15003754,4.263987
11620,11.62,0.16311131,4.3374314
11621,11.621,0.1529395,4.2843676
11622,11.622,0.15002853,4.270999
11623,11.623,0.14201863,4.247848
11624,11.624,0.14193888,4.1961193
11625,11.625,0.14131896,4.2464375
11626,11.626,0.13755684,4.1833367
11627,11.627,0.13433623,4.227661
11628,11.628,0.12973268,4.1848373
11629,11.629,0.1579583,4.259651
11630,11.63,0.14067838,4.193468
11631,11.631,0.14665523,4.1820674
11632,11.632,0.1566366,4.1743875
11633,11.633,0.14029823,4.173783
11634,11.634,0.15541296,4.209011
11635,11.635,0.14064337,4.208029
11636,11.636,0.1561657,4.24065
11637,11.637,0.15539,4.2126737
11638,11.638,0.14072078,4.217173
11639,11.639,0.12913515,4.170147
11640,11.64,0.15711157,4.2221327
11641,11.641,0.15333366,4.201465
11642,11.642,0.15689132,4.2364507
11643,11.643,0.164806,4.250857
11644,11.644,0.16258992,4.2086487
11645,11.645,0.1704248,4.23695
11646,11.646,0.1770518,4.2666354
11647,11.647,0.15469672,4.257824
11648,11.648,0.1604073,4.2526197
11649,11.649,0.18074927,4.2713127
11650,11.65,0.16600117,4.242211
11651,11.651,0.16270417,4.244375
11652,11.652,0.17223011,4.253531
11653,11.653,0.1813484,4.269509
11654,11.654,0.17797308,4.2416234
11655,11.655,0.17820697,4.298349
11656,11.656,0.18079215,4.277347
11657,11.657,0.17201276,4.2895684
11658,11.658,0.16960728,4.1538725
11659,11.659,0.18999405,4.1861906
11660,11.66,0.18495801,4.3115683
11661,11.661,0.17976898,4.2559886
11662,11.662,0.18537204,4.3050933
11663,11.663,0.1868386,4.250017
11664,11.664,0.18782589,4.225343
11665,11.665,0.18204124,4.2038355
11666,11.666,0.18688042,4.2563167
11667,11.667,0.18585204,4.2684946
11668,11.668,0.21008201,4.250326
11669,11.669,0.18818033,4.212891
11670,11.67,0.18473333,4.2017636
11671,11.671,0.1782553,4.1878047
11672,11.672,0.17893638,4.1608534
11673,11.673,0.18337679,4.211714
11674,11.674,0.16565797,4.225128
11675,11.675,0.17317279,4.2512865
11676,11.676,0.16317542,4.2596283
11677,11.677,0.16011207,4.2419367
11678,11.678,0.15420632,4.211695
11679,11.679,0.15193772,4.2498994
11680,11.68,0.14985126,4.191101
11681,11.681,0.15125953,4.162775
11682,11.682,0.15265925,4.169125
11683,11.683,0.14625612,4.1232963
11684,11.684,0.15681876,4.171062
11685,11.685,0.15455665,4.139874
11686,11.686,0.17993489,4.232274
11687,11.687,0.15488392,4.1853757
11688,11.688,0.16821948,4.1930704
11689,11.689,0.16077626,4.1549883
11690,11.69,0.1532606,4.206026
11691,11.691,0.14989723,4.2022214
11692,11.692,0.1429182,4.131322
11693,11.693,0.14475839,4.201267
11694,11.694,0.16318937,4.1683517
11695,11.695,0.16689536,4.2045054
11696,11.696,0.15093417,4.187276
11697,11.697,0.162824,4.215931
11698,11.698,0.15150543,4.201364
11699,11.699,0.14012094,4.115343
11700,11.7,0.14342444,4.1850047
11701,11.701,0.15281314,4.169255
11702,11.702,0.15067388,4.171828
11703,11.703,0.14217234,4.2151117
11704,11.704,0.15831743,4.2150126
11705,11.705,0.16917214,4.264741
11706,11.706,0.16207825,4.210435
11707,11.707,0.1754933,4.188643
11708,11.708,0.15953346,4.187154
11709,11.709,0.14506452,4.2446365
11710,11.71,0.13389307,4.2195873
11711,11.711,0.13937996,4.233348
11712,11.712,0.12709263,4.199633
11713,11.713,0.116990976,4.1910686
11714,11.714,0.13517134,4.2503405
11715,11.715,0.14696535,4.226487
11716,11.716,0.1439195,4.278126
11717,11.717,0.13881999,4.2574754
11718,11.718,0.13269246,4.1878285
11719,11.719,0.13154544,4.1895313
11720,11.72,0.11962971,4.1999774
11721,11.721,0.124092996,4.190163
11722,11.722,0.13262475,4.225274
11723,11.723,0.14384466,4.2475514
11724,11.724,0.12450483,4.2191143
11725,11.725,0.13485463,4.3028107
11726,11.726,0.13067728,4.2337227
11727,11.727,0.12443315,4.252505
11728,11.728,0.12065294,4.2570453
11729,11.729,0.12881887,4.226193
11730,11.73,0.12451224,4.235627
11731,11.731,0.1079025,4.237229
11732,11.732,0.12974359,4.2278914
11733,11.733,0.12298285,4.2350793
11734,11.734,0.11836137,4.2240167
11735,11.735,0.11769202,4.2924914
11736,11.736,0.11617082,4.2053413
11737,11.737,0.106769234,4.157039
11738,11.738,0.12592539,4.1815085
11739,11.739,0.1335291,4.1579175
11740,11.74,0.13255747,4.2008843
11741,11.741,0.15012898,4.2081017
11742,11.742,0.14100252,4.1913404
11743,11.743,0.14373513,4.252599
11744,11.744,0.14020653,4.2622576
11745,11.745,0.13897459,4.2784796
11746,11.746,0.13765922,4.251867
11747,11.747,0.13866922,4.1921678
11748,11.748,0.14152214,4.252678
11749,11.749,0.14295393,4.2643113
11750,11.75,0.14821391,4.273028
11751,11.751,0.1262655,4.220525
11752,11.752,0.13687032,4.2239966
11753,11.753,0.13603751,4.254022
11754,11.754,0.13238329,4.272736
11755,11.755,0.13119325,4.283187
11756,11.756,0.12889098,4.1978555
11757,11.757,0.13558356,4.209264
11758,11.758,0.15030469,4.1846056
11759,11.759,0.13818473,4.1473374
11760,11.76,0.14885515,4.1349635
11761,11.761,0.14627211,4.1264644
11762,11.762,0.1403276,4.1244116
11763,11.763,0.15043439,4.11788
11764,11.764,0.14759366,4.0941777
11765,11.765,0.14860776,4.102323
11766,11.766,0.1447601,4.10265
11767,11.767,0.14246373,4.1435738
11768,11.768,0.13754073,4.129767
11769,11.769,0.14363621,4.1189833
11770,11.77,0.14270106,4.05411
11771,11.771,0.12987915,4.0379424
11772,11.772,0.1500277,4.0803537
11773,11.773,0.14144734,4.112747
11774,11.774,0.14173326,4.1201096
11775,11.775,0.13849339,4.1295924
11776,11.776,0.14652301,4.1469975
11777,11.777,0.1544073,4.053576
11778,11.778,0.14786771,4.0725794
11779,11.779,0.16595261,4.084703
11780,11.78,0.15903594,4.1017156
11781,11.781,0.16723602,4.2395177
11782,11.782,0.17026299,4.225631
11783,11.783,0.17441294,4.2348237
11784,11.784,0.17732577,4.213186
11785,11.785,0.19533928,4.186364
11786,11.786,0.17075266,4.20235
11787,11.787,0.16583838,4.220391
11788,11.788,0.16437161,4.183992
11789,11.789,0.15957703,4.1896887
11790,11.79,0.14969803,4.1361504
11791,11.791,0.15220314,4.1283956
11792,11.792,0.16244,4.1553297
11793,11.793,0.14631249,4.1279526
11794,11.794,0.16106416,4.1254506
11795,11.795,0.14740846,4.0839853
11796,11.796,0.16632295,4.125682
11797,11.797,0.1852834,4.1819406
11798,11.798,0.18142235,4.155998
11799,11.799,0.19127731,4.2013106
11800,11.8,0.20064545,4.179606
11801,11.801,0.20636478,4.198623
11802,11.802,0.21816756,4.1831145
11803,11.803,0.19695348,4.1636543
11804,11.804,0.18581131,4.1779866
11805,11.805,0.20143595,4.224944
11806,11.806,0.1976822,4.1941113
11807,11.807,0.20509313,4.1637015
11808,11.808,0.19144128,4.195061
11809,11.809,0.18174729,4.1871324
11810,11.81,0.18328518,4.1560717
11811,11.811,0.19110997,4.206362
11812,11.812,0.18260582,4.247552
11813,11.813,0.1735309,4.1997037
11814,11.814,0.16485116,4.2090707
11815,11.815,0.15459923,4.186126
11816,11.816,0.16815217,4.1500635
11817,11.817,0.15546402,4.177526
11818,11.818,0.16408013,4.1399713
11819,11.819,0.15639012,4.146128
11820,11.82,0.16019544,4.158722
11821,11.821,0.16522917,4.190126
11822,11.822,0.17284773,4.1197367
11823,11.823,0.1588416,4.1901917
11824,11.824,0.16702323,4.175938
11825,11.825,0.16061774,4.121178
11826,11.826,0.1577958,4.1891756
11827,11.827,0.15683681,4.203233
11828,11.828,0.16254677,4.184645
11829,11.829,0.17099462,4.1531324
11830,11.83,0.16814741,4.1548076
11831,11.831,0.17522137,4.1770196
11832,11.832,0.17434943,4.133481
11833,11.833,0.16526231,4.1855755
11834,11.834,0.15788117,4.175551
11835,11.835,0.16667217,4.1884465
11836,11.836,0.17407465,4.1659665
11837,11.837,0.17356636,4.1252747
11838,11.838,0.18388407,4.0810914
11839,11.839,0.19144258,4.10514
11840,11.84,0.18834373,4.156634
11841,11.841,0.17691725,4.068126
11842,11.842,0.1895119,4.1730537
11843,11.843,0.17253242,4.097207
11844,11.844,0.1741524,4.1025457
11845,11.845,0.17411,4.1039166
11846,11.846,0.1533794,4.111186
11847,11.847,0.17791602,4.0554047
11848,11.848,0.16154325,4.088596
11849,11.849,0.16102634,4.1165504
11850,11.85,0.15959245,4.0945735
11851,11.851,0.13643359,4.0520062
11852,11.852,0.15991981,4.0469522
11853,11.853,0.14308557,4.012945
11854,11.854,0.14634654,4.078833
11855,11.855,0.14267002,4.027657
11856,11.856,0.15143515,4.032686
11857,11.857,0.1433412,4.0179253
11858,11.858,0.16463566,4.075894
11859,11.859,0.16780603,4.017206
11860,11.86,0.16302453,3.9944835
11861,11.861,0.14867689,3.8950212
11862,11.862,0.13613471,3.852532
11863,11.863,0.15180524,3.9647918
11864,11.864,0.15166374,4.024202
11865,11.865,0.15326262,4.0078654
11866,11.866,0.15748277,4.0029416
11867,11.867,0.1683986,4.0302124
11868,11.868,0.16074334,3.9887345
11869,11.869,0.17411672,3.9852707
11870,11.87,0.19173834,3.9322913
11871,11.871,0.1775359,3.9674413
11872,11.872,0.17601177,4.0049353
11873,11.873,0.17295307,3.9485343
11874,11.874,0.17245217,3.9925177
11875,11.875,0.16907209,4.011212
11876,11.876,0.16206914,4.0696454
11877,11.877,0.17573819,4.0735526
11878,11.878,0.16871727,4.091371
11879,11.879,0.1690164,4.06935
11880,11.88,0.16527721,4.072126
11881,11.881,0.14887953,4.0957274
11882,11.882,0.15310155,4.036685
11883,11.883,0.16384709,4.0602026
11884,11.884,0.15844873,4.0931296
11885,11.885,0.16524109,4.0891833
11886,11.886,0.16019581,4.0308805
11887,11.887,0.16599153,4.0224986
11888,11.888,0.1627707,3.9940434
11889,11.889,0.16698307,4.0463123
11890,11.89,0.17146283,4.013861
11891,11.891,0.17023118,4.055368
11892,11.892,0.173394,4.1068788
11893,11.893,0.14957179,4.0649776
11894,11.894,0.15358944,4.0541
11895,11.895,0.14522348,4.0462823
11896,11.896,0.14616017,4.091881
11897,11.897,0.15512566,4.0251284
11898,11.898,0.16338041,4.0588584
11899,11.899,0.15430765,4.06382
11900,11.9,0.16027644,4.0668564
11901,11.901,0.15206967,4.075879
11902,11.902,0.16191341,4.099279
11903,11.903,0.1538884,4.1066914
11904,11.904,0.15309913,4.115332
11905,11.905,0.16331336,4.0910115
11906,11.906,0.16324365,4.088836
11907,11.907,0.16263078,4.110537
11908,11.908,0.16039349,4.0681367
11909,11.909,0.15287794,4.0528426
11910,11.91,0.17115863,4.0208416
11911,11.911,0.16868736,3.9947143
11912,11.912,0.1610527,3.9803774
11913,11.913,0.14888862,4.0052667
11914,11.914,0.15500386,3.9411757
11915,11.915,0.15550359,4.0064397
11916,11.916,0.15214168,3.9656231
11917,11.917,0.13801944,3.8868744
11918,11.918,0.14280838,3.9186258
11919,11.919,0.15276441,3.944478
11920,11.92,0.15822917,3.949989
11921,11.921,0.14642304,4.0054636
11922,11.922,0.14279029,3.9834569
11923,11.923,0.16175297,4.0039816
11924,11.924,0.15076777,4.016578
11925,11.925,0.13871004,4.002349
11926,11.926,0.12995586,3.9991896
11927,11.927,0.13141535,3.937981
11928,11.928,0.13607459,3.946544
11929,11.929,0.13540147,3.9202209
11930,11.93,0.12721892,3.8811114
11931,11.931,0.12698026,3.9153976
11932,11.932,0.13592032,4.023672
11933,11.933,0.11459885,4.006959
11934,11.934,0.13842452,3.9933505
11935,11.935,0.14525865,4.010236
11936,11.936,0.14115515,4.00634
11937,11.937,0.15863733,4.0060678
11938,11.938,0.15977162,4.0316324
11939,11.939,0.16051428,4.000743
11940,11.94,0.15927446,3.9294322
11941,11.941,0.15994059,4.0112
11942,11.942,0.15386361,4.05535
11943,11.943,0.14342014,3.9829957
11944,11.944,0.16350126,4.014556
11945,11.945,0.15258184,3.951135
11946,11.946,0.15148471,4.0523086
11947,11.947,0.15652893,4.087964
11948,11.948,0.15534604,4.1156206
11949,11.949,0.15445869,4.103573
11950,11.95,0.17924558,4.097221
11951,11.951,0.18082789,4.084517
11952,11.952,0.15138842,4.0287943
11953,11.953,0.14827077,4.045791
11954,11.954,0.1599302,4.0594273
11955,11.955,0.14665523,4.0565653
11956,11.956,0.15981705,4.072015
11957,11.957,0.13449371,4.06014
11958,11.958,0.122261316,4.047641
11959,11.959,0.1407667,4.102404
11960,11.96,0.13522595,4.0620456
11961,11.961,0.129809,4.0323524
11962,11.962,0.14479835,4.067686
11963,11.963,0.14127019,4.066551
11964,11.964,0.1492646,4.1119556
11965,11.965,0.13814466,4.0508
11966,11.966,0.14958866,4.0566597
11967,11.967,0.14557387,4.0874257
11968,11.968,0.1607219,4.071015
11969,11.969,0.1441096,4.0290313
11970,11.97,0.14185433,4.0621023
11971,11.971,0.14273426,4.0314674
11972,11.972,0.15221567,4.006592
11973,11.973,0.1412092,4.0468464
11974,11.974,0.14736336,4.058666
11975,11.975,0.14833467,4.0319033
11976,11.976,0.16543311,4.1153913
11977,11.977,0.17012271,4.1209865
11978,11.978,0.15699482,4.0993667
11979,11.979,0.16979074,4.1334577
11980,11.98,0.16705416,4.1491103
11981,11.981,0.17939141,4.1707897
11982,11.982,0.18157694,4.197458
11983,11.983,0.16851768,4.1547275
11984,11.984,0.17324133,4.147283
11985,11.985,0.17357698,4.1479836
11986,11.986,0.1613588,4.054987
11987,11.987,0.16772425,4.211915
11988,11.988,0.16234301,4.1352196
11989,11.989,0.15979934,4.161366
11990,11.99,0.16910848,4.195823
11991,11.991,0.16828969,4.171578
11992,11.992,0.18760924,4.148003
11993,11.993,0.17341705,4.219729
11994,11.994,0.15788506,4.1100903
11995,11.995,0.14870295,4.153901
11996,11.996,0.14048624,4.0802813
11997,11.997,0.15145425,4.0998654
11998,11.998,0.15042539,4.1411185
11999,11.999,0.14505434,4.0839043
12000,12.0,0.12954235,4.0665054
12001,12.001,0.13532011,4.1021166
12002,12.002,0.1428605,4.0981345
12003,12.003,0.15971307,4.103684
12004,12.004,0.1572294,4.145521
12005,12.005,0.14537679,4.0991983
12006,12.006,0.16006748,4.014498
12007,12.007,0.15995328,4.095306
12008,12.008,0.16381556,4.0878096
12009,12.009,0.15200573,4.053519
12010,12.01,0.15137663,4.1432962
12011,12.011,0.16665149,4.1532087
12012,12.012,0.1595832,4.175213
12013,12.013,0.15161707,4.1749735
12014,12.014,0.14804944,4.1555314
12015,12.015,0.1489254,4.1411915
12016,12.016,0.14998053,4.1610966
12017,12.017,0.15613182,4.1714816
12018,12.018,0.15357703,4.1792555
12019,12.019,0.15055296,4.175583
12020,12.02,0.15289041,4.1284943
12021,12.021,0.15645227,4.180273
12022,12.022,0.14441925,4.117292
12023,12.023,0.15667784,4.1533127
12024,12.024,0.16406213,4.119294
12025,12.025,0.16471636,4.1252913
12026,12.026,0.17201813,4.163665
12027,12.027,0.16798927,4.1651287
12028,12.028,0.16406888,4.151424
12029,12.029,0.1691023,4.18457
12030,12.03,0.18482824,4.1477933
12031,12.031,0.16902842,4.1493683
12032,12.032,0.16557439,4.1640244
12033,12.033,0.14895555,4.116882
12034,12.034,0.1459761,4.1253414
12035,12.035,0.14809515,4.1345716
12036,12.036,0.14537086,4.1449265
12037,12.037,0.15570366,4.112065
12038,12.038,0.15322608,4.090654
12039,12.039,0.14709131,4.1072893
12040,12.04,0.14136815,4.1471663
12041,12.041,0.1358755,4.1358814
12042,12.042,0.15306337,4.1339264
12043,12.043,0.14642009,4.151685
12044,12.044,0.15014905,4.1170673
12045,12.045,0.1573667,4.1273108
12046,12.046,0.16732429,4.189227
12047,12.047,0.16612493,4.1875
12048,12.048,0.15566137,4.1493216
12049,12.049,0.15275474,4.1147165
12050,12.05,0.14702646,4.111441
12051,12.051,0.16933027,4.0838485
12052,12.052,0.17075014,4.0674233
12053,12.053,0.16243924,4.080493
12054,12.054,0.17134258,4.065189
12055,12.055,0.173964,4.0842657
12056,12.056,0.16804639,4.1663756
12057,12.057,0.1615939,4.0955524
12058,12.058,0.16025303,4.1194515
12059,12.059,0.15919255,4.062201
12060,12.06,0.14914502,4.0878773
12061,12.061,0.14218359,4.0596843
12062,12.062,0.13280927,4.0893507
12063,12.063,0.12947252,4.0564985
12064,12.064,0.14103131,4.0866513
12065,12.065,0.1506073,4.079117
12066,12.066,0.16120926,4.0509324
12067,12.067,0.16463006,4.0695133
12068,12.068,0.16754735,4.083535
12069,12.069,0.16321802,4.0790834
12070,12.07,0.16076286,4.1238046
12071,12.071,0.17442599,4.160537
12072,12.072,0.17838676,4.1437244
12073,12.073,0.16948608,4.106843
12074,12.074,0.17216758,4.0658016
12075,12.075,0.1785581,4.0612373
12076,12.076,0.16363141,4.084765
12077,12.077,0.16454145,4.1506553
12078,12.078,0.16087992,4.094222
12079,12.079,0.15956546,4.0871916
12080,12.08,0.16817632,4.1362014
12081,12.081,0.16694474,4.1138554
12082,12.082,0.17209323,4.0971475
12083,12.083,0.15609518,4.0842056
12084,12.084,0.15184739,4.077668
12085,12.085,0.16054226,4.113397
12086,12.086,0.16110656,4.072907
12087,12.087,0.17350112,4.106255
12088,12.088,0.17354544,4.0919037
12089,12.089,0.17979738,4.149175
12090,12.09,0.16664152,4.1440578
12091,12.091,0.18091735,4.170426
12092,12.092,0.19548033,4.136946
12093,12.093,0.17676939,4.069764
12094,12.094,0.17928368,4.149851
12095,12.095,0.17694716,4.0432158
12096,12.096,0.1888784,4.091669
12097,12.097,0.17051396,4.0519495
12098,12.098,0.16112183,4.0941186
12099,12.099,0.17265826,4.073855
12100,12.1,0.17312197,4.038158
12101,12.101,0.1747298,4.0796485
12102,12.102,0.17852536,4.091364
12103,12.103,0.18102615,4.1006804
12104,12.104,0.15505545,4.1056743
12105,12.105,0.16848408,4.0978994
12106,12.106,0.17850089,4.1108665
12107,12.107,0.15884586,4.06205
12108,12.108,0.16473205,4.048974
12109,12.109,0.1563374,4.0550222
12110,12.11,0.16304716,4.1153545
12111,12.111,0.16150935,4.106664
12112,12.112,0.1707966,4.089783
12113,12.113,0.1749877,4.0066967
12114,12.114,0.17941988,3.9984627
12115,12.115,0.17729488,4.020388
12116,12.116,0.1754435,4.062361
12117,12.117,0.18446235,4.0664
12118,12.118,0.18806192,4.01614
12119,12.119,0.18028606,4.0242147
12120,12.12,0.17821077,4.0225477
12121,12.121,0.16837998,4.036287
12122,12.122,0.1725417,4.0896277
12123,12.123,0.18005796,4.070715
12124,12.124,0.18519472,4.0807743
12125,12.125,0.18098773,4.0765595
12126,12.126,0.18276511,4.084551
12127,12.127,0.19191892,4.076781
12128,12.128,0.1833033,4.0586243
12129,12.129,0.19086577,4.065432
12130,12.13,0.1842207,4.0024605
12131,12.131,0.18363698,4.073223
12132,12.132,0.18696798,4.0588994
12133,12.133,0.18460473,4.0659614
12134,12.134,0.18571757,4.0656033
12135,12.135,0.18766958,4.0399547
12136,12.136,0.19443952,4.050962
12137,12.137,0.1906245,4.08796
12138,12.138,0.18352705,4.04466
12139,12.139,0.194126,4.0445747
12140,12.14,0.18717912,4.010783
12141,12.141,0.18512693,4.0659833
12142,12.142,0.1957326,4.0662694
12143,12.143,0.19261143,4.0492544
12144,12.144,0.18812834,4.064933
12145,12.145,0.18129241,4.099445
12146,12.146,0.16926232,4.098304
12147,12.147,0.18151931,4.103474
12148,12.148,0.1838717,4.0700426
12149,12.149,0.1784278,4.0824575
12150,12.15,0.1865621,4.0559077
12151,12.151,0.18313874,4.0503483
12152,12.152,0.18817674,4.0427594
12153,12.153,0.1750109,4.0602574
12154,12.154,0.16577306,4.021834
12155,12.155,0.17866866,4.0160904
12156,12.156,0.16780934,4.030991
12157,12.157,0.16184956,4.0400248
12158,12.158,0.14970255,4.012484
12159,12.159,0.14633603,4.036336
12160,12.16,0.16372088,4.0096903
12161,12.161,0.17150481,4.066503
12162,12.162,0.15775056,4.06438
12163,12.163,0.17206678,4.0464134
12164,12.164,0.16707589,4.0881877
12165,12.165,0.15330115,4.0517235
12166,12.166,0.14876625,4.0094543
12167,12.167,0.16303697,4.050935
12168,12.168,0.16307509,4.058759
12169,12.169,0.18565826,4.0774527
12170,12.17,0.17846572,4.0444994
12171,12.171,0.17360464,3.9899623
12172,12.172,0.17747663,4.0115614
12173,12.173,0.18146202,4.0224295
12174,12.174,0.1610061,3.9996798
12175,12.175,0.18005213,4.0548697
12176,12.176,0.16328812,3.9942963
12177,12.177,0.17408738,4.0360093
12178,12.178,0.18304937,4.030432
12179,12.179,0.16692336,3.9780061
12180,12.18,0.17816277,4.0233526
12181,12.181,0.16861768,3.9756637
12182,12.182,0.17006484,3.9392328
12183,12.183,0.16691232,3.953692
12184,12.184,0.16628744,3.9450455
12185,12.185,0.16765931,3.940824
12186,12.186,0.16235514,4.005503
12187,12.187,0.17102125,3.9686766
12188,12.188,0.17473789,3.9734883
12189,12.189,0.1739226,3.947763
12190,12.19,0.17504887,3.9525135
12191,12.191,0.17243789,3.869218
12192,12.192,0.17166904,3.956203
12193,12.193,0.17146678,3.9339573
12194,12.194,0.16587733,3.9621844
12195,12.195,0.15436386,3.9342039
12196,12.196,0.16309018,3.888357
12197,12.197,0.17497048,3.9342077
12198,12.198,0.16869794,3.8949566
12199,12.199,0.17038545,0.8577613
12200,12.2,0.16685185,3.9818413
12201,12.201,0.16093422,3.9082305
12202,12.202,0.16269849,3.8992472
12203,12.203,0.17211361,3.9371178
12204,12.204,0.16759874,4.0083246
12205,12.205,0.15640232,3.9207318
12206,12.206,0.1502015,3.929738
12207,12.207,0.15566374,3.9421682
12208,12.208,0.14557809,4.005288
12209,12.209,0.15528066,3.9586663
12210,12.21,0.15502012,3.9450583
12211,12.211,0.1516974,3.9866211
12212,12.212,0.14308126,3.9021869
12213,12.213,0.14338455,3.9444194
12214,12.214,0.15021214,3.9328847
12215,12.215,0.14855641,3.8593323
12216,12.216,0.15751402,3.940227
12217,12.217,0.14906621,3.9522128
12218,12.218,0.15418638,3.9542966
12219,12.219,0.15824084,3.9412735
12220,12.22,0.1553987,0.78327346
12221,12.221,0.15365714,0.7916966
12222,12.222,0.15693484,0.7864616
12223,12.223,0.1512697,0.7775229
12224,12.224,0.14579982,3.9079876
12225,12.225,0.13987966,3.9693046
12226,12.226,0.14893655,0.7855077
12227,12.227,0.15695092,0.7856869
12228,12.228,0.17207678,0.80492264
12229,12.229,0.17458113,3.93774
12230,12.23,0.18270619,0.8122855
12231,12.231,0.16150174,3.9419172
12232,12.232,0.171173,3.93747
12233,12.233,0.17498243,3.9430315
12234,12.234,0.18528439,3.9377537
12235,12.235,0.16525263,3.85738
12236,12.236,0.1838312,0.8396753
12237,12.237,0.16872238,3.8928468
12238,12.238,0.16705269,3.8631563
12239,12.239,0.17237972,0.7950551
12240,12.24,0.18718866,3.9232593
12241,12.241,0.18215173,0.8441986
12242,12.242,0.1557724,0.8382899
12243,12.243,0.18032873,0.8504395
12244,12.244,0.16638397,0.824401
12245,12.245,0.17177868,0.81873673
12246,12.246,0.1552569,0.8108141
12247,12.247,0.16751686,0.8273326
12248,12.248,0.17043635,0.8345151
12249,12.249,0.18290411,0.8176935
12250,12.25,0.17336027,0.8209351
12251,12.251,0.16661456,0.8317452
12252,12.252,0.16444233,0.825809
12253,12.253,0.17104319,0.77448815
12254,12.254,0.16664042,0.81065726
12255,12.255,0.14446867,0.82636654
12256,12.256,0.14492236,0.8328229
12257,12.257,0.14675546,0.771151
12258,12.258,0.16378024,0.76552135
12259,12.259,0.16025688,0.7794144
12260,12.26,0.1734394,0.7844749
12261,12.261,0.1628153,0.80052507
12262,12.262,0.18243963,0.8483546
12263,12.263,0.17952958,0.8116039
12264,12.264,0.16504027,0.857145
12265,12.265,0.17102017,0.81730527
12266,12.266,0.19361123,0.8252224
12267,12.267,0.17166008,0.8122264
12268,12.268,0.17150624,0.84659064
12269,12.269,0.17961319,0.8381916
12270,12.27,0.1781348,0.7754821
12271,12.271,0.16612047,0.81389236
12272,12.272,0.16635661,0.8574223
12273,12.273,0.1616392,0.82785517
12274,12.274,0.15128638,0.82134354
12275,12.275,0.1570869,0.8442747
12276,12.276,0.16230738,0.809298
12277,12.277,0.16531815,0.8052152
12278,12.278,0.16042571,0.8060031
12279,12.279,0.15404905,0.8171092
12280,12.28,0.14790931,0.8109532
12281,12.281,0.15687406,0.80770665
12282,12.282,0.16312338,0.8190796
12283,12.283,0.1618659,0.8087944
12284,12.284,0.16033633,0.8378993
12285,12.285,0.16714032,0.8618698
12286,12.286,0.15963985,0.82265675
12287,12.287,0.16588067,3.9126058
12288,12.288,0.16076821,0.813108
12289,12.289,0.15247859,0.7730602
12290,12.29,0.15338099,3.9832518
12291,12.291,0.15791,3.9622688
12292,12.292,0.16439144,3.9571111
12293,12.293,0.15891169,3.909581
12294,12.294,0.15799843,3.925423
12295,12.295,0.1653457,3.964855
12296,12.296,0.16237521,3.9007351
12297,12.297,0.16879639,3.9593358
12298,12.298,0.15980396,3.9581218
12299,12.299,0.1573835,3.944362
12300,12.3,0.17939724,3.9477634
12301,12.301,0.15415046,3.9575276
12302,12.302,0.16259332,3.894058
12303,12.303,0.17221367,3.8547506
12304,12.304,0.17091617,3.860312
12305,12.305,0.17358372,3.920402
12306,12.306,0.16142666,3.9591546
12307,12.307,0.15947674,3.8747866
12308,12.308,0.15892138,3.9346747
12309,12.309,0.15672182,3.8465877
12310,12.31,0.17520557,3.831168
12311,12.311,0.1610336,3.8604898
12312,12.312,0.16760352,3.8523877
12313,12.313,0.16003364,3.9066648
12314,12.314,0.1569521,3.9065835
12315,12.315,0.16146782,3.8585415
12316,12.316,0.15915659,3.9220347
12317,12.317,0.1515842,3.9044042
12318,12.318,0.1485212,3.9697216
12319,12.319,0.14863674,3.9624674
12320,12.32,0.15094925,3.9535851
12321,12.321,0.1491772,3.8796723
12322,12.322,0.13190651,3.9058437
12323,12.323,0.15292422,3.9059443
12324,12.324,0.13949955,0.8082696
12325,12.325,0.14441328,3.9317749
12326,12.326,0.13368613,3.8789606
12327,12.327,0.14410321,3.8765008
12328,12.328,0.1442722,3.9046326
12329,12.329,0.13503838,3.8821356
12330,12.33,0.13075966,3.9676042
12331,12.331,0.13640969,3.9434838
12332,12.332,0.14090343,3.993591
12333,12.333,0.1524689,3.9843645
12334,12.334,0.14618123,3.950117
12335,12.335,0.13660754,0.75345457
12336,12.336,0.12893775,0.7790959
12337,12.337,0.13341478,0.7956841
12338,12.338,0.14699592,0.7752976
12339,12.339,0.14030918,0.82347023
12340,12.34,0.14008494,0.80913705
12341,12.341,0.1391069,0.81388384
12342,12.342,0.14068449,0.81476426
12343,12.343,0.13943161,0.75182825
12344,12.344,0.14138947,0.7468075
12345,12.345,0.14967337,0.74523073
12346,12.346,0.1441476,0.78523797
12347,12.347,0.13599499,0.7512572
12348,12.348,0.15022361,0.7850655
12349,12.349,0.15067306,0.8150615
12350,12.35,0.1617214,0.7774916
12351,12.351,0.15142663,0.78560275
12352,12.352,0.13994123,0.799049
12353,12.353,0.13188505,0.77430737
12354,12.354,0.13546008,0.7470613
12355,12.355,0.14095232,0.7771044
12356,12.356,0.14038853,3.9813097
12357,12.357,0.1407715,0.78878075
12358,12.358,0.13249803,0.8406728
12359,12.359,0.12513725,0.8578584
12360,12.36,0.13722768,3.9957035
12361,12.361,0.13978727,3.9631228
12362,12.362,0.14355479,3.8814645
12363,12.363,0.13898255,3.8795
12364,12.364,0.14362893,3.847923
12365,12.365,0.13241906,3.8802943
12366,12.366,0.14099684,3.9288692
12367,12.367,0.14470229,0.8261613
12368,12.368,0.1432901,0.82372123
12369,12.369,0.15540345,3.9089713
12370,12.37,0.13471402,0.821106
12371,12.371,0.14811882,0.84720916
12372,12.372,0.1529532,3.8521411
12373,12.373,0.15407461,3.8309662
12374,12.374,0.14872861,3.9111285
12375,12.375,0.14435618,3.9070144
12376,12.376,0.13871092,3.8875508
12377,12.377,0.13903965,3.9561143
12378,12.378,0.14670305,3.8939927
12379,12.379,0.15188994,3.8994293
12380,12.38,0.17026335,0.79887545
12381,12.381,0.16777377,0.7902432
12382,12.382,0.14885059,3.9206114
12383,12.383,0.13925676,3.9533892
12384,12.384,0.15074165,0.80638164
12385,12.385,0.1503939,0.8011293
12386,12.386,0.14124317,0.80224913
12387,12.387,0.13892898,0.7938623
12388,12.388,0.1540083,0.81652486
12389,12.389,0.1518798,0.8039513
12390,12.39,0.14665355,0.8194658
12391,12.391,0.1484288,0.803141
12392,12.392,0.14838153,0.82190424
12393,12.393,0.14961334,0.82592666
12394,12.394,0.16309245,0.80406624
12395,12.395,0.1569227,0.82452995
12396,12.396,0.15572065,0.79348916
12397,12.397,0.16873004,0.8202163
12398,12.398,0.16669542,0.7969995
12399,12.399,0.15293348,0.8084107
12400,12.4,0.1561263,0.81633157
12401,12.401,0.15107313,0.81046593
12402,12.402,0.14766577,0.77675056
12403,12.403,0.1585578,0.80576485
12404,12.404,0.1627707,0.77927667
12405,12.405,0.17244111,0.8099983
12406,12.406,0.15317427,0.7954765
12407,12.407,0.15875442,0.8004233
12408,12.408,0.15426537,0.79256696
12409,12.409,0.15181173,0.82449996
12410,12.41,0.15911561,0.8287532
12411,12.411,0.15693015,0.8094669
12412,12.412,0.14986235,0.7899746
12413,12.413,0.1499194,0.7615648
12414,12.414,0.1686673,0.8003077
12415,12.415,0.15112565,0.801079
12416,12.416,0.15799686,0.7931611
12417,12.417,0.1548585,0.82977015
12418,12.418,0.17131816,0.7958741
12419,12.419,0.16178036,3.9527595
12420,12.42,0.15328188,3.8888001
12421,12.421,0.13880314,3.9502468
12422,12.422,0.14643103,0.7753521
12423,12.423,0.1255241,3.867681
12424,12.424,0.14534165,0.80689013
12425,12.425,0.13733883,0.7728572
12426,12.426,0.12681493,0.7703633
12427,12.427,0.13176836,0.77884084
12428,12.428,0.13731016,0.81306374
12429,12.429,0.12500344,0.78026307
12430,12.43,0.13110833,0.7875544
12431,12.431,0.14452018,0.83889335
12432,12.432,0.14252417,0.79734886
12433,12.433,0.14250086,0.81551886
12434,12.434,0.1463995,0.77269566
12435,12.435,0.13974632,3.913441
12436,12.436,0.13340186,3.8954365
12437,12.437,0.14613365,3.9373057
12438,12.438,0.15012446,3.9128304
12439,12.439,0.1301016,3.9011981
12440,12.44,0.12212335,3.8910706
12441,12.441,0.14832139,3.8933942
12442,12.442,0.12910609,3.8768036
12443,12.443,0.13647687,3.8861895
12444,12.444,0.1443451,3.911046
12445,12.445,0.13744362,3.872849
12446,12.446,0.13343368,3.8664339
12447,12.447,0.13764447,3.9052985
12448,12.448,0.13709266,3.8990643
12449,12.449,0.14126496,3.9195147
12450,12.45,0.14079946,3.9009292
12451,12.451,0.13303375,3.8825176
12452,12.452,0.14115211,3.9018974
12453,12.453,0.13595562,3.916678
12454,12.454,0.13055529,3.9009807
12455,12.455,0.13965736,3.9461167
12456,12.456,0.14699925,3.9562273
12457,12.457,0.13569334,3.8694527
12458,12.458,0.15226942,3.9840372
12459,12.459,0.15348125,3.928831
12460,12.46,0.13472407,3.905668
12461,12.461,0.13666023,3.9141839
12462,12.462,0.1411168,3.899146
12463,12.463,0.1451629,3.9389143
12464,12.464,0.14505732,3.8965554
12465,12.465,0.15139574,3.905482
12466,12.466,0.13813931,3.9633305
12467,12.467,0.13903743,3.9918942
12468,12.468,0.14386348,3.9461493
12469,12.469,0.15158135,3.9621341
12470,12.47,0.13889974,3.9509187
12471,12.471,0.1426739,3.9706666
12472,12.472,0.14478262,3.9052227
12473,12.473,0.14807561,3.8938463
12474,12.474,0.14239547,3.9002602
12475,12.475,0.14198613,3.89552
12476,12.476,0.16406062,3.9078028
12477,12.477,0.16581611,3.884199
12478,12.478,0.16467117,3.9016025
12479,12.479,0.15185793,3.8644333
12480,12.48,0.1625464,3.8567314
12481,12.481,0.16041957,3.8681705
12482,12.482,0.15316986,3.874126
12483,12.483,0.16675742,3.8435793
12484,12.484,0.15973426,3.8900151
12485,12.485,0.1409855,3.9055836
12486,12.486,0.14416938,3.8682876
12487,12.487,0.14328839,3.9045348
12488,12.488,0.15539752,3.8603642
12489,12.489,0.15803657,3.9159226
12490,12.49,0.14205371,3.8920481
12491,12.491,0.15736552,3.8817523
12492,12.492,0.14634864,3.9097323
12493,12.493,0.15952072,3.8573606
12494,12.494,0.1590866,3.8924677
12495,12.495,0.15860902,3.8635018
12496,12.496,0.15470944,3.889651
12497,12.497,0.16752861,3.9153671
12498,12.498,0.15602696,3.8730514
12499,12.499,0.15495701,3.9485338
12500,12.5,0.1511281,3.8926237
12501,12.501,0.16342409,3.8910713
12502,12.502,0.15298054,3.8804104
12503,12.503,0.15633385,3.8958607
12504,12.504,0.15386242,3.919642
12505,12.505,0.16740994,3.8867548
12506,12.506,0.1634576,3.9196815
12507,12.507,0.1563055,3.8794005
12508,12.508,0.16558069,3.8528843
12509,12.509,0.16978204,3.9376009
12510,12.51,0.16299018,3.9018126
12511,12.511,0.14712603,3.8738046
12512,12.512,0.15036198,3.9446154
12513,12.513,0.14765535,3.9069896
12514,12.514,0.14745186,3.9252372
12515,12.515,0.14513364,3.95938
12516,12.516,0.15491332,3.9470484
12517,12.517,0.14198093,3.9186249
12518,12.518,0.14074264,3.8921661
12519,12.519,0.13506478,3.8829567
12520,12.52,0.15070368,3.8770602
12521,12.521,0.14377792,3.9281216
12522,12.522,0.1350092,3.9060576
12523,12.523,0.1519851,3.937104
12524,12.524,0.14045645,3.8680525
12525,12.525,0.1447788,3.858607
12526,12.526,0.1532329,3.8919976
12527,12.527,0.14998177,3.8981206
12528,12.528,0.14101124,3.936373
12529,12.529,0.1366769,3.8765264
12530,12.53,0.12918183,3.9391701
12531,12.531,0.118180856,3.9284852
12532,12.532,0.121413425,3.88726
12533,12.533,0.12983033,3.9162905
12534,12.534,0.14017582,3.9360154
12535,12.535,0.13001645,3.8966446
12536,12.536,0.12508218,3.9205854
12537,12.537,0.12517756,3.909899
12538,12.538,0.1431608,3.965798
12539,12.539,0.13943382,3.9375553
12540,12.54,0.13779056,3.9069161
12541,12.541,0.1349691,3.91828
12542,12.542,0.12303087,3.8754807
12543,12.543,0.15068817,3.9429498
12544,12.544,0.15870441,3.944907
12545,12.545,0.16278054,3.9262733
12546,12.546,0.15346922,3.8519871
12547,12.547,0.15554988,3.8756056
12548,12.548,0.1612871,3.8894548
12549,12.549,0.16354792,3.8975575
12550,12.55,0.16228501,3.8986084
12551,12.551,0.15303804,3.8990154
12552,12.552,0.15285258,3.9328768
12553,12.553,0.15526085,3.9125562
12554,12.554,0.15982051,3.916859
12555,12.555,0.15193245,3.8711908
12556,12.556,0.16549744,3.908516
12557,12.557,0.17862976,3.8741663
12558,12.558,0.17221189,3.8403769
12559,12.559,0.15280065,3.8757298
12560,12.56,0.16334991,3.8859622
12561,12.561,0.16083518,3.8652291
12562,12.562,0.1549022,3.9471276
12563,12.563,0.16106302,3.917581
12564,12.564,0.16533154,3.941906
12565,12.565,0.15749761,3.9400399
12566,12.566,0.15327546,3.9347281
12567,12.567,0.15351893,3.9258316
12568,12.568,0.15690583,3.8762927
12569,12.569,0.15377001,3.9352274
12570,12.57,0.16147658,3.886362
12571,12.571,0.1523272,3.8577704
12572,12.572,0.15895195,4.2959933
12573,12.573,0.15211742,4.257953
12574,12.574,0.15592796,4.251458
12575,12.575,0.14559838,3.8796356
12576,12.576,0.14887291,4.267418
12577,12.577,0.16498919,4.236348
12578,12.578,0.15997559,3.859614
12579,12.579,0.17175612,3.9237618
12580,12.58,0.17642656,3.8658295
12581,12.581,0.18748753,3.8578515
12582,12.582,0.19242574,3.8420398
12583,12.583,0.17387556,3.7567215
12584,12.584,0.15741283,3.837664
12585,12.585,0.1833674,3.780389
12586,12.586,0.16924813,3.857363
12587,12.587,0.1744126,3.8481011
12588,12.588,0.176895,3.8532624
12589,12.589,0.19679284,3.860184
12590,12.59,0.19938947,3.8940485
12591,12.591,0.1869897,3.8817945
12592,12.592,0.19578855,3.875174
12593,12.593,0.19775875,3.888208
12594,12.594,0.1909051,3.8655796
12595,12.595,0.18508936,3.8533502
12596,12.596,0.17654823,3.8890765
12597,12.597,0.1661627,3.81804
12598,12.598,0.1817324,3.7936113
12599,12.599,0.19116598,3.845933
12600,12.6,0.18763876,3.8478918
12601,12.601,0.17990856,3.853598
12602,12.602,0.1937075,3.885457
12603,12.603,0.18143727,3.8673925
12604,12.604,0.1899011,3.8601544
12605,12.605,0.18673748,3.849751
12606,12.606,0.19740905,3.8926852
12607,12.607,0.20253712,3.8791797
12608,12.608,0.19648308,3.8588135
12609,12.609,0.20098156,3.7923295
12610,12.61,0.20453708,3.777941
12611,12.611,0.2102199,3.8610892
12612,12.612,0.1988317,3.7944877
12613,12.613,0.19114055,3.83275
12614,12.614,0.19328395,3.7848773
12615,12.615,0.18836431,3.86347
12616,12.616,0.18707588,3.8536086
12617,12.617,0.19677252,3.8567953
12618,12.618,0.17638749,3.7776456
12619,12.619,0.17737988,3.8672411
12620,12.62,0.18420768,3.9252288
12621,12.621,0.16825715,3.8996851
12622,12.622,0.17129193,3.9056065
12623,12.623,0.17688733,3.9099815
12624,12.624,0.17523542,3.893231
12625,12.625,0.18836987,3.824361
12626,12.626,0.17650989,3.881361
12627,12.627,0.1579661,3.9248447
12628,12.628,0.16411012,3.914211
12629,12.629,0.17390668,3.86748
12630,12.63,0.17924112,3.924794
12631,12.631,0.17095757,3.8708048
12632,12.632,0.16895632,3.8729432
12633,12.633,0.16939276,3.9258242
12634,12.634,0.17496099,3.911837
12635,12.635,0.18669333,3.8668888
12636,12.636,0.17515746,3.9025638
12637,12.637,0.1840319,3.8487668
12638,12.638,0.16709358,3.919646
12639,12.639,0.15818407,3.8805826
12640,12.64,0.17238472,3.911008
12641,12.641,0.15969497,3.9389353
12642,12.642,0.16543944,3.9043238
12643,12.643,0.15223952,3.9379623
12644,12.644,0.16375506,3.9316814
12645,12.645,0.17734033,3.9668834
12646,12.646,0.17023551,3.9211617
12647,12.647,0.19594216,3.8999727
12648,12.648,0.19245419,3.8976805
12649,12.649,0.20343524,3.911084
12650,12.65,0.20561655,3.9547515
12651,12.651,0.20178995,3.886522
12652,12.652,0.20445734,3.9142935
12653,12.653,0.20775571,3.8654764
12654,12.654,0.20385942,3.9084537
12655,12.655,0.20569374,3.9297051
12656,12.656,0.20469704,3.8976326
12657,12.657,0.19806652,3.8758595
12658,12.658,0.19362521,3.8469248
12659,12.659,0.19730991,3.8489149
12660,12.66,0.19372179,3.8792973
12661,12.661,0.18598473,3.900963
12662,12.662,0.19925828,3.8831985
12663,12.663,0.18183833,3.9133658
12664,12.664,0.17949153,3.9265978
12665,12.665,0.17083551,3.913844
12666,12.666,0.17023805,3.9661534
12667,12.667,0.16978677,3.9215045
12668,12.668,0.1671661,3.9215858
12669,12.669,0.173394,3.9137523
12670,12.67,0.181861,3.9269514
12671,12.671,0.15684111,3.8971791
12672,12.672,0.1744602,3.9340677
12673,12.673,0.18196146,3.8826413
12674,12.674,0.18766269,3.8902345
12675,12.675,0.1949622,3.897583
12676,12.676,0.19056575,3.8706865
12677,12.677,0.17410682,3.8641288
12678,12.678,0.16620675,3.863591
12679,12.679,0.17391624,3.8705535
12680,12.68,0.17428449,3.9103067
12681,12.681,0.18228848,3.8947997
12682,12.682,0.17962414,3.88949
12683,12.683,0.16941781,3.8436828
12684,12.684,0.1623684,3.8510907
12685,12.685,0.17211683,3.8880112
12686,12.686,0.17326123,3.8732727
12687,12.687,0.17789285,3.844902
12688,12.688,0.17755912,3.8693767
12689,12.689,0.17319232,3.8732815
12690,12.69,0.17563033,3.8787677
12691,12.691,0.17321293,3.9364994
12692,12.692,0.18721692,3.9162858
12693,12.693,0.18486884,3.9069927
12694,12.694,0.18202469,3.909864
12695,12.695,0.18657431,0.78201514
12696,12.696,0.17741977,0.7605839
12697,12.697,0.18984891,0.74765205
12698,12.698,0.19570777,0.7929404
12699,12.699,0.19739066,0.78536457
12700,12.7,0.19282438,0.8242384
12701,12.701,0.18858042,0.78864586
12702,12.702,0.17846434,0.7414971
12703,12.703,0.18176219,0.796357
12704,12.704,0.19124836,0.81559116
12705,12.705,0.18079522,0.7740793
12706,12.706,0.18444501,0.79740995
12707,12.707,0.17980833,0.7857884
12708,12.708,0.18596686,0.79896814
12709,12.709,0.17850709,0.7825497
12710,12.71,0.16438021,0.79780555
12711,12.711,0.16059284,0.7772403
12712,12.712,0.1717683,0.77072185
12713,12.713,0.16728163,0.7380481
12714,12.714,0.16445318,0.8017017
12715,12.715,0.16889222,0.8373735
12716,12.716,0.14863509,0.8137262
12717,12.717,0.15776889,0.7777597
12718,12.718,0.15745269,0.7879288
12719,12.719,0.15158297,0.80511105
12720,12.72,0.14933838,0.77864903
12721,12.721,0.15199684,0.7722232
12722,12.722,0.14557472,0.76687455
12723,12.723,0.1471344,0.77709496
12724,12.724,0.13512582,0.77011263
12725,12.725,0.14068624,0.80199885
12726,12.726,0.14277476,0.7948504
12727,12.727,0.15150218,0.8151668
12728,12.728,0.14620773,0.8356155
12729,12.729,0.14940263,0.77862346
12730,12.73,0.15349247,0.79023826
12731,12.731,0.15180281,0.7817202
12732,12.732,0.17465547,0.7861472
12733,12.733,0.15315136,0.8219633
12734,12.734,0.16002251,0.8150861
12735,12.735,0.16041076,0.7463095
12736,12.736,0.16755615,0.8223855
12737,12.737,0.16243622,0.7987405
12738,12.738,0.16227628,0.80372137
12739,12.739,0.15693446,0.77264446
12740,12.74,0.15919255,0.76206166
12741,12.741,0.15484817,0.7562226
12742,12.742,0.16280283,0.7746207
12743,12.743,0.15241562,0.76010114
12744,12.744,0.15520576,0.7694872
12745,12.745,0.15372078,0.75731444
12746,12.746,0.15528305,0.7710341
12747,12.747,0.14558443,0.77937675
12748,12.748,0.15675832,0.79650056
12749,12.749,0.15388401,0.8176895
12750,12.75,0.15267417,0.8034097
12751,12.751,0.15669511,0.8207341
12752,12.752,0.16369194,0.81546533
12753,12.753,0.1843933,0.79497933
12754,12.754,0.1858848,0.79980594
12755,12.755,0.18835811,0.8511965
12756,12.756,0.18064712,0.82166123
12757,12.757,0.1847733,0.801512
12758,12.758,0.18325093,0.79960644
12759,12.759,0.17731951,0.8389828
12760,12.76,0.17820662,0.8297926
12761,12.761,0.16776642,0.8316897
12762,12.762,0.1816098,0.810091
12763,12.763,0.19581273,0.82412106
12764,12.764,0.18684354,0.8263886
12765,12.765,0.1777676,0.8462029
12766,12.766,0.18738249,0.82753223
12767,12.767,0.17370844,0.7848914
12768,12.768,0.16626412,0.83618736
12769,12.769,0.157202,0.79748917
12770,12.77,0.16015011,0.82723755
12771,12.771,0.15726775,0.80939144
12772,12.772,0.17540246,0.868968
12773,12.773,0.17016684,0.8408136
12774,12.774,0.16439556,0.8208754
12775,12.775,0.18279003,0.81213105
12776,12.776,0.1734245,0.76113594
12777,12.777,0.1632199,0.82854813
12778,12.778,0.15625276,0.81483173
12779,12.779,0.15496415,0.8243715
12780,12.78,0.1501847,0.81651103
12781,12.781,0.16746616,0.8056038
12782,12.782,0.17437519,0.7877934
12783,12.783,0.19028626,0.8175111
12784,12.784,0.18158811,0.8352373
12785,12.785,0.17789285,0.8047302
12786,12.786,0.1716866,0.8139503
12787,12.787,0.17526455,0.8216839
12788,12.788,0.16750988,0.7946342
12789,12.789,0.17702468,0.7891554
12790,12.79,0.17916696,0.76347566
12791,12.791,0.17506364,0.75998574
12792,12.792,0.17561947,0.8236527
12793,12.793,0.17525192,0.7760836
12794,12.794,0.18731189,0.8169218
12795,12.795,0.1699378,0.76687545
12796,12.796,0.1662804,0.80973804
12797,12.797,0.17349651,0.8339444
12798,12.798,0.17487761,0.8602384
12799,12.799,0.17735526,0.8449783
12800,12.8,0.17596246,0.79508233
12801,12.801,0.17416547,0.7616969
12802,12.802,0.17676973,0.78479165
12803,12.803,0.16978133,0.77635455
12804,12.804,0.16881351,4.743624
12805,12.805,0.17797376,0.7508435
12806,12.806,0.16716646,0.75808275
12807,12.807,0.16470067,4.7023897
12808,12.808,0.17856361,0.8060279
12809,12.809,0.16667475,0.7918727
12810,12.81,0.15955658,4.7315264
12811,12.811,0.1720074,0.71635425
12812,12.812,0.16969216,4.7261515
12813,12.813,0.15186036,4.7383695
12814,12.814,0.1701455,4.7286286
12815,12.815,0.15638697,0.7590491
12816,12.816,0.13777271,0.73440313
12817,12.817,0.14140166,0.7453165
12818,12.818,0.1382831,0.78626305
12819,12.819,0.14291002,0.7516475
12820,12.82,0.12757197,4.734188
12821,12.821,0.14015606,4.7650294
12822,12.822,0.15219425,0.7694891
12823,12.823,0.14947881,0.74174577
12824,12.824,0.1359348,4.798599
12825,12.825,0.14336179,4.7520647
12826,12.826,0.13859242,4.7329717
12827,12.827,0.13663547,4.7469196
12828,12.828,0.141463,4.7796564
12829,12.829,0.14715824,4.747274
12830,12.83,0.14517985,4.81465
12831,12.831,0.14731619,4.76457
12832,12.832,0.14776073,4.7276235
12833,12.833,0.14157821,4.724811
12834,12.834,0.13041289,0.787516
12835,12.835,0.13944925,0.7963198
12836,12.836,0.13755147,4.77028
12837,12.837,0.16071999,4.7551804
12838,12.838,0.15481678,4.739997
12839,12.839,0.1459761,4.770507
12840,12.84,0.14436428,4.7793345
12841,12.841,0.15332203,4.748215
12842,12.842,0.16886272,4.7645974
12843,12.843,0.1722994,0.7803518
12844,12.844,0.1718904,4.77087
12845,12.845,0.15874745,0.80562663
12846,12.846,0.14522052,4.773841
12847,12.847,0.16269849,0.8675435
12848,12.848,0.16755946,0.8175635
12849,12.849,0.158249,4.7630835
12850,12.85,0.15075022,4.7678876
12851,12.851,0.17271492,4.783762
12852,12.852,0.1640565,4.781009
12853,12.853,0.14960676,4.778218
12854,12.854,0.14837655,0.79208356
12855,12.855,0.153736,0.7891534
12856,12.856,0.1450064,0.80973417
12857,12.857,0.15349768,0.83654374
12858,12.858,0.15737921,0.7670586
12859,12.859,0.16692778,0.81490034
12860,12.86,0.17037642,0.8200915
12861,12.861,0.16058978,0.80908006
12862,12.862,0.15524778,0.7793721
12863,12.863,0.15429966,0.8495987
12864,12.864,0.16204332,0.8372588
12865,12.865,0.16989797,0.8398199
12866,12.866,0.16447863,0.84405154
12867,12.867,0.16230814,0.8866789
12868,12.868,0.16191417,0.8468921
12869,12.869,0.1627881,0.82458776
12870,12.87,0.16399236,0.82572126
12871,12.871,0.1679541,0.8081569
12872,12.872,0.16414648,0.7691985
12873,12.873,0.16682124,0.8058449
12874,12.874,0.16555691,0.8331805
12875,12.875,0.18648393,0.8334604
12876,12.876,0.16854833,0.8203426
12877,12.877,0.157473,0.81764334
12878,12.878,0.16276163,0.85076874
12879,12.879,0.17287408,0.82172203
12880,12.88,0.16985922,0.8533837
12881,12.881,0.15854616,0.84561825
12882,12.882,0.15650181,0.8040904
12883,12.883,0.15533178,0.78398126
12884,12.884,0.15690623,0.7904056
12885,12.885,0.15532702,0.7891782
12886,12.886,0.1646166,0.74955887
12887,12.887,0.15584072,0.7986089
12888,12.888,0.16285838,0.80763465
12889,12.889,0.14032015,0.812762
12890,12.89,0.16962796,0.7989896
12891,12.891,0.17018709,0.8302646
12892,12.892,0.17109643,0.8133434
12893,12.893,0.16215454,0.7625053
12894,12.894,0.17834847,0.76009667
12895,12.895,0.175825,0.8147703
12896,12.896,0.18141727,0.7814568
12897,12.897,0.17104211,0.7650049
12898,12.898,0.16845669,0.7851357
12899,12.899,0.17806502,0.74222606
12900,12.9,0.18268363,0.76655257
12901,12.901,0.17320013,0.80660206
12902,12.902,0.19328745,0.7827918
12903,12.903,0.18890576,0.7761938
12904,12.904,0.1926785,0.79857665
12905,12.905,0.19971813,0.82282096
12906,12.906,0.1878059,0.79937786
12907,12.907,0.18923672,0.78349507
12908,12.908,0.1917069,0.7483292
12909,12.909,0.1792806,0.73813474
12910,12.91,0.17975871,0.7728595
12911,12.911,0.18905097,0.77766544
12912,12.912,0.19537927,0.77723837
12913,12.913,0.2017131,0.74931645
12914,12.914,0.19852078,0.80440587
12915,12.915,0.193444,0.78691053
12916,12.916,0.18348514,0.795948
12917,12.917,0.18974292,0.8091736
12918,12.918,0.17151773,0.81539875
12919,12.919,0.1557345,0.7994172
12920,12.92,0.1753,0.8362692
12921,12.921,0.16878144,0.810837
12922,12.922,0.1740128,0.8121759
12923,12.923,0.16005442,0.7918713
12924,12.924,0.16876832,0.7804456
12925,12.925,0.18056877,0.76630634
12926,12.926,0.15749957,0.8366655
12927,12.927,0.17073427,0.82825446
12928,12.928,0.15764053,0.81754875
12929,12.929,0.16223533,0.80573595
12930,12.93,0.16589329,0.80380684
12931,12.931,0.16892283,0.7652537
12932,12.932,0.15232195,0.78025234
12933,12.933,0.17443411,0.7230866
12934,12.934,0.17221832,0.791806
12935,12.935,0.19846003,0.8074603
12936,12.936,0.18132567,0.8034788
12937,12.937,0.19007629,0.820438
12938,12.938,0.20421344,0.79711425
12939,12.939,0.19526997,0.80665874
12940,12.94,0.18272977,0.7974593
12941,12.941,0.1788762,0.80235285
12942,12.942,0.19066258,0.8054385
12943,12.943,0.1874324,0.80478346
12944,12.944,0.18158777,0.8034077
12945,12.945,0.18268263,0.8012349
12946,12.946,0.17300785,0.8159325
12947,12.947,0.16570699,0.7605464
12948,12.948,0.1675569,0.7496508
12949,12.949,0.1676461,0.71842223
12950,12.95,0.17802665,0.7497687
12951,12.951,0.17188431,0.768639
12952,12.952,0.1719938,0.7869857
12953,12.953,0.164881,0.80681217
12954,12.954,0.17132391,0.79953295
12955,12.955,0.16108173,0.8040967
12956,12.956,0.1695456,0.77447104
12957,12.957,0.1738943,0.7693512
12958,12.958,0.17087908,0.760943
12959,12.959,0.17098707,0.79792863
12960,12.96,0.1731536,0.81291234
12961,12.961,0.15337297,0.8005268
12962,12.962,0.1638794,0.78825784
12963,12.963,0.16523439,0.79150015
12964,12.964,0.16914304,0.8075716
12965,12.965,0.16370283,0.8365968
12966,12.966,0.15912218,4.7621117
12967,12.967,0.14466657,0.75903654
12968,12.968,0.15457536,0.81831974
12969,12.969,0.1433764,0.8006964
12970,12.97,0.14813502,4.7906733
12971,12.971,0.16195104,4.772314
12972,12.972,0.14939728,0.77938455
12973,12.973,0.15588336,0.7942901
12974,12.974,0.14274417,0.7614997
12975,12.975,0.1453302,0.7678944
12976,12.976,0.1367588,0.79350084
12977,12.977,0.13783164,0.76984435
12978,12.978,0.13399872,0.7755242
12979,12.979,0.14099161,0.7533972
12980,12.98,0.14254576,0.79528505
12981,12.981,0.12917326,0.7863861
12982,12.982,0.1363172,4.75392
12983,12.983,0.13677049,4.7153997
12984,12.984,0.1590456,4.7506304
12985,12.985,0.15259233,4.7547355
12986,12.986,0.1403653,4.758081
12987,12.987,0.15396914,4.7954555
12988,12.988,0.13105763,4.777319
12989,12.989,0.13018245,0.80105066
12990,12.99,0.13402857,0.747159
12991,12.991,0.12211932,4.8097687
12992,12.992,0.13895112,0.7827257
12993,12.993,0.15035298,0.7787452
12994,12.994,0.1479742,0.76790494
12995,12.995,0.15342672,4.808372
12996,12.996,0.14758866,4.815265
12997,12.997,0.1416108,0.7368476
12998,12.998,0.13550186,0.7462778
12999,12.999,0.14107014,4.852971
13000,13.0,0.14761493,4.8061986
13001,13.001,0.13971902,4.8101926
13002,13.002,0.13775261,4.8453765
13003,13.003,0.13750762,4.8395953
13004,13.004,0.13746735,4.8432736
13005,13.005,0.13775261,4.8541265
13006,13.006,0.1404455,4.812684
13007,13.007,0.122200914,4.8388867
13008,13.008,0.1309515,4.8135805
13009,13.009,0.14480515,4.817579
13010,13.01,0.14927039,4.8121133
13011,13.011,0.14616732,4.8709455
13012,13.012,0.16663672,4.850126
13013,13.013,0.15771234,4.879186
13014,13.014,0.16491571,4.920441
13015,13.015,0.16285385,0.8204121
13016,13.016,0.16227439,4.915512
13017,13.017,0.1551677,4.926991
13018,13.018,0.15908042,4.9138184
13019,13.019,0.15533653,4.908854
13020,13.02,0.15333526,4.9274907
13021,13.021,0.15102912,4.9313765
13022,13.022,0.15936366,0.7760812
13023,13.023,0.14995715,0.7438358
13024,13.024,0.15212065,0.8074616
13025,13.025,0.15447702,0.7671923
13026,13.026,0.1467718,0.7826736
13027,13.027,0.17478682,4.928942
13028,13.028,0.17237544,0.79924405
13029,13.029,0.1708139,4.8940334
13030,13.03,0.165145,4.895126
13031,13.031,0.1816037,4.9409513
13032,13.032,0.17080633,4.8945785
13033,13.033,0.18674901,4.897414
13034,13.034,0.17838055,4.899297
13035,13.035,0.18422472,4.9042354
13036,13.036,0.18848285,4.9193225
13037,13.037,0.17597926,4.9285173
13038,13.038,0.1545666,4.9366994
13039,13.039,0.16180545,4.866644
13040,13.04,0.16021886,4.8542585
13041,13.041,0.1470796,4.823356
13042,13.042,0.15195109,4.8566604
13043,13.043,0.16274726,4.883594
13044,13.044,0.16424353,4.869242
13045,13.045,0.15043849,4.7896442
13046,13.046,0.15261008,4.8002343
13047,13.047,0.15641215,4.818156
13048,13.048,0.16393043,4.7749195
13049,13.049,0.16858667,4.643253
13050,13.05,0.1638148,4.6868176
13051,13.051,0.1863169,4.704882
13052,13.052,0.1700265,4.722805
13053,13.053,0.17194694,4.733531
13054,13.054,0.16442923,4.7551513
13055,13.055,0.15516335,4.717897
13056,13.056,0.1578874,4.682149
13057,13.057,0.15546006,4.713501
13058,13.058,0.16161636,4.7208147
13059,13.059,0.16983531,4.774233
13060,13.06,0.15944666,4.7172318
13061,13.061,0.14989068,4.671248
13062,13.062,0.1484864,4.727647
13063,13.063,0.15308788,4.723333
13064,13.064,0.15948948,4.8363047
13065,13.065,0.16659795,4.828348
13066,13.066,0.1701238,4.850048
13067,13.067,0.15923814,4.9005637
13068,13.068,0.1570583,4.829312
13069,13.069,0.17362094,4.8450994
13070,13.07,0.17791256,4.818491
13071,13.071,0.15580598,4.7778087
13072,13.072,0.15411334,4.8339214
13073,13.073,0.17795786,4.822369
13074,13.074,0.18753576,4.8566093
13075,13.075,0.18098025,4.8301444
13076,13.076,0.1935448,4.8528657
13077,13.077,0.18610312,4.837537
13078,13.078,0.1769395,4.842271
13079,13.079,0.1762315,4.880189
13080,13.08,0.16892573,4.8355255
13081,13.081,0.1809068,4.799629
13082,13.082,0.18299894,4.850468
13083,13.083,0.16907936,4.852876
13084,13.084,0.17089817,4.884481
13085,13.085,0.17714351,4.904326
13086,13.086,0.18459073,4.8938785
13087,13.087,0.17271242,4.884398
13088,13.088,0.1765416,4.8861675
13089,13.089,0.16193545,4.8763814
13090,13.09,0.16784416,4.902108
13091,13.091,0.17222796,4.863551
13092,13.092,0.16379564,4.852754
13093,13.093,0.17970839,4.865705
13094,13.094,0.17084703,4.8947353
13095,13.095,0.16722314,4.918974
13096,13.096,0.16582204,4.872083
13097,13.097,0.15964602,4.861784
13098,13.098,0.15029281,4.848714
13099,13.099,0.15260725,4.8249416
13100,13.1,0.17189147,4.8632007
13101,13.101,0.16843002,4.826304
13102,13.102,0.16076554,4.8804564
13103,13.103,0.1538812,4.8648973
13104,13.104,0.14055498,4.8307157
13105,13.105,0.15498321,4.757728
13106,13.106,0.14953272,4.7958164
13107,13.107,0.14442691,4.826372
13108,13.108,0.13223308,4.7800393
13109,13.109,0.15487717,4.8006516
13110,13.11,0.16104352,4.846251
13111,13.111,0.16178454,4.8639216
13112,13.112,0.15918365,4.8377767
13113,13.113,0.1521429,4.824574
13114,13.114,0.15420274,4.8028245
13115,13.115,0.16736583,4.808431
13116,13.116,0.16810057,4.839101
13117,13.117,0.16636252,4.8429923
13118,13.118,0.17097268,4.8016
13119,13.119,0.16951585,4.833163
13120,13.12,0.15542364,4.7944584
13121,13.121,0.16678914,4.788193
13122,13.122,0.17119601,4.848491
13123,13.123,0.18103737,4.8393464
13124,13.124,0.18646842,4.843332
13125,13.125,0.1761711,4.796024
13126,13.126,0.19810659,4.793689
13127,13.127,0.19404103,4.790035
13128,13.128,0.1881607,4.749886
13129,13.129,0.16934371,4.808719
13130,13.13,0.17172673,4.8504844
13131,13.131,0.17216222,4.7956095
13132,13.132,0.17241578,4.84443
13133,13.133,0.16992623,4.856938
13134,13.134,0.18488482,4.813031
13135,13.135,0.16296904,4.8039174
13136,13.136,0.16786322,4.7942066
13137,13.137,0.1671764,4.7933297
13138,13.138,0.17955357,4.759086
13139,13.139,0.17490259,4.804032
13140,13.14,0.18127273,4.7973747
13141,13.141,0.18529867,4.754848
13142,13.142,0.17017913,4.8149667
13143,13.143,0.18468004,4.768695
13144,13.144,0.17601596,4.793029
13145,13.145,0.15417081,4.834621
13146,13.146,0.16737024,4.809095
13147,13.147,0.16228501,4.7635117
13148,13.148,0.15634488,4.7922535
13149,13.149,0.16493027,4.795721
13150,13.15,0.15392958,4.7542505
13151,13.151,0.1569325,4.7602377
13152,13.152,0.15174039,4.743498
13153,13.153,0.15789013,4.7195525
13154,13.154,0.15291417,4.743842
13155,13.155,0.14842921,4.7060122
13156,13.156,0.15751676,4.668181
13157,13.157,0.1638854,4.7267265
13158,13.158,0.15979895,4.753475
13159,13.159,0.1589388,4.7625046
13160,13.16,0.15621062,4.7053704
13161,13.161,0.15143962,4.7209096
13162,13.162,0.1474022,4.7259254
13163,13.163,0.15526402,4.7763305
13164,13.164,0.14007527,4.753737
13165,13.165,0.17190114,4.738502
13166,13.166,0.16969179,4.8057504
13167,13.167,0.1833533,4.761172
13168,13.168,0.19308393,4.7851415
13169,13.169,0.1816186,4.762367
13170,13.17,0.17258447,4.775542
13171,13.171,0.16443299,4.815159
13172,13.172,0.16114207,4.788841
13173,13.173,0.17164251,4.810533
13174,13.174,0.15996635,4.844362
13175,13.175,0.15579334,4.794331
13176,13.176,0.14549989,4.7600455
13177,13.177,0.15669237,4.8188257
13178,13.178,0.16514052,4.8331175
13179,13.179,0.1664191,4.7849827
13180,13.18,0.17009233,4.782991
13181,13.181,0.1666297,4.7706165
13182,13.182,0.16451229,4.794972
13183,13.183,0.1697835,4.754356
13184,13.184,0.16561748,4.7969065
13185,13.185,0.15857914,4.823006
13186,13.186,0.17425235,4.7678223
13187,13.187,0.17087153,4.816182
13188,13.188,0.15786752,4.8032775
13189,13.189,0.15529375,4.8103704
13190,13.19,0.16113596,4.739528
13191,13.191,0.14510015,4.768723
13192,13.192,0.1449436,4.8016534
13193,13.193,0.15712918,4.809553
13194,13.194,0.16683267,4.7921896
13195,13.195,0.15432438,4.8026924
13196,13.196,0.15648884,4.7009025
13197,13.197,0.1511871,4.8305097
13198,13.198,0.15975004,4.8259306
13199,13.199,0.16580684,4.7934437
13200,13.2,0.16114856,4.830251
13201,13.201,0.15085752,4.858192
13202,13.202,0.15814516,4.8495307
13203,13.203,0.14512558,4.866494
13204,13.204,0.1379927,4.8907475
13205,13.205,0.13815892,4.8878894
13206,13.206,0.14364263,4.9154854
13207,13.207,0.14327593,4.916702
13208,13.208,0.16619824,0.7679763
13209,13.209,0.14284542,4.9414973
13210,13.21,0.15153629,0.8162703
13211,13.211,0.1433648,0.77567005
13212,13.212,0.14404,4.924866
13213,13.213,0.15125425,4.8564725
13214,13.214,0.14303654,4.874388
13215,13.215,0.12602746,4.8856115
13216,13.216,0.13665438,4.908942
13217,13.217,0.12911513,4.8530784
13218,13.218,0.14580572,4.872665
13219,13.219,0.14250432,4.9007998
13220,13.22,0.13993771,4.8698926
13221,13.221,0.14596768,4.8897853
13222,13.222,0.13692336,4.8521423
13223,13.223,0.13721423,4.860861
13224,13.224,0.12602405,4.8113456
13225,13.225,0.13562621,4.8256063
13226,13.226,0.13514677,4.839517
13227,13.227,0.15084895,4.844001
13228,13.228,0.1413873,4.8770647
13229,13.229,0.1334263,4.8986106
13230,13.23,0.12754543,4.906713
13231,13.231,0.13452984,4.915956
13232,13.232,0.13500282,0.7691064
13233,13.233,0.1321004,4.9095087
13234,13.234,0.12457301,4.891294
13235,13.235,0.13633072,4.922851
13236,13.236,0.1397111,0.8248404
13237,13.237,0.13994299,0.79788715
13238,13.238,0.13790573,0.803974
13239,13.239,0.14081214,4.9091973
13240,13.24,0.15362309,4.929173
13241,13.241,0.14812131,4.90939
13242,13.242,0.15645856,4.9769735
13243,13.243,0.16717125,4.93147
13244,13.244,0.14940345,4.943708
13245,13.245,0.13247854,4.90629
13246,13.246,0.14181007,4.9261827
13247,13.247,0.14270753,4.9365187
13248,13.248,0.14932437,4.9337125
13249,13.249,0.14933509,4.9130864
13250,13.25,0.1563122,4.9399176
13251,13.251,0.15358745,4.906615
13252,13.252,0.14175107,4.927694
13253,13.253,0.14641967,4.9145317
13254,13.254,0.13185611,4.94225
13255,13.255,0.1464953,4.955624
13256,13.256,0.16270304,4.958887
13257,13.257,0.15754761,4.9503846
13258,13.258,0.15392119,4.942213
13259,13.259,0.15844563,4.9491234
13260,13.26,0.14613113,4.9817677
13261,13.261,0.15305331,4.9672103
13262,13.262,0.15504591,4.95936
13263,13.263,0.16029641,4.9927096
13264,13.264,0.16047403,4.989349
13265,13.265,0.16444795,5.0092697
13266,13.266,0.16087802,4.9385643
13267,13.267,0.16385123,4.9380074
13268,13.268,0.16963232,4.9553056
13269,13.269,0.17617702,4.962334
13270,13.27,0.15867263,4.9189334
13271,13.271,0.15852676,4.9281
13272,13.272,0.1747893,4.970496
13273,13.273,0.17492124,4.8773885
13274,13.274,0.16819717,4.887516
13275,13.275,0.18833067,4.8913627
13276,13.276,0.19115728,4.9168315
13277,13.277,0.17298935,4.9325585
13278,13.278,0.18032907,4.982438
13279,13.279,0.18869817,5.02723
13280,13.28,0.17378883,5.0263214
13281,13.281,0.15852481,4.9858847
13282,13.282,0.18324354,4.986576
13283,13.283,0.17229833,5.032709
13284,13.284,0.17602155,0.8338967
13285,13.285,0.17624547,5.01677
13286,13.286,0.18100508,5.0175247
13287,13.287,0.19630638,0.8135028
13288,13.288,0.18246289,0.86463565
13289,13.289,0.18386534,0.8166469
13290,13.29,0.18782654,5.0056434
13291,13.291,0.17751546,5.0069532
13292,13.292,0.18704398,4.957764
13293,13.293,0.18484288,4.992972
13294,13.294,0.1735862,4.972024
13295,13.295,0.1837542,4.956191
13296,13.296,0.16778293,4.9704347
13297,13.297,0.17747004,4.9805126
13298,13.298,0.17222546,4.9836636
13299,13.299,0.16101679,4.9458385
13300,13.3,0.15462112,4.977761
13301,13.301,0.1684702,4.942183
13302,13.302,0.15712057,4.957757
13303,13.303,0.16332693,4.913995
13304,13.304,0.16349335,4.951134
13305,13.305,0.17413509,4.9629626
13306,13.306,0.16656508,4.9699516
13307,13.307,0.18507008,4.9573536
13308,13.308,0.173684,0.8480854
13309,13.309,0.16145524,0.86379945
13310,13.31,0.18771744,0.8340303
13311,13.311,0.16807897,0.8476725
13312,13.312,0.1778586,4.9480224
13313,13.313,0.1770643,0.8684039
13314,13.314,0.19331323,0.8703786
13315,13.315,0.1794497,0.8051964
13316,13.316,0.18658091,0.8526292
13317,13.317,0.18544571,0.80156976
13318,13.318,0.18271966,0.8547816
13319,13.319,0.20233196,0.8123563
13320,13.32,0.20386848,0.7975132
13321,13.321,0.18444002,4.928373
13322,13.322,0.18372306,4.9014444
13323,13.323,0.18846163,4.869536
13324,13.324,0.20862783,0.75994676
13325,13.325,0.19219251,0.7999934
13326,13.326,0.20017847,0.77813065
13327,13.327,0.19166549,0.77525413
13328,13.328,0.20661089,0.7730941
13329,13.329,0.18960181,0.83635914
13330,13.33,0.1833741,0.85611993
13331,13.331,0.19455752,0.85309106
13332,13.332,0.18880248,0.8510785
13333,13.333,0.17646143,0.80520487
13334,13.334,0.18774006,0.76486325
13335,13.335,0.1857964,0.8561269
13336,13.336,0.19247082,0.7996286
13337,13.337,0.19237714,0.840059
13338,13.338,0.19086222,0.78449756
13339,13.339,0.19264752,0.79229456
13340,13.34,0.2018241,0.8203616
13341,13.341,0.20317014,0.8018194
13342,13.342,0.20082015,0.8336298
13343,13.343,0.20315893,0.8521615
13344,13.344,0.20099777,0.8342508
13345,13.345,0.20518701,0.8115347
13346,13.346,0.2140717,0.8531741
13347,13.347,0.2079431,0.898494
13348,13.348,0.2217608,0.86310345
13349,13.349,0.21724255,0.8267397
13350,13.35,0.20978248,0.86669964
13351,13.351,0.21096142,0.8726114
13352,13.352,0.20079134,0.8501287
13353,13.353,0.19804074,0.8400363
13354,13.354,0.20558184,0.8985391
13355,13.355,0.2105001,0.8655119
13356,13.356,0.19864348,0.8783189
13357,13.357,0.19978467,0.8406327
13358,13.358,0.19933392,0.859676
13359,13.359,0.21688144,0.8484507
13360,13.36,0.19727623,0.85201347
13361,13.361,0.20193198,0.8255041
13362,13.362,0.1892975,0.8355527
13363,13.363,0.17073536,0.84626454
13364,13.364,0.1599752,0.87386596
13365,13.365,0.17431061,0.8436759
13366,13.366,0.1706766,0.7583012
13367,13.367,0.18992572,0.6611425
13368,13.368,0.20089918,0.7575285
13369,13.369,0.20648906,0.8021113
13370,13.37,0.21222632,0.79994905
13371,13.371,0.2064402,0.84145784
13372,13.372,0.21190979,0.81064767
13373,13.373,0.21667878,0.82188386
13374,13.374,0.2093935,0.8295442
13375,13.375,0.20636655,0.79847044
13376,13.376,0.1979618,0.79847383
13377,13.377,0.20560578,0.81491035
13378,13.378,0.21364936,0.82690346
13379,13.379,0.20477518,0.7632223
13380,13.38,0.21072942,0.8021886
13381,13.381,0.20362599,0.7961124
13382,13.382,0.20190701,0.7913075
13383,13.383,0.20697002,0.78331625
13384,13.384,0.20663352,0.80098754
13385,13.385,0.19921936,0.7838413
13386,13.386,0.21381547,0.8031644
13387,13.387,0.20163195,0.7518233
13388,13.388,0.21094741,0.71891433
13389,13.389,0.20685643,0.76505494
13390,13.39,0.203997,0.7592723
13391,13.391,0.22158898,0.7949248
13392,13.392,0.21262139,4.944772
13393,13.393,0.2276689,0.7767293
13394,13.394,0.21005008,4.924165
13395,13.395,0.20032842,0.776874
13396,13.396,0.19998999,4.9574623
13397,13.397,0.20250705,0.82357776
13398,13.398,0.18994774,0.81380093
13399,13.399,0.20365408,0.785821
13400,13.4,0.18981521,0.78939486
13401,13.401,0.191014,0.75120884
13402,13.402,0.1849141,0.7234308
13403,13.403,0.20037387,4.036869
13404,13.404,0.20103236,4.029426
13405,13.405,0.19450405,4.059883
13406,13.406,0.20337807,4.1160417
13407,13.407,0.19134773,4.0766644
13408,13.408,0.20285432,4.024432
13409,13.409,0.20576224,4.071825
13410,13.41,0.19852574,4.062373
13411,13.411,0.19979422,6.4181814
13412,13.412,0.19570525,4.1235876
13413,13.413,0.20608582,4.060558
13414,13.414,0.20412636,6.383126
13415,13.415,0.20907974,6.368039
13416,13.416,0.20850688,6.359419
13417,13.417,0.21526575,6.32841
13418,13.418,0.21294379,6.3818846
13419,13.419,0.21071073,6.372368
13420,13.42,0.22011468,6.394641
13421,13.421,0.21483946,6.3071957
13422,13.422,0.21046795,6.3503275
13423,13.423,0.20595829,6.3440857
13424,13.424,0.20886423,6.3262815
13425,13.425,0.21576935,6.3574777
13426,13.426,0.22753562,6.34484
13427,13.427,0.21906002,6.403138
13428,13.428,0.21520571,6.384022
13429,13.429,0.21102002,6.35785
13430,13.43,0.21468075,6.3898916
13431,13.431,0.20431918,6.3854923
13432,13.432,0.2193682,6.349039
13433,13.433,0.19196828,6.329559
13434,13.434,0.19374211,6.351376
13435,13.435,0.18882367,6.3588214
13436,13.436,0.19074872,6.3341913
13437,13.437,0.19978282,6.338084
13438,13.438,0.19020185,6.3113437
13439,13.439,0.19422327,6.336293
13440,13.44,0.18634135,6.3717527
13441,13.441,0.17140217,6.356488
13442,13.442,0.17250139,6.313434
13443,13.443,0.17783785,6.3101554
13444,13.444,0.17668444,6.3056703
13445,13.445,0.16563383,6.3061705
13446,13.446,0.16984835,6.321188
13447,13.447,0.1790725,6.244153
13448,13.448,0.16798706,6.2226505
13449,13.449,0.1647216,6.190238
13450,13.45,0.16602637,6.289174
13451,13.451,0.17935745,6.274101
13452,13.452,0.16544798,6.3167634
13453,13.453,0.16411462,6.313385
13454,13.454,0.17329815,6.257602
13455,13.455,0.18441398,6.291203
13456,13.456,0.1898016,6.2986865
13457,13.457,0.19324988,6.3912873
13458,13.458,0.205016,6.3307934
13459,13.459,0.19134806,6.3595834
13460,13.46,0.1904133,6.349172
13461,13.461,0.20921713,6.3801374
13462,13.462,0.1999109,6.3222194
13463,13.463,0.20132382,6.3138
13464,13.464,0.19254018,6.2944293
13465,13.465,0.19185479,6.2818604
13466,13.466,0.18535744,6.3162346
13467,13.467,0.19626814,6.3332458
13468,13.468,0.20024148,6.3221307
13469,13.469,0.20586298,6.338315
13470,13.47,0.20920536,6.3057284
13471,13.471,0.21082896,6.297343
13472,13.472,0.1974829,6.3258157
13473,13.473,0.19740593,6.3195157
13474,13.474,0.201189,6.317941
13475,13.475,0.21738893,6.3080297
13476,13.476,0.21115033,6.3502913
13477,13.477,0.22722308,6.335095
13478,13.478,0.22111672,6.3501253
13479,13.479,0.22889495,6.3528624
13480,13.48,0.22350794,6.389249
13481,13.481,0.20581694,6.3477364
13482,13.482,0.18285364,6.334583
13483,13.483,0.1913413,6.3728275
13484,13.484,0.1963418,6.3592315
13485,13.485,0.19167158,6.34075
13486,13.486,0.18734506,6.3476915
13487,13.487,0.19746701,6.349911
13488,13.488,0.19902502,6.309203
13489,13.489,0.21316327,6.3775473
13490,13.49,0.2146644,6.3309283
13491,13.491,0.19883078,6.363193
13492,13.492,0.22215885,6.414667
13493,13.493,0.24288487,6.344469
13494,13.494,0.22886296,6.383093
13495,13.495,0.21899204,6.3399463
13496,13.496,0.22211951,6.3409996
13497,13.497,0.21130908,6.3680377
13498,13.498,0.20777734,6.3546343
13499,13.499,0.22809656,6.3922167
13500,13.5,0.21595918,6.332361
13501,13.501,0.22161035,6.325713
13502,13.502,0.21709551,6.369584
13503,13.503,0.22182626,6.2938614
13504,13.504,0.22653615,6.2686462
13505,13.505,0.22843753,6.2818904
13506,13.506,0.22887398,6.2551217
13507,13.507,0.22214666,6.2903967
13508,13.508,0.24221976,6.2943645
13509,13.509,0.23166087,6.337273
13510,13.51,0.21510735,6.297121
13511,13.511,0.21857527,6.312616
13512,13.512,0.22600265,6.229025
13513,13.513,0.23105188,6.3292317
13514,13.514,0.22373053,6.258942
13515,13.515,0.20689212,6.318315
13516,13.516,0.2127932,6.3795547
13517,13.517,0.20543094,6.3462105
13518,13.518,0.21019794,6.353714
13519,13.519,0.22432569,6.337449
13520,13.52,0.21985345,6.354696
13521,13.521,0.2172196,6.30962
13522,13.522,0.2299952,6.3180184
13523,13.523,0.21593125,6.2920914
13524,13.524,0.2080002,6.3426127
13525,13.525,0.21679744,6.341193
13526,13.526,0.23416148,6.3938746
13527,13.527,0.2270283,6.3280983
13528,13.528,0.22453211,6.3520555
13529,13.529,0.22988683,6.3548512
13530,13.53,0.24101068,6.3756156
13531,13.531,0.23629168,6.3969502
13532,13.532,0.24513431,6.3785586
13533,13.533,0.22514455,4.9978166
13534,13.534,0.22594547,6.312103
13535,13.535,0.22616103,4.942082
13536,13.536,0.21180639,4.905985
13537,13.537,0.20408054,4.9340777
13538,13.538,0.19537896,6.3197217
13539,13.539,0.20297137,6.318539
13540,13.54,0.21468818,4.9732757
13541,13.541,0.22631958,4.960688
13542,13.542,0.24122529,4.9737177
13543,13.543,0.22599067,4.9640813
13544,13.544,0.2376105,4.9716525
13545,13.545,0.22574796,4.9064746
13546,13.546,0.21239845,6.341231
13547,13.547,0.23597509,6.300716
13548,13.548,0.22491187,4.9378653
13549,13.549,0.21031383,6.290609
13550,13.55,0.22932221,6.268366
13551,13.551,0.24087176,6.264209
13552,13.552,0.2281265,6.2623873
13553,13.553,0.22568527,4.8850636
13554,13.554,0.20358822,6.248411
13555,13.555,0.19466849,6.2594914
13556,13.556,0.18962972,4.860077
13557,13.557,0.1901627,6.2181096
13558,13.558,0.19414343,6.161773
13559,13.559,0.2076704,6.2208085
13560,13.56,0.19967408,6.3031583
13561,13.561,0.19755517,6.213152
13562,13.562,0.197638,6.219741
13563,13.563,0.19257757,6.2458096
13564,13.564,0.17527755,6.217193
13565,13.565,0.18508837,4.883988
13566,13.566,0.17847262,4.934291
13567,13.567,0.19779204,4.84532
13568,13.568,0.17926548,6.1998515
13569,13.569,0.18587554,6.169268
13570,13.57,0.18968584,6.225159
13571,13.571,0.18810053,4.8625903
13572,13.572,0.17615992,4.8603015
13573,13.573,0.18088129,4.902905
13574,13.574,0.17447571,6.234112
13575,13.575,0.1900695,4.906818
13576,13.576,0.192705,6.234049
13577,13.577,0.2025915,4.908789
13578,13.578,0.20962344,4.9338837
13579,13.579,0.19016626,6.165466
13580,13.58,0.19809417,6.183538
13581,13.581,0.20733832,6.281267
13582,13.582,0.20380992,6.2478604
13583,13.583,0.1988184,6.195715
13584,13.584,0.21206217,6.212919
13585,13.585,0.1898392,6.2264447
13586,13.586,0.18427782,4.8973107
13587,13.587,0.19426097,4.8207283
13588,13.588,0.19660547,4.8328543
13589,13.589,0.18127204,4.8189936
13590,13.59,0.18280214,4.841883
13591,13.591,0.19147952,4.85044
13592,13.592,0.18843713,4.8518267
13593,13.593,0.19417386,4.8211913
13594,13.594,0.19276597,4.862231
13595,13.595,0.18188672,4.859062
13596,13.596,0.18212706,4.81365
13597,13.597,0.16777304,4.8825455
13598,13.598,0.1935219,4.9037576
13599,13.599,0.18174459,4.8575716
13600,13.6,0.18968616,4.8802676
13601,13.601,0.18231581,4.9139233
13602,13.602,0.16050048,4.861924
13603,13.603,0.16299056,4.8901997
13604,13.604,0.16068515,4.8771772
13605,13.605,0.16622415,4.859907
13606,13.606,0.15695171,4.863543
13607,13.607,0.18544106,4.882414
13608,13.608,0.17262298,4.8237023
13609,13.609,0.17052513,4.8529367
13610,13.61,0.16717051,4.819169
13611,13.611,0.15073226,4.836057
13612,13.612,0.16295129,4.886638
13613,13.613,0.15867767,4.9076915
13614,13.614,0.1723815,4.8982143
13615,13.615,0.15914963,4.8252535
13616,13.616,0.16098697,4.8643565
13617,13.617,0.15455107,4.7674794
13618,13.618,0.16009784,4.810787
13619,13.619,0.15577123,4.8387084
13620,13.62,0.15643221,4.8663163
13621,13.621,0.15658908,4.8468103
13622,13.622,0.16543981,4.7702913
13623,13.623,0.15669866,4.8253455
13624,13.624,0.15942426,4.7827597
13625,13.625,0.14491175,4.786573
13626,13.626,0.15840134,4.7942204
13627,13.627,0.15754293,4.8470836
13628,13.628,0.15638816,4.785051
13629,13.629,0.14809598,4.8022323
13630,13.63,0.14758241,4.806874
13631,13.631,0.14116389,4.7993116
13632,13.632,0.14199392,4.822123
13633,13.633,0.1401486,4.8794065
13634,13.634,0.1338609,4.8613324
13635,13.635,0.14313631,4.8384776
13636,13.636,0.13571963,4.861062
13637,13.637,0.15009004,4.916179
13638,13.638,0.13869494,4.8919067
13639,13.639,0.14418004,4.868481
13640,13.64,0.155036,4.895226
13641,13.641,0.14430843,4.8450637
13642,13.642,0.14147909,4.8318434
13643,13.643,0.1515444,4.856787
13644,13.644,0.128974,4.858501
13645,13.645,0.14744936,6.2458425
13646,13.646,0.1548136,6.246045
13647,13.647,0.15148309,4.842444
13648,13.648,0.15543076,4.8468223
13649,13.649,0.13663006,4.8197274
13650,13.65,0.14379203,4.852693
13651,13.651,0.15720005,4.8728876
13652,13.652,0.14199002,4.8565907
13653,13.653,0.1530915,6.200471
13654,13.654,0.15455784,4.8513136
13655,13.655,0.15637006,4.8762774
13656,13.656,0.14835997,4.8292375
13657,13.657,0.14084403,4.8363113
13658,13.658,0.13574366,4.9011035
13659,13.659,0.14643355,6.25884
13660,13.66,0.14337982,6.196194
13661,13.661,0.13690133,6.2194743
13662,13.662,0.15151274,6.3058057
13663,13.663,0.1509782,6.266642
13664,13.664,0.1456816,6.173466
13665,13.665,0.1353042,6.2631173
13666,13.666,0.14998834,6.2635036
13667,13.667,0.15778565,4.9124265
13668,13.668,0.15931539,6.2903957
13669,13.669,0.14780445,6.2834516
13670,13.67,0.14929181,6.314267
13671,13.671,0.14310277,4.8388042
13672,13.672,0.14682253,4.8852096
13673,13.673,0.15994596,4.8869553
13674,13.674,0.15514034,4.8892336
13675,13.675,0.16110846,4.877789
13676,13.676,0.153736,4.8928394
13677,13.677,0.15616058,4.882569
13678,13.678,0.1416134,4.8408093
13679,13.679,0.15531632,4.8516183
13680,13.68,0.15641923,4.930246
13681,13.681,0.15153019,4.9384995
13682,13.682,0.14528067,4.874175
13683,13.683,0.15730138,4.871059
13684,13.684,0.15902472,4.930832
13685,13.685,0.16477649,6.3099184
13686,13.686,0.16266331,6.2879734
13687,13.687,0.16043377,6.277916
13688,13.688,0.18333015,6.3037024
13689,13.689,0.19530493,6.3182783
13690,13.69,0.20047641,6.32969
13691,13.691,0.18297438,6.367537
13692,13.692,0.17933859,6.349217
13693,13.693,0.18583877,6.2990003
13694,13.694,0.20687784,6.357525
13695,13.695,0.20134185,3.915971
13696,13.696,0.20755216,6.29835
13697,13.697,0.21623905,6.3714137
13698,13.698,0.19869147,3.9185212
13699,13.699,0.18363497,3.940407
13700,13.7,0.1924184,6.315426
13701,13.701,0.18870209,3.9256303
13702,13.702,0.18700846,3.930504
13703,13.703,0.18123132,3.9551528
13704,13.704,0.19047694,3.9545238
13705,13.705,0.20948428,6.3110366
13706,13.706,0.18193237,6.337024
13707,13.707,0.2018811,6.28066
13708,13.708,0.19922338,6.2691936
13709,13.709,0.1876371,6.2793717
13710,13.71,0.18883246,6.2256994
13711,13.711,0.18822937,6.2862644
13712,13.712,0.20083332,6.2722096
13713,13.713,0.20848063,6.286067
13714,13.714,0.20672968,6.2981358
13715,13.715,0.18996069,6.270739
13716,13.716,0.18953851,6.236634
13717,13.717,0.19052021,6.2547164
13718,13.718,0.20337415,6.2853026
13719,13.719,0.1919497,6.295271
13720,13.72,0.1925881,6.2497416
13721,13.721,0.18556876,6.253355
13722,13.722,0.18071318,6.281317
13723,13.723,0.17962106,6.3009486
13724,13.724,0.17955048,6.298309
13725,13.725,0.19817491,6.323483
13726,13.726,0.19457775,6.2425876
13727,13.727,0.18768531,6.3360915
13728,13.728,0.19152097,6.3458
13729,13.729,0.19642387,6.2996507
13730,13.73,0.1607464,6.324899
13731,13.731,0.16570105,6.3078275
13732,13.732,0.18037683,6.323475
13733,13.733,0.17891851,6.288614
13734,13.734,0.1765315,6.4128428
13735,13.735,0.18194726,4.0330224
13736,13.736,0.18280855,6.3878756
13737,13.737,0.16970666,6.3465233
13738,13.738,0.16224937,6.3849998
13739,13.739,0.15726618,3.9479945
13740,13.74,0.1579365,3.9348395
13741,13.741,0.17364149,4.0065446
13742,13.742,0.19635777,6.3385043
13743,13.743,0.1885514,3.9600902
13744,13.744,0.19565935,3.9429047
13745,13.745,0.19748196,3.9558873
13746,13.746,0.17697671,3.9598258
13747,13.747,0.18323818,3.9743311
13748,13.748,0.17641087,6.296
13749,13.749,0.1734699,6.31959
13750,13.75,0.17911202,6.408895
13751,13.751,0.18631856,4.014326
13752,13.752,0.17692283,4.0667267
13753,13.753,0.18480825,4.0744905
13754,13.754,0.17731465,4.0660825
13755,13.755,0.19698003,4.0587835
13756,13.756,0.19038808,4.075076
13757,13.757,0.20596637,4.0197096
13758,13.758,0.20883477,4.039337
13759,13.759,0.19480875,3.9760644
13760,13.76,0.19046466,4.051191
13761,13.761,0.18596223,6.421583
13762,13.762,0.1955826,4.0646963
13763,13.763,0.18926531,4.110194
13764,13.764,0.1862122,4.0215993
13765,13.765,0.18769088,4.0577207
13766,13.766,0.18239848,3.9893615
13767,13.767,0.18301138,4.026149
13768,13.768,0.19202949,6.4243965
13769,13.769,0.19058383,4.0831757
13770,13.77,0.18605751,4.1023846
13771,13.771,0.18671343,4.136035
13772,13.772,0.18207808,4.0698605
13773,13.773,0.1769169,4.1392584
13774,13.774,0.18197499,4.071956
13775,13.775,0.19230868,4.152108
13776,13.776,0.17848572,4.116722
13777,13.777,0.18208957,4.145298
13778,13.778,0.17684872,4.127413
13779,13.779,0.19550803,4.1360307
13780,13.78,0.18196043,4.139388
13781,13.781,0.17528808,4.137998
13782,13.782,0.17999233,4.1350493
13783,13.783,0.1734738,4.081218
13784,13.784,0.16592221,4.076985
13785,13.785,0.18599533,4.074645
13786,13.786,0.17700347,4.116737
13787,13.787,0.1642926,4.07586
13788,13.788,0.17452542,4.060802
13789,13.789,0.18182515,4.034433
13790,13.79,0.1785674,4.009191
13791,13.791,0.17571963,4.0164504
13792,13.792,0.16995771,4.090875
13793,13.793,0.15327828,4.154118
13794,13.794,0.15042745,4.1275234
13795,13.795,0.14162382,4.125182
13796,13.796,0.14878651,4.130274
13797,13.797,0.16125047,4.092363
13798,13.798,0.15828322,4.0829744
13799,13.799,0.15870751,4.0357876
13800,13.8,0.15103035,4.075403
13801,13.801,0.15406382,4.0945635
13802,13.802,0.13823237,4.0672727
13803,13.803,0.14453806,4.0820603
13804,13.804,0.13876945,4.124556
13805,13.805,0.14838858,4.1222734
13806,13.806,0.13994871,4.1041594
13807,13.807,0.14482087,4.122407
13808,13.808,0.131588,4.0345187
13809,13.809,0.13136244,4.1402144
13810,13.81,0.13371834,4.1098447
13811,13.811,0.13437608,4.096055
13812,13.812,0.13170205,4.0966396
13813,13.813,0.1411264,4.0331306
13814,13.814,0.12552214,4.0802917
13815,13.815,0.12848505,4.0751915
13816,13.816,0.12637459,3.9817092
13817,13.817,0.1264549,4.0063686
13818,13.818,0.13280556,4.0625234
13819,13.819,0.1345902,4.08419
13820,13.82,0.11985426,4.04465
13821,13.821,0.12836385,4.0229616
13822,13.822,0.11750786,4.070619
13823,13.823,0.11749581,4.067355
13824,13.824,0.1295775,4.0917125
13825,13.825,0.12964633,4.115735
13826,13.826,0.12987061,4.093912
13827,13.827,0.13919267,4.101
13828,13.828,0.13939057,4.1247916
13829,13.829,0.1419146,4.0982914
13830,13.83,0.14779487,4.080756
13831,13.831,0.13121013,4.074619
13832,13.832,0.1446623,4.084225
13833,13.833,0.14819565,3.9939353
13834,13.834,0.14894192,4.019719
13835,13.835,0.1400287,3.9732318
13836,13.836,0.14080209,4.004591
13837,13.837,0.15060976,3.9603798
13838,13.838,0.14926955,3.9169278
13839,13.839,0.15890086,3.993497
13840,13.84,0.15781218,3.9570227
13841,13.841,0.15167792,3.957862
13842,13.842,0.16274613,3.9589114
13843,13.843,0.1475599,4.002877
13844,13.844,0.14424703,4.0053144
13845,13.845,0.14025962,4.00306
13846,13.846,0.13991396,4.002073
13847,13.847,0.15574713,4.0081997
13848,13.848,0.14959852,4.016773
13849,13.849,0.13588591,3.9549775
13850,13.85,0.1508253,4.0324254
13851,13.851,0.16094416,4.055646
13852,13.852,0.14332059,4.0599456
13853,13.853,0.1632316,4.0190873
13854,13.854,0.17058502,4.040078
13855,13.855,0.165085,4.012019
13856,13.856,0.17284916,4.028335
13857,13.857,0.16144724,4.0429707
13858,13.858,0.15114357,4.0340323
13859,13.859,0.15777396,3.9943006
13860,13.86,0.16298263,4.0061717
13861,13.861,0.17048112,4.011976
13862,13.862,0.16130503,4.050096
13863,13.863,0.17368542,3.9857562
13864,13.864,0.16740884,3.9571364
13865,13.865,0.16420045,3.9889026
13866,13.866,0.15694308,4.0135365
13867,13.867,0.15093337,4.0037084
13868,13.868,0.1527471,4.0077167
13869,13.869,0.14600433,4.0301266
13870,13.87,0.15170023,4.063991
13871,13.871,0.15538643,4.0961165
13872,13.872,0.15189154,4.1166196
13873,13.873,0.15009946,4.0482106
13874,13.874,0.14161775,4.063589
13875,13.875,0.15139858,4.0668583
13876,13.876,0.14696285,4.0734944
13877,13.877,0.14887664,4.047388
13878,13.878,0.14415699,4.045852
13879,13.879,0.1469038,4.046621
13880,13.88,0.14467506,3.9478343
13881,13.881,0.14482512,4.009393
13882,13.882,0.1304308,3.9792655
13883,13.883,0.14156213,4.0601716
13884,13.884,0.13294956,4.0333056
13885,13.885,0.14618753,4.071983
13886,13.886,0.12469445,4.0912704
13887,13.887,0.13168989,4.055947
13888,13.888,0.1236773,4.0565686
13889,13.889,0.121551186,4.025746
13890,13.89,0.13552229,4.0184207
13891,13.891,0.12502559,4.004242
13892,13.892,0.12766935,4.005635
13893,13.893,0.12997432,3.9895205
13894,13.894,0.14292595,3.9768503
13895,13.895,0.15052393,3.9789827
13896,13.896,0.1559891,3.9897213
13897,13.897,0.15772833,4.0198636
13898,13.898,0.1631347,3.9477007
13899,13.899,0.16250475,4.0019608
13900,13.9,0.16150287,4.032841
13901,13.901,0.15359706,4.047539
13902,13.902,0.13934067,4.046404
13903,13.903,0.15213965,4.0363665
13904,13.904,0.12818302,4.0217156
13905,13.905,0.13842274,4.0427346
13906,13.906,0.14276055,3.9953876
13907,13.907,0.14639446,3.968665
13908,13.908,0.15737452,3.9814255
13909,13.909,0.1467496,4.033978
13910,13.91,0.14260487,4.0134606
13911,13.911,0.15780748,4.0629964
13912,13.912,0.14651419,4.0239577
13913,13.913,0.1515371,4.0168505
13914,13.914,0.15186644,3.9963737
13915,13.915,0.15999252,4.0287495
13916,13.916,0.15919834,4.0572658
13917,13.917,0.15632834,4.0710783
13918,13.918,0.15992135,4.0814877
13919,13.919,0.16065413,4.0668797
13920,13.92,0.17278792,4.0364437
13921,13.921,0.16015318,4.076436
13922,13.922,0.16804968,4.018087
13923,13.923,0.17165937,4.0495186
13924,13.924,0.18707259,4.0831785
13925,13.925,0.2068121,4.0415535
13926,13.926,0.195988,4.065955
13927,13.927,0.17533055,4.038544
13928,13.928,0.17554483,4.0580363
13929,13.929,0.17803392,4.1071787
13930,13.93,0.17698574,4.130452
13931,13.931,0.18063962,4.0743737
13932,13.932,0.16814925,4.0766454
13933,13.933,0.1698701,4.1006656
13934,13.934,0.16810423,4.086809
13935,13.935,0.15432838,4.014663
13936,13.936,0.16321161,4.0360284
13937,13.937,0.1703143,4.012032
13938,13.938,0.1669757,4.047331
13939,13.939,0.15789519,4.0882196
13940,13.94,0.17002395,4.046002
13941,13.941,0.16886891,4.014882
13942,13.942,0.1450904,4.0541577
13943,13.943,0.15660793,3.9663167
13944,13.944,0.17112051,3.9400194
13945,13.945,0.1694977,3.9456704
13946,13.946,0.17083696,6.2108927
13947,13.947,0.17015816,6.26566
13948,13.948,0.1681818,6.273013
13949,13.949,0.15705125,6.2745423
13950,13.95,0.15645778,6.28186
13951,13.951,0.14915864,6.3419557
13952,13.952,0.16196774,6.304382
13953,13.953,0.14415316,6.307699
13954,13.954,0.1463377,6.3046207
13955,13.955,0.14781237,6.255606
13956,13.956,0.16019197,6.280071
13957,13.957,0.16599858,6.2790275
13958,13.958,0.16299093,6.3091
13959,13.959,0.15728183,6.2777886
13960,13.96,0.16535686,6.2815013
13961,13.961,0.15939687,6.281559
13962,13.962,0.15525293,6.2719936
13963,13.963,0.14950925,3.982895
13964,13.964,0.13449004,6.3250866
13965,13.965,0.13856801,4.008096
13966,13.966,0.1364611,6.313063
13967,13.967,0.123469174,6.343683
13968,13.968,0.12622114,4.020249
13969,13.969,0.12407812,6.3216934
13970,13.97,0.13431059,6.309904
13971,13.971,0.130738,6.2872562
13972,13.972,0.15155822,6.2871146
13973,13.973,0.1324265,6.3275037
13974,13.974,0.12877779,6.3193216
13975,13.975,0.13168943,6.2859592
13976,13.976,0.11757957,6.29419
13977,13.977,0.13006943,6.31569
13978,13.978,0.13968775,6.2623415
13979,13.979,0.12341036,6.28748
13980,13.98,0.1392868,6.336362
13981,13.981,0.1476841,6.387938
13982,13.982,0.16092543,6.3141093
13983,13.983,0.15740226,6.3632607
13984,13.984,0.14821018,6.299552
13985,13.985,0.15988903,6.3234415
13986,13.986,0.15061997,6.2979383
13987,13.987,0.13630229,6.286054
13988,13.988,0.12713474,6.2704897
13989,13.989,0.13717656,6.2514653
13990,13.99,0.1517416,6.247141
13991,13.991,0.14290571,6.2938004
13992,13.992,0.13298334,6.299856
13993,13.993,0.13713843,6.2486496
13994,13.994,0.14100687,6.25599
13995,13.995,0.15017855,6.288155
13996,13.996,0.14920111,6.3031516
13997,13.997,0.1432828,6.2909207
13998,13.998,0.15556926,6.2868586
13999,13.999,0.15020722,6.261792
14000,14.0,0.1512453,6.3339806
14001,14.001,0.16589142,6.2624526
14002,14.002,0.15247455,6.325865
14003,14.003,0.16681792,6.322879
14004,14.004,0.16551827,6.300215
14005,14.005,0.17236224,6.3530703
14006,14.006,0.17951278,6.327934
14007,14.007,0.17459382,6.3217735
14008,14.008,0.18522295,6.3624034
14009,14.009,0.17115504,6.359254
14010,14.01,0.19176304,6.3682337
14011,14.011,0.18979642,6.348905
14012,14.012,0.19613016,6.403634
14013,14.013,0.18975167,6.375454
14014,14.014,0.19386624,6.394932
14015,14.015,0.20279941,6.441655
14016,14.016,0.20285797,6.4752946
14017,14.017,0.20214334,6.4535666
14018,14.018,0.19558826,6.4025908
14019,14.019,0.19830278,6.3907022
14020,14.02,0.20023319,6.430806
14021,14.021,0.19105104,6.358524
14022,14.022,0.18400884,6.3716803
14023,14.023,0.1899824,6.3492365
14024,14.024,0.17294168,6.3273206
14025,14.025,0.17662697,6.272902
14026,14.026,0.16475894,6.2959604
14027,14.027,0.15364872,4.940272
14028,14.028,0.1761662,4.91881
14029,14.029,0.16226415,6.346436
14030,14.03,0.15063262,6.3556094
14031,14.031,0.1610699,6.3524737
14032,14.032,0.16749665,6.3700075
14033,14.033,0.14924029,6.354855
14034,14.034,0.14209962,6.342657
14035,14.035,0.1279452,6.3496237
14036,14.036,0.14748566,6.3005147
14037,14.037,0.14959483,6.3326683
14038,14.038,0.14144646,6.259838
14039,14.039,0.1501007,6.293103
14040,14.04,0.15143272,6.337079
14041,14.041,0.16298187,6.3192205
14042,14.042,0.16444795,6.30507
14043,14.043,0.1643454,6.301166
14044,14.044,0.17236651,6.3335547
14045,14.045,0.18506809,6.341114
14046,14.046,0.17127003,6.270765
14047,14.047,0.17815863,6.2839527
14048,14.048,0.19544886,6.345958
14049,14.049,0.19798668,6.4067225
14050,14.05,0.18142268,6.3632193
14051,14.051,0.18796898,6.371616
14052,14.052,0.18069923,6.359337
14053,14.053,0.17733479,6.3349113
14054,14.054,0.17879364,6.300652
14055,14.055,0.1790749,6.390224
14056,14.056,0.19252004,6.421138
14057,14.057,0.18020517,6.3719716
14058,14.058,0.18338552,6.4267783
14059,14.059,0.17233868,6.4049296
14060,14.06,0.15583836,6.3762455
14061,14.061,0.17010573,6.3562293
14062,14.062,0.16275975,6.3631334
14063,14.063,0.16300678,6.356643
14064,14.064,0.16062655,6.3875413
14065,14.065,0.14766285,6.3662815
14066,14.066,0.14221734,6.335789
14067,14.067,0.14142601,6.380805
14068,14.068,0.14225021,6.3807774
14069,14.069,0.13151084,6.390271
14070,14.07,0.13269384,6.412702
14071,14.071,0.1326252,6.3706007
14072,14.072,0.13264841,6.4213505
14073,14.073,0.14320935,6.4055676
14074,14.074,0.13000461,6.417577
14075,14.075,0.13038127,6.401802
14076,14.076,0.13452023,6.3828483
14077,14.077,0.121204466,6.3953376
14078,14.078,0.13087583,6.4071903
14079,14.079,0.13131513,6.45471
14080,14.08,0.13105623,6.4211245
14081,14.081,0.133877,6.4585304
14082,14.082,0.12712361,6.4410586
14083,14.083,0.12462683,6.4294825
14084,14.084,0.14379162,6.443234
14085,14.085,0.12848793,6.4295692
14086,14.086,0.12666395,6.385585
14087,14.087,0.13984448,6.4155703
14088,14.088,0.15178092,6.439443
14089,14.089,0.15806305,6.4131484
14090,14.09,0.14782235,6.40612
14091,14.091,0.145101,6.4585857
14092,14.092,0.13742885,6.4723825
14093,14.093,0.14960018,6.4089637
14094,14.094,0.13912371,6.4281187
14095,14.095,0.15871915,6.4251227
14096,14.096,0.17037462,6.4615426
14097,14.097,0.15670061,6.460668
14098,14.098,0.15326984,4.1488767
14099,14.099,0.16474698,6.5014973
14100,14.1,0.16518262,4.208108
14101,14.101,0.16660127,4.1514487
14102,14.102,0.17918104,4.1178226
14103,14.103,0.18070398,4.077205
14104,14.104,0.17232296,4.063799
14105,14.105,0.17511846,4.0901
14106,14.106,0.17116258,4.0734997
14107,14.107,0.18149899,4.1393585
14108,14.108,0.18083367,4.2245812
14109,14.109,0.18577586,4.195146
14110,14.11,0.18287247,4.1917257
14111,14.111,0.18286306,4.176115
14112,14.112,0.19064967,4.216815
14113,14.113,0.16908337,4.2068744
14114,14.114,0.1672842,4.1531696
14115,14.115,0.1644472,4.1863346
14116,14.116,0.18046959,4.209918
14117,14.117,0.18902199,4.21518
14118,14.118,0.19390559,4.197301
14119,14.119,0.1785188,4.1658444
14120,14.12,0.18760924,4.173306
14121,14.121,0.1712093,4.208612
14122,14.122,0.17271562,4.2354507
14123,14.123,0.1866696,4.211007
14124,14.124,0.18283714,4.215458
14125,14.125,0.18910335,4.1690984
14126,14.126,0.17534423,4.161492
14127,14.127,0.18189348,4.146954
14128,14.128,0.17134474,4.1514864
14129,14.129,0.17597261,4.145587
14130,14.13,0.16719775,4.233871
14131,14.131,0.17600653,4.19318
14132,14.132,0.18297036,4.2593627
14133,14.133,0.1860122,4.2668157
14134,14.134,0.18066177,4.18418
14135,14.135,0.17006846,4.273599
14136,14.136,0.15642199,4.182294
14137,14.137,0.18106183,4.2038856
14138,14.138,0.16790354,4.2248387
14139,14.139,0.17346884,4.2206335
14140,14.14,0.17900206,4.2123284
14141,14.141,0.18795459,4.2328987
14142,14.142,0.17017081,4.186417
14143,14.143,0.17882839,4.2634454
14144,14.144,0.1937618,4.1907988
14145,14.145,0.18161489,4.1976585
14146,14.146,0.17456174,4.168204
14147,14.147,0.18089423,4.2343736
14148,14.148,0.17799175,4.198433
14149,14.149,0.18464205,4.2001934
14150,14.15,0.15544185,4.170956
14151,14.151,0.15453595,4.1765227
14152,14.152,0.17967415,4.1683593
14153,14.153,0.16880003,4.2055
14154,14.154,0.17581905,4.1990404
14155,14.155,0.16021463,4.173698
14156,14.156,0.1569713,4.1842794
14157,14.157,0.15792325,4.1864886
14158,14.158,0.14673786,4.2100663
14159,14.159,0.1443191,4.1699862
14160,14.16,0.15753394,4.2127185
14161,14.161,0.15138964,4.148939
14162,14.162,0.15356341,4.1751947
14163,14.163,0.15703401,4.1712327
14164,14.164,0.1768028,4.143002
14165,14.165,0.16126803,4.1549106
14166,14.166,0.16816644,4.178113
14167,14.167,0.17188753,4.131897
14168,14.168,0.17592645,4.171948
14169,14.169,0.17779218,4.145256
14170,14.17,0.16447227,4.1608243
14171,14.171,0.17783128,4.188687
14172,14.172,0.17810993,4.1531544
14173,14.173,0.17788698,4.167074
14174,14.174,0.164679,4.1739206
14175,14.175,0.15780945,4.1339912
14176,14.176,0.16162892,4.1581564
14177,14.177,0.1337809,4.14299
14178,14.178,0.1446504,4.129968
14179,14.179,0.13589226,4.140606
14180,14.18,0.14858457,4.1820903
14181,14.181,0.16026187,4.1573744
14182,14.182,0.1589144,4.182553
14183,14.183,0.15285902,4.17439
14184,14.184,0.15072776,4.1606336
14185,14.185,0.14716032,4.1514535
14186,14.186,0.14172024,4.15808
14187,14.187,0.15026046,4.120304
14188,14.188,0.15108086,4.215799
14189,14.189,0.14392677,4.163525
14190,14.19,0.1446087,4.1675324
14191,14.191,0.1368429,4.18817
14192,14.192,0.134709,4.1697707
14193,14.193,0.12442178,4.178857
14194,14.194,0.1364417,4.1803746
14195,14.195,0.12978673,4.218905
14196,14.196,0.118450746,4.253463
14197,14.197,0.12243029,4.1877065
14198,14.198,0.11481769,4.1711345
14199,14.199,0.124606095,4.180799
14200,14.2,0.11167301,4.203081
14201,14.201,0.12013934,4.213615
14202,14.202,0.125238,4.219679
14203,14.203,0.13556224,4.2074146
14204,14.204,0.13860442,4.2180715
14205,14.205,0.13888158,4.263214
14206,14.206,0.14882827,4.2383327
14207,14.207,0.14717788,4.319661
14208,14.208,0.1379771,4.238151
14209,14.209,0.13484412,4.2468147
14210,14.21,0.141258,4.2218847
14211,14.211,0.12425056,4.2563314
14212,14.212,0.13552955,4.2544456
14213,14.213,0.1348172,4.2186
14214,14.214,0.1528695,4.258315
14215,14.215,0.15456063,4.2228494
14216,14.216,0.13923024,4.254875
14217,14.217,0.13802479,4.231896
14218,14.218,0.14009328,4.247346
14219,14.219,0.14245336,4.247703
14220,14.22,0.14942817,4.1770887
14221,14.221,0.15605496,4.194156
14222,14.222,0.13519683,4.1752663
14223,14.223,0.14750902,4.1513343
14224,14.224,0.13150147,4.1721134
14225,14.225,0.14452444,4.149856
14226,14.226,0.14003837,4.1448073
14227,14.227,0.14296038,4.1540556
14228,14.228,0.13084057,4.1637297
14229,14.229,0.13877034,4.197994
14230,14.23,0.14659564,4.1764903
14231,14.231,0.1522674,4.2407913
14232,14.232,0.14985085,4.2681966
14233,14.233,0.15019822,4.2655396
14234,14.234,0.1430645,4.2585287
14235,14.235,0.14593267,4.2573743
14236,14.236,0.1380395,4.2526484
14237,14.237,0.13925146,4.2760224
14238,14.238,0.117755264,4.1959414
14239,14.239,0.12779266,4.215042
14240,14.24,0.12403795,4.2286506
14241,14.241,0.12821996,4.243707
14242,14.242,0.12367681,4.240549
14243,14.243,0.1276033,4.255266
14244,14.244,0.12646803,4.2893667
14245,14.245,0.14747272,4.2890267
14246,14.246,0.1461206,4.336193
14247,14.247,0.14957179,4.310172
14248,14.248,0.16684078,4.3233876
14249,14.249,0.15604353,4.291437
14250,14.25,0.1573319,4.3298283
14251,14.251,0.15483347,4.302101
14252,14.252,0.16585618,4.323652
14253,14.253,0.15814167,4.332153
14254,14.254,0.14451209,4.314679
14255,14.255,0.1555657,4.33234
14256,14.256,0.13143784,4.318721
14257,14.257,0.13798913,4.304653
14258,14.258,0.1493804,4.3675394
14259,14.259,0.1388931,4.3296957
14260,14.26,0.13523005,4.2968974
14261,14.261,0.123709634,4.31023
14262,14.262,0.12770404,4.318647
14263,14.263,0.12470284,4.3414025
14264,14.264,0.1475428,4.386736
14265,14.265,0.15720826,4.355552
14266,14.266,0.14422698,4.3900304
14267,14.267,0.1387699,4.2946415
14268,14.268,0.14076756,4.3162374
14269,14.269,0.1405414,5.967494
14270,14.27,0.13713396,5.988534
14271,14.271,0.14182527,6.0132513
14272,14.272,0.14403103,4.299072
14273,14.273,0.15185347,6.023787
14274,14.274,0.1556926,4.3373213
14275,14.275,0.16123292,4.287323
14276,14.276,0.15422946,6.052971
14277,14.277,0.1582004,5.969149
14278,14.278,0.15838504,6.078975
14279,14.279,0.16653146,4.3409486
14280,14.28,0.15771936,4.29519
14281,14.281,0.15898563,4.2518787
14282,14.282,0.15959206,6.055748
14283,14.283,0.16595928,5.991331
14284,14.284,0.17117229,6.0182767
14285,14.285,0.15326984,6.006724
14286,14.286,0.1518243,5.975913
14287,14.287,0.16670871,6.010641
14288,14.288,0.16287576,6.0736547
14289,14.289,0.16357988,6.0394063
14290,14.29,0.16677402,6.051914
14291,14.291,0.16556993,5.981038
14292,14.292,0.1755245,6.0255885
14293,14.293,0.17116293,5.9184847
14294,14.294,0.18028744,6.027379
14295,14.295,0.17151628,6.004473
14296,14.296,0.17489345,5.950243
14297,14.297,0.17650466,6.0441637
14298,14.298,0.1821041,6.0024376
14299,14.299,0.17928676,6.0329614
14300,14.3,0.17144632,6.022862
14301,14.301,0.16904444,6.042281
14302,14.302,0.16304566,6.0435104
14303,14.303,0.16609529,5.9410834
14304,14.304,0.16463342,5.987991
14305,14.305,0.1498722,5.9414377
14306,14.306,0.15218292,5.967532
14307,14.307,0.1506073,6.0196176
14308,14.308,0.14525399,5.996766
14309,14.309,0.14507513,5.9920797
14310,14.31,0.14389727,5.971855
14311,14.311,0.14883654,5.985076
14312,14.312,0.15757924,5.9973025
14313,14.313,0.1557179,6.0511274
14314,14.314,0.16594668,5.987571
14315,14.315,0.16605712,6.0374985
14316,14.316,0.17056555,5.9868855
14317,14.317,0.16403624,6.0286508
14318,14.318,0.15897325,5.9958644
14319,14.319,0.14836536,5.987333
14320,14.32,0.15343955,5.9870586
14321,14.321,0.14171807,5.968533
14322,14.322,0.14748023,6.014606
14323,14.323,0.13985942,6.0951123
14324,14.324,0.15317427,6.0599294
14325,14.325,0.1481396,5.9614058
14326,14.326,0.14748357,5.997336
14327,14.327,0.16031215,5.9647264
14328,14.328,0.16054341,5.9719405
14329,14.329,0.1688033,6.0095897
14330,14.33,0.17172028,6.0139503
14331,14.331,0.17268462,5.951704
14332,14.332,0.1544539,5.9809866
14333,14.333,0.15529296,5.8904915
14334,14.334,0.14315134,5.9495983
14335,14.335,0.14303267,6.0244355
14336,14.336,0.1356235,6.0636654
14337,14.337,0.1269255,6.01985
14338,14.338,0.14576478,6.122599
14339,14.339,0.1529206,6.024681
14340,14.34,0.1377401,6.0210414
14341,14.341,0.13776556,6.012598
14342,14.342,0.13607323,6.049913
14343,14.343,0.12653418,6.0539436
14344,14.344,0.13157585,6.0584087
14345,14.345,0.14026928,6.015385
14346,14.346,0.13047042,6.0028996
14347,14.347,0.12916374,6.017959
14348,14.348,0.13117824,5.9848666
14349,14.349,0.13538738,5.9916515
14350,14.35,0.13416529,6.0559607
14351,14.351,0.14762993,6.0905137
14352,14.352,0.14339484,6.102901
14353,14.353,0.14803281,6.106346
14354,14.354,0.14345919,6.037372
14355,14.355,0.13418135,6.0116787
14356,14.356,0.15049614,5.938832
14357,14.357,0.14301245,5.9437523
14358,14.358,0.14729613,6.0114107
14359,14.359,0.14250302,6.008336
14360,14.36,0.16087802,5.989955
14361,14.361,0.16079654,5.896962
14362,14.362,0.16841906,5.9143147
14363,14.363,0.15387401,5.8439045
14364,14.364,0.16719922,5.928171
14365,14.365,0.16758223,5.9408426
14366,14.366,0.16343388,5.992079
14367,14.367,0.15181132,5.923251
14368,14.368,0.14959812,5.9684486
14369,14.369,0.15682504,5.961673
14370,14.37,0.1677998,5.9998183
14371,14.371,0.16566391,6.031854
14372,14.372,0.15324776,6.0191975
14373,14.373,0.16100341,6.0108185
14374,14.374,0.15870906,6.0147557
14375,14.375,0.16333371,6.087555
14376,14.376,0.14967008,6.054272
14377,14.377,0.15805955,6.035409
14378,14.378,0.16579868,6.0759487
14379,14.379,0.17042805,6.083512
14380,14.38,0.16884086,6.078868
14381,14.381,0.16935861,6.055124
14382,14.382,0.15926944,6.0903907
14383,14.383,0.17670533,6.0556664
14384,14.384,0.17330419,6.0637875
14385,14.385,0.19233523,6.1074305
14386,14.386,0.19217041,6.0523677
14387,14.387,0.1770445,6.0332756
14388,14.388,0.17768002,6.0722103
14389,14.389,0.19091412,6.0672917
14390,14.39,0.19439173,6.054882
14391,14.391,0.18964107,6.0419774
14392,14.392,0.18353476,6.0487833
14393,14.393,0.19244204,6.05343
14394,14.394,0.17893638,6.0580783
14395,14.395,0.17715219,6.093739
14396,14.396,0.17793298,6.0955954
14397,14.397,0.1735933,6.066843
14398,14.398,0.17461391,6.062174
14399,14.399,0.1886137,6.0074043
14400,14.4,0.19395001,6.0053
14401,14.401,0.1990754,6.0237722
14402,14.402,0.19254881,5.985149
14403,14.403,0.19193783,6.048371
14404,14.404,0.18055786,5.9839525
14405,14.405,0.19483182,6.0087495
14406,14.406,0.20785964,6.027119
14407,14.407,0.20434567,5.992113
14408,14.408,0.20922683,6.0218325
14409,14.409,0.19410318,6.0476837
14410,14.41,0.1951606,6.047994
14411,14.411,0.20412695,6.0799656
14412,14.412,0.21485148,6.088478
14413,14.413,0.20730507,6.0796175
14414,14.414,0.21409269,6.1084967
14415,14.415,0.20664187,6.0663896
14416,14.416,0.20731428,6.089865
14417,14.417,0.19197789,6.068191
14418,14.418,0.18342711,6.041343
14419,14.419,0.18855986,6.06014
14420,14.42,0.18613057,6.1199555
14421,14.421,0.19129533,6.1651373
14422,14.422,0.19295706,6.1139984
14423,14.423,0.17300428,6.1266594
14424,14.424,0.17049772,6.099457
14425,14.425,0.17625909,4.458516
14426,14.426,0.18333317,6.214108
14427,14.427,0.17853846,6.1822305
14428,14.428,0.17936535,6.163174
14429,14.429,0.18182276,6.148229
14430,14.43,0.18333551,6.127862
14431,14.431,0.18730564,6.1615415
14432,14.432,0.18324624,6.155667
14433,14.433,0.18450771,6.1567254
14434,14.434,0.18689358,6.1930113
14435,14.435,0.21443641,6.2143536
14436,14.436,0.19946629,6.2004824
14437,14.437,0.20047702,6.215137
14438,14.438,0.20457497,6.125205
14439,14.439,0.193858,6.1273966
14440,14.44,0.19656605,6.065541
14441,14.441,0.19761682,6.1250005
14442,14.442,0.19776466,6.1098747
14443,14.443,0.18497698,6.1680202
14444,14.444,0.19316517,6.180799
14445,14.445,0.18849818,6.173991
14446,14.446,0.18177742,6.1834807
14447,14.447,0.21387906,6.158389
14448,14.448,0.20525447,6.142947
14449,14.449,0.18838163,6.187138
14450,14.45,0.19331896,6.1912475
14451,14.451,0.19025974,6.1826468
14452,14.452,0.18591061,6.1540546
14453,14.453,0.18742025,6.133974
14454,14.454,0.18943267,6.1401134
14455,14.455,0.2079996,6.0805607
14456,14.456,0.18146066,6.09391
14457,14.457,0.19403881,6.1616535
14458,14.458,0.1901012,6.077722
14459,14.459,0.18056127,6.0735908
14460,14.46,0.1892494,6.098508
14461,14.461,0.19525799,6.125242
14462,14.462,0.19798201,6.1251564
14463,14.463,0.19039552,6.1113534
14464,14.464,0.19116502,6.1028643
14465,14.465,0.19054799,6.1269236
14466,14.466,0.17272845,6.1741734
14467,14.467,0.17621614,6.175554
14468,14.468,0.17433108,6.166254
14469,14.469,0.1892598,6.207112
14470,14.47,0.18865284,6.156606
14471,14.471,0.19869518,6.2457485
14472,14.472,0.20847915,6.2038355
14473,14.473,0.1808711,4.419024
14474,14.474,0.17716712,4.4358454
14475,14.475,0.1667242,4.4603004
14476,14.476,0.18357766,4.429999
14477,14.477,0.17148615,4.414744
14478,14.478,0.17341599,4.4669147
14479,14.479,0.18610016,4.487384
14480,14.48,0.1760523,4.4782057
14481,14.481,0.17631388,4.4421453
14482,14.482,0.18866198,4.442637
14483,14.483,0.18838032,4.4198656
14484,14.484,0.17932966,4.404675
14485,14.485,0.17776449,4.416712
14486,14.486,0.18715973,4.412564
14487,14.487,0.17899999,4.430829
14488,14.488,0.1956672,4.430146
14489,14.489,0.20719671,6.116411
14490,14.49,0.20306319,6.0935817
14491,14.491,0.21790428,6.1065598
14492,14.492,0.21211234,6.1321006
14493,14.493,0.20220968,6.1456895
14494,14.494,0.21234196,6.0606337
14495,14.495,0.19593965,6.030616
14496,14.496,0.20273176,6.082762
14497,14.497,0.19627535,6.0904737
14498,14.498,0.21073818,6.051678
14499,14.499,0.19607964,6.092892
14500,14.5,0.20599951,6.1326056
14501,14.501,0.19672967,6.097356
14502,14.502,0.19193015,6.138456
14503,14.503,0.18638657,6.0671625
14504,14.504,0.18425411,6.1350136
14505,14.505,0.1857911,6.1294518
14506,14.506,0.15831782,6.1049504
14507,14.507,0.16574152,6.155446
14508,14.508,0.17382316,6.1924696
14509,14.509,0.1751578,6.191215
14510,14.51,0.1829633,6.111942
14511,14.511,0.17717095,6.1460404
14512,14.512,0.1640685,6.113416
14513,14.513,0.152045,4.4573464
14514,14.514,0.16409925,4.402949
14515,14.515,0.15233931,4.3855677
14516,14.516,0.164427,4.359803
14517,14.517,0.15896705,4.374896
14518,14.518,0.1540123,4.3703604
14519,14.519,0.16106492,4.333307
14520,14.52,0.13301341,4.3066173
14521,14.521,0.13411851,4.3400016
14522,14.522,0.12413712,4.373494
14523,14.523,0.14793095,4.391085
14524,14.524,0.14828323,0.8164669
14525,14.525,0.1355173,4.4015856
14526,14.526,0.12940882,4.4065814
14527,14.527,0.13369441,4.3980546
14528,14.528,0.13753358,0.8240824
14529,14.529,0.131674,0.84952456
14530,14.53,0.1507743,0.80361885
14531,14.531,0.13442232,4.408198
14532,14.532,0.14540471,0.8820462
14533,14.533,0.13659133,4.4377837
14534,14.534,0.1475624,0.81515306
14535,14.535,0.1463499,0.8321849
14536,14.536,0.14052302,0.82965684
14537,14.537,0.14044331,0.863957
14538,14.538,0.14455934,0.83647585
14539,14.539,0.15855742,0.8667666
14540,14.54,0.15635236,0.86568147
14541,14.541,0.1470499,0.85295355
14542,14.542,0.14831434,0.8002187
14543,14.543,0.14150083,0.78986025
14544,14.544,0.14791389,0.8491723
14545,14.545,0.12894681,0.8304373
14546,14.546,0.13521004,0.7980575
14547,14.547,0.15300868,0.8451556
14548,14.548,0.15423505,0.8422949
14549,14.549,0.13178705,0.79757
14550,14.55,0.15196323,0.81972903
14551,14.551,0.13928945,0.82917726
14552,14.552,0.14782068,0.80777687
14553,14.553,0.1406705,0.7754587
14554,14.554,0.14272349,0.7820419
14555,14.555,0.13824616,0.78931475
14556,14.556,0.13343829,0.74529076
14557,14.557,0.1365999,0.79282093
14558,14.558,0.1571887,0.840199
14559,14.559,0.14696285,0.80391926
14560,14.56,0.14647345,0.7970506
14561,14.561,0.15819924,0.8114315
14562,14.562,0.16462483,0.83440876
14563,14.563,0.15452519,0.79532564
14564,14.564,0.16447826,0.7896259
14565,14.565,0.17197843,4.417326
14566,14.566,0.16178606,4.4070883
14567,14.567,0.16895851,4.454596
14568,14.568,0.17767587,4.443826
14569,14.569,0.19067194,4.4416366
14570,14.57,0.1925651,4.456467
14571,14.571,0.20391798,4.4039407
14572,14.572,0.21563442,4.4190073
14573,14.573,0.21062984,4.4270525
14574,14.574,0.19695847,4.462105
14575,14.575,0.20813888,4.460937
14576,14.576,0.19919218,4.4001074
14577,14.577,0.19532163,4.5049653
14578,14.578,0.19294049,4.435103
14579,14.579,0.20949484,4.421291
14580,14.58,0.19686973,4.4462423
14581,14.581,0.19847862,4.409327
14582,14.582,0.19397666,4.3974323
14583,14.583,0.18966249,4.4325347
14584,14.584,0.1758054,4.406516
14585,14.585,0.16673453,4.4346585
14586,14.586,0.17184243,4.412616
14587,14.587,0.17042407,4.42341
14588,14.588,0.17319517,4.4102306
14589,14.589,0.17349827,4.370371
14590,14.59,0.18389578,4.423292
14591,14.591,0.18928611,4.373531
14592,14.592,0.16708915,4.3763323
14593,14.593,0.17519046,4.3981037
14594,14.594,0.17987676,4.4006014
14595,14.595,0.17353515,4.3971148
14596,14.596,0.16673712,4.406706
14597,14.597,0.15966992,4.442858
14598,14.598,0.16903897,4.438351
14599,14.599,0.16267088,4.400024
14600,14.6,0.1567599,4.444432
14601,14.601,0.17070688,4.440958
14602,14.602,0.18544936,4.500271
14603,14.603,0.16416222,4.4694414
14604,14.604,0.16950604,4.519072
14605,14.605,0.1610229,4.5009212
14606,14.606,0.16743052,4.4793096
14607,14.607,0.1624472,4.528475
14608,14.608,0.16161522,4.5170865
14609,14.609,0.16833758,4.495846
14610,14.61,0.16061468,4.5154734
14611,14.611,0.15683916,4.525227
14612,14.612,0.17407961,4.5506997
14613,14.613,0.18336907,4.5280056
14614,14.614,0.19033799,4.5250673
14615,14.615,0.1963888,4.5470986
14616,14.616,0.18182853,4.5074487
14617,14.617,0.18714395,4.538779
14618,14.618,0.17296587,4.543973
14619,14.619,0.1790914,4.526121
14620,14.62,0.18162267,4.532442
14621,14.621,0.17235938,0.8114652
14622,14.622,0.18552929,4.508468
14623,14.623,0.19454771,4.511418
14624,14.624,0.18388374,0.7830306
14625,14.625,0.19474116,0.7409701
14626,14.626,0.18836626,0.7694447
14627,14.627,0.19773541,0.7652004
14628,14.628,0.18496001,0.8149807
14629,14.629,0.19190674,0.76403046
14630,14.63,0.1697052,0.81817263
14631,14.631,0.19502531,0.7845104
14632,14.632,0.17865524,0.798376
14633,14.633,0.18784718,0.818609
14634,14.634,0.17477274,0.76813126
14635,14.635,0.17808884,0.7993351
14636,14.636,0.17761594,0.8050285
14637,14.637,0.18243423,0.77523196
14638,14.638,0.19259258,0.6761406
14639,14.639,0.18786618,0.75279194
14640,14.64,0.18399413,0.8112473
14641,14.641,0.18117495,0.8065245
14642,14.642,0.18697983,0.7545323
14643,14.643,0.20188841,0.79470915
14644,14.644,0.20125107,0.8051058
14645,14.645,0.18996069,0.75982267
14646,14.646,0.18459873,4.504538
14647,14.647,0.20441882,4.5232196
14648,14.648,0.18410178,4.547457
14649,14.649,0.19826709,0.7971473
14650,14.65,0.18577123,0.78689706
14651,14.651,0.18724222,0.80026364
14652,14.652,0.1695692,0.82290447
14653,14.653,0.17057456,0.82436645
14654,14.654,0.17946513,0.8117786
14655,14.655,0.18013859,0.7359261
14656,14.656,0.19289169,0.7781639
14657,14.657,0.18834896,0.7964559
14658,14.658,0.18850178,0.7687022
14659,14.659,0.1852721,0.7624658
14660,14.66,0.18206592,0.7965044
14661,14.661,0.16994649,0.8157465
14662,14.662,0.15952574,0.78102225
14663,14.663,0.15302959,0.792951
14664,14.664,0.1642439,0.75373465
14665,14.665,0.1603839,0.72323436
14666,14.666,0.17119923,0.74339324
14667,14.667,0.16211165,0.7672543
14668,14.668,0.16605638,0.7753569
14669,14.669,0.16553573,0.81097186
14670,14.67,0.15761086,0.78262794
14671,14.671,0.15991096,0.79527026
14672,14.672,0.15146522,0.8051732
14673,14.673,0.16835439,0.8119547
14674,14.674,0.16771361,0.8005904
14675,14.675,0.1724618,0.79424524
14676,14.676,0.18115322,0.7953408
14677,14.677,0.1704378,0.77744466
14678,14.678,0.17588483,0.76141036
14679,14.679,0.18059841,0.7478378
14680,14.68,0.16932991,4.5388207
14681,14.681,0.18194252,0.7651502
14682,14.682,0.1807765,0.7282095
14683,14.683,0.1657289,0.72454786
14684,14.684,0.15094885,0.76105183
14685,14.685,0.15367036,0.76265496
14686,14.686,0.16313507,0.75476664
14687,14.687,0.16290408,0.76879275
14688,14.688,0.15538682,0.79699135
14689,14.689,0.15640782,0.8083712
14690,14.69,0.17096657,0.77733713
14691,14.691,0.16188757,0.73266286
14692,14.692,0.16889295,0.73899406
14693,14.693,0.16908519,0.7692
14694,14.694,0.18917038,0.76577336
14695,14.695,0.17953335,0.76943845
14696,14.696,0.16811849,0.80545634
14697,14.697,0.16954052,0.7904874
14698,14.698,0.18017444,0.75604844
14699,14.699,0.17941234,0.7994502
14700,14.7,0.1835743,0.7582801
14701,14.701,0.20270202,0.77880013
14702,14.702,0.2016341,0.71560997
14703,14.703,0.20136875,0.74788755
14704,14.704,0.19082063,0.73964316
14705,14.705,0.18781771,0.8005811
14706,14.706,0.18258055,0.7614895
14707,14.707,0.1923058,0.8085227
14708,14.708,0.1908116,0.7462758
14709,14.709,0.18541618,0.7803883
14710,14.71,0.20261122,4.5264406
14711,14.711,0.17787452,4.53688
14712,14.712,0.18388909,4.557113
14713,14.713,0.20972615,4.5038633
14714,14.714,0.21363036,4.550946
14715,14.715,0.21526603,0.8035094
14716,14.716,0.20481244,4.5441785
14717,14.717,0.19979022,4.566619
14718,14.718,0.20350026,4.521912
14719,14.719,0.20062152,0.73523563
14720,14.72,0.19334824,4.5396175
14721,14.721,0.18490611,4.5276203
14722,14.722,0.18824767,4.5230036
14723,14.723,0.20589435,4.547515
14724,14.724,0.20332876,4.5401897
14725,14.725,0.20262247,4.5089474
14726,14.726,0.20128287,4.4880414
14727,14.727,0.2104396,4.5070715
14728,14.728,0.20346065,4.443234
14729,14.729,0.19347358,4.444237
14730,14.73,0.19777772,4.4547234
14731,14.731,0.1936913,4.559574
14732,14.732,0.20233318,4.554985
14733,14.733,0.1945689,4.6252074
14734,14.734,0.20174482,4.6087995
14735,14.735,0.20506762,4.6313415
14736,14.736,0.19299468,4.615072
14737,14.737,0.18695614,4.6174407
14738,14.738,0.18058307,4.60899
14739,14.739,0.17832121,4.6066628
14740,14.74,0.17698018,4.5938854
14741,14.741,0.17130451,4.571964
14742,14.742,0.16333258,4.603315
14743,14.743,0.15866138,4.5826254
14744,14.744,0.15782347,4.571886
14745,14.745,0.16693479,4.5815434
14746,14.746,0.15956391,4.587331
14747,14.747,0.17369534,4.607995
14748,14.748,0.18343885,4.5684547
14749,14.749,0.18684058,4.5991244
14750,14.75,0.18146507,4.6239524
14751,14.751,0.18983337,4.608186
14752,14.752,0.18176626,4.6107883
14753,14.753,0.19087416,4.638322
14754,14.754,0.19995,4.6468077
14755,14.755,0.20143808,4.630043
14756,14.756,0.19460842,4.6060696
14757,14.757,0.18189517,4.6518326
14758,14.758,0.1701607,4.6719146
14759,14.759,0.1705659,4.6845865
14760,14.76,0.17711121,4.6877923
14761,14.761,0.174481,4.6870656
14762,14.762,0.17220081,4.65774
14763,14.763,0.20710257,4.663101
14764,14.764,0.18995132,4.6655073
14765,14.765,0.17723413,4.6940575
14766,14.766,0.1730658,4.65758
14767,14.767,0.16438696,4.6835465
14768,14.768,0.16465995,4.6265583
14769,14.769,0.16813606,4.6534276
14770,14.77,0.15772013,4.675838
14771,14.771,0.15906495,4.66874
14772,14.772,0.16042112,4.6772985
14773,14.773,0.15701324,4.674678
14774,14.774,0.1664239,4.6753845
14775,14.775,0.15366834,4.696794
14776,14.776,0.1584856,4.6781063
14777,14.777,0.15233244,4.6979313
14778,14.778,0.16263798,4.6800594
14779,14.779,0.1585058,4.663761
14780,14.78,0.13848184,4.67704
14781,14.781,0.1654067,4.6589193
14782,14.782,0.15965758,4.6669645
14783,14.783,0.15340707,4.679802
14784,14.784,0.1628017,4.693719
14785,14.785,0.14696744,4.700118
14786,14.786,0.1662186,4.7106404
14787,14.787,0.16447376,4.7313414
14788,14.788,0.17087908,4.736513
14789,14.789,0.17968681,4.657521
14790,14.79,0.1876722,0.7557676
14791,14.791,0.18683597,4.7406325
14792,14.792,0.18180314,4.637219
14793,14.793,0.16770774,4.6572905
14794,14.794,0.16816534,4.6447716
14795,14.795,0.15749176,4.6766734
14796,14.796,0.17965052,4.714359
14797,14.797,0.17758338,4.688078
14798,14.798,0.16776569,4.7015977
14799,14.799,0.162599,4.6852317
14800,14.8,0.17497751,4.679009
14801,14.801,0.16713811,4.695031
14802,14.802,0.17335247,4.6385283
14803,14.803,0.16887656,4.645297
14804,14.804,0.19379324,4.676276
14805,14.805,0.17058827,4.6685805
14806,14.806,0.16571924,4.649483
14807,14.807,0.17001201,4.6591444
14808,14.808,0.18732172,4.6434526
14809,14.809,0.17699374,4.6912746
14810,14.81,0.17987265,4.7023807
14811,14.811,0.16568285,4.64272
14812,14.812,0.17738266,4.658255
14813,14.813,0.17154248,4.676655
14814,14.814,0.1636378,4.616029
14815,14.815,0.17575674,4.6618876
14816,14.816,0.16420682,0.7711083
14817,14.817,0.17609493,4.700098
14818,14.818,0.18387504,0.76990867
14819,14.819,0.18840644,4.594368
14820,14.82,0.1733017,4.6128163
14821,14.821,0.1771053,4.640524
14822,14.822,0.16995047,4.6272078
14823,14.823,0.15955389,4.615077
14824,14.824,0.1644876,4.6159225
14825,14.825,0.16570142,4.645742
14826,14.826,0.169744,4.634159
14827,14.827,0.15919022,4.6629376
14828,14.828,0.16010514,4.6205072
14829,14.829,0.14371929,4.6334476
14830,14.83,0.14543179,4.634056
14831,14.831,0.15105072,4.6348634
14832,14.832,0.16873296,0.7724063
14833,14.833,0.18788092,4.648354
14834,14.834,0.17764191,4.6572466
14835,14.835,0.16747278,4.6083307
14836,14.836,0.1719244,4.6493077
14837,14.837,0.17132463,4.614121
14838,14.838,0.18210544,4.600713
14839,14.839,0.17480618,4.6087413
14840,14.84,0.15567878,4.6302576
14841,14.841,0.15000392,4.6868834
14842,14.842,0.15489267,4.6358137
14843,14.843,0.16432855,4.6540346
14844,14.844,0.16156648,4.6046166
14845,14.845,0.16584913,4.633881
14846,14.846,0.16230775,4.6426096
14847,14.847,0.14559035,4.6395574
14848,14.848,0.14557979,4.6543865
14849,14.849,0.15158339,4.6577845
14850,14.85,0.15612671,4.6307697
14851,14.851,0.14456445,4.6336646
14852,14.852,0.15505782,4.673637
14853,14.853,0.17339328,4.6480265
14854,14.854,0.15510741,4.6361957
14855,14.855,0.156593,4.6402793
14856,14.856,0.15087913,4.6542764
14857,14.857,0.13884968,4.6068892
14858,14.858,0.14605111,4.5819254
14859,14.859,0.13778253,4.592402
14860,14.86,0.1454284,4.5751424
14861,14.861,0.15994981,4.591797
14862,14.862,0.14923123,4.5966325
14863,14.863,0.14755781,4.5821686
14864,14.864,0.14345019,4.5845485
14865,14.865,0.14154822,4.62623
14866,14.866,0.15172903,4.5929856
14867,14.867,0.17373253,4.638734
14868,14.868,0.15211095,4.584467
14869,14.869,0.16468349,4.608272
14870,14.87,0.16480002,4.624335
14871,14.871,0.14469548,4.572476
14872,14.872,0.16800794,4.5495777
14873,14.873,0.1611123,4.539801
14874,14.874,0.17319089,4.4850674
14875,14.875,0.17923357,4.549559
14876,14.876,0.1884071,4.5490575
14877,14.877,0.18624292,4.570314
14878,14.878,0.1858027,4.5664763
14879,14.879,0.17677982,4.5474186
14880,14.88,0.17476992,4.5594845
14881,14.881,0.1694218,4.6018734
14882,14.882,0.15890512,4.5524497
14883,14.883,0.1657946,4.549217
14884,14.884,0.16251725,4.5335107
14885,14.885,0.1688587,4.516532
14886,14.886,0.15455347,4.4772706
14887,14.887,0.15231588,4.5239234
14888,14.888,0.1606411,4.5735955
14889,14.889,0.15657295,4.583005
14890,14.89,0.15265079,4.5632877
14891,14.891,0.16487765,0.7755259
14892,14.892,0.15946865,4.581119
14893,14.893,0.15915157,4.5213404
14894,14.894,0.1453116,4.5507607
14895,14.895,0.14209138,4.4951887
14896,14.896,0.1458728,4.5064583
14897,14.897,0.15081142,0.8200072
14898,14.898,0.15308025,0.7743688
14899,14.899,0.1514904,0.7969892
14900,14.9,0.15731546,0.79207975
14901,14.901,0.15404305,0.7483272
14902,14.902,0.15845688,0.74854887
14903,14.903,0.15043643,0.753804
14904,14.904,0.14587237,0.75262153
14905,14.905,0.16523066,0.7444353
14906,14.906,0.16711713,0.7370585
14907,14.907,0.16943307,0.73360705
14908,14.908,0.16801307,0.7329719
14909,14.909,0.1594563,0.70611435
14910,14.91,0.16058211,0.75476134
14911,14.911,0.18012628,0.73151124
14912,14.912,0.183259,0.73938715
14913,14.913,0.1962578,0.7642861
14914,14.914,0.1911605,0.7592952
14915,14.915,0.1928987,4.4011445
14916,14.916,0.1785257,4.412792
14917,14.917,0.16537546,0.72053343
14918,14.918,0.17720464,0.7861634
14919,14.919,0.17456104,4.396246
14920,14.92,0.19438286,4.3872867
14921,14.921,0.19206473,4.4252853
14922,14.922,0.17497715,4.3992395
14923,14.923,0.1843706,4.4400797
14924,14.924,0.1787279,4.424322
14925,14.925,0.18078841,0.7692073
14926,14.926,0.16746983,0.7168223
14927,14.927,0.17166258,0.7469854
14928,14.928,0.17708063,0.7338933
14929,14.929,0.16991463,0.7716672
14930,14.93,0.15827273,0.72160065
14931,14.931,0.16375431,0.7247152
14932,14.932,0.14711182,0.693431
14933,14.933,0.13790216,0.7678994
14934,14.934,0.139541,0.7860163
14935,14.935,0.14654401,0.7895792
14936,14.936,0.14901666,0.8189422
14937,14.937,0.13382228,0.7914687
14938,14.938,0.15203042,0.7552994
14939,14.939,0.13793205,4.4763694
14940,14.94,0.13758814,0.7835433
14941,14.941,0.15143679,4.7155695
14942,14.942,0.1495216,4.6697235
14943,14.943,0.15553682,4.640116
14944,14.944,0.15357181,4.68488
14945,14.945,0.15003099,4.6804914
14946,14.946,0.16319464,4.6949244
14947,14.947,0.15472853,4.7380447
14948,14.948,0.15320279,0.76854026
14949,14.949,0.1571104,4.7954273
14950,14.95,0.153316,0.7274028
14951,14.951,0.15685093,0.79320186
14952,14.952,0.1656628,0.78644824
14953,14.953,0.16161332,4.3362145
14954,14.954,0.16311319,4.7946854
14955,14.955,0.16949515,4.7375035
14956,14.956,0.16361862,4.744317
14957,14.957,0.1573925,0.75820714
14958,14.958,0.16234034,0.76545835
14959,14.959,0.14510523,0.75857085
14960,14.96,0.14830106,0.76470256
14961,14.961,0.1453408,0.8048242
14962,14.962,0.15374841,0.76110876
14963,14.963,0.16014664,0.7027842
14964,14.964,0.19035739,0.7707488
14965,14.965,0.18744552,0.781546
14966,14.966,0.17079878,0.763366
14967,14.967,0.1740994,0.8007284
14968,14.968,0.16949843,0.8134237
14969,14.969,0.1596915,0.76685673
14970,14.97,0.17328395,0.79429495
14971,14.971,0.17306651,0.7645203
14972,14.972,0.18308902,0.75307494
14973,14.973,0.17123517,0.7638384
14974,14.974,0.15713193,0.755744
14975,14.975,0.15297772,0.79141027
14976,14.976,0.18496267,0.73769647
14977,14.977,0.18623829,0.75565064
14978,14.978,0.20266315,4.2537227
14979,14.979,0.1945126,4.258914
14980,14.98,0.18300702,4.2605395
14981,14.981,0.17426825,4.2533298
14982,14.982,0.19330019,4.254553
14983,14.983,0.18934788,4.2772703
14984,14.984,0.17619623,4.268698
14985,14.985,0.17912403,4.335085
14986,14.986,0.17717372,4.3121805
14987,14.987,0.17399865,4.3281107
14988,14.988,0.16638656,4.3366485
14989,14.989,0.16407788,4.2941184
14990,14.99,0.14760117,4.3291197
14991,14.991,0.15735926,4.315093
14992,14.992,0.19026911,4.341682
14993,14.993,0.16985668,4.375631
14994,14.994,0.16518039,0.74198115
14995,14.995,0.17628875,0.76043814
14996,14.996,0.16938804,0.83201474
14997,14.997,0.16433416,0.81712985
14998,14.998,0.18921232,0.80262375
14999,14.999,0.17433424,0.78143406
15000,15.0,0.17652105,0.8183745
15001,15.001,0.17337093,4.3891063
15002,15.002,0.16638471,0.74499565
15003,15.003,0.19035739,0.7647313
15004,15.004,0.18396838,0.7600581
15005,15.005,0.167916,0.7916705
15006,15.006,0.17305371,0.80461687
15007,15.007,0.16337854,0.78881603
15008,15.008,0.16924922,0.7980782
15009,15.009,0.1787162,0.8127407
15010,15.01,0.19058286,0.8069472
15011,15.011,0.18667652,0.82239187
15012,15.012,0.18823491,0.7584933
15013,15.013,0.20469765,0.7839514
15014,15.014,0.19817987,0.81259274
15015,15.015,0.19565055,0.78260183
15016,15.016,0.17855327,0.8258044
15017,15.017,0.18870045,0.794508
15018,15.018,0.17250496,0.79978484
15019,15.019,0.17053235,0.7625441
15020,15.02,0.17131816,0.78764546
15021,15.021,0.16331525,0.7968821
15022,15.022,0.17311877,0.77183443
15023,15.023,0.17717269,0.81466407
15024,15.024,0.16234908,0.8147015
15025,15.025,0.1677921,0.79759455
15026,15.026,0.17629398,0.72978294
15027,15.027,0.16792881,0.7894386
15028,15.028,0.15208668,4.337202
15029,15.029,0.16575933,0.76907593
15030,15.03,0.16607639,0.7882475
15031,15.031,0.16118865,0.8172372
15032,15.032,0.17185853,0.83757955
15033,15.033,0.15566099,0.8203748
15034,15.034,0.14738676,0.85545105
15035,15.035,0.16268224,0.85515344
15036,15.036,0.15187372,0.82935387
15037,15.037,0.1604978,0.86261517
15038,15.038,0.16943707,0.8434489
15039,15.039,0.1667301,0.8344245
15040,15.04,0.16956557,0.8168481
15041,15.041,0.16614196,0.8332696
15042,15.042,0.1727345,0.8209964
15043,15.043,0.1674871,0.84097886
15044,15.044,0.14861935,0.83077115
15045,15.045,0.17438789,0.81076473
15046,15.046,0.15700306,0.801806
15047,15.047,0.1627673,0.80616987
15048,15.048,0.16579014,0.8090054
15049,15.049,0.17003046,0.821972
15050,15.05,0.16099653,0.873401
15051,15.051,0.14694023,0.82031554
15052,15.052,0.1434017,0.7899222
15053,15.053,0.13995926,0.8408117
15054,15.054,0.1407715,0.77319854
15055,15.055,0.15560722,0.783106
15056,15.056,0.14636798,0.80760235
15057,15.057,0.14505011,0.79379195
15058,15.058,0.13473275,0.7863837
15059,15.059,0.14603806,0.78511965
15060,15.06,0.13920726,0.7712409
15061,15.061,0.1408012,0.7584394
15062,15.062,0.13089275,0.7619476
15063,15.063,0.14385279,0.76365757
15064,15.064,0.17348835,0.7833789
15065,15.065,0.15874939,0.8380836
15066,15.066,0.17625105,0.7705765
15067,15.067,0.15745582,0.78577644
15068,15.068,0.15664053,0.7689286
15069,15.069,0.15562896,0.7693894
15070,15.07,0.15745972,0.7799475
15071,15.071,0.17667712,0.7357643
15072,15.072,0.17714976,0.7414993
15073,15.073,0.17399794,0.77264273
15074,15.074,0.18222028,0.75747085
15075,15.075,0.19291434,0.80963796
15076,15.076,0.17501478,0.7881886
15077,15.077,0.17091976,0.817175
15078,15.078,0.17387165,0.8062057
15079,15.079,0.16127375,0.81039226
15080,15.08,0.1626497,0.7908193
15081,15.081,0.15701598,0.74969184
15082,15.082,0.1557005,0.80376977
15083,15.083,0.15819728,0.7432826
15084,15.084,0.14429693,0.80473596
15085,15.085,0.15883113,4.350942
15086,15.086,0.15692191,0.7936025
15087,15.087,0.16071387,4.3111043
15088,15.088,0.15574278,4.2583804
15089,15.089,0.14624308,4.328714
15090,15.09,0.15364432,0.8309318
15091,15.091,0.14618838,0.7977008
15092,15.092,0.16243242,0.8067435
15093,15.093,0.17132929,0.8219482
15094,15.094,0.17480056,0.7723625
15095,15.095,0.1700728,0.7709368
15096,15.096,0.18029904,0.76308537
15097,15.097,0.1742739,0.7217321
15098,15.098,0.1629105,4.322103
15099,15.099,0.17365707,0.77932996
15100,15.1,0.17620671,4.312728
15101,15.101,0.17000188,0.8163295
15102,15.102,0.18672232,0.796855
15103,15.103,0.18148778,0.8211014
15104,15.104,0.201559,0.78620124
15105,15.105,0.18517278,0.7696924
15106,15.106,0.17242505,0.81553835
15107,15.107,0.17058106,0.81526774
15108,15.108,0.16658835,0.82739216
15109,15.109,0.17133397,0.81308657
15110,15.11,0.15991327,4.2900753
15111,15.111,0.16300604,0.80381554
15112,15.112,0.16551566,0.81657857
15113,15.113,0.17822458,0.7675586
15114,15.114,0.16345647,0.7949307
15115,15.115,0.15335934,4.3202624
15116,15.116,0.16389477,0.8006046
15117,15.117,0.16386136,0.78505373
15118,15.118,0.1585772,4.34464
15119,15.119,0.15858923,4.354006
15120,15.12,0.14637303,4.347715
15121,15.121,0.14415614,4.327501
15122,15.122,0.13698086,4.321442
15123,15.123,0.14863756,0.75917494
15124,15.124,0.14001288,0.81266415
15125,15.125,0.14617617,0.7971822
15126,15.126,0.13973004,0.7843511
15127,15.127,0.14303611,0.845758
15128,15.128,0.15366635,0.8149462
15129,15.129,0.16269584,0.80334556
15130,15.13,0.15663464,0.81170326
15131,15.131,0.15313128,0.8123723
15132,15.132,0.15844679,0.8172588
15133,15.133,0.15334208,4.3456993
15134,15.134,0.15286104,4.337603
15135,15.135,0.14553836,4.296619
15136,15.136,0.14674373,4.3398466
15137,15.137,0.15151884,0.7580867
15138,15.138,0.16104391,0.7701607
15139,15.139,0.15489386,4.325089
15140,15.14,0.15383603,4.395624
15141,15.141,0.13923422,4.343549
15142,15.142,0.14500767,4.364689
15143,15.143,0.16232406,4.3400826
15144,15.144,0.15641372,4.3382
15145,15.145,0.15757222,4.336006
15146,15.146,0.15771234,4.3365364
15147,15.147,0.13180478,4.2756686
15148,15.148,0.14159037,4.2633386
15149,15.149,0.14515314,4.325354
15150,15.15,0.13953792,4.337974
15151,15.151,0.13240048,4.321965
15152,15.152,0.14612271,4.2653675
15153,15.153,0.15578426,4.2928276
15154,15.154,0.14823467,4.2467933
15155,15.155,0.14096804,4.2705345
15156,15.156,0.14415486,4.2947083
15157,15.157,0.14516161,4.30528
15158,15.158,0.14048624,4.335024
15159,15.159,0.15410654,4.3410273
15160,15.16,0.15221325,4.323991
15161,15.161,0.15657924,4.3373427
15162,15.162,0.15178336,4.325461
15163,15.163,0.14180054,4.2908144
15164,15.164,0.1621348,4.317397
15165,15.165,0.15667234,4.3386827
15166,15.166,0.14331716,4.3460593
15167,15.167,0.15897208,4.3503923
15168,15.168,0.17858842,4.393377
15169,15.169,0.1598463,4.2988567
15170,15.17,0.1603298,4.3889236
15171,15.171,0.16851474,4.3546324
15172,15.172,0.15608296,4.337833
15173,15.173,0.16260885,4.367274
15174,15.174,0.16438395,4.397031
15175,15.175,0.15243137,4.4038506
15176,15.176,0.16178073,4.4041986
15177,15.177,0.16248165,4.389654
15178,15.178,0.15293509,4.368578
15179,15.179,0.15995404,4.426408
15180,15.18,0.1602872,4.3440633
15181,15.181,0.15788974,4.360511
15182,15.182,0.16381556,4.3330135
15183,15.183,0.16526492,4.3552713
15184,15.184,0.16031139,4.384552
15185,15.185,0.1676259,4.367064
15186,15.186,0.1561464,4.347
15187,15.187,0.17276122,4.3983884
15188,15.188,0.16706042,4.390852
15189,15.189,0.15505822,4.391925
15190,15.19,0.1642012,4.3870664
15191,15.191,0.16337551,4.450345
15192,15.192,0.16520795,4.4565315
15193,15.193,0.16146249,4.4663672
15194,15.194,0.16678472,4.437832
15195,15.195,0.16700849,4.44368
15196,15.196,0.17220616,4.4528975
15197,15.197,0.18669891,0.73747337
15198,15.198,0.1737088,4.393563
15199,15.199,0.1753165,4.3901
15200,15.2,0.16963522,4.4252057
15201,15.201,0.15896356,4.396037
15202,15.202,0.15593112,4.3913665
15203,15.203,0.15021051,4.424323
15204,15.204,0.15789519,4.368428
15205,15.205,0.15727244,4.362377
15206,15.206,0.15552811,4.37281
15207,15.207,0.14394686,4.387054
15208,15.208,0.15367036,4.3468266
15209,15.209,0.13399321,4.3081985
15210,15.21,0.1338085,4.273011
15211,15.211,0.14625318,4.2711234
15212,15.212,0.16138473,4.3038435
15213,15.213,0.17004314,4.353936
15214,15.214,0.16441016,4.3137255
15215,15.215,0.15100631,4.336107
15216,15.216,0.15668255,4.2920265
15217,15.217,0.17783923,4.309866
15218,15.218,0.17338015,4.380317
15219,15.219,0.18644302,4.373361
15220,15.22,0.17983434,4.354913
15221,15.221,0.16945486,4.3296485
15222,15.222,0.16163349,4.3187385
15223,15.223,0.1570489,4.2957916
15224,15.224,0.15737998,4.3200083
15225,15.225,0.14804153,4.2065015
15226,15.226,0.14474267,4.1978583
15227,15.227,0.14391993,4.240509
15228,15.228,0.14802408,4.3160124
15229,15.229,0.14286137,4.261686
15230,15.23,0.12994875,4.272774
15231,15.231,0.15104501,4.286194
15232,15.232,0.12503839,4.25271
15233,15.233,0.1386874,4.3296766
15234,15.234,0.14210394,4.275051
15235,15.235,0.13955556,4.213128
15236,15.236,0.15149933,4.275998
15237,15.237,0.15812142,4.2345076
15238,15.238,0.16844282,4.288543
15239,15.239,0.16550525,4.2528334
15240,15.24,0.15424663,4.29722
15241,15.241,0.15348525,4.280802
15242,15.242,0.14821309,4.2537913
15243,15.243,0.1372873,4.2483163
15244,15.244,0.1394947,4.210595
15245,15.245,0.14279804,4.1987643
15246,15.246,0.15694308,4.1957593
15247,15.247,0.1608126,4.2043815
15248,15.248,0.16539294,4.1758156
15249,15.249,0.14649446,4.205118
15250,15.25,0.15732408,4.2146864
15251,15.251,0.13478571,4.1394815
15252,15.252,0.16733605,4.1352572
15253,15.253,0.16311131,4.1704
15254,15.254,0.16741656,4.1588097
15255,15.255,0.16864724,4.1949224
15256,15.256,0.15827662,4.164101
15257,15.257,0.16316825,4.224723
15258,15.258,0.15998328,4.174254
15259,15.259,0.17033632,4.249561
15260,15.26,0.1759205,4.188451
15261,15.261,0.20204286,4.2352433
15262,15.262,0.17694716,4.206972
15263,15.263,0.15762882,4.1858797
15264,15.264,0.13753939,4.1990023
15265,15.265,0.1385609,4.184707
15266,15.266,0.13581842,4.1804643
15267,15.267,0.14806232,4.125035
15268,15.268,0.16045332,4.158222
15269,15.269,0.17038219,4.1422014
15270,15.27,0.1732726,4.1567087
15271,15.271,0.1574308,4.137787
15272,15.272,0.14880802,4.1523957
15273,15.273,0.16635993,4.1550283
15274,15.274,0.15733463,4.142124
15275,15.275,0.15438299,4.177943
15276,15.276,0.16045447,4.2163296
15277,15.277,0.15725444,4.1798477
15278,15.278,0.1427627,4.1466746
15279,15.279,0.15147619,4.1538634
15280,15.28,0.15263103,4.107696
15281,15.281,0.14358693,4.154042
15282,15.282,0.13997069,4.1675825
15283,15.283,0.14030524,4.15593
15284,15.284,0.15428571,4.120851
15285,15.285,0.14100644,4.1588893
15286,15.286,0.1508461,4.164757
15287,15.287,0.14876707,4.135422
15288,15.288,0.14245422,4.185133
15289,15.289,0.13804796,4.159248
15290,15.29,0.147582,4.184525
15291,15.291,0.14900139,4.15408
15292,15.292,0.15675871,4.098078
15293,15.293,0.1408401,4.099048
15294,15.294,0.14306192,4.132209
15295,15.295,0.15178782,4.09845
15296,15.296,0.14541698,4.125364
15297,15.297,0.14378604,4.13398
15298,15.298,0.14719543,4.1547265
15299,15.299,0.14960183,4.183646
15300,15.3,0.14935733,4.1775894
15301,15.301,0.15936829,4.134153
15302,15.302,0.15849221,4.1588736
15303,15.303,0.15284051,4.171618
15304,15.304,0.15907152,4.158567
15305,15.305,0.1579178,4.188128
15306,15.306,0.1640006,4.189171
15307,15.307,0.17990789,4.176231
15308,15.308,0.16048783,4.189076
15309,15.309,0.15979049,4.18905
15310,15.31,0.1782936,4.193128
15311,15.311,0.16075903,4.1946573
15312,15.312,0.1574941,4.1615734
15313,15.313,0.15852326,4.2000356
15314,15.314,0.15574792,4.179847
15315,15.315,0.14928605,4.145097
15316,15.316,0.16650264,4.10213
15317,15.317,0.15889001,4.1409235
15318,15.318,0.16260998,4.1311984
15319,15.319,0.15167467,4.150444
15320,15.32,0.16392781,4.1311235
15321,15.321,0.17667817,4.194142
15322,15.322,0.17924558,4.155209
15323,15.323,0.1785922,4.1892505
15324,15.324,0.18255392,4.138697
15325,15.325,0.16697644,4.1459837
15326,15.326,0.16045178,4.153089
15327,15.327,0.18167314,4.14067
15328,15.328,0.19091734,4.1355324
15329,15.329,0.1838911,4.1349344
15330,15.33,0.1866307,4.1388397
15331,15.331,0.16258274,4.184817
15332,15.332,0.16504213,4.1951
15333,15.333,0.16554205,4.196272
15334,15.334,0.1565309,4.15388
15335,15.335,0.15768932,4.1633787
15336,15.336,0.16722277,4.163229
15337,15.337,0.16150402,4.1741548
15338,15.338,0.16758369,4.1645308
15339,15.339,0.15364152,4.1784105
15340,15.34,0.15532029,4.1352572
15341,15.341,0.15187089,4.1219935
15342,15.342,0.14454913,4.101747
15343,15.343,0.15981898,4.101679
15344,15.344,0.15155983,4.1089187
15345,15.345,0.1472669,4.0824194
15346,15.346,0.13483682,4.1260448
15347,15.347,0.12697639,4.1076565
15348,15.348,0.13492715,4.133771
15349,15.349,0.14595671,4.186559
15350,15.35,0.14502464,4.157252
15351,15.351,0.14350164,4.1809464
15352,15.352,0.13722903,4.1666074
15353,15.353,0.14021355,4.1796727
15354,15.354,0.14133593,4.155386
15355,15.355,0.14728193,4.200301
15356,15.356,0.15544106,4.1322045
15357,15.357,0.14726773,4.1377363
15358,15.358,0.1505456,4.103964
15359,15.359,0.13825862,4.078153
15360,15.36,0.15503956,4.1197977
15361,15.361,0.15488511,4.1790986
15362,15.362,0.15435827,4.1026654
15363,15.363,0.17180482,4.188899
15364,15.364,0.15777123,4.155513
15365,15.365,0.17041361,4.1490083
15366,15.366,0.1561535,4.1628428
15367,15.367,0.16529322,4.151398
15368,15.368,0.17064704,4.1090646
15369,15.369,0.16771214,4.128954
15370,15.37,0.14235269,4.0554247
15371,15.371,0.14188859,4.1079307
15372,15.372,0.1688281,4.12109
15373,15.373,0.15763156,4.137089
15374,15.374,0.16762994,4.103108
15375,15.375,0.18113725,4.0839367
15376,15.376,0.16905425,4.0852036
15377,15.377,0.15766317,4.089232
15378,15.378,0.16937241,4.1011276
15379,15.379,0.17490013,4.1083956
15380,15.38,0.17245859,4.0832505
15381,15.381,0.17319196,4.107457
15382,15.382,0.16577715,4.067198
15383,15.383,0.17557392,4.0792084
15384,15.384,0.1634433,4.0783973
15385,15.385,0.1550618,4.1199427
15386,15.386,0.15075839,4.1160717
15387,15.387,0.15503521,4.0765777
15388,15.388,0.14437109,4.0799265
15389,15.389,0.15265603,3.9980335
15390,15.39,0.15850736,4.090502
15391,15.391,0.14346948,4.097277
15392,15.392,0.16885433,4.0779686
15393,15.393,0.16470852,4.108886
15394,15.394,0.1571656,4.127729
15395,15.395,0.17140505,4.0631166
15396,15.396,0.17535405,4.074404
15397,15.397,0.15192962,4.086623
15398,15.398,0.17735526,4.101617
15399,15.399,0.182822,4.121904
15400,15.4,0.19617753,4.1378927
15401,15.401,0.18736015,4.1418843
15402,15.402,0.21129452,4.158793
15403,15.403,0.20864347,4.11215
15404,15.404,0.20807739,4.1174216
15405,15.405,0.19678283,4.1452346
15406,15.406,0.18644367,4.1392627
15407,15.407,0.17685325,4.14502
15408,15.408,0.18084762,4.2193103
15409,15.409,0.16897708,4.150752
15410,15.41,0.1846987,4.206012
15411,15.411,0.1760537,4.1969376
15412,15.412,0.19021025,4.148386
15413,15.413,0.18689029,4.1916904
15414,15.414,0.1889406,4.1435246
15415,15.415,0.2076704,4.0985284
15416,15.416,0.2084514,4.103954
15417,15.417,0.20131344,4.1558466
15418,15.418,0.20914006,4.1832294
15419,15.419,0.21132712,4.227546
15420,15.42,0.20079288,4.2427764
15421,15.421,0.22616403,4.2525406
15422,15.422,0.23178327,4.2861853
15423,15.423,0.24176872,4.2607183
15424,15.424,0.22751398,4.2726016
15425,15.425,0.22114566,4.2161393
15426,15.426,0.2047929,4.193826
15427,15.427,0.20040396,4.1835217
15428,15.428,0.21042965,4.2120605
15429,15.429,0.21600989,4.2178965
15430,15.43,0.20614879,4.1993365
15431,15.431,0.1973308,4.216401
15432,15.432,0.21186738,4.2261896
15433,15.433,0.18489747,4.2366524
15434,15.434,0.18411079,4.3100934
15435,15.435,0.19217362,4.258377
15436,15.436,0.19487824,4.276079
15437,15.437,0.1992274,4.271479
15438,15.438,0.20026514,4.2733192
15439,15.439,0.2055067,4.269114
15440,15.44,0.18825224,4.2114763
15441,15.441,0.2026082,4.2600102
15442,15.442,0.21087945,4.2424636
15443,15.443,0.21395902,4.2626014
15444,15.444,0.21207522,4.2100086
15445,15.445,0.22072627,4.2599025
15446,15.446,0.21448117,4.2807817
15447,15.447,0.22097895,4.222019
15448,15.448,0.21543117,4.2074695
15449,15.449,0.2090565,4.196137
15450,15.45,0.21126539,4.124199
15451,15.451,0.21698835,4.2105384
15452,15.452,0.2094026,4.2086606
15453,15.453,0.21077468,4.2498555
15454,15.454,0.21435893,4.2167654
15455,15.455,0.20226628,4.1466713
15456,15.456,0.21099728,4.2060513
15457,15.457,0.21292819,4.184248
15458,15.458,0.20515132,4.243133
15459,15.459,0.19725159,4.2424645
15460,15.46,0.19172966,4.2607064
15461,15.461,0.20338443,4.2503505
15462,15.462,0.2202122,4.264957
15463,15.463,0.211773,4.272387
15464,15.464,0.1946631,4.1815505
15465,15.465,0.20603983,4.2066135
15466,15.466,0.19329126,4.2435017
15467,15.467,0.16879055,4.1651425
15468,15.468,0.15810703,4.180325
15469,15.469,0.16789988,4.154483
15470,15.47,0.16758479,4.129546
15471,15.471,0.16558367,4.1726704
15472,15.472,0.16337854,4.1394477
15473,15.473,0.14939028,4.170091
15474,15.474,0.15172336,4.142669
15475,15.475,0.14394899,4.1592717
15476,15.476,0.13946603,4.1904345
15477,15.477,0.14097327,4.1420274
15478,15.478,0.15235142,4.2034664
15479,15.479,0.14993623,4.1968045
15480,15.48,0.1677037,4.2149124
15481,15.481,0.14772034,4.1810656
15482,15.482,0.14800204,4.166541
15483,15.483,0.14324072,4.1748347
15484,15.484,0.1389675,4.121285
15485,15.485,0.13514768,4.1675754
15486,15.486,0.1469528,4.226007
15487,15.487,0.1487923,4.2334056
15488,15.488,0.15866409,4.1464386
15489,15.489,0.15312125,4.1094327
15490,15.49,0.13750806,4.08381
15491,15.491,0.14286308,4.0835547
15492,15.492,0.13125935,4.1441755
15493,15.493,0.12298486,4.0997243
15494,15.494,0.12985024,4.066639
15495,15.495,0.13028544,4.1225915
15496,15.496,0.13204591,4.1603203
15497,15.497,0.12698899,4.128567
15498,15.498,0.13929431,4.1397533
15499,15.499,0.15377441,4.1701846
15500,15.5,0.13697548,4.117266
15501,15.501,0.14284456,4.1471076
15502,15.502,0.12739243,4.1687584
15503,15.503,0.15263748,4.1169596
15504,15.504,0.1398933,4.1829457
15505,15.505,0.1360443,4.152406
15506,15.506,0.14362936,4.1375012
15507,15.507,0.13950661,4.1405153
15508,15.508,0.17157942,4.199385
15509,15.509,0.17470337,4.133956
15510,15.51,0.1933705,4.2002034
15511,15.511,0.17771637,4.23165
15512,15.512,0.18587057,4.2765884
15513,15.513,0.20002289,4.3217254
15514,15.514,0.20909798,4.2492204
15515,15.515,0.19356228,4.197233
15516,15.516,0.17587572,4.2192082
15517,15.517,0.17200632,4.233338
15518,15.518,0.1651178,4.1688585
15519,15.519,0.17093308,4.137225
15520,15.52,0.16457884,4.1531825
15521,15.521,0.17572874,4.1925178
15522,15.522,0.19149591,4.1699967
15523,15.523,0.1897374,4.150777
15524,15.524,0.19366619,4.145974
15525,15.525,0.19653316,4.22984
15526,15.526,0.21309428,4.208148
15527,15.527,0.20602699,4.259914
15528,15.528,0.20526196,4.3537903
15529,15.529,0.19013034,4.2841725
15530,15.53,0.18465738,4.265207
15531,15.531,0.18318275,4.2305145
15532,15.532,0.17312694,0.6580742
15533,15.533,0.15868697,0.72579306
15534,15.534,0.14502932,0.7490154
15535,15.535,0.15701441,0.693031
15536,15.536,0.16179785,0.74955785
15537,15.537,0.17124775,0.75234663
15538,15.538,0.18206523,0.75424516
15539,15.539,0.16831455,0.76775336
15540,15.54,0.1757319,0.7669699
15541,15.541,0.16474812,0.7900985
15542,15.542,0.1658892,0.75701314
15543,15.543,0.16154592,0.7593843
15544,15.544,0.17285343,0.7563072
15545,15.545,0.17019323,0.7973539
15546,15.546,0.1440101,0.75743
15547,15.547,0.14775532,0.7434004
15548,15.548,0.14364092,0.7771846
15549,15.549,0.14723681,0.7648394
15550,15.55,0.15000392,0.75859696
15551,15.551,0.148469,0.8207447
15552,15.552,0.14356722,0.8016814
15553,15.553,0.13629371,0.7734353
15554,15.554,0.13279675,0.7881148
15555,15.555,0.13140038,0.76334834
15556,15.556,0.12361858,0.7447263
15557,15.557,0.13526326,0.7642745
15558,15.558,0.14761701,0.7606724
15559,15.559,0.13791911,0.73495245
15560,15.56,0.128337,0.7442183
15561,15.561,0.13283798,0.73892844
15562,15.562,0.13031471,0.7493314
15563,15.563,0.13487378,0.78451926
15564,15.564,0.1286626,0.7223324
15565,15.565,0.13063632,0.7361312
15566,15.566,0.13319507,0.7605035
15567,15.567,0.1360072,0.7617647
15568,15.568,0.13437195,0.74275714
15569,15.569,0.13792625,0.748823
15570,15.57,0.13996981,0.7731223
15571,15.571,0.12925136,0.7048908
15572,15.572,0.13168055,0.71158946
15573,15.573,0.12741174,0.7278309
15574,15.574,0.12988767,0.71649426
15575,15.575,0.12196152,0.7355429
15576,15.576,0.1271178,0.71353114
15577,15.577,0.1310365,0.7637336
15578,15.578,0.13357608,4.8178983
15579,15.579,0.12830488,4.769917
15580,15.58,0.13983479,4.7698584
15581,15.581,0.14126714,0.83620447
15582,15.582,0.14134726,0.8532221
15583,15.583,0.15857643,4.7419705
15584,15.584,0.13896705,4.7287493
15585,15.585,0.14787021,0.76656383
15586,15.586,0.15724231,0.7220944
15587,15.587,0.12240918,0.7020881
15588,15.588,0.12323374,0.7474807
15589,15.589,0.13097264,4.624464
15590,15.59,0.12723197,4.6236377
15591,15.591,0.14763784,0.85610056
15592,15.592,0.12053814,4.61118
15593,15.593,0.1232607,0.81357795
15594,15.594,0.13507663,4.6434608
15595,15.595,0.121964045,0.8357251
15596,15.596,0.14372699,0.7836303
15597,15.597,0.13170952,0.6932736
15598,15.598,0.12929371,0.73141587
15599,15.599,0.13645297,0.73534137
15600,15.6,0.118298456,0.7853928
15601,15.601,0.13008316,0.8085455
15602,15.602,0.13613245,0.7758573
15603,15.603,0.14142472,0.75023645
15604,15.604,0.14788769,0.72592795
15605,15.605,0.152011,0.59675837
15606,15.606,0.14879686,4.228295
15607,15.607,0.1376163,4.268909
15608,15.608,0.14398788,0.58034635
15609,15.609,0.13242325,0.5602979
15610,15.61,0.14308901,0.54342103
15611,15.611,0.13205102,0.51630104
15612,15.612,0.12612605,0.532926
15613,15.613,0.14203854,0.50745887
15614,15.614,0.1353992,0.5464383
15615,15.615,0.13329066,0.5252657
15616,15.616,0.14982294,0.5269868
15617,15.617,0.1569176,0.5286311
15618,15.618,0.14614165,0.58446264
15619,15.619,0.14847563,0.59054804
15620,15.62,0.1550372,0.6089744
15621,15.621,0.16010591,0.62331337
15622,15.622,0.1657133,0.6470917
15623,15.623,0.14674246,0.6440949
15624,15.624,0.14496142,0.6612686
15625,15.625,0.14139949,0.7082181
15626,15.626,0.122863226,0.76463634
15627,15.627,0.14830604,0.7465803
15628,15.628,0.14230514,0.7564752
15629,15.629,0.13485005,0.78380024
15630,15.63,0.13545325,0.80380285
15631,15.631,0.12317432,0.84453565
15632,15.632,0.142972,0.83859366
15633,15.633,0.14627926,0.8921702
15634,15.634,0.14513873,0.82590723
15635,15.635,0.14388572,0.83351666
15636,15.636,0.145301,0.8112677
15637,15.637,0.13817137,0.80961967
15638,15.638,0.14086151,0.7808439
15639,15.639,0.14166205,0.82678735
15640,15.64,0.13646515,0.85147655
15641,15.641,0.1349536,0.7976514
15642,15.642,0.14875302,0.78462404
15643,15.643,0.14321451,0.8275566
15644,15.644,0.14685102,3.9428506
15645,15.645,0.1361808,3.9641051
15646,15.646,0.14165857,3.9618628
15647,15.647,0.14467634,4.03582
15648,15.648,0.14521968,4.045153
15649,15.649,0.14455126,4.052425
15650,15.65,0.13558085,4.027034
15651,15.651,0.15131646,4.040652
15652,15.652,0.15454789,4.025064
15653,15.653,0.15690152,4.0153165
15654,15.654,0.15339182,3.9805424
15655,15.655,0.17316389,4.019419
15656,15.656,0.17611276,4.0439644
15657,15.657,0.18368521,4.040297
15658,15.658,0.18266511,4.007982
15659,15.659,0.18402857,3.9686987
15660,15.66,0.16482055,4.0484676
15661,15.661,0.17414674,4.072197
15662,15.662,0.19460084,4.061339
15663,15.663,0.17882323,4.059759
15664,15.664,0.18678261,4.0409145
15665,15.665,0.19487476,3.9585655
15666,15.666,0.19007371,4.017412
15667,15.667,0.18073905,3.9678323
15668,15.668,0.17715913,4.0812573
15669,15.669,0.17318416,3.997561
15670,15.67,0.1744736,4.007135
15671,15.671,0.16491273,4.0257215
15672,15.672,0.17586489,4.073875
15673,15.673,0.16848883,4.0529017
15674,15.674,0.17980218,4.040349
15675,15.675,0.16433342,4.0060086
15676,15.676,0.1749951,4.035068
15677,15.677,0.1761627,3.9887006
15678,15.678,0.17109211,4.012921
15679,15.679,0.17095648,4.028146
15680,15.68,0.17773403,4.0067477
15681,15.681,0.16570105,3.9849358
15682,15.682,0.16117223,3.9703066
15683,15.683,0.17300464,3.9696836
15684,15.684,0.16541637,3.9407575
15685,15.685,0.16302264,3.983043
15686,15.686,0.16451903,3.9329374
15687,15.687,0.16462183,3.9128733
15688,15.688,0.18583614,3.9249384
15689,15.689,0.18013585,3.964636
15690,15.69,0.18763448,3.937452
15691,15.691,0.18784522,3.972887
15692,15.692,0.19600213,4.0109844
15693,15.693,0.20584923,3.9884324
15694,15.694,0.1942106,3.9867058
15695,15.695,0.19506884,4.0007896
15696,15.696,0.1988385,4.0243936
15697,15.697,0.18760891,4.01653
15698,15.698,0.19074517,4.0077085
15699,15.699,0.19512245,4.01506
15700,15.7,0.18818523,3.9823184
15701,15.701,0.19825095,3.9859293
15702,15.702,0.20688528,3.9861958
15703,15.703,0.21372221,4.057027
15704,15.704,0.19419159,4.002907
15705,15.705,0.18677372,4.023347
15706,15.706,0.18041229,4.0052505
15707,15.707,0.1778932,3.977655
15708,15.708,0.18925296,4.019297
15709,15.709,0.1802096,4.067379
15710,15.71,0.19951132,4.084396
15711,15.711,0.199618,4.0641985
15712,15.712,0.2019652,4.048181
15713,15.713,0.19840825,4.0670395
15714,15.714,0.18348111,4.0782723
15715,15.715,0.18787143,4.0649686
15716,15.716,0.18517111,4.1055427
15717,15.717,0.18327175,4.160409
15718,15.718,0.19895451,4.1248617
15719,15.719,0.21225211,4.1789637
15720,15.72,0.2023563,4.131324
15721,15.721,0.19779857,4.1836762
15722,15.722,0.20524636,4.20188
15723,15.723,0.19539407,4.2051663
15724,15.724,0.20560788,4.1749887
15725,15.725,0.19908868,4.1870923
15726,15.726,0.20432971,4.1992064
15727,15.727,0.19910197,4.208266
15728,15.728,0.19188589,4.2441273
15729,15.729,0.18675658,4.1876755
15730,15.73,0.20241223,4.172004
15731,15.731,0.18987809,4.1533704
15732,15.732,0.18041946,4.1528316
15733,15.733,0.17157799,4.1441445
15734,15.734,0.1726825,4.1681576
15735,15.735,0.17109643,4.141979
15736,15.736,0.18214294,4.171189
15737,15.737,0.18413085,4.116923
15738,15.738,0.20545071,4.156648
15739,15.739,0.19103462,4.1232185
15740,15.74,0.19822116,4.2008443
15741,15.741,0.21238571,4.1697693
15742,15.742,0.21692625,4.1660814
15743,15.743,0.21401365,4.1387367
15744,15.744,0.20264402,4.1534004
15745,15.745,0.20188902,4.247897
15746,15.746,0.19607022,4.2193637
15747,15.747,0.19840917,4.212117
15748,15.748,0.19597104,4.138595
15749,15.749,0.19274236,4.062705
15750,15.75,0.19053087,4.082367
15751,15.751,0.19700813,4.127576
15752,15.752,0.18789402,4.148325
15753,15.753,0.18503119,4.101676
15754,15.754,0.18498994,4.032556
15755,15.755,0.19746576,4.0589495
15756,15.756,0.1905425,4.050782
15757,15.757,0.20831558,4.034556
15758,15.758,0.21435003,3.9981875
15759,15.759,0.20683382,4.0688634
15760,15.76,0.20346065,4.037693
15761,15.761,0.18669167,4.0044236
15762,15.762,0.19174027,4.0295014
15763,15.763,0.19076969,4.0037694
15764,15.764,0.17677878,4.0629334
15765,15.765,0.17726122,4.0456758
15766,15.766,0.18451571,4.059857
15767,15.767,0.17243183,4.0275445
15768,15.768,0.18262064,4.003857
15769,15.769,0.18175676,3.9976652
15770,15.77,0.17767067,4.0475283
15771,15.771,0.18477929,4.039111
15772,15.772,0.19216049,4.063501
15773,15.773,0.19137636,4.0622725
15774,15.774,0.19577599,4.0643067
15775,15.775,0.16683745,4.098937
15776,15.776,0.1752944,4.099571
15777,15.777,0.17636971,4.1238594
15778,15.778,0.1678416,4.1310005
15779,15.779,0.16386962,4.1130476
15780,15.78,0.16084245,4.0735397
15781,15.781,0.1639053,4.0826616
15782,15.782,0.15670611,4.093755
15783,15.783,0.16288823,4.0978217
15784,15.784,0.17101118,4.095897
15785,15.785,0.16510625,4.0406957
15786,15.786,0.17169341,4.100776
15787,15.787,0.16893594,4.1002326
15788,15.788,0.17438471,4.1196637
15789,15.789,0.16423455,4.0605984
15790,15.79,0.17785376,4.112467
15791,15.791,0.19321677,4.1686845
15792,15.792,0.17093885,4.1174493
15793,15.793,0.16213253,4.1165457
15794,15.794,0.17594603,4.1679897
15795,15.795,0.18274762,4.0953703
15796,15.796,0.1735114,4.097735
15797,15.797,0.17089744,4.106378
15798,15.798,0.16617158,4.0579185
15799,15.799,0.16648379,4.0426807
15800,15.8,0.17014658,3.9859128
15801,15.801,0.1604142,4.0703077
15802,15.802,0.16646716,4.0634475
15803,15.803,0.1652839,4.041251
15804,15.804,0.16509618,4.080796
15805,15.805,0.1743713,4.027809
15806,15.806,0.174258,4.074164
15807,15.807,0.17307541,4.084171
15808,15.808,0.16299358,4.00994
15809,15.809,0.16146971,4.025676
15810,15.81,0.17097987,4.0193977
15811,15.811,0.16808923,6.020876
15812,15.812,0.16650116,6.013686
15813,15.813,0.1599679,6.013819
15814,15.814,0.16759397,6.0485735
15815,15.815,0.15687054,6.041324
15816,15.816,0.14072517,6.0678487
15817,15.817,0.14586478,6.0671587
15818,15.818,0.148469,6.104909
15819,15.819,0.15939146,6.104423
15820,15.82,0.15659928,6.0779214
15821,15.821,0.15064284,6.075022
15822,15.822,0.16453809,6.155354
15823,15.823,0.15695876,6.1275425
15824,15.824,0.16994795,6.1380706
15825,15.825,0.15762258,6.113877
15826,15.826,0.13213347,6.0733986
15827,15.827,0.14385878,6.0448327
15828,15.828,0.14872116,6.0780535
15829,15.829,0.16238317,6.1474137
15830,15.83,0.1750109,6.1466613
15831,15.831,0.16828969,6.1630974
15832,15.832,0.14311524,6.1421523
15833,15.833,0.14908272,6.1197944
15834,15.834,0.16289389,6.046348
15835,15.835,0.16194837,6.08836
15836,15.836,0.16512004,6.0955057
15837,15.837,0.16467191,6.090177
15838,15.838,0.15984207,6.1009626
15839,15.839,0.17023227,6.082359
15840,15.84,0.16548814,6.063014
15841,15.841,0.17920439,6.0763807
15842,15.842,0.17594533,6.042185
15843,15.843,0.17627618,6.073317
15844,15.844,0.16929139,6.061385
15845,15.845,0.18376157,6.022447
15846,15.846,0.18435992,6.0756707
15847,15.847,0.1902659,6.071401
15848,15.848,0.19273916,6.0584598
15849,15.849,0.19402073,6.035131
15850,15.85,0.1976987,5.976508
15851,15.851,0.19591044,6.063848
15852,15.852,0.18999244,6.026484
15853,15.853,0.18117902,6.0548983
15854,15.854,0.19293411,6.019435
15855,15.855,0.18223615,6.0110493
15856,15.856,0.1859715,6.071362
15857,15.857,0.16994251,5.982395
15858,15.858,0.17447113,5.9341917
15859,15.859,0.16476753,5.9111753
15860,15.86,0.13886786,5.919647
15861,15.861,0.15093255,5.9807606
15862,15.862,0.1614339,5.9768558
15863,15.863,0.1449436,6.0244665
15864,15.864,0.14519764,5.9289355
15865,15.865,0.15162843,5.91065
15866,15.866,0.15950799,5.9398875
15867,15.867,0.15836133,5.989657
15868,15.868,0.16035205,5.945758
15869,15.869,0.1710529,5.9129715
15870,15.87,0.16476977,5.949811
15871,15.871,0.15790376,5.973
15872,15.872,0.1691605,5.9464884
15873,15.873,0.16638139,5.8916984
15874,15.874,0.16043721,5.9139934
15875,15.875,0.15345559,5.947014
15876,15.876,0.17317064,5.964784
15877,15.877,0.17789355,5.9680486
15878,15.878,0.164981,5.956256
15879,15.879,0.15589678,5.9964676
15880,15.88,0.1550372,5.9572763
15881,15.881,0.1623809,5.9675603
15882,15.882,0.16166623,5.9248714
15883,15.883,0.16570848,5.9181905
15884,15.884,0.1704443,5.958352
15885,15.885,0.17905222,5.8958306
15886,15.886,0.18838848,5.9530363
15887,15.887,0.17695689,5.9285374
15888,15.888,0.17287692,5.932119
15889,15.889,0.16825093,5.977634
15890,15.89,0.20408867,6.03609
15891,15.891,0.1923458,5.9909606
15892,15.892,0.18846229,5.914818
15893,15.893,0.19559173,5.967956
15894,15.894,0.18585534,5.9978456
15895,15.895,0.17670116,5.9666286
15896,15.896,0.17295448,5.9259796
15897,15.897,0.17336418,5.8795257
15898,15.898,0.17386493,5.9529815
15899,15.899,0.16501753,5.9110346
15900,15.9,0.15301834,4.6102114
15901,15.901,0.15286507,5.8888845
15902,15.902,0.1600917,5.898976
15903,15.903,0.15983437,4.6195884
15904,15.904,0.16218375,4.60775
15905,15.905,0.17862941,4.59157
15906,15.906,0.17094712,4.5876327
15907,15.907,0.18294144,4.579647
15908,15.908,0.18160065,4.6028867
15909,15.909,0.17502849,4.5715055
15910,15.91,0.16630001,4.5732183
15911,15.911,0.15298778,4.601612
15912,15.912,0.16832589,4.584806
15913,15.913,0.16978568,4.559256
15914,15.914,0.16250324,5.8929167
15915,15.915,0.16256532,5.87101
15916,15.916,0.16220878,5.9139123
15917,15.917,0.14796755,5.8857217
15918,15.918,0.1540071,5.876995
15919,15.919,0.14550707,5.847513
15920,15.92,0.15039758,5.871623
15921,15.921,0.15077184,5.863686
15922,15.922,0.1499112,5.912564
15923,15.923,0.16628337,4.633345
15924,15.924,0.15953346,4.6658964
15925,15.925,0.15237041,4.555381
15926,15.926,0.16159505,5.905642
15927,15.927,0.17006521,5.917796
15928,15.928,0.16810167,5.955766
15929,15.929,0.16650559,5.925914
15930,15.93,0.1494257,5.893273
15931,15.931,0.14712854,5.908342
15932,15.932,0.16241804,4.577067
15933,15.933,0.15887646,4.6090574
15934,15.934,0.1661601,4.6643414
15935,15.935,0.1674419,4.630135
15936,15.936,0.14392975,4.606457
15937,15.937,0.1497876,4.66205
15938,15.938,0.17126177,4.650509
15939,15.939,0.15874241,4.6595635
15940,15.94,0.17631073,4.659056
15941,15.941,0.16503915,4.6322217
15942,15.942,0.17481428,4.6036816
15943,15.943,0.16414349,4.6116967
15944,15.944,0.16716683,4.592868
15945,15.945,0.1534167,4.6167903
15946,15.946,0.14703232,4.609319
15947,15.947,0.1551903,4.59359
15948,15.948,0.14955945,4.580521
15949,15.949,0.15037835,4.605589
15950,15.95,0.15253708,4.589527
15951,15.951,0.14767951,4.5701985
15952,15.952,0.14500386,4.571755
15953,15.953,0.15547866,4.5323715
15954,15.954,0.15758744,4.5593085
15955,15.955,0.17004097,4.6300154
15956,15.956,0.16021848,4.632775
15957,15.957,0.17149046,4.004931
15958,15.958,0.19212559,4.076525
15959,15.959,0.18770367,4.648945
15960,15.96,0.16297168,4.693447
15961,15.961,0.16290219,4.644213
15962,15.962,0.1614644,4.688392
15963,15.963,0.18023315,4.6982713
15964,15.964,0.18501988,4.6772304
15965,15.965,0.18385462,0.9499677
15966,15.966,0.18122384,4.6657577
15967,15.967,0.1792346,0.9635814
15968,15.968,0.17277011,0.91592485
15969,15.969,0.17439671,0.9649146
15970,15.97,0.18434358,0.92800206
15971,15.971,0.18171817,4.5848465
15972,15.972,0.17628595,1.0164717
15973,15.973,0.1837984,4.651003
15974,15.974,0.19494611,0.9450273
15975,15.975,0.18747573,4.642532
15976,15.976,0.19039972,4.638776
15977,15.977,0.18779084,0.9147686
15978,15.978,0.19571625,4.6331406
15979,15.979,0.19157173,4.6264334
15980,15.98,0.17417678,4.5645475
15981,15.981,0.17140074,0.92139834
15982,15.982,0.16498695,4.561769
15983,15.983,0.16290219,4.5952315
15984,15.984,0.17397106,4.565333
15985,15.985,0.16346174,4.563669
15986,15.986,0.17600162,0.9397097
15987,15.987,0.15876605,4.5391226
15988,15.988,0.15766083,0.9953861
15989,15.989,0.16597077,0.9654235
15990,15.99,0.16192064,0.9919651
15991,15.991,0.1592223,0.9501811
15992,15.992,0.16894104,0.91011924
15993,15.993,0.16421881,4.5940156
15994,15.994,0.16869393,0.92111754
15995,15.995,0.18785505,0.89007616
15996,15.996,0.16883211,0.86597764
15997,15.997,0.16683193,0.93224055
15998,15.998,0.14373341,0.90501714
15999,15.999,0.14542629,0.94792956
16000,16.0,0.17110936,0.97590995
16001,16.001,0.15338741,0.9433214
16002,16.002,0.15867767,0.94236195
16003,16.003,0.17063624,0.91856074
16004,16.004,0.16324328,4.511579
16005,16.005,0.16175412,0.9305397
16006,16.006,0.16522583,0.9757058
16007,16.007,0.16407338,0.94274217
16008,16.008,0.16462334,0.9330185
16009,16.009,0.18721823,0.95222116
16010,16.01,0.1764391,0.9430195
16011,16.011,0.17428377,0.94455373
16012,16.012,0.18091531,0.95925653
16013,16.013,0.1660071,0.94456744
16014,16.014,0.17595828,0.9385437
16015,16.015,0.18690874,0.9449068
16016,16.016,0.1554755,0.961958
16017,16.017,0.15008307,0.9554607
16018,16.018,0.16081797,0.9401953
16019,16.019,0.15587546,0.9301595
16020,16.02,0.16485153,0.9817011
16021,16.021,0.16922632,0.96404153
16022,16.022,0.1670177,0.8942182
16023,16.023,0.16495898,0.9264798
16024,16.024,0.17660746,0.93945634
16025,16.025,0.16487356,0.92858934
16026,16.026,0.16190772,0.9387037
16027,16.027,0.15531792,0.94219464
16028,16.028,0.14592256,0.96233386
16029,16.029,0.15232477,0.89269793
16030,16.03,0.14617786,0.9225115
16031,16.031,0.14452955,0.9216551
16032,16.032,0.13798958,0.87352616
16033,16.033,0.14679906,0.9339305
16034,16.034,0.13980442,0.9403748
16035,16.035,0.14830355,0.9398418
16036,16.036,0.14517434,0.9182706
16037,16.037,0.1475474,0.91957486
16038,16.038,0.17638122,0.93175906
16039,16.039,0.15414727,0.9358162
16040,16.04,0.14996782,0.94121164
16041,16.041,0.15269472,0.9684844
16042,16.042,0.15253264,0.91144025
16043,16.043,0.15115862,0.90100473
16044,16.044,0.15582335,0.8844065
16045,16.045,0.16873732,0.8958789
16046,16.046,0.16504288,0.9587553
16047,16.047,0.15754801,0.9184727
16048,16.048,0.14751945,0.94361585
16049,16.049,0.15210043,0.90117306
16050,16.05,0.1507245,0.91791034
16051,16.051,0.1678863,0.9040326
16052,16.052,0.18185593,0.90712994
16053,16.053,0.1725121,0.9232629
16054,16.054,0.16167307,0.93930435
16055,16.055,0.16382569,0.9068496
16056,16.056,0.15201262,0.94060946
16057,16.057,0.1593432,0.9279557
16058,16.058,0.15535158,0.9506053
16059,16.059,0.15618382,0.9238098
16060,16.06,0.13967454,0.89738816
16061,16.061,0.1523385,0.86305654
16062,16.062,0.17303345,0.86721504
16063,16.063,0.1503452,0.91554207
16064,16.064,0.1537396,0.9626089
16065,16.065,0.15459447,0.88236415
16066,16.066,0.14163643,0.9168332
16067,16.067,0.14056242,0.91583353
16068,16.068,0.15640664,0.9522295
16069,16.069,0.15647468,0.915548
16070,16.07,0.15086405,0.88314676
16071,16.071,0.16116269,0.90242875
16072,16.072,0.15132745,0.8899413
16073,16.073,0.16107333,0.9014114
16074,16.074,0.14888944,0.9335499
16075,16.075,0.1495216,0.89718384
16076,16.076,0.15596977,0.90707225
16077,16.077,0.15178539,0.89427245
16078,16.078,0.14451379,0.8933624
16079,16.079,0.1533172,0.9248145
16080,16.08,0.15385522,0.898852
16081,16.081,0.1563303,0.88470215
16082,16.082,0.15876566,0.89696676
16083,16.083,0.14936268,0.8523859
16084,16.084,0.13451475,4.0227985
16085,16.085,0.14764577,0.8680101
16086,16.086,0.13386734,0.85984397
16087,16.087,0.13601987,0.84826255
16088,16.088,0.12984645,0.8919514
16089,16.089,0.15074165,0.89691067
16090,16.09,0.14618964,0.9598796
16091,16.091,0.16744485,0.9619416
16092,16.092,0.18791726,0.8976948
16093,16.093,0.16678877,0.92171246
16094,16.094,0.18307391,0.97215015
16095,16.095,0.18033282,1.023662
16096,16.096,0.1800706,0.9753974
16097,16.097,0.18520734,0.9877057
16098,16.098,0.18022087,0.9922954
16099,16.099,0.18385094,1.0519973
16100,16.1,0.16812693,1.0433822
16101,16.101,0.18431053,1.0047753
16102,16.102,0.19021478,1.0277822
16103,16.103,0.19062158,1.0124981
16104,16.104,0.18132567,1.0012304
16105,16.105,0.19412218,0.9980023
16106,16.106,0.18944079,1.0154738
16107,16.107,0.17252065,0.9770294
16108,16.108,0.18646215,0.994091
16109,16.109,0.187624,1.0625182
16110,16.11,0.1804856,0.98418176
16111,16.111,0.17977788,1.0003403
16112,16.112,0.18053265,1.0140206
16113,16.113,0.18229522,0.96900153
16114,16.114,0.18127137,1.0021598
16115,16.115,0.17026587,0.9936326
16116,16.116,0.1748171,3.8104956
16117,16.117,0.17531686,1.0073595
16118,16.118,0.15352975,0.9547624
16119,16.119,0.16324215,1.0126739
16120,16.12,0.15848057,0.97299945
16121,16.121,0.15061465,0.8827915
16122,16.122,0.14352651,0.87873083
16123,16.123,0.14891176,0.89558816
16124,16.124,0.15828206,0.87432975
16125,16.125,0.15833141,0.8202093
16126,16.126,0.16414799,0.85122466
16127,16.127,0.1621955,0.91829664
16128,16.128,0.17012887,0.9128826
16129,16.129,0.17450286,0.9450971
16130,16.13,0.17071483,0.8473678
16131,16.131,0.16264932,0.8475679
16132,16.132,0.14302148,0.8441371
16133,16.133,0.16318823,0.93569005
16134,16.134,0.1687191,0.8755487
16135,16.135,0.15863152,0.87339026
16136,16.136,0.16442999,0.8516669
16137,16.137,0.17298117,0.8585396
16138,16.138,0.16484407,0.8369322
16139,16.139,0.16781776,0.85445255
16140,16.14,0.15284453,0.8488736
16141,16.141,0.14678648,0.8198958
16142,16.142,0.15535475,0.82091004
16143,16.143,0.1588079,0.8548105
16144,16.144,0.1648157,0.8206803
16145,16.145,0.1530521,0.8561471
16146,16.146,0.1614457,0.83656985
16147,16.147,0.15284735,0.79960436
16148,16.148,0.15700775,0.8783049
16149,16.149,0.1428773,0.85784596
16150,16.15,0.14410108,0.89167213
16151,16.151,0.14651713,0.9226692
16152,16.152,0.16537546,0.9021842
16153,16.153,0.15729238,0.8392372
16154,16.154,0.16447788,0.8164065
16155,16.155,0.15223467,0.8151718
16156,16.156,0.14876956,0.8024108
16157,16.157,0.14269286,0.7737504
16158,16.158,0.15421431,0.7145812
16159,16.159,0.15073797,0.78714746
16160,16.16,0.14424276,0.7774751
16161,16.161,0.1603701,0.79672027
16162,16.162,0.1540107,0.7414459
16163,16.163,0.15268746,0.77287215
16164,16.164,0.17044683,0.7939524
16165,16.165,0.15530445,0.81738544
16166,16.166,0.17090753,0.8544495
16167,16.167,0.16794348,0.798283
16168,16.168,0.1674882,0.76919276
16169,16.169,0.16919032,0.8417345
16170,16.17,0.15962908,0.81413436
16171,16.171,0.17689846,0.8885971
16172,16.172,0.17245823,0.85845494
16173,16.173,0.15957586,0.82139564
16174,16.174,0.14080733,0.8305115
16175,16.175,0.14664558,0.82306707
16176,16.176,0.1372752,0.8629889
16177,16.177,0.13504292,0.83433807
16178,16.178,0.15020108,0.8519276
16179,16.179,0.15239502,0.82216007
16180,16.18,0.14734249,0.80173683
16181,16.181,0.14971611,0.7898251
16182,16.182,0.1636596,0.7753853
16183,16.183,0.15766707,0.75098854
16184,16.184,0.15040126,0.810632
16185,16.185,0.14146604,0.7660276
16186,16.186,0.1481288,0.77905154
16187,16.187,0.15358545,0.7739498
16188,16.188,0.15900615,0.72659564
16189,16.189,0.14890803,0.7632289
16190,16.19,0.14485358,0.70818174
16191,16.191,0.16594297,0.7502097
16192,16.192,0.16086464,0.78376275
16193,16.193,0.15459327,0.7545969
16194,16.194,0.1370572,0.7372674
16195,16.195,0.13600947,0.76430786
16196,16.196,0.12745374,0.72351813
16197,16.197,0.1405112,0.75988287
16198,16.198,0.14158212,0.7414162
16199,16.199,0.13814154,0.78310937
16200,16.2,0.14378434,0.7846856
16201,16.201,0.14380874,0.7483009
16202,16.202,0.14765035,0.78557736
16203,16.203,0.15126523,0.78842634
16204,16.204,0.15603249,0.7789549
16205,16.205,0.16116193,0.76501095
16206,16.206,0.16045946,0.770459
16207,16.207,0.14940469,0.7247523
16208,16.208,0.15344235,0.74879056
16209,16.209,0.16202053,0.7296268
16210,16.21,0.16304189,0.71416914
16211,16.211,0.15014455,0.7065029
16212,16.212,0.14922091,0.7207611
16213,16.213,0.16820778,0.78271466
16214,16.214,0.16768609,0.7652114
16215,16.215,0.16039003,0.73580533
16216,16.216,0.15855005,0.75840706
16217,16.217,0.1668264,0.7656143
16218,16.218,0.14513195,0.7508793
16219,16.219,0.1507996,0.7680364
16220,16.22,0.15037467,0.77468085
16221,16.221,0.14874433,0.7308049
16222,16.222,0.16026032,0.7804179
16223,16.223,0.16703944,0.76206523
16224,16.224,0.16422518,0.7950121
16225,16.225,0.16633183,0.8159221
16226,16.226,0.16564052,0.8189012
16227,16.227,0.15209597,0.8000132
16228,16.228,0.15985477,0.8557456
16229,16.229,0.168487,0.77350384
16230,16.23,0.15760814,0.7853148
16231,16.231,0.15949334,0.80758864
16232,16.232,0.16054916,0.8035735
16233,16.233,0.16203155,0.8249316
16234,16.234,0.16976683,0.8418352
16235,16.235,0.17587084,0.864345
16236,16.236,0.16246045,0.8155397
16237,16.237,0.16526306,0.8596309
16238,16.238,0.15955852,0.8487492
16239,16.239,0.1654424,0.818728
16240,16.24,0.14863963,0.81296206
16241,16.241,0.13573731,0.8052384
16242,16.242,0.13997112,0.8304485
16243,16.243,0.14704278,0.8441869
16244,16.244,0.16554427,0.86864054
16245,16.245,0.16891773,0.8078063
16246,16.246,0.15737529,0.7880077
16247,16.247,0.1663248,0.7939331
16248,16.248,0.17977993,0.82477874
16249,16.249,0.16412511,0.8455855
16250,16.25,0.14702061,0.8215858
16251,16.251,0.15694974,0.7849541
16252,16.252,0.16970122,0.8284715
16253,16.253,0.16421469,0.78481406
16254,16.254,0.17199667,0.81588864
16255,16.255,0.15097126,0.8433782
16256,16.256,0.16118178,0.878358
16257,16.257,0.16386962,0.8674889
16258,16.258,0.15435508,0.8193657
16259,16.259,0.1584926,0.8472193
16260,16.26,0.15590823,0.8464947
16261,16.261,0.16334878,0.8069767
16262,16.262,0.15530959,0.85586774
16263,16.263,0.15240876,0.85109884
16264,16.264,0.15986247,0.8027043
16265,16.265,0.16592443,0.86164504
16266,16.266,0.15959129,0.80872196
16267,16.267,0.16218223,0.8292784
16268,16.268,0.17050023,0.8698594
16269,16.269,0.1607376,0.87019163
16270,16.27,0.1633774,0.79970235
16271,16.271,0.1736025,0.8665576
16272,16.272,0.17275159,0.86813
16273,16.273,0.17815967,0.8943747
16274,16.274,0.16134621,0.89739645
16275,16.275,0.18078603,0.8698168
16276,16.276,0.16920087,0.94311446
16277,16.277,0.17662907,0.93654114
16278,16.278,0.16619195,0.9060672
16279,16.279,0.17083047,0.86438656
16280,16.28,0.16806214,0.8180691
16281,16.281,0.16537471,0.88375723
16282,16.282,0.16173738,0.87922823
16283,16.283,0.15181011,0.8745075
16284,16.284,0.14960265,0.86027807
16285,16.285,0.15970036,0.84660316
16286,16.286,0.17005146,0.8453901
16287,16.287,0.16401073,0.8546596
16288,16.288,0.14629777,0.8412899
16289,16.289,0.15119119,0.85975325
16290,16.29,0.15893376,0.82912177
16291,16.291,0.14682588,0.8584831
16292,16.292,0.14418004,0.8192033
16293,16.293,0.15296243,0.8294862
16294,16.294,0.16771434,0.8299531
16295,16.295,0.15372318,0.82498807
16296,16.296,0.14622709,0.83570755
16297,16.297,0.14163294,0.8252999
16298,16.298,0.13440675,0.8101998
16299,16.299,0.15077552,0.7868197
16300,16.3,0.13235633,0.79690605
16301,16.301,0.13088241,0.82717264
16302,16.302,0.15684229,0.84214413
16303,16.303,0.14572637,4.029792
16304,16.304,0.14648438,3.9524395
16305,16.305,0.14608355,3.9961426
16306,16.306,0.14716785,3.9482925
16307,16.307,0.14286266,0.87643826
16308,16.308,0.13960317,0.85056925
16309,16.309,0.13812639,0.83985513
16310,16.31,0.15011995,0.9125348
16311,16.311,0.13891968,0.8988807
16312,16.312,0.12168172,0.85825413
16313,16.313,0.12822333,0.86591756
16314,16.314,0.14520526,0.883211
16315,16.315,0.13770302,0.86155236
16316,16.316,0.15323049,0.85145456
16317,16.317,0.146381,0.8220971
16318,16.318,0.15825212,0.83881885
16319,16.319,0.1448404,0.8163848
16320,16.32,0.1700359,0.84426934
16321,16.321,0.15294434,0.8201273
16322,16.322,0.16096328,0.8449933
16323,16.323,0.17822699,0.77625227
16324,16.324,0.18797226,0.82807916
16325,16.325,0.18259943,0.7921701
16326,16.326,0.18029392,0.7974422
16327,16.327,0.17633167,0.81967604
16328,16.328,0.16365696,0.8181302
16329,16.329,0.16282551,0.78205717
16330,16.33,0.16156153,0.83311254
16331,16.331,0.17087981,0.8351835
16332,16.332,0.17175396,0.8337316
16333,16.333,0.1537524,0.81533355
16334,16.334,0.17809612,0.76611155
16335,16.335,0.18734045,0.7564642
16336,16.336,0.18075505,0.7962896
16337,16.337,0.17633097,0.77581
16338,16.338,0.17247428,0.7430856
16339,16.339,0.18910271,0.77763164
16340,16.34,0.16832624,0.78563523
16341,16.341,0.15845843,0.80248606
16342,16.342,0.15815412,0.81750697
16343,16.343,0.16513568,0.7982827
16344,16.344,0.168583,0.7894689
16345,16.345,0.1660738,0.7438858
16346,16.346,0.15888111,4.304014
16347,16.347,0.16940728,4.351546
16348,16.348,0.16549559,0.7880798
16349,16.349,0.15569931,0.7697856
16350,16.35,0.17631248,4.303036
16351,16.351,0.17636517,0.7892638
16352,16.352,0.1989842,4.32675
16353,16.353,0.19849163,4.33424
16354,16.354,0.1945923,4.7808795
16355,16.355,0.18377665,4.3709097
16356,16.356,0.18404695,4.256513
16357,16.357,0.19744582,4.3081126
16358,16.358,0.18231615,4.3150196
16359,16.359,0.16810715,4.2730412
16360,16.36,0.16419296,4.250385
16361,16.361,0.16829261,4.266848
16362,16.362,0.17475866,4.32242
16363,16.363,0.17975357,4.3415785
16364,16.364,0.19309413,4.3521304
16365,16.365,0.17999029,4.35823
16366,16.366,0.17417465,4.3249893
16367,16.367,0.18617949,4.3241143
16368,16.368,0.19309954,4.3171496
16369,16.369,0.17421246,4.3206105
16370,16.37,0.16530512,4.3357325
16371,16.371,0.17433003,4.3341303
16372,16.372,0.15622754,4.422809
16373,16.373,0.17220117,4.331429
16374,16.374,0.1634158,4.2943335
16375,16.375,0.1618925,4.397855
16376,16.376,0.15879783,4.306451
16377,16.377,0.15814984,4.3014503
16378,16.378,0.16845085,4.277742
16379,16.379,0.17035836,4.2709665
16380,16.38,0.17919718,4.28864
16381,16.381,0.16155733,4.2552648
16382,16.382,0.17323032,4.2313857
16383,16.383,0.17146498,4.230037
16384,16.384,0.15070246,4.2232656
16385,16.385,0.16953327,4.2700644
16386,16.386,0.16430496,4.2504735
16387,16.387,0.14699215,4.222376
16388,16.388,0.15948948,4.2126594
16389,16.389,0.17112267,4.2002497
16390,16.39,0.1805514,4.2311525
16391,16.391,0.17398027,4.2497168
16392,16.392,0.17287798,4.2545385
16393,16.393,0.17060882,4.300421
16394,16.394,0.17924318,4.300872
16395,16.395,0.17997456,4.3165255
16396,16.396,0.17720045,4.3092356
16397,16.397,0.16784966,4.3060155
16398,16.398,0.16791013,4.333555
16399,16.399,0.15887336,4.3064194
16400,16.4,0.17842297,4.2931504
16401,16.401,0.17638366,4.2856936
16402,16.402,0.16534829,4.7821155
16403,16.403,0.15959284,4.793856
16404,16.404,0.16449283,4.24279
16405,16.405,0.16021962,4.7920637
16406,16.406,0.1660575,4.205075
16407,16.407,0.171841,4.2554417
16408,16.408,0.16924632,4.2659225
16409,16.409,0.1694516,4.267368
16410,16.41,0.17393322,4.2842946
16411,16.411,0.17890303,4.2244263
16412,16.412,0.17649978,0.86649513
16413,16.413,0.1692085,4.2877336
16414,16.414,0.16899711,4.815326
16415,16.415,0.1697853,4.280152
16416,16.416,0.17102052,4.2220383
16417,16.417,0.17331058,4.238246
16418,16.418,0.1650358,4.775309
16419,16.419,0.17257343,4.7831774
16420,16.42,0.1604326,4.7914605
16421,16.421,0.16561228,4.6965437
16422,16.422,0.17082039,4.740029
16423,16.423,0.17136808,0.84633076
16424,16.424,0.18086259,0.9091779
16425,16.425,0.17407678,0.8792884
16426,16.426,0.17039916,0.8447489
16427,16.427,0.17946069,0.8302672
16428,16.428,0.16908301,0.7789177
16429,16.429,0.1828311,4.76212
16430,16.43,0.18078467,4.773168
16431,16.431,0.17471042,4.811876
16432,16.432,0.17944182,4.7854805
16433,16.433,0.19803172,4.7373347
16434,16.434,0.18177979,4.780959
16435,16.435,0.17861287,0.771519
16436,16.436,0.17845263,4.7411923
16437,16.437,0.18175542,4.7180796
16438,16.438,0.16838144,4.7296185
16439,16.439,0.16623822,4.6791806
16440,16.44,0.16538289,4.687742
16441,16.441,0.1588416,4.696231
16442,16.442,0.16521093,4.693196
16443,16.443,0.17523366,4.7095056
16444,16.444,0.1637979,4.5872545
16445,16.445,0.17255096,4.6926193
16446,16.446,0.15432398,4.723666
16447,16.447,0.15638737,4.718648
16448,16.448,0.1614842,4.7472453
16449,16.449,0.164605,4.7457223
16450,16.45,0.17143269,4.7608147
16451,16.451,0.15435229,4.7371287
16452,16.452,0.17116006,4.7237716
16453,16.453,0.16925177,4.729196
16454,16.454,0.16555357,4.743679
16455,16.455,0.17403153,4.7549205
16456,16.456,0.16634034,4.7823687
16457,16.457,0.15680423,4.751356
16458,16.458,0.15427135,4.7235737
16459,16.459,0.15231992,4.732642
16460,16.46,0.15363191,4.7705226
16461,16.461,0.1574605,4.7577753
16462,16.462,0.14251684,4.740445
16463,16.463,0.15457098,4.7969694
16464,16.464,0.14016089,4.833627
16465,16.465,0.15182713,4.796864
16466,16.466,0.14743768,4.77694
16467,16.467,0.14540766,4.7914467
16468,16.468,0.15457456,4.7613955
16469,16.469,0.18275233,4.6986356
16470,16.47,0.16563791,4.707696
16471,16.471,0.15640114,4.7493386
16472,16.472,0.16449134,4.7746325
16473,16.473,0.16282135,4.7422857
16474,16.474,0.16571292,4.7687254
16475,16.475,0.16534382,4.80012
16476,16.476,0.17075843,4.760637
16477,16.477,0.17281783,4.7758636
16478,16.478,0.17595267,4.7806497
16479,16.479,0.16840737,4.8049994
16480,16.48,0.18232763,4.2819667
16481,16.481,0.1979615,4.7787223
16482,16.482,0.21509361,4.7983036
16483,16.483,0.18774956,4.803645
16484,16.484,0.20295501,4.2537527
16485,16.485,0.21005593,4.829168
16486,16.486,0.1934017,4.8082023
16487,16.487,0.20122784,0.66880584
16488,16.488,0.23129858,0.6568495
16489,16.489,0.24309732,0.6680102
16490,16.49,0.23477526,0.69377875
16491,16.491,0.2417443,0.7260873
16492,16.492,0.2391339,0.65929854
16493,16.493,0.22802103,4.7745705
16494,16.494,0.21107134,4.826424
16495,16.495,0.20215613,4.7570043
16496,16.496,0.19817926,4.7737284
16497,16.497,0.1767398,4.7834897
16498,16.498,0.17562087,4.82229
16499,16.499,0.17406228,0.6755833
16500,16.5,0.1788597,0.7103043
16501,16.501,0.16923505,4.7634597
16502,16.502,0.16496831,4.769974
16503,16.503,0.16948645,4.7653894
16504,16.504,0.17151809,4.7720304
16505,16.505,0.16619934,4.7534037
16506,16.506,0.14817365,4.7629547
16507,16.507,0.13563664,4.2101073
16508,16.508,0.14530778,4.2631197
16509,16.509,0.14632805,4.135052
16510,16.51,0.1557562,4.197929
16511,16.511,0.16974327,4.232724
16512,16.512,0.18457739,4.2056994
16513,16.513,0.17908178,4.183711
16514,16.514,0.17798379,4.1830835
16515,16.515,0.1709626,4.192816
16516,16.516,0.15368716,4.229982
16517,16.517,0.15286024,4.266451
16518,16.518,0.16885069,4.216452
16519,16.519,0.16288066,4.2651424
16520,16.52,0.16224292,4.2360516
16521,16.521,0.17036955,4.204807
16522,16.522,0.14538778,4.251646
16523,16.523,0.16191569,4.2123957
16524,16.524,0.16300942,4.2310915
16525,16.525,0.14978062,4.2711997
16526,16.526,0.14068493,4.232757
16527,16.527,0.14764327,4.2575474
16528,16.528,0.14746563,4.227484
16529,16.529,0.15864703,4.216131
16530,16.53,0.15103768,4.303177
16531,16.531,0.15734793,4.833076
16532,16.532,0.1594999,4.741973
16533,16.533,0.15009618,4.6836686
16534,16.534,0.1532602,4.7341022
16535,16.535,0.16675594,4.6932797
16536,16.536,0.16479516,4.7357874
16537,16.537,0.17163892,4.749799
16538,16.538,0.18260178,4.6642957
16539,16.539,0.16445917,4.703741
16540,16.54,0.16306302,4.666892
16541,16.541,0.16743971,4.71703
16542,16.542,0.16780236,4.6789207
16543,16.543,0.17586733,4.680314
16544,16.544,0.1677877,4.7109456
16545,16.545,0.1821747,4.6863785
16546,16.546,0.17937975,4.7067995
16547,16.547,0.18903567,4.7059264
16548,16.548,0.18311825,4.7108574
16549,16.549,0.1805173,4.6717167
16550,16.55,0.19963217,4.652474
16551,16.551,0.19294368,4.659468
16552,16.552,0.18037751,4.6715536
16553,16.553,0.20505562,4.695933
16554,16.554,0.19699876,4.693242
16555,16.555,0.2057673,4.726915
16556,16.556,0.19406956,4.69826
16557,16.557,0.18949956,4.745722
16558,16.558,0.20406908,4.7702575
16559,16.559,0.19134548,4.75467
16560,16.56,0.19867972,4.706214
16561,16.561,0.19795963,4.7605233
16562,16.562,0.20903824,4.7570624
16563,16.563,0.17967552,4.7701626
16564,16.564,0.1793427,4.7767043
16565,16.565,0.16742611,4.7667947
16566,16.566,0.17706604,4.7048903
16567,16.567,0.18519737,4.769501
16568,16.568,0.19810535,4.777307
16569,16.569,0.17949873,4.7125373
16570,16.57,0.18442933,4.763602
16571,16.571,0.18835582,4.7909465
16572,16.572,0.18225911,4.798826
16573,16.573,0.1804007,4.773261
16574,16.574,0.1940851,4.774466
16575,16.575,0.18499161,4.8024073
16576,16.576,0.1875223,4.810345
16577,16.577,0.18796244,0.87607247
16578,16.578,0.18508007,4.7895865
16579,16.579,0.18733881,4.792213
16580,16.58,0.18306752,4.823629
16581,16.581,0.18651527,4.8368125
16582,16.582,0.20316923,4.803892
16583,16.583,0.18667355,0.86520594
16584,16.584,0.19788565,4.837007
16585,16.585,0.20546539,4.8917456
16586,16.586,0.19795653,4.8258653
16587,16.587,0.1961841,4.8652983
16588,16.588,0.17428942,4.83814
16589,16.589,0.18695448,4.8044424
16590,16.59,0.19664772,4.8855543
16591,16.591,0.20686029,4.827929
16592,16.592,0.19230165,4.230288
16593,16.593,0.19159903,4.185172
16594,16.594,0.18873012,4.1871777
16595,16.595,0.18806225,4.153966
16596,16.596,0.19208235,4.1621695
16597,16.597,0.20424266,4.128943
16598,16.598,0.20875107,4.1651163
16599,16.599,0.20932385,4.216314
16600,16.6,0.2082172,4.229491
16601,16.601,0.196349,4.2197013
16602,16.602,0.19375926,4.23494
16603,16.603,0.19938268,4.264498
16604,16.604,0.20727895,4.2376933
16605,16.605,0.20822902,0.76230115
16606,16.606,0.19548947,4.7500057
16607,16.607,0.20346609,0.7644828
16608,16.608,0.21765538,0.74473786
16609,16.609,0.20031369,0.7787106
16610,16.61,0.18658552,0.83689827
16611,16.611,0.2027363,0.813313
16612,16.612,0.19897524,0.83637726
16613,16.613,0.21006706,0.7619623
16614,16.614,0.21435979,0.81127733
16615,16.615,0.18790156,0.8107924
16616,16.616,0.20163043,0.8035328
16617,16.617,0.19256607,0.78438914
16618,16.618,0.2004147,0.81130326
16619,16.619,0.19346881,0.7590333
16620,16.62,0.19861405,0.7577353
16621,16.621,0.19210477,0.7123787
16622,16.622,0.17754179,0.71463156
16623,16.623,0.19379704,0.7411073
16624,16.624,0.17566921,0.71259457
16625,16.625,0.18060455,0.6651226
16626,16.626,0.18295051,0.72702175
16627,16.627,0.18020926,0.76671326
16628,16.628,0.18438195,0.72139466
16629,16.629,0.18472467,0.7838467
16630,16.63,0.1624578,0.70397305
16631,16.631,0.17598799,0.78930867
16632,16.632,0.1627314,0.76668364
16633,16.633,0.1831804,0.74731
16634,16.634,0.1830181,0.7189049
16635,16.635,0.19703124,0.7497042
16636,16.636,0.18244672,0.8103388
16637,16.637,0.19068743,0.7646595
16638,16.638,0.18071318,0.78028625
16639,16.639,0.17723587,0.8001251
16640,16.64,0.19414374,0.78862303
16641,16.641,0.19968116,0.86600053
16642,16.642,0.18499526,0.80457664
16643,16.643,0.18207166,0.80663
16644,16.644,0.16387826,0.7704479
16645,16.645,0.16725588,0.76094335
16646,16.646,0.18947262,0.80991864
16647,16.647,0.1961104,0.84104484
16648,16.648,0.220284,0.78664386
16649,16.649,0.21418837,0.8312803
16650,16.65,0.20021936,4.0352054
16651,16.651,0.19101626,0.80124444
16652,16.652,0.19795497,3.9973748
16653,16.653,0.1852834,0.80241853
16654,16.654,0.18476097,0.82594144
16655,16.655,0.18555616,0.8478251
16656,16.656,0.19101077,0.7777488
16657,16.657,0.19927372,0.81436
16658,16.658,0.2139711,0.7892968
16659,16.659,0.2013452,0.79594135
16660,16.66,0.21688908,0.76149714
16661,16.661,0.21806291,0.7788907
16662,16.662,0.23027244,0.7558223
16663,16.663,0.21716125,0.755118
16664,16.664,0.21099408,0.74984807
16665,16.665,0.21575053,3.9683478
16666,16.666,0.21092787,0.6897367
16667,16.667,0.20349996,0.72292143
16668,16.668,0.20158038,0.75760955
16669,16.669,0.21284467,4.0416193
16670,16.67,0.1941111,4.0382056
16671,16.671,0.20447841,3.9929712
16672,16.672,0.20634718,4.0308642
16673,16.673,0.2005077,4.0017605
16674,16.674,0.20148695,4.051531
16675,16.675,0.20420983,4.0580783
16676,16.676,0.20118777,3.9997034
16677,16.677,0.2027008,4.082395
16678,16.678,0.2025356,4.1059337
16679,16.679,0.20914006,4.0727577
16680,16.68,0.1998635,4.0945363
16681,16.681,0.19868745,4.078129
16682,16.682,0.19430341,4.0305257
16683,16.683,0.17751406,4.0824914
16684,16.684,0.19224627,4.036887
16685,16.685,0.19122164,4.0555167
16686,16.686,0.18915085,4.0602274
16687,16.687,0.21537206,4.0274954
16688,16.688,0.21015374,4.015793
16689,16.689,0.20903294,4.0490327
16690,16.69,0.2147495,4.070383
16691,16.691,0.20492776,4.09988
16692,16.692,0.20359245,4.102821
16693,16.693,0.20128287,4.1321254
16694,16.694,0.21459216,4.511427
16695,16.695,0.2229269,4.1405153
16696,16.696,0.22849974,4.488283
16697,16.697,0.21784978,4.0776916
16698,16.698,0.20677283,4.094567
16699,16.699,0.19941662,4.0850387
16700,16.7,0.20223401,4.1678705
16701,16.701,0.2071991,4.121424
16702,16.702,0.20457707,4.0734415
16703,16.703,0.19597073,4.1063304
16704,16.704,0.21538234,4.1262026
16705,16.705,0.20040642,4.074974
16706,16.706,0.21097629,4.102711
16707,16.707,0.21593753,4.4749436
16708,16.708,0.21762286,4.4972105
16709,16.709,0.21542546,4.544272
16710,16.71,0.22717488,4.077121
16711,16.711,0.22334602,4.056639
16712,16.712,0.2063433,4.053486
16713,16.713,0.20850186,4.064916
16714,16.714,0.19932465,4.1072664
16715,16.715,0.2060464,4.0886383
16716,16.716,0.20094389,4.1292353
16717,16.717,0.2072926,4.047204
16718,16.718,0.21422341,4.146341
16719,16.719,0.20102134,0.7082214
16720,16.72,0.2048746,0.6894425
16721,16.721,0.20151901,0.76015615
16722,16.722,0.1995995,3.984618
16723,16.723,0.19699845,0.7266283
16724,16.724,0.19138311,4.080805
16725,16.725,0.20336083,4.1424274
16726,16.726,0.20278335,4.116578
16727,16.727,0.201811,4.1618505
16728,16.728,0.19430752,0.6702316
16729,16.729,0.20534916,0.6897697
16730,16.73,0.21030009,4.05411
16731,16.731,0.19627096,0.72200376
16732,16.732,0.2045428,4.1410275
16733,16.733,0.18085475,4.0508914
16734,16.734,0.20820212,0.6214515
16735,16.735,0.20214912,4.044259
16736,16.736,0.19257149,0.6747762
16737,16.737,0.18887155,3.9810991
16738,16.738,0.1871686,4.029417
16739,16.739,0.19892235,4.0626025
16740,16.74,0.19754334,0.72706634
16741,16.741,0.1951729,0.7538087
16742,16.742,0.19636217,0.7127012
16743,16.743,0.20475745,0.70931846
16744,16.744,0.19593556,0.73733354
16745,16.745,0.19847955,0.73810136
16746,16.746,0.1860856,0.7387274
16747,16.747,0.20188384,0.7124801
16748,16.748,0.20900851,0.69175416
16749,16.749,0.21429348,0.63754904
16750,16.75,0.21193998,0.7031419
16751,16.751,0.21310525,0.6557003
16752,16.752,0.18468703,0.67967474
16753,16.753,0.19619823,4.0341015
16754,16.754,0.21092555,4.0021367
16755,16.755,0.19816497,4.1229362
16756,16.756,0.2002673,4.0937424
16757,16.757,0.19765854,4.119628
16758,16.758,0.1937005,4.078032
16759,16.759,0.1945828,4.0773215
16760,16.76,0.1990179,4.080862
16761,16.761,0.19711243,4.039048
16762,16.762,0.19830558,3.9991665
16763,16.763,0.19884965,4.077132
16764,16.764,0.19235794,4.0038576
16765,16.765,0.2006209,4.042988
16766,16.766,0.20295197,4.0254655
16767,16.767,0.18509634,0.7916997
16768,16.768,0.19546995,0.78224856
16769,16.769,0.1906471,0.7554952
16770,16.77,0.18060794,0.8223416
16771,16.771,0.19082224,0.79404694
16772,16.772,0.19226933,0.7879308
16773,16.773,0.19688474,3.9898694
16774,16.774,0.17666668,3.9586842
16775,16.775,0.18818785,4.030571
16776,16.776,0.19178806,4.00775
16777,16.777,0.18528274,0.78478706
16778,16.778,0.19868776,0.82887596
16779,16.779,0.19309604,0.7452705
16780,16.78,0.1962926,0.7611446
16781,16.781,0.20692186,0.7558111
16782,16.782,0.19675188,0.8119102
16783,16.783,0.20584205,0.76719975
16784,16.784,0.21276313,0.70229346
16785,16.785,0.20753081,4.110094
16786,16.786,0.19399855,4.0434213
16787,16.787,0.20835102,4.1031823
16788,16.788,0.2019524,4.0783577
16789,16.789,0.20316437,4.086436
16790,16.79,0.19353844,0.73058677
16791,16.791,0.21081145,0.7457375
16792,16.792,0.20053992,3.9989748
16793,16.793,0.18827054,0.7897482
16794,16.794,0.20157182,4.1468005
16795,16.795,0.1927082,4.091048
16796,16.796,0.20306835,4.063177
16797,16.797,0.2123066,4.0760446
16798,16.798,0.20623623,4.051814
16799,16.799,0.19809914,4.066365
16800,16.8,0.18381347,4.608441
16801,16.801,0.1878842,4.5517955
16802,16.802,0.18493606,4.1595764
16803,16.803,0.17747317,4.1545076
16804,16.804,0.17308855,4.1658773
16805,16.805,0.1833503,4.5675097
16806,16.806,0.1766193,4.068158
16807,16.807,0.1849344,4.1566267
16808,16.808,0.1757578,4.1267977
16809,16.809,0.17852536,4.0929203
16810,16.81,0.1890526,4.1345534
16811,16.811,0.21228805,4.1059675
16812,16.812,0.1959861,4.1473637
16813,16.813,0.18720378,4.1669273
16814,16.814,0.1812802,4.585852
16815,16.815,0.19677658,5.848401
16816,16.816,0.1969088,4.5798492
16817,16.817,0.18738051,4.156001
16818,16.818,0.21454857,4.144105
16819,16.819,0.19936416,4.562134
16820,16.82,0.20339924,4.1963115
16821,16.821,0.20463422,4.132657
16822,16.822,0.22320548,4.5365624
16823,16.823,0.21713121,4.5483456
16824,16.824,0.21254759,4.558035
16825,16.825,0.19639067,4.5705266
16826,16.826,0.21333553,4.5539637
16827,16.827,0.21573,4.5389156
16828,16.828,0.22015129,4.5732064
16829,16.829,0.21182352,4.063213
16830,16.83,0.20204286,4.127186
16831,16.831,0.22774859,4.1417246
16832,16.832,0.23142359,4.1310787
16833,16.833,0.23254044,4.1564527
16834,16.834,0.22466882,4.1548834
16835,16.835,0.22779235,4.1850305
16836,16.836,0.2119687,4.627259
16837,16.837,0.23120148,4.1005287
16838,16.838,0.22729482,4.129309
16839,16.839,0.23188122,4.1511693
16840,16.84,0.24158542,4.143028
16841,16.841,0.24758956,4.128364
16842,16.842,0.2550559,5.9898305
16843,16.843,0.26110774,5.9355845
16844,16.844,0.24934375,4.615341
16845,16.845,0.26213217,5.927723
16846,16.846,0.24785605,4.097053
16847,16.847,0.2492591,4.064992
16848,16.848,0.24573347,4.1397324
16849,16.849,0.25200438,5.899594
16850,16.85,0.26054984,4.0746894
16851,16.851,0.25789696,4.590004
16852,16.852,0.27001065,4.5303
16853,16.853,0.25728166,4.5179358
16854,16.854,0.25853935,4.5235157
16855,16.855,0.28114694,4.5205746
16856,16.856,0.27822176,5.868697
16857,16.857,0.26359928,5.8328414
16858,16.858,0.27707875,3.982321
16859,16.859,0.27164388,4.092061
16860,16.86,0.28592357,4.0679207
16861,16.861,0.26720583,4.1373425
16862,16.862,0.28842452,4.1063867
16863,16.863,0.28477278,4.073184
16864,16.864,0.2838394,4.0816364
16865,16.865,0.2559702,4.098495
16866,16.866,0.266821,4.0906277
16867,16.867,0.25451326,4.13426
16868,16.868,0.25623208,4.0665483
16869,16.869,0.23288706,4.0611157
16870,16.87,0.23080862,4.0881615
16871,16.871,0.22988361,4.0476375
16872,16.872,0.2274891,4.011978
16873,16.873,0.21726492,3.9941874
16874,16.874,0.23521067,3.9938068
16875,16.875,0.23046902,4.0696297
16876,16.876,0.22940779,4.6300983
16877,16.877,0.23765348,4.5381284
16878,16.878,0.23649338,4.593421
16879,16.879,0.22523525,4.5420113
16880,16.88,0.23447211,4.5576725
16881,16.881,0.24438748,4.5470185
16882,16.882,0.22645983,4.594035
16883,16.883,0.23746157,4.6037765
16884,16.884,0.24291958,4.5925765
16885,16.885,0.2334412,4.534111
16886,16.886,0.24049701,4.5462537
16887,16.887,0.2054579,4.513569
16888,16.888,0.19967039,4.528339
16889,16.889,0.20926212,4.5653915
16890,16.89,0.21394722,4.556715
16891,16.891,0.20804515,4.546846
16892,16.892,0.2193696,4.550449
16893,16.893,0.20678206,4.5398855
16894,16.894,0.22251113,4.566812
16895,16.895,0.21834347,5.937925
16896,16.896,0.20811523,4.554668
16897,16.897,0.22868438,4.530897
16898,16.898,0.21780007,4.566431
16899,16.899,0.2108882,4.5779724
16900,16.9,0.19098823,4.5860877
16901,16.901,0.1948293,4.5488706
16902,16.902,0.19024777,4.585692
16903,16.903,0.18493739,4.5606494
16904,16.904,0.17286411,4.5347323
16905,16.905,0.1789835,4.5697145
16906,16.906,0.19559047,4.5937767
16907,16.907,0.19638346,4.524704
16908,16.908,0.16681165,4.5902085
16909,16.909,0.18461706,4.6412845
16910,16.91,0.16783279,4.590556
16911,16.911,0.1791041,4.60004
16912,16.912,0.16656803,4.626771
16913,16.913,0.17458288,4.645336
16914,16.914,0.1842945,4.629828
16915,16.915,0.17484279,4.619802
16916,16.916,0.1774052,4.5957127
16917,16.917,0.17601666,4.607727
16918,16.918,0.19303231,4.5783324
16919,16.919,0.17617808,4.599778
16920,16.92,0.18574573,4.599256
16921,16.921,0.16832113,4.6114035
16922,16.922,0.1785581,4.590424
16923,16.923,0.1816037,4.114284
16924,16.924,0.17211755,4.5569367
16925,16.925,0.17748079,4.547966
16926,16.926,0.1814098,4.618761
16927,16.927,0.20502742,4.6369114
16928,16.928,0.1815417,4.5791516
16929,16.929,0.18330061,4.6038504
16930,16.93,0.17103061,4.6481643
16931,16.931,0.1854759,4.6760693
16932,16.932,0.16005442,4.6875644
16933,16.933,0.16089943,4.660965
16934,16.934,0.17356032,4.672575
16935,16.935,0.16026762,4.6834335
16936,16.936,0.15948407,4.641976
16937,16.937,0.15936057,4.6097198
16938,16.938,0.14485484,4.6509547
16939,16.939,0.14314833,4.6467204
16940,16.94,0.13834538,4.6606297
16941,16.941,0.14022629,4.68667
16942,16.942,0.13837872,4.6133337
16943,16.943,0.14636715,4.674783
16944,16.944,0.14119744,4.6370897
16945,16.945,0.15848522,4.6558175
16946,16.946,0.1672636,4.633961
16947,16.947,0.16349562,4.6764145
16948,16.948,0.15805176,4.666325
16949,16.949,0.15736435,4.609155
16950,16.95,0.1653215,4.6619296
16951,16.951,0.15835628,4.639538
16952,16.952,0.16332391,4.6857896
16953,16.953,0.15899491,4.6517982
16954,16.954,0.18202332,4.6679134
16955,16.955,0.18454373,4.678677
16956,16.956,0.19124739,4.6302953
16957,16.957,0.18541087,4.652964
16958,16.958,0.18108562,4.684587
16959,16.959,0.17301816,4.66645
16960,16.96,0.17165829,4.6797166
16961,16.961,0.18305205,4.70451
16962,16.962,0.18856704,4.70208
16963,16.963,0.18029767,4.7348804
16964,16.964,0.1598467,4.71303
16965,16.965,0.17889924,4.6243234
16966,16.966,0.1721808,4.667069
16967,16.967,0.17192046,4.691091
16968,16.968,0.17472662,4.6518574
16969,16.969,0.17987539,4.660186
16970,16.97,0.1732456,4.6600413
16971,16.971,0.20079625,4.7042456
16972,16.972,0.16823155,4.723248
16973,16.973,0.18868023,4.6950383
16974,16.974,0.17836675,6.0279455
16975,16.975,0.16112871,4.683274
16976,16.976,0.16785516,6.0256486
16977,16.977,0.1700265,4.7524357
16978,16.978,0.17554133,5.988442
16979,16.979,0.17264329,4.6579666
16980,16.98,0.17423964,4.640197
16981,16.981,0.16554317,4.6208587
16982,16.982,0.15033129,6.037184
16983,16.983,0.16503617,6.0936875
16984,16.984,0.16530699,4.721224
16985,16.985,0.14684013,6.082273
16986,16.986,0.14667536,4.691685
16987,16.987,0.15173998,4.6996975
16988,16.988,0.14684013,4.713285
16989,16.989,0.1529737,4.705306
16990,16.99,0.17019467,4.668149
16991,16.991,0.15138882,4.625476
16992,16.992,0.15585415,4.599722
16993,16.993,0.14232935,4.674753
16994,16.994,0.14308041,4.6361423
16995,16.995,0.14460658,4.6660056
16996,16.996,0.13848318,4.68468
16997,16.997,0.14232244,4.678325
16998,16.998,0.1461627,4.6970897
16999,16.999,0.16306302,4.668323
17000,17.0,0.1604537,4.6197863
17001,17.001,0.15012734,4.65366
17002,17.002,0.14030568,4.64834
17003,17.003,0.16285346,4.6604567
17004,17.004,0.16526902,4.689511
17005,17.005,0.15715542,4.651027
17006,17.006,0.1485473,4.6509695
17007,17.007,0.14768493,4.690133
17008,17.008,0.165548,4.6449947
17009,17.009,0.16298339,4.6177597
17010,17.01,0.17082074,4.6464963
17011,17.011,0.15332563,4.680945
17012,17.012,0.15455306,4.628364
17013,17.013,0.1769847,4.6601067
17014,17.014,0.17203207,4.698942
17015,17.015,0.19070807,4.703662
17016,17.016,0.19568513,4.7019825
17017,17.017,0.20414475,6.0865383
17018,17.018,0.18255325,6.051559
17019,17.019,0.18362592,6.074625
17020,17.02,0.19362012,6.081238
17021,17.021,0.17943393,6.1350207
17022,17.022,0.18729644,6.1264973
17023,17.023,0.19618003,6.1526103
17024,17.024,0.18117087,6.1764793
17025,17.025,0.18476965,6.109634
17026,17.026,0.16181459,4.7031374
17027,17.027,0.16775799,6.0564127
17028,17.028,0.17404425,6.063756
17029,17.029,0.16637066,6.0731287
17030,17.03,0.17074221,6.078646
17031,17.031,0.1822787,6.082877
17032,17.032,0.16602303,6.046619
17033,17.033,0.16860674,6.0771155
17034,17.034,0.16776276,6.078544
17035,17.035,0.16808702,6.067159
17036,17.036,0.17437272,6.0331655
17037,17.037,0.17998174,6.0816064
17038,17.038,0.17209966,6.0016484
17039,17.039,0.16277789,6.0616064
17040,17.04,0.1893079,6.0761375
17041,17.041,0.17968272,6.059939
17042,17.042,0.18908644,6.0351486
17043,17.043,0.19725502,5.963651
17044,17.044,0.18134162,5.980222
17045,17.045,0.18772924,5.9889264
17046,17.046,0.18750985,6.038676
17047,17.047,0.17761074,4.6373115
17048,17.048,0.17687377,5.9923363
17049,17.049,0.19601971,5.9912395
17050,17.05,0.17388652,5.938886
17051,17.051,0.17533441,5.9216237
17052,17.052,0.16940401,5.9272156
17053,17.053,0.17342202,5.931081
17054,17.054,0.16752714,5.9155016
17055,17.055,0.17482449,4.5850306
17056,17.056,0.16258425,4.6207023
17057,17.057,0.1465524,4.677816
17058,17.058,0.15807629,4.697033
17059,17.059,0.1300439,4.684855
17060,17.06,0.13232146,4.6322274
17061,17.061,0.13735586,5.973862
17062,17.062,0.16252482,6.0461516
17063,17.063,0.14891383,6.059883
17064,17.064,0.14122313,6.030318
17065,17.065,0.13432433,6.0803533
17066,17.066,0.12999326,4.7116146
17067,17.067,0.114474215,4.6582785
17068,17.068,0.12859611,6.0164866
17069,17.069,0.14259668,4.6804743
17070,17.07,0.13802435,6.0076604
17071,17.071,0.13772848,6.0130234
17072,17.072,0.1339505,4.598554
17073,17.073,0.13381079,6.073507
17074,17.074,0.13195221,6.0454016
17075,17.075,0.14403446,6.014459
17076,17.076,0.13554771,6.0309386
17077,17.077,0.12946111,5.9919815
17078,17.078,0.13604836,5.989565
17079,17.079,0.13398632,6.0771484
17080,17.08,0.15487519,6.031346
17081,17.081,0.16394995,4.674652
17082,17.082,0.15866216,6.059864
17083,17.083,0.14763993,4.68579
17084,17.084,0.14625065,5.988129
17085,17.085,0.14790016,4.662893
17086,17.086,0.14216974,4.637553
17087,17.087,0.13512355,6.0231547
17088,17.088,0.13188131,6.0524015
17089,17.089,0.11478553,6.044133
17090,17.09,0.11607757,6.0276423
17091,17.091,0.12790191,4.692108
17092,17.092,0.14336866,6.054443
17093,17.093,0.12396451,6.0874662
17094,17.094,0.12993313,4.6755323
17095,17.095,0.12534997,4.684342
17096,17.096,0.13441865,4.6377807
17097,17.097,0.1468552,5.9964485
17098,17.098,0.15007691,6.0602965
17099,17.099,0.15789714,6.0732074
17100,17.1,0.14597315,5.994912
17101,17.101,0.15478061,6.0135794
17102,17.102,0.15185387,5.96819
17103,17.103,0.17193691,6.007649
17104,17.104,0.14449677,6.0766015
17105,17.105,0.13897282,6.118661
17106,17.106,0.1383685,6.0729675
17107,17.107,0.14371885,6.0819926
17108,17.108,0.14199695,5.978306
17109,17.109,0.13006991,5.9741073
17110,17.11,0.15901619,5.9736676
17111,17.111,0.1565368,6.021949
17112,17.112,0.16373591,5.9959235
17113,17.113,0.16275181,4.609181
17114,17.114,0.15874435,6.033759
17115,17.115,0.1527064,6.045902
17116,17.116,0.1446321,6.0534043
17117,17.117,0.15649985,6.0430055
17118,17.118,0.16446702,6.050953
17119,17.119,0.14263205,4.59491
17120,17.12,0.14373769,6.0087667
17121,17.121,0.14318916,5.972335
17122,17.122,0.14481619,5.977058
17123,17.123,0.14911325,5.92971
17124,17.124,0.13662602,6.0426173
17125,17.125,0.14669089,5.9593396
17126,17.126,0.14095232,5.96216
17127,17.127,0.12702434,5.9472704
17128,17.128,0.14234793,6.0099225
17129,17.129,0.142541,6.01302
17130,17.13,0.13401204,5.948991
17131,17.131,0.14227574,5.9978986
17132,17.132,0.1347163,6.008306
17133,17.133,0.13691527,5.948167
17134,17.134,0.12188835,5.9502335
17135,17.135,0.1349317,5.963512
17136,17.136,0.1290403,5.9512525
17137,17.137,0.12261559,5.982403
17138,17.138,0.13368659,5.9982476
17139,17.139,0.13484733,6.040396
17140,17.14,0.13035248,6.004471
17141,17.141,0.12080379,4.6328096
17142,17.142,0.1311773,5.9822693
17143,17.143,0.12409399,6.0094748
17144,17.144,0.13406345,5.942237
17145,17.145,0.12582812,5.9799094
17146,17.146,0.12420153,5.9296002
17147,17.147,0.111769386,5.9790354
17148,17.148,0.11469062,5.960436
17149,17.149,0.11255765,5.9848394
17150,17.15,0.11425094,6.074315
17151,17.151,0.1184149,5.991555
17152,17.152,0.12656724,5.9983974
17153,17.153,0.11178865,6.0347395
17154,17.154,0.108158216,6.003901
17155,17.155,0.113490164,6.018246
17156,17.156,0.119794175,6.083377
17157,17.157,0.12628303,6.00955
17158,17.158,0.11298757,5.9903235
17159,17.159,0.13505477,6.041957
17160,17.16,0.13289957,5.986448
17161,17.161,0.1329042,5.9817495
17162,17.162,0.12199935,6.0150514
17163,17.163,0.13175343,5.989732
17164,17.164,0.12599476,5.9856005
17165,17.165,0.1304973,5.9810166
17166,17.166,0.15146807,4.670691
17167,17.167,0.14087723,5.999614
17168,17.168,0.15343355,5.988922
17169,17.169,0.13945721,5.978636
17170,17.17,0.1386266,5.9553947
17171,17.171,0.13931552,5.926046
17172,17.172,0.14898735,6.014322
17173,17.173,0.14260013,6.0222497
17174,17.174,0.13718195,5.997038
17175,17.175,0.13474919,4.7287273
17176,17.176,0.12647144,5.9516745
17177,17.177,0.13444749,4.6935105
17178,17.178,0.13331835,4.6157303
17179,17.179,0.12877159,5.906964
17180,17.18,0.1307366,5.8237977
17181,17.181,0.13458197,5.8913817
17182,17.182,0.15266488,4.563873
17183,17.183,0.13999529,4.6271386
17184,17.184,0.14690213,4.6282277
17185,17.185,0.13266742,4.646939
17186,17.186,0.13482724,5.966547
17187,17.187,0.13287595,5.929391
17188,17.188,0.12996154,4.6610622
17189,17.189,0.12954426,6.0180326
17190,17.19,0.13000368,6.0213947
17191,17.191,0.13954806,6.0196924
17192,17.192,0.15097941,6.0690327
17193,17.193,0.15267578,4.696516
17194,17.194,0.12880503,4.69421
17195,17.195,0.12892343,4.6840696
17196,17.196,0.13611484,4.7287774
17197,17.197,0.12570679,6.038096
17198,17.198,0.13822792,6.041357
17199,17.199,0.13812506,4.388782
17200,17.2,0.14245854,0.8759931
17201,17.201,0.13097733,0.9004067
17202,17.202,0.1184362,4.2767653
17203,17.203,0.122102186,4.9227653
17204,17.204,0.10842922,4.912274
17205,17.205,0.10786372,4.967606
17206,17.206,0.122131415,4.9714656
17207,17.207,0.1263108,4.986177
17208,17.208,0.12783839,5.0084844
17209,17.209,0.12526846,6.0683684
17210,17.21,0.13356365,4.419078
17211,17.211,0.12729482,4.4450374
17212,17.212,0.11415505,5.066777
17213,17.213,0.11905487,4.414973
17214,17.214,0.119528346,4.7577987
17215,17.215,0.13298842,4.7211404
17216,17.216,0.12727356,4.749343
17217,17.217,0.12162457,4.717408
17218,17.218,0.13372985,4.676725
17219,17.219,0.12786198,5.9836693
17220,17.22,0.13731688,4.7109113
17221,17.221,0.13586327,4.709072
17222,17.222,0.12107546,4.6762133
17223,17.223,0.13737243,4.7558637
17224,17.224,0.122443356,4.762221
17225,17.225,0.13384344,4.834783
17226,17.226,0.12541376,4.6795344
17227,17.227,0.1280053,4.783222
17228,17.228,0.1419211,4.7367043
17229,17.229,0.1436345,4.7799697
17230,17.23,0.14325576,4.7633953
17231,17.231,0.123542406,4.73378
17232,17.232,0.124257006,4.716296
17233,17.233,0.13274299,4.7579184
17234,17.234,0.12913658,5.0372505
17235,17.235,0.1194202,5.037251
17236,17.236,0.11314919,4.3905687
17237,17.237,0.12004814,6.048026
17238,17.238,0.11322258,6.0247498
17239,17.239,0.13150334,5.98031
17240,17.24,0.12233678,4.6949587
17241,17.241,0.11882881,4.6621013
17242,17.242,0.12341186,4.7042933
17243,17.243,0.118308336,4.6101847
17244,17.244,0.12480936,4.5701337
17245,17.245,0.12110188,4.621744
17246,17.246,0.12752035,4.6554794
17247,17.247,0.13189532,4.6575584
17248,17.248,0.124385186,4.6545243
17249,17.249,0.121562324,5.013223
17250,17.25,0.1252606,4.9944654
17251,17.251,0.13409695,4.7245502
17252,17.252,0.12939931,4.7496796
17253,17.253,0.12737648,4.727763
17254,17.254,0.12474181,4.7029724
17255,17.255,0.13615415,4.685039
17256,17.256,0.1483977,4.745084
17257,17.257,0.12904793,4.661344
17258,17.258,0.13037938,4.708774
17259,17.259,0.14032803,4.692048
17260,17.26,0.14330986,4.709911
17261,17.261,0.14401865,4.641912
17262,17.262,0.14627506,4.676463
17263,17.263,0.155924,4.641759
17264,17.264,0.17336667,4.664923
17265,17.265,0.16531964,4.682172
17266,17.266,0.15680699,4.2229466
17267,17.267,0.16136262,4.700553
17268,17.268,0.14918834,4.6392765
17269,17.269,0.14162514,4.6883707
17270,17.27,0.14879768,4.6693497
17271,17.271,0.17189361,4.6422234
17272,17.272,0.16838509,5.058376
17273,17.273,0.14941417,5.0684495
17274,17.274,0.1512693,0.8544589
17275,17.275,0.16145906,0.8219597
17276,17.276,0.15018797,0.8760512
17277,17.277,0.15214977,0.85461324
17278,17.278,0.15019126,0.86947054
17279,17.279,0.14555822,0.8814581
17280,17.28,0.13922052,0.8423659
17281,17.281,0.13996497,0.8564444
17282,17.282,0.1390547,4.2352757
17283,17.283,0.14993253,0.87089264
17284,17.284,0.15622874,0.8222292
17285,17.285,0.14702731,0.83169776
17286,17.286,0.16241917,0.8213819
17287,17.287,0.15906571,0.8067398
17288,17.288,0.15407062,0.82145333
17289,17.289,0.16907355,0.8065808
17290,17.29,0.16969614,0.78744036
17291,17.291,0.16422218,0.74168843
17292,17.292,0.13490981,0.7650929
17293,17.293,0.14446867,0.7306884
17294,17.294,0.13318491,0.777654
17295,17.295,0.14532344,0.79006195
17296,17.296,0.15002483,0.80293745
17297,17.297,0.14793302,0.79704773
17298,17.298,0.14080907,0.80116755
17299,17.299,0.14875095,0.8108409
17300,17.3,0.14797753,0.8144059
17301,17.301,0.17894532,0.8200071
17302,17.302,0.16212152,0.82137823
17303,17.303,0.16172482,0.85147613
17304,17.304,0.16253732,0.85067725
17305,17.305,0.17893432,4.232976
17306,17.306,0.15969189,4.213367
17307,17.307,0.15849105,4.795747
17308,17.308,0.15430684,4.5335894
17309,17.309,0.1662508,4.786661
17310,17.31,0.16663487,6.1393027
17311,17.311,0.16172749,4.7231283
17312,17.312,0.1716167,4.7222495
17313,17.313,0.16790134,4.722736
17314,17.314,0.15218414,4.6881456
17315,17.315,0.14231724,4.6686306
17316,17.316,0.13814555,4.713221
17317,17.317,0.14882496,4.7114024
17318,17.318,0.17242791,4.7697616
17319,17.319,0.15808797,4.727171
17320,17.32,0.15553762,4.7608232
17321,17.321,0.15000638,4.7307754
17322,17.322,0.1464516,4.684559
17323,17.323,0.15231426,4.7380304
17324,17.324,0.15727948,4.7259903
17325,17.325,0.1452993,4.71636
17326,17.326,0.137678,4.6757064
17327,17.327,0.122827165,4.6642694
17328,17.328,0.124341644,4.6655755
17329,17.329,0.12645733,4.70928
17330,17.33,0.16968635,4.6871767
17331,17.331,0.16982879,4.7161865
17332,17.332,0.15379322,4.7099967
17333,17.333,0.16265462,4.7284884
17334,17.334,0.1458015,4.6873045
17335,17.335,0.16339962,4.6840563
17336,17.336,0.15952767,4.694487
17337,17.337,0.15592875,4.6916246
17338,17.338,0.15264353,4.7054734
17339,17.339,0.1509513,4.684245
17340,17.34,0.14150387,4.6192408
17341,17.341,0.14192067,4.641322
17342,17.342,0.12871471,4.64997
17343,17.343,0.14951791,4.641782
17344,17.344,0.15513003,4.634758
17345,17.345,0.14870586,4.6134715
17346,17.346,0.14351964,4.5654435
17347,17.347,0.15309352,4.6026397
17348,17.348,0.15689643,4.5968003
17349,17.349,0.14741555,4.6180077
17350,17.35,0.158799,4.660396
17351,17.351,0.15626615,4.57453
17352,17.352,0.1421455,4.594994
17353,17.353,0.15292382,4.6115184
17354,17.354,0.13298427,4.5984693
17355,17.355,0.1480033,4.616914
17356,17.356,0.14434637,4.647178
17357,17.357,0.1539076,4.690344
17358,17.358,0.14585465,4.683978
17359,17.359,0.13756801,4.704552
17360,17.36,0.13276477,4.6893764
17361,17.361,0.12945588,4.720327
17362,17.362,0.12670814,4.6866117
17363,17.363,0.13221401,4.694824
17364,17.364,0.12513185,4.680587
17365,17.365,0.12645394,4.7023797
17366,17.366,0.12688914,4.6728396
17367,17.367,0.123660885,4.6637926
17368,17.368,0.12465843,4.6503177
17369,17.369,0.12871997,4.6615176
17370,17.37,0.13298565,4.685613
17371,17.371,0.14798583,4.6828384
17372,17.372,0.1504123,4.6942477
17373,17.373,0.15273258,4.7309127
17374,17.374,0.1648672,4.6898413
17375,17.375,0.1529532,4.730809
17376,17.376,0.16012935,4.6915708
17377,17.377,0.16250287,4.7075815
17378,17.378,0.16438696,4.672909
17379,17.379,0.17093956,4.6479783
17380,17.38,0.16021156,4.6781416
17381,17.381,0.14828281,4.6691422
17382,17.382,0.15135631,4.6704903
17383,17.383,0.14131983,4.63204
17384,17.384,0.1396741,4.6360865
17385,17.385,0.14360236,4.645739
17386,17.386,0.14181659,4.656292
17387,17.387,0.14016616,4.6674833
17388,17.388,0.14542459,4.5868316
17389,17.389,0.1424391,4.613256
17390,17.39,0.14985414,4.639859
17391,17.391,0.13859199,4.653368
17392,17.392,0.15482631,4.623175
17393,17.393,0.14706956,4.5786877
17394,17.394,0.13573731,4.636327
17395,17.395,0.1394925,4.6299644
17396,17.396,0.14499155,4.6394405
17397,17.397,0.14075401,4.6173415
17398,17.398,0.15023345,4.673733
17399,17.399,0.15871218,4.0425887
17400,17.4,0.16116498,4.042192
17401,17.401,0.15928604,4.0590796
17402,17.402,0.16198409,4.074895
17403,17.403,0.16116802,4.650562
17404,17.404,0.14746271,4.630419
17405,17.405,0.16489482,4.630618
17406,17.406,0.16916633,4.0490203
17407,17.407,0.18824375,4.633678
17408,17.408,0.16745183,4.0532026
17409,17.409,0.1654796,4.6752243
17410,17.41,0.16679431,4.0509524
17411,17.411,0.16013972,4.041549
17412,17.412,0.15623032,4.0234685
17413,17.413,0.16077128,0.8153968
17414,17.414,0.1561074,0.77624047
17415,17.415,0.14241189,4.123356
17416,17.416,0.14803033,4.6739216
17417,17.417,0.15681405,4.069048
17418,17.418,0.1579552,4.04584
17419,17.419,0.13512719,4.677744
17420,17.42,0.15684347,4.0847507
17421,17.421,0.15392718,4.0311513
17422,17.422,0.14453678,4.0217557
17423,17.423,0.16153982,4.0052586
17424,17.424,0.15596622,4.052695
17425,17.425,0.15328228,4.062173
17426,17.426,0.16187046,3.9838212
17427,17.427,0.15812922,4.0258164
17428,17.428,0.14775532,0.8035923
17429,17.429,0.14081694,0.82395077
17430,17.43,0.1409305,0.81524146
17431,17.431,0.14365077,0.8240979
17432,17.432,0.14222598,0.8427261
17433,17.433,0.14789766,0.888341
17434,17.434,0.14232157,0.856666
17435,17.435,0.14059043,0.8802235
17436,17.436,0.13627204,0.8179649
17437,17.437,0.13562395,0.79624397
17438,17.438,0.14474097,0.809691
17439,17.439,0.15860514,0.82932174
17440,17.44,0.15358624,0.77239937
17441,17.441,0.15032883,0.81291276
17442,17.442,0.16467677,0.79038405
17443,17.443,0.1482438,0.8336842
17444,17.444,0.13685864,0.8137304
17445,17.445,0.14744852,0.8200005
17446,17.446,0.13856846,0.81760716
17447,17.447,0.13848718,3.9463575
17448,17.448,0.14438005,0.7968569
17449,17.449,0.14988041,5.1100135
17450,17.45,0.15114112,5.0972023
17451,17.451,0.14638816,0.7836776
17452,17.452,0.1444022,0.8082674
17453,17.453,0.13851428,0.80732244
17454,17.454,0.1472836,0.8139435
17455,17.455,0.14579348,4.0316834
17456,17.456,0.1417198,4.605902
17457,17.457,0.1488696,4.580182
17458,17.458,0.14815247,4.56698
17459,17.459,0.13030055,4.5823245
17460,17.46,0.13782896,4.59175
17461,17.461,0.13612793,4.5603294
17462,17.462,0.14921844,4.5752797
17463,17.463,0.13395555,4.507124
17464,17.464,0.1390507,4.5138392
17465,17.465,0.13309155,4.5509996
17466,17.466,0.14262861,4.4856205
17467,17.467,0.14316553,3.9627988
17468,17.468,0.15065183,3.8996
17469,17.469,0.16250513,3.9988961
17470,17.47,0.14173804,4.036594
17471,17.471,0.14915988,3.9946444
17472,17.472,0.14276141,4.5619197
17473,17.473,0.1369692,4.5006638
17474,17.474,0.14526162,4.519226
17475,17.475,0.14826621,4.492144
17476,17.476,0.13781959,4.530559
17477,17.477,0.13846052,4.5324116
17478,17.478,0.13717163,4.570304
17479,17.479,0.13859908,4.543286
17480,17.48,0.1381549,4.539622
17481,17.481,0.14146909,4.0435224
17482,17.482,0.1356761,4.047868
17483,17.483,0.14123708,0.7893613
17484,17.484,0.13321586,0.75057393
17485,17.485,0.14319088,4.623038
17486,17.486,0.14220954,4.028882
17487,17.487,0.13127108,0.7734551
17488,17.488,0.12805672,0.80517
17489,17.489,0.13271472,0.74170697
17490,17.49,0.13677229,3.9827561
17491,17.491,0.13736303,0.7720199
17492,17.492,0.13829023,0.75994897
17493,17.493,0.12681347,0.7644272
17494,17.494,0.11865782,0.7743166
17495,17.495,0.12933749,0.72580117
17496,17.496,0.121946886,0.7701653
17497,17.497,0.12977915,5.047297
17498,17.498,0.12104394,0.7679945
17499,17.499,0.13419557,0.7520349
17500,17.5,0.1388767,5.075923
17501,17.501,0.13855113,0.808175
17502,17.502,0.13283381,5.110585
17503,17.503,0.14722928,0.8206177
17504,17.504,0.15158947,0.8314129
17505,17.505,0.13802837,0.80233145
17506,17.506,0.14287987,0.81530386
17507,17.507,0.14973584,0.8563051
17508,17.508,0.14384681,5.065939
17509,17.509,0.14602372,0.80431104
17510,17.51,0.13475421,5.0866704
17511,17.511,0.14864254,0.805289
17512,17.512,0.14875425,0.7885699
17513,17.513,0.16006595,0.80118775
17514,17.514,0.1528377,0.80201083
17515,17.515,0.1545013,0.8126443
17516,17.516,0.15230255,0.82319885
17517,17.517,0.16251573,4.0438495
17518,17.518,0.17135945,4.0315113
17519,17.519,0.1647541,4.0335274
17520,17.52,0.1544563,4.4878917
17521,17.521,0.16448948,4.578155
17522,17.522,0.16402574,4.583167
17523,17.523,0.16537917,4.570027
17524,17.524,0.1593208,4.0224605
17525,17.525,0.17070076,0.8221125
17526,17.526,0.17516308,4.017211
17527,17.527,0.1891359,0.82277656
17528,17.528,0.2017561,0.8406327
17529,17.529,0.19349234,0.821771
17530,17.53,0.17743848,0.81256586
17531,17.531,0.16694732,0.81195116
17532,17.532,0.17740555,0.8049531
17533,17.533,0.18269238,4.0536394
17534,17.534,0.1855482,4.0222974
17535,17.535,0.16665444,4.054867
17536,17.536,0.16578457,3.9642797
17537,17.537,0.1807336,4.020113
17538,17.538,0.17874615,4.0501337
17539,17.539,0.17230012,4.011551
17540,17.54,0.16219172,4.0411277
17541,17.541,0.17060089,4.009494
17542,17.542,0.17173462,0.79170364
17543,17.543,0.17619415,0.8008995
17544,17.544,0.17999029,0.8127407
17545,17.545,0.18508372,4.005929
17546,17.546,0.18325059,0.8154567
17547,17.547,0.16710757,0.7880196
17548,17.548,0.17612603,4.054333
17549,17.549,0.17421386,4.624837
17550,17.55,0.15497369,4.5818214
17551,17.551,0.15294072,4.548979
17552,17.552,0.16137101,4.5884705
17553,17.553,0.15343314,4.610726
17554,17.554,0.17059404,4.648315
17555,17.555,0.16192633,4.5956306
17556,17.556,0.16377911,4.65872
17557,17.557,0.15737295,4.6289735
17558,17.558,0.1608371,4.653209
17559,17.559,0.1758124,4.626915
17560,17.56,0.16592814,4.5733676
17561,17.561,0.16283722,4.638548
17562,17.562,0.17324844,4.6360984
17563,17.563,0.16708767,4.6263523
17564,17.564,0.16318221,4.612399
17565,17.565,0.16301547,4.6439643
17566,17.566,0.14940593,4.6307893
17567,17.567,0.15008922,4.648329
17568,17.568,0.15726501,4.6271324
17569,17.569,0.14772242,4.612735
17570,17.57,0.15391119,4.595092
17571,17.571,0.15658908,4.5917854
17572,17.572,0.15220597,3.9947472
17573,17.573,0.15422468,4.0562882
17574,17.574,0.14439113,4.006423
17575,17.575,0.14217709,4.016905
17576,17.576,0.13119465,4.6196656
17577,17.577,0.123175316,4.0358787
17578,17.578,0.13088335,4.0873265
17579,17.579,0.12814221,4.0374293
17580,17.58,0.131738,4.029363
17581,17.581,0.13457465,4.6847854
17582,17.582,0.13613336,5.1098833
17583,17.583,0.1401385,0.8139603
17584,17.584,0.13991617,4.095635
17585,17.585,0.14176713,4.072623
17586,17.586,0.15535356,4.0548306
17587,17.587,0.14569722,4.073023
17588,17.588,0.1450692,4.6740575
17589,17.589,0.14524171,4.632456
17590,17.59,0.13901265,4.614796
17591,17.591,0.1466783,4.632112
17592,17.592,0.15943661,4.6664762
17593,17.593,0.1407492,4.6788793
17594,17.594,0.14861852,4.6434135
17595,17.595,0.14910418,4.662684
17596,17.596,0.13832581,4.066355
17597,17.597,0.14235614,4.055063
17598,17.598,0.14326434,4.006439
17599,17.599,0.14713189,4.07784
17600,17.6,0.14681289,4.0507274
17601,17.601,0.162683,4.0582957
17602,17.602,0.15179592,4.0709558
17603,17.603,0.17465618,4.106236
17604,17.604,0.16396421,4.0631075
17605,17.605,0.1633744,4.039878
17606,17.606,0.15933278,4.6708665
17607,17.607,0.14313415,4.063034
17608,17.608,0.14234793,4.6529803
17609,17.609,0.15015888,4.0622096
17610,17.61,0.14448781,4.0532117
17611,17.611,0.16494295,4.0479884
17612,17.612,0.141712,4.0358768
17613,17.613,0.13648003,0.8027084
17614,17.614,0.13569832,4.0166936
17615,17.615,0.1321549,0.807398
17616,17.616,0.12865925,0.7968214
17617,17.617,0.14145038,0.7912578
17618,17.618,0.13758725,0.7769425
17619,17.619,0.13032652,0.793086
17620,17.62,0.1494574,0.77944404
17621,17.621,0.13056424,0.79300374
17622,17.622,0.13484049,0.8049693
17623,17.623,0.127376,4.105103
17624,17.624,0.1414904,4.094081
17625,17.625,0.14134943,4.139203
17626,17.626,0.15379561,4.0797424
17627,17.627,0.15878466,4.1675673
17628,17.628,0.16213594,4.067032
17629,17.629,0.1583353,4.0518064
17630,17.63,0.14255309,4.049963
17631,17.631,0.13419051,4.0786533
17632,17.632,0.12860185,4.1199265
17633,17.633,0.14129414,4.0621185
17634,17.634,0.13677049,4.068024
17635,17.635,0.13815089,4.062104
17636,17.636,0.13129264,4.113016
17637,17.637,0.1362061,4.051044
17638,17.638,0.12018338,3.9909143
17639,17.639,0.124103904,4.036518
17640,17.64,0.1358275,4.006167
17641,17.641,0.14048186,3.9981904
17642,17.642,0.14056548,4.1124086
17643,17.643,0.13770615,4.0525494
17644,17.644,0.1335876,4.045518
17645,17.645,0.13244416,4.6212626
17646,17.646,0.14030217,4.053643
17647,17.647,0.13839118,4.0570617
17648,17.648,0.130818,4.078423
17649,17.649,0.13488154,4.1020446
17650,17.65,0.14518875,4.046145
17651,17.651,0.13914493,4.0616865
17652,17.652,0.14221561,4.078356
17653,17.653,0.14591877,4.0760775
17654,17.654,0.15032801,4.049608
17655,17.655,0.15745972,4.020255
17656,17.656,0.16516064,4.037629
17657,17.657,0.16770518,4.057381
17658,17.658,0.15332042,4.0895925
17659,17.659,0.15013593,4.0100675
17660,17.66,0.16300112,4.009055
17661,17.661,0.16765967,4.0353885
17662,17.662,0.1618123,0.74809414
17663,17.663,0.15901078,4.068238
17664,17.664,0.17593414,4.042143
17665,17.665,0.18177912,0.8323531
17666,17.666,0.17269497,0.83081347
17667,17.667,0.17656286,4.0305357
17668,17.668,0.1696091,0.81477976
17669,17.669,0.1710806,0.8217775
17670,17.67,0.16744816,4.040934
17671,17.671,0.16861075,0.78117204
17672,17.672,0.18222196,0.78770554
17673,17.673,0.1571472,0.78603595
17674,17.674,0.14869551,0.79481906
17675,17.675,0.13187525,0.77944416
17676,17.676,0.14549312,0.78661895
17677,17.677,0.1481998,4.6625004
17678,17.678,0.1465184,0.77557576
17679,17.679,0.1433927,0.78100556
17680,17.68,0.13279629,0.7976122
17681,17.681,0.12500934,0.7893235
17682,17.682,0.12963732,0.8087647
17683,17.683,0.13572417,0.78937757
17684,17.684,0.13284168,0.80655265
17685,17.685,0.12805383,0.7906953
17686,17.686,0.14909716,0.80080575
17687,17.687,0.15028012,0.8137457
17688,17.688,0.14639656,0.7743546
17689,17.689,0.14700094,0.80256563
17690,17.69,0.14290614,0.80858064
17691,17.691,0.13306473,0.76773506
17692,17.692,0.12530333,0.7785186
17693,17.693,0.12735717,0.74382395
17694,17.694,0.13187665,0.80948055
17695,17.695,0.12521246,0.7957353
17696,17.696,0.111702204,0.8159815
17697,17.697,0.12659398,0.80065614
17698,17.698,0.13818875,0.7944357
17699,17.699,0.13977097,0.77964914
17700,17.7,0.1541832,0.79138416
17701,17.701,0.14734165,0.8316011
17702,17.702,0.15186806,0.82215554
17703,17.703,0.13997157,0.77730316
17704,17.704,0.14060794,0.82120055
17705,17.705,0.14715698,0.7515173
17706,17.706,0.13758457,0.78141505
17707,17.707,0.13764136,0.8041263
17708,17.708,0.13347471,0.7898994
17709,17.709,0.1424702,0.8221986
17710,17.71,0.15260443,0.7770763
17711,17.711,0.13677768,0.78275853
17712,17.712,0.123980395,0.773025
17713,17.713,0.1258995,0.7885612
17714,17.714,0.13308601,0.7902227
17715,17.715,0.120507,0.79250574
17716,17.716,0.13682446,0.7919609
17717,17.717,0.12268031,0.819338
17718,17.718,0.13234285,0.8084263
17719,17.719,0.12073297,0.81338996
17720,17.72,0.12511955,0.8356857
17721,17.721,0.13547416,0.83600104
17722,17.722,0.138284,0.8450733
17723,17.723,0.13230611,0.8081469
17724,17.724,0.13501649,0.80708945
17725,17.725,0.1321223,0.7691669
17726,17.726,0.13491574,0.8219017
17727,17.727,0.13811794,0.84232265
17728,17.728,0.13718733,0.8098343
17729,17.729,0.14254662,0.80652726
17730,17.73,0.14944586,0.8412206
17731,17.731,0.13544463,0.8243518
17732,17.732,0.14015387,0.85873365
17733,17.733,0.1310182,0.80068666
17734,17.734,0.13186964,0.83372927
17735,17.735,0.13000794,0.8522427
17736,17.736,0.12314185,0.8177274
17737,17.737,0.1270689,0.81429374
17738,17.738,0.13609177,0.80582714
17739,17.739,0.12966816,0.7690016
17740,17.74,0.13185893,0.81100553
17741,17.741,0.13457969,0.7946762
17742,17.742,0.15188386,0.8083531
17743,17.743,0.14319304,0.81962776
17744,17.744,0.13322648,0.8191309
17745,17.745,0.12783647,0.81285495
17746,17.746,0.12293932,0.7919799
17747,17.747,0.119034715,0.73861825
17748,17.748,0.11987479,0.7838117
17749,17.749,0.12524587,0.7850303
17750,17.75,0.12412522,0.8018211
17751,17.751,0.12700012,0.8085027
17752,17.752,0.1351372,0.7976465
17753,17.753,0.13974324,0.80473065
17754,17.754,0.13710478,0.8403379
17755,17.755,0.14046565,0.80572546
17756,17.756,0.12938458,0.76802003
17757,17.757,0.13301665,0.74911886
17758,17.758,0.14948457,0.7994176
17759,17.759,0.14583442,0.7878025
17760,17.76,0.14864047,0.78182304
17761,17.761,0.14027104,0.81271416
17762,17.762,0.116241775,0.7909284
17763,17.763,0.11857275,0.7945574
17764,17.764,0.12770453,0.83482677
17765,17.765,0.12626061,0.78106356
17766,17.766,0.13805376,0.81084704
17767,17.767,0.12615433,0.8227012
17768,17.768,0.13434769,0.8172388
17769,17.769,0.13285094,0.7998629
17770,17.77,0.10916779,0.8250483
17771,17.771,0.11867441,0.8080317
17772,17.772,0.118295856,0.79724884
17773,17.773,0.11291785,0.79134005
17774,17.774,0.123007365,0.78638136
17775,17.775,0.12954473,0.8374028
17776,17.776,0.12253629,0.85933846
17777,17.777,0.11750001,0.80571663
17778,17.778,0.10817471,0.78833044
17779,17.779,0.12079156,0.7611849
17780,17.78,0.13473687,0.7638482
17781,17.781,0.13188785,0.7954783
17782,17.782,0.12679261,0.79817355
17783,17.783,0.11322149,0.78570163
17784,17.784,0.100946344,0.7933436
17785,17.785,0.11512968,0.7918461
17786,17.786,0.12623332,0.7765171
17787,17.787,0.124044396,0.7422251
17788,17.788,0.109573394,0.6942389
17789,17.789,0.115220495,0.74086595
17790,17.79,0.12656043,0.7250031
17791,17.791,0.14037713,0.73344433
17792,17.792,0.14971118,0.7513388
17793,17.793,0.14164338,0.70929384
17794,17.794,0.15372118,0.74220747
17795,17.795,0.14461467,0.7479342
17796,17.796,0.13892323,0.75047064
17797,17.797,0.13470854,0.74388283
17798,17.798,0.13565888,0.733173
17799,17.799,0.1434579,0.7795182
17800,17.8,0.15795207,0.8131632
17801,17.801,0.14674036,0.79277486
17802,17.802,0.16619083,0.8088962
17803,17.803,0.14238812,0.8040954
17804,17.804,0.13567883,0.78880304
17805,17.805,0.14008977,0.7807068
17806,17.806,0.14864089,0.7967147
17807,17.807,0.1429832,0.80639964
17808,17.808,0.13222471,0.81245875
17809,17.809,0.15415804,0.77765036
17810,17.81,0.14358222,0.7627071
17811,17.811,0.13137181,0.83831024
17812,17.812,0.13450468,0.80536574
17813,17.813,0.15061507,0.79626435
17814,17.814,0.15410694,0.8287306
17815,17.815,0.15807123,0.79777193
17816,17.816,0.14704278,0.8060508
17817,17.817,0.13430281,0.8029447
17818,17.818,0.15070981,0.77961034
17819,17.819,0.15406463,0.8095087
17820,17.82,0.16449283,0.8058599
17821,17.821,0.16706374,0.8117164
17822,17.822,0.1666574,0.81011486
17823,17.823,0.166537,0.827421
17824,17.824,0.16361223,0.79445225
17825,17.825,0.16743603,0.85633147
17826,17.826,0.15226255,0.83514935
17827,17.827,0.17020588,0.82333326
17828,17.828,0.16937132,0.849673
17829,17.829,0.18181905,0.8764688
17830,17.83,0.17024781,0.8692974
17831,17.831,0.1793156,0.88402337
17832,17.832,0.17881222,0.8986274
17833,17.833,0.17725496,0.90247977
17834,17.834,0.17009486,0.8767867
17835,17.835,0.16803394,0.9109652
17836,17.836,0.16069701,0.9286074
17837,17.837,0.16808337,0.9021442
17838,17.838,0.17349651,0.9379668
17839,17.839,0.16424952,0.89242864
17840,17.84,0.17277262,0.990677
17841,17.841,0.16050585,0.9618495
17842,17.842,0.15133111,0.94572324
17843,17.843,0.14652805,0.9550672
17844,17.844,0.16781226,0.9816835
17845,17.845,0.15396036,0.9824924
17846,17.846,0.15023345,0.96107554
17847,17.847,0.15179308,0.9589193
17848,17.848,0.1637374,0.97088325
17849,17.849,0.14824879,0.9626485
17850,17.85,0.14761242,0.96781904
17851,17.851,0.15679443,0.9544134
17852,17.852,0.14486971,0.9498239
17853,17.853,0.16496047,0.9719424
17854,17.854,0.15624882,3.9533343
17855,17.855,0.15918443,3.9710045
17856,17.856,0.16614196,3.9128835
17857,17.857,0.16527013,0.9564564
17858,17.858,0.16908337,0.9641632
17859,17.859,0.1712474,0.97651327
17860,17.86,0.17248784,0.94714725
17861,17.861,0.18086599,0.94069856
17862,17.862,0.1952561,4.014142
17863,17.863,0.17919236,0.9379947
17864,17.864,0.17418207,0.91300106
17865,17.865,0.17398874,0.91426194
17866,17.866,0.17560124,0.89616865
17867,17.867,0.15842582,0.9066786
17868,17.868,0.17287728,0.8991331
17869,17.869,0.15970498,0.8936052
17870,17.87,0.13952778,0.91510004
17871,17.871,0.15740226,0.8625152
17872,17.872,0.16333371,0.9210402
17873,17.873,0.16830797,0.9338144
17874,17.874,0.153752,0.94157416
17875,17.875,0.14996618,0.89189345
17876,17.876,0.13325511,0.96195143
17877,17.877,0.14029823,0.99717224
17878,17.878,0.13975865,1.0251899
17879,17.879,0.13048458,0.9755317
17880,17.88,0.1324358,0.9710784
17881,17.881,0.13708548,0.9070465
17882,17.882,0.1439537,0.99384856
17883,17.883,0.15071674,0.9068062
17884,17.884,0.14840724,1.0306956
17885,17.885,0.14243391,0.96498936
17886,17.886,0.1444282,0.9781145
17887,17.887,0.13735496,0.9765939
17888,17.888,0.13633119,0.92136806
17889,17.889,0.1301678,0.99403065
17890,17.89,0.13294262,1.0468786
17891,17.891,0.13280092,0.9700367
17892,17.892,0.13584924,0.9412114
17893,17.893,0.13852139,0.95172846
17894,17.894,0.14170027,0.9475091
17895,17.895,0.14198959,0.93874127
17896,17.896,0.15101853,0.97704285
17897,17.897,0.13290744,0.9685137
17898,17.898,0.14801161,0.9903376
17899,17.899,0.13728552,0.96993434
17900,17.9,0.12776954,0.9618855
17901,17.901,0.13856445,0.9852088
17902,17.902,0.14088377,1.0021034
17903,17.903,0.16077779,1.0316616
17904,17.904,0.1460949,0.96247435
17905,17.905,0.15012938,0.93600994
17906,17.906,0.15690662,0.92249167
17907,17.907,0.15032557,0.93653435
17908,17.908,0.1336677,0.9399656
17909,17.909,0.12884037,0.90705746
17910,17.91,0.13825595,0.8649986
17911,17.911,0.13268365,0.8957297
17912,17.912,0.12990567,0.88653487
17913,17.913,0.13506934,0.9002893
17914,17.914,0.13517635,0.8817877
17915,17.915,0.13720213,0.86640674
17916,17.916,0.1469729,0.83780015
17917,17.917,0.15203042,0.85526425
17918,17.918,0.1451845,0.87732846
17919,17.919,0.15030387,0.87356687
17920,17.92,0.15359786,0.8698977
17921,17.921,0.14227313,0.8352308
17922,17.922,0.14881049,0.8333388
17923,17.923,0.15388641,0.8085622
17924,17.924,0.14807686,0.82179815
17925,17.925,0.14599338,0.8422839
17926,17.926,0.12053916,0.81328815
17927,17.927,0.11928411,0.83925825
17928,17.928,0.13409464,0.8370313
17929,17.929,0.12711683,0.84943247
17930,17.93,0.12205229,0.85323685
17931,17.931,0.12342881,0.8764484
17932,17.932,0.12542701,0.8659116
17933,17.933,0.13522278,0.8383648
17934,17.934,0.1435925,0.81787956
17935,17.935,0.13116604,0.8669359
17936,17.936,0.14839812,0.87962896
17937,17.937,0.11778399,0.8918536
17938,17.938,0.12719135,0.98622555
17939,17.939,0.13684964,0.95136744
17940,17.94,0.1392837,0.98541945
17941,17.941,0.1405077,1.0115579
17942,17.942,0.1262377,0.9581517
17943,17.943,0.12634392,0.93247736
17944,17.944,0.1276549,0.9727902
17945,17.945,0.13789546,0.97577876
17946,17.946,0.13540238,1.0118133
17947,17.947,0.1349969,0.9379392
17948,17.948,0.121249124,0.9605701
17949,17.949,0.12673096,0.93504417
17950,17.95,0.122518204,0.9570879
17951,17.951,0.11842373,0.9392207
17952,17.952,0.122443356,0.9573886
17953,17.953,0.11347607,0.96229327
17954,17.954,0.116945736,0.98432565
17955,17.955,0.13074319,0.9829995
17956,17.956,0.12436787,0.96364903
17957,17.957,0.12623088,0.9731107
17958,17.958,0.11504093,1.0071326
17959,17.959,0.11414481,0.95315087
17960,17.96,0.11911894,0.9835246
17961,17.961,0.109271444,0.9519989
17962,17.962,0.123456225,0.94491106
17963,17.963,0.119732015,0.96579784
17964,17.964,0.1286846,0.9810736
17965,17.965,0.113115475,0.9514244
17966,17.966,0.10935193,0.99722767
17967,17.967,0.12314235,1.0343317
17968,17.968,0.114895895,1.0675144
17969,17.969,0.113280706,1.1001601
17970,17.97,0.1090866,1.1103473
17971,17.971,0.12006352,1.1637175
17972,17.972,0.11693469,1.1479155
17973,17.973,0.13097405,1.1348221
17974,17.974,0.124876395,1.1516908
17975,17.975,0.12616847,1.0593779
17976,17.976,0.12328017,1.0510798
17977,17.977,0.13674845,1.0427328
17978,17.978,0.11923354,1.0714363
17979,17.979,0.11430102,1.031904
17980,17.98,0.1201378,1.0292612
17981,17.981,0.11904866,1.0491772
17982,17.982,0.13663097,1.0065542
17983,17.983,0.13529192,1.0876329
17984,17.984,0.13520685,1.0820816
17985,17.985,0.1433678,0.9713438
17986,17.986,0.12871328,1.010913
17987,17.987,0.12932226,0.9857063
17988,17.988,0.12204675,0.94268036
17989,17.989,0.11987222,0.9847367
17990,17.99,0.12899117,3.8178678
17991,17.991,0.13731554,3.805594
17992,17.992,0.13440356,0.96498966
17993,17.993,0.13128561,0.9895916
17994,17.994,0.12683287,0.92473465
17995,17.995,0.14156951,0.95252144
17996,17.996,0.12849128,0.969952
17997,17.997,0.13210413,0.9271439
17998,17.998,0.14252159,0.9243429
17999,17.999,0.12304037,0.9329033
18000,18.0,0.13624224,0.9487326
18001,18.001,0.1244203,0.93477374
18002,18.002,0.12069474,0.9431386
18003,18.003,0.12539119,0.9675124
18004,18.004,0.12444008,3.8786125
18005,18.005,0.106414236,0.9937982
18006,18.006,0.11875319,0.9795295
18007,18.007,0.12345423,0.96851677
18008,18.008,0.11973921,0.9701831
18009,18.009,0.13306566,0.99276745
18010,18.01,0.12301037,0.9704646
18011,18.011,0.12576209,0.9537971
18012,18.012,0.13042657,0.9815394
18013,18.013,0.12670863,0.98124725
18014,18.014,0.11389496,0.94833785
18015,18.015,0.12148942,0.9480419
18016,18.016,0.11605213,0.96045893
18017,18.017,0.11177654,3.759247
18018,18.018,0.120564684,3.769187
18019,18.019,0.12720005,1.0420747
18020,18.02,0.11597151,3.781878
18021,18.021,0.11964102,1.0203029
18022,18.022,0.11183212,3.8635817
18023,18.023,0.11231523,3.8562255
18024,18.024,0.11228071,3.834721
18025,18.025,0.12294833,0.9616223
18026,18.026,0.118471526,0.9831546
18027,18.027,0.1184762,1.0067458
18028,18.028,0.12524095,1.0614924
18029,18.029,0.13192983,1.042008
18030,18.03,0.1278538,3.7526886
18031,18.031,0.13245252,3.7872088
18032,18.032,0.13413273,3.8531895
18033,18.033,0.13013518,3.8043067
18034,18.034,0.1332214,3.865464
18035,18.035,0.12045848,3.8884287
18036,18.036,0.11901093,3.8485684
18037,18.037,0.114006735,0.9704119
18038,18.038,0.12534752,0.9627495
18039,18.039,0.12874052,0.99083096
18040,18.04,0.12614313,0.9724077
18041,18.041,0.120464616,0.9848014
18042,18.042,0.11343431,0.9773259
18043,18.043,0.11976952,0.97808766
18044,18.044,0.12511021,3.922411
18045,18.045,0.12263867,1.0008689
18046,18.046,0.119856305,1.02541
18047,18.047,0.10562265,1.0160425
18048,18.048,0.121754,1.0561365
18049,18.049,0.10535318,0.95978594
18050,18.05,0.114139415,1.0450788
18051,18.051,0.11133034,1.0200402
18052,18.052,0.1055364,1.0086927
18053,18.053,0.11183543,0.99839747
18054,18.054,0.11521195,0.9785006
18055,18.055,0.11612368,0.997692
18056,18.056,0.120267816,0.97956854
18057,18.057,0.124969974,0.99940336
18058,18.058,0.12581834,1.0382007
18059,18.059,0.13492897,0.9886057
18060,18.06,0.12601233,3.83622
18061,18.061,0.11977415,0.9419646
18062,18.062,0.12381403,0.94575524
18063,18.063,0.14548042,0.96361905
18064,18.064,0.12342482,0.9439989
18065,18.065,0.11931969,3.7629411
18066,18.066,0.12376781,3.8209214
18067,18.067,0.12503642,3.9053848
18068,18.068,0.12669891,3.8815398
18069,18.069,0.1396199,0.90243477
18070,18.07,0.13462585,0.9461255
18071,18.071,0.1296449,0.961511
18072,18.072,0.12699382,0.9472746
18073,18.073,0.123430304,0.9111165
18074,18.074,0.12047023,0.9212551
18075,18.075,0.13066082,3.8453932
18076,18.076,0.13285975,0.9061427
18077,18.077,0.13378872,3.948698
18078,18.078,0.12817965,0.8756192
18079,18.079,0.14082918,3.8644655
18080,18.08,0.13720751,3.9851913
18081,18.081,0.13049164,3.9815278
18082,18.082,0.1294635,3.9862041
18083,18.083,0.12807737,3.9767144
18084,18.084,0.14371286,3.9859061
18085,18.085,0.14087024,0.85792816
18086,18.086,0.14485018,4.0257955
18087,18.087,0.14379033,0.87961996
18088,18.088,0.14781861,3.955491
18089,18.089,0.15254515,3.9900656
18090,18.09,0.15881488,3.9980638
18091,18.091,0.15732172,3.9772685
18092,18.092,0.16493511,4.0446205
18093,18.093,0.16103895,3.936641
18094,18.094,0.15250319,3.9771686
18095,18.095,0.16631371,3.9916797
18096,18.096,0.15179795,3.9307804
18097,18.097,0.15628268,3.9481347
18098,18.098,0.15757261,3.978012
18099,18.099,0.15671553,3.9317977
18100,18.1,0.14742516,3.9352577
18101,18.101,0.14628053,3.9188845
18102,18.102,0.14218315,4.0939794
18103,18.103,0.1538652,3.9952416
18104,18.104,0.15283085,4.1004696
18105,18.105,0.15879706,4.097787
18106,18.106,0.15840717,3.952577
18107,18.107,0.16690162,3.9673078
18108,18.108,0.15619643,3.969485
18109,18.109,0.15354538,0.90054697
18110,18.11,0.1679193,0.97952986
18111,18.111,0.15611725,0.85717654
18112,18.112,0.13727431,0.8685813
18113,18.113,0.14863053,3.970415
18114,18.114,0.14095713,4.0409884
18115,18.115,0.14290614,4.0405293
18116,18.116,0.14006868,4.0704255
18117,18.117,0.13633299,0.8346439
18118,18.118,0.14350893,4.043827
18119,18.119,0.16117758,0.8717831
18120,18.12,0.15297088,0.9175237
18121,18.121,0.14230427,0.8605841
18122,18.122,0.13717028,0.8904368
18123,18.123,0.1449941,0.86734766
18124,18.124,0.14205198,0.8814906
18125,18.125,0.13596332,0.90018415
18126,18.126,0.14433998,0.8786283
18127,18.127,0.13338709,0.83599466
18128,18.128,0.14300944,0.84293056
18129,18.129,0.149601,0.8356826
18130,18.13,0.15209153,0.8061347
18131,18.131,0.15644598,0.8484292
18132,18.132,0.17062433,0.8646348
18133,18.133,0.16596113,0.8099271
18134,18.134,0.16844134,4.105345
18135,18.135,0.15971616,4.0585384
18136,18.136,0.15278414,4.119584
18137,18.137,0.14661159,4.1338983
18138,18.138,0.14010075,4.0402584
18139,18.139,0.1397406,4.109781
18140,18.14,0.14292595,4.060162
18141,18.141,0.15031247,4.0780826
18142,18.142,0.15976237,0.85516477
18143,18.143,0.13965867,0.84481674
18144,18.144,0.1435818,4.0967126
18145,18.145,0.1329662,4.0679994
18146,18.146,0.13780709,4.0773153
18147,18.147,0.13658413,0.8671185
18148,18.148,0.13787493,4.100546
18149,18.149,0.13273883,4.103865
18150,18.15,0.14378734,4.0857472
18151,18.151,0.14341544,4.1474977
18152,18.152,0.14780736,4.099103
18153,18.153,0.15254998,4.142095
18154,18.154,0.14927326,4.1995325
18155,18.155,0.15570486,4.2184877
18156,18.156,0.17511564,4.2104583
18157,18.157,0.16011168,4.153688
18158,18.158,0.16408388,4.2250934
18159,18.159,0.15591256,4.2069654
18160,18.16,0.14520866,4.2255754
18161,18.161,0.15106986,4.222926
18162,18.162,0.14786272,4.1758924
18163,18.163,0.15641569,4.2430105
18164,18.164,0.15708259,4.166523
18165,18.165,0.16401298,4.2333307
18166,18.166,0.15167671,4.2327433
18167,18.167,0.15570328,4.2304063
18168,18.168,0.14541698,4.227012
18169,18.169,0.13950308,4.174263
18170,18.17,0.14382456,4.202984
18171,18.171,0.15475318,4.1746645
18172,18.172,0.13951102,4.1603694
18173,18.173,0.15137583,4.183478
18174,18.174,0.16236423,4.1672506
18175,18.175,0.15419756,4.1164813
18176,18.176,0.14964706,4.14156
18177,18.177,0.14295608,4.1224227
18178,18.178,0.14096761,4.187578
18179,18.179,0.14368075,4.166779
18180,18.18,0.12008094,4.2094955
18181,18.181,0.14468783,4.1649065
18182,18.182,0.14272046,4.1315165
18183,18.183,0.12930371,4.177997
18184,18.184,0.1312467,4.2151623
18185,18.185,0.13474417,4.234183
18186,18.186,0.13917278,4.2541795
18187,18.187,0.14479749,4.253473
18188,18.188,0.14894399,4.1879196
18189,18.189,0.1427696,4.191827
18190,18.19,0.14653267,4.2162337
18191,18.191,0.14973953,0.8598079
18192,18.192,0.15748668,0.8250156
18193,18.193,0.14314146,0.83491373
18194,18.194,0.14902946,0.87096244
18195,18.195,0.14957961,0.94282746
18196,18.196,0.15186806,0.8676284
18197,18.197,0.15284413,0.8680928
18198,18.198,0.15524778,0.88159895
18199,18.199,0.1392837,0.8617064
18200,18.2,0.15016258,0.8329672
18201,18.201,0.1462111,0.8226399
18202,18.202,0.14168377,0.8731204
18203,18.203,0.14531328,4.151585
18204,18.204,0.13882354,4.154172
18205,18.205,0.13499917,4.245403
18206,18.206,0.14363235,4.2019815
18207,18.207,0.1428269,4.231642
18208,18.208,0.14974119,4.2365537
18209,18.209,0.13689819,4.247921
18210,18.21,0.14145865,4.217967
18211,18.211,0.14619426,0.8623076
18212,18.212,0.15048265,0.83100003
18213,18.213,0.14455168,4.1894383
18214,18.214,0.14383097,0.85138845
18215,18.215,0.14034733,0.8143801
18216,18.216,0.14242615,0.8228062
18217,18.217,0.1400757,0.834186
18218,18.218,0.15113053,0.86793125
18219,18.219,0.15551902,0.8187602
18220,18.22,0.15449971,0.8243267
18221,18.221,0.1559966,4.257079
18222,18.222,0.15747184,4.277215
18223,18.223,0.16646162,4.2842474
18224,18.224,0.16291428,0.889542
18225,18.225,0.16330658,0.8643116
18226,18.226,0.16005595,0.8558372
18227,18.227,0.16507345,0.82186466
18228,18.228,0.16192064,0.86182994
18229,18.229,0.14997561,0.86091256
18230,18.23,0.15182146,0.8795496
18231,18.231,0.15709707,4.259117
18232,18.232,0.15484977,0.86406827
18233,18.233,0.15385962,4.1856403
18234,18.234,0.13656881,4.1676292
18235,18.235,0.14820312,4.1101584
18236,18.236,0.13813664,4.15767
18237,18.237,0.14402334,4.103349
18238,18.238,0.14191808,4.116495
18239,18.239,0.14332317,4.1684494
18240,18.24,0.13444841,4.2177005
18241,18.241,0.13466378,4.2088084
18242,18.242,0.15349929,4.217534
18243,18.243,0.14782235,4.227899
18244,18.244,0.13633028,0.85451365
18245,18.245,0.14444566,4.194323
18246,18.246,0.14959978,4.1362104
18247,18.247,0.16042955,4.2137337
18248,18.248,0.15502092,4.2072425
18249,18.249,0.15685524,0.8523834
18250,18.25,0.16126649,0.8786018
18251,18.251,0.17208822,0.8721329
18252,18.252,0.15536465,0.8625487
18253,18.253,0.14720295,0.80766964
18254,18.254,0.153894,0.84633315
18255,18.255,0.15680228,0.86241186
18256,18.256,0.15578188,0.88252306
18257,18.257,0.14621069,0.9181564
18258,18.258,0.14114209,0.84602123
18259,18.259,0.15202597,0.8691227
18260,18.26,0.14627841,0.88272077
18261,18.261,0.15084203,0.93178636
18262,18.262,0.15857333,0.90673196
18263,18.263,0.15057461,0.9135678
18264,18.264,0.13483135,0.86578226
18265,18.265,0.14614712,0.8388386
18266,18.266,0.14404385,0.877364
18267,18.267,0.15769906,0.85413283
18268,18.268,0.1488076,0.8796566
18269,18.269,0.15776655,4.234418
18270,18.27,0.15968688,4.2018995
18271,18.271,0.1460629,4.19244
18272,18.272,0.14461935,4.167425
18273,18.273,0.15370317,4.1721435
18274,18.274,0.13913432,0.9152224
18275,18.275,0.15262741,4.1673403
18276,18.276,0.14847398,4.1738873
18277,18.277,0.14521459,4.1664257
18278,18.278,0.14386691,4.1315904
18279,18.279,0.1386457,4.2076077
18280,18.28,0.14157733,4.276087
18281,18.281,0.13594884,0.94922143
18282,18.282,0.1358139,0.9057159
18283,18.283,0.12658814,4.2298512
18284,18.284,0.14097415,0.90424293
18285,18.285,0.14829485,4.2936835
18286,18.286,0.15347283,4.2145905
18287,18.287,0.13943116,4.2515054
18288,18.288,0.14181225,4.3033633
18289,18.289,0.15359867,4.249648
18290,18.29,0.13754566,4.2482777
18291,18.291,0.1450993,4.283082
18292,18.292,0.13999441,4.245703
18293,18.293,0.13565843,4.288066
18294,18.294,0.13342398,4.2437
18295,18.295,0.14025348,4.2206264
18296,18.296,0.14930871,4.263387
18297,18.297,0.15558112,4.19452
18298,18.298,0.15555106,4.2557526
18299,18.299,0.15763701,0.8892861
18300,18.3,0.14523578,4.1403985
18301,18.301,0.15636927,4.1699433
18302,18.302,0.16103934,4.222856
18303,18.303,0.15379281,4.1931877
18304,18.304,0.146381,4.2305264
18305,18.305,0.15608335,4.2007055
18306,18.306,0.1630332,4.20794
18307,18.307,0.15091705,4.266963
18308,18.308,0.15293549,0.91423756
18309,18.309,0.14699298,0.9311833
18310,18.31,0.15233688,0.9605452
18311,18.311,0.15179795,0.9380891
18312,18.312,0.16148573,4.2398634
18313,18.313,0.15487082,4.2454624
18314,18.314,0.14285877,4.2436686
18315,18.315,0.15424822,4.255647
18316,18.316,0.1399386,4.2355995
18317,18.317,0.15454112,4.256331
18318,18.318,0.15907654,4.275807
18319,18.319,0.14680366,4.297596
18320,18.32,0.15193933,4.232499
18321,18.321,0.14348963,4.206164
18322,18.322,0.15308104,4.216711
18323,18.323,0.1581331,4.219941
18324,18.324,0.14240411,4.235434
18325,18.325,0.14600433,4.280654
18326,18.326,0.1462414,4.247567
18327,18.327,0.13410428,4.215224
18328,18.328,0.14703944,4.2584686
18329,18.329,0.14831392,0.9111208
18330,18.33,0.15265523,0.93669164
18331,18.331,0.14959072,0.85222703
18332,18.332,0.15803853,0.9247309
18333,18.333,0.15524143,0.9180455
18334,18.334,0.14830604,0.9009928
18335,18.335,0.15275554,4.2343946
18336,18.336,0.15541098,4.250894
18337,18.337,0.15732759,0.9424895
18338,18.338,0.15560643,0.91525537
18339,18.339,0.15995635,0.91295594
18340,18.34,0.16838107,4.2099743
18341,18.341,0.17758027,4.190513
18342,18.342,0.17382175,4.2820525
18343,18.343,0.1643263,4.2491016
18344,18.344,0.16173396,4.2058325
18345,18.345,0.167504,4.2425456
18346,18.346,0.16013704,4.2868905
18347,18.347,0.17128044,4.2658024
18348,18.348,0.17021167,0.9605549
18349,18.349,0.16662306,0.9473558
18350,18.35,0.15522003,0.9311258
18351,18.351,0.15161666,0.91431385
18352,18.352,0.15856828,4.323686
18353,18.353,0.15489505,4.338573
18354,18.354,0.1499748,4.297174
18355,18.355,0.14672485,4.251857
18356,18.356,0.15083183,4.2484207
18357,18.357,0.15796843,4.2343006
18358,18.358,0.17332833,4.2450542
18359,18.359,0.16001096,4.264979
18360,18.36,0.15466489,0.9878977
18361,18.361,0.15811676,0.9904173
18362,18.362,0.14713062,0.95082057
18363,18.363,0.1507951,0.9742904
18364,18.364,0.14101954,0.9452734
18365,18.365,0.14587237,0.9703783
18366,18.366,0.1540111,0.92127115
18367,18.367,0.15147944,0.93222547
18368,18.368,0.1407116,0.95469314
18369,18.369,0.14934744,0.9209793
18370,18.37,0.15553603,0.95821106
18371,18.371,0.15329272,0.91645753
18372,18.372,0.15017731,0.9295981
18373,18.373,0.15156835,0.9363886
18374,18.374,0.16136566,0.9138773
18375,18.375,0.16182902,0.9003636
18376,18.376,0.14859493,0.90280044
18377,18.377,0.15965065,0.9582121
18378,18.378,0.15299983,0.9555559
18379,18.379,0.14632048,0.914745
18380,18.38,0.14132853,0.9210693
18381,18.381,0.14208013,0.9259595
18382,18.382,0.13597734,0.9572669
18383,18.383,0.14567484,0.97992074
18384,18.384,0.14816616,0.99162626
18385,18.385,0.14369574,0.95966184
18386,18.386,0.14853984,0.96015066
18387,18.387,0.14930789,0.92126745
18388,18.388,0.15612945,0.94107616
18389,18.389,0.14890184,0.9523665
18390,18.39,0.15194501,0.88332933
18391,18.391,0.14816907,0.95279735
18392,18.392,0.14883076,0.94246185
18393,18.393,0.14762701,0.9339853
18394,18.394,0.1511004,0.9441827
18395,18.395,0.14934702,0.92397285
18396,18.396,0.1509252,0.90892977
18397,18.397,0.1512636,0.95691675
18398,18.398,0.14066263,0.9325806
18399,18.399,0.14830604,0.9648938
18400,18.4,0.14543432,0.9664968
18401,18.401,0.1511985,0.96664286
18402,18.402,0.1509831,0.96689725
18403,18.403,0.15258951,0.93934846
18404,18.404,0.15820274,0.93161076
18405,18.405,0.14177623,0.96608055
18406,18.406,0.1460827,0.9630701
18407,18.407,0.15368515,0.95719653
18408,18.408,0.1406718,0.9863191
18409,18.409,0.1447482,0.97866565
18410,18.41,0.13475558,0.9534543
18411,18.411,0.14637429,0.9532353
18412,18.412,0.13510032,0.98094416
18413,18.413,0.13896175,0.94087327
18414,18.414,0.13620926,0.93787485
18415,18.415,0.14169158,0.9589274
18416,18.416,0.13206314,0.94710356
18417,18.417,0.13264793,0.96010053
18418,18.418,0.12793557,0.93912244
18419,18.419,0.13540192,0.9685694
18420,18.42,0.14723723,0.9716548
18421,18.421,0.14646126,0.9341429
18422,18.422,0.13593571,0.9535759
18423,18.423,0.13619345,0.9653493
18424,18.424,0.14210524,1.0164459
18425,18.425,0.13305873,0.96878123
18426,18.426,0.1379918,0.99481577
18427,18.427,0.13872644,0.9388002
18428,18.428,0.13876235,0.96596575
18429,18.429,0.12811004,0.999205
18430,18.43,0.1313601,1.0077763
18431,18.431,0.13000746,0.97060543
18432,18.432,0.13550004,0.9727536
18433,18.433,0.14084184,0.9692051
18434,18.434,0.1344539,0.9804669
18435,18.435,0.13535011,0.97372806
18436,18.436,0.13916837,0.96469164
18437,18.437,0.13028686,0.94332576
18438,18.438,0.13821234,0.94083446
18439,18.439,0.15293509,0.93647194
18440,18.44,0.1509839,0.8811057
18441,18.441,0.14970215,0.9320426
18442,18.442,0.1437531,0.92326117
18443,18.443,0.14778072,0.9254568
18444,18.444,0.15075226,0.9139311
18445,18.445,0.14176495,0.941846
18446,18.446,0.13671245,0.9179294
18447,18.447,0.14362422,0.89592105
18448,18.448,0.14486971,0.92788595
18449,18.449,0.14153735,0.92174226
18450,18.45,0.15444674,0.91559553
18451,18.451,0.15762453,0.95298564
18452,18.452,0.14741723,0.9462904
18453,18.453,0.1517716,0.9473265
18454,18.454,0.1568215,0.9547746
18455,18.455,0.16187389,0.9682934
18456,18.456,0.15840757,0.9892035
18457,18.457,0.15682974,1.0003996
18458,18.458,0.14845988,0.91935587
18459,18.459,0.15100631,0.9398449
18460,18.46,0.1440225,0.91761976
18461,18.461,0.14505138,0.9369882
18462,18.462,0.14132941,0.93467635
18463,18.463,0.14076057,0.90859824
18464,18.464,0.14735962,0.92348784
18465,18.465,0.13182811,0.9451221
18466,18.466,0.1402548,0.94240916
18467,18.467,0.12775463,0.9323077
18468,18.468,0.13296297,0.9777915
18469,18.469,0.13574684,0.9304587
18470,18.47,0.14728779,0.93062305
18471,18.471,0.13332066,0.9556877
18472,18.472,0.1374933,0.8867264
18473,18.473,0.13496545,0.90633845
18474,18.474,0.15322608,0.905408
18475,18.475,0.144308,0.8892514
18476,18.476,0.13651699,0.9064125
18477,18.477,0.14926378,0.8939177
18478,18.478,0.14800912,0.93690705
18479,18.479,0.14974734,0.9488738
18480,18.48,0.14741471,0.9155104
18481,18.481,0.14804652,0.9205529
18482,18.482,0.1390454,0.9409575
18483,18.483,0.14346862,0.9296434
18484,18.484,0.14023945,0.92884344
18485,18.485,0.14562838,0.8938416
18486,18.486,0.14388956,0.9155498
18487,18.487,0.15561987,0.89036894
18488,18.488,0.16560596,0.9315954
18489,18.489,0.16105004,0.9026942
18490,18.49,0.15834463,0.9115659
18491,18.491,0.16477723,0.8816812
18492,18.492,0.15647586,0.88594264
18493,18.493,0.16390792,0.9098462
18494,18.494,0.15414608,0.8605862
18495,18.495,0.14998013,0.8811335
18496,18.496,0.15302196,0.9426356
18497,18.497,0.14762242,0.94269204
18498,18.498,0.1499042,0.8921273
18499,18.499,0.16027607,0.9137359
18500,18.5,0.16020158,0.88817704
18501,18.501,0.16696428,0.91588295
18502,18.502,0.14391907,0.95579827
18503,18.503,0.15289083,0.9531499
18504,18.504,0.14705409,0.95843095
18505,18.505,0.13426156,0.90182227
18506,18.506,0.14778405,0.9514072
18507,18.507,0.14478773,0.94971967
18508,18.508,0.14949115,0.90843606
18509,18.509,0.14515823,0.9354246
18510,18.51,0.1513242,0.9485584
18511,18.511,0.16289729,0.940155
18512,18.512,0.1537284,0.8788043
18513,18.513,0.15660949,0.863452
18514,18.514,0.16321199,0.8656108
18515,18.515,0.156066,0.90452874
18516,18.516,0.16049512,0.9086654
18517,18.517,0.14309847,0.8800146
18518,18.518,0.14651756,0.9216253
18519,18.519,0.14471461,0.87128747
18520,18.52,0.15081754,0.87380624
18521,18.521,0.15884314,0.8632737
18522,18.522,0.15567125,0.825266
18523,18.523,0.14919287,0.8688519
18524,18.524,0.15821052,0.91464657
18525,18.525,0.16178225,0.88703316
18526,18.526,0.15433235,0.8971292
18527,18.527,0.15383922,0.85261965
18528,18.528,0.15686348,0.9012468
18529,18.529,0.15065958,0.93258786
18530,18.53,0.15289164,4.3892183
18531,18.531,0.14660151,4.4532957
18532,18.532,0.15914886,4.413366
18533,18.533,0.16746102,4.4235706
18534,18.534,0.16144228,4.451301
18535,18.535,0.14782527,4.4541473
18536,18.536,0.15364271,4.4268413
18537,18.537,0.15268262,4.4709606
18538,18.538,0.15000351,4.4404445
18539,18.539,0.16382194,4.3946047
18540,18.54,0.15625748,4.3982267
18541,18.541,0.15111506,4.3961177
18542,18.542,0.14997807,4.3622437
18543,18.543,0.16728714,4.438788
18544,18.544,0.15235546,4.379637
18545,18.545,0.14744227,4.380954
18546,18.546,0.15544501,4.4157057
18547,18.547,0.15464778,4.4550333
18548,18.548,0.1548446,4.44221
18549,18.549,0.1575066,4.453708
18550,18.55,0.17216437,4.4539185
18551,18.551,0.17167908,4.498006
18552,18.552,0.16429748,4.511459
18553,18.553,0.15756519,4.50578
18554,18.554,0.15158662,4.5097623
18555,18.555,0.15441565,4.4868064
18556,18.556,0.15645973,4.521268
18557,18.557,0.16258387,4.463731
18558,18.558,0.16452649,4.449909
18559,18.559,0.17569162,4.450574
18560,18.56,0.16672346,4.4463477
18561,18.561,0.15786986,4.43714
18562,18.562,0.16944432,4.503618
18563,18.563,0.16898982,4.5133367
18564,18.564,0.16777487,4.5072174
18565,18.565,0.1581864,4.4800425
18566,18.566,0.17519188,0.9783997
18567,18.567,0.17705874,0.96213156
18568,18.568,0.17333543,0.98025906
18569,18.569,0.16834342,0.98962426
18570,18.57,0.17609738,0.9377472
18571,18.571,0.17736046,0.9815397
18572,18.572,0.17058502,4.5156784
18573,18.573,0.17029262,1.0866989
18574,18.574,0.1724807,1.0237204
18575,18.575,0.17522103,1.0298615
18576,18.576,0.17348763,0.9909004
18577,18.577,0.17225154,0.97321016
18578,18.578,0.16818729,0.99604374
18579,18.579,0.16189289,0.982052
18580,18.58,0.16929175,1.0215925
18581,18.581,0.1772553,1.0233792
18582,18.582,0.16637732,0.99643004
18583,18.583,0.17542738,1.0067476
18584,18.584,0.15612945,0.9875867
18585,18.585,0.16389892,0.996965
18586,18.586,0.16302264,0.98250854
18587,18.587,0.14815703,0.94059896
18588,18.588,0.15122414,0.9669698
18589,18.589,0.14923699,0.97570896
18590,18.59,0.14667074,0.97360003
18591,18.591,0.15192273,4.5824885
18592,18.592,0.15213844,0.9589624
18593,18.593,0.14976336,4.677366
18594,18.594,0.15986748,4.6778607
18595,18.595,0.15663464,0.9195947
18596,18.596,0.15289363,0.9839939
18597,18.597,0.15597568,0.96769726
18598,18.598,0.16216782,0.94553554
18599,18.599,0.16490564,0.9295555
18600,18.6,0.16416486,0.9665318
18601,18.601,0.16639248,0.9406498
18602,18.602,0.14535943,0.9384849
18603,18.603,0.14554301,0.94280523
18604,18.604,0.14218143,0.94746053
18605,18.605,0.14948498,0.9280383
18606,18.606,0.14596346,0.9127387
18607,18.607,0.14159645,0.9367303
18608,18.608,0.14005373,0.9133398
18609,18.609,0.14833674,0.9155553
18610,18.61,0.1477753,0.9099144
18611,18.611,0.14785315,0.8892985
18612,18.612,0.15490697,0.91980565
18613,18.613,0.15178497,0.9361084
18614,18.614,0.15274628,0.90432453
18615,18.615,0.1531582,0.92262065
18616,18.616,0.15218616,0.88572335
18617,18.617,0.15797701,0.9216905
18618,18.618,0.14809889,0.917332
18619,18.619,0.15089749,0.91631794
18620,18.62,0.15257217,0.8456594
18621,18.621,0.14027104,0.930461
18622,18.622,0.15264152,0.91729957
18623,18.623,0.15066367,0.91282076
18624,18.624,0.15440172,0.9188775
18625,18.625,0.16344178,0.8972993
18626,18.626,0.15711431,0.9243754
18627,18.627,0.16316712,0.94267315
18628,18.628,0.17384051,0.97121173
18629,18.629,0.16100304,0.9368986
18630,18.63,0.1603252,0.9734591
18631,18.631,0.15970537,0.9533836
18632,18.632,0.15596347,0.9421126
18633,18.633,0.15524183,0.92714626
18634,18.634,0.15044217,0.9403045
18635,18.635,0.16123292,0.9330043
18636,18.636,0.14381215,0.88854647
18637,18.637,0.15670925,0.9428917
18638,18.638,0.15782231,0.86391765
18639,18.639,0.15396954,0.8740301
18640,18.64,0.1622198,0.9670193
18641,18.641,0.1589686,0.9025543
18642,18.642,0.15863578,0.91554683
18643,18.643,0.15095334,0.94969815
18644,18.644,0.15472177,0.9289971
18645,18.645,0.1615821,0.92843735
18646,18.646,0.15836522,0.95510805
18647,18.647,0.14386776,0.9301018
18648,18.648,0.15014577,0.9616064
18649,18.649,0.14983237,0.92207557
18650,18.65,0.16520683,0.9294553
18651,18.651,0.17067914,0.8978708
18652,18.652,0.16438432,0.8950207
18653,18.653,0.1594235,0.94283813
18654,18.654,0.15506735,0.9170911
18655,18.655,0.15116677,0.89979166
18656,18.656,0.15256895,0.88749033
18657,18.657,0.13855557,0.94402075
18658,18.658,0.14692348,0.9224149
18659,18.659,0.15908468,0.908827
18660,18.66,0.15618265,0.9218809
18661,18.661,0.15405743,0.88235414
18662,18.662,0.14892952,0.90666986
18663,18.663,0.14276744,0.8653071
18664,18.664,0.13863416,0.88794655
18665,18.665,0.13708548,0.9640183
18666,18.666,0.13572688,0.9179322
18667,18.667,0.12859131,0.9257908
18668,18.668,0.13018765,0.95592093
18669,18.669,0.136882,0.9629811
18670,18.67,0.1383147,0.94328654
18671,18.671,0.14386989,0.968496
18672,18.672,0.13695256,0.95437664
18673,18.673,0.14321364,0.93485874
18674,18.674,0.13237445,0.95871514
18675,18.675,0.12911229,0.9269613
18676,18.676,0.1316427,0.91663677
18677,18.677,0.13147667,0.90717214
18678,18.678,0.14122619,0.94572467
18679,18.679,0.1479193,0.9372457
18680,18.68,0.1426795,0.9185609
18681,18.681,0.13552229,0.94540906
18682,18.682,0.13929386,0.9060866
18683,18.683,0.14361908,0.93548715
18684,18.684,0.15415685,0.9172084
18685,18.685,0.14735544,0.8971811
18686,18.686,0.1389768,0.91501856
18687,18.687,0.15180403,0.9286512
18688,18.688,0.1514977,0.95792574
18689,18.689,0.15375721,0.9530756
18690,18.69,0.1439507,0.9560108
18691,18.691,0.15299784,0.96647704
18692,18.692,0.13687886,0.9483721
18693,18.693,0.1496084,0.94348586
18694,18.694,0.14943434,0.9407291
18695,18.695,0.13467109,0.9402039
18696,18.696,0.13059957,0.97588813
18697,18.697,0.13885899,0.97015125
18698,18.698,0.1381825,0.94872385
18699,18.699,0.13195315,0.92594045
18700,18.7,0.14051951,0.95711774
18701,18.701,0.15705791,0.95512694
18702,18.702,0.15364112,0.94391286
18703,18.703,0.14970914,0.9471689
18704,18.704,0.16020197,0.91023725
18705,18.705,0.15184942,0.9181367
18706,18.706,0.14805941,0.9136655
18707,18.707,0.15236314,0.94493204
18708,18.708,0.14227703,0.91673696
18709,18.709,0.15592085,0.9227645
18710,18.71,0.15924317,0.9188099
18711,18.711,0.15381882,0.9214679
18712,18.712,0.14710052,0.91358167
18713,18.713,0.15750231,0.90615666
18714,18.714,0.15539277,0.8916377
18715,18.715,0.15378281,0.90044314
18716,18.716,0.15399551,0.92131263
18717,18.717,0.14465082,0.9158034
18718,18.718,0.14263034,0.93696666
18719,18.719,0.13305873,0.94704634
18720,18.72,0.14444226,0.9761478
18721,18.721,0.13888113,0.94422185
18722,18.722,0.14784649,0.9306786
18723,18.723,0.1449385,0.92886776
18724,18.724,0.13910115,0.9186193
18725,18.725,0.15152004,0.92871
18726,18.726,0.14348921,0.9264201
18727,18.727,0.15513755,0.94103
18728,18.728,0.1488754,0.9093993
18729,18.729,0.14972104,0.91857415
18730,18.73,0.16056909,0.95413756
18731,18.731,0.15811716,0.9100139
18732,18.732,0.16315845,0.948796
18733,18.733,0.15738155,0.97010297
18734,18.734,0.14830771,0.9133612
18735,18.735,0.13788922,0.9033213
18736,18.736,0.1404052,0.8924619
18737,18.737,0.1406355,0.9444986
18738,18.738,0.14283508,0.9190613
18739,18.739,0.13856712,0.9039495
18740,18.74,0.14540471,0.9297429
18741,18.741,0.15482631,0.91156393
18742,18.742,0.15862143,0.8569297
18743,18.743,0.16356485,0.91597956
18744,18.744,0.14507556,0.89788884
18745,18.745,0.13744721,0.94273794
18746,18.746,0.14887375,0.9419798
18747,18.747,0.14889316,0.9401368
18748,18.748,0.1468242,0.9222039
18749,18.749,0.1458555,0.9560278
18750,18.75,0.14046696,0.9030418
18751,18.751,0.12864012,0.93391514
18752,18.752,0.13226704,0.9232709
18753,18.753,0.14247625,0.9115581
18754,18.754,0.13389537,0.9454912
18755,18.755,0.13737422,0.9505511
18756,18.756,0.14072385,0.93997204
18757,18.757,0.14590907,0.9052448
18758,18.758,0.14921679,0.9349589
18759,18.759,0.15630946,0.94651264
18760,18.76,0.13985854,0.9782996
18761,18.761,0.13861774,0.9132094
18762,18.762,0.12917136,0.9378458
18763,18.763,0.13921699,0.93898696
18764,18.764,0.14137642,0.9309002
18765,18.765,0.1446019,0.9160553
18766,18.766,0.15186563,0.948885
18767,18.767,0.14579348,0.9756685
18768,18.768,0.15447304,0.9202118
18769,18.769,0.1569862,0.9577394
18770,18.77,0.14317112,0.9712218
18771,18.771,0.14190637,0.96879363
18772,18.772,0.14290786,0.99689585
18773,18.773,0.14007746,0.94060034
18774,18.774,0.13951674,0.937828
18775,18.775,0.142462,0.9030094
18776,18.776,0.1497605,0.9361565
18777,18.777,0.15039144,0.91181207
18778,18.778,0.15210326,0.8947334
18779,18.779,0.15461674,0.9257529
18780,18.78,0.14621237,0.9351384
18781,18.781,0.14348362,0.93751633
18782,18.782,0.14549269,0.9295933
18783,18.783,0.12846208,0.9428663
18784,18.784,0.14351279,0.93011695
18785,18.785,0.1263225,0.8869843
18786,18.786,0.13683346,0.91701245
18787,18.787,0.1346615,0.89655757
18788,18.788,0.13079965,0.9198883
18789,18.789,0.11819803,0.91015583
18790,18.79,0.14066918,0.94719917
18791,18.791,0.1301659,0.93185955
18792,18.792,0.15099245,0.9088953
18793,18.793,0.15117408,0.9352193
18794,18.794,0.15413569,0.9364581
18795,18.795,0.14762285,0.8792107
18796,18.796,0.13947396,0.90587544
18797,18.797,0.14299567,0.9386476
18798,18.798,0.14279847,0.9385191
18799,18.799,0.14912729,0.93753076
18800,18.8,0.13604565,0.9336529
18801,18.801,0.13244508,0.92928284
18802,18.802,0.13654403,0.9334806
18803,18.803,0.12850805,0.89832884
18804,18.804,0.13716131,0.90432245
18805,18.805,0.13672864,0.8629819
18806,18.806,0.13627069,0.8835859
18807,18.807,0.15257499,0.9135944
18808,18.808,0.14009328,0.89073294
18809,18.809,0.13886918,0.9377805
18810,18.81,0.14204244,0.9210227
18811,18.811,0.13196433,0.9244208
18812,18.812,0.13909142,0.9195378
18813,18.813,0.1428971,0.90576243
18814,18.814,0.15133436,0.9100725
18815,18.815,0.14639153,0.9144416
18816,18.816,0.14486758,0.8918024
18817,18.817,0.14836536,0.89067626
18818,18.818,0.15840252,0.8779263
18819,18.819,0.15200047,0.9075998
18820,18.82,0.15229608,0.9499661
18821,18.821,0.1535121,0.95686144
18822,18.822,0.14303654,0.92341095
18823,18.823,0.13171512,0.94690377
18824,18.824,0.12696911,0.94889665
18825,18.825,0.13091202,0.9136408
18826,18.826,0.12342332,0.929302
18827,18.827,0.13618352,0.89368933
18828,18.828,0.13257974,0.8823506
18829,18.829,0.12738131,0.8916484
18830,18.83,0.14043412,0.9415507
18831,18.831,0.1268775,0.9460151
18832,18.832,0.13179217,0.9371639
18833,18.833,0.13534512,0.9291552
18834,18.834,0.12484486,0.9447655
18835,18.835,0.13202773,0.9484251
18836,18.836,0.13969745,0.96660805
18837,18.837,0.14041834,1.0102276
18838,18.838,0.14290829,0.9269203
18839,18.839,0.14004979,0.96965754
18840,18.84,0.14347763,0.9623324
18841,18.841,0.1423367,0.9731653
18842,18.842,0.13668995,0.9753925
18843,18.843,0.13408823,0.9467667
18844,18.844,0.13759261,0.9160751
18845,18.845,0.13310358,0.9500635
18846,18.846,0.12786727,0.9295879
18847,18.847,0.13992716,0.93115664
18848,18.848,0.13448454,0.92410344
18849,18.849,0.13875481,0.9237608
18850,18.85,0.15059586,0.9359511
18851,18.851,0.15454829,0.9860114
18852,18.852,0.14906703,0.9466008
18853,18.853,0.1433588,0.9342292
18854,18.854,0.15639326,0.9320712
18855,18.855,0.1515919,0.9260021
18856,18.856,0.14218879,0.92118704
18857,18.857,0.14477497,0.8954843
18858,18.858,0.13585375,0.91499764
18859,18.859,0.1513994,0.9392588
18860,18.86,0.14573017,0.9383262
18861,18.861,0.144046,0.9585297
18862,18.862,0.15093744,0.99589974
18863,18.863,0.14632426,0.9832596
18864,18.864,0.13865545,0.9497662
18865,18.865,0.14472184,0.93824625
18866,18.866,0.14566386,0.98579055
18867,18.867,0.14861894,0.9468487
18868,18.868,0.14994238,0.9581398
18869,18.869,0.14655115,0.9670154
18870,18.87,0.14626369,0.9469945
18871,18.871,0.14683469,0.94926536
18872,18.872,0.13205709,0.95221716
18873,18.873,0.14381172,0.9853245
18874,18.874,0.14670599,0.95916677
18875,18.875,0.15154968,0.94424087
18876,18.876,0.14301117,0.92571235
18877,18.877,0.16064839,0.96203107
18878,18.878,0.16562974,0.9354961
18879,18.879,0.14558528,0.9451207
18880,18.88,0.13290513,0.9558876
18881,18.881,0.13990605,0.95214796
18882,18.882,0.14159255,0.9145631
18883,18.883,0.13077095,0.9085306
18884,18.884,0.13719092,0.90761465
18885,18.885,0.13720347,0.9035275
18886,18.886,0.13592349,0.947433
18887,18.887,0.13042516,0.9219164
18888,18.888,0.13354245,0.92883754
18889,18.889,0.12644711,0.9460806
18890,18.89,0.13135964,0.9232654
18891,18.891,0.124765486,0.9106318
18892,18.892,0.13842629,0.9235846
18893,18.893,0.13056329,0.9236069
18894,18.894,0.12861907,0.92879146
18895,18.895,0.12433076,0.9266011
18896,18.896,0.12696621,0.9564545
18897,18.897,0.12526405,0.9691576
18898,18.898,0.1208206,0.92143977
18899,18.899,0.12904698,0.96590704
18900,18.9,0.13210367,0.9559267
18901,18.901,0.13182671,0.92203635
18902,18.902,0.13688022,0.9657761
18903,18.903,0.12315583,0.93093944
18904,18.904,0.12951623,0.9467254
18905,18.905,0.14814706,0.9482002
18906,18.906,0.14248532,0.95569015
18907,18.907,0.14893532,0.941011
18908,18.908,0.14468017,0.91284007
18909,18.909,0.1473546,0.9477866
18910,18.91,0.14681834,0.9528648
18911,18.911,0.14160775,0.916145
18912,18.912,0.13567656,0.94941014
18913,18.913,0.13732539,0.9296868
18914,18.914,0.13236377,0.89653
18915,18.915,0.12654391,0.9030312
18916,18.916,0.15310356,0.89646626
18917,18.917,0.15006216,0.8795366
18918,18.918,0.14100076,0.89032346
18919,18.919,0.15689485,0.9057013
18920,18.92,0.15490974,0.8687835
18921,18.921,0.16038314,0.8732489
18922,18.922,0.1580899,0.9542581
18923,18.923,0.1515631,0.9439115
18924,18.924,0.14912976,0.92828995
18925,18.925,0.16344254,0.9306236
18926,18.926,0.15195958,0.95272815
18927,18.927,0.14695029,0.96678686
18928,18.928,0.15622558,0.9308277
18929,18.929,0.15032679,0.95632917
18930,18.93,0.15337297,0.9760522
18931,18.931,0.16065145,0.9458157
18932,18.932,0.14212732,0.9532277
18933,18.933,0.15579295,0.91122156
18934,18.934,0.15963754,0.94157344
18935,18.935,0.14963719,0.9535128
18936,18.936,0.14457594,0.9472459
18937,18.937,0.14043367,0.9173938
18938,18.938,0.13726534,0.9515214
18939,18.939,0.13848273,0.93698865
18940,18.94,0.14968118,0.9671873
18941,18.941,0.14825708,0.9017627
18942,18.942,0.14782026,0.95540863
18943,18.943,0.15800388,0.97006977
18944,18.944,0.1406858,0.9480443
18945,18.945,0.1435595,0.9495315
18946,18.946,0.14948127,0.9347575
18947,18.947,0.15078695,0.94827664
18948,18.948,0.1530521,0.9867691
18949,18.949,0.16133058,1.0083195
18950,18.95,0.15899491,0.9634715
18951,18.951,0.16032596,0.94617033
18952,18.952,0.15939493,0.95661074
18953,18.953,0.14923163,0.93204224
18954,18.954,0.15058483,0.89791554
18955,18.955,0.17293243,0.9254023
18956,18.956,0.1639053,0.9112478
18957,18.957,0.15707083,0.89364266
18958,18.958,0.15813388,0.9445495
18959,18.959,0.15367796,0.9425063
18960,18.96,0.16406962,0.9518153
18961,18.961,0.15936328,0.9257063
18962,18.962,0.15280065,0.9524096
18963,18.963,0.14934249,0.94355404
18964,18.964,0.14490962,0.9559031
18965,18.965,0.15628387,0.9603449
18966,18.966,0.14716408,0.9523288
18967,18.967,0.14884274,0.9422015
18968,18.968,0.1564861,0.98651713
18969,18.969,0.15670219,1.0142573
18970,18.97,0.14969432,1.0535665
18971,18.971,0.15367074,1.0302182
18972,18.972,0.144806,0.96750724
18973,18.973,0.14550115,0.96349186
18974,18.974,0.1401543,0.97976375
18975,18.975,0.15045525,0.9715856
18976,18.976,0.15269512,0.93973905
18977,18.977,0.1432506,0.91299295
18978,18.978,0.15751559,0.9510327
18979,18.979,0.14387332,0.9325467
18980,18.98,0.13647507,1.0094318
18981,18.981,0.14052871,1.0349957
18982,18.982,0.14544787,1.0125357
18983,18.983,0.13851605,1.0132071
18984,18.984,0.13808452,0.97658026
18985,18.985,0.14649446,0.9567023
18986,18.986,0.15090604,0.9501803
18987,18.987,0.13899052,0.8945486
18988,18.988,0.14377792,0.8999386
18989,18.989,0.14261912,0.9038262
18990,18.99,0.14892745,0.8997583
18991,18.991,0.1451027,0.9383726
18992,18.992,0.14388828,0.88454956
18993,18.993,0.13411026,0.93685156
18994,18.994,0.14348878,0.888836
18995,18.995,0.15960902,0.92663413
18996,18.996,0.14030086,0.9362893
18997,18.997,0.14022979,0.9770384
18998,18.998,0.14418687,0.9379748
18999,18.999,0.15140061,0.9450222
19000,19.0,0.14833799,0.9625456
19001,19.001,0.14989847,0.9970101
19002,19.002,0.1454762,0.9979182
19003,19.003,0.15074041,0.91093224
19004,19.004,0.14428754,0.91676813
19005,19.005,0.15349728,0.9440761
19006,19.006,0.14317326,0.92841816
19007,19.007,0.14148822,0.9226802
19008,19.008,0.15045485,0.95391244
19009,19.009,0.15185103,0.8774724
19010,19.01,0.140257,0.95552117
19011,19.011,0.14453168,0.93386126
19012,19.012,0.13624224,0.94069916
19013,19.013,0.1374924,0.92135787
19014,19.014,0.14580318,0.92988884
19015,19.015,0.1367192,0.94551957
19016,19.016,0.14228179,0.95274186
19017,19.017,0.1398911,0.9560848
19018,19.018,0.14067094,0.9169938
19019,19.019,0.14387716,0.9536379
19020,19.02,0.14836909,0.9626636
19021,19.021,0.1450047,0.9339131
19022,19.022,0.13980663,0.92082626
19023,19.023,0.13467656,0.92351115
19024,19.024,0.13250546,0.9309592
19025,19.025,0.13325603,0.9225568
19026,19.026,0.1276467,0.92693555
19027,19.027,0.13181365,0.9026469
19028,19.028,0.12846878,0.91891617
19029,19.029,0.13311651,0.94654876
19030,19.03,0.1338517,0.9200014
19031,19.031,0.12780085,0.9519475
19032,19.032,0.12699334,0.9038967
19033,19.033,0.13769633,0.9402428
19034,19.034,0.14598875,0.92671204
19035,19.035,0.14858913,0.9540591
19036,19.036,0.14496991,0.9523515
19037,19.037,0.14882663,0.9530735
19038,19.038,0.14052346,0.9571651
19039,19.039,0.14601277,0.9274461
19040,19.04,0.13390456,0.9372099
19041,19.041,0.13261221,0.9561804
19042,19.042,0.13668454,0.97447866
19043,19.043,0.14564233,0.9980097
19044,19.044,0.1308998,0.98469037
19045,19.045,0.13797887,0.95940423
19046,19.046,0.14069018,0.98049736
19047,19.047,0.1522282,0.938164
19048,19.048,0.13249153,0.92636466
19049,19.049,0.13516498,0.9443709
19050,19.05,0.1271928,0.9348509
19051,19.051,0.12869655,0.92983526
19052,19.052,0.13763732,0.94871885
19053,19.053,0.13589633,0.9909726
19054,19.054,0.13806535,0.9500974
19055,19.055,0.14608607,0.96139824
19056,19.056,0.1477091,0.9561101
19057,19.057,0.14774117,0.95258886
19058,19.058,0.13951498,0.94761086
19059,19.059,0.14456403,0.94007784
19060,19.06,0.14712979,0.94126487
19061,19.061,0.14172068,0.9770626
19062,19.062,0.12998001,0.964056
19063,19.063,0.13141629,0.9330666
19064,19.064,0.13412355,0.93799055
19065,19.065,0.14391907,0.9580622
19066,19.066,0.12190097,0.9525358
19067,19.067,0.13742034,0.8963186
19068,19.068,0.1319937,0.96285176
19069,19.069,0.12980759,0.93710756
19070,19.07,0.137346,0.9614883
19071,19.071,0.141768,0.93546456
19072,19.072,0.13972387,0.9177015
19073,19.073,0.13259412,0.9195103
19074,19.074,0.14051864,0.9844119
19075,19.075,0.12991324,0.90542555
19076,19.076,0.13345073,0.8862595
19077,19.077,0.13910955,0.9238753
19078,19.078,0.14598536,0.9216155
19079,19.079,0.14524382,0.91551554
19080,19.08,0.14569512,0.9251197
19081,19.081,0.15845494,0.93441784
19082,19.082,0.15626693,0.9693677
19083,19.083,0.15292302,0.91118526
19084,19.084,0.15582335,0.9386553
19085,19.085,0.1546788,0.9205968
19086,19.086,0.15914229,0.9432486
19087,19.087,0.14782901,0.9335841
19088,19.088,0.14887375,0.93423015
19089,19.089,0.14812048,0.94861495
19090,19.09,0.14648059,0.92539936
19091,19.091,0.14554936,0.9276485
19092,19.092,0.14146952,0.95824575
19093,19.093,0.13510032,0.9551705
19094,19.094,0.12702774,0.9667325
19095,19.095,0.14041264,0.9496359
19096,19.096,0.15327707,0.94011515
19097,19.097,0.15167062,0.952462
19098,19.098,0.14728779,0.94901276
19099,19.099,0.15524817,0.9533828
19100,19.1,0.15526006,0.9505027
19101,19.101,0.15018757,0.945338
19102,19.102,0.14551595,0.97839314
19103,19.103,0.14523408,0.93431425
19104,19.104,0.14972433,0.9387168
19105,19.105,0.14584073,0.93974656
19106,19.106,0.14050639,0.949284
19107,19.107,0.14504883,0.9180541
19108,19.108,0.15442881,0.9453446
19109,19.109,0.142123,0.93378466
19110,19.11,0.14125232,0.9634158
19111,19.111,0.14027147,0.9663278
19112,19.112,0.1345943,0.98657656
19113,19.113,0.1424797,0.94840854
19114,19.114,0.14425342,0.91797984
19115,19.115,0.13741274,0.91993016
19116,19.116,0.12823197,0.95701563
19117,19.117,0.1336852,0.93972534
19118,19.118,0.12406473,0.96120274
19119,19.119,0.11921703,0.9384931
19120,19.12,0.12622358,0.9408995
19121,19.121,0.13009971,0.9428623
19122,19.122,0.13890816,0.9340711
19123,19.123,0.14279416,0.9274105
19124,19.124,0.1351026,0.96368
19125,19.125,0.13075449,0.9304077
19126,19.126,0.14091566,0.95929295
19127,19.127,0.1459099,0.9355596
19128,19.128,0.13725728,0.93112785
19129,19.129,0.14414506,0.9210294
19130,19.13,0.14372313,0.9148695
19131,19.131,0.15346642,0.93273145
19132,19.132,0.1470683,0.9465207
19133,19.133,0.15004657,0.9236299
19134,19.134,0.1656561,0.9031465
19135,19.135,0.164067,0.95661247
19136,19.136,0.16203725,0.9401786
19137,19.137,0.15573132,0.9116681
19138,19.138,0.14888862,0.95359296
19139,19.139,0.16833758,0.94062746
19140,19.14,0.1549959,0.9302553
19141,19.141,0.16518039,0.92194325
19142,19.142,0.15837571,0.8479003
19143,19.143,0.16187161,0.8518391
19144,19.144,0.15693171,0.87228197
19145,19.145,0.14350593,0.90525734
19146,19.146,0.14740387,0.9177679
19147,19.147,0.1548116,0.94699854
19148,19.148,0.15412211,0.9389525
19149,19.149,0.14184436,0.9495253
19150,19.15,0.13866743,0.96279234
19151,19.151,0.13209388,0.9482607
19152,19.152,0.13098486,0.9497055
19153,19.153,0.122185305,0.98463666
19154,19.154,0.14270322,0.9510141
19155,19.155,0.13335711,0.95145786
19156,19.156,0.13965824,0.96745753
19157,19.157,0.13933405,0.98507226
19158,19.158,0.13161325,0.97416484
19159,19.159,0.13105951,0.94628835
19160,19.16,0.13174549,0.950933
19161,19.161,0.14237818,0.95688033
19162,19.162,0.14400454,0.94402504
19163,19.163,0.14610419,0.91810805
19164,19.164,0.13995926,0.9732103
19165,19.165,0.14024603,0.96080637
19166,19.166,0.14345704,0.9479839
19167,19.167,0.14833592,0.96341777
19168,19.168,0.13234471,0.94143134
19169,19.169,0.13850982,0.9654622
19170,19.17,0.15329994,0.97784036
19171,19.171,0.14570442,0.9566643
19172,19.172,0.1470884,0.93430346
19173,19.173,0.1401003,0.92980856
19174,19.174,0.1515631,0.9621514
19175,19.175,0.15760423,0.9734815
19176,19.176,0.16164757,0.93264467
19177,19.177,0.15316021,0.92583
19178,19.178,0.16049434,0.9481533
19179,19.179,0.15721336,0.93498075
19180,19.18,0.16482092,0.9272148
19181,19.181,0.16229486,0.91720843
19182,19.182,0.15916818,0.9364777
19183,19.183,0.15553129,0.92600167
19184,19.184,0.15569656,0.9452704
19185,19.185,0.143709,0.9056604
19186,19.186,0.1558344,0.9744697
19187,19.187,0.14425983,0.95799
19188,19.188,0.15522836,0.98109823
19189,19.189,0.14573143,0.99281013
19190,19.19,0.15138598,0.96380985
19191,19.191,0.14562584,0.94150114
19192,19.192,0.13639028,0.9332926
19193,19.193,0.14435533,0.90151995
19194,19.194,0.1544802,0.9041986
19195,19.195,0.1552117,0.8924617
19196,19.196,0.1599352,0.9440166
19197,19.197,0.16654107,0.9214725
19198,19.198,0.16425778,0.91425097
19199,19.199,0.16022001,0.87300694
19200,19.2,0.16451041,0.91891634
19201,19.201,0.15516533,0.9272062
19202,19.202,0.15959823,0.93102
19203,19.203,0.16223457,0.93628806
19204,19.204,0.16615492,0.9720095
19205,19.205,0.15848328,0.91019875
19206,19.206,0.16180013,0.95393676
19207,19.207,0.15728496,0.919699
19208,19.208,0.16724889,0.94821185
19209,19.209,0.1503448,0.9852361
19210,19.21,0.15494111,0.93565196
19211,19.211,0.14527093,0.91534173
19212,19.212,0.16133173,0.93790036
19213,19.213,0.1603275,0.9373828
19214,19.214,0.15929493,4.6554575
19215,19.215,0.1506408,4.6879563
19216,19.216,0.1527479,4.6987433
19217,19.217,0.1519357,4.646237
19218,19.218,0.1618104,4.6723685
19219,19.219,0.15355018,4.6751547
19220,19.22,0.14729029,4.6660857
19221,19.221,0.14639111,4.6424685
19222,19.222,0.14106621,4.65534
19223,19.223,0.15094233,4.6565986
19224,19.224,0.13915554,4.6360693
19225,19.225,0.13593978,4.6363893
19226,19.226,0.13626707,4.6859617
19227,19.227,0.14193282,0.9271113
19228,19.228,0.14640538,4.6517744
19229,19.229,0.15385881,0.92772746
19230,19.23,0.1474865,0.930977
19231,19.231,0.14601487,0.95367813
19232,19.232,0.14552315,0.95271087
19233,19.233,0.14360365,4.6336555
19234,19.234,0.13614014,4.6926084
19235,19.235,0.13300323,0.9393104
19236,19.236,0.13689056,0.9259308
19237,19.237,0.14485314,0.9602346
19238,19.238,0.13932699,0.983208
19239,19.239,0.15138802,0.991203
19240,19.24,0.14298405,0.9868154
19241,19.241,0.15661578,0.97708607
19242,19.242,0.14228222,0.96740526
19243,19.243,0.1430202,0.970498
19244,19.244,0.13599725,0.9363249
19245,19.245,0.13298565,0.9430774
19246,19.246,0.13919842,0.9140716
19247,19.247,0.13995002,0.9963739
19248,19.248,0.13943557,0.9237643
19249,19.249,0.13942763,0.9261464
19250,19.25,0.13525371,4.801633
19251,19.251,0.13576089,0.9034744
19252,19.252,0.14289366,0.94766897
19253,19.253,0.14873068,0.9311737
19254,19.254,0.1466783,0.9664638
19255,19.255,0.1435565,0.9267288
19256,19.256,0.13792312,0.92509145
19257,19.257,0.145595,0.9264593
19258,19.258,0.14952983,0.9346115
19259,19.259,0.14489986,0.9337116
19260,19.26,0.1480565,0.94473255
19261,19.261,0.16357613,0.9476514
19262,19.262,0.14791721,0.98795784
19263,19.263,0.15188548,1.0201888
19264,19.264,0.13381815,0.9936587
19265,19.265,0.13686898,0.99771327
19266,19.266,0.13557993,1.0258659
19267,19.267,0.13417263,1.0179564
19268,19.268,0.14028199,1.0703269
19269,19.269,0.138588,1.02703
19270,19.27,0.1379713,1.035285
19271,19.271,0.1334512,1.0244305
19272,19.272,0.13674664,0.9699079
19273,19.273,0.14469676,0.9973885
19274,19.274,0.1452523,0.9624464
19275,19.275,0.13845563,0.9722093
19276,19.276,0.13909142,0.9563002
19277,19.277,0.13874108,1.0304626
19278,19.278,0.13173147,0.9643055
19279,19.279,0.14343087,0.9372152
19280,19.28,0.13674979,0.94952244
19281,19.281,0.13481173,0.9439635
19282,19.282,0.14791349,0.9327003
19283,19.283,0.14691553,0.8977276
19284,19.284,0.14801867,0.91353065
19285,19.285,0.1480648,0.9526336
19286,19.286,0.14350463,0.9207805
19287,19.287,0.1345376,0.91157943
19288,19.288,0.13100974,0.93955374
19289,19.289,0.12896542,0.9332202
19290,19.29,0.14668292,0.91870326
19291,19.291,0.14647387,0.9465376
19292,19.292,0.14129022,0.93316096
19293,19.293,0.13343967,0.9194558
19294,19.294,0.12619092,0.91765976
19295,19.295,0.1266382,0.9287206
19296,19.296,0.13293383,0.9699786
19297,19.297,0.12506938,0.95392644
19298,19.298,0.12960266,1.0012573
19299,19.299,0.13313316,0.9834486
19300,19.3,0.12162608,0.9701134
19301,19.301,0.1374584,0.96654105
19302,19.302,0.12396203,0.9695904
19303,19.303,0.1307766,0.9813088
19304,19.304,0.12576944,0.9991233
19305,19.305,0.120584585,1.0217028
19306,19.306,0.13916615,1.0544065
19307,19.307,0.13759843,0.98743385
19308,19.308,0.14805317,0.96931374
19309,19.309,0.14662041,0.93543327
19310,19.31,0.13587369,0.94617957
19311,19.311,0.1348035,0.92501277
19312,19.312,0.13221401,0.9907402
19313,19.313,0.14380915,0.9634483
19314,19.314,0.13186778,0.98941475
19315,19.315,0.13957627,1.0168293
19316,19.316,0.14321451,1.0594608
19317,19.317,0.14352179,1.0506021
19318,19.318,0.14302535,0.9559055
19319,19.319,0.14248402,0.96840715
19320,19.32,0.14616607,0.9870182
19321,19.321,0.1468506,0.9767241
19322,19.322,0.14319389,0.95980334
19323,19.323,0.1320487,0.9466234
19324,19.324,0.14070286,0.9399595
19325,19.325,0.13385905,0.94898367
19326,19.326,0.13940689,0.9477381
19327,19.327,0.1380658,0.95021224
19328,19.328,0.15429728,0.9541711
19329,19.329,0.14802076,0.99065703
19330,19.33,0.149712,0.963765
19331,19.331,0.15339985,0.9540195
19332,19.332,0.15094355,0.91115683
19333,19.333,0.14912935,0.9470934
19334,19.334,0.15917785,0.9533721
19335,19.335,0.14392206,0.9468409
19336,19.336,0.14439625,0.9678835
19337,19.337,0.14128718,0.95717543
19338,19.338,0.15094925,0.95408744
19339,19.339,0.1490984,0.9517839
19340,19.34,0.15860514,0.93698895
19341,19.341,0.16170047,0.92193294
19342,19.342,0.15906456,0.93269545
19343,19.343,0.14968817,0.942845
19344,19.344,0.15592282,0.96636385
19345,19.345,0.15131728,0.94783336
19346,19.346,0.14904103,0.9447291
19347,19.347,0.14944546,1.0023232
19348,19.348,0.14100644,0.99340934
19349,19.349,0.14868392,0.97701484
19350,19.35,0.1497798,0.9685836
19351,19.351,0.15029405,0.9681107
19352,19.352,0.14101954,0.98875535
19353,19.353,0.14760534,0.9551363
19354,19.354,0.15114763,0.94619775
19355,19.355,0.16216326,0.9391162
19356,19.356,0.15667078,0.94462174
19357,19.357,0.15757456,0.95221734
19358,19.358,0.1473283,0.9285272
19359,19.359,0.14670178,0.9598729
19360,19.36,0.15873387,0.94815123
19361,19.361,0.16921577,0.9885854
19362,19.362,0.16285801,0.93889576
19363,19.363,0.16049244,0.91035455
19364,19.364,0.16168487,0.96278965
19365,19.365,0.16011207,0.9626942
19366,19.366,0.14650957,0.9152815
19367,19.367,0.16033594,0.93653744
19368,19.368,0.17689395,0.9086522
19369,19.369,0.15207049,0.9282268
19370,19.37,0.15568233,0.8920724
19371,19.371,0.15479532,0.9261892
19372,19.372,0.15477146,0.9197729
19373,19.373,0.16943452,0.9145975
19374,19.374,0.15986094,0.8947912
19375,19.375,0.16982155,0.8843162
19376,19.376,0.1504761,0.9500493
19377,19.377,0.14945576,0.89828986
19378,19.378,0.15354578,0.955619
19379,19.379,0.15516214,0.9557456
19380,19.38,0.1434549,0.92403966
19381,19.381,0.14617406,0.9223217
19382,19.382,0.14937545,0.9204622
19383,19.383,0.1485241,0.9671573
19384,19.384,0.13815579,0.95867085
19385,19.385,0.14133725,0.9222522
19386,19.386,0.14714444,0.95366406
19387,19.387,0.13746959,0.9790065
19388,19.388,0.13289772,0.9475957
19389,19.389,0.12987156,0.9259035
19390,19.39,0.14339098,0.9412921
19391,19.391,0.13931285,0.9227283
19392,19.392,0.1361103,0.9541744
19393,19.393,0.13389766,0.95328677
19394,19.394,0.14407589,0.8890162
19395,19.395,0.15526442,0.9561058
19396,19.396,0.13753313,0.9411284
19397,19.397,0.13077708,0.9497253
19398,19.398,0.13063113,0.94075435
19399,19.399,0.13217443,0.9462302
19400,19.4,0.13532738,0.97275645
19401,19.401,0.13026986,0.9672887
19402,19.402,0.13758814,0.9194573
19403,19.403,0.14549312,0.9639575
19404,19.404,0.13722813,0.9308655
19405,19.405,0.15536188,0.96430707
19406,19.406,0.14534885,0.974906
19407,19.407,0.15076736,0.95875406
19408,19.408,0.15510781,0.9560059
19409,19.409,0.14647682,0.94690526
19410,19.41,0.14991201,0.94111925
19411,19.411,0.13723262,0.9677858
19412,19.412,0.14673366,0.95500016
19413,19.413,0.14690632,0.96813554
19414,19.414,0.16719738,0.95857424
19415,19.415,0.1489857,0.9603727
19416,19.416,0.15645973,0.9316685
19417,19.417,0.16144,0.95034766
19418,19.418,0.16758846,0.9692595
19419,19.419,0.15986364,0.9421262
19420,19.42,0.17215042,0.9663278
19421,19.421,0.1630415,0.895072
19422,19.422,0.17174608,0.9405337
19423,19.423,0.1755655,0.92035747
19424,19.424,0.16444047,0.9299256
19425,19.425,0.16679099,0.9544076
19426,19.426,0.1620885,0.9591104
19427,19.427,0.16086464,0.97786975
19428,19.428,0.14817904,0.95360845
19429,19.429,0.14076407,0.92508084
19430,19.43,0.14469421,0.95030576
19431,19.431,0.14690506,0.95058584
19432,19.432,0.13952866,0.9169595
19433,19.433,0.1516901,0.92873996
19434,19.434,0.13624676,0.8797364
19435,19.435,0.1377535,0.9346408
19436,19.436,0.1371106,0.9258199
19437,19.437,0.15139493,0.9414883
19438,19.438,0.16238962,0.93764186
19439,19.439,0.14526035,0.91925055
19440,19.44,0.15251207,0.9426896
19441,19.441,0.15244065,0.9275685
19442,19.442,0.15010849,0.98141676
19443,19.443,0.1457234,0.9515908
19444,19.444,0.15092358,0.93262905
19445,19.445,0.15771662,0.9115821
19446,19.446,0.15575385,0.8874545
19447,19.447,0.15428013,0.9396551
19448,19.448,0.14446951,0.941567
19449,19.449,0.15894498,0.93029934
19450,19.45,0.15056522,0.9569593
19451,19.451,0.14415571,0.9046702
19452,19.452,0.14795257,0.9435281
19453,19.453,0.15585375,0.89019006
19454,19.454,0.15206724,0.9219609
19455,19.455,0.1667696,0.9038871
19456,19.456,0.16876686,0.9251963
19457,19.457,0.16013665,0.8983722
19458,19.458,0.15033129,0.9135466
19459,19.459,0.1321586,0.93329173
19460,19.46,0.12417181,0.9032057
19461,19.461,0.12753868,0.96111447
19462,19.462,0.13838762,0.9619835
19463,19.463,0.1531586,0.93700075
19464,19.464,0.14999244,0.95446444
19465,19.465,0.16015472,0.9067122
19466,19.466,0.15974236,0.9352807
19467,19.467,0.15679246,0.9317806
19468,19.468,0.15467842,0.9226161
19469,19.469,0.15687406,0.92711
19470,19.47,0.14572214,0.9252349
19471,19.471,0.15707083,0.9157666
19472,19.472,0.15710022,0.9151903
19473,19.473,0.14842217,0.94361734
19474,19.474,0.15635236,0.93266803
19475,19.475,0.16428436,0.97216773
19476,19.476,0.176053,0.9380825
19477,19.477,0.17587852,0.9088312
19478,19.478,0.1735504,0.9325701
19479,19.479,0.1728036,0.91762835
19480,19.48,0.15874007,0.8840279
19481,19.481,0.16521578,0.89194834
19482,19.482,0.17388333,0.95905775
19483,19.483,0.17862768,0.9253333
19484,19.484,0.16615085,0.88213193
19485,19.485,0.17687725,0.9000925
19486,19.486,0.17381503,0.9372472
19487,19.487,0.16029066,0.890527
19488,19.488,0.15849726,0.91555834
19489,19.489,0.16080151,0.8786679
19490,19.49,0.16984111,0.8702321
19491,19.491,0.15695406,0.86209285
19492,19.492,0.15950915,0.9100463
19493,19.493,0.14889358,0.8949824
19494,19.494,0.15009004,0.9153339
19495,19.495,0.1432798,0.89367837
19496,19.496,0.16965988,0.89897305
19497,19.497,0.15510306,0.8679674
19498,19.498,0.15178944,0.8870133
19499,19.499,0.14960635,0.9463669
19500,19.5,0.1485067,0.9208625
19501,19.501,0.15040372,0.86684614
19502,19.502,0.17176937,0.89070183
19503,19.503,0.16319954,0.8887277
19504,19.504,0.17159304,0.89832294
19505,19.505,0.16600414,0.90173393
19506,19.506,0.163537,0.9139467
19507,19.507,0.16799,0.907177
19508,19.508,0.17210717,0.9336444
19509,19.509,0.16555765,4.500836
19510,19.51,0.16860856,0.9051855
19511,19.511,0.1680852,0.90184414
19512,19.512,0.18698278,0.92560995
19513,19.513,0.1948356,0.8947254
19514,19.514,0.18454807,0.8941865
19515,19.515,0.17494059,0.93358535
19516,19.516,0.17240256,0.91037816
19517,19.517,0.17144202,0.9094889
19518,19.518,0.14594069,0.91368
19519,19.519,0.15871218,0.95403683
19520,19.52,0.15051945,0.89094657
19521,19.521,0.15813272,0.8535349
19522,19.522,0.1600079,0.8834821
19523,19.523,0.15657571,0.90000606
19524,19.524,0.16026302,0.9094042
19525,19.525,0.16420457,0.8945082
19526,19.526,0.16036087,0.8775514
19527,19.527,0.16526976,0.89738446
19528,19.528,0.16471748,0.8754021
19529,19.529,0.16181877,0.90489334
19530,19.53,0.15273823,0.88617295
19531,19.531,0.16006018,0.8452617
19532,19.532,0.16365246,0.83151495
19533,19.533,0.17129338,0.86519
19534,19.534,0.16209723,0.9214143
19535,19.535,0.14896052,0.86994165
19536,19.536,0.15694152,0.9093743
19537,19.537,0.15046751,0.89013636
19538,19.538,0.14694148,0.93629515
19539,19.539,0.15038571,0.91551477
19540,19.54,0.14493935,0.9233722
19541,19.541,0.14501446,0.9365329
19542,19.542,0.16393119,0.9440671
19543,19.543,0.16072573,0.9458416
19544,19.544,0.16640653,0.900227
19545,19.545,0.17276122,0.94448674
19546,19.546,0.17262083,0.93106425
19547,19.547,0.1611123,0.88075686
19548,19.548,0.16305736,0.95153195
19549,19.549,0.1476891,0.90039474
19550,19.55,0.13729313,0.94508296
19551,19.551,0.14808185,0.9451229
19552,19.552,0.15053251,0.94204104
19553,19.553,0.14312169,0.9136361
19554,19.554,0.14154518,0.9228128
19555,19.555,0.13244973,0.9350416
19556,19.556,0.14787646,0.94163054
19557,19.557,0.14781111,0.9234754
19558,19.558,0.15770335,0.9276624
19559,19.559,0.1556013,0.94544286
19560,19.56,0.1639676,0.8921036
19561,19.561,0.15555146,0.91756344
19562,19.562,0.15767254,0.87798184
19563,19.563,0.16212797,0.9287749
19564,19.564,0.1841519,0.868433
19565,19.565,0.1636299,0.87091106
19566,19.566,0.15664957,0.89256614
19567,19.567,0.1530107,0.95253646
19568,19.568,0.1640445,0.99016273
19569,19.569,0.17152347,0.9471727
19570,19.57,0.15354978,0.9786077
19571,19.571,0.16119324,0.9073152
19572,19.572,0.15716599,0.8891549
19573,19.573,0.15018879,0.8949961
19574,19.574,0.14832845,0.9202761
19575,19.575,0.15190533,0.93796605
19576,19.576,0.1544021,0.9415468
19577,19.577,0.14293629,0.9077009
19578,19.578,0.1471231,0.9045643
19579,19.579,0.1444678,0.9137526
19580,19.58,0.13959302,0.9142992
19581,19.581,0.13200536,0.91269815
19582,19.582,0.14774533,0.87744427
19583,19.583,0.15051167,0.8924093
19584,19.584,0.16477986,0.8906112
19585,19.585,0.14472695,0.8864433
19586,19.586,0.14095232,0.9432796
19587,19.587,0.13451566,0.88254374
19588,19.588,0.13447815,0.8587658
19589,19.589,0.14062457,0.94035214
19590,19.59,0.14565794,0.9092671
19591,19.591,0.1419068,0.907204
19592,19.592,0.14397891,0.9293338
19593,19.593,0.14177755,0.94441473
19594,19.594,0.14555992,0.94822806
19595,19.595,0.1742626,0.92838085
19596,19.596,0.16136833,0.89550877
19597,19.597,0.17223725,0.8884116
19598,19.598,0.16333559,0.9349712
19599,19.599,0.15530325,0.9256417
19600,19.6,0.14978637,0.90211433
19601,19.601,0.15709473,0.9310789
19602,19.602,0.1577876,0.9130625
19603,19.603,0.1590603,0.9135845
19604,19.604,0.17786206,0.9335851
19605,19.605,0.17429578,0.9620613
19606,19.606,0.18455206,0.9491626
19607,19.607,0.17964777,0.9519518
19608,19.608,0.17508788,0.90968734
19609,19.609,0.16841176,0.88590014
19610,19.61,0.16898291,0.8524048
19611,19.611,0.17860323,0.8811361
19612,19.612,0.17281285,0.89120907
19613,19.613,0.16596484,0.86430275
19614,19.614,0.16598894,0.8342056
19615,19.615,0.16412024,0.8439777
19616,19.616,0.16673528,0.8790817
19617,19.617,0.17008908,0.89935297
19618,19.618,0.16523625,0.90540487
19619,19.619,0.18078262,0.87236416
19620,19.62,0.17797549,0.8962359
19621,19.621,0.17130344,0.8787794
19622,19.622,0.17634563,0.8749384
19623,19.623,0.19221172,0.91006166
19624,19.624,0.19268169,0.90984195
19625,19.625,0.18452506,0.8967102
19626,19.626,0.18127273,0.8509887
19627,19.627,0.18112841,0.89909154
19628,19.628,0.19368875,0.89871657
19629,19.629,0.16948572,0.8837796
19630,19.63,0.16835512,0.8665279
19631,19.631,0.18089253,0.9110307
19632,19.632,0.17993319,0.8778583
19633,19.633,0.14916317,0.9133704
19634,19.634,0.15304567,0.859951
19635,19.635,0.15680502,0.83049136
19636,19.636,0.17105687,0.8739319
19637,19.637,0.18192968,0.8269606
19638,19.638,0.20668444,0.9044479
19639,19.639,0.20255809,0.8936864
19640,19.64,0.20214273,0.90070534
19641,19.641,0.19857222,0.9459253
19642,19.642,0.20358822,0.93985677
19643,19.643,0.18553196,0.9544543
19644,19.644,0.1854288,0.9516817
19645,19.645,0.19106811,0.9256558
19646,19.646,0.17456914,0.9491946
19647,19.647,0.16799073,0.93259317
19648,19.648,0.17286482,0.9348271
19649,19.649,0.17671056,0.9057904
19650,19.65,0.17860599,0.9282645
19651,19.651,0.16818948,0.86536556
19652,19.652,0.1767182,0.8998592
19653,19.653,0.16407938,0.8914624
19654,19.654,0.16016623,0.93438137
19655,19.655,0.15934011,0.92778164
19656,19.656,0.1722826,0.9760704
19657,19.657,0.15993789,0.9201192
19658,19.658,0.1550237,0.89998436
19659,19.659,0.1542179,0.9021707
19660,19.66,0.15159556,0.9529786
19661,19.661,0.15317306,0.9334882
19662,19.662,0.15764092,0.9422332
19663,19.663,0.16235323,0.9707328
19664,19.664,0.16058365,0.9224915
19665,19.665,0.16302453,0.91224885
19666,19.666,0.15048838,0.9241379
19667,19.667,0.15128557,0.8948695
19668,19.668,0.15572737,0.92607546
19669,19.669,0.13332804,0.9424718
19670,19.67,0.13242093,0.9137961
19671,19.671,0.1417476,0.8980876
19672,19.672,0.13956481,0.90139997
19673,19.673,0.14277089,0.85388833
19674,19.674,0.14678648,0.8731832
19675,19.675,0.13491803,0.8484933
19676,19.676,0.14138599,0.8547656
19677,19.677,0.14131416,0.8051624
19678,19.678,0.14445077,0.86908567
19679,19.679,0.14091435,0.8660741
19680,19.68,0.16067825,0.85801834
19681,19.681,0.15439454,0.87452286
19682,19.682,0.15246971,0.89551306
19683,19.683,0.14963102,0.91784
19684,19.684,0.15730569,0.9259724
19685,19.685,0.13984536,0.89695656
19686,19.686,0.15003346,0.9018514
19687,19.687,0.1324014,0.86781156
19688,19.688,0.1497005,0.88039565
19689,19.689,0.14164902,0.881699
19690,19.69,0.14931571,0.90504694
19691,19.691,0.15059668,0.86758995
19692,19.692,0.15153994,0.87047964
19693,19.693,0.14313114,0.83373255
19694,19.694,0.14185953,0.8823905
19695,19.695,0.13442461,0.891906
19696,19.696,0.13760021,0.90398216
19697,19.697,0.1347889,0.9008704
19698,19.698,0.15250078,0.9404403
19699,19.699,0.15394437,0.90134186
19700,19.7,0.15585454,0.9032018
19701,19.701,0.16290787,0.90076053
19702,19.702,0.16386586,0.9658147
19703,19.703,0.14896464,0.94422996
19704,19.704,0.15200087,0.9004731
19705,19.705,0.16947229,0.9335649
19706,19.706,0.17496239,0.88544565
19707,19.707,0.14536323,0.89719385
19708,19.708,0.15341629,0.87749237
19709,19.709,0.16150287,0.9484257
19710,19.71,0.14748524,0.9123803
19711,19.711,0.15705986,0.90564215
19712,19.712,0.16457847,0.9394335
19713,19.713,0.15678619,0.95407
19714,19.714,0.1581261,0.9206185
19715,19.715,0.1568168,0.88972497
19716,19.716,0.14075314,0.9236375
19717,19.717,0.14521587,0.943899
19718,19.718,0.14156257,0.9501256
19719,19.719,0.15441845,0.9505556
19720,19.72,0.1519365,0.9569752
19721,19.721,0.16008939,0.9520457
19722,19.722,0.14740387,0.9265936
19723,19.723,0.14408143,0.91910774
19724,19.724,0.14943145,0.90299803
19725,19.725,0.15482076,0.93514526
19726,19.726,0.1545045,0.9746077
19727,19.727,0.13679793,0.93739676
19728,19.728,0.13925456,0.95380515
19729,19.729,0.14557767,0.9443321
19730,19.73,0.1523183,0.9723235
19731,19.731,0.1496117,0.9285962
19732,19.732,0.15126035,0.90166366
19733,19.733,0.14909427,0.8779223
19734,19.734,0.15451364,0.92552793
19735,19.735,0.16046368,0.9508693
19736,19.736,0.15914616,0.9396542
19737,19.737,0.16057867,0.93728614
19738,19.738,0.16492355,0.93090963
19739,19.739,0.1485941,0.8933228
19740,19.74,0.13833115,0.9195701
19741,19.741,0.14637218,0.96200126
19742,19.742,0.16569065,0.8985939
19743,19.743,0.1587738,0.9503663
19744,19.744,0.15762062,0.8917228
19745,19.745,0.1669252,0.9077377
19746,19.746,0.16766737,0.8613804
19747,19.747,0.17157906,0.9294211
19748,19.748,0.1633224,0.94951016
19749,19.749,0.1617115,0.9337513
19750,19.75,0.16181459,0.93778956
19751,19.751,0.14825003,0.9508603
19752,19.752,0.13152908,0.9656786
19753,19.753,0.1480806,0.93417674
19754,19.754,0.14460444,0.94116634
19755,19.755,0.13059486,0.91265005
19756,19.756,0.14206454,0.9273964
19757,19.757,0.13860841,0.899778
19758,19.758,0.13639976,0.8650818
19759,19.759,0.14272866,0.9255555
19760,19.76,0.14686568,0.953338
19761,19.761,0.13097875,0.90468407
19762,19.762,0.1422701,0.9305007
19763,19.763,0.15205592,0.95937604
19764,19.764,0.152991,0.9431732
19765,19.765,0.13841207,0.92510206
19766,19.766,0.14636083,0.96610796
19767,19.767,0.13452297,0.93366086
19768,19.768,0.1376266,0.9514146
19769,19.769,0.15552337,0.93773955
19770,19.77,0.1577217,0.9220165
19771,19.771,0.1661075,0.9397263
19772,19.772,0.16392781,0.90222174
19773,19.773,0.15822296,0.92641187
19774,19.774,0.14518958,0.94572735
19775,19.775,0.15520537,0.97638994
19776,19.776,0.15543076,0.8385725
19777,19.777,0.15795986,0.8705184
19778,19.778,0.15820818,0.8553982
19779,19.779,0.15812533,0.85354275
19780,19.78,0.14606543,0.84190744
19781,19.781,0.15943894,0.84517753
19782,19.782,0.14917348,0.86519694
19783,19.783,0.15508442,0.9069905
19784,19.784,0.15958203,0.87252873
19785,19.785,0.14574917,0.88143474
19786,19.786,0.13854492,0.8929619
19787,19.787,0.14399429,0.8606237
19788,19.788,0.13622598,0.86921555
19789,19.789,0.13862972,0.86001134
19790,19.79,0.14124972,0.8768953
19791,19.791,0.1573405,0.8704493
19792,19.792,0.14970297,0.85152805
19793,19.793,0.14148256,0.8580845
19794,19.794,0.15710022,0.83862317
19795,19.795,0.15470864,0.8962346
19796,19.796,0.14914873,0.85509557
19797,19.797,0.15278253,0.85248727
19798,19.798,0.15532346,0.8509051
19799,19.799,0.16169097,0.9066115
19800,19.8,0.1513429,0.8988773
19801,19.801,0.14366318,0.9186604
19802,19.802,0.15705752,0.92602044
19803,19.803,0.16558069,0.91702014
19804,19.804,0.15977624,0.9274384
19805,19.805,0.17084667,0.9295781
19806,19.806,0.16668287,0.95292914
19807,19.807,0.17140828,0.9614938
19808,19.808,0.15852404,0.94347847
19809,19.809,0.16367841,0.9354174
19810,19.81,0.15036403,0.9474838
19811,19.811,0.14975433,0.9615854
19812,19.812,0.14385408,0.93023616
19813,19.813,0.14715196,0.92414635
19814,19.814,0.1563126,0.9481894
19815,19.815,0.16589476,0.91746193
19816,19.816,0.15911251,0.94163287
19817,19.817,0.1549014,0.9654209
19818,19.818,0.16202244,0.9617859
19819,19.819,0.1480245,0.92612654
19820,19.82,0.1433326,0.91532934
19821,19.821,0.14748482,0.9446498
19822,19.822,0.15994328,0.9211702
19823,19.823,0.15955041,0.93349224
19824,19.824,0.15001172,0.87203497
19825,19.825,0.14844371,0.92806184
19826,19.826,0.14938617,0.9589661
19827,19.827,0.15517801,0.9419291
19828,19.828,0.15272614,0.90309834
19829,19.829,0.15853491,0.87953395
19830,19.83,0.15779306,0.8986325
19831,19.831,0.15791857,0.8934279
19832,19.832,0.1512937,0.91256195
19833,19.833,0.1576374,0.92890453
19834,19.834,0.15726265,0.92196083
19835,19.835,0.15295841,0.91104025
19836,19.836,0.15012652,0.94745964
19837,19.837,0.1483832,0.9109898
19838,19.838,0.14236392,0.97842795
19839,19.839,0.14780112,0.94423825
19840,19.84,0.14266182,0.9086257
19841,19.841,0.16034861,0.9112095
19842,19.842,0.15810432,0.94650793
19843,19.843,0.15069552,0.9388713
19844,19.844,0.15609084,0.9556722
19845,19.845,0.15509592,0.92879605
19846,19.846,0.15048347,0.9304124
19847,19.847,0.14766493,0.8832448
19848,19.848,0.15321925,0.9017506
19849,19.849,0.16830431,0.8730318
19850,19.85,0.16119476,0.9135892
19851,19.851,0.1487894,0.9858928
19852,19.852,0.14326692,0.94473267
19853,19.853,0.14438175,0.8860341
19854,19.854,0.14571835,0.89945626
19855,19.855,0.15181862,0.91770095
19856,19.856,0.15469591,0.9206148
19857,19.857,0.16948499,0.9094429
19858,19.858,0.164076,0.8681914
19859,19.859,0.16692889,0.9083119
19860,19.86,0.1583489,0.9127502
19861,19.861,0.16835585,0.91136324
19862,19.862,0.14967255,0.87438923
19863,19.863,0.1671477,0.9132234
19864,19.864,0.17398944,0.88772815
19865,19.865,0.15800698,0.90054524
19866,19.866,0.15856557,0.92418104
19867,19.867,0.15382601,0.9251804
19868,19.868,0.1526266,0.9203943
19869,19.869,0.15879549,0.91298676
19870,19.87,0.16032596,0.95400846
19871,19.871,0.16218792,0.9125192
19872,19.872,0.16705786,0.91953814
19873,19.873,0.16828933,0.92680144
19874,19.874,0.16807677,0.9278385
19875,19.875,0.15497845,0.916707
19876,19.876,0.16893229,0.9345048
19877,19.877,0.1682235,0.949562
19878,19.878,0.16625561,0.9094924
19879,19.879,0.15635313,0.93223447
19880,19.88,0.15172294,0.9380077
19881,19.881,0.15371318,0.8938881
19882,19.882,0.14424276,0.8793106
19883,19.883,0.15314293,0.9314826
19884,19.884,0.16556583,0.90063584
19885,19.885,0.15414008,0.93984723
19886,19.886,0.15332964,0.918325
19887,19.887,0.15508203,0.91530377
19888,19.888,0.15665585,0.9128653
19889,19.889,0.16901459,0.9016461
19890,19.89,0.17492898,0.90448976
19891,19.891,0.18032087,0.9077006
19892,19.892,0.17672622,0.91059375
19893,19.893,0.16985089,0.9028217
19894,19.894,0.1810761,0.8998854
19895,19.895,0.154843,0.89662457
19896,19.896,0.16161408,0.9532327
19897,19.897,0.1737481,0.95039093
19898,19.898,0.17961626,0.93662584
19899,19.899,0.16081682,0.9277073
19900,19.9,0.17459382,0.91721725
19901,19.901,0.16749078,0.9369572
19902,19.902,0.18272808,0.9151831
19903,19.903,0.18511862,0.921065
19904,19.904,0.18255526,0.95838827
19905,19.905,0.18375018,0.9160704
19906,19.906,0.19653192,0.90083015
19907,19.907,0.18484788,0.8980603
19908,19.908,0.16981068,0.9306438
19909,19.909,0.1793849,0.927946
19910,19.91,0.18451405,0.9415255
19911,19.911,0.16956666,0.94993377
19912,19.912,0.17506856,0.9279616
19913,19.913,0.17651059,0.92255086
19914,19.914,0.17421068,0.94188696
19915,19.915,0.1808255,0.92371833
19916,19.916,0.1829411,0.8967469
19917,19.917,0.19002676,0.91105694
19918,19.918,0.19348726,0.90194523
19919,19.919,0.17973304,0.88803536
19920,19.92,0.18329692,0.9517797
19921,19.921,0.18425176,0.9143824
19922,19.922,0.19389798,0.94441646
19923,19.923,0.18973611,0.92412853
19924,19.924,0.1846084,0.91679037
19925,19.925,0.18370365,0.9282555
19926,19.926,0.18516149,0.91293097
19927,19.927,0.17668861,0.9009133
19928,19.928,0.17712128,0.9061996
19929,19.929,0.17724247,0.91527
19930,19.93,0.17790426,0.91158825
19931,19.931,0.18777348,0.8848855
19932,19.932,0.17418313,0.90584165
19933,19.933,0.17433073,0.90912265
19934,19.934,0.1804839,0.8900969
19935,19.935,0.17691794,0.89841807
19936,19.936,0.17978986,0.9087614
19937,19.937,0.18519405,0.8974669
19938,19.938,0.18947554,0.9302706
19939,19.939,0.18347877,0.9537392
19940,19.94,0.19495273,0.9287322
19941,19.941,0.1860618,0.93421227
19942,19.942,0.17932178,0.91121006
19943,19.943,0.18662575,0.9343044
19944,19.944,0.17962654,0.9159513
19945,19.945,0.18663497,0.8968385
19946,19.946,0.18789303,0.86657536
19947,19.947,0.17539932,0.90057623
19948,19.948,0.16825569,0.89761657
19949,19.949,0.1906571,0.93063897
19950,19.95,0.1809408,0.91969424
19951,19.951,0.17370985,0.9088234
19952,19.952,0.18300635,0.9210313
19953,19.953,0.18163791,0.9410498
19954,19.954,0.17854741,0.91560775
19955,19.955,0.19042331,0.9182255
19956,19.956,0.18272708,0.9198518
19957,19.957,0.19237521,0.92729914
19958,19.958,0.17353551,0.8854067
19959,19.959,0.17326868,0.8933691
19960,19.96,0.16965626,0.9143945
19961,19.961,0.17836158,0.89623445
19962,19.962,0.16948898,0.893172
19963,19.963,0.18602477,0.8878897
19964,19.964,0.185647,0.9224464
19965,19.965,0.20081525,0.9613485
19966,19.966,0.17617702,0.94878256
19967,19.967,0.18223345,0.958642
19968,19.968,0.18327779,0.9533775
19969,19.969,0.19022028,0.9171168
19970,19.97,0.19822893,0.95800966
19971,19.971,0.17978814,0.930308
19972,19.972,0.19609219,0.9310589
19973,19.973,0.17811614,0.9492304
19974,19.974,0.17319125,0.8981928
19975,19.975,0.17905016,0.93127257
19976,19.976,0.1852256,0.92123973
19977,19.977,0.18498363,0.94337314
19978,19.978,0.17436142,0.9204106
19979,19.979,0.18088606,0.90999806
19980,19.98,0.18666004,0.95372546
19981,19.981,0.1696403,0.94126326
19982,19.982,0.17230974,0.9267373
19983,19.983,0.17419055,0.9269579
19984,19.984,0.16849248,0.9716354
19985,19.985,0.17656669,0.9355378
19986,19.986,0.17707334,0.9055207
19987,19.987,0.17821042,0.92860895
19988,19.988,0.18725964,0.91665256
19989,19.989,0.16723637,0.92319554
19990,19.99,0.18465638,0.94033676
19991,19.991,0.18887645,0.9384284
19992,19.992,0.18261322,0.9533815
19993,19.993,0.17916627,0.9032694
19994,19.994,0.19279246,0.9120973
19995,19.995,0.18967545,0.9258053
19996,19.996,0.18180348,0.9761066
19997,19.997,0.18174763,0.9515621
19998,19.998,0.17451486,0.9119176
19999,19.999,0.19457015,1.0197017
